 0.00000000e+00  1.97109849e+00 
 1.00000000e-11  1.97109849e+00 
 2.00000000e-11  1.97109849e+00 
 4.00000000e-11  1.97109849e+00 
 8.00000000e-11  1.97109849e+00 
 1.60000000e-10  1.97109849e+00 
 3.20000000e-10  1.97109849e+00 
 6.40000000e-10  1.97109849e+00 
 1.28000000e-09  1.97109849e+00 
 2.28000000e-09  1.97109849e+00 
 3.28000000e-09  1.97109849e+00 
 4.28000000e-09  1.97109849e+00 
 5.28000000e-09  1.97109849e+00 
 6.28000000e-09  1.97109849e+00 
 7.28000000e-09  1.97109849e+00 
 8.28000000e-09  1.97109849e+00 
 9.28000000e-09  1.97109849e+00 
 1.02800000e-08  1.97109849e+00 
 1.12800000e-08  1.97109849e+00 
 1.22800000e-08  1.97109849e+00 
 1.32800000e-08  1.97109849e+00 
 1.42800000e-08  1.97109849e+00 
 1.52800000e-08  1.97109849e+00 
 1.62800000e-08  1.97109849e+00 
 1.72800000e-08  1.97109849e+00 
 1.82800000e-08  1.97109849e+00 
 1.92800000e-08  1.97109849e+00 
 2.02800000e-08  1.97109849e+00 
 2.12800000e-08  1.97109849e+00 
 2.22800000e-08  1.97109849e+00 
 2.32800000e-08  1.97109849e+00 
 2.42800000e-08  1.97109849e+00 
 2.52800000e-08  1.97109849e+00 
 2.62800000e-08  1.97109849e+00 
 2.72800000e-08  1.97109849e+00 
 2.82800000e-08  1.97109849e+00 
 2.92800000e-08  1.97109849e+00 
 3.02800000e-08  1.97109849e+00 
 3.12800000e-08  1.97109849e+00 
 3.22800000e-08  1.97109849e+00 
 3.32800000e-08  1.97109849e+00 
 3.42800000e-08  1.97109849e+00 
 3.52800000e-08  1.97109849e+00 
 3.62800000e-08  1.97109849e+00 
 3.72800000e-08  1.97109849e+00 
 3.82800000e-08  1.97109849e+00 
 3.92800000e-08  1.97109849e+00 
 4.02800000e-08  1.97109849e+00 
 4.12800000e-08  1.97109849e+00 
 4.22800000e-08  1.97109849e+00 
 4.32800000e-08  1.97109849e+00 
 4.42800000e-08  1.97109849e+00 
 4.52800000e-08  1.97109849e+00 
 4.62800000e-08  1.97109849e+00 
 4.72800000e-08  1.97109849e+00 
 4.82800000e-08  1.97109849e+00 
 4.92800000e-08  1.97109849e+00 
 5.02800000e-08  1.97109849e+00 
 5.12800000e-08  1.97109849e+00 
 5.22800000e-08  1.97109849e+00 
 5.32800000e-08  1.97109849e+00 
 5.42800000e-08  1.97109849e+00 
 5.52800000e-08  1.97109849e+00 
 5.62800000e-08  1.97109849e+00 
 5.72800000e-08  1.97109849e+00 
 5.82800000e-08  1.97109849e+00 
 5.92800000e-08  1.97109849e+00 
 6.02800000e-08  1.97109849e+00 
 6.12800000e-08  1.97109849e+00 
 6.22800000e-08  1.97109849e+00 
 6.32800000e-08  1.97109849e+00 
 6.42800000e-08  1.97109849e+00 
 6.52800000e-08  1.97109849e+00 
 6.62800000e-08  1.97109849e+00 
 6.72800000e-08  1.97109849e+00 
 6.82800000e-08  1.97109849e+00 
 6.92800000e-08  1.97109849e+00 
 7.02800000e-08  1.97109849e+00 
 7.12800000e-08  1.97109849e+00 
 7.22800000e-08  1.97109849e+00 
 7.32800000e-08  1.97109849e+00 
 7.42800000e-08  1.97109849e+00 
 7.52800000e-08  1.97109849e+00 
 7.62800000e-08  1.97109849e+00 
 7.72800000e-08  1.97109849e+00 
 7.82800000e-08  1.97109849e+00 
 7.92800000e-08  1.97109849e+00 
 8.02800000e-08  1.97109849e+00 
 8.12800000e-08  1.97109849e+00 
 8.22800000e-08  1.97109849e+00 
 8.32800000e-08  1.97109849e+00 
 8.42800000e-08  1.97109849e+00 
 8.52800000e-08  1.97109849e+00 
 8.62800000e-08  1.97109849e+00 
 8.72800000e-08  1.97109849e+00 
 8.82800000e-08  1.97109849e+00 
 8.92800000e-08  1.97109849e+00 
 9.02800000e-08  1.97109849e+00 
 9.12800000e-08  1.97109849e+00 
 9.22800000e-08  1.97109849e+00 
 9.32800000e-08  1.97109849e+00 
 9.42800000e-08  1.97109849e+00 
 9.52800000e-08  1.97109849e+00 
 9.62800000e-08  1.97109849e+00 
 9.72800000e-08  1.97109849e+00 
 9.82800000e-08  1.97109849e+00 
 9.92800000e-08  1.97109849e+00 
 1.00280000e-07  1.97109849e+00 
 1.01280000e-07  1.97109849e+00 
 1.02280000e-07  1.97109849e+00 
 1.03280000e-07  1.97109849e+00 
 1.04280000e-07  1.97109849e+00 
 1.05280000e-07  1.97109849e+00 
 1.06280000e-07  1.97109849e+00 
 1.07280000e-07  1.97109849e+00 
 1.08280000e-07  1.97109849e+00 
 1.09280000e-07  1.97109849e+00 
 1.10280000e-07  1.97109849e+00 
 1.11280000e-07  1.97109849e+00 
 1.12280000e-07  1.97109849e+00 
 1.13280000e-07  1.97109849e+00 
 1.14280000e-07  1.97109849e+00 
 1.15280000e-07  1.97109849e+00 
 1.16280000e-07  1.97109849e+00 
 1.17280000e-07  1.97109849e+00 
 1.18280000e-07  1.97109849e+00 
 1.19280000e-07  1.97109849e+00 
 1.20280000e-07  1.97109849e+00 
 1.21280000e-07  1.97109849e+00 
 1.22280000e-07  1.97109849e+00 
 1.23280000e-07  1.97109849e+00 
 1.24280000e-07  1.97109849e+00 
 1.25280000e-07  1.97109849e+00 
 1.26280000e-07  1.97109849e+00 
 1.27280000e-07  1.97109849e+00 
 1.28280000e-07  1.97109849e+00 
 1.29280000e-07  1.97109849e+00 
 1.30280000e-07  1.97109849e+00 
 1.31280000e-07  1.97109849e+00 
 1.32280000e-07  1.97109849e+00 
 1.33280000e-07  1.97109849e+00 
 1.34280000e-07  1.97109849e+00 
 1.35280000e-07  1.97109849e+00 
 1.36280000e-07  1.97109849e+00 
 1.37280000e-07  1.97109849e+00 
 1.38280000e-07  1.97109849e+00 
 1.39280000e-07  1.97109849e+00 
 1.40280000e-07  1.97109849e+00 
 1.41280000e-07  1.97109849e+00 
 1.42280000e-07  1.97109849e+00 
 1.43280000e-07  1.97109849e+00 
 1.44280000e-07  1.97109849e+00 
 1.45280000e-07  1.97109849e+00 
 1.46280000e-07  1.97109849e+00 
 1.47280000e-07  1.97109849e+00 
 1.48280000e-07  1.97109849e+00 
 1.49280000e-07  1.97109849e+00 
 1.50280000e-07  1.97109849e+00 
 1.51280000e-07  1.97109849e+00 
 1.52280000e-07  1.97109849e+00 
 1.53280000e-07  1.97109849e+00 
 1.54280000e-07  1.97109849e+00 
 1.55280000e-07  1.97109849e+00 
 1.56280000e-07  1.97109849e+00 
 1.57280000e-07  1.97109849e+00 
 1.58280000e-07  1.97109849e+00 
 1.59280000e-07  1.97109849e+00 
 1.60280000e-07  1.97109849e+00 
 1.61280000e-07  1.97109849e+00 
 1.62280000e-07  1.97109849e+00 
 1.63280000e-07  1.97109849e+00 
 1.64280000e-07  1.97109849e+00 
 1.65280000e-07  1.97109849e+00 
 1.66280000e-07  1.97109849e+00 
 1.67280000e-07  1.97109849e+00 
 1.68280000e-07  1.97109849e+00 
 1.69280000e-07  1.97109849e+00 
 1.70280000e-07  1.97109849e+00 
 1.71280000e-07  1.97109849e+00 
 1.72280000e-07  1.97109849e+00 
 1.73280000e-07  1.97109849e+00 
 1.74280000e-07  1.97109849e+00 
 1.75280000e-07  1.97109849e+00 
 1.76280000e-07  1.97109849e+00 
 1.77280000e-07  1.97109849e+00 
 1.78280000e-07  1.97109849e+00 
 1.79280000e-07  1.97109849e+00 
 1.80280000e-07  1.97109849e+00 
 1.81280000e-07  1.97109849e+00 
 1.82280000e-07  1.97109849e+00 
 1.83280000e-07  1.97109849e+00 
 1.84280000e-07  1.97109849e+00 
 1.85280000e-07  1.97109849e+00 
 1.86280000e-07  1.97109849e+00 
 1.87280000e-07  1.97109849e+00 
 1.88280000e-07  1.97109849e+00 
 1.89280000e-07  1.97109849e+00 
 1.90280000e-07  1.97109849e+00 
 1.91280000e-07  1.97109849e+00 
 1.92280000e-07  1.97109849e+00 
 1.93280000e-07  1.97109849e+00 
 1.94280000e-07  1.97109849e+00 
 1.95280000e-07  1.97109849e+00 
 1.96280000e-07  1.97109849e+00 
 1.97280000e-07  1.97109849e+00 
 1.98280000e-07  1.97109849e+00 
 1.99280000e-07  1.97109849e+00 
 2.00280000e-07  1.97109849e+00 
 2.01280000e-07  1.97109849e+00 
 2.02280000e-07  1.97109849e+00 
 2.03280000e-07  1.97109849e+00 
 2.04280000e-07  1.97109849e+00 
 2.05280000e-07  1.97109849e+00 
 2.06280000e-07  1.97109849e+00 
 2.07280000e-07  1.97109849e+00 
 2.08280000e-07  1.97109849e+00 
 2.09280000e-07  1.97109849e+00 
 2.10280000e-07  1.97109849e+00 
 2.11280000e-07  1.97109849e+00 
 2.12280000e-07  1.97109849e+00 
 2.13280000e-07  1.97109849e+00 
 2.14280000e-07  1.97109849e+00 
 2.15280000e-07  1.97109849e+00 
 2.16280000e-07  1.97109849e+00 
 2.17280000e-07  1.97109849e+00 
 2.18280000e-07  1.97109849e+00 
 2.19280000e-07  1.97109849e+00 
 2.20280000e-07  1.97109849e+00 
 2.21280000e-07  1.97109849e+00 
 2.22280000e-07  1.97109849e+00 
 2.23280000e-07  1.97109849e+00 
 2.24280000e-07  1.97109849e+00 
 2.25280000e-07  1.97109849e+00 
 2.26280000e-07  1.97109849e+00 
 2.27280000e-07  1.97109849e+00 
 2.28280000e-07  1.97109849e+00 
 2.29280000e-07  1.97109849e+00 
 2.30280000e-07  1.97109849e+00 
 2.31280000e-07  1.97109849e+00 
 2.32280000e-07  1.97109849e+00 
 2.33280000e-07  1.97109849e+00 
 2.34280000e-07  1.97109849e+00 
 2.35280000e-07  1.97109849e+00 
 2.36280000e-07  1.97109849e+00 
 2.37280000e-07  1.97109849e+00 
 2.38280000e-07  1.97109849e+00 
 2.39280000e-07  1.97109849e+00 
 2.40280000e-07  1.97109849e+00 
 2.41280000e-07  1.97109849e+00 
 2.42280000e-07  1.97109849e+00 
 2.43280000e-07  1.97109849e+00 
 2.44280000e-07  1.97109849e+00 
 2.45280000e-07  1.97109849e+00 
 2.46280000e-07  1.97109849e+00 
 2.47280000e-07  1.97109849e+00 
 2.48280000e-07  1.97109849e+00 
 2.49280000e-07  1.97109849e+00 
 2.50280000e-07  1.97109849e+00 
 2.51280000e-07  1.97109849e+00 
 2.52280000e-07  1.97109849e+00 
 2.53280000e-07  1.97109849e+00 
 2.54280000e-07  1.97109849e+00 
 2.55280000e-07  1.97109849e+00 
 2.56280000e-07  1.97109849e+00 
 2.57280000e-07  1.97109849e+00 
 2.58280000e-07  1.97109849e+00 
 2.59280000e-07  1.97109849e+00 
 2.60280000e-07  1.97109849e+00 
 2.61280000e-07  1.97109849e+00 
 2.62280000e-07  1.97109849e+00 
 2.63280000e-07  1.97109849e+00 
 2.64280000e-07  1.97109849e+00 
 2.65280000e-07  1.97109849e+00 
 2.66280000e-07  1.97109849e+00 
 2.67280000e-07  1.97109849e+00 
 2.68280000e-07  1.97109849e+00 
 2.69280000e-07  1.97109849e+00 
 2.70280000e-07  1.97109849e+00 
 2.71280000e-07  1.97109849e+00 
 2.72280000e-07  1.97109849e+00 
 2.73280000e-07  1.97109849e+00 
 2.74280000e-07  1.97109849e+00 
 2.75280000e-07  1.97109849e+00 
 2.76280000e-07  1.97109849e+00 
 2.77280000e-07  1.97109849e+00 
 2.78280000e-07  1.97109849e+00 
 2.79280000e-07  1.97109849e+00 
 2.80280000e-07  1.97109849e+00 
 2.81280000e-07  1.97109849e+00 
 2.82280000e-07  1.97109849e+00 
 2.83280000e-07  1.97109849e+00 
 2.84280000e-07  1.97109849e+00 
 2.85280000e-07  1.97109849e+00 
 2.86280000e-07  1.97109849e+00 
 2.87280000e-07  1.97109849e+00 
 2.88280000e-07  1.97109849e+00 
 2.89280000e-07  1.97109849e+00 
 2.90280000e-07  1.97109849e+00 
 2.91280000e-07  1.97109849e+00 
 2.92280000e-07  1.97109849e+00 
 2.93280000e-07  1.97109849e+00 
 2.94280000e-07  1.97109849e+00 
 2.95280000e-07  1.97109849e+00 
 2.96280000e-07  1.97109849e+00 
 2.97280000e-07  1.97109849e+00 
 2.98280000e-07  1.97109849e+00 
 2.99280000e-07  1.97109849e+00 
 3.00280000e-07  1.97109849e+00 
 3.01280000e-07  1.97109849e+00 
 3.02280000e-07  1.97109849e+00 
 3.03280000e-07  1.97109849e+00 
 3.04280000e-07  1.97109849e+00 
 3.05280000e-07  1.97109849e+00 
 3.06280000e-07  1.97109849e+00 
 3.07280000e-07  1.97109849e+00 
 3.08280000e-07  1.97109849e+00 
 3.09280000e-07  1.97109849e+00 
 3.10280000e-07  1.97109849e+00 
 3.11280000e-07  1.97109849e+00 
 3.12280000e-07  1.97109849e+00 
 3.13280000e-07  1.97109849e+00 
 3.14280000e-07  1.97109849e+00 
 3.15280000e-07  1.97109849e+00 
 3.16280000e-07  1.97109849e+00 
 3.17280000e-07  1.97109849e+00 
 3.18280000e-07  1.97109849e+00 
 3.19280000e-07  1.97109849e+00 
 3.20280000e-07  1.97109849e+00 
 3.21280000e-07  1.97109849e+00 
 3.22280000e-07  1.97109849e+00 
 3.23280000e-07  1.97109849e+00 
 3.24280000e-07  1.97109849e+00 
 3.25280000e-07  1.97109849e+00 
 3.26280000e-07  1.97109849e+00 
 3.27280000e-07  1.97109849e+00 
 3.28280000e-07  1.97109849e+00 
 3.29280000e-07  1.97109849e+00 
 3.30280000e-07  1.97109849e+00 
 3.31280000e-07  1.97109849e+00 
 3.32280000e-07  1.97109849e+00 
 3.33280000e-07  1.97109849e+00 
 3.34280000e-07  1.97109849e+00 
 3.35280000e-07  1.97109849e+00 
 3.36280000e-07  1.97109849e+00 
 3.37280000e-07  1.97109849e+00 
 3.38280000e-07  1.97109849e+00 
 3.39280000e-07  1.97109849e+00 
 3.40280000e-07  1.97109849e+00 
 3.41280000e-07  1.97109849e+00 
 3.42280000e-07  1.97109849e+00 
 3.43280000e-07  1.97109849e+00 
 3.44280000e-07  1.97109849e+00 
 3.45280000e-07  1.97109849e+00 
 3.46280000e-07  1.97109849e+00 
 3.47280000e-07  1.97109849e+00 
 3.48280000e-07  1.97109849e+00 
 3.49280000e-07  1.97109849e+00 
 3.50280000e-07  1.97109849e+00 
 3.51280000e-07  1.97109849e+00 
 3.52280000e-07  1.97109849e+00 
 3.53280000e-07  1.97109849e+00 
 3.54280000e-07  1.97109849e+00 
 3.55280000e-07  1.97109849e+00 
 3.56280000e-07  1.97109849e+00 
 3.57280000e-07  1.97109849e+00 
 3.58280000e-07  1.97109849e+00 
 3.59280000e-07  1.97109849e+00 
 3.60280000e-07  1.97109849e+00 
 3.61280000e-07  1.97109849e+00 
 3.62280000e-07  1.97109849e+00 
 3.63280000e-07  1.97109849e+00 
 3.64280000e-07  1.97109849e+00 
 3.65280000e-07  1.97109849e+00 
 3.66280000e-07  1.97109849e+00 
 3.67280000e-07  1.97109849e+00 
 3.68280000e-07  1.97109849e+00 
 3.69280000e-07  1.97109849e+00 
 3.70280000e-07  1.97109849e+00 
 3.71280000e-07  1.97109849e+00 
 3.72280000e-07  1.97109849e+00 
 3.73280000e-07  1.97109849e+00 
 3.74280000e-07  1.97109849e+00 
 3.75280000e-07  1.97109849e+00 
 3.76280000e-07  1.97109849e+00 
 3.77280000e-07  1.97109849e+00 
 3.78280000e-07  1.97109849e+00 
 3.79280000e-07  1.97109849e+00 
 3.80280000e-07  1.97109849e+00 
 3.81280000e-07  1.97109849e+00 
 3.82280000e-07  1.97109849e+00 
 3.83280000e-07  1.97109849e+00 
 3.84280000e-07  1.97109849e+00 
 3.85280000e-07  1.97109849e+00 
 3.86280000e-07  1.97109849e+00 
 3.87280000e-07  1.97109849e+00 
 3.88280000e-07  1.97109849e+00 
 3.89280000e-07  1.97109849e+00 
 3.90280000e-07  1.97109849e+00 
 3.91280000e-07  1.97109849e+00 
 3.92280000e-07  1.97109849e+00 
 3.93280000e-07  1.97109849e+00 
 3.94280000e-07  1.97109849e+00 
 3.95280000e-07  1.97109849e+00 
 3.96280000e-07  1.97109849e+00 
 3.97280000e-07  1.97109849e+00 
 3.98280000e-07  1.97109849e+00 
 3.99280000e-07  1.97109849e+00 
 4.00280000e-07  1.97109849e+00 
 4.01280000e-07  1.97109849e+00 
 4.02280000e-07  1.97109849e+00 
 4.03280000e-07  1.97109849e+00 
 4.04280000e-07  1.97109849e+00 
 4.05280000e-07  1.97109849e+00 
 4.06280000e-07  1.97109849e+00 
 4.07280000e-07  1.97109849e+00 
 4.08280000e-07  1.97109849e+00 
 4.09280000e-07  1.97109849e+00 
 4.10280000e-07  1.97109849e+00 
 4.11280000e-07  1.97109849e+00 
 4.12280000e-07  1.97109849e+00 
 4.13280000e-07  1.97109849e+00 
 4.14280000e-07  1.97109849e+00 
 4.15280000e-07  1.97109849e+00 
 4.16280000e-07  1.97109849e+00 
 4.17280000e-07  1.97109849e+00 
 4.18280000e-07  1.97109849e+00 
 4.19280000e-07  1.97109849e+00 
 4.20280000e-07  1.97109849e+00 
 4.21280000e-07  1.97109849e+00 
 4.22280000e-07  1.97109849e+00 
 4.23280000e-07  1.97109849e+00 
 4.24280000e-07  1.97109849e+00 
 4.25280000e-07  1.97109849e+00 
 4.26280000e-07  1.97109849e+00 
 4.27280000e-07  1.97109849e+00 
 4.28280000e-07  1.97109849e+00 
 4.29280000e-07  1.97109849e+00 
 4.30280000e-07  1.97109849e+00 
 4.31280000e-07  1.97109849e+00 
 4.32280000e-07  1.97109849e+00 
 4.33280000e-07  1.97109849e+00 
 4.34280000e-07  1.97109849e+00 
 4.35280000e-07  1.97109849e+00 
 4.36280000e-07  1.97109849e+00 
 4.37280000e-07  1.97109849e+00 
 4.38280000e-07  1.97109849e+00 
 4.39280000e-07  1.97109849e+00 
 4.40280000e-07  1.97109849e+00 
 4.41280000e-07  1.97109849e+00 
 4.42280000e-07  1.97109849e+00 
 4.43280000e-07  1.97109849e+00 
 4.44280000e-07  1.97109849e+00 
 4.45280000e-07  1.97109849e+00 
 4.46280000e-07  1.97109849e+00 
 4.47280000e-07  1.97109849e+00 
 4.48280000e-07  1.97109849e+00 
 4.49280000e-07  1.97109849e+00 
 4.50280000e-07  1.97109849e+00 
 4.51280000e-07  1.97109849e+00 
 4.52280000e-07  1.97109849e+00 
 4.53280000e-07  1.97109849e+00 
 4.54280000e-07  1.97109849e+00 
 4.55280000e-07  1.97109849e+00 
 4.56280000e-07  1.97109849e+00 
 4.57280000e-07  1.97109849e+00 
 4.58280000e-07  1.97109849e+00 
 4.59280000e-07  1.97109849e+00 
 4.60280000e-07  1.97109849e+00 
 4.61280000e-07  1.97109849e+00 
 4.62280000e-07  1.97109849e+00 
 4.63280000e-07  1.97109849e+00 
 4.64280000e-07  1.97109849e+00 
 4.65280000e-07  1.97109849e+00 
 4.66280000e-07  1.97109849e+00 
 4.67280000e-07  1.97109849e+00 
 4.68280000e-07  1.97109849e+00 
 4.69280000e-07  1.97109849e+00 
 4.70280000e-07  1.97109849e+00 
 4.71280000e-07  1.97109849e+00 
 4.72280000e-07  1.97109849e+00 
 4.73280000e-07  1.97109849e+00 
 4.74280000e-07  1.97109849e+00 
 4.75280000e-07  1.97109849e+00 
 4.76280000e-07  1.97109849e+00 
 4.77280000e-07  1.97109849e+00 
 4.78280000e-07  1.97109849e+00 
 4.79280000e-07  1.97109849e+00 
 4.80280000e-07  1.97109849e+00 
 4.81280000e-07  1.97109849e+00 
 4.82280000e-07  1.97109849e+00 
 4.83280000e-07  1.97109849e+00 
 4.84280000e-07  1.97109849e+00 
 4.85280000e-07  1.97109849e+00 
 4.86280000e-07  1.97109849e+00 
 4.87280000e-07  1.97109849e+00 
 4.88280000e-07  1.97109849e+00 
 4.89280000e-07  1.97109849e+00 
 4.90280000e-07  1.97109849e+00 
 4.91280000e-07  1.97109849e+00 
 4.92280000e-07  1.97109849e+00 
 4.93280000e-07  1.97109849e+00 
 4.94280000e-07  1.97109849e+00 
 4.95280000e-07  1.97109849e+00 
 4.96280000e-07  1.97109849e+00 
 4.97280000e-07  1.97109849e+00 
 4.98280000e-07  1.97109849e+00 
 4.99280000e-07  1.97109849e+00 
 5.00000000e-07  1.97109849e+00 
 5.00100000e-07  1.97109842e+00 
 5.00300000e-07  1.97108155e+00 
 5.00700000e-07  1.97095395e+00 
 5.01500000e-07  1.97032975e+00 
 5.02500000e-07  1.96881735e+00 
 5.03500000e-07  1.96643343e+00 
 5.04500000e-07  1.96313307e+00 
 5.05500000e-07  1.95889305e+00 
 5.06500000e-07  1.95371308e+00 
 5.07500000e-07  1.94761700e+00 
 5.08500000e-07  1.94065396e+00 
 5.09500000e-07  1.93289897e+00 
 5.10000000e-07  1.92875114e+00 
 5.10100000e-07  1.92790109e+00 
 5.10300000e-07  1.92620509e+00 
 5.10700000e-07  1.92280525e+00 
 5.11500000e-07  1.91586849e+00 
 5.12500000e-07  1.90691920e+00 
 5.13500000e-07  1.89769412e+00 
 5.14500000e-07  1.88822705e+00 
 5.15500000e-07  1.87854643e+00 
 5.16500000e-07  1.86867691e+00 
 5.17500000e-07  1.85863963e+00 
 5.18500000e-07  1.84845291e+00 
 5.19500000e-07  1.83813262e+00 
 5.20500000e-07  1.82769258e+00 
 5.21500000e-07  1.81714485e+00 
 5.22500000e-07  1.80650001e+00 
 5.23500000e-07  1.79576734e+00 
 5.24500000e-07  1.78495503e+00 
 5.25500000e-07  1.77407031e+00 
 5.26500000e-07  1.76311962e+00 
 5.27500000e-07  1.75210866e+00 
 5.28500000e-07  1.74104253e+00 
 5.29500000e-07  1.72992579e+00 
 5.30500000e-07  1.71876254e+00 
 5.31500000e-07  1.70755645e+00 
 5.32500000e-07  1.69631084e+00 
 5.33500000e-07  1.68502871e+00 
 5.34500000e-07  1.67371278e+00 
 5.35500000e-07  1.66236551e+00 
 5.36500000e-07  1.65098915e+00 
 5.37500000e-07  1.63958575e+00 
 5.38500000e-07  1.62815717e+00 
 5.39500000e-07  1.61670514e+00 
 5.40500000e-07  1.60523122e+00 
 5.41500000e-07  1.59373685e+00 
 5.42500000e-07  1.58222337e+00 
 5.43500000e-07  1.57069200e+00 
 5.44500000e-07  1.55914388e+00 
 5.45500000e-07  1.54758004e+00 
 5.46500000e-07  1.53600147e+00 
 5.47500000e-07  1.52440907e+00 
 5.48500000e-07  1.51280368e+00 
 5.49500000e-07  1.50118607e+00 
 5.50500000e-07  1.48955698e+00 
 5.51500000e-07  1.47791710e+00 
 5.52500000e-07  1.46626705e+00 
 5.53500000e-07  1.45460744e+00 
 5.54500000e-07  1.44293884e+00 
 5.55500000e-07  1.43126178e+00 
 5.56500000e-07  1.41957675e+00 
 5.57500000e-07  1.40788424e+00 
 5.58500000e-07  1.39618470e+00 
 5.59500000e-07  1.38447855e+00 
 5.60500000e-07  1.37276622e+00 
 5.61500000e-07  1.36104809e+00 
 5.62500000e-07  1.34932456e+00 
 5.63500000e-07  1.33759599e+00 
 5.64500000e-07  1.32586276e+00 
 5.65500000e-07  1.31412524e+00 
 5.66500000e-07  1.30238379e+00 
 5.67500000e-07  1.29063878e+00 
 5.68500000e-07  1.27889062e+00 
 5.69500000e-07  1.26713972e+00 
 5.70500000e-07  1.25538654e+00 
 5.71500000e-07  1.24363158e+00 
 5.72500000e-07  1.23187542e+00 
 5.73500000e-07  1.22011874e+00 
 5.74500000e-07  1.20836234e+00 
 5.75500000e-07  1.19660718e+00 
 5.76500000e-07  1.18485440e+00 
 5.77500000e-07  1.17310531e+00 
 5.78500000e-07  1.16136143e+00 
 5.79500000e-07  1.14962446e+00 
 5.80500000e-07  1.13789625e+00 
 5.81500000e-07  1.12617878e+00 
 5.82500000e-07  1.11447416e+00 
 5.83500000e-07  1.10278461e+00 
 5.84500000e-07  1.09111250e+00 
 5.85500000e-07  1.07946029e+00 
 5.86500000e-07  1.06783060e+00 
 5.87500000e-07  1.05622616e+00 
 5.88500000e-07  1.04464985e+00 
 5.89500000e-07  1.03310470e+00 
 5.90500000e-07  1.02159388e+00 
 5.91500000e-07  1.01012073e+00 
 5.92500000e-07  9.98688745e-01 
 5.93500000e-07  9.87301592e-01 
 5.94500000e-07  9.75963118e-01 
 5.95500000e-07  9.64677354e-01 
 5.96500000e-07  9.53448529e-01 
 5.97500000e-07  9.42281066e-01 
 5.98500000e-07  9.31179599e-01 
 5.99500000e-07  9.20148966e-01 
 6.00500000e-07  9.09194218e-01 
 6.01500000e-07  8.98320614e-01 
 6.02500000e-07  8.87533620e-01 
 6.03500000e-07  8.76838901e-01 
 6.04500000e-07  8.66242318e-01 
 6.05500000e-07  8.55749910e-01 
 6.06500000e-07  8.45367887e-01 
 6.07500000e-07  8.35102604e-01 
 6.08500000e-07  8.24960548e-01 
 6.09500000e-07  8.14948307e-01 
 6.10500000e-07  8.05072544e-01 
 6.11500000e-07  7.95339963e-01 
 6.12500000e-07  7.85757274e-01 
 6.13500000e-07  7.76331155e-01 
 6.14500000e-07  7.67068205e-01 
 6.15500000e-07  7.57974902e-01 
 6.16500000e-07  7.49057555e-01 
 6.17500000e-07  7.40322256e-01 
 6.18500000e-07  7.31774832e-01 
 6.19500000e-07  7.23420792e-01 
 6.20500000e-07  7.15265287e-01 
 6.21500000e-07  7.07313056e-01 
 6.22500000e-07  6.99568393e-01 
 6.23500000e-07  6.92035101e-01 
 6.24500000e-07  6.84716461e-01 
 6.25500000e-07  6.77615205e-01 
 6.26500000e-07  6.70733487e-01 
 6.27500000e-07  6.64072875e-01 
 6.28500000e-07  6.57634333e-01 
 6.29500000e-07  6.51418218e-01 
 6.30500000e-07  6.45424288e-01 
 6.31500000e-07  6.39651702e-01 
 6.32500000e-07  6.34099042e-01 
 6.33500000e-07  6.28764331e-01 
 6.34500000e-07  6.23645058e-01 
 6.35500000e-07  6.18738209e-01 
 6.36500000e-07  6.14040300e-01 
 6.37500000e-07  6.09547412e-01 
 6.38500000e-07  6.05255238e-01 
 6.39500000e-07  6.01159114e-01 
 6.40500000e-07  5.97254069e-01 
 6.41500000e-07  5.93534864e-01 
 6.42500000e-07  5.89996034e-01 
 6.43500000e-07  5.86631932e-01 
 6.44500000e-07  5.83436767e-01 
 6.45500000e-07  5.80404643e-01 
 6.46500000e-07  5.77529594e-01 
 6.47500000e-07  5.74805622e-01 
 6.48500000e-07  5.72226725e-01 
 6.49500000e-07  5.69786927e-01 
 6.50500000e-07  5.67480305e-01 
 6.51500000e-07  5.65301011e-01 
 6.52500000e-07  5.63243293e-01 
 6.53500000e-07  5.61301516e-01 
 6.54500000e-07  5.59470172e-01 
 6.55500000e-07  5.57743897e-01 
 6.56500000e-07  5.56117483e-01 
 6.57500000e-07  5.54585882e-01 
 6.58500000e-07  5.53144216e-01 
 6.59500000e-07  5.51787782e-01 
 6.60500000e-07  5.50512054e-01 
 6.61500000e-07  5.49312683e-01 
 6.62500000e-07  5.48185503e-01 
 6.63500000e-07  5.47126524e-01 
 6.64500000e-07  5.46131935e-01 
 6.65500000e-07  5.45198099e-01 
 6.66500000e-07  5.44321550e-01 
 6.67500000e-07  5.43498991e-01 
 6.68500000e-07  5.42727287e-01 
 6.69500000e-07  5.42003462e-01 
 6.70500000e-07  5.41324692e-01 
 6.71500000e-07  5.40688304e-01 
 6.72500000e-07  5.40091765e-01 
 6.73500000e-07  5.39532680e-01 
 6.74500000e-07  5.39008786e-01 
 6.75500000e-07  5.38517944e-01 
 6.76500000e-07  5.38058137e-01 
 6.77500000e-07  5.37627462e-01 
 6.78500000e-07  5.37224125e-01 
 6.79500000e-07  5.36846436e-01 
 6.80500000e-07  5.36492805e-01 
 6.81500000e-07  5.36161732e-01 
 6.82500000e-07  5.35851811e-01 
 6.83500000e-07  5.35561716e-01 
 6.84500000e-07  5.35290201e-01 
 6.85500000e-07  5.35036098e-01 
 6.86500000e-07  5.34798307e-01 
 6.87500000e-07  5.34575797e-01 
 6.88500000e-07  5.34367599e-01 
 6.89500000e-07  5.34172805e-01 
 6.90500000e-07  5.33990561e-01 
 6.91500000e-07  5.33820068e-01 
 6.92500000e-07  5.33660576e-01 
 6.93500000e-07  5.33511382e-01 
 6.94500000e-07  5.33371827e-01 
 6.95500000e-07  5.33241294e-01 
 6.96500000e-07  5.33119203e-01 
 6.97500000e-07  5.33005013e-01 
 6.98500000e-07  5.32898215e-01 
 6.99500000e-07  5.32798335e-01 
 7.00500000e-07  5.32704926e-01 
 7.01500000e-07  5.32617571e-01 
 7.02500000e-07  5.32535881e-01 
 7.03500000e-07  5.32459489e-01 
 7.04500000e-07  5.32388053e-01 
 7.05500000e-07  5.32321253e-01 
 7.06500000e-07  5.32258789e-01 
 7.07500000e-07  5.32200381e-01 
 7.08500000e-07  5.32145766e-01 
 7.09500000e-07  5.32094698e-01 
 7.10500000e-07  5.32046948e-01 
 7.11500000e-07  5.32002301e-01 
 7.12500000e-07  5.31960555e-01 
 7.13500000e-07  5.31921523e-01 
 7.14500000e-07  5.31885028e-01 
 7.15500000e-07  5.31850905e-01 
 7.16500000e-07  5.31819002e-01 
 7.17500000e-07  5.31789173e-01 
 7.18500000e-07  5.31761284e-01 
 7.19500000e-07  5.31735209e-01 
 7.20500000e-07  5.31710830e-01 
 7.21500000e-07  5.31688037e-01 
 7.22500000e-07  5.31666726e-01 
 7.23500000e-07  5.31646802e-01 
 7.24500000e-07  5.31628175e-01 
 7.25500000e-07  5.31610759e-01 
 7.26500000e-07  5.31594477e-01 
 7.27500000e-07  5.31579254e-01 
 7.28500000e-07  5.31565022e-01 
 7.29500000e-07  5.31551716e-01 
 7.30500000e-07  5.31539276e-01 
 7.31500000e-07  5.31527646e-01 
 7.32500000e-07  5.31516773e-01 
 7.33500000e-07  5.31506607e-01 
 7.34500000e-07  5.31497103e-01 
 7.35500000e-07  5.31488218e-01 
 7.36500000e-07  5.31479911e-01 
 7.37500000e-07  5.31472144e-01 
 7.38500000e-07  5.31464884e-01 
 7.39500000e-07  5.31458095e-01 
 7.40500000e-07  5.31451749e-01 
 7.41500000e-07  5.31445816e-01 
 7.42500000e-07  5.31440269e-01 
 7.43500000e-07  5.31435083e-01 
 7.44500000e-07  5.31430235e-01 
 7.45500000e-07  5.31425702e-01 
 7.46500000e-07  5.31421464e-01 
 7.47500000e-07  5.31417503e-01 
 7.48500000e-07  5.31413799e-01 
 7.49500000e-07  5.31410336e-01 
 7.50500000e-07  5.31407098e-01 
 7.51500000e-07  5.31404072e-01 
 7.52500000e-07  5.31401242e-01 
 7.53500000e-07  5.31398597e-01 
 7.54500000e-07  5.31396124e-01 
 7.55500000e-07  5.31393811e-01 
 7.56500000e-07  5.31391650e-01 
 7.57500000e-07  5.31389629e-01 
 7.58500000e-07  5.31387739e-01 
 7.59500000e-07  5.31385973e-01 
 7.60500000e-07  5.31384321e-01 
 7.61500000e-07  5.31382778e-01 
 7.62500000e-07  5.31381334e-01 
 7.63500000e-07  5.31379985e-01 
 7.64500000e-07  5.31378723e-01 
 7.65500000e-07  5.31377544e-01 
 7.66500000e-07  5.31376441e-01 
 7.67500000e-07  5.31375410e-01 
 7.68500000e-07  5.31374446e-01 
 7.69500000e-07  5.31373545e-01 
 7.70500000e-07  5.31372702e-01 
 7.71500000e-07  5.31371915e-01 
 7.72500000e-07  5.31371179e-01 
 7.73500000e-07  5.31370490e-01 
 7.74500000e-07  5.31369847e-01 
 7.75500000e-07  5.31369245e-01 
 7.76500000e-07  5.31368682e-01 
 7.77500000e-07  5.31368156e-01 
 7.78500000e-07  5.31367665e-01 
 7.79500000e-07  5.31367205e-01 
 7.80500000e-07  5.31366775e-01 
 7.81500000e-07  5.31366374e-01 
 7.82500000e-07  5.31365998e-01 
 7.83500000e-07  5.31365647e-01 
 7.84500000e-07  5.31365318e-01 
 7.85500000e-07  5.31365011e-01 
 7.86500000e-07  5.31364724e-01 
 7.87500000e-07  5.31364456e-01 
 7.88500000e-07  5.31364205e-01 
 7.89500000e-07  5.31363971e-01 
 7.90500000e-07  5.31363752e-01 
 7.91500000e-07  5.31363547e-01 
 7.92500000e-07  5.31363355e-01 
 7.93500000e-07  5.31363176e-01 
 7.94500000e-07  5.31363008e-01 
 7.95500000e-07  5.31362852e-01 
 7.96500000e-07  5.31362705e-01 
 7.97500000e-07  5.31362568e-01 
 7.98500000e-07  5.31362441e-01 
 7.99500000e-07  5.31362321e-01 
 8.00500000e-07  5.31362209e-01 
 8.01500000e-07  5.31362104e-01 
 8.02500000e-07  5.31362007e-01 
 8.03500000e-07  5.31361915e-01 
 8.04500000e-07  5.31361830e-01 
 8.05500000e-07  5.31361750e-01 
 8.06500000e-07  5.31361675e-01 
 8.07500000e-07  5.31361605e-01 
 8.08500000e-07  5.31361540e-01 
 8.09500000e-07  5.31361479e-01 
 8.10500000e-07  5.31361422e-01 
 8.11500000e-07  5.31361369e-01 
 8.12500000e-07  5.31361319e-01 
 8.13500000e-07  5.31361272e-01 
 8.14500000e-07  5.31361229e-01 
 8.15500000e-07  5.31361188e-01 
 8.16500000e-07  5.31361150e-01 
 8.17500000e-07  5.31361114e-01 
 8.18500000e-07  5.31361081e-01 
 8.19500000e-07  5.31361050e-01 
 8.20500000e-07  5.31361021e-01 
 8.21500000e-07  5.31360993e-01 
 8.22500000e-07  5.31360968e-01 
 8.23500000e-07  5.31360944e-01 
 8.24500000e-07  5.31360922e-01 
 8.25500000e-07  5.31360901e-01 
 8.26500000e-07  5.31360882e-01 
 8.27500000e-07  5.31360863e-01 
 8.28500000e-07  5.31360847e-01 
 8.29500000e-07  5.31360831e-01 
 8.30500000e-07  5.31360816e-01 
 8.31500000e-07  5.31360802e-01 
 8.32500000e-07  5.31360789e-01 
 8.33500000e-07  5.31360777e-01 
 8.34500000e-07  5.31360765e-01 
 8.35500000e-07  5.31360755e-01 
 8.36500000e-07  5.31360745e-01 
 8.37500000e-07  5.31360736e-01 
 8.38500000e-07  5.31360727e-01 
 8.39500000e-07  5.31360719e-01 
 8.40500000e-07  5.31360711e-01 
 8.41500000e-07  5.31360704e-01 
 8.42500000e-07  5.31360698e-01 
 8.43500000e-07  5.31360691e-01 
 8.44500000e-07  5.31360686e-01 
 8.45500000e-07  5.31360680e-01 
 8.46500000e-07  5.31360675e-01 
 8.47500000e-07  5.31360670e-01 
 8.48500000e-07  5.31360666e-01 
 8.49500000e-07  5.31360662e-01 
 8.50500000e-07  5.31360658e-01 
 8.51500000e-07  5.31360654e-01 
 8.52500000e-07  5.31360651e-01 
 8.53500000e-07  5.31360648e-01 
 8.54500000e-07  5.31360645e-01 
 8.55500000e-07  5.31360642e-01 
 8.56500000e-07  5.31360640e-01 
 8.57500000e-07  5.31360637e-01 
 8.58500000e-07  5.31360635e-01 
 8.59500000e-07  5.31360633e-01 
 8.60500000e-07  5.31360631e-01 
 8.61500000e-07  5.31360629e-01 
 8.62500000e-07  5.31360627e-01 
 8.63500000e-07  5.31360626e-01 
 8.64500000e-07  5.31360624e-01 
 8.65500000e-07  5.31360623e-01 
 8.66500000e-07  5.31360621e-01 
 8.67500000e-07  5.31360620e-01 
 8.68500000e-07  5.31360619e-01 
 8.69500000e-07  5.31360618e-01 
 8.70500000e-07  5.31360617e-01 
 8.71500000e-07  5.31360616e-01 
 8.72500000e-07  5.31360615e-01 
 8.73500000e-07  5.31360614e-01 
 8.74500000e-07  5.31360613e-01 
 8.75500000e-07  5.31360613e-01 
 8.76500000e-07  5.31360612e-01 
 8.77500000e-07  5.31360611e-01 
 8.78500000e-07  5.31360611e-01 
 8.79500000e-07  5.31360610e-01 
 8.80500000e-07  5.31360610e-01 
 8.81500000e-07  5.31360609e-01 
 8.82500000e-07  5.31360609e-01 
 8.83500000e-07  5.31360608e-01 
 8.84500000e-07  5.31360608e-01 
 8.85500000e-07  5.31360608e-01 
 8.86500000e-07  5.31360607e-01 
 8.87500000e-07  5.31360607e-01 
 8.88500000e-07  5.31360607e-01 
 8.89500000e-07  5.31360606e-01 
 8.90500000e-07  5.31360606e-01 
 8.91500000e-07  5.31360606e-01 
 8.92500000e-07  5.31360606e-01 
 8.93500000e-07  5.31360606e-01 
 8.94500000e-07  5.31360605e-01 
 8.95500000e-07  5.31360605e-01 
 8.96500000e-07  5.31360605e-01 
 8.97500000e-07  5.31360605e-01 
 8.98500000e-07  5.31360605e-01 
 8.99500000e-07  5.31360604e-01 
 9.00500000e-07  5.31360604e-01 
 9.01500000e-07  5.31360604e-01 
 9.02500000e-07  5.31360604e-01 
 9.03500000e-07  5.31360604e-01 
 9.04500000e-07  5.31360604e-01 
 9.05500000e-07  5.31360604e-01 
 9.06500000e-07  5.31360604e-01 
 9.07500000e-07  5.31360604e-01 
 9.08500000e-07  5.31360604e-01 
 9.09500000e-07  5.31360603e-01 
 9.10500000e-07  5.31360603e-01 
 9.11500000e-07  5.31360603e-01 
 9.12500000e-07  5.31360603e-01 
 9.13500000e-07  5.31360603e-01 
 9.14500000e-07  5.31360603e-01 
 9.15500000e-07  5.31360603e-01 
 9.16500000e-07  5.31360603e-01 
 9.17500000e-07  5.31360603e-01 
 9.18500000e-07  5.31360603e-01 
 9.19500000e-07  5.31360603e-01 
 9.20500000e-07  5.31360603e-01 
 9.21500000e-07  5.31360603e-01 
 9.22500000e-07  5.31360603e-01 
 9.23500000e-07  5.31360603e-01 
 9.24500000e-07  5.31360603e-01 
 9.25500000e-07  5.31360603e-01 
 9.26500000e-07  5.31360603e-01 
 9.27500000e-07  5.31360603e-01 
 9.28500000e-07  5.31360603e-01 
 9.29500000e-07  5.31360603e-01 
 9.30500000e-07  5.31360603e-01 
 9.31500000e-07  5.31360603e-01 
 9.32500000e-07  5.31360603e-01 
 9.33500000e-07  5.31360603e-01 
 9.34500000e-07  5.31360603e-01 
 9.35500000e-07  5.31360603e-01 
 9.36500000e-07  5.31360603e-01 
 9.37500000e-07  5.31360603e-01 
 9.38500000e-07  5.31360603e-01 
 9.39500000e-07  5.31360603e-01 
 9.40500000e-07  5.31360603e-01 
 9.41500000e-07  5.31360603e-01 
 9.42500000e-07  5.31360603e-01 
 9.43500000e-07  5.31360603e-01 
 9.44500000e-07  5.31360603e-01 
 9.45500000e-07  5.31360603e-01 
 9.46500000e-07  5.31360603e-01 
 9.47500000e-07  5.31360603e-01 
 9.48500000e-07  5.31360603e-01 
 9.49500000e-07  5.31360602e-01 
 9.50500000e-07  5.31360602e-01 
 9.51500000e-07  5.31360602e-01 
 9.52500000e-07  5.31360602e-01 
 9.53500000e-07  5.31360602e-01 
 9.54500000e-07  5.31360602e-01 
 9.55500000e-07  5.31360602e-01 
 9.56500000e-07  5.31360602e-01 
 9.57500000e-07  5.31360602e-01 
 9.58500000e-07  5.31360602e-01 
 9.59500000e-07  5.31360602e-01 
 9.60500000e-07  5.31360602e-01 
 9.61500000e-07  5.31360602e-01 
 9.62500000e-07  5.31360602e-01 
 9.63500000e-07  5.31360602e-01 
 9.64500000e-07  5.31360602e-01 
 9.65500000e-07  5.31360602e-01 
 9.66500000e-07  5.31360602e-01 
 9.67500000e-07  5.31360602e-01 
 9.68500000e-07  5.31360602e-01 
 9.69500000e-07  5.31360602e-01 
 9.70500000e-07  5.31360602e-01 
 9.71500000e-07  5.31360602e-01 
 9.72500000e-07  5.31360602e-01 
 9.73500000e-07  5.31360602e-01 
 9.74500000e-07  5.31360602e-01 
 9.75500000e-07  5.31360602e-01 
 9.76500000e-07  5.31360602e-01 
 9.77500000e-07  5.31360602e-01 
 9.78500000e-07  5.31360602e-01 
 9.79500000e-07  5.31360602e-01 
 9.80500000e-07  5.31360602e-01 
 9.81500000e-07  5.31360602e-01 
 9.82500000e-07  5.31360602e-01 
 9.83500000e-07  5.31360602e-01 
 9.84500000e-07  5.31360602e-01 
 9.85500000e-07  5.31360602e-01 
 9.86500000e-07  5.31360602e-01 
 9.87500000e-07  5.31360602e-01 
 9.88500000e-07  5.31360602e-01 
 9.89500000e-07  5.31360602e-01 
 9.90500000e-07  5.31360602e-01 
 9.91500000e-07  5.31360602e-01 
 9.92500000e-07  5.31360602e-01 
 9.93500000e-07  5.31360602e-01 
 9.94500000e-07  5.31360602e-01 
 9.95500000e-07  5.31360602e-01 
 9.96500000e-07  5.31360602e-01 
 9.97500000e-07  5.31360602e-01 
 9.98500000e-07  5.31360602e-01 
 9.99500000e-07  5.31360602e-01 
 1.00050000e-06  5.31360602e-01 
 1.00150000e-06  5.31360602e-01 
 1.00250000e-06  5.31360602e-01 
 1.00350000e-06  5.31360602e-01 
 1.00450000e-06  5.31360602e-01 
 1.00550000e-06  5.31360602e-01 
 1.00650000e-06  5.31360602e-01 
 1.00750000e-06  5.31360602e-01 
 1.00850000e-06  5.31360602e-01 
 1.00950000e-06  5.31360602e-01 
 1.01050000e-06  5.31360602e-01 
 1.01150000e-06  5.31360602e-01 
 1.01250000e-06  5.31360602e-01 
 1.01350000e-06  5.31360602e-01 
 1.01450000e-06  5.31360602e-01 
 1.01550000e-06  5.31360602e-01 
 1.01650000e-06  5.31360602e-01 
 1.01750000e-06  5.31360602e-01 
 1.01850000e-06  5.31360602e-01 
 1.01950000e-06  5.31360602e-01 
 1.02050000e-06  5.31360602e-01 
 1.02150000e-06  5.31360602e-01 
 1.02250000e-06  5.31360602e-01 
 1.02350000e-06  5.31360602e-01 
 1.02450000e-06  5.31360602e-01 
 1.02550000e-06  5.31360602e-01 
 1.02650000e-06  5.31360602e-01 
 1.02750000e-06  5.31360602e-01 
 1.02850000e-06  5.31360602e-01 
 1.02950000e-06  5.31360602e-01 
 1.03050000e-06  5.31360602e-01 
 1.03150000e-06  5.31360602e-01 
 1.03250000e-06  5.31360602e-01 
 1.03350000e-06  5.31360602e-01 
 1.03450000e-06  5.31360602e-01 
 1.03550000e-06  5.31360602e-01 
 1.03650000e-06  5.31360602e-01 
 1.03750000e-06  5.31360602e-01 
 1.03850000e-06  5.31360602e-01 
 1.03950000e-06  5.31360602e-01 
 1.04050000e-06  5.31360602e-01 
 1.04150000e-06  5.31360602e-01 
 1.04250000e-06  5.31360602e-01 
 1.04350000e-06  5.31360602e-01 
 1.04450000e-06  5.31360602e-01 
 1.04550000e-06  5.31360602e-01 
 1.04650000e-06  5.31360602e-01 
 1.04750000e-06  5.31360602e-01 
 1.04850000e-06  5.31360602e-01 
 1.04950000e-06  5.31360602e-01 
 1.05050000e-06  5.31360602e-01 
 1.05150000e-06  5.31360602e-01 
 1.05250000e-06  5.31360602e-01 
 1.05350000e-06  5.31360602e-01 
 1.05450000e-06  5.31360602e-01 
 1.05550000e-06  5.31360602e-01 
 1.05650000e-06  5.31360602e-01 
 1.05750000e-06  5.31360602e-01 
 1.05850000e-06  5.31360602e-01 
 1.05950000e-06  5.31360602e-01 
 1.06050000e-06  5.31360602e-01 
 1.06150000e-06  5.31360602e-01 
 1.06250000e-06  5.31360602e-01 
 1.06350000e-06  5.31360602e-01 
 1.06450000e-06  5.31360602e-01 
 1.06550000e-06  5.31360602e-01 
 1.06650000e-06  5.31360602e-01 
 1.06750000e-06  5.31360602e-01 
 1.06850000e-06  5.31360602e-01 
 1.06950000e-06  5.31360602e-01 
 1.07050000e-06  5.31360602e-01 
 1.07150000e-06  5.31360602e-01 
 1.07250000e-06  5.31360602e-01 
 1.07350000e-06  5.31360602e-01 
 1.07450000e-06  5.31360602e-01 
 1.07550000e-06  5.31360602e-01 
 1.07650000e-06  5.31360602e-01 
 1.07750000e-06  5.31360602e-01 
 1.07850000e-06  5.31360602e-01 
 1.07950000e-06  5.31360602e-01 
 1.08050000e-06  5.31360602e-01 
 1.08150000e-06  5.31360602e-01 
 1.08250000e-06  5.31360602e-01 
 1.08350000e-06  5.31360602e-01 
 1.08450000e-06  5.31360602e-01 
 1.08550000e-06  5.31360602e-01 
 1.08650000e-06  5.31360602e-01 
 1.08750000e-06  5.31360602e-01 
 1.08850000e-06  5.31360602e-01 
 1.08950000e-06  5.31360602e-01 
 1.09050000e-06  5.31360602e-01 
 1.09150000e-06  5.31360602e-01 
 1.09250000e-06  5.31360602e-01 
 1.09350000e-06  5.31360602e-01 
 1.09450000e-06  5.31360602e-01 
 1.09550000e-06  5.31360602e-01 
 1.09650000e-06  5.31360602e-01 
 1.09750000e-06  5.31360602e-01 
 1.09850000e-06  5.31360602e-01 
 1.09950000e-06  5.31360602e-01 
 1.10050000e-06  5.31360602e-01 
 1.10150000e-06  5.31360602e-01 
 1.10250000e-06  5.31360602e-01 
 1.10350000e-06  5.31360602e-01 
 1.10450000e-06  5.31360602e-01 
 1.10550000e-06  5.31360602e-01 
 1.10650000e-06  5.31360602e-01 
 1.10750000e-06  5.31360602e-01 
 1.10850000e-06  5.31360602e-01 
 1.10950000e-06  5.31360602e-01 
 1.11050000e-06  5.31360602e-01 
 1.11150000e-06  5.31360602e-01 
 1.11250000e-06  5.31360602e-01 
 1.11350000e-06  5.31360602e-01 
 1.11450000e-06  5.31360602e-01 
 1.11550000e-06  5.31360602e-01 
 1.11650000e-06  5.31360602e-01 
 1.11750000e-06  5.31360602e-01 
 1.11850000e-06  5.31360602e-01 
 1.11950000e-06  5.31360602e-01 
 1.12050000e-06  5.31360602e-01 
 1.12150000e-06  5.31360602e-01 
 1.12250000e-06  5.31360602e-01 
 1.12350000e-06  5.31360602e-01 
 1.12450000e-06  5.31360602e-01 
 1.12550000e-06  5.31360602e-01 
 1.12650000e-06  5.31360602e-01 
 1.12750000e-06  5.31360602e-01 
 1.12850000e-06  5.31360602e-01 
 1.12950000e-06  5.31360602e-01 
 1.13050000e-06  5.31360602e-01 
 1.13150000e-06  5.31360602e-01 
 1.13250000e-06  5.31360602e-01 
 1.13350000e-06  5.31360602e-01 
 1.13450000e-06  5.31360602e-01 
 1.13550000e-06  5.31360602e-01 
 1.13650000e-06  5.31360602e-01 
 1.13750000e-06  5.31360602e-01 
 1.13850000e-06  5.31360602e-01 
 1.13950000e-06  5.31360602e-01 
 1.14050000e-06  5.31360602e-01 
 1.14150000e-06  5.31360602e-01 
 1.14250000e-06  5.31360602e-01 
 1.14350000e-06  5.31360602e-01 
 1.14450000e-06  5.31360602e-01 
 1.14550000e-06  5.31360602e-01 
 1.14650000e-06  5.31360602e-01 
 1.14750000e-06  5.31360602e-01 
 1.14850000e-06  5.31360602e-01 
 1.14950000e-06  5.31360602e-01 
 1.15050000e-06  5.31360602e-01 
 1.15150000e-06  5.31360602e-01 
 1.15250000e-06  5.31360602e-01 
 1.15350000e-06  5.31360602e-01 
 1.15450000e-06  5.31360602e-01 
 1.15550000e-06  5.31360602e-01 
 1.15650000e-06  5.31360602e-01 
 1.15750000e-06  5.31360602e-01 
 1.15850000e-06  5.31360602e-01 
 1.15950000e-06  5.31360602e-01 
 1.16050000e-06  5.31360602e-01 
 1.16150000e-06  5.31360602e-01 
 1.16250000e-06  5.31360602e-01 
 1.16350000e-06  5.31360602e-01 
 1.16450000e-06  5.31360602e-01 
 1.16550000e-06  5.31360602e-01 
 1.16650000e-06  5.31360602e-01 
 1.16750000e-06  5.31360602e-01 
 1.16850000e-06  5.31360602e-01 
 1.16950000e-06  5.31360602e-01 
 1.17050000e-06  5.31360602e-01 
 1.17150000e-06  5.31360602e-01 
 1.17250000e-06  5.31360602e-01 
 1.17350000e-06  5.31360602e-01 
 1.17450000e-06  5.31360602e-01 
 1.17550000e-06  5.31360602e-01 
 1.17650000e-06  5.31360602e-01 
 1.17750000e-06  5.31360602e-01 
 1.17850000e-06  5.31360602e-01 
 1.17950000e-06  5.31360602e-01 
 1.18050000e-06  5.31360602e-01 
 1.18150000e-06  5.31360602e-01 
 1.18250000e-06  5.31360602e-01 
 1.18350000e-06  5.31360602e-01 
 1.18450000e-06  5.31360602e-01 
 1.18550000e-06  5.31360602e-01 
 1.18650000e-06  5.31360602e-01 
 1.18750000e-06  5.31360602e-01 
 1.18850000e-06  5.31360602e-01 
 1.18950000e-06  5.31360602e-01 
 1.19050000e-06  5.31360602e-01 
 1.19150000e-06  5.31360602e-01 
 1.19250000e-06  5.31360602e-01 
 1.19350000e-06  5.31360602e-01 
 1.19450000e-06  5.31360602e-01 
 1.19550000e-06  5.31360602e-01 
 1.19650000e-06  5.31360602e-01 
 1.19750000e-06  5.31360602e-01 
 1.19850000e-06  5.31360602e-01 
 1.19950000e-06  5.31360602e-01 
 1.20050000e-06  5.31360602e-01 
 1.20150000e-06  5.31360602e-01 
 1.20250000e-06  5.31360602e-01 
 1.20350000e-06  5.31360602e-01 
 1.20450000e-06  5.31360602e-01 
 1.20550000e-06  5.31360602e-01 
 1.20650000e-06  5.31360602e-01 
 1.20750000e-06  5.31360602e-01 
 1.20850000e-06  5.31360602e-01 
 1.20950000e-06  5.31360602e-01 
 1.21050000e-06  5.31360602e-01 
 1.21150000e-06  5.31360602e-01 
 1.21250000e-06  5.31360602e-01 
 1.21350000e-06  5.31360602e-01 
 1.21450000e-06  5.31360602e-01 
 1.21550000e-06  5.31360602e-01 
 1.21650000e-06  5.31360602e-01 
 1.21750000e-06  5.31360602e-01 
 1.21850000e-06  5.31360602e-01 
 1.21950000e-06  5.31360602e-01 
 1.22050000e-06  5.31360602e-01 
 1.22150000e-06  5.31360602e-01 
 1.22250000e-06  5.31360602e-01 
 1.22350000e-06  5.31360602e-01 
 1.22450000e-06  5.31360602e-01 
 1.22550000e-06  5.31360602e-01 
 1.22650000e-06  5.31360602e-01 
 1.22750000e-06  5.31360602e-01 
 1.22850000e-06  5.31360602e-01 
 1.22950000e-06  5.31360602e-01 
 1.23050000e-06  5.31360602e-01 
 1.23150000e-06  5.31360602e-01 
 1.23250000e-06  5.31360602e-01 
 1.23350000e-06  5.31360602e-01 
 1.23450000e-06  5.31360602e-01 
 1.23550000e-06  5.31360602e-01 
 1.23650000e-06  5.31360602e-01 
 1.23750000e-06  5.31360602e-01 
 1.23850000e-06  5.31360602e-01 
 1.23950000e-06  5.31360602e-01 
 1.24050000e-06  5.31360602e-01 
 1.24150000e-06  5.31360602e-01 
 1.24250000e-06  5.31360602e-01 
 1.24350000e-06  5.31360602e-01 
 1.24450000e-06  5.31360602e-01 
 1.24550000e-06  5.31360602e-01 
 1.24650000e-06  5.31360602e-01 
 1.24750000e-06  5.31360602e-01 
 1.24850000e-06  5.31360602e-01 
 1.24950000e-06  5.31360602e-01 
 1.25050000e-06  5.31360602e-01 
 1.25150000e-06  5.31360602e-01 
 1.25250000e-06  5.31360602e-01 
 1.25350000e-06  5.31360602e-01 
 1.25450000e-06  5.31360602e-01 
 1.25550000e-06  5.31360602e-01 
 1.25650000e-06  5.31360602e-01 
 1.25750000e-06  5.31360602e-01 
 1.25850000e-06  5.31360602e-01 
 1.25950000e-06  5.31360602e-01 
 1.26050000e-06  5.31360602e-01 
 1.26150000e-06  5.31360602e-01 
 1.26250000e-06  5.31360602e-01 
 1.26350000e-06  5.31360602e-01 
 1.26450000e-06  5.31360602e-01 
 1.26550000e-06  5.31360602e-01 
 1.26650000e-06  5.31360602e-01 
 1.26750000e-06  5.31360602e-01 
 1.26850000e-06  5.31360602e-01 
 1.26950000e-06  5.31360602e-01 
 1.27050000e-06  5.31360602e-01 
 1.27150000e-06  5.31360602e-01 
 1.27250000e-06  5.31360602e-01 
 1.27350000e-06  5.31360602e-01 
 1.27450000e-06  5.31360602e-01 
 1.27550000e-06  5.31360602e-01 
 1.27650000e-06  5.31360602e-01 
 1.27750000e-06  5.31360602e-01 
 1.27850000e-06  5.31360602e-01 
 1.27950000e-06  5.31360602e-01 
 1.28050000e-06  5.31360602e-01 
 1.28150000e-06  5.31360602e-01 
 1.28250000e-06  5.31360602e-01 
 1.28350000e-06  5.31360602e-01 
 1.28450000e-06  5.31360602e-01 
 1.28550000e-06  5.31360602e-01 
 1.28650000e-06  5.31360602e-01 
 1.28750000e-06  5.31360602e-01 
 1.28850000e-06  5.31360602e-01 
 1.28950000e-06  5.31360602e-01 
 1.29050000e-06  5.31360602e-01 
 1.29150000e-06  5.31360602e-01 
 1.29250000e-06  5.31360602e-01 
 1.29350000e-06  5.31360602e-01 
 1.29450000e-06  5.31360602e-01 
 1.29550000e-06  5.31360602e-01 
 1.29650000e-06  5.31360602e-01 
 1.29750000e-06  5.31360602e-01 
 1.29850000e-06  5.31360602e-01 
 1.29950000e-06  5.31360602e-01 
 1.30050000e-06  5.31360602e-01 
 1.30150000e-06  5.31360602e-01 
 1.30250000e-06  5.31360602e-01 
 1.30350000e-06  5.31360602e-01 
 1.30450000e-06  5.31360602e-01 
 1.30550000e-06  5.31360602e-01 
 1.30650000e-06  5.31360602e-01 
 1.30750000e-06  5.31360602e-01 
 1.30850000e-06  5.31360602e-01 
 1.30950000e-06  5.31360602e-01 
 1.31050000e-06  5.31360602e-01 
 1.31150000e-06  5.31360602e-01 
 1.31250000e-06  5.31360602e-01 
 1.31350000e-06  5.31360602e-01 
 1.31450000e-06  5.31360602e-01 
 1.31550000e-06  5.31360602e-01 
 1.31650000e-06  5.31360602e-01 
 1.31750000e-06  5.31360602e-01 
 1.31850000e-06  5.31360602e-01 
 1.31950000e-06  5.31360602e-01 
 1.32050000e-06  5.31360602e-01 
 1.32150000e-06  5.31360602e-01 
 1.32250000e-06  5.31360602e-01 
 1.32350000e-06  5.31360602e-01 
 1.32450000e-06  5.31360602e-01 
 1.32550000e-06  5.31360602e-01 
 1.32650000e-06  5.31360602e-01 
 1.32750000e-06  5.31360602e-01 
 1.32850000e-06  5.31360602e-01 
 1.32950000e-06  5.31360602e-01 
 1.33050000e-06  5.31360602e-01 
 1.33150000e-06  5.31360602e-01 
 1.33250000e-06  5.31360602e-01 
 1.33350000e-06  5.31360602e-01 
 1.33450000e-06  5.31360602e-01 
 1.33550000e-06  5.31360602e-01 
 1.33650000e-06  5.31360602e-01 
 1.33750000e-06  5.31360602e-01 
 1.33850000e-06  5.31360602e-01 
 1.33950000e-06  5.31360602e-01 
 1.34050000e-06  5.31360602e-01 
 1.34150000e-06  5.31360602e-01 
 1.34250000e-06  5.31360602e-01 
 1.34350000e-06  5.31360602e-01 
 1.34450000e-06  5.31360602e-01 
 1.34550000e-06  5.31360602e-01 
 1.34650000e-06  5.31360602e-01 
 1.34750000e-06  5.31360602e-01 
 1.34850000e-06  5.31360602e-01 
 1.34950000e-06  5.31360602e-01 
 1.35050000e-06  5.31360602e-01 
 1.35150000e-06  5.31360602e-01 
 1.35250000e-06  5.31360602e-01 
 1.35350000e-06  5.31360602e-01 
 1.35450000e-06  5.31360602e-01 
 1.35550000e-06  5.31360602e-01 
 1.35650000e-06  5.31360602e-01 
 1.35750000e-06  5.31360602e-01 
 1.35850000e-06  5.31360602e-01 
 1.35950000e-06  5.31360602e-01 
 1.36050000e-06  5.31360602e-01 
 1.36150000e-06  5.31360602e-01 
 1.36250000e-06  5.31360602e-01 
 1.36350000e-06  5.31360602e-01 
 1.36450000e-06  5.31360602e-01 
 1.36550000e-06  5.31360602e-01 
 1.36650000e-06  5.31360602e-01 
 1.36750000e-06  5.31360602e-01 
 1.36850000e-06  5.31360602e-01 
 1.36950000e-06  5.31360602e-01 
 1.37050000e-06  5.31360602e-01 
 1.37150000e-06  5.31360602e-01 
 1.37250000e-06  5.31360602e-01 
 1.37350000e-06  5.31360602e-01 
 1.37450000e-06  5.31360602e-01 
 1.37550000e-06  5.31360602e-01 
 1.37650000e-06  5.31360602e-01 
 1.37750000e-06  5.31360602e-01 
 1.37850000e-06  5.31360602e-01 
 1.37950000e-06  5.31360602e-01 
 1.38050000e-06  5.31360602e-01 
 1.38150000e-06  5.31360602e-01 
 1.38250000e-06  5.31360602e-01 
 1.38350000e-06  5.31360602e-01 
 1.38450000e-06  5.31360602e-01 
 1.38550000e-06  5.31360602e-01 
 1.38650000e-06  5.31360602e-01 
 1.38750000e-06  5.31360602e-01 
 1.38850000e-06  5.31360602e-01 
 1.38950000e-06  5.31360602e-01 
 1.39050000e-06  5.31360602e-01 
 1.39150000e-06  5.31360602e-01 
 1.39250000e-06  5.31360602e-01 
 1.39350000e-06  5.31360602e-01 
 1.39450000e-06  5.31360602e-01 
 1.39550000e-06  5.31360602e-01 
 1.39650000e-06  5.31360602e-01 
 1.39750000e-06  5.31360602e-01 
 1.39850000e-06  5.31360602e-01 
 1.39950000e-06  5.31360602e-01 
 1.40050000e-06  5.31360602e-01 
 1.40150000e-06  5.31360602e-01 
 1.40250000e-06  5.31360602e-01 
 1.40350000e-06  5.31360602e-01 
 1.40450000e-06  5.31360602e-01 
 1.40550000e-06  5.31360602e-01 
 1.40650000e-06  5.31360602e-01 
 1.40750000e-06  5.31360602e-01 
 1.40850000e-06  5.31360602e-01 
 1.40950000e-06  5.31360602e-01 
 1.41050000e-06  5.31360602e-01 
 1.41150000e-06  5.31360602e-01 
 1.41250000e-06  5.31360602e-01 
 1.41350000e-06  5.31360602e-01 
 1.41450000e-06  5.31360602e-01 
 1.41550000e-06  5.31360602e-01 
 1.41650000e-06  5.31360602e-01 
 1.41750000e-06  5.31360602e-01 
 1.41850000e-06  5.31360602e-01 
 1.41950000e-06  5.31360602e-01 
 1.42050000e-06  5.31360602e-01 
 1.42150000e-06  5.31360602e-01 
 1.42250000e-06  5.31360602e-01 
 1.42350000e-06  5.31360602e-01 
 1.42450000e-06  5.31360602e-01 
 1.42550000e-06  5.31360602e-01 
 1.42650000e-06  5.31360602e-01 
 1.42750000e-06  5.31360602e-01 
 1.42850000e-06  5.31360602e-01 
 1.42950000e-06  5.31360602e-01 
 1.43050000e-06  5.31360602e-01 
 1.43150000e-06  5.31360602e-01 
 1.43250000e-06  5.31360602e-01 
 1.43350000e-06  5.31360602e-01 
 1.43450000e-06  5.31360602e-01 
 1.43550000e-06  5.31360602e-01 
 1.43650000e-06  5.31360602e-01 
 1.43750000e-06  5.31360602e-01 
 1.43850000e-06  5.31360602e-01 
 1.43950000e-06  5.31360602e-01 
 1.44050000e-06  5.31360602e-01 
 1.44150000e-06  5.31360602e-01 
 1.44250000e-06  5.31360602e-01 
 1.44350000e-06  5.31360602e-01 
 1.44450000e-06  5.31360602e-01 
 1.44550000e-06  5.31360602e-01 
 1.44650000e-06  5.31360602e-01 
 1.44750000e-06  5.31360602e-01 
 1.44850000e-06  5.31360602e-01 
 1.44950000e-06  5.31360602e-01 
 1.45050000e-06  5.31360602e-01 
 1.45150000e-06  5.31360602e-01 
 1.45250000e-06  5.31360602e-01 
 1.45350000e-06  5.31360602e-01 
 1.45450000e-06  5.31360602e-01 
 1.45550000e-06  5.31360602e-01 
 1.45650000e-06  5.31360602e-01 
 1.45750000e-06  5.31360602e-01 
 1.45850000e-06  5.31360602e-01 
 1.45950000e-06  5.31360602e-01 
 1.46050000e-06  5.31360602e-01 
 1.46150000e-06  5.31360602e-01 
 1.46250000e-06  5.31360602e-01 
 1.46350000e-06  5.31360602e-01 
 1.46450000e-06  5.31360602e-01 
 1.46550000e-06  5.31360602e-01 
 1.46650000e-06  5.31360602e-01 
 1.46750000e-06  5.31360602e-01 
 1.46850000e-06  5.31360602e-01 
 1.46950000e-06  5.31360602e-01 
 1.47050000e-06  5.31360602e-01 
 1.47150000e-06  5.31360602e-01 
 1.47250000e-06  5.31360602e-01 
 1.47350000e-06  5.31360602e-01 
 1.47450000e-06  5.31360602e-01 
 1.47550000e-06  5.31360602e-01 
 1.47650000e-06  5.31360602e-01 
 1.47750000e-06  5.31360602e-01 
 1.47850000e-06  5.31360602e-01 
 1.47950000e-06  5.31360602e-01 
 1.48050000e-06  5.31360602e-01 
 1.48150000e-06  5.31360602e-01 
 1.48250000e-06  5.31360602e-01 
 1.48350000e-06  5.31360602e-01 
 1.48450000e-06  5.31360602e-01 
 1.48550000e-06  5.31360602e-01 
 1.48650000e-06  5.31360602e-01 
 1.48750000e-06  5.31360602e-01 
 1.48850000e-06  5.31360602e-01 
 1.48950000e-06  5.31360602e-01 
 1.49050000e-06  5.31360602e-01 
 1.49150000e-06  5.31360602e-01 
 1.49250000e-06  5.31360602e-01 
 1.49350000e-06  5.31360602e-01 
 1.49450000e-06  5.31360602e-01 
 1.49550000e-06  5.31360602e-01 
 1.49650000e-06  5.31360602e-01 
 1.49750000e-06  5.31360602e-01 
 1.49850000e-06  5.31360602e-01 
 1.49950000e-06  5.31360602e-01 
 1.50050000e-06  5.31360602e-01 
 1.50150000e-06  5.31360602e-01 
 1.50250000e-06  5.31360602e-01 
 1.50350000e-06  5.31360602e-01 
 1.50450000e-06  5.31360602e-01 
 1.50550000e-06  5.31360602e-01 
 1.50650000e-06  5.31360602e-01 
 1.50750000e-06  5.31360602e-01 
 1.50850000e-06  5.31360602e-01 
 1.50950000e-06  5.31360602e-01 
 1.51050000e-06  5.31360602e-01 
 1.51150000e-06  5.31360602e-01 
 1.51250000e-06  5.31360602e-01 
 1.51350000e-06  5.31360602e-01 
 1.51450000e-06  5.31360602e-01 
 1.51550000e-06  5.31360602e-01 
 1.51650000e-06  5.31360602e-01 
 1.51750000e-06  5.31360602e-01 
 1.51850000e-06  5.31360602e-01 
 1.51950000e-06  5.31360602e-01 
 1.52050000e-06  5.31360602e-01 
 1.52150000e-06  5.31360602e-01 
 1.52250000e-06  5.31360602e-01 
 1.52350000e-06  5.31360602e-01 
 1.52450000e-06  5.31360602e-01 
 1.52550000e-06  5.31360602e-01 
 1.52650000e-06  5.31360602e-01 
 1.52750000e-06  5.31360602e-01 
 1.52850000e-06  5.31360602e-01 
 1.52950000e-06  5.31360602e-01 
 1.53050000e-06  5.31360602e-01 
 1.53150000e-06  5.31360602e-01 
 1.53250000e-06  5.31360602e-01 
 1.53350000e-06  5.31360602e-01 
 1.53450000e-06  5.31360602e-01 
 1.53550000e-06  5.31360602e-01 
 1.53650000e-06  5.31360602e-01 
 1.53750000e-06  5.31360602e-01 
 1.53850000e-06  5.31360602e-01 
 1.53950000e-06  5.31360602e-01 
 1.54050000e-06  5.31360602e-01 
 1.54150000e-06  5.31360602e-01 
 1.54250000e-06  5.31360602e-01 
 1.54350000e-06  5.31360602e-01 
 1.54450000e-06  5.31360602e-01 
 1.54550000e-06  5.31360602e-01 
 1.54650000e-06  5.31360602e-01 
 1.54750000e-06  5.31360602e-01 
 1.54850000e-06  5.31360602e-01 
 1.54950000e-06  5.31360602e-01 
 1.55050000e-06  5.31360602e-01 
 1.55150000e-06  5.31360602e-01 
 1.55250000e-06  5.31360602e-01 
 1.55350000e-06  5.31360602e-01 
 1.55450000e-06  5.31360602e-01 
 1.55550000e-06  5.31360602e-01 
 1.55650000e-06  5.31360602e-01 
 1.55750000e-06  5.31360602e-01 
 1.55850000e-06  5.31360602e-01 
 1.55950000e-06  5.31360602e-01 
 1.56050000e-06  5.31360602e-01 
 1.56150000e-06  5.31360602e-01 
 1.56250000e-06  5.31360602e-01 
 1.56350000e-06  5.31360602e-01 
 1.56450000e-06  5.31360602e-01 
 1.56550000e-06  5.31360602e-01 
 1.56650000e-06  5.31360602e-01 
 1.56750000e-06  5.31360602e-01 
 1.56850000e-06  5.31360602e-01 
 1.56950000e-06  5.31360602e-01 
 1.57050000e-06  5.31360602e-01 
 1.57150000e-06  5.31360602e-01 
 1.57250000e-06  5.31360602e-01 
 1.57350000e-06  5.31360602e-01 
 1.57450000e-06  5.31360602e-01 
 1.57550000e-06  5.31360602e-01 
 1.57650000e-06  5.31360602e-01 
 1.57750000e-06  5.31360602e-01 
 1.57850000e-06  5.31360602e-01 
 1.57950000e-06  5.31360602e-01 
 1.58050000e-06  5.31360602e-01 
 1.58150000e-06  5.31360602e-01 
 1.58250000e-06  5.31360602e-01 
 1.58350000e-06  5.31360602e-01 
 1.58450000e-06  5.31360602e-01 
 1.58550000e-06  5.31360602e-01 
 1.58650000e-06  5.31360602e-01 
 1.58750000e-06  5.31360602e-01 
 1.58850000e-06  5.31360602e-01 
 1.58950000e-06  5.31360602e-01 
 1.59050000e-06  5.31360602e-01 
 1.59150000e-06  5.31360602e-01 
 1.59250000e-06  5.31360602e-01 
 1.59350000e-06  5.31360602e-01 
 1.59450000e-06  5.31360602e-01 
 1.59550000e-06  5.31360602e-01 
 1.59650000e-06  5.31360602e-01 
 1.59750000e-06  5.31360602e-01 
 1.59850000e-06  5.31360602e-01 
 1.59950000e-06  5.31360602e-01 
 1.60050000e-06  5.31360602e-01 
 1.60150000e-06  5.31360602e-01 
 1.60250000e-06  5.31360602e-01 
 1.60350000e-06  5.31360602e-01 
 1.60450000e-06  5.31360602e-01 
 1.60550000e-06  5.31360602e-01 
 1.60650000e-06  5.31360602e-01 
 1.60750000e-06  5.31360602e-01 
 1.60850000e-06  5.31360602e-01 
 1.60950000e-06  5.31360602e-01 
 1.61050000e-06  5.31360602e-01 
 1.61150000e-06  5.31360602e-01 
 1.61250000e-06  5.31360602e-01 
 1.61350000e-06  5.31360602e-01 
 1.61450000e-06  5.31360602e-01 
 1.61550000e-06  5.31360602e-01 
 1.61650000e-06  5.31360602e-01 
 1.61750000e-06  5.31360602e-01 
 1.61850000e-06  5.31360602e-01 
 1.61950000e-06  5.31360602e-01 
 1.62050000e-06  5.31360602e-01 
 1.62150000e-06  5.31360602e-01 
 1.62250000e-06  5.31360602e-01 
 1.62350000e-06  5.31360602e-01 
 1.62450000e-06  5.31360602e-01 
 1.62550000e-06  5.31360602e-01 
 1.62650000e-06  5.31360602e-01 
 1.62750000e-06  5.31360602e-01 
 1.62850000e-06  5.31360602e-01 
 1.62950000e-06  5.31360602e-01 
 1.63050000e-06  5.31360602e-01 
 1.63150000e-06  5.31360602e-01 
 1.63250000e-06  5.31360602e-01 
 1.63350000e-06  5.31360602e-01 
 1.63450000e-06  5.31360602e-01 
 1.63550000e-06  5.31360602e-01 
 1.63650000e-06  5.31360602e-01 
 1.63750000e-06  5.31360602e-01 
 1.63850000e-06  5.31360602e-01 
 1.63950000e-06  5.31360602e-01 
 1.64050000e-06  5.31360602e-01 
 1.64150000e-06  5.31360602e-01 
 1.64250000e-06  5.31360602e-01 
 1.64350000e-06  5.31360602e-01 
 1.64450000e-06  5.31360602e-01 
 1.64550000e-06  5.31360602e-01 
 1.64650000e-06  5.31360602e-01 
 1.64750000e-06  5.31360602e-01 
 1.64850000e-06  5.31360602e-01 
 1.64950000e-06  5.31360602e-01 
 1.65050000e-06  5.31360602e-01 
 1.65150000e-06  5.31360602e-01 
 1.65250000e-06  5.31360602e-01 
 1.65350000e-06  5.31360602e-01 
 1.65450000e-06  5.31360602e-01 
 1.65550000e-06  5.31360602e-01 
 1.65650000e-06  5.31360602e-01 
 1.65750000e-06  5.31360602e-01 
 1.65850000e-06  5.31360602e-01 
 1.65950000e-06  5.31360602e-01 
 1.66050000e-06  5.31360602e-01 
 1.66150000e-06  5.31360602e-01 
 1.66250000e-06  5.31360602e-01 
 1.66350000e-06  5.31360602e-01 
 1.66450000e-06  5.31360602e-01 
 1.66550000e-06  5.31360602e-01 
 1.66650000e-06  5.31360602e-01 
 1.66750000e-06  5.31360602e-01 
 1.66850000e-06  5.31360602e-01 
 1.66950000e-06  5.31360602e-01 
 1.67050000e-06  5.31360602e-01 
 1.67150000e-06  5.31360602e-01 
 1.67250000e-06  5.31360602e-01 
 1.67350000e-06  5.31360602e-01 
 1.67450000e-06  5.31360602e-01 
 1.67550000e-06  5.31360602e-01 
 1.67650000e-06  5.31360602e-01 
 1.67750000e-06  5.31360602e-01 
 1.67850000e-06  5.31360602e-01 
 1.67950000e-06  5.31360602e-01 
 1.68050000e-06  5.31360602e-01 
 1.68150000e-06  5.31360602e-01 
 1.68250000e-06  5.31360602e-01 
 1.68350000e-06  5.31360602e-01 
 1.68450000e-06  5.31360602e-01 
 1.68550000e-06  5.31360602e-01 
 1.68650000e-06  5.31360602e-01 
 1.68750000e-06  5.31360602e-01 
 1.68850000e-06  5.31360602e-01 
 1.68950000e-06  5.31360602e-01 
 1.69050000e-06  5.31360602e-01 
 1.69150000e-06  5.31360602e-01 
 1.69250000e-06  5.31360602e-01 
 1.69350000e-06  5.31360602e-01 
 1.69450000e-06  5.31360602e-01 
 1.69550000e-06  5.31360602e-01 
 1.69650000e-06  5.31360602e-01 
 1.69750000e-06  5.31360602e-01 
 1.69850000e-06  5.31360602e-01 
 1.69950000e-06  5.31360602e-01 
 1.70050000e-06  5.31360602e-01 
 1.70150000e-06  5.31360602e-01 
 1.70250000e-06  5.31360602e-01 
 1.70350000e-06  5.31360602e-01 
 1.70450000e-06  5.31360602e-01 
 1.70550000e-06  5.31360602e-01 
 1.70650000e-06  5.31360602e-01 
 1.70750000e-06  5.31360602e-01 
 1.70850000e-06  5.31360602e-01 
 1.70950000e-06  5.31360602e-01 
 1.71050000e-06  5.31360602e-01 
 1.71150000e-06  5.31360602e-01 
 1.71250000e-06  5.31360602e-01 
 1.71350000e-06  5.31360602e-01 
 1.71450000e-06  5.31360602e-01 
 1.71550000e-06  5.31360602e-01 
 1.71650000e-06  5.31360602e-01 
 1.71750000e-06  5.31360602e-01 
 1.71850000e-06  5.31360602e-01 
 1.71950000e-06  5.31360602e-01 
 1.72050000e-06  5.31360602e-01 
 1.72150000e-06  5.31360602e-01 
 1.72250000e-06  5.31360602e-01 
 1.72350000e-06  5.31360602e-01 
 1.72450000e-06  5.31360602e-01 
 1.72550000e-06  5.31360602e-01 
 1.72650000e-06  5.31360602e-01 
 1.72750000e-06  5.31360602e-01 
 1.72850000e-06  5.31360602e-01 
 1.72950000e-06  5.31360602e-01 
 1.73050000e-06  5.31360602e-01 
 1.73150000e-06  5.31360602e-01 
 1.73250000e-06  5.31360602e-01 
 1.73350000e-06  5.31360602e-01 
 1.73450000e-06  5.31360602e-01 
 1.73550000e-06  5.31360602e-01 
 1.73650000e-06  5.31360602e-01 
 1.73750000e-06  5.31360602e-01 
 1.73850000e-06  5.31360602e-01 
 1.73950000e-06  5.31360602e-01 
 1.74050000e-06  5.31360602e-01 
 1.74150000e-06  5.31360602e-01 
 1.74250000e-06  5.31360602e-01 
 1.74350000e-06  5.31360602e-01 
 1.74450000e-06  5.31360602e-01 
 1.74550000e-06  5.31360602e-01 
 1.74650000e-06  5.31360602e-01 
 1.74750000e-06  5.31360602e-01 
 1.74850000e-06  5.31360602e-01 
 1.74950000e-06  5.31360602e-01 
 1.75050000e-06  5.31360602e-01 
 1.75150000e-06  5.31360602e-01 
 1.75250000e-06  5.31360602e-01 
 1.75350000e-06  5.31360602e-01 
 1.75450000e-06  5.31360602e-01 
 1.75550000e-06  5.31360602e-01 
 1.75650000e-06  5.31360602e-01 
 1.75750000e-06  5.31360602e-01 
 1.75850000e-06  5.31360602e-01 
 1.75950000e-06  5.31360602e-01 
 1.76050000e-06  5.31360602e-01 
 1.76150000e-06  5.31360602e-01 
 1.76250000e-06  5.31360602e-01 
 1.76350000e-06  5.31360602e-01 
 1.76450000e-06  5.31360602e-01 
 1.76550000e-06  5.31360602e-01 
 1.76650000e-06  5.31360602e-01 
 1.76750000e-06  5.31360602e-01 
 1.76850000e-06  5.31360602e-01 
 1.76950000e-06  5.31360602e-01 
 1.77050000e-06  5.31360602e-01 
 1.77150000e-06  5.31360602e-01 
 1.77250000e-06  5.31360602e-01 
 1.77350000e-06  5.31360602e-01 
 1.77450000e-06  5.31360602e-01 
 1.77550000e-06  5.31360602e-01 
 1.77650000e-06  5.31360602e-01 
 1.77750000e-06  5.31360602e-01 
 1.77850000e-06  5.31360602e-01 
 1.77950000e-06  5.31360602e-01 
 1.78050000e-06  5.31360602e-01 
 1.78150000e-06  5.31360602e-01 
 1.78250000e-06  5.31360602e-01 
 1.78350000e-06  5.31360602e-01 
 1.78450000e-06  5.31360602e-01 
 1.78550000e-06  5.31360602e-01 
 1.78650000e-06  5.31360602e-01 
 1.78750000e-06  5.31360602e-01 
 1.78850000e-06  5.31360602e-01 
 1.78950000e-06  5.31360602e-01 
 1.79050000e-06  5.31360602e-01 
 1.79150000e-06  5.31360602e-01 
 1.79250000e-06  5.31360602e-01 
 1.79350000e-06  5.31360602e-01 
 1.79450000e-06  5.31360602e-01 
 1.79550000e-06  5.31360602e-01 
 1.79650000e-06  5.31360602e-01 
 1.79750000e-06  5.31360602e-01 
 1.79850000e-06  5.31360602e-01 
 1.79950000e-06  5.31360602e-01 
 1.80050000e-06  5.31360602e-01 
 1.80150000e-06  5.31360602e-01 
 1.80250000e-06  5.31360602e-01 
 1.80350000e-06  5.31360602e-01 
 1.80450000e-06  5.31360602e-01 
 1.80550000e-06  5.31360602e-01 
 1.80650000e-06  5.31360602e-01 
 1.80750000e-06  5.31360602e-01 
 1.80850000e-06  5.31360602e-01 
 1.80950000e-06  5.31360602e-01 
 1.81050000e-06  5.31360602e-01 
 1.81150000e-06  5.31360602e-01 
 1.81250000e-06  5.31360602e-01 
 1.81350000e-06  5.31360602e-01 
 1.81450000e-06  5.31360602e-01 
 1.81550000e-06  5.31360602e-01 
 1.81650000e-06  5.31360602e-01 
 1.81750000e-06  5.31360602e-01 
 1.81850000e-06  5.31360602e-01 
 1.81950000e-06  5.31360602e-01 
 1.82050000e-06  5.31360602e-01 
 1.82150000e-06  5.31360602e-01 
 1.82250000e-06  5.31360602e-01 
 1.82350000e-06  5.31360602e-01 
 1.82450000e-06  5.31360602e-01 
 1.82550000e-06  5.31360602e-01 
 1.82650000e-06  5.31360602e-01 
 1.82750000e-06  5.31360602e-01 
 1.82850000e-06  5.31360602e-01 
 1.82950000e-06  5.31360602e-01 
 1.83050000e-06  5.31360602e-01 
 1.83150000e-06  5.31360602e-01 
 1.83250000e-06  5.31360602e-01 
 1.83350000e-06  5.31360602e-01 
 1.83450000e-06  5.31360602e-01 
 1.83550000e-06  5.31360602e-01 
 1.83650000e-06  5.31360602e-01 
 1.83750000e-06  5.31360602e-01 
 1.83850000e-06  5.31360602e-01 
 1.83950000e-06  5.31360602e-01 
 1.84050000e-06  5.31360602e-01 
 1.84150000e-06  5.31360602e-01 
 1.84250000e-06  5.31360602e-01 
 1.84350000e-06  5.31360602e-01 
 1.84450000e-06  5.31360602e-01 
 1.84550000e-06  5.31360602e-01 
 1.84650000e-06  5.31360602e-01 
 1.84750000e-06  5.31360602e-01 
 1.84850000e-06  5.31360602e-01 
 1.84950000e-06  5.31360602e-01 
 1.85050000e-06  5.31360602e-01 
 1.85150000e-06  5.31360602e-01 
 1.85250000e-06  5.31360602e-01 
 1.85350000e-06  5.31360602e-01 
 1.85450000e-06  5.31360602e-01 
 1.85550000e-06  5.31360602e-01 
 1.85650000e-06  5.31360602e-01 
 1.85750000e-06  5.31360602e-01 
 1.85850000e-06  5.31360602e-01 
 1.85950000e-06  5.31360602e-01 
 1.86050000e-06  5.31360602e-01 
 1.86150000e-06  5.31360602e-01 
 1.86250000e-06  5.31360602e-01 
 1.86350000e-06  5.31360602e-01 
 1.86450000e-06  5.31360602e-01 
 1.86550000e-06  5.31360602e-01 
 1.86650000e-06  5.31360602e-01 
 1.86750000e-06  5.31360602e-01 
 1.86850000e-06  5.31360602e-01 
 1.86950000e-06  5.31360602e-01 
 1.87050000e-06  5.31360602e-01 
 1.87150000e-06  5.31360602e-01 
 1.87250000e-06  5.31360602e-01 
 1.87350000e-06  5.31360602e-01 
 1.87450000e-06  5.31360602e-01 
 1.87550000e-06  5.31360602e-01 
 1.87650000e-06  5.31360602e-01 
 1.87750000e-06  5.31360602e-01 
 1.87850000e-06  5.31360602e-01 
 1.87950000e-06  5.31360602e-01 
 1.88050000e-06  5.31360602e-01 
 1.88150000e-06  5.31360602e-01 
 1.88250000e-06  5.31360602e-01 
 1.88350000e-06  5.31360602e-01 
 1.88450000e-06  5.31360602e-01 
 1.88550000e-06  5.31360602e-01 
 1.88650000e-06  5.31360602e-01 
 1.88750000e-06  5.31360602e-01 
 1.88850000e-06  5.31360602e-01 
 1.88950000e-06  5.31360602e-01 
 1.89050000e-06  5.31360602e-01 
 1.89150000e-06  5.31360602e-01 
 1.89250000e-06  5.31360602e-01 
 1.89350000e-06  5.31360602e-01 
 1.89450000e-06  5.31360602e-01 
 1.89550000e-06  5.31360602e-01 
 1.89650000e-06  5.31360602e-01 
 1.89750000e-06  5.31360602e-01 
 1.89850000e-06  5.31360602e-01 
 1.89950000e-06  5.31360602e-01 
 1.90050000e-06  5.31360602e-01 
 1.90150000e-06  5.31360602e-01 
 1.90250000e-06  5.31360602e-01 
 1.90350000e-06  5.31360602e-01 
 1.90450000e-06  5.31360602e-01 
 1.90550000e-06  5.31360602e-01 
 1.90650000e-06  5.31360602e-01 
 1.90750000e-06  5.31360602e-01 
 1.90850000e-06  5.31360602e-01 
 1.90950000e-06  5.31360602e-01 
 1.91050000e-06  5.31360602e-01 
 1.91150000e-06  5.31360602e-01 
 1.91250000e-06  5.31360602e-01 
 1.91350000e-06  5.31360602e-01 
 1.91450000e-06  5.31360602e-01 
 1.91550000e-06  5.31360602e-01 
 1.91650000e-06  5.31360602e-01 
 1.91750000e-06  5.31360602e-01 
 1.91850000e-06  5.31360602e-01 
 1.91950000e-06  5.31360602e-01 
 1.92050000e-06  5.31360602e-01 
 1.92150000e-06  5.31360602e-01 
 1.92250000e-06  5.31360602e-01 
 1.92350000e-06  5.31360602e-01 
 1.92450000e-06  5.31360602e-01 
 1.92550000e-06  5.31360602e-01 
 1.92650000e-06  5.31360602e-01 
 1.92750000e-06  5.31360602e-01 
 1.92850000e-06  5.31360602e-01 
 1.92950000e-06  5.31360602e-01 
 1.93050000e-06  5.31360602e-01 
 1.93150000e-06  5.31360602e-01 
 1.93250000e-06  5.31360602e-01 
 1.93350000e-06  5.31360602e-01 
 1.93450000e-06  5.31360602e-01 
 1.93550000e-06  5.31360602e-01 
 1.93650000e-06  5.31360602e-01 
 1.93750000e-06  5.31360602e-01 
 1.93850000e-06  5.31360602e-01 
 1.93950000e-06  5.31360602e-01 
 1.94050000e-06  5.31360602e-01 
 1.94150000e-06  5.31360602e-01 
 1.94250000e-06  5.31360602e-01 
 1.94350000e-06  5.31360602e-01 
 1.94450000e-06  5.31360602e-01 
 1.94550000e-06  5.31360602e-01 
 1.94650000e-06  5.31360602e-01 
 1.94750000e-06  5.31360602e-01 
 1.94850000e-06  5.31360602e-01 
 1.94950000e-06  5.31360602e-01 
 1.95050000e-06  5.31360602e-01 
 1.95150000e-06  5.31360602e-01 
 1.95250000e-06  5.31360602e-01 
 1.95350000e-06  5.31360602e-01 
 1.95450000e-06  5.31360602e-01 
 1.95550000e-06  5.31360602e-01 
 1.95650000e-06  5.31360602e-01 
 1.95750000e-06  5.31360602e-01 
 1.95850000e-06  5.31360602e-01 
 1.95950000e-06  5.31360602e-01 
 1.96050000e-06  5.31360602e-01 
 1.96150000e-06  5.31360602e-01 
 1.96250000e-06  5.31360602e-01 
 1.96350000e-06  5.31360602e-01 
 1.96450000e-06  5.31360602e-01 
 1.96550000e-06  5.31360602e-01 
 1.96650000e-06  5.31360602e-01 
 1.96750000e-06  5.31360602e-01 
 1.96850000e-06  5.31360602e-01 
 1.96950000e-06  5.31360602e-01 
 1.97050000e-06  5.31360602e-01 
 1.97150000e-06  5.31360602e-01 
 1.97250000e-06  5.31360602e-01 
 1.97350000e-06  5.31360602e-01 
 1.97450000e-06  5.31360602e-01 
 1.97550000e-06  5.31360602e-01 
 1.97650000e-06  5.31360602e-01 
 1.97750000e-06  5.31360602e-01 
 1.97850000e-06  5.31360602e-01 
 1.97950000e-06  5.31360602e-01 
 1.98050000e-06  5.31360602e-01 
 1.98150000e-06  5.31360602e-01 
 1.98250000e-06  5.31360602e-01 
 1.98350000e-06  5.31360602e-01 
 1.98450000e-06  5.31360602e-01 
 1.98550000e-06  5.31360602e-01 
 1.98650000e-06  5.31360602e-01 
 1.98750000e-06  5.31360602e-01 
 1.98850000e-06  5.31360602e-01 
 1.98950000e-06  5.31360602e-01 
 1.99050000e-06  5.31360602e-01 
 1.99150000e-06  5.31360602e-01 
 1.99250000e-06  5.31360602e-01 
 1.99350000e-06  5.31360602e-01 
 1.99450000e-06  5.31360602e-01 
 1.99550000e-06  5.31360602e-01 
 1.99650000e-06  5.31360602e-01 
 1.99750000e-06  5.31360602e-01 
 1.99850000e-06  5.31360602e-01 
 1.99950000e-06  5.31360602e-01 
 2.00050000e-06  5.31360602e-01 
 2.00150000e-06  5.31360602e-01 
 2.00250000e-06  5.31360602e-01 
 2.00350000e-06  5.31360602e-01 
 2.00450000e-06  5.31360602e-01 
 2.00550000e-06  5.31360602e-01 
 2.00650000e-06  5.31360602e-01 
 2.00750000e-06  5.31360602e-01 
 2.00850000e-06  5.31360602e-01 
 2.00950000e-06  5.31360602e-01 
 2.01050000e-06  5.31360602e-01 
 2.01150000e-06  5.31360602e-01 
 2.01250000e-06  5.31360602e-01 
 2.01350000e-06  5.31360602e-01 
 2.01450000e-06  5.31360602e-01 
 2.01550000e-06  5.31360602e-01 
 2.01650000e-06  5.31360602e-01 
 2.01750000e-06  5.31360602e-01 
 2.01850000e-06  5.31360602e-01 
 2.01950000e-06  5.31360602e-01 
 2.02050000e-06  5.31360602e-01 
 2.02150000e-06  5.31360602e-01 
 2.02250000e-06  5.31360602e-01 
 2.02350000e-06  5.31360602e-01 
 2.02450000e-06  5.31360602e-01 
 2.02550000e-06  5.31360602e-01 
 2.02650000e-06  5.31360602e-01 
 2.02750000e-06  5.31360602e-01 
 2.02850000e-06  5.31360602e-01 
 2.02950000e-06  5.31360602e-01 
 2.03050000e-06  5.31360602e-01 
 2.03150000e-06  5.31360602e-01 
 2.03250000e-06  5.31360602e-01 
 2.03350000e-06  5.31360602e-01 
 2.03450000e-06  5.31360602e-01 
 2.03550000e-06  5.31360602e-01 
 2.03650000e-06  5.31360602e-01 
 2.03750000e-06  5.31360602e-01 
 2.03850000e-06  5.31360602e-01 
 2.03950000e-06  5.31360602e-01 
 2.04050000e-06  5.31360602e-01 
 2.04150000e-06  5.31360602e-01 
 2.04250000e-06  5.31360602e-01 
 2.04350000e-06  5.31360602e-01 
 2.04450000e-06  5.31360602e-01 
 2.04550000e-06  5.31360602e-01 
 2.04650000e-06  5.31360602e-01 
 2.04750000e-06  5.31360602e-01 
 2.04850000e-06  5.31360602e-01 
 2.04950000e-06  5.31360602e-01 
 2.05050000e-06  5.31360602e-01 
 2.05150000e-06  5.31360602e-01 
 2.05250000e-06  5.31360602e-01 
 2.05350000e-06  5.31360602e-01 
 2.05450000e-06  5.31360602e-01 
 2.05550000e-06  5.31360602e-01 
 2.05650000e-06  5.31360602e-01 
 2.05750000e-06  5.31360602e-01 
 2.05850000e-06  5.31360602e-01 
 2.05950000e-06  5.31360602e-01 
 2.06050000e-06  5.31360602e-01 
 2.06150000e-06  5.31360602e-01 
 2.06250000e-06  5.31360602e-01 
 2.06350000e-06  5.31360602e-01 
 2.06450000e-06  5.31360602e-01 
 2.06550000e-06  5.31360602e-01 
 2.06650000e-06  5.31360602e-01 
 2.06750000e-06  5.31360602e-01 
 2.06850000e-06  5.31360602e-01 
 2.06950000e-06  5.31360602e-01 
 2.07050000e-06  5.31360602e-01 
 2.07150000e-06  5.31360602e-01 
 2.07250000e-06  5.31360602e-01 
 2.07350000e-06  5.31360602e-01 
 2.07450000e-06  5.31360602e-01 
 2.07550000e-06  5.31360602e-01 
 2.07650000e-06  5.31360602e-01 
 2.07750000e-06  5.31360602e-01 
 2.07850000e-06  5.31360602e-01 
 2.07950000e-06  5.31360602e-01 
 2.08050000e-06  5.31360602e-01 
 2.08150000e-06  5.31360602e-01 
 2.08250000e-06  5.31360602e-01 
 2.08350000e-06  5.31360602e-01 
 2.08450000e-06  5.31360602e-01 
 2.08550000e-06  5.31360602e-01 
 2.08650000e-06  5.31360602e-01 
 2.08750000e-06  5.31360602e-01 
 2.08850000e-06  5.31360602e-01 
 2.08950000e-06  5.31360602e-01 
 2.09050000e-06  5.31360602e-01 
 2.09150000e-06  5.31360602e-01 
 2.09250000e-06  5.31360602e-01 
 2.09350000e-06  5.31360602e-01 
 2.09450000e-06  5.31360602e-01 
 2.09550000e-06  5.31360602e-01 
 2.09650000e-06  5.31360602e-01 
 2.09750000e-06  5.31360602e-01 
 2.09850000e-06  5.31360602e-01 
 2.09950000e-06  5.31360602e-01 
 2.10050000e-06  5.31360602e-01 
 2.10150000e-06  5.31360602e-01 
 2.10250000e-06  5.31360602e-01 
 2.10350000e-06  5.31360602e-01 
 2.10450000e-06  5.31360602e-01 
 2.10550000e-06  5.31360602e-01 
 2.10650000e-06  5.31360602e-01 
 2.10750000e-06  5.31360602e-01 
 2.10850000e-06  5.31360602e-01 
 2.10950000e-06  5.31360602e-01 
 2.11050000e-06  5.31360602e-01 
 2.11150000e-06  5.31360602e-01 
 2.11250000e-06  5.31360602e-01 
 2.11350000e-06  5.31360602e-01 
 2.11450000e-06  5.31360602e-01 
 2.11550000e-06  5.31360602e-01 
 2.11650000e-06  5.31360602e-01 
 2.11750000e-06  5.31360602e-01 
 2.11850000e-06  5.31360602e-01 
 2.11950000e-06  5.31360602e-01 
 2.12050000e-06  5.31360602e-01 
 2.12150000e-06  5.31360602e-01 
 2.12250000e-06  5.31360602e-01 
 2.12350000e-06  5.31360602e-01 
 2.12450000e-06  5.31360602e-01 
 2.12550000e-06  5.31360602e-01 
 2.12650000e-06  5.31360602e-01 
 2.12750000e-06  5.31360602e-01 
 2.12850000e-06  5.31360602e-01 
 2.12950000e-06  5.31360602e-01 
 2.13050000e-06  5.31360602e-01 
 2.13150000e-06  5.31360602e-01 
 2.13250000e-06  5.31360602e-01 
 2.13350000e-06  5.31360602e-01 
 2.13450000e-06  5.31360602e-01 
 2.13550000e-06  5.31360602e-01 
 2.13650000e-06  5.31360602e-01 
 2.13750000e-06  5.31360602e-01 
 2.13850000e-06  5.31360602e-01 
 2.13950000e-06  5.31360602e-01 
 2.14050000e-06  5.31360602e-01 
 2.14150000e-06  5.31360602e-01 
 2.14250000e-06  5.31360602e-01 
 2.14350000e-06  5.31360602e-01 
 2.14450000e-06  5.31360602e-01 
 2.14550000e-06  5.31360602e-01 
 2.14650000e-06  5.31360602e-01 
 2.14750000e-06  5.31360602e-01 
 2.14850000e-06  5.31360602e-01 
 2.14950000e-06  5.31360602e-01 
 2.15050000e-06  5.31360602e-01 
 2.15150000e-06  5.31360602e-01 
 2.15250000e-06  5.31360602e-01 
 2.15350000e-06  5.31360602e-01 
 2.15450000e-06  5.31360602e-01 
 2.15550000e-06  5.31360602e-01 
 2.15650000e-06  5.31360602e-01 
 2.15750000e-06  5.31360602e-01 
 2.15850000e-06  5.31360602e-01 
 2.15950000e-06  5.31360602e-01 
 2.16050000e-06  5.31360602e-01 
 2.16150000e-06  5.31360602e-01 
 2.16250000e-06  5.31360602e-01 
 2.16350000e-06  5.31360602e-01 
 2.16450000e-06  5.31360602e-01 
 2.16550000e-06  5.31360602e-01 
 2.16650000e-06  5.31360602e-01 
 2.16750000e-06  5.31360602e-01 
 2.16850000e-06  5.31360602e-01 
 2.16950000e-06  5.31360602e-01 
 2.17050000e-06  5.31360602e-01 
 2.17150000e-06  5.31360602e-01 
 2.17250000e-06  5.31360602e-01 
 2.17350000e-06  5.31360602e-01 
 2.17450000e-06  5.31360602e-01 
 2.17550000e-06  5.31360602e-01 
 2.17650000e-06  5.31360602e-01 
 2.17750000e-06  5.31360602e-01 
 2.17850000e-06  5.31360602e-01 
 2.17950000e-06  5.31360602e-01 
 2.18050000e-06  5.31360602e-01 
 2.18150000e-06  5.31360602e-01 
 2.18250000e-06  5.31360602e-01 
 2.18350000e-06  5.31360602e-01 
 2.18450000e-06  5.31360602e-01 
 2.18550000e-06  5.31360602e-01 
 2.18650000e-06  5.31360602e-01 
 2.18750000e-06  5.31360602e-01 
 2.18850000e-06  5.31360602e-01 
 2.18950000e-06  5.31360602e-01 
 2.19050000e-06  5.31360602e-01 
 2.19150000e-06  5.31360602e-01 
 2.19250000e-06  5.31360602e-01 
 2.19350000e-06  5.31360602e-01 
 2.19450000e-06  5.31360602e-01 
 2.19550000e-06  5.31360602e-01 
 2.19650000e-06  5.31360602e-01 
 2.19750000e-06  5.31360602e-01 
 2.19850000e-06  5.31360602e-01 
 2.19950000e-06  5.31360602e-01 
 2.20050000e-06  5.31360602e-01 
 2.20150000e-06  5.31360602e-01 
 2.20250000e-06  5.31360602e-01 
 2.20350000e-06  5.31360602e-01 
 2.20450000e-06  5.31360602e-01 
 2.20550000e-06  5.31360602e-01 
 2.20650000e-06  5.31360602e-01 
 2.20750000e-06  5.31360602e-01 
 2.20850000e-06  5.31360602e-01 
 2.20950000e-06  5.31360602e-01 
 2.21050000e-06  5.31360602e-01 
 2.21150000e-06  5.31360602e-01 
 2.21250000e-06  5.31360602e-01 
 2.21350000e-06  5.31360602e-01 
 2.21450000e-06  5.31360602e-01 
 2.21550000e-06  5.31360602e-01 
 2.21650000e-06  5.31360602e-01 
 2.21750000e-06  5.31360602e-01 
 2.21850000e-06  5.31360602e-01 
 2.21950000e-06  5.31360602e-01 
 2.22050000e-06  5.31360602e-01 
 2.22150000e-06  5.31360602e-01 
 2.22250000e-06  5.31360602e-01 
 2.22350000e-06  5.31360602e-01 
 2.22450000e-06  5.31360602e-01 
 2.22550000e-06  5.31360602e-01 
 2.22650000e-06  5.31360602e-01 
 2.22750000e-06  5.31360602e-01 
 2.22850000e-06  5.31360602e-01 
 2.22950000e-06  5.31360602e-01 
 2.23050000e-06  5.31360602e-01 
 2.23150000e-06  5.31360602e-01 
 2.23250000e-06  5.31360602e-01 
 2.23350000e-06  5.31360602e-01 
 2.23450000e-06  5.31360602e-01 
 2.23550000e-06  5.31360602e-01 
 2.23650000e-06  5.31360602e-01 
 2.23750000e-06  5.31360602e-01 
 2.23850000e-06  5.31360602e-01 
 2.23950000e-06  5.31360602e-01 
 2.24050000e-06  5.31360602e-01 
 2.24150000e-06  5.31360602e-01 
 2.24250000e-06  5.31360602e-01 
 2.24350000e-06  5.31360602e-01 
 2.24450000e-06  5.31360602e-01 
 2.24550000e-06  5.31360602e-01 
 2.24650000e-06  5.31360602e-01 
 2.24750000e-06  5.31360602e-01 
 2.24850000e-06  5.31360602e-01 
 2.24950000e-06  5.31360602e-01 
 2.25050000e-06  5.31360602e-01 
 2.25150000e-06  5.31360602e-01 
 2.25250000e-06  5.31360602e-01 
 2.25350000e-06  5.31360602e-01 
 2.25450000e-06  5.31360602e-01 
 2.25550000e-06  5.31360602e-01 
 2.25650000e-06  5.31360602e-01 
 2.25750000e-06  5.31360602e-01 
 2.25850000e-06  5.31360602e-01 
 2.25950000e-06  5.31360602e-01 
 2.26050000e-06  5.31360602e-01 
 2.26150000e-06  5.31360602e-01 
 2.26250000e-06  5.31360602e-01 
 2.26350000e-06  5.31360602e-01 
 2.26450000e-06  5.31360602e-01 
 2.26550000e-06  5.31360602e-01 
 2.26650000e-06  5.31360602e-01 
 2.26750000e-06  5.31360602e-01 
 2.26850000e-06  5.31360602e-01 
 2.26950000e-06  5.31360602e-01 
 2.27050000e-06  5.31360602e-01 
 2.27150000e-06  5.31360602e-01 
 2.27250000e-06  5.31360602e-01 
 2.27350000e-06  5.31360602e-01 
 2.27450000e-06  5.31360602e-01 
 2.27550000e-06  5.31360602e-01 
 2.27650000e-06  5.31360602e-01 
 2.27750000e-06  5.31360602e-01 
 2.27850000e-06  5.31360602e-01 
 2.27950000e-06  5.31360602e-01 
 2.28050000e-06  5.31360602e-01 
 2.28150000e-06  5.31360602e-01 
 2.28250000e-06  5.31360602e-01 
 2.28350000e-06  5.31360602e-01 
 2.28450000e-06  5.31360602e-01 
 2.28550000e-06  5.31360602e-01 
 2.28650000e-06  5.31360602e-01 
 2.28750000e-06  5.31360602e-01 
 2.28850000e-06  5.31360602e-01 
 2.28950000e-06  5.31360602e-01 
 2.29050000e-06  5.31360602e-01 
 2.29150000e-06  5.31360602e-01 
 2.29250000e-06  5.31360602e-01 
 2.29350000e-06  5.31360602e-01 
 2.29450000e-06  5.31360602e-01 
 2.29550000e-06  5.31360602e-01 
 2.29650000e-06  5.31360602e-01 
 2.29750000e-06  5.31360602e-01 
 2.29850000e-06  5.31360602e-01 
 2.29950000e-06  5.31360602e-01 
 2.30050000e-06  5.31360602e-01 
 2.30150000e-06  5.31360602e-01 
 2.30250000e-06  5.31360602e-01 
 2.30350000e-06  5.31360602e-01 
 2.30450000e-06  5.31360602e-01 
 2.30550000e-06  5.31360602e-01 
 2.30650000e-06  5.31360602e-01 
 2.30750000e-06  5.31360602e-01 
 2.30850000e-06  5.31360602e-01 
 2.30950000e-06  5.31360602e-01 
 2.31050000e-06  5.31360602e-01 
 2.31150000e-06  5.31360602e-01 
 2.31250000e-06  5.31360602e-01 
 2.31350000e-06  5.31360602e-01 
 2.31450000e-06  5.31360602e-01 
 2.31550000e-06  5.31360602e-01 
 2.31650000e-06  5.31360602e-01 
 2.31750000e-06  5.31360602e-01 
 2.31850000e-06  5.31360602e-01 
 2.31950000e-06  5.31360602e-01 
 2.32050000e-06  5.31360602e-01 
 2.32150000e-06  5.31360602e-01 
 2.32250000e-06  5.31360602e-01 
 2.32350000e-06  5.31360602e-01 
 2.32450000e-06  5.31360602e-01 
 2.32550000e-06  5.31360602e-01 
 2.32650000e-06  5.31360602e-01 
 2.32750000e-06  5.31360602e-01 
 2.32850000e-06  5.31360602e-01 
 2.32950000e-06  5.31360602e-01 
 2.33050000e-06  5.31360602e-01 
 2.33150000e-06  5.31360602e-01 
 2.33250000e-06  5.31360602e-01 
 2.33350000e-06  5.31360602e-01 
 2.33450000e-06  5.31360602e-01 
 2.33550000e-06  5.31360602e-01 
 2.33650000e-06  5.31360602e-01 
 2.33750000e-06  5.31360602e-01 
 2.33850000e-06  5.31360602e-01 
 2.33950000e-06  5.31360602e-01 
 2.34050000e-06  5.31360602e-01 
 2.34150000e-06  5.31360602e-01 
 2.34250000e-06  5.31360602e-01 
 2.34350000e-06  5.31360602e-01 
 2.34450000e-06  5.31360602e-01 
 2.34550000e-06  5.31360602e-01 
 2.34650000e-06  5.31360602e-01 
 2.34750000e-06  5.31360602e-01 
 2.34850000e-06  5.31360602e-01 
 2.34950000e-06  5.31360602e-01 
 2.35050000e-06  5.31360602e-01 
 2.35150000e-06  5.31360602e-01 
 2.35250000e-06  5.31360602e-01 
 2.35350000e-06  5.31360602e-01 
 2.35450000e-06  5.31360602e-01 
 2.35550000e-06  5.31360602e-01 
 2.35650000e-06  5.31360602e-01 
 2.35750000e-06  5.31360602e-01 
 2.35850000e-06  5.31360602e-01 
 2.35950000e-06  5.31360602e-01 
 2.36050000e-06  5.31360602e-01 
 2.36150000e-06  5.31360602e-01 
 2.36250000e-06  5.31360602e-01 
 2.36350000e-06  5.31360602e-01 
 2.36450000e-06  5.31360602e-01 
 2.36550000e-06  5.31360602e-01 
 2.36650000e-06  5.31360602e-01 
 2.36750000e-06  5.31360602e-01 
 2.36850000e-06  5.31360602e-01 
 2.36950000e-06  5.31360602e-01 
 2.37050000e-06  5.31360602e-01 
 2.37150000e-06  5.31360602e-01 
 2.37250000e-06  5.31360602e-01 
 2.37350000e-06  5.31360602e-01 
 2.37450000e-06  5.31360602e-01 
 2.37550000e-06  5.31360602e-01 
 2.37650000e-06  5.31360602e-01 
 2.37750000e-06  5.31360602e-01 
 2.37850000e-06  5.31360602e-01 
 2.37950000e-06  5.31360602e-01 
 2.38050000e-06  5.31360602e-01 
 2.38150000e-06  5.31360602e-01 
 2.38250000e-06  5.31360602e-01 
 2.38350000e-06  5.31360602e-01 
 2.38450000e-06  5.31360602e-01 
 2.38550000e-06  5.31360602e-01 
 2.38650000e-06  5.31360602e-01 
 2.38750000e-06  5.31360602e-01 
 2.38850000e-06  5.31360602e-01 
 2.38950000e-06  5.31360602e-01 
 2.39050000e-06  5.31360602e-01 
 2.39150000e-06  5.31360602e-01 
 2.39250000e-06  5.31360602e-01 
 2.39350000e-06  5.31360602e-01 
 2.39450000e-06  5.31360602e-01 
 2.39550000e-06  5.31360602e-01 
 2.39650000e-06  5.31360602e-01 
 2.39750000e-06  5.31360602e-01 
 2.39850000e-06  5.31360602e-01 
 2.39950000e-06  5.31360602e-01 
 2.40050000e-06  5.31360602e-01 
 2.40150000e-06  5.31360602e-01 
 2.40250000e-06  5.31360602e-01 
 2.40350000e-06  5.31360602e-01 
 2.40450000e-06  5.31360602e-01 
 2.40550000e-06  5.31360602e-01 
 2.40650000e-06  5.31360602e-01 
 2.40750000e-06  5.31360602e-01 
 2.40850000e-06  5.31360602e-01 
 2.40950000e-06  5.31360602e-01 
 2.41050000e-06  5.31360602e-01 
 2.41150000e-06  5.31360602e-01 
 2.41250000e-06  5.31360602e-01 
 2.41350000e-06  5.31360602e-01 
 2.41450000e-06  5.31360602e-01 
 2.41550000e-06  5.31360602e-01 
 2.41650000e-06  5.31360602e-01 
 2.41750000e-06  5.31360602e-01 
 2.41850000e-06  5.31360602e-01 
 2.41950000e-06  5.31360602e-01 
 2.42050000e-06  5.31360602e-01 
 2.42150000e-06  5.31360602e-01 
 2.42250000e-06  5.31360602e-01 
 2.42350000e-06  5.31360602e-01 
 2.42450000e-06  5.31360602e-01 
 2.42550000e-06  5.31360602e-01 
 2.42650000e-06  5.31360602e-01 
 2.42750000e-06  5.31360602e-01 
 2.42850000e-06  5.31360602e-01 
 2.42950000e-06  5.31360602e-01 
 2.43050000e-06  5.31360602e-01 
 2.43150000e-06  5.31360602e-01 
 2.43250000e-06  5.31360602e-01 
 2.43350000e-06  5.31360602e-01 
 2.43450000e-06  5.31360602e-01 
 2.43550000e-06  5.31360602e-01 
 2.43650000e-06  5.31360602e-01 
 2.43750000e-06  5.31360602e-01 
 2.43850000e-06  5.31360602e-01 
 2.43950000e-06  5.31360602e-01 
 2.44050000e-06  5.31360602e-01 
 2.44150000e-06  5.31360602e-01 
 2.44250000e-06  5.31360602e-01 
 2.44350000e-06  5.31360602e-01 
 2.44450000e-06  5.31360602e-01 
 2.44550000e-06  5.31360602e-01 
 2.44650000e-06  5.31360602e-01 
 2.44750000e-06  5.31360602e-01 
 2.44850000e-06  5.31360602e-01 
 2.44950000e-06  5.31360602e-01 
 2.45050000e-06  5.31360602e-01 
 2.45150000e-06  5.31360602e-01 
 2.45250000e-06  5.31360602e-01 
 2.45350000e-06  5.31360602e-01 
 2.45450000e-06  5.31360602e-01 
 2.45550000e-06  5.31360602e-01 
 2.45650000e-06  5.31360602e-01 
 2.45750000e-06  5.31360602e-01 
 2.45850000e-06  5.31360602e-01 
 2.45950000e-06  5.31360602e-01 
 2.46050000e-06  5.31360602e-01 
 2.46150000e-06  5.31360602e-01 
 2.46250000e-06  5.31360602e-01 
 2.46350000e-06  5.31360602e-01 
 2.46450000e-06  5.31360602e-01 
 2.46550000e-06  5.31360602e-01 
 2.46650000e-06  5.31360602e-01 
 2.46750000e-06  5.31360602e-01 
 2.46850000e-06  5.31360602e-01 
 2.46950000e-06  5.31360602e-01 
 2.47050000e-06  5.31360602e-01 
 2.47150000e-06  5.31360602e-01 
 2.47250000e-06  5.31360602e-01 
 2.47350000e-06  5.31360602e-01 
 2.47450000e-06  5.31360602e-01 
 2.47550000e-06  5.31360602e-01 
 2.47650000e-06  5.31360602e-01 
 2.47750000e-06  5.31360602e-01 
 2.47850000e-06  5.31360602e-01 
 2.47950000e-06  5.31360602e-01 
 2.48050000e-06  5.31360602e-01 
 2.48150000e-06  5.31360602e-01 
 2.48250000e-06  5.31360602e-01 
 2.48350000e-06  5.31360602e-01 
 2.48450000e-06  5.31360602e-01 
 2.48550000e-06  5.31360602e-01 
 2.48650000e-06  5.31360602e-01 
 2.48750000e-06  5.31360602e-01 
 2.48850000e-06  5.31360602e-01 
 2.48950000e-06  5.31360602e-01 
 2.49050000e-06  5.31360602e-01 
 2.49150000e-06  5.31360602e-01 
 2.49250000e-06  5.31360602e-01 
 2.49350000e-06  5.31360602e-01 
 2.49450000e-06  5.31360602e-01 
 2.49550000e-06  5.31360602e-01 
 2.49650000e-06  5.31360602e-01 
 2.49750000e-06  5.31360602e-01 
 2.49850000e-06  5.31360602e-01 
 2.49950000e-06  5.31360602e-01 
 2.50000000e-06  5.31360602e-01 
 2.50010000e-06  5.31306102e-01 
 2.50030000e-06  5.31185722e-01 
 2.50070000e-06  5.30940319e-01 
 2.50150000e-06  5.30597117e-01 
 2.50250000e-06  5.30513216e-01 
 2.50350000e-06  5.30895336e-01 
 2.50450000e-06  5.31860384e-01 
 2.50550000e-06  5.33555472e-01 
 2.50650000e-06  5.36174309e-01 
 2.50750000e-06  5.39954003e-01 
 2.50850000e-06  5.45083127e-01 
 2.50950000e-06  5.51523880e-01 
 2.51000000e-06  5.55175486e-01 
 2.51010000e-06  5.55952466e-01 
 2.51030000e-06  5.57519470e-01 
 2.51070000e-06  5.60722448e-01 
 2.51150000e-06  5.67361517e-01 
 2.51250000e-06  5.76045625e-01 
 2.51350000e-06  5.85103138e-01 
 2.51450000e-06  5.94479329e-01 
 2.51550000e-06  6.04125600e-01 
 2.51650000e-06  6.13999584e-01 
 2.51750000e-06  6.24064692e-01 
 2.51850000e-06  6.34289623e-01 
 2.51950000e-06  6.44647785e-01 
 2.52050000e-06  6.55116715e-01 
 2.52150000e-06  6.65677531e-01 
 2.52250000e-06  6.76314423e-01 
 2.52350000e-06  6.87014193e-01 
 2.52450000e-06  6.97765855e-01 
 2.52550000e-06  7.08560285e-01 
 2.52650000e-06  7.19389918e-01 
 2.52750000e-06  7.30248490e-01 
 2.52850000e-06  7.41130823e-01 
 2.52950000e-06  7.52032640e-01 
 2.53050000e-06  7.62950413e-01 
 2.53150000e-06  7.73881231e-01 
 2.53250000e-06  7.84822696e-01 
 2.53350000e-06  7.95772834e-01 
 2.53450000e-06  8.06730016e-01 
 2.53550000e-06  8.17692905e-01 
 2.53650000e-06  8.28660400e-01 
 2.53750000e-06  8.39631594e-01 
 2.53850000e-06  8.50605742e-01 
 2.53950000e-06  8.61582231e-01 
 2.54050000e-06  8.72560558e-01 
 2.54150000e-06  8.83540307e-01 
 2.54250000e-06  8.94521140e-01 
 2.54350000e-06  9.05502774e-01 
 2.54450000e-06  9.16484980e-01 
 2.54550000e-06  9.27467569e-01 
 2.54650000e-06  9.38450384e-01 
 2.54750000e-06  9.49433299e-01 
 2.54850000e-06  9.60416206e-01 
 2.54950000e-06  9.71399019e-01 
 2.55050000e-06  9.82381667e-01 
 2.55150000e-06  9.93364091e-01 
 2.55250000e-06  1.00434624e+00 
 2.55350000e-06  1.01532808e+00 
 2.55450000e-06  1.02630957e+00 
 2.55550000e-06  1.03729069e+00 
 2.55650000e-06  1.04827142e+00 
 2.55750000e-06  1.05925172e+00 
 2.55850000e-06  1.07023160e+00 
 2.55950000e-06  1.08121103e+00 
 2.56050000e-06  1.09219001e+00 
 2.56150000e-06  1.10316853e+00 
 2.56250000e-06  1.11414657e+00 
 2.56350000e-06  1.12512413e+00 
 2.56450000e-06  1.13610121e+00 
 2.56550000e-06  1.14707780e+00 
 2.56650000e-06  1.15805389e+00 
 2.56750000e-06  1.16902949e+00 
 2.56850000e-06  1.18000458e+00 
 2.56950000e-06  1.19097917e+00 
 2.57050000e-06  1.20195325e+00 
 2.57150000e-06  1.21292682e+00 
 2.57250000e-06  1.22389988e+00 
 2.57350000e-06  1.23487242e+00 
 2.57450000e-06  1.24584443e+00 
 2.57550000e-06  1.25681593e+00 
 2.57650000e-06  1.26778690e+00 
 2.57750000e-06  1.27875734e+00 
 2.57850000e-06  1.28972725e+00 
 2.57950000e-06  1.30069662e+00 
 2.58050000e-06  1.31166546e+00 
 2.58150000e-06  1.32263376e+00 
 2.58250000e-06  1.33360151e+00 
 2.58350000e-06  1.34456872e+00 
 2.58450000e-06  1.35553538e+00 
 2.58550000e-06  1.36650148e+00 
 2.58650000e-06  1.37746703e+00 
 2.58750000e-06  1.38843202e+00 
 2.58850000e-06  1.39939644e+00 
 2.58950000e-06  1.41036030e+00 
 2.59050000e-06  1.42132359e+00 
 2.59150000e-06  1.43228630e+00 
 2.59250000e-06  1.44324844e+00 
 2.59350000e-06  1.45421000e+00 
 2.59450000e-06  1.46517096e+00 
 2.59550000e-06  1.47613134e+00 
 2.59650000e-06  1.48709113e+00 
 2.59750000e-06  1.49805032e+00 
 2.59850000e-06  1.50900891e+00 
 2.59950000e-06  1.51996689e+00 
 2.60050000e-06  1.53092426e+00 
 2.60150000e-06  1.54188102e+00 
 2.60250000e-06  1.55283716e+00 
 2.60350000e-06  1.56379267e+00 
 2.60450000e-06  1.57474756e+00 
 2.60550000e-06  1.58570181e+00 
 2.60650000e-06  1.59665543e+00 
 2.60750000e-06  1.60760841e+00 
 2.60850000e-06  1.61856075e+00 
 2.60950000e-06  1.62951243e+00 
 2.61050000e-06  1.64046346e+00 
 2.61150000e-06  1.65141383e+00 
 2.61250000e-06  1.66236354e+00 
 2.61350000e-06  1.67331259e+00 
 2.61450000e-06  1.68426096e+00 
 2.61550000e-06  1.69520865e+00 
 2.61650000e-06  1.70615567e+00 
 2.61750000e-06  1.71710200e+00 
 2.61850000e-06  1.72804765e+00 
 2.61950000e-06  1.73899260e+00 
 2.62050000e-06  1.74993686e+00 
 2.62150000e-06  1.76088043e+00 
 2.62250000e-06  1.77182328e+00 
 2.62350000e-06  1.78276544e+00 
 2.62450000e-06  1.79370688e+00 
 2.62550000e-06  1.80464761e+00 
 2.62650000e-06  1.81558762e+00 
 2.62750000e-06  1.82652692e+00 
 2.62850000e-06  1.83746548e+00 
 2.62950000e-06  1.84840332e+00 
 2.63050000e-06  1.85934043e+00 
 2.63150000e-06  1.87027680e+00 
 2.63250000e-06  1.88121243e+00 
 2.63350000e-06  1.89214731e+00 
 2.63450000e-06  1.90308144e+00 
 2.63550000e-06  1.91401482e+00 
 2.63650000e-06  1.92494743e+00 
 2.63750000e-06  1.93587928e+00 
 2.63850000e-06  1.94681035e+00 
 2.63950000e-06  1.95774065e+00 
 2.64050000e-06  1.96867016e+00 
 2.64150000e-06  1.97959888e+00 
 2.64250000e-06  1.99052680e+00 
 2.64350000e-06  2.00145391e+00 
 2.64450000e-06  2.01238021e+00 
 2.64550000e-06  2.02330568e+00 
 2.64650000e-06  2.03423032e+00 
 2.64750000e-06  2.04515412e+00 
 2.64850000e-06  2.05607707e+00 
 2.64950000e-06  2.06699916e+00 
 2.65050000e-06  2.07792038e+00 
 2.65150000e-06  2.08884072e+00 
 2.65250000e-06  2.09976017e+00 
 2.65350000e-06  2.11067871e+00 
 2.65450000e-06  2.12159633e+00 
 2.65550000e-06  2.13251303e+00 
 2.65650000e-06  2.14342878e+00 
 2.65750000e-06  2.15434357e+00 
 2.65850000e-06  2.16525738e+00 
 2.65950000e-06  2.17617021e+00 
 2.66050000e-06  2.18708203e+00 
 2.66150000e-06  2.19799283e+00 
 2.66250000e-06  2.20890259e+00 
 2.66350000e-06  2.21981128e+00 
 2.66450000e-06  2.23071889e+00 
 2.66550000e-06  2.24162540e+00 
 2.66650000e-06  2.25253078e+00 
 2.66750000e-06  2.26343500e+00 
 2.66850000e-06  2.27433805e+00 
 2.66950000e-06  2.28523990e+00 
 2.67050000e-06  2.29614050e+00 
 2.67150000e-06  2.30703985e+00 
 2.67250000e-06  2.31793789e+00 
 2.67350000e-06  2.32883460e+00 
 2.67450000e-06  2.33972993e+00 
 2.67550000e-06  2.35062385e+00 
 2.67650000e-06  2.36151631e+00 
 2.67750000e-06  2.37240727e+00 
 2.67850000e-06  2.38329666e+00 
 2.67950000e-06  2.39418444e+00 
 2.68050000e-06  2.40507055e+00 
 2.68150000e-06  2.41595491e+00 
 2.68250000e-06  2.42683746e+00 
 2.68350000e-06  2.43771812e+00 
 2.68450000e-06  2.44859680e+00 
 2.68550000e-06  2.45947341e+00 
 2.68650000e-06  2.47034783e+00 
 2.68750000e-06  2.48121996e+00 
 2.68850000e-06  2.49208966e+00 
 2.68950000e-06  2.50295680e+00 
 2.69050000e-06  2.51382121e+00 
 2.69150000e-06  2.52468270e+00 
 2.69250000e-06  2.53554109e+00 
 2.69350000e-06  2.54639613e+00 
 2.69450000e-06  2.55724757e+00 
 2.69550000e-06  2.56809511e+00 
 2.69650000e-06  2.57893842e+00 
 2.69750000e-06  2.58977711e+00 
 2.69850000e-06  2.60061073e+00 
 2.69950000e-06  2.61143878e+00 
 2.70050000e-06  2.62226066e+00 
 2.70150000e-06  2.63307568e+00 
 2.70250000e-06  2.64388303e+00 
 2.70350000e-06  2.65468179e+00 
 2.70450000e-06  2.66547085e+00 
 2.70550000e-06  2.67624893e+00 
 2.70650000e-06  2.68701455e+00 
 2.70750000e-06  2.69776594e+00 
 2.70850000e-06  2.70850109e+00 
 2.70950000e-06  2.71921762e+00 
 2.71050000e-06  2.72991281e+00 
 2.71150000e-06  2.74058356e+00 
 2.71250000e-06  2.75122633e+00 
 2.71350000e-06  2.76183715e+00 
 2.71450000e-06  2.77241163e+00 
 2.71550000e-06  2.78294494e+00 
 2.71650000e-06  2.79343185e+00 
 2.71750000e-06  2.80386680e+00 
 2.71850000e-06  2.81424392e+00 
 2.71950000e-06  2.82455709e+00 
 2.72050000e-06  2.83480007e+00 
 2.72150000e-06  2.84496650e+00 
 2.72250000e-06  2.85505004e+00 
 2.72350000e-06  2.86504442e+00 
 2.72450000e-06  2.87494351e+00 
 2.72550000e-06  2.88474138e+00 
 2.72650000e-06  2.89443237e+00 
 2.72750000e-06  2.90401112e+00 
 2.72850000e-06  2.91347261e+00 
 2.72950000e-06  2.92281218e+00 
 2.73050000e-06  2.93202557e+00 
 2.73150000e-06  2.94110886e+00 
 2.73250000e-06  2.95005855e+00 
 2.73350000e-06  2.95887150e+00 
 2.73450000e-06  2.96754492e+00 
 2.73550000e-06  2.97607640e+00 
 2.73650000e-06  2.98446383e+00 
 2.73750000e-06  2.99270543e+00 
 2.73850000e-06  3.00079971e+00 
 2.73950000e-06  3.00874546e+00 
 2.74050000e-06  3.01654175e+00 
 2.74150000e-06  3.02418786e+00 
 2.74250000e-06  3.03168334e+00 
 2.74350000e-06  3.03902794e+00 
 2.74450000e-06  3.04622161e+00 
 2.74550000e-06  3.05326450e+00 
 2.74650000e-06  3.06015695e+00 
 2.74750000e-06  3.06689945e+00 
 2.74850000e-06  3.07349267e+00 
 2.74950000e-06  3.07993743e+00 
 2.75050000e-06  3.08623467e+00 
 2.75150000e-06  3.09238548e+00 
 2.75250000e-06  3.09839109e+00 
 2.75350000e-06  3.10425282e+00 
 2.75450000e-06  3.10997210e+00 
 2.75550000e-06  3.11555050e+00 
 2.75650000e-06  3.12098963e+00 
 2.75750000e-06  3.12629122e+00 
 2.75850000e-06  3.13145709e+00 
 2.75950000e-06  3.13648910e+00 
 2.76050000e-06  3.14138921e+00 
 2.76150000e-06  3.14615943e+00 
 2.76250000e-06  3.15080181e+00 
 2.76350000e-06  3.15531848e+00 
 2.76450000e-06  3.15971157e+00 
 2.76550000e-06  3.16398330e+00 
 2.76650000e-06  3.16813589e+00 
 2.76750000e-06  3.17217158e+00 
 2.76850000e-06  3.17609266e+00 
 2.76950000e-06  3.17990142e+00 
 2.77050000e-06  3.18360016e+00 
 2.77150000e-06  3.18719121e+00 
 2.77250000e-06  3.19067688e+00 
 2.77350000e-06  3.19405949e+00 
 2.77450000e-06  3.19734137e+00 
 2.77550000e-06  3.20052481e+00 
 2.77650000e-06  3.20361214e+00 
 2.77750000e-06  3.20660563e+00 
 2.77850000e-06  3.20950755e+00 
 2.77950000e-06  3.21232017e+00 
 2.78050000e-06  3.21504572e+00 
 2.78150000e-06  3.21768642e+00 
 2.78250000e-06  3.22024444e+00 
 2.78350000e-06  3.22272195e+00 
 2.78450000e-06  3.22512108e+00 
 2.78550000e-06  3.22744393e+00 
 2.78650000e-06  3.22969257e+00 
 2.78750000e-06  3.23186905e+00 
 2.78850000e-06  3.23397535e+00 
 2.78950000e-06  3.23601345e+00 
 2.79050000e-06  3.23798529e+00 
 2.79150000e-06  3.23989275e+00 
 2.79250000e-06  3.24173770e+00 
 2.79350000e-06  3.24352196e+00 
 2.79450000e-06  3.24524731e+00 
 2.79550000e-06  3.24691550e+00 
 2.79650000e-06  3.24852823e+00 
 2.79750000e-06  3.25008718e+00 
 2.79850000e-06  3.25159396e+00 
 2.79950000e-06  3.25305019e+00 
 2.80050000e-06  3.25445740e+00 
 2.80150000e-06  3.25581711e+00 
 2.80250000e-06  3.25713081e+00 
 2.80350000e-06  3.25839993e+00 
 2.80450000e-06  3.25962588e+00 
 2.80550000e-06  3.26081001e+00 
 2.80650000e-06  3.26195368e+00 
 2.80750000e-06  3.26305815e+00 
 2.80850000e-06  3.26412471e+00 
 2.80950000e-06  3.26515457e+00 
 2.81050000e-06  3.26614892e+00 
 2.81150000e-06  3.26710891e+00 
 2.81250000e-06  3.26803568e+00 
 2.81350000e-06  3.26893032e+00 
 2.81450000e-06  3.26979387e+00 
 2.81550000e-06  3.27062738e+00 
 2.81650000e-06  3.27143183e+00 
 2.81750000e-06  3.27220821e+00 
 2.81850000e-06  3.27295744e+00 
 2.81950000e-06  3.27368043e+00 
 2.82050000e-06  3.27437808e+00 
 2.82150000e-06  3.27505123e+00 
 2.82250000e-06  3.27570071e+00 
 2.82350000e-06  3.27632733e+00 
 2.82450000e-06  3.27693186e+00 
 2.82550000e-06  3.27751506e+00 
 2.82650000e-06  3.27807766e+00 
 2.82750000e-06  3.27862036e+00 
 2.82850000e-06  3.27914385e+00 
 2.82950000e-06  3.27964878e+00 
 2.83050000e-06  3.28013580e+00 
 2.83150000e-06  3.28060553e+00 
 2.83250000e-06  3.28105856e+00 
 2.83350000e-06  3.28149547e+00 
 2.83450000e-06  3.28191683e+00 
 2.83550000e-06  3.28232318e+00 
 2.83650000e-06  3.28271503e+00 
 2.83750000e-06  3.28309290e+00 
 2.83850000e-06  3.28345728e+00 
 2.83950000e-06  3.28380863e+00 
 2.84050000e-06  3.28414742e+00 
 2.84150000e-06  3.28447408e+00 
 2.84250000e-06  3.28478905e+00 
 2.84350000e-06  3.28509272e+00 
 2.84450000e-06  3.28538552e+00 
 2.84550000e-06  3.28566780e+00 
 2.84650000e-06  3.28593996e+00 
 2.84750000e-06  3.28620234e+00 
 2.84850000e-06  3.28645529e+00 
 2.84950000e-06  3.28669915e+00 
 2.85050000e-06  3.28693424e+00 
 2.85150000e-06  3.28716087e+00 
 2.85250000e-06  3.28737935e+00 
 2.85350000e-06  3.28758995e+00 
 2.85450000e-06  3.28779297e+00 
 2.85550000e-06  3.28798867e+00 
 2.85650000e-06  3.28817732e+00 
 2.85750000e-06  3.28835916e+00 
 2.85850000e-06  3.28853444e+00 
 2.85950000e-06  3.28870339e+00 
 2.86050000e-06  3.28886624e+00 
 2.86150000e-06  3.28902321e+00 
 2.86250000e-06  3.28917452e+00 
 2.86350000e-06  3.28932035e+00 
 2.86450000e-06  3.28946091e+00 
 2.86550000e-06  3.28959639e+00 
 2.86650000e-06  3.28972697e+00 
 2.86750000e-06  3.28985282e+00 
 2.86850000e-06  3.28997412e+00 
 2.86950000e-06  3.29009104e+00 
 2.87050000e-06  3.29020371e+00 
 2.87150000e-06  3.29031231e+00 
 2.87250000e-06  3.29041698e+00 
 2.87350000e-06  3.29051785e+00 
 2.87450000e-06  3.29061507e+00 
 2.87550000e-06  3.29070877e+00 
 2.87650000e-06  3.29079907e+00 
 2.87750000e-06  3.29088609e+00 
 2.87850000e-06  3.29096997e+00 
 2.87950000e-06  3.29105080e+00 
 2.88050000e-06  3.29112869e+00 
 2.88150000e-06  3.29120377e+00 
 2.88250000e-06  3.29127611e+00 
 2.88350000e-06  3.29134584e+00 
 2.88450000e-06  3.29141303e+00 
 2.88550000e-06  3.29147779e+00 
 2.88650000e-06  3.29154019e+00 
 2.88750000e-06  3.29160033e+00 
 2.88850000e-06  3.29165829e+00 
 2.88950000e-06  3.29171414e+00 
 2.89050000e-06  3.29176796e+00 
 2.89150000e-06  3.29181983e+00 
 2.89250000e-06  3.29186981e+00 
 2.89350000e-06  3.29191798e+00 
 2.89450000e-06  3.29196440e+00 
 2.89550000e-06  3.29200913e+00 
 2.89650000e-06  3.29205224e+00 
 2.89750000e-06  3.29209378e+00 
 2.89850000e-06  3.29213381e+00 
 2.89950000e-06  3.29217238e+00 
 2.90050000e-06  3.29220956e+00 
 2.90150000e-06  3.29224538e+00 
 2.90250000e-06  3.29227990e+00 
 2.90350000e-06  3.29231316e+00 
 2.90450000e-06  3.29234522e+00 
 2.90550000e-06  3.29237611e+00 
 2.90650000e-06  3.29240587e+00 
 2.90750000e-06  3.29243456e+00 
 2.90850000e-06  3.29246220e+00 
 2.90950000e-06  3.29248884e+00 
 2.91050000e-06  3.29251450e+00 
 2.91150000e-06  3.29253924e+00 
 2.91250000e-06  3.29256307e+00 
 2.91350000e-06  3.29258604e+00 
 2.91450000e-06  3.29260817e+00 
 2.91550000e-06  3.29262950e+00 
 2.91650000e-06  3.29265005e+00 
 2.91750000e-06  3.29266985e+00 
 2.91850000e-06  3.29268893e+00 
 2.91950000e-06  3.29270732e+00 
 2.92050000e-06  3.29272504e+00 
 2.92150000e-06  3.29274212e+00 
 2.92250000e-06  3.29275857e+00 
 2.92350000e-06  3.29277442e+00 
 2.92450000e-06  3.29278970e+00 
 2.92550000e-06  3.29280442e+00 
 2.92650000e-06  3.29281861e+00 
 2.92750000e-06  3.29283228e+00 
 2.92850000e-06  3.29284545e+00 
 2.92950000e-06  3.29285814e+00 
 2.93050000e-06  3.29287037e+00 
 2.93150000e-06  3.29288216e+00 
 2.93250000e-06  3.29289352e+00 
 2.93350000e-06  3.29290446e+00 
 2.93450000e-06  3.29291500e+00 
 2.93550000e-06  3.29292517e+00 
 2.93650000e-06  3.29293496e+00 
 2.93750000e-06  3.29294439e+00 
 2.93850000e-06  3.29295348e+00 
 2.93950000e-06  3.29296224e+00 
 2.94050000e-06  3.29297069e+00 
 2.94150000e-06  3.29297882e+00 
 2.94250000e-06  3.29298666e+00 
 2.94350000e-06  3.29299421e+00 
 2.94450000e-06  3.29300149e+00 
 2.94550000e-06  3.29300850e+00 
 2.94650000e-06  3.29301526e+00 
 2.94750000e-06  3.29302177e+00 
 2.94850000e-06  3.29302805e+00 
 2.94950000e-06  3.29303409e+00 
 2.95050000e-06  3.29303992e+00 
 2.95150000e-06  3.29304553e+00 
 2.95250000e-06  3.29305094e+00 
 2.95350000e-06  3.29305615e+00 
 2.95450000e-06  3.29306118e+00 
 2.95550000e-06  3.29306602e+00 
 2.95650000e-06  3.29307068e+00 
 2.95750000e-06  3.29307517e+00 
 2.95850000e-06  3.29307950e+00 
 2.95950000e-06  3.29308368e+00 
 2.96050000e-06  3.29308770e+00 
 2.96150000e-06  3.29309157e+00 
 2.96250000e-06  3.29309530e+00 
 2.96350000e-06  3.29309890e+00 
 2.96450000e-06  3.29310237e+00 
 2.96550000e-06  3.29310571e+00 
 2.96650000e-06  3.29310893e+00 
 2.96750000e-06  3.29311203e+00 
 2.96850000e-06  3.29311502e+00 
 2.96950000e-06  3.29311790e+00 
 2.97050000e-06  3.29312067e+00 
 2.97150000e-06  3.29312334e+00 
 2.97250000e-06  3.29312592e+00 
 2.97350000e-06  3.29312840e+00 
 2.97450000e-06  3.29313079e+00 
 2.97550000e-06  3.29313310e+00 
 2.97650000e-06  3.29313532e+00 
 2.97750000e-06  3.29313746e+00 
 2.97850000e-06  3.29313952e+00 
 2.97950000e-06  3.29314151e+00 
 2.98050000e-06  3.29314342e+00 
 2.98150000e-06  3.29314527e+00 
 2.98250000e-06  3.29314705e+00 
 2.98350000e-06  3.29314876e+00 
 2.98450000e-06  3.29315041e+00 
 2.98550000e-06  3.29315200e+00 
 2.98650000e-06  3.29315353e+00 
 2.98750000e-06  3.29315501e+00 
 2.98850000e-06  3.29315643e+00 
 2.98950000e-06  3.29315781e+00 
 2.99050000e-06  3.29315913e+00 
 2.99150000e-06  3.29316040e+00 
 2.99250000e-06  3.29316163e+00 
 2.99350000e-06  3.29316281e+00 
 2.99450000e-06  3.29316395e+00 
 2.99550000e-06  3.29316505e+00 
 2.99650000e-06  3.29316610e+00 
 2.99750000e-06  3.29316712e+00 
 2.99850000e-06  3.29316810e+00 
 2.99950000e-06  3.29316905e+00 
 3.00050000e-06  3.29316996e+00 
 3.00150000e-06  3.29317084e+00 
 3.00250000e-06  3.29317169e+00 
 3.00350000e-06  3.29317250e+00 
 3.00450000e-06  3.29317329e+00 
 3.00550000e-06  3.29317405e+00 
 3.00650000e-06  3.29317478e+00 
 3.00750000e-06  3.29317548e+00 
 3.00850000e-06  3.29317616e+00 
 3.00950000e-06  3.29317681e+00 
 3.01050000e-06  3.29317744e+00 
 3.01150000e-06  3.29317805e+00 
 3.01250000e-06  3.29317863e+00 
 3.01350000e-06  3.29317919e+00 
 3.01450000e-06  3.29317974e+00 
 3.01550000e-06  3.29318026e+00 
 3.01650000e-06  3.29318076e+00 
 3.01750000e-06  3.29318125e+00 
 3.01850000e-06  3.29318172e+00 
 3.01950000e-06  3.29318217e+00 
 3.02050000e-06  3.29318260e+00 
 3.02150000e-06  3.29318302e+00 
 3.02250000e-06  3.29318342e+00 
 3.02350000e-06  3.29318381e+00 
 3.02450000e-06  3.29318418e+00 
 3.02550000e-06  3.29318454e+00 
 3.02650000e-06  3.29318489e+00 
 3.02750000e-06  3.29318523e+00 
 3.02850000e-06  3.29318555e+00 
 3.02950000e-06  3.29318586e+00 
 3.03050000e-06  3.29318616e+00 
 3.03150000e-06  3.29318645e+00 
 3.03250000e-06  3.29318673e+00 
 3.03350000e-06  3.29318700e+00 
 3.03450000e-06  3.29318725e+00 
 3.03550000e-06  3.29318750e+00 
 3.03650000e-06  3.29318774e+00 
 3.03750000e-06  3.29318797e+00 
 3.03850000e-06  3.29318820e+00 
 3.03950000e-06  3.29318841e+00 
 3.04050000e-06  3.29318862e+00 
 3.04150000e-06  3.29318882e+00 
 3.04250000e-06  3.29318901e+00 
 3.04350000e-06  3.29318919e+00 
 3.04450000e-06  3.29318937e+00 
 3.04550000e-06  3.29318954e+00 
 3.04650000e-06  3.29318971e+00 
 3.04750000e-06  3.29318987e+00 
 3.04850000e-06  3.29319002e+00 
 3.04950000e-06  3.29319017e+00 
 3.05050000e-06  3.29319031e+00 
 3.05150000e-06  3.29319045e+00 
 3.05250000e-06  3.29319058e+00 
 3.05350000e-06  3.29319071e+00 
 3.05450000e-06  3.29319083e+00 
 3.05550000e-06  3.29319095e+00 
 3.05650000e-06  3.29319107e+00 
 3.05750000e-06  3.29319118e+00 
 3.05850000e-06  3.29319128e+00 
 3.05950000e-06  3.29319138e+00 
 3.06050000e-06  3.29319148e+00 
 3.06150000e-06  3.29319158e+00 
 3.06250000e-06  3.29319167e+00 
 3.06350000e-06  3.29319176e+00 
 3.06450000e-06  3.29319184e+00 
 3.06550000e-06  3.29319192e+00 
 3.06650000e-06  3.29319200e+00 
 3.06750000e-06  3.29319208e+00 
 3.06850000e-06  3.29319215e+00 
 3.06950000e-06  3.29319222e+00 
 3.07050000e-06  3.29319229e+00 
 3.07150000e-06  3.29319236e+00 
 3.07250000e-06  3.29319242e+00 
 3.07350000e-06  3.29319248e+00 
 3.07450000e-06  3.29319254e+00 
 3.07550000e-06  3.29319259e+00 
 3.07650000e-06  3.29319265e+00 
 3.07750000e-06  3.29319270e+00 
 3.07850000e-06  3.29319275e+00 
 3.07950000e-06  3.29319280e+00 
 3.08050000e-06  3.29319285e+00 
 3.08150000e-06  3.29319289e+00 
 3.08250000e-06  3.29319294e+00 
 3.08350000e-06  3.29319298e+00 
 3.08450000e-06  3.29319302e+00 
 3.08550000e-06  3.29319306e+00 
 3.08650000e-06  3.29319310e+00 
 3.08750000e-06  3.29319313e+00 
 3.08850000e-06  3.29319317e+00 
 3.08950000e-06  3.29319320e+00 
 3.09050000e-06  3.29319323e+00 
 3.09150000e-06  3.29319326e+00 
 3.09250000e-06  3.29319329e+00 
 3.09350000e-06  3.29319332e+00 
 3.09450000e-06  3.29319335e+00 
 3.09550000e-06  3.29319338e+00 
 3.09650000e-06  3.29319340e+00 
 3.09750000e-06  3.29319343e+00 
 3.09850000e-06  3.29319345e+00 
 3.09950000e-06  3.29319347e+00 
 3.10050000e-06  3.29319350e+00 
 3.10150000e-06  3.29319352e+00 
 3.10250000e-06  3.29319354e+00 
 3.10350000e-06  3.29319356e+00 
 3.10450000e-06  3.29319358e+00 
 3.10550000e-06  3.29319360e+00 
 3.10650000e-06  3.29319362e+00 
 3.10750000e-06  3.29319363e+00 
 3.10850000e-06  3.29319365e+00 
 3.10950000e-06  3.29319366e+00 
 3.11050000e-06  3.29319368e+00 
 3.11150000e-06  3.29319370e+00 
 3.11250000e-06  3.29319371e+00 
 3.11350000e-06  3.29319372e+00 
 3.11450000e-06  3.29319374e+00 
 3.11550000e-06  3.29319375e+00 
 3.11650000e-06  3.29319376e+00 
 3.11750000e-06  3.29319377e+00 
 3.11850000e-06  3.29319378e+00 
 3.11950000e-06  3.29319380e+00 
 3.12050000e-06  3.29319381e+00 
 3.12150000e-06  3.29319382e+00 
 3.12250000e-06  3.29319383e+00 
 3.12350000e-06  3.29319384e+00 
 3.12450000e-06  3.29319385e+00 
 3.12550000e-06  3.29319385e+00 
 3.12650000e-06  3.29319386e+00 
 3.12750000e-06  3.29319387e+00 
 3.12850000e-06  3.29319388e+00 
 3.12950000e-06  3.29319389e+00 
 3.13050000e-06  3.29319389e+00 
 3.13150000e-06  3.29319390e+00 
 3.13250000e-06  3.29319391e+00 
 3.13350000e-06  3.29319391e+00 
 3.13450000e-06  3.29319392e+00 
 3.13550000e-06  3.29319393e+00 
 3.13650000e-06  3.29319393e+00 
 3.13750000e-06  3.29319394e+00 
 3.13850000e-06  3.29319394e+00 
 3.13950000e-06  3.29319395e+00 
 3.14050000e-06  3.29319395e+00 
 3.14150000e-06  3.29319396e+00 
 3.14250000e-06  3.29319396e+00 
 3.14350000e-06  3.29319397e+00 
 3.14450000e-06  3.29319397e+00 
 3.14550000e-06  3.29319398e+00 
 3.14650000e-06  3.29319398e+00 
 3.14750000e-06  3.29319398e+00 
 3.14850000e-06  3.29319399e+00 
 3.14950000e-06  3.29319399e+00 
 3.15050000e-06  3.29319400e+00 
 3.15150000e-06  3.29319400e+00 
 3.15250000e-06  3.29319400e+00 
 3.15350000e-06  3.29319401e+00 
 3.15450000e-06  3.29319401e+00 
 3.15550000e-06  3.29319401e+00 
 3.15650000e-06  3.29319401e+00 
 3.15750000e-06  3.29319402e+00 
 3.15850000e-06  3.29319402e+00 
 3.15950000e-06  3.29319402e+00 
 3.16050000e-06  3.29319402e+00 
 3.16150000e-06  3.29319403e+00 
 3.16250000e-06  3.29319403e+00 
 3.16350000e-06  3.29319403e+00 
 3.16450000e-06  3.29319403e+00 
 3.16550000e-06  3.29319403e+00 
 3.16650000e-06  3.29319404e+00 
 3.16750000e-06  3.29319404e+00 
 3.16850000e-06  3.29319404e+00 
 3.16950000e-06  3.29319404e+00 
 3.17050000e-06  3.29319404e+00 
 3.17150000e-06  3.29319405e+00 
 3.17250000e-06  3.29319405e+00 
 3.17350000e-06  3.29319405e+00 
 3.17450000e-06  3.29319405e+00 
 3.17550000e-06  3.29319405e+00 
 3.17650000e-06  3.29319405e+00 
 3.17750000e-06  3.29319405e+00 
 3.17850000e-06  3.29319406e+00 
 3.17950000e-06  3.29319406e+00 
 3.18050000e-06  3.29319406e+00 
 3.18150000e-06  3.29319406e+00 
 3.18250000e-06  3.29319406e+00 
 3.18350000e-06  3.29319406e+00 
 3.18450000e-06  3.29319406e+00 
 3.18550000e-06  3.29319406e+00 
 3.18650000e-06  3.29319406e+00 
 3.18750000e-06  3.29319406e+00 
 3.18850000e-06  3.29319407e+00 
 3.18950000e-06  3.29319407e+00 
 3.19050000e-06  3.29319407e+00 
 3.19150000e-06  3.29319407e+00 
 3.19250000e-06  3.29319407e+00 
 3.19350000e-06  3.29319407e+00 
 3.19450000e-06  3.29319407e+00 
 3.19550000e-06  3.29319407e+00 
 3.19650000e-06  3.29319407e+00 
 3.19750000e-06  3.29319407e+00 
 3.19850000e-06  3.29319407e+00 
 3.19950000e-06  3.29319407e+00 
 3.20050000e-06  3.29319407e+00 
 3.20150000e-06  3.29319407e+00 
 3.20250000e-06  3.29319407e+00 
 3.20350000e-06  3.29319407e+00 
 3.20450000e-06  3.29319408e+00 
 3.20550000e-06  3.29319408e+00 
 3.20650000e-06  3.29319408e+00 
 3.20750000e-06  3.29319408e+00 
 3.20850000e-06  3.29319408e+00 
 3.20950000e-06  3.29319408e+00 
 3.21050000e-06  3.29319408e+00 
 3.21150000e-06  3.29319408e+00 
 3.21250000e-06  3.29319408e+00 
 3.21350000e-06  3.29319408e+00 
 3.21450000e-06  3.29319408e+00 
 3.21550000e-06  3.29319408e+00 
 3.21650000e-06  3.29319408e+00 
 3.21750000e-06  3.29319408e+00 
 3.21850000e-06  3.29319408e+00 
 3.21950000e-06  3.29319408e+00 
 3.22050000e-06  3.29319408e+00 
 3.22150000e-06  3.29319408e+00 
 3.22250000e-06  3.29319408e+00 
 3.22350000e-06  3.29319408e+00 
 3.22450000e-06  3.29319408e+00 
 3.22550000e-06  3.29319408e+00 
 3.22650000e-06  3.29319408e+00 
 3.22750000e-06  3.29319408e+00 
 3.22850000e-06  3.29319408e+00 
 3.22950000e-06  3.29319408e+00 
 3.23050000e-06  3.29319408e+00 
 3.23150000e-06  3.29319408e+00 
 3.23250000e-06  3.29319408e+00 
 3.23350000e-06  3.29319408e+00 
 3.23450000e-06  3.29319408e+00 
 3.23550000e-06  3.29319408e+00 
 3.23650000e-06  3.29319408e+00 
 3.23750000e-06  3.29319408e+00 
 3.23850000e-06  3.29319408e+00 
 3.23950000e-06  3.29319408e+00 
 3.24050000e-06  3.29319408e+00 
 3.24150000e-06  3.29319408e+00 
 3.24250000e-06  3.29319408e+00 
 3.24350000e-06  3.29319408e+00 
 3.24450000e-06  3.29319409e+00 
 3.24550000e-06  3.29319409e+00 
 3.24650000e-06  3.29319409e+00 
 3.24750000e-06  3.29319409e+00 
 3.24850000e-06  3.29319409e+00 
 3.24950000e-06  3.29319409e+00 
 3.25050000e-06  3.29319409e+00 
 3.25150000e-06  3.29319409e+00 
 3.25250000e-06  3.29319409e+00 
 3.25350000e-06  3.29319409e+00 
 3.25450000e-06  3.29319409e+00 
 3.25550000e-06  3.29319409e+00 
 3.25650000e-06  3.29319409e+00 
 3.25750000e-06  3.29319409e+00 
 3.25850000e-06  3.29319409e+00 
 3.25950000e-06  3.29319409e+00 
 3.26050000e-06  3.29319409e+00 
 3.26150000e-06  3.29319409e+00 
 3.26250000e-06  3.29319409e+00 
 3.26350000e-06  3.29319409e+00 
 3.26450000e-06  3.29319409e+00 
 3.26550000e-06  3.29319409e+00 
 3.26650000e-06  3.29319409e+00 
 3.26750000e-06  3.29319409e+00 
 3.26850000e-06  3.29319409e+00 
 3.26950000e-06  3.29319409e+00 
 3.27050000e-06  3.29319409e+00 
 3.27150000e-06  3.29319409e+00 
 3.27250000e-06  3.29319409e+00 
 3.27350000e-06  3.29319409e+00 
 3.27450000e-06  3.29319409e+00 
 3.27550000e-06  3.29319409e+00 
 3.27650000e-06  3.29319409e+00 
 3.27750000e-06  3.29319409e+00 
 3.27850000e-06  3.29319409e+00 
 3.27950000e-06  3.29319409e+00 
 3.28050000e-06  3.29319409e+00 
 3.28150000e-06  3.29319409e+00 
 3.28250000e-06  3.29319409e+00 
 3.28350000e-06  3.29319409e+00 
 3.28450000e-06  3.29319409e+00 
 3.28550000e-06  3.29319409e+00 
 3.28650000e-06  3.29319409e+00 
 3.28750000e-06  3.29319409e+00 
 3.28850000e-06  3.29319409e+00 
 3.28950000e-06  3.29319409e+00 
 3.29050000e-06  3.29319409e+00 
 3.29150000e-06  3.29319409e+00 
 3.29250000e-06  3.29319409e+00 
 3.29350000e-06  3.29319409e+00 
 3.29450000e-06  3.29319409e+00 
 3.29550000e-06  3.29319409e+00 
 3.29650000e-06  3.29319409e+00 
 3.29750000e-06  3.29319409e+00 
 3.29850000e-06  3.29319409e+00 
 3.29950000e-06  3.29319409e+00 
 3.30050000e-06  3.29319409e+00 
 3.30150000e-06  3.29319409e+00 
 3.30250000e-06  3.29319409e+00 
 3.30350000e-06  3.29319409e+00 
 3.30450000e-06  3.29319409e+00 
 3.30550000e-06  3.29319409e+00 
 3.30650000e-06  3.29319409e+00 
 3.30750000e-06  3.29319409e+00 
 3.30850000e-06  3.29319409e+00 
 3.30950000e-06  3.29319409e+00 
 3.31050000e-06  3.29319409e+00 
 3.31150000e-06  3.29319409e+00 
 3.31250000e-06  3.29319409e+00 
 3.31350000e-06  3.29319409e+00 
 3.31450000e-06  3.29319409e+00 
 3.31550000e-06  3.29319409e+00 
 3.31650000e-06  3.29319409e+00 
 3.31750000e-06  3.29319409e+00 
 3.31850000e-06  3.29319409e+00 
 3.31950000e-06  3.29319409e+00 
 3.32050000e-06  3.29319409e+00 
 3.32150000e-06  3.29319409e+00 
 3.32250000e-06  3.29319409e+00 
 3.32350000e-06  3.29319409e+00 
 3.32450000e-06  3.29319409e+00 
 3.32550000e-06  3.29319409e+00 
 3.32650000e-06  3.29319409e+00 
 3.32750000e-06  3.29319409e+00 
 3.32850000e-06  3.29319409e+00 
 3.32950000e-06  3.29319409e+00 
 3.33050000e-06  3.29319409e+00 
 3.33150000e-06  3.29319409e+00 
 3.33250000e-06  3.29319409e+00 
 3.33350000e-06  3.29319409e+00 
 3.33450000e-06  3.29319409e+00 
 3.33550000e-06  3.29319409e+00 
 3.33650000e-06  3.29319409e+00 
 3.33750000e-06  3.29319409e+00 
 3.33850000e-06  3.29319409e+00 
 3.33950000e-06  3.29319409e+00 
 3.34050000e-06  3.29319409e+00 
 3.34150000e-06  3.29319409e+00 
 3.34250000e-06  3.29319409e+00 
 3.34350000e-06  3.29319409e+00 
 3.34450000e-06  3.29319409e+00 
 3.34550000e-06  3.29319409e+00 
 3.34650000e-06  3.29319409e+00 
 3.34750000e-06  3.29319409e+00 
 3.34850000e-06  3.29319409e+00 
 3.34950000e-06  3.29319409e+00 
 3.35050000e-06  3.29319409e+00 
 3.35150000e-06  3.29319409e+00 
 3.35250000e-06  3.29319409e+00 
 3.35350000e-06  3.29319409e+00 
 3.35450000e-06  3.29319409e+00 
 3.35550000e-06  3.29319409e+00 
 3.35650000e-06  3.29319409e+00 
 3.35750000e-06  3.29319409e+00 
 3.35850000e-06  3.29319409e+00 
 3.35950000e-06  3.29319409e+00 
 3.36050000e-06  3.29319409e+00 
 3.36150000e-06  3.29319409e+00 
 3.36250000e-06  3.29319409e+00 
 3.36350000e-06  3.29319409e+00 
 3.36450000e-06  3.29319409e+00 
 3.36550000e-06  3.29319409e+00 
 3.36650000e-06  3.29319409e+00 
 3.36750000e-06  3.29319409e+00 
 3.36850000e-06  3.29319409e+00 
 3.36950000e-06  3.29319409e+00 
 3.37050000e-06  3.29319409e+00 
 3.37150000e-06  3.29319409e+00 
 3.37250000e-06  3.29319409e+00 
 3.37350000e-06  3.29319409e+00 
 3.37450000e-06  3.29319409e+00 
 3.37550000e-06  3.29319409e+00 
 3.37650000e-06  3.29319409e+00 
 3.37750000e-06  3.29319409e+00 
 3.37850000e-06  3.29319409e+00 
 3.37950000e-06  3.29319409e+00 
 3.38050000e-06  3.29319409e+00 
 3.38150000e-06  3.29319409e+00 
 3.38250000e-06  3.29319409e+00 
 3.38350000e-06  3.29319409e+00 
 3.38450000e-06  3.29319409e+00 
 3.38550000e-06  3.29319409e+00 
 3.38650000e-06  3.29319409e+00 
 3.38750000e-06  3.29319409e+00 
 3.38850000e-06  3.29319409e+00 
 3.38950000e-06  3.29319409e+00 
 3.39050000e-06  3.29319409e+00 
 3.39150000e-06  3.29319409e+00 
 3.39250000e-06  3.29319409e+00 
 3.39350000e-06  3.29319409e+00 
 3.39450000e-06  3.29319409e+00 
 3.39550000e-06  3.29319409e+00 
 3.39650000e-06  3.29319409e+00 
 3.39750000e-06  3.29319409e+00 
 3.39850000e-06  3.29319409e+00 
 3.39950000e-06  3.29319409e+00 
 3.40050000e-06  3.29319409e+00 
 3.40150000e-06  3.29319409e+00 
 3.40250000e-06  3.29319409e+00 
 3.40350000e-06  3.29319409e+00 
 3.40450000e-06  3.29319409e+00 
 3.40550000e-06  3.29319409e+00 
 3.40650000e-06  3.29319409e+00 
 3.40750000e-06  3.29319409e+00 
 3.40850000e-06  3.29319409e+00 
 3.40950000e-06  3.29319409e+00 
 3.41050000e-06  3.29319409e+00 
 3.41150000e-06  3.29319409e+00 
 3.41250000e-06  3.29319409e+00 
 3.41350000e-06  3.29319409e+00 
 3.41450000e-06  3.29319409e+00 
 3.41550000e-06  3.29319409e+00 
 3.41650000e-06  3.29319409e+00 
 3.41750000e-06  3.29319409e+00 
 3.41850000e-06  3.29319409e+00 
 3.41950000e-06  3.29319409e+00 
 3.42050000e-06  3.29319409e+00 
 3.42150000e-06  3.29319409e+00 
 3.42250000e-06  3.29319409e+00 
 3.42350000e-06  3.29319409e+00 
 3.42450000e-06  3.29319409e+00 
 3.42550000e-06  3.29319409e+00 
 3.42650000e-06  3.29319409e+00 
 3.42750000e-06  3.29319409e+00 
 3.42850000e-06  3.29319409e+00 
 3.42950000e-06  3.29319409e+00 
 3.43050000e-06  3.29319409e+00 
 3.43150000e-06  3.29319409e+00 
 3.43250000e-06  3.29319409e+00 
 3.43350000e-06  3.29319409e+00 
 3.43450000e-06  3.29319409e+00 
 3.43550000e-06  3.29319409e+00 
 3.43650000e-06  3.29319409e+00 
 3.43750000e-06  3.29319409e+00 
 3.43850000e-06  3.29319409e+00 
 3.43950000e-06  3.29319409e+00 
 3.44050000e-06  3.29319409e+00 
 3.44150000e-06  3.29319409e+00 
 3.44250000e-06  3.29319409e+00 
 3.44350000e-06  3.29319409e+00 
 3.44450000e-06  3.29319409e+00 
 3.44550000e-06  3.29319409e+00 
 3.44650000e-06  3.29319409e+00 
 3.44750000e-06  3.29319409e+00 
 3.44850000e-06  3.29319409e+00 
 3.44950000e-06  3.29319409e+00 
 3.45050000e-06  3.29319409e+00 
 3.45150000e-06  3.29319409e+00 
 3.45250000e-06  3.29319409e+00 
 3.45350000e-06  3.29319409e+00 
 3.45450000e-06  3.29319409e+00 
 3.45550000e-06  3.29319409e+00 
 3.45650000e-06  3.29319409e+00 
 3.45750000e-06  3.29319409e+00 
 3.45850000e-06  3.29319409e+00 
 3.45950000e-06  3.29319409e+00 
 3.46050000e-06  3.29319409e+00 
 3.46150000e-06  3.29319409e+00 
 3.46250000e-06  3.29319409e+00 
 3.46350000e-06  3.29319409e+00 
 3.46450000e-06  3.29319409e+00 
 3.46550000e-06  3.29319409e+00 
 3.46650000e-06  3.29319409e+00 
 3.46750000e-06  3.29319409e+00 
 3.46850000e-06  3.29319409e+00 
 3.46950000e-06  3.29319409e+00 
 3.47050000e-06  3.29319409e+00 
 3.47150000e-06  3.29319409e+00 
 3.47250000e-06  3.29319409e+00 
 3.47350000e-06  3.29319409e+00 
 3.47450000e-06  3.29319409e+00 
 3.47550000e-06  3.29319409e+00 
 3.47650000e-06  3.29319409e+00 
 3.47750000e-06  3.29319409e+00 
 3.47850000e-06  3.29319409e+00 
 3.47950000e-06  3.29319409e+00 
 3.48050000e-06  3.29319409e+00 
 3.48150000e-06  3.29319409e+00 
 3.48250000e-06  3.29319409e+00 
 3.48350000e-06  3.29319409e+00 
 3.48450000e-06  3.29319409e+00 
 3.48550000e-06  3.29319409e+00 
 3.48650000e-06  3.29319409e+00 
 3.48750000e-06  3.29319409e+00 
 3.48850000e-06  3.29319409e+00 
 3.48950000e-06  3.29319409e+00 
 3.49050000e-06  3.29319409e+00 
 3.49150000e-06  3.29319409e+00 
 3.49250000e-06  3.29319409e+00 
 3.49350000e-06  3.29319409e+00 
 3.49450000e-06  3.29319409e+00 
 3.49550000e-06  3.29319409e+00 
 3.49650000e-06  3.29319409e+00 
 3.49750000e-06  3.29319409e+00 
 3.49850000e-06  3.29319409e+00 
 3.49950000e-06  3.29319409e+00 
 3.50050000e-06  3.29319409e+00 
 3.50150000e-06  3.29319409e+00 
 3.50250000e-06  3.29319409e+00 
 3.50350000e-06  3.29319409e+00 
 3.50450000e-06  3.29319409e+00 
 3.50550000e-06  3.29319409e+00 
 3.50650000e-06  3.29319409e+00 
 3.50750000e-06  3.29319409e+00 
 3.50850000e-06  3.29319409e+00 
 3.50950000e-06  3.29319409e+00 
 3.51050000e-06  3.29319409e+00 
 3.51150000e-06  3.29319409e+00 
 3.51250000e-06  3.29319409e+00 
 3.51350000e-06  3.29319409e+00 
 3.51450000e-06  3.29319409e+00 
 3.51550000e-06  3.29319409e+00 
 3.51650000e-06  3.29319409e+00 
 3.51750000e-06  3.29319409e+00 
 3.51850000e-06  3.29319409e+00 
 3.51950000e-06  3.29319409e+00 
 3.52050000e-06  3.29319409e+00 
 3.52150000e-06  3.29319409e+00 
 3.52250000e-06  3.29319409e+00 
 3.52350000e-06  3.29319409e+00 
 3.52450000e-06  3.29319409e+00 
 3.52550000e-06  3.29319409e+00 
 3.52650000e-06  3.29319409e+00 
 3.52750000e-06  3.29319409e+00 
 3.52850000e-06  3.29319409e+00 
 3.52950000e-06  3.29319409e+00 
 3.53050000e-06  3.29319409e+00 
 3.53150000e-06  3.29319409e+00 
 3.53250000e-06  3.29319409e+00 
 3.53350000e-06  3.29319409e+00 
 3.53450000e-06  3.29319409e+00 
 3.53550000e-06  3.29319409e+00 
 3.53650000e-06  3.29319409e+00 
 3.53750000e-06  3.29319409e+00 
 3.53850000e-06  3.29319409e+00 
 3.53950000e-06  3.29319409e+00 
 3.54050000e-06  3.29319409e+00 
 3.54150000e-06  3.29319409e+00 
 3.54250000e-06  3.29319409e+00 
 3.54350000e-06  3.29319409e+00 
 3.54450000e-06  3.29319409e+00 
 3.54550000e-06  3.29319409e+00 
 3.54650000e-06  3.29319409e+00 
 3.54750000e-06  3.29319409e+00 
 3.54850000e-06  3.29319409e+00 
 3.54950000e-06  3.29319409e+00 
 3.55050000e-06  3.29319409e+00 
 3.55150000e-06  3.29319409e+00 
 3.55250000e-06  3.29319409e+00 
 3.55350000e-06  3.29319409e+00 
 3.55450000e-06  3.29319409e+00 
 3.55550000e-06  3.29319409e+00 
 3.55650000e-06  3.29319409e+00 
 3.55750000e-06  3.29319409e+00 
 3.55850000e-06  3.29319409e+00 
 3.55950000e-06  3.29319409e+00 
 3.56050000e-06  3.29319409e+00 
 3.56150000e-06  3.29319409e+00 
 3.56250000e-06  3.29319409e+00 
 3.56350000e-06  3.29319409e+00 
 3.56450000e-06  3.29319409e+00 
 3.56550000e-06  3.29319409e+00 
 3.56650000e-06  3.29319409e+00 
 3.56750000e-06  3.29319409e+00 
 3.56850000e-06  3.29319409e+00 
 3.56950000e-06  3.29319409e+00 
 3.57050000e-06  3.29319409e+00 
 3.57150000e-06  3.29319409e+00 
 3.57250000e-06  3.29319409e+00 
 3.57350000e-06  3.29319409e+00 
 3.57450000e-06  3.29319409e+00 
 3.57550000e-06  3.29319409e+00 
 3.57650000e-06  3.29319409e+00 
 3.57750000e-06  3.29319409e+00 
 3.57850000e-06  3.29319409e+00 
 3.57950000e-06  3.29319409e+00 
 3.58050000e-06  3.29319409e+00 
 3.58150000e-06  3.29319409e+00 
 3.58250000e-06  3.29319409e+00 
 3.58350000e-06  3.29319409e+00 
 3.58450000e-06  3.29319409e+00 
 3.58550000e-06  3.29319409e+00 
 3.58650000e-06  3.29319409e+00 
 3.58750000e-06  3.29319409e+00 
 3.58850000e-06  3.29319409e+00 
 3.58950000e-06  3.29319409e+00 
 3.59050000e-06  3.29319409e+00 
 3.59150000e-06  3.29319409e+00 
 3.59250000e-06  3.29319409e+00 
 3.59350000e-06  3.29319409e+00 
 3.59450000e-06  3.29319409e+00 
 3.59550000e-06  3.29319409e+00 
 3.59650000e-06  3.29319409e+00 
 3.59750000e-06  3.29319409e+00 
 3.59850000e-06  3.29319409e+00 
 3.59950000e-06  3.29319409e+00 
 3.60050000e-06  3.29319409e+00 
 3.60150000e-06  3.29319409e+00 
 3.60250000e-06  3.29319409e+00 
 3.60350000e-06  3.29319409e+00 
 3.60450000e-06  3.29319409e+00 
 3.60550000e-06  3.29319409e+00 
 3.60650000e-06  3.29319409e+00 
 3.60750000e-06  3.29319409e+00 
 3.60850000e-06  3.29319409e+00 
 3.60950000e-06  3.29319409e+00 
 3.61050000e-06  3.29319409e+00 
 3.61150000e-06  3.29319409e+00 
 3.61250000e-06  3.29319409e+00 
 3.61350000e-06  3.29319409e+00 
 3.61450000e-06  3.29319409e+00 
 3.61550000e-06  3.29319409e+00 
 3.61650000e-06  3.29319409e+00 
 3.61750000e-06  3.29319409e+00 
 3.61850000e-06  3.29319409e+00 
 3.61950000e-06  3.29319409e+00 
 3.62050000e-06  3.29319409e+00 
 3.62150000e-06  3.29319409e+00 
 3.62250000e-06  3.29319409e+00 
 3.62350000e-06  3.29319409e+00 
 3.62450000e-06  3.29319409e+00 
 3.62550000e-06  3.29319409e+00 
 3.62650000e-06  3.29319409e+00 
 3.62750000e-06  3.29319409e+00 
 3.62850000e-06  3.29319409e+00 
 3.62950000e-06  3.29319409e+00 
 3.63050000e-06  3.29319409e+00 
 3.63150000e-06  3.29319409e+00 
 3.63250000e-06  3.29319409e+00 
 3.63350000e-06  3.29319409e+00 
 3.63450000e-06  3.29319409e+00 
 3.63550000e-06  3.29319409e+00 
 3.63650000e-06  3.29319409e+00 
 3.63750000e-06  3.29319409e+00 
 3.63850000e-06  3.29319409e+00 
 3.63950000e-06  3.29319409e+00 
 3.64050000e-06  3.29319409e+00 
 3.64150000e-06  3.29319409e+00 
 3.64250000e-06  3.29319409e+00 
 3.64350000e-06  3.29319409e+00 
 3.64450000e-06  3.29319409e+00 
 3.64550000e-06  3.29319409e+00 
 3.64650000e-06  3.29319409e+00 
 3.64750000e-06  3.29319409e+00 
 3.64850000e-06  3.29319409e+00 
 3.64950000e-06  3.29319409e+00 
 3.65050000e-06  3.29319409e+00 
 3.65150000e-06  3.29319409e+00 
 3.65250000e-06  3.29319409e+00 
 3.65350000e-06  3.29319409e+00 
 3.65450000e-06  3.29319409e+00 
 3.65550000e-06  3.29319409e+00 
 3.65650000e-06  3.29319409e+00 
 3.65750000e-06  3.29319409e+00 
 3.65850000e-06  3.29319409e+00 
 3.65950000e-06  3.29319409e+00 
 3.66050000e-06  3.29319409e+00 
 3.66150000e-06  3.29319409e+00 
 3.66250000e-06  3.29319409e+00 
 3.66350000e-06  3.29319409e+00 
 3.66450000e-06  3.29319409e+00 
 3.66550000e-06  3.29319409e+00 
 3.66650000e-06  3.29319409e+00 
 3.66750000e-06  3.29319409e+00 
 3.66850000e-06  3.29319409e+00 
 3.66950000e-06  3.29319409e+00 
 3.67050000e-06  3.29319409e+00 
 3.67150000e-06  3.29319409e+00 
 3.67250000e-06  3.29319409e+00 
 3.67350000e-06  3.29319409e+00 
 3.67450000e-06  3.29319409e+00 
 3.67550000e-06  3.29319409e+00 
 3.67650000e-06  3.29319409e+00 
 3.67750000e-06  3.29319409e+00 
 3.67850000e-06  3.29319409e+00 
 3.67950000e-06  3.29319409e+00 
 3.68050000e-06  3.29319409e+00 
 3.68150000e-06  3.29319409e+00 
 3.68250000e-06  3.29319409e+00 
 3.68350000e-06  3.29319409e+00 
 3.68450000e-06  3.29319409e+00 
 3.68550000e-06  3.29319409e+00 
 3.68650000e-06  3.29319409e+00 
 3.68750000e-06  3.29319409e+00 
 3.68850000e-06  3.29319409e+00 
 3.68950000e-06  3.29319409e+00 
 3.69050000e-06  3.29319409e+00 
 3.69150000e-06  3.29319409e+00 
 3.69250000e-06  3.29319409e+00 
 3.69350000e-06  3.29319409e+00 
 3.69450000e-06  3.29319409e+00 
 3.69550000e-06  3.29319409e+00 
 3.69650000e-06  3.29319409e+00 
 3.69750000e-06  3.29319409e+00 
 3.69850000e-06  3.29319409e+00 
 3.69950000e-06  3.29319409e+00 
 3.70050000e-06  3.29319409e+00 
 3.70150000e-06  3.29319409e+00 
 3.70250000e-06  3.29319409e+00 
 3.70350000e-06  3.29319409e+00 
 3.70450000e-06  3.29319409e+00 
 3.70550000e-06  3.29319409e+00 
 3.70650000e-06  3.29319409e+00 
 3.70750000e-06  3.29319409e+00 
 3.70850000e-06  3.29319409e+00 
 3.70950000e-06  3.29319409e+00 
 3.71050000e-06  3.29319409e+00 
 3.71150000e-06  3.29319409e+00 
 3.71250000e-06  3.29319409e+00 
 3.71350000e-06  3.29319409e+00 
 3.71450000e-06  3.29319409e+00 
 3.71550000e-06  3.29319409e+00 
 3.71650000e-06  3.29319409e+00 
 3.71750000e-06  3.29319409e+00 
 3.71850000e-06  3.29319409e+00 
 3.71950000e-06  3.29319409e+00 
 3.72050000e-06  3.29319409e+00 
 3.72150000e-06  3.29319409e+00 
 3.72250000e-06  3.29319409e+00 
 3.72350000e-06  3.29319409e+00 
 3.72450000e-06  3.29319409e+00 
 3.72550000e-06  3.29319409e+00 
 3.72650000e-06  3.29319409e+00 
 3.72750000e-06  3.29319409e+00 
 3.72850000e-06  3.29319409e+00 
 3.72950000e-06  3.29319409e+00 
 3.73050000e-06  3.29319409e+00 
 3.73150000e-06  3.29319409e+00 
 3.73250000e-06  3.29319409e+00 
 3.73350000e-06  3.29319409e+00 
 3.73450000e-06  3.29319409e+00 
 3.73550000e-06  3.29319409e+00 
 3.73650000e-06  3.29319409e+00 
 3.73750000e-06  3.29319409e+00 
 3.73850000e-06  3.29319409e+00 
 3.73950000e-06  3.29319409e+00 
 3.74050000e-06  3.29319409e+00 
 3.74150000e-06  3.29319409e+00 
 3.74250000e-06  3.29319409e+00 
 3.74350000e-06  3.29319409e+00 
 3.74450000e-06  3.29319409e+00 
 3.74550000e-06  3.29319409e+00 
 3.74650000e-06  3.29319409e+00 
 3.74750000e-06  3.29319409e+00 
 3.74850000e-06  3.29319409e+00 
 3.74950000e-06  3.29319409e+00 
 3.75050000e-06  3.29319409e+00 
 3.75150000e-06  3.29319409e+00 
 3.75250000e-06  3.29319409e+00 
 3.75350000e-06  3.29319409e+00 
 3.75450000e-06  3.29319409e+00 
 3.75550000e-06  3.29319409e+00 
 3.75650000e-06  3.29319409e+00 
 3.75750000e-06  3.29319409e+00 
 3.75850000e-06  3.29319409e+00 
 3.75950000e-06  3.29319409e+00 
 3.76050000e-06  3.29319409e+00 
 3.76150000e-06  3.29319409e+00 
 3.76250000e-06  3.29319409e+00 
 3.76350000e-06  3.29319409e+00 
 3.76450000e-06  3.29319409e+00 
 3.76550000e-06  3.29319409e+00 
 3.76650000e-06  3.29319409e+00 
 3.76750000e-06  3.29319409e+00 
 3.76850000e-06  3.29319409e+00 
 3.76950000e-06  3.29319409e+00 
 3.77050000e-06  3.29319409e+00 
 3.77150000e-06  3.29319409e+00 
 3.77250000e-06  3.29319409e+00 
 3.77350000e-06  3.29319409e+00 
 3.77450000e-06  3.29319409e+00 
 3.77550000e-06  3.29319409e+00 
 3.77650000e-06  3.29319409e+00 
 3.77750000e-06  3.29319409e+00 
 3.77850000e-06  3.29319409e+00 
 3.77950000e-06  3.29319409e+00 
 3.78050000e-06  3.29319409e+00 
 3.78150000e-06  3.29319409e+00 
 3.78250000e-06  3.29319409e+00 
 3.78350000e-06  3.29319409e+00 
 3.78450000e-06  3.29319409e+00 
 3.78550000e-06  3.29319409e+00 
 3.78650000e-06  3.29319409e+00 
 3.78750000e-06  3.29319409e+00 
 3.78850000e-06  3.29319409e+00 
 3.78950000e-06  3.29319409e+00 
 3.79050000e-06  3.29319409e+00 
 3.79150000e-06  3.29319409e+00 
 3.79250000e-06  3.29319409e+00 
 3.79350000e-06  3.29319409e+00 
 3.79450000e-06  3.29319409e+00 
 3.79550000e-06  3.29319409e+00 
 3.79650000e-06  3.29319409e+00 
 3.79750000e-06  3.29319409e+00 
 3.79850000e-06  3.29319409e+00 
 3.79950000e-06  3.29319409e+00 
 3.80050000e-06  3.29319409e+00 
 3.80150000e-06  3.29319409e+00 
 3.80250000e-06  3.29319409e+00 
 3.80350000e-06  3.29319409e+00 
 3.80450000e-06  3.29319409e+00 
 3.80550000e-06  3.29319409e+00 
 3.80650000e-06  3.29319409e+00 
 3.80750000e-06  3.29319409e+00 
 3.80850000e-06  3.29319409e+00 
 3.80950000e-06  3.29319409e+00 
 3.81050000e-06  3.29319409e+00 
 3.81150000e-06  3.29319409e+00 
 3.81250000e-06  3.29319409e+00 
 3.81350000e-06  3.29319409e+00 
 3.81450000e-06  3.29319409e+00 
 3.81550000e-06  3.29319409e+00 
 3.81650000e-06  3.29319409e+00 
 3.81750000e-06  3.29319409e+00 
 3.81850000e-06  3.29319409e+00 
 3.81950000e-06  3.29319409e+00 
 3.82050000e-06  3.29319409e+00 
 3.82150000e-06  3.29319409e+00 
 3.82250000e-06  3.29319409e+00 
 3.82350000e-06  3.29319409e+00 
 3.82450000e-06  3.29319409e+00 
 3.82550000e-06  3.29319409e+00 
 3.82650000e-06  3.29319409e+00 
 3.82750000e-06  3.29319409e+00 
 3.82850000e-06  3.29319409e+00 
 3.82950000e-06  3.29319409e+00 
 3.83050000e-06  3.29319409e+00 
 3.83150000e-06  3.29319409e+00 
 3.83250000e-06  3.29319409e+00 
 3.83350000e-06  3.29319409e+00 
 3.83450000e-06  3.29319409e+00 
 3.83550000e-06  3.29319409e+00 
 3.83650000e-06  3.29319409e+00 
 3.83750000e-06  3.29319409e+00 
 3.83850000e-06  3.29319409e+00 
 3.83950000e-06  3.29319409e+00 
 3.84050000e-06  3.29319409e+00 
 3.84150000e-06  3.29319409e+00 
 3.84250000e-06  3.29319409e+00 
 3.84350000e-06  3.29319409e+00 
 3.84450000e-06  3.29319409e+00 
 3.84550000e-06  3.29319409e+00 
 3.84650000e-06  3.29319409e+00 
 3.84750000e-06  3.29319409e+00 
 3.84850000e-06  3.29319409e+00 
 3.84950000e-06  3.29319409e+00 
 3.85050000e-06  3.29319409e+00 
 3.85150000e-06  3.29319409e+00 
 3.85250000e-06  3.29319409e+00 
 3.85350000e-06  3.29319409e+00 
 3.85450000e-06  3.29319409e+00 
 3.85550000e-06  3.29319409e+00 
 3.85650000e-06  3.29319409e+00 
 3.85750000e-06  3.29319409e+00 
 3.85850000e-06  3.29319409e+00 
 3.85950000e-06  3.29319409e+00 
 3.86050000e-06  3.29319409e+00 
 3.86150000e-06  3.29319409e+00 
 3.86250000e-06  3.29319409e+00 
 3.86350000e-06  3.29319409e+00 
 3.86450000e-06  3.29319409e+00 
 3.86550000e-06  3.29319409e+00 
 3.86650000e-06  3.29319409e+00 
 3.86750000e-06  3.29319409e+00 
 3.86850000e-06  3.29319409e+00 
 3.86950000e-06  3.29319409e+00 
 3.87050000e-06  3.29319409e+00 
 3.87150000e-06  3.29319409e+00 
 3.87250000e-06  3.29319409e+00 
 3.87350000e-06  3.29319409e+00 
 3.87450000e-06  3.29319409e+00 
 3.87550000e-06  3.29319409e+00 
 3.87650000e-06  3.29319409e+00 
 3.87750000e-06  3.29319409e+00 
 3.87850000e-06  3.29319409e+00 
 3.87950000e-06  3.29319409e+00 
 3.88050000e-06  3.29319409e+00 
 3.88150000e-06  3.29319409e+00 
 3.88250000e-06  3.29319409e+00 
 3.88350000e-06  3.29319409e+00 
 3.88450000e-06  3.29319409e+00 
 3.88550000e-06  3.29319409e+00 
 3.88650000e-06  3.29319409e+00 
 3.88750000e-06  3.29319409e+00 
 3.88850000e-06  3.29319409e+00 
 3.88950000e-06  3.29319409e+00 
 3.89050000e-06  3.29319409e+00 
 3.89150000e-06  3.29319409e+00 
 3.89250000e-06  3.29319409e+00 
 3.89350000e-06  3.29319409e+00 
 3.89450000e-06  3.29319409e+00 
 3.89550000e-06  3.29319409e+00 
 3.89650000e-06  3.29319409e+00 
 3.89750000e-06  3.29319409e+00 
 3.89850000e-06  3.29319409e+00 
 3.89950000e-06  3.29319409e+00 
 3.90050000e-06  3.29319409e+00 
 3.90150000e-06  3.29319409e+00 
 3.90250000e-06  3.29319409e+00 
 3.90350000e-06  3.29319409e+00 
 3.90450000e-06  3.29319409e+00 
 3.90550000e-06  3.29319409e+00 
 3.90650000e-06  3.29319409e+00 
 3.90750000e-06  3.29319409e+00 
 3.90850000e-06  3.29319409e+00 
 3.90950000e-06  3.29319409e+00 
 3.91050000e-06  3.29319409e+00 
 3.91150000e-06  3.29319409e+00 
 3.91250000e-06  3.29319409e+00 
 3.91350000e-06  3.29319409e+00 
 3.91450000e-06  3.29319409e+00 
 3.91550000e-06  3.29319409e+00 
 3.91650000e-06  3.29319409e+00 
 3.91750000e-06  3.29319409e+00 
 3.91850000e-06  3.29319409e+00 
 3.91950000e-06  3.29319409e+00 
 3.92050000e-06  3.29319409e+00 
 3.92150000e-06  3.29319409e+00 
 3.92250000e-06  3.29319409e+00 
 3.92350000e-06  3.29319409e+00 
 3.92450000e-06  3.29319409e+00 
 3.92550000e-06  3.29319409e+00 
 3.92650000e-06  3.29319409e+00 
 3.92750000e-06  3.29319409e+00 
 3.92850000e-06  3.29319409e+00 
 3.92950000e-06  3.29319409e+00 
 3.93050000e-06  3.29319409e+00 
 3.93150000e-06  3.29319409e+00 
 3.93250000e-06  3.29319409e+00 
 3.93350000e-06  3.29319409e+00 
 3.93450000e-06  3.29319409e+00 
 3.93550000e-06  3.29319409e+00 
 3.93650000e-06  3.29319409e+00 
 3.93750000e-06  3.29319409e+00 
 3.93850000e-06  3.29319409e+00 
 3.93950000e-06  3.29319409e+00 
 3.94050000e-06  3.29319409e+00 
 3.94150000e-06  3.29319409e+00 
 3.94250000e-06  3.29319409e+00 
 3.94350000e-06  3.29319409e+00 
 3.94450000e-06  3.29319409e+00 
 3.94550000e-06  3.29319409e+00 
 3.94650000e-06  3.29319409e+00 
 3.94750000e-06  3.29319409e+00 
 3.94850000e-06  3.29319409e+00 
 3.94950000e-06  3.29319409e+00 
 3.95050000e-06  3.29319409e+00 
 3.95150000e-06  3.29319409e+00 
 3.95250000e-06  3.29319409e+00 
 3.95350000e-06  3.29319409e+00 
 3.95450000e-06  3.29319409e+00 
 3.95550000e-06  3.29319409e+00 
 3.95650000e-06  3.29319409e+00 
 3.95750000e-06  3.29319409e+00 
 3.95850000e-06  3.29319409e+00 
 3.95950000e-06  3.29319409e+00 
 3.96050000e-06  3.29319409e+00 
 3.96150000e-06  3.29319409e+00 
 3.96250000e-06  3.29319409e+00 
 3.96350000e-06  3.29319409e+00 
 3.96450000e-06  3.29319409e+00 
 3.96550000e-06  3.29319409e+00 
 3.96650000e-06  3.29319409e+00 
 3.96750000e-06  3.29319409e+00 
 3.96850000e-06  3.29319409e+00 
 3.96950000e-06  3.29319409e+00 
 3.97050000e-06  3.29319409e+00 
 3.97150000e-06  3.29319409e+00 
 3.97250000e-06  3.29319409e+00 
 3.97350000e-06  3.29319409e+00 
 3.97450000e-06  3.29319409e+00 
 3.97550000e-06  3.29319409e+00 
 3.97650000e-06  3.29319409e+00 
 3.97750000e-06  3.29319409e+00 
 3.97850000e-06  3.29319409e+00 
 3.97950000e-06  3.29319409e+00 
 3.98050000e-06  3.29319409e+00 
 3.98150000e-06  3.29319409e+00 
 3.98250000e-06  3.29319409e+00 
 3.98350000e-06  3.29319409e+00 
 3.98450000e-06  3.29319409e+00 
 3.98550000e-06  3.29319409e+00 
 3.98650000e-06  3.29319409e+00 
 3.98750000e-06  3.29319409e+00 
 3.98850000e-06  3.29319409e+00 
 3.98950000e-06  3.29319409e+00 
 3.99050000e-06  3.29319409e+00 
 3.99150000e-06  3.29319409e+00 
 3.99250000e-06  3.29319409e+00 
 3.99350000e-06  3.29319409e+00 
 3.99450000e-06  3.29319409e+00 
 3.99550000e-06  3.29319409e+00 
 3.99650000e-06  3.29319409e+00 
 3.99750000e-06  3.29319409e+00 
 3.99850000e-06  3.29319409e+00 
 3.99950000e-06  3.29319409e+00 
 4.00050000e-06  3.29319409e+00 
 4.00150000e-06  3.29319409e+00 
 4.00250000e-06  3.29319409e+00 
 4.00350000e-06  3.29319409e+00 
 4.00450000e-06  3.29319409e+00 
 4.00550000e-06  3.29319409e+00 
 4.00650000e-06  3.29319409e+00 
 4.00750000e-06  3.29319409e+00 
 4.00850000e-06  3.29319409e+00 
 4.00950000e-06  3.29319409e+00 
 4.01050000e-06  3.29319409e+00 
 4.01150000e-06  3.29319409e+00 
 4.01250000e-06  3.29319409e+00 
 4.01350000e-06  3.29319409e+00 
 4.01450000e-06  3.29319409e+00 
 4.01550000e-06  3.29319409e+00 
 4.01650000e-06  3.29319409e+00 
 4.01750000e-06  3.29319409e+00 
 4.01850000e-06  3.29319409e+00 
 4.01950000e-06  3.29319409e+00 
 4.02050000e-06  3.29319409e+00 
 4.02150000e-06  3.29319409e+00 
 4.02250000e-06  3.29319409e+00 
 4.02350000e-06  3.29319409e+00 
 4.02450000e-06  3.29319409e+00 
 4.02550000e-06  3.29319409e+00 
 4.02650000e-06  3.29319409e+00 
 4.02750000e-06  3.29319409e+00 
 4.02850000e-06  3.29319409e+00 
 4.02950000e-06  3.29319409e+00 
 4.03050000e-06  3.29319409e+00 
 4.03150000e-06  3.29319409e+00 
 4.03250000e-06  3.29319409e+00 
 4.03350000e-06  3.29319409e+00 
 4.03450000e-06  3.29319409e+00 
 4.03550000e-06  3.29319409e+00 
 4.03650000e-06  3.29319409e+00 
 4.03750000e-06  3.29319409e+00 
 4.03850000e-06  3.29319409e+00 
 4.03950000e-06  3.29319409e+00 
 4.04050000e-06  3.29319409e+00 
 4.04150000e-06  3.29319409e+00 
 4.04250000e-06  3.29319409e+00 
 4.04350000e-06  3.29319409e+00 
 4.04450000e-06  3.29319409e+00 
 4.04550000e-06  3.29319409e+00 
 4.04650000e-06  3.29319409e+00 
 4.04750000e-06  3.29319409e+00 
 4.04850000e-06  3.29319409e+00 
 4.04950000e-06  3.29319409e+00 
 4.05050000e-06  3.29319409e+00 
 4.05150000e-06  3.29319409e+00 
 4.05250000e-06  3.29319409e+00 
 4.05350000e-06  3.29319409e+00 
 4.05450000e-06  3.29319409e+00 
 4.05550000e-06  3.29319409e+00 
 4.05650000e-06  3.29319409e+00 
 4.05750000e-06  3.29319409e+00 
 4.05850000e-06  3.29319409e+00 
 4.05950000e-06  3.29319409e+00 
 4.06050000e-06  3.29319409e+00 
 4.06150000e-06  3.29319409e+00 
 4.06250000e-06  3.29319409e+00 
 4.06350000e-06  3.29319409e+00 
 4.06450000e-06  3.29319409e+00 
 4.06550000e-06  3.29319409e+00 
 4.06650000e-06  3.29319409e+00 
 4.06750000e-06  3.29319409e+00 
 4.06850000e-06  3.29319409e+00 
 4.06950000e-06  3.29319409e+00 
 4.07050000e-06  3.29319409e+00 
 4.07150000e-06  3.29319409e+00 
 4.07250000e-06  3.29319409e+00 
 4.07350000e-06  3.29319409e+00 
 4.07450000e-06  3.29319409e+00 
 4.07550000e-06  3.29319409e+00 
 4.07650000e-06  3.29319409e+00 
 4.07750000e-06  3.29319409e+00 
 4.07850000e-06  3.29319409e+00 
 4.07950000e-06  3.29319409e+00 
 4.08050000e-06  3.29319409e+00 
 4.08150000e-06  3.29319409e+00 
 4.08250000e-06  3.29319409e+00 
 4.08350000e-06  3.29319409e+00 
 4.08450000e-06  3.29319409e+00 
 4.08550000e-06  3.29319409e+00 
 4.08650000e-06  3.29319409e+00 
 4.08750000e-06  3.29319409e+00 
 4.08850000e-06  3.29319409e+00 
 4.08950000e-06  3.29319409e+00 
 4.09050000e-06  3.29319409e+00 
 4.09150000e-06  3.29319409e+00 
 4.09250000e-06  3.29319409e+00 
 4.09350000e-06  3.29319409e+00 
 4.09450000e-06  3.29319409e+00 
 4.09550000e-06  3.29319409e+00 
 4.09650000e-06  3.29319409e+00 
 4.09750000e-06  3.29319409e+00 
 4.09850000e-06  3.29319409e+00 
 4.09950000e-06  3.29319409e+00 
 4.10050000e-06  3.29319409e+00 
 4.10150000e-06  3.29319409e+00 
 4.10250000e-06  3.29319409e+00 
 4.10350000e-06  3.29319409e+00 
 4.10450000e-06  3.29319409e+00 
 4.10550000e-06  3.29319409e+00 
 4.10650000e-06  3.29319409e+00 
 4.10750000e-06  3.29319409e+00 
 4.10850000e-06  3.29319409e+00 
 4.10950000e-06  3.29319409e+00 
 4.11050000e-06  3.29319409e+00 
 4.11150000e-06  3.29319409e+00 
 4.11250000e-06  3.29319409e+00 
 4.11350000e-06  3.29319409e+00 
 4.11450000e-06  3.29319409e+00 
 4.11550000e-06  3.29319409e+00 
 4.11650000e-06  3.29319409e+00 
 4.11750000e-06  3.29319409e+00 
 4.11850000e-06  3.29319409e+00 
 4.11950000e-06  3.29319409e+00 
 4.12050000e-06  3.29319409e+00 
 4.12150000e-06  3.29319409e+00 
 4.12250000e-06  3.29319409e+00 
 4.12350000e-06  3.29319409e+00 
 4.12450000e-06  3.29319409e+00 
 4.12550000e-06  3.29319409e+00 
 4.12650000e-06  3.29319409e+00 
 4.12750000e-06  3.29319409e+00 
 4.12850000e-06  3.29319409e+00 
 4.12950000e-06  3.29319409e+00 
 4.13050000e-06  3.29319409e+00 
 4.13150000e-06  3.29319409e+00 
 4.13250000e-06  3.29319409e+00 
 4.13350000e-06  3.29319409e+00 
 4.13450000e-06  3.29319409e+00 
 4.13550000e-06  3.29319409e+00 
 4.13650000e-06  3.29319409e+00 
 4.13750000e-06  3.29319409e+00 
 4.13850000e-06  3.29319409e+00 
 4.13950000e-06  3.29319409e+00 
 4.14050000e-06  3.29319409e+00 
 4.14150000e-06  3.29319409e+00 
 4.14250000e-06  3.29319409e+00 
 4.14350000e-06  3.29319409e+00 
 4.14450000e-06  3.29319409e+00 
 4.14550000e-06  3.29319409e+00 
 4.14650000e-06  3.29319409e+00 
 4.14750000e-06  3.29319409e+00 
 4.14850000e-06  3.29319409e+00 
 4.14950000e-06  3.29319409e+00 
 4.15050000e-06  3.29319409e+00 
 4.15150000e-06  3.29319409e+00 
 4.15250000e-06  3.29319409e+00 
 4.15350000e-06  3.29319409e+00 
 4.15450000e-06  3.29319409e+00 
 4.15550000e-06  3.29319409e+00 
 4.15650000e-06  3.29319409e+00 
 4.15750000e-06  3.29319409e+00 
 4.15850000e-06  3.29319409e+00 
 4.15950000e-06  3.29319409e+00 
 4.16050000e-06  3.29319409e+00 
 4.16150000e-06  3.29319409e+00 
 4.16250000e-06  3.29319409e+00 
 4.16350000e-06  3.29319409e+00 
 4.16450000e-06  3.29319409e+00 
 4.16550000e-06  3.29319409e+00 
 4.16650000e-06  3.29319409e+00 
 4.16750000e-06  3.29319409e+00 
 4.16850000e-06  3.29319409e+00 
 4.16950000e-06  3.29319409e+00 
 4.17050000e-06  3.29319409e+00 
 4.17150000e-06  3.29319409e+00 
 4.17250000e-06  3.29319409e+00 
 4.17350000e-06  3.29319409e+00 
 4.17450000e-06  3.29319409e+00 
 4.17550000e-06  3.29319409e+00 
 4.17650000e-06  3.29319409e+00 
 4.17750000e-06  3.29319409e+00 
 4.17850000e-06  3.29319409e+00 
 4.17950000e-06  3.29319409e+00 
 4.18050000e-06  3.29319409e+00 
 4.18150000e-06  3.29319409e+00 
 4.18250000e-06  3.29319409e+00 
 4.18350000e-06  3.29319409e+00 
 4.18450000e-06  3.29319409e+00 
 4.18550000e-06  3.29319409e+00 
 4.18650000e-06  3.29319409e+00 
 4.18750000e-06  3.29319409e+00 
 4.18850000e-06  3.29319409e+00 
 4.18950000e-06  3.29319409e+00 
 4.19050000e-06  3.29319409e+00 
 4.19150000e-06  3.29319409e+00 
 4.19250000e-06  3.29319409e+00 
 4.19350000e-06  3.29319409e+00 
 4.19450000e-06  3.29319409e+00 
 4.19550000e-06  3.29319409e+00 
 4.19650000e-06  3.29319409e+00 
 4.19750000e-06  3.29319409e+00 
 4.19850000e-06  3.29319409e+00 
 4.19950000e-06  3.29319409e+00 
 4.20050000e-06  3.29319409e+00 
 4.20150000e-06  3.29319409e+00 
 4.20250000e-06  3.29319409e+00 
 4.20350000e-06  3.29319409e+00 
 4.20450000e-06  3.29319409e+00 
 4.20550000e-06  3.29319409e+00 
 4.20650000e-06  3.29319409e+00 
 4.20750000e-06  3.29319409e+00 
 4.20850000e-06  3.29319409e+00 
 4.20950000e-06  3.29319409e+00 
 4.21050000e-06  3.29319409e+00 
 4.21150000e-06  3.29319409e+00 
 4.21250000e-06  3.29319409e+00 
 4.21350000e-06  3.29319409e+00 
 4.21450000e-06  3.29319409e+00 
 4.21550000e-06  3.29319409e+00 
 4.21650000e-06  3.29319409e+00 
 4.21750000e-06  3.29319409e+00 
 4.21850000e-06  3.29319409e+00 
 4.21950000e-06  3.29319409e+00 
 4.22050000e-06  3.29319409e+00 
 4.22150000e-06  3.29319409e+00 
 4.22250000e-06  3.29319409e+00 
 4.22350000e-06  3.29319409e+00 
 4.22450000e-06  3.29319409e+00 
 4.22550000e-06  3.29319409e+00 
 4.22650000e-06  3.29319409e+00 
 4.22750000e-06  3.29319409e+00 
 4.22850000e-06  3.29319409e+00 
 4.22950000e-06  3.29319409e+00 
 4.23050000e-06  3.29319409e+00 
 4.23150000e-06  3.29319409e+00 
 4.23250000e-06  3.29319409e+00 
 4.23350000e-06  3.29319409e+00 
 4.23450000e-06  3.29319409e+00 
 4.23550000e-06  3.29319409e+00 
 4.23650000e-06  3.29319409e+00 
 4.23750000e-06  3.29319409e+00 
 4.23850000e-06  3.29319409e+00 
 4.23950000e-06  3.29319409e+00 
 4.24050000e-06  3.29319409e+00 
 4.24150000e-06  3.29319409e+00 
 4.24250000e-06  3.29319409e+00 
 4.24350000e-06  3.29319409e+00 
 4.24450000e-06  3.29319409e+00 
 4.24550000e-06  3.29319409e+00 
 4.24650000e-06  3.29319409e+00 
 4.24750000e-06  3.29319409e+00 
 4.24850000e-06  3.29319409e+00 
 4.24950000e-06  3.29319409e+00 
 4.25050000e-06  3.29319409e+00 
 4.25150000e-06  3.29319409e+00 
 4.25250000e-06  3.29319409e+00 
 4.25350000e-06  3.29319409e+00 
 4.25450000e-06  3.29319409e+00 
 4.25550000e-06  3.29319409e+00 
 4.25650000e-06  3.29319409e+00 
 4.25750000e-06  3.29319409e+00 
 4.25850000e-06  3.29319409e+00 
 4.25950000e-06  3.29319409e+00 
 4.26050000e-06  3.29319409e+00 
 4.26150000e-06  3.29319409e+00 
 4.26250000e-06  3.29319409e+00 
 4.26350000e-06  3.29319409e+00 
 4.26450000e-06  3.29319409e+00 
 4.26550000e-06  3.29319409e+00 
 4.26650000e-06  3.29319409e+00 
 4.26750000e-06  3.29319409e+00 
 4.26850000e-06  3.29319409e+00 
 4.26950000e-06  3.29319409e+00 
 4.27050000e-06  3.29319409e+00 
 4.27150000e-06  3.29319409e+00 
 4.27250000e-06  3.29319409e+00 
 4.27350000e-06  3.29319409e+00 
 4.27450000e-06  3.29319409e+00 
 4.27550000e-06  3.29319409e+00 
 4.27650000e-06  3.29319409e+00 
 4.27750000e-06  3.29319409e+00 
 4.27850000e-06  3.29319409e+00 
 4.27950000e-06  3.29319409e+00 
 4.28050000e-06  3.29319409e+00 
 4.28150000e-06  3.29319409e+00 
 4.28250000e-06  3.29319409e+00 
 4.28350000e-06  3.29319409e+00 
 4.28450000e-06  3.29319409e+00 
 4.28550000e-06  3.29319409e+00 
 4.28650000e-06  3.29319409e+00 
 4.28750000e-06  3.29319409e+00 
 4.28850000e-06  3.29319409e+00 
 4.28950000e-06  3.29319409e+00 
 4.29050000e-06  3.29319409e+00 
 4.29150000e-06  3.29319409e+00 
 4.29250000e-06  3.29319409e+00 
 4.29350000e-06  3.29319409e+00 
 4.29450000e-06  3.29319409e+00 
 4.29550000e-06  3.29319409e+00 
 4.29650000e-06  3.29319409e+00 
 4.29750000e-06  3.29319409e+00 
 4.29850000e-06  3.29319409e+00 
 4.29950000e-06  3.29319409e+00 
 4.30050000e-06  3.29319409e+00 
 4.30150000e-06  3.29319409e+00 
 4.30250000e-06  3.29319409e+00 
 4.30350000e-06  3.29319409e+00 
 4.30450000e-06  3.29319409e+00 
 4.30550000e-06  3.29319409e+00 
 4.30650000e-06  3.29319409e+00 
 4.30750000e-06  3.29319409e+00 
 4.30850000e-06  3.29319409e+00 
 4.30950000e-06  3.29319409e+00 
 4.31050000e-06  3.29319409e+00 
 4.31150000e-06  3.29319409e+00 
 4.31250000e-06  3.29319409e+00 
 4.31350000e-06  3.29319409e+00 
 4.31450000e-06  3.29319409e+00 
 4.31550000e-06  3.29319409e+00 
 4.31650000e-06  3.29319409e+00 
 4.31750000e-06  3.29319409e+00 
 4.31850000e-06  3.29319409e+00 
 4.31950000e-06  3.29319409e+00 
 4.32050000e-06  3.29319409e+00 
 4.32150000e-06  3.29319409e+00 
 4.32250000e-06  3.29319409e+00 
 4.32350000e-06  3.29319409e+00 
 4.32450000e-06  3.29319409e+00 
 4.32550000e-06  3.29319409e+00 
 4.32650000e-06  3.29319409e+00 
 4.32750000e-06  3.29319409e+00 
 4.32850000e-06  3.29319409e+00 
 4.32950000e-06  3.29319409e+00 
 4.33050000e-06  3.29319409e+00 
 4.33150000e-06  3.29319409e+00 
 4.33250000e-06  3.29319409e+00 
 4.33350000e-06  3.29319409e+00 
 4.33450000e-06  3.29319409e+00 
 4.33550000e-06  3.29319409e+00 
 4.33650000e-06  3.29319409e+00 
 4.33750000e-06  3.29319409e+00 
 4.33850000e-06  3.29319409e+00 
 4.33950000e-06  3.29319409e+00 
 4.34050000e-06  3.29319409e+00 
 4.34150000e-06  3.29319409e+00 
 4.34250000e-06  3.29319409e+00 
 4.34350000e-06  3.29319409e+00 
 4.34450000e-06  3.29319409e+00 
 4.34550000e-06  3.29319409e+00 
 4.34650000e-06  3.29319409e+00 
 4.34750000e-06  3.29319409e+00 
 4.34850000e-06  3.29319409e+00 
 4.34950000e-06  3.29319409e+00 
 4.35050000e-06  3.29319409e+00 
 4.35150000e-06  3.29319409e+00 
 4.35250000e-06  3.29319409e+00 
 4.35350000e-06  3.29319409e+00 
 4.35450000e-06  3.29319409e+00 
 4.35550000e-06  3.29319409e+00 
 4.35650000e-06  3.29319409e+00 
 4.35750000e-06  3.29319409e+00 
 4.35850000e-06  3.29319409e+00 
 4.35950000e-06  3.29319409e+00 
 4.36050000e-06  3.29319409e+00 
 4.36150000e-06  3.29319409e+00 
 4.36250000e-06  3.29319409e+00 
 4.36350000e-06  3.29319409e+00 
 4.36450000e-06  3.29319409e+00 
 4.36550000e-06  3.29319409e+00 
 4.36650000e-06  3.29319409e+00 
 4.36750000e-06  3.29319409e+00 
 4.36850000e-06  3.29319409e+00 
 4.36950000e-06  3.29319409e+00 
 4.37050000e-06  3.29319409e+00 
 4.37150000e-06  3.29319409e+00 
 4.37250000e-06  3.29319409e+00 
 4.37350000e-06  3.29319409e+00 
 4.37450000e-06  3.29319409e+00 
 4.37550000e-06  3.29319409e+00 
 4.37650000e-06  3.29319409e+00 
 4.37750000e-06  3.29319409e+00 
 4.37850000e-06  3.29319409e+00 
 4.37950000e-06  3.29319409e+00 
 4.38050000e-06  3.29319409e+00 
 4.38150000e-06  3.29319409e+00 
 4.38250000e-06  3.29319409e+00 
 4.38350000e-06  3.29319409e+00 
 4.38450000e-06  3.29319409e+00 
 4.38550000e-06  3.29319409e+00 
 4.38650000e-06  3.29319409e+00 
 4.38750000e-06  3.29319409e+00 
 4.38850000e-06  3.29319409e+00 
 4.38950000e-06  3.29319409e+00 
 4.39050000e-06  3.29319409e+00 
 4.39150000e-06  3.29319409e+00 
 4.39250000e-06  3.29319409e+00 
 4.39350000e-06  3.29319409e+00 
 4.39450000e-06  3.29319409e+00 
 4.39550000e-06  3.29319409e+00 
 4.39650000e-06  3.29319409e+00 
 4.39750000e-06  3.29319409e+00 
 4.39850000e-06  3.29319409e+00 
 4.39950000e-06  3.29319409e+00 
 4.40050000e-06  3.29319409e+00 
 4.40150000e-06  3.29319409e+00 
 4.40250000e-06  3.29319409e+00 
 4.40350000e-06  3.29319409e+00 
 4.40450000e-06  3.29319409e+00 
 4.40550000e-06  3.29319409e+00 
 4.40650000e-06  3.29319409e+00 
 4.40750000e-06  3.29319409e+00 
 4.40850000e-06  3.29319409e+00 
 4.40950000e-06  3.29319409e+00 
 4.41050000e-06  3.29319409e+00 
 4.41150000e-06  3.29319409e+00 
 4.41250000e-06  3.29319409e+00 
 4.41350000e-06  3.29319409e+00 
 4.41450000e-06  3.29319409e+00 
 4.41550000e-06  3.29319409e+00 
 4.41650000e-06  3.29319409e+00 
 4.41750000e-06  3.29319409e+00 
 4.41850000e-06  3.29319409e+00 
 4.41950000e-06  3.29319409e+00 
 4.42050000e-06  3.29319409e+00 
 4.42150000e-06  3.29319409e+00 
 4.42250000e-06  3.29319409e+00 
 4.42350000e-06  3.29319409e+00 
 4.42450000e-06  3.29319409e+00 
 4.42550000e-06  3.29319409e+00 
 4.42650000e-06  3.29319409e+00 
 4.42750000e-06  3.29319409e+00 
 4.42850000e-06  3.29319409e+00 
 4.42950000e-06  3.29319409e+00 
 4.43050000e-06  3.29319409e+00 
 4.43150000e-06  3.29319409e+00 
 4.43250000e-06  3.29319409e+00 
 4.43350000e-06  3.29319409e+00 
 4.43450000e-06  3.29319409e+00 
 4.43550000e-06  3.29319409e+00 
 4.43650000e-06  3.29319409e+00 
 4.43750000e-06  3.29319409e+00 
 4.43850000e-06  3.29319409e+00 
 4.43950000e-06  3.29319409e+00 
 4.44050000e-06  3.29319409e+00 
 4.44150000e-06  3.29319409e+00 
 4.44250000e-06  3.29319409e+00 
 4.44350000e-06  3.29319409e+00 
 4.44450000e-06  3.29319409e+00 
 4.44550000e-06  3.29319409e+00 
 4.44650000e-06  3.29319409e+00 
 4.44750000e-06  3.29319409e+00 
 4.44850000e-06  3.29319409e+00 
 4.44950000e-06  3.29319409e+00 
 4.45050000e-06  3.29319409e+00 
 4.45150000e-06  3.29319409e+00 
 4.45250000e-06  3.29319409e+00 
 4.45350000e-06  3.29319409e+00 
 4.45450000e-06  3.29319409e+00 
 4.45550000e-06  3.29319409e+00 
 4.45650000e-06  3.29319409e+00 
 4.45750000e-06  3.29319409e+00 
 4.45850000e-06  3.29319409e+00 
 4.45950000e-06  3.29319409e+00 
 4.46050000e-06  3.29319409e+00 
 4.46150000e-06  3.29319409e+00 
 4.46250000e-06  3.29319409e+00 
 4.46350000e-06  3.29319409e+00 
 4.46450000e-06  3.29319409e+00 
 4.46550000e-06  3.29319409e+00 
 4.46650000e-06  3.29319409e+00 
 4.46750000e-06  3.29319409e+00 
 4.46850000e-06  3.29319409e+00 
 4.46950000e-06  3.29319409e+00 
 4.47050000e-06  3.29319409e+00 
 4.47150000e-06  3.29319409e+00 
 4.47250000e-06  3.29319409e+00 
 4.47350000e-06  3.29319409e+00 
 4.47450000e-06  3.29319409e+00 
 4.47550000e-06  3.29319409e+00 
 4.47650000e-06  3.29319409e+00 
 4.47750000e-06  3.29319409e+00 
 4.47850000e-06  3.29319409e+00 
 4.47950000e-06  3.29319409e+00 
 4.48050000e-06  3.29319409e+00 
 4.48150000e-06  3.29319409e+00 
 4.48250000e-06  3.29319409e+00 
 4.48350000e-06  3.29319409e+00 
 4.48450000e-06  3.29319409e+00 
 4.48550000e-06  3.29319409e+00 
 4.48650000e-06  3.29319409e+00 
 4.48750000e-06  3.29319409e+00 
 4.48850000e-06  3.29319409e+00 
 4.48950000e-06  3.29319409e+00 
 4.49050000e-06  3.29319409e+00 
 4.49150000e-06  3.29319409e+00 
 4.49250000e-06  3.29319409e+00 
 4.49350000e-06  3.29319409e+00 
 4.49450000e-06  3.29319409e+00 
 4.49550000e-06  3.29319409e+00 
 4.49650000e-06  3.29319409e+00 
 4.49750000e-06  3.29319409e+00 
 4.49850000e-06  3.29319409e+00 
 4.49950000e-06  3.29319409e+00 
 4.50000000e-06  3.29319409e+00 
 4.50010000e-06  3.29319683e+00 
 4.50030000e-06  3.29320147e+00 
 4.50070000e-06  3.29320297e+00 
 4.50150000e-06  3.29316217e+00 
 4.50250000e-06  3.29301211e+00 
 4.50350000e-06  3.29273258e+00 
 4.50450000e-06  3.29230325e+00 
 4.50550000e-06  3.29170542e+00 
 4.50650000e-06  3.29092239e+00 
 4.50750000e-06  3.28993954e+00 
 4.50850000e-06  3.28874431e+00 
 4.50950000e-06  3.28732615e+00 
 4.51050000e-06  3.28567631e+00 
 4.51150000e-06  3.28378773e+00 
 4.51250000e-06  3.28165482e+00 
 4.51350000e-06  3.27927334e+00 
 4.51450000e-06  3.27664021e+00 
 4.51550000e-06  3.27375336e+00 
 4.51650000e-06  3.27061162e+00 
 4.51750000e-06  3.26721453e+00 
 4.51850000e-06  3.26356225e+00 
 4.51950000e-06  3.25965537e+00 
 4.52000000e-06  3.25760670e+00 
 4.52010000e-06  3.25718819e+00 
 4.52030000e-06  3.25635342e+00 
 4.52070000e-06  3.25469271e+00 
 4.52150000e-06  3.25139216e+00 
 4.52250000e-06  3.24730266e+00 
 4.52350000e-06  3.24325650e+00 
 4.52450000e-06  3.23925672e+00 
 4.52550000e-06  3.23530608e+00 
 4.52650000e-06  3.23140689e+00 
 4.52750000e-06  3.22756110e+00 
 4.52850000e-06  3.22377026e+00 
 4.52950000e-06  3.22003556e+00 
 4.53050000e-06  3.21635786e+00 
 4.53150000e-06  3.21273775e+00 
 4.53250000e-06  3.20917554e+00 
 4.53350000e-06  3.20567132e+00 
 4.53450000e-06  3.20222497e+00 
 4.53550000e-06  3.19883621e+00 
 4.53650000e-06  3.19550462e+00 
 4.53750000e-06  3.19222965e+00 
 4.53850000e-06  3.18901063e+00 
 4.53950000e-06  3.18584684e+00 
 4.54050000e-06  3.18273744e+00 
 4.54150000e-06  3.17968158e+00 
 4.54250000e-06  3.17667833e+00 
 4.54350000e-06  3.17372675e+00 
 4.54450000e-06  3.17082585e+00 
 4.54550000e-06  3.16797463e+00 
 4.54650000e-06  3.16517208e+00 
 4.54750000e-06  3.16241720e+00 
 4.54850000e-06  3.15970895e+00 
 4.54950000e-06  3.15704632e+00 
 4.55050000e-06  3.15442831e+00 
 4.55150000e-06  3.15185391e+00 
 4.55250000e-06  3.14932213e+00 
 4.55350000e-06  3.14683201e+00 
 4.55450000e-06  3.14438258e+00 
 4.55550000e-06  3.14197289e+00 
 4.55650000e-06  3.13960204e+00 
 4.55750000e-06  3.13726910e+00 
 4.55850000e-06  3.13497321e+00 
 4.55950000e-06  3.13271348e+00 
 4.56050000e-06  3.13048908e+00 
 4.56150000e-06  3.12829917e+00 
 4.56250000e-06  3.12614297e+00 
 4.56350000e-06  3.12401968e+00 
 4.56450000e-06  3.12192854e+00 
 4.56550000e-06  3.11986880e+00 
 4.56650000e-06  3.11783975e+00 
 4.56750000e-06  3.11584068e+00 
 4.56850000e-06  3.11387090e+00 
 4.56950000e-06  3.11192974e+00 
 4.57050000e-06  3.11001657e+00 
 4.57150000e-06  3.10813074e+00 
 4.57250000e-06  3.10627166e+00 
 4.57350000e-06  3.10443871e+00 
 4.57450000e-06  3.10263133e+00 
 4.57550000e-06  3.10084894e+00 
 4.57650000e-06  3.09909101e+00 
 4.57750000e-06  3.09735700e+00 
 4.57850000e-06  3.09564640e+00 
 4.57950000e-06  3.09395869e+00 
 4.58050000e-06  3.09229340e+00 
 4.58150000e-06  3.09065005e+00 
 4.58250000e-06  3.08902817e+00 
 4.58350000e-06  3.08742732e+00 
 4.58450000e-06  3.08584705e+00 
 4.58550000e-06  3.08428695e+00 
 4.58650000e-06  3.08274660e+00 
 4.58750000e-06  3.08122560e+00 
 4.58850000e-06  3.07972355e+00 
 4.58950000e-06  3.07824008e+00 
 4.59050000e-06  3.07677481e+00 
 4.59150000e-06  3.07532739e+00 
 4.59250000e-06  3.07389745e+00 
 4.59350000e-06  3.07248466e+00 
 4.59450000e-06  3.07108868e+00 
 4.59550000e-06  3.06970919e+00 
 4.59650000e-06  3.06834588e+00 
 4.59750000e-06  3.06699842e+00 
 4.59850000e-06  3.06566653e+00 
 4.59950000e-06  3.06434991e+00 
 4.60050000e-06  3.06304826e+00 
 4.60150000e-06  3.06176133e+00 
 4.60250000e-06  3.06048882e+00 
 4.60350000e-06  3.05923049e+00 
 4.60450000e-06  3.05798606e+00 
 4.60550000e-06  3.05675528e+00 
 4.60650000e-06  3.05553792e+00 
 4.60750000e-06  3.05433373e+00 
 4.60850000e-06  3.05314247e+00 
 4.60950000e-06  3.05196392e+00 
 4.61050000e-06  3.05079784e+00 
 4.61150000e-06  3.04964404e+00 
 4.61250000e-06  3.04850228e+00 
 4.61350000e-06  3.04737237e+00 
 4.61450000e-06  3.04625409e+00 
 4.61550000e-06  3.04514725e+00 
 4.61650000e-06  3.04405166e+00 
 4.61750000e-06  3.04296713e+00 
 4.61850000e-06  3.04189347e+00 
 4.61950000e-06  3.04083049e+00 
 4.62050000e-06  3.03977802e+00 
 4.62150000e-06  3.03873590e+00 
 4.62250000e-06  3.03770394e+00 
 4.62350000e-06  3.03668198e+00 
 4.62450000e-06  3.03566986e+00 
 4.62550000e-06  3.03466743e+00 
 4.62650000e-06  3.03367451e+00 
 4.62750000e-06  3.03269098e+00 
 4.62850000e-06  3.03171666e+00 
 4.62950000e-06  3.03075142e+00 
 4.63050000e-06  3.02979513e+00 
 4.63150000e-06  3.02884762e+00 
 4.63250000e-06  3.02790878e+00 
 4.63350000e-06  3.02697846e+00 
 4.63450000e-06  3.02605653e+00 
 4.63550000e-06  3.02514288e+00 
 4.63650000e-06  3.02423736e+00 
 4.63750000e-06  3.02333986e+00 
 4.63850000e-06  3.02245025e+00 
 4.63950000e-06  3.02156842e+00 
 4.64050000e-06  3.02069425e+00 
 4.64150000e-06  3.01982764e+00 
 4.64250000e-06  3.01896845e+00 
 4.64350000e-06  3.01811660e+00 
 4.64450000e-06  3.01727196e+00 
 4.64550000e-06  3.01643444e+00 
 4.64650000e-06  3.01560393e+00 
 4.64750000e-06  3.01478033e+00 
 4.64850000e-06  3.01396354e+00 
 4.64950000e-06  3.01315346e+00 
 4.65050000e-06  3.01235001e+00 
 4.65150000e-06  3.01155308e+00 
 4.65250000e-06  3.01076258e+00 
 4.65350000e-06  3.00997843e+00 
 4.65450000e-06  3.00920053e+00 
 4.65550000e-06  3.00842880e+00 
 4.65650000e-06  3.00766315e+00 
 4.65750000e-06  3.00690350e+00 
 4.65850000e-06  3.00614977e+00 
 4.65950000e-06  3.00540187e+00 
 4.66050000e-06  3.00465974e+00 
 4.66150000e-06  3.00392328e+00 
 4.66250000e-06  3.00319242e+00 
 4.66350000e-06  3.00246710e+00 
 4.66450000e-06  3.00174722e+00 
 4.66550000e-06  3.00103273e+00 
 4.66650000e-06  3.00032356e+00 
 4.66750000e-06  2.99961962e+00 
 4.66850000e-06  2.99892086e+00 
 4.66950000e-06  2.99822720e+00 
 4.67050000e-06  2.99753858e+00 
 4.67150000e-06  2.99685494e+00 
 4.67250000e-06  2.99617621e+00 
 4.67350000e-06  2.99550232e+00 
 4.67450000e-06  2.99483322e+00 
 4.67550000e-06  2.99416884e+00 
 4.67650000e-06  2.99350913e+00 
 4.67750000e-06  2.99285403e+00 
 4.67850000e-06  2.99220348e+00 
 4.67950000e-06  2.99155741e+00 
 4.68050000e-06  2.99091579e+00 
 4.68150000e-06  2.99027854e+00 
 4.68250000e-06  2.98964563e+00 
 4.68350000e-06  2.98901698e+00 
 4.68450000e-06  2.98839256e+00 
 4.68550000e-06  2.98777231e+00 
 4.68650000e-06  2.98715618e+00 
 4.68750000e-06  2.98654412e+00 
 4.68850000e-06  2.98593608e+00 
 4.68950000e-06  2.98533202e+00 
 4.69050000e-06  2.98473188e+00 
 4.69150000e-06  2.98413562e+00 
 4.69250000e-06  2.98354319e+00 
 4.69350000e-06  2.98295455e+00 
 4.69450000e-06  2.98236966e+00 
 4.69550000e-06  2.98178846e+00 
 4.69650000e-06  2.98121092e+00 
 4.69750000e-06  2.98063700e+00 
 4.69850000e-06  2.98006665e+00 
 4.69950000e-06  2.97949983e+00 
 4.70050000e-06  2.97893650e+00 
 4.70150000e-06  2.97837662e+00 
 4.70250000e-06  2.97782015e+00 
 4.70350000e-06  2.97726706e+00 
 4.70450000e-06  2.97671730e+00 
 4.70550000e-06  2.97617084e+00 
 4.70650000e-06  2.97562764e+00 
 4.70750000e-06  2.97508767e+00 
 4.70850000e-06  2.97455088e+00 
 4.70950000e-06  2.97401725e+00 
 4.71050000e-06  2.97348673e+00 
 4.71150000e-06  2.97295930e+00 
 4.71250000e-06  2.97243492e+00 
 4.71350000e-06  2.97191356e+00 
 4.71450000e-06  2.97139518e+00 
 4.71550000e-06  2.97087975e+00 
 4.71650000e-06  2.97036724e+00 
 4.71750000e-06  2.96985763e+00 
 4.71850000e-06  2.96935087e+00 
 4.71950000e-06  2.96884693e+00 
 4.72050000e-06  2.96834580e+00 
 4.72150000e-06  2.96784743e+00 
 4.72250000e-06  2.96735180e+00 
 4.72350000e-06  2.96685888e+00 
 4.72450000e-06  2.96636864e+00 
 4.72550000e-06  2.96588105e+00 
 4.72650000e-06  2.96539609e+00 
 4.72750000e-06  2.96491373e+00 
 4.72850000e-06  2.96443394e+00 
 4.72950000e-06  2.96395669e+00 
 4.73050000e-06  2.96348196e+00 
 4.73150000e-06  2.96300973e+00 
 4.73250000e-06  2.96253996e+00 
 4.73350000e-06  2.96207264e+00 
 4.73450000e-06  2.96160774e+00 
 4.73550000e-06  2.96114523e+00 
 4.73650000e-06  2.96068509e+00 
 4.73750000e-06  2.96022729e+00 
 4.73850000e-06  2.95977182e+00 
 4.73950000e-06  2.95931865e+00 
 4.74050000e-06  2.95886775e+00 
 4.74150000e-06  2.95841911e+00 
 4.74250000e-06  2.95797270e+00 
 4.74350000e-06  2.95752850e+00 
 4.74450000e-06  2.95708649e+00 
 4.74550000e-06  2.95664664e+00 
 4.74650000e-06  2.95620895e+00 
 4.74750000e-06  2.95577338e+00 
 4.74850000e-06  2.95533991e+00 
 4.74950000e-06  2.95490853e+00 
 4.75050000e-06  2.95447921e+00 
 4.75150000e-06  2.95405194e+00 
 4.75250000e-06  2.95362670e+00 
 4.75350000e-06  2.95320346e+00 
 4.75450000e-06  2.95278221e+00 
 4.75550000e-06  2.95236293e+00 
 4.75650000e-06  2.95194559e+00 
 4.75750000e-06  2.95153019e+00 
 4.75850000e-06  2.95111671e+00 
 4.75950000e-06  2.95070512e+00 
 4.76050000e-06  2.95029541e+00 
 4.76150000e-06  2.94988757e+00 
 4.76250000e-06  2.94948156e+00 
 4.76350000e-06  2.94907739e+00 
 4.76450000e-06  2.94867502e+00 
 4.76550000e-06  2.94827445e+00 
 4.76650000e-06  2.94787566e+00 
 4.76750000e-06  2.94747863e+00 
 4.76850000e-06  2.94708335e+00 
 4.76950000e-06  2.94668979e+00 
 4.77050000e-06  2.94629796e+00 
 4.77150000e-06  2.94590782e+00 
 4.77250000e-06  2.94551936e+00 
 4.77350000e-06  2.94513258e+00 
 4.77450000e-06  2.94474745e+00 
 4.77550000e-06  2.94436396e+00 
 4.77650000e-06  2.94398210e+00 
 4.77750000e-06  2.94360184e+00 
 4.77850000e-06  2.94322319e+00 
 4.77950000e-06  2.94284612e+00 
 4.78050000e-06  2.94247062e+00 
 4.78150000e-06  2.94209667e+00 
 4.78250000e-06  2.94172427e+00 
 4.78350000e-06  2.94135340e+00 
 4.78450000e-06  2.94098404e+00 
 4.78550000e-06  2.94061619e+00 
 4.78650000e-06  2.94024982e+00 
 4.78750000e-06  2.93988494e+00 
 4.78850000e-06  2.93952152e+00 
 4.78950000e-06  2.93915956e+00 
 4.79050000e-06  2.93879903e+00 
 4.79150000e-06  2.93843994e+00 
 4.79250000e-06  2.93808226e+00 
 4.79350000e-06  2.93772598e+00 
 4.79450000e-06  2.93737110e+00 
 4.79550000e-06  2.93701760e+00 
 4.79650000e-06  2.93666547e+00 
 4.79750000e-06  2.93631471e+00 
 4.79850000e-06  2.93596528e+00 
 4.79950000e-06  2.93561720e+00 
 4.80050000e-06  2.93527044e+00 
 4.80150000e-06  2.93492500e+00 
 4.80250000e-06  2.93458086e+00 
 4.80350000e-06  2.93423801e+00 
 4.80450000e-06  2.93389645e+00 
 4.80550000e-06  2.93355616e+00 
 4.80650000e-06  2.93321714e+00 
 4.80750000e-06  2.93287937e+00 
 4.80850000e-06  2.93254284e+00 
 4.80950000e-06  2.93220754e+00 
 4.81050000e-06  2.93187347e+00 
 4.81150000e-06  2.93154061e+00 
 4.81250000e-06  2.93120896e+00 
 4.81350000e-06  2.93087849e+00 
 4.81450000e-06  2.93054922e+00 
 4.81550000e-06  2.93022112e+00 
 4.81650000e-06  2.92989419e+00 
 4.81750000e-06  2.92956841e+00 
 4.81850000e-06  2.92924379e+00 
 4.81950000e-06  2.92892030e+00 
 4.82050000e-06  2.92859795e+00 
 4.82150000e-06  2.92827671e+00 
 4.82250000e-06  2.92795660e+00 
 4.82350000e-06  2.92763758e+00 
 4.82450000e-06  2.92731967e+00 
 4.82550000e-06  2.92700284e+00 
 4.82650000e-06  2.92668709e+00 
 4.82750000e-06  2.92637242e+00 
 4.82850000e-06  2.92605881e+00 
 4.82950000e-06  2.92574625e+00 
 4.83050000e-06  2.92543475e+00 
 4.83150000e-06  2.92512428e+00 
 4.83250000e-06  2.92481485e+00 
 4.83350000e-06  2.92450644e+00 
 4.83450000e-06  2.92419905e+00 
 4.83550000e-06  2.92389267e+00 
 4.83650000e-06  2.92358729e+00 
 4.83750000e-06  2.92328291e+00 
 4.83850000e-06  2.92297952e+00 
 4.83950000e-06  2.92267710e+00 
 4.84050000e-06  2.92237566e+00 
 4.84150000e-06  2.92207519e+00 
 4.84250000e-06  2.92177568e+00 
 4.84350000e-06  2.92147712e+00 
 4.84450000e-06  2.92117950e+00 
 4.84550000e-06  2.92088282e+00 
 4.84650000e-06  2.92058708e+00 
 4.84750000e-06  2.92029226e+00 
 4.84850000e-06  2.91999836e+00 
 4.84950000e-06  2.91970538e+00 
 4.85050000e-06  2.91941330e+00 
 4.85150000e-06  2.91912211e+00 
 4.85250000e-06  2.91883183e+00 
 4.85350000e-06  2.91854243e+00 
 4.85450000e-06  2.91825391e+00 
 4.85550000e-06  2.91796626e+00 
 4.85650000e-06  2.91767949e+00 
 4.85750000e-06  2.91739357e+00 
 4.85850000e-06  2.91710851e+00 
 4.85950000e-06  2.91682431e+00 
 4.86050000e-06  2.91654095e+00 
 4.86150000e-06  2.91625842e+00 
 4.86250000e-06  2.91597673e+00 
 4.86350000e-06  2.91569587e+00 
 4.86450000e-06  2.91541583e+00 
 4.86550000e-06  2.91513661e+00 
 4.86650000e-06  2.91485820e+00 
 4.86750000e-06  2.91458059e+00 
 4.86850000e-06  2.91430378e+00 
 4.86950000e-06  2.91402777e+00 
 4.87050000e-06  2.91375255e+00 
 4.87150000e-06  2.91347811e+00 
 4.87250000e-06  2.91320445e+00 
 4.87350000e-06  2.91293156e+00 
 4.87450000e-06  2.91265944e+00 
 4.87550000e-06  2.91238809e+00 
 4.87650000e-06  2.91211749e+00 
 4.87750000e-06  2.91184765e+00 
 4.87850000e-06  2.91157855e+00 
 4.87950000e-06  2.91131020e+00 
 4.88050000e-06  2.91104258e+00 
 4.88150000e-06  2.91077570e+00 
 4.88250000e-06  2.91050955e+00 
 4.88350000e-06  2.91024413e+00 
 4.88450000e-06  2.90997942e+00 
 4.88550000e-06  2.90971543e+00 
 4.88650000e-06  2.90945215e+00 
 4.88750000e-06  2.90918957e+00 
 4.88850000e-06  2.90892770e+00 
 4.88950000e-06  2.90866652e+00 
 4.89050000e-06  2.90840603e+00 
 4.89150000e-06  2.90814623e+00 
 4.89250000e-06  2.90788712e+00 
 4.89350000e-06  2.90762869e+00 
 4.89450000e-06  2.90737093e+00 
 4.89550000e-06  2.90711384e+00 
 4.89650000e-06  2.90685741e+00 
 4.89750000e-06  2.90660165e+00 
 4.89850000e-06  2.90634655e+00 
 4.89950000e-06  2.90609210e+00 
 4.90050000e-06  2.90583830e+00 
 4.90150000e-06  2.90558515e+00 
 4.90250000e-06  2.90533264e+00 
 4.90350000e-06  2.90508077e+00 
 4.90450000e-06  2.90482953e+00 
 4.90550000e-06  2.90457893e+00 
 4.90650000e-06  2.90432894e+00 
 4.90750000e-06  2.90407959e+00 
 4.90850000e-06  2.90383085e+00 
 4.90950000e-06  2.90358272e+00 
 4.91050000e-06  2.90333521e+00 
 4.91150000e-06  2.90308830e+00 
 4.91250000e-06  2.90284200e+00 
 4.91350000e-06  2.90259630e+00 
 4.91450000e-06  2.90235119e+00 
 4.91550000e-06  2.90210668e+00 
 4.91650000e-06  2.90186276e+00 
 4.91750000e-06  2.90161942e+00 
 4.91850000e-06  2.90137667e+00 
 4.91950000e-06  2.90113449e+00 
 4.92050000e-06  2.90089290e+00 
 4.92150000e-06  2.90065187e+00 
 4.92250000e-06  2.90041141e+00 
 4.92350000e-06  2.90017152e+00 
 4.92450000e-06  2.89993219e+00 
 4.92550000e-06  2.89969342e+00 
 4.92650000e-06  2.89945520e+00 
 4.92750000e-06  2.89921754e+00 
 4.92850000e-06  2.89898043e+00 
 4.92950000e-06  2.89874386e+00 
 4.93050000e-06  2.89850784e+00 
 4.93150000e-06  2.89827235e+00 
 4.93250000e-06  2.89803741e+00 
 4.93350000e-06  2.89780299e+00 
 4.93450000e-06  2.89756911e+00 
 4.93550000e-06  2.89733575e+00 
 4.93650000e-06  2.89710292e+00 
 4.93750000e-06  2.89687061e+00 
 4.93850000e-06  2.89663882e+00 
 4.93950000e-06  2.89640755e+00 
 4.94050000e-06  2.89617678e+00 
 4.94150000e-06  2.89594653e+00 
 4.94250000e-06  2.89571679e+00 
 4.94350000e-06  2.89548755e+00 
 4.94450000e-06  2.89525881e+00 
 4.94550000e-06  2.89503057e+00 
 4.94650000e-06  2.89480282e+00 
 4.94750000e-06  2.89457557e+00 
 4.94850000e-06  2.89434881e+00 
 4.94950000e-06  2.89412253e+00 
 4.95050000e-06  2.89389674e+00 
 4.95150000e-06  2.89367144e+00 
 4.95250000e-06  2.89344661e+00 
 4.95350000e-06  2.89322226e+00 
 4.95450000e-06  2.89299838e+00 
 4.95550000e-06  2.89277498e+00 
 4.95650000e-06  2.89255204e+00 
 4.95750000e-06  2.89232958e+00 
 4.95850000e-06  2.89210757e+00 
 4.95950000e-06  2.89188603e+00 
 4.96050000e-06  2.89166495e+00 
 4.96150000e-06  2.89144432e+00 
 4.96250000e-06  2.89122415e+00 
 4.96350000e-06  2.89100443e+00 
 4.96450000e-06  2.89078516e+00 
 4.96550000e-06  2.89056634e+00 
 4.96650000e-06  2.89034796e+00 
 4.96750000e-06  2.89013002e+00 
 4.96850000e-06  2.88991253e+00 
 4.96950000e-06  2.88969547e+00 
 4.97050000e-06  2.88947884e+00 
 4.97150000e-06  2.88926265e+00 
 4.97250000e-06  2.88904689e+00 
 4.97350000e-06  2.88883156e+00 
 4.97450000e-06  2.88861666e+00 
 4.97550000e-06  2.88840218e+00 
 4.97650000e-06  2.88818812e+00 
 4.97750000e-06  2.88797448e+00 
 4.97850000e-06  2.88776126e+00 
 4.97950000e-06  2.88754845e+00 
 4.98050000e-06  2.88733606e+00 
 4.98150000e-06  2.88712408e+00 
 4.98250000e-06  2.88691251e+00 
 4.98350000e-06  2.88670134e+00 
 4.98450000e-06  2.88649058e+00 
 4.98550000e-06  2.88628022e+00 
 4.98650000e-06  2.88607027e+00 
 4.98750000e-06  2.88586071e+00 
 4.98850000e-06  2.88565155e+00 
 4.98950000e-06  2.88544278e+00 
 4.99050000e-06  2.88523440e+00 
 4.99150000e-06  2.88502642e+00 
 4.99250000e-06  2.88481883e+00 
 4.99350000e-06  2.88461162e+00 
 4.99450000e-06  2.88440479e+00 
 4.99550000e-06  2.88419835e+00 
 4.99650000e-06  2.88399229e+00 
 4.99750000e-06  2.88378661e+00 
 4.99850000e-06  2.88358131e+00 
 4.99950000e-06  2.88337638e+00 
 5.00050000e-06  2.88317183e+00 
 5.00150000e-06  2.88296765e+00 
 5.00250000e-06  2.88276384e+00 
 5.00350000e-06  2.88256039e+00 
 5.00450000e-06  2.88235732e+00 
 5.00550000e-06  2.88215460e+00 
 5.00650000e-06  2.88195225e+00 
 5.00750000e-06  2.88175026e+00 
 5.00850000e-06  2.88154863e+00 
 5.00950000e-06  2.88134736e+00 
 5.01050000e-06  2.88114644e+00 
 5.01150000e-06  2.88094588e+00 
 5.01250000e-06  2.88074567e+00 
 5.01350000e-06  2.88054581e+00 
 5.01450000e-06  2.88034630e+00 
 5.01550000e-06  2.88014714e+00 
 5.01650000e-06  2.87994832e+00 
 5.01750000e-06  2.87974985e+00 
 5.01850000e-06  2.87955172e+00 
 5.01950000e-06  2.87935393e+00 
 5.02050000e-06  2.87915647e+00 
 5.02150000e-06  2.87895936e+00 
 5.02250000e-06  2.87876258e+00 
 5.02350000e-06  2.87856614e+00 
 5.02450000e-06  2.87837003e+00 
 5.02550000e-06  2.87817425e+00 
 5.02650000e-06  2.87797880e+00 
 5.02750000e-06  2.87778368e+00 
 5.02850000e-06  2.87758889e+00 
 5.02950000e-06  2.87739442e+00 
 5.03050000e-06  2.87720027e+00 
 5.03150000e-06  2.87700645e+00 
 5.03250000e-06  2.87681294e+00 
 5.03350000e-06  2.87661976e+00 
 5.03450000e-06  2.87642690e+00 
 5.03550000e-06  2.87623435e+00 
 5.03650000e-06  2.87604211e+00 
 5.03750000e-06  2.87585019e+00 
 5.03850000e-06  2.87565858e+00 
 5.03950000e-06  2.87546728e+00 
 5.04050000e-06  2.87527629e+00 
 5.04150000e-06  2.87508561e+00 
 5.04250000e-06  2.87489524e+00 
 5.04350000e-06  2.87470516e+00 
 5.04450000e-06  2.87451540e+00 
 5.04550000e-06  2.87432593e+00 
 5.04650000e-06  2.87413677e+00 
 5.04750000e-06  2.87394791e+00 
 5.04850000e-06  2.87375934e+00 
 5.04950000e-06  2.87357107e+00 
 5.05050000e-06  2.87338310e+00 
 5.05150000e-06  2.87319542e+00 
 5.05250000e-06  2.87300803e+00 
 5.05350000e-06  2.87282094e+00 
 5.05450000e-06  2.87263413e+00 
 5.05550000e-06  2.87244762e+00 
 5.05650000e-06  2.87226139e+00 
 5.05750000e-06  2.87207545e+00 
 5.05850000e-06  2.87188979e+00 
 5.05950000e-06  2.87170442e+00 
 5.06050000e-06  2.87151933e+00 
 5.06150000e-06  2.87133453e+00 
 5.06250000e-06  2.87115000e+00 
 5.06350000e-06  2.87096575e+00 
 5.06450000e-06  2.87078179e+00 
 5.06550000e-06  2.87059809e+00 
 5.06650000e-06  2.87041468e+00 
 5.06750000e-06  2.87023153e+00 
 5.06850000e-06  2.87004866e+00 
 5.06950000e-06  2.86986607e+00 
 5.07050000e-06  2.86968374e+00 
 5.07150000e-06  2.86950168e+00 
 5.07250000e-06  2.86931990e+00 
 5.07350000e-06  2.86913838e+00 
 5.07450000e-06  2.86895712e+00 
 5.07550000e-06  2.86877613e+00 
 5.07650000e-06  2.86859541e+00 
 5.07750000e-06  2.86841495e+00 
 5.07850000e-06  2.86823474e+00 
 5.07950000e-06  2.86805481e+00 
 5.08050000e-06  2.86787513e+00 
 5.08150000e-06  2.86769570e+00 
 5.08250000e-06  2.86751654e+00 
 5.08350000e-06  2.86733763e+00 
 5.08450000e-06  2.86715898e+00 
 5.08550000e-06  2.86698058e+00 
 5.08650000e-06  2.86680244e+00 
 5.08750000e-06  2.86662455e+00 
 5.08850000e-06  2.86644691e+00 
 5.08950000e-06  2.86626952e+00 
 5.09050000e-06  2.86609238e+00 
 5.09150000e-06  2.86591548e+00 
 5.09250000e-06  2.86573884e+00 
 5.09350000e-06  2.86556243e+00 
 5.09450000e-06  2.86538628e+00 
 5.09550000e-06  2.86521037e+00 
 5.09650000e-06  2.86503470e+00 
 5.09750000e-06  2.86485927e+00 
 5.09850000e-06  2.86468409e+00 
 5.09950000e-06  2.86450914e+00 
 5.10050000e-06  2.86433444e+00 
 5.10150000e-06  2.86415997e+00 
 5.10250000e-06  2.86398574e+00 
 5.10350000e-06  2.86381175e+00 
 5.10450000e-06  2.86363799e+00 
 5.10550000e-06  2.86346446e+00 
 5.10650000e-06  2.86329117e+00 
 5.10750000e-06  2.86311812e+00 
 5.10850000e-06  2.86294529e+00 
 5.10950000e-06  2.86277269e+00 
 5.11050000e-06  2.86260033e+00 
 5.11150000e-06  2.86242819e+00 
 5.11250000e-06  2.86225628e+00 
 5.11350000e-06  2.86208460e+00 
 5.11450000e-06  2.86191314e+00 
 5.11550000e-06  2.86174191e+00 
 5.11650000e-06  2.86157091e+00 
 5.11750000e-06  2.86140013e+00 
 5.11850000e-06  2.86122957e+00 
 5.11950000e-06  2.86105923e+00 
 5.12050000e-06  2.86088911e+00 
 5.12150000e-06  2.86071921e+00 
 5.12250000e-06  2.86054954e+00 
 5.12350000e-06  2.86038008e+00 
 5.12450000e-06  2.86021084e+00 
 5.12550000e-06  2.86004181e+00 
 5.12650000e-06  2.85987300e+00 
 5.12750000e-06  2.85970441e+00 
 5.12850000e-06  2.85953603e+00 
 5.12950000e-06  2.85936786e+00 
 5.13050000e-06  2.85919991e+00 
 5.13150000e-06  2.85903217e+00 
 5.13250000e-06  2.85886464e+00 
 5.13350000e-06  2.85869732e+00 
 5.13450000e-06  2.85853021e+00 
 5.13550000e-06  2.85836330e+00 
 5.13650000e-06  2.85819661e+00 
 5.13750000e-06  2.85803012e+00 
 5.13850000e-06  2.85786384e+00 
 5.13950000e-06  2.85769777e+00 
 5.14050000e-06  2.85753190e+00 
 5.14150000e-06  2.85736623e+00 
 5.14250000e-06  2.85720076e+00 
 5.14350000e-06  2.85703550e+00 
 5.14450000e-06  2.85687044e+00 
 5.14550000e-06  2.85670559e+00 
 5.14650000e-06  2.85654093e+00 
 5.14750000e-06  2.85637647e+00 
 5.14850000e-06  2.85621221e+00 
 5.14950000e-06  2.85604815e+00 
 5.15050000e-06  2.85588428e+00 
 5.15150000e-06  2.85572061e+00 
 5.15250000e-06  2.85555714e+00 
 5.15350000e-06  2.85539386e+00 
 5.15450000e-06  2.85523078e+00 
 5.15550000e-06  2.85506789e+00 
 5.15650000e-06  2.85490520e+00 
 5.15750000e-06  2.85474269e+00 
 5.15850000e-06  2.85458038e+00 
 5.15950000e-06  2.85441826e+00 
 5.16050000e-06  2.85425633e+00 
 5.16150000e-06  2.85409459e+00 
 5.16250000e-06  2.85393303e+00 
 5.16350000e-06  2.85377167e+00 
 5.16450000e-06  2.85361049e+00 
 5.16550000e-06  2.85344950e+00 
 5.16650000e-06  2.85328870e+00 
 5.16750000e-06  2.85312808e+00 
 5.16850000e-06  2.85296765e+00 
 5.16950000e-06  2.85280740e+00 
 5.17050000e-06  2.85264733e+00 
 5.17150000e-06  2.85248745e+00 
 5.17250000e-06  2.85232775e+00 
 5.17350000e-06  2.85216823e+00 
 5.17450000e-06  2.85200889e+00 
 5.17550000e-06  2.85184973e+00 
 5.17650000e-06  2.85169076e+00 
 5.17750000e-06  2.85153196e+00 
 5.17850000e-06  2.85137334e+00 
 5.17950000e-06  2.85121489e+00 
 5.18050000e-06  2.85105663e+00 
 5.18150000e-06  2.85089854e+00 
 5.18250000e-06  2.85074063e+00 
 5.18350000e-06  2.85058289e+00 
 5.18450000e-06  2.85042533e+00 
 5.18550000e-06  2.85026794e+00 
 5.18650000e-06  2.85011072e+00 
 5.18750000e-06  2.84995368e+00 
 5.18850000e-06  2.84979681e+00 
 5.18950000e-06  2.84964011e+00 
 5.19050000e-06  2.84948359e+00 
 5.19150000e-06  2.84932723e+00 
 5.19250000e-06  2.84917104e+00 
 5.19350000e-06  2.84901503e+00 
 5.19450000e-06  2.84885918e+00 
 5.19550000e-06  2.84870350e+00 
 5.19650000e-06  2.84854799e+00 
 5.19750000e-06  2.84839264e+00 
 5.19850000e-06  2.84823746e+00 
 5.19950000e-06  2.84808245e+00 
 5.20050000e-06  2.84792760e+00 
 5.20150000e-06  2.84777292e+00 
 5.20250000e-06  2.84761840e+00 
 5.20350000e-06  2.84746405e+00 
 5.20450000e-06  2.84730986e+00 
 5.20550000e-06  2.84715583e+00 
 5.20650000e-06  2.84700197e+00 
 5.20750000e-06  2.84684826e+00 
 5.20850000e-06  2.84669472e+00 
 5.20950000e-06  2.84654134e+00 
 5.21050000e-06  2.84638812e+00 
 5.21150000e-06  2.84623505e+00 
 5.21250000e-06  2.84608215e+00 
 5.21350000e-06  2.84592940e+00 
 5.21450000e-06  2.84577682e+00 
 5.21550000e-06  2.84562439e+00 
 5.21650000e-06  2.84547211e+00 
 5.21750000e-06  2.84532000e+00 
 5.21850000e-06  2.84516803e+00 
 5.21950000e-06  2.84501623e+00 
 5.22050000e-06  2.84486458e+00 
 5.22150000e-06  2.84471308e+00 
 5.22250000e-06  2.84456174e+00 
 5.22350000e-06  2.84441055e+00 
 5.22450000e-06  2.84425951e+00 
 5.22550000e-06  2.84410863e+00 
 5.22650000e-06  2.84395790e+00 
 5.22750000e-06  2.84380732e+00 
 5.22850000e-06  2.84365689e+00 
 5.22950000e-06  2.84350661e+00 
 5.23050000e-06  2.84335648e+00 
 5.23150000e-06  2.84320650e+00 
 5.23250000e-06  2.84305667e+00 
 5.23350000e-06  2.84290698e+00 
 5.23450000e-06  2.84275745e+00 
 5.23550000e-06  2.84260806e+00 
 5.23650000e-06  2.84245882e+00 
 5.23750000e-06  2.84230973e+00 
 5.23850000e-06  2.84216078e+00 
 5.23950000e-06  2.84201198e+00 
 5.24050000e-06  2.84186333e+00 
 5.24150000e-06  2.84171481e+00 
 5.24250000e-06  2.84156645e+00 
 5.24350000e-06  2.84141822e+00 
 5.24450000e-06  2.84127014e+00 
 5.24550000e-06  2.84112221e+00 
 5.24650000e-06  2.84097441e+00 
 5.24750000e-06  2.84082676e+00 
 5.24850000e-06  2.84067925e+00 
 5.24950000e-06  2.84053188e+00 
 5.25050000e-06  2.84038465e+00 
 5.25150000e-06  2.84023757e+00 
 5.25250000e-06  2.84009062e+00 
 5.25350000e-06  2.83994381e+00 
 5.25450000e-06  2.83979714e+00 
 5.25550000e-06  2.83965061e+00 
 5.25650000e-06  2.83950422e+00 
 5.25750000e-06  2.83935796e+00 
 5.25850000e-06  2.83921184e+00 
 5.25950000e-06  2.83906586e+00 
 5.26050000e-06  2.83892002e+00 
 5.26150000e-06  2.83877431e+00 
 5.26250000e-06  2.83862874e+00 
 5.26350000e-06  2.83848330e+00 
 5.26450000e-06  2.83833800e+00 
 5.26550000e-06  2.83819283e+00 
 5.26650000e-06  2.83804780e+00 
 5.26750000e-06  2.83790290e+00 
 5.26850000e-06  2.83775813e+00 
 5.26950000e-06  2.83761349e+00 
 5.27050000e-06  2.83746899e+00 
 5.27150000e-06  2.83732462e+00 
 5.27250000e-06  2.83718039e+00 
 5.27350000e-06  2.83703628e+00 
 5.27450000e-06  2.83689230e+00 
 5.27550000e-06  2.83674846e+00 
 5.27650000e-06  2.83660474e+00 
 5.27750000e-06  2.83646116e+00 
 5.27850000e-06  2.83631770e+00 
 5.27950000e-06  2.83617437e+00 
 5.28050000e-06  2.83603118e+00 
 5.28150000e-06  2.83588811e+00 
 5.28250000e-06  2.83574516e+00 
 5.28350000e-06  2.83560235e+00 
 5.28450000e-06  2.83545966e+00 
 5.28550000e-06  2.83531710e+00 
 5.28650000e-06  2.83517466e+00 
 5.28750000e-06  2.83503235e+00 
 5.28850000e-06  2.83489017e+00 
 5.28950000e-06  2.83474811e+00 
 5.29050000e-06  2.83460618e+00 
 5.29150000e-06  2.83446437e+00 
 5.29250000e-06  2.83432268e+00 
 5.29350000e-06  2.83418112e+00 
 5.29450000e-06  2.83403969e+00 
 5.29550000e-06  2.83389837e+00 
 5.29650000e-06  2.83375718e+00 
 5.29750000e-06  2.83361611e+00 
 5.29850000e-06  2.83347516e+00 
 5.29950000e-06  2.83333434e+00 
 5.30050000e-06  2.83319363e+00 
 5.30150000e-06  2.83305305e+00 
 5.30250000e-06  2.83291258e+00 
 5.30350000e-06  2.83277224e+00 
 5.30450000e-06  2.83263202e+00 
 5.30550000e-06  2.83249191e+00 
 5.30650000e-06  2.83235193e+00 
 5.30750000e-06  2.83221207e+00 
 5.30850000e-06  2.83207232e+00 
 5.30950000e-06  2.83193269e+00 
 5.31050000e-06  2.83179318e+00 
 5.31150000e-06  2.83165379e+00 
 5.31250000e-06  2.83151451e+00 
 5.31350000e-06  2.83137535e+00 
 5.31450000e-06  2.83123631e+00 
 5.31550000e-06  2.83109739e+00 
 5.31650000e-06  2.83095858e+00 
 5.31750000e-06  2.83081988e+00 
 5.31850000e-06  2.83068130e+00 
 5.31950000e-06  2.83054284e+00 
 5.32050000e-06  2.83040449e+00 
 5.32150000e-06  2.83026625e+00 
 5.32250000e-06  2.83012813e+00 
 5.32350000e-06  2.82999012e+00 
 5.32450000e-06  2.82985223e+00 
 5.32550000e-06  2.82971445e+00 
 5.32650000e-06  2.82957678e+00 
 5.32750000e-06  2.82943923e+00 
 5.32850000e-06  2.82930178e+00 
 5.32950000e-06  2.82916445e+00 
 5.33050000e-06  2.82902723e+00 
 5.33150000e-06  2.82889012e+00 
 5.33250000e-06  2.82875312e+00 
 5.33350000e-06  2.82861624e+00 
 5.33450000e-06  2.82847946e+00 
 5.33550000e-06  2.82834279e+00 
 5.33650000e-06  2.82820624e+00 
 5.33750000e-06  2.82806979e+00 
 5.33850000e-06  2.82793345e+00 
 5.33950000e-06  2.82779722e+00 
 5.34050000e-06  2.82766110e+00 
 5.34150000e-06  2.82752509e+00 
 5.34250000e-06  2.82738918e+00 
 5.34350000e-06  2.82725338e+00 
 5.34450000e-06  2.82711769e+00 
 5.34550000e-06  2.82698211e+00 
 5.34650000e-06  2.82684663e+00 
 5.34750000e-06  2.82671127e+00 
 5.34850000e-06  2.82657600e+00 
 5.34950000e-06  2.82644084e+00 
 5.35050000e-06  2.82630579e+00 
 5.35150000e-06  2.82617085e+00 
 5.35250000e-06  2.82603601e+00 
 5.35350000e-06  2.82590127e+00 
 5.35450000e-06  2.82576664e+00 
 5.35550000e-06  2.82563211e+00 
 5.35650000e-06  2.82549769e+00 
 5.35750000e-06  2.82536337e+00 
 5.35850000e-06  2.82522915e+00 
 5.35950000e-06  2.82509504e+00 
 5.36050000e-06  2.82496103e+00 
 5.36150000e-06  2.82482712e+00 
 5.36250000e-06  2.82469332e+00 
 5.36350000e-06  2.82455962e+00 
 5.36450000e-06  2.82442602e+00 
 5.36550000e-06  2.82429252e+00 
 5.36650000e-06  2.82415912e+00 
 5.36750000e-06  2.82402582e+00 
 5.36850000e-06  2.82389263e+00 
 5.36950000e-06  2.82375953e+00 
 5.37050000e-06  2.82362654e+00 
 5.37150000e-06  2.82349364e+00 
 5.37250000e-06  2.82336085e+00 
 5.37350000e-06  2.82322815e+00 
 5.37450000e-06  2.82309555e+00 
 5.37550000e-06  2.82296306e+00 
 5.37650000e-06  2.82283066e+00 
 5.37750000e-06  2.82269836e+00 
 5.37850000e-06  2.82256616e+00 
 5.37950000e-06  2.82243405e+00 
 5.38050000e-06  2.82230205e+00 
 5.38150000e-06  2.82217014e+00 
 5.38250000e-06  2.82203833e+00 
 5.38350000e-06  2.82190661e+00 
 5.38450000e-06  2.82177500e+00 
 5.38550000e-06  2.82164348e+00 
 5.38650000e-06  2.82151205e+00 
 5.38750000e-06  2.82138072e+00 
 5.38850000e-06  2.82124949e+00 
 5.38950000e-06  2.82111835e+00 
 5.39050000e-06  2.82098731e+00 
 5.39150000e-06  2.82085637e+00 
 5.39250000e-06  2.82072552e+00 
 5.39350000e-06  2.82059476e+00 
 5.39450000e-06  2.82046410e+00 
 5.39550000e-06  2.82033353e+00 
 5.39650000e-06  2.82020305e+00 
 5.39750000e-06  2.82007267e+00 
 5.39850000e-06  2.81994239e+00 
 5.39950000e-06  2.81981219e+00 
 5.40050000e-06  2.81968209e+00 
 5.40150000e-06  2.81955208e+00 
 5.40250000e-06  2.81942217e+00 
 5.40350000e-06  2.81929234e+00 
 5.40450000e-06  2.81916261e+00 
 5.40550000e-06  2.81903297e+00 
 5.40650000e-06  2.81890342e+00 
 5.40750000e-06  2.81877397e+00 
 5.40850000e-06  2.81864460e+00 
 5.40950000e-06  2.81851533e+00 
 5.41050000e-06  2.81838615e+00 
 5.41150000e-06  2.81825705e+00 
 5.41250000e-06  2.81812805e+00 
 5.41350000e-06  2.81799914e+00 
 5.41450000e-06  2.81787032e+00 
 5.41550000e-06  2.81774158e+00 
 5.41650000e-06  2.81761294e+00 
 5.41750000e-06  2.81748439e+00 
 5.41850000e-06  2.81735592e+00 
 5.41950000e-06  2.81722754e+00 
 5.42050000e-06  2.81709926e+00 
 5.42150000e-06  2.81697106e+00 
 5.42250000e-06  2.81684295e+00 
 5.42350000e-06  2.81671492e+00 
 5.42450000e-06  2.81658699e+00 
 5.42550000e-06  2.81645914e+00 
 5.42650000e-06  2.81633138e+00 
 5.42750000e-06  2.81620371e+00 
 5.42850000e-06  2.81607612e+00 
 5.42950000e-06  2.81594862e+00 
 5.43050000e-06  2.81582121e+00 
 5.43150000e-06  2.81569388e+00 
 5.43250000e-06  2.81556664e+00 
 5.43350000e-06  2.81543948e+00 
 5.43450000e-06  2.81531241e+00 
 5.43550000e-06  2.81518543e+00 
 5.43650000e-06  2.81505853e+00 
 5.43750000e-06  2.81493172e+00 
 5.43850000e-06  2.81480499e+00 
 5.43950000e-06  2.81467835e+00 
 5.44050000e-06  2.81455179e+00 
 5.44150000e-06  2.81442531e+00 
 5.44250000e-06  2.81429892e+00 
 5.44350000e-06  2.81417261e+00 
 5.44450000e-06  2.81404639e+00 
 5.44550000e-06  2.81392025e+00 
 5.44650000e-06  2.81379420e+00 
 5.44750000e-06  2.81366822e+00 
 5.44850000e-06  2.81354233e+00 
 5.44950000e-06  2.81341652e+00 
 5.45050000e-06  2.81329080e+00 
 5.45150000e-06  2.81316516e+00 
 5.45250000e-06  2.81303960e+00 
 5.45350000e-06  2.81291412e+00 
 5.45450000e-06  2.81278872e+00 
 5.45550000e-06  2.81266341e+00 
 5.45650000e-06  2.81253817e+00 
 5.45750000e-06  2.81241302e+00 
 5.45850000e-06  2.81228795e+00 
 5.45950000e-06  2.81216296e+00 
 5.46050000e-06  2.81203805e+00 
 5.46150000e-06  2.81191322e+00 
 5.46250000e-06  2.81178847e+00 
 5.46350000e-06  2.81166381e+00 
 5.46450000e-06  2.81153922e+00 
 5.46550000e-06  2.81141471e+00 
 5.46650000e-06  2.81129028e+00 
 5.46750000e-06  2.81116593e+00 
 5.46850000e-06  2.81104166e+00 
 5.46950000e-06  2.81091747e+00 
 5.47050000e-06  2.81079336e+00 
 5.47150000e-06  2.81066932e+00 
 5.47250000e-06  2.81054537e+00 
 5.47350000e-06  2.81042149e+00 
 5.47450000e-06  2.81029769e+00 
 5.47550000e-06  2.81017397e+00 
 5.47650000e-06  2.81005033e+00 
 5.47750000e-06  2.80992677e+00 
 5.47850000e-06  2.80980328e+00 
 5.47950000e-06  2.80967987e+00 
 5.48050000e-06  2.80955654e+00 
 5.48150000e-06  2.80943328e+00 
 5.48250000e-06  2.80931010e+00 
 5.48350000e-06  2.80918700e+00 
 5.48450000e-06  2.80906397e+00 
 5.48550000e-06  2.80894102e+00 
 5.48650000e-06  2.80881815e+00 
 5.48750000e-06  2.80869535e+00 
 5.48850000e-06  2.80857263e+00 
 5.48950000e-06  2.80844999e+00 
 5.49050000e-06  2.80832742e+00 
 5.49150000e-06  2.80820492e+00 
 5.49250000e-06  2.80808250e+00 
 5.49350000e-06  2.80796016e+00 
 5.49450000e-06  2.80783789e+00 
 5.49550000e-06  2.80771569e+00 
 5.49650000e-06  2.80759357e+00 
 5.49750000e-06  2.80747153e+00 
 5.49850000e-06  2.80734955e+00 
 5.49950000e-06  2.80722766e+00 
 5.50050000e-06  2.80710583e+00 
 5.50150000e-06  2.80698408e+00 
 5.50250000e-06  2.80686240e+00 
 5.50350000e-06  2.80674080e+00 
 5.50450000e-06  2.80661927e+00 
 5.50550000e-06  2.80649781e+00 
 5.50650000e-06  2.80637643e+00 
 5.50750000e-06  2.80625512e+00 
 5.50850000e-06  2.80613388e+00 
 5.50950000e-06  2.80601272e+00 
 5.51050000e-06  2.80589162e+00 
 5.51150000e-06  2.80577060e+00 
 5.51250000e-06  2.80564965e+00 
 5.51350000e-06  2.80552877e+00 
 5.51450000e-06  2.80540797e+00 
 5.51550000e-06  2.80528723e+00 
 5.51650000e-06  2.80516657e+00 
 5.51750000e-06  2.80504598e+00 
 5.51850000e-06  2.80492546e+00 
 5.51950000e-06  2.80480501e+00 
 5.52050000e-06  2.80468463e+00 
 5.52150000e-06  2.80456432e+00 
 5.52250000e-06  2.80444408e+00 
 5.52350000e-06  2.80432392e+00 
 5.52450000e-06  2.80420382e+00 
 5.52550000e-06  2.80408379e+00 
 5.52650000e-06  2.80396384e+00 
 5.52750000e-06  2.80384395e+00 
 5.52850000e-06  2.80372413e+00 
 5.52950000e-06  2.80360438e+00 
 5.53050000e-06  2.80348471e+00 
 5.53150000e-06  2.80336510e+00 
 5.53250000e-06  2.80324556e+00 
 5.53350000e-06  2.80312609e+00 
 5.53450000e-06  2.80300668e+00 
 5.53550000e-06  2.80288735e+00 
 5.53650000e-06  2.80276808e+00 
 5.53750000e-06  2.80264889e+00 
 5.53850000e-06  2.80252976e+00 
 5.53950000e-06  2.80241070e+00 
 5.54050000e-06  2.80229171e+00 
 5.54150000e-06  2.80217278e+00 
 5.54250000e-06  2.80205392e+00 
 5.54350000e-06  2.80193514e+00 
 5.54450000e-06  2.80181641e+00 
 5.54550000e-06  2.80169776e+00 
 5.54650000e-06  2.80157917e+00 
 5.54750000e-06  2.80146065e+00 
 5.54850000e-06  2.80134220e+00 
 5.54950000e-06  2.80122381e+00 
 5.55050000e-06  2.80110549e+00 
 5.55150000e-06  2.80098724e+00 
 5.55250000e-06  2.80086905e+00 
 5.55350000e-06  2.80075093e+00 
 5.55450000e-06  2.80063287e+00 
 5.55550000e-06  2.80051488e+00 
 5.55650000e-06  2.80039696e+00 
 5.55750000e-06  2.80027910e+00 
 5.55850000e-06  2.80016131e+00 
 5.55950000e-06  2.80004358e+00 
 5.56050000e-06  2.79992592e+00 
 5.56150000e-06  2.79980832e+00 
 5.56250000e-06  2.79969079e+00 
 5.56350000e-06  2.79957332e+00 
 5.56450000e-06  2.79945592e+00 
 5.56550000e-06  2.79933859e+00 
 5.56650000e-06  2.79922131e+00 
 5.56750000e-06  2.79910410e+00 
 5.56850000e-06  2.79898696e+00 
 5.56950000e-06  2.79886988e+00 
 5.57050000e-06  2.79875286e+00 
 5.57150000e-06  2.79863591e+00 
 5.57250000e-06  2.79851902e+00 
 5.57350000e-06  2.79840220e+00 
 5.57450000e-06  2.79828544e+00 
 5.57550000e-06  2.79816874e+00 
 5.57650000e-06  2.79805211e+00 
 5.57750000e-06  2.79793554e+00 
 5.57850000e-06  2.79781903e+00 
 5.57950000e-06  2.79770258e+00 
 5.58050000e-06  2.79758620e+00 
 5.58150000e-06  2.79746988e+00 
 5.58250000e-06  2.79735362e+00 
 5.58350000e-06  2.79723743e+00 
 5.58450000e-06  2.79712129e+00 
 5.58550000e-06  2.79700522e+00 
 5.58650000e-06  2.79688921e+00 
 5.58750000e-06  2.79677327e+00 
 5.58850000e-06  2.79665738e+00 
 5.58950000e-06  2.79654156e+00 
 5.59050000e-06  2.79642580e+00 
 5.59150000e-06  2.79631010e+00 
 5.59250000e-06  2.79619446e+00 
 5.59350000e-06  2.79607888e+00 
 5.59450000e-06  2.79596337e+00 
 5.59550000e-06  2.79584791e+00 
 5.59650000e-06  2.79573252e+00 
 5.59750000e-06  2.79561718e+00 
 5.59850000e-06  2.79550191e+00 
 5.59950000e-06  2.79538670e+00 
 5.60050000e-06  2.79527154e+00 
 5.60150000e-06  2.79515645e+00 
 5.60250000e-06  2.79504142e+00 
 5.60350000e-06  2.79492645e+00 
 5.60450000e-06  2.79481154e+00 
 5.60550000e-06  2.79469669e+00 
 5.60650000e-06  2.79458189e+00 
 5.60750000e-06  2.79446716e+00 
 5.60850000e-06  2.79435249e+00 
 5.60950000e-06  2.79423788e+00 
 5.61050000e-06  2.79412332e+00 
 5.61150000e-06  2.79400883e+00 
 5.61250000e-06  2.79389439e+00 
 5.61350000e-06  2.79378001e+00 
 5.61450000e-06  2.79366570e+00 
 5.61550000e-06  2.79355144e+00 
 5.61650000e-06  2.79343724e+00 
 5.61750000e-06  2.79332309e+00 
 5.61850000e-06  2.79320901e+00 
 5.61950000e-06  2.79309498e+00 
 5.62050000e-06  2.79298102e+00 
 5.62150000e-06  2.79286711e+00 
 5.62250000e-06  2.79275326e+00 
 5.62350000e-06  2.79263946e+00 
 5.62450000e-06  2.79252573e+00 
 5.62550000e-06  2.79241205e+00 
 5.62650000e-06  2.79229843e+00 
 5.62750000e-06  2.79218487e+00 
 5.62850000e-06  2.79207136e+00 
 5.62950000e-06  2.79195791e+00 
 5.63050000e-06  2.79184452e+00 
 5.63150000e-06  2.79173119e+00 
 5.63250000e-06  2.79161791e+00 
 5.63350000e-06  2.79150469e+00 
 5.63450000e-06  2.79139153e+00 
 5.63550000e-06  2.79127842e+00 
 5.63650000e-06  2.79116537e+00 
 5.63750000e-06  2.79105238e+00 
 5.63850000e-06  2.79093944e+00 
 5.63950000e-06  2.79082656e+00 
 5.64050000e-06  2.79071373e+00 
 5.64150000e-06  2.79060097e+00 
 5.64250000e-06  2.79048825e+00 
 5.64350000e-06  2.79037559e+00 
 5.64450000e-06  2.79026299e+00 
 5.64550000e-06  2.79015045e+00 
 5.64650000e-06  2.79003796e+00 
 5.64750000e-06  2.78992552e+00 
 5.64850000e-06  2.78981314e+00 
 5.64950000e-06  2.78970082e+00 
 5.65050000e-06  2.78958855e+00 
 5.65150000e-06  2.78947633e+00 
 5.65250000e-06  2.78936417e+00 
 5.65350000e-06  2.78925207e+00 
 5.65450000e-06  2.78914002e+00 
 5.65550000e-06  2.78902803e+00 
 5.65650000e-06  2.78891608e+00 
 5.65750000e-06  2.78880420e+00 
 5.65850000e-06  2.78869237e+00 
 5.65950000e-06  2.78858059e+00 
 5.66050000e-06  2.78846887e+00 
 5.66150000e-06  2.78835720e+00 
 5.66250000e-06  2.78824558e+00 
 5.66350000e-06  2.78813402e+00 
 5.66450000e-06  2.78802251e+00 
 5.66550000e-06  2.78791106e+00 
 5.66650000e-06  2.78779966e+00 
 5.66750000e-06  2.78768831e+00 
 5.66850000e-06  2.78757702e+00 
 5.66950000e-06  2.78746578e+00 
 5.67050000e-06  2.78735459e+00 
 5.67150000e-06  2.78724346e+00 
 5.67250000e-06  2.78713238e+00 
 5.67350000e-06  2.78702135e+00 
 5.67450000e-06  2.78691037e+00 
 5.67550000e-06  2.78679945e+00 
 5.67650000e-06  2.78668858e+00 
 5.67750000e-06  2.78657777e+00 
 5.67850000e-06  2.78646700e+00 
 5.67950000e-06  2.78635629e+00 
 5.68050000e-06  2.78624563e+00 
 5.68150000e-06  2.78613502e+00 
 5.68250000e-06  2.78602447e+00 
 5.68350000e-06  2.78591397e+00 
 5.68450000e-06  2.78580351e+00 
 5.68550000e-06  2.78569311e+00 
 5.68650000e-06  2.78558277e+00 
 5.68750000e-06  2.78547247e+00 
 5.68850000e-06  2.78536223e+00 
 5.68950000e-06  2.78525203e+00 
 5.69050000e-06  2.78514189e+00 
 5.69150000e-06  2.78503180e+00 
 5.69250000e-06  2.78492177e+00 
 5.69350000e-06  2.78481178e+00 
 5.69450000e-06  2.78470184e+00 
 5.69550000e-06  2.78459196e+00 
 5.69650000e-06  2.78448212e+00 
 5.69750000e-06  2.78437234e+00 
 5.69850000e-06  2.78426261e+00 
 5.69950000e-06  2.78415292e+00 
 5.70050000e-06  2.78404329e+00 
 5.70150000e-06  2.78393371e+00 
 5.70250000e-06  2.78382418e+00 
 5.70350000e-06  2.78371470e+00 
 5.70450000e-06  2.78360527e+00 
 5.70550000e-06  2.78349589e+00 
 5.70650000e-06  2.78338656e+00 
 5.70750000e-06  2.78327728e+00 
 5.70850000e-06  2.78316805e+00 
 5.70950000e-06  2.78305887e+00 
 5.71050000e-06  2.78294974e+00 
 5.71150000e-06  2.78284066e+00 
 5.71250000e-06  2.78273163e+00 
 5.71350000e-06  2.78262265e+00 
 5.71450000e-06  2.78251371e+00 
 5.71550000e-06  2.78240483e+00 
 5.71650000e-06  2.78229600e+00 
 5.71750000e-06  2.78218721e+00 
 5.71850000e-06  2.78207848e+00 
 5.71950000e-06  2.78196979e+00 
 5.72050000e-06  2.78186115e+00 
 5.72150000e-06  2.78175257e+00 
 5.72250000e-06  2.78164403e+00 
 5.72350000e-06  2.78153554e+00 
 5.72450000e-06  2.78142709e+00 
 5.72550000e-06  2.78131870e+00 
 5.72650000e-06  2.78121035e+00 
 5.72750000e-06  2.78110206e+00 
 5.72850000e-06  2.78099381e+00 
 5.72950000e-06  2.78088561e+00 
 5.73050000e-06  2.78077746e+00 
 5.73150000e-06  2.78066935e+00 
 5.73250000e-06  2.78056129e+00 
 5.73350000e-06  2.78045329e+00 
 5.73450000e-06  2.78034533e+00 
 5.73550000e-06  2.78023741e+00 
 5.73650000e-06  2.78012955e+00 
 5.73750000e-06  2.78002173e+00 
 5.73850000e-06  2.77991396e+00 
 5.73950000e-06  2.77980624e+00 
 5.74050000e-06  2.77969856e+00 
 5.74150000e-06  2.77959093e+00 
 5.74250000e-06  2.77948335e+00 
 5.74350000e-06  2.77937582e+00 
 5.74450000e-06  2.77926833e+00 
 5.74550000e-06  2.77916089e+00 
 5.74650000e-06  2.77905350e+00 
 5.74750000e-06  2.77894616e+00 
 5.74850000e-06  2.77883886e+00 
 5.74950000e-06  2.77873161e+00 
 5.75050000e-06  2.77862440e+00 
 5.75150000e-06  2.77851724e+00 
 5.75250000e-06  2.77841013e+00 
 5.75350000e-06  2.77830306e+00 
 5.75450000e-06  2.77819604e+00 
 5.75550000e-06  2.77808907e+00 
 5.75650000e-06  2.77798214e+00 
 5.75750000e-06  2.77787526e+00 
 5.75850000e-06  2.77776843e+00 
 5.75950000e-06  2.77766164e+00 
 5.76050000e-06  2.77755489e+00 
 5.76150000e-06  2.77744820e+00 
 5.76250000e-06  2.77734155e+00 
 5.76350000e-06  2.77723494e+00 
 5.76450000e-06  2.77712838e+00 
 5.76550000e-06  2.77702186e+00 
 5.76650000e-06  2.77691539e+00 
 5.76750000e-06  2.77680897e+00 
 5.76850000e-06  2.77670259e+00 
 5.76950000e-06  2.77659626e+00 
 5.77050000e-06  2.77648997e+00 
 5.77150000e-06  2.77638373e+00 
 5.77250000e-06  2.77627753e+00 
 5.77350000e-06  2.77617138e+00 
 5.77450000e-06  2.77606527e+00 
 5.77550000e-06  2.77595921e+00 
 5.77650000e-06  2.77585319e+00 
 5.77750000e-06  2.77574721e+00 
 5.77850000e-06  2.77564129e+00 
 5.77950000e-06  2.77553540e+00 
 5.78050000e-06  2.77542956e+00 
 5.78150000e-06  2.77532377e+00 
 5.78250000e-06  2.77521801e+00 
 5.78350000e-06  2.77511231e+00 
 5.78450000e-06  2.77500665e+00 
 5.78550000e-06  2.77490103e+00 
 5.78650000e-06  2.77479545e+00 
 5.78750000e-06  2.77468992e+00 
 5.78850000e-06  2.77458444e+00 
 5.78950000e-06  2.77447899e+00 
 5.79050000e-06  2.77437360e+00 
 5.79150000e-06  2.77426824e+00 
 5.79250000e-06  2.77416293e+00 
 5.79350000e-06  2.77405766e+00 
 5.79450000e-06  2.77395244e+00 
 5.79550000e-06  2.77384726e+00 
 5.79650000e-06  2.77374212e+00 
 5.79750000e-06  2.77363703e+00 
 5.79850000e-06  2.77353198e+00 
 5.79950000e-06  2.77342697e+00 
 5.80050000e-06  2.77332201e+00 
 5.80150000e-06  2.77321709e+00 
 5.80250000e-06  2.77311221e+00 
 5.80350000e-06  2.77300737e+00 
 5.80450000e-06  2.77290258e+00 
 5.80550000e-06  2.77279783e+00 
 5.80650000e-06  2.77269313e+00 
 5.80750000e-06  2.77258846e+00 
 5.80850000e-06  2.77248384e+00 
 5.80950000e-06  2.77237927e+00 
 5.81050000e-06  2.77227473e+00 
 5.81150000e-06  2.77217024e+00 
 5.81250000e-06  2.77206579e+00 
 5.81350000e-06  2.77196138e+00 
 5.81450000e-06  2.77185701e+00 
 5.81550000e-06  2.77175269e+00 
 5.81650000e-06  2.77164841e+00 
 5.81750000e-06  2.77154417e+00 
 5.81850000e-06  2.77143997e+00 
 5.81950000e-06  2.77133582e+00 
 5.82050000e-06  2.77123170e+00 
 5.82150000e-06  2.77112763e+00 
 5.82250000e-06  2.77102360e+00 
 5.82350000e-06  2.77091961e+00 
 5.82450000e-06  2.77081567e+00 
 5.82550000e-06  2.77071176e+00 
 5.82650000e-06  2.77060790e+00 
 5.82750000e-06  2.77050408e+00 
 5.82850000e-06  2.77040030e+00 
 5.82950000e-06  2.77029656e+00 
 5.83050000e-06  2.77019286e+00 
 5.83150000e-06  2.77008921e+00 
 5.83250000e-06  2.76998559e+00 
 5.83350000e-06  2.76988202e+00 
 5.83450000e-06  2.76977848e+00 
 5.83550000e-06  2.76967499e+00 
 5.83650000e-06  2.76957154e+00 
 5.83750000e-06  2.76946813e+00 
 5.83850000e-06  2.76936476e+00 
 5.83950000e-06  2.76926143e+00 
 5.84050000e-06  2.76915815e+00 
 5.84150000e-06  2.76905490e+00 
 5.84250000e-06  2.76895169e+00 
 5.84350000e-06  2.76884853e+00 
 5.84450000e-06  2.76874540e+00 
 5.84550000e-06  2.76864232e+00 
 5.84650000e-06  2.76853927e+00 
 5.84750000e-06  2.76843627e+00 
 5.84850000e-06  2.76833331e+00 
 5.84950000e-06  2.76823038e+00 
 5.85050000e-06  2.76812750e+00 
 5.85150000e-06  2.76802466e+00 
 5.85250000e-06  2.76792185e+00 
 5.85350000e-06  2.76781909e+00 
 5.85450000e-06  2.76771637e+00 
 5.85550000e-06  2.76761368e+00 
 5.85650000e-06  2.76751104e+00 
 5.85750000e-06  2.76740844e+00 
 5.85850000e-06  2.76730587e+00 
 5.85950000e-06  2.76720335e+00 
 5.86050000e-06  2.76710086e+00 
 5.86150000e-06  2.76699842e+00 
 5.86250000e-06  2.76689601e+00 
 5.86350000e-06  2.76679365e+00 
 5.86450000e-06  2.76669132e+00 
 5.86550000e-06  2.76658903e+00 
 5.86650000e-06  2.76648678e+00 
 5.86750000e-06  2.76638457e+00 
 5.86850000e-06  2.76628240e+00 
 5.86950000e-06  2.76618027e+00 
 5.87050000e-06  2.76607818e+00 
 5.87150000e-06  2.76597613e+00 
 5.87250000e-06  2.76587411e+00 
 5.87350000e-06  2.76577214e+00 
 5.87450000e-06  2.76567020e+00 
 5.87550000e-06  2.76556830e+00 
 5.87650000e-06  2.76546644e+00 
 5.87750000e-06  2.76536462e+00 
 5.87850000e-06  2.76526284e+00 
 5.87950000e-06  2.76516110e+00 
 5.88050000e-06  2.76505940e+00 
 5.88150000e-06  2.76495773e+00 
 5.88250000e-06  2.76485610e+00 
 5.88350000e-06  2.76475451e+00 
 5.88450000e-06  2.76465296e+00 
 5.88550000e-06  2.76455145e+00 
 5.88650000e-06  2.76444998e+00 
 5.88750000e-06  2.76434854e+00 
 5.88850000e-06  2.76424714e+00 
 5.88950000e-06  2.76414578e+00 
 5.89050000e-06  2.76404446e+00 
 5.89150000e-06  2.76394317e+00 
 5.89250000e-06  2.76384193e+00 
 5.89350000e-06  2.76374072e+00 
 5.89450000e-06  2.76363955e+00 
 5.89550000e-06  2.76353842e+00 
 5.89650000e-06  2.76343732e+00 
 5.89750000e-06  2.76333626e+00 
 5.89850000e-06  2.76323524e+00 
 5.89950000e-06  2.76313426e+00 
 5.90050000e-06  2.76303332e+00 
 5.90150000e-06  2.76293241e+00 
 5.90250000e-06  2.76283154e+00 
 5.90350000e-06  2.76273070e+00 
 5.90450000e-06  2.76262991e+00 
 5.90550000e-06  2.76252915e+00 
 5.90650000e-06  2.76242843e+00 
 5.90750000e-06  2.76232775e+00 
 5.90850000e-06  2.76222710e+00 
 5.90950000e-06  2.76212649e+00 
 5.91050000e-06  2.76202592e+00 
 5.91150000e-06  2.76192538e+00 
 5.91250000e-06  2.76182488e+00 
 5.91350000e-06  2.76172442e+00 
 5.91450000e-06  2.76162399e+00 
 5.91550000e-06  2.76152360e+00 
 5.91650000e-06  2.76142325e+00 
 5.91750000e-06  2.76132294e+00 
 5.91850000e-06  2.76122266e+00 
 5.91950000e-06  2.76112242e+00 
 5.92050000e-06  2.76102221e+00 
 5.92150000e-06  2.76092204e+00 
 5.92250000e-06  2.76082191e+00 
 5.92350000e-06  2.76072181e+00 
 5.92450000e-06  2.76062175e+00 
 5.92550000e-06  2.76052173e+00 
 5.92650000e-06  2.76042174e+00 
 5.92750000e-06  2.76032179e+00 
 5.92850000e-06  2.76022187e+00 
 5.92950000e-06  2.76012199e+00 
 5.93050000e-06  2.76002215e+00 
 5.93150000e-06  2.75992234e+00 
 5.93250000e-06  2.75982257e+00 
 5.93350000e-06  2.75972284e+00 
 5.93450000e-06  2.75962314e+00 
 5.93550000e-06  2.75952347e+00 
 5.93650000e-06  2.75942384e+00 
 5.93750000e-06  2.75932425e+00 
 5.93850000e-06  2.75922469e+00 
 5.93950000e-06  2.75912517e+00 
 5.94050000e-06  2.75902569e+00 
 5.94150000e-06  2.75892624e+00 
 5.94250000e-06  2.75882682e+00 
 5.94350000e-06  2.75872744e+00 
 5.94450000e-06  2.75862810e+00 
 5.94550000e-06  2.75852879e+00 
 5.94650000e-06  2.75842952e+00 
 5.94750000e-06  2.75833028e+00 
 5.94850000e-06  2.75823108e+00 
 5.94950000e-06  2.75813191e+00 
 5.95050000e-06  2.75803278e+00 
 5.95150000e-06  2.75793368e+00 
 5.95250000e-06  2.75783462e+00 
 5.95350000e-06  2.75773559e+00 
 5.95450000e-06  2.75763660e+00 
 5.95550000e-06  2.75753764e+00 
 5.95650000e-06  2.75743872e+00 
 5.95750000e-06  2.75733983e+00 
 5.95850000e-06  2.75724098e+00 
 5.95950000e-06  2.75714216e+00 
 5.96050000e-06  2.75704337e+00 
 5.96150000e-06  2.75694462e+00 
 5.96250000e-06  2.75684591e+00 
 5.96350000e-06  2.75674723e+00 
 5.96450000e-06  2.75664858e+00 
 5.96550000e-06  2.75654997e+00 
 5.96650000e-06  2.75645140e+00 
 5.96750000e-06  2.75635285e+00 
 5.96850000e-06  2.75625435e+00 
 5.96950000e-06  2.75615587e+00 
 5.97050000e-06  2.75605743e+00 
 5.97150000e-06  2.75595903e+00 
 5.97250000e-06  2.75586066e+00 
 5.97350000e-06  2.75576232e+00 
 5.97450000e-06  2.75566402e+00 
 5.97550000e-06  2.75556575e+00 
 5.97650000e-06  2.75546751e+00 
 5.97750000e-06  2.75536931e+00 
 5.97850000e-06  2.75527114e+00 
 5.97950000e-06  2.75517301e+00 
 5.98050000e-06  2.75507491e+00 
 5.98150000e-06  2.75497684e+00 
 5.98250000e-06  2.75487881e+00 
 5.98350000e-06  2.75478081e+00 
 5.98450000e-06  2.75468285e+00 
 5.98550000e-06  2.75458492e+00 
 5.98650000e-06  2.75448702e+00 
 5.98750000e-06  2.75438916e+00 
 5.98850000e-06  2.75429133e+00 
 5.98950000e-06  2.75419353e+00 
 5.99050000e-06  2.75409577e+00 
 5.99150000e-06  2.75399804e+00 
 5.99250000e-06  2.75390034e+00 
 5.99350000e-06  2.75380268e+00 
 5.99450000e-06  2.75370504e+00 
 5.99550000e-06  2.75360745e+00 
 5.99650000e-06  2.75350988e+00 
 5.99750000e-06  2.75341235e+00 
 5.99850000e-06  2.75331485e+00 
 5.99950000e-06  2.75321739e+00 
 6.00000000e-06  2.75316867e+00 
