 0.00000000e+00  3.59999999e+00  0.00000000e+00  3.59999999e+00 
 2.00000000e-13  3.59999999e+00  2.00000000e-13  3.59999999e+00 
 4.00000000e-13  3.59999999e+00  4.00000000e-13  3.59999999e+00 
 8.00000000e-13  3.59999999e+00  8.00000000e-13  3.59999999e+00 
 1.60000000e-12  3.59999999e+00  1.60000000e-12  3.59999999e+00 
 3.20000000e-12  3.59999999e+00  3.20000000e-12  3.59999999e+00 
 6.40000000e-12  3.59999999e+00  6.40000000e-12  3.59999999e+00 
 1.28000000e-11  3.59999999e+00  1.28000000e-11  3.59999999e+00 
 2.56000000e-11  3.59999999e+00  2.56000000e-11  3.59999999e+00 
 4.56000000e-11  3.59999999e+00  4.56000000e-11  3.59999999e+00 
 6.56000000e-11  3.59999999e+00  6.56000000e-11  3.59999999e+00 
 8.56000000e-11  3.59999999e+00  8.56000000e-11  3.59999999e+00 
 1.05600000e-10  3.59999999e+00  1.05600000e-10  3.59999999e+00 
 1.25600000e-10  3.59999999e+00  1.25600000e-10  3.59999999e+00 
 1.45600000e-10  3.59999999e+00  1.45600000e-10  3.59999999e+00 
 1.65600000e-10  3.59999999e+00  1.65600000e-10  3.59999999e+00 
 1.85600000e-10  3.59999999e+00  1.85600000e-10  3.59999999e+00 
 2.05600000e-10  3.59999999e+00  2.05600000e-10  3.59999999e+00 
 2.25600000e-10  3.59999999e+00  2.25600000e-10  3.59999999e+00 
 2.45600000e-10  3.59999999e+00  2.45600000e-10  3.59999999e+00 
 2.65600000e-10  3.59999999e+00  2.65600000e-10  3.59999999e+00 
 2.85600000e-10  3.59999999e+00  2.85600000e-10  3.59999999e+00 
 3.05600000e-10  3.59999999e+00  3.05600000e-10  3.59999999e+00 
 3.25600000e-10  3.59999999e+00  3.25600000e-10  3.59999999e+00 
 3.45600000e-10  3.59999999e+00  3.45600000e-10  3.59999999e+00 
 3.65600000e-10  3.59999999e+00  3.65600000e-10  3.59999999e+00 
 3.85600000e-10  3.59999999e+00  3.85600000e-10  3.59999999e+00 
 4.05600000e-10  3.59999999e+00  4.05600000e-10  3.59999999e+00 
 4.25600000e-10  3.59999999e+00  4.25600000e-10  3.59999999e+00 
 4.45600000e-10  3.59999999e+00  4.45600000e-10  3.59999999e+00 
 4.65600000e-10  3.59999999e+00  4.65600000e-10  3.59999999e+00 
 4.85600000e-10  3.59999999e+00  4.85600000e-10  3.59999999e+00 
 5.05600000e-10  3.59999999e+00  5.05600000e-10  3.59999999e+00 
 5.25600000e-10  3.59999999e+00  5.25600000e-10  3.59999999e+00 
 5.45600000e-10  3.59999999e+00  5.45600000e-10  3.59999999e+00 
 5.65600000e-10  3.59999999e+00  5.65600000e-10  3.59999999e+00 
 5.85600000e-10  3.59999999e+00  5.85600000e-10  3.59999999e+00 
 6.05600000e-10  3.59999999e+00  6.05600000e-10  3.59999999e+00 
 6.25600000e-10  3.59999999e+00  6.25600000e-10  3.59999999e+00 
 6.45600000e-10  3.59999999e+00  6.45600000e-10  3.59999999e+00 
 6.65600000e-10  3.59999999e+00  6.65600000e-10  3.59999999e+00 
 6.85600000e-10  3.59999999e+00  6.85600000e-10  3.59999999e+00 
 7.05600000e-10  3.59999999e+00  7.05600000e-10  3.59999999e+00 
 7.25600000e-10  3.59999999e+00  7.25600000e-10  3.59999999e+00 
 7.45600000e-10  3.59999999e+00  7.45600000e-10  3.59999999e+00 
 7.65600000e-10  3.59999999e+00  7.65600000e-10  3.59999999e+00 
 7.85600000e-10  3.59999999e+00  7.85600000e-10  3.59999999e+00 
 8.05600000e-10  3.59999999e+00  8.05600000e-10  3.59999999e+00 
 8.25600000e-10  3.59999999e+00  8.25600000e-10  3.59999999e+00 
 8.45600000e-10  3.59999999e+00  8.45600000e-10  3.59999999e+00 
 8.65600000e-10  3.59999999e+00  8.65600000e-10  3.59999999e+00 
 8.85600000e-10  3.59999999e+00  8.85600000e-10  3.59999999e+00 
 9.05600000e-10  3.59999999e+00  9.05600000e-10  3.59999999e+00 
 9.25600000e-10  3.59999999e+00  9.25600000e-10  3.59999999e+00 
 9.45600000e-10  3.59999999e+00  9.45600000e-10  3.59999999e+00 
 9.65600000e-10  3.59999999e+00  9.65600000e-10  3.59999999e+00 
 9.85600000e-10  3.59999999e+00  9.85600000e-10  3.59999999e+00 
 1.00560000e-09  3.59999999e+00  1.00560000e-09  3.59999999e+00 
 1.02560000e-09  3.59999999e+00  1.02560000e-09  3.59999999e+00 
 1.04560000e-09  3.59999999e+00  1.04560000e-09  3.59999999e+00 
 1.06560000e-09  3.59999999e+00  1.06560000e-09  3.59999999e+00 
 1.08560000e-09  3.59999999e+00  1.08560000e-09  3.59999999e+00 
 1.10560000e-09  3.59999999e+00  1.10560000e-09  3.59999999e+00 
 1.12560000e-09  3.59999999e+00  1.12560000e-09  3.59999999e+00 
 1.14560000e-09  3.59999999e+00  1.14560000e-09  3.59999999e+00 
 1.16560000e-09  3.59999999e+00  1.16560000e-09  3.59999999e+00 
 1.18560000e-09  3.59999999e+00  1.18560000e-09  3.59999999e+00 
 1.20560000e-09  3.59999999e+00  1.20560000e-09  3.59999999e+00 
 1.22560000e-09  3.59999999e+00  1.22560000e-09  3.59999999e+00 
 1.24560000e-09  3.59999999e+00  1.24560000e-09  3.59999999e+00 
 1.26560000e-09  3.59999999e+00  1.26560000e-09  3.59999999e+00 
 1.28560000e-09  3.59999999e+00  1.28560000e-09  3.59999999e+00 
 1.30560000e-09  3.59999999e+00  1.30560000e-09  3.59999999e+00 
 1.32560000e-09  3.59999999e+00  1.32560000e-09  3.59999999e+00 
 1.34560000e-09  3.59999999e+00  1.34560000e-09  3.59999999e+00 
 1.36560000e-09  3.59999999e+00  1.36560000e-09  3.59999999e+00 
 1.38560000e-09  3.59999999e+00  1.38560000e-09  3.59999999e+00 
 1.40560000e-09  3.59999999e+00  1.40560000e-09  3.59999999e+00 
 1.42560000e-09  3.59999999e+00  1.42560000e-09  3.59999999e+00 
 1.44560000e-09  3.59999999e+00  1.44560000e-09  3.59999999e+00 
 1.46560000e-09  3.59999999e+00  1.46560000e-09  3.59999999e+00 
 1.48560000e-09  3.59999999e+00  1.48560000e-09  3.59999999e+00 
 1.50560000e-09  3.59999999e+00  1.50560000e-09  3.59999999e+00 
 1.52560000e-09  3.59999999e+00  1.52560000e-09  3.59999999e+00 
 1.54560000e-09  3.59999999e+00  1.54560000e-09  3.59999999e+00 
 1.56560000e-09  3.59999999e+00  1.56560000e-09  3.59999999e+00 
 1.58560000e-09  3.59999999e+00  1.58560000e-09  3.59999999e+00 
 1.60560000e-09  3.59999999e+00  1.60560000e-09  3.59999999e+00 
 1.62560000e-09  3.59999999e+00  1.62560000e-09  3.59999999e+00 
 1.64560000e-09  3.59999999e+00  1.64560000e-09  3.59999999e+00 
 1.66560000e-09  3.59999999e+00  1.66560000e-09  3.59999999e+00 
 1.68560000e-09  3.59999999e+00  1.68560000e-09  3.59999999e+00 
 1.70560000e-09  3.59999999e+00  1.70560000e-09  3.59999999e+00 
 1.72560000e-09  3.59999999e+00  1.72560000e-09  3.59999999e+00 
 1.74560000e-09  3.59999999e+00  1.74560000e-09  3.59999999e+00 
 1.76560000e-09  3.59999999e+00  1.76560000e-09  3.59999999e+00 
 1.78560000e-09  3.59999999e+00  1.78560000e-09  3.59999999e+00 
 1.80560000e-09  3.59999999e+00  1.80560000e-09  3.59999999e+00 
 1.82560000e-09  3.59999999e+00  1.82560000e-09  3.59999999e+00 
 1.84560000e-09  3.59999999e+00  1.84560000e-09  3.59999999e+00 
 1.86560000e-09  3.59999999e+00  1.86560000e-09  3.59999999e+00 
 1.88560000e-09  3.59999999e+00  1.88560000e-09  3.59999999e+00 
 1.90560000e-09  3.59999999e+00  1.90560000e-09  3.59999999e+00 
 1.92560000e-09  3.59999999e+00  1.92560000e-09  3.59999999e+00 
 1.94560000e-09  3.59999999e+00  1.94560000e-09  3.59999999e+00 
 1.96560000e-09  3.59999999e+00  1.96560000e-09  3.59999999e+00 
 1.98560000e-09  3.59999999e+00  1.98560000e-09  3.59999999e+00 
 2.00560000e-09  3.59999999e+00  2.00560000e-09  3.59999999e+00 
 2.02560000e-09  3.59999999e+00  2.02560000e-09  3.59999999e+00 
 2.04560000e-09  3.59999999e+00  2.04560000e-09  3.59999999e+00 
 2.06560000e-09  3.59999999e+00  2.06560000e-09  3.59999999e+00 
 2.08560000e-09  3.59999999e+00  2.08560000e-09  3.59999999e+00 
 2.10560000e-09  3.59999999e+00  2.10560000e-09  3.59999999e+00 
 2.12560000e-09  3.59999999e+00  2.12560000e-09  3.59999999e+00 
 2.14560000e-09  3.59999999e+00  2.14560000e-09  3.59999999e+00 
 2.16560000e-09  3.59999999e+00  2.16560000e-09  3.59999999e+00 
 2.18560000e-09  3.59999999e+00  2.18560000e-09  3.59999999e+00 
 2.20560000e-09  3.59999999e+00  2.20560000e-09  3.59999999e+00 
 2.22560000e-09  3.59999999e+00  2.22560000e-09  3.59999999e+00 
 2.24560000e-09  3.59999999e+00  2.24560000e-09  3.59999999e+00 
 2.26560000e-09  3.59999999e+00  2.26560000e-09  3.59999999e+00 
 2.28560000e-09  3.59999999e+00  2.28560000e-09  3.59999999e+00 
 2.30560000e-09  3.59999999e+00  2.30560000e-09  3.59999999e+00 
 2.32560000e-09  3.59999999e+00  2.32560000e-09  3.59999999e+00 
 2.34560000e-09  3.59999999e+00  2.34560000e-09  3.59999999e+00 
 2.36560000e-09  3.59999999e+00  2.36560000e-09  3.59999999e+00 
 2.38560000e-09  3.59999999e+00  2.38560000e-09  3.59999999e+00 
 2.40560000e-09  3.59999999e+00  2.40560000e-09  3.59999999e+00 
 2.42560000e-09  3.59999999e+00  2.42560000e-09  3.59999999e+00 
 2.44560000e-09  3.59999999e+00  2.44560000e-09  3.59999999e+00 
 2.46560000e-09  3.59999999e+00  2.46560000e-09  3.59999999e+00 
 2.48560000e-09  3.59999999e+00  2.48560000e-09  3.59999999e+00 
 2.50560000e-09  3.59999999e+00  2.50560000e-09  3.59999999e+00 
 2.52560000e-09  3.59999999e+00  2.52560000e-09  3.59999999e+00 
 2.54560000e-09  3.59999999e+00  2.54560000e-09  3.59999999e+00 
 2.56560000e-09  3.59999999e+00  2.56560000e-09  3.59999999e+00 
 2.58560000e-09  3.59999999e+00  2.58560000e-09  3.59999999e+00 
 2.60560000e-09  3.59999999e+00  2.60560000e-09  3.59999999e+00 
 2.62560000e-09  3.59999999e+00  2.62560000e-09  3.59999999e+00 
 2.64560000e-09  3.59999999e+00  2.64560000e-09  3.59999999e+00 
 2.66560000e-09  3.59999999e+00  2.66560000e-09  3.59999999e+00 
 2.68560000e-09  3.59999999e+00  2.68560000e-09  3.59999999e+00 
 2.70560000e-09  3.59999999e+00  2.70560000e-09  3.59999999e+00 
 2.72560000e-09  3.59999999e+00  2.72560000e-09  3.59999999e+00 
 2.74560000e-09  3.59999999e+00  2.74560000e-09  3.59999999e+00 
 2.76560000e-09  3.59999999e+00  2.76560000e-09  3.59999999e+00 
 2.78560000e-09  3.59999999e+00  2.78560000e-09  3.59999999e+00 
 2.80560000e-09  3.59999999e+00  2.80560000e-09  3.59999999e+00 
 2.82560000e-09  3.59999999e+00  2.82560000e-09  3.59999999e+00 
 2.84560000e-09  3.59999999e+00  2.84560000e-09  3.59999999e+00 
 2.86560000e-09  3.59999999e+00  2.86560000e-09  3.59999999e+00 
 2.88560000e-09  3.59999999e+00  2.88560000e-09  3.59999999e+00 
 2.90560000e-09  3.59999999e+00  2.90560000e-09  3.59999999e+00 
 2.92560000e-09  3.59999999e+00  2.92560000e-09  3.59999999e+00 
 2.94560000e-09  3.59999999e+00  2.94560000e-09  3.59999999e+00 
 2.96560000e-09  3.59999999e+00  2.96560000e-09  3.59999999e+00 
 2.98560000e-09  3.59999999e+00  2.98560000e-09  3.59999999e+00 
 3.00560000e-09  3.59999999e+00  3.00560000e-09  3.59999999e+00 
 3.02560000e-09  3.59999999e+00  3.02560000e-09  3.59999999e+00 
 3.04560000e-09  3.59999999e+00  3.04560000e-09  3.59999999e+00 
 3.06560000e-09  3.59999999e+00  3.06560000e-09  3.59999999e+00 
 3.08560000e-09  3.59999999e+00  3.08560000e-09  3.59999999e+00 
 3.10560000e-09  3.59999999e+00  3.10560000e-09  3.59999999e+00 
 3.12560000e-09  3.59999999e+00  3.12560000e-09  3.59999999e+00 
 3.14560000e-09  3.59999999e+00  3.14560000e-09  3.59999999e+00 
 3.16560000e-09  3.59999999e+00  3.16560000e-09  3.59999999e+00 
 3.18560000e-09  3.59999999e+00  3.18560000e-09  3.59999999e+00 
 3.20560000e-09  3.59999999e+00  3.20560000e-09  3.59999999e+00 
 3.22560000e-09  3.59999999e+00  3.22560000e-09  3.59999999e+00 
 3.24560000e-09  3.59999999e+00  3.24560000e-09  3.59999999e+00 
 3.26560000e-09  3.59999999e+00  3.26560000e-09  3.59999999e+00 
 3.28560000e-09  3.59999999e+00  3.28560000e-09  3.59999999e+00 
 3.30560000e-09  3.59999999e+00  3.30560000e-09  3.59999999e+00 
 3.32560000e-09  3.59999999e+00  3.32560000e-09  3.59999999e+00 
 3.34560000e-09  3.59999999e+00  3.34560000e-09  3.59999999e+00 
 3.36560000e-09  3.59999999e+00  3.36560000e-09  3.59999999e+00 
 3.38560000e-09  3.59999999e+00  3.38560000e-09  3.59999999e+00 
 3.40560000e-09  3.59999999e+00  3.40560000e-09  3.59999999e+00 
 3.42560000e-09  3.59999999e+00  3.42560000e-09  3.59999999e+00 
 3.44560000e-09  3.59999999e+00  3.44560000e-09  3.59999999e+00 
 3.46560000e-09  3.59999999e+00  3.46560000e-09  3.59999999e+00 
 3.48560000e-09  3.59999999e+00  3.48560000e-09  3.59999999e+00 
 3.50560000e-09  3.59999999e+00  3.50560000e-09  3.59999999e+00 
 3.52560000e-09  3.59999999e+00  3.52560000e-09  3.59999999e+00 
 3.54560000e-09  3.59999999e+00  3.54560000e-09  3.59999999e+00 
 3.56560000e-09  3.59999999e+00  3.56560000e-09  3.59999999e+00 
 3.58560000e-09  3.59999999e+00  3.58560000e-09  3.59999999e+00 
 3.60560000e-09  3.59999999e+00  3.60560000e-09  3.59999999e+00 
 3.62560000e-09  3.59999999e+00  3.62560000e-09  3.59999999e+00 
 3.64560000e-09  3.59999999e+00  3.64560000e-09  3.59999999e+00 
 3.66560000e-09  3.59999999e+00  3.66560000e-09  3.59999999e+00 
 3.68560000e-09  3.59999999e+00  3.68560000e-09  3.59999999e+00 
 3.70560000e-09  3.59999999e+00  3.70560000e-09  3.59999999e+00 
 3.72560000e-09  3.59999999e+00  3.72560000e-09  3.59999999e+00 
 3.74560000e-09  3.59999999e+00  3.74560000e-09  3.59999999e+00 
 3.76560000e-09  3.59999999e+00  3.76560000e-09  3.59999999e+00 
 3.78560000e-09  3.59999999e+00  3.78560000e-09  3.59999999e+00 
 3.80560000e-09  3.59999999e+00  3.80560000e-09  3.59999999e+00 
 3.82560000e-09  3.59999999e+00  3.82560000e-09  3.59999999e+00 
 3.84560000e-09  3.59999999e+00  3.84560000e-09  3.59999999e+00 
 3.86560000e-09  3.59999999e+00  3.86560000e-09  3.59999999e+00 
 3.88560000e-09  3.59999999e+00  3.88560000e-09  3.59999999e+00 
 3.90560000e-09  3.59999999e+00  3.90560000e-09  3.59999999e+00 
 3.92560000e-09  3.59999999e+00  3.92560000e-09  3.59999999e+00 
 3.94560000e-09  3.59999999e+00  3.94560000e-09  3.59999999e+00 
 3.96560000e-09  3.59999999e+00  3.96560000e-09  3.59999999e+00 
 3.98560000e-09  3.59999999e+00  3.98560000e-09  3.59999999e+00 
 4.00560000e-09  3.59999999e+00  4.00560000e-09  3.59999999e+00 
 4.02560000e-09  3.59999999e+00  4.02560000e-09  3.59999999e+00 
 4.04560000e-09  3.59999999e+00  4.04560000e-09  3.59999999e+00 
 4.06560000e-09  3.59999999e+00  4.06560000e-09  3.59999999e+00 
 4.08560000e-09  3.59999999e+00  4.08560000e-09  3.59999999e+00 
 4.10560000e-09  3.59999999e+00  4.10560000e-09  3.59999999e+00 
 4.12560000e-09  3.59999999e+00  4.12560000e-09  3.59999999e+00 
 4.14560000e-09  3.59999999e+00  4.14560000e-09  3.59999999e+00 
 4.16560000e-09  3.59999999e+00  4.16560000e-09  3.59999999e+00 
 4.18560000e-09  3.59999999e+00  4.18560000e-09  3.59999999e+00 
 4.20560000e-09  3.59999999e+00  4.20560000e-09  3.59999999e+00 
 4.22560000e-09  3.59999999e+00  4.22560000e-09  3.59999999e+00 
 4.24560000e-09  3.59999999e+00  4.24560000e-09  3.59999999e+00 
 4.26560000e-09  3.59999999e+00  4.26560000e-09  3.59999999e+00 
 4.28560000e-09  3.59999999e+00  4.28560000e-09  3.59999999e+00 
 4.30560000e-09  3.59999999e+00  4.30560000e-09  3.59999999e+00 
 4.32560000e-09  3.59999999e+00  4.32560000e-09  3.59999999e+00 
 4.34560000e-09  3.59999999e+00  4.34560000e-09  3.59999999e+00 
 4.36560000e-09  3.59999999e+00  4.36560000e-09  3.59999999e+00 
 4.38560000e-09  3.59999999e+00  4.38560000e-09  3.59999999e+00 
 4.40560000e-09  3.59999999e+00  4.40560000e-09  3.59999999e+00 
 4.42560000e-09  3.59999999e+00  4.42560000e-09  3.59999999e+00 
 4.44560000e-09  3.59999999e+00  4.44560000e-09  3.59999999e+00 
 4.46560000e-09  3.59999999e+00  4.46560000e-09  3.59999999e+00 
 4.48560000e-09  3.59999999e+00  4.48560000e-09  3.59999999e+00 
 4.50560000e-09  3.59999999e+00  4.50560000e-09  3.59999999e+00 
 4.52560000e-09  3.59999999e+00  4.52560000e-09  3.59999999e+00 
 4.54560000e-09  3.59999999e+00  4.54560000e-09  3.59999999e+00 
 4.56560000e-09  3.59999999e+00  4.56560000e-09  3.59999999e+00 
 4.58560000e-09  3.59999999e+00  4.58560000e-09  3.59999999e+00 
 4.60560000e-09  3.59999999e+00  4.60560000e-09  3.59999999e+00 
 4.62560000e-09  3.59999999e+00  4.62560000e-09  3.59999999e+00 
 4.64560000e-09  3.59999999e+00  4.64560000e-09  3.59999999e+00 
 4.66560000e-09  3.59999999e+00  4.66560000e-09  3.59999999e+00 
 4.68560000e-09  3.59999999e+00  4.68560000e-09  3.59999999e+00 
 4.70560000e-09  3.59999999e+00  4.70560000e-09  3.59999999e+00 
 4.72560000e-09  3.59999999e+00  4.72560000e-09  3.59999999e+00 
 4.74560000e-09  3.59999999e+00  4.74560000e-09  3.59999999e+00 
 4.76560000e-09  3.59999999e+00  4.76560000e-09  3.59999999e+00 
 4.78560000e-09  3.59999999e+00  4.78560000e-09  3.59999999e+00 
 4.80560000e-09  3.59999999e+00  4.80560000e-09  3.59999999e+00 
 4.82560000e-09  3.59999999e+00  4.82560000e-09  3.59999999e+00 
 4.84560000e-09  3.59999999e+00  4.84560000e-09  3.59999999e+00 
 4.86560000e-09  3.59999999e+00  4.86560000e-09  3.59999999e+00 
 4.88560000e-09  3.59999999e+00  4.88560000e-09  3.59999999e+00 
 4.90560000e-09  3.59999999e+00  4.90560000e-09  3.59999999e+00 
 4.92560000e-09  3.59999999e+00  4.92560000e-09  3.59999999e+00 
 4.94560000e-09  3.59999999e+00  4.94560000e-09  3.59999999e+00 
 4.96560000e-09  3.59999999e+00  4.96560000e-09  3.59999999e+00 
 4.98560000e-09  3.59999999e+00  4.98560000e-09  3.59999999e+00 
 5.00560000e-09  3.59999999e+00  5.00560000e-09  3.59999999e+00 
 5.02560000e-09  3.59999999e+00  5.02560000e-09  3.59999999e+00 
 5.04560000e-09  3.59999999e+00  5.04560000e-09  3.59999999e+00 
 5.06560000e-09  3.59999999e+00  5.06560000e-09  3.59999999e+00 
 5.08560000e-09  3.59999999e+00  5.08560000e-09  3.59999999e+00 
 5.10560000e-09  3.59999999e+00  5.10560000e-09  3.59999999e+00 
 5.12560000e-09  3.59999999e+00  5.12560000e-09  3.59999999e+00 
 5.14560000e-09  3.59999999e+00  5.14560000e-09  3.59999999e+00 
 5.16560000e-09  3.59999999e+00  5.16560000e-09  3.59999999e+00 
 5.18560000e-09  3.59999999e+00  5.18560000e-09  3.59999999e+00 
 5.20560000e-09  3.59999999e+00  5.20560000e-09  3.59999999e+00 
 5.22560000e-09  3.59999999e+00  5.22560000e-09  3.59999999e+00 
 5.24560000e-09  3.59999999e+00  5.24560000e-09  3.59999999e+00 
 5.26560000e-09  3.59999999e+00  5.26560000e-09  3.59999999e+00 
 5.28560000e-09  3.59999999e+00  5.28560000e-09  3.59999999e+00 
 5.30560000e-09  3.59999999e+00  5.30560000e-09  3.59999999e+00 
 5.32560000e-09  3.59999999e+00  5.32560000e-09  3.59999999e+00 
 5.34560000e-09  3.59999999e+00  5.34560000e-09  3.59999999e+00 
 5.36560000e-09  3.59999999e+00  5.36560000e-09  3.59999999e+00 
 5.38560000e-09  3.59999999e+00  5.38560000e-09  3.59999999e+00 
 5.40560000e-09  3.59999999e+00  5.40560000e-09  3.59999999e+00 
 5.42560000e-09  3.59999999e+00  5.42560000e-09  3.59999999e+00 
 5.44560000e-09  3.59999999e+00  5.44560000e-09  3.59999999e+00 
 5.46560000e-09  3.59999999e+00  5.46560000e-09  3.59999999e+00 
 5.48560000e-09  3.59999999e+00  5.48560000e-09  3.59999999e+00 
 5.50560000e-09  3.59999999e+00  5.50560000e-09  3.59999999e+00 
 5.52560000e-09  3.59999999e+00  5.52560000e-09  3.59999999e+00 
 5.54560000e-09  3.59999999e+00  5.54560000e-09  3.59999999e+00 
 5.56560000e-09  3.59999999e+00  5.56560000e-09  3.59999999e+00 
 5.58560000e-09  3.59999999e+00  5.58560000e-09  3.59999999e+00 
 5.60560000e-09  3.59999999e+00  5.60560000e-09  3.59999999e+00 
 5.62560000e-09  3.59999999e+00  5.62560000e-09  3.59999999e+00 
 5.64560000e-09  3.59999999e+00  5.64560000e-09  3.59999999e+00 
 5.66560000e-09  3.59999999e+00  5.66560000e-09  3.59999999e+00 
 5.68560000e-09  3.59999999e+00  5.68560000e-09  3.59999999e+00 
 5.70560000e-09  3.59999999e+00  5.70560000e-09  3.59999999e+00 
 5.72560000e-09  3.59999999e+00  5.72560000e-09  3.59999999e+00 
 5.74560000e-09  3.59999999e+00  5.74560000e-09  3.59999999e+00 
 5.76560000e-09  3.59999999e+00  5.76560000e-09  3.59999999e+00 
 5.78560000e-09  3.59999999e+00  5.78560000e-09  3.59999999e+00 
 5.80560000e-09  3.59999999e+00  5.80560000e-09  3.59999999e+00 
 5.82560000e-09  3.59999999e+00  5.82560000e-09  3.59999999e+00 
 5.84560000e-09  3.59999999e+00  5.84560000e-09  3.59999999e+00 
 5.86560000e-09  3.59999999e+00  5.86560000e-09  3.59999999e+00 
 5.88560000e-09  3.59999999e+00  5.88560000e-09  3.59999999e+00 
 5.90560000e-09  3.59999999e+00  5.90560000e-09  3.59999999e+00 
 5.92560000e-09  3.59999999e+00  5.92560000e-09  3.59999999e+00 
 5.94560000e-09  3.59999999e+00  5.94560000e-09  3.59999999e+00 
 5.96560000e-09  3.59999999e+00  5.96560000e-09  3.59999999e+00 
 5.98560000e-09  3.59999999e+00  5.98560000e-09  3.59999999e+00 
 6.00560000e-09  3.59999999e+00  6.00560000e-09  3.59999999e+00 
 6.02560000e-09  3.59999999e+00  6.02560000e-09  3.59999999e+00 
 6.04560000e-09  3.59999999e+00  6.04560000e-09  3.59999999e+00 
 6.06560000e-09  3.59999999e+00  6.06560000e-09  3.59999999e+00 
 6.08560000e-09  3.59999999e+00  6.08560000e-09  3.59999999e+00 
 6.10560000e-09  3.59999999e+00  6.10560000e-09  3.59999999e+00 
 6.12560000e-09  3.59999999e+00  6.12560000e-09  3.59999999e+00 
 6.14560000e-09  3.59999999e+00  6.14560000e-09  3.59999999e+00 
 6.16560000e-09  3.59999999e+00  6.16560000e-09  3.59999999e+00 
 6.18560000e-09  3.59999999e+00  6.18560000e-09  3.59999999e+00 
 6.20560000e-09  3.59999999e+00  6.20560000e-09  3.59999999e+00 
 6.22560000e-09  3.59999999e+00  6.22560000e-09  3.59999999e+00 
 6.24560000e-09  3.59999999e+00  6.24560000e-09  3.59999999e+00 
 6.26560000e-09  3.59999999e+00  6.26560000e-09  3.59999999e+00 
 6.28560000e-09  3.59999999e+00  6.28560000e-09  3.59999999e+00 
 6.30560000e-09  3.59999999e+00  6.30560000e-09  3.59999999e+00 
 6.32560000e-09  3.59999999e+00  6.32560000e-09  3.59999999e+00 
 6.34560000e-09  3.59999999e+00  6.34560000e-09  3.59999999e+00 
 6.36560000e-09  3.59999999e+00  6.36560000e-09  3.59999999e+00 
 6.38560000e-09  3.59999999e+00  6.38560000e-09  3.59999999e+00 
 6.40560000e-09  3.59999999e+00  6.40560000e-09  3.59999999e+00 
 6.42560000e-09  3.59999999e+00  6.42560000e-09  3.59999999e+00 
 6.44560000e-09  3.59999999e+00  6.44560000e-09  3.59999999e+00 
 6.46560000e-09  3.59999999e+00  6.46560000e-09  3.59999999e+00 
 6.48560000e-09  3.59999999e+00  6.48560000e-09  3.59999999e+00 
 6.50560000e-09  3.59999999e+00  6.50560000e-09  3.59999999e+00 
 6.52560000e-09  3.59999999e+00  6.52560000e-09  3.59999999e+00 
 6.54560000e-09  3.59999999e+00  6.54560000e-09  3.59999999e+00 
 6.56560000e-09  3.59999999e+00  6.56560000e-09  3.59999999e+00 
 6.58560000e-09  3.59999999e+00  6.58560000e-09  3.59999999e+00 
 6.60560000e-09  3.59999999e+00  6.60560000e-09  3.59999999e+00 
 6.62560000e-09  3.59999999e+00  6.62560000e-09  3.59999999e+00 
 6.64560000e-09  3.59999999e+00  6.64560000e-09  3.59999999e+00 
 6.66560000e-09  3.59999999e+00  6.66560000e-09  3.59999999e+00 
 6.68560000e-09  3.59999999e+00  6.68560000e-09  3.59999999e+00 
 6.70560000e-09  3.59999999e+00  6.70560000e-09  3.59999999e+00 
 6.72560000e-09  3.59999999e+00  6.72560000e-09  3.59999999e+00 
 6.74560000e-09  3.59999999e+00  6.74560000e-09  3.59999999e+00 
 6.76560000e-09  3.59999999e+00  6.76560000e-09  3.59999999e+00 
 6.78560000e-09  3.59999999e+00  6.78560000e-09  3.59999999e+00 
 6.80560000e-09  3.59999999e+00  6.80560000e-09  3.59999999e+00 
 6.82560000e-09  3.59999999e+00  6.82560000e-09  3.59999999e+00 
 6.84560000e-09  3.59999999e+00  6.84560000e-09  3.59999999e+00 
 6.86560000e-09  3.59999999e+00  6.86560000e-09  3.59999999e+00 
 6.88560000e-09  3.59999999e+00  6.88560000e-09  3.59999999e+00 
 6.90560000e-09  3.59999999e+00  6.90560000e-09  3.59999999e+00 
 6.92560000e-09  3.59999999e+00  6.92560000e-09  3.59999999e+00 
 6.94560000e-09  3.59999999e+00  6.94560000e-09  3.59999999e+00 
 6.96560000e-09  3.59999999e+00  6.96560000e-09  3.59999999e+00 
 6.98560000e-09  3.59999999e+00  6.98560000e-09  3.59999999e+00 
 7.00560000e-09  3.59999999e+00  7.00560000e-09  3.59999999e+00 
 7.02560000e-09  3.59999999e+00  7.02560000e-09  3.59999999e+00 
 7.04560000e-09  3.59999999e+00  7.04560000e-09  3.59999999e+00 
 7.06560000e-09  3.59999999e+00  7.06560000e-09  3.59999999e+00 
 7.08560000e-09  3.59999999e+00  7.08560000e-09  3.59999999e+00 
 7.10560000e-09  3.59999999e+00  7.10560000e-09  3.59999999e+00 
 7.12560000e-09  3.59999999e+00  7.12560000e-09  3.59999999e+00 
 7.14560000e-09  3.59999999e+00  7.14560000e-09  3.59999999e+00 
 7.16560000e-09  3.59999999e+00  7.16560000e-09  3.59999999e+00 
 7.18560000e-09  3.59999999e+00  7.18560000e-09  3.59999999e+00 
 7.20560000e-09  3.59999999e+00  7.20560000e-09  3.59999999e+00 
 7.22560000e-09  3.59999999e+00  7.22560000e-09  3.59999999e+00 
 7.24560000e-09  3.59999999e+00  7.24560000e-09  3.59999999e+00 
 7.26560000e-09  3.59999999e+00  7.26560000e-09  3.59999999e+00 
 7.28560000e-09  3.59999999e+00  7.28560000e-09  3.59999999e+00 
 7.30560000e-09  3.59999999e+00  7.30560000e-09  3.59999999e+00 
 7.32560000e-09  3.59999999e+00  7.32560000e-09  3.59999999e+00 
 7.34560000e-09  3.59999999e+00  7.34560000e-09  3.59999999e+00 
 7.36560000e-09  3.59999999e+00  7.36560000e-09  3.59999999e+00 
 7.38560000e-09  3.59999999e+00  7.38560000e-09  3.59999999e+00 
 7.40560000e-09  3.59999999e+00  7.40560000e-09  3.59999999e+00 
 7.42560000e-09  3.59999999e+00  7.42560000e-09  3.59999999e+00 
 7.44560000e-09  3.59999999e+00  7.44560000e-09  3.59999999e+00 
 7.46560000e-09  3.59999999e+00  7.46560000e-09  3.59999999e+00 
 7.48560000e-09  3.59999999e+00  7.48560000e-09  3.59999999e+00 
 7.50560000e-09  3.59999999e+00  7.50560000e-09  3.59999999e+00 
 7.52560000e-09  3.59999999e+00  7.52560000e-09  3.59999999e+00 
 7.54560000e-09  3.59999999e+00  7.54560000e-09  3.59999999e+00 
 7.56560000e-09  3.59999999e+00  7.56560000e-09  3.59999999e+00 
 7.58560000e-09  3.59999999e+00  7.58560000e-09  3.59999999e+00 
 7.60560000e-09  3.59999999e+00  7.60560000e-09  3.59999999e+00 
 7.62560000e-09  3.59999999e+00  7.62560000e-09  3.59999999e+00 
 7.64560000e-09  3.59999999e+00  7.64560000e-09  3.59999999e+00 
 7.66560000e-09  3.59999999e+00  7.66560000e-09  3.59999999e+00 
 7.68560000e-09  3.59999999e+00  7.68560000e-09  3.59999999e+00 
 7.70560000e-09  3.59999999e+00  7.70560000e-09  3.59999999e+00 
 7.72560000e-09  3.59999999e+00  7.72560000e-09  3.59999999e+00 
 7.74560000e-09  3.59999999e+00  7.74560000e-09  3.59999999e+00 
 7.76560000e-09  3.59999999e+00  7.76560000e-09  3.59999999e+00 
 7.78560000e-09  3.59999999e+00  7.78560000e-09  3.59999999e+00 
 7.80560000e-09  3.59999999e+00  7.80560000e-09  3.59999999e+00 
 7.82560000e-09  3.59999999e+00  7.82560000e-09  3.59999999e+00 
 7.84560000e-09  3.59999999e+00  7.84560000e-09  3.59999999e+00 
 7.86560000e-09  3.59999999e+00  7.86560000e-09  3.59999999e+00 
 7.88560000e-09  3.59999999e+00  7.88560000e-09  3.59999999e+00 
 7.90560000e-09  3.59999999e+00  7.90560000e-09  3.59999999e+00 
 7.92560000e-09  3.59999999e+00  7.92560000e-09  3.59999999e+00 
 7.94560000e-09  3.59999999e+00  7.94560000e-09  3.59999999e+00 
 7.96560000e-09  3.59999999e+00  7.96560000e-09  3.59999999e+00 
 7.98560000e-09  3.59999999e+00  7.98560000e-09  3.59999999e+00 
 8.00560000e-09  3.59999999e+00  8.00560000e-09  3.59999999e+00 
 8.02560000e-09  3.59999999e+00  8.02560000e-09  3.59999999e+00 
 8.04560000e-09  3.59999999e+00  8.04560000e-09  3.59999999e+00 
 8.06560000e-09  3.59999999e+00  8.06560000e-09  3.59999999e+00 
 8.08560000e-09  3.59999999e+00  8.08560000e-09  3.59999999e+00 
 8.10560000e-09  3.59999999e+00  8.10560000e-09  3.59999999e+00 
 8.12560000e-09  3.59999999e+00  8.12560000e-09  3.59999999e+00 
 8.14560000e-09  3.59999999e+00  8.14560000e-09  3.59999999e+00 
 8.16560000e-09  3.59999999e+00  8.16560000e-09  3.59999999e+00 
 8.18560000e-09  3.59999999e+00  8.18560000e-09  3.59999999e+00 
 8.20560000e-09  3.59999999e+00  8.20560000e-09  3.59999999e+00 
 8.22560000e-09  3.59999999e+00  8.22560000e-09  3.59999999e+00 
 8.24560000e-09  3.59999999e+00  8.24560000e-09  3.59999999e+00 
 8.26560000e-09  3.59999999e+00  8.26560000e-09  3.59999999e+00 
 8.28560000e-09  3.59999999e+00  8.28560000e-09  3.59999999e+00 
 8.30560000e-09  3.59999999e+00  8.30560000e-09  3.59999999e+00 
 8.32560000e-09  3.59999999e+00  8.32560000e-09  3.59999999e+00 
 8.34560000e-09  3.59999999e+00  8.34560000e-09  3.59999999e+00 
 8.36560000e-09  3.59999999e+00  8.36560000e-09  3.59999999e+00 
 8.38560000e-09  3.59999999e+00  8.38560000e-09  3.59999999e+00 
 8.40560000e-09  3.59999999e+00  8.40560000e-09  3.59999999e+00 
 8.42560000e-09  3.59999999e+00  8.42560000e-09  3.59999999e+00 
 8.44560000e-09  3.59999999e+00  8.44560000e-09  3.59999999e+00 
 8.46560000e-09  3.59999999e+00  8.46560000e-09  3.59999999e+00 
 8.48560000e-09  3.59999999e+00  8.48560000e-09  3.59999999e+00 
 8.50560000e-09  3.59999999e+00  8.50560000e-09  3.59999999e+00 
 8.52560000e-09  3.59999999e+00  8.52560000e-09  3.59999999e+00 
 8.54560000e-09  3.59999999e+00  8.54560000e-09  3.59999999e+00 
 8.56560000e-09  3.59999999e+00  8.56560000e-09  3.59999999e+00 
 8.58560000e-09  3.59999999e+00  8.58560000e-09  3.59999999e+00 
 8.60560000e-09  3.59999999e+00  8.60560000e-09  3.59999999e+00 
 8.62560000e-09  3.59999999e+00  8.62560000e-09  3.59999999e+00 
 8.64560000e-09  3.59999999e+00  8.64560000e-09  3.59999999e+00 
 8.66560000e-09  3.59999999e+00  8.66560000e-09  3.59999999e+00 
 8.68560000e-09  3.59999999e+00  8.68560000e-09  3.59999999e+00 
 8.70560000e-09  3.59999999e+00  8.70560000e-09  3.59999999e+00 
 8.72560000e-09  3.59999999e+00  8.72560000e-09  3.59999999e+00 
 8.74560000e-09  3.59999999e+00  8.74560000e-09  3.59999999e+00 
 8.76560000e-09  3.59999999e+00  8.76560000e-09  3.59999999e+00 
 8.78560000e-09  3.59999999e+00  8.78560000e-09  3.59999999e+00 
 8.80560000e-09  3.59999999e+00  8.80560000e-09  3.59999999e+00 
 8.82560000e-09  3.59999999e+00  8.82560000e-09  3.59999999e+00 
 8.84560000e-09  3.59999999e+00  8.84560000e-09  3.59999999e+00 
 8.86560000e-09  3.59999999e+00  8.86560000e-09  3.59999999e+00 
 8.88560000e-09  3.59999999e+00  8.88560000e-09  3.59999999e+00 
 8.90560000e-09  3.59999999e+00  8.90560000e-09  3.59999999e+00 
 8.92560000e-09  3.59999999e+00  8.92560000e-09  3.59999999e+00 
 8.94560000e-09  3.59999999e+00  8.94560000e-09  3.59999999e+00 
 8.96560000e-09  3.59999999e+00  8.96560000e-09  3.59999999e+00 
 8.98560000e-09  3.59999999e+00  8.98560000e-09  3.59999999e+00 
 9.00560000e-09  3.59999999e+00  9.00560000e-09  3.59999999e+00 
 9.02560000e-09  3.59999999e+00  9.02560000e-09  3.59999999e+00 
 9.04560000e-09  3.59999999e+00  9.04560000e-09  3.59999999e+00 
 9.06560000e-09  3.59999999e+00  9.06560000e-09  3.59999999e+00 
 9.08560000e-09  3.59999999e+00  9.08560000e-09  3.59999999e+00 
 9.10560000e-09  3.59999999e+00  9.10560000e-09  3.59999999e+00 
 9.12560000e-09  3.59999999e+00  9.12560000e-09  3.59999999e+00 
 9.14560000e-09  3.59999999e+00  9.14560000e-09  3.59999999e+00 
 9.16560000e-09  3.59999999e+00  9.16560000e-09  3.59999999e+00 
 9.18560000e-09  3.59999999e+00  9.18560000e-09  3.59999999e+00 
 9.20560000e-09  3.59999999e+00  9.20560000e-09  3.59999999e+00 
 9.22560000e-09  3.59999999e+00  9.22560000e-09  3.59999999e+00 
 9.24560000e-09  3.59999999e+00  9.24560000e-09  3.59999999e+00 
 9.26560000e-09  3.59999999e+00  9.26560000e-09  3.59999999e+00 
 9.28560000e-09  3.59999999e+00  9.28560000e-09  3.59999999e+00 
 9.30560000e-09  3.59999999e+00  9.30560000e-09  3.59999999e+00 
 9.32560000e-09  3.59999999e+00  9.32560000e-09  3.59999999e+00 
 9.34560000e-09  3.59999999e+00  9.34560000e-09  3.59999999e+00 
 9.36560000e-09  3.59999999e+00  9.36560000e-09  3.59999999e+00 
 9.38560000e-09  3.59999999e+00  9.38560000e-09  3.59999999e+00 
 9.40560000e-09  3.59999999e+00  9.40560000e-09  3.59999999e+00 
 9.42560000e-09  3.59999999e+00  9.42560000e-09  3.59999999e+00 
 9.44560000e-09  3.59999999e+00  9.44560000e-09  3.59999999e+00 
 9.46560000e-09  3.59999999e+00  9.46560000e-09  3.59999999e+00 
 9.48560000e-09  3.59999999e+00  9.48560000e-09  3.59999999e+00 
 9.50560000e-09  3.59999999e+00  9.50560000e-09  3.59999999e+00 
 9.52560000e-09  3.59999999e+00  9.52560000e-09  3.59999999e+00 
 9.54560000e-09  3.59999999e+00  9.54560000e-09  3.59999999e+00 
 9.56560000e-09  3.59999999e+00  9.56560000e-09  3.59999999e+00 
 9.58560000e-09  3.59999999e+00  9.58560000e-09  3.59999999e+00 
 9.60560000e-09  3.59999999e+00  9.60560000e-09  3.59999999e+00 
 9.62560000e-09  3.59999999e+00  9.62560000e-09  3.59999999e+00 
 9.64560000e-09  3.59999999e+00  9.64560000e-09  3.59999999e+00 
 9.66560000e-09  3.59999999e+00  9.66560000e-09  3.59999999e+00 
 9.68560000e-09  3.59999999e+00  9.68560000e-09  3.59999999e+00 
 9.70560000e-09  3.59999999e+00  9.70560000e-09  3.59999999e+00 
 9.72560000e-09  3.59999999e+00  9.72560000e-09  3.59999999e+00 
 9.74560000e-09  3.59999999e+00  9.74560000e-09  3.59999999e+00 
 9.76560000e-09  3.59999999e+00  9.76560000e-09  3.59999999e+00 
 9.78560000e-09  3.59999999e+00  9.78560000e-09  3.59999999e+00 
 9.80560000e-09  3.59999999e+00  9.80560000e-09  3.59999999e+00 
 9.82560000e-09  3.59999999e+00  9.82560000e-09  3.59999999e+00 
 9.84560000e-09  3.59999999e+00  9.84560000e-09  3.59999999e+00 
 9.86560000e-09  3.59999999e+00  9.86560000e-09  3.59999999e+00 
 9.88560000e-09  3.59999999e+00  9.88560000e-09  3.59999999e+00 
 9.90560000e-09  3.59999999e+00  9.90560000e-09  3.59999999e+00 
 9.92560000e-09  3.59999999e+00  9.92560000e-09  3.59999999e+00 
 9.94560000e-09  3.59999999e+00  9.94560000e-09  3.59999999e+00 
 9.96560000e-09  3.59999999e+00  9.96560000e-09  3.59999999e+00 
 9.98560000e-09  3.59999999e+00  9.98560000e-09  3.59999999e+00 
 1.00000000e-08  3.59999999e+00  1.00000000e-08  3.59999999e+00 
 1.00020000e-08  3.62149854e+00  1.00020000e-08  3.62149853e+00 
 1.00060000e-08  3.66286922e+00  1.00060000e-08  3.66286919e+00 
 1.00140000e-08  3.73817318e+00  1.00140000e-08  3.73817314e+00 
 1.00232488e-08  3.81644508e+00  1.00232488e-08  3.81644508e+00 
 1.00417463e-08  3.96484737e+00  1.00417463e-08  3.96484714e+00 
 1.00500000e-08  4.02028766e+00  1.00500000e-08  4.02028356e+00 
 1.00512435e-08  4.01913927e+00  1.00512435e-08  4.01913354e+00 
 1.00537305e-08  4.01693230e+00  1.00537305e-08  4.01692013e+00 
 1.00587046e-08  4.01239132e+00  1.00587046e-08  4.01234701e+00 
 1.00686527e-08  4.00050675e+00  1.00686527e-08  4.00036001e+00 
 1.00879242e-08  3.97846464e+00  1.00879242e-08  3.97814493e+00 
 1.01079242e-08  3.91968149e+00  1.01079242e-08  3.91813096e+00 
 1.01279242e-08  3.81598815e+00  1.01279242e-08  3.81741871e+00 
 1.01479242e-08  3.68818114e+00  1.01479242e-08  3.69241339e+00 
 1.01679242e-08  3.55511946e+00  1.01679242e-08  3.56135299e+00 
 1.01879242e-08  3.42299781e+00  1.01879242e-08  3.43105977e+00 
 1.02079242e-08  3.29015980e+00  1.02079242e-08  3.29995259e+00 
 1.02279242e-08  3.15721355e+00  1.02279242e-08  3.16857405e+00 
 1.02479242e-08  3.02541042e+00  1.02479242e-08  3.03778219e+00 
 1.02679242e-08  2.89622398e+00  1.02679242e-08  2.90932227e+00 
 1.02879242e-08  2.76934059e+00  1.02879242e-08  2.78359344e+00 
 1.03079242e-08  2.64527126e+00  1.03079242e-08  2.66109426e+00 
 1.03279242e-08  2.52567605e+00  1.03279242e-08  2.54342026e+00 
 1.03479242e-08  2.41207284e+00  1.03479242e-08  2.43207897e+00 
 1.03679242e-08  2.30557590e+00  1.03679242e-08  2.32821191e+00 
 1.03879242e-08  2.20698861e+00  1.03879242e-08  2.23267006e+00 
 1.04079242e-08  2.11691695e+00  1.04079242e-08  2.14613427e+00 
 1.04279242e-08  2.03582113e+00  1.04279242e-08  2.06920670e+00 
 1.04479242e-08  1.96387072e+00  1.04479242e-08  2.00230574e+00 
 1.04679242e-08  1.90075540e+00  1.04679242e-08  1.94542998e+00 
 1.04879242e-08  1.84571742e+00  1.04879242e-08  1.89812045e+00 
 1.05079242e-08  1.79772403e+00  1.05079242e-08  1.85964827e+00 
 1.05279242e-08  1.75562378e+00  1.05279242e-08  1.82922008e+00 
 1.05479242e-08  1.71824288e+00  1.05479242e-08  1.80610550e+00 
 1.05679242e-08  1.68443023e+00  1.05679242e-08  1.78970146e+00 
 1.05879242e-08  1.65306994e+00  1.05879242e-08  1.77956387e+00 
 1.06079242e-08  1.62307570e+00  1.06079242e-08  1.77542591e+00 
 1.06279242e-08  1.59337509e+00  1.06279242e-08  1.77721165e+00 
 1.06479242e-08  1.56288859e+00  1.06479242e-08  1.78504983e+00 
 1.06679242e-08  1.53050653e+00  1.06679242e-08  1.79928973e+00 
 1.06879242e-08  1.49506726e+00  1.06879242e-08  1.82052013e+00 
 1.07079242e-08  1.45534158e+00  1.07079242e-08  1.84959017e+00 
 1.07279242e-08  1.41003180e+00  1.07279242e-08  1.88762803e+00 
 1.07479242e-08  1.35780291e+00  1.07479242e-08  1.93604476e+00 
 1.07679242e-08  1.29739036e+00  1.07679242e-08  1.99648625e+00 
 1.07879242e-08  1.22796982e+00  1.07879242e-08  2.07058414e+00 
 1.08079242e-08  1.15106036e+00  1.08079242e-08  2.15860680e+00 
 1.08279242e-08  1.07550044e+00  1.08279242e-08  2.25530877e+00 
 1.08479242e-08  1.00991815e+00  1.08479242e-08  2.35326539e+00 
 1.08679242e-08  9.52012073e-01  1.08679242e-08  2.45050867e+00 
 1.08879242e-08  8.97356624e-01  1.08879242e-08  2.54612751e+00 
 1.09079242e-08  8.43517774e-01  1.09079242e-08  2.63899509e+00 
 1.09279242e-08  7.89577375e-01  1.09279242e-08  2.72814747e+00 
 1.09479242e-08  7.35613744e-01  1.09479242e-08  2.81283945e+00 
 1.09679242e-08  6.82285429e-01  1.09679242e-08  2.89262592e+00 
 1.09879242e-08  6.30210041e-01  1.09879242e-08  2.96735771e+00 
 1.10079242e-08  5.79694428e-01  1.10079242e-08  3.03696400e+00 
 1.10279242e-08  5.30964013e-01  1.10279242e-08  3.10112118e+00 
 1.10479242e-08  4.84285736e-01  1.10479242e-08  3.15941643e+00 
 1.10679242e-08  4.39908727e-01  1.10679242e-08  3.21174465e+00 
 1.10879242e-08  3.98037607e-01  1.10879242e-08  3.25833741e+00 
 1.11079242e-08  3.58823934e-01  1.11079242e-08  3.29961233e+00 
 1.11279242e-08  3.22363107e-01  1.11279242e-08  3.33605743e+00 
 1.11479242e-08  2.88693247e-01  1.11479242e-08  3.36817022e+00 
 1.11679242e-08  2.57798484e-01  1.11679242e-08  3.39642751e+00 
 1.11879242e-08  2.29615415e-01  1.11879242e-08  3.42127134e+00 
 1.12079242e-08  2.04041713e-01  1.12079242e-08  3.44310320e+00 
 1.12279242e-08  1.80945431e-01  1.12279242e-08  3.46228296e+00 
 1.12479242e-08  1.60174061e-01  1.12479242e-08  3.47913041e+00 
 1.12679242e-08  1.41562643e-01  1.12679242e-08  3.49392810e+00 
 1.12879242e-08  1.24940627e-01  1.12879242e-08  3.50692486e+00 
 1.13079242e-08  1.10137369e-01  1.13079242e-08  3.51833939e+00 
 1.13279242e-08  9.69863067e-02  1.13279242e-08  3.52836375e+00 
 1.13479242e-08  8.53279743e-02  1.13479242e-08  3.53716655e+00 
 1.13679242e-08  7.50120258e-02  1.13679242e-08  3.54489584e+00 
 1.13879242e-08  6.58984560e-02  1.13879242e-08  3.55168169e+00 
 1.14079242e-08  5.78581996e-02  1.14079242e-08  3.55763837e+00 
 1.14279242e-08  5.07732597e-02  1.14279242e-08  3.56286634e+00 
 1.14479242e-08  4.45364986e-02  1.14479242e-08  3.56745394e+00 
 1.14679242e-08  3.90511939e-02  1.14679242e-08  3.57147888e+00 
 1.14879242e-08  3.42304431e-02  1.14879242e-08  3.57500951e+00 
 1.15079242e-08  2.99964806e-02  1.15079242e-08  3.57810596e+00 
 1.15279242e-08  2.62799520e-02  1.15279242e-08  3.58082113e+00 
 1.15479242e-08  2.30191813e-02  1.15479242e-08  3.58320153e+00 
 1.15679242e-08  2.01594532e-02  1.15679242e-08  3.58528810e+00 
 1.15879242e-08  1.76523272e-02  1.15879242e-08  3.58711678e+00 
 1.16079242e-08  1.54549926e-02  1.16079242e-08  3.58871922e+00 
 1.16279242e-08  1.35296701e-02  1.16279242e-08  3.59012320e+00 
 1.16479242e-08  1.18430629e-02  1.16479242e-08  3.59135313e+00 
 1.16679242e-08  1.03658558e-02  1.16679242e-08  3.59243044e+00 
 1.16879242e-08  9.07226316e-03  1.16879242e-08  3.59337397e+00 
 1.17079242e-08  7.93962163e-03  1.17079242e-08  3.59420024e+00 
 1.17279242e-08  6.94802526e-03  1.17279242e-08  3.59492375e+00 
 1.17479242e-08  6.08000012e-03  1.17479242e-08  3.59555723e+00 
 1.17679242e-08  5.32021463e-03  1.17679242e-08  3.59611183e+00 
 1.17879242e-08  4.65522254e-03  1.17879242e-08  3.59659733e+00 
 1.18079242e-08  4.07323529e-03  1.18079242e-08  3.59702232e+00 
 1.18279242e-08  3.56392084e-03  1.18279242e-08  3.59739431e+00 
 1.18479242e-08  3.11822608e-03  1.18479242e-08  3.59771990e+00 
 1.18679242e-08  2.72822030e-03  1.18679242e-08  3.59800486e+00 
 1.18879242e-08  2.38695740e-03  1.18879242e-08  3.59825425e+00 
 1.19079242e-08  2.08835462e-03  1.19079242e-08  3.59847250e+00 
 1.19279242e-08  1.82708604e-03  1.19279242e-08  3.59866348e+00 
 1.19479242e-08  1.59848891e-03  1.19479242e-08  3.59883061e+00 
 1.19679242e-08  1.39848157e-03  1.19679242e-08  3.59897686e+00 
 1.19879242e-08  1.22349130e-03  1.19879242e-08  3.59910483e+00 
 1.20079242e-08  1.07039113e-03  1.20079242e-08  3.59921680e+00 
 1.20279242e-08  9.36444397e-04  1.20279242e-08  3.59931477e+00 
 1.20479242e-08  8.19256160e-04  1.20479242e-08  3.59940049e+00 
 1.20679242e-08  7.16730637e-04  1.20679242e-08  3.59947550e+00 
 1.20879242e-08  6.27033908e-04  1.20879242e-08  3.59954112e+00 
 1.21079242e-08  5.48561255e-04  1.21079242e-08  3.59959854e+00 
 1.21279242e-08  4.79908561e-04  1.21279242e-08  3.59964877e+00 
 1.21479242e-08  4.19847265e-04  1.21479242e-08  3.59969272e+00 
 1.21679242e-08  3.67302434e-04  1.21679242e-08  3.59973117e+00 
 1.21879242e-08  3.21333576e-04  1.21879242e-08  3.59976481e+00 
 1.22079242e-08  2.81117832e-04  1.22079242e-08  3.59979424e+00 
 1.22279242e-08  2.45935282e-04  1.22279242e-08  3.59981999e+00 
 1.22479242e-08  2.15156066e-04  1.22479242e-08  3.59984252e+00 
 1.22679242e-08  1.88229130e-04  1.22679242e-08  3.59986223e+00 
 1.22879242e-08  1.64672369e-04  1.22879242e-08  3.59987947e+00 
 1.23079242e-08  1.44064002e-04  1.23079242e-08  3.59989455e+00 
 1.23279242e-08  1.26035025e-04  1.23279242e-08  3.59990775e+00 
 1.23479242e-08  1.10262614e-04  1.23479242e-08  3.59991929e+00 
 1.23679242e-08  9.64643424e-05  1.23679242e-08  3.59992939e+00 
 1.23879242e-08  8.43931277e-05  1.23879242e-08  3.59993823e+00 
 1.24079242e-08  7.38328106e-05  1.24079242e-08  3.59994596e+00 
 1.24279242e-08  6.45942846e-05  1.24279242e-08  3.59995272e+00 
 1.24479242e-08  5.65121105e-05  1.24479242e-08  3.59995864e+00 
 1.24679242e-08  4.94415551e-05  1.24679242e-08  3.59996382e+00 
 1.24879242e-08  4.32559998e-05  1.24879242e-08  3.59996834e+00 
 1.25079242e-08  3.78446734e-05  1.25079242e-08  3.59997231e+00 
 1.25279242e-08  3.31106692e-05  1.25279242e-08  3.59997577e+00 
 1.25479242e-08  2.89692093e-05  1.25479242e-08  3.59997880e+00 
 1.25679242e-08  2.53461272e-05  1.25679242e-08  3.59998146e+00 
 1.25879242e-08  2.21765391e-05  1.25879242e-08  3.59998378e+00 
 1.26079242e-08  1.94036824e-05  1.26079242e-08  3.59998581e+00 
 1.26279242e-08  1.69778994e-05  1.26279242e-08  3.59998758e+00 
 1.26479242e-08  1.48557476e-05  1.26479242e-08  3.59998914e+00 
 1.26679242e-08  1.29992223e-05  1.26679242e-08  3.59999049e+00 
 1.26879242e-08  1.13750754e-05  1.26879242e-08  3.59999168e+00 
 1.27079242e-08  9.95422069e-06  1.27079242e-08  3.59999272e+00 
 1.27279242e-08  8.71121239e-06  1.27279242e-08  3.59999363e+00 
 1.27479242e-08  7.62378978e-06  1.27479242e-08  3.59999443e+00 
 1.27679242e-08  6.67247843e-06  1.27679242e-08  3.59999513e+00 
 1.27879242e-08  5.84024152e-06  1.27879242e-08  3.59999574e+00 
 1.28079242e-08  5.11217467e-06  1.28079242e-08  3.59999627e+00 
 1.28279242e-08  4.47523907e-06  1.28279242e-08  3.59999673e+00 
 1.28479242e-08  3.91802793e-06  1.28479242e-08  3.59999714e+00 
 1.28679242e-08  3.43056226e-06  1.28679242e-08  3.59999750e+00 
 1.28879242e-08  3.00411209e-06  1.28879242e-08  3.59999781e+00 
 1.29079242e-08  2.63104020e-06  1.29079242e-08  3.59999808e+00 
 1.29279242e-08  2.30466530e-06  1.29279242e-08  3.59999832e+00 
 1.29479242e-08  2.01914238e-06  1.29479242e-08  3.59999853e+00 
 1.29679242e-08  1.76935803e-06  1.29679242e-08  3.59999872e+00 
 1.29879242e-08  1.55083892e-06  1.29879242e-08  3.59999888e+00 
 1.30079242e-08  1.35967160e-06  1.30079242e-08  3.59999902e+00 
 1.30279242e-08  1.19243249e-06  1.30279242e-08  3.59999914e+00 
 1.30479242e-08  1.04612651e-06  1.30479242e-08  3.59999924e+00 
 1.30679242e-08  9.18133496e-07  1.30679242e-08  3.59999934e+00 
 1.30879242e-08  8.06161224e-07  1.30879242e-08  3.59999942e+00 
 1.31079242e-08  7.08204400e-07  1.31079242e-08  3.59999949e+00 
 1.31279242e-08  6.22508726e-07  1.31279242e-08  3.59999956e+00 
 1.31479242e-08  5.47539486e-07  1.31479242e-08  3.59999961e+00 
 1.31679242e-08  4.81954065e-07  1.31679242e-08  3.59999966e+00 
 1.31879242e-08  4.24577900e-07  1.31879242e-08  3.59999970e+00 
 1.32079242e-08  3.74383450e-07  1.32079242e-08  3.59999974e+00 
 1.32279242e-08  3.30471783e-07  1.32279242e-08  3.59999977e+00 
 1.32479242e-08  2.92056492e-07  1.32479242e-08  3.59999980e+00 
 1.32679242e-08  2.58449603e-07  1.32679242e-08  3.59999982e+00 
 1.32879242e-08  2.29049253e-07  1.32879242e-08  3.59999984e+00 
 1.33079242e-08  2.03328913e-07  1.33079242e-08  3.59999986e+00 
 1.33279242e-08  1.80827959e-07  1.33279242e-08  3.59999988e+00 
 1.33479242e-08  1.61143425e-07  1.33479242e-08  3.59999989e+00 
 1.33679242e-08  1.43922783e-07  1.33679242e-08  3.59999991e+00 
 1.33879242e-08  1.28857630e-07  1.33879242e-08  3.59999992e+00 
 1.34079242e-08  1.15678167e-07  1.34079242e-08  3.59999993e+00 
 1.34279242e-08  1.04148363e-07  1.34279242e-08  3.59999993e+00 
 1.34479242e-08  9.40617327e-08  1.34479242e-08  3.59999994e+00 
 1.34679242e-08  8.52376351e-08  1.34679242e-08  3.59999995e+00 
 1.34879242e-08  7.75180398e-08  1.34879242e-08  3.59999995e+00 
 1.35079242e-08  7.07646973e-08  1.35079242e-08  3.59999996e+00 
 1.35279242e-08  6.48566639e-08  1.35279242e-08  3.59999996e+00 
 1.35479242e-08  5.96881346e-08  1.35479242e-08  3.59999997e+00 
 1.35679242e-08  5.51665435e-08  1.35679242e-08  3.59999997e+00 
 1.35879242e-08  5.12109143e-08  1.35879242e-08  3.59999997e+00 
 1.36079242e-08  4.77504070e-08  1.36079242e-08  3.59999998e+00 
 1.36279242e-08  4.47230476e-08  1.36279242e-08  3.59999998e+00 
 1.36479242e-08  4.20746198e-08  1.36479242e-08  3.59999998e+00 
 1.36679242e-08  3.97576929e-08  1.36679242e-08  3.59999998e+00 
 1.36879242e-08  3.77307731e-08  1.36879242e-08  3.59999998e+00 
 1.37079242e-08  3.59575605e-08  1.37079242e-08  3.59999998e+00 
 1.37279242e-08  3.44062987e-08  1.37279242e-08  3.59999999e+00 
 1.37479242e-08  3.30492077e-08  1.37479242e-08  3.59999999e+00 
 1.37679242e-08  3.18619823e-08  1.37679242e-08  3.59999999e+00 
 1.37879242e-08  3.08233611e-08  1.37879242e-08  3.59999999e+00 
 1.38079242e-08  2.99147425e-08  1.38079242e-08  3.59999999e+00 
 1.38279242e-08  2.91198548e-08  1.38279242e-08  3.59999999e+00 
 1.38479242e-08  2.84244617e-08  1.38479242e-08  3.59999999e+00 
 1.38679242e-08  2.78161105e-08  1.38679242e-08  3.59999999e+00 
 1.38879242e-08  2.72839055e-08  1.38879242e-08  3.59999999e+00 
 1.39079242e-08  2.68183161e-08  1.39079242e-08  3.59999999e+00 
 1.39279242e-08  2.64110042e-08  1.39279242e-08  3.59999999e+00 
 1.39479242e-08  2.60546759e-08  1.39479242e-08  3.59999999e+00 
 1.39679242e-08  2.57429485e-08  1.39679242e-08  3.59999999e+00 
 1.39879242e-08  2.54702394e-08  1.39879242e-08  3.59999999e+00 
 1.40079242e-08  2.52316655e-08  1.40079242e-08  3.59999999e+00 
 1.40279242e-08  2.50229528e-08  1.40279242e-08  3.59999999e+00 
 1.40479242e-08  2.48403650e-08  1.40479242e-08  3.59999999e+00 
 1.40679242e-08  2.46806315e-08  1.40679242e-08  3.59999999e+00 
 1.40879242e-08  2.45408918e-08  1.40879242e-08  3.59999999e+00 
 1.41079242e-08  2.44186430e-08  1.41079242e-08  3.59999999e+00 
 1.41279242e-08  2.43116954e-08  1.41279242e-08  3.59999999e+00 
 1.41479242e-08  2.42181342e-08  1.41479242e-08  3.59999999e+00 
 1.41679242e-08  2.41362851e-08  1.41679242e-08  3.59999999e+00 
 1.41879242e-08  2.40646810e-08  1.41879242e-08  3.59999999e+00 
 1.42079242e-08  2.40020395e-08  1.42079242e-08  3.59999999e+00 
 1.42279242e-08  2.39472389e-08  1.42279242e-08  3.59999999e+00 
 1.42479242e-08  2.38992967e-08  1.42479242e-08  3.59999999e+00 
 1.42679242e-08  2.38573556e-08  1.42679242e-08  3.59999999e+00 
 1.42879242e-08  2.38206646e-08  1.42879242e-08  3.59999999e+00 
 1.43079242e-08  2.37885657e-08  1.43079242e-08  3.59999999e+00 
 1.43279242e-08  2.37604849e-08  1.43279242e-08  3.59999999e+00 
 1.43479242e-08  2.37359190e-08  1.43479242e-08  3.59999999e+00 
 1.43679242e-08  2.37144280e-08  1.43679242e-08  3.59999999e+00 
 1.43879242e-08  2.36956282e-08  1.43879242e-08  3.59999999e+00 
 1.44079242e-08  2.36791807e-08  1.44079242e-08  3.59999999e+00 
 1.44279242e-08  2.36647906e-08  1.44279242e-08  3.59999999e+00 
 1.44479242e-08  2.36522018e-08  1.44479242e-08  3.59999999e+00 
 1.44679242e-08  2.36411884e-08  1.44679242e-08  3.59999999e+00 
 1.44879242e-08  2.36315538e-08  1.44879242e-08  3.59999999e+00 
 1.45079242e-08  2.36231259e-08  1.45079242e-08  3.59999999e+00 
 1.45279242e-08  2.36157520e-08  1.45279242e-08  3.59999999e+00 
 1.45479242e-08  2.36093035e-08  1.45479242e-08  3.59999999e+00 
 1.45679242e-08  2.36036604e-08  1.45679242e-08  3.59999999e+00 
 1.45879242e-08  2.35987240e-08  1.45879242e-08  3.59999999e+00 
 1.46079242e-08  2.35944043e-08  1.46079242e-08  3.59999999e+00 
 1.46279242e-08  2.35906255e-08  1.46279242e-08  3.59999999e+00 
 1.46479242e-08  2.35873213e-08  1.46479242e-08  3.59999999e+00 
 1.46679242e-08  2.35844298e-08  1.46679242e-08  3.59999999e+00 
 1.46879242e-08  2.35818991e-08  1.46879242e-08  3.59999999e+00 
 1.47079242e-08  2.35796860e-08  1.47079242e-08  3.59999999e+00 
 1.47279242e-08  2.35777503e-08  1.47279242e-08  3.59999999e+00 
 1.47479242e-08  2.35760569e-08  1.47479242e-08  3.59999999e+00 
 1.47679242e-08  2.35745753e-08  1.47679242e-08  3.59999999e+00 
 1.47879242e-08  2.35732797e-08  1.47879242e-08  3.59999999e+00 
 1.48079242e-08  2.35721467e-08  1.48079242e-08  3.59999999e+00 
 1.48279242e-08  2.35711545e-08  1.48279242e-08  3.59999999e+00 
 1.48479242e-08  2.35702861e-08  1.48479242e-08  3.59999999e+00 
 1.48679242e-08  2.35695274e-08  1.48679242e-08  3.59999999e+00 
 1.48879242e-08  2.35688634e-08  1.48879242e-08  3.59999999e+00 
 1.49079242e-08  2.35682821e-08  1.49079242e-08  3.59999999e+00 
 1.49279242e-08  2.35677732e-08  1.49279242e-08  3.59999999e+00 
 1.49479242e-08  2.35673293e-08  1.49479242e-08  3.59999999e+00 
 1.49679242e-08  2.35669407e-08  1.49679242e-08  3.59999999e+00 
 1.49879242e-08  2.35666011e-08  1.49879242e-08  3.59999999e+00 
 1.50079242e-08  2.35663037e-08  1.50079242e-08  3.59999999e+00 
 1.50279242e-08  2.35660434e-08  1.50279242e-08  3.59999999e+00 
 1.50479242e-08  2.35658150e-08  1.50479242e-08  3.59999999e+00 
 1.50679242e-08  2.35656148e-08  1.50679242e-08  3.59999999e+00 
 1.50879242e-08  2.35654398e-08  1.50879242e-08  3.59999999e+00 
 1.51079242e-08  2.35652875e-08  1.51079242e-08  3.59999999e+00 
 1.51279242e-08  2.35651535e-08  1.51279242e-08  3.59999999e+00 
 1.51479242e-08  2.35650351e-08  1.51479242e-08  3.59999999e+00 
 1.51679242e-08  2.35649344e-08  1.51679242e-08  3.59999999e+00 
 1.51879242e-08  2.35648455e-08  1.51879242e-08  3.59999999e+00 
 1.52079242e-08  2.35647666e-08  1.52079242e-08  3.59999999e+00 
 1.52279242e-08  2.35646982e-08  1.52279242e-08  3.59999999e+00 
 1.52479242e-08  2.35646376e-08  1.52479242e-08  3.59999999e+00 
 1.52679242e-08  2.35645857e-08  1.52679242e-08  3.59999999e+00 
 1.52879242e-08  2.35645400e-08  1.52879242e-08  3.59999999e+00 
 1.53079242e-08  2.35645008e-08  1.53079242e-08  3.59999999e+00 
 1.53279242e-08  2.35644656e-08  1.53279242e-08  3.59999999e+00 
 1.53479242e-08  2.35644352e-08  1.53479242e-08  3.59999999e+00 
 1.53679242e-08  2.35644078e-08  1.53679242e-08  3.59999999e+00 
 1.53879242e-08  2.35643841e-08  1.53879242e-08  3.59999999e+00 
 1.54079242e-08  2.35643634e-08  1.54079242e-08  3.59999999e+00 
 1.54279242e-08  2.35643451e-08  1.54279242e-08  3.59999999e+00 
 1.54479242e-08  2.35643305e-08  1.54479242e-08  3.59999999e+00 
 1.54679242e-08  2.35643171e-08  1.54679242e-08  3.59999999e+00 
 1.54879242e-08  2.35643048e-08  1.54879242e-08  3.59999999e+00 
 1.55079242e-08  2.35642943e-08  1.55079242e-08  3.59999999e+00 
 1.55279242e-08  2.35642847e-08  1.55279242e-08  3.59999999e+00 
 1.55479242e-08  2.35642769e-08  1.55479242e-08  3.59999999e+00 
 1.55679242e-08  2.35642703e-08  1.55679242e-08  3.59999999e+00 
 1.55879242e-08  2.35642635e-08  1.55879242e-08  3.59999999e+00 
 1.56079242e-08  2.35642587e-08  1.56079242e-08  3.59999999e+00 
 1.56279242e-08  2.35642547e-08  1.56279242e-08  3.59999999e+00 
 1.56479242e-08  2.35642515e-08  1.56479242e-08  3.59999999e+00 
 1.56679242e-08  2.35642488e-08  1.56679242e-08  3.59999999e+00 
 1.56879242e-08  2.35642442e-08  1.56879242e-08  3.59999999e+00 
 1.57079242e-08  2.35642409e-08  1.57079242e-08  3.59999999e+00 
 1.57279242e-08  2.35642389e-08  1.57279242e-08  3.59999999e+00 
 1.57479242e-08  2.35642370e-08  1.57479242e-08  3.59999999e+00 
 1.57679242e-08  2.35642348e-08  1.57679242e-08  3.59999999e+00 
 1.57879242e-08  2.35642334e-08  1.57879242e-08  3.59999999e+00 
 1.58079242e-08  2.35642322e-08  1.58079242e-08  3.59999999e+00 
 1.58279242e-08  2.35642314e-08  1.58279242e-08  3.59999999e+00 
 1.58479242e-08  2.35642298e-08  1.58479242e-08  3.59999999e+00 
 1.58679242e-08  2.35642281e-08  1.58679242e-08  3.59999999e+00 
 1.58879242e-08  2.35642264e-08  1.58879242e-08  3.59999999e+00 
 1.59079242e-08  2.35642257e-08  1.59079242e-08  3.59999999e+00 
 1.59279242e-08  2.35642257e-08  1.59279242e-08  3.59999999e+00 
 1.59479242e-08  2.35642237e-08  1.59479242e-08  3.59999999e+00 
 1.59679242e-08  2.35642228e-08  1.59679242e-08  3.59999999e+00 
 1.59879242e-08  2.35642221e-08  1.59879242e-08  3.59999999e+00 
 1.60079242e-08  2.35642218e-08  1.60079242e-08  3.59999999e+00 
 1.60279242e-08  2.35642219e-08  1.60279242e-08  3.59999999e+00 
 1.60479242e-08  2.35642217e-08  1.60479242e-08  3.59999999e+00 
 1.60679242e-08  2.35642216e-08  1.60679242e-08  3.59999999e+00 
 1.60879242e-08  2.35642218e-08  1.60879242e-08  3.59999999e+00 
 1.61079242e-08  2.35642210e-08  1.61079242e-08  3.59999999e+00 
 1.61279242e-08  2.35642204e-08  1.61279242e-08  3.59999999e+00 
 1.61479242e-08  2.35642199e-08  1.61479242e-08  3.59999999e+00 
 1.61679242e-08  2.35642197e-08  1.61679242e-08  3.59999999e+00 
 1.61879242e-08  2.35642204e-08  1.61879242e-08  3.59999999e+00 
 1.62079242e-08  2.35642198e-08  1.62079242e-08  3.59999999e+00 
 1.62279242e-08  2.35642192e-08  1.62279242e-08  3.59999999e+00 
 1.62479242e-08  2.35642196e-08  1.62479242e-08  3.59999999e+00 
 1.62679242e-08  2.35642197e-08  1.62679242e-08  3.59999999e+00 
 1.62879242e-08  2.35642194e-08  1.62879242e-08  3.59999999e+00 
 1.63079242e-08  2.35642195e-08  1.63079242e-08  3.59999999e+00 
 1.63279242e-08  2.35642193e-08  1.63279242e-08  3.59999999e+00 
 1.63479242e-08  2.35642193e-08  1.63479242e-08  3.59999999e+00 
 1.63679242e-08  2.35642196e-08  1.63679242e-08  3.59999999e+00 
 1.63879242e-08  2.35642196e-08  1.63879242e-08  3.59999999e+00 
 1.64079242e-08  2.35642196e-08  1.64079242e-08  3.59999999e+00 
 1.64279242e-08  2.35642189e-08  1.64279242e-08  3.59999999e+00 
 1.64479242e-08  2.35642189e-08  1.64479242e-08  3.59999999e+00 
 1.64679242e-08  2.35642190e-08  1.64679242e-08  3.59999999e+00 
 1.64879242e-08  2.35642193e-08  1.64879242e-08  3.59999999e+00 
 1.65079242e-08  2.35642196e-08  1.65079242e-08  3.59999999e+00 
 1.65279242e-08  2.35642195e-08  1.65279242e-08  3.59999999e+00 
 1.65479242e-08  2.35642193e-08  1.65479242e-08  3.59999999e+00 
 1.65679242e-08  2.35642193e-08  1.65679242e-08  3.59999999e+00 
 1.65879242e-08  2.35642192e-08  1.65879242e-08  3.59999999e+00 
 1.66079242e-08  2.35642187e-08  1.66079242e-08  3.59999999e+00 
 1.66279242e-08  2.35642191e-08  1.66279242e-08  3.59999999e+00 
 1.66479242e-08  2.35642187e-08  1.66479242e-08  3.59999999e+00 
 1.66679242e-08  2.35642186e-08  1.66679242e-08  3.59999999e+00 
 1.66879242e-08  2.35642189e-08  1.66879242e-08  3.59999999e+00 
 1.67079242e-08  2.35642191e-08  1.67079242e-08  3.59999999e+00 
 1.67279242e-08  2.35642194e-08  1.67279242e-08  3.59999999e+00 
 1.67479242e-08  2.35642192e-08  1.67479242e-08  3.59999999e+00 
 1.67679242e-08  2.35642192e-08  1.67679242e-08  3.59999999e+00 
 1.67879242e-08  2.35642192e-08  1.67879242e-08  3.59999999e+00 
 1.68079242e-08  2.35642197e-08  1.68079242e-08  3.59999999e+00 
 1.68279242e-08  2.35642195e-08  1.68279242e-08  3.59999999e+00 
 1.68479242e-08  2.35642188e-08  1.68479242e-08  3.59999999e+00 
 1.68679242e-08  2.35642187e-08  1.68679242e-08  3.59999999e+00 
 1.68879242e-08  2.35642186e-08  1.68879242e-08  3.59999999e+00 
 1.69079242e-08  2.35642191e-08  1.69079242e-08  3.59999999e+00 
 1.69279242e-08  2.35642193e-08  1.69279242e-08  3.59999999e+00 
 1.69479242e-08  2.35642197e-08  1.69479242e-08  3.59999999e+00 
 1.69679242e-08  2.35642195e-08  1.69679242e-08  3.59999999e+00 
 1.69879242e-08  2.35642190e-08  1.69879242e-08  3.59999999e+00 
 1.70079242e-08  2.35642189e-08  1.70079242e-08  3.59999999e+00 
 1.70279242e-08  2.35642191e-08  1.70279242e-08  3.59999999e+00 
 1.70479242e-08  2.35642193e-08  1.70479242e-08  3.59999999e+00 
 1.70679242e-08  2.35642192e-08  1.70679242e-08  3.59999999e+00 
 1.70879242e-08  2.35642189e-08  1.70879242e-08  3.59999999e+00 
 1.71079242e-08  2.35642187e-08  1.71079242e-08  3.59999999e+00 
 1.71279242e-08  2.35642185e-08  1.71279242e-08  3.59999999e+00 
 1.71479242e-08  2.35642185e-08  1.71479242e-08  3.59999999e+00 
 1.71679242e-08  2.35642189e-08  1.71679242e-08  3.59999999e+00 
 1.71879242e-08  2.35642192e-08  1.71879242e-08  3.59999999e+00 
 1.72079242e-08  2.35642189e-08  1.72079242e-08  3.59999999e+00 
 1.72279242e-08  2.35642188e-08  1.72279242e-08  3.59999999e+00 
 1.72479242e-08  2.35642182e-08  1.72479242e-08  3.59999999e+00 
 1.72679242e-08  2.35642184e-08  1.72679242e-08  3.59999999e+00 
 1.72879242e-08  2.35642185e-08  1.72879242e-08  3.59999999e+00 
 1.73079242e-08  2.35642185e-08  1.73079242e-08  3.59999999e+00 
 1.73279242e-08  2.35642187e-08  1.73279242e-08  3.59999999e+00 
 1.73479242e-08  2.35642188e-08  1.73479242e-08  3.59999999e+00 
 1.73679242e-08  2.35642194e-08  1.73679242e-08  3.59999999e+00 
 1.73879242e-08  2.35642202e-08  1.73879242e-08  3.59999999e+00 
 1.74079242e-08  2.35642200e-08  1.74079242e-08  3.59999999e+00 
 1.74279242e-08  2.35642197e-08  1.74279242e-08  3.59999999e+00 
 1.74479242e-08  2.35642199e-08  1.74479242e-08  3.59999999e+00 
 1.74679242e-08  2.35642196e-08  1.74679242e-08  3.59999999e+00 
 1.74879242e-08  2.35642192e-08  1.74879242e-08  3.59999999e+00 
 1.75079242e-08  2.35642189e-08  1.75079242e-08  3.59999999e+00 
 1.75279242e-08  2.35642183e-08  1.75279242e-08  3.59999999e+00 
 1.75479242e-08  2.35642179e-08  1.75479242e-08  3.59999999e+00 
 1.75679242e-08  2.35642182e-08  1.75679242e-08  3.59999999e+00 
 1.75879242e-08  2.35642189e-08  1.75879242e-08  3.59999999e+00 
 1.76079242e-08  2.35642189e-08  1.76079242e-08  3.59999999e+00 
 1.76279242e-08  2.35642187e-08  1.76279242e-08  3.59999999e+00 
 1.76479242e-08  2.35642188e-08  1.76479242e-08  3.59999999e+00 
 1.76679242e-08  2.35642191e-08  1.76679242e-08  3.59999999e+00 
 1.76879242e-08  2.35642194e-08  1.76879242e-08  3.59999999e+00 
 1.77079242e-08  2.35642196e-08  1.77079242e-08  3.59999999e+00 
 1.77279242e-08  2.35642193e-08  1.77279242e-08  3.59999999e+00 
 1.77479242e-08  2.35642192e-08  1.77479242e-08  3.59999999e+00 
 1.77679242e-08  2.35642190e-08  1.77679242e-08  3.59999999e+00 
 1.77879242e-08  2.35642190e-08  1.77879242e-08  3.59999999e+00 
 1.78079242e-08  2.35642191e-08  1.78079242e-08  3.59999999e+00 
 1.78279242e-08  2.35642192e-08  1.78279242e-08  3.59999999e+00 
 1.78479242e-08  2.35642195e-08  1.78479242e-08  3.59999999e+00 
 1.78679242e-08  2.35642195e-08  1.78679242e-08  3.59999999e+00 
 1.78879242e-08  2.35642198e-08  1.78879242e-08  3.59999999e+00 
 1.79079242e-08  2.35642203e-08  1.79079242e-08  3.59999999e+00 
 1.79279242e-08  2.35642201e-08  1.79279242e-08  3.59999999e+00 
 1.79479242e-08  2.35642203e-08  1.79479242e-08  3.59999999e+00 
 1.79679242e-08  2.35642204e-08  1.79679242e-08  3.59999999e+00 
 1.79879242e-08  2.35642199e-08  1.79879242e-08  3.59999999e+00 
 1.80079242e-08  2.35642199e-08  1.80079242e-08  3.59999999e+00 
 1.80279242e-08  2.35642196e-08  1.80279242e-08  3.59999999e+00 
 1.80479242e-08  2.35642192e-08  1.80479242e-08  3.59999999e+00 
 1.80679242e-08  2.35642194e-08  1.80679242e-08  3.59999999e+00 
 1.80879242e-08  2.35642193e-08  1.80879242e-08  3.59999999e+00 
 1.81079242e-08  2.35642194e-08  1.81079242e-08  3.59999999e+00 
 1.81279242e-08  2.35642196e-08  1.81279242e-08  3.59999999e+00 
 1.81479242e-08  2.35642197e-08  1.81479242e-08  3.59999999e+00 
 1.81679242e-08  2.35642199e-08  1.81679242e-08  3.59999999e+00 
 1.81879242e-08  2.35642198e-08  1.81879242e-08  3.59999999e+00 
 1.82079242e-08  2.35642195e-08  1.82079242e-08  3.59999999e+00 
 1.82279242e-08  2.35642195e-08  1.82279242e-08  3.59999999e+00 
 1.82479242e-08  2.35642197e-08  1.82479242e-08  3.59999999e+00 
 1.82679242e-08  2.35642206e-08  1.82679242e-08  3.59999999e+00 
 1.82879242e-08  2.35642211e-08  1.82879242e-08  3.59999999e+00 
 1.83079242e-08  2.35642213e-08  1.83079242e-08  3.59999999e+00 
 1.83279242e-08  2.35642208e-08  1.83279242e-08  3.59999999e+00 
 1.83479242e-08  2.35642208e-08  1.83479242e-08  3.59999999e+00 
 1.83679242e-08  2.35642207e-08  1.83679242e-08  3.59999999e+00 
 1.83879242e-08  2.35642202e-08  1.83879242e-08  3.59999999e+00 
 1.84079242e-08  2.35642203e-08  1.84079242e-08  3.59999999e+00 
 1.84279242e-08  2.35642204e-08  1.84279242e-08  3.59999999e+00 
 1.84479242e-08  2.35642201e-08  1.84479242e-08  3.59999999e+00 
 1.84679242e-08  2.35642199e-08  1.84679242e-08  3.59999999e+00 
 1.84879242e-08  2.35642203e-08  1.84879242e-08  3.59999999e+00 
 1.85079242e-08  2.35642205e-08  1.85079242e-08  3.59999999e+00 
 1.85279242e-08  2.35642204e-08  1.85279242e-08  3.59999999e+00 
 1.85479242e-08  2.35642214e-08  1.85479242e-08  3.59999999e+00 
 1.85679242e-08  2.35642213e-08  1.85679242e-08  3.59999999e+00 
 1.85879242e-08  2.35642218e-08  1.85879242e-08  3.59999999e+00 
 1.86079242e-08  2.35642216e-08  1.86079242e-08  3.59999999e+00 
 1.86279242e-08  2.35642208e-08  1.86279242e-08  3.59999999e+00 
 1.86479242e-08  2.35642207e-08  1.86479242e-08  3.59999999e+00 
 1.86679242e-08  2.35642216e-08  1.86679242e-08  3.59999999e+00 
 1.86879242e-08  2.35642215e-08  1.86879242e-08  3.59999999e+00 
 1.87079242e-08  2.35642217e-08  1.87079242e-08  3.59999999e+00 
 1.87279242e-08  2.35642216e-08  1.87279242e-08  3.59999999e+00 
 1.87479242e-08  2.35642209e-08  1.87479242e-08  3.59999999e+00 
 1.87679242e-08  2.35642205e-08  1.87679242e-08  3.59999999e+00 
 1.87879242e-08  2.35642199e-08  1.87879242e-08  3.59999999e+00 
 1.88079242e-08  2.35642195e-08  1.88079242e-08  3.59999999e+00 
 1.88279242e-08  2.35642199e-08  1.88279242e-08  3.59999999e+00 
 1.88479242e-08  2.35642202e-08  1.88479242e-08  3.59999999e+00 
 1.88679242e-08  2.35642201e-08  1.88679242e-08  3.59999999e+00 
 1.88879242e-08  2.35642198e-08  1.88879242e-08  3.59999999e+00 
 1.89079242e-08  2.35642199e-08  1.89079242e-08  3.59999999e+00 
 1.89279242e-08  2.35642200e-08  1.89279242e-08  3.59999999e+00 
 1.89479242e-08  2.35642198e-08  1.89479242e-08  3.59999999e+00 
 1.89679242e-08  2.35642197e-08  1.89679242e-08  3.59999999e+00 
 1.89879242e-08  2.35642199e-08  1.89879242e-08  3.59999999e+00 
 1.90079242e-08  2.35642199e-08  1.90079242e-08  3.59999999e+00 
 1.90279242e-08  2.35642199e-08  1.90279242e-08  3.59999999e+00 
 1.90479242e-08  2.35642199e-08  1.90479242e-08  3.59999999e+00 
 1.90679242e-08  2.35642199e-08  1.90679242e-08  3.59999999e+00 
 1.90879242e-08  2.35642199e-08  1.90879242e-08  3.59999999e+00 
 1.91079242e-08  2.35642200e-08  1.91079242e-08  3.59999999e+00 
 1.91279242e-08  2.35642199e-08  1.91279242e-08  3.59999999e+00 
 1.91479242e-08  2.35642198e-08  1.91479242e-08  3.59999999e+00 
 1.91679242e-08  2.35642198e-08  1.91679242e-08  3.59999999e+00 
 1.91879242e-08  2.35642199e-08  1.91879242e-08  3.59999999e+00 
 1.92079242e-08  2.35642197e-08  1.92079242e-08  3.59999999e+00 
 1.92279242e-08  2.35642193e-08  1.92279242e-08  3.59999999e+00 
 1.92479242e-08  2.35642193e-08  1.92479242e-08  3.59999999e+00 
 1.92679242e-08  2.35642196e-08  1.92679242e-08  3.59999999e+00 
 1.92879242e-08  2.35642200e-08  1.92879242e-08  3.59999999e+00 
 1.93079242e-08  2.35642204e-08  1.93079242e-08  3.59999999e+00 
 1.93279242e-08  2.35642203e-08  1.93279242e-08  3.59999999e+00 
 1.93479242e-08  2.35642204e-08  1.93479242e-08  3.59999999e+00 
 1.93679242e-08  2.35642205e-08  1.93679242e-08  3.59999999e+00 
 1.93879242e-08  2.35642202e-08  1.93879242e-08  3.59999999e+00 
 1.94079242e-08  2.35642206e-08  1.94079242e-08  3.59999999e+00 
 1.94279242e-08  2.35642210e-08  1.94279242e-08  3.59999999e+00 
 1.94479242e-08  2.35642211e-08  1.94479242e-08  3.59999999e+00 
 1.94679242e-08  2.35642210e-08  1.94679242e-08  3.59999999e+00 
 1.94879242e-08  2.35642208e-08  1.94879242e-08  3.59999999e+00 
 1.95079242e-08  2.35642206e-08  1.95079242e-08  3.59999999e+00 
 1.95279242e-08  2.35642203e-08  1.95279242e-08  3.59999999e+00 
 1.95479242e-08  2.35642200e-08  1.95479242e-08  3.59999999e+00 
 1.95679242e-08  2.35642198e-08  1.95679242e-08  3.59999999e+00 
 1.95879242e-08  2.35642195e-08  1.95879242e-08  3.59999999e+00 
 1.96079242e-08  2.35642191e-08  1.96079242e-08  3.59999999e+00 
 1.96279242e-08  2.35642192e-08  1.96279242e-08  3.59999999e+00 
 1.96479242e-08  2.35642196e-08  1.96479242e-08  3.59999999e+00 
 1.96679242e-08  2.35642195e-08  1.96679242e-08  3.59999999e+00 
 1.96879242e-08  2.35642196e-08  1.96879242e-08  3.59999999e+00 
 1.97079242e-08  2.35642193e-08  1.97079242e-08  3.59999999e+00 
 1.97279242e-08  2.35642191e-08  1.97279242e-08  3.59999999e+00 
 1.97479242e-08  2.35642189e-08  1.97479242e-08  3.59999999e+00 
 1.97679242e-08  2.35642186e-08  1.97679242e-08  3.59999999e+00 
 1.97879242e-08  2.35642184e-08  1.97879242e-08  3.59999999e+00 
 1.98079242e-08  2.35642189e-08  1.98079242e-08  3.59999999e+00 
 1.98279242e-08  2.35642195e-08  1.98279242e-08  3.59999999e+00 
 1.98479242e-08  2.35642192e-08  1.98479242e-08  3.59999999e+00 
 1.98679242e-08  2.35642193e-08  1.98679242e-08  3.59999999e+00 
 1.98879242e-08  2.35642198e-08  1.98879242e-08  3.59999999e+00 
 1.99079242e-08  2.35642195e-08  1.99079242e-08  3.59999999e+00 
 1.99279242e-08  2.35642193e-08  1.99279242e-08  3.59999999e+00 
 1.99479242e-08  2.35642202e-08  1.99479242e-08  3.59999999e+00 
 1.99679242e-08  2.35642204e-08  1.99679242e-08  3.59999999e+00 
 1.99879242e-08  2.35642203e-08  1.99879242e-08  3.59999999e+00 
 2.00079242e-08  2.35642203e-08  2.00079242e-08  3.59999999e+00 
 2.00279242e-08  2.35642196e-08  2.00279242e-08  3.59999999e+00 
 2.00479242e-08  2.35642197e-08  2.00479242e-08  3.59999999e+00 
 2.00679242e-08  2.35642201e-08  2.00679242e-08  3.59999999e+00 
 2.00879242e-08  2.35642199e-08  2.00879242e-08  3.59999999e+00 
 2.01079242e-08  2.35642195e-08  2.01079242e-08  3.59999999e+00 
 2.01279242e-08  2.35642193e-08  2.01279242e-08  3.59999999e+00 
 2.01479242e-08  2.35642192e-08  2.01479242e-08  3.59999999e+00 
 2.01679242e-08  2.35642188e-08  2.01679242e-08  3.59999999e+00 
 2.01879242e-08  2.35642190e-08  2.01879242e-08  3.59999999e+00 
 2.02079242e-08  2.35642188e-08  2.02079242e-08  3.59999999e+00 
 2.02279242e-08  2.35642191e-08  2.02279242e-08  3.59999999e+00 
 2.02479242e-08  2.35642187e-08  2.02479242e-08  3.59999999e+00 
 2.02679242e-08  2.35642181e-08  2.02679242e-08  3.59999999e+00 
 2.02879242e-08  2.35642183e-08  2.02879242e-08  3.59999999e+00 
 2.03079242e-08  2.35642190e-08  2.03079242e-08  3.59999999e+00 
 2.03279242e-08  2.35642193e-08  2.03279242e-08  3.59999999e+00 
 2.03479242e-08  2.35642194e-08  2.03479242e-08  3.59999999e+00 
 2.03679242e-08  2.35642193e-08  2.03679242e-08  3.59999999e+00 
 2.03879242e-08  2.35642194e-08  2.03879242e-08  3.59999999e+00 
 2.04079242e-08  2.35642189e-08  2.04079242e-08  3.59999999e+00 
 2.04279242e-08  2.35642185e-08  2.04279242e-08  3.59999999e+00 
 2.04479242e-08  2.35642178e-08  2.04479242e-08  3.59999999e+00 
 2.04679242e-08  2.35642179e-08  2.04679242e-08  3.59999999e+00 
 2.04879242e-08  2.35642189e-08  2.04879242e-08  3.59999999e+00 
 2.05079242e-08  2.35642191e-08  2.05079242e-08  3.59999999e+00 
 2.05279242e-08  2.35642193e-08  2.05279242e-08  3.59999999e+00 
 2.05479242e-08  2.35642195e-08  2.05479242e-08  3.59999999e+00 
 2.05679242e-08  2.35642195e-08  2.05679242e-08  3.59999999e+00 
 2.05879242e-08  2.35642194e-08  2.05879242e-08  3.59999999e+00 
 2.06079242e-08  2.35642190e-08  2.06079242e-08  3.59999999e+00 
 2.06279242e-08  2.35642186e-08  2.06279242e-08  3.59999999e+00 
 2.06479242e-08  2.35642190e-08  2.06479242e-08  3.59999999e+00 
 2.06679242e-08  2.35642195e-08  2.06679242e-08  3.59999999e+00 
 2.06879242e-08  2.35642196e-08  2.06879242e-08  3.59999999e+00 
 2.07079242e-08  2.35642200e-08  2.07079242e-08  3.59999999e+00 
 2.07279242e-08  2.35642202e-08  2.07279242e-08  3.59999999e+00 
 2.07479242e-08  2.35642202e-08  2.07479242e-08  3.59999999e+00 
 2.07679242e-08  2.35642198e-08  2.07679242e-08  3.59999999e+00 
 2.07879242e-08  2.35642194e-08  2.07879242e-08  3.59999999e+00 
 2.08079242e-08  2.35642196e-08  2.08079242e-08  3.59999999e+00 
 2.08279242e-08  2.35642195e-08  2.08279242e-08  3.59999999e+00 
 2.08479242e-08  2.35642192e-08  2.08479242e-08  3.59999999e+00 
 2.08679242e-08  2.35642194e-08  2.08679242e-08  3.59999999e+00 
 2.08879242e-08  2.35642202e-08  2.08879242e-08  3.59999999e+00 
 2.09079242e-08  2.35642205e-08  2.09079242e-08  3.59999999e+00 
 2.09279242e-08  2.35642208e-08  2.09279242e-08  3.59999999e+00 
 2.09479242e-08  2.35642207e-08  2.09479242e-08  3.59999999e+00 
 2.09679242e-08  2.35642205e-08  2.09679242e-08  3.59999999e+00 
 2.09879242e-08  2.35642201e-08  2.09879242e-08  3.59999999e+00 
 2.10079242e-08  2.35642206e-08  2.10079242e-08  3.59999999e+00 
 2.10279242e-08  2.35642204e-08  2.10279242e-08  3.59999999e+00 
 2.10479242e-08  2.35642207e-08  2.10479242e-08  3.59999999e+00 
 2.10679242e-08  2.35642204e-08  2.10679242e-08  3.59999999e+00 
 2.10879242e-08  2.35642201e-08  2.10879242e-08  3.59999999e+00 
 2.11079242e-08  2.35642209e-08  2.11079242e-08  3.59999999e+00 
 2.11279242e-08  2.35642210e-08  2.11279242e-08  3.59999999e+00 
 2.11479242e-08  2.35642207e-08  2.11479242e-08  3.59999999e+00 
 2.11679242e-08  2.35642203e-08  2.11679242e-08  3.59999999e+00 
 2.11879242e-08  2.35642202e-08  2.11879242e-08  3.59999999e+00 
 2.12079242e-08  2.35642196e-08  2.12079242e-08  3.59999999e+00 
 2.12279242e-08  2.35642196e-08  2.12279242e-08  3.59999999e+00 
 2.12479242e-08  2.35642201e-08  2.12479242e-08  3.59999999e+00 
 2.12679242e-08  2.35642199e-08  2.12679242e-08  3.59999999e+00 
 2.12879242e-08  2.35642200e-08  2.12879242e-08  3.59999999e+00 
 2.13079242e-08  2.35642196e-08  2.13079242e-08  3.59999999e+00 
 2.13279242e-08  2.35642194e-08  2.13279242e-08  3.59999999e+00 
 2.13479242e-08  2.35642194e-08  2.13479242e-08  3.59999999e+00 
 2.13679242e-08  2.35642198e-08  2.13679242e-08  3.59999999e+00 
 2.13879242e-08  2.35642207e-08  2.13879242e-08  3.59999999e+00 
 2.14079242e-08  2.35642210e-08  2.14079242e-08  3.59999999e+00 
 2.14279242e-08  2.35642207e-08  2.14279242e-08  3.59999999e+00 
 2.14479242e-08  2.35642208e-08  2.14479242e-08  3.59999999e+00 
 2.14679242e-08  2.35642207e-08  2.14679242e-08  3.59999999e+00 
 2.14879242e-08  2.35642206e-08  2.14879242e-08  3.59999999e+00 
 2.15079242e-08  2.35642204e-08  2.15079242e-08  3.59999999e+00 
 2.15279242e-08  2.35642202e-08  2.15279242e-08  3.59999999e+00 
 2.15479242e-08  2.35642210e-08  2.15479242e-08  3.59999999e+00 
 2.15679242e-08  2.35642215e-08  2.15679242e-08  3.59999999e+00 
 2.15879242e-08  2.35642216e-08  2.15879242e-08  3.59999999e+00 
 2.16079242e-08  2.35642215e-08  2.16079242e-08  3.59999999e+00 
 2.16279242e-08  2.35642210e-08  2.16279242e-08  3.59999999e+00 
 2.16479242e-08  2.35642202e-08  2.16479242e-08  3.59999999e+00 
 2.16679242e-08  2.35642203e-08  2.16679242e-08  3.59999999e+00 
 2.16879242e-08  2.35642202e-08  2.16879242e-08  3.59999999e+00 
 2.17079242e-08  2.35642203e-08  2.17079242e-08  3.59999999e+00 
 2.17279242e-08  2.35642201e-08  2.17279242e-08  3.59999999e+00 
 2.17479242e-08  2.35642199e-08  2.17479242e-08  3.59999999e+00 
 2.17679242e-08  2.35642204e-08  2.17679242e-08  3.59999999e+00 
 2.17879242e-08  2.35642202e-08  2.17879242e-08  3.59999999e+00 
 2.18079242e-08  2.35642197e-08  2.18079242e-08  3.59999999e+00 
 2.18279242e-08  2.35642197e-08  2.18279242e-08  3.59999999e+00 
 2.18479242e-08  2.35642196e-08  2.18479242e-08  3.59999999e+00 
 2.18679242e-08  2.35642198e-08  2.18679242e-08  3.59999999e+00 
 2.18879242e-08  2.35642199e-08  2.18879242e-08  3.59999999e+00 
 2.19079242e-08  2.35642202e-08  2.19079242e-08  3.59999999e+00 
 2.19279242e-08  2.35642200e-08  2.19279242e-08  3.59999999e+00 
 2.19479242e-08  2.35642195e-08  2.19479242e-08  3.59999999e+00 
 2.19679242e-08  2.35642198e-08  2.19679242e-08  3.59999999e+00 
 2.19879242e-08  2.35642201e-08  2.19879242e-08  3.59999999e+00 
 2.20079242e-08  2.35642204e-08  2.20079242e-08  3.59999999e+00 
 2.20279242e-08  2.35642206e-08  2.20279242e-08  3.59999999e+00 
 2.20479242e-08  2.35642205e-08  2.20479242e-08  3.59999999e+00 
 2.20679242e-08  2.35642205e-08  2.20679242e-08  3.59999999e+00 
 2.20879242e-08  2.35642207e-08  2.20879242e-08  3.59999999e+00 
 2.21079242e-08  2.35642211e-08  2.21079242e-08  3.59999999e+00 
 2.21279242e-08  2.35642211e-08  2.21279242e-08  3.59999999e+00 
 2.21479242e-08  2.35642210e-08  2.21479242e-08  3.59999999e+00 
 2.21679242e-08  2.35642219e-08  2.21679242e-08  3.59999999e+00 
 2.21879242e-08  2.35642214e-08  2.21879242e-08  3.59999999e+00 
 2.22079242e-08  2.35642209e-08  2.22079242e-08  3.59999999e+00 
 2.22279242e-08  2.35642211e-08  2.22279242e-08  3.59999999e+00 
 2.22479242e-08  2.35642212e-08  2.22479242e-08  3.59999999e+00 
 2.22679242e-08  2.35642210e-08  2.22679242e-08  3.59999999e+00 
 2.22879242e-08  2.35642203e-08  2.22879242e-08  3.59999999e+00 
 2.23079242e-08  2.35642196e-08  2.23079242e-08  3.59999999e+00 
 2.23279242e-08  2.35642197e-08  2.23279242e-08  3.59999999e+00 
 2.23479242e-08  2.35642201e-08  2.23479242e-08  3.59999999e+00 
 2.23679242e-08  2.35642206e-08  2.23679242e-08  3.59999999e+00 
 2.23879242e-08  2.35642216e-08  2.23879242e-08  3.59999999e+00 
 2.24079242e-08  2.35642217e-08  2.24079242e-08  3.59999999e+00 
 2.24279242e-08  2.35642214e-08  2.24279242e-08  3.59999999e+00 
 2.24479242e-08  2.35642210e-08  2.24479242e-08  3.59999999e+00 
 2.24679242e-08  2.35642205e-08  2.24679242e-08  3.59999999e+00 
 2.24879242e-08  2.35642204e-08  2.24879242e-08  3.59999999e+00 
 2.25079242e-08  2.35642201e-08  2.25079242e-08  3.59999999e+00 
 2.25279242e-08  2.35642206e-08  2.25279242e-08  3.59999999e+00 
 2.25479242e-08  2.35642211e-08  2.25479242e-08  3.59999999e+00 
 2.25679242e-08  2.35642213e-08  2.25679242e-08  3.59999999e+00 
 2.25879242e-08  2.35642208e-08  2.25879242e-08  3.59999999e+00 
 2.26079242e-08  2.35642203e-08  2.26079242e-08  3.59999999e+00 
 2.26279242e-08  2.35642201e-08  2.26279242e-08  3.59999999e+00 
 2.26479242e-08  2.35642206e-08  2.26479242e-08  3.59999999e+00 
 2.26679242e-08  2.35642204e-08  2.26679242e-08  3.59999999e+00 
 2.26879242e-08  2.35642196e-08  2.26879242e-08  3.59999999e+00 
 2.27079242e-08  2.35642195e-08  2.27079242e-08  3.59999999e+00 
 2.27279242e-08  2.35642195e-08  2.27279242e-08  3.59999999e+00 
 2.27479242e-08  2.35642193e-08  2.27479242e-08  3.59999999e+00 
 2.27679242e-08  2.35642199e-08  2.27679242e-08  3.59999999e+00 
 2.27879242e-08  2.35642201e-08  2.27879242e-08  3.59999999e+00 
 2.28079242e-08  2.35642202e-08  2.28079242e-08  3.59999999e+00 
 2.28279242e-08  2.35642199e-08  2.28279242e-08  3.59999999e+00 
 2.28479242e-08  2.35642203e-08  2.28479242e-08  3.59999999e+00 
 2.28679242e-08  2.35642201e-08  2.28679242e-08  3.59999999e+00 
 2.28879242e-08  2.35642210e-08  2.28879242e-08  3.59999999e+00 
 2.29079242e-08  2.35642207e-08  2.29079242e-08  3.59999999e+00 
 2.29279242e-08  2.35642204e-08  2.29279242e-08  3.59999999e+00 
 2.29479242e-08  2.35642199e-08  2.29479242e-08  3.59999999e+00 
 2.29679242e-08  2.35642200e-08  2.29679242e-08  3.59999999e+00 
 2.29879242e-08  2.35642204e-08  2.29879242e-08  3.59999999e+00 
 2.30079242e-08  2.35642203e-08  2.30079242e-08  3.59999999e+00 
 2.30279242e-08  2.35642201e-08  2.30279242e-08  3.59999999e+00 
 2.30479242e-08  2.35642202e-08  2.30479242e-08  3.59999999e+00 
 2.30679242e-08  2.35642202e-08  2.30679242e-08  3.59999999e+00 
 2.30879242e-08  2.35642203e-08  2.30879242e-08  3.59999999e+00 
 2.31079242e-08  2.35642204e-08  2.31079242e-08  3.59999999e+00 
 2.31279242e-08  2.35642209e-08  2.31279242e-08  3.59999999e+00 
 2.31479242e-08  2.35642205e-08  2.31479242e-08  3.59999999e+00 
 2.31679242e-08  2.35642198e-08  2.31679242e-08  3.59999999e+00 
 2.31879242e-08  2.35642201e-08  2.31879242e-08  3.59999999e+00 
 2.32079242e-08  2.35642199e-08  2.32079242e-08  3.59999999e+00 
 2.32279242e-08  2.35642196e-08  2.32279242e-08  3.59999999e+00 
 2.32479242e-08  2.35642194e-08  2.32479242e-08  3.59999999e+00 
 2.32679242e-08  2.35642197e-08  2.32679242e-08  3.59999999e+00 
 2.32879242e-08  2.35642194e-08  2.32879242e-08  3.59999999e+00 
 2.33079242e-08  2.35642195e-08  2.33079242e-08  3.59999999e+00 
 2.33279242e-08  2.35642197e-08  2.33279242e-08  3.59999999e+00 
 2.33479242e-08  2.35642198e-08  2.33479242e-08  3.59999999e+00 
 2.33679242e-08  2.35642206e-08  2.33679242e-08  3.59999999e+00 
 2.33879242e-08  2.35642216e-08  2.33879242e-08  3.59999999e+00 
 2.34079242e-08  2.35642213e-08  2.34079242e-08  3.59999999e+00 
 2.34279242e-08  2.35642219e-08  2.34279242e-08  3.59999999e+00 
 2.34479242e-08  2.35642219e-08  2.34479242e-08  3.59999999e+00 
 2.34679242e-08  2.35642213e-08  2.34679242e-08  3.59999999e+00 
 2.34879242e-08  2.35642206e-08  2.34879242e-08  3.59999999e+00 
 2.35079242e-08  2.35642209e-08  2.35079242e-08  3.59999999e+00 
 2.35279242e-08  2.35642206e-08  2.35279242e-08  3.59999999e+00 
 2.35479242e-08  2.35642206e-08  2.35479242e-08  3.59999999e+00 
 2.35679242e-08  2.35642209e-08  2.35679242e-08  3.59999999e+00 
 2.35879242e-08  2.35642203e-08  2.35879242e-08  3.59999999e+00 
 2.36079242e-08  2.35642202e-08  2.36079242e-08  3.59999999e+00 
 2.36279242e-08  2.35642207e-08  2.36279242e-08  3.59999999e+00 
 2.36479242e-08  2.35642211e-08  2.36479242e-08  3.59999999e+00 
 2.36679242e-08  2.35642212e-08  2.36679242e-08  3.59999999e+00 
 2.36879242e-08  2.35642210e-08  2.36879242e-08  3.59999999e+00 
 2.37079242e-08  2.35642218e-08  2.37079242e-08  3.59999999e+00 
 2.37279242e-08  2.35642218e-08  2.37279242e-08  3.59999999e+00 
 2.37479242e-08  2.35642220e-08  2.37479242e-08  3.59999999e+00 
 2.37679242e-08  2.35642230e-08  2.37679242e-08  3.59999999e+00 
 2.37879242e-08  2.35642222e-08  2.37879242e-08  3.59999999e+00 
 2.38079242e-08  2.35642213e-08  2.38079242e-08  3.59999999e+00 
 2.38279242e-08  2.35642208e-08  2.38279242e-08  3.59999999e+00 
 2.38479242e-08  2.35642212e-08  2.38479242e-08  3.59999999e+00 
 2.38679242e-08  2.35642212e-08  2.38679242e-08  3.59999999e+00 
 2.38879242e-08  2.35642210e-08  2.38879242e-08  3.59999999e+00 
 2.39079242e-08  2.35642212e-08  2.39079242e-08  3.59999999e+00 
 2.39279242e-08  2.35642209e-08  2.39279242e-08  3.59999999e+00 
 2.39479242e-08  2.35642207e-08  2.39479242e-08  3.59999999e+00 
 2.39679242e-08  2.35642207e-08  2.39679242e-08  3.59999999e+00 
 2.39879242e-08  2.35642207e-08  2.39879242e-08  3.59999999e+00 
 2.40079242e-08  2.35642203e-08  2.40079242e-08  3.59999999e+00 
 2.40279242e-08  2.35642198e-08  2.40279242e-08  3.59999999e+00 
 2.40479242e-08  2.35642202e-08  2.40479242e-08  3.59999999e+00 
 2.40679242e-08  2.35642205e-08  2.40679242e-08  3.59999999e+00 
 2.40879242e-08  2.35642203e-08  2.40879242e-08  3.59999999e+00 
 2.41079242e-08  2.35642201e-08  2.41079242e-08  3.59999999e+00 
 2.41279242e-08  2.35642199e-08  2.41279242e-08  3.59999999e+00 
 2.41479242e-08  2.35642198e-08  2.41479242e-08  3.59999999e+00 
 2.41679242e-08  2.35642202e-08  2.41679242e-08  3.59999999e+00 
 2.41879242e-08  2.35642204e-08  2.41879242e-08  3.59999999e+00 
 2.42079242e-08  2.35642206e-08  2.42079242e-08  3.59999999e+00 
 2.42279242e-08  2.35642211e-08  2.42279242e-08  3.59999999e+00 
 2.42479242e-08  2.35642211e-08  2.42479242e-08  3.59999999e+00 
 2.42679242e-08  2.35642207e-08  2.42679242e-08  3.59999999e+00 
 2.42879242e-08  2.35642207e-08  2.42879242e-08  3.59999999e+00 
 2.43079242e-08  2.35642207e-08  2.43079242e-08  3.59999999e+00 
 2.43279242e-08  2.35642206e-08  2.43279242e-08  3.59999999e+00 
 2.43479242e-08  2.35642198e-08  2.43479242e-08  3.59999999e+00 
 2.43679242e-08  2.35642201e-08  2.43679242e-08  3.59999999e+00 
 2.43879242e-08  2.35642200e-08  2.43879242e-08  3.59999999e+00 
 2.44079242e-08  2.35642203e-08  2.44079242e-08  3.59999999e+00 
 2.44279242e-08  2.35642204e-08  2.44279242e-08  3.59999999e+00 
 2.44479242e-08  2.35642207e-08  2.44479242e-08  3.59999999e+00 
 2.44679242e-08  2.35642213e-08  2.44679242e-08  3.59999999e+00 
 2.44879242e-08  2.35642206e-08  2.44879242e-08  3.59999999e+00 
 2.45079242e-08  2.35642204e-08  2.45079242e-08  3.59999999e+00 
 2.45279242e-08  2.35642209e-08  2.45279242e-08  3.59999999e+00 
 2.45479242e-08  2.35642208e-08  2.45479242e-08  3.59999999e+00 
 2.45679242e-08  2.35642207e-08  2.45679242e-08  3.59999999e+00 
 2.45879242e-08  2.35642207e-08  2.45879242e-08  3.59999999e+00 
 2.46079242e-08  2.35642206e-08  2.46079242e-08  3.59999999e+00 
 2.46279242e-08  2.35642208e-08  2.46279242e-08  3.59999999e+00 
 2.46479242e-08  2.35642206e-08  2.46479242e-08  3.59999999e+00 
 2.46679242e-08  2.35642207e-08  2.46679242e-08  3.59999999e+00 
 2.46879242e-08  2.35642206e-08  2.46879242e-08  3.59999999e+00 
 2.47079242e-08  2.35642208e-08  2.47079242e-08  3.59999999e+00 
 2.47279242e-08  2.35642205e-08  2.47279242e-08  3.59999999e+00 
 2.47479242e-08  2.35642204e-08  2.47479242e-08  3.59999999e+00 
 2.47679242e-08  2.35642204e-08  2.47679242e-08  3.59999999e+00 
 2.47879242e-08  2.35642208e-08  2.47879242e-08  3.59999999e+00 
 2.48079242e-08  2.35642208e-08  2.48079242e-08  3.59999999e+00 
 2.48279242e-08  2.35642208e-08  2.48279242e-08  3.59999999e+00 
 2.48479242e-08  2.35642210e-08  2.48479242e-08  3.59999999e+00 
 2.48679242e-08  2.35642205e-08  2.48679242e-08  3.59999999e+00 
 2.48879242e-08  2.35642200e-08  2.48879242e-08  3.59999999e+00 
 2.49079242e-08  2.35642204e-08  2.49079242e-08  3.59999999e+00 
 2.49279242e-08  2.35642205e-08  2.49279242e-08  3.59999999e+00 
 2.49479242e-08  2.35642202e-08  2.49479242e-08  3.59999999e+00 
 2.49679242e-08  2.35642206e-08  2.49679242e-08  3.59999999e+00 
 2.49879242e-08  2.35642206e-08  2.49879242e-08  3.59999999e+00 
 2.50079242e-08  2.35642199e-08  2.50079242e-08  3.59999999e+00 
 2.50279242e-08  2.35642195e-08  2.50279242e-08  3.59999999e+00 
 2.50479242e-08  2.35642196e-08  2.50479242e-08  3.59999999e+00 
 2.50679242e-08  2.35642201e-08  2.50679242e-08  3.59999999e+00 
 2.50879242e-08  2.35642204e-08  2.50879242e-08  3.59999999e+00 
 2.51079242e-08  2.35642203e-08  2.51079242e-08  3.59999999e+00 
 2.51279242e-08  2.35642208e-08  2.51279242e-08  3.59999999e+00 
 2.51479242e-08  2.35642209e-08  2.51479242e-08  3.59999999e+00 
 2.51679242e-08  2.35642205e-08  2.51679242e-08  3.59999999e+00 
 2.51879242e-08  2.35642205e-08  2.51879242e-08  3.59999999e+00 
 2.52079242e-08  2.35642203e-08  2.52079242e-08  3.59999999e+00 
 2.52279242e-08  2.35642204e-08  2.52279242e-08  3.59999999e+00 
 2.52479242e-08  2.35642201e-08  2.52479242e-08  3.59999999e+00 
 2.52679242e-08  2.35642203e-08  2.52679242e-08  3.59999999e+00 
 2.52879242e-08  2.35642210e-08  2.52879242e-08  3.59999999e+00 
 2.53079242e-08  2.35642215e-08  2.53079242e-08  3.59999999e+00 
 2.53279242e-08  2.35642212e-08  2.53279242e-08  3.59999999e+00 
 2.53479242e-08  2.35642207e-08  2.53479242e-08  3.59999999e+00 
 2.53679242e-08  2.35642206e-08  2.53679242e-08  3.59999999e+00 
 2.53879242e-08  2.35642205e-08  2.53879242e-08  3.59999999e+00 
 2.54079242e-08  2.35642205e-08  2.54079242e-08  3.59999999e+00 
 2.54279242e-08  2.35642203e-08  2.54279242e-08  3.59999999e+00 
 2.54479242e-08  2.35642208e-08  2.54479242e-08  3.59999999e+00 
 2.54679242e-08  2.35642215e-08  2.54679242e-08  3.59999999e+00 
 2.54879242e-08  2.35642218e-08  2.54879242e-08  3.59999999e+00 
 2.55079242e-08  2.35642215e-08  2.55079242e-08  3.59999999e+00 
 2.55279242e-08  2.35642213e-08  2.55279242e-08  3.59999999e+00 
 2.55479242e-08  2.35642210e-08  2.55479242e-08  3.59999999e+00 
 2.55679242e-08  2.35642207e-08  2.55679242e-08  3.59999999e+00 
 2.55879242e-08  2.35642200e-08  2.55879242e-08  3.59999999e+00 
 2.56079242e-08  2.35642197e-08  2.56079242e-08  3.59999999e+00 
 2.56279242e-08  2.35642197e-08  2.56279242e-08  3.59999999e+00 
 2.56479242e-08  2.35642196e-08  2.56479242e-08  3.59999999e+00 
 2.56679242e-08  2.35642196e-08  2.56679242e-08  3.59999999e+00 
 2.56879242e-08  2.35642196e-08  2.56879242e-08  3.59999999e+00 
 2.57079242e-08  2.35642193e-08  2.57079242e-08  3.59999999e+00 
 2.57279242e-08  2.35642200e-08  2.57279242e-08  3.59999999e+00 
 2.57479242e-08  2.35642203e-08  2.57479242e-08  3.59999999e+00 
 2.57679242e-08  2.35642200e-08  2.57679242e-08  3.59999999e+00 
 2.57879242e-08  2.35642193e-08  2.57879242e-08  3.59999999e+00 
 2.58079242e-08  2.35642199e-08  2.58079242e-08  3.59999999e+00 
 2.58279242e-08  2.35642200e-08  2.58279242e-08  3.59999999e+00 
 2.58479242e-08  2.35642200e-08  2.58479242e-08  3.59999999e+00 
 2.58679242e-08  2.35642205e-08  2.58679242e-08  3.59999999e+00 
 2.58879242e-08  2.35642204e-08  2.58879242e-08  3.59999999e+00 
 2.59079242e-08  2.35642200e-08  2.59079242e-08  3.59999999e+00 
 2.59279242e-08  2.35642196e-08  2.59279242e-08  3.59999999e+00 
 2.59479242e-08  2.35642197e-08  2.59479242e-08  3.59999999e+00 
 2.59679242e-08  2.35642196e-08  2.59679242e-08  3.59999999e+00 
 2.59879242e-08  2.35642195e-08  2.59879242e-08  3.59999999e+00 
 2.60079242e-08  2.35642198e-08  2.60079242e-08  3.59999999e+00 
 2.60279242e-08  2.35642195e-08  2.60279242e-08  3.59999999e+00 
 2.60479242e-08  2.35642194e-08  2.60479242e-08  3.59999999e+00 
 2.60679242e-08  2.35642193e-08  2.60679242e-08  3.59999999e+00 
 2.60879242e-08  2.35642193e-08  2.60879242e-08  3.59999999e+00 
 2.61079242e-08  2.35642199e-08  2.61079242e-08  3.59999999e+00 
 2.61279242e-08  2.35642205e-08  2.61279242e-08  3.59999999e+00 
 2.61479242e-08  2.35642203e-08  2.61479242e-08  3.59999999e+00 
 2.61679242e-08  2.35642203e-08  2.61679242e-08  3.59999999e+00 
 2.61879242e-08  2.35642198e-08  2.61879242e-08  3.59999999e+00 
 2.62079242e-08  2.35642191e-08  2.62079242e-08  3.59999999e+00 
 2.62279242e-08  2.35642188e-08  2.62279242e-08  3.59999999e+00 
 2.62479242e-08  2.35642187e-08  2.62479242e-08  3.59999999e+00 
 2.62679242e-08  2.35642185e-08  2.62679242e-08  3.59999999e+00 
 2.62879242e-08  2.35642187e-08  2.62879242e-08  3.59999999e+00 
 2.63079242e-08  2.35642194e-08  2.63079242e-08  3.59999999e+00 
 2.63279242e-08  2.35642198e-08  2.63279242e-08  3.59999999e+00 
 2.63479242e-08  2.35642205e-08  2.63479242e-08  3.59999999e+00 
 2.63679242e-08  2.35642203e-08  2.63679242e-08  3.59999999e+00 
 2.63879242e-08  2.35642202e-08  2.63879242e-08  3.59999999e+00 
 2.64079242e-08  2.35642198e-08  2.64079242e-08  3.59999999e+00 
 2.64279242e-08  2.35642197e-08  2.64279242e-08  3.59999999e+00 
 2.64479242e-08  2.35642199e-08  2.64479242e-08  3.59999999e+00 
 2.64679242e-08  2.35642199e-08  2.64679242e-08  3.59999999e+00 
 2.64879242e-08  2.35642198e-08  2.64879242e-08  3.59999999e+00 
 2.65079242e-08  2.35642197e-08  2.65079242e-08  3.59999999e+00 
 2.65279242e-08  2.35642200e-08  2.65279242e-08  3.59999999e+00 
 2.65479242e-08  2.35642198e-08  2.65479242e-08  3.59999999e+00 
 2.65679242e-08  2.35642193e-08  2.65679242e-08  3.59999999e+00 
 2.65879242e-08  2.35642198e-08  2.65879242e-08  3.59999999e+00 
 2.66079242e-08  2.35642196e-08  2.66079242e-08  3.59999999e+00 
 2.66279242e-08  2.35642200e-08  2.66279242e-08  3.59999999e+00 
 2.66479242e-08  2.35642202e-08  2.66479242e-08  3.59999999e+00 
 2.66679242e-08  2.35642202e-08  2.66679242e-08  3.59999999e+00 
 2.66879242e-08  2.35642202e-08  2.66879242e-08  3.59999999e+00 
 2.67079242e-08  2.35642203e-08  2.67079242e-08  3.59999999e+00 
 2.67279242e-08  2.35642206e-08  2.67279242e-08  3.59999999e+00 
 2.67479242e-08  2.35642207e-08  2.67479242e-08  3.59999999e+00 
 2.67679242e-08  2.35642200e-08  2.67679242e-08  3.59999999e+00 
 2.67879242e-08  2.35642199e-08  2.67879242e-08  3.59999999e+00 
 2.68079242e-08  2.35642201e-08  2.68079242e-08  3.59999999e+00 
 2.68279242e-08  2.35642202e-08  2.68279242e-08  3.59999999e+00 
 2.68479242e-08  2.35642203e-08  2.68479242e-08  3.59999999e+00 
 2.68679242e-08  2.35642204e-08  2.68679242e-08  3.59999999e+00 
 2.68879242e-08  2.35642207e-08  2.68879242e-08  3.59999999e+00 
 2.69079242e-08  2.35642210e-08  2.69079242e-08  3.59999999e+00 
 2.69279242e-08  2.35642207e-08  2.69279242e-08  3.59999999e+00 
 2.69479242e-08  2.35642198e-08  2.69479242e-08  3.59999999e+00 
 2.69679242e-08  2.35642196e-08  2.69679242e-08  3.59999999e+00 
 2.69879242e-08  2.35642198e-08  2.69879242e-08  3.59999999e+00 
 2.70079242e-08  2.35642198e-08  2.70079242e-08  3.59999999e+00 
 2.70279242e-08  2.35642195e-08  2.70279242e-08  3.59999999e+00 
 2.70479242e-08  2.35642198e-08  2.70479242e-08  3.59999999e+00 
 2.70679242e-08  2.35642205e-08  2.70679242e-08  3.59999999e+00 
 2.70879242e-08  2.35642200e-08  2.70879242e-08  3.59999999e+00 
 2.71079242e-08  2.35642200e-08  2.71079242e-08  3.59999999e+00 
 2.71279242e-08  2.35642201e-08  2.71279242e-08  3.59999999e+00 
 2.71479242e-08  2.35642198e-08  2.71479242e-08  3.59999999e+00 
 2.71679242e-08  2.35642203e-08  2.71679242e-08  3.59999999e+00 
 2.71879242e-08  2.35642209e-08  2.71879242e-08  3.59999999e+00 
 2.72079242e-08  2.35642210e-08  2.72079242e-08  3.59999999e+00 
 2.72279242e-08  2.35642208e-08  2.72279242e-08  3.59999999e+00 
 2.72479242e-08  2.35642209e-08  2.72479242e-08  3.59999999e+00 
 2.72679242e-08  2.35642211e-08  2.72679242e-08  3.59999999e+00 
 2.72879242e-08  2.35642210e-08  2.72879242e-08  3.59999999e+00 
 2.73079242e-08  2.35642213e-08  2.73079242e-08  3.59999999e+00 
 2.73279242e-08  2.35642214e-08  2.73279242e-08  3.59999999e+00 
 2.73479242e-08  2.35642213e-08  2.73479242e-08  3.59999999e+00 
 2.73679242e-08  2.35642214e-08  2.73679242e-08  3.59999999e+00 
 2.73879242e-08  2.35642205e-08  2.73879242e-08  3.59999999e+00 
 2.74079242e-08  2.35642201e-08  2.74079242e-08  3.59999999e+00 
 2.74279242e-08  2.35642199e-08  2.74279242e-08  3.59999999e+00 
 2.74479242e-08  2.35642197e-08  2.74479242e-08  3.59999999e+00 
 2.74679242e-08  2.35642196e-08  2.74679242e-08  3.59999999e+00 
 2.74879242e-08  2.35642196e-08  2.74879242e-08  3.59999999e+00 
 2.75079242e-08  2.35642200e-08  2.75079242e-08  3.59999999e+00 
 2.75279242e-08  2.35642198e-08  2.75279242e-08  3.59999999e+00 
 2.75479242e-08  2.35642192e-08  2.75479242e-08  3.59999999e+00 
 2.75679242e-08  2.35642190e-08  2.75679242e-08  3.59999999e+00 
 2.75879242e-08  2.35642188e-08  2.75879242e-08  3.59999999e+00 
 2.76079242e-08  2.35642189e-08  2.76079242e-08  3.59999999e+00 
 2.76279242e-08  2.35642195e-08  2.76279242e-08  3.59999999e+00 
 2.76479242e-08  2.35642197e-08  2.76479242e-08  3.59999999e+00 
 2.76679242e-08  2.35642201e-08  2.76679242e-08  3.59999999e+00 
 2.76879242e-08  2.35642204e-08  2.76879242e-08  3.59999999e+00 
 2.77079242e-08  2.35642199e-08  2.77079242e-08  3.59999999e+00 
 2.77279242e-08  2.35642195e-08  2.77279242e-08  3.59999999e+00 
 2.77479242e-08  2.35642194e-08  2.77479242e-08  3.59999999e+00 
 2.77679242e-08  2.35642191e-08  2.77679242e-08  3.59999999e+00 
 2.77879242e-08  2.35642188e-08  2.77879242e-08  3.59999999e+00 
 2.78079242e-08  2.35642188e-08  2.78079242e-08  3.59999999e+00 
 2.78279242e-08  2.35642193e-08  2.78279242e-08  3.59999999e+00 
 2.78479242e-08  2.35642199e-08  2.78479242e-08  3.59999999e+00 
 2.78679242e-08  2.35642199e-08  2.78679242e-08  3.59999999e+00 
 2.78879242e-08  2.35642205e-08  2.78879242e-08  3.59999999e+00 
 2.79079242e-08  2.35642203e-08  2.79079242e-08  3.59999999e+00 
 2.79279242e-08  2.35642204e-08  2.79279242e-08  3.59999999e+00 
 2.79479242e-08  2.35642200e-08  2.79479242e-08  3.59999999e+00 
 2.79679242e-08  2.35642204e-08  2.79679242e-08  3.59999999e+00 
 2.79879242e-08  2.35642203e-08  2.79879242e-08  3.59999999e+00 
 2.80079242e-08  2.35642201e-08  2.80079242e-08  3.59999999e+00 
 2.80279242e-08  2.35642203e-08  2.80279242e-08  3.59999999e+00 
 2.80479242e-08  2.35642208e-08  2.80479242e-08  3.59999999e+00 
 2.80679242e-08  2.35642207e-08  2.80679242e-08  3.59999999e+00 
 2.80879242e-08  2.35642206e-08  2.80879242e-08  3.59999999e+00 
 2.81079242e-08  2.35642208e-08  2.81079242e-08  3.59999999e+00 
 2.81279242e-08  2.35642208e-08  2.81279242e-08  3.59999999e+00 
 2.81479242e-08  2.35642211e-08  2.81479242e-08  3.59999999e+00 
 2.81679242e-08  2.35642210e-08  2.81679242e-08  3.59999999e+00 
 2.81879242e-08  2.35642208e-08  2.81879242e-08  3.59999999e+00 
 2.82079242e-08  2.35642205e-08  2.82079242e-08  3.59999999e+00 
 2.82279242e-08  2.35642203e-08  2.82279242e-08  3.59999999e+00 
 2.82479242e-08  2.35642208e-08  2.82479242e-08  3.59999999e+00 
 2.82679242e-08  2.35642211e-08  2.82679242e-08  3.59999999e+00 
 2.82879242e-08  2.35642209e-08  2.82879242e-08  3.59999999e+00 
 2.83079242e-08  2.35642208e-08  2.83079242e-08  3.59999999e+00 
 2.83279242e-08  2.35642209e-08  2.83279242e-08  3.59999999e+00 
 2.83479242e-08  2.35642205e-08  2.83479242e-08  3.59999999e+00 
 2.83679242e-08  2.35642198e-08  2.83679242e-08  3.59999999e+00 
 2.83879242e-08  2.35642201e-08  2.83879242e-08  3.59999999e+00 
 2.84079242e-08  2.35642200e-08  2.84079242e-08  3.59999999e+00 
 2.84279242e-08  2.35642208e-08  2.84279242e-08  3.59999999e+00 
 2.84479242e-08  2.35642211e-08  2.84479242e-08  3.59999999e+00 
 2.84679242e-08  2.35642208e-08  2.84679242e-08  3.59999999e+00 
 2.84879242e-08  2.35642204e-08  2.84879242e-08  3.59999999e+00 
 2.85079242e-08  2.35642204e-08  2.85079242e-08  3.59999999e+00 
 2.85279242e-08  2.35642205e-08  2.85279242e-08  3.59999999e+00 
 2.85479242e-08  2.35642204e-08  2.85479242e-08  3.59999999e+00 
 2.85679242e-08  2.35642207e-08  2.85679242e-08  3.59999999e+00 
 2.85879242e-08  2.35642210e-08  2.85879242e-08  3.59999999e+00 
 2.86079242e-08  2.35642208e-08  2.86079242e-08  3.59999999e+00 
 2.86279242e-08  2.35642207e-08  2.86279242e-08  3.59999999e+00 
 2.86479242e-08  2.35642207e-08  2.86479242e-08  3.59999999e+00 
 2.86679242e-08  2.35642210e-08  2.86679242e-08  3.59999999e+00 
 2.86879242e-08  2.35642209e-08  2.86879242e-08  3.59999999e+00 
 2.87079242e-08  2.35642210e-08  2.87079242e-08  3.59999999e+00 
 2.87279242e-08  2.35642208e-08  2.87279242e-08  3.59999999e+00 
 2.87479242e-08  2.35642203e-08  2.87479242e-08  3.59999999e+00 
 2.87679242e-08  2.35642200e-08  2.87679242e-08  3.59999999e+00 
 2.87879242e-08  2.35642199e-08  2.87879242e-08  3.59999999e+00 
 2.88079242e-08  2.35642202e-08  2.88079242e-08  3.59999999e+00 
 2.88279242e-08  2.35642205e-08  2.88279242e-08  3.59999999e+00 
 2.88479242e-08  2.35642205e-08  2.88479242e-08  3.59999999e+00 
 2.88679242e-08  2.35642209e-08  2.88679242e-08  3.59999999e+00 
 2.88879242e-08  2.35642210e-08  2.88879242e-08  3.59999999e+00 
 2.89079242e-08  2.35642208e-08  2.89079242e-08  3.59999999e+00 
 2.89279242e-08  2.35642206e-08  2.89279242e-08  3.59999999e+00 
 2.89479242e-08  2.35642209e-08  2.89479242e-08  3.59999999e+00 
 2.89679242e-08  2.35642208e-08  2.89679242e-08  3.59999999e+00 
 2.89879242e-08  2.35642208e-08  2.89879242e-08  3.59999999e+00 
 2.90079242e-08  2.35642206e-08  2.90079242e-08  3.59999999e+00 
 2.90279242e-08  2.35642209e-08  2.90279242e-08  3.59999999e+00 
 2.90479242e-08  2.35642208e-08  2.90479242e-08  3.59999999e+00 
 2.90679242e-08  2.35642206e-08  2.90679242e-08  3.59999999e+00 
 2.90879242e-08  2.35642202e-08  2.90879242e-08  3.59999999e+00 
 2.91079242e-08  2.35642196e-08  2.91079242e-08  3.59999999e+00 
 2.91279242e-08  2.35642198e-08  2.91279242e-08  3.59999999e+00 
 2.91479242e-08  2.35642200e-08  2.91479242e-08  3.59999999e+00 
 2.91679242e-08  2.35642199e-08  2.91679242e-08  3.59999999e+00 
 2.91879242e-08  2.35642197e-08  2.91879242e-08  3.59999999e+00 
 2.92079242e-08  2.35642204e-08  2.92079242e-08  3.59999999e+00 
 2.92279242e-08  2.35642203e-08  2.92279242e-08  3.59999999e+00 
 2.92479242e-08  2.35642204e-08  2.92479242e-08  3.59999999e+00 
 2.92679242e-08  2.35642204e-08  2.92679242e-08  3.59999999e+00 
 2.92879242e-08  2.35642204e-08  2.92879242e-08  3.59999999e+00 
 2.93079242e-08  2.35642202e-08  2.93079242e-08  3.59999999e+00 
 2.93279242e-08  2.35642201e-08  2.93279242e-08  3.59999999e+00 
 2.93479242e-08  2.35642199e-08  2.93479242e-08  3.59999999e+00 
 2.93679242e-08  2.35642198e-08  2.93679242e-08  3.59999999e+00 
 2.93879242e-08  2.35642198e-08  2.93879242e-08  3.59999999e+00 
 2.94079242e-08  2.35642193e-08  2.94079242e-08  3.59999999e+00 
 2.94279242e-08  2.35642196e-08  2.94279242e-08  3.59999999e+00 
 2.94479242e-08  2.35642198e-08  2.94479242e-08  3.59999999e+00 
 2.94679242e-08  2.35642199e-08  2.94679242e-08  3.59999999e+00 
 2.94879242e-08  2.35642203e-08  2.94879242e-08  3.59999999e+00 
 2.95079242e-08  2.35642205e-08  2.95079242e-08  3.59999999e+00 
 2.95279242e-08  2.35642204e-08  2.95279242e-08  3.59999999e+00 
 2.95479242e-08  2.35642202e-08  2.95479242e-08  3.59999999e+00 
 2.95679242e-08  2.35642202e-08  2.95679242e-08  3.59999999e+00 
 2.95879242e-08  2.35642204e-08  2.95879242e-08  3.59999999e+00 
 2.96079242e-08  2.35642209e-08  2.96079242e-08  3.59999999e+00 
 2.96279242e-08  2.35642209e-08  2.96279242e-08  3.59999999e+00 
 2.96479242e-08  2.35642204e-08  2.96479242e-08  3.59999999e+00 
 2.96679242e-08  2.35642205e-08  2.96679242e-08  3.59999999e+00 
 2.96879242e-08  2.35642201e-08  2.96879242e-08  3.59999999e+00 
 2.97079242e-08  2.35642200e-08  2.97079242e-08  3.59999999e+00 
 2.97279242e-08  2.35642196e-08  2.97279242e-08  3.59999999e+00 
 2.97479242e-08  2.35642199e-08  2.97479242e-08  3.59999999e+00 
 2.97679242e-08  2.35642201e-08  2.97679242e-08  3.59999999e+00 
 2.97879242e-08  2.35642204e-08  2.97879242e-08  3.59999999e+00 
 2.98079242e-08  2.35642200e-08  2.98079242e-08  3.59999999e+00 
 2.98279242e-08  2.35642196e-08  2.98279242e-08  3.59999999e+00 
 2.98479242e-08  2.35642196e-08  2.98479242e-08  3.59999999e+00 
 2.98679242e-08  2.35642196e-08  2.98679242e-08  3.59999999e+00 
 2.98879242e-08  2.35642192e-08  2.98879242e-08  3.59999999e+00 
 2.99079242e-08  2.35642194e-08  2.99079242e-08  3.59999999e+00 
 2.99279242e-08  2.35642196e-08  2.99279242e-08  3.59999999e+00 
 2.99479242e-08  2.35642202e-08  2.99479242e-08  3.59999999e+00 
 2.99679242e-08  2.35642206e-08  2.99679242e-08  3.59999999e+00 
 2.99879242e-08  2.35642201e-08  2.99879242e-08  3.59999999e+00 
 3.00079242e-08  2.35642199e-08  3.00079242e-08  3.59999999e+00 
 3.00279242e-08  2.35642199e-08  3.00279242e-08  3.59999999e+00 
 3.00479242e-08  2.35642193e-08  3.00479242e-08  3.59999999e+00 
 3.00679242e-08  2.35642191e-08  3.00679242e-08  3.59999999e+00 
 3.00879242e-08  2.35642196e-08  3.00879242e-08  3.59999999e+00 
 3.01079242e-08  2.35642196e-08  3.01079242e-08  3.59999999e+00 
 3.01279242e-08  2.35642191e-08  3.01279242e-08  3.59999999e+00 
 3.01479242e-08  2.35642198e-08  3.01479242e-08  3.59999999e+00 
 3.01679242e-08  2.35642204e-08  3.01679242e-08  3.59999999e+00 
 3.01879242e-08  2.35642205e-08  3.01879242e-08  3.59999999e+00 
 3.02079242e-08  2.35642200e-08  3.02079242e-08  3.59999999e+00 
 3.02279242e-08  2.35642200e-08  3.02279242e-08  3.59999999e+00 
 3.02479242e-08  2.35642200e-08  3.02479242e-08  3.59999999e+00 
 3.02679242e-08  2.35642198e-08  3.02679242e-08  3.59999999e+00 
 3.02879242e-08  2.35642203e-08  3.02879242e-08  3.59999999e+00 
 3.03079242e-08  2.35642207e-08  3.03079242e-08  3.59999999e+00 
 3.03279242e-08  2.35642205e-08  3.03279242e-08  3.59999999e+00 
 3.03479242e-08  2.35642199e-08  3.03479242e-08  3.59999999e+00 
 3.03679242e-08  2.35642199e-08  3.03679242e-08  3.59999999e+00 
 3.03879242e-08  2.35642200e-08  3.03879242e-08  3.59999999e+00 
 3.04079242e-08  2.35642201e-08  3.04079242e-08  3.59999999e+00 
 3.04279242e-08  2.35642200e-08  3.04279242e-08  3.59999999e+00 
 3.04479242e-08  2.35642204e-08  3.04479242e-08  3.59999999e+00 
 3.04679242e-08  2.35642200e-08  3.04679242e-08  3.59999999e+00 
 3.04879242e-08  2.35642200e-08  3.04879242e-08  3.59999999e+00 
 3.05079242e-08  2.35642200e-08  3.05079242e-08  3.59999999e+00 
 3.05279242e-08  2.35642195e-08  3.05279242e-08  3.59999999e+00 
 3.05479242e-08  2.35642189e-08  3.05479242e-08  3.59999999e+00 
 3.05679242e-08  2.35642192e-08  3.05679242e-08  3.59999999e+00 
 3.05879242e-08  2.35642194e-08  3.05879242e-08  3.59999999e+00 
 3.06079242e-08  2.35642192e-08  3.06079242e-08  3.59999999e+00 
 3.06279242e-08  2.35642191e-08  3.06279242e-08  3.59999999e+00 
 3.06479242e-08  2.35642193e-08  3.06479242e-08  3.59999999e+00 
 3.06679242e-08  2.35642199e-08  3.06679242e-08  3.59999999e+00 
 3.06879242e-08  2.35642194e-08  3.06879242e-08  3.59999999e+00 
 3.07079242e-08  2.35642195e-08  3.07079242e-08  3.59999999e+00 
 3.07279242e-08  2.35642198e-08  3.07279242e-08  3.59999999e+00 
 3.07479242e-08  2.35642198e-08  3.07479242e-08  3.59999999e+00 
 3.07679242e-08  2.35642195e-08  3.07679242e-08  3.59999999e+00 
 3.07879242e-08  2.35642199e-08  3.07879242e-08  3.59999999e+00 
 3.08079242e-08  2.35642202e-08  3.08079242e-08  3.59999999e+00 
 3.08279242e-08  2.35642200e-08  3.08279242e-08  3.59999999e+00 
 3.08479242e-08  2.35642197e-08  3.08479242e-08  3.59999999e+00 
 3.08679242e-08  2.35642198e-08  3.08679242e-08  3.59999999e+00 
 3.08879242e-08  2.35642201e-08  3.08879242e-08  3.59999999e+00 
 3.09079242e-08  2.35642203e-08  3.09079242e-08  3.59999999e+00 
 3.09279242e-08  2.35642205e-08  3.09279242e-08  3.59999999e+00 
 3.09479242e-08  2.35642207e-08  3.09479242e-08  3.59999999e+00 
 3.09679242e-08  2.35642212e-08  3.09679242e-08  3.59999999e+00 
 3.09879242e-08  2.35642217e-08  3.09879242e-08  3.59999999e+00 
 3.10079242e-08  2.35642211e-08  3.10079242e-08  3.59999999e+00 
 3.10279242e-08  2.35642208e-08  3.10279242e-08  3.59999999e+00 
 3.10479242e-08  2.35642209e-08  3.10479242e-08  3.59999999e+00 
 3.10679242e-08  2.35642204e-08  3.10679242e-08  3.59999999e+00 
 3.10879242e-08  2.35642204e-08  3.10879242e-08  3.59999999e+00 
 3.11079242e-08  2.35642205e-08  3.11079242e-08  3.59999999e+00 
 3.11279242e-08  2.35642206e-08  3.11279242e-08  3.59999999e+00 
 3.11479242e-08  2.35642212e-08  3.11479242e-08  3.59999999e+00 
 3.11679242e-08  2.35642214e-08  3.11679242e-08  3.59999999e+00 
 3.11879242e-08  2.35642206e-08  3.11879242e-08  3.59999999e+00 
 3.12079242e-08  2.35642200e-08  3.12079242e-08  3.59999999e+00 
 3.12279242e-08  2.35642205e-08  3.12279242e-08  3.59999999e+00 
 3.12479242e-08  2.35642205e-08  3.12479242e-08  3.59999999e+00 
 3.12679242e-08  2.35642203e-08  3.12679242e-08  3.59999999e+00 
 3.12879242e-08  2.35642208e-08  3.12879242e-08  3.59999999e+00 
 3.13079242e-08  2.35642207e-08  3.13079242e-08  3.59999999e+00 
 3.13279242e-08  2.35642204e-08  3.13279242e-08  3.59999999e+00 
 3.13479242e-08  2.35642202e-08  3.13479242e-08  3.59999999e+00 
 3.13679242e-08  2.35642203e-08  3.13679242e-08  3.59999999e+00 
 3.13879242e-08  2.35642205e-08  3.13879242e-08  3.59999999e+00 
 3.14079242e-08  2.35642206e-08  3.14079242e-08  3.59999999e+00 
 3.14279242e-08  2.35642201e-08  3.14279242e-08  3.59999999e+00 
 3.14479242e-08  2.35642198e-08  3.14479242e-08  3.59999999e+00 
 3.14679242e-08  2.35642193e-08  3.14679242e-08  3.59999999e+00 
 3.14879242e-08  2.35642187e-08  3.14879242e-08  3.59999999e+00 
 3.15079242e-08  2.35642186e-08  3.15079242e-08  3.59999999e+00 
 3.15279242e-08  2.35642194e-08  3.15279242e-08  3.59999999e+00 
 3.15479242e-08  2.35642197e-08  3.15479242e-08  3.59999999e+00 
 3.15679242e-08  2.35642201e-08  3.15679242e-08  3.59999999e+00 
 3.15879242e-08  2.35642202e-08  3.15879242e-08  3.59999999e+00 
 3.16079242e-08  2.35642201e-08  3.16079242e-08  3.59999999e+00 
 3.16279242e-08  2.35642197e-08  3.16279242e-08  3.59999999e+00 
 3.16479242e-08  2.35642196e-08  3.16479242e-08  3.59999999e+00 
 3.16679242e-08  2.35642201e-08  3.16679242e-08  3.59999999e+00 
 3.16879242e-08  2.35642206e-08  3.16879242e-08  3.59999999e+00 
 3.17079242e-08  2.35642205e-08  3.17079242e-08  3.59999999e+00 
 3.17279242e-08  2.35642202e-08  3.17279242e-08  3.59999999e+00 
 3.17479242e-08  2.35642204e-08  3.17479242e-08  3.59999999e+00 
 3.17679242e-08  2.35642207e-08  3.17679242e-08  3.59999999e+00 
 3.17879242e-08  2.35642199e-08  3.17879242e-08  3.59999999e+00 
 3.18079242e-08  2.35642198e-08  3.18079242e-08  3.59999999e+00 
 3.18279242e-08  2.35642198e-08  3.18279242e-08  3.59999999e+00 
 3.18479242e-08  2.35642202e-08  3.18479242e-08  3.59999999e+00 
 3.18679242e-08  2.35642204e-08  3.18679242e-08  3.59999999e+00 
 3.18879242e-08  2.35642207e-08  3.18879242e-08  3.59999999e+00 
 3.19079242e-08  2.35642207e-08  3.19079242e-08  3.59999999e+00 
 3.19279242e-08  2.35642206e-08  3.19279242e-08  3.59999999e+00 
 3.19479242e-08  2.35642206e-08  3.19479242e-08  3.59999999e+00 
 3.19679242e-08  2.35642204e-08  3.19679242e-08  3.59999999e+00 
 3.19879242e-08  2.35642201e-08  3.19879242e-08  3.59999999e+00 
 3.20079242e-08  2.35642203e-08  3.20079242e-08  3.59999999e+00 
 3.20279242e-08  2.35642209e-08  3.20279242e-08  3.59999999e+00 
 3.20479242e-08  2.35642214e-08  3.20479242e-08  3.59999999e+00 
 3.20679242e-08  2.35642214e-08  3.20679242e-08  3.59999999e+00 
 3.20879242e-08  2.35642213e-08  3.20879242e-08  3.59999999e+00 
 3.21079242e-08  2.35642210e-08  3.21079242e-08  3.59999999e+00 
 3.21279242e-08  2.35642214e-08  3.21279242e-08  3.59999999e+00 
 3.21479242e-08  2.35642214e-08  3.21479242e-08  3.59999999e+00 
 3.21679242e-08  2.35642213e-08  3.21679242e-08  3.59999999e+00 
 3.21879242e-08  2.35642214e-08  3.21879242e-08  3.59999999e+00 
 3.22079242e-08  2.35642215e-08  3.22079242e-08  3.59999999e+00 
 3.22279242e-08  2.35642214e-08  3.22279242e-08  3.59999999e+00 
 3.22479242e-08  2.35642206e-08  3.22479242e-08  3.59999999e+00 
 3.22679242e-08  2.35642205e-08  3.22679242e-08  3.59999999e+00 
 3.22879242e-08  2.35642203e-08  3.22879242e-08  3.59999999e+00 
 3.23079242e-08  2.35642196e-08  3.23079242e-08  3.59999999e+00 
 3.23279242e-08  2.35642188e-08  3.23279242e-08  3.59999999e+00 
 3.23479242e-08  2.35642200e-08  3.23479242e-08  3.59999999e+00 
 3.23679242e-08  2.35642200e-08  3.23679242e-08  3.59999999e+00 
 3.23879242e-08  2.35642193e-08  3.23879242e-08  3.59999999e+00 
 3.24079242e-08  2.35642191e-08  3.24079242e-08  3.59999999e+00 
 3.24279242e-08  2.35642191e-08  3.24279242e-08  3.59999999e+00 
 3.24479242e-08  2.35642187e-08  3.24479242e-08  3.59999999e+00 
 3.24679242e-08  2.35642183e-08  3.24679242e-08  3.59999999e+00 
 3.24879242e-08  2.35642189e-08  3.24879242e-08  3.59999999e+00 
 3.25079242e-08  2.35642191e-08  3.25079242e-08  3.59999999e+00 
 3.25279242e-08  2.35642182e-08  3.25279242e-08  3.59999999e+00 
 3.25479242e-08  2.35642181e-08  3.25479242e-08  3.59999999e+00 
 3.25679242e-08  2.35642185e-08  3.25679242e-08  3.59999999e+00 
 3.25879242e-08  2.35642186e-08  3.25879242e-08  3.59999999e+00 
 3.26079242e-08  2.35642179e-08  3.26079242e-08  3.59999999e+00 
 3.26279242e-08  2.35642180e-08  3.26279242e-08  3.59999999e+00 
 3.26479242e-08  2.35642183e-08  3.26479242e-08  3.59999999e+00 
 3.26679242e-08  2.35642188e-08  3.26679242e-08  3.59999999e+00 
 3.26879242e-08  2.35642189e-08  3.26879242e-08  3.59999999e+00 
 3.27079242e-08  2.35642193e-08  3.27079242e-08  3.59999999e+00 
 3.27279242e-08  2.35642194e-08  3.27279242e-08  3.59999999e+00 
 3.27479242e-08  2.35642192e-08  3.27479242e-08  3.59999999e+00 
 3.27679242e-08  2.35642195e-08  3.27679242e-08  3.59999999e+00 
 3.27879242e-08  2.35642197e-08  3.27879242e-08  3.59999999e+00 
 3.28079242e-08  2.35642200e-08  3.28079242e-08  3.59999999e+00 
 3.28279242e-08  2.35642204e-08  3.28279242e-08  3.59999999e+00 
 3.28479242e-08  2.35642204e-08  3.28479242e-08  3.59999999e+00 
 3.28679242e-08  2.35642197e-08  3.28679242e-08  3.59999999e+00 
 3.28879242e-08  2.35642192e-08  3.28879242e-08  3.59999999e+00 
 3.29079242e-08  2.35642192e-08  3.29079242e-08  3.59999999e+00 
 3.29279242e-08  2.35642197e-08  3.29279242e-08  3.59999999e+00 
 3.29479242e-08  2.35642198e-08  3.29479242e-08  3.59999999e+00 
 3.29679242e-08  2.35642197e-08  3.29679242e-08  3.59999999e+00 
 3.29879242e-08  2.35642206e-08  3.29879242e-08  3.59999999e+00 
 3.30079242e-08  2.35642211e-08  3.30079242e-08  3.59999999e+00 
 3.30279242e-08  2.35642215e-08  3.30279242e-08  3.59999999e+00 
 3.30479242e-08  2.35642213e-08  3.30479242e-08  3.59999999e+00 
 3.30679242e-08  2.35642209e-08  3.30679242e-08  3.59999999e+00 
 3.30879242e-08  2.35642212e-08  3.30879242e-08  3.59999999e+00 
 3.31079242e-08  2.35642212e-08  3.31079242e-08  3.59999999e+00 
 3.31279242e-08  2.35642213e-08  3.31279242e-08  3.59999999e+00 
 3.31479242e-08  2.35642211e-08  3.31479242e-08  3.59999999e+00 
 3.31679242e-08  2.35642200e-08  3.31679242e-08  3.59999999e+00 
 3.31879242e-08  2.35642186e-08  3.31879242e-08  3.59999999e+00 
 3.32079242e-08  2.35642187e-08  3.32079242e-08  3.59999999e+00 
 3.32279242e-08  2.35642198e-08  3.32279242e-08  3.59999999e+00 
 3.32479242e-08  2.35642208e-08  3.32479242e-08  3.59999999e+00 
 3.32679242e-08  2.35642207e-08  3.32679242e-08  3.59999999e+00 
 3.32879242e-08  2.35642204e-08  3.32879242e-08  3.59999999e+00 
 3.33079242e-08  2.35642198e-08  3.33079242e-08  3.59999999e+00 
 3.33279242e-08  2.35642194e-08  3.33279242e-08  3.59999999e+00 
 3.33479242e-08  2.35642200e-08  3.33479242e-08  3.59999999e+00 
 3.33679242e-08  2.35642203e-08  3.33679242e-08  3.59999999e+00 
 3.33879242e-08  2.35642203e-08  3.33879242e-08  3.59999999e+00 
 3.34079242e-08  2.35642203e-08  3.34079242e-08  3.59999999e+00 
 3.34279242e-08  2.35642202e-08  3.34279242e-08  3.59999999e+00 
 3.34479242e-08  2.35642197e-08  3.34479242e-08  3.59999999e+00 
 3.34679242e-08  2.35642200e-08  3.34679242e-08  3.59999999e+00 
 3.34879242e-08  2.35642202e-08  3.34879242e-08  3.59999999e+00 
 3.35079242e-08  2.35642199e-08  3.35079242e-08  3.59999999e+00 
 3.35279242e-08  2.35642195e-08  3.35279242e-08  3.59999999e+00 
 3.35479242e-08  2.35642193e-08  3.35479242e-08  3.59999999e+00 
 3.35679242e-08  2.35642193e-08  3.35679242e-08  3.59999999e+00 
 3.35879242e-08  2.35642191e-08  3.35879242e-08  3.59999999e+00 
 3.36079242e-08  2.35642192e-08  3.36079242e-08  3.59999999e+00 
 3.36279242e-08  2.35642192e-08  3.36279242e-08  3.59999999e+00 
 3.36479242e-08  2.35642193e-08  3.36479242e-08  3.59999999e+00 
 3.36679242e-08  2.35642198e-08  3.36679242e-08  3.59999999e+00 
 3.36879242e-08  2.35642199e-08  3.36879242e-08  3.59999999e+00 
 3.37079242e-08  2.35642203e-08  3.37079242e-08  3.59999999e+00 
 3.37279242e-08  2.35642208e-08  3.37279242e-08  3.59999999e+00 
 3.37479242e-08  2.35642206e-08  3.37479242e-08  3.59999999e+00 
 3.37679242e-08  2.35642204e-08  3.37679242e-08  3.59999999e+00 
 3.37879242e-08  2.35642205e-08  3.37879242e-08  3.59999999e+00 
 3.38079242e-08  2.35642207e-08  3.38079242e-08  3.59999999e+00 
 3.38279242e-08  2.35642208e-08  3.38279242e-08  3.59999999e+00 
 3.38479242e-08  2.35642208e-08  3.38479242e-08  3.59999999e+00 
 3.38679242e-08  2.35642205e-08  3.38679242e-08  3.59999999e+00 
 3.38879242e-08  2.35642198e-08  3.38879242e-08  3.59999999e+00 
 3.39079242e-08  2.35642196e-08  3.39079242e-08  3.59999999e+00 
 3.39279242e-08  2.35642196e-08  3.39279242e-08  3.59999999e+00 
 3.39479242e-08  2.35642202e-08  3.39479242e-08  3.59999999e+00 
 3.39679242e-08  2.35642207e-08  3.39679242e-08  3.59999999e+00 
 3.39879242e-08  2.35642209e-08  3.39879242e-08  3.59999999e+00 
 3.40079242e-08  2.35642210e-08  3.40079242e-08  3.59999999e+00 
 3.40279242e-08  2.35642208e-08  3.40279242e-08  3.59999999e+00 
 3.40479242e-08  2.35642211e-08  3.40479242e-08  3.59999999e+00 
 3.40679242e-08  2.35642215e-08  3.40679242e-08  3.59999999e+00 
 3.40879242e-08  2.35642215e-08  3.40879242e-08  3.59999999e+00 
 3.41079242e-08  2.35642214e-08  3.41079242e-08  3.59999999e+00 
 3.41279242e-08  2.35642211e-08  3.41279242e-08  3.59999999e+00 
 3.41479242e-08  2.35642209e-08  3.41479242e-08  3.59999999e+00 
 3.41679242e-08  2.35642204e-08  3.41679242e-08  3.59999999e+00 
 3.41879242e-08  2.35642204e-08  3.41879242e-08  3.59999999e+00 
 3.42079242e-08  2.35642200e-08  3.42079242e-08  3.59999999e+00 
 3.42279242e-08  2.35642194e-08  3.42279242e-08  3.59999999e+00 
 3.42479242e-08  2.35642195e-08  3.42479242e-08  3.59999999e+00 
 3.42679242e-08  2.35642195e-08  3.42679242e-08  3.59999999e+00 
 3.42879242e-08  2.35642195e-08  3.42879242e-08  3.59999999e+00 
 3.43079242e-08  2.35642187e-08  3.43079242e-08  3.59999999e+00 
 3.43279242e-08  2.35642183e-08  3.43279242e-08  3.59999999e+00 
 3.43479242e-08  2.35642189e-08  3.43479242e-08  3.59999999e+00 
 3.43679242e-08  2.35642187e-08  3.43679242e-08  3.59999999e+00 
 3.43879242e-08  2.35642182e-08  3.43879242e-08  3.59999999e+00 
 3.44079242e-08  2.35642191e-08  3.44079242e-08  3.59999999e+00 
 3.44279242e-08  2.35642201e-08  3.44279242e-08  3.59999999e+00 
 3.44479242e-08  2.35642196e-08  3.44479242e-08  3.59999999e+00 
 3.44679242e-08  2.35642189e-08  3.44679242e-08  3.59999999e+00 
 3.44879242e-08  2.35642192e-08  3.44879242e-08  3.59999999e+00 
 3.45079242e-08  2.35642194e-08  3.45079242e-08  3.59999999e+00 
 3.45279242e-08  2.35642195e-08  3.45279242e-08  3.59999999e+00 
 3.45479242e-08  2.35642199e-08  3.45479242e-08  3.59999999e+00 
 3.45679242e-08  2.35642206e-08  3.45679242e-08  3.59999999e+00 
 3.45879242e-08  2.35642204e-08  3.45879242e-08  3.59999999e+00 
 3.46079242e-08  2.35642201e-08  3.46079242e-08  3.59999999e+00 
 3.46279242e-08  2.35642198e-08  3.46279242e-08  3.59999999e+00 
 3.46479242e-08  2.35642198e-08  3.46479242e-08  3.59999999e+00 
 3.46679242e-08  2.35642202e-08  3.46679242e-08  3.59999999e+00 
 3.46879242e-08  2.35642204e-08  3.46879242e-08  3.59999999e+00 
 3.47079242e-08  2.35642205e-08  3.47079242e-08  3.59999999e+00 
 3.47279242e-08  2.35642205e-08  3.47279242e-08  3.59999999e+00 
 3.47479242e-08  2.35642209e-08  3.47479242e-08  3.59999999e+00 
 3.47679242e-08  2.35642209e-08  3.47679242e-08  3.59999999e+00 
 3.47879242e-08  2.35642204e-08  3.47879242e-08  3.59999999e+00 
 3.48079242e-08  2.35642206e-08  3.48079242e-08  3.59999999e+00 
 3.48279242e-08  2.35642209e-08  3.48279242e-08  3.59999999e+00 
 3.48479242e-08  2.35642204e-08  3.48479242e-08  3.59999999e+00 
 3.48679242e-08  2.35642204e-08  3.48679242e-08  3.59999999e+00 
 3.48879242e-08  2.35642206e-08  3.48879242e-08  3.59999999e+00 
 3.49079242e-08  2.35642203e-08  3.49079242e-08  3.59999999e+00 
 3.49279242e-08  2.35642205e-08  3.49279242e-08  3.59999999e+00 
 3.49479242e-08  2.35642199e-08  3.49479242e-08  3.59999999e+00 
 3.49679242e-08  2.35642195e-08  3.49679242e-08  3.59999999e+00 
 3.49879242e-08  2.35642196e-08  3.49879242e-08  3.59999999e+00 
 3.50079242e-08  2.35642194e-08  3.50079242e-08  3.59999999e+00 
 3.50279242e-08  2.35642194e-08  3.50279242e-08  3.59999999e+00 
 3.50479242e-08  2.35642194e-08  3.50479242e-08  3.59999999e+00 
 3.50679242e-08  2.35642194e-08  3.50679242e-08  3.59999999e+00 
 3.50879242e-08  2.35642204e-08  3.50879242e-08  3.59999999e+00 
 3.51079242e-08  2.35642209e-08  3.51079242e-08  3.59999999e+00 
 3.51279242e-08  2.35642207e-08  3.51279242e-08  3.59999999e+00 
 3.51479242e-08  2.35642210e-08  3.51479242e-08  3.59999999e+00 
 3.51679242e-08  2.35642208e-08  3.51679242e-08  3.59999999e+00 
 3.51879242e-08  2.35642205e-08  3.51879242e-08  3.59999999e+00 
 3.52079242e-08  2.35642202e-08  3.52079242e-08  3.59999999e+00 
 3.52279242e-08  2.35642204e-08  3.52279242e-08  3.59999999e+00 
 3.52479242e-08  2.35642196e-08  3.52479242e-08  3.59999999e+00 
 3.52679242e-08  2.35642194e-08  3.52679242e-08  3.59999999e+00 
 3.52879242e-08  2.35642192e-08  3.52879242e-08  3.59999999e+00 
 3.53079242e-08  2.35642189e-08  3.53079242e-08  3.59999999e+00 
 3.53279242e-08  2.35642188e-08  3.53279242e-08  3.59999999e+00 
 3.53479242e-08  2.35642190e-08  3.53479242e-08  3.59999999e+00 
 3.53679242e-08  2.35642192e-08  3.53679242e-08  3.59999999e+00 
 3.53879242e-08  2.35642194e-08  3.53879242e-08  3.59999999e+00 
 3.54079242e-08  2.35642194e-08  3.54079242e-08  3.59999999e+00 
 3.54279242e-08  2.35642198e-08  3.54279242e-08  3.59999999e+00 
 3.54479242e-08  2.35642201e-08  3.54479242e-08  3.59999999e+00 
 3.54679242e-08  2.35642199e-08  3.54679242e-08  3.59999999e+00 
 3.54879242e-08  2.35642199e-08  3.54879242e-08  3.59999999e+00 
 3.55079242e-08  2.35642208e-08  3.55079242e-08  3.59999999e+00 
 3.55279242e-08  2.35642216e-08  3.55279242e-08  3.59999999e+00 
 3.55479242e-08  2.35642218e-08  3.55479242e-08  3.59999999e+00 
 3.55679242e-08  2.35642215e-08  3.55679242e-08  3.59999999e+00 
 3.55879242e-08  2.35642208e-08  3.55879242e-08  3.59999999e+00 
 3.56079242e-08  2.35642200e-08  3.56079242e-08  3.59999999e+00 
 3.56279242e-08  2.35642195e-08  3.56279242e-08  3.59999999e+00 
 3.56479242e-08  2.35642191e-08  3.56479242e-08  3.59999999e+00 
 3.56679242e-08  2.35642195e-08  3.56679242e-08  3.59999999e+00 
 3.56879242e-08  2.35642199e-08  3.56879242e-08  3.59999999e+00 
 3.57079242e-08  2.35642202e-08  3.57079242e-08  3.59999999e+00 
 3.57279242e-08  2.35642204e-08  3.57279242e-08  3.59999999e+00 
 3.57479242e-08  2.35642197e-08  3.57479242e-08  3.59999999e+00 
 3.57679242e-08  2.35642200e-08  3.57679242e-08  3.59999999e+00 
 3.57879242e-08  2.35642197e-08  3.57879242e-08  3.59999999e+00 
 3.58079242e-08  2.35642193e-08  3.58079242e-08  3.59999999e+00 
 3.58279242e-08  2.35642193e-08  3.58279242e-08  3.59999999e+00 
 3.58479242e-08  2.35642194e-08  3.58479242e-08  3.59999999e+00 
 3.58679242e-08  2.35642195e-08  3.58679242e-08  3.59999999e+00 
 3.58879242e-08  2.35642196e-08  3.58879242e-08  3.59999999e+00 
 3.59079242e-08  2.35642199e-08  3.59079242e-08  3.59999999e+00 
 3.59279242e-08  2.35642206e-08  3.59279242e-08  3.59999999e+00 
 3.59479242e-08  2.35642207e-08  3.59479242e-08  3.59999999e+00 
 3.59679242e-08  2.35642210e-08  3.59679242e-08  3.59999999e+00 
 3.59879242e-08  2.35642208e-08  3.59879242e-08  3.59999999e+00 
 3.60079242e-08  2.35642203e-08  3.60079242e-08  3.59999999e+00 
 3.60279242e-08  2.35642202e-08  3.60279242e-08  3.59999999e+00 
 3.60479242e-08  2.35642202e-08  3.60479242e-08  3.59999999e+00 
 3.60679242e-08  2.35642200e-08  3.60679242e-08  3.59999999e+00 
 3.60879242e-08  2.35642197e-08  3.60879242e-08  3.59999999e+00 
 3.61079242e-08  2.35642196e-08  3.61079242e-08  3.59999999e+00 
 3.61279242e-08  2.35642198e-08  3.61279242e-08  3.59999999e+00 
 3.61479242e-08  2.35642205e-08  3.61479242e-08  3.59999999e+00 
 3.61679242e-08  2.35642207e-08  3.61679242e-08  3.59999999e+00 
 3.61879242e-08  2.35642206e-08  3.61879242e-08  3.59999999e+00 
 3.62079242e-08  2.35642202e-08  3.62079242e-08  3.59999999e+00 
 3.62279242e-08  2.35642197e-08  3.62279242e-08  3.59999999e+00 
 3.62479242e-08  2.35642193e-08  3.62479242e-08  3.59999999e+00 
 3.62679242e-08  2.35642197e-08  3.62679242e-08  3.59999999e+00 
 3.62879242e-08  2.35642198e-08  3.62879242e-08  3.59999999e+00 
 3.63079242e-08  2.35642202e-08  3.63079242e-08  3.59999999e+00 
 3.63279242e-08  2.35642203e-08  3.63279242e-08  3.59999999e+00 
 3.63479242e-08  2.35642200e-08  3.63479242e-08  3.59999999e+00 
 3.63679242e-08  2.35642199e-08  3.63679242e-08  3.59999999e+00 
 3.63879242e-08  2.35642199e-08  3.63879242e-08  3.59999999e+00 
 3.64079242e-08  2.35642203e-08  3.64079242e-08  3.59999999e+00 
 3.64279242e-08  2.35642204e-08  3.64279242e-08  3.59999999e+00 
 3.64479242e-08  2.35642202e-08  3.64479242e-08  3.59999999e+00 
 3.64679242e-08  2.35642200e-08  3.64679242e-08  3.59999999e+00 
 3.64879242e-08  2.35642201e-08  3.64879242e-08  3.59999999e+00 
 3.65079242e-08  2.35642200e-08  3.65079242e-08  3.59999999e+00 
 3.65279242e-08  2.35642207e-08  3.65279242e-08  3.59999999e+00 
 3.65479242e-08  2.35642216e-08  3.65479242e-08  3.59999999e+00 
 3.65679242e-08  2.35642218e-08  3.65679242e-08  3.59999999e+00 
 3.65879242e-08  2.35642215e-08  3.65879242e-08  3.59999999e+00 
 3.66079242e-08  2.35642215e-08  3.66079242e-08  3.59999999e+00 
 3.66279242e-08  2.35642218e-08  3.66279242e-08  3.59999999e+00 
 3.66479242e-08  2.35642217e-08  3.66479242e-08  3.59999999e+00 
 3.66679242e-08  2.35642210e-08  3.66679242e-08  3.59999999e+00 
 3.66879242e-08  2.35642202e-08  3.66879242e-08  3.59999999e+00 
 3.67079242e-08  2.35642205e-08  3.67079242e-08  3.59999999e+00 
 3.67279242e-08  2.35642202e-08  3.67279242e-08  3.59999999e+00 
 3.67479242e-08  2.35642202e-08  3.67479242e-08  3.59999999e+00 
 3.67679242e-08  2.35642206e-08  3.67679242e-08  3.59999999e+00 
 3.67879242e-08  2.35642203e-08  3.67879242e-08  3.59999999e+00 
 3.68079242e-08  2.35642203e-08  3.68079242e-08  3.59999999e+00 
 3.68279242e-08  2.35642205e-08  3.68279242e-08  3.59999999e+00 
 3.68479242e-08  2.35642200e-08  3.68479242e-08  3.59999999e+00 
 3.68679242e-08  2.35642205e-08  3.68679242e-08  3.59999999e+00 
 3.68879242e-08  2.35642204e-08  3.68879242e-08  3.59999999e+00 
 3.69079242e-08  2.35642205e-08  3.69079242e-08  3.59999999e+00 
 3.69279242e-08  2.35642198e-08  3.69279242e-08  3.59999999e+00 
 3.69479242e-08  2.35642194e-08  3.69479242e-08  3.59999999e+00 
 3.69679242e-08  2.35642191e-08  3.69679242e-08  3.59999999e+00 
 3.69879242e-08  2.35642192e-08  3.69879242e-08  3.59999999e+00 
 3.70079242e-08  2.35642188e-08  3.70079242e-08  3.59999999e+00 
 3.70279242e-08  2.35642188e-08  3.70279242e-08  3.59999999e+00 
 3.70479242e-08  2.35642193e-08  3.70479242e-08  3.59999999e+00 
 3.70679242e-08  2.35642194e-08  3.70679242e-08  3.59999999e+00 
 3.70879242e-08  2.35642196e-08  3.70879242e-08  3.59999999e+00 
 3.71079242e-08  2.35642198e-08  3.71079242e-08  3.59999999e+00 
 3.71279242e-08  2.35642198e-08  3.71279242e-08  3.59999999e+00 
 3.71479242e-08  2.35642198e-08  3.71479242e-08  3.59999999e+00 
 3.71679242e-08  2.35642200e-08  3.71679242e-08  3.59999999e+00 
 3.71879242e-08  2.35642205e-08  3.71879242e-08  3.59999999e+00 
 3.72079242e-08  2.35642200e-08  3.72079242e-08  3.59999999e+00 
 3.72279242e-08  2.35642199e-08  3.72279242e-08  3.59999999e+00 
 3.72479242e-08  2.35642202e-08  3.72479242e-08  3.59999999e+00 
 3.72679242e-08  2.35642203e-08  3.72679242e-08  3.59999999e+00 
 3.72879242e-08  2.35642195e-08  3.72879242e-08  3.59999999e+00 
 3.73079242e-08  2.35642193e-08  3.73079242e-08  3.59999999e+00 
 3.73279242e-08  2.35642196e-08  3.73279242e-08  3.59999999e+00 
 3.73479242e-08  2.35642198e-08  3.73479242e-08  3.59999999e+00 
 3.73679242e-08  2.35642195e-08  3.73679242e-08  3.59999999e+00 
 3.73879242e-08  2.35642193e-08  3.73879242e-08  3.59999999e+00 
 3.74079242e-08  2.35642201e-08  3.74079242e-08  3.59999999e+00 
 3.74279242e-08  2.35642205e-08  3.74279242e-08  3.59999999e+00 
 3.74479242e-08  2.35642201e-08  3.74479242e-08  3.59999999e+00 
 3.74679242e-08  2.35642200e-08  3.74679242e-08  3.59999999e+00 
 3.74879242e-08  2.35642196e-08  3.74879242e-08  3.59999999e+00 
 3.75079242e-08  2.35642194e-08  3.75079242e-08  3.59999999e+00 
 3.75279242e-08  2.35642194e-08  3.75279242e-08  3.59999999e+00 
 3.75479242e-08  2.35642193e-08  3.75479242e-08  3.59999999e+00 
 3.75679242e-08  2.35642197e-08  3.75679242e-08  3.59999999e+00 
 3.75879242e-08  2.35642196e-08  3.75879242e-08  3.59999999e+00 
 3.76079242e-08  2.35642194e-08  3.76079242e-08  3.59999999e+00 
 3.76279242e-08  2.35642195e-08  3.76279242e-08  3.59999999e+00 
 3.76479242e-08  2.35642196e-08  3.76479242e-08  3.59999999e+00 
 3.76679242e-08  2.35642194e-08  3.76679242e-08  3.59999999e+00 
 3.76879242e-08  2.35642190e-08  3.76879242e-08  3.59999999e+00 
 3.77079242e-08  2.35642193e-08  3.77079242e-08  3.59999999e+00 
 3.77279242e-08  2.35642195e-08  3.77279242e-08  3.59999999e+00 
 3.77479242e-08  2.35642194e-08  3.77479242e-08  3.59999999e+00 
 3.77679242e-08  2.35642197e-08  3.77679242e-08  3.59999999e+00 
 3.77879242e-08  2.35642191e-08  3.77879242e-08  3.59999999e+00 
 3.78079242e-08  2.35642188e-08  3.78079242e-08  3.59999999e+00 
 3.78279242e-08  2.35642196e-08  3.78279242e-08  3.59999999e+00 
 3.78479242e-08  2.35642201e-08  3.78479242e-08  3.59999999e+00 
 3.78679242e-08  2.35642201e-08  3.78679242e-08  3.59999999e+00 
 3.78879242e-08  2.35642202e-08  3.78879242e-08  3.59999999e+00 
 3.79079242e-08  2.35642203e-08  3.79079242e-08  3.59999999e+00 
 3.79279242e-08  2.35642207e-08  3.79279242e-08  3.59999999e+00 
 3.79479242e-08  2.35642211e-08  3.79479242e-08  3.59999999e+00 
 3.79679242e-08  2.35642210e-08  3.79679242e-08  3.59999999e+00 
 3.79879242e-08  2.35642208e-08  3.79879242e-08  3.59999999e+00 
 3.80079242e-08  2.35642202e-08  3.80079242e-08  3.59999999e+00 
 3.80279242e-08  2.35642197e-08  3.80279242e-08  3.59999999e+00 
 3.80479242e-08  2.35642194e-08  3.80479242e-08  3.59999999e+00 
 3.80679242e-08  2.35642190e-08  3.80679242e-08  3.59999999e+00 
 3.80879242e-08  2.35642191e-08  3.80879242e-08  3.59999999e+00 
 3.81079242e-08  2.35642194e-08  3.81079242e-08  3.59999999e+00 
 3.81279242e-08  2.35642204e-08  3.81279242e-08  3.59999999e+00 
 3.81479242e-08  2.35642210e-08  3.81479242e-08  3.59999999e+00 
 3.81679242e-08  2.35642211e-08  3.81679242e-08  3.59999999e+00 
 3.81879242e-08  2.35642213e-08  3.81879242e-08  3.59999999e+00 
 3.82079242e-08  2.35642211e-08  3.82079242e-08  3.59999999e+00 
 3.82279242e-08  2.35642213e-08  3.82279242e-08  3.59999999e+00 
 3.82479242e-08  2.35642216e-08  3.82479242e-08  3.59999999e+00 
 3.82679242e-08  2.35642215e-08  3.82679242e-08  3.59999999e+00 
 3.82879242e-08  2.35642210e-08  3.82879242e-08  3.59999999e+00 
 3.83079242e-08  2.35642205e-08  3.83079242e-08  3.59999999e+00 
 3.83279242e-08  2.35642202e-08  3.83279242e-08  3.59999999e+00 
 3.83479242e-08  2.35642206e-08  3.83479242e-08  3.59999999e+00 
 3.83679242e-08  2.35642211e-08  3.83679242e-08  3.59999999e+00 
 3.83879242e-08  2.35642211e-08  3.83879242e-08  3.59999999e+00 
 3.84079242e-08  2.35642207e-08  3.84079242e-08  3.59999999e+00 
 3.84279242e-08  2.35642208e-08  3.84279242e-08  3.59999999e+00 
 3.84479242e-08  2.35642209e-08  3.84479242e-08  3.59999999e+00 
 3.84679242e-08  2.35642210e-08  3.84679242e-08  3.59999999e+00 
 3.84879242e-08  2.35642208e-08  3.84879242e-08  3.59999999e+00 
 3.85079242e-08  2.35642209e-08  3.85079242e-08  3.59999999e+00 
 3.85279242e-08  2.35642201e-08  3.85279242e-08  3.59999999e+00 
 3.85479242e-08  2.35642195e-08  3.85479242e-08  3.59999999e+00 
 3.85679242e-08  2.35642188e-08  3.85679242e-08  3.59999999e+00 
 3.85879242e-08  2.35642193e-08  3.85879242e-08  3.59999999e+00 
 3.86079242e-08  2.35642192e-08  3.86079242e-08  3.59999999e+00 
 3.86279242e-08  2.35642191e-08  3.86279242e-08  3.59999999e+00 
 3.86479242e-08  2.35642193e-08  3.86479242e-08  3.59999999e+00 
 3.86679242e-08  2.35642192e-08  3.86679242e-08  3.59999999e+00 
 3.86879242e-08  2.35642190e-08  3.86879242e-08  3.59999999e+00 
 3.87079242e-08  2.35642193e-08  3.87079242e-08  3.59999999e+00 
 3.87279242e-08  2.35642195e-08  3.87279242e-08  3.59999999e+00 
 3.87479242e-08  2.35642191e-08  3.87479242e-08  3.59999999e+00 
 3.87679242e-08  2.35642184e-08  3.87679242e-08  3.59999999e+00 
 3.87879242e-08  2.35642183e-08  3.87879242e-08  3.59999999e+00 
 3.88079242e-08  2.35642183e-08  3.88079242e-08  3.59999999e+00 
 3.88279242e-08  2.35642184e-08  3.88279242e-08  3.59999999e+00 
 3.88479242e-08  2.35642185e-08  3.88479242e-08  3.59999999e+00 
 3.88679242e-08  2.35642189e-08  3.88679242e-08  3.59999999e+00 
 3.88879242e-08  2.35642195e-08  3.88879242e-08  3.59999999e+00 
 3.89079242e-08  2.35642198e-08  3.89079242e-08  3.59999999e+00 
 3.89279242e-08  2.35642198e-08  3.89279242e-08  3.59999999e+00 
 3.89479242e-08  2.35642195e-08  3.89479242e-08  3.59999999e+00 
 3.89679242e-08  2.35642195e-08  3.89679242e-08  3.59999999e+00 
 3.89879242e-08  2.35642196e-08  3.89879242e-08  3.59999999e+00 
 3.90079242e-08  2.35642198e-08  3.90079242e-08  3.59999999e+00 
 3.90279242e-08  2.35642199e-08  3.90279242e-08  3.59999999e+00 
 3.90479242e-08  2.35642189e-08  3.90479242e-08  3.59999999e+00 
 3.90679242e-08  2.35642186e-08  3.90679242e-08  3.59999999e+00 
 3.90879242e-08  2.35642183e-08  3.90879242e-08  3.59999999e+00 
 3.91079242e-08  2.35642183e-08  3.91079242e-08  3.59999999e+00 
 3.91279242e-08  2.35642181e-08  3.91279242e-08  3.59999999e+00 
 3.91479242e-08  2.35642178e-08  3.91479242e-08  3.59999999e+00 
 3.91679242e-08  2.35642177e-08  3.91679242e-08  3.59999999e+00 
 3.91879242e-08  2.35642177e-08  3.91879242e-08  3.59999999e+00 
 3.92079242e-08  2.35642179e-08  3.92079242e-08  3.59999999e+00 
 3.92279242e-08  2.35642183e-08  3.92279242e-08  3.59999999e+00 
 3.92479242e-08  2.35642185e-08  3.92479242e-08  3.59999999e+00 
 3.92679242e-08  2.35642191e-08  3.92679242e-08  3.59999999e+00 
 3.92879242e-08  2.35642192e-08  3.92879242e-08  3.59999999e+00 
 3.93079242e-08  2.35642186e-08  3.93079242e-08  3.59999999e+00 
 3.93279242e-08  2.35642182e-08  3.93279242e-08  3.59999999e+00 
 3.93479242e-08  2.35642185e-08  3.93479242e-08  3.59999999e+00 
 3.93679242e-08  2.35642184e-08  3.93679242e-08  3.59999999e+00 
 3.93879242e-08  2.35642178e-08  3.93879242e-08  3.59999999e+00 
 3.94079242e-08  2.35642179e-08  3.94079242e-08  3.59999999e+00 
 3.94279242e-08  2.35642188e-08  3.94279242e-08  3.59999999e+00 
 3.94479242e-08  2.35642188e-08  3.94479242e-08  3.59999999e+00 
 3.94679242e-08  2.35642191e-08  3.94679242e-08  3.59999999e+00 
 3.94879242e-08  2.35642181e-08  3.94879242e-08  3.59999999e+00 
 3.95079242e-08  2.35642184e-08  3.95079242e-08  3.59999999e+00 
 3.95279242e-08  2.35642196e-08  3.95279242e-08  3.59999999e+00 
 3.95479242e-08  2.35642201e-08  3.95479242e-08  3.59999999e+00 
 3.95679242e-08  2.35642205e-08  3.95679242e-08  3.59999999e+00 
 3.95879242e-08  2.35642200e-08  3.95879242e-08  3.59999999e+00 
 3.96079242e-08  2.35642191e-08  3.96079242e-08  3.59999999e+00 
 3.96279242e-08  2.35642191e-08  3.96279242e-08  3.59999999e+00 
 3.96479242e-08  2.35642189e-08  3.96479242e-08  3.59999999e+00 
 3.96679242e-08  2.35642183e-08  3.96679242e-08  3.59999999e+00 
 3.96879242e-08  2.35642181e-08  3.96879242e-08  3.59999999e+00 
 3.97079242e-08  2.35642187e-08  3.97079242e-08  3.59999999e+00 
 3.97279242e-08  2.35642183e-08  3.97279242e-08  3.59999999e+00 
 3.97479242e-08  2.35642177e-08  3.97479242e-08  3.59999999e+00 
 3.97679242e-08  2.35642179e-08  3.97679242e-08  3.59999999e+00 
 3.97879242e-08  2.35642185e-08  3.97879242e-08  3.59999999e+00 
 3.98079242e-08  2.35642185e-08  3.98079242e-08  3.59999999e+00 
 3.98279242e-08  2.35642185e-08  3.98279242e-08  3.59999999e+00 
 3.98479242e-08  2.35642188e-08  3.98479242e-08  3.59999999e+00 
 3.98679242e-08  2.35642195e-08  3.98679242e-08  3.59999999e+00 
 3.98879242e-08  2.35642195e-08  3.98879242e-08  3.59999999e+00 
 3.99079242e-08  2.35642197e-08  3.99079242e-08  3.59999999e+00 
 3.99279242e-08  2.35642197e-08  3.99279242e-08  3.59999999e+00 
 3.99479242e-08  2.35642199e-08  3.99479242e-08  3.59999999e+00 
 3.99679242e-08  2.35642195e-08  3.99679242e-08  3.59999999e+00 
 3.99879242e-08  2.35642192e-08  3.99879242e-08  3.59999999e+00 
 4.00079242e-08  2.35642194e-08  4.00079242e-08  3.59999999e+00 
 4.00279242e-08  2.35642195e-08  4.00279242e-08  3.59999999e+00 
 4.00479242e-08  2.35642196e-08  4.00479242e-08  3.59999999e+00 
 4.00679242e-08  2.35642199e-08  4.00679242e-08  3.59999999e+00 
 4.00879242e-08  2.35642197e-08  4.00879242e-08  3.59999999e+00 
 4.01079242e-08  2.35642187e-08  4.01079242e-08  3.59999999e+00 
 4.01279242e-08  2.35642189e-08  4.01279242e-08  3.59999999e+00 
 4.01479242e-08  2.35642189e-08  4.01479242e-08  3.59999999e+00 
 4.01679242e-08  2.35642185e-08  4.01679242e-08  3.59999999e+00 
 4.01879242e-08  2.35642184e-08  4.01879242e-08  3.59999999e+00 
 4.02079242e-08  2.35642187e-08  4.02079242e-08  3.59999999e+00 
 4.02279242e-08  2.35642183e-08  4.02279242e-08  3.59999999e+00 
 4.02479242e-08  2.35642187e-08  4.02479242e-08  3.59999999e+00 
 4.02679242e-08  2.35642194e-08  4.02679242e-08  3.59999999e+00 
 4.02879242e-08  2.35642200e-08  4.02879242e-08  3.59999999e+00 
 4.03079242e-08  2.35642196e-08  4.03079242e-08  3.59999999e+00 
 4.03279242e-08  2.35642191e-08  4.03279242e-08  3.59999999e+00 
 4.03479242e-08  2.35642191e-08  4.03479242e-08  3.59999999e+00 
 4.03679242e-08  2.35642193e-08  4.03679242e-08  3.59999999e+00 
 4.03879242e-08  2.35642197e-08  4.03879242e-08  3.59999999e+00 
 4.04079242e-08  2.35642202e-08  4.04079242e-08  3.59999999e+00 
 4.04279242e-08  2.35642206e-08  4.04279242e-08  3.59999999e+00 
 4.04479242e-08  2.35642212e-08  4.04479242e-08  3.59999999e+00 
 4.04679242e-08  2.35642213e-08  4.04679242e-08  3.59999999e+00 
 4.04879242e-08  2.35642212e-08  4.04879242e-08  3.59999999e+00 
 4.05079242e-08  2.35642210e-08  4.05079242e-08  3.59999999e+00 
 4.05279242e-08  2.35642210e-08  4.05279242e-08  3.59999999e+00 
 4.05479242e-08  2.35642212e-08  4.05479242e-08  3.59999999e+00 
 4.05679242e-08  2.35642207e-08  4.05679242e-08  3.59999999e+00 
 4.05879242e-08  2.35642209e-08  4.05879242e-08  3.59999999e+00 
 4.06079242e-08  2.35642212e-08  4.06079242e-08  3.59999999e+00 
 4.06279242e-08  2.35642207e-08  4.06279242e-08  3.59999999e+00 
 4.06479242e-08  2.35642210e-08  4.06479242e-08  3.59999999e+00 
 4.06679242e-08  2.35642208e-08  4.06679242e-08  3.59999999e+00 
 4.06879242e-08  2.35642203e-08  4.06879242e-08  3.59999999e+00 
 4.07079242e-08  2.35642196e-08  4.07079242e-08  3.59999999e+00 
 4.07279242e-08  2.35642192e-08  4.07279242e-08  3.59999999e+00 
 4.07479242e-08  2.35642192e-08  4.07479242e-08  3.59999999e+00 
 4.07679242e-08  2.35642195e-08  4.07679242e-08  3.59999999e+00 
 4.07879242e-08  2.35642194e-08  4.07879242e-08  3.59999999e+00 
 4.08079242e-08  2.35642190e-08  4.08079242e-08  3.59999999e+00 
 4.08279242e-08  2.35642190e-08  4.08279242e-08  3.59999999e+00 
 4.08479242e-08  2.35642190e-08  4.08479242e-08  3.59999999e+00 
 4.08679242e-08  2.35642187e-08  4.08679242e-08  3.59999999e+00 
 4.08879242e-08  2.35642188e-08  4.08879242e-08  3.59999999e+00 
 4.09079242e-08  2.35642184e-08  4.09079242e-08  3.59999999e+00 
 4.09279242e-08  2.35642184e-08  4.09279242e-08  3.59999999e+00 
 4.09479242e-08  2.35642190e-08  4.09479242e-08  3.59999999e+00 
 4.09679242e-08  2.35642195e-08  4.09679242e-08  3.59999999e+00 
 4.09879242e-08  2.35642204e-08  4.09879242e-08  3.59999999e+00 
 4.10079242e-08  2.35642205e-08  4.10079242e-08  3.59999999e+00 
 4.10279242e-08  2.35642203e-08  4.10279242e-08  3.59999999e+00 
 4.10479242e-08  2.35642202e-08  4.10479242e-08  3.59999999e+00 
 4.10679242e-08  2.35642204e-08  4.10679242e-08  3.59999999e+00 
 4.10879242e-08  2.35642205e-08  4.10879242e-08  3.59999999e+00 
 4.11079242e-08  2.35642204e-08  4.11079242e-08  3.59999999e+00 
 4.11279242e-08  2.35642206e-08  4.11279242e-08  3.59999999e+00 
 4.11479242e-08  2.35642212e-08  4.11479242e-08  3.59999999e+00 
 4.11679242e-08  2.35642217e-08  4.11679242e-08  3.59999999e+00 
 4.11879242e-08  2.35642220e-08  4.11879242e-08  3.59999999e+00 
 4.12079242e-08  2.35642220e-08  4.12079242e-08  3.59999999e+00 
 4.12279242e-08  2.35642216e-08  4.12279242e-08  3.59999999e+00 
 4.12479242e-08  2.35642218e-08  4.12479242e-08  3.59999999e+00 
 4.12679242e-08  2.35642219e-08  4.12679242e-08  3.59999999e+00 
 4.12879242e-08  2.35642210e-08  4.12879242e-08  3.59999999e+00 
 4.13079242e-08  2.35642205e-08  4.13079242e-08  3.59999999e+00 
 4.13279242e-08  2.35642207e-08  4.13279242e-08  3.59999999e+00 
 4.13479242e-08  2.35642208e-08  4.13479242e-08  3.59999999e+00 
 4.13679242e-08  2.35642205e-08  4.13679242e-08  3.59999999e+00 
 4.13879242e-08  2.35642203e-08  4.13879242e-08  3.59999999e+00 
 4.14079242e-08  2.35642207e-08  4.14079242e-08  3.59999999e+00 
 4.14279242e-08  2.35642209e-08  4.14279242e-08  3.59999999e+00 
 4.14479242e-08  2.35642211e-08  4.14479242e-08  3.59999999e+00 
 4.14679242e-08  2.35642212e-08  4.14679242e-08  3.59999999e+00 
 4.14879242e-08  2.35642211e-08  4.14879242e-08  3.59999999e+00 
 4.15079242e-08  2.35642214e-08  4.15079242e-08  3.59999999e+00 
 4.15279242e-08  2.35642214e-08  4.15279242e-08  3.59999999e+00 
 4.15479242e-08  2.35642206e-08  4.15479242e-08  3.59999999e+00 
 4.15679242e-08  2.35642205e-08  4.15679242e-08  3.59999999e+00 
 4.15879242e-08  2.35642210e-08  4.15879242e-08  3.59999999e+00 
 4.16079242e-08  2.35642210e-08  4.16079242e-08  3.59999999e+00 
 4.16279242e-08  2.35642210e-08  4.16279242e-08  3.59999999e+00 
 4.16479242e-08  2.35642211e-08  4.16479242e-08  3.59999999e+00 
 4.16679242e-08  2.35642210e-08  4.16679242e-08  3.59999999e+00 
 4.16879242e-08  2.35642209e-08  4.16879242e-08  3.59999999e+00 
 4.17079242e-08  2.35642208e-08  4.17079242e-08  3.59999999e+00 
 4.17279242e-08  2.35642205e-08  4.17279242e-08  3.59999999e+00 
 4.17479242e-08  2.35642204e-08  4.17479242e-08  3.59999999e+00 
 4.17679242e-08  2.35642207e-08  4.17679242e-08  3.59999999e+00 
 4.17879242e-08  2.35642207e-08  4.17879242e-08  3.59999999e+00 
 4.18079242e-08  2.35642206e-08  4.18079242e-08  3.59999999e+00 
 4.18279242e-08  2.35642206e-08  4.18279242e-08  3.59999999e+00 
 4.18479242e-08  2.35642206e-08  4.18479242e-08  3.59999999e+00 
 4.18679242e-08  2.35642202e-08  4.18679242e-08  3.59999999e+00 
 4.18879242e-08  2.35642202e-08  4.18879242e-08  3.59999999e+00 
 4.19079242e-08  2.35642203e-08  4.19079242e-08  3.59999999e+00 
 4.19279242e-08  2.35642201e-08  4.19279242e-08  3.59999999e+00 
 4.19479242e-08  2.35642199e-08  4.19479242e-08  3.59999999e+00 
 4.19679242e-08  2.35642199e-08  4.19679242e-08  3.59999999e+00 
 4.19879242e-08  2.35642199e-08  4.19879242e-08  3.59999999e+00 
 4.20079242e-08  2.35642202e-08  4.20079242e-08  3.59999999e+00 
 4.20279242e-08  2.35642199e-08  4.20279242e-08  3.59999999e+00 
 4.20479242e-08  2.35642198e-08  4.20479242e-08  3.59999999e+00 
 4.20679242e-08  2.35642197e-08  4.20679242e-08  3.59999999e+00 
 4.20879242e-08  2.35642198e-08  4.20879242e-08  3.59999999e+00 
 4.21079242e-08  2.35642202e-08  4.21079242e-08  3.59999999e+00 
 4.21279242e-08  2.35642201e-08  4.21279242e-08  3.59999999e+00 
 4.21479242e-08  2.35642209e-08  4.21479242e-08  3.59999999e+00 
 4.21679242e-08  2.35642210e-08  4.21679242e-08  3.59999999e+00 
 4.21879242e-08  2.35642201e-08  4.21879242e-08  3.59999999e+00 
 4.22079242e-08  2.35642198e-08  4.22079242e-08  3.59999999e+00 
 4.22279242e-08  2.35642195e-08  4.22279242e-08  3.59999999e+00 
 4.22479242e-08  2.35642192e-08  4.22479242e-08  3.59999999e+00 
 4.22679242e-08  2.35642197e-08  4.22679242e-08  3.59999999e+00 
 4.22879242e-08  2.35642197e-08  4.22879242e-08  3.59999999e+00 
 4.23079242e-08  2.35642197e-08  4.23079242e-08  3.59999999e+00 
 4.23279242e-08  2.35642200e-08  4.23279242e-08  3.59999999e+00 
 4.23479242e-08  2.35642201e-08  4.23479242e-08  3.59999999e+00 
 4.23679242e-08  2.35642203e-08  4.23679242e-08  3.59999999e+00 
 4.23879242e-08  2.35642206e-08  4.23879242e-08  3.59999999e+00 
 4.24079242e-08  2.35642209e-08  4.24079242e-08  3.59999999e+00 
 4.24279242e-08  2.35642211e-08  4.24279242e-08  3.59999999e+00 
 4.24479242e-08  2.35642208e-08  4.24479242e-08  3.59999999e+00 
 4.24679242e-08  2.35642208e-08  4.24679242e-08  3.59999999e+00 
 4.24879242e-08  2.35642213e-08  4.24879242e-08  3.59999999e+00 
 4.25079242e-08  2.35642215e-08  4.25079242e-08  3.59999999e+00 
 4.25279242e-08  2.35642217e-08  4.25279242e-08  3.59999999e+00 
 4.25479242e-08  2.35642215e-08  4.25479242e-08  3.59999999e+00 
 4.25679242e-08  2.35642215e-08  4.25679242e-08  3.59999999e+00 
 4.25879242e-08  2.35642214e-08  4.25879242e-08  3.59999999e+00 
 4.26079242e-08  2.35642209e-08  4.26079242e-08  3.59999999e+00 
 4.26279242e-08  2.35642199e-08  4.26279242e-08  3.59999999e+00 
 4.26479242e-08  2.35642195e-08  4.26479242e-08  3.59999999e+00 
 4.26679242e-08  2.35642189e-08  4.26679242e-08  3.59999999e+00 
 4.26879242e-08  2.35642191e-08  4.26879242e-08  3.59999999e+00 
 4.27079242e-08  2.35642196e-08  4.27079242e-08  3.59999999e+00 
 4.27279242e-08  2.35642197e-08  4.27279242e-08  3.59999999e+00 
 4.27479242e-08  2.35642192e-08  4.27479242e-08  3.59999999e+00 
 4.27679242e-08  2.35642194e-08  4.27679242e-08  3.59999999e+00 
 4.27879242e-08  2.35642202e-08  4.27879242e-08  3.59999999e+00 
 4.28079242e-08  2.35642196e-08  4.28079242e-08  3.59999999e+00 
 4.28279242e-08  2.35642188e-08  4.28279242e-08  3.59999999e+00 
 4.28479242e-08  2.35642189e-08  4.28479242e-08  3.59999999e+00 
 4.28679242e-08  2.35642191e-08  4.28679242e-08  3.59999999e+00 
 4.28879242e-08  2.35642191e-08  4.28879242e-08  3.59999999e+00 
 4.29079242e-08  2.35642195e-08  4.29079242e-08  3.59999999e+00 
 4.29279242e-08  2.35642197e-08  4.29279242e-08  3.59999999e+00 
 4.29479242e-08  2.35642195e-08  4.29479242e-08  3.59999999e+00 
 4.29679242e-08  2.35642190e-08  4.29679242e-08  3.59999999e+00 
 4.29879242e-08  2.35642188e-08  4.29879242e-08  3.59999999e+00 
 4.30079242e-08  2.35642192e-08  4.30079242e-08  3.59999999e+00 
 4.30279242e-08  2.35642189e-08  4.30279242e-08  3.59999999e+00 
 4.30479242e-08  2.35642187e-08  4.30479242e-08  3.59999999e+00 
 4.30679242e-08  2.35642195e-08  4.30679242e-08  3.59999999e+00 
 4.30879242e-08  2.35642196e-08  4.30879242e-08  3.59999999e+00 
 4.31079242e-08  2.35642196e-08  4.31079242e-08  3.59999999e+00 
 4.31279242e-08  2.35642192e-08  4.31279242e-08  3.59999999e+00 
 4.31479242e-08  2.35642191e-08  4.31479242e-08  3.59999999e+00 
 4.31679242e-08  2.35642191e-08  4.31679242e-08  3.59999999e+00 
 4.31879242e-08  2.35642186e-08  4.31879242e-08  3.59999999e+00 
 4.32079242e-08  2.35642185e-08  4.32079242e-08  3.59999999e+00 
 4.32279242e-08  2.35642189e-08  4.32279242e-08  3.59999999e+00 
 4.32479242e-08  2.35642188e-08  4.32479242e-08  3.59999999e+00 
 4.32679242e-08  2.35642189e-08  4.32679242e-08  3.59999999e+00 
 4.32879242e-08  2.35642198e-08  4.32879242e-08  3.59999999e+00 
 4.33079242e-08  2.35642201e-08  4.33079242e-08  3.59999999e+00 
 4.33279242e-08  2.35642195e-08  4.33279242e-08  3.59999999e+00 
 4.33479242e-08  2.35642191e-08  4.33479242e-08  3.59999999e+00 
 4.33679242e-08  2.35642188e-08  4.33679242e-08  3.59999999e+00 
 4.33879242e-08  2.35642183e-08  4.33879242e-08  3.59999999e+00 
 4.34079242e-08  2.35642189e-08  4.34079242e-08  3.59999999e+00 
 4.34279242e-08  2.35642196e-08  4.34279242e-08  3.59999999e+00 
 4.34479242e-08  2.35642197e-08  4.34479242e-08  3.59999999e+00 
 4.34679242e-08  2.35642203e-08  4.34679242e-08  3.59999999e+00 
 4.34879242e-08  2.35642205e-08  4.34879242e-08  3.59999999e+00 
 4.35079242e-08  2.35642206e-08  4.35079242e-08  3.59999999e+00 
 4.35279242e-08  2.35642203e-08  4.35279242e-08  3.59999999e+00 
 4.35479242e-08  2.35642199e-08  4.35479242e-08  3.59999999e+00 
 4.35679242e-08  2.35642198e-08  4.35679242e-08  3.59999999e+00 
 4.35879242e-08  2.35642196e-08  4.35879242e-08  3.59999999e+00 
 4.36079242e-08  2.35642198e-08  4.36079242e-08  3.59999999e+00 
 4.36279242e-08  2.35642202e-08  4.36279242e-08  3.59999999e+00 
 4.36479242e-08  2.35642203e-08  4.36479242e-08  3.59999999e+00 
 4.36679242e-08  2.35642207e-08  4.36679242e-08  3.59999999e+00 
 4.36879242e-08  2.35642210e-08  4.36879242e-08  3.59999999e+00 
 4.37079242e-08  2.35642209e-08  4.37079242e-08  3.59999999e+00 
 4.37279242e-08  2.35642209e-08  4.37279242e-08  3.59999999e+00 
 4.37479242e-08  2.35642211e-08  4.37479242e-08  3.59999999e+00 
 4.37679242e-08  2.35642212e-08  4.37679242e-08  3.59999999e+00 
 4.37879242e-08  2.35642211e-08  4.37879242e-08  3.59999999e+00 
 4.38079242e-08  2.35642204e-08  4.38079242e-08  3.59999999e+00 
 4.38279242e-08  2.35642201e-08  4.38279242e-08  3.59999999e+00 
 4.38479242e-08  2.35642204e-08  4.38479242e-08  3.59999999e+00 
 4.38679242e-08  2.35642202e-08  4.38679242e-08  3.59999999e+00 
 4.38879242e-08  2.35642204e-08  4.38879242e-08  3.59999999e+00 
 4.39079242e-08  2.35642210e-08  4.39079242e-08  3.59999999e+00 
 4.39279242e-08  2.35642211e-08  4.39279242e-08  3.59999999e+00 
 4.39479242e-08  2.35642207e-08  4.39479242e-08  3.59999999e+00 
 4.39679242e-08  2.35642203e-08  4.39679242e-08  3.59999999e+00 
 4.39879242e-08  2.35642207e-08  4.39879242e-08  3.59999999e+00 
 4.40079242e-08  2.35642206e-08  4.40079242e-08  3.59999999e+00 
 4.40279242e-08  2.35642205e-08  4.40279242e-08  3.59999999e+00 
 4.40479242e-08  2.35642204e-08  4.40479242e-08  3.59999999e+00 
 4.40679242e-08  2.35642206e-08  4.40679242e-08  3.59999999e+00 
 4.40879242e-08  2.35642205e-08  4.40879242e-08  3.59999999e+00 
 4.41079242e-08  2.35642203e-08  4.41079242e-08  3.59999999e+00 
 4.41279242e-08  2.35642208e-08  4.41279242e-08  3.59999999e+00 
 4.41479242e-08  2.35642215e-08  4.41479242e-08  3.59999999e+00 
 4.41679242e-08  2.35642221e-08  4.41679242e-08  3.59999999e+00 
 4.41879242e-08  2.35642218e-08  4.41879242e-08  3.59999999e+00 
 4.42079242e-08  2.35642214e-08  4.42079242e-08  3.59999999e+00 
 4.42279242e-08  2.35642215e-08  4.42279242e-08  3.59999999e+00 
 4.42479242e-08  2.35642216e-08  4.42479242e-08  3.59999999e+00 
 4.42679242e-08  2.35642208e-08  4.42679242e-08  3.59999999e+00 
 4.42879242e-08  2.35642202e-08  4.42879242e-08  3.59999999e+00 
 4.43079242e-08  2.35642205e-08  4.43079242e-08  3.59999999e+00 
 4.43279242e-08  2.35642204e-08  4.43279242e-08  3.59999999e+00 
 4.43479242e-08  2.35642207e-08  4.43479242e-08  3.59999999e+00 
 4.43679242e-08  2.35642212e-08  4.43679242e-08  3.59999999e+00 
 4.43879242e-08  2.35642206e-08  4.43879242e-08  3.59999999e+00 
 4.44079242e-08  2.35642207e-08  4.44079242e-08  3.59999999e+00 
 4.44279242e-08  2.35642209e-08  4.44279242e-08  3.59999999e+00 
 4.44479242e-08  2.35642208e-08  4.44479242e-08  3.59999999e+00 
 4.44679242e-08  2.35642209e-08  4.44679242e-08  3.59999999e+00 
 4.44879242e-08  2.35642208e-08  4.44879242e-08  3.59999999e+00 
 4.45079242e-08  2.35642209e-08  4.45079242e-08  3.59999999e+00 
 4.45279242e-08  2.35642207e-08  4.45279242e-08  3.59999999e+00 
 4.45479242e-08  2.35642204e-08  4.45479242e-08  3.59999999e+00 
 4.45679242e-08  2.35642204e-08  4.45679242e-08  3.59999999e+00 
 4.45879242e-08  2.35642202e-08  4.45879242e-08  3.59999999e+00 
 4.46079242e-08  2.35642200e-08  4.46079242e-08  3.59999999e+00 
 4.46279242e-08  2.35642199e-08  4.46279242e-08  3.59999999e+00 
 4.46479242e-08  2.35642201e-08  4.46479242e-08  3.59999999e+00 
 4.46679242e-08  2.35642200e-08  4.46679242e-08  3.59999999e+00 
 4.46879242e-08  2.35642206e-08  4.46879242e-08  3.59999999e+00 
 4.47079242e-08  2.35642207e-08  4.47079242e-08  3.59999999e+00 
 4.47279242e-08  2.35642207e-08  4.47279242e-08  3.59999999e+00 
 4.47479242e-08  2.35642203e-08  4.47479242e-08  3.59999999e+00 
 4.47679242e-08  2.35642199e-08  4.47679242e-08  3.59999999e+00 
 4.47879242e-08  2.35642206e-08  4.47879242e-08  3.59999999e+00 
 4.48079242e-08  2.35642211e-08  4.48079242e-08  3.59999999e+00 
 4.48279242e-08  2.35642211e-08  4.48279242e-08  3.59999999e+00 
 4.48479242e-08  2.35642206e-08  4.48479242e-08  3.59999999e+00 
 4.48679242e-08  2.35642207e-08  4.48679242e-08  3.59999999e+00 
 4.48879242e-08  2.35642203e-08  4.48879242e-08  3.59999999e+00 
 4.49079242e-08  2.35642197e-08  4.49079242e-08  3.59999999e+00 
 4.49279242e-08  2.35642194e-08  4.49279242e-08  3.59999999e+00 
 4.49479242e-08  2.35642195e-08  4.49479242e-08  3.59999999e+00 
 4.49679242e-08  2.35642198e-08  4.49679242e-08  3.59999999e+00 
 4.49879242e-08  2.35642204e-08  4.49879242e-08  3.59999999e+00 
 4.50079242e-08  2.35642207e-08  4.50079242e-08  3.59999999e+00 
 4.50279242e-08  2.35642209e-08  4.50279242e-08  3.59999999e+00 
 4.50479242e-08  2.35642209e-08  4.50479242e-08  3.59999999e+00 
 4.50679242e-08  2.35642202e-08  4.50679242e-08  3.59999999e+00 
 4.50879242e-08  2.35642204e-08  4.50879242e-08  3.59999999e+00 
 4.51079242e-08  2.35642208e-08  4.51079242e-08  3.59999999e+00 
 4.51279242e-08  2.35642207e-08  4.51279242e-08  3.59999999e+00 
 4.51479242e-08  2.35642208e-08  4.51479242e-08  3.59999999e+00 
 4.51679242e-08  2.35642206e-08  4.51679242e-08  3.59999999e+00 
 4.51879242e-08  2.35642204e-08  4.51879242e-08  3.59999999e+00 
 4.52079242e-08  2.35642204e-08  4.52079242e-08  3.59999999e+00 
 4.52279242e-08  2.35642204e-08  4.52279242e-08  3.59999999e+00 
 4.52479242e-08  2.35642204e-08  4.52479242e-08  3.59999999e+00 
 4.52679242e-08  2.35642206e-08  4.52679242e-08  3.59999999e+00 
 4.52879242e-08  2.35642206e-08  4.52879242e-08  3.59999999e+00 
 4.53079242e-08  2.35642202e-08  4.53079242e-08  3.59999999e+00 
 4.53279242e-08  2.35642201e-08  4.53279242e-08  3.59999999e+00 
 4.53479242e-08  2.35642199e-08  4.53479242e-08  3.59999999e+00 
 4.53679242e-08  2.35642207e-08  4.53679242e-08  3.59999999e+00 
 4.53879242e-08  2.35642212e-08  4.53879242e-08  3.59999999e+00 
 4.54079242e-08  2.35642214e-08  4.54079242e-08  3.59999999e+00 
 4.54279242e-08  2.35642211e-08  4.54279242e-08  3.59999999e+00 
 4.54479242e-08  2.35642214e-08  4.54479242e-08  3.59999999e+00 
 4.54679242e-08  2.35642212e-08  4.54679242e-08  3.59999999e+00 
 4.54879242e-08  2.35642213e-08  4.54879242e-08  3.59999999e+00 
 4.55079242e-08  2.35642213e-08  4.55079242e-08  3.59999999e+00 
 4.55279242e-08  2.35642209e-08  4.55279242e-08  3.59999999e+00 
 4.55479242e-08  2.35642205e-08  4.55479242e-08  3.59999999e+00 
 4.55679242e-08  2.35642205e-08  4.55679242e-08  3.59999999e+00 
 4.55879242e-08  2.35642209e-08  4.55879242e-08  3.59999999e+00 
 4.56079242e-08  2.35642210e-08  4.56079242e-08  3.59999999e+00 
 4.56279242e-08  2.35642204e-08  4.56279242e-08  3.59999999e+00 
 4.56479242e-08  2.35642200e-08  4.56479242e-08  3.59999999e+00 
 4.56679242e-08  2.35642205e-08  4.56679242e-08  3.59999999e+00 
 4.56879242e-08  2.35642204e-08  4.56879242e-08  3.59999999e+00 
 4.57079242e-08  2.35642205e-08  4.57079242e-08  3.59999999e+00 
 4.57279242e-08  2.35642202e-08  4.57279242e-08  3.59999999e+00 
 4.57479242e-08  2.35642202e-08  4.57479242e-08  3.59999999e+00 
 4.57679242e-08  2.35642203e-08  4.57679242e-08  3.59999999e+00 
 4.57879242e-08  2.35642200e-08  4.57879242e-08  3.59999999e+00 
 4.58079242e-08  2.35642200e-08  4.58079242e-08  3.59999999e+00 
 4.58279242e-08  2.35642196e-08  4.58279242e-08  3.59999999e+00 
 4.58479242e-08  2.35642197e-08  4.58479242e-08  3.59999999e+00 
 4.58679242e-08  2.35642203e-08  4.58679242e-08  3.59999999e+00 
 4.58879242e-08  2.35642208e-08  4.58879242e-08  3.59999999e+00 
 4.59079242e-08  2.35642206e-08  4.59079242e-08  3.59999999e+00 
 4.59279242e-08  2.35642203e-08  4.59279242e-08  3.59999999e+00 
 4.59479242e-08  2.35642208e-08  4.59479242e-08  3.59999999e+00 
 4.59679242e-08  2.35642210e-08  4.59679242e-08  3.59999999e+00 
 4.59879242e-08  2.35642212e-08  4.59879242e-08  3.59999999e+00 
 4.60079242e-08  2.35642214e-08  4.60079242e-08  3.59999999e+00 
 4.60279242e-08  2.35642213e-08  4.60279242e-08  3.59999999e+00 
 4.60479242e-08  2.35642212e-08  4.60479242e-08  3.59999999e+00 
 4.60679242e-08  2.35642212e-08  4.60679242e-08  3.59999999e+00 
 4.60879242e-08  2.35642208e-08  4.60879242e-08  3.59999999e+00 
 4.61079242e-08  2.35642205e-08  4.61079242e-08  3.59999999e+00 
 4.61279242e-08  2.35642210e-08  4.61279242e-08  3.59999999e+00 
 4.61479242e-08  2.35642216e-08  4.61479242e-08  3.59999999e+00 
 4.61679242e-08  2.35642217e-08  4.61679242e-08  3.59999999e+00 
 4.61879242e-08  2.35642209e-08  4.61879242e-08  3.59999999e+00 
 4.62079242e-08  2.35642201e-08  4.62079242e-08  3.59999999e+00 
 4.62279242e-08  2.35642197e-08  4.62279242e-08  3.59999999e+00 
 4.62479242e-08  2.35642195e-08  4.62479242e-08  3.59999999e+00 
 4.62679242e-08  2.35642191e-08  4.62679242e-08  3.59999999e+00 
 4.62879242e-08  2.35642193e-08  4.62879242e-08  3.59999999e+00 
 4.63079242e-08  2.35642195e-08  4.63079242e-08  3.59999999e+00 
 4.63279242e-08  2.35642193e-08  4.63279242e-08  3.59999999e+00 
 4.63479242e-08  2.35642196e-08  4.63479242e-08  3.59999999e+00 
 4.63679242e-08  2.35642194e-08  4.63679242e-08  3.59999999e+00 
 4.63879242e-08  2.35642195e-08  4.63879242e-08  3.59999999e+00 
 4.64079242e-08  2.35642192e-08  4.64079242e-08  3.59999999e+00 
 4.64279242e-08  2.35642193e-08  4.64279242e-08  3.59999999e+00 
 4.64479242e-08  2.35642195e-08  4.64479242e-08  3.59999999e+00 
 4.64679242e-08  2.35642198e-08  4.64679242e-08  3.59999999e+00 
 4.64879242e-08  2.35642202e-08  4.64879242e-08  3.59999999e+00 
 4.65079242e-08  2.35642195e-08  4.65079242e-08  3.59999999e+00 
 4.65279242e-08  2.35642195e-08  4.65279242e-08  3.59999999e+00 
 4.65479242e-08  2.35642199e-08  4.65479242e-08  3.59999999e+00 
 4.65679242e-08  2.35642198e-08  4.65679242e-08  3.59999999e+00 
 4.65879242e-08  2.35642191e-08  4.65879242e-08  3.59999999e+00 
 4.66079242e-08  2.35642190e-08  4.66079242e-08  3.59999999e+00 
 4.66279242e-08  2.35642196e-08  4.66279242e-08  3.59999999e+00 
 4.66479242e-08  2.35642196e-08  4.66479242e-08  3.59999999e+00 
 4.66679242e-08  2.35642199e-08  4.66679242e-08  3.59999999e+00 
 4.66879242e-08  2.35642206e-08  4.66879242e-08  3.59999999e+00 
 4.67079242e-08  2.35642208e-08  4.67079242e-08  3.59999999e+00 
 4.67279242e-08  2.35642199e-08  4.67279242e-08  3.59999999e+00 
 4.67479242e-08  2.35642204e-08  4.67479242e-08  3.59999999e+00 
 4.67679242e-08  2.35642204e-08  4.67679242e-08  3.59999999e+00 
 4.67879242e-08  2.35642196e-08  4.67879242e-08  3.59999999e+00 
 4.68079242e-08  2.35642196e-08  4.68079242e-08  3.59999999e+00 
 4.68279242e-08  2.35642195e-08  4.68279242e-08  3.59999999e+00 
 4.68479242e-08  2.35642193e-08  4.68479242e-08  3.59999999e+00 
 4.68679242e-08  2.35642193e-08  4.68679242e-08  3.59999999e+00 
 4.68879242e-08  2.35642195e-08  4.68879242e-08  3.59999999e+00 
 4.69079242e-08  2.35642195e-08  4.69079242e-08  3.59999999e+00 
 4.69279242e-08  2.35642196e-08  4.69279242e-08  3.59999999e+00 
 4.69479242e-08  2.35642197e-08  4.69479242e-08  3.59999999e+00 
 4.69679242e-08  2.35642192e-08  4.69679242e-08  3.59999999e+00 
 4.69879242e-08  2.35642197e-08  4.69879242e-08  3.59999999e+00 
 4.70079242e-08  2.35642202e-08  4.70079242e-08  3.59999999e+00 
 4.70279242e-08  2.35642209e-08  4.70279242e-08  3.59999999e+00 
 4.70479242e-08  2.35642211e-08  4.70479242e-08  3.59999999e+00 
 4.70679242e-08  2.35642201e-08  4.70679242e-08  3.59999999e+00 
 4.70879242e-08  2.35642192e-08  4.70879242e-08  3.59999999e+00 
 4.71079242e-08  2.35642201e-08  4.71079242e-08  3.59999999e+00 
 4.71279242e-08  2.35642203e-08  4.71279242e-08  3.59999999e+00 
 4.71479242e-08  2.35642196e-08  4.71479242e-08  3.59999999e+00 
 4.71679242e-08  2.35642197e-08  4.71679242e-08  3.59999999e+00 
 4.71879242e-08  2.35642203e-08  4.71879242e-08  3.59999999e+00 
 4.72079242e-08  2.35642203e-08  4.72079242e-08  3.59999999e+00 
 4.72279242e-08  2.35642205e-08  4.72279242e-08  3.59999999e+00 
 4.72479242e-08  2.35642216e-08  4.72479242e-08  3.59999999e+00 
 4.72679242e-08  2.35642217e-08  4.72679242e-08  3.59999999e+00 
 4.72879242e-08  2.35642205e-08  4.72879242e-08  3.59999999e+00 
 4.73079242e-08  2.35642199e-08  4.73079242e-08  3.59999999e+00 
 4.73279242e-08  2.35642198e-08  4.73279242e-08  3.59999999e+00 
 4.73479242e-08  2.35642198e-08  4.73479242e-08  3.59999999e+00 
 4.73679242e-08  2.35642205e-08  4.73679242e-08  3.59999999e+00 
 4.73879242e-08  2.35642205e-08  4.73879242e-08  3.59999999e+00 
 4.74079242e-08  2.35642201e-08  4.74079242e-08  3.59999999e+00 
 4.74279242e-08  2.35642201e-08  4.74279242e-08  3.59999999e+00 
 4.74479242e-08  2.35642205e-08  4.74479242e-08  3.59999999e+00 
 4.74679242e-08  2.35642206e-08  4.74679242e-08  3.59999999e+00 
 4.74879242e-08  2.35642210e-08  4.74879242e-08  3.59999999e+00 
 4.75079242e-08  2.35642204e-08  4.75079242e-08  3.59999999e+00 
 4.75279242e-08  2.35642202e-08  4.75279242e-08  3.59999999e+00 
 4.75479242e-08  2.35642198e-08  4.75479242e-08  3.59999999e+00 
 4.75679242e-08  2.35642204e-08  4.75679242e-08  3.59999999e+00 
 4.75879242e-08  2.35642204e-08  4.75879242e-08  3.59999999e+00 
 4.76079242e-08  2.35642201e-08  4.76079242e-08  3.59999999e+00 
 4.76279242e-08  2.35642200e-08  4.76279242e-08  3.59999999e+00 
 4.76479242e-08  2.35642202e-08  4.76479242e-08  3.59999999e+00 
 4.76679242e-08  2.35642203e-08  4.76679242e-08  3.59999999e+00 
 4.76879242e-08  2.35642198e-08  4.76879242e-08  3.59999999e+00 
 4.77079242e-08  2.35642191e-08  4.77079242e-08  3.59999999e+00 
 4.77279242e-08  2.35642194e-08  4.77279242e-08  3.59999999e+00 
 4.77479242e-08  2.35642197e-08  4.77479242e-08  3.59999999e+00 
 4.77679242e-08  2.35642192e-08  4.77679242e-08  3.59999999e+00 
 4.77879242e-08  2.35642187e-08  4.77879242e-08  3.59999999e+00 
 4.78079242e-08  2.35642181e-08  4.78079242e-08  3.59999999e+00 
 4.78279242e-08  2.35642181e-08  4.78279242e-08  3.59999999e+00 
 4.78479242e-08  2.35642183e-08  4.78479242e-08  3.59999999e+00 
 4.78679242e-08  2.35642183e-08  4.78679242e-08  3.59999999e+00 
 4.78879242e-08  2.35642185e-08  4.78879242e-08  3.59999999e+00 
 4.79079242e-08  2.35642186e-08  4.79079242e-08  3.59999999e+00 
 4.79279242e-08  2.35642186e-08  4.79279242e-08  3.59999999e+00 
 4.79479242e-08  2.35642184e-08  4.79479242e-08  3.59999999e+00 
 4.79679242e-08  2.35642186e-08  4.79679242e-08  3.59999999e+00 
 4.79879242e-08  2.35642188e-08  4.79879242e-08  3.59999999e+00 
 4.80079242e-08  2.35642188e-08  4.80079242e-08  3.59999999e+00 
 4.80279242e-08  2.35642187e-08  4.80279242e-08  3.59999999e+00 
 4.80479242e-08  2.35642184e-08  4.80479242e-08  3.59999999e+00 
 4.80679242e-08  2.35642181e-08  4.80679242e-08  3.59999999e+00 
 4.80879242e-08  2.35642181e-08  4.80879242e-08  3.59999999e+00 
 4.81079242e-08  2.35642180e-08  4.81079242e-08  3.59999999e+00 
 4.81279242e-08  2.35642180e-08  4.81279242e-08  3.59999999e+00 
 4.81479242e-08  2.35642174e-08  4.81479242e-08  3.59999999e+00 
 4.81679242e-08  2.35642174e-08  4.81679242e-08  3.59999999e+00 
 4.81879242e-08  2.35642179e-08  4.81879242e-08  3.59999999e+00 
 4.82079242e-08  2.35642178e-08  4.82079242e-08  3.59999999e+00 
 4.82279242e-08  2.35642177e-08  4.82279242e-08  3.59999999e+00 
 4.82479242e-08  2.35642181e-08  4.82479242e-08  3.59999999e+00 
 4.82679242e-08  2.35642186e-08  4.82679242e-08  3.59999999e+00 
 4.82879242e-08  2.35642191e-08  4.82879242e-08  3.59999999e+00 
 4.83079242e-08  2.35642188e-08  4.83079242e-08  3.59999999e+00 
 4.83279242e-08  2.35642183e-08  4.83279242e-08  3.59999999e+00 
 4.83479242e-08  2.35642184e-08  4.83479242e-08  3.59999999e+00 
 4.83679242e-08  2.35642183e-08  4.83679242e-08  3.59999999e+00 
 4.83879242e-08  2.35642185e-08  4.83879242e-08  3.59999999e+00 
 4.84079242e-08  2.35642190e-08  4.84079242e-08  3.59999999e+00 
 4.84279242e-08  2.35642190e-08  4.84279242e-08  3.59999999e+00 
 4.84479242e-08  2.35642197e-08  4.84479242e-08  3.59999999e+00 
 4.84679242e-08  2.35642191e-08  4.84679242e-08  3.59999999e+00 
 4.84879242e-08  2.35642188e-08  4.84879242e-08  3.59999999e+00 
 4.85079242e-08  2.35642184e-08  4.85079242e-08  3.59999999e+00 
 4.85279242e-08  2.35642180e-08  4.85279242e-08  3.59999999e+00 
 4.85479242e-08  2.35642184e-08  4.85479242e-08  3.59999999e+00 
 4.85679242e-08  2.35642189e-08  4.85679242e-08  3.59999999e+00 
 4.85879242e-08  2.35642190e-08  4.85879242e-08  3.59999999e+00 
 4.86079242e-08  2.35642190e-08  4.86079242e-08  3.59999999e+00 
 4.86279242e-08  2.35642195e-08  4.86279242e-08  3.59999999e+00 
 4.86479242e-08  2.35642197e-08  4.86479242e-08  3.59999999e+00 
 4.86679242e-08  2.35642197e-08  4.86679242e-08  3.59999999e+00 
 4.86879242e-08  2.35642194e-08  4.86879242e-08  3.59999999e+00 
 4.87079242e-08  2.35642198e-08  4.87079242e-08  3.59999999e+00 
 4.87279242e-08  2.35642200e-08  4.87279242e-08  3.59999999e+00 
 4.87479242e-08  2.35642200e-08  4.87479242e-08  3.59999999e+00 
 4.87679242e-08  2.35642193e-08  4.87679242e-08  3.59999999e+00 
 4.87879242e-08  2.35642193e-08  4.87879242e-08  3.59999999e+00 
 4.88079242e-08  2.35642190e-08  4.88079242e-08  3.59999999e+00 
 4.88279242e-08  2.35642188e-08  4.88279242e-08  3.59999999e+00 
 4.88479242e-08  2.35642190e-08  4.88479242e-08  3.59999999e+00 
 4.88679242e-08  2.35642189e-08  4.88679242e-08  3.59999999e+00 
 4.88879242e-08  2.35642186e-08  4.88879242e-08  3.59999999e+00 
 4.89079242e-08  2.35642186e-08  4.89079242e-08  3.59999999e+00 
 4.89279242e-08  2.35642189e-08  4.89279242e-08  3.59999999e+00 
 4.89479242e-08  2.35642192e-08  4.89479242e-08  3.59999999e+00 
 4.89679242e-08  2.35642192e-08  4.89679242e-08  3.59999999e+00 
 4.89879242e-08  2.35642193e-08  4.89879242e-08  3.59999999e+00 
 4.90079242e-08  2.35642197e-08  4.90079242e-08  3.59999999e+00 
 4.90279242e-08  2.35642198e-08  4.90279242e-08  3.59999999e+00 
 4.90479242e-08  2.35642199e-08  4.90479242e-08  3.59999999e+00 
 4.90679242e-08  2.35642199e-08  4.90679242e-08  3.59999999e+00 
 4.90879242e-08  2.35642198e-08  4.90879242e-08  3.59999999e+00 
 4.91079242e-08  2.35642202e-08  4.91079242e-08  3.59999999e+00 
 4.91279242e-08  2.35642205e-08  4.91279242e-08  3.59999999e+00 
 4.91479242e-08  2.35642199e-08  4.91479242e-08  3.59999999e+00 
 4.91679242e-08  2.35642196e-08  4.91679242e-08  3.59999999e+00 
 4.91879242e-08  2.35642193e-08  4.91879242e-08  3.59999999e+00 
 4.92079242e-08  2.35642193e-08  4.92079242e-08  3.59999999e+00 
 4.92279242e-08  2.35642189e-08  4.92279242e-08  3.59999999e+00 
 4.92479242e-08  2.35642188e-08  4.92479242e-08  3.59999999e+00 
 4.92679242e-08  2.35642196e-08  4.92679242e-08  3.59999999e+00 
 4.92879242e-08  2.35642193e-08  4.92879242e-08  3.59999999e+00 
 4.93079242e-08  2.35642193e-08  4.93079242e-08  3.59999999e+00 
 4.93279242e-08  2.35642192e-08  4.93279242e-08  3.59999999e+00 
 4.93479242e-08  2.35642186e-08  4.93479242e-08  3.59999999e+00 
 4.93679242e-08  2.35642185e-08  4.93679242e-08  3.59999999e+00 
 4.93879242e-08  2.35642191e-08  4.93879242e-08  3.59999999e+00 
 4.94079242e-08  2.35642196e-08  4.94079242e-08  3.59999999e+00 
 4.94279242e-08  2.35642198e-08  4.94279242e-08  3.59999999e+00 
 4.94479242e-08  2.35642201e-08  4.94479242e-08  3.59999999e+00 
 4.94679242e-08  2.35642202e-08  4.94679242e-08  3.59999999e+00 
 4.94879242e-08  2.35642200e-08  4.94879242e-08  3.59999999e+00 
 4.95079242e-08  2.35642200e-08  4.95079242e-08  3.59999999e+00 
 4.95279242e-08  2.35642199e-08  4.95279242e-08  3.59999999e+00 
 4.95479242e-08  2.35642193e-08  4.95479242e-08  3.59999999e+00 
 4.95679242e-08  2.35642189e-08  4.95679242e-08  3.59999999e+00 
 4.95879242e-08  2.35642192e-08  4.95879242e-08  3.59999999e+00 
 4.96079242e-08  2.35642201e-08  4.96079242e-08  3.59999999e+00 
 4.96279242e-08  2.35642199e-08  4.96279242e-08  3.59999999e+00 
 4.96479242e-08  2.35642205e-08  4.96479242e-08  3.59999999e+00 
 4.96679242e-08  2.35642207e-08  4.96679242e-08  3.59999999e+00 
 4.96879242e-08  2.35642204e-08  4.96879242e-08  3.59999999e+00 
 4.97079242e-08  2.35642200e-08  4.97079242e-08  3.59999999e+00 
 4.97279242e-08  2.35642195e-08  4.97279242e-08  3.59999999e+00 
 4.97479242e-08  2.35642196e-08  4.97479242e-08  3.59999999e+00 
 4.97679242e-08  2.35642196e-08  4.97679242e-08  3.59999999e+00 
 4.97879242e-08  2.35642194e-08  4.97879242e-08  3.59999999e+00 
 4.98079242e-08  2.35642197e-08  4.98079242e-08  3.59999999e+00 
 4.98279242e-08  2.35642195e-08  4.98279242e-08  3.59999999e+00 
 4.98479242e-08  2.35642190e-08  4.98479242e-08  3.59999999e+00 
 4.98679242e-08  2.35642192e-08  4.98679242e-08  3.59999999e+00 
 4.98879242e-08  2.35642195e-08  4.98879242e-08  3.59999999e+00 
 4.99079242e-08  2.35642190e-08  4.99079242e-08  3.59999999e+00 
 4.99279242e-08  2.35642189e-08  4.99279242e-08  3.59999999e+00 
 4.99479242e-08  2.35642188e-08  4.99479242e-08  3.59999999e+00 
 4.99679242e-08  2.35642187e-08  4.99679242e-08  3.59999999e+00 
 4.99879242e-08  2.35642189e-08  4.99879242e-08  3.59999999e+00 
 5.00079242e-08  2.35642195e-08  5.00079242e-08  3.59999999e+00 
 5.00279242e-08  2.35642194e-08  5.00279242e-08  3.59999999e+00 
 5.00479242e-08  2.35642196e-08  5.00479242e-08  3.59999999e+00 
 5.00500000e-08  2.35642137e-08  5.00500000e-08  3.59999999e+00 
 5.00508046e-08 -7.30613378e-04  5.00508046e-08  3.59911018e+00 
 5.00524139e-08 -2.32439445e-03  5.00524139e-08  3.59707009e+00 
 5.00556325e-08 -6.89130878e-03  5.00556325e-08  3.59165223e+00 
 5.00620696e-08 -4.19177074e-02  5.00620696e-08  3.55114247e+00 
 5.00703932e-08 -1.04111817e-01  5.00703932e-08  3.48190246e+00 
 5.00849591e-08 -1.49882552e-01  5.00849591e-08  3.40657547e+00 
 5.01000000e-08 -7.55315564e-02  5.01000000e-08  3.39435540e+00 
 5.01015643e-08 -4.96627814e-02  5.01015643e-08  3.41151887e+00 
 5.01046930e-08  3.38546952e-03  5.01046930e-08  3.44422857e+00 
 5.01109503e-08  1.12136140e-01  5.01109503e-08  3.50305558e+00 
 5.01234650e-08  3.38166240e-01  5.01234650e-08  3.60383397e+00 
 5.01434650e-08  7.16879099e-01  5.01434650e-08  3.73614426e+00 
 5.01634650e-08  1.10720910e+00  5.01634650e-08  3.83208231e+00 
 5.01834650e-08  1.49643192e+00  5.01834650e-08  3.89766832e+00 
 5.02034650e-08  1.85876666e+00  5.02034650e-08  3.93868660e+00 
 5.02234650e-08  2.17154204e+00  5.02234650e-08  3.95547158e+00 
 5.02434650e-08  2.42193282e+00  5.02434650e-08  3.94621311e+00 
 5.02634650e-08  2.61299125e+00  5.02634650e-08  3.91318226e+00 
 5.02834650e-08  2.77693306e+00  5.02834650e-08  3.86291400e+00 
 5.03034650e-08  2.92241560e+00  5.03034650e-08  3.81883833e+00 
 5.03234650e-08  3.04754173e+00  5.03234650e-08  3.78453136e+00 
 5.03434650e-08  3.15399493e+00  5.03434650e-08  3.75564917e+00 
 5.03634650e-08  3.24475089e+00  5.03634650e-08  3.72858411e+00 
 5.03834650e-08  3.32106602e+00  5.03834650e-08  3.70326672e+00 
 5.04034650e-08  3.38264772e+00  5.04034650e-08  3.68190285e+00 
 5.04234650e-08  3.43122343e+00  5.04234650e-08  3.66475459e+00 
 5.04434650e-08  3.46919888e+00  5.04434650e-08  3.65115344e+00 
 5.04634650e-08  3.49876467e+00  5.04634650e-08  3.64039124e+00 
 5.04834650e-08  3.52172502e+00  5.04834650e-08  3.63187871e+00 
 5.05034650e-08  3.53951865e+00  5.05034650e-08  3.62514575e+00 
 5.05234650e-08  3.55329259e+00  5.05234650e-08  3.61982196e+00 
 5.05434650e-08  3.56394195e+00  5.05434650e-08  3.61561415e+00 
 5.05634650e-08  3.57216990e+00  5.05634650e-08  3.61229052e+00 
 5.05834650e-08  3.57852333e+00  5.05834650e-08  3.60966721e+00 
 5.06034650e-08  3.58342751e+00  5.06034650e-08  3.60759830e+00 
 5.06234650e-08  3.58721217e+00  5.06234650e-08  3.60596799e+00 
 5.06434650e-08  3.59013243e+00  5.06434650e-08  3.60468434e+00 
 5.06634650e-08  3.59238556e+00  5.06634650e-08  3.60367446e+00 
 5.06834650e-08  3.59412391e+00  5.06834650e-08  3.60288057e+00 
 5.07034650e-08  3.59546511e+00  5.07034650e-08  3.60225694e+00 
 5.07234650e-08  3.59649994e+00  5.07234650e-08  3.60176740e+00 
 5.07434650e-08  3.59729843e+00  5.07434650e-08  3.60138338e+00 
 5.07634650e-08  3.59791461e+00  5.07634650e-08  3.60108232e+00 
 5.07834650e-08  3.59839015e+00  5.07834650e-08  3.60084644e+00 
 5.08034650e-08  3.59875717e+00  5.08034650e-08  3.60066173e+00 
 5.08234650e-08  3.59904047e+00  5.08234650e-08  3.60051716e+00 
 5.08434650e-08  3.59925917e+00  5.08434650e-08  3.60040407e+00 
 5.08634650e-08  3.59942801e+00  5.08634650e-08  3.60031564e+00 
 5.08834650e-08  3.59955837e+00  5.08834650e-08  3.60024652e+00 
 5.09034650e-08  3.59965904e+00  5.09034650e-08  3.60019253e+00 
 5.09234650e-08  3.59973677e+00  5.09234650e-08  3.60015036e+00 
 5.09434650e-08  3.59979681e+00  5.09434650e-08  3.60011743e+00 
 5.09634650e-08  3.59984317e+00  5.09634650e-08  3.60009173e+00 
 5.09834650e-08  3.59987898e+00  5.09834650e-08  3.60007167e+00 
 5.10034650e-08  3.59990664e+00  5.10034650e-08  3.60005601e+00 
 5.10234650e-08  3.59992800e+00  5.10234650e-08  3.60004380e+00 
 5.10434650e-08  3.59994450e+00  5.10434650e-08  3.60003428e+00 
 5.10634650e-08  3.59995725e+00  5.10634650e-08  3.60002685e+00 
 5.10834650e-08  3.59996709e+00  5.10834650e-08  3.60002105e+00 
 5.11034650e-08  3.59997469e+00  5.11034650e-08  3.60001653e+00 
 5.11234650e-08  3.59998056e+00  5.11234650e-08  3.60001300e+00 
 5.11434650e-08  3.59998509e+00  5.11434650e-08  3.60001025e+00 
 5.11634650e-08  3.59998859e+00  5.11634650e-08  3.60000810e+00 
 5.11834650e-08  3.59999129e+00  5.11834650e-08  3.60000643e+00 
 5.12034650e-08  3.59999337e+00  5.12034650e-08  3.60000512e+00 
 5.12234650e-08  3.59999498e+00  5.12234650e-08  3.60000409e+00 
 5.12434650e-08  3.59999621e+00  5.12434650e-08  3.60000329e+00 
 5.12634650e-08  3.59999717e+00  5.12634650e-08  3.60000266e+00 
 5.12834650e-08  3.59999790e+00  5.12834650e-08  3.60000217e+00 
 5.13034650e-08  3.59999846e+00  5.13034650e-08  3.60000178e+00 
 5.13234650e-08  3.59999889e+00  5.13234650e-08  3.60000148e+00 
 5.13434650e-08  3.59999922e+00  5.13434650e-08  3.60000124e+00 
 5.13634650e-08  3.59999947e+00  5.13634650e-08  3.60000105e+00 
 5.13834650e-08  3.59999967e+00  5.13834650e-08  3.60000090e+00 
 5.14034650e-08  3.59999981e+00  5.14034650e-08  3.60000077e+00 
 5.14234650e-08  3.59999992e+00  5.14234650e-08  3.60000068e+00 
 5.14434650e-08  3.60000000e+00  5.14434650e-08  3.60000060e+00 
 5.14634650e-08  3.60000007e+00  5.14634650e-08  3.60000054e+00 
 5.14834650e-08  3.60000012e+00  5.14834650e-08  3.60000048e+00 
 5.15034650e-08  3.60000015e+00  5.15034650e-08  3.60000044e+00 
 5.15234650e-08  3.60000017e+00  5.15234650e-08  3.60000041e+00 
 5.15434650e-08  3.60000019e+00  5.15434650e-08  3.60000038e+00 
 5.15634650e-08  3.60000020e+00  5.15634650e-08  3.60000035e+00 
 5.15834650e-08  3.60000020e+00  5.15834650e-08  3.60000033e+00 
 5.16034650e-08  3.60000021e+00  5.16034650e-08  3.60000031e+00 
 5.16234650e-08  3.60000021e+00  5.16234650e-08  3.60000029e+00 
 5.16434650e-08  3.60000020e+00  5.16434650e-08  3.60000028e+00 
 5.16634650e-08  3.60000020e+00  5.16634650e-08  3.60000027e+00 
 5.16834650e-08  3.60000020e+00  5.16834650e-08  3.60000026e+00 
 5.17034650e-08  3.60000019e+00  5.17034650e-08  3.60000025e+00 
 5.17234650e-08  3.60000019e+00  5.17234650e-08  3.60000024e+00 
 5.17434650e-08  3.60000018e+00  5.17434650e-08  3.60000023e+00 
 5.17634650e-08  3.60000018e+00  5.17634650e-08  3.60000022e+00 
 5.17834650e-08  3.60000017e+00  5.17834650e-08  3.60000021e+00 
 5.18034650e-08  3.60000017e+00  5.18034650e-08  3.60000020e+00 
 5.18234650e-08  3.60000016e+00  5.18234650e-08  3.60000020e+00 
 5.18434650e-08  3.60000016e+00  5.18434650e-08  3.60000019e+00 
 5.18634650e-08  3.60000016e+00  5.18634650e-08  3.60000018e+00 
 5.18834650e-08  3.60000015e+00  5.18834650e-08  3.60000018e+00 
 5.19034650e-08  3.60000015e+00  5.19034650e-08  3.60000017e+00 
 5.19234650e-08  3.60000014e+00  5.19234650e-08  3.60000017e+00 
 5.19434650e-08  3.60000014e+00  5.19434650e-08  3.60000016e+00 
 5.19634650e-08  3.60000013e+00  5.19634650e-08  3.60000016e+00 
 5.19834650e-08  3.60000013e+00  5.19834650e-08  3.60000015e+00 
 5.20034650e-08  3.60000013e+00  5.20034650e-08  3.60000015e+00 
 5.20234650e-08  3.60000012e+00  5.20234650e-08  3.60000015e+00 
 5.20434650e-08  3.60000012e+00  5.20434650e-08  3.60000014e+00 
 5.20634650e-08  3.60000012e+00  5.20634650e-08  3.60000014e+00 
 5.20834650e-08  3.60000011e+00  5.20834650e-08  3.60000013e+00 
 5.21034650e-08  3.60000011e+00  5.21034650e-08  3.60000013e+00 
 5.21234650e-08  3.60000011e+00  5.21234650e-08  3.60000013e+00 
 5.21434650e-08  3.60000011e+00  5.21434650e-08  3.60000012e+00 
 5.21634650e-08  3.60000010e+00  5.21634650e-08  3.60000012e+00 
 5.21834650e-08  3.60000010e+00  5.21834650e-08  3.60000012e+00 
 5.22034650e-08  3.60000010e+00  5.22034650e-08  3.60000011e+00 
 5.22234650e-08  3.60000009e+00  5.22234650e-08  3.60000011e+00 
 5.22434650e-08  3.60000009e+00  5.22434650e-08  3.60000011e+00 
 5.22634650e-08  3.60000009e+00  5.22634650e-08  3.60000011e+00 
 5.22834650e-08  3.60000009e+00  5.22834650e-08  3.60000010e+00 
 5.23034650e-08  3.60000009e+00  5.23034650e-08  3.60000010e+00 
 5.23234650e-08  3.60000008e+00  5.23234650e-08  3.60000010e+00 
 5.23434650e-08  3.60000008e+00  5.23434650e-08  3.60000010e+00 
 5.23634650e-08  3.60000008e+00  5.23634650e-08  3.60000009e+00 
 5.23834650e-08  3.60000008e+00  5.23834650e-08  3.60000009e+00 
 5.24034650e-08  3.60000008e+00  5.24034650e-08  3.60000009e+00 
 5.24234650e-08  3.60000007e+00  5.24234650e-08  3.60000009e+00 
 5.24434650e-08  3.60000007e+00  5.24434650e-08  3.60000009e+00 
 5.24634650e-08  3.60000007e+00  5.24634650e-08  3.60000008e+00 
 5.24834650e-08  3.60000007e+00  5.24834650e-08  3.60000008e+00 
 5.25034650e-08  3.60000007e+00  5.25034650e-08  3.60000008e+00 
 5.25234650e-08  3.60000007e+00  5.25234650e-08  3.60000008e+00 
 5.25434650e-08  3.60000006e+00  5.25434650e-08  3.60000008e+00 
 5.25634650e-08  3.60000006e+00  5.25634650e-08  3.60000008e+00 
 5.25834650e-08  3.60000006e+00  5.25834650e-08  3.60000007e+00 
 5.26034650e-08  3.60000006e+00  5.26034650e-08  3.60000007e+00 
 5.26234650e-08  3.60000006e+00  5.26234650e-08  3.60000007e+00 
 5.26434650e-08  3.60000006e+00  5.26434650e-08  3.60000007e+00 
 5.26634650e-08  3.60000006e+00  5.26634650e-08  3.60000007e+00 
 5.26834650e-08  3.60000006e+00  5.26834650e-08  3.60000007e+00 
 5.27034650e-08  3.60000005e+00  5.27034650e-08  3.60000007e+00 
 5.27234650e-08  3.60000005e+00  5.27234650e-08  3.60000006e+00 
 5.27434650e-08  3.60000005e+00  5.27434650e-08  3.60000006e+00 
 5.27634650e-08  3.60000005e+00  5.27634650e-08  3.60000006e+00 
 5.27834650e-08  3.60000005e+00  5.27834650e-08  3.60000006e+00 
 5.28034650e-08  3.60000005e+00  5.28034650e-08  3.60000006e+00 
 5.28234650e-08  3.60000005e+00  5.28234650e-08  3.60000006e+00 
 5.28434650e-08  3.60000005e+00  5.28434650e-08  3.60000006e+00 
 5.28634650e-08  3.60000005e+00  5.28634650e-08  3.60000006e+00 
 5.28834650e-08  3.60000005e+00  5.28834650e-08  3.60000005e+00 
 5.29034650e-08  3.60000004e+00  5.29034650e-08  3.60000005e+00 
 5.29234650e-08  3.60000004e+00  5.29234650e-08  3.60000005e+00 
 5.29434650e-08  3.60000004e+00  5.29434650e-08  3.60000005e+00 
 5.29634650e-08  3.60000004e+00  5.29634650e-08  3.60000005e+00 
 5.29834650e-08  3.60000004e+00  5.29834650e-08  3.60000005e+00 
 5.30034650e-08  3.60000004e+00  5.30034650e-08  3.60000005e+00 
 5.30234650e-08  3.60000004e+00  5.30234650e-08  3.60000005e+00 
 5.30434650e-08  3.60000004e+00  5.30434650e-08  3.60000005e+00 
 5.30634650e-08  3.60000004e+00  5.30634650e-08  3.60000005e+00 
 5.30834650e-08  3.60000004e+00  5.30834650e-08  3.60000005e+00 
 5.31034650e-08  3.60000004e+00  5.31034650e-08  3.60000004e+00 
 5.31234650e-08  3.60000004e+00  5.31234650e-08  3.60000004e+00 
 5.31434650e-08  3.60000004e+00  5.31434650e-08  3.60000004e+00 
 5.31634650e-08  3.60000003e+00  5.31634650e-08  3.60000004e+00 
 5.31834650e-08  3.60000003e+00  5.31834650e-08  3.60000004e+00 
 5.32034650e-08  3.60000003e+00  5.32034650e-08  3.60000004e+00 
 5.32234650e-08  3.60000003e+00  5.32234650e-08  3.60000004e+00 
 5.32434650e-08  3.60000003e+00  5.32434650e-08  3.60000004e+00 
 5.32634650e-08  3.60000003e+00  5.32634650e-08  3.60000004e+00 
 5.32834650e-08  3.60000003e+00  5.32834650e-08  3.60000004e+00 
 5.33034650e-08  3.60000003e+00  5.33034650e-08  3.60000004e+00 
 5.33234650e-08  3.60000003e+00  5.33234650e-08  3.60000004e+00 
 5.33434650e-08  3.60000003e+00  5.33434650e-08  3.60000004e+00 
 5.33634650e-08  3.60000003e+00  5.33634650e-08  3.60000004e+00 
 5.33834650e-08  3.60000003e+00  5.33834650e-08  3.60000003e+00 
 5.34034650e-08  3.60000003e+00  5.34034650e-08  3.60000003e+00 
 5.34234650e-08  3.60000003e+00  5.34234650e-08  3.60000003e+00 
 5.34434650e-08  3.60000003e+00  5.34434650e-08  3.60000003e+00 
 5.34634650e-08  3.60000003e+00  5.34634650e-08  3.60000003e+00 
 5.34834650e-08  3.60000003e+00  5.34834650e-08  3.60000003e+00 
 5.35034650e-08  3.60000003e+00  5.35034650e-08  3.60000003e+00 
 5.35234650e-08  3.60000003e+00  5.35234650e-08  3.60000003e+00 
 5.35434650e-08  3.60000002e+00  5.35434650e-08  3.60000003e+00 
 5.35634650e-08  3.60000002e+00  5.35634650e-08  3.60000003e+00 
 5.35834650e-08  3.60000002e+00  5.35834650e-08  3.60000003e+00 
 5.36034650e-08  3.60000002e+00  5.36034650e-08  3.60000003e+00 
 5.36234650e-08  3.60000002e+00  5.36234650e-08  3.60000003e+00 
 5.36434650e-08  3.60000002e+00  5.36434650e-08  3.60000003e+00 
 5.36634650e-08  3.60000002e+00  5.36634650e-08  3.60000003e+00 
 5.36834650e-08  3.60000002e+00  5.36834650e-08  3.60000003e+00 
 5.37034650e-08  3.60000002e+00  5.37034650e-08  3.60000003e+00 
 5.37234650e-08  3.60000002e+00  5.37234650e-08  3.60000003e+00 
 5.37434650e-08  3.60000002e+00  5.37434650e-08  3.60000003e+00 
 5.37634650e-08  3.60000002e+00  5.37634650e-08  3.60000003e+00 
 5.37834650e-08  3.60000002e+00  5.37834650e-08  3.60000002e+00 
 5.38034650e-08  3.60000002e+00  5.38034650e-08  3.60000002e+00 
 5.38234650e-08  3.60000002e+00  5.38234650e-08  3.60000002e+00 
 5.38434650e-08  3.60000002e+00  5.38434650e-08  3.60000002e+00 
 5.38634650e-08  3.60000002e+00  5.38634650e-08  3.60000002e+00 
 5.38834650e-08  3.60000002e+00  5.38834650e-08  3.60000002e+00 
 5.39034650e-08  3.60000002e+00  5.39034650e-08  3.60000002e+00 
 5.39234650e-08  3.60000002e+00  5.39234650e-08  3.60000002e+00 
 5.39434650e-08  3.60000002e+00  5.39434650e-08  3.60000002e+00 
 5.39634650e-08  3.60000002e+00  5.39634650e-08  3.60000002e+00 
 5.39834650e-08  3.60000002e+00  5.39834650e-08  3.60000002e+00 
 5.40034650e-08  3.60000002e+00  5.40034650e-08  3.60000002e+00 
 5.40234650e-08  3.60000002e+00  5.40234650e-08  3.60000002e+00 
 5.40434650e-08  3.60000002e+00  5.40434650e-08  3.60000002e+00 
 5.40634650e-08  3.60000002e+00  5.40634650e-08  3.60000002e+00 
 5.40834650e-08  3.60000002e+00  5.40834650e-08  3.60000002e+00 
 5.41034650e-08  3.60000002e+00  5.41034650e-08  3.60000002e+00 
 5.41234650e-08  3.60000002e+00  5.41234650e-08  3.60000002e+00 
 5.41434650e-08  3.60000001e+00  5.41434650e-08  3.60000002e+00 
 5.41634650e-08  3.60000001e+00  5.41634650e-08  3.60000002e+00 
 5.41834650e-08  3.60000001e+00  5.41834650e-08  3.60000002e+00 
 5.42034650e-08  3.60000001e+00  5.42034650e-08  3.60000002e+00 
 5.42234650e-08  3.60000001e+00  5.42234650e-08  3.60000002e+00 
 5.42434650e-08  3.60000001e+00  5.42434650e-08  3.60000002e+00 
 5.42634650e-08  3.60000001e+00  5.42634650e-08  3.60000002e+00 
 5.42834650e-08  3.60000001e+00  5.42834650e-08  3.60000002e+00 
 5.43034650e-08  3.60000001e+00  5.43034650e-08  3.60000002e+00 
 5.43234650e-08  3.60000001e+00  5.43234650e-08  3.60000002e+00 
 5.43434650e-08  3.60000001e+00  5.43434650e-08  3.60000002e+00 
 5.43634650e-08  3.60000001e+00  5.43634650e-08  3.60000002e+00 
 5.43834650e-08  3.60000001e+00  5.43834650e-08  3.60000002e+00 
 5.44034650e-08  3.60000001e+00  5.44034650e-08  3.60000002e+00 
 5.44234650e-08  3.60000001e+00  5.44234650e-08  3.60000002e+00 
 5.44434650e-08  3.60000001e+00  5.44434650e-08  3.60000001e+00 
 5.44634650e-08  3.60000001e+00  5.44634650e-08  3.60000001e+00 
 5.44834650e-08  3.60000001e+00  5.44834650e-08  3.60000001e+00 
 5.45034650e-08  3.60000001e+00  5.45034650e-08  3.60000001e+00 
 5.45234650e-08  3.60000001e+00  5.45234650e-08  3.60000001e+00 
 5.45434650e-08  3.60000001e+00  5.45434650e-08  3.60000001e+00 
 5.45634650e-08  3.60000001e+00  5.45634650e-08  3.60000001e+00 
 5.45834650e-08  3.60000001e+00  5.45834650e-08  3.60000001e+00 
 5.46034650e-08  3.60000001e+00  5.46034650e-08  3.60000001e+00 
 5.46234650e-08  3.60000001e+00  5.46234650e-08  3.60000001e+00 
 5.46434650e-08  3.60000001e+00  5.46434650e-08  3.60000001e+00 
 5.46634650e-08  3.60000001e+00  5.46634650e-08  3.60000001e+00 
 5.46834650e-08  3.60000001e+00  5.46834650e-08  3.60000001e+00 
 5.47034650e-08  3.60000001e+00  5.47034650e-08  3.60000001e+00 
 5.47234650e-08  3.60000001e+00  5.47234650e-08  3.60000001e+00 
 5.47434650e-08  3.60000001e+00  5.47434650e-08  3.60000001e+00 
 5.47634650e-08  3.60000001e+00  5.47634650e-08  3.60000001e+00 
 5.47834650e-08  3.60000001e+00  5.47834650e-08  3.60000001e+00 
 5.48034650e-08  3.60000001e+00  5.48034650e-08  3.60000001e+00 
 5.48234650e-08  3.60000001e+00  5.48234650e-08  3.60000001e+00 
 5.48434650e-08  3.60000001e+00  5.48434650e-08  3.60000001e+00 
 5.48634650e-08  3.60000001e+00  5.48634650e-08  3.60000001e+00 
 5.48834650e-08  3.60000001e+00  5.48834650e-08  3.60000001e+00 
 5.49034650e-08  3.60000001e+00  5.49034650e-08  3.60000001e+00 
 5.49234650e-08  3.60000001e+00  5.49234650e-08  3.60000001e+00 
 5.49434650e-08  3.60000001e+00  5.49434650e-08  3.60000001e+00 
 5.49634650e-08  3.60000001e+00  5.49634650e-08  3.60000001e+00 
 5.49834650e-08  3.60000001e+00  5.49834650e-08  3.60000001e+00 
 5.50034650e-08  3.60000001e+00  5.50034650e-08  3.60000001e+00 
 5.50234650e-08  3.60000001e+00  5.50234650e-08  3.60000001e+00 
 5.50434650e-08  3.60000001e+00  5.50434650e-08  3.60000001e+00 
 5.50634650e-08  3.60000001e+00  5.50634650e-08  3.60000001e+00 
 5.50834650e-08  3.60000001e+00  5.50834650e-08  3.60000001e+00 
 5.51034650e-08  3.60000001e+00  5.51034650e-08  3.60000001e+00 
 5.51234650e-08  3.60000001e+00  5.51234650e-08  3.60000001e+00 
 5.51434650e-08  3.60000001e+00  5.51434650e-08  3.60000001e+00 
 5.51634650e-08  3.60000001e+00  5.51634650e-08  3.60000001e+00 
 5.51834650e-08  3.60000001e+00  5.51834650e-08  3.60000001e+00 
 5.52034650e-08  3.60000001e+00  5.52034650e-08  3.60000001e+00 
 5.52234650e-08  3.60000001e+00  5.52234650e-08  3.60000001e+00 
 5.52434650e-08  3.60000001e+00  5.52434650e-08  3.60000001e+00 
 5.52634650e-08  3.60000001e+00  5.52634650e-08  3.60000001e+00 
 5.52834650e-08  3.60000001e+00  5.52834650e-08  3.60000001e+00 
 5.53034650e-08  3.60000001e+00  5.53034650e-08  3.60000001e+00 
 5.53234650e-08  3.60000001e+00  5.53234650e-08  3.60000001e+00 
 5.53434650e-08  3.60000001e+00  5.53434650e-08  3.60000001e+00 
 5.53634650e-08  3.60000001e+00  5.53634650e-08  3.60000001e+00 
 5.53834650e-08  3.60000001e+00  5.53834650e-08  3.60000001e+00 
 5.54034650e-08  3.60000000e+00  5.54034650e-08  3.60000001e+00 
 5.54234650e-08  3.60000000e+00  5.54234650e-08  3.60000001e+00 
 5.54434650e-08  3.60000000e+00  5.54434650e-08  3.60000001e+00 
 5.54634650e-08  3.60000000e+00  5.54634650e-08  3.60000001e+00 
 5.54834650e-08  3.60000000e+00  5.54834650e-08  3.60000001e+00 
 5.55034650e-08  3.60000000e+00  5.55034650e-08  3.60000001e+00 
 5.55234650e-08  3.60000000e+00  5.55234650e-08  3.60000001e+00 
 5.55434650e-08  3.60000000e+00  5.55434650e-08  3.60000001e+00 
 5.55634650e-08  3.60000000e+00  5.55634650e-08  3.60000001e+00 
 5.55834650e-08  3.60000000e+00  5.55834650e-08  3.60000001e+00 
 5.56034650e-08  3.60000000e+00  5.56034650e-08  3.60000001e+00 
 5.56234650e-08  3.60000000e+00  5.56234650e-08  3.60000001e+00 
 5.56434650e-08  3.60000000e+00  5.56434650e-08  3.60000001e+00 
 5.56634650e-08  3.60000000e+00  5.56634650e-08  3.60000001e+00 
 5.56834650e-08  3.60000000e+00  5.56834650e-08  3.60000001e+00 
 5.57034650e-08  3.60000000e+00  5.57034650e-08  3.60000001e+00 
 5.57234650e-08  3.60000000e+00  5.57234650e-08  3.60000001e+00 
 5.57434650e-08  3.60000000e+00  5.57434650e-08  3.60000001e+00 
 5.57634650e-08  3.60000000e+00  5.57634650e-08  3.60000001e+00 
 5.57834650e-08  3.60000000e+00  5.57834650e-08  3.60000001e+00 
 5.58034650e-08  3.60000000e+00  5.58034650e-08  3.60000001e+00 
 5.58234650e-08  3.60000000e+00  5.58234650e-08  3.60000000e+00 
 5.58434650e-08  3.60000000e+00  5.58434650e-08  3.60000000e+00 
 5.58634650e-08  3.60000000e+00  5.58634650e-08  3.60000000e+00 
 5.58834650e-08  3.60000000e+00  5.58834650e-08  3.60000000e+00 
 5.59034650e-08  3.60000000e+00  5.59034650e-08  3.60000000e+00 
 5.59234650e-08  3.60000000e+00  5.59234650e-08  3.60000000e+00 
 5.59434650e-08  3.60000000e+00  5.59434650e-08  3.60000000e+00 
 5.59634650e-08  3.60000000e+00  5.59634650e-08  3.60000000e+00 
 5.59834650e-08  3.60000000e+00  5.59834650e-08  3.60000000e+00 
 5.60034650e-08  3.60000000e+00  5.60034650e-08  3.60000000e+00 
 5.60234650e-08  3.60000000e+00  5.60234650e-08  3.60000000e+00 
 5.60434650e-08  3.60000000e+00  5.60434650e-08  3.60000000e+00 
 5.60634650e-08  3.60000000e+00  5.60634650e-08  3.60000000e+00 
 5.60834650e-08  3.60000000e+00  5.60834650e-08  3.60000000e+00 
 5.61034650e-08  3.60000000e+00  5.61034650e-08  3.60000000e+00 
 5.61234650e-08  3.60000000e+00  5.61234650e-08  3.60000000e+00 
 5.61434650e-08  3.60000000e+00  5.61434650e-08  3.60000000e+00 
 5.61634650e-08  3.60000000e+00  5.61634650e-08  3.60000000e+00 
 5.61834650e-08  3.60000000e+00  5.61834650e-08  3.60000000e+00 
 5.62034650e-08  3.60000000e+00  5.62034650e-08  3.60000000e+00 
 5.62234650e-08  3.60000000e+00  5.62234650e-08  3.60000000e+00 
 5.62434650e-08  3.60000000e+00  5.62434650e-08  3.60000000e+00 
 5.62634650e-08  3.60000000e+00  5.62634650e-08  3.60000000e+00 
 5.62834650e-08  3.60000000e+00  5.62834650e-08  3.60000000e+00 
 5.63034650e-08  3.60000000e+00  5.63034650e-08  3.60000000e+00 
 5.63234650e-08  3.60000000e+00  5.63234650e-08  3.60000000e+00 
 5.63434650e-08  3.60000000e+00  5.63434650e-08  3.60000000e+00 
 5.63634650e-08  3.60000000e+00  5.63634650e-08  3.60000000e+00 
 5.63834650e-08  3.60000000e+00  5.63834650e-08  3.60000000e+00 
 5.64034650e-08  3.60000000e+00  5.64034650e-08  3.60000000e+00 
 5.64234650e-08  3.60000000e+00  5.64234650e-08  3.60000000e+00 
 5.64434650e-08  3.60000000e+00  5.64434650e-08  3.60000000e+00 
 5.64634650e-08  3.60000000e+00  5.64634650e-08  3.60000000e+00 
 5.64834650e-08  3.60000000e+00  5.64834650e-08  3.60000000e+00 
 5.65034650e-08  3.60000000e+00  5.65034650e-08  3.60000000e+00 
 5.65234650e-08  3.60000000e+00  5.65234650e-08  3.60000000e+00 
 5.65434650e-08  3.60000000e+00  5.65434650e-08  3.60000000e+00 
 5.65634650e-08  3.60000000e+00  5.65634650e-08  3.60000000e+00 
 5.65834650e-08  3.60000000e+00  5.65834650e-08  3.60000000e+00 
 5.66034650e-08  3.60000000e+00  5.66034650e-08  3.60000000e+00 
 5.66234650e-08  3.60000000e+00  5.66234650e-08  3.60000000e+00 
 5.66434650e-08  3.60000000e+00  5.66434650e-08  3.60000000e+00 
 5.66634650e-08  3.60000000e+00  5.66634650e-08  3.60000000e+00 
 5.66834650e-08  3.60000000e+00  5.66834650e-08  3.60000000e+00 
 5.67034650e-08  3.60000000e+00  5.67034650e-08  3.60000000e+00 
 5.67234650e-08  3.60000000e+00  5.67234650e-08  3.60000000e+00 
 5.67434650e-08  3.60000000e+00  5.67434650e-08  3.60000000e+00 
 5.67634650e-08  3.60000000e+00  5.67634650e-08  3.60000000e+00 
 5.67834650e-08  3.60000000e+00  5.67834650e-08  3.60000000e+00 
 5.68034650e-08  3.60000000e+00  5.68034650e-08  3.60000000e+00 
 5.68234650e-08  3.60000000e+00  5.68234650e-08  3.60000000e+00 
 5.68434650e-08  3.60000000e+00  5.68434650e-08  3.60000000e+00 
 5.68634650e-08  3.60000000e+00  5.68634650e-08  3.60000000e+00 
 5.68834650e-08  3.60000000e+00  5.68834650e-08  3.60000000e+00 
 5.69034650e-08  3.60000000e+00  5.69034650e-08  3.60000000e+00 
 5.69234650e-08  3.60000000e+00  5.69234650e-08  3.60000000e+00 
 5.69434650e-08  3.60000000e+00  5.69434650e-08  3.60000000e+00 
 5.69634650e-08  3.60000000e+00  5.69634650e-08  3.60000000e+00 
 5.69834650e-08  3.60000000e+00  5.69834650e-08  3.60000000e+00 
 5.70034650e-08  3.60000000e+00  5.70034650e-08  3.60000000e+00 
 5.70234650e-08  3.60000000e+00  5.70234650e-08  3.60000000e+00 
 5.70434650e-08  3.60000000e+00  5.70434650e-08  3.60000000e+00 
 5.70634650e-08  3.60000000e+00  5.70634650e-08  3.60000000e+00 
 5.70834650e-08  3.60000000e+00  5.70834650e-08  3.60000000e+00 
 5.71034650e-08  3.60000000e+00  5.71034650e-08  3.60000000e+00 
 5.71234650e-08  3.60000000e+00  5.71234650e-08  3.60000000e+00 
 5.71434650e-08  3.60000000e+00  5.71434650e-08  3.60000000e+00 
 5.71634650e-08  3.60000000e+00  5.71634650e-08  3.60000000e+00 
 5.71834650e-08  3.60000000e+00  5.71834650e-08  3.60000000e+00 
 5.72034650e-08  3.60000000e+00  5.72034650e-08  3.60000000e+00 
 5.72234650e-08  3.60000000e+00  5.72234650e-08  3.60000000e+00 
 5.72434650e-08  3.60000000e+00  5.72434650e-08  3.60000000e+00 
 5.72634650e-08  3.60000000e+00  5.72634650e-08  3.60000000e+00 
 5.72834650e-08  3.60000000e+00  5.72834650e-08  3.60000000e+00 
 5.73034650e-08  3.60000000e+00  5.73034650e-08  3.60000000e+00 
 5.73234650e-08  3.60000000e+00  5.73234650e-08  3.60000000e+00 
 5.73434650e-08  3.60000000e+00  5.73434650e-08  3.60000000e+00 
 5.73634650e-08  3.60000000e+00  5.73634650e-08  3.60000000e+00 
 5.73834650e-08  3.60000000e+00  5.73834650e-08  3.60000000e+00 
 5.74034650e-08  3.60000000e+00  5.74034650e-08  3.60000000e+00 
 5.74234650e-08  3.60000000e+00  5.74234650e-08  3.60000000e+00 
 5.74434650e-08  3.60000000e+00  5.74434650e-08  3.60000000e+00 
 5.74634650e-08  3.60000000e+00  5.74634650e-08  3.60000000e+00 
 5.74834650e-08  3.60000000e+00  5.74834650e-08  3.60000000e+00 
 5.75034650e-08  3.60000000e+00  5.75034650e-08  3.60000000e+00 
 5.75234650e-08  3.60000000e+00  5.75234650e-08  3.60000000e+00 
 5.75434650e-08  3.60000000e+00  5.75434650e-08  3.60000000e+00 
 5.75634650e-08  3.60000000e+00  5.75634650e-08  3.60000000e+00 
 5.75834650e-08  3.60000000e+00  5.75834650e-08  3.60000000e+00 
 5.76034650e-08  3.60000000e+00  5.76034650e-08  3.60000000e+00 
 5.76234650e-08  3.60000000e+00  5.76234650e-08  3.60000000e+00 
 5.76434650e-08  3.60000000e+00  5.76434650e-08  3.60000000e+00 
 5.76634650e-08  3.60000000e+00  5.76634650e-08  3.60000000e+00 
 5.76834650e-08  3.60000000e+00  5.76834650e-08  3.60000000e+00 
 5.77034650e-08  3.60000000e+00  5.77034650e-08  3.60000000e+00 
 5.77234650e-08  3.60000000e+00  5.77234650e-08  3.60000000e+00 
 5.77434650e-08  3.60000000e+00  5.77434650e-08  3.60000000e+00 
 5.77634650e-08  3.60000000e+00  5.77634650e-08  3.60000000e+00 
 5.77834650e-08  3.60000000e+00  5.77834650e-08  3.60000000e+00 
 5.78034650e-08  3.60000000e+00  5.78034650e-08  3.60000000e+00 
 5.78234650e-08  3.60000000e+00  5.78234650e-08  3.60000000e+00 
 5.78434650e-08  3.60000000e+00  5.78434650e-08  3.60000000e+00 
 5.78634650e-08  3.60000000e+00  5.78634650e-08  3.60000000e+00 
 5.78834650e-08  3.60000000e+00  5.78834650e-08  3.60000000e+00 
 5.79034650e-08  3.60000000e+00  5.79034650e-08  3.60000000e+00 
 5.79234650e-08  3.60000000e+00  5.79234650e-08  3.60000000e+00 
 5.79434650e-08  3.60000000e+00  5.79434650e-08  3.60000000e+00 
 5.79634650e-08  3.60000000e+00  5.79634650e-08  3.60000000e+00 
 5.79834650e-08  3.60000000e+00  5.79834650e-08  3.60000000e+00 
 5.80034650e-08  3.60000000e+00  5.80034650e-08  3.60000000e+00 
 5.80234650e-08  3.60000000e+00  5.80234650e-08  3.60000000e+00 
 5.80434650e-08  3.60000000e+00  5.80434650e-08  3.60000000e+00 
 5.80634650e-08  3.60000000e+00  5.80634650e-08  3.60000000e+00 
 5.80834650e-08  3.60000000e+00  5.80834650e-08  3.60000000e+00 
 5.81034650e-08  3.60000000e+00  5.81034650e-08  3.60000000e+00 
 5.81234650e-08  3.60000000e+00  5.81234650e-08  3.60000000e+00 
 5.81434650e-08  3.60000000e+00  5.81434650e-08  3.60000000e+00 
 5.81634650e-08  3.60000000e+00  5.81634650e-08  3.60000000e+00 
 5.81834650e-08  3.60000000e+00  5.81834650e-08  3.60000000e+00 
 5.82034650e-08  3.60000000e+00  5.82034650e-08  3.60000000e+00 
 5.82234650e-08  3.60000000e+00  5.82234650e-08  3.60000000e+00 
 5.82434650e-08  3.60000000e+00  5.82434650e-08  3.60000000e+00 
 5.82634650e-08  3.60000000e+00  5.82634650e-08  3.60000000e+00 
 5.82834650e-08  3.60000000e+00  5.82834650e-08  3.60000000e+00 
 5.83034650e-08  3.60000000e+00  5.83034650e-08  3.60000000e+00 
 5.83234650e-08  3.60000000e+00  5.83234650e-08  3.60000000e+00 
 5.83434650e-08  3.60000000e+00  5.83434650e-08  3.60000000e+00 
 5.83634650e-08  3.60000000e+00  5.83634650e-08  3.60000000e+00 
 5.83834650e-08  3.60000000e+00  5.83834650e-08  3.60000000e+00 
 5.84034650e-08  3.60000000e+00  5.84034650e-08  3.60000000e+00 
 5.84234650e-08  3.60000000e+00  5.84234650e-08  3.60000000e+00 
 5.84434650e-08  3.60000000e+00  5.84434650e-08  3.60000000e+00 
 5.84634650e-08  3.60000000e+00  5.84634650e-08  3.60000000e+00 
 5.84834650e-08  3.60000000e+00  5.84834650e-08  3.60000000e+00 
 5.85034650e-08  3.60000000e+00  5.85034650e-08  3.60000000e+00 
 5.85234650e-08  3.60000000e+00  5.85234650e-08  3.60000000e+00 
 5.85434650e-08  3.60000000e+00  5.85434650e-08  3.60000000e+00 
 5.85634650e-08  3.60000000e+00  5.85634650e-08  3.60000000e+00 
 5.85834650e-08  3.60000000e+00  5.85834650e-08  3.60000000e+00 
 5.86034650e-08  3.60000000e+00  5.86034650e-08  3.60000000e+00 
 5.86234650e-08  3.60000000e+00  5.86234650e-08  3.60000000e+00 
 5.86434650e-08  3.60000000e+00  5.86434650e-08  3.60000000e+00 
 5.86634650e-08  3.60000000e+00  5.86634650e-08  3.60000000e+00 
 5.86834650e-08  3.60000000e+00  5.86834650e-08  3.60000000e+00 
 5.87034650e-08  3.60000000e+00  5.87034650e-08  3.60000000e+00 
 5.87234650e-08  3.60000000e+00  5.87234650e-08  3.60000000e+00 
 5.87434650e-08  3.60000000e+00  5.87434650e-08  3.60000000e+00 
 5.87634650e-08  3.60000000e+00  5.87634650e-08  3.60000000e+00 
 5.87834650e-08  3.60000000e+00  5.87834650e-08  3.60000000e+00 
 5.88034650e-08  3.60000000e+00  5.88034650e-08  3.60000000e+00 
 5.88234650e-08  3.60000000e+00  5.88234650e-08  3.60000000e+00 
 5.88434650e-08  3.60000000e+00  5.88434650e-08  3.60000000e+00 
 5.88634650e-08  3.60000000e+00  5.88634650e-08  3.60000000e+00 
 5.88834650e-08  3.60000000e+00  5.88834650e-08  3.60000000e+00 
 5.89034650e-08  3.60000000e+00  5.89034650e-08  3.60000000e+00 
 5.89234650e-08  3.60000000e+00  5.89234650e-08  3.60000000e+00 
 5.89434650e-08  3.60000000e+00  5.89434650e-08  3.60000000e+00 
 5.89634650e-08  3.60000000e+00  5.89634650e-08  3.60000000e+00 
 5.89834650e-08  3.60000000e+00  5.89834650e-08  3.60000000e+00 
 5.90034650e-08  3.60000000e+00  5.90034650e-08  3.60000000e+00 
 5.90234650e-08  3.60000000e+00  5.90234650e-08  3.60000000e+00 
 5.90434650e-08  3.60000000e+00  5.90434650e-08  3.60000000e+00 
 5.90634650e-08  3.60000000e+00  5.90634650e-08  3.60000000e+00 
 5.90834650e-08  3.60000000e+00  5.90834650e-08  3.60000000e+00 
 5.91034650e-08  3.60000000e+00  5.91034650e-08  3.60000000e+00 
 5.91234650e-08  3.60000000e+00  5.91234650e-08  3.60000000e+00 
 5.91434650e-08  3.60000000e+00  5.91434650e-08  3.60000000e+00 
 5.91634650e-08  3.60000000e+00  5.91634650e-08  3.60000000e+00 
 5.91834650e-08  3.60000000e+00  5.91834650e-08  3.60000000e+00 
 5.92034650e-08  3.60000000e+00  5.92034650e-08  3.60000000e+00 
 5.92234650e-08  3.60000000e+00  5.92234650e-08  3.60000000e+00 
 5.92434650e-08  3.60000000e+00  5.92434650e-08  3.60000000e+00 
 5.92634650e-08  3.60000000e+00  5.92634650e-08  3.60000000e+00 
 5.92834650e-08  3.60000000e+00  5.92834650e-08  3.60000000e+00 
 5.93034650e-08  3.60000000e+00  5.93034650e-08  3.60000000e+00 
 5.93234650e-08  3.60000000e+00  5.93234650e-08  3.60000000e+00 
 5.93434650e-08  3.60000000e+00  5.93434650e-08  3.60000000e+00 
 5.93634650e-08  3.60000000e+00  5.93634650e-08  3.60000000e+00 
 5.93834650e-08  3.60000000e+00  5.93834650e-08  3.60000000e+00 
 5.94034650e-08  3.60000000e+00  5.94034650e-08  3.60000000e+00 
 5.94234650e-08  3.60000000e+00  5.94234650e-08  3.60000000e+00 
 5.94434650e-08  3.60000000e+00  5.94434650e-08  3.60000000e+00 
 5.94634650e-08  3.60000000e+00  5.94634650e-08  3.60000000e+00 
 5.94834650e-08  3.60000000e+00  5.94834650e-08  3.60000000e+00 
 5.95034650e-08  3.60000000e+00  5.95034650e-08  3.60000000e+00 
 5.95234650e-08  3.60000000e+00  5.95234650e-08  3.60000000e+00 
 5.95434650e-08  3.60000000e+00  5.95434650e-08  3.60000000e+00 
 5.95634650e-08  3.60000000e+00  5.95634650e-08  3.60000000e+00 
 5.95834650e-08  3.60000000e+00  5.95834650e-08  3.60000000e+00 
 5.96034650e-08  3.60000000e+00  5.96034650e-08  3.60000000e+00 
 5.96234650e-08  3.60000000e+00  5.96234650e-08  3.60000000e+00 
 5.96434650e-08  3.60000000e+00  5.96434650e-08  3.60000000e+00 
 5.96634650e-08  3.60000000e+00  5.96634650e-08  3.60000000e+00 
 5.96834650e-08  3.60000000e+00  5.96834650e-08  3.60000000e+00 
 5.97034650e-08  3.60000000e+00  5.97034650e-08  3.60000000e+00 
 5.97234650e-08  3.60000000e+00  5.97234650e-08  3.60000000e+00 
 5.97434650e-08  3.60000000e+00  5.97434650e-08  3.60000000e+00 
 5.97634650e-08  3.60000000e+00  5.97634650e-08  3.60000000e+00 
 5.97834650e-08  3.60000000e+00  5.97834650e-08  3.60000000e+00 
 5.98034650e-08  3.60000000e+00  5.98034650e-08  3.60000000e+00 
 5.98234650e-08  3.60000000e+00  5.98234650e-08  3.60000000e+00 
 5.98434650e-08  3.60000000e+00  5.98434650e-08  3.60000000e+00 
 5.98634650e-08  3.60000000e+00  5.98634650e-08  3.60000000e+00 
 5.98834650e-08  3.60000000e+00  5.98834650e-08  3.60000000e+00 
 5.99034650e-08  3.60000000e+00  5.99034650e-08  3.60000000e+00 
 5.99234650e-08  3.60000000e+00  5.99234650e-08  3.60000000e+00 
 5.99434650e-08  3.60000000e+00  5.99434650e-08  3.60000000e+00 
 5.99634650e-08  3.60000000e+00  5.99634650e-08  3.60000000e+00 
 5.99834650e-08  3.60000000e+00  5.99834650e-08  3.60000000e+00 
 6.00034650e-08  3.60000000e+00  6.00034650e-08  3.60000000e+00 
 6.00234650e-08  3.60000000e+00  6.00234650e-08  3.60000000e+00 
 6.00434650e-08  3.60000000e+00  6.00434650e-08  3.60000000e+00 
 6.00634650e-08  3.60000000e+00  6.00634650e-08  3.60000000e+00 
 6.00834650e-08  3.60000000e+00  6.00834650e-08  3.60000000e+00 
 6.01034650e-08  3.60000000e+00  6.01034650e-08  3.60000000e+00 
 6.01234650e-08  3.60000000e+00  6.01234650e-08  3.60000000e+00 
 6.01434650e-08  3.60000000e+00  6.01434650e-08  3.60000000e+00 
 6.01634650e-08  3.60000000e+00  6.01634650e-08  3.60000000e+00 
 6.01834650e-08  3.60000000e+00  6.01834650e-08  3.60000000e+00 
 6.02034650e-08  3.60000000e+00  6.02034650e-08  3.60000000e+00 
 6.02234650e-08  3.60000000e+00  6.02234650e-08  3.60000000e+00 
 6.02434650e-08  3.60000000e+00  6.02434650e-08  3.60000000e+00 
 6.02634650e-08  3.60000000e+00  6.02634650e-08  3.60000000e+00 
 6.02834650e-08  3.60000000e+00  6.02834650e-08  3.60000000e+00 
 6.03034650e-08  3.60000000e+00  6.03034650e-08  3.60000000e+00 
 6.03234650e-08  3.60000000e+00  6.03234650e-08  3.60000000e+00 
 6.03434650e-08  3.60000000e+00  6.03434650e-08  3.60000000e+00 
 6.03634650e-08  3.60000000e+00  6.03634650e-08  3.60000000e+00 
 6.03834650e-08  3.60000000e+00  6.03834650e-08  3.60000000e+00 
 6.04034650e-08  3.60000000e+00  6.04034650e-08  3.60000000e+00 
 6.04234650e-08  3.60000000e+00  6.04234650e-08  3.60000000e+00 
 6.04434650e-08  3.60000000e+00  6.04434650e-08  3.60000000e+00 
 6.04634650e-08  3.60000000e+00  6.04634650e-08  3.60000000e+00 
 6.04834650e-08  3.60000000e+00  6.04834650e-08  3.60000000e+00 
 6.05034650e-08  3.60000000e+00  6.05034650e-08  3.60000000e+00 
 6.05234650e-08  3.60000000e+00  6.05234650e-08  3.60000000e+00 
 6.05434650e-08  3.60000000e+00  6.05434650e-08  3.60000000e+00 
 6.05634650e-08  3.60000000e+00  6.05634650e-08  3.60000000e+00 
 6.05834650e-08  3.60000000e+00  6.05834650e-08  3.60000000e+00 
 6.06034650e-08  3.60000000e+00  6.06034650e-08  3.60000000e+00 
 6.06234650e-08  3.60000000e+00  6.06234650e-08  3.60000000e+00 
 6.06434650e-08  3.60000000e+00  6.06434650e-08  3.60000000e+00 
 6.06634650e-08  3.60000000e+00  6.06634650e-08  3.60000000e+00 
 6.06834650e-08  3.60000000e+00  6.06834650e-08  3.60000000e+00 
 6.07034650e-08  3.60000000e+00  6.07034650e-08  3.60000000e+00 
 6.07234650e-08  3.60000000e+00  6.07234650e-08  3.60000000e+00 
 6.07434650e-08  3.60000000e+00  6.07434650e-08  3.60000000e+00 
 6.07634650e-08  3.60000000e+00  6.07634650e-08  3.60000000e+00 
 6.07834650e-08  3.60000000e+00  6.07834650e-08  3.60000000e+00 
 6.08034650e-08  3.60000000e+00  6.08034650e-08  3.60000000e+00 
 6.08234650e-08  3.60000000e+00  6.08234650e-08  3.60000000e+00 
 6.08434650e-08  3.60000000e+00  6.08434650e-08  3.60000000e+00 
 6.08634650e-08  3.60000000e+00  6.08634650e-08  3.60000000e+00 
 6.08834650e-08  3.60000000e+00  6.08834650e-08  3.60000000e+00 
 6.09034650e-08  3.60000000e+00  6.09034650e-08  3.60000000e+00 
 6.09234650e-08  3.60000000e+00  6.09234650e-08  3.60000000e+00 
 6.09434650e-08  3.60000000e+00  6.09434650e-08  3.60000000e+00 
 6.09634650e-08  3.60000000e+00  6.09634650e-08  3.60000000e+00 
 6.09834650e-08  3.60000000e+00  6.09834650e-08  3.60000000e+00 
 6.10034650e-08  3.60000000e+00  6.10034650e-08  3.60000000e+00 
 6.10234650e-08  3.60000000e+00  6.10234650e-08  3.60000000e+00 
 6.10434650e-08  3.60000000e+00  6.10434650e-08  3.60000000e+00 
 6.10634650e-08  3.60000000e+00  6.10634650e-08  3.60000000e+00 
 6.10834650e-08  3.60000000e+00  6.10834650e-08  3.60000000e+00 
 6.11034650e-08  3.60000000e+00  6.11034650e-08  3.60000000e+00 
 6.11234650e-08  3.60000000e+00  6.11234650e-08  3.60000000e+00 
 6.11434650e-08  3.60000000e+00  6.11434650e-08  3.60000000e+00 
 6.11634650e-08  3.60000000e+00  6.11634650e-08  3.60000000e+00 
 6.11834650e-08  3.60000000e+00  6.11834650e-08  3.60000000e+00 
 6.12034650e-08  3.60000000e+00  6.12034650e-08  3.60000000e+00 
 6.12234650e-08  3.60000000e+00  6.12234650e-08  3.60000000e+00 
 6.12434650e-08  3.60000000e+00  6.12434650e-08  3.60000000e+00 
 6.12634650e-08  3.60000000e+00  6.12634650e-08  3.60000000e+00 
 6.12834650e-08  3.60000000e+00  6.12834650e-08  3.60000000e+00 
 6.13034650e-08  3.60000000e+00  6.13034650e-08  3.60000000e+00 
 6.13234650e-08  3.60000000e+00  6.13234650e-08  3.60000000e+00 
 6.13434650e-08  3.60000000e+00  6.13434650e-08  3.60000000e+00 
 6.13634650e-08  3.60000000e+00  6.13634650e-08  3.60000000e+00 
 6.13834650e-08  3.60000000e+00  6.13834650e-08  3.60000000e+00 
 6.14034650e-08  3.60000000e+00  6.14034650e-08  3.60000000e+00 
 6.14234650e-08  3.60000000e+00  6.14234650e-08  3.60000000e+00 
 6.14434650e-08  3.60000000e+00  6.14434650e-08  3.60000000e+00 
 6.14634650e-08  3.60000000e+00  6.14634650e-08  3.60000000e+00 
 6.14834650e-08  3.60000000e+00  6.14834650e-08  3.60000000e+00 
 6.15034650e-08  3.60000000e+00  6.15034650e-08  3.60000000e+00 
 6.15234650e-08  3.60000000e+00  6.15234650e-08  3.60000000e+00 
 6.15434650e-08  3.60000000e+00  6.15434650e-08  3.60000000e+00 
 6.15634650e-08  3.60000000e+00  6.15634650e-08  3.60000000e+00 
 6.15834650e-08  3.60000000e+00  6.15834650e-08  3.60000000e+00 
 6.16034650e-08  3.60000000e+00  6.16034650e-08  3.60000000e+00 
 6.16234650e-08  3.60000000e+00  6.16234650e-08  3.60000000e+00 
 6.16434650e-08  3.60000000e+00  6.16434650e-08  3.60000000e+00 
 6.16634650e-08  3.60000000e+00  6.16634650e-08  3.60000000e+00 
 6.16834650e-08  3.60000000e+00  6.16834650e-08  3.60000000e+00 
 6.17034650e-08  3.60000000e+00  6.17034650e-08  3.60000000e+00 
 6.17234650e-08  3.60000000e+00  6.17234650e-08  3.60000000e+00 
 6.17434650e-08  3.60000000e+00  6.17434650e-08  3.60000000e+00 
 6.17634650e-08  3.60000000e+00  6.17634650e-08  3.60000000e+00 
 6.17834650e-08  3.60000000e+00  6.17834650e-08  3.60000000e+00 
 6.18034650e-08  3.60000000e+00  6.18034650e-08  3.60000000e+00 
 6.18234650e-08  3.60000000e+00  6.18234650e-08  3.60000000e+00 
 6.18434650e-08  3.60000000e+00  6.18434650e-08  3.60000000e+00 
 6.18634650e-08  3.60000000e+00  6.18634650e-08  3.60000000e+00 
 6.18834650e-08  3.60000000e+00  6.18834650e-08  3.60000000e+00 
 6.19034650e-08  3.60000000e+00  6.19034650e-08  3.60000000e+00 
 6.19234650e-08  3.60000000e+00  6.19234650e-08  3.60000000e+00 
 6.19434650e-08  3.60000000e+00  6.19434650e-08  3.60000000e+00 
 6.19634650e-08  3.60000000e+00  6.19634650e-08  3.60000000e+00 
 6.19834650e-08  3.60000000e+00  6.19834650e-08  3.60000000e+00 
 6.20034650e-08  3.60000000e+00  6.20034650e-08  3.60000000e+00 
 6.20234650e-08  3.60000000e+00  6.20234650e-08  3.60000000e+00 
 6.20434650e-08  3.60000000e+00  6.20434650e-08  3.60000000e+00 
 6.20634650e-08  3.60000000e+00  6.20634650e-08  3.60000000e+00 
 6.20834650e-08  3.60000000e+00  6.20834650e-08  3.60000000e+00 
 6.21034650e-08  3.60000000e+00  6.21034650e-08  3.60000000e+00 
 6.21234650e-08  3.60000000e+00  6.21234650e-08  3.60000000e+00 
 6.21434650e-08  3.60000000e+00  6.21434650e-08  3.60000000e+00 
 6.21634650e-08  3.60000000e+00  6.21634650e-08  3.60000000e+00 
 6.21834650e-08  3.60000000e+00  6.21834650e-08  3.60000000e+00 
 6.22034650e-08  3.60000000e+00  6.22034650e-08  3.60000000e+00 
 6.22234650e-08  3.60000000e+00  6.22234650e-08  3.60000000e+00 
 6.22434650e-08  3.60000000e+00  6.22434650e-08  3.60000000e+00 
 6.22634650e-08  3.60000000e+00  6.22634650e-08  3.60000000e+00 
 6.22834650e-08  3.60000000e+00  6.22834650e-08  3.60000000e+00 
 6.23034650e-08  3.60000000e+00  6.23034650e-08  3.60000000e+00 
 6.23234650e-08  3.60000000e+00  6.23234650e-08  3.60000000e+00 
 6.23434650e-08  3.60000000e+00  6.23434650e-08  3.60000000e+00 
 6.23634650e-08  3.60000000e+00  6.23634650e-08  3.60000000e+00 
 6.23834650e-08  3.60000000e+00  6.23834650e-08  3.60000000e+00 
 6.24034650e-08  3.60000000e+00  6.24034650e-08  3.60000000e+00 
 6.24234650e-08  3.60000000e+00  6.24234650e-08  3.60000000e+00 
 6.24434650e-08  3.60000000e+00  6.24434650e-08  3.60000000e+00 
 6.24634650e-08  3.60000000e+00  6.24634650e-08  3.60000000e+00 
 6.24834650e-08  3.60000000e+00  6.24834650e-08  3.60000000e+00 
 6.25034650e-08  3.60000000e+00  6.25034650e-08  3.60000000e+00 
 6.25234650e-08  3.60000000e+00  6.25234650e-08  3.60000000e+00 
 6.25434650e-08  3.60000000e+00  6.25434650e-08  3.60000000e+00 
 6.25634650e-08  3.60000000e+00  6.25634650e-08  3.60000000e+00 
 6.25834650e-08  3.60000000e+00  6.25834650e-08  3.60000000e+00 
 6.26034650e-08  3.60000000e+00  6.26034650e-08  3.60000000e+00 
 6.26234650e-08  3.60000000e+00  6.26234650e-08  3.60000000e+00 
 6.26434650e-08  3.60000000e+00  6.26434650e-08  3.60000000e+00 
 6.26634650e-08  3.60000000e+00  6.26634650e-08  3.60000000e+00 
 6.26834650e-08  3.60000000e+00  6.26834650e-08  3.60000000e+00 
 6.27034650e-08  3.60000000e+00  6.27034650e-08  3.60000000e+00 
 6.27234650e-08  3.60000000e+00  6.27234650e-08  3.60000000e+00 
 6.27434650e-08  3.60000000e+00  6.27434650e-08  3.60000000e+00 
 6.27634650e-08  3.60000000e+00  6.27634650e-08  3.60000000e+00 
 6.27834650e-08  3.60000000e+00  6.27834650e-08  3.60000000e+00 
 6.28034650e-08  3.60000000e+00  6.28034650e-08  3.60000000e+00 
 6.28234650e-08  3.60000000e+00  6.28234650e-08  3.60000000e+00 
 6.28434650e-08  3.60000000e+00  6.28434650e-08  3.60000000e+00 
 6.28634650e-08  3.60000000e+00  6.28634650e-08  3.60000000e+00 
 6.28834650e-08  3.60000000e+00  6.28834650e-08  3.60000000e+00 
 6.29034650e-08  3.60000000e+00  6.29034650e-08  3.60000000e+00 
 6.29234650e-08  3.60000000e+00  6.29234650e-08  3.60000000e+00 
 6.29434650e-08  3.60000000e+00  6.29434650e-08  3.60000000e+00 
 6.29634650e-08  3.60000000e+00  6.29634650e-08  3.60000000e+00 
 6.29834650e-08  3.60000000e+00  6.29834650e-08  3.60000000e+00 
 6.30034650e-08  3.60000000e+00  6.30034650e-08  3.60000000e+00 
 6.30234650e-08  3.60000000e+00  6.30234650e-08  3.60000000e+00 
 6.30434650e-08  3.60000000e+00  6.30434650e-08  3.60000000e+00 
 6.30634650e-08  3.60000000e+00  6.30634650e-08  3.60000000e+00 
 6.30834650e-08  3.60000000e+00  6.30834650e-08  3.60000000e+00 
 6.31034650e-08  3.60000000e+00  6.31034650e-08  3.60000000e+00 
 6.31234650e-08  3.60000000e+00  6.31234650e-08  3.60000000e+00 
 6.31434650e-08  3.60000000e+00  6.31434650e-08  3.60000000e+00 
 6.31634650e-08  3.60000000e+00  6.31634650e-08  3.60000000e+00 
 6.31834650e-08  3.60000000e+00  6.31834650e-08  3.60000000e+00 
 6.32034650e-08  3.60000000e+00  6.32034650e-08  3.60000000e+00 
 6.32234650e-08  3.60000000e+00  6.32234650e-08  3.60000000e+00 
 6.32434650e-08  3.60000000e+00  6.32434650e-08  3.60000000e+00 
 6.32634650e-08  3.60000000e+00  6.32634650e-08  3.60000000e+00 
 6.32834650e-08  3.60000000e+00  6.32834650e-08  3.60000000e+00 
 6.33034650e-08  3.60000000e+00  6.33034650e-08  3.60000000e+00 
 6.33234650e-08  3.60000000e+00  6.33234650e-08  3.60000000e+00 
 6.33434650e-08  3.60000000e+00  6.33434650e-08  3.60000000e+00 
 6.33634650e-08  3.60000000e+00  6.33634650e-08  3.60000000e+00 
 6.33834650e-08  3.60000000e+00  6.33834650e-08  3.60000000e+00 
 6.34034650e-08  3.60000000e+00  6.34034650e-08  3.60000000e+00 
 6.34234650e-08  3.60000000e+00  6.34234650e-08  3.60000000e+00 
 6.34434650e-08  3.60000000e+00  6.34434650e-08  3.60000000e+00 
 6.34634650e-08  3.60000000e+00  6.34634650e-08  3.60000000e+00 
 6.34834650e-08  3.60000000e+00  6.34834650e-08  3.60000000e+00 
 6.35034650e-08  3.60000000e+00  6.35034650e-08  3.60000000e+00 
 6.35234650e-08  3.60000000e+00  6.35234650e-08  3.60000000e+00 
 6.35434650e-08  3.60000000e+00  6.35434650e-08  3.60000000e+00 
 6.35634650e-08  3.60000000e+00  6.35634650e-08  3.60000000e+00 
 6.35834650e-08  3.60000000e+00  6.35834650e-08  3.60000000e+00 
 6.36034650e-08  3.60000000e+00  6.36034650e-08  3.60000000e+00 
 6.36234650e-08  3.60000000e+00  6.36234650e-08  3.60000000e+00 
 6.36434650e-08  3.59999999e+00  6.36434650e-08  3.60000000e+00 
 6.36634650e-08  3.59999999e+00  6.36634650e-08  3.60000000e+00 
 6.36834650e-08  3.59999999e+00  6.36834650e-08  3.60000000e+00 
 6.37034650e-08  3.59999999e+00  6.37034650e-08  3.60000000e+00 
 6.37234650e-08  3.59999999e+00  6.37234650e-08  3.60000000e+00 
 6.37434650e-08  3.59999999e+00  6.37434650e-08  3.60000000e+00 
 6.37634650e-08  3.59999999e+00  6.37634650e-08  3.60000000e+00 
 6.37834650e-08  3.59999999e+00  6.37834650e-08  3.60000000e+00 
 6.38034650e-08  3.59999999e+00  6.38034650e-08  3.60000000e+00 
 6.38234650e-08  3.59999999e+00  6.38234650e-08  3.60000000e+00 
 6.38434650e-08  3.59999999e+00  6.38434650e-08  3.60000000e+00 
 6.38634650e-08  3.59999999e+00  6.38634650e-08  3.60000000e+00 
 6.38834650e-08  3.59999999e+00  6.38834650e-08  3.60000000e+00 
 6.39034650e-08  3.59999999e+00  6.39034650e-08  3.60000000e+00 
 6.39234650e-08  3.59999999e+00  6.39234650e-08  3.60000000e+00 
 6.39434650e-08  3.59999999e+00  6.39434650e-08  3.60000000e+00 
 6.39634650e-08  3.59999999e+00  6.39634650e-08  3.60000000e+00 
 6.39834650e-08  3.59999999e+00  6.39834650e-08  3.60000000e+00 
 6.40034650e-08  3.59999999e+00  6.40034650e-08  3.60000000e+00 
 6.40234650e-08  3.59999999e+00  6.40234650e-08  3.60000000e+00 
 6.40434650e-08  3.59999999e+00  6.40434650e-08  3.60000000e+00 
 6.40634650e-08  3.59999999e+00  6.40634650e-08  3.60000000e+00 
 6.40834650e-08  3.59999999e+00  6.40834650e-08  3.60000000e+00 
 6.41034650e-08  3.59999999e+00  6.41034650e-08  3.60000000e+00 
 6.41234650e-08  3.59999999e+00  6.41234650e-08  3.60000000e+00 
 6.41434650e-08  3.59999999e+00  6.41434650e-08  3.60000000e+00 
 6.41634650e-08  3.59999999e+00  6.41634650e-08  3.60000000e+00 
 6.41834650e-08  3.59999999e+00  6.41834650e-08  3.60000000e+00 
 6.42034650e-08  3.59999999e+00  6.42034650e-08  3.60000000e+00 
 6.42234650e-08  3.59999999e+00  6.42234650e-08  3.60000000e+00 
 6.42434650e-08  3.59999999e+00  6.42434650e-08  3.60000000e+00 
 6.42634650e-08  3.59999999e+00  6.42634650e-08  3.60000000e+00 
 6.42834650e-08  3.59999999e+00  6.42834650e-08  3.60000000e+00 
 6.43034650e-08  3.59999999e+00  6.43034650e-08  3.60000000e+00 
 6.43234650e-08  3.59999999e+00  6.43234650e-08  3.60000000e+00 
 6.43434650e-08  3.59999999e+00  6.43434650e-08  3.60000000e+00 
 6.43634650e-08  3.59999999e+00  6.43634650e-08  3.60000000e+00 
 6.43834650e-08  3.59999999e+00  6.43834650e-08  3.60000000e+00 
 6.44034650e-08  3.59999999e+00  6.44034650e-08  3.60000000e+00 
 6.44234650e-08  3.59999999e+00  6.44234650e-08  3.60000000e+00 
 6.44434650e-08  3.59999999e+00  6.44434650e-08  3.60000000e+00 
 6.44634650e-08  3.59999999e+00  6.44634650e-08  3.60000000e+00 
 6.44834650e-08  3.59999999e+00  6.44834650e-08  3.60000000e+00 
 6.45034650e-08  3.59999999e+00  6.45034650e-08  3.60000000e+00 
 6.45234650e-08  3.59999999e+00  6.45234650e-08  3.60000000e+00 
 6.45434650e-08  3.59999999e+00  6.45434650e-08  3.60000000e+00 
 6.45634650e-08  3.59999999e+00  6.45634650e-08  3.60000000e+00 
 6.45834650e-08  3.59999999e+00  6.45834650e-08  3.60000000e+00 
 6.46034650e-08  3.59999999e+00  6.46034650e-08  3.60000000e+00 
 6.46234650e-08  3.59999999e+00  6.46234650e-08  3.60000000e+00 
 6.46434650e-08  3.59999999e+00  6.46434650e-08  3.60000000e+00 
 6.46634650e-08  3.59999999e+00  6.46634650e-08  3.60000000e+00 
 6.46834650e-08  3.59999999e+00  6.46834650e-08  3.60000000e+00 
 6.47034650e-08  3.59999999e+00  6.47034650e-08  3.60000000e+00 
 6.47234650e-08  3.59999999e+00  6.47234650e-08  3.60000000e+00 
 6.47434650e-08  3.59999999e+00  6.47434650e-08  3.60000000e+00 
 6.47634650e-08  3.59999999e+00  6.47634650e-08  3.60000000e+00 
 6.47834650e-08  3.59999999e+00  6.47834650e-08  3.60000000e+00 
 6.48034650e-08  3.59999999e+00  6.48034650e-08  3.60000000e+00 
 6.48234650e-08  3.59999999e+00  6.48234650e-08  3.60000000e+00 
 6.48434650e-08  3.59999999e+00  6.48434650e-08  3.59999999e+00 
 6.48634650e-08  3.59999999e+00  6.48634650e-08  3.59999999e+00 
 6.48834650e-08  3.59999999e+00  6.48834650e-08  3.59999999e+00 
 6.49034650e-08  3.59999999e+00  6.49034650e-08  3.59999999e+00 
 6.49234650e-08  3.59999999e+00  6.49234650e-08  3.59999999e+00 
 6.49434650e-08  3.59999999e+00  6.49434650e-08  3.59999999e+00 
 6.49634650e-08  3.59999999e+00  6.49634650e-08  3.59999999e+00 
 6.49834650e-08  3.59999999e+00  6.49834650e-08  3.59999999e+00 
 6.50034650e-08  3.59999999e+00  6.50034650e-08  3.59999999e+00 
 6.50234650e-08  3.59999999e+00  6.50234650e-08  3.59999999e+00 
 6.50434650e-08  3.59999999e+00  6.50434650e-08  3.59999999e+00 
 6.50634650e-08  3.59999999e+00  6.50634650e-08  3.59999999e+00 
 6.50834650e-08  3.59999999e+00  6.50834650e-08  3.59999999e+00 
 6.51034650e-08  3.59999999e+00  6.51034650e-08  3.59999999e+00 
 6.51234650e-08  3.59999999e+00  6.51234650e-08  3.59999999e+00 
 6.51434650e-08  3.59999999e+00  6.51434650e-08  3.59999999e+00 
 6.51634650e-08  3.59999999e+00  6.51634650e-08  3.59999999e+00 
 6.51834650e-08  3.59999999e+00  6.51834650e-08  3.59999999e+00 
 6.52034650e-08  3.59999999e+00  6.52034650e-08  3.59999999e+00 
 6.52234650e-08  3.59999999e+00  6.52234650e-08  3.59999999e+00 
 6.52434650e-08  3.59999999e+00  6.52434650e-08  3.59999999e+00 
 6.52634650e-08  3.59999999e+00  6.52634650e-08  3.59999999e+00 
 6.52834650e-08  3.59999999e+00  6.52834650e-08  3.59999999e+00 
 6.53034650e-08  3.59999999e+00  6.53034650e-08  3.59999999e+00 
 6.53234650e-08  3.59999999e+00  6.53234650e-08  3.59999999e+00 
 6.53434650e-08  3.59999999e+00  6.53434650e-08  3.59999999e+00 
 6.53634650e-08  3.59999999e+00  6.53634650e-08  3.59999999e+00 
 6.53834650e-08  3.59999999e+00  6.53834650e-08  3.59999999e+00 
 6.54034650e-08  3.59999999e+00  6.54034650e-08  3.59999999e+00 
 6.54234650e-08  3.59999999e+00  6.54234650e-08  3.59999999e+00 
 6.54434650e-08  3.59999999e+00  6.54434650e-08  3.59999999e+00 
 6.54634650e-08  3.59999999e+00  6.54634650e-08  3.59999999e+00 
 6.54834650e-08  3.59999999e+00  6.54834650e-08  3.59999999e+00 
 6.55034650e-08  3.59999999e+00  6.55034650e-08  3.59999999e+00 
 6.55234650e-08  3.59999999e+00  6.55234650e-08  3.59999999e+00 
 6.55434650e-08  3.59999999e+00  6.55434650e-08  3.59999999e+00 
 6.55634650e-08  3.59999999e+00  6.55634650e-08  3.59999999e+00 
 6.55834650e-08  3.59999999e+00  6.55834650e-08  3.59999999e+00 
 6.56034650e-08  3.59999999e+00  6.56034650e-08  3.59999999e+00 
 6.56234650e-08  3.59999999e+00  6.56234650e-08  3.59999999e+00 
 6.56434650e-08  3.59999999e+00  6.56434650e-08  3.59999999e+00 
 6.56634650e-08  3.59999999e+00  6.56634650e-08  3.59999999e+00 
 6.56834650e-08  3.59999999e+00  6.56834650e-08  3.59999999e+00 
 6.57034650e-08  3.59999999e+00  6.57034650e-08  3.59999999e+00 
 6.57234650e-08  3.59999999e+00  6.57234650e-08  3.59999999e+00 
 6.57434650e-08  3.59999999e+00  6.57434650e-08  3.59999999e+00 
 6.57634650e-08  3.59999999e+00  6.57634650e-08  3.59999999e+00 
 6.57834650e-08  3.59999999e+00  6.57834650e-08  3.59999999e+00 
 6.58034650e-08  3.59999999e+00  6.58034650e-08  3.59999999e+00 
 6.58234650e-08  3.59999999e+00  6.58234650e-08  3.59999999e+00 
 6.58434650e-08  3.59999999e+00  6.58434650e-08  3.59999999e+00 
 6.58634650e-08  3.59999999e+00  6.58634650e-08  3.59999999e+00 
 6.58834650e-08  3.59999999e+00  6.58834650e-08  3.59999999e+00 
 6.59034650e-08  3.59999999e+00  6.59034650e-08  3.59999999e+00 
 6.59234650e-08  3.59999999e+00  6.59234650e-08  3.59999999e+00 
 6.59434650e-08  3.59999999e+00  6.59434650e-08  3.59999999e+00 
 6.59634650e-08  3.59999999e+00  6.59634650e-08  3.59999999e+00 
 6.59834650e-08  3.59999999e+00  6.59834650e-08  3.59999999e+00 
 6.60034650e-08  3.59999999e+00  6.60034650e-08  3.59999999e+00 
 6.60234650e-08  3.59999999e+00  6.60234650e-08  3.59999999e+00 
 6.60434650e-08  3.59999999e+00  6.60434650e-08  3.59999999e+00 
 6.60634650e-08  3.59999999e+00  6.60634650e-08  3.59999999e+00 
 6.60834650e-08  3.59999999e+00  6.60834650e-08  3.59999999e+00 
 6.61034650e-08  3.59999999e+00  6.61034650e-08  3.59999999e+00 
 6.61234650e-08  3.59999999e+00  6.61234650e-08  3.59999999e+00 
 6.61434650e-08  3.59999999e+00  6.61434650e-08  3.59999999e+00 
 6.61634650e-08  3.59999999e+00  6.61634650e-08  3.59999999e+00 
 6.61834650e-08  3.59999999e+00  6.61834650e-08  3.59999999e+00 
 6.62034650e-08  3.59999999e+00  6.62034650e-08  3.59999999e+00 
 6.62234650e-08  3.59999999e+00  6.62234650e-08  3.59999999e+00 
 6.62434650e-08  3.59999999e+00  6.62434650e-08  3.59999999e+00 
 6.62634650e-08  3.59999999e+00  6.62634650e-08  3.59999999e+00 
 6.62834650e-08  3.59999999e+00  6.62834650e-08  3.59999999e+00 
 6.63034650e-08  3.59999999e+00  6.63034650e-08  3.59999999e+00 
 6.63234650e-08  3.59999999e+00  6.63234650e-08  3.59999999e+00 
 6.63434650e-08  3.59999999e+00  6.63434650e-08  3.59999999e+00 
 6.63634650e-08  3.59999999e+00  6.63634650e-08  3.59999999e+00 
 6.63834650e-08  3.59999999e+00  6.63834650e-08  3.59999999e+00 
 6.64034650e-08  3.59999999e+00  6.64034650e-08  3.59999999e+00 
 6.64234650e-08  3.59999999e+00  6.64234650e-08  3.59999999e+00 
 6.64434650e-08  3.59999999e+00  6.64434650e-08  3.59999999e+00 
 6.64634650e-08  3.59999999e+00  6.64634650e-08  3.59999999e+00 
 6.64834650e-08  3.59999999e+00  6.64834650e-08  3.59999999e+00 
 6.65034650e-08  3.59999999e+00  6.65034650e-08  3.59999999e+00 
 6.65234650e-08  3.59999999e+00  6.65234650e-08  3.59999999e+00 
 6.65434650e-08  3.59999999e+00  6.65434650e-08  3.59999999e+00 
 6.65634650e-08  3.59999999e+00  6.65634650e-08  3.59999999e+00 
 6.65834650e-08  3.59999999e+00  6.65834650e-08  3.59999999e+00 
 6.66034650e-08  3.59999999e+00  6.66034650e-08  3.59999999e+00 
 6.66234650e-08  3.59999999e+00  6.66234650e-08  3.59999999e+00 
 6.66434650e-08  3.59999999e+00  6.66434650e-08  3.59999999e+00 
 6.66634650e-08  3.59999999e+00  6.66634650e-08  3.59999999e+00 
 6.66834650e-08  3.59999999e+00  6.66834650e-08  3.59999999e+00 
 6.67034650e-08  3.59999999e+00  6.67034650e-08  3.59999999e+00 
 6.67234650e-08  3.59999999e+00  6.67234650e-08  3.59999999e+00 
 6.67434650e-08  3.59999999e+00  6.67434650e-08  3.59999999e+00 
 6.67634650e-08  3.59999999e+00  6.67634650e-08  3.59999999e+00 
 6.67834650e-08  3.59999999e+00  6.67834650e-08  3.59999999e+00 
 6.68034650e-08  3.59999999e+00  6.68034650e-08  3.59999999e+00 
 6.68234650e-08  3.59999999e+00  6.68234650e-08  3.59999999e+00 
 6.68434650e-08  3.59999999e+00  6.68434650e-08  3.59999999e+00 
 6.68634650e-08  3.59999999e+00  6.68634650e-08  3.59999999e+00 
 6.68834650e-08  3.59999999e+00  6.68834650e-08  3.59999999e+00 
 6.69034650e-08  3.59999999e+00  6.69034650e-08  3.59999999e+00 
 6.69234650e-08  3.59999999e+00  6.69234650e-08  3.59999999e+00 
 6.69434650e-08  3.59999999e+00  6.69434650e-08  3.59999999e+00 
 6.69634650e-08  3.59999999e+00  6.69634650e-08  3.59999999e+00 
 6.69834650e-08  3.59999999e+00  6.69834650e-08  3.59999999e+00 
 6.70034650e-08  3.59999999e+00  6.70034650e-08  3.59999999e+00 
 6.70234650e-08  3.59999999e+00  6.70234650e-08  3.59999999e+00 
 6.70434650e-08  3.59999999e+00  6.70434650e-08  3.59999999e+00 
 6.70634650e-08  3.59999999e+00  6.70634650e-08  3.59999999e+00 
 6.70834650e-08  3.59999999e+00  6.70834650e-08  3.59999999e+00 
 6.71034650e-08  3.59999999e+00  6.71034650e-08  3.59999999e+00 
 6.71234650e-08  3.59999999e+00  6.71234650e-08  3.59999999e+00 
 6.71434650e-08  3.59999999e+00  6.71434650e-08  3.59999999e+00 
 6.71634650e-08  3.59999999e+00  6.71634650e-08  3.59999999e+00 
 6.71834650e-08  3.59999999e+00  6.71834650e-08  3.59999999e+00 
 6.72034650e-08  3.59999999e+00  6.72034650e-08  3.59999999e+00 
 6.72234650e-08  3.59999999e+00  6.72234650e-08  3.59999999e+00 
 6.72434650e-08  3.59999999e+00  6.72434650e-08  3.59999999e+00 
 6.72634650e-08  3.59999999e+00  6.72634650e-08  3.59999999e+00 
 6.72834650e-08  3.59999999e+00  6.72834650e-08  3.59999999e+00 
 6.73034650e-08  3.59999999e+00  6.73034650e-08  3.59999999e+00 
 6.73234650e-08  3.59999999e+00  6.73234650e-08  3.59999999e+00 
 6.73434650e-08  3.59999999e+00  6.73434650e-08  3.59999999e+00 
 6.73634650e-08  3.59999999e+00  6.73634650e-08  3.59999999e+00 
 6.73834650e-08  3.59999999e+00  6.73834650e-08  3.59999999e+00 
 6.74034650e-08  3.59999999e+00  6.74034650e-08  3.59999999e+00 
 6.74234650e-08  3.59999999e+00  6.74234650e-08  3.59999999e+00 
 6.74434650e-08  3.59999999e+00  6.74434650e-08  3.59999999e+00 
 6.74634650e-08  3.59999999e+00  6.74634650e-08  3.59999999e+00 
 6.74834650e-08  3.59999999e+00  6.74834650e-08  3.59999999e+00 
 6.75034650e-08  3.59999999e+00  6.75034650e-08  3.59999999e+00 
 6.75234650e-08  3.59999999e+00  6.75234650e-08  3.59999999e+00 
 6.75434650e-08  3.59999999e+00  6.75434650e-08  3.59999999e+00 
 6.75634650e-08  3.59999999e+00  6.75634650e-08  3.59999999e+00 
 6.75834650e-08  3.59999999e+00  6.75834650e-08  3.59999999e+00 
 6.76034650e-08  3.59999999e+00  6.76034650e-08  3.59999999e+00 
 6.76234650e-08  3.59999999e+00  6.76234650e-08  3.59999999e+00 
 6.76434650e-08  3.59999999e+00  6.76434650e-08  3.59999999e+00 
 6.76634650e-08  3.59999999e+00  6.76634650e-08  3.59999999e+00 
 6.76834650e-08  3.59999999e+00  6.76834650e-08  3.59999999e+00 
 6.77034650e-08  3.59999999e+00  6.77034650e-08  3.59999999e+00 
 6.77234650e-08  3.59999999e+00  6.77234650e-08  3.59999999e+00 
 6.77434650e-08  3.59999999e+00  6.77434650e-08  3.59999999e+00 
 6.77634650e-08  3.59999999e+00  6.77634650e-08  3.59999999e+00 
 6.77834650e-08  3.59999999e+00  6.77834650e-08  3.59999999e+00 
 6.78034650e-08  3.59999999e+00  6.78034650e-08  3.59999999e+00 
 6.78234650e-08  3.59999999e+00  6.78234650e-08  3.59999999e+00 
 6.78434650e-08  3.59999999e+00  6.78434650e-08  3.59999999e+00 
 6.78634650e-08  3.59999999e+00  6.78634650e-08  3.59999999e+00 
 6.78834650e-08  3.59999999e+00  6.78834650e-08  3.59999999e+00 
 6.79034650e-08  3.59999999e+00  6.79034650e-08  3.59999999e+00 
 6.79234650e-08  3.59999999e+00  6.79234650e-08  3.59999999e+00 
 6.79434650e-08  3.59999999e+00  6.79434650e-08  3.59999999e+00 
 6.79634650e-08  3.59999999e+00  6.79634650e-08  3.59999999e+00 
 6.79834650e-08  3.59999999e+00  6.79834650e-08  3.59999999e+00 
 6.80034650e-08  3.59999999e+00  6.80034650e-08  3.59999999e+00 
 6.80234650e-08  3.59999999e+00  6.80234650e-08  3.59999999e+00 
 6.80434650e-08  3.59999999e+00  6.80434650e-08  3.59999999e+00 
 6.80634650e-08  3.59999999e+00  6.80634650e-08  3.59999999e+00 
 6.80834650e-08  3.59999999e+00  6.80834650e-08  3.59999999e+00 
 6.81034650e-08  3.59999999e+00  6.81034650e-08  3.59999999e+00 
 6.81234650e-08  3.59999999e+00  6.81234650e-08  3.59999999e+00 
 6.81434650e-08  3.59999999e+00  6.81434650e-08  3.59999999e+00 
 6.81634650e-08  3.59999999e+00  6.81634650e-08  3.59999999e+00 
 6.81834650e-08  3.59999999e+00  6.81834650e-08  3.59999999e+00 
 6.82034650e-08  3.59999999e+00  6.82034650e-08  3.59999999e+00 
 6.82234650e-08  3.59999999e+00  6.82234650e-08  3.59999999e+00 
 6.82434650e-08  3.59999999e+00  6.82434650e-08  3.59999999e+00 
 6.82634650e-08  3.59999999e+00  6.82634650e-08  3.59999999e+00 
 6.82834650e-08  3.59999999e+00  6.82834650e-08  3.59999999e+00 
 6.83034650e-08  3.59999999e+00  6.83034650e-08  3.59999999e+00 
 6.83234650e-08  3.59999999e+00  6.83234650e-08  3.59999999e+00 
 6.83434650e-08  3.59999999e+00  6.83434650e-08  3.59999999e+00 
 6.83634650e-08  3.59999999e+00  6.83634650e-08  3.59999999e+00 
 6.83834650e-08  3.59999999e+00  6.83834650e-08  3.59999999e+00 
 6.84034650e-08  3.59999999e+00  6.84034650e-08  3.59999999e+00 
 6.84234650e-08  3.59999999e+00  6.84234650e-08  3.59999999e+00 
 6.84434650e-08  3.59999999e+00  6.84434650e-08  3.59999999e+00 
 6.84634650e-08  3.59999999e+00  6.84634650e-08  3.59999999e+00 
 6.84834650e-08  3.59999999e+00  6.84834650e-08  3.59999999e+00 
 6.85034650e-08  3.59999999e+00  6.85034650e-08  3.59999999e+00 
 6.85234650e-08  3.59999999e+00  6.85234650e-08  3.59999999e+00 
 6.85434650e-08  3.59999999e+00  6.85434650e-08  3.59999999e+00 
 6.85634650e-08  3.59999999e+00  6.85634650e-08  3.59999999e+00 
 6.85834650e-08  3.59999999e+00  6.85834650e-08  3.59999999e+00 
 6.86034650e-08  3.59999999e+00  6.86034650e-08  3.59999999e+00 
 6.86234650e-08  3.59999999e+00  6.86234650e-08  3.59999999e+00 
 6.86434650e-08  3.59999999e+00  6.86434650e-08  3.59999999e+00 
 6.86634650e-08  3.59999999e+00  6.86634650e-08  3.59999999e+00 
 6.86834650e-08  3.59999999e+00  6.86834650e-08  3.59999999e+00 
 6.87034650e-08  3.59999999e+00  6.87034650e-08  3.59999999e+00 
 6.87234650e-08  3.59999999e+00  6.87234650e-08  3.59999999e+00 
 6.87434650e-08  3.59999999e+00  6.87434650e-08  3.59999999e+00 
 6.87634650e-08  3.59999999e+00  6.87634650e-08  3.59999999e+00 
 6.87834650e-08  3.59999999e+00  6.87834650e-08  3.59999999e+00 
 6.88034650e-08  3.59999999e+00  6.88034650e-08  3.59999999e+00 
 6.88234650e-08  3.59999999e+00  6.88234650e-08  3.59999999e+00 
 6.88434650e-08  3.59999999e+00  6.88434650e-08  3.59999999e+00 
 6.88634650e-08  3.59999999e+00  6.88634650e-08  3.59999999e+00 
 6.88834650e-08  3.59999999e+00  6.88834650e-08  3.59999999e+00 
 6.89034650e-08  3.59999999e+00  6.89034650e-08  3.59999999e+00 
 6.89234650e-08  3.59999999e+00  6.89234650e-08  3.59999999e+00 
 6.89434650e-08  3.59999999e+00  6.89434650e-08  3.59999999e+00 
 6.89634650e-08  3.59999999e+00  6.89634650e-08  3.59999999e+00 
 6.89834650e-08  3.59999999e+00  6.89834650e-08  3.59999999e+00 
 6.90034650e-08  3.59999999e+00  6.90034650e-08  3.59999999e+00 
 6.90234650e-08  3.59999999e+00  6.90234650e-08  3.59999999e+00 
 6.90434650e-08  3.59999999e+00  6.90434650e-08  3.59999999e+00 
 6.90634650e-08  3.59999999e+00  6.90634650e-08  3.59999999e+00 
 6.90834650e-08  3.59999999e+00  6.90834650e-08  3.59999999e+00 
 6.91034650e-08  3.59999999e+00  6.91034650e-08  3.59999999e+00 
 6.91234650e-08  3.59999999e+00  6.91234650e-08  3.59999999e+00 
 6.91434650e-08  3.59999999e+00  6.91434650e-08  3.59999999e+00 
 6.91634650e-08  3.59999999e+00  6.91634650e-08  3.59999999e+00 
 6.91834650e-08  3.59999999e+00  6.91834650e-08  3.59999999e+00 
 6.92034650e-08  3.59999999e+00  6.92034650e-08  3.59999999e+00 
 6.92234650e-08  3.59999999e+00  6.92234650e-08  3.59999999e+00 
 6.92434650e-08  3.59999999e+00  6.92434650e-08  3.59999999e+00 
 6.92634650e-08  3.59999999e+00  6.92634650e-08  3.59999999e+00 
 6.92834650e-08  3.59999999e+00  6.92834650e-08  3.59999999e+00 
 6.93034650e-08  3.59999999e+00  6.93034650e-08  3.59999999e+00 
 6.93234650e-08  3.59999999e+00  6.93234650e-08  3.59999999e+00 
 6.93434650e-08  3.59999999e+00  6.93434650e-08  3.59999999e+00 
 6.93634650e-08  3.59999999e+00  6.93634650e-08  3.59999999e+00 
 6.93834650e-08  3.59999999e+00  6.93834650e-08  3.59999999e+00 
 6.94034650e-08  3.59999999e+00  6.94034650e-08  3.59999999e+00 
 6.94234650e-08  3.59999999e+00  6.94234650e-08  3.59999999e+00 
 6.94434650e-08  3.59999999e+00  6.94434650e-08  3.59999999e+00 
 6.94634650e-08  3.59999999e+00  6.94634650e-08  3.59999999e+00 
 6.94834650e-08  3.59999999e+00  6.94834650e-08  3.59999999e+00 
 6.95034650e-08  3.59999999e+00  6.95034650e-08  3.59999999e+00 
 6.95234650e-08  3.59999999e+00  6.95234650e-08  3.59999999e+00 
 6.95434650e-08  3.59999999e+00  6.95434650e-08  3.59999999e+00 
 6.95634650e-08  3.59999999e+00  6.95634650e-08  3.59999999e+00 
 6.95834650e-08  3.59999999e+00  6.95834650e-08  3.59999999e+00 
 6.96034650e-08  3.59999999e+00  6.96034650e-08  3.59999999e+00 
 6.96234650e-08  3.59999999e+00  6.96234650e-08  3.59999999e+00 
 6.96434650e-08  3.59999999e+00  6.96434650e-08  3.59999999e+00 
 6.96634650e-08  3.59999999e+00  6.96634650e-08  3.59999999e+00 
 6.96834650e-08  3.59999999e+00  6.96834650e-08  3.59999999e+00 
 6.97034650e-08  3.59999999e+00  6.97034650e-08  3.59999999e+00 
 6.97234650e-08  3.59999999e+00  6.97234650e-08  3.59999999e+00 
 6.97434650e-08  3.59999999e+00  6.97434650e-08  3.59999999e+00 
 6.97634650e-08  3.59999999e+00  6.97634650e-08  3.59999999e+00 
 6.97834650e-08  3.59999999e+00  6.97834650e-08  3.59999999e+00 
 6.98034650e-08  3.59999999e+00  6.98034650e-08  3.59999999e+00 
 6.98234650e-08  3.59999999e+00  6.98234650e-08  3.59999999e+00 
 6.98434650e-08  3.59999999e+00  6.98434650e-08  3.59999999e+00 
 6.98634650e-08  3.59999999e+00  6.98634650e-08  3.59999999e+00 
 6.98834650e-08  3.59999999e+00  6.98834650e-08  3.59999999e+00 
 6.99034650e-08  3.59999999e+00  6.99034650e-08  3.59999999e+00 
 6.99234650e-08  3.59999999e+00  6.99234650e-08  3.59999999e+00 
 6.99434650e-08  3.59999999e+00  6.99434650e-08  3.59999999e+00 
 6.99634650e-08  3.59999999e+00  6.99634650e-08  3.59999999e+00 
 6.99834650e-08  3.59999999e+00  6.99834650e-08  3.59999999e+00 
 7.00034650e-08  3.59999999e+00  7.00034650e-08  3.59999999e+00 
 7.00234650e-08  3.59999999e+00  7.00234650e-08  3.59999999e+00 
 7.00434650e-08  3.59999999e+00  7.00434650e-08  3.59999999e+00 
 7.00634650e-08  3.59999999e+00  7.00634650e-08  3.59999999e+00 
 7.00834650e-08  3.59999999e+00  7.00834650e-08  3.59999999e+00 
 7.01034650e-08  3.59999999e+00  7.01034650e-08  3.59999999e+00 
 7.01234650e-08  3.59999999e+00  7.01234650e-08  3.59999999e+00 
 7.01434650e-08  3.59999999e+00  7.01434650e-08  3.59999999e+00 
 7.01634650e-08  3.59999999e+00  7.01634650e-08  3.59999999e+00 
 7.01834650e-08  3.59999999e+00  7.01834650e-08  3.59999999e+00 
 7.02034650e-08  3.59999999e+00  7.02034650e-08  3.59999999e+00 
 7.02234650e-08  3.59999999e+00  7.02234650e-08  3.59999999e+00 
 7.02434650e-08  3.59999999e+00  7.02434650e-08  3.59999999e+00 
 7.02634650e-08  3.59999999e+00  7.02634650e-08  3.59999999e+00 
 7.02834650e-08  3.59999999e+00  7.02834650e-08  3.59999999e+00 
 7.03034650e-08  3.59999999e+00  7.03034650e-08  3.59999999e+00 
 7.03234650e-08  3.59999999e+00  7.03234650e-08  3.59999999e+00 
 7.03434650e-08  3.59999999e+00  7.03434650e-08  3.59999999e+00 
 7.03634650e-08  3.59999999e+00  7.03634650e-08  3.59999999e+00 
 7.03834650e-08  3.59999999e+00  7.03834650e-08  3.59999999e+00 
 7.04034650e-08  3.59999999e+00  7.04034650e-08  3.59999999e+00 
 7.04234650e-08  3.59999999e+00  7.04234650e-08  3.59999999e+00 
 7.04434650e-08  3.59999999e+00  7.04434650e-08  3.59999999e+00 
 7.04634650e-08  3.59999999e+00  7.04634650e-08  3.59999999e+00 
 7.04834650e-08  3.59999999e+00  7.04834650e-08  3.59999999e+00 
 7.05034650e-08  3.59999999e+00  7.05034650e-08  3.59999999e+00 
 7.05234650e-08  3.59999999e+00  7.05234650e-08  3.59999999e+00 
 7.05434650e-08  3.59999999e+00  7.05434650e-08  3.59999999e+00 
 7.05634650e-08  3.59999999e+00  7.05634650e-08  3.59999999e+00 
 7.05834650e-08  3.59999999e+00  7.05834650e-08  3.59999999e+00 
 7.06034650e-08  3.59999999e+00  7.06034650e-08  3.59999999e+00 
 7.06234650e-08  3.59999999e+00  7.06234650e-08  3.59999999e+00 
 7.06434650e-08  3.59999999e+00  7.06434650e-08  3.59999999e+00 
 7.06634650e-08  3.59999999e+00  7.06634650e-08  3.59999999e+00 
 7.06834650e-08  3.59999999e+00  7.06834650e-08  3.59999999e+00 
 7.07034650e-08  3.59999999e+00  7.07034650e-08  3.59999999e+00 
 7.07234650e-08  3.59999999e+00  7.07234650e-08  3.59999999e+00 
 7.07434650e-08  3.59999999e+00  7.07434650e-08  3.59999999e+00 
 7.07634650e-08  3.59999999e+00  7.07634650e-08  3.59999999e+00 
 7.07834650e-08  3.59999999e+00  7.07834650e-08  3.59999999e+00 
 7.08034650e-08  3.59999999e+00  7.08034650e-08  3.59999999e+00 
 7.08234650e-08  3.59999999e+00  7.08234650e-08  3.59999999e+00 
 7.08434650e-08  3.59999999e+00  7.08434650e-08  3.59999999e+00 
 7.08634650e-08  3.59999999e+00  7.08634650e-08  3.59999999e+00 
 7.08834650e-08  3.59999999e+00  7.08834650e-08  3.59999999e+00 
 7.09034650e-08  3.59999999e+00  7.09034650e-08  3.59999999e+00 
 7.09234650e-08  3.59999999e+00  7.09234650e-08  3.59999999e+00 
 7.09434650e-08  3.59999999e+00  7.09434650e-08  3.59999999e+00 
 7.09634650e-08  3.59999999e+00  7.09634650e-08  3.59999999e+00 
 7.09834650e-08  3.59999999e+00  7.09834650e-08  3.59999999e+00 
 7.10034650e-08  3.59999999e+00  7.10034650e-08  3.59999999e+00 
 7.10234650e-08  3.59999999e+00  7.10234650e-08  3.59999999e+00 
 7.10434650e-08  3.59999999e+00  7.10434650e-08  3.59999999e+00 
 7.10634650e-08  3.59999999e+00  7.10634650e-08  3.59999999e+00 
 7.10834650e-08  3.59999999e+00  7.10834650e-08  3.59999999e+00 
 7.11034650e-08  3.59999999e+00  7.11034650e-08  3.59999999e+00 
 7.11234650e-08  3.59999999e+00  7.11234650e-08  3.59999999e+00 
 7.11434650e-08  3.59999999e+00  7.11434650e-08  3.59999999e+00 
 7.11634650e-08  3.59999999e+00  7.11634650e-08  3.59999999e+00 
 7.11834650e-08  3.59999999e+00  7.11834650e-08  3.59999999e+00 
 7.12034650e-08  3.59999999e+00  7.12034650e-08  3.59999999e+00 
 7.12234650e-08  3.59999999e+00  7.12234650e-08  3.59999999e+00 
 7.12434650e-08  3.59999999e+00  7.12434650e-08  3.59999999e+00 
 7.12634650e-08  3.59999999e+00  7.12634650e-08  3.59999999e+00 
 7.12834650e-08  3.59999999e+00  7.12834650e-08  3.59999999e+00 
 7.13034650e-08  3.59999999e+00  7.13034650e-08  3.59999999e+00 
 7.13234650e-08  3.59999999e+00  7.13234650e-08  3.59999999e+00 
 7.13434650e-08  3.59999999e+00  7.13434650e-08  3.59999999e+00 
 7.13634650e-08  3.59999999e+00  7.13634650e-08  3.59999999e+00 
 7.13834650e-08  3.59999999e+00  7.13834650e-08  3.59999999e+00 
 7.14034650e-08  3.59999999e+00  7.14034650e-08  3.59999999e+00 
 7.14234650e-08  3.59999999e+00  7.14234650e-08  3.59999999e+00 
 7.14434650e-08  3.59999999e+00  7.14434650e-08  3.59999999e+00 
 7.14634650e-08  3.59999999e+00  7.14634650e-08  3.59999999e+00 
 7.14834650e-08  3.59999999e+00  7.14834650e-08  3.59999999e+00 
 7.15034650e-08  3.59999999e+00  7.15034650e-08  3.59999999e+00 
 7.15234650e-08  3.59999999e+00  7.15234650e-08  3.59999999e+00 
 7.15434650e-08  3.59999999e+00  7.15434650e-08  3.59999999e+00 
 7.15634650e-08  3.59999999e+00  7.15634650e-08  3.59999999e+00 
 7.15834650e-08  3.59999999e+00  7.15834650e-08  3.59999999e+00 
 7.16034650e-08  3.59999999e+00  7.16034650e-08  3.59999999e+00 
 7.16234650e-08  3.59999999e+00  7.16234650e-08  3.59999999e+00 
 7.16434650e-08  3.59999999e+00  7.16434650e-08  3.59999999e+00 
 7.16634650e-08  3.59999999e+00  7.16634650e-08  3.59999999e+00 
 7.16834650e-08  3.59999999e+00  7.16834650e-08  3.59999999e+00 
 7.17034650e-08  3.59999999e+00  7.17034650e-08  3.59999999e+00 
 7.17234650e-08  3.59999999e+00  7.17234650e-08  3.59999999e+00 
 7.17434650e-08  3.59999999e+00  7.17434650e-08  3.59999999e+00 
 7.17634650e-08  3.59999999e+00  7.17634650e-08  3.59999999e+00 
 7.17834650e-08  3.59999999e+00  7.17834650e-08  3.59999999e+00 
 7.18034650e-08  3.59999999e+00  7.18034650e-08  3.59999999e+00 
 7.18234650e-08  3.59999999e+00  7.18234650e-08  3.59999999e+00 
 7.18434650e-08  3.59999999e+00  7.18434650e-08  3.59999999e+00 
 7.18634650e-08  3.59999999e+00  7.18634650e-08  3.59999999e+00 
 7.18834650e-08  3.59999999e+00  7.18834650e-08  3.59999999e+00 
 7.19034650e-08  3.59999999e+00  7.19034650e-08  3.59999999e+00 
 7.19234650e-08  3.59999999e+00  7.19234650e-08  3.59999999e+00 
 7.19434650e-08  3.59999999e+00  7.19434650e-08  3.59999999e+00 
 7.19634650e-08  3.59999999e+00  7.19634650e-08  3.59999999e+00 
 7.19834650e-08  3.59999999e+00  7.19834650e-08  3.59999999e+00 
 7.20034650e-08  3.59999999e+00  7.20034650e-08  3.59999999e+00 
 7.20234650e-08  3.59999999e+00  7.20234650e-08  3.59999999e+00 
 7.20434650e-08  3.59999999e+00  7.20434650e-08  3.59999999e+00 
 7.20634650e-08  3.59999999e+00  7.20634650e-08  3.59999999e+00 
 7.20834650e-08  3.59999999e+00  7.20834650e-08  3.59999999e+00 
 7.21034650e-08  3.59999999e+00  7.21034650e-08  3.59999999e+00 
 7.21234650e-08  3.59999999e+00  7.21234650e-08  3.59999999e+00 
 7.21434650e-08  3.59999999e+00  7.21434650e-08  3.59999999e+00 
 7.21634650e-08  3.59999999e+00  7.21634650e-08  3.59999999e+00 
 7.21834650e-08  3.59999999e+00  7.21834650e-08  3.59999999e+00 
 7.22034650e-08  3.59999999e+00  7.22034650e-08  3.59999999e+00 
 7.22234650e-08  3.59999999e+00  7.22234650e-08  3.59999999e+00 
 7.22434650e-08  3.59999999e+00  7.22434650e-08  3.59999999e+00 
 7.22634650e-08  3.59999999e+00  7.22634650e-08  3.59999999e+00 
 7.22834650e-08  3.59999999e+00  7.22834650e-08  3.59999999e+00 
 7.23034650e-08  3.59999999e+00  7.23034650e-08  3.59999999e+00 
 7.23234650e-08  3.59999999e+00  7.23234650e-08  3.59999999e+00 
 7.23434650e-08  3.59999999e+00  7.23434650e-08  3.59999999e+00 
 7.23634650e-08  3.59999999e+00  7.23634650e-08  3.59999999e+00 
 7.23834650e-08  3.59999999e+00  7.23834650e-08  3.59999999e+00 
 7.24034650e-08  3.59999999e+00  7.24034650e-08  3.59999999e+00 
 7.24234650e-08  3.59999999e+00  7.24234650e-08  3.59999999e+00 
 7.24434650e-08  3.59999999e+00  7.24434650e-08  3.59999999e+00 
 7.24634650e-08  3.59999999e+00  7.24634650e-08  3.59999999e+00 
 7.24834650e-08  3.59999999e+00  7.24834650e-08  3.59999999e+00 
 7.25034650e-08  3.59999999e+00  7.25034650e-08  3.59999999e+00 
 7.25234650e-08  3.59999999e+00  7.25234650e-08  3.59999999e+00 
 7.25434650e-08  3.59999999e+00  7.25434650e-08  3.59999999e+00 
 7.25634650e-08  3.59999999e+00  7.25634650e-08  3.59999999e+00 
 7.25834650e-08  3.59999999e+00  7.25834650e-08  3.59999999e+00 
 7.26034650e-08  3.59999999e+00  7.26034650e-08  3.59999999e+00 
 7.26234650e-08  3.59999999e+00  7.26234650e-08  3.59999999e+00 
 7.26434650e-08  3.59999999e+00  7.26434650e-08  3.59999999e+00 
 7.26634650e-08  3.59999999e+00  7.26634650e-08  3.59999999e+00 
 7.26834650e-08  3.59999999e+00  7.26834650e-08  3.59999999e+00 
 7.27034650e-08  3.59999999e+00  7.27034650e-08  3.59999999e+00 
 7.27234650e-08  3.59999999e+00  7.27234650e-08  3.59999999e+00 
 7.27434650e-08  3.59999999e+00  7.27434650e-08  3.59999999e+00 
 7.27634650e-08  3.59999999e+00  7.27634650e-08  3.59999999e+00 
 7.27834650e-08  3.59999999e+00  7.27834650e-08  3.59999999e+00 
 7.28034650e-08  3.59999999e+00  7.28034650e-08  3.59999999e+00 
 7.28234650e-08  3.59999999e+00  7.28234650e-08  3.59999999e+00 
 7.28434650e-08  3.59999999e+00  7.28434650e-08  3.59999999e+00 
 7.28634650e-08  3.59999999e+00  7.28634650e-08  3.59999999e+00 
 7.28834650e-08  3.59999999e+00  7.28834650e-08  3.59999999e+00 
 7.29034650e-08  3.59999999e+00  7.29034650e-08  3.59999999e+00 
 7.29234650e-08  3.59999999e+00  7.29234650e-08  3.59999999e+00 
 7.29434650e-08  3.59999999e+00  7.29434650e-08  3.59999999e+00 
 7.29634650e-08  3.59999999e+00  7.29634650e-08  3.59999999e+00 
 7.29834650e-08  3.59999999e+00  7.29834650e-08  3.59999999e+00 
 7.30034650e-08  3.59999999e+00  7.30034650e-08  3.59999999e+00 
 7.30234650e-08  3.59999999e+00  7.30234650e-08  3.59999999e+00 
 7.30434650e-08  3.59999999e+00  7.30434650e-08  3.59999999e+00 
 7.30634650e-08  3.59999999e+00  7.30634650e-08  3.59999999e+00 
 7.30834650e-08  3.59999999e+00  7.30834650e-08  3.59999999e+00 
 7.31034650e-08  3.59999999e+00  7.31034650e-08  3.59999999e+00 
 7.31234650e-08  3.59999999e+00  7.31234650e-08  3.59999999e+00 
 7.31434650e-08  3.59999999e+00  7.31434650e-08  3.59999999e+00 
 7.31634650e-08  3.59999999e+00  7.31634650e-08  3.59999999e+00 
 7.31834650e-08  3.59999999e+00  7.31834650e-08  3.59999999e+00 
 7.32034650e-08  3.59999999e+00  7.32034650e-08  3.59999999e+00 
 7.32234650e-08  3.59999999e+00  7.32234650e-08  3.59999999e+00 
 7.32434650e-08  3.59999999e+00  7.32434650e-08  3.59999999e+00 
 7.32634650e-08  3.59999999e+00  7.32634650e-08  3.59999999e+00 
 7.32834650e-08  3.59999999e+00  7.32834650e-08  3.59999999e+00 
 7.33034650e-08  3.59999999e+00  7.33034650e-08  3.59999999e+00 
 7.33234650e-08  3.59999999e+00  7.33234650e-08  3.59999999e+00 
 7.33434650e-08  3.59999999e+00  7.33434650e-08  3.59999999e+00 
 7.33634650e-08  3.59999999e+00  7.33634650e-08  3.59999999e+00 
 7.33834650e-08  3.59999999e+00  7.33834650e-08  3.59999999e+00 
 7.34034650e-08  3.59999999e+00  7.34034650e-08  3.59999999e+00 
 7.34234650e-08  3.59999999e+00  7.34234650e-08  3.59999999e+00 
 7.34434650e-08  3.59999999e+00  7.34434650e-08  3.59999999e+00 
 7.34634650e-08  3.59999999e+00  7.34634650e-08  3.59999999e+00 
 7.34834650e-08  3.59999999e+00  7.34834650e-08  3.59999999e+00 
 7.35034650e-08  3.59999999e+00  7.35034650e-08  3.59999999e+00 
 7.35234650e-08  3.59999999e+00  7.35234650e-08  3.59999999e+00 
 7.35434650e-08  3.59999999e+00  7.35434650e-08  3.59999999e+00 
 7.35634650e-08  3.59999999e+00  7.35634650e-08  3.59999999e+00 
 7.35834650e-08  3.59999999e+00  7.35834650e-08  3.59999999e+00 
 7.36034650e-08  3.59999999e+00  7.36034650e-08  3.59999999e+00 
 7.36234650e-08  3.59999999e+00  7.36234650e-08  3.59999999e+00 
 7.36434650e-08  3.59999999e+00  7.36434650e-08  3.59999999e+00 
 7.36634650e-08  3.59999999e+00  7.36634650e-08  3.59999999e+00 
 7.36834650e-08  3.59999999e+00  7.36834650e-08  3.59999999e+00 
 7.37034650e-08  3.59999999e+00  7.37034650e-08  3.59999999e+00 
 7.37234650e-08  3.59999999e+00  7.37234650e-08  3.59999999e+00 
 7.37434650e-08  3.59999999e+00  7.37434650e-08  3.59999999e+00 
 7.37634650e-08  3.59999999e+00  7.37634650e-08  3.59999999e+00 
 7.37834650e-08  3.59999999e+00  7.37834650e-08  3.59999999e+00 
 7.38034650e-08  3.59999999e+00  7.38034650e-08  3.59999999e+00 
 7.38234650e-08  3.59999999e+00  7.38234650e-08  3.59999999e+00 
 7.38434650e-08  3.59999999e+00  7.38434650e-08  3.59999999e+00 
 7.38634650e-08  3.59999999e+00  7.38634650e-08  3.59999999e+00 
 7.38834650e-08  3.59999999e+00  7.38834650e-08  3.59999999e+00 
 7.39034650e-08  3.59999999e+00  7.39034650e-08  3.59999999e+00 
 7.39234650e-08  3.59999999e+00  7.39234650e-08  3.59999999e+00 
 7.39434650e-08  3.59999999e+00  7.39434650e-08  3.59999999e+00 
 7.39634650e-08  3.59999999e+00  7.39634650e-08  3.59999999e+00 
 7.39834650e-08  3.59999999e+00  7.39834650e-08  3.59999999e+00 
 7.40034650e-08  3.59999999e+00  7.40034650e-08  3.59999999e+00 
 7.40234650e-08  3.59999999e+00  7.40234650e-08  3.59999999e+00 
 7.40434650e-08  3.59999999e+00  7.40434650e-08  3.59999999e+00 
 7.40634650e-08  3.59999999e+00  7.40634650e-08  3.59999999e+00 
 7.40834650e-08  3.59999999e+00  7.40834650e-08  3.59999999e+00 
 7.41034650e-08  3.59999999e+00  7.41034650e-08  3.59999999e+00 
 7.41234650e-08  3.59999999e+00  7.41234650e-08  3.59999999e+00 
 7.41434650e-08  3.59999999e+00  7.41434650e-08  3.59999999e+00 
 7.41634650e-08  3.59999999e+00  7.41634650e-08  3.59999999e+00 
 7.41834650e-08  3.59999999e+00  7.41834650e-08  3.59999999e+00 
 7.42034650e-08  3.59999999e+00  7.42034650e-08  3.59999999e+00 
 7.42234650e-08  3.59999999e+00  7.42234650e-08  3.59999999e+00 
 7.42434650e-08  3.59999999e+00  7.42434650e-08  3.59999999e+00 
 7.42634650e-08  3.59999999e+00  7.42634650e-08  3.59999999e+00 
 7.42834650e-08  3.59999999e+00  7.42834650e-08  3.59999999e+00 
 7.43034650e-08  3.59999999e+00  7.43034650e-08  3.59999999e+00 
 7.43234650e-08  3.59999999e+00  7.43234650e-08  3.59999999e+00 
 7.43434650e-08  3.59999999e+00  7.43434650e-08  3.59999999e+00 
 7.43634650e-08  3.59999999e+00  7.43634650e-08  3.59999999e+00 
 7.43834650e-08  3.59999999e+00  7.43834650e-08  3.59999999e+00 
 7.44034650e-08  3.59999999e+00  7.44034650e-08  3.59999999e+00 
 7.44234650e-08  3.59999999e+00  7.44234650e-08  3.59999999e+00 
 7.44434650e-08  3.59999999e+00  7.44434650e-08  3.59999999e+00 
 7.44634650e-08  3.59999999e+00  7.44634650e-08  3.59999999e+00 
 7.44834650e-08  3.59999999e+00  7.44834650e-08  3.59999999e+00 
 7.45034650e-08  3.59999999e+00  7.45034650e-08  3.59999999e+00 
 7.45234650e-08  3.59999999e+00  7.45234650e-08  3.59999999e+00 
 7.45434650e-08  3.59999999e+00  7.45434650e-08  3.59999999e+00 
 7.45634650e-08  3.59999999e+00  7.45634650e-08  3.59999999e+00 
 7.45834650e-08  3.59999999e+00  7.45834650e-08  3.59999999e+00 
 7.46034650e-08  3.59999999e+00  7.46034650e-08  3.59999999e+00 
 7.46234650e-08  3.59999999e+00  7.46234650e-08  3.59999999e+00 
 7.46434650e-08  3.59999999e+00  7.46434650e-08  3.59999999e+00 
 7.46634650e-08  3.59999999e+00  7.46634650e-08  3.59999999e+00 
 7.46834650e-08  3.59999999e+00  7.46834650e-08  3.59999999e+00 
 7.47034650e-08  3.59999999e+00  7.47034650e-08  3.59999999e+00 
 7.47234650e-08  3.59999999e+00  7.47234650e-08  3.59999999e+00 
 7.47434650e-08  3.59999999e+00  7.47434650e-08  3.59999999e+00 
 7.47634650e-08  3.59999999e+00  7.47634650e-08  3.59999999e+00 
 7.47834650e-08  3.59999999e+00  7.47834650e-08  3.59999999e+00 
 7.48034650e-08  3.59999999e+00  7.48034650e-08  3.59999999e+00 
 7.48234650e-08  3.59999999e+00  7.48234650e-08  3.59999999e+00 
 7.48434650e-08  3.59999999e+00  7.48434650e-08  3.59999999e+00 
 7.48634650e-08  3.59999999e+00  7.48634650e-08  3.59999999e+00 
 7.48834650e-08  3.59999999e+00  7.48834650e-08  3.59999999e+00 
 7.49034650e-08  3.59999999e+00  7.49034650e-08  3.59999999e+00 
 7.49234650e-08  3.59999999e+00  7.49234650e-08  3.59999999e+00 
 7.49434650e-08  3.59999999e+00  7.49434650e-08  3.59999999e+00 
 7.49634650e-08  3.59999999e+00  7.49634650e-08  3.59999999e+00 
 7.49834650e-08  3.59999999e+00  7.49834650e-08  3.59999999e+00 
 7.50034650e-08  3.59999999e+00  7.50034650e-08  3.59999999e+00 
 7.50234650e-08  3.59999999e+00  7.50234650e-08  3.59999999e+00 
 7.50434650e-08  3.59999999e+00  7.50434650e-08  3.59999999e+00 
 7.50634650e-08  3.59999999e+00  7.50634650e-08  3.59999999e+00 
 7.50834650e-08  3.59999999e+00  7.50834650e-08  3.59999999e+00 
 7.51034650e-08  3.59999999e+00  7.51034650e-08  3.59999999e+00 
 7.51234650e-08  3.59999999e+00  7.51234650e-08  3.59999999e+00 
 7.51434650e-08  3.59999999e+00  7.51434650e-08  3.59999999e+00 
 7.51634650e-08  3.59999999e+00  7.51634650e-08  3.59999999e+00 
 7.51834650e-08  3.59999999e+00  7.51834650e-08  3.59999999e+00 
 7.52034650e-08  3.59999999e+00  7.52034650e-08  3.59999999e+00 
 7.52234650e-08  3.59999999e+00  7.52234650e-08  3.59999999e+00 
 7.52434650e-08  3.59999999e+00  7.52434650e-08  3.59999999e+00 
 7.52634650e-08  3.59999999e+00  7.52634650e-08  3.59999999e+00 
 7.52834650e-08  3.59999999e+00  7.52834650e-08  3.59999999e+00 
 7.53034650e-08  3.59999999e+00  7.53034650e-08  3.59999999e+00 
 7.53234650e-08  3.59999999e+00  7.53234650e-08  3.59999999e+00 
 7.53434650e-08  3.59999999e+00  7.53434650e-08  3.59999999e+00 
 7.53634650e-08  3.59999999e+00  7.53634650e-08  3.59999999e+00 
 7.53834650e-08  3.59999999e+00  7.53834650e-08  3.59999999e+00 
 7.54034650e-08  3.59999999e+00  7.54034650e-08  3.59999999e+00 
 7.54234650e-08  3.59999999e+00  7.54234650e-08  3.59999999e+00 
 7.54434650e-08  3.59999999e+00  7.54434650e-08  3.59999999e+00 
 7.54634650e-08  3.59999999e+00  7.54634650e-08  3.59999999e+00 
 7.54834650e-08  3.59999999e+00  7.54834650e-08  3.59999999e+00 
 7.55034650e-08  3.59999999e+00  7.55034650e-08  3.59999999e+00 
 7.55234650e-08  3.59999999e+00  7.55234650e-08  3.59999999e+00 
 7.55434650e-08  3.59999999e+00  7.55434650e-08  3.59999999e+00 
 7.55634650e-08  3.59999999e+00  7.55634650e-08  3.59999999e+00 
 7.55834650e-08  3.59999999e+00  7.55834650e-08  3.59999999e+00 
 7.56034650e-08  3.59999999e+00  7.56034650e-08  3.59999999e+00 
 7.56234650e-08  3.59999999e+00  7.56234650e-08  3.59999999e+00 
 7.56434650e-08  3.59999999e+00  7.56434650e-08  3.59999999e+00 
 7.56634650e-08  3.59999999e+00  7.56634650e-08  3.59999999e+00 
 7.56834650e-08  3.59999999e+00  7.56834650e-08  3.59999999e+00 
 7.57034650e-08  3.59999999e+00  7.57034650e-08  3.59999999e+00 
 7.57234650e-08  3.59999999e+00  7.57234650e-08  3.59999999e+00 
 7.57434650e-08  3.59999999e+00  7.57434650e-08  3.59999999e+00 
 7.57634650e-08  3.59999999e+00  7.57634650e-08  3.59999999e+00 
 7.57834650e-08  3.59999999e+00  7.57834650e-08  3.59999999e+00 
 7.58034650e-08  3.59999999e+00  7.58034650e-08  3.59999999e+00 
 7.58234650e-08  3.59999999e+00  7.58234650e-08  3.59999999e+00 
 7.58434650e-08  3.59999999e+00  7.58434650e-08  3.59999999e+00 
 7.58634650e-08  3.59999999e+00  7.58634650e-08  3.59999999e+00 
 7.58834650e-08  3.59999999e+00  7.58834650e-08  3.59999999e+00 
 7.59034650e-08  3.59999999e+00  7.59034650e-08  3.59999999e+00 
 7.59234650e-08  3.59999999e+00  7.59234650e-08  3.59999999e+00 
 7.59434650e-08  3.59999999e+00  7.59434650e-08  3.59999999e+00 
 7.59634650e-08  3.59999999e+00  7.59634650e-08  3.59999999e+00 
 7.59834650e-08  3.59999999e+00  7.59834650e-08  3.59999999e+00 
 7.60034650e-08  3.59999999e+00  7.60034650e-08  3.59999999e+00 
 7.60234650e-08  3.59999999e+00  7.60234650e-08  3.59999999e+00 
 7.60434650e-08  3.59999999e+00  7.60434650e-08  3.59999999e+00 
 7.60634650e-08  3.59999999e+00  7.60634650e-08  3.59999999e+00 
 7.60834650e-08  3.59999999e+00  7.60834650e-08  3.59999999e+00 
 7.61034650e-08  3.59999999e+00  7.61034650e-08  3.59999999e+00 
 7.61234650e-08  3.59999999e+00  7.61234650e-08  3.59999999e+00 
 7.61434650e-08  3.59999999e+00  7.61434650e-08  3.59999999e+00 
 7.61634650e-08  3.59999999e+00  7.61634650e-08  3.59999999e+00 
 7.61834650e-08  3.59999999e+00  7.61834650e-08  3.59999999e+00 
 7.62034650e-08  3.59999999e+00  7.62034650e-08  3.59999999e+00 
 7.62234650e-08  3.59999999e+00  7.62234650e-08  3.59999999e+00 
 7.62434650e-08  3.59999999e+00  7.62434650e-08  3.59999999e+00 
 7.62634650e-08  3.59999999e+00  7.62634650e-08  3.59999999e+00 
 7.62834650e-08  3.59999999e+00  7.62834650e-08  3.59999999e+00 
 7.63034650e-08  3.59999999e+00  7.63034650e-08  3.59999999e+00 
 7.63234650e-08  3.59999999e+00  7.63234650e-08  3.59999999e+00 
 7.63434650e-08  3.59999999e+00  7.63434650e-08  3.59999999e+00 
 7.63634650e-08  3.59999999e+00  7.63634650e-08  3.59999999e+00 
 7.63834650e-08  3.59999999e+00  7.63834650e-08  3.59999999e+00 
 7.64034650e-08  3.59999999e+00  7.64034650e-08  3.59999999e+00 
 7.64234650e-08  3.59999999e+00  7.64234650e-08  3.59999999e+00 
 7.64434650e-08  3.59999999e+00  7.64434650e-08  3.59999999e+00 
 7.64634650e-08  3.59999999e+00  7.64634650e-08  3.59999999e+00 
 7.64834650e-08  3.59999999e+00  7.64834650e-08  3.59999999e+00 
 7.65034650e-08  3.59999999e+00  7.65034650e-08  3.59999999e+00 
 7.65234650e-08  3.59999999e+00  7.65234650e-08  3.59999999e+00 
 7.65434650e-08  3.59999999e+00  7.65434650e-08  3.59999999e+00 
 7.65634650e-08  3.59999999e+00  7.65634650e-08  3.59999999e+00 
 7.65834650e-08  3.59999999e+00  7.65834650e-08  3.59999999e+00 
 7.66034650e-08  3.59999999e+00  7.66034650e-08  3.59999999e+00 
 7.66234650e-08  3.59999999e+00  7.66234650e-08  3.59999999e+00 
 7.66434650e-08  3.59999999e+00  7.66434650e-08  3.59999999e+00 
 7.66634650e-08  3.59999999e+00  7.66634650e-08  3.59999999e+00 
 7.66834650e-08  3.59999999e+00  7.66834650e-08  3.59999999e+00 
 7.67034650e-08  3.59999999e+00  7.67034650e-08  3.59999999e+00 
 7.67234650e-08  3.59999999e+00  7.67234650e-08  3.59999999e+00 
 7.67434650e-08  3.59999999e+00  7.67434650e-08  3.59999999e+00 
 7.67634650e-08  3.59999999e+00  7.67634650e-08  3.59999999e+00 
 7.67834650e-08  3.59999999e+00  7.67834650e-08  3.59999999e+00 
 7.68034650e-08  3.59999999e+00  7.68034650e-08  3.59999999e+00 
 7.68234650e-08  3.59999999e+00  7.68234650e-08  3.59999999e+00 
 7.68434650e-08  3.59999999e+00  7.68434650e-08  3.59999999e+00 
 7.68634650e-08  3.59999999e+00  7.68634650e-08  3.59999999e+00 
 7.68834650e-08  3.59999999e+00  7.68834650e-08  3.59999999e+00 
 7.69034650e-08  3.59999999e+00  7.69034650e-08  3.59999999e+00 
 7.69234650e-08  3.59999999e+00  7.69234650e-08  3.59999999e+00 
 7.69434650e-08  3.59999999e+00  7.69434650e-08  3.59999999e+00 
 7.69634650e-08  3.59999999e+00  7.69634650e-08  3.59999999e+00 
 7.69834650e-08  3.59999999e+00  7.69834650e-08  3.59999999e+00 
 7.70034650e-08  3.59999999e+00  7.70034650e-08  3.59999999e+00 
 7.70234650e-08  3.59999999e+00  7.70234650e-08  3.59999999e+00 
 7.70434650e-08  3.59999999e+00  7.70434650e-08  3.59999999e+00 
 7.70634650e-08  3.59999999e+00  7.70634650e-08  3.59999999e+00 
 7.70834650e-08  3.59999999e+00  7.70834650e-08  3.59999999e+00 
 7.71034650e-08  3.59999999e+00  7.71034650e-08  3.59999999e+00 
 7.71234650e-08  3.59999999e+00  7.71234650e-08  3.59999999e+00 
 7.71434650e-08  3.59999999e+00  7.71434650e-08  3.59999999e+00 
 7.71634650e-08  3.59999999e+00  7.71634650e-08  3.59999999e+00 
 7.71834650e-08  3.59999999e+00  7.71834650e-08  3.59999999e+00 
 7.72034650e-08  3.59999999e+00  7.72034650e-08  3.59999999e+00 
 7.72234650e-08  3.59999999e+00  7.72234650e-08  3.59999999e+00 
 7.72434650e-08  3.59999999e+00  7.72434650e-08  3.59999999e+00 
 7.72634650e-08  3.59999999e+00  7.72634650e-08  3.59999999e+00 
 7.72834650e-08  3.59999999e+00  7.72834650e-08  3.59999999e+00 
 7.73034650e-08  3.59999999e+00  7.73034650e-08  3.59999999e+00 
 7.73234650e-08  3.59999999e+00  7.73234650e-08  3.59999999e+00 
 7.73434650e-08  3.59999999e+00  7.73434650e-08  3.59999999e+00 
 7.73634650e-08  3.59999999e+00  7.73634650e-08  3.59999999e+00 
 7.73834650e-08  3.59999999e+00  7.73834650e-08  3.59999999e+00 
 7.74034650e-08  3.59999999e+00  7.74034650e-08  3.59999999e+00 
 7.74234650e-08  3.59999999e+00  7.74234650e-08  3.59999999e+00 
 7.74434650e-08  3.59999999e+00  7.74434650e-08  3.59999999e+00 
 7.74634650e-08  3.59999999e+00  7.74634650e-08  3.59999999e+00 
 7.74834650e-08  3.59999999e+00  7.74834650e-08  3.59999999e+00 
 7.75034650e-08  3.59999999e+00  7.75034650e-08  3.59999999e+00 
 7.75234650e-08  3.59999999e+00  7.75234650e-08  3.59999999e+00 
 7.75434650e-08  3.59999999e+00  7.75434650e-08  3.59999999e+00 
 7.75634650e-08  3.59999999e+00  7.75634650e-08  3.59999999e+00 
 7.75834650e-08  3.59999999e+00  7.75834650e-08  3.59999999e+00 
 7.76034650e-08  3.59999999e+00  7.76034650e-08  3.59999999e+00 
 7.76234650e-08  3.59999999e+00  7.76234650e-08  3.59999999e+00 
 7.76434650e-08  3.59999999e+00  7.76434650e-08  3.59999999e+00 
 7.76634650e-08  3.59999999e+00  7.76634650e-08  3.59999999e+00 
 7.76834650e-08  3.59999999e+00  7.76834650e-08  3.59999999e+00 
 7.77034650e-08  3.59999999e+00  7.77034650e-08  3.59999999e+00 
 7.77234650e-08  3.59999999e+00  7.77234650e-08  3.59999999e+00 
 7.77434650e-08  3.59999999e+00  7.77434650e-08  3.59999999e+00 
 7.77634650e-08  3.59999999e+00  7.77634650e-08  3.59999999e+00 
 7.77834650e-08  3.59999999e+00  7.77834650e-08  3.59999999e+00 
 7.78034650e-08  3.59999999e+00  7.78034650e-08  3.59999999e+00 
 7.78234650e-08  3.59999999e+00  7.78234650e-08  3.59999999e+00 
 7.78434650e-08  3.59999999e+00  7.78434650e-08  3.59999999e+00 
 7.78634650e-08  3.59999999e+00  7.78634650e-08  3.59999999e+00 
 7.78834650e-08  3.59999999e+00  7.78834650e-08  3.59999999e+00 
 7.79034650e-08  3.59999999e+00  7.79034650e-08  3.59999999e+00 
 7.79234650e-08  3.59999999e+00  7.79234650e-08  3.59999999e+00 
 7.79434650e-08  3.59999999e+00  7.79434650e-08  3.59999999e+00 
 7.79634650e-08  3.59999999e+00  7.79634650e-08  3.59999999e+00 
 7.79834650e-08  3.59999999e+00  7.79834650e-08  3.59999999e+00 
 7.80034650e-08  3.59999999e+00  7.80034650e-08  3.59999999e+00 
 7.80234650e-08  3.59999999e+00  7.80234650e-08  3.59999999e+00 
 7.80434650e-08  3.59999999e+00  7.80434650e-08  3.59999999e+00 
 7.80634650e-08  3.59999999e+00  7.80634650e-08  3.59999999e+00 
 7.80834650e-08  3.59999999e+00  7.80834650e-08  3.59999999e+00 
 7.81034650e-08  3.59999999e+00  7.81034650e-08  3.59999999e+00 
 7.81234650e-08  3.59999999e+00  7.81234650e-08  3.59999999e+00 
 7.81434650e-08  3.59999999e+00  7.81434650e-08  3.59999999e+00 
 7.81634650e-08  3.59999999e+00  7.81634650e-08  3.59999999e+00 
 7.81834650e-08  3.59999999e+00  7.81834650e-08  3.59999999e+00 
 7.82034650e-08  3.59999999e+00  7.82034650e-08  3.59999999e+00 
 7.82234650e-08  3.59999999e+00  7.82234650e-08  3.59999999e+00 
 7.82434650e-08  3.59999999e+00  7.82434650e-08  3.59999999e+00 
 7.82634650e-08  3.59999999e+00  7.82634650e-08  3.59999999e+00 
 7.82834650e-08  3.59999999e+00  7.82834650e-08  3.59999999e+00 
 7.83034650e-08  3.59999999e+00  7.83034650e-08  3.59999999e+00 
 7.83234650e-08  3.59999999e+00  7.83234650e-08  3.59999999e+00 
 7.83434650e-08  3.59999999e+00  7.83434650e-08  3.59999999e+00 
 7.83634650e-08  3.59999999e+00  7.83634650e-08  3.59999999e+00 
 7.83834650e-08  3.59999999e+00  7.83834650e-08  3.59999999e+00 
 7.84034650e-08  3.59999999e+00  7.84034650e-08  3.59999999e+00 
 7.84234650e-08  3.59999999e+00  7.84234650e-08  3.59999999e+00 
 7.84434650e-08  3.59999999e+00  7.84434650e-08  3.59999999e+00 
 7.84634650e-08  3.59999999e+00  7.84634650e-08  3.59999999e+00 
 7.84834650e-08  3.59999999e+00  7.84834650e-08  3.59999999e+00 
 7.85034650e-08  3.59999999e+00  7.85034650e-08  3.59999999e+00 
 7.85234650e-08  3.59999999e+00  7.85234650e-08  3.59999999e+00 
 7.85434650e-08  3.59999999e+00  7.85434650e-08  3.59999999e+00 
 7.85634650e-08  3.59999999e+00  7.85634650e-08  3.59999999e+00 
 7.85834650e-08  3.59999999e+00  7.85834650e-08  3.59999999e+00 
 7.86034650e-08  3.59999999e+00  7.86034650e-08  3.59999999e+00 
 7.86234650e-08  3.59999999e+00  7.86234650e-08  3.59999999e+00 
 7.86434650e-08  3.59999999e+00  7.86434650e-08  3.59999999e+00 
 7.86634650e-08  3.59999999e+00  7.86634650e-08  3.59999999e+00 
 7.86834650e-08  3.59999999e+00  7.86834650e-08  3.59999999e+00 
 7.87034650e-08  3.59999999e+00  7.87034650e-08  3.59999999e+00 
 7.87234650e-08  3.59999999e+00  7.87234650e-08  3.59999999e+00 
 7.87434650e-08  3.59999999e+00  7.87434650e-08  3.59999999e+00 
 7.87634650e-08  3.59999999e+00  7.87634650e-08  3.59999999e+00 
 7.87834650e-08  3.59999999e+00  7.87834650e-08  3.59999999e+00 
 7.88034650e-08  3.59999999e+00  7.88034650e-08  3.59999999e+00 
 7.88234650e-08  3.59999999e+00  7.88234650e-08  3.59999999e+00 
 7.88434650e-08  3.59999999e+00  7.88434650e-08  3.59999999e+00 
 7.88634650e-08  3.59999999e+00  7.88634650e-08  3.59999999e+00 
 7.88834650e-08  3.59999999e+00  7.88834650e-08  3.59999999e+00 
 7.89034650e-08  3.59999999e+00  7.89034650e-08  3.59999999e+00 
 7.89234650e-08  3.59999999e+00  7.89234650e-08  3.59999999e+00 
 7.89434650e-08  3.59999999e+00  7.89434650e-08  3.59999999e+00 
 7.89634650e-08  3.59999999e+00  7.89634650e-08  3.59999999e+00 
 7.89834650e-08  3.59999999e+00  7.89834650e-08  3.59999999e+00 
 7.90034650e-08  3.59999999e+00  7.90034650e-08  3.59999999e+00 
 7.90234650e-08  3.59999999e+00  7.90234650e-08  3.59999999e+00 
 7.90434650e-08  3.59999999e+00  7.90434650e-08  3.59999999e+00 
 7.90634650e-08  3.59999999e+00  7.90634650e-08  3.59999999e+00 
 7.90834650e-08  3.59999999e+00  7.90834650e-08  3.59999999e+00 
 7.91034650e-08  3.59999999e+00  7.91034650e-08  3.59999999e+00 
 7.91234650e-08  3.59999999e+00  7.91234650e-08  3.59999999e+00 
 7.91434650e-08  3.59999999e+00  7.91434650e-08  3.59999999e+00 
 7.91634650e-08  3.59999999e+00  7.91634650e-08  3.59999999e+00 
 7.91834650e-08  3.59999999e+00  7.91834650e-08  3.59999999e+00 
 7.92034650e-08  3.59999999e+00  7.92034650e-08  3.59999999e+00 
 7.92234650e-08  3.59999999e+00  7.92234650e-08  3.59999999e+00 
 7.92434650e-08  3.59999999e+00  7.92434650e-08  3.59999999e+00 
 7.92634650e-08  3.59999999e+00  7.92634650e-08  3.59999999e+00 
 7.92834650e-08  3.59999999e+00  7.92834650e-08  3.59999999e+00 
 7.93034650e-08  3.59999999e+00  7.93034650e-08  3.59999999e+00 
 7.93234650e-08  3.59999999e+00  7.93234650e-08  3.59999999e+00 
 7.93434650e-08  3.59999999e+00  7.93434650e-08  3.59999999e+00 
 7.93634650e-08  3.59999999e+00  7.93634650e-08  3.59999999e+00 
 7.93834650e-08  3.59999999e+00  7.93834650e-08  3.59999999e+00 
 7.94034650e-08  3.59999999e+00  7.94034650e-08  3.59999999e+00 
 7.94234650e-08  3.59999999e+00  7.94234650e-08  3.59999999e+00 
 7.94434650e-08  3.59999999e+00  7.94434650e-08  3.59999999e+00 
 7.94634650e-08  3.59999999e+00  7.94634650e-08  3.59999999e+00 
 7.94834650e-08  3.59999999e+00  7.94834650e-08  3.59999999e+00 
 7.95034650e-08  3.59999999e+00  7.95034650e-08  3.59999999e+00 
 7.95234650e-08  3.59999999e+00  7.95234650e-08  3.59999999e+00 
 7.95434650e-08  3.59999999e+00  7.95434650e-08  3.59999999e+00 
 7.95634650e-08  3.59999999e+00  7.95634650e-08  3.59999999e+00 
 7.95834650e-08  3.59999999e+00  7.95834650e-08  3.59999999e+00 
 7.96034650e-08  3.59999999e+00  7.96034650e-08  3.59999999e+00 
 7.96234650e-08  3.59999999e+00  7.96234650e-08  3.59999999e+00 
 7.96434650e-08  3.59999999e+00  7.96434650e-08  3.59999999e+00 
 7.96634650e-08  3.59999999e+00  7.96634650e-08  3.59999999e+00 
 7.96834650e-08  3.59999999e+00  7.96834650e-08  3.59999999e+00 
 7.97034650e-08  3.59999999e+00  7.97034650e-08  3.59999999e+00 
 7.97234650e-08  3.59999999e+00  7.97234650e-08  3.59999999e+00 
 7.97434650e-08  3.59999999e+00  7.97434650e-08  3.59999999e+00 
 7.97634650e-08  3.59999999e+00  7.97634650e-08  3.59999999e+00 
 7.97834650e-08  3.59999999e+00  7.97834650e-08  3.59999999e+00 
 7.98034650e-08  3.59999999e+00  7.98034650e-08  3.59999999e+00 
 7.98234650e-08  3.59999999e+00  7.98234650e-08  3.59999999e+00 
 7.98434650e-08  3.59999999e+00  7.98434650e-08  3.59999999e+00 
 7.98634650e-08  3.59999999e+00  7.98634650e-08  3.59999999e+00 
 7.98834650e-08  3.59999999e+00  7.98834650e-08  3.59999999e+00 
 7.99034650e-08  3.59999999e+00  7.99034650e-08  3.59999999e+00 
 7.99234650e-08  3.59999999e+00  7.99234650e-08  3.59999999e+00 
 7.99434650e-08  3.59999999e+00  7.99434650e-08  3.59999999e+00 
 7.99634650e-08  3.59999999e+00  7.99634650e-08  3.59999999e+00 
 7.99834650e-08  3.59999999e+00  7.99834650e-08  3.59999999e+00 
 8.00034650e-08  3.59999999e+00  8.00034650e-08  3.59999999e+00 
 8.00234650e-08  3.59999999e+00  8.00234650e-08  3.59999999e+00 
 8.00434650e-08  3.59999999e+00  8.00434650e-08  3.59999999e+00 
 8.00634650e-08  3.59999999e+00  8.00634650e-08  3.59999999e+00 
 8.00834650e-08  3.59999999e+00  8.00834650e-08  3.59999999e+00 
 8.01034650e-08  3.59999999e+00  8.01034650e-08  3.59999999e+00 
 8.01234650e-08  3.59999999e+00  8.01234650e-08  3.59999999e+00 
 8.01434650e-08  3.59999999e+00  8.01434650e-08  3.59999999e+00 
 8.01634650e-08  3.59999999e+00  8.01634650e-08  3.59999999e+00 
 8.01834650e-08  3.59999999e+00  8.01834650e-08  3.59999999e+00 
 8.02034650e-08  3.59999999e+00  8.02034650e-08  3.59999999e+00 
 8.02234650e-08  3.59999999e+00  8.02234650e-08  3.59999999e+00 
 8.02434650e-08  3.59999999e+00  8.02434650e-08  3.59999999e+00 
 8.02634650e-08  3.59999999e+00  8.02634650e-08  3.59999999e+00 
 8.02834650e-08  3.59999999e+00  8.02834650e-08  3.59999999e+00 
 8.03034650e-08  3.59999999e+00  8.03034650e-08  3.59999999e+00 
 8.03234650e-08  3.59999999e+00  8.03234650e-08  3.59999999e+00 
 8.03434650e-08  3.59999999e+00  8.03434650e-08  3.59999999e+00 
 8.03634650e-08  3.59999999e+00  8.03634650e-08  3.59999999e+00 
 8.03834650e-08  3.59999999e+00  8.03834650e-08  3.59999999e+00 
 8.04034650e-08  3.59999999e+00  8.04034650e-08  3.59999999e+00 
 8.04234650e-08  3.59999999e+00  8.04234650e-08  3.59999999e+00 
 8.04434650e-08  3.59999999e+00  8.04434650e-08  3.59999999e+00 
 8.04634650e-08  3.59999999e+00  8.04634650e-08  3.59999999e+00 
 8.04834650e-08  3.59999999e+00  8.04834650e-08  3.59999999e+00 
 8.05034650e-08  3.59999999e+00  8.05034650e-08  3.59999999e+00 
 8.05234650e-08  3.59999999e+00  8.05234650e-08  3.59999999e+00 
 8.05434650e-08  3.59999999e+00  8.05434650e-08  3.59999999e+00 
 8.05634650e-08  3.59999999e+00  8.05634650e-08  3.59999999e+00 
 8.05834650e-08  3.59999999e+00  8.05834650e-08  3.59999999e+00 
 8.06034650e-08  3.59999999e+00  8.06034650e-08  3.59999999e+00 
 8.06234650e-08  3.59999999e+00  8.06234650e-08  3.59999999e+00 
 8.06434650e-08  3.59999999e+00  8.06434650e-08  3.59999999e+00 
 8.06634650e-08  3.59999999e+00  8.06634650e-08  3.59999999e+00 
 8.06834650e-08  3.59999999e+00  8.06834650e-08  3.59999999e+00 
 8.07034650e-08  3.59999999e+00  8.07034650e-08  3.59999999e+00 
 8.07234650e-08  3.59999999e+00  8.07234650e-08  3.59999999e+00 
 8.07434650e-08  3.59999999e+00  8.07434650e-08  3.59999999e+00 
 8.07634650e-08  3.59999999e+00  8.07634650e-08  3.59999999e+00 
 8.07834650e-08  3.59999999e+00  8.07834650e-08  3.59999999e+00 
 8.08034650e-08  3.59999999e+00  8.08034650e-08  3.59999999e+00 
 8.08234650e-08  3.59999999e+00  8.08234650e-08  3.59999999e+00 
 8.08434650e-08  3.59999999e+00  8.08434650e-08  3.59999999e+00 
 8.08634650e-08  3.59999999e+00  8.08634650e-08  3.59999999e+00 
 8.08834650e-08  3.59999999e+00  8.08834650e-08  3.59999999e+00 
 8.09034650e-08  3.59999999e+00  8.09034650e-08  3.59999999e+00 
 8.09234650e-08  3.59999999e+00  8.09234650e-08  3.59999999e+00 
 8.09434650e-08  3.59999999e+00  8.09434650e-08  3.59999999e+00 
 8.09634650e-08  3.59999999e+00  8.09634650e-08  3.59999999e+00 
 8.09834650e-08  3.59999999e+00  8.09834650e-08  3.59999999e+00 
 8.10034650e-08  3.59999999e+00  8.10034650e-08  3.59999999e+00 
 8.10234650e-08  3.59999999e+00  8.10234650e-08  3.59999999e+00 
 8.10434650e-08  3.59999999e+00  8.10434650e-08  3.59999999e+00 
 8.10634650e-08  3.59999999e+00  8.10634650e-08  3.59999999e+00 
 8.10834650e-08  3.59999999e+00  8.10834650e-08  3.59999999e+00 
 8.11034650e-08  3.59999999e+00  8.11034650e-08  3.59999999e+00 
 8.11234650e-08  3.59999999e+00  8.11234650e-08  3.59999999e+00 
 8.11434650e-08  3.59999999e+00  8.11434650e-08  3.59999999e+00 
 8.11634650e-08  3.59999999e+00  8.11634650e-08  3.59999999e+00 
 8.11834650e-08  3.59999999e+00  8.11834650e-08  3.59999999e+00 
 8.12034650e-08  3.59999999e+00  8.12034650e-08  3.59999999e+00 
 8.12234650e-08  3.59999999e+00  8.12234650e-08  3.59999999e+00 
 8.12434650e-08  3.59999999e+00  8.12434650e-08  3.59999999e+00 
 8.12634650e-08  3.59999999e+00  8.12634650e-08  3.59999999e+00 
 8.12834650e-08  3.59999999e+00  8.12834650e-08  3.59999999e+00 
 8.13034650e-08  3.59999999e+00  8.13034650e-08  3.59999999e+00 
 8.13234650e-08  3.59999999e+00  8.13234650e-08  3.59999999e+00 
 8.13434650e-08  3.59999999e+00  8.13434650e-08  3.59999999e+00 
 8.13634650e-08  3.59999999e+00  8.13634650e-08  3.59999999e+00 
 8.13834650e-08  3.59999999e+00  8.13834650e-08  3.59999999e+00 
 8.14034650e-08  3.59999999e+00  8.14034650e-08  3.59999999e+00 
 8.14234650e-08  3.59999999e+00  8.14234650e-08  3.59999999e+00 
 8.14434650e-08  3.59999999e+00  8.14434650e-08  3.59999999e+00 
 8.14634650e-08  3.59999999e+00  8.14634650e-08  3.59999999e+00 
 8.14834650e-08  3.59999999e+00  8.14834650e-08  3.59999999e+00 
 8.15034650e-08  3.59999999e+00  8.15034650e-08  3.59999999e+00 
 8.15234650e-08  3.59999999e+00  8.15234650e-08  3.59999999e+00 
 8.15434650e-08  3.59999999e+00  8.15434650e-08  3.59999999e+00 
 8.15634650e-08  3.59999999e+00  8.15634650e-08  3.59999999e+00 
 8.15834650e-08  3.59999999e+00  8.15834650e-08  3.59999999e+00 
 8.16034650e-08  3.59999999e+00  8.16034650e-08  3.59999999e+00 
 8.16234650e-08  3.59999999e+00  8.16234650e-08  3.59999999e+00 
 8.16434650e-08  3.59999999e+00  8.16434650e-08  3.59999999e+00 
 8.16634650e-08  3.59999999e+00  8.16634650e-08  3.59999999e+00 
 8.16834650e-08  3.59999999e+00  8.16834650e-08  3.59999999e+00 
 8.17034650e-08  3.59999999e+00  8.17034650e-08  3.59999999e+00 
 8.17234650e-08  3.59999999e+00  8.17234650e-08  3.59999999e+00 
 8.17434650e-08  3.59999999e+00  8.17434650e-08  3.59999999e+00 
 8.17634650e-08  3.59999999e+00  8.17634650e-08  3.59999999e+00 
 8.17834650e-08  3.59999999e+00  8.17834650e-08  3.59999999e+00 
 8.18034650e-08  3.59999999e+00  8.18034650e-08  3.59999999e+00 
 8.18234650e-08  3.59999999e+00  8.18234650e-08  3.59999999e+00 
 8.18434650e-08  3.59999999e+00  8.18434650e-08  3.59999999e+00 
 8.18634650e-08  3.59999999e+00  8.18634650e-08  3.59999999e+00 
 8.18834650e-08  3.59999999e+00  8.18834650e-08  3.59999999e+00 
 8.19034650e-08  3.59999999e+00  8.19034650e-08  3.59999999e+00 
 8.19234650e-08  3.59999999e+00  8.19234650e-08  3.59999999e+00 
 8.19434650e-08  3.59999999e+00  8.19434650e-08  3.59999999e+00 
 8.19634650e-08  3.59999999e+00  8.19634650e-08  3.59999999e+00 
 8.19834650e-08  3.59999999e+00  8.19834650e-08  3.59999999e+00 
 8.20034650e-08  3.59999999e+00  8.20034650e-08  3.59999999e+00 
 8.20234650e-08  3.59999999e+00  8.20234650e-08  3.59999999e+00 
 8.20434650e-08  3.59999999e+00  8.20434650e-08  3.59999999e+00 
 8.20634650e-08  3.59999999e+00  8.20634650e-08  3.59999999e+00 
 8.20834650e-08  3.59999999e+00  8.20834650e-08  3.59999999e+00 
 8.21034650e-08  3.59999999e+00  8.21034650e-08  3.59999999e+00 
 8.21234650e-08  3.59999999e+00  8.21234650e-08  3.59999999e+00 
 8.21434650e-08  3.59999999e+00  8.21434650e-08  3.59999999e+00 
 8.21634650e-08  3.59999999e+00  8.21634650e-08  3.59999999e+00 
 8.21834650e-08  3.59999999e+00  8.21834650e-08  3.59999999e+00 
 8.22034650e-08  3.59999999e+00  8.22034650e-08  3.59999999e+00 
 8.22234650e-08  3.59999999e+00  8.22234650e-08  3.59999999e+00 
 8.22434650e-08  3.59999999e+00  8.22434650e-08  3.59999999e+00 
 8.22634650e-08  3.59999999e+00  8.22634650e-08  3.59999999e+00 
 8.22834650e-08  3.59999999e+00  8.22834650e-08  3.59999999e+00 
 8.23034650e-08  3.59999999e+00  8.23034650e-08  3.59999999e+00 
 8.23234650e-08  3.59999999e+00  8.23234650e-08  3.59999999e+00 
 8.23434650e-08  3.59999999e+00  8.23434650e-08  3.59999999e+00 
 8.23634650e-08  3.59999999e+00  8.23634650e-08  3.59999999e+00 
 8.23834650e-08  3.59999999e+00  8.23834650e-08  3.59999999e+00 
 8.24034650e-08  3.59999999e+00  8.24034650e-08  3.59999999e+00 
 8.24234650e-08  3.59999999e+00  8.24234650e-08  3.59999999e+00 
 8.24434650e-08  3.59999999e+00  8.24434650e-08  3.59999999e+00 
 8.24634650e-08  3.59999999e+00  8.24634650e-08  3.59999999e+00 
 8.24834650e-08  3.59999999e+00  8.24834650e-08  3.59999999e+00 
 8.25034650e-08  3.59999999e+00  8.25034650e-08  3.59999999e+00 
 8.25234650e-08  3.59999999e+00  8.25234650e-08  3.59999999e+00 
 8.25434650e-08  3.59999999e+00  8.25434650e-08  3.59999999e+00 
 8.25634650e-08  3.59999999e+00  8.25634650e-08  3.59999999e+00 
 8.25834650e-08  3.59999999e+00  8.25834650e-08  3.59999999e+00 
 8.26034650e-08  3.59999999e+00  8.26034650e-08  3.59999999e+00 
 8.26234650e-08  3.59999999e+00  8.26234650e-08  3.59999999e+00 
 8.26434650e-08  3.59999999e+00  8.26434650e-08  3.59999999e+00 
 8.26634650e-08  3.59999999e+00  8.26634650e-08  3.59999999e+00 
 8.26834650e-08  3.59999999e+00  8.26834650e-08  3.59999999e+00 
 8.27034650e-08  3.59999999e+00  8.27034650e-08  3.59999999e+00 
 8.27234650e-08  3.59999999e+00  8.27234650e-08  3.59999999e+00 
 8.27434650e-08  3.59999999e+00  8.27434650e-08  3.59999999e+00 
 8.27634650e-08  3.59999999e+00  8.27634650e-08  3.59999999e+00 
 8.27834650e-08  3.59999999e+00  8.27834650e-08  3.59999999e+00 
 8.28034650e-08  3.59999999e+00  8.28034650e-08  3.59999999e+00 
 8.28234650e-08  3.59999999e+00  8.28234650e-08  3.59999999e+00 
 8.28434650e-08  3.59999999e+00  8.28434650e-08  3.59999999e+00 
 8.28634650e-08  3.59999999e+00  8.28634650e-08  3.59999999e+00 
 8.28834650e-08  3.59999999e+00  8.28834650e-08  3.59999999e+00 
 8.29034650e-08  3.59999999e+00  8.29034650e-08  3.59999999e+00 
 8.29234650e-08  3.59999999e+00  8.29234650e-08  3.59999999e+00 
 8.29434650e-08  3.59999999e+00  8.29434650e-08  3.59999999e+00 
 8.29634650e-08  3.59999999e+00  8.29634650e-08  3.59999999e+00 
 8.29834650e-08  3.59999999e+00  8.29834650e-08  3.59999999e+00 
 8.30034650e-08  3.59999999e+00  8.30034650e-08  3.59999999e+00 
 8.30234650e-08  3.59999999e+00  8.30234650e-08  3.59999999e+00 
 8.30434650e-08  3.59999999e+00  8.30434650e-08  3.59999999e+00 
 8.30634650e-08  3.59999999e+00  8.30634650e-08  3.59999999e+00 
 8.30834650e-08  3.59999999e+00  8.30834650e-08  3.59999999e+00 
 8.31034650e-08  3.59999999e+00  8.31034650e-08  3.59999999e+00 
 8.31234650e-08  3.59999999e+00  8.31234650e-08  3.59999999e+00 
 8.31434650e-08  3.59999999e+00  8.31434650e-08  3.59999999e+00 
 8.31634650e-08  3.59999999e+00  8.31634650e-08  3.59999999e+00 
 8.31834650e-08  3.59999999e+00  8.31834650e-08  3.59999999e+00 
 8.32034650e-08  3.59999999e+00  8.32034650e-08  3.59999999e+00 
 8.32234650e-08  3.59999999e+00  8.32234650e-08  3.59999999e+00 
 8.32434650e-08  3.59999999e+00  8.32434650e-08  3.59999999e+00 
 8.32634650e-08  3.59999999e+00  8.32634650e-08  3.59999999e+00 
 8.32834650e-08  3.59999999e+00  8.32834650e-08  3.59999999e+00 
 8.33034650e-08  3.59999999e+00  8.33034650e-08  3.59999999e+00 
 8.33234650e-08  3.59999999e+00  8.33234650e-08  3.59999999e+00 
 8.33434650e-08  3.59999999e+00  8.33434650e-08  3.59999999e+00 
 8.33634650e-08  3.59999999e+00  8.33634650e-08  3.59999999e+00 
 8.33834650e-08  3.59999999e+00  8.33834650e-08  3.59999999e+00 
 8.34034650e-08  3.59999999e+00  8.34034650e-08  3.59999999e+00 
 8.34234650e-08  3.59999999e+00  8.34234650e-08  3.59999999e+00 
 8.34434650e-08  3.59999999e+00  8.34434650e-08  3.59999999e+00 
 8.34634650e-08  3.59999999e+00  8.34634650e-08  3.59999999e+00 
 8.34834650e-08  3.59999999e+00  8.34834650e-08  3.59999999e+00 
 8.35034650e-08  3.59999999e+00  8.35034650e-08  3.59999999e+00 
 8.35234650e-08  3.59999999e+00  8.35234650e-08  3.59999999e+00 
 8.35434650e-08  3.59999999e+00  8.35434650e-08  3.59999999e+00 
 8.35634650e-08  3.59999999e+00  8.35634650e-08  3.59999999e+00 
 8.35834650e-08  3.59999999e+00  8.35834650e-08  3.59999999e+00 
 8.36034650e-08  3.59999999e+00  8.36034650e-08  3.59999999e+00 
 8.36234650e-08  3.59999999e+00  8.36234650e-08  3.59999999e+00 
 8.36434650e-08  3.59999999e+00  8.36434650e-08  3.59999999e+00 
 8.36634650e-08  3.59999999e+00  8.36634650e-08  3.59999999e+00 
 8.36834650e-08  3.59999999e+00  8.36834650e-08  3.59999999e+00 
 8.37034650e-08  3.59999999e+00  8.37034650e-08  3.59999999e+00 
 8.37234650e-08  3.59999999e+00  8.37234650e-08  3.59999999e+00 
 8.37434650e-08  3.59999999e+00  8.37434650e-08  3.59999999e+00 
 8.37634650e-08  3.59999999e+00  8.37634650e-08  3.59999999e+00 
 8.37834650e-08  3.59999999e+00  8.37834650e-08  3.59999999e+00 
 8.38034650e-08  3.59999999e+00  8.38034650e-08  3.59999999e+00 
 8.38234650e-08  3.59999999e+00  8.38234650e-08  3.59999999e+00 
 8.38434650e-08  3.59999999e+00  8.38434650e-08  3.59999999e+00 
 8.38634650e-08  3.59999999e+00  8.38634650e-08  3.59999999e+00 
 8.38834650e-08  3.59999999e+00  8.38834650e-08  3.59999999e+00 
 8.39034650e-08  3.59999999e+00  8.39034650e-08  3.59999999e+00 
 8.39234650e-08  3.59999999e+00  8.39234650e-08  3.59999999e+00 
 8.39434650e-08  3.59999999e+00  8.39434650e-08  3.59999999e+00 
 8.39634650e-08  3.59999999e+00  8.39634650e-08  3.59999999e+00 
 8.39834650e-08  3.59999999e+00  8.39834650e-08  3.59999999e+00 
 8.40034650e-08  3.59999999e+00  8.40034650e-08  3.59999999e+00 
 8.40234650e-08  3.59999999e+00  8.40234650e-08  3.59999999e+00 
 8.40434650e-08  3.59999999e+00  8.40434650e-08  3.59999999e+00 
 8.40634650e-08  3.59999999e+00  8.40634650e-08  3.59999999e+00 
 8.40834650e-08  3.59999999e+00  8.40834650e-08  3.59999999e+00 
 8.41034650e-08  3.59999999e+00  8.41034650e-08  3.59999999e+00 
 8.41234650e-08  3.59999999e+00  8.41234650e-08  3.59999999e+00 
 8.41434650e-08  3.59999999e+00  8.41434650e-08  3.59999999e+00 
 8.41634650e-08  3.59999999e+00  8.41634650e-08  3.59999999e+00 
 8.41834650e-08  3.59999999e+00  8.41834650e-08  3.59999999e+00 
 8.42034650e-08  3.59999999e+00  8.42034650e-08  3.59999999e+00 
 8.42234650e-08  3.59999999e+00  8.42234650e-08  3.59999999e+00 
 8.42434650e-08  3.59999999e+00  8.42434650e-08  3.59999999e+00 
 8.42634650e-08  3.59999999e+00  8.42634650e-08  3.59999999e+00 
 8.42834650e-08  3.59999999e+00  8.42834650e-08  3.59999999e+00 
 8.43034650e-08  3.59999999e+00  8.43034650e-08  3.59999999e+00 
 8.43234650e-08  3.59999999e+00  8.43234650e-08  3.59999999e+00 
 8.43434650e-08  3.59999999e+00  8.43434650e-08  3.59999999e+00 
 8.43634650e-08  3.59999999e+00  8.43634650e-08  3.59999999e+00 
 8.43834650e-08  3.59999999e+00  8.43834650e-08  3.59999999e+00 
 8.44034650e-08  3.59999999e+00  8.44034650e-08  3.59999999e+00 
 8.44234650e-08  3.59999999e+00  8.44234650e-08  3.59999999e+00 
 8.44434650e-08  3.59999999e+00  8.44434650e-08  3.59999999e+00 
 8.44634650e-08  3.59999999e+00  8.44634650e-08  3.59999999e+00 
 8.44834650e-08  3.59999999e+00  8.44834650e-08  3.59999999e+00 
 8.45034650e-08  3.59999999e+00  8.45034650e-08  3.59999999e+00 
 8.45234650e-08  3.59999999e+00  8.45234650e-08  3.59999999e+00 
 8.45434650e-08  3.59999999e+00  8.45434650e-08  3.59999999e+00 
 8.45634650e-08  3.59999999e+00  8.45634650e-08  3.59999999e+00 
 8.45834650e-08  3.59999999e+00  8.45834650e-08  3.59999999e+00 
 8.46034650e-08  3.59999999e+00  8.46034650e-08  3.59999999e+00 
 8.46234650e-08  3.59999999e+00  8.46234650e-08  3.59999999e+00 
 8.46434650e-08  3.59999999e+00  8.46434650e-08  3.59999999e+00 
 8.46634650e-08  3.59999999e+00  8.46634650e-08  3.59999999e+00 
 8.46834650e-08  3.59999999e+00  8.46834650e-08  3.59999999e+00 
 8.47034650e-08  3.59999999e+00  8.47034650e-08  3.59999999e+00 
 8.47234650e-08  3.59999999e+00  8.47234650e-08  3.59999999e+00 
 8.47434650e-08  3.59999999e+00  8.47434650e-08  3.59999999e+00 
 8.47634650e-08  3.59999999e+00  8.47634650e-08  3.59999999e+00 
 8.47834650e-08  3.59999999e+00  8.47834650e-08  3.59999999e+00 
 8.48034650e-08  3.59999999e+00  8.48034650e-08  3.59999999e+00 
 8.48234650e-08  3.59999999e+00  8.48234650e-08  3.59999999e+00 
 8.48434650e-08  3.59999999e+00  8.48434650e-08  3.59999999e+00 
 8.48634650e-08  3.59999999e+00  8.48634650e-08  3.59999999e+00 
 8.48834650e-08  3.59999999e+00  8.48834650e-08  3.59999999e+00 
 8.49034650e-08  3.59999999e+00  8.49034650e-08  3.59999999e+00 
 8.49234650e-08  3.59999999e+00  8.49234650e-08  3.59999999e+00 
 8.49434650e-08  3.59999999e+00  8.49434650e-08  3.59999999e+00 
 8.49634650e-08  3.59999999e+00  8.49634650e-08  3.59999999e+00 
 8.49834650e-08  3.59999999e+00  8.49834650e-08  3.59999999e+00 
 8.50034650e-08  3.59999999e+00  8.50034650e-08  3.59999999e+00 
 8.50234650e-08  3.59999999e+00  8.50234650e-08  3.59999999e+00 
 8.50434650e-08  3.59999999e+00  8.50434650e-08  3.59999999e+00 
 8.50634650e-08  3.59999999e+00  8.50634650e-08  3.59999999e+00 
 8.50834650e-08  3.59999999e+00  8.50834650e-08  3.59999999e+00 
 8.51034650e-08  3.59999999e+00  8.51034650e-08  3.59999999e+00 
 8.51234650e-08  3.59999999e+00  8.51234650e-08  3.59999999e+00 
 8.51434650e-08  3.59999999e+00  8.51434650e-08  3.59999999e+00 
 8.51634650e-08  3.59999999e+00  8.51634650e-08  3.59999999e+00 
 8.51834650e-08  3.59999999e+00  8.51834650e-08  3.59999999e+00 
 8.52034650e-08  3.59999999e+00  8.52034650e-08  3.59999999e+00 
 8.52234650e-08  3.59999999e+00  8.52234650e-08  3.59999999e+00 
 8.52434650e-08  3.59999999e+00  8.52434650e-08  3.59999999e+00 
 8.52634650e-08  3.59999999e+00  8.52634650e-08  3.59999999e+00 
 8.52834650e-08  3.59999999e+00  8.52834650e-08  3.59999999e+00 
 8.53034650e-08  3.59999999e+00  8.53034650e-08  3.59999999e+00 
 8.53234650e-08  3.59999999e+00  8.53234650e-08  3.59999999e+00 
 8.53434650e-08  3.59999999e+00  8.53434650e-08  3.59999999e+00 
 8.53634650e-08  3.59999999e+00  8.53634650e-08  3.59999999e+00 
 8.53834650e-08  3.59999999e+00  8.53834650e-08  3.59999999e+00 
 8.54034650e-08  3.59999999e+00  8.54034650e-08  3.59999999e+00 
 8.54234650e-08  3.59999999e+00  8.54234650e-08  3.59999999e+00 
 8.54434650e-08  3.59999999e+00  8.54434650e-08  3.59999999e+00 
 8.54634650e-08  3.59999999e+00  8.54634650e-08  3.59999999e+00 
 8.54834650e-08  3.59999999e+00  8.54834650e-08  3.59999999e+00 
 8.55034650e-08  3.59999999e+00  8.55034650e-08  3.59999999e+00 
 8.55234650e-08  3.59999999e+00  8.55234650e-08  3.59999999e+00 
 8.55434650e-08  3.59999999e+00  8.55434650e-08  3.59999999e+00 
 8.55634650e-08  3.59999999e+00  8.55634650e-08  3.59999999e+00 
 8.55834650e-08  3.59999999e+00  8.55834650e-08  3.59999999e+00 
 8.56034650e-08  3.59999999e+00  8.56034650e-08  3.59999999e+00 
 8.56234650e-08  3.59999999e+00  8.56234650e-08  3.59999999e+00 
 8.56434650e-08  3.59999999e+00  8.56434650e-08  3.59999999e+00 
 8.56634650e-08  3.59999999e+00  8.56634650e-08  3.59999999e+00 
 8.56834650e-08  3.59999999e+00  8.56834650e-08  3.59999999e+00 
 8.57034650e-08  3.59999999e+00  8.57034650e-08  3.59999999e+00 
 8.57234650e-08  3.59999999e+00  8.57234650e-08  3.59999999e+00 
 8.57434650e-08  3.59999999e+00  8.57434650e-08  3.59999999e+00 
 8.57634650e-08  3.59999999e+00  8.57634650e-08  3.59999999e+00 
 8.57834650e-08  3.59999999e+00  8.57834650e-08  3.59999999e+00 
 8.58034650e-08  3.59999999e+00  8.58034650e-08  3.59999999e+00 
 8.58234650e-08  3.59999999e+00  8.58234650e-08  3.59999999e+00 
 8.58434650e-08  3.59999999e+00  8.58434650e-08  3.59999999e+00 
 8.58634650e-08  3.59999999e+00  8.58634650e-08  3.59999999e+00 
 8.58834650e-08  3.59999999e+00  8.58834650e-08  3.59999999e+00 
 8.59034650e-08  3.59999999e+00  8.59034650e-08  3.59999999e+00 
 8.59234650e-08  3.59999999e+00  8.59234650e-08  3.59999999e+00 
 8.59434650e-08  3.59999999e+00  8.59434650e-08  3.59999999e+00 
 8.59634650e-08  3.59999999e+00  8.59634650e-08  3.59999999e+00 
 8.59834650e-08  3.59999999e+00  8.59834650e-08  3.59999999e+00 
 8.60034650e-08  3.59999999e+00  8.60034650e-08  3.59999999e+00 
 8.60234650e-08  3.59999999e+00  8.60234650e-08  3.59999999e+00 
 8.60434650e-08  3.59999999e+00  8.60434650e-08  3.59999999e+00 
 8.60634650e-08  3.59999999e+00  8.60634650e-08  3.59999999e+00 
 8.60834650e-08  3.59999999e+00  8.60834650e-08  3.59999999e+00 
 8.61034650e-08  3.59999999e+00  8.61034650e-08  3.59999999e+00 
 8.61234650e-08  3.59999999e+00  8.61234650e-08  3.59999999e+00 
 8.61434650e-08  3.59999999e+00  8.61434650e-08  3.59999999e+00 
 8.61634650e-08  3.59999999e+00  8.61634650e-08  3.59999999e+00 
 8.61834650e-08  3.59999999e+00  8.61834650e-08  3.59999999e+00 
 8.62034650e-08  3.59999999e+00  8.62034650e-08  3.59999999e+00 
 8.62234650e-08  3.59999999e+00  8.62234650e-08  3.59999999e+00 
 8.62434650e-08  3.59999999e+00  8.62434650e-08  3.59999999e+00 
 8.62634650e-08  3.59999999e+00  8.62634650e-08  3.59999999e+00 
 8.62834650e-08  3.59999999e+00  8.62834650e-08  3.59999999e+00 
 8.63034650e-08  3.59999999e+00  8.63034650e-08  3.59999999e+00 
 8.63234650e-08  3.59999999e+00  8.63234650e-08  3.59999999e+00 
 8.63434650e-08  3.59999999e+00  8.63434650e-08  3.59999999e+00 
 8.63634650e-08  3.59999999e+00  8.63634650e-08  3.59999999e+00 
 8.63834650e-08  3.59999999e+00  8.63834650e-08  3.59999999e+00 
 8.64034650e-08  3.59999999e+00  8.64034650e-08  3.59999999e+00 
 8.64234650e-08  3.59999999e+00  8.64234650e-08  3.59999999e+00 
 8.64434650e-08  3.59999999e+00  8.64434650e-08  3.59999999e+00 
 8.64634650e-08  3.59999999e+00  8.64634650e-08  3.59999999e+00 
 8.64834650e-08  3.59999999e+00  8.64834650e-08  3.59999999e+00 
 8.65034650e-08  3.59999999e+00  8.65034650e-08  3.59999999e+00 
 8.65234650e-08  3.59999999e+00  8.65234650e-08  3.59999999e+00 
 8.65434650e-08  3.59999999e+00  8.65434650e-08  3.59999999e+00 
 8.65634650e-08  3.59999999e+00  8.65634650e-08  3.59999999e+00 
 8.65834650e-08  3.59999999e+00  8.65834650e-08  3.59999999e+00 
 8.66034650e-08  3.59999999e+00  8.66034650e-08  3.59999999e+00 
 8.66234650e-08  3.59999999e+00  8.66234650e-08  3.59999999e+00 
 8.66434650e-08  3.59999999e+00  8.66434650e-08  3.59999999e+00 
 8.66634650e-08  3.59999999e+00  8.66634650e-08  3.59999999e+00 
 8.66834650e-08  3.59999999e+00  8.66834650e-08  3.59999999e+00 
 8.67034650e-08  3.59999999e+00  8.67034650e-08  3.59999999e+00 
 8.67234650e-08  3.59999999e+00  8.67234650e-08  3.59999999e+00 
 8.67434650e-08  3.59999999e+00  8.67434650e-08  3.59999999e+00 
 8.67634650e-08  3.59999999e+00  8.67634650e-08  3.59999999e+00 
 8.67834650e-08  3.59999999e+00  8.67834650e-08  3.59999999e+00 
 8.68034650e-08  3.59999999e+00  8.68034650e-08  3.59999999e+00 
 8.68234650e-08  3.59999999e+00  8.68234650e-08  3.59999999e+00 
 8.68434650e-08  3.59999999e+00  8.68434650e-08  3.59999999e+00 
 8.68634650e-08  3.59999999e+00  8.68634650e-08  3.59999999e+00 
 8.68834650e-08  3.59999999e+00  8.68834650e-08  3.59999999e+00 
 8.69034650e-08  3.59999999e+00  8.69034650e-08  3.59999999e+00 
 8.69234650e-08  3.59999999e+00  8.69234650e-08  3.59999999e+00 
 8.69434650e-08  3.59999999e+00  8.69434650e-08  3.59999999e+00 
 8.69634650e-08  3.59999999e+00  8.69634650e-08  3.59999999e+00 
 8.69834650e-08  3.59999999e+00  8.69834650e-08  3.59999999e+00 
 8.70034650e-08  3.59999999e+00  8.70034650e-08  3.59999999e+00 
 8.70234650e-08  3.59999999e+00  8.70234650e-08  3.59999999e+00 
 8.70434650e-08  3.59999999e+00  8.70434650e-08  3.59999999e+00 
 8.70634650e-08  3.59999999e+00  8.70634650e-08  3.59999999e+00 
 8.70834650e-08  3.59999999e+00  8.70834650e-08  3.59999999e+00 
 8.71034650e-08  3.59999999e+00  8.71034650e-08  3.59999999e+00 
 8.71234650e-08  3.59999999e+00  8.71234650e-08  3.59999999e+00 
 8.71434650e-08  3.59999999e+00  8.71434650e-08  3.59999999e+00 
 8.71634650e-08  3.59999999e+00  8.71634650e-08  3.59999999e+00 
 8.71834650e-08  3.59999999e+00  8.71834650e-08  3.59999999e+00 
 8.72034650e-08  3.59999999e+00  8.72034650e-08  3.59999999e+00 
 8.72234650e-08  3.59999999e+00  8.72234650e-08  3.59999999e+00 
 8.72434650e-08  3.59999999e+00  8.72434650e-08  3.59999999e+00 
 8.72634650e-08  3.59999999e+00  8.72634650e-08  3.59999999e+00 
 8.72834650e-08  3.59999999e+00  8.72834650e-08  3.59999999e+00 
 8.73034650e-08  3.59999999e+00  8.73034650e-08  3.59999999e+00 
 8.73234650e-08  3.59999999e+00  8.73234650e-08  3.59999999e+00 
 8.73434650e-08  3.59999999e+00  8.73434650e-08  3.59999999e+00 
 8.73634650e-08  3.59999999e+00  8.73634650e-08  3.59999999e+00 
 8.73834650e-08  3.59999999e+00  8.73834650e-08  3.59999999e+00 
 8.74034650e-08  3.59999999e+00  8.74034650e-08  3.59999999e+00 
 8.74234650e-08  3.59999999e+00  8.74234650e-08  3.59999999e+00 
 8.74434650e-08  3.59999999e+00  8.74434650e-08  3.59999999e+00 
 8.74634650e-08  3.59999999e+00  8.74634650e-08  3.59999999e+00 
 8.74834650e-08  3.59999999e+00  8.74834650e-08  3.59999999e+00 
 8.75034650e-08  3.59999999e+00  8.75034650e-08  3.59999999e+00 
 8.75234650e-08  3.59999999e+00  8.75234650e-08  3.59999999e+00 
 8.75434650e-08  3.59999999e+00  8.75434650e-08  3.59999999e+00 
 8.75634650e-08  3.59999999e+00  8.75634650e-08  3.59999999e+00 
 8.75834650e-08  3.59999999e+00  8.75834650e-08  3.59999999e+00 
 8.76034650e-08  3.59999999e+00  8.76034650e-08  3.59999999e+00 
 8.76234650e-08  3.59999999e+00  8.76234650e-08  3.59999999e+00 
 8.76434650e-08  3.59999999e+00  8.76434650e-08  3.59999999e+00 
 8.76634650e-08  3.59999999e+00  8.76634650e-08  3.59999999e+00 
 8.76834650e-08  3.59999999e+00  8.76834650e-08  3.59999999e+00 
 8.77034650e-08  3.59999999e+00  8.77034650e-08  3.59999999e+00 
 8.77234650e-08  3.59999999e+00  8.77234650e-08  3.59999999e+00 
 8.77434650e-08  3.59999999e+00  8.77434650e-08  3.59999999e+00 
 8.77634650e-08  3.59999999e+00  8.77634650e-08  3.59999999e+00 
 8.77834650e-08  3.59999999e+00  8.77834650e-08  3.59999999e+00 
 8.78034650e-08  3.59999999e+00  8.78034650e-08  3.59999999e+00 
 8.78234650e-08  3.59999999e+00  8.78234650e-08  3.59999999e+00 
 8.78434650e-08  3.59999999e+00  8.78434650e-08  3.59999999e+00 
 8.78634650e-08  3.59999999e+00  8.78634650e-08  3.59999999e+00 
 8.78834650e-08  3.59999999e+00  8.78834650e-08  3.59999999e+00 
 8.79034650e-08  3.59999999e+00  8.79034650e-08  3.59999999e+00 
 8.79234650e-08  3.59999999e+00  8.79234650e-08  3.59999999e+00 
 8.79434650e-08  3.59999999e+00  8.79434650e-08  3.59999999e+00 
 8.79634650e-08  3.59999999e+00  8.79634650e-08  3.59999999e+00 
 8.79834650e-08  3.59999999e+00  8.79834650e-08  3.59999999e+00 
 8.80034650e-08  3.59999999e+00  8.80034650e-08  3.59999999e+00 
 8.80234650e-08  3.59999999e+00  8.80234650e-08  3.59999999e+00 
 8.80434650e-08  3.59999999e+00  8.80434650e-08  3.59999999e+00 
 8.80634650e-08  3.59999999e+00  8.80634650e-08  3.59999999e+00 
 8.80834650e-08  3.59999999e+00  8.80834650e-08  3.59999999e+00 
 8.81034650e-08  3.59999999e+00  8.81034650e-08  3.59999999e+00 
 8.81234650e-08  3.59999999e+00  8.81234650e-08  3.59999999e+00 
 8.81434650e-08  3.59999999e+00  8.81434650e-08  3.59999999e+00 
 8.81634650e-08  3.59999999e+00  8.81634650e-08  3.59999999e+00 
 8.81834650e-08  3.59999999e+00  8.81834650e-08  3.59999999e+00 
 8.82034650e-08  3.59999999e+00  8.82034650e-08  3.59999999e+00 
 8.82234650e-08  3.59999999e+00  8.82234650e-08  3.59999999e+00 
 8.82434650e-08  3.59999999e+00  8.82434650e-08  3.59999999e+00 
 8.82634650e-08  3.59999999e+00  8.82634650e-08  3.59999999e+00 
 8.82834650e-08  3.59999999e+00  8.82834650e-08  3.59999999e+00 
 8.83034650e-08  3.59999999e+00  8.83034650e-08  3.59999999e+00 
 8.83234650e-08  3.59999999e+00  8.83234650e-08  3.59999999e+00 
 8.83434650e-08  3.59999999e+00  8.83434650e-08  3.59999999e+00 
 8.83634650e-08  3.59999999e+00  8.83634650e-08  3.59999999e+00 
 8.83834650e-08  3.59999999e+00  8.83834650e-08  3.59999999e+00 
 8.84034650e-08  3.59999999e+00  8.84034650e-08  3.59999999e+00 
 8.84234650e-08  3.59999999e+00  8.84234650e-08  3.59999999e+00 
 8.84434650e-08  3.59999999e+00  8.84434650e-08  3.59999999e+00 
 8.84634650e-08  3.59999999e+00  8.84634650e-08  3.59999999e+00 
 8.84834650e-08  3.59999999e+00  8.84834650e-08  3.59999999e+00 
 8.85034650e-08  3.59999999e+00  8.85034650e-08  3.59999999e+00 
 8.85234650e-08  3.59999999e+00  8.85234650e-08  3.59999999e+00 
 8.85434650e-08  3.59999999e+00  8.85434650e-08  3.59999999e+00 
 8.85634650e-08  3.59999999e+00  8.85634650e-08  3.59999999e+00 
 8.85834650e-08  3.59999999e+00  8.85834650e-08  3.59999999e+00 
 8.86034650e-08  3.59999999e+00  8.86034650e-08  3.59999999e+00 
 8.86234650e-08  3.59999999e+00  8.86234650e-08  3.59999999e+00 
 8.86434650e-08  3.59999999e+00  8.86434650e-08  3.59999999e+00 
 8.86634650e-08  3.59999999e+00  8.86634650e-08  3.59999999e+00 
 8.86834650e-08  3.59999999e+00  8.86834650e-08  3.59999999e+00 
 8.87034650e-08  3.59999999e+00  8.87034650e-08  3.59999999e+00 
 8.87234650e-08  3.59999999e+00  8.87234650e-08  3.59999999e+00 
 8.87434650e-08  3.59999999e+00  8.87434650e-08  3.59999999e+00 
 8.87634650e-08  3.59999999e+00  8.87634650e-08  3.59999999e+00 
 8.87834650e-08  3.59999999e+00  8.87834650e-08  3.59999999e+00 
 8.88034650e-08  3.59999999e+00  8.88034650e-08  3.59999999e+00 
 8.88234650e-08  3.59999999e+00  8.88234650e-08  3.59999999e+00 
 8.88434650e-08  3.59999999e+00  8.88434650e-08  3.59999999e+00 
 8.88634650e-08  3.59999999e+00  8.88634650e-08  3.59999999e+00 
 8.88834650e-08  3.59999999e+00  8.88834650e-08  3.59999999e+00 
 8.89034650e-08  3.59999999e+00  8.89034650e-08  3.59999999e+00 
 8.89234650e-08  3.59999999e+00  8.89234650e-08  3.59999999e+00 
 8.89434650e-08  3.59999999e+00  8.89434650e-08  3.59999999e+00 
 8.89634650e-08  3.59999999e+00  8.89634650e-08  3.59999999e+00 
 8.89834650e-08  3.59999999e+00  8.89834650e-08  3.59999999e+00 
 8.90034650e-08  3.59999999e+00  8.90034650e-08  3.59999999e+00 
 8.90234650e-08  3.59999999e+00  8.90234650e-08  3.59999999e+00 
 8.90434650e-08  3.59999999e+00  8.90434650e-08  3.59999999e+00 
 8.90634650e-08  3.59999999e+00  8.90634650e-08  3.59999999e+00 
 8.90834650e-08  3.59999999e+00  8.90834650e-08  3.59999999e+00 
 8.91034650e-08  3.59999999e+00  8.91034650e-08  3.59999999e+00 
 8.91234650e-08  3.59999999e+00  8.91234650e-08  3.59999999e+00 
 8.91434650e-08  3.59999999e+00  8.91434650e-08  3.59999999e+00 
 8.91634650e-08  3.59999999e+00  8.91634650e-08  3.59999999e+00 
 8.91834650e-08  3.59999999e+00  8.91834650e-08  3.59999999e+00 
 8.92034650e-08  3.59999999e+00  8.92034650e-08  3.59999999e+00 
 8.92234650e-08  3.59999999e+00  8.92234650e-08  3.59999999e+00 
 8.92434650e-08  3.59999999e+00  8.92434650e-08  3.59999999e+00 
 8.92634650e-08  3.59999999e+00  8.92634650e-08  3.59999999e+00 
 8.92834650e-08  3.59999999e+00  8.92834650e-08  3.59999999e+00 
 8.93034650e-08  3.59999999e+00  8.93034650e-08  3.59999999e+00 
 8.93234650e-08  3.59999999e+00  8.93234650e-08  3.59999999e+00 
 8.93434650e-08  3.59999999e+00  8.93434650e-08  3.59999999e+00 
 8.93634650e-08  3.59999999e+00  8.93634650e-08  3.59999999e+00 
 8.93834650e-08  3.59999999e+00  8.93834650e-08  3.59999999e+00 
 8.94034650e-08  3.59999999e+00  8.94034650e-08  3.59999999e+00 
 8.94234650e-08  3.59999999e+00  8.94234650e-08  3.59999999e+00 
 8.94434650e-08  3.59999999e+00  8.94434650e-08  3.59999999e+00 
 8.94634650e-08  3.59999999e+00  8.94634650e-08  3.59999999e+00 
 8.94834650e-08  3.59999999e+00  8.94834650e-08  3.59999999e+00 
 8.95034650e-08  3.59999999e+00  8.95034650e-08  3.59999999e+00 
 8.95234650e-08  3.59999999e+00  8.95234650e-08  3.59999999e+00 
 8.95434650e-08  3.59999999e+00  8.95434650e-08  3.59999999e+00 
 8.95634650e-08  3.59999999e+00  8.95634650e-08  3.59999999e+00 
 8.95834650e-08  3.59999999e+00  8.95834650e-08  3.59999999e+00 
 8.96034650e-08  3.59999999e+00  8.96034650e-08  3.59999999e+00 
 8.96234650e-08  3.59999999e+00  8.96234650e-08  3.59999999e+00 
 8.96434650e-08  3.59999999e+00  8.96434650e-08  3.59999999e+00 
 8.96634650e-08  3.59999999e+00  8.96634650e-08  3.59999999e+00 
 8.96834650e-08  3.59999999e+00  8.96834650e-08  3.59999999e+00 
 8.97034650e-08  3.59999999e+00  8.97034650e-08  3.59999999e+00 
 8.97234650e-08  3.59999999e+00  8.97234650e-08  3.59999999e+00 
 8.97434650e-08  3.59999999e+00  8.97434650e-08  3.59999999e+00 
 8.97634650e-08  3.59999999e+00  8.97634650e-08  3.59999999e+00 
 8.97834650e-08  3.59999999e+00  8.97834650e-08  3.59999999e+00 
 8.98034650e-08  3.59999999e+00  8.98034650e-08  3.59999999e+00 
 8.98234650e-08  3.59999999e+00  8.98234650e-08  3.59999999e+00 
 8.98434650e-08  3.59999999e+00  8.98434650e-08  3.59999999e+00 
 8.98634650e-08  3.59999999e+00  8.98634650e-08  3.59999999e+00 
 8.98834650e-08  3.59999999e+00  8.98834650e-08  3.59999999e+00 
 8.99034650e-08  3.59999999e+00  8.99034650e-08  3.59999999e+00 
 8.99234650e-08  3.59999999e+00  8.99234650e-08  3.59999999e+00 
 8.99434650e-08  3.59999999e+00  8.99434650e-08  3.59999999e+00 
 8.99634650e-08  3.59999999e+00  8.99634650e-08  3.59999999e+00 
 8.99834650e-08  3.59999999e+00  8.99834650e-08  3.59999999e+00 
 9.00034650e-08  3.59999999e+00  9.00034650e-08  3.59999999e+00 
 9.00234650e-08  3.59999999e+00  9.00234650e-08  3.59999999e+00 
 9.00434650e-08  3.59999999e+00  9.00434650e-08  3.59999999e+00 
 9.00634650e-08  3.59999999e+00  9.00634650e-08  3.59999999e+00 
 9.00834650e-08  3.59999999e+00  9.00834650e-08  3.59999999e+00 
 9.01034650e-08  3.59999999e+00  9.01034650e-08  3.59999999e+00 
 9.01234650e-08  3.59999999e+00  9.01234650e-08  3.59999999e+00 
 9.01434650e-08  3.59999999e+00  9.01434650e-08  3.59999999e+00 
 9.01634650e-08  3.59999999e+00  9.01634650e-08  3.59999999e+00 
 9.01834650e-08  3.59999999e+00  9.01834650e-08  3.59999999e+00 
 9.02034650e-08  3.59999999e+00  9.02034650e-08  3.59999999e+00 
 9.02234650e-08  3.59999999e+00  9.02234650e-08  3.59999999e+00 
 9.02434650e-08  3.59999999e+00  9.02434650e-08  3.59999999e+00 
 9.02634650e-08  3.59999999e+00  9.02634650e-08  3.59999999e+00 
 9.02834650e-08  3.59999999e+00  9.02834650e-08  3.59999999e+00 
 9.03034650e-08  3.59999999e+00  9.03034650e-08  3.59999999e+00 
 9.03234650e-08  3.59999999e+00  9.03234650e-08  3.59999999e+00 
 9.03434650e-08  3.59999999e+00  9.03434650e-08  3.59999999e+00 
 9.03634650e-08  3.59999999e+00  9.03634650e-08  3.59999999e+00 
 9.03834650e-08  3.59999999e+00  9.03834650e-08  3.59999999e+00 
 9.04034650e-08  3.59999999e+00  9.04034650e-08  3.59999999e+00 
 9.04234650e-08  3.59999999e+00  9.04234650e-08  3.59999999e+00 
 9.04434650e-08  3.59999999e+00  9.04434650e-08  3.59999999e+00 
 9.04634650e-08  3.59999999e+00  9.04634650e-08  3.59999999e+00 
 9.04834650e-08  3.59999999e+00  9.04834650e-08  3.59999999e+00 
 9.05034650e-08  3.59999999e+00  9.05034650e-08  3.59999999e+00 
 9.05234650e-08  3.59999999e+00  9.05234650e-08  3.59999999e+00 
 9.05434650e-08  3.59999999e+00  9.05434650e-08  3.59999999e+00 
 9.05634650e-08  3.59999999e+00  9.05634650e-08  3.59999999e+00 
 9.05834650e-08  3.59999999e+00  9.05834650e-08  3.59999999e+00 
 9.06034650e-08  3.59999999e+00  9.06034650e-08  3.59999999e+00 
 9.06234650e-08  3.59999999e+00  9.06234650e-08  3.59999999e+00 
 9.06434650e-08  3.59999999e+00  9.06434650e-08  3.59999999e+00 
 9.06634650e-08  3.59999999e+00  9.06634650e-08  3.59999999e+00 
 9.06834650e-08  3.59999999e+00  9.06834650e-08  3.59999999e+00 
 9.07034650e-08  3.59999999e+00  9.07034650e-08  3.59999999e+00 
 9.07234650e-08  3.59999999e+00  9.07234650e-08  3.59999999e+00 
 9.07434650e-08  3.59999999e+00  9.07434650e-08  3.59999999e+00 
 9.07634650e-08  3.59999999e+00  9.07634650e-08  3.59999999e+00 
 9.07834650e-08  3.59999999e+00  9.07834650e-08  3.59999999e+00 
 9.08034650e-08  3.59999999e+00  9.08034650e-08  3.59999999e+00 
 9.08234650e-08  3.59999999e+00  9.08234650e-08  3.59999999e+00 
 9.08434650e-08  3.59999999e+00  9.08434650e-08  3.59999999e+00 
 9.08634650e-08  3.59999999e+00  9.08634650e-08  3.59999999e+00 
 9.08834650e-08  3.59999999e+00  9.08834650e-08  3.59999999e+00 
 9.09034650e-08  3.59999999e+00  9.09034650e-08  3.59999999e+00 
 9.09234650e-08  3.59999999e+00  9.09234650e-08  3.59999999e+00 
 9.09434650e-08  3.59999999e+00  9.09434650e-08  3.59999999e+00 
 9.09634650e-08  3.59999999e+00  9.09634650e-08  3.59999999e+00 
 9.09834650e-08  3.59999999e+00  9.09834650e-08  3.59999999e+00 
 9.10034650e-08  3.59999999e+00  9.10034650e-08  3.59999999e+00 
 9.10234650e-08  3.59999999e+00  9.10234650e-08  3.59999999e+00 
 9.10434650e-08  3.59999999e+00  9.10434650e-08  3.59999999e+00 
 9.10634650e-08  3.59999999e+00  9.10634650e-08  3.59999999e+00 
 9.10834650e-08  3.59999999e+00  9.10834650e-08  3.59999999e+00 
 9.11034650e-08  3.59999999e+00  9.11034650e-08  3.59999999e+00 
 9.11234650e-08  3.59999999e+00  9.11234650e-08  3.59999999e+00 
 9.11434650e-08  3.59999999e+00  9.11434650e-08  3.59999999e+00 
 9.11634650e-08  3.59999999e+00  9.11634650e-08  3.59999999e+00 
 9.11834650e-08  3.59999999e+00  9.11834650e-08  3.59999999e+00 
 9.12034650e-08  3.59999999e+00  9.12034650e-08  3.59999999e+00 
 9.12234650e-08  3.59999999e+00  9.12234650e-08  3.59999999e+00 
 9.12434650e-08  3.59999999e+00  9.12434650e-08  3.59999999e+00 
 9.12634650e-08  3.59999999e+00  9.12634650e-08  3.59999999e+00 
 9.12834650e-08  3.59999999e+00  9.12834650e-08  3.59999999e+00 
 9.13034650e-08  3.59999999e+00  9.13034650e-08  3.59999999e+00 
 9.13234650e-08  3.59999999e+00  9.13234650e-08  3.59999999e+00 
 9.13434650e-08  3.59999999e+00  9.13434650e-08  3.59999999e+00 
 9.13634650e-08  3.59999999e+00  9.13634650e-08  3.59999999e+00 
 9.13834650e-08  3.59999999e+00  9.13834650e-08  3.59999999e+00 
 9.14034650e-08  3.59999999e+00  9.14034650e-08  3.59999999e+00 
 9.14234650e-08  3.59999999e+00  9.14234650e-08  3.59999999e+00 
 9.14434650e-08  3.59999999e+00  9.14434650e-08  3.59999999e+00 
 9.14634650e-08  3.59999999e+00  9.14634650e-08  3.59999999e+00 
 9.14834650e-08  3.59999999e+00  9.14834650e-08  3.59999999e+00 
 9.15034650e-08  3.59999999e+00  9.15034650e-08  3.59999999e+00 
 9.15234650e-08  3.59999999e+00  9.15234650e-08  3.59999999e+00 
 9.15434650e-08  3.59999999e+00  9.15434650e-08  3.59999999e+00 
 9.15634650e-08  3.59999999e+00  9.15634650e-08  3.59999999e+00 
 9.15834650e-08  3.59999999e+00  9.15834650e-08  3.59999999e+00 
 9.16034650e-08  3.59999999e+00  9.16034650e-08  3.59999999e+00 
 9.16234650e-08  3.59999999e+00  9.16234650e-08  3.59999999e+00 
 9.16434650e-08  3.59999999e+00  9.16434650e-08  3.59999999e+00 
 9.16634650e-08  3.59999999e+00  9.16634650e-08  3.59999999e+00 
 9.16834650e-08  3.59999999e+00  9.16834650e-08  3.59999999e+00 
 9.17034650e-08  3.59999999e+00  9.17034650e-08  3.59999999e+00 
 9.17234650e-08  3.59999999e+00  9.17234650e-08  3.59999999e+00 
 9.17434650e-08  3.59999999e+00  9.17434650e-08  3.59999999e+00 
 9.17634650e-08  3.59999999e+00  9.17634650e-08  3.59999999e+00 
 9.17834650e-08  3.59999999e+00  9.17834650e-08  3.59999999e+00 
 9.18034650e-08  3.59999999e+00  9.18034650e-08  3.59999999e+00 
 9.18234650e-08  3.59999999e+00  9.18234650e-08  3.59999999e+00 
 9.18434650e-08  3.59999999e+00  9.18434650e-08  3.59999999e+00 
 9.18634650e-08  3.59999999e+00  9.18634650e-08  3.59999999e+00 
 9.18834650e-08  3.59999999e+00  9.18834650e-08  3.59999999e+00 
 9.19034650e-08  3.59999999e+00  9.19034650e-08  3.59999999e+00 
 9.19234650e-08  3.59999999e+00  9.19234650e-08  3.59999999e+00 
 9.19434650e-08  3.59999999e+00  9.19434650e-08  3.59999999e+00 
 9.19634650e-08  3.59999999e+00  9.19634650e-08  3.59999999e+00 
 9.19834650e-08  3.59999999e+00  9.19834650e-08  3.59999999e+00 
 9.20034650e-08  3.59999999e+00  9.20034650e-08  3.59999999e+00 
 9.20234650e-08  3.59999999e+00  9.20234650e-08  3.59999999e+00 
 9.20434650e-08  3.59999999e+00  9.20434650e-08  3.59999999e+00 
 9.20634650e-08  3.59999999e+00  9.20634650e-08  3.59999999e+00 
 9.20834650e-08  3.59999999e+00  9.20834650e-08  3.59999999e+00 
 9.21034650e-08  3.59999999e+00  9.21034650e-08  3.59999999e+00 
 9.21234650e-08  3.59999999e+00  9.21234650e-08  3.59999999e+00 
 9.21434650e-08  3.59999999e+00  9.21434650e-08  3.59999999e+00 
 9.21634650e-08  3.59999999e+00  9.21634650e-08  3.59999999e+00 
 9.21834650e-08  3.59999999e+00  9.21834650e-08  3.59999999e+00 
 9.22034650e-08  3.59999999e+00  9.22034650e-08  3.59999999e+00 
 9.22234650e-08  3.59999999e+00  9.22234650e-08  3.59999999e+00 
 9.22434650e-08  3.59999999e+00  9.22434650e-08  3.59999999e+00 
 9.22634650e-08  3.59999999e+00  9.22634650e-08  3.59999999e+00 
 9.22834650e-08  3.59999999e+00  9.22834650e-08  3.59999999e+00 
 9.23034650e-08  3.59999999e+00  9.23034650e-08  3.59999999e+00 
 9.23234650e-08  3.59999999e+00  9.23234650e-08  3.59999999e+00 
 9.23434650e-08  3.59999999e+00  9.23434650e-08  3.59999999e+00 
 9.23634650e-08  3.59999999e+00  9.23634650e-08  3.59999999e+00 
 9.23834650e-08  3.59999999e+00  9.23834650e-08  3.59999999e+00 
 9.24034650e-08  3.59999999e+00  9.24034650e-08  3.59999999e+00 
 9.24234650e-08  3.59999999e+00  9.24234650e-08  3.59999999e+00 
 9.24434650e-08  3.59999999e+00  9.24434650e-08  3.59999999e+00 
 9.24634650e-08  3.59999999e+00  9.24634650e-08  3.59999999e+00 
 9.24834650e-08  3.59999999e+00  9.24834650e-08  3.59999999e+00 
 9.25034650e-08  3.59999999e+00  9.25034650e-08  3.59999999e+00 
 9.25234650e-08  3.59999999e+00  9.25234650e-08  3.59999999e+00 
 9.25434650e-08  3.59999999e+00  9.25434650e-08  3.59999999e+00 
 9.25634650e-08  3.59999999e+00  9.25634650e-08  3.59999999e+00 
 9.25834650e-08  3.59999999e+00  9.25834650e-08  3.59999999e+00 
 9.26034650e-08  3.59999999e+00  9.26034650e-08  3.59999999e+00 
 9.26234650e-08  3.59999999e+00  9.26234650e-08  3.59999999e+00 
 9.26434650e-08  3.59999999e+00  9.26434650e-08  3.59999999e+00 
 9.26634650e-08  3.59999999e+00  9.26634650e-08  3.59999999e+00 
 9.26834650e-08  3.59999999e+00  9.26834650e-08  3.59999999e+00 
 9.27034650e-08  3.59999999e+00  9.27034650e-08  3.59999999e+00 
 9.27234650e-08  3.59999999e+00  9.27234650e-08  3.59999999e+00 
 9.27434650e-08  3.59999999e+00  9.27434650e-08  3.59999999e+00 
 9.27634650e-08  3.59999999e+00  9.27634650e-08  3.59999999e+00 
 9.27834650e-08  3.59999999e+00  9.27834650e-08  3.59999999e+00 
 9.28034650e-08  3.59999999e+00  9.28034650e-08  3.59999999e+00 
 9.28234650e-08  3.59999999e+00  9.28234650e-08  3.59999999e+00 
 9.28434650e-08  3.59999999e+00  9.28434650e-08  3.59999999e+00 
 9.28634650e-08  3.59999999e+00  9.28634650e-08  3.59999999e+00 
 9.28834650e-08  3.59999999e+00  9.28834650e-08  3.59999999e+00 
 9.29034650e-08  3.59999999e+00  9.29034650e-08  3.59999999e+00 
 9.29234650e-08  3.59999999e+00  9.29234650e-08  3.59999999e+00 
 9.29434650e-08  3.59999999e+00  9.29434650e-08  3.59999999e+00 
 9.29634650e-08  3.59999999e+00  9.29634650e-08  3.59999999e+00 
 9.29834650e-08  3.59999999e+00  9.29834650e-08  3.59999999e+00 
 9.30034650e-08  3.59999999e+00  9.30034650e-08  3.59999999e+00 
 9.30234650e-08  3.59999999e+00  9.30234650e-08  3.59999999e+00 
 9.30434650e-08  3.59999999e+00  9.30434650e-08  3.59999999e+00 
 9.30634650e-08  3.59999999e+00  9.30634650e-08  3.59999999e+00 
 9.30834650e-08  3.59999999e+00  9.30834650e-08  3.59999999e+00 
 9.31034650e-08  3.59999999e+00  9.31034650e-08  3.59999999e+00 
 9.31234650e-08  3.59999999e+00  9.31234650e-08  3.59999999e+00 
 9.31434650e-08  3.59999999e+00  9.31434650e-08  3.59999999e+00 
 9.31634650e-08  3.59999999e+00  9.31634650e-08  3.59999999e+00 
 9.31834650e-08  3.59999999e+00  9.31834650e-08  3.59999999e+00 
 9.32034650e-08  3.59999999e+00  9.32034650e-08  3.59999999e+00 
 9.32234650e-08  3.59999999e+00  9.32234650e-08  3.59999999e+00 
 9.32434650e-08  3.59999999e+00  9.32434650e-08  3.59999999e+00 
 9.32634650e-08  3.59999999e+00  9.32634650e-08  3.59999999e+00 
 9.32834650e-08  3.59999999e+00  9.32834650e-08  3.59999999e+00 
 9.33034650e-08  3.59999999e+00  9.33034650e-08  3.59999999e+00 
 9.33234650e-08  3.59999999e+00  9.33234650e-08  3.59999999e+00 
 9.33434650e-08  3.59999999e+00  9.33434650e-08  3.59999999e+00 
 9.33634650e-08  3.59999999e+00  9.33634650e-08  3.59999999e+00 
 9.33834650e-08  3.59999999e+00  9.33834650e-08  3.59999999e+00 
 9.34034650e-08  3.59999999e+00  9.34034650e-08  3.59999999e+00 
 9.34234650e-08  3.59999999e+00  9.34234650e-08  3.59999999e+00 
 9.34434650e-08  3.59999999e+00  9.34434650e-08  3.59999999e+00 
 9.34634650e-08  3.59999999e+00  9.34634650e-08  3.59999999e+00 
 9.34834650e-08  3.59999999e+00  9.34834650e-08  3.59999999e+00 
 9.35034650e-08  3.59999999e+00  9.35034650e-08  3.59999999e+00 
 9.35234650e-08  3.59999999e+00  9.35234650e-08  3.59999999e+00 
 9.35434650e-08  3.59999999e+00  9.35434650e-08  3.59999999e+00 
 9.35634650e-08  3.59999999e+00  9.35634650e-08  3.59999999e+00 
 9.35834650e-08  3.59999999e+00  9.35834650e-08  3.59999999e+00 
 9.36034650e-08  3.59999999e+00  9.36034650e-08  3.59999999e+00 
 9.36234650e-08  3.59999999e+00  9.36234650e-08  3.59999999e+00 
 9.36434650e-08  3.59999999e+00  9.36434650e-08  3.59999999e+00 
 9.36634650e-08  3.59999999e+00  9.36634650e-08  3.59999999e+00 
 9.36834650e-08  3.59999999e+00  9.36834650e-08  3.59999999e+00 
 9.37034650e-08  3.59999999e+00  9.37034650e-08  3.59999999e+00 
 9.37234650e-08  3.59999999e+00  9.37234650e-08  3.59999999e+00 
 9.37434650e-08  3.59999999e+00  9.37434650e-08  3.59999999e+00 
 9.37634650e-08  3.59999999e+00  9.37634650e-08  3.59999999e+00 
 9.37834650e-08  3.59999999e+00  9.37834650e-08  3.59999999e+00 
 9.38034650e-08  3.59999999e+00  9.38034650e-08  3.59999999e+00 
 9.38234650e-08  3.59999999e+00  9.38234650e-08  3.59999999e+00 
 9.38434650e-08  3.59999999e+00  9.38434650e-08  3.59999999e+00 
 9.38634650e-08  3.59999999e+00  9.38634650e-08  3.59999999e+00 
 9.38834650e-08  3.59999999e+00  9.38834650e-08  3.59999999e+00 
 9.39034650e-08  3.59999999e+00  9.39034650e-08  3.59999999e+00 
 9.39234650e-08  3.59999999e+00  9.39234650e-08  3.59999999e+00 
 9.39434650e-08  3.59999999e+00  9.39434650e-08  3.59999999e+00 
 9.39634650e-08  3.59999999e+00  9.39634650e-08  3.59999999e+00 
 9.39834650e-08  3.59999999e+00  9.39834650e-08  3.59999999e+00 
 9.40034650e-08  3.59999999e+00  9.40034650e-08  3.59999999e+00 
 9.40234650e-08  3.59999999e+00  9.40234650e-08  3.59999999e+00 
 9.40434650e-08  3.59999999e+00  9.40434650e-08  3.59999999e+00 
 9.40634650e-08  3.59999999e+00  9.40634650e-08  3.59999999e+00 
 9.40834650e-08  3.59999999e+00  9.40834650e-08  3.59999999e+00 
 9.41034650e-08  3.59999999e+00  9.41034650e-08  3.59999999e+00 
 9.41234650e-08  3.59999999e+00  9.41234650e-08  3.59999999e+00 
 9.41434650e-08  3.59999999e+00  9.41434650e-08  3.59999999e+00 
 9.41634650e-08  3.59999999e+00  9.41634650e-08  3.59999999e+00 
 9.41834650e-08  3.59999999e+00  9.41834650e-08  3.59999999e+00 
 9.42034650e-08  3.59999999e+00  9.42034650e-08  3.59999999e+00 
 9.42234650e-08  3.59999999e+00  9.42234650e-08  3.59999999e+00 
 9.42434650e-08  3.59999999e+00  9.42434650e-08  3.59999999e+00 
 9.42634650e-08  3.59999999e+00  9.42634650e-08  3.59999999e+00 
 9.42834650e-08  3.59999999e+00  9.42834650e-08  3.59999999e+00 
 9.43034650e-08  3.59999999e+00  9.43034650e-08  3.59999999e+00 
 9.43234650e-08  3.59999999e+00  9.43234650e-08  3.59999999e+00 
 9.43434650e-08  3.59999999e+00  9.43434650e-08  3.59999999e+00 
 9.43634650e-08  3.59999999e+00  9.43634650e-08  3.59999999e+00 
 9.43834650e-08  3.59999999e+00  9.43834650e-08  3.59999999e+00 
 9.44034650e-08  3.59999999e+00  9.44034650e-08  3.59999999e+00 
 9.44234650e-08  3.59999999e+00  9.44234650e-08  3.59999999e+00 
 9.44434650e-08  3.59999999e+00  9.44434650e-08  3.59999999e+00 
 9.44634650e-08  3.59999999e+00  9.44634650e-08  3.59999999e+00 
 9.44834650e-08  3.59999999e+00  9.44834650e-08  3.59999999e+00 
 9.45034650e-08  3.59999999e+00  9.45034650e-08  3.59999999e+00 
 9.45234650e-08  3.59999999e+00  9.45234650e-08  3.59999999e+00 
 9.45434650e-08  3.59999999e+00  9.45434650e-08  3.59999999e+00 
 9.45634650e-08  3.59999999e+00  9.45634650e-08  3.59999999e+00 
 9.45834650e-08  3.59999999e+00  9.45834650e-08  3.59999999e+00 
 9.46034650e-08  3.59999999e+00  9.46034650e-08  3.59999999e+00 
 9.46234650e-08  3.59999999e+00  9.46234650e-08  3.59999999e+00 
 9.46434650e-08  3.59999999e+00  9.46434650e-08  3.59999999e+00 
 9.46634650e-08  3.59999999e+00  9.46634650e-08  3.59999999e+00 
 9.46834650e-08  3.59999999e+00  9.46834650e-08  3.59999999e+00 
 9.47034650e-08  3.59999999e+00  9.47034650e-08  3.59999999e+00 
 9.47234650e-08  3.59999999e+00  9.47234650e-08  3.59999999e+00 
 9.47434650e-08  3.59999999e+00  9.47434650e-08  3.59999999e+00 
 9.47634650e-08  3.59999999e+00  9.47634650e-08  3.59999999e+00 
 9.47834650e-08  3.59999999e+00  9.47834650e-08  3.59999999e+00 
 9.48034650e-08  3.59999999e+00  9.48034650e-08  3.59999999e+00 
 9.48234650e-08  3.59999999e+00  9.48234650e-08  3.59999999e+00 
 9.48434650e-08  3.59999999e+00  9.48434650e-08  3.59999999e+00 
 9.48634650e-08  3.59999999e+00  9.48634650e-08  3.59999999e+00 
 9.48834650e-08  3.59999999e+00  9.48834650e-08  3.59999999e+00 
 9.49034650e-08  3.59999999e+00  9.49034650e-08  3.59999999e+00 
 9.49234650e-08  3.59999999e+00  9.49234650e-08  3.59999999e+00 
 9.49434650e-08  3.59999999e+00  9.49434650e-08  3.59999999e+00 
 9.49634650e-08  3.59999999e+00  9.49634650e-08  3.59999999e+00 
 9.49834650e-08  3.59999999e+00  9.49834650e-08  3.59999999e+00 
 9.50034650e-08  3.59999999e+00  9.50034650e-08  3.59999999e+00 
 9.50234650e-08  3.59999999e+00  9.50234650e-08  3.59999999e+00 
 9.50434650e-08  3.59999999e+00  9.50434650e-08  3.59999999e+00 
 9.50634650e-08  3.59999999e+00  9.50634650e-08  3.59999999e+00 
 9.50834650e-08  3.59999999e+00  9.50834650e-08  3.59999999e+00 
 9.51034650e-08  3.59999999e+00  9.51034650e-08  3.59999999e+00 
 9.51234650e-08  3.59999999e+00  9.51234650e-08  3.59999999e+00 
 9.51434650e-08  3.59999999e+00  9.51434650e-08  3.59999999e+00 
 9.51634650e-08  3.59999999e+00  9.51634650e-08  3.59999999e+00 
 9.51834650e-08  3.59999999e+00  9.51834650e-08  3.59999999e+00 
 9.52034650e-08  3.59999999e+00  9.52034650e-08  3.59999999e+00 
 9.52234650e-08  3.59999999e+00  9.52234650e-08  3.59999999e+00 
 9.52434650e-08  3.59999999e+00  9.52434650e-08  3.59999999e+00 
 9.52634650e-08  3.59999999e+00  9.52634650e-08  3.59999999e+00 
 9.52834650e-08  3.59999999e+00  9.52834650e-08  3.59999999e+00 
 9.53034650e-08  3.59999999e+00  9.53034650e-08  3.59999999e+00 
 9.53234650e-08  3.59999999e+00  9.53234650e-08  3.59999999e+00 
 9.53434650e-08  3.59999999e+00  9.53434650e-08  3.59999999e+00 
 9.53634650e-08  3.59999999e+00  9.53634650e-08  3.59999999e+00 
 9.53834650e-08  3.59999999e+00  9.53834650e-08  3.59999999e+00 
 9.54034650e-08  3.59999999e+00  9.54034650e-08  3.59999999e+00 
 9.54234650e-08  3.59999999e+00  9.54234650e-08  3.59999999e+00 
 9.54434650e-08  3.59999999e+00  9.54434650e-08  3.59999999e+00 
 9.54634650e-08  3.59999999e+00  9.54634650e-08  3.59999999e+00 
 9.54834650e-08  3.59999999e+00  9.54834650e-08  3.59999999e+00 
 9.55034650e-08  3.59999999e+00  9.55034650e-08  3.59999999e+00 
 9.55234650e-08  3.59999999e+00  9.55234650e-08  3.59999999e+00 
 9.55434650e-08  3.59999999e+00  9.55434650e-08  3.59999999e+00 
 9.55634650e-08  3.59999999e+00  9.55634650e-08  3.59999999e+00 
 9.55834650e-08  3.59999999e+00  9.55834650e-08  3.59999999e+00 
 9.56034650e-08  3.59999999e+00  9.56034650e-08  3.59999999e+00 
 9.56234650e-08  3.59999999e+00  9.56234650e-08  3.59999999e+00 
 9.56434650e-08  3.59999999e+00  9.56434650e-08  3.59999999e+00 
 9.56634650e-08  3.59999999e+00  9.56634650e-08  3.59999999e+00 
 9.56834650e-08  3.59999999e+00  9.56834650e-08  3.59999999e+00 
 9.57034650e-08  3.59999999e+00  9.57034650e-08  3.59999999e+00 
 9.57234650e-08  3.59999999e+00  9.57234650e-08  3.59999999e+00 
 9.57434650e-08  3.59999999e+00  9.57434650e-08  3.59999999e+00 
 9.57634650e-08  3.59999999e+00  9.57634650e-08  3.59999999e+00 
 9.57834650e-08  3.59999999e+00  9.57834650e-08  3.59999999e+00 
 9.58034650e-08  3.59999999e+00  9.58034650e-08  3.59999999e+00 
 9.58234650e-08  3.59999999e+00  9.58234650e-08  3.59999999e+00 
 9.58434650e-08  3.59999999e+00  9.58434650e-08  3.59999999e+00 
 9.58634650e-08  3.59999999e+00  9.58634650e-08  3.59999999e+00 
 9.58834650e-08  3.59999999e+00  9.58834650e-08  3.59999999e+00 
 9.59034650e-08  3.59999999e+00  9.59034650e-08  3.59999999e+00 
 9.59234650e-08  3.59999999e+00  9.59234650e-08  3.59999999e+00 
 9.59434650e-08  3.59999999e+00  9.59434650e-08  3.59999999e+00 
 9.59634650e-08  3.59999999e+00  9.59634650e-08  3.59999999e+00 
 9.59834650e-08  3.59999999e+00  9.59834650e-08  3.59999999e+00 
 9.60034650e-08  3.59999999e+00  9.60034650e-08  3.59999999e+00 
 9.60234650e-08  3.59999999e+00  9.60234650e-08  3.59999999e+00 
 9.60434650e-08  3.59999999e+00  9.60434650e-08  3.59999999e+00 
 9.60634650e-08  3.59999999e+00  9.60634650e-08  3.59999999e+00 
 9.60834650e-08  3.59999999e+00  9.60834650e-08  3.59999999e+00 
 9.61034650e-08  3.59999999e+00  9.61034650e-08  3.59999999e+00 
 9.61234650e-08  3.59999999e+00  9.61234650e-08  3.59999999e+00 
 9.61434650e-08  3.59999999e+00  9.61434650e-08  3.59999999e+00 
 9.61634650e-08  3.59999999e+00  9.61634650e-08  3.59999999e+00 
 9.61834650e-08  3.59999999e+00  9.61834650e-08  3.59999999e+00 
 9.62034650e-08  3.59999999e+00  9.62034650e-08  3.59999999e+00 
 9.62234650e-08  3.59999999e+00  9.62234650e-08  3.59999999e+00 
 9.62434650e-08  3.59999999e+00  9.62434650e-08  3.59999999e+00 
 9.62634650e-08  3.59999999e+00  9.62634650e-08  3.59999999e+00 
 9.62834650e-08  3.59999999e+00  9.62834650e-08  3.59999999e+00 
 9.63034650e-08  3.59999999e+00  9.63034650e-08  3.59999999e+00 
 9.63234650e-08  3.59999999e+00  9.63234650e-08  3.59999999e+00 
 9.63434650e-08  3.59999999e+00  9.63434650e-08  3.59999999e+00 
 9.63634650e-08  3.59999999e+00  9.63634650e-08  3.59999999e+00 
 9.63834650e-08  3.59999999e+00  9.63834650e-08  3.59999999e+00 
 9.64034650e-08  3.59999999e+00  9.64034650e-08  3.59999999e+00 
 9.64234650e-08  3.59999999e+00  9.64234650e-08  3.59999999e+00 
 9.64434650e-08  3.59999999e+00  9.64434650e-08  3.59999999e+00 
 9.64634650e-08  3.59999999e+00  9.64634650e-08  3.59999999e+00 
 9.64834650e-08  3.59999999e+00  9.64834650e-08  3.59999999e+00 
 9.65034650e-08  3.59999999e+00  9.65034650e-08  3.59999999e+00 
 9.65234650e-08  3.59999999e+00  9.65234650e-08  3.59999999e+00 
 9.65434650e-08  3.59999999e+00  9.65434650e-08  3.59999999e+00 
 9.65634650e-08  3.59999999e+00  9.65634650e-08  3.59999999e+00 
 9.65834650e-08  3.59999999e+00  9.65834650e-08  3.59999999e+00 
 9.66034650e-08  3.59999999e+00  9.66034650e-08  3.59999999e+00 
 9.66234650e-08  3.59999999e+00  9.66234650e-08  3.59999999e+00 
 9.66434650e-08  3.59999999e+00  9.66434650e-08  3.59999999e+00 
 9.66634650e-08  3.59999999e+00  9.66634650e-08  3.59999999e+00 
 9.66834650e-08  3.59999999e+00  9.66834650e-08  3.59999999e+00 
 9.67034650e-08  3.59999999e+00  9.67034650e-08  3.59999999e+00 
 9.67234650e-08  3.59999999e+00  9.67234650e-08  3.59999999e+00 
 9.67434650e-08  3.59999999e+00  9.67434650e-08  3.59999999e+00 
 9.67634650e-08  3.59999999e+00  9.67634650e-08  3.59999999e+00 
 9.67834650e-08  3.59999999e+00  9.67834650e-08  3.59999999e+00 
 9.68034650e-08  3.59999999e+00  9.68034650e-08  3.59999999e+00 
 9.68234650e-08  3.59999999e+00  9.68234650e-08  3.59999999e+00 
 9.68434650e-08  3.59999999e+00  9.68434650e-08  3.59999999e+00 
 9.68634650e-08  3.59999999e+00  9.68634650e-08  3.59999999e+00 
 9.68834650e-08  3.59999999e+00  9.68834650e-08  3.59999999e+00 
 9.69034650e-08  3.59999999e+00  9.69034650e-08  3.59999999e+00 
 9.69234650e-08  3.59999999e+00  9.69234650e-08  3.59999999e+00 
 9.69434650e-08  3.59999999e+00  9.69434650e-08  3.59999999e+00 
 9.69634650e-08  3.59999999e+00  9.69634650e-08  3.59999999e+00 
 9.69834650e-08  3.59999999e+00  9.69834650e-08  3.59999999e+00 
 9.70034650e-08  3.59999999e+00  9.70034650e-08  3.59999999e+00 
 9.70234650e-08  3.59999999e+00  9.70234650e-08  3.59999999e+00 
 9.70434650e-08  3.59999999e+00  9.70434650e-08  3.59999999e+00 
 9.70634650e-08  3.59999999e+00  9.70634650e-08  3.59999999e+00 
 9.70834650e-08  3.59999999e+00  9.70834650e-08  3.59999999e+00 
 9.71034650e-08  3.59999999e+00  9.71034650e-08  3.59999999e+00 
 9.71234650e-08  3.59999999e+00  9.71234650e-08  3.59999999e+00 
 9.71434650e-08  3.59999999e+00  9.71434650e-08  3.59999999e+00 
 9.71634650e-08  3.59999999e+00  9.71634650e-08  3.59999999e+00 
 9.71834650e-08  3.59999999e+00  9.71834650e-08  3.59999999e+00 
 9.72034650e-08  3.59999999e+00  9.72034650e-08  3.59999999e+00 
 9.72234650e-08  3.59999999e+00  9.72234650e-08  3.59999999e+00 
 9.72434650e-08  3.59999999e+00  9.72434650e-08  3.59999999e+00 
 9.72634650e-08  3.59999999e+00  9.72634650e-08  3.59999999e+00 
 9.72834650e-08  3.59999999e+00  9.72834650e-08  3.59999999e+00 
 9.73034650e-08  3.59999999e+00  9.73034650e-08  3.59999999e+00 
 9.73234650e-08  3.59999999e+00  9.73234650e-08  3.59999999e+00 
 9.73434650e-08  3.59999999e+00  9.73434650e-08  3.59999999e+00 
 9.73634650e-08  3.59999999e+00  9.73634650e-08  3.59999999e+00 
 9.73834650e-08  3.59999999e+00  9.73834650e-08  3.59999999e+00 
 9.74034650e-08  3.59999999e+00  9.74034650e-08  3.59999999e+00 
 9.74234650e-08  3.59999999e+00  9.74234650e-08  3.59999999e+00 
 9.74434650e-08  3.59999999e+00  9.74434650e-08  3.59999999e+00 
 9.74634650e-08  3.59999999e+00  9.74634650e-08  3.59999999e+00 
 9.74834650e-08  3.59999999e+00  9.74834650e-08  3.59999999e+00 
 9.75034650e-08  3.59999999e+00  9.75034650e-08  3.59999999e+00 
 9.75234650e-08  3.59999999e+00  9.75234650e-08  3.59999999e+00 
 9.75434650e-08  3.59999999e+00  9.75434650e-08  3.59999999e+00 
 9.75634650e-08  3.59999999e+00  9.75634650e-08  3.59999999e+00 
 9.75834650e-08  3.59999999e+00  9.75834650e-08  3.59999999e+00 
 9.76034650e-08  3.59999999e+00  9.76034650e-08  3.59999999e+00 
 9.76234650e-08  3.59999999e+00  9.76234650e-08  3.59999999e+00 
 9.76434650e-08  3.59999999e+00  9.76434650e-08  3.59999999e+00 
 9.76634650e-08  3.59999999e+00  9.76634650e-08  3.59999999e+00 
 9.76834650e-08  3.59999999e+00  9.76834650e-08  3.59999999e+00 
 9.77034650e-08  3.59999999e+00  9.77034650e-08  3.59999999e+00 
 9.77234650e-08  3.59999999e+00  9.77234650e-08  3.59999999e+00 
 9.77434650e-08  3.59999999e+00  9.77434650e-08  3.59999999e+00 
 9.77634650e-08  3.59999999e+00  9.77634650e-08  3.59999999e+00 
 9.77834650e-08  3.59999999e+00  9.77834650e-08  3.59999999e+00 
 9.78034650e-08  3.59999999e+00  9.78034650e-08  3.59999999e+00 
 9.78234650e-08  3.59999999e+00  9.78234650e-08  3.59999999e+00 
 9.78434650e-08  3.59999999e+00  9.78434650e-08  3.59999999e+00 
 9.78634650e-08  3.59999999e+00  9.78634650e-08  3.59999999e+00 
 9.78834650e-08  3.59999999e+00  9.78834650e-08  3.59999999e+00 
 9.79034650e-08  3.59999999e+00  9.79034650e-08  3.59999999e+00 
 9.79234650e-08  3.59999999e+00  9.79234650e-08  3.59999999e+00 
 9.79434650e-08  3.59999999e+00  9.79434650e-08  3.59999999e+00 
 9.79634650e-08  3.59999999e+00  9.79634650e-08  3.59999999e+00 
 9.79834650e-08  3.59999999e+00  9.79834650e-08  3.59999999e+00 
 9.80034650e-08  3.59999999e+00  9.80034650e-08  3.59999999e+00 
 9.80234650e-08  3.59999999e+00  9.80234650e-08  3.59999999e+00 
 9.80434650e-08  3.59999999e+00  9.80434650e-08  3.59999999e+00 
 9.80634650e-08  3.59999999e+00  9.80634650e-08  3.59999999e+00 
 9.80834650e-08  3.59999999e+00  9.80834650e-08  3.59999999e+00 
 9.81034650e-08  3.59999999e+00  9.81034650e-08  3.59999999e+00 
 9.81234650e-08  3.59999999e+00  9.81234650e-08  3.59999999e+00 
 9.81434650e-08  3.59999999e+00  9.81434650e-08  3.59999999e+00 
 9.81634650e-08  3.59999999e+00  9.81634650e-08  3.59999999e+00 
 9.81834650e-08  3.59999999e+00  9.81834650e-08  3.59999999e+00 
 9.82034650e-08  3.59999999e+00  9.82034650e-08  3.59999999e+00 
 9.82234650e-08  3.59999999e+00  9.82234650e-08  3.59999999e+00 
 9.82434650e-08  3.59999999e+00  9.82434650e-08  3.59999999e+00 
 9.82634650e-08  3.59999999e+00  9.82634650e-08  3.59999999e+00 
 9.82834650e-08  3.59999999e+00  9.82834650e-08  3.59999999e+00 
 9.83034650e-08  3.59999999e+00  9.83034650e-08  3.59999999e+00 
 9.83234650e-08  3.59999999e+00  9.83234650e-08  3.59999999e+00 
 9.83434650e-08  3.59999999e+00  9.83434650e-08  3.59999999e+00 
 9.83634650e-08  3.59999999e+00  9.83634650e-08  3.59999999e+00 
 9.83834650e-08  3.59999999e+00  9.83834650e-08  3.59999999e+00 
 9.84034650e-08  3.59999999e+00  9.84034650e-08  3.59999999e+00 
 9.84234650e-08  3.59999999e+00  9.84234650e-08  3.59999999e+00 
 9.84434650e-08  3.59999999e+00  9.84434650e-08  3.59999999e+00 
 9.84634650e-08  3.59999999e+00  9.84634650e-08  3.59999999e+00 
 9.84834650e-08  3.59999999e+00  9.84834650e-08  3.59999999e+00 
 9.85034650e-08  3.59999999e+00  9.85034650e-08  3.59999999e+00 
 9.85234650e-08  3.59999999e+00  9.85234650e-08  3.59999999e+00 
 9.85434650e-08  3.59999999e+00  9.85434650e-08  3.59999999e+00 
 9.85634650e-08  3.59999999e+00  9.85634650e-08  3.59999999e+00 
 9.85834650e-08  3.59999999e+00  9.85834650e-08  3.59999999e+00 
 9.86034650e-08  3.59999999e+00  9.86034650e-08  3.59999999e+00 
 9.86234650e-08  3.59999999e+00  9.86234650e-08  3.59999999e+00 
 9.86434650e-08  3.59999999e+00  9.86434650e-08  3.59999999e+00 
 9.86634650e-08  3.59999999e+00  9.86634650e-08  3.59999999e+00 
 9.86834650e-08  3.59999999e+00  9.86834650e-08  3.59999999e+00 
 9.87034650e-08  3.59999999e+00  9.87034650e-08  3.59999999e+00 
 9.87234650e-08  3.59999999e+00  9.87234650e-08  3.59999999e+00 
 9.87434650e-08  3.59999999e+00  9.87434650e-08  3.59999999e+00 
 9.87634650e-08  3.59999999e+00  9.87634650e-08  3.59999999e+00 
 9.87834650e-08  3.59999999e+00  9.87834650e-08  3.59999999e+00 
 9.88034650e-08  3.59999999e+00  9.88034650e-08  3.59999999e+00 
 9.88234650e-08  3.59999999e+00  9.88234650e-08  3.59999999e+00 
 9.88434650e-08  3.59999999e+00  9.88434650e-08  3.59999999e+00 
 9.88634650e-08  3.59999999e+00  9.88634650e-08  3.59999999e+00 
 9.88834650e-08  3.59999999e+00  9.88834650e-08  3.59999999e+00 
 9.89034650e-08  3.59999999e+00  9.89034650e-08  3.59999999e+00 
 9.89234650e-08  3.59999999e+00  9.89234650e-08  3.59999999e+00 
 9.89434650e-08  3.59999999e+00  9.89434650e-08  3.59999999e+00 
 9.89634650e-08  3.59999999e+00  9.89634650e-08  3.59999999e+00 
 9.89834650e-08  3.59999999e+00  9.89834650e-08  3.59999999e+00 
 9.90034650e-08  3.59999999e+00  9.90034650e-08  3.59999999e+00 
 9.90234650e-08  3.59999999e+00  9.90234650e-08  3.59999999e+00 
 9.90434650e-08  3.59999999e+00  9.90434650e-08  3.59999999e+00 
 9.90634650e-08  3.59999999e+00  9.90634650e-08  3.59999999e+00 
 9.90834650e-08  3.59999999e+00  9.90834650e-08  3.59999999e+00 
 9.91034650e-08  3.59999999e+00  9.91034650e-08  3.59999999e+00 
 9.91234650e-08  3.59999999e+00  9.91234650e-08  3.59999999e+00 
 9.91434650e-08  3.59999999e+00  9.91434650e-08  3.59999999e+00 
 9.91634650e-08  3.59999999e+00  9.91634650e-08  3.59999999e+00 
 9.91834650e-08  3.59999999e+00  9.91834650e-08  3.59999999e+00 
 9.92034650e-08  3.59999999e+00  9.92034650e-08  3.59999999e+00 
 9.92234650e-08  3.59999999e+00  9.92234650e-08  3.59999999e+00 
 9.92434650e-08  3.59999999e+00  9.92434650e-08  3.59999999e+00 
 9.92634650e-08  3.59999999e+00  9.92634650e-08  3.59999999e+00 
 9.92834650e-08  3.59999999e+00  9.92834650e-08  3.59999999e+00 
 9.93034650e-08  3.59999999e+00  9.93034650e-08  3.59999999e+00 
 9.93234650e-08  3.59999999e+00  9.93234650e-08  3.59999999e+00 
 9.93434650e-08  3.59999999e+00  9.93434650e-08  3.59999999e+00 
 9.93634650e-08  3.59999999e+00  9.93634650e-08  3.59999999e+00 
 9.93834650e-08  3.59999999e+00  9.93834650e-08  3.59999999e+00 
 9.94034650e-08  3.59999999e+00  9.94034650e-08  3.59999999e+00 
 9.94234650e-08  3.59999999e+00  9.94234650e-08  3.59999999e+00 
 9.94434650e-08  3.59999999e+00  9.94434650e-08  3.59999999e+00 
 9.94634650e-08  3.59999999e+00  9.94634650e-08  3.59999999e+00 
 9.94834650e-08  3.59999999e+00  9.94834650e-08  3.59999999e+00 
 9.95034650e-08  3.59999999e+00  9.95034650e-08  3.59999999e+00 
 9.95234650e-08  3.59999999e+00  9.95234650e-08  3.59999999e+00 
 9.95434650e-08  3.59999999e+00  9.95434650e-08  3.59999999e+00 
 9.95634650e-08  3.59999999e+00  9.95634650e-08  3.59999999e+00 
 9.95834650e-08  3.59999999e+00  9.95834650e-08  3.59999999e+00 
 9.96034650e-08  3.59999999e+00  9.96034650e-08  3.59999999e+00 
 9.96234650e-08  3.59999999e+00  9.96234650e-08  3.59999999e+00 
 9.96434650e-08  3.59999999e+00  9.96434650e-08  3.59999999e+00 
 9.96634650e-08  3.59999999e+00  9.96634650e-08  3.59999999e+00 
 9.96834650e-08  3.59999999e+00  9.96834650e-08  3.59999999e+00 
 9.97034650e-08  3.59999999e+00  9.97034650e-08  3.59999999e+00 
 9.97234650e-08  3.59999999e+00  9.97234650e-08  3.59999999e+00 
 9.97434650e-08  3.59999999e+00  9.97434650e-08  3.59999999e+00 
 9.97634650e-08  3.59999999e+00  9.97634650e-08  3.59999999e+00 
 9.97834650e-08  3.59999999e+00  9.97834650e-08  3.59999999e+00 
 9.98034650e-08  3.59999999e+00  9.98034650e-08  3.59999999e+00 
 9.98234650e-08  3.59999999e+00  9.98234650e-08  3.59999999e+00 
 9.98434650e-08  3.59999999e+00  9.98434650e-08  3.59999999e+00 
 9.98634650e-08  3.59999999e+00  9.98634650e-08  3.59999999e+00 
 9.98834650e-08  3.59999999e+00  9.98834650e-08  3.59999999e+00 
 9.99034650e-08  3.59999999e+00  9.99034650e-08  3.59999999e+00 
 9.99234650e-08  3.59999999e+00  9.99234650e-08  3.59999999e+00 
 9.99434650e-08  3.59999999e+00  9.99434650e-08  3.59999999e+00 
 9.99634650e-08  3.59999999e+00  9.99634650e-08  3.59999999e+00 
 9.99834650e-08  3.59999999e+00  9.99834650e-08  3.59999999e+00 
 1.00003465e-07  3.59999999e+00  1.00003465e-07  3.59999999e+00 
 1.00023465e-07  3.59999999e+00  1.00023465e-07  3.59999999e+00 
 1.00043465e-07  3.59999999e+00  1.00043465e-07  3.59999999e+00 
 1.00063465e-07  3.59999999e+00  1.00063465e-07  3.59999999e+00 
 1.00083465e-07  3.59999999e+00  1.00083465e-07  3.59999999e+00 
 1.00103465e-07  3.59999999e+00  1.00103465e-07  3.59999999e+00 
 1.00123465e-07  3.59999999e+00  1.00123465e-07  3.59999999e+00 
 1.00143465e-07  3.59999999e+00  1.00143465e-07  3.59999999e+00 
 1.00163465e-07  3.59999999e+00  1.00163465e-07  3.59999999e+00 
 1.00183465e-07  3.59999999e+00  1.00183465e-07  3.59999999e+00 
 1.00203465e-07  3.59999999e+00  1.00203465e-07  3.59999999e+00 
 1.00223465e-07  3.59999999e+00  1.00223465e-07  3.59999999e+00 
 1.00243465e-07  3.59999999e+00  1.00243465e-07  3.59999999e+00 
 1.00263465e-07  3.59999999e+00  1.00263465e-07  3.59999999e+00 
 1.00283465e-07  3.59999999e+00  1.00283465e-07  3.59999999e+00 
 1.00303465e-07  3.59999999e+00  1.00303465e-07  3.59999999e+00 
 1.00323465e-07  3.59999999e+00  1.00323465e-07  3.59999999e+00 
 1.00343465e-07  3.59999999e+00  1.00343465e-07  3.59999999e+00 
 1.00363465e-07  3.59999999e+00  1.00363465e-07  3.59999999e+00 
 1.00383465e-07  3.59999999e+00  1.00383465e-07  3.59999999e+00 
 1.00403465e-07  3.59999999e+00  1.00403465e-07  3.59999999e+00 
 1.00423465e-07  3.59999999e+00  1.00423465e-07  3.59999999e+00 
 1.00443465e-07  3.59999999e+00  1.00443465e-07  3.59999999e+00 
 1.00463465e-07  3.59999999e+00  1.00463465e-07  3.59999999e+00 
 1.00483465e-07  3.59999999e+00  1.00483465e-07  3.59999999e+00 
 1.00503465e-07  3.59999999e+00  1.00503465e-07  3.59999999e+00 
 1.00523465e-07  3.59999999e+00  1.00523465e-07  3.59999999e+00 
 1.00543465e-07  3.59999999e+00  1.00543465e-07  3.59999999e+00 
 1.00563465e-07  3.59999999e+00  1.00563465e-07  3.59999999e+00 
 1.00583465e-07  3.59999999e+00  1.00583465e-07  3.59999999e+00 
 1.00603465e-07  3.59999999e+00  1.00603465e-07  3.59999999e+00 
 1.00623465e-07  3.59999999e+00  1.00623465e-07  3.59999999e+00 
 1.00643465e-07  3.59999999e+00  1.00643465e-07  3.59999999e+00 
 1.00663465e-07  3.59999999e+00  1.00663465e-07  3.59999999e+00 
 1.00683465e-07  3.59999999e+00  1.00683465e-07  3.59999999e+00 
 1.00703465e-07  3.59999999e+00  1.00703465e-07  3.59999999e+00 
 1.00723465e-07  3.59999999e+00  1.00723465e-07  3.59999999e+00 
 1.00743465e-07  3.59999999e+00  1.00743465e-07  3.59999999e+00 
 1.00763465e-07  3.59999999e+00  1.00763465e-07  3.59999999e+00 
 1.00783465e-07  3.59999999e+00  1.00783465e-07  3.59999999e+00 
 1.00803465e-07  3.59999999e+00  1.00803465e-07  3.59999999e+00 
 1.00823465e-07  3.59999999e+00  1.00823465e-07  3.59999999e+00 
 1.00843465e-07  3.59999999e+00  1.00843465e-07  3.59999999e+00 
 1.00863465e-07  3.59999999e+00  1.00863465e-07  3.59999999e+00 
 1.00883465e-07  3.59999999e+00  1.00883465e-07  3.59999999e+00 
 1.00903465e-07  3.59999999e+00  1.00903465e-07  3.59999999e+00 
 1.00923465e-07  3.59999999e+00  1.00923465e-07  3.59999999e+00 
 1.00943465e-07  3.59999999e+00  1.00943465e-07  3.59999999e+00 
 1.00963465e-07  3.59999999e+00  1.00963465e-07  3.59999999e+00 
 1.00983465e-07  3.59999999e+00  1.00983465e-07  3.59999999e+00 
 1.01003465e-07  3.59999999e+00  1.01003465e-07  3.59999999e+00 
 1.01023465e-07  3.59999999e+00  1.01023465e-07  3.59999999e+00 
 1.01043465e-07  3.59999999e+00  1.01043465e-07  3.59999999e+00 
 1.01063465e-07  3.59999999e+00  1.01063465e-07  3.59999999e+00 
 1.01083465e-07  3.59999999e+00  1.01083465e-07  3.59999999e+00 
 1.01103465e-07  3.59999999e+00  1.01103465e-07  3.59999999e+00 
 1.01123465e-07  3.59999999e+00  1.01123465e-07  3.59999999e+00 
 1.01143465e-07  3.59999999e+00  1.01143465e-07  3.59999999e+00 
 1.01163465e-07  3.59999999e+00  1.01163465e-07  3.59999999e+00 
 1.01183465e-07  3.59999999e+00  1.01183465e-07  3.59999999e+00 
 1.01203465e-07  3.59999999e+00  1.01203465e-07  3.59999999e+00 
 1.01223465e-07  3.59999999e+00  1.01223465e-07  3.59999999e+00 
 1.01243465e-07  3.59999999e+00  1.01243465e-07  3.59999999e+00 
 1.01263465e-07  3.59999999e+00  1.01263465e-07  3.59999999e+00 
 1.01283465e-07  3.59999999e+00  1.01283465e-07  3.59999999e+00 
 1.01303465e-07  3.59999999e+00  1.01303465e-07  3.59999999e+00 
 1.01323465e-07  3.59999999e+00  1.01323465e-07  3.59999999e+00 
 1.01343465e-07  3.59999999e+00  1.01343465e-07  3.59999999e+00 
 1.01363465e-07  3.59999999e+00  1.01363465e-07  3.59999999e+00 
 1.01383465e-07  3.59999999e+00  1.01383465e-07  3.59999999e+00 
 1.01403465e-07  3.59999999e+00  1.01403465e-07  3.59999999e+00 
 1.01423465e-07  3.59999999e+00  1.01423465e-07  3.59999999e+00 
 1.01443465e-07  3.59999999e+00  1.01443465e-07  3.59999999e+00 
 1.01463465e-07  3.59999999e+00  1.01463465e-07  3.59999999e+00 
 1.01483465e-07  3.59999999e+00  1.01483465e-07  3.59999999e+00 
 1.01503465e-07  3.59999999e+00  1.01503465e-07  3.59999999e+00 
 1.01523465e-07  3.59999999e+00  1.01523465e-07  3.59999999e+00 
 1.01543465e-07  3.59999999e+00  1.01543465e-07  3.59999999e+00 
 1.01563465e-07  3.59999999e+00  1.01563465e-07  3.59999999e+00 
 1.01583465e-07  3.59999999e+00  1.01583465e-07  3.59999999e+00 
 1.01603465e-07  3.59999999e+00  1.01603465e-07  3.59999999e+00 
 1.01623465e-07  3.59999999e+00  1.01623465e-07  3.59999999e+00 
 1.01643465e-07  3.59999999e+00  1.01643465e-07  3.59999999e+00 
 1.01663465e-07  3.59999999e+00  1.01663465e-07  3.59999999e+00 
 1.01683465e-07  3.59999999e+00  1.01683465e-07  3.59999999e+00 
 1.01703465e-07  3.59999999e+00  1.01703465e-07  3.59999999e+00 
 1.01723465e-07  3.59999999e+00  1.01723465e-07  3.59999999e+00 
 1.01743465e-07  3.59999999e+00  1.01743465e-07  3.59999999e+00 
 1.01763465e-07  3.59999999e+00  1.01763465e-07  3.59999999e+00 
 1.01783465e-07  3.59999999e+00  1.01783465e-07  3.59999999e+00 
 1.01803465e-07  3.59999999e+00  1.01803465e-07  3.59999999e+00 
 1.01823465e-07  3.59999999e+00  1.01823465e-07  3.59999999e+00 
 1.01843465e-07  3.59999999e+00  1.01843465e-07  3.59999999e+00 
 1.01863465e-07  3.59999999e+00  1.01863465e-07  3.59999999e+00 
 1.01883465e-07  3.59999999e+00  1.01883465e-07  3.59999999e+00 
 1.01903465e-07  3.59999999e+00  1.01903465e-07  3.59999999e+00 
 1.01923465e-07  3.59999999e+00  1.01923465e-07  3.59999999e+00 
 1.01943465e-07  3.59999999e+00  1.01943465e-07  3.59999999e+00 
 1.01963465e-07  3.59999999e+00  1.01963465e-07  3.59999999e+00 
 1.01983465e-07  3.59999999e+00  1.01983465e-07  3.59999999e+00 
 1.02003465e-07  3.59999999e+00  1.02003465e-07  3.59999999e+00 
 1.02023465e-07  3.59999999e+00  1.02023465e-07  3.59999999e+00 
 1.02043465e-07  3.59999999e+00  1.02043465e-07  3.59999999e+00 
 1.02063465e-07  3.59999999e+00  1.02063465e-07  3.59999999e+00 
 1.02083465e-07  3.59999999e+00  1.02083465e-07  3.59999999e+00 
 1.02103465e-07  3.59999999e+00  1.02103465e-07  3.59999999e+00 
 1.02123465e-07  3.59999999e+00  1.02123465e-07  3.59999999e+00 
 1.02143465e-07  3.59999999e+00  1.02143465e-07  3.59999999e+00 
 1.02163465e-07  3.59999999e+00  1.02163465e-07  3.59999999e+00 
 1.02183465e-07  3.59999999e+00  1.02183465e-07  3.59999999e+00 
 1.02203465e-07  3.59999999e+00  1.02203465e-07  3.59999999e+00 
 1.02223465e-07  3.59999999e+00  1.02223465e-07  3.59999999e+00 
 1.02243465e-07  3.59999999e+00  1.02243465e-07  3.59999999e+00 
 1.02263465e-07  3.59999999e+00  1.02263465e-07  3.59999999e+00 
 1.02283465e-07  3.59999999e+00  1.02283465e-07  3.59999999e+00 
 1.02303465e-07  3.59999999e+00  1.02303465e-07  3.59999999e+00 
 1.02323465e-07  3.59999999e+00  1.02323465e-07  3.59999999e+00 
 1.02343465e-07  3.59999999e+00  1.02343465e-07  3.59999999e+00 
 1.02363465e-07  3.59999999e+00  1.02363465e-07  3.59999999e+00 
 1.02383465e-07  3.59999999e+00  1.02383465e-07  3.59999999e+00 
 1.02403465e-07  3.59999999e+00  1.02403465e-07  3.59999999e+00 
 1.02423465e-07  3.59999999e+00  1.02423465e-07  3.59999999e+00 
 1.02443465e-07  3.59999999e+00  1.02443465e-07  3.59999999e+00 
 1.02463465e-07  3.59999999e+00  1.02463465e-07  3.59999999e+00 
 1.02483465e-07  3.59999999e+00  1.02483465e-07  3.59999999e+00 
 1.02503465e-07  3.59999999e+00  1.02503465e-07  3.59999999e+00 
 1.02523465e-07  3.59999999e+00  1.02523465e-07  3.59999999e+00 
 1.02543465e-07  3.59999999e+00  1.02543465e-07  3.59999999e+00 
 1.02563465e-07  3.59999999e+00  1.02563465e-07  3.59999999e+00 
 1.02583465e-07  3.59999999e+00  1.02583465e-07  3.59999999e+00 
 1.02603465e-07  3.59999999e+00  1.02603465e-07  3.59999999e+00 
 1.02623465e-07  3.59999999e+00  1.02623465e-07  3.59999999e+00 
 1.02643465e-07  3.59999999e+00  1.02643465e-07  3.59999999e+00 
 1.02663465e-07  3.59999999e+00  1.02663465e-07  3.59999999e+00 
 1.02683465e-07  3.59999999e+00  1.02683465e-07  3.59999999e+00 
 1.02703465e-07  3.59999999e+00  1.02703465e-07  3.59999999e+00 
 1.02723465e-07  3.59999999e+00  1.02723465e-07  3.59999999e+00 
 1.02743465e-07  3.59999999e+00  1.02743465e-07  3.59999999e+00 
 1.02763465e-07  3.59999999e+00  1.02763465e-07  3.59999999e+00 
 1.02783465e-07  3.59999999e+00  1.02783465e-07  3.59999999e+00 
 1.02803465e-07  3.59999999e+00  1.02803465e-07  3.59999999e+00 
 1.02823465e-07  3.59999999e+00  1.02823465e-07  3.59999999e+00 
 1.02843465e-07  3.59999999e+00  1.02843465e-07  3.59999999e+00 
 1.02863465e-07  3.59999999e+00  1.02863465e-07  3.59999999e+00 
 1.02883465e-07  3.59999999e+00  1.02883465e-07  3.59999999e+00 
 1.02903465e-07  3.59999999e+00  1.02903465e-07  3.59999999e+00 
 1.02923465e-07  3.59999999e+00  1.02923465e-07  3.59999999e+00 
 1.02943465e-07  3.59999999e+00  1.02943465e-07  3.59999999e+00 
 1.02963465e-07  3.59999999e+00  1.02963465e-07  3.59999999e+00 
 1.02983465e-07  3.59999999e+00  1.02983465e-07  3.59999999e+00 
 1.03003465e-07  3.59999999e+00  1.03003465e-07  3.59999999e+00 
 1.03023465e-07  3.59999999e+00  1.03023465e-07  3.59999999e+00 
 1.03043465e-07  3.59999999e+00  1.03043465e-07  3.59999999e+00 
 1.03063465e-07  3.59999999e+00  1.03063465e-07  3.59999999e+00 
 1.03083465e-07  3.59999999e+00  1.03083465e-07  3.59999999e+00 
 1.03103465e-07  3.59999999e+00  1.03103465e-07  3.59999999e+00 
 1.03123465e-07  3.59999999e+00  1.03123465e-07  3.59999999e+00 
 1.03143465e-07  3.59999999e+00  1.03143465e-07  3.59999999e+00 
 1.03163465e-07  3.59999999e+00  1.03163465e-07  3.59999999e+00 
 1.03183465e-07  3.59999999e+00  1.03183465e-07  3.59999999e+00 
 1.03203465e-07  3.59999999e+00  1.03203465e-07  3.59999999e+00 
 1.03223465e-07  3.59999999e+00  1.03223465e-07  3.59999999e+00 
 1.03243465e-07  3.59999999e+00  1.03243465e-07  3.59999999e+00 
 1.03263465e-07  3.59999999e+00  1.03263465e-07  3.59999999e+00 
 1.03283465e-07  3.59999999e+00  1.03283465e-07  3.59999999e+00 
 1.03303465e-07  3.59999999e+00  1.03303465e-07  3.59999999e+00 
 1.03323465e-07  3.59999999e+00  1.03323465e-07  3.59999999e+00 
 1.03343465e-07  3.59999999e+00  1.03343465e-07  3.59999999e+00 
 1.03363465e-07  3.59999999e+00  1.03363465e-07  3.59999999e+00 
 1.03383465e-07  3.59999999e+00  1.03383465e-07  3.59999999e+00 
 1.03403465e-07  3.59999999e+00  1.03403465e-07  3.59999999e+00 
 1.03423465e-07  3.59999999e+00  1.03423465e-07  3.59999999e+00 
 1.03443465e-07  3.59999999e+00  1.03443465e-07  3.59999999e+00 
 1.03463465e-07  3.59999999e+00  1.03463465e-07  3.59999999e+00 
 1.03483465e-07  3.59999999e+00  1.03483465e-07  3.59999999e+00 
 1.03503465e-07  3.59999999e+00  1.03503465e-07  3.59999999e+00 
 1.03523465e-07  3.59999999e+00  1.03523465e-07  3.59999999e+00 
 1.03543465e-07  3.59999999e+00  1.03543465e-07  3.59999999e+00 
 1.03563465e-07  3.59999999e+00  1.03563465e-07  3.59999999e+00 
 1.03583465e-07  3.59999999e+00  1.03583465e-07  3.59999999e+00 
 1.03603465e-07  3.59999999e+00  1.03603465e-07  3.59999999e+00 
 1.03623465e-07  3.59999999e+00  1.03623465e-07  3.59999999e+00 
 1.03643465e-07  3.59999999e+00  1.03643465e-07  3.59999999e+00 
 1.03663465e-07  3.59999999e+00  1.03663465e-07  3.59999999e+00 
 1.03683465e-07  3.59999999e+00  1.03683465e-07  3.59999999e+00 
 1.03703465e-07  3.59999999e+00  1.03703465e-07  3.59999999e+00 
 1.03723465e-07  3.59999999e+00  1.03723465e-07  3.59999999e+00 
 1.03743465e-07  3.59999999e+00  1.03743465e-07  3.59999999e+00 
 1.03763465e-07  3.59999999e+00  1.03763465e-07  3.59999999e+00 
 1.03783465e-07  3.59999999e+00  1.03783465e-07  3.59999999e+00 
 1.03803465e-07  3.59999999e+00  1.03803465e-07  3.59999999e+00 
 1.03823465e-07  3.59999999e+00  1.03823465e-07  3.59999999e+00 
 1.03843465e-07  3.59999999e+00  1.03843465e-07  3.59999999e+00 
 1.03863465e-07  3.59999999e+00  1.03863465e-07  3.59999999e+00 
 1.03883465e-07  3.59999999e+00  1.03883465e-07  3.59999999e+00 
 1.03903465e-07  3.59999999e+00  1.03903465e-07  3.59999999e+00 
 1.03923465e-07  3.59999999e+00  1.03923465e-07  3.59999999e+00 
 1.03943465e-07  3.59999999e+00  1.03943465e-07  3.59999999e+00 
 1.03963465e-07  3.59999999e+00  1.03963465e-07  3.59999999e+00 
 1.03983465e-07  3.59999999e+00  1.03983465e-07  3.59999999e+00 
 1.04003465e-07  3.59999999e+00  1.04003465e-07  3.59999999e+00 
 1.04023465e-07  3.59999999e+00  1.04023465e-07  3.59999999e+00 
 1.04043465e-07  3.59999999e+00  1.04043465e-07  3.59999999e+00 
 1.04063465e-07  3.59999999e+00  1.04063465e-07  3.59999999e+00 
 1.04083465e-07  3.59999999e+00  1.04083465e-07  3.59999999e+00 
 1.04103465e-07  3.59999999e+00  1.04103465e-07  3.59999999e+00 
 1.04123465e-07  3.59999999e+00  1.04123465e-07  3.59999999e+00 
 1.04143465e-07  3.59999999e+00  1.04143465e-07  3.59999999e+00 
 1.04163465e-07  3.59999999e+00  1.04163465e-07  3.59999999e+00 
 1.04183465e-07  3.59999999e+00  1.04183465e-07  3.59999999e+00 
 1.04203465e-07  3.59999999e+00  1.04203465e-07  3.59999999e+00 
 1.04223465e-07  3.59999999e+00  1.04223465e-07  3.59999999e+00 
 1.04243465e-07  3.59999999e+00  1.04243465e-07  3.59999999e+00 
 1.04263465e-07  3.59999999e+00  1.04263465e-07  3.59999999e+00 
 1.04283465e-07  3.59999999e+00  1.04283465e-07  3.59999999e+00 
 1.04303465e-07  3.59999999e+00  1.04303465e-07  3.59999999e+00 
 1.04323465e-07  3.59999999e+00  1.04323465e-07  3.59999999e+00 
 1.04343465e-07  3.59999999e+00  1.04343465e-07  3.59999999e+00 
 1.04363465e-07  3.59999999e+00  1.04363465e-07  3.59999999e+00 
 1.04383465e-07  3.59999999e+00  1.04383465e-07  3.59999999e+00 
 1.04403465e-07  3.59999999e+00  1.04403465e-07  3.59999999e+00 
 1.04423465e-07  3.59999999e+00  1.04423465e-07  3.59999999e+00 
 1.04443465e-07  3.59999999e+00  1.04443465e-07  3.59999999e+00 
 1.04463465e-07  3.59999999e+00  1.04463465e-07  3.59999999e+00 
 1.04483465e-07  3.59999999e+00  1.04483465e-07  3.59999999e+00 
 1.04503465e-07  3.59999999e+00  1.04503465e-07  3.59999999e+00 
 1.04523465e-07  3.59999999e+00  1.04523465e-07  3.59999999e+00 
 1.04543465e-07  3.59999999e+00  1.04543465e-07  3.59999999e+00 
 1.04563465e-07  3.59999999e+00  1.04563465e-07  3.59999999e+00 
 1.04583465e-07  3.59999999e+00  1.04583465e-07  3.59999999e+00 
 1.04603465e-07  3.59999999e+00  1.04603465e-07  3.59999999e+00 
 1.04623465e-07  3.59999999e+00  1.04623465e-07  3.59999999e+00 
 1.04643465e-07  3.59999999e+00  1.04643465e-07  3.59999999e+00 
 1.04663465e-07  3.59999999e+00  1.04663465e-07  3.59999999e+00 
 1.04683465e-07  3.59999999e+00  1.04683465e-07  3.59999999e+00 
 1.04703465e-07  3.59999999e+00  1.04703465e-07  3.59999999e+00 
 1.04723465e-07  3.59999999e+00  1.04723465e-07  3.59999999e+00 
 1.04743465e-07  3.59999999e+00  1.04743465e-07  3.59999999e+00 
 1.04763465e-07  3.59999999e+00  1.04763465e-07  3.59999999e+00 
 1.04783465e-07  3.59999999e+00  1.04783465e-07  3.59999999e+00 
 1.04803465e-07  3.59999999e+00  1.04803465e-07  3.59999999e+00 
 1.04823465e-07  3.59999999e+00  1.04823465e-07  3.59999999e+00 
 1.04843465e-07  3.59999999e+00  1.04843465e-07  3.59999999e+00 
 1.04863465e-07  3.59999999e+00  1.04863465e-07  3.59999999e+00 
 1.04883465e-07  3.59999999e+00  1.04883465e-07  3.59999999e+00 
 1.04903465e-07  3.59999999e+00  1.04903465e-07  3.59999999e+00 
 1.04923465e-07  3.59999999e+00  1.04923465e-07  3.59999999e+00 
 1.04943465e-07  3.59999999e+00  1.04943465e-07  3.59999999e+00 
 1.04963465e-07  3.59999999e+00  1.04963465e-07  3.59999999e+00 
 1.04983465e-07  3.59999999e+00  1.04983465e-07  3.59999999e+00 
 1.05003465e-07  3.59999999e+00  1.05003465e-07  3.59999999e+00 
 1.05023465e-07  3.59999999e+00  1.05023465e-07  3.59999999e+00 
 1.05043465e-07  3.59999999e+00  1.05043465e-07  3.59999999e+00 
 1.05063465e-07  3.59999999e+00  1.05063465e-07  3.59999999e+00 
 1.05083465e-07  3.59999999e+00  1.05083465e-07  3.59999999e+00 
 1.05103465e-07  3.59999999e+00  1.05103465e-07  3.59999999e+00 
 1.05123465e-07  3.59999999e+00  1.05123465e-07  3.59999999e+00 
 1.05143465e-07  3.59999999e+00  1.05143465e-07  3.59999999e+00 
 1.05163465e-07  3.59999999e+00  1.05163465e-07  3.59999999e+00 
 1.05183465e-07  3.59999999e+00  1.05183465e-07  3.59999999e+00 
 1.05203465e-07  3.59999999e+00  1.05203465e-07  3.59999999e+00 
 1.05223465e-07  3.59999999e+00  1.05223465e-07  3.59999999e+00 
 1.05243465e-07  3.59999999e+00  1.05243465e-07  3.59999999e+00 
 1.05263465e-07  3.59999999e+00  1.05263465e-07  3.59999999e+00 
 1.05283465e-07  3.59999999e+00  1.05283465e-07  3.59999999e+00 
 1.05303465e-07  3.59999999e+00  1.05303465e-07  3.59999999e+00 
 1.05323465e-07  3.59999999e+00  1.05323465e-07  3.59999999e+00 
 1.05343465e-07  3.59999999e+00  1.05343465e-07  3.59999999e+00 
 1.05363465e-07  3.59999999e+00  1.05363465e-07  3.59999999e+00 
 1.05383465e-07  3.59999999e+00  1.05383465e-07  3.59999999e+00 
 1.05403465e-07  3.59999999e+00  1.05403465e-07  3.59999999e+00 
 1.05423465e-07  3.59999999e+00  1.05423465e-07  3.59999999e+00 
 1.05443465e-07  3.59999999e+00  1.05443465e-07  3.59999999e+00 
 1.05463465e-07  3.59999999e+00  1.05463465e-07  3.59999999e+00 
 1.05483465e-07  3.59999999e+00  1.05483465e-07  3.59999999e+00 
 1.05503465e-07  3.59999999e+00  1.05503465e-07  3.59999999e+00 
 1.05523465e-07  3.59999999e+00  1.05523465e-07  3.59999999e+00 
 1.05543465e-07  3.59999999e+00  1.05543465e-07  3.59999999e+00 
 1.05563465e-07  3.59999999e+00  1.05563465e-07  3.59999999e+00 
 1.05583465e-07  3.59999999e+00  1.05583465e-07  3.59999999e+00 
 1.05603465e-07  3.59999999e+00  1.05603465e-07  3.59999999e+00 
 1.05623465e-07  3.59999999e+00  1.05623465e-07  3.59999999e+00 
 1.05643465e-07  3.59999999e+00  1.05643465e-07  3.59999999e+00 
 1.05663465e-07  3.59999999e+00  1.05663465e-07  3.59999999e+00 
 1.05683465e-07  3.59999999e+00  1.05683465e-07  3.59999999e+00 
 1.05703465e-07  3.59999999e+00  1.05703465e-07  3.59999999e+00 
 1.05723465e-07  3.59999999e+00  1.05723465e-07  3.59999999e+00 
 1.05743465e-07  3.59999999e+00  1.05743465e-07  3.59999999e+00 
 1.05763465e-07  3.59999999e+00  1.05763465e-07  3.59999999e+00 
 1.05783465e-07  3.59999999e+00  1.05783465e-07  3.59999999e+00 
 1.05803465e-07  3.59999999e+00  1.05803465e-07  3.59999999e+00 
 1.05823465e-07  3.59999999e+00  1.05823465e-07  3.59999999e+00 
 1.05843465e-07  3.59999999e+00  1.05843465e-07  3.59999999e+00 
 1.05863465e-07  3.59999999e+00  1.05863465e-07  3.59999999e+00 
 1.05883465e-07  3.59999999e+00  1.05883465e-07  3.59999999e+00 
 1.05903465e-07  3.59999999e+00  1.05903465e-07  3.59999999e+00 
 1.05923465e-07  3.59999999e+00  1.05923465e-07  3.59999999e+00 
 1.05943465e-07  3.59999999e+00  1.05943465e-07  3.59999999e+00 
 1.05963465e-07  3.59999999e+00  1.05963465e-07  3.59999999e+00 
 1.05983465e-07  3.59999999e+00  1.05983465e-07  3.59999999e+00 
 1.06003465e-07  3.59999999e+00  1.06003465e-07  3.59999999e+00 
 1.06023465e-07  3.59999999e+00  1.06023465e-07  3.59999999e+00 
 1.06043465e-07  3.59999999e+00  1.06043465e-07  3.59999999e+00 
 1.06063465e-07  3.59999999e+00  1.06063465e-07  3.59999999e+00 
 1.06083465e-07  3.59999999e+00  1.06083465e-07  3.59999999e+00 
 1.06103465e-07  3.59999999e+00  1.06103465e-07  3.59999999e+00 
 1.06123465e-07  3.59999999e+00  1.06123465e-07  3.59999999e+00 
 1.06143465e-07  3.59999999e+00  1.06143465e-07  3.59999999e+00 
 1.06163465e-07  3.59999999e+00  1.06163465e-07  3.59999999e+00 
 1.06183465e-07  3.59999999e+00  1.06183465e-07  3.59999999e+00 
 1.06203465e-07  3.59999999e+00  1.06203465e-07  3.59999999e+00 
 1.06223465e-07  3.59999999e+00  1.06223465e-07  3.59999999e+00 
 1.06243465e-07  3.59999999e+00  1.06243465e-07  3.59999999e+00 
 1.06263465e-07  3.59999999e+00  1.06263465e-07  3.59999999e+00 
 1.06283465e-07  3.59999999e+00  1.06283465e-07  3.59999999e+00 
 1.06303465e-07  3.59999999e+00  1.06303465e-07  3.59999999e+00 
 1.06323465e-07  3.59999999e+00  1.06323465e-07  3.59999999e+00 
 1.06343465e-07  3.59999999e+00  1.06343465e-07  3.59999999e+00 
 1.06363465e-07  3.59999999e+00  1.06363465e-07  3.59999999e+00 
 1.06383465e-07  3.59999999e+00  1.06383465e-07  3.59999999e+00 
 1.06403465e-07  3.59999999e+00  1.06403465e-07  3.59999999e+00 
 1.06423465e-07  3.59999999e+00  1.06423465e-07  3.59999999e+00 
 1.06443465e-07  3.59999999e+00  1.06443465e-07  3.59999999e+00 
 1.06463465e-07  3.59999999e+00  1.06463465e-07  3.59999999e+00 
 1.06483465e-07  3.59999999e+00  1.06483465e-07  3.59999999e+00 
 1.06503465e-07  3.59999999e+00  1.06503465e-07  3.59999999e+00 
 1.06523465e-07  3.59999999e+00  1.06523465e-07  3.59999999e+00 
 1.06543465e-07  3.59999999e+00  1.06543465e-07  3.59999999e+00 
 1.06563465e-07  3.59999999e+00  1.06563465e-07  3.59999999e+00 
 1.06583465e-07  3.59999999e+00  1.06583465e-07  3.59999999e+00 
 1.06603465e-07  3.59999999e+00  1.06603465e-07  3.59999999e+00 
 1.06623465e-07  3.59999999e+00  1.06623465e-07  3.59999999e+00 
 1.06643465e-07  3.59999999e+00  1.06643465e-07  3.59999999e+00 
 1.06663465e-07  3.59999999e+00  1.06663465e-07  3.59999999e+00 
 1.06683465e-07  3.59999999e+00  1.06683465e-07  3.59999999e+00 
 1.06703465e-07  3.59999999e+00  1.06703465e-07  3.59999999e+00 
 1.06723465e-07  3.59999999e+00  1.06723465e-07  3.59999999e+00 
 1.06743465e-07  3.59999999e+00  1.06743465e-07  3.59999999e+00 
 1.06763465e-07  3.59999999e+00  1.06763465e-07  3.59999999e+00 
 1.06783465e-07  3.59999999e+00  1.06783465e-07  3.59999999e+00 
 1.06803465e-07  3.59999999e+00  1.06803465e-07  3.59999999e+00 
 1.06823465e-07  3.59999999e+00  1.06823465e-07  3.59999999e+00 
 1.06843465e-07  3.59999999e+00  1.06843465e-07  3.59999999e+00 
 1.06863465e-07  3.59999999e+00  1.06863465e-07  3.59999999e+00 
 1.06883465e-07  3.59999999e+00  1.06883465e-07  3.59999999e+00 
 1.06903465e-07  3.59999999e+00  1.06903465e-07  3.59999999e+00 
 1.06923465e-07  3.59999999e+00  1.06923465e-07  3.59999999e+00 
 1.06943465e-07  3.59999999e+00  1.06943465e-07  3.59999999e+00 
 1.06963465e-07  3.59999999e+00  1.06963465e-07  3.59999999e+00 
 1.06983465e-07  3.59999999e+00  1.06983465e-07  3.59999999e+00 
 1.07003465e-07  3.59999999e+00  1.07003465e-07  3.59999999e+00 
 1.07023465e-07  3.59999999e+00  1.07023465e-07  3.59999999e+00 
 1.07043465e-07  3.59999999e+00  1.07043465e-07  3.59999999e+00 
 1.07063465e-07  3.59999999e+00  1.07063465e-07  3.59999999e+00 
 1.07083465e-07  3.59999999e+00  1.07083465e-07  3.59999999e+00 
 1.07103465e-07  3.59999999e+00  1.07103465e-07  3.59999999e+00 
 1.07123465e-07  3.59999999e+00  1.07123465e-07  3.59999999e+00 
 1.07143465e-07  3.59999999e+00  1.07143465e-07  3.59999999e+00 
 1.07163465e-07  3.59999999e+00  1.07163465e-07  3.59999999e+00 
 1.07183465e-07  3.59999999e+00  1.07183465e-07  3.59999999e+00 
 1.07203465e-07  3.59999999e+00  1.07203465e-07  3.59999999e+00 
 1.07223465e-07  3.59999999e+00  1.07223465e-07  3.59999999e+00 
 1.07243465e-07  3.59999999e+00  1.07243465e-07  3.59999999e+00 
 1.07263465e-07  3.59999999e+00  1.07263465e-07  3.59999999e+00 
 1.07283465e-07  3.59999999e+00  1.07283465e-07  3.59999999e+00 
 1.07303465e-07  3.59999999e+00  1.07303465e-07  3.59999999e+00 
 1.07323465e-07  3.59999999e+00  1.07323465e-07  3.59999999e+00 
 1.07343465e-07  3.59999999e+00  1.07343465e-07  3.59999999e+00 
 1.07363465e-07  3.59999999e+00  1.07363465e-07  3.59999999e+00 
 1.07383465e-07  3.59999999e+00  1.07383465e-07  3.59999999e+00 
 1.07403465e-07  3.59999999e+00  1.07403465e-07  3.59999999e+00 
 1.07423465e-07  3.59999999e+00  1.07423465e-07  3.59999999e+00 
 1.07443465e-07  3.59999999e+00  1.07443465e-07  3.59999999e+00 
 1.07463465e-07  3.59999999e+00  1.07463465e-07  3.59999999e+00 
 1.07483465e-07  3.59999999e+00  1.07483465e-07  3.59999999e+00 
 1.07503465e-07  3.59999999e+00  1.07503465e-07  3.59999999e+00 
 1.07523465e-07  3.59999999e+00  1.07523465e-07  3.59999999e+00 
 1.07543465e-07  3.59999999e+00  1.07543465e-07  3.59999999e+00 
 1.07563465e-07  3.59999999e+00  1.07563465e-07  3.59999999e+00 
 1.07583465e-07  3.59999999e+00  1.07583465e-07  3.59999999e+00 
 1.07603465e-07  3.59999999e+00  1.07603465e-07  3.59999999e+00 
 1.07623465e-07  3.59999999e+00  1.07623465e-07  3.59999999e+00 
 1.07643465e-07  3.59999999e+00  1.07643465e-07  3.59999999e+00 
 1.07663465e-07  3.59999999e+00  1.07663465e-07  3.59999999e+00 
 1.07683465e-07  3.59999999e+00  1.07683465e-07  3.59999999e+00 
 1.07703465e-07  3.59999999e+00  1.07703465e-07  3.59999999e+00 
 1.07723465e-07  3.59999999e+00  1.07723465e-07  3.59999999e+00 
 1.07743465e-07  3.59999999e+00  1.07743465e-07  3.59999999e+00 
 1.07763465e-07  3.59999999e+00  1.07763465e-07  3.59999999e+00 
 1.07783465e-07  3.59999999e+00  1.07783465e-07  3.59999999e+00 
 1.07803465e-07  3.59999999e+00  1.07803465e-07  3.59999999e+00 
 1.07823465e-07  3.59999999e+00  1.07823465e-07  3.59999999e+00 
 1.07843465e-07  3.59999999e+00  1.07843465e-07  3.59999999e+00 
 1.07863465e-07  3.59999999e+00  1.07863465e-07  3.59999999e+00 
 1.07883465e-07  3.59999999e+00  1.07883465e-07  3.59999999e+00 
 1.07903465e-07  3.59999999e+00  1.07903465e-07  3.59999999e+00 
 1.07923465e-07  3.59999999e+00  1.07923465e-07  3.59999999e+00 
 1.07943465e-07  3.59999999e+00  1.07943465e-07  3.59999999e+00 
 1.07963465e-07  3.59999999e+00  1.07963465e-07  3.59999999e+00 
 1.07983465e-07  3.59999999e+00  1.07983465e-07  3.59999999e+00 
 1.08003465e-07  3.59999999e+00  1.08003465e-07  3.59999999e+00 
 1.08023465e-07  3.59999999e+00  1.08023465e-07  3.59999999e+00 
 1.08043465e-07  3.59999999e+00  1.08043465e-07  3.59999999e+00 
 1.08063465e-07  3.59999999e+00  1.08063465e-07  3.59999999e+00 
 1.08083465e-07  3.59999999e+00  1.08083465e-07  3.59999999e+00 
 1.08103465e-07  3.59999999e+00  1.08103465e-07  3.59999999e+00 
 1.08123465e-07  3.59999999e+00  1.08123465e-07  3.59999999e+00 
 1.08143465e-07  3.59999999e+00  1.08143465e-07  3.59999999e+00 
 1.08163465e-07  3.59999999e+00  1.08163465e-07  3.59999999e+00 
 1.08183465e-07  3.59999999e+00  1.08183465e-07  3.59999999e+00 
 1.08203465e-07  3.59999999e+00  1.08203465e-07  3.59999999e+00 
 1.08223465e-07  3.59999999e+00  1.08223465e-07  3.59999999e+00 
 1.08243465e-07  3.59999999e+00  1.08243465e-07  3.59999999e+00 
 1.08263465e-07  3.59999999e+00  1.08263465e-07  3.59999999e+00 
 1.08283465e-07  3.59999999e+00  1.08283465e-07  3.59999999e+00 
 1.08303465e-07  3.59999999e+00  1.08303465e-07  3.59999999e+00 
 1.08323465e-07  3.59999999e+00  1.08323465e-07  3.59999999e+00 
 1.08343465e-07  3.59999999e+00  1.08343465e-07  3.59999999e+00 
 1.08363465e-07  3.59999999e+00  1.08363465e-07  3.59999999e+00 
 1.08383465e-07  3.59999999e+00  1.08383465e-07  3.59999999e+00 
 1.08403465e-07  3.59999999e+00  1.08403465e-07  3.59999999e+00 
 1.08423465e-07  3.59999999e+00  1.08423465e-07  3.59999999e+00 
 1.08443465e-07  3.59999999e+00  1.08443465e-07  3.59999999e+00 
 1.08463465e-07  3.59999999e+00  1.08463465e-07  3.59999999e+00 
 1.08483465e-07  3.59999999e+00  1.08483465e-07  3.59999999e+00 
 1.08503465e-07  3.59999999e+00  1.08503465e-07  3.59999999e+00 
 1.08523465e-07  3.59999999e+00  1.08523465e-07  3.59999999e+00 
 1.08543465e-07  3.59999999e+00  1.08543465e-07  3.59999999e+00 
 1.08563465e-07  3.59999999e+00  1.08563465e-07  3.59999999e+00 
 1.08583465e-07  3.59999999e+00  1.08583465e-07  3.59999999e+00 
 1.08603465e-07  3.59999999e+00  1.08603465e-07  3.59999999e+00 
 1.08623465e-07  3.59999999e+00  1.08623465e-07  3.59999999e+00 
 1.08643465e-07  3.59999999e+00  1.08643465e-07  3.59999999e+00 
 1.08663465e-07  3.59999999e+00  1.08663465e-07  3.59999999e+00 
 1.08683465e-07  3.59999999e+00  1.08683465e-07  3.59999999e+00 
 1.08703465e-07  3.59999999e+00  1.08703465e-07  3.59999999e+00 
 1.08723465e-07  3.59999999e+00  1.08723465e-07  3.59999999e+00 
 1.08743465e-07  3.59999999e+00  1.08743465e-07  3.59999999e+00 
 1.08763465e-07  3.59999999e+00  1.08763465e-07  3.59999999e+00 
 1.08783465e-07  3.59999999e+00  1.08783465e-07  3.59999999e+00 
 1.08803465e-07  3.59999999e+00  1.08803465e-07  3.59999999e+00 
 1.08823465e-07  3.59999999e+00  1.08823465e-07  3.59999999e+00 
 1.08843465e-07  3.59999999e+00  1.08843465e-07  3.59999999e+00 
 1.08863465e-07  3.59999999e+00  1.08863465e-07  3.59999999e+00 
 1.08883465e-07  3.59999999e+00  1.08883465e-07  3.59999999e+00 
 1.08903465e-07  3.59999999e+00  1.08903465e-07  3.59999999e+00 
 1.08923465e-07  3.59999999e+00  1.08923465e-07  3.59999999e+00 
 1.08943465e-07  3.59999999e+00  1.08943465e-07  3.59999999e+00 
 1.08963465e-07  3.59999999e+00  1.08963465e-07  3.59999999e+00 
 1.08983465e-07  3.59999999e+00  1.08983465e-07  3.59999999e+00 
 1.09003465e-07  3.59999999e+00  1.09003465e-07  3.59999999e+00 
 1.09023465e-07  3.59999999e+00  1.09023465e-07  3.59999999e+00 
 1.09043465e-07  3.59999999e+00  1.09043465e-07  3.59999999e+00 
 1.09063465e-07  3.59999999e+00  1.09063465e-07  3.59999999e+00 
 1.09083465e-07  3.59999999e+00  1.09083465e-07  3.59999999e+00 
 1.09103465e-07  3.59999999e+00  1.09103465e-07  3.59999999e+00 
 1.09123465e-07  3.59999999e+00  1.09123465e-07  3.59999999e+00 
 1.09143465e-07  3.59999999e+00  1.09143465e-07  3.59999999e+00 
 1.09163465e-07  3.59999999e+00  1.09163465e-07  3.59999999e+00 
 1.09183465e-07  3.59999999e+00  1.09183465e-07  3.59999999e+00 
 1.09203465e-07  3.59999999e+00  1.09203465e-07  3.59999999e+00 
 1.09223465e-07  3.59999999e+00  1.09223465e-07  3.59999999e+00 
 1.09243465e-07  3.59999999e+00  1.09243465e-07  3.59999999e+00 
 1.09263465e-07  3.59999999e+00  1.09263465e-07  3.59999999e+00 
 1.09283465e-07  3.59999999e+00  1.09283465e-07  3.59999999e+00 
 1.09303465e-07  3.59999999e+00  1.09303465e-07  3.59999999e+00 
 1.09323465e-07  3.59999999e+00  1.09323465e-07  3.59999999e+00 
 1.09343465e-07  3.59999999e+00  1.09343465e-07  3.59999999e+00 
 1.09363465e-07  3.59999999e+00  1.09363465e-07  3.59999999e+00 
 1.09383465e-07  3.59999999e+00  1.09383465e-07  3.59999999e+00 
 1.09403465e-07  3.59999999e+00  1.09403465e-07  3.59999999e+00 
 1.09423465e-07  3.59999999e+00  1.09423465e-07  3.59999999e+00 
 1.09443465e-07  3.59999999e+00  1.09443465e-07  3.59999999e+00 
 1.09463465e-07  3.59999999e+00  1.09463465e-07  3.59999999e+00 
 1.09483465e-07  3.59999999e+00  1.09483465e-07  3.59999999e+00 
 1.09503465e-07  3.59999999e+00  1.09503465e-07  3.59999999e+00 
 1.09523465e-07  3.59999999e+00  1.09523465e-07  3.59999999e+00 
 1.09543465e-07  3.59999999e+00  1.09543465e-07  3.59999999e+00 
 1.09563465e-07  3.59999999e+00  1.09563465e-07  3.59999999e+00 
 1.09583465e-07  3.59999999e+00  1.09583465e-07  3.59999999e+00 
 1.09603465e-07  3.59999999e+00  1.09603465e-07  3.59999999e+00 
 1.09623465e-07  3.59999999e+00  1.09623465e-07  3.59999999e+00 
 1.09643465e-07  3.59999999e+00  1.09643465e-07  3.59999999e+00 
 1.09663465e-07  3.59999999e+00  1.09663465e-07  3.59999999e+00 
 1.09683465e-07  3.59999999e+00  1.09683465e-07  3.59999999e+00 
 1.09703465e-07  3.59999999e+00  1.09703465e-07  3.59999999e+00 
 1.09723465e-07  3.59999999e+00  1.09723465e-07  3.59999999e+00 
 1.09743465e-07  3.59999999e+00  1.09743465e-07  3.59999999e+00 
 1.09763465e-07  3.59999999e+00  1.09763465e-07  3.59999999e+00 
 1.09783465e-07  3.59999999e+00  1.09783465e-07  3.59999999e+00 
 1.09803465e-07  3.59999999e+00  1.09803465e-07  3.59999999e+00 
 1.09823465e-07  3.59999999e+00  1.09823465e-07  3.59999999e+00 
 1.09843465e-07  3.59999999e+00  1.09843465e-07  3.59999999e+00 
 1.09863465e-07  3.59999999e+00  1.09863465e-07  3.59999999e+00 
 1.09883465e-07  3.59999999e+00  1.09883465e-07  3.59999999e+00 
 1.09903465e-07  3.59999999e+00  1.09903465e-07  3.59999999e+00 
 1.09923465e-07  3.59999999e+00  1.09923465e-07  3.59999999e+00 
 1.09943465e-07  3.59999999e+00  1.09943465e-07  3.59999999e+00 
 1.09963465e-07  3.59999999e+00  1.09963465e-07  3.59999999e+00 
 1.09983465e-07  3.59999999e+00  1.09983465e-07  3.59999999e+00 
 1.10000000e-07  3.59999999e+00  1.10000000e-07  3.59999999e+00 
 1.10002000e-07  3.62149809e+00  1.10002000e-07  3.62149803e+00 
 1.10006000e-07  3.66286830e+00  1.10006000e-07  3.66286819e+00 
 1.10014000e-07  3.73817208e+00  1.10014000e-07  3.73817194e+00 
 1.10023281e-07  3.81670714e+00  1.10023281e-07  3.81670713e+00 
 1.10041842e-07  3.96558189e+00  1.10041842e-07  3.96558157e+00 
 1.10050000e-07  4.02032172e+00  1.10050000e-07  4.02031693e+00 
 1.10051229e-07  4.01918700e+00  1.10051229e-07  4.01918064e+00 
 1.10053688e-07  4.01699461e+00  1.10053688e-07  4.01698185e+00 
 1.10058605e-07  4.01245773e+00  1.10058605e-07  4.01241255e+00 
 1.10068439e-07  4.00065856e+00  1.10068439e-07  4.00051214e+00 
 1.10088011e-07  3.97826393e+00  1.10088011e-07  3.97793419e+00 
 1.10108011e-07  3.91858001e+00  1.10108011e-07  3.91703736e+00 
 1.10128011e-07  3.81435438e+00  1.10128011e-07  3.81582226e+00 
 1.10148011e-07  3.68636183e+00  1.10148011e-07  3.69062641e+00 
 1.10168011e-07  3.55331243e+00  1.10168011e-07  3.55957368e+00 
 1.10188011e-07  3.42117590e+00  1.10188011e-07  3.42926403e+00 
 1.10208011e-07  3.28833235e+00  1.10208011e-07  3.29815027e+00 
 1.10228011e-07  3.15539056e+00  1.10228011e-07  3.16677190e+00 
 1.10248011e-07  3.02361677e+00  1.10248011e-07  3.03599991e+00 
 1.10268011e-07  2.89446619e+00  1.10268011e-07  2.90757895e+00 
 1.10288011e-07  2.76761377e+00  1.10288011e-07  2.78188734e+00 
 1.10308011e-07  2.64359389e+00  1.10308011e-07  2.65944283e+00 
 1.10328011e-07  2.52407163e+00  1.10328011e-07  2.54184647e+00 
 1.10348011e-07  2.41055926e+00  1.10348011e-07  2.43060092e+00 
 1.10368011e-07  2.30416598e+00  1.10368011e-07  2.32684300e+00 
 1.10388011e-07  2.20569170e+00  1.10388011e-07  2.23142046e+00 
 1.10408011e-07  2.11574046e+00  1.10408011e-07  2.14501279e+00 
 1.10428011e-07  2.03476990e+00  1.10428011e-07  2.06822092e+00 
 1.10448011e-07  1.96294394e+00  1.10448011e-07  2.00145895e+00 
 1.10468011e-07  1.89994531e+00  1.10468011e-07  1.94471878e+00 
 1.10488011e-07  1.84501121e+00  1.10488011e-07  1.89753616e+00 
 1.10508011e-07  1.79710634e+00  1.10508011e-07  1.85918013e+00 
 1.10528011e-07  1.75507841e+00  1.10528011e-07  1.82885751e+00 
 1.10548011e-07  1.71775371e+00  1.10548011e-07  1.80583936e+00 
 1.10568011e-07  1.68398159e+00  1.10568011e-07  1.78952464e+00 
 1.10588011e-07  1.65264660e+00  1.10588011e-07  1.77947163e+00 
 1.10608011e-07  1.62266272e+00  1.10608011e-07  1.77541605e+00 
 1.10628011e-07  1.59295755e+00  1.10628011e-07  1.77728474e+00 
 1.10648011e-07  1.56245128e+00  1.10648011e-07  1.78520941e+00 
 1.10668011e-07  1.53003361e+00  1.10668011e-07  1.79954254e+00 
 1.10688011e-07  1.49454201e+00  1.10688011e-07  1.82087640e+00 
 1.10708011e-07  1.45474626e+00  1.10708011e-07  1.85006396e+00 
 1.10728011e-07  1.40934778e+00  1.10728011e-07  1.88823738e+00 
 1.10748011e-07  1.35701154e+00  1.10748011e-07  1.93681156e+00 
 1.10768011e-07  1.29647550e+00  1.10768011e-07  1.99743475e+00 
 1.10788011e-07  1.22692791e+00  1.10788011e-07  2.07173382e+00 
 1.10808011e-07  1.14995558e+00  1.10808011e-07  2.15993293e+00 
 1.10828011e-07  1.07450131e+00  1.10828011e-07  2.25669275e+00 
 1.10848011e-07  1.00906052e+00  1.10848011e-07  2.35464452e+00 
 1.10868011e-07  9.51227058e-01  1.10868011e-07  2.45187219e+00 
 1.10888011e-07  8.96595435e-01  1.10888011e-07  2.54745976e+00 
 1.10908011e-07  8.42758827e-01  1.10908011e-07  2.64028107e+00 
 1.10928011e-07  7.88815513e-01  1.10928011e-07  2.72937503e+00 
 1.10948011e-07  7.34855596e-01  1.10948011e-07  2.81400008e+00 
 1.10968011e-07  6.81541392e-01  1.10968011e-07  2.89371562e+00 
 1.10988011e-07  6.29486387e-01  1.10988011e-07  2.96837586e+00 
 1.11008011e-07  5.78994231e-01  1.11008011e-07  3.03790820e+00 
 1.11028011e-07  5.30290819e-01  1.11028011e-07  3.10198513e+00 
 1.11048011e-07  4.83643315e-01  1.11048011e-07  3.16019596e+00 
 1.11068011e-07  4.39300315e-01  1.11068011e-07  3.21244102e+00 
 1.11088011e-07  3.97465742e-01  1.11088011e-07  3.25895558e+00 
 1.11108011e-07  3.58290359e-01  1.11108011e-07  3.30015888e+00 
 1.11128011e-07  3.21868762e-01  1.11128011e-07  3.33653943e+00 
 1.11148011e-07  2.88238271e-01  1.11148011e-07  3.36859458e+00 
 1.11168011e-07  2.57382298e-01  1.11168011e-07  3.39680073e+00 
 1.11188011e-07  2.29236824e-01  1.11188011e-07  3.42159937e+00 
 1.11208011e-07  2.03699041e-01  1.11208011e-07  3.44339141e+00 
 1.11228011e-07  1.80636651e-01  1.11228011e-07  3.46253614e+00 
 1.11248011e-07  1.59896914e-01  1.11248011e-07  3.47935279e+00 
 1.11268011e-07  1.41314749e-01  1.11268011e-07  3.49412341e+00 
 1.11288011e-07  1.24719569e-01  1.11288011e-07  3.50709640e+00 
 1.11308011e-07  1.09940760e-01  1.11308011e-07  3.51849004e+00 
 1.11328011e-07  9.68118425e-02  1.11328011e-07  3.52849605e+00 
 1.11348011e-07  8.51734674e-02  1.11348011e-07  3.53728272e+00 
 1.11368011e-07  7.48754274e-02  1.11368011e-07  3.54499784e+00 
 1.11388011e-07  6.57778688e-02  1.11388011e-07  3.55177123e+00 
 1.11408011e-07  5.77518823e-02  1.11408011e-07  3.55771696e+00 
 1.11428011e-07  5.06796265e-02  1.11428011e-07  3.56293531e+00 
 1.11448011e-07  4.44541140e-02  1.11448011e-07  3.56751446e+00 
 1.11468011e-07  3.89787653e-02  1.11468011e-07  3.57153197e+00 
 1.11488011e-07  3.41668117e-02  1.11488011e-07  3.57505608e+00 
 1.11508011e-07  2.99406114e-02  1.11508011e-07  3.57814680e+00 
 1.11528011e-07  2.62309233e-02  1.11528011e-07  3.58085693e+00 
 1.11548011e-07  2.29761745e-02  1.11548011e-07  3.58323292e+00 
 1.11568011e-07  2.01217430e-02  1.11568011e-07  3.58531561e+00 
 1.11588011e-07  1.76192721e-02  1.11588011e-07  3.58714089e+00 
 1.11608011e-07  1.54260260e-02  1.11608011e-07  3.58874035e+00 
 1.11628011e-07  1.35042924e-02  1.11628011e-07  3.59014171e+00 
 1.11648011e-07  1.18208340e-02  1.11648011e-07  3.59136934e+00 
 1.11668011e-07  1.03463885e-02  1.11668011e-07  3.59244464e+00 
 1.11688011e-07  9.05521690e-03  1.11688011e-07  3.59338641e+00 
 1.11708011e-07  7.92469727e-03  1.11708011e-07  3.59421113e+00 
 1.11728011e-07  6.93496013e-03  1.11728011e-07  3.59493329e+00 
 1.11748011e-07  6.06856370e-03  1.11748011e-07  3.59556558e+00 
 1.11768011e-07  5.31020471e-03  1.11768011e-07  3.59611913e+00 
 1.11788011e-07  4.64646180e-03  1.11788011e-07  3.59660373e+00 
 1.11808011e-07  4.06556831e-03  1.11808011e-07  3.59702792e+00 
 1.11828011e-07  3.55721141e-03  1.11828011e-07  3.59739922e+00 
 1.11848011e-07  3.11235487e-03  1.11848011e-07  3.59772419e+00 
 1.11868011e-07  2.72308279e-03  1.11868011e-07  3.59800862e+00 
 1.11888011e-07  2.38246205e-03  1.11888011e-07  3.59825754e+00 
 1.11908011e-07  2.08442128e-03  1.11908011e-07  3.59847537e+00 
 1.11928011e-07  1.82364452e-03  1.11928011e-07  3.59866600e+00 
 1.11948011e-07  1.59547779e-03  1.11948011e-07  3.59883281e+00 
 1.11968011e-07  1.39584706e-03  1.11968011e-07  3.59897878e+00 
 1.11988011e-07  1.22118633e-03  1.11988011e-07  3.59910651e+00 
 1.12008011e-07  1.06837451e-03  1.12008011e-07  3.59921827e+00 
 1.12028011e-07  9.34680076e-04  1.12028011e-07  3.59931606e+00 
 1.12048011e-07  8.17712587e-04  1.12048011e-07  3.59940162e+00 
 1.12068011e-07  7.15380203e-04  1.12068011e-07  3.59947648e+00 
 1.12088011e-07  6.25852455e-04  1.12088011e-07  3.59954198e+00 
 1.12108011e-07  5.47527645e-04  1.12108011e-07  3.59959929e+00 
 1.12128011e-07  4.79004298e-04  1.12128011e-07  3.59964943e+00 
 1.12148011e-07  4.19056165e-04  1.12148011e-07  3.59969330e+00 
 1.12168011e-07  3.66610339e-04  1.12168011e-07  3.59973168e+00 
 1.12188011e-07  3.20728097e-04  1.12188011e-07  3.59976525e+00 
 1.12208011e-07  2.80588132e-04  1.12208011e-07  3.59979463e+00 
 1.12228011e-07  2.45471876e-04  1.12228011e-07  3.59982033e+00 
 1.12248011e-07  2.14750659e-04  1.12248011e-07  3.59984282e+00 
 1.12268011e-07  1.87874464e-04  1.12268011e-07  3.59986249e+00 
 1.12288011e-07  1.64362093e-04  1.12288011e-07  3.59987970e+00 
 1.12308011e-07  1.43792560e-04  1.12308011e-07  3.59989475e+00 
 1.12328011e-07  1.25797558e-04  1.12328011e-07  3.59990792e+00 
 1.12348011e-07  1.10054870e-04  1.12348011e-07  3.59991945e+00 
 1.12368011e-07  9.62826000e-05  1.12368011e-07  3.59992953e+00 
 1.12388011e-07  8.42341331e-05  1.12388011e-07  3.59993835e+00 
 1.12408011e-07  7.36937167e-05  1.12408011e-07  3.59994606e+00 
 1.12428011e-07  6.44726005e-05  1.12428011e-07  3.59995281e+00 
 1.12448011e-07  5.64056572e-05  1.12448011e-07  3.59995872e+00 
 1.12468011e-07  4.93484263e-05  1.12468011e-07  3.59996388e+00 
 1.12488011e-07  4.31745276e-05  1.12488011e-07  3.59996840e+00 
 1.12508011e-07  3.77733989e-05  1.12508011e-07  3.59997236e+00 
 1.12528011e-07  3.30483159e-05  1.12528011e-07  3.59997582e+00 
 1.12548011e-07  2.89146607e-05  1.12548011e-07  3.59997884e+00 
 1.12568011e-07  2.52984063e-05  1.12568011e-07  3.59998149e+00 
 1.12588011e-07  2.21347913e-05  1.12588011e-07  3.59998381e+00 
 1.12608011e-07  1.93671601e-05  1.12608011e-07  3.59998583e+00 
 1.12628011e-07  1.69459485e-05  1.12628011e-07  3.59998761e+00 
 1.12648011e-07  1.48277960e-05  1.12648011e-07  3.59998916e+00 
 1.12668011e-07  1.29747693e-05  1.12668011e-07  3.59999051e+00 
 1.12688011e-07  1.13536832e-05  1.12688011e-07  3.59999170e+00 
 1.12708011e-07  9.93550611e-06  1.12708011e-07  3.59999274e+00 
 1.12728011e-07  8.69484029e-06  1.12728011e-07  3.59999365e+00 
 1.12748011e-07  7.60946695e-06  1.12748011e-07  3.59999444e+00 
 1.12768011e-07  6.65994837e-06  1.12768011e-07  3.59999514e+00 
 1.12788011e-07  5.82927984e-06  1.12788011e-07  3.59999574e+00 
 1.12808011e-07  5.10258505e-06  1.12808011e-07  3.59999628e+00 
 1.12828011e-07  4.46684977e-06  1.12828011e-07  3.59999674e+00 
 1.12848011e-07  3.91068871e-06  1.12848011e-07  3.59999715e+00 
 1.12868011e-07  3.42414167e-06  1.12868011e-07  3.59999750e+00 
 1.12888011e-07  2.99849517e-06  1.12888011e-07  3.59999782e+00 
 1.12908011e-07  2.62612635e-06  1.12908011e-07  3.59999809e+00 
 1.12928011e-07  2.30036650e-06  1.12928011e-07  3.59999833e+00 
 1.12948011e-07  2.01538166e-06  1.12948011e-07  3.59999854e+00 
 1.12968011e-07  1.76606804e-06  1.12968011e-07  3.59999872e+00 
 1.12988011e-07  1.54796073e-06  1.12988011e-07  3.59999888e+00 
 1.13008011e-07  1.35715368e-06  1.13008011e-07  3.59999902e+00 
 1.13028011e-07  1.19022973e-06  1.13028011e-07  3.59999914e+00 
 1.13048011e-07  1.04419947e-06  1.13048011e-07  3.59999925e+00 
 1.13068011e-07  9.16447658e-07  1.13068011e-07  3.59999934e+00 
 1.13088011e-07  8.04686400e-07  1.13088011e-07  3.59999942e+00 
 1.13108011e-07  7.06914178e-07  1.13108011e-07  3.59999949e+00 
 1.13128011e-07  6.21379999e-07  1.13128011e-07  3.59999956e+00 
 1.13148011e-07  5.46552040e-07  1.13148011e-07  3.59999961e+00 
 1.13168011e-07  4.81090217e-07  1.13168011e-07  3.59999966e+00 
 1.13188011e-07  4.23822180e-07  1.13188011e-07  3.59999970e+00 
 1.13208011e-07  3.73722321e-07  1.13208011e-07  3.59999974e+00 
 1.13228011e-07  3.29893407e-07  1.13228011e-07  3.59999977e+00 
 1.13248011e-07  2.91550511e-07  1.13248011e-07  3.59999980e+00 
 1.13268011e-07  2.58006955e-07  1.13268011e-07  3.59999982e+00 
 1.13288011e-07  2.28662010e-07  1.13288011e-07  3.59999984e+00 
 1.13308011e-07  2.02990139e-07  1.13308011e-07  3.59999986e+00 
 1.13328011e-07  1.80531590e-07  1.13328011e-07  3.59999988e+00 
 1.13348011e-07  1.60884153e-07  1.13348011e-07  3.59999989e+00 
 1.13368011e-07  1.43695965e-07  1.13368011e-07  3.59999991e+00 
 1.13388011e-07  1.28659203e-07  1.13388011e-07  3.59999992e+00 
 1.13408011e-07  1.15504577e-07  1.13408011e-07  3.59999993e+00 
 1.13428011e-07  1.03996500e-07  1.13428011e-07  3.59999993e+00 
 1.13448011e-07  9.39288778e-08  1.13448011e-07  3.59999994e+00 
 1.13468011e-07  8.51214095e-08  1.13468011e-07  3.59999995e+00 
 1.13488011e-07  7.74163613e-08  1.13488011e-07  3.59999995e+00 
 1.13508011e-07  7.06757469e-08  1.13508011e-07  3.59999996e+00 
 1.13528011e-07  6.47788473e-08  1.13528011e-07  3.59999996e+00 
 1.13548011e-07  5.96200558e-08  1.13548011e-07  3.59999997e+00 
 1.13568011e-07  5.51069851e-08  1.13568011e-07  3.59999997e+00 
 1.13588011e-07  5.11588108e-08  1.13588011e-07  3.59999997e+00 
 1.13608011e-07  4.77048255e-08  1.13608011e-07  3.59999998e+00 
 1.13628011e-07  4.46831717e-08  1.13628011e-07  3.59999998e+00 
 1.13648011e-07  4.20397356e-08  1.13648011e-07  3.59999998e+00 
 1.13668011e-07  3.97271765e-08  1.13668011e-07  3.59999998e+00 
 1.13688011e-07  3.77040774e-08  1.13688011e-07  3.59999998e+00 
 1.13708011e-07  3.59342073e-08  1.13708011e-07  3.59999998e+00 
 1.13728011e-07  3.43858689e-08  1.13728011e-07  3.59999999e+00 
 1.13748011e-07  3.30313342e-08  1.13748011e-07  3.59999999e+00 
 1.13768011e-07  3.18463460e-08  1.13768011e-07  3.59999999e+00 
 1.13788011e-07  3.08096818e-08  1.13788011e-07  3.59999999e+00 
 1.13808011e-07  2.99027750e-08  1.13808011e-07  3.59999999e+00 
 1.13828011e-07  2.91093848e-08  1.13828011e-07  3.59999999e+00 
 1.13848011e-07  2.84153019e-08  1.13848011e-07  3.59999999e+00 
 1.13868011e-07  2.78080981e-08  1.13868011e-07  3.59999999e+00 
 1.13888011e-07  2.72768966e-08  1.13888011e-07  3.59999999e+00 
 1.13908011e-07  2.68121856e-08  1.13908011e-07  3.59999999e+00 
 1.13928011e-07  2.64056423e-08  1.13928011e-07  3.59999999e+00 
 1.13948011e-07  2.60499857e-08  1.13948011e-07  3.59999999e+00 
 1.13968011e-07  2.57388458e-08  1.13968011e-07  3.59999999e+00 
 1.13988011e-07  2.54666510e-08  1.13988011e-07  3.59999999e+00 
 1.14008011e-07  2.52285259e-08  1.14008011e-07  3.59999999e+00 
 1.14028011e-07  2.50202064e-08  1.14028011e-07  3.59999999e+00 
 1.14048011e-07  2.48379617e-08  1.14048011e-07  3.59999999e+00 
 1.14068011e-07  2.46785293e-08  1.14068011e-07  3.59999999e+00 
 1.14088011e-07  2.45390525e-08  1.14088011e-07  3.59999999e+00 
 1.14108011e-07  2.44170342e-08  1.14108011e-07  3.59999999e+00 
 1.14128011e-07  2.43102870e-08  1.14128011e-07  3.59999999e+00 
 1.14148011e-07  2.42169022e-08  1.14148011e-07  3.59999999e+00 
 1.14168011e-07  2.41352072e-08  1.14168011e-07  3.59999999e+00 
 1.14188011e-07  2.40637378e-08  1.14188011e-07  3.59999999e+00 
 1.14208011e-07  2.40012145e-08  1.14208011e-07  3.59999999e+00 
 1.14228011e-07  2.39465162e-08  1.14228011e-07  3.59999999e+00 
 1.14248011e-07  2.38986648e-08  1.14248011e-07  3.59999999e+00 
 1.14268011e-07  2.38568030e-08  1.14268011e-07  3.59999999e+00 
 1.14288011e-07  2.38201815e-08  1.14288011e-07  3.59999999e+00 
 1.14308011e-07  2.37881428e-08  1.14308011e-07  3.59999999e+00 
 1.14328011e-07  2.37601138e-08  1.14328011e-07  3.59999999e+00 
 1.14348011e-07  2.37355933e-08  1.14348011e-07  3.59999999e+00 
 1.14368011e-07  2.37141423e-08  1.14368011e-07  3.59999999e+00 
 1.14388011e-07  2.36953769e-08  1.14388011e-07  3.59999999e+00 
 1.14408011e-07  2.36789600e-08  1.14408011e-07  3.59999999e+00 
 1.14428011e-07  2.36645980e-08  1.14428011e-07  3.59999999e+00 
 1.14448011e-07  2.36520336e-08  1.14448011e-07  3.59999999e+00 
 1.14468011e-07  2.36410429e-08  1.14468011e-07  3.59999999e+00 
 1.14488011e-07  2.36314279e-08  1.14488011e-07  3.59999999e+00 
 1.14508011e-07  2.36230161e-08  1.14508011e-07  3.59999999e+00 
 1.14528011e-07  2.36156562e-08  1.14528011e-07  3.59999999e+00 
 1.14548011e-07  2.36092190e-08  1.14548011e-07  3.59999999e+00 
 1.14568011e-07  2.36035866e-08  1.14568011e-07  3.59999999e+00 
 1.14588011e-07  2.35986600e-08  1.14588011e-07  3.59999999e+00 
 1.14608011e-07  2.35943500e-08  1.14608011e-07  3.59999999e+00 
 1.14628011e-07  2.35905786e-08  1.14628011e-07  3.59999999e+00 
 1.14648011e-07  2.35872795e-08  1.14648011e-07  3.59999999e+00 
 1.14668011e-07  2.35843935e-08  1.14668011e-07  3.59999999e+00 
 1.14688011e-07  2.35818682e-08  1.14688011e-07  3.59999999e+00 
 1.14708011e-07  2.35796607e-08  1.14708011e-07  3.59999999e+00 
 1.14728011e-07  2.35777282e-08  1.14728011e-07  3.59999999e+00 
 1.14748011e-07  2.35760374e-08  1.14748011e-07  3.59999999e+00 
 1.14768011e-07  2.35745579e-08  1.14768011e-07  3.59999999e+00 
 1.14788011e-07  2.35732636e-08  1.14788011e-07  3.59999999e+00 
 1.14808011e-07  2.35721313e-08  1.14808011e-07  3.59999999e+00 
 1.14828011e-07  2.35711402e-08  1.14828011e-07  3.59999999e+00 
 1.14848011e-07  2.35702740e-08  1.14848011e-07  3.59999999e+00 
 1.14868011e-07  2.35695156e-08  1.14868011e-07  3.59999999e+00 
 1.14888011e-07  2.35688532e-08  1.14888011e-07  3.59999999e+00 
 1.14908011e-07  2.35682734e-08  1.14908011e-07  3.59999999e+00 
 1.14928011e-07  2.35677665e-08  1.14928011e-07  3.59999999e+00 
 1.14948011e-07  2.35673227e-08  1.14948011e-07  3.59999999e+00 
 1.14968011e-07  2.35669347e-08  1.14968011e-07  3.59999999e+00 
 1.14988011e-07  2.35665958e-08  1.14988011e-07  3.59999999e+00 
 1.15008011e-07  2.35662978e-08  1.15008011e-07  3.59999999e+00 
 1.15028011e-07  2.35660381e-08  1.15028011e-07  3.59999999e+00 
 1.15048011e-07  2.35658108e-08  1.15048011e-07  3.59999999e+00 
 1.15068011e-07  2.35656116e-08  1.15068011e-07  3.59999999e+00 
 1.15088011e-07  2.35654376e-08  1.15088011e-07  3.59999999e+00 
 1.15108011e-07  2.35652852e-08  1.15108011e-07  3.59999999e+00 
 1.15128011e-07  2.35651522e-08  1.15128011e-07  3.59999999e+00 
 1.15148011e-07  2.35650347e-08  1.15148011e-07  3.59999999e+00 
 1.15168011e-07  2.35649338e-08  1.15168011e-07  3.59999999e+00 
 1.15188011e-07  2.35648446e-08  1.15188011e-07  3.59999999e+00 
 1.15208011e-07  2.35647653e-08  1.15208011e-07  3.59999999e+00 
 1.15228011e-07  2.35646966e-08  1.15228011e-07  3.59999999e+00 
 1.15248011e-07  2.35646368e-08  1.15248011e-07  3.59999999e+00 
 1.15268011e-07  2.35645850e-08  1.15268011e-07  3.59999999e+00 
 1.15288011e-07  2.35645401e-08  1.15288011e-07  3.59999999e+00 
 1.15308011e-07  2.35645011e-08  1.15308011e-07  3.59999999e+00 
 1.15328011e-07  2.35644664e-08  1.15328011e-07  3.59999999e+00 
 1.15348011e-07  2.35644364e-08  1.15348011e-07  3.59999999e+00 
 1.15368011e-07  2.35644081e-08  1.15368011e-07  3.59999999e+00 
 1.15388011e-07  2.35643849e-08  1.15388011e-07  3.59999999e+00 
 1.15408011e-07  2.35643639e-08  1.15408011e-07  3.59999999e+00 
 1.15428011e-07  2.35643462e-08  1.15428011e-07  3.59999999e+00 
 1.15448011e-07  2.35643300e-08  1.15448011e-07  3.59999999e+00 
 1.15468011e-07  2.35643164e-08  1.15468011e-07  3.59999999e+00 
 1.15488011e-07  2.35643038e-08  1.15488011e-07  3.59999999e+00 
 1.15508011e-07  2.35642934e-08  1.15508011e-07  3.59999999e+00 
 1.15528011e-07  2.35642839e-08  1.15528011e-07  3.59999999e+00 
 1.15548011e-07  2.35642766e-08  1.15548011e-07  3.59999999e+00 
 1.15568011e-07  2.35642703e-08  1.15568011e-07  3.59999999e+00 
 1.15588011e-07  2.35642632e-08  1.15588011e-07  3.59999999e+00 
 1.15608011e-07  2.35642581e-08  1.15608011e-07  3.59999999e+00 
 1.15628011e-07  2.35642538e-08  1.15628011e-07  3.59999999e+00 
 1.15648011e-07  2.35642501e-08  1.15648011e-07  3.59999999e+00 
 1.15668011e-07  2.35642468e-08  1.15668011e-07  3.59999999e+00 
 1.15688011e-07  2.35642447e-08  1.15688011e-07  3.59999999e+00 
 1.15708011e-07  2.35642414e-08  1.15708011e-07  3.59999999e+00 
 1.15728011e-07  2.35642383e-08  1.15728011e-07  3.59999999e+00 
 1.15748011e-07  2.35642363e-08  1.15748011e-07  3.59999999e+00 
 1.15768011e-07  2.35642347e-08  1.15768011e-07  3.59999999e+00 
 1.15788011e-07  2.35642324e-08  1.15788011e-07  3.59999999e+00 
 1.15808011e-07  2.35642312e-08  1.15808011e-07  3.59999999e+00 
 1.15828011e-07  2.35642309e-08  1.15828011e-07  3.59999999e+00 
 1.15848011e-07  2.35642301e-08  1.15848011e-07  3.59999999e+00 
 1.15868011e-07  2.35642291e-08  1.15868011e-07  3.59999999e+00 
 1.15888011e-07  2.35642274e-08  1.15888011e-07  3.59999999e+00 
 1.15908011e-07  2.35642266e-08  1.15908011e-07  3.59999999e+00 
 1.15928011e-07  2.35642270e-08  1.15928011e-07  3.59999999e+00 
 1.15948011e-07  2.35642264e-08  1.15948011e-07  3.59999999e+00 
 1.15968011e-07  2.35642249e-08  1.15968011e-07  3.59999999e+00 
 1.15988011e-07  2.35642243e-08  1.15988011e-07  3.59999999e+00 
 1.16008011e-07  2.35642236e-08  1.16008011e-07  3.59999999e+00 
 1.16028011e-07  2.35642228e-08  1.16028011e-07  3.59999999e+00 
 1.16048011e-07  2.35642226e-08  1.16048011e-07  3.59999999e+00 
 1.16068011e-07  2.35642223e-08  1.16068011e-07  3.59999999e+00 
 1.16088011e-07  2.35642222e-08  1.16088011e-07  3.59999999e+00 
 1.16108011e-07  2.35642215e-08  1.16108011e-07  3.59999999e+00 
 1.16128011e-07  2.35642219e-08  1.16128011e-07  3.59999999e+00 
 1.16148011e-07  2.35642219e-08  1.16148011e-07  3.59999999e+00 
 1.16168011e-07  2.35642218e-08  1.16168011e-07  3.59999999e+00 
 1.16188011e-07  2.35642218e-08  1.16188011e-07  3.59999999e+00 
 1.16208011e-07  2.35642217e-08  1.16208011e-07  3.59999999e+00 
 1.16228011e-07  2.35642216e-08  1.16228011e-07  3.59999999e+00 
 1.16248011e-07  2.35642214e-08  1.16248011e-07  3.59999999e+00 
 1.16268011e-07  2.35642212e-08  1.16268011e-07  3.59999999e+00 
 1.16288011e-07  2.35642209e-08  1.16288011e-07  3.59999999e+00 
 1.16308011e-07  2.35642206e-08  1.16308011e-07  3.59999999e+00 
 1.16328011e-07  2.35642203e-08  1.16328011e-07  3.59999999e+00 
 1.16348011e-07  2.35642201e-08  1.16348011e-07  3.59999999e+00 
 1.16368011e-07  2.35642200e-08  1.16368011e-07  3.59999999e+00 
 1.16388011e-07  2.35642195e-08  1.16388011e-07  3.59999999e+00 
 1.16408011e-07  2.35642193e-08  1.16408011e-07  3.59999999e+00 
 1.16428011e-07  2.35642195e-08  1.16428011e-07  3.59999999e+00 
 1.16448011e-07  2.35642199e-08  1.16448011e-07  3.59999999e+00 
 1.16468011e-07  2.35642200e-08  1.16468011e-07  3.59999999e+00 
 1.16488011e-07  2.35642199e-08  1.16488011e-07  3.59999999e+00 
 1.16508011e-07  2.35642196e-08  1.16508011e-07  3.59999999e+00 
 1.16528011e-07  2.35642200e-08  1.16528011e-07  3.59999999e+00 
 1.16548011e-07  2.35642203e-08  1.16548011e-07  3.59999999e+00 
 1.16568011e-07  2.35642200e-08  1.16568011e-07  3.59999999e+00 
 1.16588011e-07  2.35642203e-08  1.16588011e-07  3.59999999e+00 
 1.16608011e-07  2.35642201e-08  1.16608011e-07  3.59999999e+00 
 1.16628011e-07  2.35642197e-08  1.16628011e-07  3.59999999e+00 
 1.16648011e-07  2.35642198e-08  1.16648011e-07  3.59999999e+00 
 1.16668011e-07  2.35642203e-08  1.16668011e-07  3.59999999e+00 
 1.16688011e-07  2.35642207e-08  1.16688011e-07  3.59999999e+00 
 1.16708011e-07  2.35642209e-08  1.16708011e-07  3.59999999e+00 
 1.16728011e-07  2.35642208e-08  1.16728011e-07  3.59999999e+00 
 1.16748011e-07  2.35642210e-08  1.16748011e-07  3.59999999e+00 
 1.16768011e-07  2.35642211e-08  1.16768011e-07  3.59999999e+00 
 1.16788011e-07  2.35642211e-08  1.16788011e-07  3.59999999e+00 
 1.16808011e-07  2.35642214e-08  1.16808011e-07  3.59999999e+00 
 1.16828011e-07  2.35642211e-08  1.16828011e-07  3.59999999e+00 
 1.16848011e-07  2.35642207e-08  1.16848011e-07  3.59999999e+00 
 1.16868011e-07  2.35642212e-08  1.16868011e-07  3.59999999e+00 
 1.16888011e-07  2.35642211e-08  1.16888011e-07  3.59999999e+00 
 1.16908011e-07  2.35642207e-08  1.16908011e-07  3.59999999e+00 
 1.16928011e-07  2.35642209e-08  1.16928011e-07  3.59999999e+00 
 1.16948011e-07  2.35642208e-08  1.16948011e-07  3.59999999e+00 
 1.16968011e-07  2.35642211e-08  1.16968011e-07  3.59999999e+00 
 1.16988011e-07  2.35642210e-08  1.16988011e-07  3.59999999e+00 
 1.17008011e-07  2.35642205e-08  1.17008011e-07  3.59999999e+00 
 1.17028011e-07  2.35642204e-08  1.17028011e-07  3.59999999e+00 
 1.17048011e-07  2.35642207e-08  1.17048011e-07  3.59999999e+00 
 1.17068011e-07  2.35642209e-08  1.17068011e-07  3.59999999e+00 
 1.17088011e-07  2.35642206e-08  1.17088011e-07  3.59999999e+00 
 1.17108011e-07  2.35642205e-08  1.17108011e-07  3.59999999e+00 
 1.17128011e-07  2.35642205e-08  1.17128011e-07  3.59999999e+00 
 1.17148011e-07  2.35642205e-08  1.17148011e-07  3.59999999e+00 
 1.17168011e-07  2.35642205e-08  1.17168011e-07  3.59999999e+00 
 1.17188011e-07  2.35642204e-08  1.17188011e-07  3.59999999e+00 
 1.17208011e-07  2.35642202e-08  1.17208011e-07  3.59999999e+00 
 1.17228011e-07  2.35642199e-08  1.17228011e-07  3.59999999e+00 
 1.17248011e-07  2.35642202e-08  1.17248011e-07  3.59999999e+00 
 1.17268011e-07  2.35642204e-08  1.17268011e-07  3.59999999e+00 
 1.17288011e-07  2.35642203e-08  1.17288011e-07  3.59999999e+00 
 1.17308011e-07  2.35642205e-08  1.17308011e-07  3.59999999e+00 
 1.17328011e-07  2.35642203e-08  1.17328011e-07  3.59999999e+00 
 1.17348011e-07  2.35642202e-08  1.17348011e-07  3.59999999e+00 
 1.17368011e-07  2.35642200e-08  1.17368011e-07  3.59999999e+00 
 1.17388011e-07  2.35642199e-08  1.17388011e-07  3.59999999e+00 
 1.17408011e-07  2.35642200e-08  1.17408011e-07  3.59999999e+00 
 1.17428011e-07  2.35642199e-08  1.17428011e-07  3.59999999e+00 
 1.17448011e-07  2.35642200e-08  1.17448011e-07  3.59999999e+00 
 1.17468011e-07  2.35642199e-08  1.17468011e-07  3.59999999e+00 
 1.17488011e-07  2.35642201e-08  1.17488011e-07  3.59999999e+00 
 1.17508011e-07  2.35642212e-08  1.17508011e-07  3.59999999e+00 
 1.17528011e-07  2.35642218e-08  1.17528011e-07  3.59999999e+00 
 1.17548011e-07  2.35642216e-08  1.17548011e-07  3.59999999e+00 
 1.17568011e-07  2.35642212e-08  1.17568011e-07  3.59999999e+00 
 1.17588011e-07  2.35642206e-08  1.17588011e-07  3.59999999e+00 
 1.17608011e-07  2.35642197e-08  1.17608011e-07  3.59999999e+00 
 1.17628011e-07  2.35642194e-08  1.17628011e-07  3.59999999e+00 
 1.17648011e-07  2.35642203e-08  1.17648011e-07  3.59999999e+00 
 1.17668011e-07  2.35642208e-08  1.17668011e-07  3.59999999e+00 
 1.17688011e-07  2.35642210e-08  1.17688011e-07  3.59999999e+00 
 1.17708011e-07  2.35642210e-08  1.17708011e-07  3.59999999e+00 
 1.17728011e-07  2.35642211e-08  1.17728011e-07  3.59999999e+00 
 1.17748011e-07  2.35642213e-08  1.17748011e-07  3.59999999e+00 
 1.17768011e-07  2.35642213e-08  1.17768011e-07  3.59999999e+00 
 1.17788011e-07  2.35642214e-08  1.17788011e-07  3.59999999e+00 
 1.17808011e-07  2.35642211e-08  1.17808011e-07  3.59999999e+00 
 1.17828011e-07  2.35642205e-08  1.17828011e-07  3.59999999e+00 
 1.17848011e-07  2.35642196e-08  1.17848011e-07  3.59999999e+00 
 1.17868011e-07  2.35642196e-08  1.17868011e-07  3.59999999e+00 
 1.17888011e-07  2.35642193e-08  1.17888011e-07  3.59999999e+00 
 1.17908011e-07  2.35642193e-08  1.17908011e-07  3.59999999e+00 
 1.17928011e-07  2.35642189e-08  1.17928011e-07  3.59999999e+00 
 1.17948011e-07  2.35642181e-08  1.17948011e-07  3.59999999e+00 
 1.17968011e-07  2.35642183e-08  1.17968011e-07  3.59999999e+00 
 1.17988011e-07  2.35642189e-08  1.17988011e-07  3.59999999e+00 
 1.18008011e-07  2.35642186e-08  1.18008011e-07  3.59999999e+00 
 1.18028011e-07  2.35642186e-08  1.18028011e-07  3.59999999e+00 
 1.18048011e-07  2.35642190e-08  1.18048011e-07  3.59999999e+00 
 1.18068011e-07  2.35642194e-08  1.18068011e-07  3.59999999e+00 
 1.18088011e-07  2.35642192e-08  1.18088011e-07  3.59999999e+00 
 1.18108011e-07  2.35642195e-08  1.18108011e-07  3.59999999e+00 
 1.18128011e-07  2.35642195e-08  1.18128011e-07  3.59999999e+00 
 1.18148011e-07  2.35642197e-08  1.18148011e-07  3.59999999e+00 
 1.18168011e-07  2.35642196e-08  1.18168011e-07  3.59999999e+00 
 1.18188011e-07  2.35642191e-08  1.18188011e-07  3.59999999e+00 
 1.18208011e-07  2.35642189e-08  1.18208011e-07  3.59999999e+00 
 1.18228011e-07  2.35642197e-08  1.18228011e-07  3.59999999e+00 
 1.18248011e-07  2.35642196e-08  1.18248011e-07  3.59999999e+00 
 1.18268011e-07  2.35642190e-08  1.18268011e-07  3.59999999e+00 
 1.18288011e-07  2.35642193e-08  1.18288011e-07  3.59999999e+00 
 1.18308011e-07  2.35642187e-08  1.18308011e-07  3.59999999e+00 
 1.18328011e-07  2.35642188e-08  1.18328011e-07  3.59999999e+00 
 1.18348011e-07  2.35642191e-08  1.18348011e-07  3.59999999e+00 
 1.18368011e-07  2.35642196e-08  1.18368011e-07  3.59999999e+00 
 1.18388011e-07  2.35642196e-08  1.18388011e-07  3.59999999e+00 
 1.18408011e-07  2.35642194e-08  1.18408011e-07  3.59999999e+00 
 1.18428011e-07  2.35642200e-08  1.18428011e-07  3.59999999e+00 
 1.18448011e-07  2.35642198e-08  1.18448011e-07  3.59999999e+00 
 1.18468011e-07  2.35642190e-08  1.18468011e-07  3.59999999e+00 
 1.18488011e-07  2.35642186e-08  1.18488011e-07  3.59999999e+00 
 1.18508011e-07  2.35642186e-08  1.18508011e-07  3.59999999e+00 
 1.18528011e-07  2.35642190e-08  1.18528011e-07  3.59999999e+00 
 1.18548011e-07  2.35642191e-08  1.18548011e-07  3.59999999e+00 
 1.18568011e-07  2.35642192e-08  1.18568011e-07  3.59999999e+00 
 1.18588011e-07  2.35642198e-08  1.18588011e-07  3.59999999e+00 
 1.18608011e-07  2.35642195e-08  1.18608011e-07  3.59999999e+00 
 1.18628011e-07  2.35642189e-08  1.18628011e-07  3.59999999e+00 
 1.18648011e-07  2.35642191e-08  1.18648011e-07  3.59999999e+00 
 1.18668011e-07  2.35642193e-08  1.18668011e-07  3.59999999e+00 
 1.18688011e-07  2.35642194e-08  1.18688011e-07  3.59999999e+00 
 1.18708011e-07  2.35642195e-08  1.18708011e-07  3.59999999e+00 
 1.18728011e-07  2.35642200e-08  1.18728011e-07  3.59999999e+00 
 1.18748011e-07  2.35642204e-08  1.18748011e-07  3.59999999e+00 
 1.18768011e-07  2.35642206e-08  1.18768011e-07  3.59999999e+00 
 1.18788011e-07  2.35642204e-08  1.18788011e-07  3.59999999e+00 
 1.18808011e-07  2.35642200e-08  1.18808011e-07  3.59999999e+00 
 1.18828011e-07  2.35642200e-08  1.18828011e-07  3.59999999e+00 
 1.18848011e-07  2.35642197e-08  1.18848011e-07  3.59999999e+00 
 1.18868011e-07  2.35642197e-08  1.18868011e-07  3.59999999e+00 
 1.18888011e-07  2.35642198e-08  1.18888011e-07  3.59999999e+00 
 1.18908011e-07  2.35642194e-08  1.18908011e-07  3.59999999e+00 
 1.18928011e-07  2.35642191e-08  1.18928011e-07  3.59999999e+00 
 1.18948011e-07  2.35642192e-08  1.18948011e-07  3.59999999e+00 
 1.18968011e-07  2.35642188e-08  1.18968011e-07  3.59999999e+00 
 1.18988011e-07  2.35642182e-08  1.18988011e-07  3.59999999e+00 
 1.19008011e-07  2.35642186e-08  1.19008011e-07  3.59999999e+00 
 1.19028011e-07  2.35642190e-08  1.19028011e-07  3.59999999e+00 
 1.19048011e-07  2.35642196e-08  1.19048011e-07  3.59999999e+00 
 1.19068011e-07  2.35642200e-08  1.19068011e-07  3.59999999e+00 
 1.19088011e-07  2.35642197e-08  1.19088011e-07  3.59999999e+00 
 1.19108011e-07  2.35642188e-08  1.19108011e-07  3.59999999e+00 
 1.19128011e-07  2.35642189e-08  1.19128011e-07  3.59999999e+00 
 1.19148011e-07  2.35642193e-08  1.19148011e-07  3.59999999e+00 
 1.19168011e-07  2.35642190e-08  1.19168011e-07  3.59999999e+00 
 1.19188011e-07  2.35642185e-08  1.19188011e-07  3.59999999e+00 
 1.19208011e-07  2.35642178e-08  1.19208011e-07  3.59999999e+00 
 1.19228011e-07  2.35642180e-08  1.19228011e-07  3.59999999e+00 
 1.19248011e-07  2.35642183e-08  1.19248011e-07  3.59999999e+00 
 1.19268011e-07  2.35642177e-08  1.19268011e-07  3.59999999e+00 
 1.19288011e-07  2.35642180e-08  1.19288011e-07  3.59999999e+00 
 1.19308011e-07  2.35642189e-08  1.19308011e-07  3.59999999e+00 
 1.19328011e-07  2.35642188e-08  1.19328011e-07  3.59999999e+00 
 1.19348011e-07  2.35642187e-08  1.19348011e-07  3.59999999e+00 
 1.19368011e-07  2.35642186e-08  1.19368011e-07  3.59999999e+00 
 1.19388011e-07  2.35642190e-08  1.19388011e-07  3.59999999e+00 
 1.19408011e-07  2.35642195e-08  1.19408011e-07  3.59999999e+00 
 1.19428011e-07  2.35642195e-08  1.19428011e-07  3.59999999e+00 
 1.19448011e-07  2.35642195e-08  1.19448011e-07  3.59999999e+00 
 1.19468011e-07  2.35642192e-08  1.19468011e-07  3.59999999e+00 
 1.19488011e-07  2.35642184e-08  1.19488011e-07  3.59999999e+00 
 1.19508011e-07  2.35642188e-08  1.19508011e-07  3.59999999e+00 
 1.19528011e-07  2.35642190e-08  1.19528011e-07  3.59999999e+00 
 1.19548011e-07  2.35642193e-08  1.19548011e-07  3.59999999e+00 
 1.19568011e-07  2.35642197e-08  1.19568011e-07  3.59999999e+00 
 1.19588011e-07  2.35642194e-08  1.19588011e-07  3.59999999e+00 
 1.19608011e-07  2.35642189e-08  1.19608011e-07  3.59999999e+00 
 1.19628011e-07  2.35642189e-08  1.19628011e-07  3.59999999e+00 
 1.19648011e-07  2.35642190e-08  1.19648011e-07  3.59999999e+00 
 1.19668011e-07  2.35642191e-08  1.19668011e-07  3.59999999e+00 
 1.19688011e-07  2.35642191e-08  1.19688011e-07  3.59999999e+00 
 1.19708011e-07  2.35642191e-08  1.19708011e-07  3.59999999e+00 
 1.19728011e-07  2.35642186e-08  1.19728011e-07  3.59999999e+00 
 1.19748011e-07  2.35642183e-08  1.19748011e-07  3.59999999e+00 
 1.19768011e-07  2.35642190e-08  1.19768011e-07  3.59999999e+00 
 1.19788011e-07  2.35642193e-08  1.19788011e-07  3.59999999e+00 
 1.19808011e-07  2.35642197e-08  1.19808011e-07  3.59999999e+00 
 1.19828011e-07  2.35642197e-08  1.19828011e-07  3.59999999e+00 
 1.19848011e-07  2.35642192e-08  1.19848011e-07  3.59999999e+00 
 1.19868011e-07  2.35642192e-08  1.19868011e-07  3.59999999e+00 
 1.19888011e-07  2.35642201e-08  1.19888011e-07  3.59999999e+00 
 1.19908011e-07  2.35642206e-08  1.19908011e-07  3.59999999e+00 
 1.19928011e-07  2.35642214e-08  1.19928011e-07  3.59999999e+00 
 1.19948011e-07  2.35642211e-08  1.19948011e-07  3.59999999e+00 
 1.19968011e-07  2.35642210e-08  1.19968011e-07  3.59999999e+00 
 1.19988011e-07  2.35642208e-08  1.19988011e-07  3.59999999e+00 
 1.20000000e-07  2.35642208e-08  1.20000000e-07  3.59999999e+00 
