 0.00000000e+00  2.99999999e+00  0.00000000e+00  2.99999999e+00 
 2.00000000e-13  2.99999999e+00  2.00000000e-13  2.99999999e+00 
 4.00000000e-13  2.99999999e+00  4.00000000e-13  2.99999999e+00 
 8.00000000e-13  2.99999999e+00  8.00000000e-13  2.99999999e+00 
 1.60000000e-12  2.99999999e+00  1.60000000e-12  2.99999999e+00 
 3.20000000e-12  2.99999999e+00  3.20000000e-12  2.99999999e+00 
 6.40000000e-12  2.99999999e+00  6.40000000e-12  2.99999999e+00 
 1.28000000e-11  2.99999999e+00  1.28000000e-11  2.99999999e+00 
 2.56000000e-11  2.99999999e+00  2.56000000e-11  2.99999999e+00 
 4.56000000e-11  2.99999999e+00  4.56000000e-11  2.99999999e+00 
 6.56000000e-11  2.99999999e+00  6.56000000e-11  2.99999999e+00 
 8.56000000e-11  2.99999999e+00  8.56000000e-11  2.99999999e+00 
 1.05600000e-10  2.99999999e+00  1.05600000e-10  2.99999999e+00 
 1.25600000e-10  2.99999999e+00  1.25600000e-10  2.99999999e+00 
 1.45600000e-10  2.99999999e+00  1.45600000e-10  2.99999999e+00 
 1.65600000e-10  2.99999999e+00  1.65600000e-10  2.99999999e+00 
 1.85600000e-10  2.99999999e+00  1.85600000e-10  2.99999999e+00 
 2.05600000e-10  2.99999999e+00  2.05600000e-10  2.99999999e+00 
 2.25600000e-10  2.99999999e+00  2.25600000e-10  2.99999999e+00 
 2.45600000e-10  2.99999999e+00  2.45600000e-10  2.99999999e+00 
 2.65600000e-10  2.99999999e+00  2.65600000e-10  2.99999999e+00 
 2.85600000e-10  2.99999999e+00  2.85600000e-10  2.99999999e+00 
 3.05600000e-10  2.99999999e+00  3.05600000e-10  2.99999999e+00 
 3.25600000e-10  2.99999999e+00  3.25600000e-10  2.99999999e+00 
 3.45600000e-10  2.99999999e+00  3.45600000e-10  2.99999999e+00 
 3.65600000e-10  2.99999999e+00  3.65600000e-10  2.99999999e+00 
 3.85600000e-10  2.99999999e+00  3.85600000e-10  2.99999999e+00 
 4.05600000e-10  2.99999999e+00  4.05600000e-10  2.99999999e+00 
 4.25600000e-10  2.99999999e+00  4.25600000e-10  2.99999999e+00 
 4.45600000e-10  2.99999999e+00  4.45600000e-10  2.99999999e+00 
 4.65600000e-10  2.99999999e+00  4.65600000e-10  2.99999999e+00 
 4.85600000e-10  2.99999999e+00  4.85600000e-10  2.99999999e+00 
 5.05600000e-10  2.99999999e+00  5.05600000e-10  2.99999999e+00 
 5.25600000e-10  2.99999999e+00  5.25600000e-10  2.99999999e+00 
 5.45600000e-10  2.99999999e+00  5.45600000e-10  2.99999999e+00 
 5.65600000e-10  2.99999999e+00  5.65600000e-10  2.99999999e+00 
 5.85600000e-10  2.99999999e+00  5.85600000e-10  2.99999999e+00 
 6.05600000e-10  2.99999999e+00  6.05600000e-10  2.99999999e+00 
 6.25600000e-10  2.99999999e+00  6.25600000e-10  2.99999999e+00 
 6.45600000e-10  2.99999999e+00  6.45600000e-10  2.99999999e+00 
 6.65600000e-10  2.99999999e+00  6.65600000e-10  2.99999999e+00 
 6.85600000e-10  2.99999999e+00  6.85600000e-10  2.99999999e+00 
 7.05600000e-10  2.99999999e+00  7.05600000e-10  2.99999999e+00 
 7.25600000e-10  2.99999999e+00  7.25600000e-10  2.99999999e+00 
 7.45600000e-10  2.99999999e+00  7.45600000e-10  2.99999999e+00 
 7.65600000e-10  2.99999999e+00  7.65600000e-10  2.99999999e+00 
 7.85600000e-10  2.99999999e+00  7.85600000e-10  2.99999999e+00 
 8.05600000e-10  2.99999999e+00  8.05600000e-10  2.99999999e+00 
 8.25600000e-10  2.99999999e+00  8.25600000e-10  2.99999999e+00 
 8.45600000e-10  2.99999999e+00  8.45600000e-10  2.99999999e+00 
 8.65600000e-10  2.99999999e+00  8.65600000e-10  2.99999999e+00 
 8.85600000e-10  2.99999999e+00  8.85600000e-10  2.99999999e+00 
 9.05600000e-10  2.99999999e+00  9.05600000e-10  2.99999999e+00 
 9.25600000e-10  2.99999999e+00  9.25600000e-10  2.99999999e+00 
 9.45600000e-10  2.99999999e+00  9.45600000e-10  2.99999999e+00 
 9.65600000e-10  2.99999999e+00  9.65600000e-10  2.99999999e+00 
 9.85600000e-10  2.99999999e+00  9.85600000e-10  2.99999999e+00 
 1.00560000e-09  2.99999999e+00  1.00560000e-09  2.99999999e+00 
 1.02560000e-09  2.99999999e+00  1.02560000e-09  2.99999999e+00 
 1.04560000e-09  2.99999999e+00  1.04560000e-09  2.99999999e+00 
 1.06560000e-09  2.99999999e+00  1.06560000e-09  2.99999999e+00 
 1.08560000e-09  2.99999999e+00  1.08560000e-09  2.99999999e+00 
 1.10560000e-09  2.99999999e+00  1.10560000e-09  2.99999999e+00 
 1.12560000e-09  2.99999999e+00  1.12560000e-09  2.99999999e+00 
 1.14560000e-09  2.99999999e+00  1.14560000e-09  2.99999999e+00 
 1.16560000e-09  2.99999999e+00  1.16560000e-09  2.99999999e+00 
 1.18560000e-09  2.99999999e+00  1.18560000e-09  2.99999999e+00 
 1.20560000e-09  2.99999999e+00  1.20560000e-09  2.99999999e+00 
 1.22560000e-09  2.99999999e+00  1.22560000e-09  2.99999999e+00 
 1.24560000e-09  2.99999999e+00  1.24560000e-09  2.99999999e+00 
 1.26560000e-09  2.99999999e+00  1.26560000e-09  2.99999999e+00 
 1.28560000e-09  2.99999999e+00  1.28560000e-09  2.99999999e+00 
 1.30560000e-09  2.99999999e+00  1.30560000e-09  2.99999999e+00 
 1.32560000e-09  2.99999999e+00  1.32560000e-09  2.99999999e+00 
 1.34560000e-09  2.99999999e+00  1.34560000e-09  2.99999999e+00 
 1.36560000e-09  2.99999999e+00  1.36560000e-09  2.99999999e+00 
 1.38560000e-09  2.99999999e+00  1.38560000e-09  2.99999999e+00 
 1.40560000e-09  2.99999999e+00  1.40560000e-09  2.99999999e+00 
 1.42560000e-09  2.99999999e+00  1.42560000e-09  2.99999999e+00 
 1.44560000e-09  2.99999999e+00  1.44560000e-09  2.99999999e+00 
 1.46560000e-09  2.99999999e+00  1.46560000e-09  2.99999999e+00 
 1.48560000e-09  2.99999999e+00  1.48560000e-09  2.99999999e+00 
 1.50560000e-09  2.99999999e+00  1.50560000e-09  2.99999999e+00 
 1.52560000e-09  2.99999999e+00  1.52560000e-09  2.99999999e+00 
 1.54560000e-09  2.99999999e+00  1.54560000e-09  2.99999999e+00 
 1.56560000e-09  2.99999999e+00  1.56560000e-09  2.99999999e+00 
 1.58560000e-09  2.99999999e+00  1.58560000e-09  2.99999999e+00 
 1.60560000e-09  2.99999999e+00  1.60560000e-09  2.99999999e+00 
 1.62560000e-09  2.99999999e+00  1.62560000e-09  2.99999999e+00 
 1.64560000e-09  2.99999999e+00  1.64560000e-09  2.99999999e+00 
 1.66560000e-09  2.99999999e+00  1.66560000e-09  2.99999999e+00 
 1.68560000e-09  2.99999999e+00  1.68560000e-09  2.99999999e+00 
 1.70560000e-09  2.99999999e+00  1.70560000e-09  2.99999999e+00 
 1.72560000e-09  2.99999999e+00  1.72560000e-09  2.99999999e+00 
 1.74560000e-09  2.99999999e+00  1.74560000e-09  2.99999999e+00 
 1.76560000e-09  2.99999999e+00  1.76560000e-09  2.99999999e+00 
 1.78560000e-09  2.99999999e+00  1.78560000e-09  2.99999999e+00 
 1.80560000e-09  2.99999999e+00  1.80560000e-09  2.99999999e+00 
 1.82560000e-09  2.99999999e+00  1.82560000e-09  2.99999999e+00 
 1.84560000e-09  2.99999999e+00  1.84560000e-09  2.99999999e+00 
 1.86560000e-09  2.99999999e+00  1.86560000e-09  2.99999999e+00 
 1.88560000e-09  2.99999999e+00  1.88560000e-09  2.99999999e+00 
 1.90560000e-09  2.99999999e+00  1.90560000e-09  2.99999999e+00 
 1.92560000e-09  2.99999999e+00  1.92560000e-09  2.99999999e+00 
 1.94560000e-09  2.99999999e+00  1.94560000e-09  2.99999999e+00 
 1.96560000e-09  2.99999999e+00  1.96560000e-09  2.99999999e+00 
 1.98560000e-09  2.99999999e+00  1.98560000e-09  2.99999999e+00 
 2.00560000e-09  2.99999999e+00  2.00560000e-09  2.99999999e+00 
 2.02560000e-09  2.99999999e+00  2.02560000e-09  2.99999999e+00 
 2.04560000e-09  2.99999999e+00  2.04560000e-09  2.99999999e+00 
 2.06560000e-09  2.99999999e+00  2.06560000e-09  2.99999999e+00 
 2.08560000e-09  2.99999999e+00  2.08560000e-09  2.99999999e+00 
 2.10560000e-09  2.99999999e+00  2.10560000e-09  2.99999999e+00 
 2.12560000e-09  2.99999999e+00  2.12560000e-09  2.99999999e+00 
 2.14560000e-09  2.99999999e+00  2.14560000e-09  2.99999999e+00 
 2.16560000e-09  2.99999999e+00  2.16560000e-09  2.99999999e+00 
 2.18560000e-09  2.99999999e+00  2.18560000e-09  2.99999999e+00 
 2.20560000e-09  2.99999999e+00  2.20560000e-09  2.99999999e+00 
 2.22560000e-09  2.99999999e+00  2.22560000e-09  2.99999999e+00 
 2.24560000e-09  2.99999999e+00  2.24560000e-09  2.99999999e+00 
 2.26560000e-09  2.99999999e+00  2.26560000e-09  2.99999999e+00 
 2.28560000e-09  2.99999999e+00  2.28560000e-09  2.99999999e+00 
 2.30560000e-09  2.99999999e+00  2.30560000e-09  2.99999999e+00 
 2.32560000e-09  2.99999999e+00  2.32560000e-09  2.99999999e+00 
 2.34560000e-09  2.99999999e+00  2.34560000e-09  2.99999999e+00 
 2.36560000e-09  2.99999999e+00  2.36560000e-09  2.99999999e+00 
 2.38560000e-09  2.99999999e+00  2.38560000e-09  2.99999999e+00 
 2.40560000e-09  2.99999999e+00  2.40560000e-09  2.99999999e+00 
 2.42560000e-09  2.99999999e+00  2.42560000e-09  2.99999999e+00 
 2.44560000e-09  2.99999999e+00  2.44560000e-09  2.99999999e+00 
 2.46560000e-09  2.99999999e+00  2.46560000e-09  2.99999999e+00 
 2.48560000e-09  2.99999999e+00  2.48560000e-09  2.99999999e+00 
 2.50560000e-09  2.99999999e+00  2.50560000e-09  2.99999999e+00 
 2.52560000e-09  2.99999999e+00  2.52560000e-09  2.99999999e+00 
 2.54560000e-09  2.99999999e+00  2.54560000e-09  2.99999999e+00 
 2.56560000e-09  2.99999999e+00  2.56560000e-09  2.99999999e+00 
 2.58560000e-09  2.99999999e+00  2.58560000e-09  2.99999999e+00 
 2.60560000e-09  2.99999999e+00  2.60560000e-09  2.99999999e+00 
 2.62560000e-09  2.99999999e+00  2.62560000e-09  2.99999999e+00 
 2.64560000e-09  2.99999999e+00  2.64560000e-09  2.99999999e+00 
 2.66560000e-09  2.99999999e+00  2.66560000e-09  2.99999999e+00 
 2.68560000e-09  2.99999999e+00  2.68560000e-09  2.99999999e+00 
 2.70560000e-09  2.99999999e+00  2.70560000e-09  2.99999999e+00 
 2.72560000e-09  2.99999999e+00  2.72560000e-09  2.99999999e+00 
 2.74560000e-09  2.99999999e+00  2.74560000e-09  2.99999999e+00 
 2.76560000e-09  2.99999999e+00  2.76560000e-09  2.99999999e+00 
 2.78560000e-09  2.99999999e+00  2.78560000e-09  2.99999999e+00 
 2.80560000e-09  2.99999999e+00  2.80560000e-09  2.99999999e+00 
 2.82560000e-09  2.99999999e+00  2.82560000e-09  2.99999999e+00 
 2.84560000e-09  2.99999999e+00  2.84560000e-09  2.99999999e+00 
 2.86560000e-09  2.99999999e+00  2.86560000e-09  2.99999999e+00 
 2.88560000e-09  2.99999999e+00  2.88560000e-09  2.99999999e+00 
 2.90560000e-09  2.99999999e+00  2.90560000e-09  2.99999999e+00 
 2.92560000e-09  2.99999999e+00  2.92560000e-09  2.99999999e+00 
 2.94560000e-09  2.99999999e+00  2.94560000e-09  2.99999999e+00 
 2.96560000e-09  2.99999999e+00  2.96560000e-09  2.99999999e+00 
 2.98560000e-09  2.99999999e+00  2.98560000e-09  2.99999999e+00 
 3.00560000e-09  2.99999999e+00  3.00560000e-09  2.99999999e+00 
 3.02560000e-09  2.99999999e+00  3.02560000e-09  2.99999999e+00 
 3.04560000e-09  2.99999999e+00  3.04560000e-09  2.99999999e+00 
 3.06560000e-09  2.99999999e+00  3.06560000e-09  2.99999999e+00 
 3.08560000e-09  2.99999999e+00  3.08560000e-09  2.99999999e+00 
 3.10560000e-09  2.99999999e+00  3.10560000e-09  2.99999999e+00 
 3.12560000e-09  2.99999999e+00  3.12560000e-09  2.99999999e+00 
 3.14560000e-09  2.99999999e+00  3.14560000e-09  2.99999999e+00 
 3.16560000e-09  2.99999999e+00  3.16560000e-09  2.99999999e+00 
 3.18560000e-09  2.99999999e+00  3.18560000e-09  2.99999999e+00 
 3.20560000e-09  2.99999999e+00  3.20560000e-09  2.99999999e+00 
 3.22560000e-09  2.99999999e+00  3.22560000e-09  2.99999999e+00 
 3.24560000e-09  2.99999999e+00  3.24560000e-09  2.99999999e+00 
 3.26560000e-09  2.99999999e+00  3.26560000e-09  2.99999999e+00 
 3.28560000e-09  2.99999999e+00  3.28560000e-09  2.99999999e+00 
 3.30560000e-09  2.99999999e+00  3.30560000e-09  2.99999999e+00 
 3.32560000e-09  2.99999999e+00  3.32560000e-09  2.99999999e+00 
 3.34560000e-09  2.99999999e+00  3.34560000e-09  2.99999999e+00 
 3.36560000e-09  2.99999999e+00  3.36560000e-09  2.99999999e+00 
 3.38560000e-09  2.99999999e+00  3.38560000e-09  2.99999999e+00 
 3.40560000e-09  2.99999999e+00  3.40560000e-09  2.99999999e+00 
 3.42560000e-09  2.99999999e+00  3.42560000e-09  2.99999999e+00 
 3.44560000e-09  2.99999999e+00  3.44560000e-09  2.99999999e+00 
 3.46560000e-09  2.99999999e+00  3.46560000e-09  2.99999999e+00 
 3.48560000e-09  2.99999999e+00  3.48560000e-09  2.99999999e+00 
 3.50560000e-09  2.99999999e+00  3.50560000e-09  2.99999999e+00 
 3.52560000e-09  2.99999999e+00  3.52560000e-09  2.99999999e+00 
 3.54560000e-09  2.99999999e+00  3.54560000e-09  2.99999999e+00 
 3.56560000e-09  2.99999999e+00  3.56560000e-09  2.99999999e+00 
 3.58560000e-09  2.99999999e+00  3.58560000e-09  2.99999999e+00 
 3.60560000e-09  2.99999999e+00  3.60560000e-09  2.99999999e+00 
 3.62560000e-09  2.99999999e+00  3.62560000e-09  2.99999999e+00 
 3.64560000e-09  2.99999999e+00  3.64560000e-09  2.99999999e+00 
 3.66560000e-09  2.99999999e+00  3.66560000e-09  2.99999999e+00 
 3.68560000e-09  2.99999999e+00  3.68560000e-09  2.99999999e+00 
 3.70560000e-09  2.99999999e+00  3.70560000e-09  2.99999999e+00 
 3.72560000e-09  2.99999999e+00  3.72560000e-09  2.99999999e+00 
 3.74560000e-09  2.99999999e+00  3.74560000e-09  2.99999999e+00 
 3.76560000e-09  2.99999999e+00  3.76560000e-09  2.99999999e+00 
 3.78560000e-09  2.99999999e+00  3.78560000e-09  2.99999999e+00 
 3.80560000e-09  2.99999999e+00  3.80560000e-09  2.99999999e+00 
 3.82560000e-09  2.99999999e+00  3.82560000e-09  2.99999999e+00 
 3.84560000e-09  2.99999999e+00  3.84560000e-09  2.99999999e+00 
 3.86560000e-09  2.99999999e+00  3.86560000e-09  2.99999999e+00 
 3.88560000e-09  2.99999999e+00  3.88560000e-09  2.99999999e+00 
 3.90560000e-09  2.99999999e+00  3.90560000e-09  2.99999999e+00 
 3.92560000e-09  2.99999999e+00  3.92560000e-09  2.99999999e+00 
 3.94560000e-09  2.99999999e+00  3.94560000e-09  2.99999999e+00 
 3.96560000e-09  2.99999999e+00  3.96560000e-09  2.99999999e+00 
 3.98560000e-09  2.99999999e+00  3.98560000e-09  2.99999999e+00 
 4.00560000e-09  2.99999999e+00  4.00560000e-09  2.99999999e+00 
 4.02560000e-09  2.99999999e+00  4.02560000e-09  2.99999999e+00 
 4.04560000e-09  2.99999999e+00  4.04560000e-09  2.99999999e+00 
 4.06560000e-09  2.99999999e+00  4.06560000e-09  2.99999999e+00 
 4.08560000e-09  2.99999999e+00  4.08560000e-09  2.99999999e+00 
 4.10560000e-09  2.99999999e+00  4.10560000e-09  2.99999999e+00 
 4.12560000e-09  2.99999999e+00  4.12560000e-09  2.99999999e+00 
 4.14560000e-09  2.99999999e+00  4.14560000e-09  2.99999999e+00 
 4.16560000e-09  2.99999999e+00  4.16560000e-09  2.99999999e+00 
 4.18560000e-09  2.99999999e+00  4.18560000e-09  2.99999999e+00 
 4.20560000e-09  2.99999999e+00  4.20560000e-09  2.99999999e+00 
 4.22560000e-09  2.99999999e+00  4.22560000e-09  2.99999999e+00 
 4.24560000e-09  2.99999999e+00  4.24560000e-09  2.99999999e+00 
 4.26560000e-09  2.99999999e+00  4.26560000e-09  2.99999999e+00 
 4.28560000e-09  2.99999999e+00  4.28560000e-09  2.99999999e+00 
 4.30560000e-09  2.99999999e+00  4.30560000e-09  2.99999999e+00 
 4.32560000e-09  2.99999999e+00  4.32560000e-09  2.99999999e+00 
 4.34560000e-09  2.99999999e+00  4.34560000e-09  2.99999999e+00 
 4.36560000e-09  2.99999999e+00  4.36560000e-09  2.99999999e+00 
 4.38560000e-09  2.99999999e+00  4.38560000e-09  2.99999999e+00 
 4.40560000e-09  2.99999999e+00  4.40560000e-09  2.99999999e+00 
 4.42560000e-09  2.99999999e+00  4.42560000e-09  2.99999999e+00 
 4.44560000e-09  2.99999999e+00  4.44560000e-09  2.99999999e+00 
 4.46560000e-09  2.99999999e+00  4.46560000e-09  2.99999999e+00 
 4.48560000e-09  2.99999999e+00  4.48560000e-09  2.99999999e+00 
 4.50560000e-09  2.99999999e+00  4.50560000e-09  2.99999999e+00 
 4.52560000e-09  2.99999999e+00  4.52560000e-09  2.99999999e+00 
 4.54560000e-09  2.99999999e+00  4.54560000e-09  2.99999999e+00 
 4.56560000e-09  2.99999999e+00  4.56560000e-09  2.99999999e+00 
 4.58560000e-09  2.99999999e+00  4.58560000e-09  2.99999999e+00 
 4.60560000e-09  2.99999999e+00  4.60560000e-09  2.99999999e+00 
 4.62560000e-09  2.99999999e+00  4.62560000e-09  2.99999999e+00 
 4.64560000e-09  2.99999999e+00  4.64560000e-09  2.99999999e+00 
 4.66560000e-09  2.99999999e+00  4.66560000e-09  2.99999999e+00 
 4.68560000e-09  2.99999999e+00  4.68560000e-09  2.99999999e+00 
 4.70560000e-09  2.99999999e+00  4.70560000e-09  2.99999999e+00 
 4.72560000e-09  2.99999999e+00  4.72560000e-09  2.99999999e+00 
 4.74560000e-09  2.99999999e+00  4.74560000e-09  2.99999999e+00 
 4.76560000e-09  2.99999999e+00  4.76560000e-09  2.99999999e+00 
 4.78560000e-09  2.99999999e+00  4.78560000e-09  2.99999999e+00 
 4.80560000e-09  2.99999999e+00  4.80560000e-09  2.99999999e+00 
 4.82560000e-09  2.99999999e+00  4.82560000e-09  2.99999999e+00 
 4.84560000e-09  2.99999999e+00  4.84560000e-09  2.99999999e+00 
 4.86560000e-09  2.99999999e+00  4.86560000e-09  2.99999999e+00 
 4.88560000e-09  2.99999999e+00  4.88560000e-09  2.99999999e+00 
 4.90560000e-09  2.99999999e+00  4.90560000e-09  2.99999999e+00 
 4.92560000e-09  2.99999999e+00  4.92560000e-09  2.99999999e+00 
 4.94560000e-09  2.99999999e+00  4.94560000e-09  2.99999999e+00 
 4.96560000e-09  2.99999999e+00  4.96560000e-09  2.99999999e+00 
 4.98560000e-09  2.99999999e+00  4.98560000e-09  2.99999999e+00 
 5.00560000e-09  2.99999999e+00  5.00560000e-09  2.99999999e+00 
 5.02560000e-09  2.99999999e+00  5.02560000e-09  2.99999999e+00 
 5.04560000e-09  2.99999999e+00  5.04560000e-09  2.99999999e+00 
 5.06560000e-09  2.99999999e+00  5.06560000e-09  2.99999999e+00 
 5.08560000e-09  2.99999999e+00  5.08560000e-09  2.99999999e+00 
 5.10560000e-09  2.99999999e+00  5.10560000e-09  2.99999999e+00 
 5.12560000e-09  2.99999999e+00  5.12560000e-09  2.99999999e+00 
 5.14560000e-09  2.99999999e+00  5.14560000e-09  2.99999999e+00 
 5.16560000e-09  2.99999999e+00  5.16560000e-09  2.99999999e+00 
 5.18560000e-09  2.99999999e+00  5.18560000e-09  2.99999999e+00 
 5.20560000e-09  2.99999999e+00  5.20560000e-09  2.99999999e+00 
 5.22560000e-09  2.99999999e+00  5.22560000e-09  2.99999999e+00 
 5.24560000e-09  2.99999999e+00  5.24560000e-09  2.99999999e+00 
 5.26560000e-09  2.99999999e+00  5.26560000e-09  2.99999999e+00 
 5.28560000e-09  2.99999999e+00  5.28560000e-09  2.99999999e+00 
 5.30560000e-09  2.99999999e+00  5.30560000e-09  2.99999999e+00 
 5.32560000e-09  2.99999999e+00  5.32560000e-09  2.99999999e+00 
 5.34560000e-09  2.99999999e+00  5.34560000e-09  2.99999999e+00 
 5.36560000e-09  2.99999999e+00  5.36560000e-09  2.99999999e+00 
 5.38560000e-09  2.99999999e+00  5.38560000e-09  2.99999999e+00 
 5.40560000e-09  2.99999999e+00  5.40560000e-09  2.99999999e+00 
 5.42560000e-09  2.99999999e+00  5.42560000e-09  2.99999999e+00 
 5.44560000e-09  2.99999999e+00  5.44560000e-09  2.99999999e+00 
 5.46560000e-09  2.99999999e+00  5.46560000e-09  2.99999999e+00 
 5.48560000e-09  2.99999999e+00  5.48560000e-09  2.99999999e+00 
 5.50560000e-09  2.99999999e+00  5.50560000e-09  2.99999999e+00 
 5.52560000e-09  2.99999999e+00  5.52560000e-09  2.99999999e+00 
 5.54560000e-09  2.99999999e+00  5.54560000e-09  2.99999999e+00 
 5.56560000e-09  2.99999999e+00  5.56560000e-09  2.99999999e+00 
 5.58560000e-09  2.99999999e+00  5.58560000e-09  2.99999999e+00 
 5.60560000e-09  2.99999999e+00  5.60560000e-09  2.99999999e+00 
 5.62560000e-09  2.99999999e+00  5.62560000e-09  2.99999999e+00 
 5.64560000e-09  2.99999999e+00  5.64560000e-09  2.99999999e+00 
 5.66560000e-09  2.99999999e+00  5.66560000e-09  2.99999999e+00 
 5.68560000e-09  2.99999999e+00  5.68560000e-09  2.99999999e+00 
 5.70560000e-09  2.99999999e+00  5.70560000e-09  2.99999999e+00 
 5.72560000e-09  2.99999999e+00  5.72560000e-09  2.99999999e+00 
 5.74560000e-09  2.99999999e+00  5.74560000e-09  2.99999999e+00 
 5.76560000e-09  2.99999999e+00  5.76560000e-09  2.99999999e+00 
 5.78560000e-09  2.99999999e+00  5.78560000e-09  2.99999999e+00 
 5.80560000e-09  2.99999999e+00  5.80560000e-09  2.99999999e+00 
 5.82560000e-09  2.99999999e+00  5.82560000e-09  2.99999999e+00 
 5.84560000e-09  2.99999999e+00  5.84560000e-09  2.99999999e+00 
 5.86560000e-09  2.99999999e+00  5.86560000e-09  2.99999999e+00 
 5.88560000e-09  2.99999999e+00  5.88560000e-09  2.99999999e+00 
 5.90560000e-09  2.99999999e+00  5.90560000e-09  2.99999999e+00 
 5.92560000e-09  2.99999999e+00  5.92560000e-09  2.99999999e+00 
 5.94560000e-09  2.99999999e+00  5.94560000e-09  2.99999999e+00 
 5.96560000e-09  2.99999999e+00  5.96560000e-09  2.99999999e+00 
 5.98560000e-09  2.99999999e+00  5.98560000e-09  2.99999999e+00 
 6.00560000e-09  2.99999999e+00  6.00560000e-09  2.99999999e+00 
 6.02560000e-09  2.99999999e+00  6.02560000e-09  2.99999999e+00 
 6.04560000e-09  2.99999999e+00  6.04560000e-09  2.99999999e+00 
 6.06560000e-09  2.99999999e+00  6.06560000e-09  2.99999999e+00 
 6.08560000e-09  2.99999999e+00  6.08560000e-09  2.99999999e+00 
 6.10560000e-09  2.99999999e+00  6.10560000e-09  2.99999999e+00 
 6.12560000e-09  2.99999999e+00  6.12560000e-09  2.99999999e+00 
 6.14560000e-09  2.99999999e+00  6.14560000e-09  2.99999999e+00 
 6.16560000e-09  2.99999999e+00  6.16560000e-09  2.99999999e+00 
 6.18560000e-09  2.99999999e+00  6.18560000e-09  2.99999999e+00 
 6.20560000e-09  2.99999999e+00  6.20560000e-09  2.99999999e+00 
 6.22560000e-09  2.99999999e+00  6.22560000e-09  2.99999999e+00 
 6.24560000e-09  2.99999999e+00  6.24560000e-09  2.99999999e+00 
 6.26560000e-09  2.99999999e+00  6.26560000e-09  2.99999999e+00 
 6.28560000e-09  2.99999999e+00  6.28560000e-09  2.99999999e+00 
 6.30560000e-09  2.99999999e+00  6.30560000e-09  2.99999999e+00 
 6.32560000e-09  2.99999999e+00  6.32560000e-09  2.99999999e+00 
 6.34560000e-09  2.99999999e+00  6.34560000e-09  2.99999999e+00 
 6.36560000e-09  2.99999999e+00  6.36560000e-09  2.99999999e+00 
 6.38560000e-09  2.99999999e+00  6.38560000e-09  2.99999999e+00 
 6.40560000e-09  2.99999999e+00  6.40560000e-09  2.99999999e+00 
 6.42560000e-09  2.99999999e+00  6.42560000e-09  2.99999999e+00 
 6.44560000e-09  2.99999999e+00  6.44560000e-09  2.99999999e+00 
 6.46560000e-09  2.99999999e+00  6.46560000e-09  2.99999999e+00 
 6.48560000e-09  2.99999999e+00  6.48560000e-09  2.99999999e+00 
 6.50560000e-09  2.99999999e+00  6.50560000e-09  2.99999999e+00 
 6.52560000e-09  2.99999999e+00  6.52560000e-09  2.99999999e+00 
 6.54560000e-09  2.99999999e+00  6.54560000e-09  2.99999999e+00 
 6.56560000e-09  2.99999999e+00  6.56560000e-09  2.99999999e+00 
 6.58560000e-09  2.99999999e+00  6.58560000e-09  2.99999999e+00 
 6.60560000e-09  2.99999999e+00  6.60560000e-09  2.99999999e+00 
 6.62560000e-09  2.99999999e+00  6.62560000e-09  2.99999999e+00 
 6.64560000e-09  2.99999999e+00  6.64560000e-09  2.99999999e+00 
 6.66560000e-09  2.99999999e+00  6.66560000e-09  2.99999999e+00 
 6.68560000e-09  2.99999999e+00  6.68560000e-09  2.99999999e+00 
 6.70560000e-09  2.99999999e+00  6.70560000e-09  2.99999999e+00 
 6.72560000e-09  2.99999999e+00  6.72560000e-09  2.99999999e+00 
 6.74560000e-09  2.99999999e+00  6.74560000e-09  2.99999999e+00 
 6.76560000e-09  2.99999999e+00  6.76560000e-09  2.99999999e+00 
 6.78560000e-09  2.99999999e+00  6.78560000e-09  2.99999999e+00 
 6.80560000e-09  2.99999999e+00  6.80560000e-09  2.99999999e+00 
 6.82560000e-09  2.99999999e+00  6.82560000e-09  2.99999999e+00 
 6.84560000e-09  2.99999999e+00  6.84560000e-09  2.99999999e+00 
 6.86560000e-09  2.99999999e+00  6.86560000e-09  2.99999999e+00 
 6.88560000e-09  2.99999999e+00  6.88560000e-09  2.99999999e+00 
 6.90560000e-09  2.99999999e+00  6.90560000e-09  2.99999999e+00 
 6.92560000e-09  2.99999999e+00  6.92560000e-09  2.99999999e+00 
 6.94560000e-09  2.99999999e+00  6.94560000e-09  2.99999999e+00 
 6.96560000e-09  2.99999999e+00  6.96560000e-09  2.99999999e+00 
 6.98560000e-09  2.99999999e+00  6.98560000e-09  2.99999999e+00 
 7.00560000e-09  2.99999999e+00  7.00560000e-09  2.99999999e+00 
 7.02560000e-09  2.99999999e+00  7.02560000e-09  2.99999999e+00 
 7.04560000e-09  2.99999999e+00  7.04560000e-09  2.99999999e+00 
 7.06560000e-09  2.99999999e+00  7.06560000e-09  2.99999999e+00 
 7.08560000e-09  2.99999999e+00  7.08560000e-09  2.99999999e+00 
 7.10560000e-09  2.99999999e+00  7.10560000e-09  2.99999999e+00 
 7.12560000e-09  2.99999999e+00  7.12560000e-09  2.99999999e+00 
 7.14560000e-09  2.99999999e+00  7.14560000e-09  2.99999999e+00 
 7.16560000e-09  2.99999999e+00  7.16560000e-09  2.99999999e+00 
 7.18560000e-09  2.99999999e+00  7.18560000e-09  2.99999999e+00 
 7.20560000e-09  2.99999999e+00  7.20560000e-09  2.99999999e+00 
 7.22560000e-09  2.99999999e+00  7.22560000e-09  2.99999999e+00 
 7.24560000e-09  2.99999999e+00  7.24560000e-09  2.99999999e+00 
 7.26560000e-09  2.99999999e+00  7.26560000e-09  2.99999999e+00 
 7.28560000e-09  2.99999999e+00  7.28560000e-09  2.99999999e+00 
 7.30560000e-09  2.99999999e+00  7.30560000e-09  2.99999999e+00 
 7.32560000e-09  2.99999999e+00  7.32560000e-09  2.99999999e+00 
 7.34560000e-09  2.99999999e+00  7.34560000e-09  2.99999999e+00 
 7.36560000e-09  2.99999999e+00  7.36560000e-09  2.99999999e+00 
 7.38560000e-09  2.99999999e+00  7.38560000e-09  2.99999999e+00 
 7.40560000e-09  2.99999999e+00  7.40560000e-09  2.99999999e+00 
 7.42560000e-09  2.99999999e+00  7.42560000e-09  2.99999999e+00 
 7.44560000e-09  2.99999999e+00  7.44560000e-09  2.99999999e+00 
 7.46560000e-09  2.99999999e+00  7.46560000e-09  2.99999999e+00 
 7.48560000e-09  2.99999999e+00  7.48560000e-09  2.99999999e+00 
 7.50560000e-09  2.99999999e+00  7.50560000e-09  2.99999999e+00 
 7.52560000e-09  2.99999999e+00  7.52560000e-09  2.99999999e+00 
 7.54560000e-09  2.99999999e+00  7.54560000e-09  2.99999999e+00 
 7.56560000e-09  2.99999999e+00  7.56560000e-09  2.99999999e+00 
 7.58560000e-09  2.99999999e+00  7.58560000e-09  2.99999999e+00 
 7.60560000e-09  2.99999999e+00  7.60560000e-09  2.99999999e+00 
 7.62560000e-09  2.99999999e+00  7.62560000e-09  2.99999999e+00 
 7.64560000e-09  2.99999999e+00  7.64560000e-09  2.99999999e+00 
 7.66560000e-09  2.99999999e+00  7.66560000e-09  2.99999999e+00 
 7.68560000e-09  2.99999999e+00  7.68560000e-09  2.99999999e+00 
 7.70560000e-09  2.99999999e+00  7.70560000e-09  2.99999999e+00 
 7.72560000e-09  2.99999999e+00  7.72560000e-09  2.99999999e+00 
 7.74560000e-09  2.99999999e+00  7.74560000e-09  2.99999999e+00 
 7.76560000e-09  2.99999999e+00  7.76560000e-09  2.99999999e+00 
 7.78560000e-09  2.99999999e+00  7.78560000e-09  2.99999999e+00 
 7.80560000e-09  2.99999999e+00  7.80560000e-09  2.99999999e+00 
 7.82560000e-09  2.99999999e+00  7.82560000e-09  2.99999999e+00 
 7.84560000e-09  2.99999999e+00  7.84560000e-09  2.99999999e+00 
 7.86560000e-09  2.99999999e+00  7.86560000e-09  2.99999999e+00 
 7.88560000e-09  2.99999999e+00  7.88560000e-09  2.99999999e+00 
 7.90560000e-09  2.99999999e+00  7.90560000e-09  2.99999999e+00 
 7.92560000e-09  2.99999999e+00  7.92560000e-09  2.99999999e+00 
 7.94560000e-09  2.99999999e+00  7.94560000e-09  2.99999999e+00 
 7.96560000e-09  2.99999999e+00  7.96560000e-09  2.99999999e+00 
 7.98560000e-09  2.99999999e+00  7.98560000e-09  2.99999999e+00 
 8.00560000e-09  2.99999999e+00  8.00560000e-09  2.99999999e+00 
 8.02560000e-09  2.99999999e+00  8.02560000e-09  2.99999999e+00 
 8.04560000e-09  2.99999999e+00  8.04560000e-09  2.99999999e+00 
 8.06560000e-09  2.99999999e+00  8.06560000e-09  2.99999999e+00 
 8.08560000e-09  2.99999999e+00  8.08560000e-09  2.99999999e+00 
 8.10560000e-09  2.99999999e+00  8.10560000e-09  2.99999999e+00 
 8.12560000e-09  2.99999999e+00  8.12560000e-09  2.99999999e+00 
 8.14560000e-09  2.99999999e+00  8.14560000e-09  2.99999999e+00 
 8.16560000e-09  2.99999999e+00  8.16560000e-09  2.99999999e+00 
 8.18560000e-09  2.99999999e+00  8.18560000e-09  2.99999999e+00 
 8.20560000e-09  2.99999999e+00  8.20560000e-09  2.99999999e+00 
 8.22560000e-09  2.99999999e+00  8.22560000e-09  2.99999999e+00 
 8.24560000e-09  2.99999999e+00  8.24560000e-09  2.99999999e+00 
 8.26560000e-09  2.99999999e+00  8.26560000e-09  2.99999999e+00 
 8.28560000e-09  2.99999999e+00  8.28560000e-09  2.99999999e+00 
 8.30560000e-09  2.99999999e+00  8.30560000e-09  2.99999999e+00 
 8.32560000e-09  2.99999999e+00  8.32560000e-09  2.99999999e+00 
 8.34560000e-09  2.99999999e+00  8.34560000e-09  2.99999999e+00 
 8.36560000e-09  2.99999999e+00  8.36560000e-09  2.99999999e+00 
 8.38560000e-09  2.99999999e+00  8.38560000e-09  2.99999999e+00 
 8.40560000e-09  2.99999999e+00  8.40560000e-09  2.99999999e+00 
 8.42560000e-09  2.99999999e+00  8.42560000e-09  2.99999999e+00 
 8.44560000e-09  2.99999999e+00  8.44560000e-09  2.99999999e+00 
 8.46560000e-09  2.99999999e+00  8.46560000e-09  2.99999999e+00 
 8.48560000e-09  2.99999999e+00  8.48560000e-09  2.99999999e+00 
 8.50560000e-09  2.99999999e+00  8.50560000e-09  2.99999999e+00 
 8.52560000e-09  2.99999999e+00  8.52560000e-09  2.99999999e+00 
 8.54560000e-09  2.99999999e+00  8.54560000e-09  2.99999999e+00 
 8.56560000e-09  2.99999999e+00  8.56560000e-09  2.99999999e+00 
 8.58560000e-09  2.99999999e+00  8.58560000e-09  2.99999999e+00 
 8.60560000e-09  2.99999999e+00  8.60560000e-09  2.99999999e+00 
 8.62560000e-09  2.99999999e+00  8.62560000e-09  2.99999999e+00 
 8.64560000e-09  2.99999999e+00  8.64560000e-09  2.99999999e+00 
 8.66560000e-09  2.99999999e+00  8.66560000e-09  2.99999999e+00 
 8.68560000e-09  2.99999999e+00  8.68560000e-09  2.99999999e+00 
 8.70560000e-09  2.99999999e+00  8.70560000e-09  2.99999999e+00 
 8.72560000e-09  2.99999999e+00  8.72560000e-09  2.99999999e+00 
 8.74560000e-09  2.99999999e+00  8.74560000e-09  2.99999999e+00 
 8.76560000e-09  2.99999999e+00  8.76560000e-09  2.99999999e+00 
 8.78560000e-09  2.99999999e+00  8.78560000e-09  2.99999999e+00 
 8.80560000e-09  2.99999999e+00  8.80560000e-09  2.99999999e+00 
 8.82560000e-09  2.99999999e+00  8.82560000e-09  2.99999999e+00 
 8.84560000e-09  2.99999999e+00  8.84560000e-09  2.99999999e+00 
 8.86560000e-09  2.99999999e+00  8.86560000e-09  2.99999999e+00 
 8.88560000e-09  2.99999999e+00  8.88560000e-09  2.99999999e+00 
 8.90560000e-09  2.99999999e+00  8.90560000e-09  2.99999999e+00 
 8.92560000e-09  2.99999999e+00  8.92560000e-09  2.99999999e+00 
 8.94560000e-09  2.99999999e+00  8.94560000e-09  2.99999999e+00 
 8.96560000e-09  2.99999999e+00  8.96560000e-09  2.99999999e+00 
 8.98560000e-09  2.99999999e+00  8.98560000e-09  2.99999999e+00 
 9.00560000e-09  2.99999999e+00  9.00560000e-09  2.99999999e+00 
 9.02560000e-09  2.99999999e+00  9.02560000e-09  2.99999999e+00 
 9.04560000e-09  2.99999999e+00  9.04560000e-09  2.99999999e+00 
 9.06560000e-09  2.99999999e+00  9.06560000e-09  2.99999999e+00 
 9.08560000e-09  2.99999999e+00  9.08560000e-09  2.99999999e+00 
 9.10560000e-09  2.99999999e+00  9.10560000e-09  2.99999999e+00 
 9.12560000e-09  2.99999999e+00  9.12560000e-09  2.99999999e+00 
 9.14560000e-09  2.99999999e+00  9.14560000e-09  2.99999999e+00 
 9.16560000e-09  2.99999999e+00  9.16560000e-09  2.99999999e+00 
 9.18560000e-09  2.99999999e+00  9.18560000e-09  2.99999999e+00 
 9.20560000e-09  2.99999999e+00  9.20560000e-09  2.99999999e+00 
 9.22560000e-09  2.99999999e+00  9.22560000e-09  2.99999999e+00 
 9.24560000e-09  2.99999999e+00  9.24560000e-09  2.99999999e+00 
 9.26560000e-09  2.99999999e+00  9.26560000e-09  2.99999999e+00 
 9.28560000e-09  2.99999999e+00  9.28560000e-09  2.99999999e+00 
 9.30560000e-09  2.99999999e+00  9.30560000e-09  2.99999999e+00 
 9.32560000e-09  2.99999999e+00  9.32560000e-09  2.99999999e+00 
 9.34560000e-09  2.99999999e+00  9.34560000e-09  2.99999999e+00 
 9.36560000e-09  2.99999999e+00  9.36560000e-09  2.99999999e+00 
 9.38560000e-09  2.99999999e+00  9.38560000e-09  2.99999999e+00 
 9.40560000e-09  2.99999999e+00  9.40560000e-09  2.99999999e+00 
 9.42560000e-09  2.99999999e+00  9.42560000e-09  2.99999999e+00 
 9.44560000e-09  2.99999999e+00  9.44560000e-09  2.99999999e+00 
 9.46560000e-09  2.99999999e+00  9.46560000e-09  2.99999999e+00 
 9.48560000e-09  2.99999999e+00  9.48560000e-09  2.99999999e+00 
 9.50560000e-09  2.99999999e+00  9.50560000e-09  2.99999999e+00 
 9.52560000e-09  2.99999999e+00  9.52560000e-09  2.99999999e+00 
 9.54560000e-09  2.99999999e+00  9.54560000e-09  2.99999999e+00 
 9.56560000e-09  2.99999999e+00  9.56560000e-09  2.99999999e+00 
 9.58560000e-09  2.99999999e+00  9.58560000e-09  2.99999999e+00 
 9.60560000e-09  2.99999999e+00  9.60560000e-09  2.99999999e+00 
 9.62560000e-09  2.99999999e+00  9.62560000e-09  2.99999999e+00 
 9.64560000e-09  2.99999999e+00  9.64560000e-09  2.99999999e+00 
 9.66560000e-09  2.99999999e+00  9.66560000e-09  2.99999999e+00 
 9.68560000e-09  2.99999999e+00  9.68560000e-09  2.99999999e+00 
 9.70560000e-09  2.99999999e+00  9.70560000e-09  2.99999999e+00 
 9.72560000e-09  2.99999999e+00  9.72560000e-09  2.99999999e+00 
 9.74560000e-09  2.99999999e+00  9.74560000e-09  2.99999999e+00 
 9.76560000e-09  2.99999999e+00  9.76560000e-09  2.99999999e+00 
 9.78560000e-09  2.99999999e+00  9.78560000e-09  2.99999999e+00 
 9.80560000e-09  2.99999999e+00  9.80560000e-09  2.99999999e+00 
 9.82560000e-09  2.99999999e+00  9.82560000e-09  2.99999999e+00 
 9.84560000e-09  2.99999999e+00  9.84560000e-09  2.99999999e+00 
 9.86560000e-09  2.99999999e+00  9.86560000e-09  2.99999999e+00 
 9.88560000e-09  2.99999999e+00  9.88560000e-09  2.99999999e+00 
 9.90560000e-09  2.99999999e+00  9.90560000e-09  2.99999999e+00 
 9.92560000e-09  2.99999999e+00  9.92560000e-09  2.99999999e+00 
 9.94560000e-09  2.99999999e+00  9.94560000e-09  2.99999999e+00 
 9.96560000e-09  2.99999999e+00  9.96560000e-09  2.99999999e+00 
 9.98560000e-09  2.99999999e+00  9.98560000e-09  2.99999999e+00 
 1.00000000e-08  2.99999999e+00  1.00000000e-08  2.99999999e+00 
 1.00020000e-08  3.01824340e+00  1.00020000e-08  3.01824338e+00 
 1.00060000e-08  3.05380882e+00  1.00060000e-08  3.05380876e+00 
 1.00140000e-08  3.12078213e+00  1.00140000e-08  3.12078204e+00 
 1.00255331e-08  3.21128096e+00  1.00255331e-08  3.21128088e+00 
 1.00455331e-08  3.34394839e+00  1.00455331e-08  3.34394893e+00 
 1.00500000e-08  3.35927877e+00  1.00500000e-08  3.35927800e+00 
 1.00508667e-08  3.35904053e+00  1.00508667e-08  3.35903921e+00 
 1.00526002e-08  3.35865347e+00  1.00526002e-08  3.35865041e+00 
 1.00560672e-08  3.35807251e+00  1.00560672e-08  3.35806420e+00 
 1.00630011e-08  3.35654330e+00  1.00630011e-08  3.35651539e+00 
 1.00768689e-08  3.34972039e+00  1.00768689e-08  3.34957557e+00 
 1.00968689e-08  3.33292227e+00  1.00968689e-08  3.33261874e+00 
 1.01168689e-08  3.31561215e+00  1.01168689e-08  3.31464296e+00 
 1.01368689e-08  3.27012162e+00  1.01368689e-08  3.26796139e+00 
 1.01568689e-08  3.19641867e+00  1.01568689e-08  3.19665323e+00 
 1.01768689e-08  3.10457900e+00  1.01768689e-08  3.10737032e+00 
 1.01968689e-08  3.00439915e+00  1.01968689e-08  3.00928878e+00 
 1.02168689e-08  2.90410702e+00  1.02168689e-08  2.91056943e+00 
 1.02368689e-08  2.80266516e+00  1.02368689e-08  2.81062131e+00 
 1.02568689e-08  2.70067406e+00  1.02568689e-08  2.71002736e+00 
 1.02768689e-08  2.59850563e+00  1.02768689e-08  2.60919465e+00 
 1.02968689e-08  2.49644038e+00  1.02968689e-08  2.50838071e+00 
 1.03168689e-08  2.39489679e+00  1.03168689e-08  2.40790713e+00 
 1.03368689e-08  2.29454441e+00  1.03368689e-08  2.30834602e+00 
 1.03568689e-08  2.19607771e+00  1.03568689e-08  2.21052400e+00 
 1.03768689e-08  2.10003963e+00  1.03768689e-08  2.11524988e+00 
 1.03968689e-08  2.00727145e+00  1.03968689e-08  2.02349076e+00 
 1.04168689e-08  1.91903658e+00  1.04168689e-08  1.93654739e+00 
 1.04368689e-08  1.83646721e+00  1.04368689e-08  1.85557737e+00 
 1.04568689e-08  1.76020923e+00  1.04568689e-08  1.78124719e+00 
 1.04768689e-08  1.69046208e+00  1.04768689e-08  1.71377915e+00 
 1.04968689e-08  1.62712565e+00  1.04968689e-08  1.65310681e+00 
 1.05168689e-08  1.56992360e+00  1.05168689e-08  1.59900060e+00 
 1.05368689e-08  1.51847385e+00  1.05368689e-08  1.55113668e+00 
 1.05568689e-08  1.47232408e+00  1.05568689e-08  1.50913117e+00 
 1.05768689e-08  1.43098412e+00  1.05768689e-08  1.47257325e+00 
 1.05968689e-08  1.39394719e+00  1.05968689e-08  1.44104733e+00 
 1.06168689e-08  1.36070533e+00  1.06168689e-08  1.41414998e+00 
 1.06368689e-08  1.33076000e+00  1.06368689e-08  1.39150244e+00 
 1.06568689e-08  1.30362880e+00  1.06568689e-08  1.37275964e+00 
 1.06768689e-08  1.27884900e+00  1.06768689e-08  1.35761636e+00 
 1.06968689e-08  1.25597862e+00  1.06968689e-08  1.34581117e+00 
 1.07168689e-08  1.23459547e+00  1.07168689e-08  1.33712880e+00 
 1.07368689e-08  1.21429473e+00  1.07368689e-08  1.33140157e+00 
 1.07568689e-08  1.19468544e+00  1.07568689e-08  1.32851003e+00 
 1.07768689e-08  1.17538627e+00  1.07768689e-08  1.32838343e+00 
 1.07968689e-08  1.15602070e+00  1.07968689e-08  1.33100005e+00 
 1.08168689e-08  1.13621190e+00  1.08168689e-08  1.33638764e+00 
 1.08368689e-08  1.11557753e+00  1.08368689e-08  1.34462410e+00 
 1.08568689e-08  1.09372474e+00  1.08568689e-08  1.35583743e+00 
 1.08768689e-08  1.07024518e+00  1.08768689e-08  1.37020646e+00 
 1.08968689e-08  1.04471111e+00  1.08968689e-08  1.38796057e+00 
 1.09168689e-08  1.01667325e+00  1.09168689e-08  1.40937703e+00 
 1.09368689e-08  9.85660536e-01  1.09368689e-08  1.43477613e+00 
 1.09568689e-08  9.51185404e-01  1.09568689e-08  1.46451025e+00 
 1.09768689e-08  9.12761022e-01  1.09768689e-08  1.49894095e+00 
 1.09968689e-08  8.69957076e-01  1.09968689e-08  1.53839237e+00 
 1.10168689e-08  8.22614981e-01  1.10168689e-08  1.58302464e+00 
 1.10368689e-08  7.71585632e-01  1.10368689e-08  1.63246890e+00 
 1.10568689e-08  7.19686205e-01  1.10568689e-08  1.68525188e+00 
 1.10768689e-08  6.70580890e-01  1.10768689e-08  1.73933761e+00 
 1.10968689e-08  6.25727755e-01  1.10968689e-08  1.79407001e+00 
 1.11168689e-08  5.84918290e-01  1.11168689e-08  1.84969142e+00 
 1.11368689e-08  5.47642848e-01  1.11368689e-08  1.90627342e+00 
 1.11568689e-08  5.13451858e-01  1.11568689e-08  1.96355230e+00 
 1.11768689e-08  4.82007996e-01  1.11768689e-08  2.02106921e+00 
 1.11968689e-08  4.53052635e-01  1.11968689e-08  2.07833777e+00 
 1.12168689e-08  4.26339517e-01  1.12168689e-08  2.13496046e+00 
 1.12368689e-08  4.01596860e-01  1.12368689e-08  2.19064447e+00 
 1.12568689e-08  3.78541035e-01  1.12568689e-08  2.24514526e+00 
 1.12768689e-08  3.56912797e-01  1.12768689e-08  2.29819883e+00 
 1.12968689e-08  3.36504745e-01  1.12968689e-08  2.34949915e+00 
 1.13168689e-08  3.17163201e-01  1.13168689e-08  2.39872439e+00 
 1.13368689e-08  2.98774102e-01  1.13368689e-08  2.44559334e+00 
 1.13568689e-08  2.81249858e-01  1.13568689e-08  2.48990554e+00 
 1.13768689e-08  2.64522541e-01  1.13768689e-08  2.53154819e+00 
 1.13968689e-08  2.48540351e-01  1.13968689e-08  2.57048327e+00 
 1.14168689e-08  2.33264823e-01  1.14168689e-08  2.60673008e+00 
 1.14368689e-08  2.18668046e-01  1.14368689e-08  2.64034990e+00 
 1.14568689e-08  2.04729963e-01  1.14568689e-08  2.67143396e+00 
 1.14768689e-08  1.91435912e-01  1.14768689e-08  2.70009429e+00 
 1.14968689e-08  1.78774535e-01  1.14968689e-08  2.72645665e+00 
 1.15168689e-08  1.66736089e-01  1.15168689e-08  2.75065504e+00 
 1.15368689e-08  1.55311152e-01  1.15368689e-08  2.77282738e+00 
 1.15568689e-08  1.44489700e-01  1.15568689e-08  2.79311216e+00 
 1.15768689e-08  1.34260494e-01  1.15768689e-08  2.81164585e+00 
 1.15968689e-08  1.24610722e-01  1.15968689e-08  2.82856098e+00 
 1.16168689e-08  1.15525851e-01  1.16168689e-08  2.84398471e+00 
 1.16368689e-08  1.06989633e-01  1.16368689e-08  2.85803789e+00 
 1.16568689e-08  9.89842246e-02  1.16568689e-08  2.87083444e+00 
 1.16768689e-08  9.14903795e-02  1.16768689e-08  2.88248103e+00 
 1.16968689e-08  8.44876908e-02  1.16968689e-08  2.89307696e+00 
 1.17168689e-08  7.79548529e-02  1.17168689e-08  2.90271428e+00 
 1.17368689e-08  7.18699285e-02  1.17368689e-08  2.91147792e+00 
 1.17568689e-08  6.62106074e-02  1.17568689e-08  2.91944602e+00 
 1.17768689e-08  6.09544467e-02  1.17768689e-08  2.92669027e+00 
 1.17968689e-08  5.60790884e-02  1.17968689e-08  2.93327625e+00 
 1.18168689e-08  5.15624503e-02  1.18168689e-08  2.93926389e+00 
 1.18368689e-08  4.73828889e-02  1.18368689e-08  2.94470781e+00 
 1.18568689e-08  4.35193349e-02  1.18568689e-08  2.94965778e+00 
 1.18768689e-08  3.99514026e-02  1.18768689e-08  2.95415907e+00 
 1.18968689e-08  3.66594754e-02  1.18968689e-08  2.95825282e+00 
 1.19168689e-08  3.36247684e-02  1.19168689e-08  2.96197642e+00 
 1.19368689e-08  3.08293721e-02  1.19368689e-08  2.96536380e+00 
 1.19568689e-08  2.82562791e-02  1.19568689e-08  2.96844577e+00 
 1.19768689e-08  2.58893961e-02  1.19768689e-08  2.97125029e+00 
 1.19968689e-08  2.37135437e-02  1.19968689e-08  2.97380271e+00 
 1.20168689e-08  2.17144458e-02  1.20168689e-08  2.97612604e+00 
 1.20368689e-08  1.98787119e-02  1.20368689e-08  2.97824117e+00 
 1.20568689e-08  1.81938112e-02  1.20568689e-08  2.98016702e+00 
 1.20768689e-08  1.66480436e-02  1.20768689e-08  2.98192079e+00 
 1.20968689e-08  1.52305056e-02  1.20968689e-08  2.98351807e+00 
 1.21168689e-08  1.39310546e-02  1.21168689e-08  2.98497301e+00 
 1.21368689e-08  1.27402708e-02  1.21368689e-08  2.98629848e+00 
 1.21568689e-08  1.16494190e-02  1.21568689e-08  2.98750613e+00 
 1.21768689e-08  1.06504096e-02  1.21768689e-08  2.98860657e+00 
 1.21968689e-08  9.73576009e-03  1.21968689e-08  2.98960942e+00 
 1.22168689e-08  8.89855740e-03  1.22168689e-08  2.99052344e+00 
 1.22368689e-08  8.13242110e-03  1.22368689e-08  2.99135658e+00 
 1.22568689e-08  7.43146781e-03  1.22568689e-08  2.99211606e+00 
 1.22768689e-08  6.79027720e-03  1.22768689e-08  2.99280846e+00 
 1.22968689e-08  6.20385943e-03  1.22968689e-08  2.99343975e+00 
 1.23168689e-08  5.66762425e-03  1.23168689e-08  2.99401537e+00 
 1.23368689e-08  5.17735180e-03  1.23368689e-08  2.99454027e+00 
 1.23568689e-08  4.72916501e-03  1.23568689e-08  2.99501895e+00 
 1.23768689e-08  4.31950374e-03  1.23768689e-08  2.99545551e+00 
 1.23968689e-08  3.94510052e-03  1.23968689e-08  2.99585367e+00 
 1.24168689e-08  3.60295785e-03  1.24168689e-08  2.99621684e+00 
 1.24368689e-08  3.29032708e-03  1.24368689e-08  2.99654811e+00 
 1.24568689e-08  3.00468871e-03  1.24568689e-08  2.99685029e+00 
 1.24768689e-08  2.74373410e-03  1.24768689e-08  2.99712595e+00 
 1.24968689e-08  2.50534853e-03  1.24968689e-08  2.99737743e+00 
 1.25168689e-08  2.28759547e-03  1.25168689e-08  2.99760686e+00 
 1.25368689e-08  2.08870206e-03  1.25368689e-08  2.99781617e+00 
 1.25568689e-08  1.90704568e-03  1.25568689e-08  2.99800715e+00 
 1.25768689e-08  1.74114155e-03  1.25768689e-08  2.99818139e+00 
 1.25968689e-08  1.58963132e-03  1.25968689e-08  2.99834038e+00 
 1.26168689e-08  1.45127255e-03  1.26168689e-08  2.99848544e+00 
 1.26368689e-08  1.32492898e-03  1.26368689e-08  2.99861781e+00 
 1.26568689e-08  1.20956168e-03  1.26568689e-08  2.99873860e+00 
 1.26768689e-08  1.10422081e-03  1.26768689e-08  2.99884881e+00 
 1.26968689e-08  1.00803813e-03  1.26968689e-08  2.99894939e+00 
 1.27168689e-08  9.20220057e-04  1.27168689e-08  2.99904117e+00 
 1.27368689e-08  8.40041360e-04  1.27368689e-08  2.99912493e+00 
 1.27568689e-08  7.66839324e-04  1.27568689e-08  2.99920136e+00 
 1.27768689e-08  7.00008426e-04  1.27768689e-08  2.99927111e+00 
 1.27968689e-08  6.38995443e-04  1.27968689e-08  2.99933477e+00 
 1.28168689e-08  5.83294984e-04  1.28168689e-08  2.99939286e+00 
 1.28368689e-08  5.32445380e-04  1.28368689e-08  2.99944588e+00 
 1.28568689e-08  4.86024937e-04  1.28568689e-08  2.99949426e+00 
 1.28768689e-08  4.43648494e-04  1.28768689e-08  2.99953842e+00 
 1.28968689e-08  4.04964282e-04  1.28968689e-08  2.99957872e+00 
 1.29168689e-08  3.69651043e-04  1.29168689e-08  2.99961550e+00 
 1.29368689e-08  3.37415400e-04  1.29368689e-08  2.99964907e+00 
 1.29568689e-08  3.07989446e-04  1.29568689e-08  2.99967970e+00 
 1.29768689e-08  2.81128546e-04  1.29768689e-08  2.99970766e+00 
 1.29968689e-08  2.56609323e-04  1.29968689e-08  2.99973318e+00 
 1.30168689e-08  2.34227817e-04  1.30168689e-08  2.99975647e+00 
 1.30368689e-08  2.13797802e-04  1.30368689e-08  2.99977773e+00 
 1.30568689e-08  1.95149250e-04  1.30568689e-08  2.99979713e+00 
 1.30768689e-08  1.78126929e-04  1.30768689e-08  2.99981484e+00 
 1.30968689e-08  1.62589112e-04  1.30968689e-08  2.99983100e+00 
 1.31168689e-08  1.48406412e-04  1.31168689e-08  2.99984575e+00 
 1.31368689e-08  1.35460706e-04  1.31368689e-08  2.99985921e+00 
 1.31568689e-08  1.23644157e-04  1.31568689e-08  2.99987150e+00 
 1.31768689e-08  1.12858321e-04  1.31768689e-08  2.99988271e+00 
 1.31968689e-08  1.03013329e-04  1.31968689e-08  2.99989295e+00 
 1.32168689e-08  9.40271429e-05  1.32168689e-08  2.99990229e+00 
 1.32368689e-08  8.58248711e-05  1.32368689e-08  2.99991082e+00 
 1.32568689e-08  7.83381502e-05  1.32568689e-08  2.99991860e+00 
 1.32768689e-08  7.15045747e-05  1.32768689e-08  2.99992570e+00 
 1.32968689e-08  6.52671786e-05  1.32968689e-08  2.99993219e+00 
 1.33168689e-08  5.95739623e-05  1.33168689e-08  2.99993811e+00 
 1.33368689e-08  5.43774592e-05  1.33368689e-08  2.99994351e+00 
 1.33568689e-08  4.96343417e-05  1.33568689e-08  2.99994844e+00 
 1.33768689e-08  4.53050599e-05  1.33768689e-08  2.99995294e+00 
 1.33968689e-08  4.13535128e-05  1.33968689e-08  2.99995704e+00 
 1.34168689e-08  3.77467477e-05  1.34168689e-08  2.99996079e+00 
 1.34368689e-08  3.44546858e-05  1.34368689e-08  2.99996421e+00 
 1.34568689e-08  3.14498718e-05  1.34568689e-08  2.99996733e+00 
 1.34768689e-08  2.87072448e-05  1.34768689e-08  2.99997018e+00 
 1.34968689e-08  2.62039300e-05  1.34968689e-08  2.99997278e+00 
 1.35168689e-08  2.39190479e-05  1.35168689e-08  2.99997516e+00 
 1.35368689e-08  2.18335404e-05  1.35368689e-08  2.99997733e+00 
 1.35568689e-08  1.99300119e-05  1.35568689e-08  2.99997930e+00 
 1.35768689e-08  1.81925842e-05  1.35768689e-08  2.99998111e+00 
 1.35968689e-08  1.66067647e-05  1.35968689e-08  2.99998276e+00 
 1.36168689e-08  1.51593247e-05  1.36168689e-08  2.99998426e+00 
 1.36368689e-08  1.38381899e-05  1.36368689e-08  2.99998563e+00 
 1.36568689e-08  1.26323393e-05  1.36568689e-08  2.99998689e+00 
 1.36768689e-08  1.15317136e-05  1.36768689e-08  2.99998803e+00 
 1.36968689e-08  1.05271310e-05  1.36968689e-08  2.99998907e+00 
 1.37168689e-08  9.61021096e-06  1.37168689e-08  2.99999003e+00 
 1.37368689e-08  8.77330409e-06  1.37368689e-08  2.99999090e+00 
 1.37568689e-08  8.00942844e-06  1.37568689e-08  2.99999169e+00 
 1.37768689e-08  7.31221126e-06  1.37768689e-08  2.99999241e+00 
 1.37968689e-08  6.67583588e-06  1.37968689e-08  2.99999308e+00 
 1.38168689e-08  6.09499314e-06  1.38168689e-08  2.99999368e+00 
 1.38368689e-08  5.56483717e-06  1.38368689e-08  2.99999423e+00 
 1.38568689e-08  5.08094491e-06  1.38568689e-08  2.99999473e+00 
 1.38768689e-08  4.63927929e-06  1.38768689e-08  2.99999519e+00 
 1.38968689e-08  4.23615548e-06  1.38968689e-08  2.99999561e+00 
 1.39168689e-08  3.86821020e-06  1.39168689e-08  2.99999599e+00 
 1.39368689e-08  3.53237365e-06  1.39368689e-08  2.99999634e+00 
 1.39568689e-08  3.22584390e-06  1.39568689e-08  2.99999666e+00 
 1.39768689e-08  2.94606352e-06  1.39768689e-08  2.99999695e+00 
 1.39968689e-08  2.69069826e-06  1.39968689e-08  2.99999722e+00 
 1.40168689e-08  2.45761754e-06  1.40168689e-08  2.99999746e+00 
 1.40368689e-08  2.24487672e-06  1.40368689e-08  2.99999768e+00 
 1.40568689e-08  2.05070083e-06  1.40568689e-08  2.99999788e+00 
 1.40768689e-08  1.87346982e-06  1.40768689e-08  2.99999806e+00 
 1.40968689e-08  1.71170500e-06  1.40968689e-08  2.99999823e+00 
 1.41168689e-08  1.56405669e-06  1.41168689e-08  2.99999839e+00 
 1.41368689e-08  1.42929303e-06  1.41368689e-08  2.99999853e+00 
 1.41568689e-08  1.30628963e-06  1.41568689e-08  2.99999865e+00 
 1.41768689e-08  1.19402023e-06  1.41768689e-08  2.99999877e+00 
 1.41968689e-08  1.09154812e-06  1.41968689e-08  2.99999888e+00 
 1.42168689e-08  9.98018338e-07  1.42168689e-08  2.99999897e+00 
 1.42368689e-08  9.12650523e-07  1.42368689e-08  2.99999906e+00 
 1.42568689e-08  8.34732415e-07  1.42568689e-08  2.99999914e+00 
 1.42768689e-08  7.63613912e-07  1.42768689e-08  2.99999922e+00 
 1.42968689e-08  6.98701641e-07  1.42968689e-08  2.99999929e+00 
 1.43168689e-08  6.39454009e-07  1.43168689e-08  2.99999935e+00 
 1.43368689e-08  5.85376689e-07  1.43368689e-08  2.99999940e+00 
 1.43568689e-08  5.36018487e-07  1.43568689e-08  2.99999945e+00 
 1.43768689e-08  4.90967585e-07  1.43768689e-08  2.99999950e+00 
 1.43968689e-08  4.49848101e-07  1.43968689e-08  2.99999954e+00 
 1.44168689e-08  4.12316958e-07  1.44168689e-08  2.99999958e+00 
 1.44368689e-08  3.78061015e-07  1.44368689e-08  2.99999962e+00 
 1.44568689e-08  3.46794459e-07  1.44568689e-08  2.99999965e+00 
 1.44768689e-08  3.18256416e-07  1.44768689e-08  2.99999968e+00 
 1.44968689e-08  2.92208781e-07  1.44968689e-08  2.99999971e+00 
 1.45168689e-08  2.68434225e-07  1.45168689e-08  2.99999973e+00 
 1.45368689e-08  2.46734385e-07  1.45368689e-08  2.99999976e+00 
 1.45568689e-08  2.26928209e-07  1.45568689e-08  2.99999978e+00 
 1.45768689e-08  2.08850444e-07  1.45768689e-08  2.99999979e+00 
 1.45968689e-08  1.92350258e-07  1.45968689e-08  2.99999981e+00 
 1.46168689e-08  1.77289983e-07  1.46168689e-08  2.99999983e+00 
 1.46368689e-08  1.63543960e-07  1.46368689e-08  2.99999984e+00 
 1.46568689e-08  1.50997503e-07  1.46568689e-08  2.99999985e+00 
 1.46768689e-08  1.39545928e-07  1.46768689e-08  2.99999987e+00 
 1.46968689e-08  1.29093689e-07  1.46968689e-08  2.99999988e+00 
 1.47168689e-08  1.19553580e-07  1.47168689e-08  2.99999989e+00 
 1.47368689e-08  1.10846000e-07  1.47368689e-08  2.99999990e+00 
 1.47568689e-08  1.02898299e-07  1.47568689e-08  2.99999990e+00 
 1.47768689e-08  9.56441633e-08  1.47768689e-08  2.99999991e+00 
 1.47968689e-08  8.90230685e-08  1.47968689e-08  2.99999992e+00 
 1.48168689e-08  8.29797725e-08  1.48168689e-08  2.99999993e+00 
 1.48368689e-08  7.74638537e-08  1.48368689e-08  2.99999993e+00 
 1.48568689e-08  7.24292885e-08  1.48568689e-08  2.99999994e+00 
 1.48768689e-08  6.78340726e-08  1.48768689e-08  2.99999994e+00 
 1.48968689e-08  6.36398638e-08  1.48968689e-08  2.99999995e+00 
 1.49168689e-08  5.98116680e-08  1.49168689e-08  2.99999995e+00 
 1.49368689e-08  5.63175441e-08  1.49368689e-08  2.99999995e+00 
 1.49568689e-08  5.31283400e-08  1.49568689e-08  2.99999996e+00 
 1.49768689e-08  5.02174463e-08  1.49768689e-08  2.99999996e+00 
 1.49968689e-08  4.75605756e-08  1.49968689e-08  2.99999996e+00 
 1.50168689e-08  4.51355594e-08  1.50168689e-08  2.99999996e+00 
 1.50368689e-08  4.29221662e-08  1.50368689e-08  2.99999997e+00 
 1.50568689e-08  4.09019279e-08  1.50568689e-08  2.99999997e+00 
 1.50768689e-08  3.90579873e-08  1.50768689e-08  2.99999997e+00 
 1.50968689e-08  3.73749618e-08  1.50968689e-08  2.99999997e+00 
 1.51168689e-08  3.58388085e-08  1.51168689e-08  2.99999997e+00 
 1.51368689e-08  3.44367085e-08  1.51368689e-08  2.99999998e+00 
 1.51568689e-08  3.31569651e-08  1.51568689e-08  2.99999998e+00 
 1.51768689e-08  3.19888998e-08  1.51768689e-08  2.99999998e+00 
 1.51968689e-08  3.09227667e-08  1.51968689e-08  2.99999998e+00 
 1.52168689e-08  2.99496713e-08  1.52168689e-08  2.99999998e+00 
 1.52368689e-08  2.90614950e-08  1.52368689e-08  2.99999998e+00 
 1.52568689e-08  2.82508267e-08  1.52568689e-08  2.99999998e+00 
 1.52768689e-08  2.75109008e-08  1.52768689e-08  2.99999998e+00 
 1.52968689e-08  2.68355459e-08  1.52968689e-08  2.99999998e+00 
 1.53168689e-08  2.62191276e-08  1.53168689e-08  2.99999998e+00 
 1.53368689e-08  2.56565009e-08  1.53368689e-08  2.99999998e+00 
 1.53568689e-08  2.51429723e-08  1.53568689e-08  2.99999999e+00 
 1.53768689e-08  2.46742597e-08  1.53768689e-08  2.99999999e+00 
 1.53968689e-08  2.42464495e-08  1.53968689e-08  2.99999999e+00 
 1.54168689e-08  2.38559727e-08  1.54168689e-08  2.99999999e+00 
 1.54368689e-08  2.34995701e-08  1.54368689e-08  2.99999999e+00 
 1.54568689e-08  2.31742699e-08  1.54568689e-08  2.99999999e+00 
 1.54768689e-08  2.28773570e-08  1.54768689e-08  2.99999999e+00 
 1.54968689e-08  2.26063557e-08  1.54968689e-08  2.99999999e+00 
 1.55168689e-08  2.23590024e-08  1.55168689e-08  2.99999999e+00 
 1.55368689e-08  2.21332353e-08  1.55368689e-08  2.99999999e+00 
 1.55568689e-08  2.19271707e-08  1.55568689e-08  2.99999999e+00 
 1.55768689e-08  2.17390885e-08  1.55768689e-08  2.99999999e+00 
 1.55968689e-08  2.15674205e-08  1.55968689e-08  2.99999999e+00 
 1.56168689e-08  2.14107327e-08  1.56168689e-08  2.99999999e+00 
 1.56368689e-08  2.12677175e-08  1.56368689e-08  2.99999999e+00 
 1.56568689e-08  2.11371825e-08  1.56568689e-08  2.99999999e+00 
 1.56768689e-08  2.10180395e-08  1.56768689e-08  2.99999999e+00 
 1.56968689e-08  2.09092935e-08  1.56968689e-08  2.99999999e+00 
 1.57168689e-08  2.08100378e-08  1.57168689e-08  2.99999999e+00 
 1.57368689e-08  2.07194436e-08  1.57368689e-08  2.99999999e+00 
 1.57568689e-08  2.06367559e-08  1.57568689e-08  2.99999999e+00 
 1.57768689e-08  2.05612840e-08  1.57768689e-08  2.99999999e+00 
 1.57968689e-08  2.04923982e-08  1.57968689e-08  2.99999999e+00 
 1.58168689e-08  2.04295227e-08  1.58168689e-08  2.99999999e+00 
 1.58368689e-08  2.03721347e-08  1.58368689e-08  2.99999999e+00 
 1.58568689e-08  2.03197545e-08  1.58568689e-08  2.99999999e+00 
 1.58768689e-08  2.02719448e-08  1.58768689e-08  2.99999999e+00 
 1.58968689e-08  2.02283089e-08  1.58968689e-08  2.99999999e+00 
 1.59168689e-08  2.01884804e-08  1.59168689e-08  2.99999999e+00 
 1.59368689e-08  2.01521271e-08  1.59368689e-08  2.99999999e+00 
 1.59568689e-08  2.01189469e-08  1.59568689e-08  2.99999999e+00 
 1.59768689e-08  2.00886619e-08  1.59768689e-08  2.99999999e+00 
 1.59968689e-08  2.00610193e-08  1.59968689e-08  2.99999999e+00 
 1.60168689e-08  2.00357879e-08  1.60168689e-08  2.99999999e+00 
 1.60368689e-08  2.00127584e-08  1.60368689e-08  2.99999999e+00 
 1.60568689e-08  1.99917393e-08  1.60568689e-08  2.99999999e+00 
 1.60768689e-08  1.99725553e-08  1.60768689e-08  2.99999999e+00 
 1.60968689e-08  1.99550444e-08  1.60968689e-08  2.99999999e+00 
 1.61168689e-08  1.99390626e-08  1.61168689e-08  2.99999999e+00 
 1.61368689e-08  1.99244755e-08  1.61368689e-08  2.99999999e+00 
 1.61568689e-08  1.99111616e-08  1.61568689e-08  2.99999999e+00 
 1.61768689e-08  1.98990090e-08  1.61768689e-08  2.99999999e+00 
 1.61968689e-08  1.98879177e-08  1.61968689e-08  2.99999999e+00 
 1.62168689e-08  1.98777940e-08  1.62168689e-08  2.99999999e+00 
 1.62368689e-08  1.98685529e-08  1.62368689e-08  2.99999999e+00 
 1.62568689e-08  1.98601185e-08  1.62568689e-08  2.99999999e+00 
 1.62768689e-08  1.98524206e-08  1.62768689e-08  2.99999999e+00 
 1.62968689e-08  1.98453943e-08  1.62968689e-08  2.99999999e+00 
 1.63168689e-08  1.98389822e-08  1.63168689e-08  2.99999999e+00 
 1.63368689e-08  1.98331278e-08  1.63368689e-08  2.99999999e+00 
 1.63568689e-08  1.98277843e-08  1.63568689e-08  2.99999999e+00 
 1.63768689e-08  1.98229088e-08  1.63768689e-08  2.99999999e+00 
 1.63968689e-08  1.98184574e-08  1.63968689e-08  2.99999999e+00 
 1.64168689e-08  1.98143953e-08  1.64168689e-08  2.99999999e+00 
 1.64368689e-08  1.98106871e-08  1.64368689e-08  2.99999999e+00 
 1.64568689e-08  1.98073026e-08  1.64568689e-08  2.99999999e+00 
 1.64768689e-08  1.98042121e-08  1.64768689e-08  2.99999999e+00 
 1.64968689e-08  1.98013932e-08  1.64968689e-08  2.99999999e+00 
 1.65168689e-08  1.97988207e-08  1.65168689e-08  2.99999999e+00 
 1.65368689e-08  1.97964716e-08  1.65368689e-08  2.99999999e+00 
 1.65568689e-08  1.97943273e-08  1.65568689e-08  2.99999999e+00 
 1.65768689e-08  1.97923707e-08  1.65768689e-08  2.99999999e+00 
 1.65968689e-08  1.97905835e-08  1.65968689e-08  2.99999999e+00 
 1.66168689e-08  1.97889524e-08  1.66168689e-08  2.99999999e+00 
 1.66368689e-08  1.97874636e-08  1.66368689e-08  2.99999999e+00 
 1.66568689e-08  1.97861054e-08  1.66568689e-08  2.99999999e+00 
 1.66768689e-08  1.97848660e-08  1.66768689e-08  2.99999999e+00 
 1.66968689e-08  1.97837346e-08  1.66968689e-08  2.99999999e+00 
 1.67168689e-08  1.97827014e-08  1.67168689e-08  2.99999999e+00 
 1.67368689e-08  1.97817588e-08  1.67368689e-08  2.99999999e+00 
 1.67568689e-08  1.97808983e-08  1.67568689e-08  2.99999999e+00 
 1.67768689e-08  1.97801131e-08  1.67768689e-08  2.99999999e+00 
 1.67968689e-08  1.97793963e-08  1.67968689e-08  2.99999999e+00 
 1.68168689e-08  1.97787422e-08  1.68168689e-08  2.99999999e+00 
 1.68368689e-08  1.97781445e-08  1.68368689e-08  2.99999999e+00 
 1.68568689e-08  1.97775990e-08  1.68568689e-08  2.99999999e+00 
 1.68768689e-08  1.97771023e-08  1.68768689e-08  2.99999999e+00 
 1.68968689e-08  1.97766500e-08  1.68968689e-08  2.99999999e+00 
 1.69168689e-08  1.97762365e-08  1.69168689e-08  2.99999999e+00 
 1.69368689e-08  1.97758592e-08  1.69368689e-08  2.99999999e+00 
 1.69568689e-08  1.97755144e-08  1.69568689e-08  2.99999999e+00 
 1.69768689e-08  1.97751995e-08  1.69768689e-08  2.99999999e+00 
 1.69968689e-08  1.97749134e-08  1.69968689e-08  2.99999999e+00 
 1.70168689e-08  1.97746503e-08  1.70168689e-08  2.99999999e+00 
 1.70368689e-08  1.97744102e-08  1.70368689e-08  2.99999999e+00 
 1.70568689e-08  1.97741915e-08  1.70568689e-08  2.99999999e+00 
 1.70768689e-08  1.97739926e-08  1.70768689e-08  2.99999999e+00 
 1.70968689e-08  1.97738115e-08  1.70968689e-08  2.99999999e+00 
 1.71168689e-08  1.97736460e-08  1.71168689e-08  2.99999999e+00 
 1.71368689e-08  1.97734948e-08  1.71368689e-08  2.99999999e+00 
 1.71568689e-08  1.97733560e-08  1.71568689e-08  2.99999999e+00 
 1.71768689e-08  1.97732293e-08  1.71768689e-08  2.99999999e+00 
 1.71968689e-08  1.97731140e-08  1.71968689e-08  2.99999999e+00 
 1.72168689e-08  1.97730079e-08  1.72168689e-08  2.99999999e+00 
 1.72368689e-08  1.97729103e-08  1.72368689e-08  2.99999999e+00 
 1.72568689e-08  1.97728225e-08  1.72568689e-08  2.99999999e+00 
 1.72768689e-08  1.97727428e-08  1.72768689e-08  2.99999999e+00 
 1.72968689e-08  1.97726707e-08  1.72968689e-08  2.99999999e+00 
 1.73168689e-08  1.97726049e-08  1.73168689e-08  2.99999999e+00 
 1.73368689e-08  1.97725446e-08  1.73368689e-08  2.99999999e+00 
 1.73568689e-08  1.97724886e-08  1.73568689e-08  2.99999999e+00 
 1.73768689e-08  1.97724370e-08  1.73768689e-08  2.99999999e+00 
 1.73968689e-08  1.97723898e-08  1.73968689e-08  2.99999999e+00 
 1.74168689e-08  1.97723478e-08  1.74168689e-08  2.99999999e+00 
 1.74368689e-08  1.97723103e-08  1.74368689e-08  2.99999999e+00 
 1.74568689e-08  1.97722743e-08  1.74568689e-08  2.99999999e+00 
 1.74768689e-08  1.97722426e-08  1.74768689e-08  2.99999999e+00 
 1.74968689e-08  1.97722125e-08  1.74968689e-08  2.99999999e+00 
 1.75168689e-08  1.97721852e-08  1.75168689e-08  2.99999999e+00 
 1.75368689e-08  1.97721609e-08  1.75368689e-08  2.99999999e+00 
 1.75568689e-08  1.97721384e-08  1.75568689e-08  2.99999999e+00 
 1.75768689e-08  1.97721172e-08  1.75768689e-08  2.99999999e+00 
 1.75968689e-08  1.97720984e-08  1.75968689e-08  2.99999999e+00 
 1.76168689e-08  1.97720817e-08  1.76168689e-08  2.99999999e+00 
 1.76368689e-08  1.97720678e-08  1.76368689e-08  2.99999999e+00 
 1.76568689e-08  1.97720541e-08  1.76568689e-08  2.99999999e+00 
 1.76768689e-08  1.97720416e-08  1.76768689e-08  2.99999999e+00 
 1.76968689e-08  1.97720317e-08  1.76968689e-08  2.99999999e+00 
 1.77168689e-08  1.97720205e-08  1.77168689e-08  2.99999999e+00 
 1.77368689e-08  1.97720108e-08  1.77368689e-08  2.99999999e+00 
 1.77568689e-08  1.97720025e-08  1.77568689e-08  2.99999999e+00 
 1.77768689e-08  1.97719938e-08  1.77768689e-08  2.99999999e+00 
 1.77968689e-08  1.97719862e-08  1.77968689e-08  2.99999999e+00 
 1.78168689e-08  1.97719788e-08  1.78168689e-08  2.99999999e+00 
 1.78368689e-08  1.97719722e-08  1.78368689e-08  2.99999999e+00 
 1.78568689e-08  1.97719668e-08  1.78568689e-08  2.99999999e+00 
 1.78768689e-08  1.97719620e-08  1.78768689e-08  2.99999999e+00 
 1.78968689e-08  1.97719566e-08  1.78968689e-08  2.99999999e+00 
 1.79168689e-08  1.97719516e-08  1.79168689e-08  2.99999999e+00 
 1.79368689e-08  1.97719470e-08  1.79368689e-08  2.99999999e+00 
 1.79568689e-08  1.97719431e-08  1.79568689e-08  2.99999999e+00 
 1.79768689e-08  1.97719405e-08  1.79768689e-08  2.99999999e+00 
 1.79968689e-08  1.97719396e-08  1.79968689e-08  2.99999999e+00 
 1.80168689e-08  1.97719369e-08  1.80168689e-08  2.99999999e+00 
 1.80368689e-08  1.97719348e-08  1.80368689e-08  2.99999999e+00 
 1.80568689e-08  1.97719328e-08  1.80568689e-08  2.99999999e+00 
 1.80768689e-08  1.97719297e-08  1.80768689e-08  2.99999999e+00 
 1.80968689e-08  1.97719278e-08  1.80968689e-08  2.99999999e+00 
 1.81168689e-08  1.97719265e-08  1.81168689e-08  2.99999999e+00 
 1.81368689e-08  1.97719248e-08  1.81368689e-08  2.99999999e+00 
 1.81568689e-08  1.97719236e-08  1.81568689e-08  2.99999999e+00 
 1.81768689e-08  1.97719225e-08  1.81768689e-08  2.99999999e+00 
 1.81968689e-08  1.97719214e-08  1.81968689e-08  2.99999999e+00 
 1.82168689e-08  1.97719201e-08  1.82168689e-08  2.99999999e+00 
 1.82368689e-08  1.97719190e-08  1.82368689e-08  2.99999999e+00 
 1.82568689e-08  1.97719177e-08  1.82568689e-08  2.99999999e+00 
 1.82768689e-08  1.97719173e-08  1.82768689e-08  2.99999999e+00 
 1.82968689e-08  1.97719168e-08  1.82968689e-08  2.99999999e+00 
 1.83168689e-08  1.97719161e-08  1.83168689e-08  2.99999999e+00 
 1.83368689e-08  1.97719142e-08  1.83368689e-08  2.99999999e+00 
 1.83568689e-08  1.97719129e-08  1.83568689e-08  2.99999999e+00 
 1.83768689e-08  1.97719122e-08  1.83768689e-08  2.99999999e+00 
 1.83968689e-08  1.97719116e-08  1.83968689e-08  2.99999999e+00 
 1.84168689e-08  1.97719117e-08  1.84168689e-08  2.99999999e+00 
 1.84368689e-08  1.97719110e-08  1.84368689e-08  2.99999999e+00 
 1.84568689e-08  1.97719099e-08  1.84568689e-08  2.99999999e+00 
 1.84768689e-08  1.97719097e-08  1.84768689e-08  2.99999999e+00 
 1.84968689e-08  1.97719096e-08  1.84968689e-08  2.99999999e+00 
 1.85168689e-08  1.97719097e-08  1.85168689e-08  2.99999999e+00 
 1.85368689e-08  1.97719104e-08  1.85368689e-08  2.99999999e+00 
 1.85568689e-08  1.97719106e-08  1.85568689e-08  2.99999999e+00 
 1.85768689e-08  1.97719109e-08  1.85768689e-08  2.99999999e+00 
 1.85968689e-08  1.97719107e-08  1.85968689e-08  2.99999999e+00 
 1.86168689e-08  1.97719102e-08  1.86168689e-08  2.99999999e+00 
 1.86368689e-08  1.97719100e-08  1.86368689e-08  2.99999999e+00 
 1.86568689e-08  1.97719094e-08  1.86568689e-08  2.99999999e+00 
 1.86768689e-08  1.97719091e-08  1.86768689e-08  2.99999999e+00 
 1.86968689e-08  1.97719088e-08  1.86968689e-08  2.99999999e+00 
 1.87168689e-08  1.97719077e-08  1.87168689e-08  2.99999999e+00 
 1.87368689e-08  1.97719075e-08  1.87368689e-08  2.99999999e+00 
 1.87568689e-08  1.97719073e-08  1.87568689e-08  2.99999999e+00 
 1.87768689e-08  1.97719064e-08  1.87768689e-08  2.99999999e+00 
 1.87968689e-08  1.97719063e-08  1.87968689e-08  2.99999999e+00 
 1.88168689e-08  1.97719062e-08  1.88168689e-08  2.99999999e+00 
 1.88368689e-08  1.97719066e-08  1.88368689e-08  2.99999999e+00 
 1.88568689e-08  1.97719069e-08  1.88568689e-08  2.99999999e+00 
 1.88768689e-08  1.97719072e-08  1.88768689e-08  2.99999999e+00 
 1.88968689e-08  1.97719074e-08  1.88968689e-08  2.99999999e+00 
 1.89168689e-08  1.97719069e-08  1.89168689e-08  2.99999999e+00 
 1.89368689e-08  1.97719070e-08  1.89368689e-08  2.99999999e+00 
 1.89568689e-08  1.97719065e-08  1.89568689e-08  2.99999999e+00 
 1.89768689e-08  1.97719064e-08  1.89768689e-08  2.99999999e+00 
 1.89968689e-08  1.97719063e-08  1.89968689e-08  2.99999999e+00 
 1.90168689e-08  1.97719067e-08  1.90168689e-08  2.99999999e+00 
 1.90368689e-08  1.97719069e-08  1.90368689e-08  2.99999999e+00 
 1.90568689e-08  1.97719070e-08  1.90568689e-08  2.99999999e+00 
 1.90768689e-08  1.97719070e-08  1.90768689e-08  2.99999999e+00 
 1.90968689e-08  1.97719069e-08  1.90968689e-08  2.99999999e+00 
 1.91168689e-08  1.97719067e-08  1.91168689e-08  2.99999999e+00 
 1.91368689e-08  1.97719068e-08  1.91368689e-08  2.99999999e+00 
 1.91568689e-08  1.97719067e-08  1.91568689e-08  2.99999999e+00 
 1.91768689e-08  1.97719072e-08  1.91768689e-08  2.99999999e+00 
 1.91968689e-08  1.97719068e-08  1.91968689e-08  2.99999999e+00 
 1.92168689e-08  1.97719061e-08  1.92168689e-08  2.99999999e+00 
 1.92368689e-08  1.97719064e-08  1.92368689e-08  2.99999999e+00 
 1.92568689e-08  1.97719065e-08  1.92568689e-08  2.99999999e+00 
 1.92768689e-08  1.97719067e-08  1.92768689e-08  2.99999999e+00 
 1.92968689e-08  1.97719066e-08  1.92968689e-08  2.99999999e+00 
 1.93168689e-08  1.97719069e-08  1.93168689e-08  2.99999999e+00 
 1.93368689e-08  1.97719064e-08  1.93368689e-08  2.99999999e+00 
 1.93568689e-08  1.97719064e-08  1.93568689e-08  2.99999999e+00 
 1.93768689e-08  1.97719063e-08  1.93768689e-08  2.99999999e+00 
 1.93968689e-08  1.97719064e-08  1.93968689e-08  2.99999999e+00 
 1.94168689e-08  1.97719066e-08  1.94168689e-08  2.99999999e+00 
 1.94368689e-08  1.97719065e-08  1.94368689e-08  2.99999999e+00 
 1.94568689e-08  1.97719067e-08  1.94568689e-08  2.99999999e+00 
 1.94768689e-08  1.97719069e-08  1.94768689e-08  2.99999999e+00 
 1.94968689e-08  1.97719068e-08  1.94968689e-08  2.99999999e+00 
 1.95168689e-08  1.97719069e-08  1.95168689e-08  2.99999999e+00 
 1.95368689e-08  1.97719069e-08  1.95368689e-08  2.99999999e+00 
 1.95568689e-08  1.97719068e-08  1.95568689e-08  2.99999999e+00 
 1.95768689e-08  1.97719067e-08  1.95768689e-08  2.99999999e+00 
 1.95968689e-08  1.97719067e-08  1.95968689e-08  2.99999999e+00 
 1.96168689e-08  1.97719067e-08  1.96168689e-08  2.99999999e+00 
 1.96368689e-08  1.97719067e-08  1.96368689e-08  2.99999999e+00 
 1.96568689e-08  1.97719067e-08  1.96568689e-08  2.99999999e+00 
 1.96768689e-08  1.97719065e-08  1.96768689e-08  2.99999999e+00 
 1.96968689e-08  1.97719067e-08  1.96968689e-08  2.99999999e+00 
 1.97168689e-08  1.97719068e-08  1.97168689e-08  2.99999999e+00 
 1.97368689e-08  1.97719070e-08  1.97368689e-08  2.99999999e+00 
 1.97568689e-08  1.97719071e-08  1.97568689e-08  2.99999999e+00 
 1.97768689e-08  1.97719069e-08  1.97768689e-08  2.99999999e+00 
 1.97968689e-08  1.97719066e-08  1.97968689e-08  2.99999999e+00 
 1.98168689e-08  1.97719064e-08  1.98168689e-08  2.99999999e+00 
 1.98368689e-08  1.97719060e-08  1.98368689e-08  2.99999999e+00 
 1.98568689e-08  1.97719056e-08  1.98568689e-08  2.99999999e+00 
 1.98768689e-08  1.97719059e-08  1.98768689e-08  2.99999999e+00 
 1.98968689e-08  1.97719059e-08  1.98968689e-08  2.99999999e+00 
 1.99168689e-08  1.97719061e-08  1.99168689e-08  2.99999999e+00 
 1.99368689e-08  1.97719062e-08  1.99368689e-08  2.99999999e+00 
 1.99568689e-08  1.97719063e-08  1.99568689e-08  2.99999999e+00 
 1.99768689e-08  1.97719065e-08  1.99768689e-08  2.99999999e+00 
 1.99968689e-08  1.97719067e-08  1.99968689e-08  2.99999999e+00 
 2.00168689e-08  1.97719071e-08  2.00168689e-08  2.99999999e+00 
 2.00368689e-08  1.97719063e-08  2.00368689e-08  2.99999999e+00 
 2.00568689e-08  1.97719064e-08  2.00568689e-08  2.99999999e+00 
 2.00768689e-08  1.97719067e-08  2.00768689e-08  2.99999999e+00 
 2.00968689e-08  1.97719064e-08  2.00968689e-08  2.99999999e+00 
 2.01168689e-08  1.97719062e-08  2.01168689e-08  2.99999999e+00 
 2.01368689e-08  1.97719062e-08  2.01368689e-08  2.99999999e+00 
 2.01568689e-08  1.97719065e-08  2.01568689e-08  2.99999999e+00 
 2.01768689e-08  1.97719060e-08  2.01768689e-08  2.99999999e+00 
 2.01968689e-08  1.97719063e-08  2.01968689e-08  2.99999999e+00 
 2.02168689e-08  1.97719067e-08  2.02168689e-08  2.99999999e+00 
 2.02368689e-08  1.97719067e-08  2.02368689e-08  2.99999999e+00 
 2.02568689e-08  1.97719070e-08  2.02568689e-08  2.99999999e+00 
 2.02768689e-08  1.97719069e-08  2.02768689e-08  2.99999999e+00 
 2.02968689e-08  1.97719064e-08  2.02968689e-08  2.99999999e+00 
 2.03168689e-08  1.97719061e-08  2.03168689e-08  2.99999999e+00 
 2.03368689e-08  1.97719058e-08  2.03368689e-08  2.99999999e+00 
 2.03568689e-08  1.97719062e-08  2.03568689e-08  2.99999999e+00 
 2.03768689e-08  1.97719063e-08  2.03768689e-08  2.99999999e+00 
 2.03968689e-08  1.97719065e-08  2.03968689e-08  2.99999999e+00 
 2.04168689e-08  1.97719069e-08  2.04168689e-08  2.99999999e+00 
 2.04368689e-08  1.97719066e-08  2.04368689e-08  2.99999999e+00 
 2.04568689e-08  1.97719070e-08  2.04568689e-08  2.99999999e+00 
 2.04768689e-08  1.97719069e-08  2.04768689e-08  2.99999999e+00 
 2.04968689e-08  1.97719067e-08  2.04968689e-08  2.99999999e+00 
 2.05168689e-08  1.97719064e-08  2.05168689e-08  2.99999999e+00 
 2.05368689e-08  1.97719058e-08  2.05368689e-08  2.99999999e+00 
 2.05568689e-08  1.97719055e-08  2.05568689e-08  2.99999999e+00 
 2.05768689e-08  1.97719057e-08  2.05768689e-08  2.99999999e+00 
 2.05968689e-08  1.97719061e-08  2.05968689e-08  2.99999999e+00 
 2.06168689e-08  1.97719063e-08  2.06168689e-08  2.99999999e+00 
 2.06368689e-08  1.97719069e-08  2.06368689e-08  2.99999999e+00 
 2.06568689e-08  1.97719066e-08  2.06568689e-08  2.99999999e+00 
 2.06768689e-08  1.97719063e-08  2.06768689e-08  2.99999999e+00 
 2.06968689e-08  1.97719064e-08  2.06968689e-08  2.99999999e+00 
 2.07168689e-08  1.97719065e-08  2.07168689e-08  2.99999999e+00 
 2.07368689e-08  1.97719065e-08  2.07368689e-08  2.99999999e+00 
 2.07568689e-08  1.97719074e-08  2.07568689e-08  2.99999999e+00 
 2.07768689e-08  1.97719067e-08  2.07768689e-08  2.99999999e+00 
 2.07968689e-08  1.97719070e-08  2.07968689e-08  2.99999999e+00 
 2.08168689e-08  1.97719077e-08  2.08168689e-08  2.99999999e+00 
 2.08368689e-08  1.97719081e-08  2.08368689e-08  2.99999999e+00 
 2.08568689e-08  1.97719080e-08  2.08568689e-08  2.99999999e+00 
 2.08768689e-08  1.97719079e-08  2.08768689e-08  2.99999999e+00 
 2.08968689e-08  1.97719075e-08  2.08968689e-08  2.99999999e+00 
 2.09168689e-08  1.97719074e-08  2.09168689e-08  2.99999999e+00 
 2.09368689e-08  1.97719074e-08  2.09368689e-08  2.99999999e+00 
 2.09568689e-08  1.97719075e-08  2.09568689e-08  2.99999999e+00 
 2.09768689e-08  1.97719072e-08  2.09768689e-08  2.99999999e+00 
 2.09968689e-08  1.97719065e-08  2.09968689e-08  2.99999999e+00 
 2.10168689e-08  1.97719063e-08  2.10168689e-08  2.99999999e+00 
 2.10368689e-08  1.97719060e-08  2.10368689e-08  2.99999999e+00 
 2.10568689e-08  1.97719062e-08  2.10568689e-08  2.99999999e+00 
 2.10768689e-08  1.97719066e-08  2.10768689e-08  2.99999999e+00 
 2.10968689e-08  1.97719069e-08  2.10968689e-08  2.99999999e+00 
 2.11168689e-08  1.97719069e-08  2.11168689e-08  2.99999999e+00 
 2.11368689e-08  1.97719070e-08  2.11368689e-08  2.99999999e+00 
 2.11568689e-08  1.97719071e-08  2.11568689e-08  2.99999999e+00 
 2.11768689e-08  1.97719072e-08  2.11768689e-08  2.99999999e+00 
 2.11968689e-08  1.97719077e-08  2.11968689e-08  2.99999999e+00 
 2.12168689e-08  1.97719079e-08  2.12168689e-08  2.99999999e+00 
 2.12368689e-08  1.97719082e-08  2.12368689e-08  2.99999999e+00 
 2.12568689e-08  1.97719082e-08  2.12568689e-08  2.99999999e+00 
 2.12768689e-08  1.97719077e-08  2.12768689e-08  2.99999999e+00 
 2.12968689e-08  1.97719070e-08  2.12968689e-08  2.99999999e+00 
 2.13168689e-08  1.97719063e-08  2.13168689e-08  2.99999999e+00 
 2.13368689e-08  1.97719061e-08  2.13368689e-08  2.99999999e+00 
 2.13568689e-08  1.97719055e-08  2.13568689e-08  2.99999999e+00 
 2.13768689e-08  1.97719059e-08  2.13768689e-08  2.99999999e+00 
 2.13968689e-08  1.97719064e-08  2.13968689e-08  2.99999999e+00 
 2.14168689e-08  1.97719066e-08  2.14168689e-08  2.99999999e+00 
 2.14368689e-08  1.97719063e-08  2.14368689e-08  2.99999999e+00 
 2.14568689e-08  1.97719068e-08  2.14568689e-08  2.99999999e+00 
 2.14768689e-08  1.97719068e-08  2.14768689e-08  2.99999999e+00 
 2.14968689e-08  1.97719068e-08  2.14968689e-08  2.99999999e+00 
 2.15168689e-08  1.97719071e-08  2.15168689e-08  2.99999999e+00 
 2.15368689e-08  1.97719070e-08  2.15368689e-08  2.99999999e+00 
 2.15568689e-08  1.97719068e-08  2.15568689e-08  2.99999999e+00 
 2.15768689e-08  1.97719069e-08  2.15768689e-08  2.99999999e+00 
 2.15968689e-08  1.97719069e-08  2.15968689e-08  2.99999999e+00 
 2.16168689e-08  1.97719067e-08  2.16168689e-08  2.99999999e+00 
 2.16368689e-08  1.97719068e-08  2.16368689e-08  2.99999999e+00 
 2.16568689e-08  1.97719072e-08  2.16568689e-08  2.99999999e+00 
 2.16768689e-08  1.97719077e-08  2.16768689e-08  2.99999999e+00 
 2.16968689e-08  1.97719073e-08  2.16968689e-08  2.99999999e+00 
 2.17168689e-08  1.97719073e-08  2.17168689e-08  2.99999999e+00 
 2.17368689e-08  1.97719074e-08  2.17368689e-08  2.99999999e+00 
 2.17568689e-08  1.97719070e-08  2.17568689e-08  2.99999999e+00 
 2.17768689e-08  1.97719070e-08  2.17768689e-08  2.99999999e+00 
 2.17968689e-08  1.97719067e-08  2.17968689e-08  2.99999999e+00 
 2.18168689e-08  1.97719066e-08  2.18168689e-08  2.99999999e+00 
 2.18368689e-08  1.97719069e-08  2.18368689e-08  2.99999999e+00 
 2.18568689e-08  1.97719062e-08  2.18568689e-08  2.99999999e+00 
 2.18768689e-08  1.97719065e-08  2.18768689e-08  2.99999999e+00 
 2.18968689e-08  1.97719059e-08  2.18968689e-08  2.99999999e+00 
 2.19168689e-08  1.97719059e-08  2.19168689e-08  2.99999999e+00 
 2.19368689e-08  1.97719062e-08  2.19368689e-08  2.99999999e+00 
 2.19568689e-08  1.97719065e-08  2.19568689e-08  2.99999999e+00 
 2.19768689e-08  1.97719061e-08  2.19768689e-08  2.99999999e+00 
 2.19968689e-08  1.97719064e-08  2.19968689e-08  2.99999999e+00 
 2.20168689e-08  1.97719063e-08  2.20168689e-08  2.99999999e+00 
 2.20368689e-08  1.97719057e-08  2.20368689e-08  2.99999999e+00 
 2.20568689e-08  1.97719056e-08  2.20568689e-08  2.99999999e+00 
 2.20768689e-08  1.97719060e-08  2.20768689e-08  2.99999999e+00 
 2.20968689e-08  1.97719064e-08  2.20968689e-08  2.99999999e+00 
 2.21168689e-08  1.97719068e-08  2.21168689e-08  2.99999999e+00 
 2.21368689e-08  1.97719070e-08  2.21368689e-08  2.99999999e+00 
 2.21568689e-08  1.97719068e-08  2.21568689e-08  2.99999999e+00 
 2.21768689e-08  1.97719070e-08  2.21768689e-08  2.99999999e+00 
 2.21968689e-08  1.97719066e-08  2.21968689e-08  2.99999999e+00 
 2.22168689e-08  1.97719069e-08  2.22168689e-08  2.99999999e+00 
 2.22368689e-08  1.97719066e-08  2.22368689e-08  2.99999999e+00 
 2.22568689e-08  1.97719069e-08  2.22568689e-08  2.99999999e+00 
 2.22768689e-08  1.97719069e-08  2.22768689e-08  2.99999999e+00 
 2.22968689e-08  1.97719066e-08  2.22968689e-08  2.99999999e+00 
 2.23168689e-08  1.97719071e-08  2.23168689e-08  2.99999999e+00 
 2.23368689e-08  1.97719072e-08  2.23368689e-08  2.99999999e+00 
 2.23568689e-08  1.97719073e-08  2.23568689e-08  2.99999999e+00 
 2.23768689e-08  1.97719069e-08  2.23768689e-08  2.99999999e+00 
 2.23968689e-08  1.97719070e-08  2.23968689e-08  2.99999999e+00 
 2.24168689e-08  1.97719072e-08  2.24168689e-08  2.99999999e+00 
 2.24368689e-08  1.97719072e-08  2.24368689e-08  2.99999999e+00 
 2.24568689e-08  1.97719071e-08  2.24568689e-08  2.99999999e+00 
 2.24768689e-08  1.97719067e-08  2.24768689e-08  2.99999999e+00 
 2.24968689e-08  1.97719063e-08  2.24968689e-08  2.99999999e+00 
 2.25168689e-08  1.97719068e-08  2.25168689e-08  2.99999999e+00 
 2.25368689e-08  1.97719066e-08  2.25368689e-08  2.99999999e+00 
 2.25568689e-08  1.97719063e-08  2.25568689e-08  2.99999999e+00 
 2.25768689e-08  1.97719065e-08  2.25768689e-08  2.99999999e+00 
 2.25968689e-08  1.97719068e-08  2.25968689e-08  2.99999999e+00 
 2.26168689e-08  1.97719066e-08  2.26168689e-08  2.99999999e+00 
 2.26368689e-08  1.97719063e-08  2.26368689e-08  2.99999999e+00 
 2.26568689e-08  1.97719059e-08  2.26568689e-08  2.99999999e+00 
 2.26768689e-08  1.97719058e-08  2.26768689e-08  2.99999999e+00 
 2.26968689e-08  1.97719063e-08  2.26968689e-08  2.99999999e+00 
 2.27168689e-08  1.97719063e-08  2.27168689e-08  2.99999999e+00 
 2.27368689e-08  1.97719065e-08  2.27368689e-08  2.99999999e+00 
 2.27568689e-08  1.97719067e-08  2.27568689e-08  2.99999999e+00 
 2.27768689e-08  1.97719067e-08  2.27768689e-08  2.99999999e+00 
 2.27968689e-08  1.97719065e-08  2.27968689e-08  2.99999999e+00 
 2.28168689e-08  1.97719064e-08  2.28168689e-08  2.99999999e+00 
 2.28368689e-08  1.97719063e-08  2.28368689e-08  2.99999999e+00 
 2.28568689e-08  1.97719067e-08  2.28568689e-08  2.99999999e+00 
 2.28768689e-08  1.97719067e-08  2.28768689e-08  2.99999999e+00 
 2.28968689e-08  1.97719067e-08  2.28968689e-08  2.99999999e+00 
 2.29168689e-08  1.97719067e-08  2.29168689e-08  2.99999999e+00 
 2.29368689e-08  1.97719071e-08  2.29368689e-08  2.99999999e+00 
 2.29568689e-08  1.97719070e-08  2.29568689e-08  2.99999999e+00 
 2.29768689e-08  1.97719071e-08  2.29768689e-08  2.99999999e+00 
 2.29968689e-08  1.97719073e-08  2.29968689e-08  2.99999999e+00 
 2.30168689e-08  1.97719072e-08  2.30168689e-08  2.99999999e+00 
 2.30368689e-08  1.97719071e-08  2.30368689e-08  2.99999999e+00 
 2.30568689e-08  1.97719077e-08  2.30568689e-08  2.99999999e+00 
 2.30768689e-08  1.97719076e-08  2.30768689e-08  2.99999999e+00 
 2.30968689e-08  1.97719074e-08  2.30968689e-08  2.99999999e+00 
 2.31168689e-08  1.97719065e-08  2.31168689e-08  2.99999999e+00 
 2.31368689e-08  1.97719065e-08  2.31368689e-08  2.99999999e+00 
 2.31568689e-08  1.97719069e-08  2.31568689e-08  2.99999999e+00 
 2.31768689e-08  1.97719071e-08  2.31768689e-08  2.99999999e+00 
 2.31968689e-08  1.97719071e-08  2.31968689e-08  2.99999999e+00 
 2.32168689e-08  1.97719073e-08  2.32168689e-08  2.99999999e+00 
 2.32368689e-08  1.97719072e-08  2.32368689e-08  2.99999999e+00 
 2.32568689e-08  1.97719075e-08  2.32568689e-08  2.99999999e+00 
 2.32768689e-08  1.97719079e-08  2.32768689e-08  2.99999999e+00 
 2.32968689e-08  1.97719076e-08  2.32968689e-08  2.99999999e+00 
 2.33168689e-08  1.97719076e-08  2.33168689e-08  2.99999999e+00 
 2.33368689e-08  1.97719078e-08  2.33368689e-08  2.99999999e+00 
 2.33568689e-08  1.97719078e-08  2.33568689e-08  2.99999999e+00 
 2.33768689e-08  1.97719072e-08  2.33768689e-08  2.99999999e+00 
 2.33968689e-08  1.97719067e-08  2.33968689e-08  2.99999999e+00 
 2.34168689e-08  1.97719068e-08  2.34168689e-08  2.99999999e+00 
 2.34368689e-08  1.97719068e-08  2.34368689e-08  2.99999999e+00 
 2.34568689e-08  1.97719074e-08  2.34568689e-08  2.99999999e+00 
 2.34768689e-08  1.97719074e-08  2.34768689e-08  2.99999999e+00 
 2.34968689e-08  1.97719068e-08  2.34968689e-08  2.99999999e+00 
 2.35168689e-08  1.97719071e-08  2.35168689e-08  2.99999999e+00 
 2.35368689e-08  1.97719069e-08  2.35368689e-08  2.99999999e+00 
 2.35568689e-08  1.97719070e-08  2.35568689e-08  2.99999999e+00 
 2.35768689e-08  1.97719075e-08  2.35768689e-08  2.99999999e+00 
 2.35968689e-08  1.97719077e-08  2.35968689e-08  2.99999999e+00 
 2.36168689e-08  1.97719072e-08  2.36168689e-08  2.99999999e+00 
 2.36368689e-08  1.97719066e-08  2.36368689e-08  2.99999999e+00 
 2.36568689e-08  1.97719068e-08  2.36568689e-08  2.99999999e+00 
 2.36768689e-08  1.97719069e-08  2.36768689e-08  2.99999999e+00 
 2.36968689e-08  1.97719066e-08  2.36968689e-08  2.99999999e+00 
 2.37168689e-08  1.97719070e-08  2.37168689e-08  2.99999999e+00 
 2.37368689e-08  1.97719064e-08  2.37368689e-08  2.99999999e+00 
 2.37568689e-08  1.97719068e-08  2.37568689e-08  2.99999999e+00 
 2.37768689e-08  1.97719072e-08  2.37768689e-08  2.99999999e+00 
 2.37968689e-08  1.97719070e-08  2.37968689e-08  2.99999999e+00 
 2.38168689e-08  1.97719068e-08  2.38168689e-08  2.99999999e+00 
 2.38368689e-08  1.97719069e-08  2.38368689e-08  2.99999999e+00 
 2.38568689e-08  1.97719071e-08  2.38568689e-08  2.99999999e+00 
 2.38768689e-08  1.97719067e-08  2.38768689e-08  2.99999999e+00 
 2.38968689e-08  1.97719068e-08  2.38968689e-08  2.99999999e+00 
 2.39168689e-08  1.97719066e-08  2.39168689e-08  2.99999999e+00 
 2.39368689e-08  1.97719066e-08  2.39368689e-08  2.99999999e+00 
 2.39568689e-08  1.97719064e-08  2.39568689e-08  2.99999999e+00 
 2.39768689e-08  1.97719062e-08  2.39768689e-08  2.99999999e+00 
 2.39968689e-08  1.97719064e-08  2.39968689e-08  2.99999999e+00 
 2.40168689e-08  1.97719070e-08  2.40168689e-08  2.99999999e+00 
 2.40368689e-08  1.97719066e-08  2.40368689e-08  2.99999999e+00 
 2.40568689e-08  1.97719064e-08  2.40568689e-08  2.99999999e+00 
 2.40768689e-08  1.97719061e-08  2.40768689e-08  2.99999999e+00 
 2.40968689e-08  1.97719058e-08  2.40968689e-08  2.99999999e+00 
 2.41168689e-08  1.97719061e-08  2.41168689e-08  2.99999999e+00 
 2.41368689e-08  1.97719061e-08  2.41368689e-08  2.99999999e+00 
 2.41568689e-08  1.97719064e-08  2.41568689e-08  2.99999999e+00 
 2.41768689e-08  1.97719065e-08  2.41768689e-08  2.99999999e+00 
 2.41968689e-08  1.97719066e-08  2.41968689e-08  2.99999999e+00 
 2.42168689e-08  1.97719063e-08  2.42168689e-08  2.99999999e+00 
 2.42368689e-08  1.97719062e-08  2.42368689e-08  2.99999999e+00 
 2.42568689e-08  1.97719065e-08  2.42568689e-08  2.99999999e+00 
 2.42768689e-08  1.97719063e-08  2.42768689e-08  2.99999999e+00 
 2.42968689e-08  1.97719061e-08  2.42968689e-08  2.99999999e+00 
 2.43168689e-08  1.97719066e-08  2.43168689e-08  2.99999999e+00 
 2.43368689e-08  1.97719065e-08  2.43368689e-08  2.99999999e+00 
 2.43568689e-08  1.97719065e-08  2.43568689e-08  2.99999999e+00 
 2.43768689e-08  1.97719061e-08  2.43768689e-08  2.99999999e+00 
 2.43968689e-08  1.97719058e-08  2.43968689e-08  2.99999999e+00 
 2.44168689e-08  1.97719059e-08  2.44168689e-08  2.99999999e+00 
 2.44368689e-08  1.97719057e-08  2.44368689e-08  2.99999999e+00 
 2.44568689e-08  1.97719052e-08  2.44568689e-08  2.99999999e+00 
 2.44768689e-08  1.97719053e-08  2.44768689e-08  2.99999999e+00 
 2.44968689e-08  1.97719063e-08  2.44968689e-08  2.99999999e+00 
 2.45168689e-08  1.97719064e-08  2.45168689e-08  2.99999999e+00 
 2.45368689e-08  1.97719064e-08  2.45368689e-08  2.99999999e+00 
 2.45568689e-08  1.97719061e-08  2.45568689e-08  2.99999999e+00 
 2.45768689e-08  1.97719062e-08  2.45768689e-08  2.99999999e+00 
 2.45968689e-08  1.97719064e-08  2.45968689e-08  2.99999999e+00 
 2.46168689e-08  1.97719061e-08  2.46168689e-08  2.99999999e+00 
 2.46368689e-08  1.97719059e-08  2.46368689e-08  2.99999999e+00 
 2.46568689e-08  1.97719056e-08  2.46568689e-08  2.99999999e+00 
 2.46768689e-08  1.97719056e-08  2.46768689e-08  2.99999999e+00 
 2.46968689e-08  1.97719060e-08  2.46968689e-08  2.99999999e+00 
 2.47168689e-08  1.97719063e-08  2.47168689e-08  2.99999999e+00 
 2.47368689e-08  1.97719067e-08  2.47368689e-08  2.99999999e+00 
 2.47568689e-08  1.97719063e-08  2.47568689e-08  2.99999999e+00 
 2.47768689e-08  1.97719065e-08  2.47768689e-08  2.99999999e+00 
 2.47968689e-08  1.97719068e-08  2.47968689e-08  2.99999999e+00 
 2.48168689e-08  1.97719067e-08  2.48168689e-08  2.99999999e+00 
 2.48368689e-08  1.97719066e-08  2.48368689e-08  2.99999999e+00 
 2.48568689e-08  1.97719064e-08  2.48568689e-08  2.99999999e+00 
 2.48768689e-08  1.97719060e-08  2.48768689e-08  2.99999999e+00 
 2.48968689e-08  1.97719060e-08  2.48968689e-08  2.99999999e+00 
 2.49168689e-08  1.97719061e-08  2.49168689e-08  2.99999999e+00 
 2.49368689e-08  1.97719066e-08  2.49368689e-08  2.99999999e+00 
 2.49568689e-08  1.97719069e-08  2.49568689e-08  2.99999999e+00 
 2.49768689e-08  1.97719070e-08  2.49768689e-08  2.99999999e+00 
 2.49968689e-08  1.97719069e-08  2.49968689e-08  2.99999999e+00 
 2.50168689e-08  1.97719066e-08  2.50168689e-08  2.99999999e+00 
 2.50368689e-08  1.97719066e-08  2.50368689e-08  2.99999999e+00 
 2.50568689e-08  1.97719065e-08  2.50568689e-08  2.99999999e+00 
 2.50768689e-08  1.97719064e-08  2.50768689e-08  2.99999999e+00 
 2.50968689e-08  1.97719066e-08  2.50968689e-08  2.99999999e+00 
 2.51168689e-08  1.97719066e-08  2.51168689e-08  2.99999999e+00 
 2.51368689e-08  1.97719065e-08  2.51368689e-08  2.99999999e+00 
 2.51568689e-08  1.97719062e-08  2.51568689e-08  2.99999999e+00 
 2.51768689e-08  1.97719065e-08  2.51768689e-08  2.99999999e+00 
 2.51968689e-08  1.97719067e-08  2.51968689e-08  2.99999999e+00 
 2.52168689e-08  1.97719067e-08  2.52168689e-08  2.99999999e+00 
 2.52368689e-08  1.97719067e-08  2.52368689e-08  2.99999999e+00 
 2.52568689e-08  1.97719066e-08  2.52568689e-08  2.99999999e+00 
 2.52768689e-08  1.97719068e-08  2.52768689e-08  2.99999999e+00 
 2.52968689e-08  1.97719068e-08  2.52968689e-08  2.99999999e+00 
 2.53168689e-08  1.97719068e-08  2.53168689e-08  2.99999999e+00 
 2.53368689e-08  1.97719064e-08  2.53368689e-08  2.99999999e+00 
 2.53568689e-08  1.97719061e-08  2.53568689e-08  2.99999999e+00 
 2.53768689e-08  1.97719064e-08  2.53768689e-08  2.99999999e+00 
 2.53968689e-08  1.97719067e-08  2.53968689e-08  2.99999999e+00 
 2.54168689e-08  1.97719069e-08  2.54168689e-08  2.99999999e+00 
 2.54368689e-08  1.97719071e-08  2.54368689e-08  2.99999999e+00 
 2.54568689e-08  1.97719075e-08  2.54568689e-08  2.99999999e+00 
 2.54768689e-08  1.97719077e-08  2.54768689e-08  2.99999999e+00 
 2.54968689e-08  1.97719075e-08  2.54968689e-08  2.99999999e+00 
 2.55168689e-08  1.97719076e-08  2.55168689e-08  2.99999999e+00 
 2.55368689e-08  1.97719077e-08  2.55368689e-08  2.99999999e+00 
 2.55568689e-08  1.97719074e-08  2.55568689e-08  2.99999999e+00 
 2.55768689e-08  1.97719072e-08  2.55768689e-08  2.99999999e+00 
 2.55968689e-08  1.97719078e-08  2.55968689e-08  2.99999999e+00 
 2.56168689e-08  1.97719080e-08  2.56168689e-08  2.99999999e+00 
 2.56368689e-08  1.97719080e-08  2.56368689e-08  2.99999999e+00 
 2.56568689e-08  1.97719081e-08  2.56568689e-08  2.99999999e+00 
 2.56768689e-08  1.97719082e-08  2.56768689e-08  2.99999999e+00 
 2.56968689e-08  1.97719081e-08  2.56968689e-08  2.99999999e+00 
 2.57168689e-08  1.97719084e-08  2.57168689e-08  2.99999999e+00 
 2.57368689e-08  1.97719084e-08  2.57368689e-08  2.99999999e+00 
 2.57568689e-08  1.97719086e-08  2.57568689e-08  2.99999999e+00 
 2.57768689e-08  1.97719088e-08  2.57768689e-08  2.99999999e+00 
 2.57968689e-08  1.97719084e-08  2.57968689e-08  2.99999999e+00 
 2.58168689e-08  1.97719082e-08  2.58168689e-08  2.99999999e+00 
 2.58368689e-08  1.97719082e-08  2.58368689e-08  2.99999999e+00 
 2.58568689e-08  1.97719079e-08  2.58568689e-08  2.99999999e+00 
 2.58768689e-08  1.97719074e-08  2.58768689e-08  2.99999999e+00 
 2.58968689e-08  1.97719075e-08  2.58968689e-08  2.99999999e+00 
 2.59168689e-08  1.97719072e-08  2.59168689e-08  2.99999999e+00 
 2.59368689e-08  1.97719064e-08  2.59368689e-08  2.99999999e+00 
 2.59568689e-08  1.97719066e-08  2.59568689e-08  2.99999999e+00 
 2.59768689e-08  1.97719067e-08  2.59768689e-08  2.99999999e+00 
 2.59968689e-08  1.97719069e-08  2.59968689e-08  2.99999999e+00 
 2.60168689e-08  1.97719067e-08  2.60168689e-08  2.99999999e+00 
 2.60368689e-08  1.97719062e-08  2.60368689e-08  2.99999999e+00 
 2.60568689e-08  1.97719066e-08  2.60568689e-08  2.99999999e+00 
 2.60768689e-08  1.97719067e-08  2.60768689e-08  2.99999999e+00 
 2.60968689e-08  1.97719070e-08  2.60968689e-08  2.99999999e+00 
 2.61168689e-08  1.97719070e-08  2.61168689e-08  2.99999999e+00 
 2.61368689e-08  1.97719070e-08  2.61368689e-08  2.99999999e+00 
 2.61568689e-08  1.97719067e-08  2.61568689e-08  2.99999999e+00 
 2.61768689e-08  1.97719067e-08  2.61768689e-08  2.99999999e+00 
 2.61968689e-08  1.97719064e-08  2.61968689e-08  2.99999999e+00 
 2.62168689e-08  1.97719065e-08  2.62168689e-08  2.99999999e+00 
 2.62368689e-08  1.97719063e-08  2.62368689e-08  2.99999999e+00 
 2.62568689e-08  1.97719065e-08  2.62568689e-08  2.99999999e+00 
 2.62768689e-08  1.97719064e-08  2.62768689e-08  2.99999999e+00 
 2.62968689e-08  1.97719059e-08  2.62968689e-08  2.99999999e+00 
 2.63168689e-08  1.97719056e-08  2.63168689e-08  2.99999999e+00 
 2.63368689e-08  1.97719060e-08  2.63368689e-08  2.99999999e+00 
 2.63568689e-08  1.97719064e-08  2.63568689e-08  2.99999999e+00 
 2.63768689e-08  1.97719070e-08  2.63768689e-08  2.99999999e+00 
 2.63968689e-08  1.97719068e-08  2.63968689e-08  2.99999999e+00 
 2.64168689e-08  1.97719062e-08  2.64168689e-08  2.99999999e+00 
 2.64368689e-08  1.97719058e-08  2.64368689e-08  2.99999999e+00 
 2.64568689e-08  1.97719053e-08  2.64568689e-08  2.99999999e+00 
 2.64768689e-08  1.97719059e-08  2.64768689e-08  2.99999999e+00 
 2.64968689e-08  1.97719067e-08  2.64968689e-08  2.99999999e+00 
 2.65168689e-08  1.97719069e-08  2.65168689e-08  2.99999999e+00 
 2.65368689e-08  1.97719071e-08  2.65368689e-08  2.99999999e+00 
 2.65568689e-08  1.97719073e-08  2.65568689e-08  2.99999999e+00 
 2.65768689e-08  1.97719074e-08  2.65768689e-08  2.99999999e+00 
 2.65968689e-08  1.97719068e-08  2.65968689e-08  2.99999999e+00 
 2.66168689e-08  1.97719068e-08  2.66168689e-08  2.99999999e+00 
 2.66368689e-08  1.97719068e-08  2.66368689e-08  2.99999999e+00 
 2.66568689e-08  1.97719071e-08  2.66568689e-08  2.99999999e+00 
 2.66768689e-08  1.97719065e-08  2.66768689e-08  2.99999999e+00 
 2.66968689e-08  1.97719064e-08  2.66968689e-08  2.99999999e+00 
 2.67168689e-08  1.97719064e-08  2.67168689e-08  2.99999999e+00 
 2.67368689e-08  1.97719067e-08  2.67368689e-08  2.99999999e+00 
 2.67568689e-08  1.97719068e-08  2.67568689e-08  2.99999999e+00 
 2.67768689e-08  1.97719069e-08  2.67768689e-08  2.99999999e+00 
 2.67968689e-08  1.97719071e-08  2.67968689e-08  2.99999999e+00 
 2.68168689e-08  1.97719074e-08  2.68168689e-08  2.99999999e+00 
 2.68368689e-08  1.97719074e-08  2.68368689e-08  2.99999999e+00 
 2.68568689e-08  1.97719069e-08  2.68568689e-08  2.99999999e+00 
 2.68768689e-08  1.97719066e-08  2.68768689e-08  2.99999999e+00 
 2.68968689e-08  1.97719070e-08  2.68968689e-08  2.99999999e+00 
 2.69168689e-08  1.97719073e-08  2.69168689e-08  2.99999999e+00 
 2.69368689e-08  1.97719074e-08  2.69368689e-08  2.99999999e+00 
 2.69568689e-08  1.97719076e-08  2.69568689e-08  2.99999999e+00 
 2.69768689e-08  1.97719073e-08  2.69768689e-08  2.99999999e+00 
 2.69968689e-08  1.97719069e-08  2.69968689e-08  2.99999999e+00 
 2.70168689e-08  1.97719067e-08  2.70168689e-08  2.99999999e+00 
 2.70368689e-08  1.97719066e-08  2.70368689e-08  2.99999999e+00 
 2.70568689e-08  1.97719067e-08  2.70568689e-08  2.99999999e+00 
 2.70768689e-08  1.97719069e-08  2.70768689e-08  2.99999999e+00 
 2.70968689e-08  1.97719071e-08  2.70968689e-08  2.99999999e+00 
 2.71168689e-08  1.97719074e-08  2.71168689e-08  2.99999999e+00 
 2.71368689e-08  1.97719072e-08  2.71368689e-08  2.99999999e+00 
 2.71568689e-08  1.97719076e-08  2.71568689e-08  2.99999999e+00 
 2.71768689e-08  1.97719078e-08  2.71768689e-08  2.99999999e+00 
 2.71968689e-08  1.97719074e-08  2.71968689e-08  2.99999999e+00 
 2.72168689e-08  1.97719060e-08  2.72168689e-08  2.99999999e+00 
 2.72368689e-08  1.97719054e-08  2.72368689e-08  2.99999999e+00 
 2.72568689e-08  1.97719054e-08  2.72568689e-08  2.99999999e+00 
 2.72768689e-08  1.97719057e-08  2.72768689e-08  2.99999999e+00 
 2.72968689e-08  1.97719050e-08  2.72968689e-08  2.99999999e+00 
 2.73168689e-08  1.97719048e-08  2.73168689e-08  2.99999999e+00 
 2.73368689e-08  1.97719052e-08  2.73368689e-08  2.99999999e+00 
 2.73568689e-08  1.97719059e-08  2.73568689e-08  2.99999999e+00 
 2.73768689e-08  1.97719063e-08  2.73768689e-08  2.99999999e+00 
 2.73968689e-08  1.97719068e-08  2.73968689e-08  2.99999999e+00 
 2.74168689e-08  1.97719068e-08  2.74168689e-08  2.99999999e+00 
 2.74368689e-08  1.97719065e-08  2.74368689e-08  2.99999999e+00 
 2.74568689e-08  1.97719067e-08  2.74568689e-08  2.99999999e+00 
 2.74768689e-08  1.97719068e-08  2.74768689e-08  2.99999999e+00 
 2.74968689e-08  1.97719070e-08  2.74968689e-08  2.99999999e+00 
 2.75168689e-08  1.97719067e-08  2.75168689e-08  2.99999999e+00 
 2.75368689e-08  1.97719064e-08  2.75368689e-08  2.99999999e+00 
 2.75568689e-08  1.97719063e-08  2.75568689e-08  2.99999999e+00 
 2.75768689e-08  1.97719061e-08  2.75768689e-08  2.99999999e+00 
 2.75968689e-08  1.97719063e-08  2.75968689e-08  2.99999999e+00 
 2.76168689e-08  1.97719067e-08  2.76168689e-08  2.99999999e+00 
 2.76368689e-08  1.97719068e-08  2.76368689e-08  2.99999999e+00 
 2.76568689e-08  1.97719070e-08  2.76568689e-08  2.99999999e+00 
 2.76768689e-08  1.97719072e-08  2.76768689e-08  2.99999999e+00 
 2.76968689e-08  1.97719075e-08  2.76968689e-08  2.99999999e+00 
 2.77168689e-08  1.97719078e-08  2.77168689e-08  2.99999999e+00 
 2.77368689e-08  1.97719072e-08  2.77368689e-08  2.99999999e+00 
 2.77568689e-08  1.97719067e-08  2.77568689e-08  2.99999999e+00 
 2.77768689e-08  1.97719064e-08  2.77768689e-08  2.99999999e+00 
 2.77968689e-08  1.97719062e-08  2.77968689e-08  2.99999999e+00 
 2.78168689e-08  1.97719065e-08  2.78168689e-08  2.99999999e+00 
 2.78368689e-08  1.97719067e-08  2.78368689e-08  2.99999999e+00 
 2.78568689e-08  1.97719063e-08  2.78568689e-08  2.99999999e+00 
 2.78768689e-08  1.97719067e-08  2.78768689e-08  2.99999999e+00 
 2.78968689e-08  1.97719071e-08  2.78968689e-08  2.99999999e+00 
 2.79168689e-08  1.97719069e-08  2.79168689e-08  2.99999999e+00 
 2.79368689e-08  1.97719063e-08  2.79368689e-08  2.99999999e+00 
 2.79568689e-08  1.97719059e-08  2.79568689e-08  2.99999999e+00 
 2.79768689e-08  1.97719061e-08  2.79768689e-08  2.99999999e+00 
 2.79968689e-08  1.97719069e-08  2.79968689e-08  2.99999999e+00 
 2.80168689e-08  1.97719071e-08  2.80168689e-08  2.99999999e+00 
 2.80368689e-08  1.97719069e-08  2.80368689e-08  2.99999999e+00 
 2.80568689e-08  1.97719063e-08  2.80568689e-08  2.99999999e+00 
 2.80768689e-08  1.97719064e-08  2.80768689e-08  2.99999999e+00 
 2.80968689e-08  1.97719067e-08  2.80968689e-08  2.99999999e+00 
 2.81168689e-08  1.97719068e-08  2.81168689e-08  2.99999999e+00 
 2.81368689e-08  1.97719068e-08  2.81368689e-08  2.99999999e+00 
 2.81568689e-08  1.97719067e-08  2.81568689e-08  2.99999999e+00 
 2.81768689e-08  1.97719069e-08  2.81768689e-08  2.99999999e+00 
 2.81968689e-08  1.97719070e-08  2.81968689e-08  2.99999999e+00 
 2.82168689e-08  1.97719074e-08  2.82168689e-08  2.99999999e+00 
 2.82368689e-08  1.97719074e-08  2.82368689e-08  2.99999999e+00 
 2.82568689e-08  1.97719071e-08  2.82568689e-08  2.99999999e+00 
 2.82768689e-08  1.97719069e-08  2.82768689e-08  2.99999999e+00 
 2.82968689e-08  1.97719067e-08  2.82968689e-08  2.99999999e+00 
 2.83168689e-08  1.97719069e-08  2.83168689e-08  2.99999999e+00 
 2.83368689e-08  1.97719071e-08  2.83368689e-08  2.99999999e+00 
 2.83568689e-08  1.97719071e-08  2.83568689e-08  2.99999999e+00 
 2.83768689e-08  1.97719071e-08  2.83768689e-08  2.99999999e+00 
 2.83968689e-08  1.97719066e-08  2.83968689e-08  2.99999999e+00 
 2.84168689e-08  1.97719063e-08  2.84168689e-08  2.99999999e+00 
 2.84368689e-08  1.97719057e-08  2.84368689e-08  2.99999999e+00 
 2.84568689e-08  1.97719055e-08  2.84568689e-08  2.99999999e+00 
 2.84768689e-08  1.97719055e-08  2.84768689e-08  2.99999999e+00 
 2.84968689e-08  1.97719062e-08  2.84968689e-08  2.99999999e+00 
 2.85168689e-08  1.97719063e-08  2.85168689e-08  2.99999999e+00 
 2.85368689e-08  1.97719065e-08  2.85368689e-08  2.99999999e+00 
 2.85568689e-08  1.97719070e-08  2.85568689e-08  2.99999999e+00 
 2.85768689e-08  1.97719070e-08  2.85768689e-08  2.99999999e+00 
 2.85968689e-08  1.97719064e-08  2.85968689e-08  2.99999999e+00 
 2.86168689e-08  1.97719064e-08  2.86168689e-08  2.99999999e+00 
 2.86368689e-08  1.97719067e-08  2.86368689e-08  2.99999999e+00 
 2.86568689e-08  1.97719069e-08  2.86568689e-08  2.99999999e+00 
 2.86768689e-08  1.97719069e-08  2.86768689e-08  2.99999999e+00 
 2.86968689e-08  1.97719069e-08  2.86968689e-08  2.99999999e+00 
 2.87168689e-08  1.97719070e-08  2.87168689e-08  2.99999999e+00 
 2.87368689e-08  1.97719066e-08  2.87368689e-08  2.99999999e+00 
 2.87568689e-08  1.97719065e-08  2.87568689e-08  2.99999999e+00 
 2.87768689e-08  1.97719065e-08  2.87768689e-08  2.99999999e+00 
 2.87968689e-08  1.97719064e-08  2.87968689e-08  2.99999999e+00 
 2.88168689e-08  1.97719063e-08  2.88168689e-08  2.99999999e+00 
 2.88368689e-08  1.97719058e-08  2.88368689e-08  2.99999999e+00 
 2.88568689e-08  1.97719058e-08  2.88568689e-08  2.99999999e+00 
 2.88768689e-08  1.97719064e-08  2.88768689e-08  2.99999999e+00 
 2.88968689e-08  1.97719065e-08  2.88968689e-08  2.99999999e+00 
 2.89168689e-08  1.97719065e-08  2.89168689e-08  2.99999999e+00 
 2.89368689e-08  1.97719059e-08  2.89368689e-08  2.99999999e+00 
 2.89568689e-08  1.97719060e-08  2.89568689e-08  2.99999999e+00 
 2.89768689e-08  1.97719059e-08  2.89768689e-08  2.99999999e+00 
 2.89968689e-08  1.97719060e-08  2.89968689e-08  2.99999999e+00 
 2.90168689e-08  1.97719058e-08  2.90168689e-08  2.99999999e+00 
 2.90368689e-08  1.97719058e-08  2.90368689e-08  2.99999999e+00 
 2.90568689e-08  1.97719052e-08  2.90568689e-08  2.99999999e+00 
 2.90768689e-08  1.97719056e-08  2.90768689e-08  2.99999999e+00 
 2.90968689e-08  1.97719063e-08  2.90968689e-08  2.99999999e+00 
 2.91168689e-08  1.97719070e-08  2.91168689e-08  2.99999999e+00 
 2.91368689e-08  1.97719072e-08  2.91368689e-08  2.99999999e+00 
 2.91568689e-08  1.97719068e-08  2.91568689e-08  2.99999999e+00 
 2.91768689e-08  1.97719067e-08  2.91768689e-08  2.99999999e+00 
 2.91968689e-08  1.97719068e-08  2.91968689e-08  2.99999999e+00 
 2.92168689e-08  1.97719073e-08  2.92168689e-08  2.99999999e+00 
 2.92368689e-08  1.97719077e-08  2.92368689e-08  2.99999999e+00 
 2.92568689e-08  1.97719075e-08  2.92568689e-08  2.99999999e+00 
 2.92768689e-08  1.97719071e-08  2.92768689e-08  2.99999999e+00 
 2.92968689e-08  1.97719064e-08  2.92968689e-08  2.99999999e+00 
 2.93168689e-08  1.97719063e-08  2.93168689e-08  2.99999999e+00 
 2.93368689e-08  1.97719058e-08  2.93368689e-08  2.99999999e+00 
 2.93568689e-08  1.97719061e-08  2.93568689e-08  2.99999999e+00 
 2.93768689e-08  1.97719062e-08  2.93768689e-08  2.99999999e+00 
 2.93968689e-08  1.97719068e-08  2.93968689e-08  2.99999999e+00 
 2.94168689e-08  1.97719067e-08  2.94168689e-08  2.99999999e+00 
 2.94368689e-08  1.97719069e-08  2.94368689e-08  2.99999999e+00 
 2.94568689e-08  1.97719069e-08  2.94568689e-08  2.99999999e+00 
 2.94768689e-08  1.97719069e-08  2.94768689e-08  2.99999999e+00 
 2.94968689e-08  1.97719069e-08  2.94968689e-08  2.99999999e+00 
 2.95168689e-08  1.97719071e-08  2.95168689e-08  2.99999999e+00 
 2.95368689e-08  1.97719067e-08  2.95368689e-08  2.99999999e+00 
 2.95568689e-08  1.97719068e-08  2.95568689e-08  2.99999999e+00 
 2.95768689e-08  1.97719060e-08  2.95768689e-08  2.99999999e+00 
 2.95968689e-08  1.97719059e-08  2.95968689e-08  2.99999999e+00 
 2.96168689e-08  1.97719058e-08  2.96168689e-08  2.99999999e+00 
 2.96368689e-08  1.97719062e-08  2.96368689e-08  2.99999999e+00 
 2.96568689e-08  1.97719066e-08  2.96568689e-08  2.99999999e+00 
 2.96768689e-08  1.97719069e-08  2.96768689e-08  2.99999999e+00 
 2.96968689e-08  1.97719064e-08  2.96968689e-08  2.99999999e+00 
 2.97168689e-08  1.97719065e-08  2.97168689e-08  2.99999999e+00 
 2.97368689e-08  1.97719067e-08  2.97368689e-08  2.99999999e+00 
 2.97568689e-08  1.97719068e-08  2.97568689e-08  2.99999999e+00 
 2.97768689e-08  1.97719066e-08  2.97768689e-08  2.99999999e+00 
 2.97968689e-08  1.97719064e-08  2.97968689e-08  2.99999999e+00 
 2.98168689e-08  1.97719067e-08  2.98168689e-08  2.99999999e+00 
 2.98368689e-08  1.97719069e-08  2.98368689e-08  2.99999999e+00 
 2.98568689e-08  1.97719064e-08  2.98568689e-08  2.99999999e+00 
 2.98768689e-08  1.97719068e-08  2.98768689e-08  2.99999999e+00 
 2.98968689e-08  1.97719070e-08  2.98968689e-08  2.99999999e+00 
 2.99168689e-08  1.97719076e-08  2.99168689e-08  2.99999999e+00 
 2.99368689e-08  1.97719076e-08  2.99368689e-08  2.99999999e+00 
 2.99568689e-08  1.97719076e-08  2.99568689e-08  2.99999999e+00 
 2.99768689e-08  1.97719070e-08  2.99768689e-08  2.99999999e+00 
 2.99968689e-08  1.97719068e-08  2.99968689e-08  2.99999999e+00 
 3.00168689e-08  1.97719071e-08  3.00168689e-08  2.99999999e+00 
 3.00368689e-08  1.97719066e-08  3.00368689e-08  2.99999999e+00 
 3.00568689e-08  1.97719063e-08  3.00568689e-08  2.99999999e+00 
 3.00768689e-08  1.97719060e-08  3.00768689e-08  2.99999999e+00 
 3.00968689e-08  1.97719057e-08  3.00968689e-08  2.99999999e+00 
 3.01168689e-08  1.97719062e-08  3.01168689e-08  2.99999999e+00 
 3.01368689e-08  1.97719065e-08  3.01368689e-08  2.99999999e+00 
 3.01568689e-08  1.97719059e-08  3.01568689e-08  2.99999999e+00 
 3.01768689e-08  1.97719062e-08  3.01768689e-08  2.99999999e+00 
 3.01968689e-08  1.97719060e-08  3.01968689e-08  2.99999999e+00 
 3.02168689e-08  1.97719061e-08  3.02168689e-08  2.99999999e+00 
 3.02368689e-08  1.97719064e-08  3.02368689e-08  2.99999999e+00 
 3.02568689e-08  1.97719059e-08  3.02568689e-08  2.99999999e+00 
 3.02768689e-08  1.97719055e-08  3.02768689e-08  2.99999999e+00 
 3.02968689e-08  1.97719060e-08  3.02968689e-08  2.99999999e+00 
 3.03168689e-08  1.97719061e-08  3.03168689e-08  2.99999999e+00 
 3.03368689e-08  1.97719062e-08  3.03368689e-08  2.99999999e+00 
 3.03568689e-08  1.97719062e-08  3.03568689e-08  2.99999999e+00 
 3.03768689e-08  1.97719061e-08  3.03768689e-08  2.99999999e+00 
 3.03968689e-08  1.97719066e-08  3.03968689e-08  2.99999999e+00 
 3.04168689e-08  1.97719064e-08  3.04168689e-08  2.99999999e+00 
 3.04368689e-08  1.97719066e-08  3.04368689e-08  2.99999999e+00 
 3.04568689e-08  1.97719067e-08  3.04568689e-08  2.99999999e+00 
 3.04768689e-08  1.97719070e-08  3.04768689e-08  2.99999999e+00 
 3.04968689e-08  1.97719065e-08  3.04968689e-08  2.99999999e+00 
 3.05168689e-08  1.97719064e-08  3.05168689e-08  2.99999999e+00 
 3.05368689e-08  1.97719065e-08  3.05368689e-08  2.99999999e+00 
 3.05568689e-08  1.97719064e-08  3.05568689e-08  2.99999999e+00 
 3.05768689e-08  1.97719058e-08  3.05768689e-08  2.99999999e+00 
 3.05968689e-08  1.97719059e-08  3.05968689e-08  2.99999999e+00 
 3.06168689e-08  1.97719064e-08  3.06168689e-08  2.99999999e+00 
 3.06368689e-08  1.97719067e-08  3.06368689e-08  2.99999999e+00 
 3.06568689e-08  1.97719064e-08  3.06568689e-08  2.99999999e+00 
 3.06768689e-08  1.97719057e-08  3.06768689e-08  2.99999999e+00 
 3.06968689e-08  1.97719054e-08  3.06968689e-08  2.99999999e+00 
 3.07168689e-08  1.97719056e-08  3.07168689e-08  2.99999999e+00 
 3.07368689e-08  1.97719062e-08  3.07368689e-08  2.99999999e+00 
 3.07568689e-08  1.97719066e-08  3.07568689e-08  2.99999999e+00 
 3.07768689e-08  1.97719065e-08  3.07768689e-08  2.99999999e+00 
 3.07968689e-08  1.97719068e-08  3.07968689e-08  2.99999999e+00 
 3.08168689e-08  1.97719069e-08  3.08168689e-08  2.99999999e+00 
 3.08368689e-08  1.97719069e-08  3.08368689e-08  2.99999999e+00 
 3.08568689e-08  1.97719069e-08  3.08568689e-08  2.99999999e+00 
 3.08768689e-08  1.97719066e-08  3.08768689e-08  2.99999999e+00 
 3.08968689e-08  1.97719062e-08  3.08968689e-08  2.99999999e+00 
 3.09168689e-08  1.97719062e-08  3.09168689e-08  2.99999999e+00 
 3.09368689e-08  1.97719065e-08  3.09368689e-08  2.99999999e+00 
 3.09568689e-08  1.97719073e-08  3.09568689e-08  2.99999999e+00 
 3.09768689e-08  1.97719076e-08  3.09768689e-08  2.99999999e+00 
 3.09968689e-08  1.97719071e-08  3.09968689e-08  2.99999999e+00 
 3.10168689e-08  1.97719065e-08  3.10168689e-08  2.99999999e+00 
 3.10368689e-08  1.97719066e-08  3.10368689e-08  2.99999999e+00 
 3.10568689e-08  1.97719066e-08  3.10568689e-08  2.99999999e+00 
 3.10768689e-08  1.97719071e-08  3.10768689e-08  2.99999999e+00 
 3.10968689e-08  1.97719074e-08  3.10968689e-08  2.99999999e+00 
 3.11168689e-08  1.97719067e-08  3.11168689e-08  2.99999999e+00 
 3.11368689e-08  1.97719060e-08  3.11368689e-08  2.99999999e+00 
 3.11568689e-08  1.97719053e-08  3.11568689e-08  2.99999999e+00 
 3.11768689e-08  1.97719055e-08  3.11768689e-08  2.99999999e+00 
 3.11968689e-08  1.97719059e-08  3.11968689e-08  2.99999999e+00 
 3.12168689e-08  1.97719057e-08  3.12168689e-08  2.99999999e+00 
 3.12368689e-08  1.97719060e-08  3.12368689e-08  2.99999999e+00 
 3.12568689e-08  1.97719063e-08  3.12568689e-08  2.99999999e+00 
 3.12768689e-08  1.97719061e-08  3.12768689e-08  2.99999999e+00 
 3.12968689e-08  1.97719064e-08  3.12968689e-08  2.99999999e+00 
 3.13168689e-08  1.97719069e-08  3.13168689e-08  2.99999999e+00 
 3.13368689e-08  1.97719072e-08  3.13368689e-08  2.99999999e+00 
 3.13568689e-08  1.97719071e-08  3.13568689e-08  2.99999999e+00 
 3.13768689e-08  1.97719071e-08  3.13768689e-08  2.99999999e+00 
 3.13968689e-08  1.97719071e-08  3.13968689e-08  2.99999999e+00 
 3.14168689e-08  1.97719068e-08  3.14168689e-08  2.99999999e+00 
 3.14368689e-08  1.97719065e-08  3.14368689e-08  2.99999999e+00 
 3.14568689e-08  1.97719066e-08  3.14568689e-08  2.99999999e+00 
 3.14768689e-08  1.97719072e-08  3.14768689e-08  2.99999999e+00 
 3.14968689e-08  1.97719069e-08  3.14968689e-08  2.99999999e+00 
 3.15168689e-08  1.97719065e-08  3.15168689e-08  2.99999999e+00 
 3.15368689e-08  1.97719063e-08  3.15368689e-08  2.99999999e+00 
 3.15568689e-08  1.97719064e-08  3.15568689e-08  2.99999999e+00 
 3.15768689e-08  1.97719064e-08  3.15768689e-08  2.99999999e+00 
 3.15968689e-08  1.97719065e-08  3.15968689e-08  2.99999999e+00 
 3.16168689e-08  1.97719067e-08  3.16168689e-08  2.99999999e+00 
 3.16368689e-08  1.97719068e-08  3.16368689e-08  2.99999999e+00 
 3.16568689e-08  1.97719071e-08  3.16568689e-08  2.99999999e+00 
 3.16768689e-08  1.97719070e-08  3.16768689e-08  2.99999999e+00 
 3.16968689e-08  1.97719070e-08  3.16968689e-08  2.99999999e+00 
 3.17168689e-08  1.97719071e-08  3.17168689e-08  2.99999999e+00 
 3.17368689e-08  1.97719069e-08  3.17368689e-08  2.99999999e+00 
 3.17568689e-08  1.97719067e-08  3.17568689e-08  2.99999999e+00 
 3.17768689e-08  1.97719065e-08  3.17768689e-08  2.99999999e+00 
 3.17968689e-08  1.97719060e-08  3.17968689e-08  2.99999999e+00 
 3.18168689e-08  1.97719066e-08  3.18168689e-08  2.99999999e+00 
 3.18368689e-08  1.97719066e-08  3.18368689e-08  2.99999999e+00 
 3.18568689e-08  1.97719061e-08  3.18568689e-08  2.99999999e+00 
 3.18768689e-08  1.97719062e-08  3.18768689e-08  2.99999999e+00 
 3.18968689e-08  1.97719055e-08  3.18968689e-08  2.99999999e+00 
 3.19168689e-08  1.97719055e-08  3.19168689e-08  2.99999999e+00 
 3.19368689e-08  1.97719055e-08  3.19368689e-08  2.99999999e+00 
 3.19568689e-08  1.97719058e-08  3.19568689e-08  2.99999999e+00 
 3.19768689e-08  1.97719057e-08  3.19768689e-08  2.99999999e+00 
 3.19968689e-08  1.97719054e-08  3.19968689e-08  2.99999999e+00 
 3.20168689e-08  1.97719054e-08  3.20168689e-08  2.99999999e+00 
 3.20368689e-08  1.97719058e-08  3.20368689e-08  2.99999999e+00 
 3.20568689e-08  1.97719059e-08  3.20568689e-08  2.99999999e+00 
 3.20768689e-08  1.97719061e-08  3.20768689e-08  2.99999999e+00 
 3.20968689e-08  1.97719065e-08  3.20968689e-08  2.99999999e+00 
 3.21168689e-08  1.97719065e-08  3.21168689e-08  2.99999999e+00 
 3.21368689e-08  1.97719062e-08  3.21368689e-08  2.99999999e+00 
 3.21568689e-08  1.97719055e-08  3.21568689e-08  2.99999999e+00 
 3.21768689e-08  1.97719054e-08  3.21768689e-08  2.99999999e+00 
 3.21968689e-08  1.97719060e-08  3.21968689e-08  2.99999999e+00 
 3.22168689e-08  1.97719065e-08  3.22168689e-08  2.99999999e+00 
 3.22368689e-08  1.97719069e-08  3.22368689e-08  2.99999999e+00 
 3.22568689e-08  1.97719070e-08  3.22568689e-08  2.99999999e+00 
 3.22768689e-08  1.97719069e-08  3.22768689e-08  2.99999999e+00 
 3.22968689e-08  1.97719068e-08  3.22968689e-08  2.99999999e+00 
 3.23168689e-08  1.97719065e-08  3.23168689e-08  2.99999999e+00 
 3.23368689e-08  1.97719064e-08  3.23368689e-08  2.99999999e+00 
 3.23568689e-08  1.97719064e-08  3.23568689e-08  2.99999999e+00 
 3.23768689e-08  1.97719064e-08  3.23768689e-08  2.99999999e+00 
 3.23968689e-08  1.97719066e-08  3.23968689e-08  2.99999999e+00 
 3.24168689e-08  1.97719067e-08  3.24168689e-08  2.99999999e+00 
 3.24368689e-08  1.97719066e-08  3.24368689e-08  2.99999999e+00 
 3.24568689e-08  1.97719065e-08  3.24568689e-08  2.99999999e+00 
 3.24768689e-08  1.97719063e-08  3.24768689e-08  2.99999999e+00 
 3.24968689e-08  1.97719063e-08  3.24968689e-08  2.99999999e+00 
 3.25168689e-08  1.97719059e-08  3.25168689e-08  2.99999999e+00 
 3.25368689e-08  1.97719054e-08  3.25368689e-08  2.99999999e+00 
 3.25568689e-08  1.97719054e-08  3.25568689e-08  2.99999999e+00 
 3.25768689e-08  1.97719052e-08  3.25768689e-08  2.99999999e+00 
 3.25968689e-08  1.97719049e-08  3.25968689e-08  2.99999999e+00 
 3.26168689e-08  1.97719052e-08  3.26168689e-08  2.99999999e+00 
 3.26368689e-08  1.97719055e-08  3.26368689e-08  2.99999999e+00 
 3.26568689e-08  1.97719057e-08  3.26568689e-08  2.99999999e+00 
 3.26768689e-08  1.97719053e-08  3.26768689e-08  2.99999999e+00 
 3.26968689e-08  1.97719056e-08  3.26968689e-08  2.99999999e+00 
 3.27168689e-08  1.97719059e-08  3.27168689e-08  2.99999999e+00 
 3.27368689e-08  1.97719058e-08  3.27368689e-08  2.99999999e+00 
 3.27568689e-08  1.97719055e-08  3.27568689e-08  2.99999999e+00 
 3.27768689e-08  1.97719055e-08  3.27768689e-08  2.99999999e+00 
 3.27968689e-08  1.97719056e-08  3.27968689e-08  2.99999999e+00 
 3.28168689e-08  1.97719060e-08  3.28168689e-08  2.99999999e+00 
 3.28368689e-08  1.97719062e-08  3.28368689e-08  2.99999999e+00 
 3.28568689e-08  1.97719059e-08  3.28568689e-08  2.99999999e+00 
 3.28768689e-08  1.97719057e-08  3.28768689e-08  2.99999999e+00 
 3.28968689e-08  1.97719058e-08  3.28968689e-08  2.99999999e+00 
 3.29168689e-08  1.97719059e-08  3.29168689e-08  2.99999999e+00 
 3.29368689e-08  1.97719054e-08  3.29368689e-08  2.99999999e+00 
 3.29568689e-08  1.97719053e-08  3.29568689e-08  2.99999999e+00 
 3.29768689e-08  1.97719056e-08  3.29768689e-08  2.99999999e+00 
 3.29968689e-08  1.97719058e-08  3.29968689e-08  2.99999999e+00 
 3.30168689e-08  1.97719056e-08  3.30168689e-08  2.99999999e+00 
 3.30368689e-08  1.97719060e-08  3.30368689e-08  2.99999999e+00 
 3.30568689e-08  1.97719062e-08  3.30568689e-08  2.99999999e+00 
 3.30768689e-08  1.97719065e-08  3.30768689e-08  2.99999999e+00 
 3.30968689e-08  1.97719068e-08  3.30968689e-08  2.99999999e+00 
 3.31168689e-08  1.97719064e-08  3.31168689e-08  2.99999999e+00 
 3.31368689e-08  1.97719065e-08  3.31368689e-08  2.99999999e+00 
 3.31568689e-08  1.97719065e-08  3.31568689e-08  2.99999999e+00 
 3.31768689e-08  1.97719067e-08  3.31768689e-08  2.99999999e+00 
 3.31968689e-08  1.97719064e-08  3.31968689e-08  2.99999999e+00 
 3.32168689e-08  1.97719060e-08  3.32168689e-08  2.99999999e+00 
 3.32368689e-08  1.97719061e-08  3.32368689e-08  2.99999999e+00 
 3.32568689e-08  1.97719057e-08  3.32568689e-08  2.99999999e+00 
 3.32768689e-08  1.97719058e-08  3.32768689e-08  2.99999999e+00 
 3.32968689e-08  1.97719057e-08  3.32968689e-08  2.99999999e+00 
 3.33168689e-08  1.97719055e-08  3.33168689e-08  2.99999999e+00 
 3.33368689e-08  1.97719056e-08  3.33368689e-08  2.99999999e+00 
 3.33568689e-08  1.97719055e-08  3.33568689e-08  2.99999999e+00 
 3.33768689e-08  1.97719052e-08  3.33768689e-08  2.99999999e+00 
 3.33968689e-08  1.97719052e-08  3.33968689e-08  2.99999999e+00 
 3.34168689e-08  1.97719050e-08  3.34168689e-08  2.99999999e+00 
 3.34368689e-08  1.97719055e-08  3.34368689e-08  2.99999999e+00 
 3.34568689e-08  1.97719057e-08  3.34568689e-08  2.99999999e+00 
 3.34768689e-08  1.97719057e-08  3.34768689e-08  2.99999999e+00 
 3.34968689e-08  1.97719056e-08  3.34968689e-08  2.99999999e+00 
 3.35168689e-08  1.97719060e-08  3.35168689e-08  2.99999999e+00 
 3.35368689e-08  1.97719061e-08  3.35368689e-08  2.99999999e+00 
 3.35568689e-08  1.97719064e-08  3.35568689e-08  2.99999999e+00 
 3.35768689e-08  1.97719066e-08  3.35768689e-08  2.99999999e+00 
 3.35968689e-08  1.97719065e-08  3.35968689e-08  2.99999999e+00 
 3.36168689e-08  1.97719063e-08  3.36168689e-08  2.99999999e+00 
 3.36368689e-08  1.97719056e-08  3.36368689e-08  2.99999999e+00 
 3.36568689e-08  1.97719048e-08  3.36568689e-08  2.99999999e+00 
 3.36768689e-08  1.97719052e-08  3.36768689e-08  2.99999999e+00 
 3.36968689e-08  1.97719055e-08  3.36968689e-08  2.99999999e+00 
 3.37168689e-08  1.97719055e-08  3.37168689e-08  2.99999999e+00 
 3.37368689e-08  1.97719058e-08  3.37368689e-08  2.99999999e+00 
 3.37568689e-08  1.97719062e-08  3.37568689e-08  2.99999999e+00 
 3.37768689e-08  1.97719066e-08  3.37768689e-08  2.99999999e+00 
 3.37968689e-08  1.97719064e-08  3.37968689e-08  2.99999999e+00 
 3.38168689e-08  1.97719065e-08  3.38168689e-08  2.99999999e+00 
 3.38368689e-08  1.97719067e-08  3.38368689e-08  2.99999999e+00 
 3.38568689e-08  1.97719062e-08  3.38568689e-08  2.99999999e+00 
 3.38768689e-08  1.97719060e-08  3.38768689e-08  2.99999999e+00 
 3.38968689e-08  1.97719062e-08  3.38968689e-08  2.99999999e+00 
 3.39168689e-08  1.97719069e-08  3.39168689e-08  2.99999999e+00 
 3.39368689e-08  1.97719065e-08  3.39368689e-08  2.99999999e+00 
 3.39568689e-08  1.97719062e-08  3.39568689e-08  2.99999999e+00 
 3.39768689e-08  1.97719063e-08  3.39768689e-08  2.99999999e+00 
 3.39968689e-08  1.97719062e-08  3.39968689e-08  2.99999999e+00 
 3.40168689e-08  1.97719060e-08  3.40168689e-08  2.99999999e+00 
 3.40368689e-08  1.97719066e-08  3.40368689e-08  2.99999999e+00 
 3.40568689e-08  1.97719074e-08  3.40568689e-08  2.99999999e+00 
 3.40768689e-08  1.97719070e-08  3.40768689e-08  2.99999999e+00 
 3.40968689e-08  1.97719071e-08  3.40968689e-08  2.99999999e+00 
 3.41168689e-08  1.97719076e-08  3.41168689e-08  2.99999999e+00 
 3.41368689e-08  1.97719079e-08  3.41368689e-08  2.99999999e+00 
 3.41568689e-08  1.97719076e-08  3.41568689e-08  2.99999999e+00 
 3.41768689e-08  1.97719074e-08  3.41768689e-08  2.99999999e+00 
 3.41968689e-08  1.97719069e-08  3.41968689e-08  2.99999999e+00 
 3.42168689e-08  1.97719068e-08  3.42168689e-08  2.99999999e+00 
 3.42368689e-08  1.97719069e-08  3.42368689e-08  2.99999999e+00 
 3.42568689e-08  1.97719068e-08  3.42568689e-08  2.99999999e+00 
 3.42768689e-08  1.97719070e-08  3.42768689e-08  2.99999999e+00 
 3.42968689e-08  1.97719068e-08  3.42968689e-08  2.99999999e+00 
 3.43168689e-08  1.97719064e-08  3.43168689e-08  2.99999999e+00 
 3.43368689e-08  1.97719064e-08  3.43368689e-08  2.99999999e+00 
 3.43568689e-08  1.97719065e-08  3.43568689e-08  2.99999999e+00 
 3.43768689e-08  1.97719064e-08  3.43768689e-08  2.99999999e+00 
 3.43968689e-08  1.97719067e-08  3.43968689e-08  2.99999999e+00 
 3.44168689e-08  1.97719066e-08  3.44168689e-08  2.99999999e+00 
 3.44368689e-08  1.97719065e-08  3.44368689e-08  2.99999999e+00 
 3.44568689e-08  1.97719064e-08  3.44568689e-08  2.99999999e+00 
 3.44768689e-08  1.97719070e-08  3.44768689e-08  2.99999999e+00 
 3.44968689e-08  1.97719070e-08  3.44968689e-08  2.99999999e+00 
 3.45168689e-08  1.97719065e-08  3.45168689e-08  2.99999999e+00 
 3.45368689e-08  1.97719057e-08  3.45368689e-08  2.99999999e+00 
 3.45568689e-08  1.97719057e-08  3.45568689e-08  2.99999999e+00 
 3.45768689e-08  1.97719058e-08  3.45768689e-08  2.99999999e+00 
 3.45968689e-08  1.97719059e-08  3.45968689e-08  2.99999999e+00 
 3.46168689e-08  1.97719061e-08  3.46168689e-08  2.99999999e+00 
 3.46368689e-08  1.97719063e-08  3.46368689e-08  2.99999999e+00 
 3.46568689e-08  1.97719065e-08  3.46568689e-08  2.99999999e+00 
 3.46768689e-08  1.97719064e-08  3.46768689e-08  2.99999999e+00 
 3.46968689e-08  1.97719062e-08  3.46968689e-08  2.99999999e+00 
 3.47168689e-08  1.97719066e-08  3.47168689e-08  2.99999999e+00 
 3.47368689e-08  1.97719070e-08  3.47368689e-08  2.99999999e+00 
 3.47568689e-08  1.97719066e-08  3.47568689e-08  2.99999999e+00 
 3.47768689e-08  1.97719066e-08  3.47768689e-08  2.99999999e+00 
 3.47968689e-08  1.97719067e-08  3.47968689e-08  2.99999999e+00 
 3.48168689e-08  1.97719072e-08  3.48168689e-08  2.99999999e+00 
 3.48368689e-08  1.97719070e-08  3.48368689e-08  2.99999999e+00 
 3.48568689e-08  1.97719069e-08  3.48568689e-08  2.99999999e+00 
 3.48768689e-08  1.97719067e-08  3.48768689e-08  2.99999999e+00 
 3.48968689e-08  1.97719067e-08  3.48968689e-08  2.99999999e+00 
 3.49168689e-08  1.97719063e-08  3.49168689e-08  2.99999999e+00 
 3.49368689e-08  1.97719066e-08  3.49368689e-08  2.99999999e+00 
 3.49568689e-08  1.97719070e-08  3.49568689e-08  2.99999999e+00 
 3.49768689e-08  1.97719068e-08  3.49768689e-08  2.99999999e+00 
 3.49968689e-08  1.97719065e-08  3.49968689e-08  2.99999999e+00 
 3.50168689e-08  1.97719070e-08  3.50168689e-08  2.99999999e+00 
 3.50368689e-08  1.97719071e-08  3.50368689e-08  2.99999999e+00 
 3.50568689e-08  1.97719069e-08  3.50568689e-08  2.99999999e+00 
 3.50768689e-08  1.97719065e-08  3.50768689e-08  2.99999999e+00 
 3.50968689e-08  1.97719060e-08  3.50968689e-08  2.99999999e+00 
 3.51168689e-08  1.97719057e-08  3.51168689e-08  2.99999999e+00 
 3.51368689e-08  1.97719058e-08  3.51368689e-08  2.99999999e+00 
 3.51568689e-08  1.97719055e-08  3.51568689e-08  2.99999999e+00 
 3.51768689e-08  1.97719050e-08  3.51768689e-08  2.99999999e+00 
 3.51968689e-08  1.97719044e-08  3.51968689e-08  2.99999999e+00 
 3.52168689e-08  1.97719048e-08  3.52168689e-08  2.99999999e+00 
 3.52368689e-08  1.97719053e-08  3.52368689e-08  2.99999999e+00 
 3.52568689e-08  1.97719056e-08  3.52568689e-08  2.99999999e+00 
 3.52768689e-08  1.97719056e-08  3.52768689e-08  2.99999999e+00 
 3.52968689e-08  1.97719052e-08  3.52968689e-08  2.99999999e+00 
 3.53168689e-08  1.97719051e-08  3.53168689e-08  2.99999999e+00 
 3.53368689e-08  1.97719051e-08  3.53368689e-08  2.99999999e+00 
 3.53568689e-08  1.97719049e-08  3.53568689e-08  2.99999999e+00 
 3.53768689e-08  1.97719045e-08  3.53768689e-08  2.99999999e+00 
 3.53968689e-08  1.97719049e-08  3.53968689e-08  2.99999999e+00 
 3.54168689e-08  1.97719048e-08  3.54168689e-08  2.99999999e+00 
 3.54368689e-08  1.97719050e-08  3.54368689e-08  2.99999999e+00 
 3.54568689e-08  1.97719052e-08  3.54568689e-08  2.99999999e+00 
 3.54768689e-08  1.97719054e-08  3.54768689e-08  2.99999999e+00 
 3.54968689e-08  1.97719059e-08  3.54968689e-08  2.99999999e+00 
 3.55168689e-08  1.97719059e-08  3.55168689e-08  2.99999999e+00 
 3.55368689e-08  1.97719058e-08  3.55368689e-08  2.99999999e+00 
 3.55568689e-08  1.97719064e-08  3.55568689e-08  2.99999999e+00 
 3.55768689e-08  1.97719069e-08  3.55768689e-08  2.99999999e+00 
 3.55968689e-08  1.97719071e-08  3.55968689e-08  2.99999999e+00 
 3.56168689e-08  1.97719071e-08  3.56168689e-08  2.99999999e+00 
 3.56368689e-08  1.97719071e-08  3.56368689e-08  2.99999999e+00 
 3.56568689e-08  1.97719068e-08  3.56568689e-08  2.99999999e+00 
 3.56768689e-08  1.97719068e-08  3.56768689e-08  2.99999999e+00 
 3.56968689e-08  1.97719066e-08  3.56968689e-08  2.99999999e+00 
 3.57168689e-08  1.97719061e-08  3.57168689e-08  2.99999999e+00 
 3.57368689e-08  1.97719061e-08  3.57368689e-08  2.99999999e+00 
 3.57568689e-08  1.97719061e-08  3.57568689e-08  2.99999999e+00 
 3.57768689e-08  1.97719065e-08  3.57768689e-08  2.99999999e+00 
 3.57968689e-08  1.97719068e-08  3.57968689e-08  2.99999999e+00 
 3.58168689e-08  1.97719070e-08  3.58168689e-08  2.99999999e+00 
 3.58368689e-08  1.97719067e-08  3.58368689e-08  2.99999999e+00 
 3.58568689e-08  1.97719068e-08  3.58568689e-08  2.99999999e+00 
 3.58768689e-08  1.97719069e-08  3.58768689e-08  2.99999999e+00 
 3.58968689e-08  1.97719067e-08  3.58968689e-08  2.99999999e+00 
 3.59168689e-08  1.97719069e-08  3.59168689e-08  2.99999999e+00 
 3.59368689e-08  1.97719071e-08  3.59368689e-08  2.99999999e+00 
 3.59568689e-08  1.97719070e-08  3.59568689e-08  2.99999999e+00 
 3.59768689e-08  1.97719068e-08  3.59768689e-08  2.99999999e+00 
 3.59968689e-08  1.97719070e-08  3.59968689e-08  2.99999999e+00 
 3.60168689e-08  1.97719065e-08  3.60168689e-08  2.99999999e+00 
 3.60368689e-08  1.97719062e-08  3.60368689e-08  2.99999999e+00 
 3.60568689e-08  1.97719061e-08  3.60568689e-08  2.99999999e+00 
 3.60768689e-08  1.97719063e-08  3.60768689e-08  2.99999999e+00 
 3.60968689e-08  1.97719063e-08  3.60968689e-08  2.99999999e+00 
 3.61168689e-08  1.97719070e-08  3.61168689e-08  2.99999999e+00 
 3.61368689e-08  1.97719072e-08  3.61368689e-08  2.99999999e+00 
 3.61568689e-08  1.97719072e-08  3.61568689e-08  2.99999999e+00 
 3.61768689e-08  1.97719068e-08  3.61768689e-08  2.99999999e+00 
 3.61968689e-08  1.97719068e-08  3.61968689e-08  2.99999999e+00 
 3.62168689e-08  1.97719069e-08  3.62168689e-08  2.99999999e+00 
 3.62368689e-08  1.97719071e-08  3.62368689e-08  2.99999999e+00 
 3.62568689e-08  1.97719070e-08  3.62568689e-08  2.99999999e+00 
 3.62768689e-08  1.97719065e-08  3.62768689e-08  2.99999999e+00 
 3.62968689e-08  1.97719066e-08  3.62968689e-08  2.99999999e+00 
 3.63168689e-08  1.97719064e-08  3.63168689e-08  2.99999999e+00 
 3.63368689e-08  1.97719066e-08  3.63368689e-08  2.99999999e+00 
 3.63568689e-08  1.97719068e-08  3.63568689e-08  2.99999999e+00 
 3.63768689e-08  1.97719063e-08  3.63768689e-08  2.99999999e+00 
 3.63968689e-08  1.97719069e-08  3.63968689e-08  2.99999999e+00 
 3.64168689e-08  1.97719067e-08  3.64168689e-08  2.99999999e+00 
 3.64368689e-08  1.97719063e-08  3.64368689e-08  2.99999999e+00 
 3.64568689e-08  1.97719062e-08  3.64568689e-08  2.99999999e+00 
 3.64768689e-08  1.97719066e-08  3.64768689e-08  2.99999999e+00 
 3.64968689e-08  1.97719068e-08  3.64968689e-08  2.99999999e+00 
 3.65168689e-08  1.97719070e-08  3.65168689e-08  2.99999999e+00 
 3.65368689e-08  1.97719072e-08  3.65368689e-08  2.99999999e+00 
 3.65568689e-08  1.97719071e-08  3.65568689e-08  2.99999999e+00 
 3.65768689e-08  1.97719069e-08  3.65768689e-08  2.99999999e+00 
 3.65968689e-08  1.97719069e-08  3.65968689e-08  2.99999999e+00 
 3.66168689e-08  1.97719068e-08  3.66168689e-08  2.99999999e+00 
 3.66368689e-08  1.97719069e-08  3.66368689e-08  2.99999999e+00 
 3.66568689e-08  1.97719070e-08  3.66568689e-08  2.99999999e+00 
 3.66768689e-08  1.97719070e-08  3.66768689e-08  2.99999999e+00 
 3.66968689e-08  1.97719067e-08  3.66968689e-08  2.99999999e+00 
 3.67168689e-08  1.97719062e-08  3.67168689e-08  2.99999999e+00 
 3.67368689e-08  1.97719060e-08  3.67368689e-08  2.99999999e+00 
 3.67568689e-08  1.97719058e-08  3.67568689e-08  2.99999999e+00 
 3.67768689e-08  1.97719063e-08  3.67768689e-08  2.99999999e+00 
 3.67968689e-08  1.97719070e-08  3.67968689e-08  2.99999999e+00 
 3.68168689e-08  1.97719067e-08  3.68168689e-08  2.99999999e+00 
 3.68368689e-08  1.97719064e-08  3.68368689e-08  2.99999999e+00 
 3.68568689e-08  1.97719062e-08  3.68568689e-08  2.99999999e+00 
 3.68768689e-08  1.97719065e-08  3.68768689e-08  2.99999999e+00 
 3.68968689e-08  1.97719064e-08  3.68968689e-08  2.99999999e+00 
 3.69168689e-08  1.97719066e-08  3.69168689e-08  2.99999999e+00 
 3.69368689e-08  1.97719073e-08  3.69368689e-08  2.99999999e+00 
 3.69568689e-08  1.97719070e-08  3.69568689e-08  2.99999999e+00 
 3.69768689e-08  1.97719065e-08  3.69768689e-08  2.99999999e+00 
 3.69968689e-08  1.97719063e-08  3.69968689e-08  2.99999999e+00 
 3.70168689e-08  1.97719070e-08  3.70168689e-08  2.99999999e+00 
 3.70368689e-08  1.97719075e-08  3.70368689e-08  2.99999999e+00 
 3.70568689e-08  1.97719078e-08  3.70568689e-08  2.99999999e+00 
 3.70768689e-08  1.97719076e-08  3.70768689e-08  2.99999999e+00 
 3.70968689e-08  1.97719079e-08  3.70968689e-08  2.99999999e+00 
 3.71168689e-08  1.97719074e-08  3.71168689e-08  2.99999999e+00 
 3.71368689e-08  1.97719070e-08  3.71368689e-08  2.99999999e+00 
 3.71568689e-08  1.97719072e-08  3.71568689e-08  2.99999999e+00 
 3.71768689e-08  1.97719067e-08  3.71768689e-08  2.99999999e+00 
 3.71968689e-08  1.97719062e-08  3.71968689e-08  2.99999999e+00 
 3.72168689e-08  1.97719063e-08  3.72168689e-08  2.99999999e+00 
 3.72368689e-08  1.97719063e-08  3.72368689e-08  2.99999999e+00 
 3.72568689e-08  1.97719058e-08  3.72568689e-08  2.99999999e+00 
 3.72768689e-08  1.97719060e-08  3.72768689e-08  2.99999999e+00 
 3.72968689e-08  1.97719064e-08  3.72968689e-08  2.99999999e+00 
 3.73168689e-08  1.97719065e-08  3.73168689e-08  2.99999999e+00 
 3.73368689e-08  1.97719062e-08  3.73368689e-08  2.99999999e+00 
 3.73568689e-08  1.97719057e-08  3.73568689e-08  2.99999999e+00 
 3.73768689e-08  1.97719060e-08  3.73768689e-08  2.99999999e+00 
 3.73968689e-08  1.97719063e-08  3.73968689e-08  2.99999999e+00 
 3.74168689e-08  1.97719065e-08  3.74168689e-08  2.99999999e+00 
 3.74368689e-08  1.97719062e-08  3.74368689e-08  2.99999999e+00 
 3.74568689e-08  1.97719063e-08  3.74568689e-08  2.99999999e+00 
 3.74768689e-08  1.97719074e-08  3.74768689e-08  2.99999999e+00 
 3.74968689e-08  1.97719075e-08  3.74968689e-08  2.99999999e+00 
 3.75168689e-08  1.97719079e-08  3.75168689e-08  2.99999999e+00 
 3.75368689e-08  1.97719078e-08  3.75368689e-08  2.99999999e+00 
 3.75568689e-08  1.97719078e-08  3.75568689e-08  2.99999999e+00 
 3.75768689e-08  1.97719077e-08  3.75768689e-08  2.99999999e+00 
 3.75968689e-08  1.97719074e-08  3.75968689e-08  2.99999999e+00 
 3.76168689e-08  1.97719065e-08  3.76168689e-08  2.99999999e+00 
 3.76368689e-08  1.97719062e-08  3.76368689e-08  2.99999999e+00 
 3.76568689e-08  1.97719067e-08  3.76568689e-08  2.99999999e+00 
 3.76768689e-08  1.97719066e-08  3.76768689e-08  2.99999999e+00 
 3.76968689e-08  1.97719064e-08  3.76968689e-08  2.99999999e+00 
 3.77168689e-08  1.97719066e-08  3.77168689e-08  2.99999999e+00 
 3.77368689e-08  1.97719065e-08  3.77368689e-08  2.99999999e+00 
 3.77568689e-08  1.97719062e-08  3.77568689e-08  2.99999999e+00 
 3.77768689e-08  1.97719060e-08  3.77768689e-08  2.99999999e+00 
 3.77968689e-08  1.97719057e-08  3.77968689e-08  2.99999999e+00 
 3.78168689e-08  1.97719056e-08  3.78168689e-08  2.99999999e+00 
 3.78368689e-08  1.97719058e-08  3.78368689e-08  2.99999999e+00 
 3.78568689e-08  1.97719065e-08  3.78568689e-08  2.99999999e+00 
 3.78768689e-08  1.97719069e-08  3.78768689e-08  2.99999999e+00 
 3.78968689e-08  1.97719073e-08  3.78968689e-08  2.99999999e+00 
 3.79168689e-08  1.97719070e-08  3.79168689e-08  2.99999999e+00 
 3.79368689e-08  1.97719069e-08  3.79368689e-08  2.99999999e+00 
 3.79568689e-08  1.97719068e-08  3.79568689e-08  2.99999999e+00 
 3.79768689e-08  1.97719067e-08  3.79768689e-08  2.99999999e+00 
 3.79968689e-08  1.97719066e-08  3.79968689e-08  2.99999999e+00 
 3.80168689e-08  1.97719061e-08  3.80168689e-08  2.99999999e+00 
 3.80368689e-08  1.97719062e-08  3.80368689e-08  2.99999999e+00 
 3.80568689e-08  1.97719072e-08  3.80568689e-08  2.99999999e+00 
 3.80768689e-08  1.97719075e-08  3.80768689e-08  2.99999999e+00 
 3.80968689e-08  1.97719075e-08  3.80968689e-08  2.99999999e+00 
 3.81168689e-08  1.97719073e-08  3.81168689e-08  2.99999999e+00 
 3.81368689e-08  1.97719067e-08  3.81368689e-08  2.99999999e+00 
 3.81568689e-08  1.97719060e-08  3.81568689e-08  2.99999999e+00 
 3.81768689e-08  1.97719060e-08  3.81768689e-08  2.99999999e+00 
 3.81968689e-08  1.97719058e-08  3.81968689e-08  2.99999999e+00 
 3.82168689e-08  1.97719060e-08  3.82168689e-08  2.99999999e+00 
 3.82368689e-08  1.97719058e-08  3.82368689e-08  2.99999999e+00 
 3.82568689e-08  1.97719052e-08  3.82568689e-08  2.99999999e+00 
 3.82768689e-08  1.97719051e-08  3.82768689e-08  2.99999999e+00 
 3.82968689e-08  1.97719055e-08  3.82968689e-08  2.99999999e+00 
 3.83168689e-08  1.97719053e-08  3.83168689e-08  2.99999999e+00 
 3.83368689e-08  1.97719050e-08  3.83368689e-08  2.99999999e+00 
 3.83568689e-08  1.97719056e-08  3.83568689e-08  2.99999999e+00 
 3.83768689e-08  1.97719056e-08  3.83768689e-08  2.99999999e+00 
 3.83968689e-08  1.97719056e-08  3.83968689e-08  2.99999999e+00 
 3.84168689e-08  1.97719058e-08  3.84168689e-08  2.99999999e+00 
 3.84368689e-08  1.97719060e-08  3.84368689e-08  2.99999999e+00 
 3.84568689e-08  1.97719061e-08  3.84568689e-08  2.99999999e+00 
 3.84768689e-08  1.97719055e-08  3.84768689e-08  2.99999999e+00 
 3.84968689e-08  1.97719055e-08  3.84968689e-08  2.99999999e+00 
 3.85168689e-08  1.97719060e-08  3.85168689e-08  2.99999999e+00 
 3.85368689e-08  1.97719060e-08  3.85368689e-08  2.99999999e+00 
 3.85568689e-08  1.97719060e-08  3.85568689e-08  2.99999999e+00 
 3.85768689e-08  1.97719061e-08  3.85768689e-08  2.99999999e+00 
 3.85968689e-08  1.97719066e-08  3.85968689e-08  2.99999999e+00 
 3.86168689e-08  1.97719076e-08  3.86168689e-08  2.99999999e+00 
 3.86368689e-08  1.97719082e-08  3.86368689e-08  2.99999999e+00 
 3.86568689e-08  1.97719080e-08  3.86568689e-08  2.99999999e+00 
 3.86768689e-08  1.97719067e-08  3.86768689e-08  2.99999999e+00 
 3.86968689e-08  1.97719063e-08  3.86968689e-08  2.99999999e+00 
 3.87168689e-08  1.97719060e-08  3.87168689e-08  2.99999999e+00 
 3.87368689e-08  1.97719055e-08  3.87368689e-08  2.99999999e+00 
 3.87568689e-08  1.97719062e-08  3.87568689e-08  2.99999999e+00 
 3.87768689e-08  1.97719069e-08  3.87768689e-08  2.99999999e+00 
 3.87968689e-08  1.97719067e-08  3.87968689e-08  2.99999999e+00 
 3.88168689e-08  1.97719063e-08  3.88168689e-08  2.99999999e+00 
 3.88368689e-08  1.97719058e-08  3.88368689e-08  2.99999999e+00 
 3.88568689e-08  1.97719061e-08  3.88568689e-08  2.99999999e+00 
 3.88768689e-08  1.97719064e-08  3.88768689e-08  2.99999999e+00 
 3.88968689e-08  1.97719069e-08  3.88968689e-08  2.99999999e+00 
 3.89168689e-08  1.97719065e-08  3.89168689e-08  2.99999999e+00 
 3.89368689e-08  1.97719060e-08  3.89368689e-08  2.99999999e+00 
 3.89568689e-08  1.97719060e-08  3.89568689e-08  2.99999999e+00 
 3.89768689e-08  1.97719063e-08  3.89768689e-08  2.99999999e+00 
 3.89968689e-08  1.97719062e-08  3.89968689e-08  2.99999999e+00 
 3.90168689e-08  1.97719062e-08  3.90168689e-08  2.99999999e+00 
 3.90368689e-08  1.97719062e-08  3.90368689e-08  2.99999999e+00 
 3.90568689e-08  1.97719064e-08  3.90568689e-08  2.99999999e+00 
 3.90768689e-08  1.97719070e-08  3.90768689e-08  2.99999999e+00 
 3.90968689e-08  1.97719077e-08  3.90968689e-08  2.99999999e+00 
 3.91168689e-08  1.97719076e-08  3.91168689e-08  2.99999999e+00 
 3.91368689e-08  1.97719075e-08  3.91368689e-08  2.99999999e+00 
 3.91568689e-08  1.97719073e-08  3.91568689e-08  2.99999999e+00 
 3.91768689e-08  1.97719066e-08  3.91768689e-08  2.99999999e+00 
 3.91968689e-08  1.97719067e-08  3.91968689e-08  2.99999999e+00 
 3.92168689e-08  1.97719068e-08  3.92168689e-08  2.99999999e+00 
 3.92368689e-08  1.97719068e-08  3.92368689e-08  2.99999999e+00 
 3.92568689e-08  1.97719070e-08  3.92568689e-08  2.99999999e+00 
 3.92768689e-08  1.97719068e-08  3.92768689e-08  2.99999999e+00 
 3.92968689e-08  1.97719069e-08  3.92968689e-08  2.99999999e+00 
 3.93168689e-08  1.97719069e-08  3.93168689e-08  2.99999999e+00 
 3.93368689e-08  1.97719071e-08  3.93368689e-08  2.99999999e+00 
 3.93568689e-08  1.97719072e-08  3.93568689e-08  2.99999999e+00 
 3.93768689e-08  1.97719077e-08  3.93768689e-08  2.99999999e+00 
 3.93968689e-08  1.97719076e-08  3.93968689e-08  2.99999999e+00 
 3.94168689e-08  1.97719075e-08  3.94168689e-08  2.99999999e+00 
 3.94368689e-08  1.97719074e-08  3.94368689e-08  2.99999999e+00 
 3.94568689e-08  1.97719072e-08  3.94568689e-08  2.99999999e+00 
 3.94768689e-08  1.97719070e-08  3.94768689e-08  2.99999999e+00 
 3.94968689e-08  1.97719067e-08  3.94968689e-08  2.99999999e+00 
 3.95168689e-08  1.97719065e-08  3.95168689e-08  2.99999999e+00 
 3.95368689e-08  1.97719062e-08  3.95368689e-08  2.99999999e+00 
 3.95568689e-08  1.97719067e-08  3.95568689e-08  2.99999999e+00 
 3.95768689e-08  1.97719070e-08  3.95768689e-08  2.99999999e+00 
 3.95968689e-08  1.97719067e-08  3.95968689e-08  2.99999999e+00 
 3.96168689e-08  1.97719070e-08  3.96168689e-08  2.99999999e+00 
 3.96368689e-08  1.97719069e-08  3.96368689e-08  2.99999999e+00 
 3.96568689e-08  1.97719066e-08  3.96568689e-08  2.99999999e+00 
 3.96768689e-08  1.97719062e-08  3.96768689e-08  2.99999999e+00 
 3.96968689e-08  1.97719062e-08  3.96968689e-08  2.99999999e+00 
 3.97168689e-08  1.97719064e-08  3.97168689e-08  2.99999999e+00 
 3.97368689e-08  1.97719068e-08  3.97368689e-08  2.99999999e+00 
 3.97568689e-08  1.97719062e-08  3.97568689e-08  2.99999999e+00 
 3.97768689e-08  1.97719064e-08  3.97768689e-08  2.99999999e+00 
 3.97968689e-08  1.97719068e-08  3.97968689e-08  2.99999999e+00 
 3.98168689e-08  1.97719061e-08  3.98168689e-08  2.99999999e+00 
 3.98368689e-08  1.97719058e-08  3.98368689e-08  2.99999999e+00 
 3.98568689e-08  1.97719056e-08  3.98568689e-08  2.99999999e+00 
 3.98768689e-08  1.97719059e-08  3.98768689e-08  2.99999999e+00 
 3.98968689e-08  1.97719065e-08  3.98968689e-08  2.99999999e+00 
 3.99168689e-08  1.97719056e-08  3.99168689e-08  2.99999999e+00 
 3.99368689e-08  1.97719056e-08  3.99368689e-08  2.99999999e+00 
 3.99568689e-08  1.97719057e-08  3.99568689e-08  2.99999999e+00 
 3.99768689e-08  1.97719069e-08  3.99768689e-08  2.99999999e+00 
 3.99968689e-08  1.97719072e-08  3.99968689e-08  2.99999999e+00 
 4.00168689e-08  1.97719066e-08  4.00168689e-08  2.99999999e+00 
 4.00368689e-08  1.97719066e-08  4.00368689e-08  2.99999999e+00 
 4.00568689e-08  1.97719064e-08  4.00568689e-08  2.99999999e+00 
 4.00768689e-08  1.97719063e-08  4.00768689e-08  2.99999999e+00 
 4.00968689e-08  1.97719067e-08  4.00968689e-08  2.99999999e+00 
 4.01168689e-08  1.97719069e-08  4.01168689e-08  2.99999999e+00 
 4.01368689e-08  1.97719071e-08  4.01368689e-08  2.99999999e+00 
 4.01568689e-08  1.97719068e-08  4.01568689e-08  2.99999999e+00 
 4.01768689e-08  1.97719064e-08  4.01768689e-08  2.99999999e+00 
 4.01968689e-08  1.97719062e-08  4.01968689e-08  2.99999999e+00 
 4.02168689e-08  1.97719063e-08  4.02168689e-08  2.99999999e+00 
 4.02368689e-08  1.97719060e-08  4.02368689e-08  2.99999999e+00 
 4.02568689e-08  1.97719058e-08  4.02568689e-08  2.99999999e+00 
 4.02768689e-08  1.97719057e-08  4.02768689e-08  2.99999999e+00 
 4.02968689e-08  1.97719056e-08  4.02968689e-08  2.99999999e+00 
 4.03168689e-08  1.97719060e-08  4.03168689e-08  2.99999999e+00 
 4.03368689e-08  1.97719065e-08  4.03368689e-08  2.99999999e+00 
 4.03568689e-08  1.97719062e-08  4.03568689e-08  2.99999999e+00 
 4.03768689e-08  1.97719063e-08  4.03768689e-08  2.99999999e+00 
 4.03968689e-08  1.97719070e-08  4.03968689e-08  2.99999999e+00 
 4.04168689e-08  1.97719063e-08  4.04168689e-08  2.99999999e+00 
 4.04368689e-08  1.97719066e-08  4.04368689e-08  2.99999999e+00 
 4.04568689e-08  1.97719072e-08  4.04568689e-08  2.99999999e+00 
 4.04768689e-08  1.97719072e-08  4.04768689e-08  2.99999999e+00 
 4.04968689e-08  1.97719071e-08  4.04968689e-08  2.99999999e+00 
 4.05168689e-08  1.97719075e-08  4.05168689e-08  2.99999999e+00 
 4.05368689e-08  1.97719078e-08  4.05368689e-08  2.99999999e+00 
 4.05568689e-08  1.97719078e-08  4.05568689e-08  2.99999999e+00 
 4.05768689e-08  1.97719076e-08  4.05768689e-08  2.99999999e+00 
 4.05968689e-08  1.97719072e-08  4.05968689e-08  2.99999999e+00 
 4.06168689e-08  1.97719073e-08  4.06168689e-08  2.99999999e+00 
 4.06368689e-08  1.97719073e-08  4.06368689e-08  2.99999999e+00 
 4.06568689e-08  1.97719069e-08  4.06568689e-08  2.99999999e+00 
 4.06768689e-08  1.97719065e-08  4.06768689e-08  2.99999999e+00 
 4.06968689e-08  1.97719066e-08  4.06968689e-08  2.99999999e+00 
 4.07168689e-08  1.97719073e-08  4.07168689e-08  2.99999999e+00 
 4.07368689e-08  1.97719074e-08  4.07368689e-08  2.99999999e+00 
 4.07568689e-08  1.97719073e-08  4.07568689e-08  2.99999999e+00 
 4.07768689e-08  1.97719071e-08  4.07768689e-08  2.99999999e+00 
 4.07968689e-08  1.97719074e-08  4.07968689e-08  2.99999999e+00 
 4.08168689e-08  1.97719078e-08  4.08168689e-08  2.99999999e+00 
 4.08368689e-08  1.97719073e-08  4.08368689e-08  2.99999999e+00 
 4.08568689e-08  1.97719068e-08  4.08568689e-08  2.99999999e+00 
 4.08768689e-08  1.97719068e-08  4.08768689e-08  2.99999999e+00 
 4.08968689e-08  1.97719070e-08  4.08968689e-08  2.99999999e+00 
 4.09168689e-08  1.97719066e-08  4.09168689e-08  2.99999999e+00 
 4.09368689e-08  1.97719065e-08  4.09368689e-08  2.99999999e+00 
 4.09568689e-08  1.97719065e-08  4.09568689e-08  2.99999999e+00 
 4.09768689e-08  1.97719062e-08  4.09768689e-08  2.99999999e+00 
 4.09968689e-08  1.97719064e-08  4.09968689e-08  2.99999999e+00 
 4.10168689e-08  1.97719067e-08  4.10168689e-08  2.99999999e+00 
 4.10368689e-08  1.97719063e-08  4.10368689e-08  2.99999999e+00 
 4.10568689e-08  1.97719059e-08  4.10568689e-08  2.99999999e+00 
 4.10768689e-08  1.97719065e-08  4.10768689e-08  2.99999999e+00 
 4.10968689e-08  1.97719063e-08  4.10968689e-08  2.99999999e+00 
 4.11168689e-08  1.97719066e-08  4.11168689e-08  2.99999999e+00 
 4.11368689e-08  1.97719064e-08  4.11368689e-08  2.99999999e+00 
 4.11568689e-08  1.97719065e-08  4.11568689e-08  2.99999999e+00 
 4.11768689e-08  1.97719065e-08  4.11768689e-08  2.99999999e+00 
 4.11968689e-08  1.97719063e-08  4.11968689e-08  2.99999999e+00 
 4.12168689e-08  1.97719067e-08  4.12168689e-08  2.99999999e+00 
 4.12368689e-08  1.97719067e-08  4.12368689e-08  2.99999999e+00 
 4.12568689e-08  1.97719065e-08  4.12568689e-08  2.99999999e+00 
 4.12768689e-08  1.97719066e-08  4.12768689e-08  2.99999999e+00 
 4.12968689e-08  1.97719062e-08  4.12968689e-08  2.99999999e+00 
 4.13168689e-08  1.97719058e-08  4.13168689e-08  2.99999999e+00 
 4.13368689e-08  1.97719061e-08  4.13368689e-08  2.99999999e+00 
 4.13568689e-08  1.97719061e-08  4.13568689e-08  2.99999999e+00 
 4.13768689e-08  1.97719063e-08  4.13768689e-08  2.99999999e+00 
 4.13968689e-08  1.97719062e-08  4.13968689e-08  2.99999999e+00 
 4.14168689e-08  1.97719061e-08  4.14168689e-08  2.99999999e+00 
 4.14368689e-08  1.97719063e-08  4.14368689e-08  2.99999999e+00 
 4.14568689e-08  1.97719062e-08  4.14568689e-08  2.99999999e+00 
 4.14768689e-08  1.97719066e-08  4.14768689e-08  2.99999999e+00 
 4.14968689e-08  1.97719070e-08  4.14968689e-08  2.99999999e+00 
 4.15168689e-08  1.97719068e-08  4.15168689e-08  2.99999999e+00 
 4.15368689e-08  1.97719065e-08  4.15368689e-08  2.99999999e+00 
 4.15568689e-08  1.97719066e-08  4.15568689e-08  2.99999999e+00 
 4.15768689e-08  1.97719063e-08  4.15768689e-08  2.99999999e+00 
 4.15968689e-08  1.97719063e-08  4.15968689e-08  2.99999999e+00 
 4.16168689e-08  1.97719064e-08  4.16168689e-08  2.99999999e+00 
 4.16368689e-08  1.97719062e-08  4.16368689e-08  2.99999999e+00 
 4.16568689e-08  1.97719062e-08  4.16568689e-08  2.99999999e+00 
 4.16768689e-08  1.97719068e-08  4.16768689e-08  2.99999999e+00 
 4.16968689e-08  1.97719069e-08  4.16968689e-08  2.99999999e+00 
 4.17168689e-08  1.97719069e-08  4.17168689e-08  2.99999999e+00 
 4.17368689e-08  1.97719070e-08  4.17368689e-08  2.99999999e+00 
 4.17568689e-08  1.97719067e-08  4.17568689e-08  2.99999999e+00 
 4.17768689e-08  1.97719066e-08  4.17768689e-08  2.99999999e+00 
 4.17968689e-08  1.97719065e-08  4.17968689e-08  2.99999999e+00 
 4.18168689e-08  1.97719067e-08  4.18168689e-08  2.99999999e+00 
 4.18368689e-08  1.97719069e-08  4.18368689e-08  2.99999999e+00 
 4.18568689e-08  1.97719068e-08  4.18568689e-08  2.99999999e+00 
 4.18768689e-08  1.97719067e-08  4.18768689e-08  2.99999999e+00 
 4.18968689e-08  1.97719065e-08  4.18968689e-08  2.99999999e+00 
 4.19168689e-08  1.97719065e-08  4.19168689e-08  2.99999999e+00 
 4.19368689e-08  1.97719066e-08  4.19368689e-08  2.99999999e+00 
 4.19568689e-08  1.97719067e-08  4.19568689e-08  2.99999999e+00 
 4.19768689e-08  1.97719069e-08  4.19768689e-08  2.99999999e+00 
 4.19968689e-08  1.97719077e-08  4.19968689e-08  2.99999999e+00 
 4.20168689e-08  1.97719079e-08  4.20168689e-08  2.99999999e+00 
 4.20368689e-08  1.97719084e-08  4.20368689e-08  2.99999999e+00 
 4.20568689e-08  1.97719087e-08  4.20568689e-08  2.99999999e+00 
 4.20768689e-08  1.97719094e-08  4.20768689e-08  2.99999999e+00 
 4.20968689e-08  1.97719086e-08  4.20968689e-08  2.99999999e+00 
 4.21168689e-08  1.97719073e-08  4.21168689e-08  2.99999999e+00 
 4.21368689e-08  1.97719066e-08  4.21368689e-08  2.99999999e+00 
 4.21568689e-08  1.97719068e-08  4.21568689e-08  2.99999999e+00 
 4.21768689e-08  1.97719064e-08  4.21768689e-08  2.99999999e+00 
 4.21968689e-08  1.97719063e-08  4.21968689e-08  2.99999999e+00 
 4.22168689e-08  1.97719061e-08  4.22168689e-08  2.99999999e+00 
 4.22368689e-08  1.97719063e-08  4.22368689e-08  2.99999999e+00 
 4.22568689e-08  1.97719065e-08  4.22568689e-08  2.99999999e+00 
 4.22768689e-08  1.97719070e-08  4.22768689e-08  2.99999999e+00 
 4.22968689e-08  1.97719071e-08  4.22968689e-08  2.99999999e+00 
 4.23168689e-08  1.97719072e-08  4.23168689e-08  2.99999999e+00 
 4.23368689e-08  1.97719071e-08  4.23368689e-08  2.99999999e+00 
 4.23568689e-08  1.97719070e-08  4.23568689e-08  2.99999999e+00 
 4.23768689e-08  1.97719068e-08  4.23768689e-08  2.99999999e+00 
 4.23968689e-08  1.97719065e-08  4.23968689e-08  2.99999999e+00 
 4.24168689e-08  1.97719065e-08  4.24168689e-08  2.99999999e+00 
 4.24368689e-08  1.97719068e-08  4.24368689e-08  2.99999999e+00 
 4.24568689e-08  1.97719071e-08  4.24568689e-08  2.99999999e+00 
 4.24768689e-08  1.97719072e-08  4.24768689e-08  2.99999999e+00 
 4.24968689e-08  1.97719069e-08  4.24968689e-08  2.99999999e+00 
 4.25168689e-08  1.97719069e-08  4.25168689e-08  2.99999999e+00 
 4.25368689e-08  1.97719070e-08  4.25368689e-08  2.99999999e+00 
 4.25568689e-08  1.97719069e-08  4.25568689e-08  2.99999999e+00 
 4.25768689e-08  1.97719069e-08  4.25768689e-08  2.99999999e+00 
 4.25968689e-08  1.97719069e-08  4.25968689e-08  2.99999999e+00 
 4.26168689e-08  1.97719065e-08  4.26168689e-08  2.99999999e+00 
 4.26368689e-08  1.97719065e-08  4.26368689e-08  2.99999999e+00 
 4.26568689e-08  1.97719068e-08  4.26568689e-08  2.99999999e+00 
 4.26768689e-08  1.97719070e-08  4.26768689e-08  2.99999999e+00 
 4.26968689e-08  1.97719067e-08  4.26968689e-08  2.99999999e+00 
 4.27168689e-08  1.97719064e-08  4.27168689e-08  2.99999999e+00 
 4.27368689e-08  1.97719064e-08  4.27368689e-08  2.99999999e+00 
 4.27568689e-08  1.97719062e-08  4.27568689e-08  2.99999999e+00 
 4.27768689e-08  1.97719067e-08  4.27768689e-08  2.99999999e+00 
 4.27968689e-08  1.97719068e-08  4.27968689e-08  2.99999999e+00 
 4.28168689e-08  1.97719069e-08  4.28168689e-08  2.99999999e+00 
 4.28368689e-08  1.97719071e-08  4.28368689e-08  2.99999999e+00 
 4.28568689e-08  1.97719070e-08  4.28568689e-08  2.99999999e+00 
 4.28768689e-08  1.97719067e-08  4.28768689e-08  2.99999999e+00 
 4.28968689e-08  1.97719063e-08  4.28968689e-08  2.99999999e+00 
 4.29168689e-08  1.97719063e-08  4.29168689e-08  2.99999999e+00 
 4.29368689e-08  1.97719059e-08  4.29368689e-08  2.99999999e+00 
 4.29568689e-08  1.97719058e-08  4.29568689e-08  2.99999999e+00 
 4.29768689e-08  1.97719058e-08  4.29768689e-08  2.99999999e+00 
 4.29968689e-08  1.97719057e-08  4.29968689e-08  2.99999999e+00 
 4.30168689e-08  1.97719056e-08  4.30168689e-08  2.99999999e+00 
 4.30368689e-08  1.97719055e-08  4.30368689e-08  2.99999999e+00 
 4.30568689e-08  1.97719057e-08  4.30568689e-08  2.99999999e+00 
 4.30768689e-08  1.97719054e-08  4.30768689e-08  2.99999999e+00 
 4.30968689e-08  1.97719054e-08  4.30968689e-08  2.99999999e+00 
 4.31168689e-08  1.97719055e-08  4.31168689e-08  2.99999999e+00 
 4.31368689e-08  1.97719051e-08  4.31368689e-08  2.99999999e+00 
 4.31568689e-08  1.97719048e-08  4.31568689e-08  2.99999999e+00 
 4.31768689e-08  1.97719049e-08  4.31768689e-08  2.99999999e+00 
 4.31968689e-08  1.97719051e-08  4.31968689e-08  2.99999999e+00 
 4.32168689e-08  1.97719052e-08  4.32168689e-08  2.99999999e+00 
 4.32368689e-08  1.97719059e-08  4.32368689e-08  2.99999999e+00 
 4.32568689e-08  1.97719055e-08  4.32568689e-08  2.99999999e+00 
 4.32768689e-08  1.97719056e-08  4.32768689e-08  2.99999999e+00 
 4.32968689e-08  1.97719058e-08  4.32968689e-08  2.99999999e+00 
 4.33168689e-08  1.97719061e-08  4.33168689e-08  2.99999999e+00 
 4.33368689e-08  1.97719065e-08  4.33368689e-08  2.99999999e+00 
 4.33568689e-08  1.97719069e-08  4.33568689e-08  2.99999999e+00 
 4.33768689e-08  1.97719066e-08  4.33768689e-08  2.99999999e+00 
 4.33968689e-08  1.97719063e-08  4.33968689e-08  2.99999999e+00 
 4.34168689e-08  1.97719069e-08  4.34168689e-08  2.99999999e+00 
 4.34368689e-08  1.97719071e-08  4.34368689e-08  2.99999999e+00 
 4.34568689e-08  1.97719074e-08  4.34568689e-08  2.99999999e+00 
 4.34768689e-08  1.97719075e-08  4.34768689e-08  2.99999999e+00 
 4.34968689e-08  1.97719080e-08  4.34968689e-08  2.99999999e+00 
 4.35168689e-08  1.97719082e-08  4.35168689e-08  2.99999999e+00 
 4.35368689e-08  1.97719078e-08  4.35368689e-08  2.99999999e+00 
 4.35568689e-08  1.97719075e-08  4.35568689e-08  2.99999999e+00 
 4.35768689e-08  1.97719080e-08  4.35768689e-08  2.99999999e+00 
 4.35968689e-08  1.97719082e-08  4.35968689e-08  2.99999999e+00 
 4.36168689e-08  1.97719085e-08  4.36168689e-08  2.99999999e+00 
 4.36368689e-08  1.97719083e-08  4.36368689e-08  2.99999999e+00 
 4.36568689e-08  1.97719082e-08  4.36568689e-08  2.99999999e+00 
 4.36768689e-08  1.97719080e-08  4.36768689e-08  2.99999999e+00 
 4.36968689e-08  1.97719078e-08  4.36968689e-08  2.99999999e+00 
 4.37168689e-08  1.97719076e-08  4.37168689e-08  2.99999999e+00 
 4.37368689e-08  1.97719076e-08  4.37368689e-08  2.99999999e+00 
 4.37568689e-08  1.97719078e-08  4.37568689e-08  2.99999999e+00 
 4.37768689e-08  1.97719078e-08  4.37768689e-08  2.99999999e+00 
 4.37968689e-08  1.97719076e-08  4.37968689e-08  2.99999999e+00 
 4.38168689e-08  1.97719070e-08  4.38168689e-08  2.99999999e+00 
 4.38368689e-08  1.97719067e-08  4.38368689e-08  2.99999999e+00 
 4.38568689e-08  1.97719068e-08  4.38568689e-08  2.99999999e+00 
 4.38768689e-08  1.97719065e-08  4.38768689e-08  2.99999999e+00 
 4.38968689e-08  1.97719064e-08  4.38968689e-08  2.99999999e+00 
 4.39168689e-08  1.97719063e-08  4.39168689e-08  2.99999999e+00 
 4.39368689e-08  1.97719059e-08  4.39368689e-08  2.99999999e+00 
 4.39568689e-08  1.97719061e-08  4.39568689e-08  2.99999999e+00 
 4.39768689e-08  1.97719056e-08  4.39768689e-08  2.99999999e+00 
 4.39968689e-08  1.97719060e-08  4.39968689e-08  2.99999999e+00 
 4.40168689e-08  1.97719061e-08  4.40168689e-08  2.99999999e+00 
 4.40368689e-08  1.97719063e-08  4.40368689e-08  2.99999999e+00 
 4.40568689e-08  1.97719064e-08  4.40568689e-08  2.99999999e+00 
 4.40768689e-08  1.97719064e-08  4.40768689e-08  2.99999999e+00 
 4.40968689e-08  1.97719067e-08  4.40968689e-08  2.99999999e+00 
 4.41168689e-08  1.97719068e-08  4.41168689e-08  2.99999999e+00 
 4.41368689e-08  1.97719065e-08  4.41368689e-08  2.99999999e+00 
 4.41568689e-08  1.97719070e-08  4.41568689e-08  2.99999999e+00 
 4.41768689e-08  1.97719068e-08  4.41768689e-08  2.99999999e+00 
 4.41968689e-08  1.97719072e-08  4.41968689e-08  2.99999999e+00 
 4.42168689e-08  1.97719071e-08  4.42168689e-08  2.99999999e+00 
 4.42368689e-08  1.97719074e-08  4.42368689e-08  2.99999999e+00 
 4.42568689e-08  1.97719074e-08  4.42568689e-08  2.99999999e+00 
 4.42768689e-08  1.97719072e-08  4.42768689e-08  2.99999999e+00 
 4.42968689e-08  1.97719075e-08  4.42968689e-08  2.99999999e+00 
 4.43168689e-08  1.97719081e-08  4.43168689e-08  2.99999999e+00 
 4.43368689e-08  1.97719083e-08  4.43368689e-08  2.99999999e+00 
 4.43568689e-08  1.97719079e-08  4.43568689e-08  2.99999999e+00 
 4.43768689e-08  1.97719074e-08  4.43768689e-08  2.99999999e+00 
 4.43968689e-08  1.97719069e-08  4.43968689e-08  2.99999999e+00 
 4.44168689e-08  1.97719066e-08  4.44168689e-08  2.99999999e+00 
 4.44368689e-08  1.97719069e-08  4.44368689e-08  2.99999999e+00 
 4.44568689e-08  1.97719069e-08  4.44568689e-08  2.99999999e+00 
 4.44768689e-08  1.97719065e-08  4.44768689e-08  2.99999999e+00 
 4.44968689e-08  1.97719065e-08  4.44968689e-08  2.99999999e+00 
 4.45168689e-08  1.97719067e-08  4.45168689e-08  2.99999999e+00 
 4.45368689e-08  1.97719067e-08  4.45368689e-08  2.99999999e+00 
 4.45568689e-08  1.97719070e-08  4.45568689e-08  2.99999999e+00 
 4.45768689e-08  1.97719072e-08  4.45768689e-08  2.99999999e+00 
 4.45968689e-08  1.97719070e-08  4.45968689e-08  2.99999999e+00 
 4.46168689e-08  1.97719071e-08  4.46168689e-08  2.99999999e+00 
 4.46368689e-08  1.97719072e-08  4.46368689e-08  2.99999999e+00 
 4.46568689e-08  1.97719074e-08  4.46568689e-08  2.99999999e+00 
 4.46768689e-08  1.97719073e-08  4.46768689e-08  2.99999999e+00 
 4.46968689e-08  1.97719072e-08  4.46968689e-08  2.99999999e+00 
 4.47168689e-08  1.97719066e-08  4.47168689e-08  2.99999999e+00 
 4.47368689e-08  1.97719061e-08  4.47368689e-08  2.99999999e+00 
 4.47568689e-08  1.97719057e-08  4.47568689e-08  2.99999999e+00 
 4.47768689e-08  1.97719062e-08  4.47768689e-08  2.99999999e+00 
 4.47968689e-08  1.97719061e-08  4.47968689e-08  2.99999999e+00 
 4.48168689e-08  1.97719061e-08  4.48168689e-08  2.99999999e+00 
 4.48368689e-08  1.97719065e-08  4.48368689e-08  2.99999999e+00 
 4.48568689e-08  1.97719068e-08  4.48568689e-08  2.99999999e+00 
 4.48768689e-08  1.97719063e-08  4.48768689e-08  2.99999999e+00 
 4.48968689e-08  1.97719066e-08  4.48968689e-08  2.99999999e+00 
 4.49168689e-08  1.97719069e-08  4.49168689e-08  2.99999999e+00 
 4.49368689e-08  1.97719068e-08  4.49368689e-08  2.99999999e+00 
 4.49568689e-08  1.97719072e-08  4.49568689e-08  2.99999999e+00 
 4.49768689e-08  1.97719068e-08  4.49768689e-08  2.99999999e+00 
 4.49968689e-08  1.97719071e-08  4.49968689e-08  2.99999999e+00 
 4.50168689e-08  1.97719068e-08  4.50168689e-08  2.99999999e+00 
 4.50368689e-08  1.97719066e-08  4.50368689e-08  2.99999999e+00 
 4.50568689e-08  1.97719068e-08  4.50568689e-08  2.99999999e+00 
 4.50768689e-08  1.97719062e-08  4.50768689e-08  2.99999999e+00 
 4.50968689e-08  1.97719070e-08  4.50968689e-08  2.99999999e+00 
 4.51168689e-08  1.97719074e-08  4.51168689e-08  2.99999999e+00 
 4.51368689e-08  1.97719069e-08  4.51368689e-08  2.99999999e+00 
 4.51568689e-08  1.97719064e-08  4.51568689e-08  2.99999999e+00 
 4.51768689e-08  1.97719066e-08  4.51768689e-08  2.99999999e+00 
 4.51968689e-08  1.97719069e-08  4.51968689e-08  2.99999999e+00 
 4.52168689e-08  1.97719061e-08  4.52168689e-08  2.99999999e+00 
 4.52368689e-08  1.97719061e-08  4.52368689e-08  2.99999999e+00 
 4.52568689e-08  1.97719064e-08  4.52568689e-08  2.99999999e+00 
 4.52768689e-08  1.97719064e-08  4.52768689e-08  2.99999999e+00 
 4.52968689e-08  1.97719064e-08  4.52968689e-08  2.99999999e+00 
 4.53168689e-08  1.97719064e-08  4.53168689e-08  2.99999999e+00 
 4.53368689e-08  1.97719068e-08  4.53368689e-08  2.99999999e+00 
 4.53568689e-08  1.97719065e-08  4.53568689e-08  2.99999999e+00 
 4.53768689e-08  1.97719068e-08  4.53768689e-08  2.99999999e+00 
 4.53968689e-08  1.97719068e-08  4.53968689e-08  2.99999999e+00 
 4.54168689e-08  1.97719066e-08  4.54168689e-08  2.99999999e+00 
 4.54368689e-08  1.97719065e-08  4.54368689e-08  2.99999999e+00 
 4.54568689e-08  1.97719067e-08  4.54568689e-08  2.99999999e+00 
 4.54768689e-08  1.97719069e-08  4.54768689e-08  2.99999999e+00 
 4.54968689e-08  1.97719073e-08  4.54968689e-08  2.99999999e+00 
 4.55168689e-08  1.97719072e-08  4.55168689e-08  2.99999999e+00 
 4.55368689e-08  1.97719070e-08  4.55368689e-08  2.99999999e+00 
 4.55568689e-08  1.97719071e-08  4.55568689e-08  2.99999999e+00 
 4.55768689e-08  1.97719071e-08  4.55768689e-08  2.99999999e+00 
 4.55968689e-08  1.97719068e-08  4.55968689e-08  2.99999999e+00 
 4.56168689e-08  1.97719070e-08  4.56168689e-08  2.99999999e+00 
 4.56368689e-08  1.97719070e-08  4.56368689e-08  2.99999999e+00 
 4.56568689e-08  1.97719070e-08  4.56568689e-08  2.99999999e+00 
 4.56768689e-08  1.97719066e-08  4.56768689e-08  2.99999999e+00 
 4.56968689e-08  1.97719064e-08  4.56968689e-08  2.99999999e+00 
 4.57168689e-08  1.97719056e-08  4.57168689e-08  2.99999999e+00 
 4.57368689e-08  1.97719056e-08  4.57368689e-08  2.99999999e+00 
 4.57568689e-08  1.97719055e-08  4.57568689e-08  2.99999999e+00 
 4.57768689e-08  1.97719057e-08  4.57768689e-08  2.99999999e+00 
 4.57968689e-08  1.97719059e-08  4.57968689e-08  2.99999999e+00 
 4.58168689e-08  1.97719062e-08  4.58168689e-08  2.99999999e+00 
 4.58368689e-08  1.97719067e-08  4.58368689e-08  2.99999999e+00 
 4.58568689e-08  1.97719078e-08  4.58568689e-08  2.99999999e+00 
 4.58768689e-08  1.97719076e-08  4.58768689e-08  2.99999999e+00 
 4.58968689e-08  1.97719073e-08  4.58968689e-08  2.99999999e+00 
 4.59168689e-08  1.97719071e-08  4.59168689e-08  2.99999999e+00 
 4.59368689e-08  1.97719070e-08  4.59368689e-08  2.99999999e+00 
 4.59568689e-08  1.97719067e-08  4.59568689e-08  2.99999999e+00 
 4.59768689e-08  1.97719068e-08  4.59768689e-08  2.99999999e+00 
 4.59968689e-08  1.97719068e-08  4.59968689e-08  2.99999999e+00 
 4.60168689e-08  1.97719064e-08  4.60168689e-08  2.99999999e+00 
 4.60368689e-08  1.97719063e-08  4.60368689e-08  2.99999999e+00 
 4.60568689e-08  1.97719063e-08  4.60568689e-08  2.99999999e+00 
 4.60768689e-08  1.97719068e-08  4.60768689e-08  2.99999999e+00 
 4.60968689e-08  1.97719065e-08  4.60968689e-08  2.99999999e+00 
 4.61168689e-08  1.97719066e-08  4.61168689e-08  2.99999999e+00 
 4.61368689e-08  1.97719068e-08  4.61368689e-08  2.99999999e+00 
 4.61568689e-08  1.97719072e-08  4.61568689e-08  2.99999999e+00 
 4.61768689e-08  1.97719072e-08  4.61768689e-08  2.99999999e+00 
 4.61968689e-08  1.97719065e-08  4.61968689e-08  2.99999999e+00 
 4.62168689e-08  1.97719062e-08  4.62168689e-08  2.99999999e+00 
 4.62368689e-08  1.97719063e-08  4.62368689e-08  2.99999999e+00 
 4.62568689e-08  1.97719064e-08  4.62568689e-08  2.99999999e+00 
 4.62768689e-08  1.97719068e-08  4.62768689e-08  2.99999999e+00 
 4.62968689e-08  1.97719064e-08  4.62968689e-08  2.99999999e+00 
 4.63168689e-08  1.97719066e-08  4.63168689e-08  2.99999999e+00 
 4.63368689e-08  1.97719073e-08  4.63368689e-08  2.99999999e+00 
 4.63568689e-08  1.97719069e-08  4.63568689e-08  2.99999999e+00 
 4.63768689e-08  1.97719069e-08  4.63768689e-08  2.99999999e+00 
 4.63968689e-08  1.97719071e-08  4.63968689e-08  2.99999999e+00 
 4.64168689e-08  1.97719072e-08  4.64168689e-08  2.99999999e+00 
 4.64368689e-08  1.97719069e-08  4.64368689e-08  2.99999999e+00 
 4.64568689e-08  1.97719068e-08  4.64568689e-08  2.99999999e+00 
 4.64768689e-08  1.97719069e-08  4.64768689e-08  2.99999999e+00 
 4.64968689e-08  1.97719070e-08  4.64968689e-08  2.99999999e+00 
 4.65168689e-08  1.97719070e-08  4.65168689e-08  2.99999999e+00 
 4.65368689e-08  1.97719066e-08  4.65368689e-08  2.99999999e+00 
 4.65568689e-08  1.97719063e-08  4.65568689e-08  2.99999999e+00 
 4.65768689e-08  1.97719063e-08  4.65768689e-08  2.99999999e+00 
 4.65968689e-08  1.97719070e-08  4.65968689e-08  2.99999999e+00 
 4.66168689e-08  1.97719066e-08  4.66168689e-08  2.99999999e+00 
 4.66368689e-08  1.97719067e-08  4.66368689e-08  2.99999999e+00 
 4.66568689e-08  1.97719069e-08  4.66568689e-08  2.99999999e+00 
 4.66768689e-08  1.97719069e-08  4.66768689e-08  2.99999999e+00 
 4.66968689e-08  1.97719066e-08  4.66968689e-08  2.99999999e+00 
 4.67168689e-08  1.97719067e-08  4.67168689e-08  2.99999999e+00 
 4.67368689e-08  1.97719068e-08  4.67368689e-08  2.99999999e+00 
 4.67568689e-08  1.97719069e-08  4.67568689e-08  2.99999999e+00 
 4.67768689e-08  1.97719067e-08  4.67768689e-08  2.99999999e+00 
 4.67968689e-08  1.97719068e-08  4.67968689e-08  2.99999999e+00 
 4.68168689e-08  1.97719066e-08  4.68168689e-08  2.99999999e+00 
 4.68368689e-08  1.97719062e-08  4.68368689e-08  2.99999999e+00 
 4.68568689e-08  1.97719066e-08  4.68568689e-08  2.99999999e+00 
 4.68768689e-08  1.97719067e-08  4.68768689e-08  2.99999999e+00 
 4.68968689e-08  1.97719064e-08  4.68968689e-08  2.99999999e+00 
 4.69168689e-08  1.97719067e-08  4.69168689e-08  2.99999999e+00 
 4.69368689e-08  1.97719067e-08  4.69368689e-08  2.99999999e+00 
 4.69568689e-08  1.97719068e-08  4.69568689e-08  2.99999999e+00 
 4.69768689e-08  1.97719071e-08  4.69768689e-08  2.99999999e+00 
 4.69968689e-08  1.97719074e-08  4.69968689e-08  2.99999999e+00 
 4.70168689e-08  1.97719071e-08  4.70168689e-08  2.99999999e+00 
 4.70368689e-08  1.97719073e-08  4.70368689e-08  2.99999999e+00 
 4.70568689e-08  1.97719070e-08  4.70568689e-08  2.99999999e+00 
 4.70768689e-08  1.97719070e-08  4.70768689e-08  2.99999999e+00 
 4.70968689e-08  1.97719068e-08  4.70968689e-08  2.99999999e+00 
 4.71168689e-08  1.97719064e-08  4.71168689e-08  2.99999999e+00 
 4.71368689e-08  1.97719062e-08  4.71368689e-08  2.99999999e+00 
 4.71568689e-08  1.97719062e-08  4.71568689e-08  2.99999999e+00 
 4.71768689e-08  1.97719062e-08  4.71768689e-08  2.99999999e+00 
 4.71968689e-08  1.97719067e-08  4.71968689e-08  2.99999999e+00 
 4.72168689e-08  1.97719069e-08  4.72168689e-08  2.99999999e+00 
 4.72368689e-08  1.97719067e-08  4.72368689e-08  2.99999999e+00 
 4.72568689e-08  1.97719071e-08  4.72568689e-08  2.99999999e+00 
 4.72768689e-08  1.97719070e-08  4.72768689e-08  2.99999999e+00 
 4.72968689e-08  1.97719071e-08  4.72968689e-08  2.99999999e+00 
 4.73168689e-08  1.97719069e-08  4.73168689e-08  2.99999999e+00 
 4.73368689e-08  1.97719074e-08  4.73368689e-08  2.99999999e+00 
 4.73568689e-08  1.97719077e-08  4.73568689e-08  2.99999999e+00 
 4.73768689e-08  1.97719076e-08  4.73768689e-08  2.99999999e+00 
 4.73968689e-08  1.97719074e-08  4.73968689e-08  2.99999999e+00 
 4.74168689e-08  1.97719068e-08  4.74168689e-08  2.99999999e+00 
 4.74368689e-08  1.97719068e-08  4.74368689e-08  2.99999999e+00 
 4.74568689e-08  1.97719068e-08  4.74568689e-08  2.99999999e+00 
 4.74768689e-08  1.97719069e-08  4.74768689e-08  2.99999999e+00 
 4.74968689e-08  1.97719071e-08  4.74968689e-08  2.99999999e+00 
 4.75168689e-08  1.97719069e-08  4.75168689e-08  2.99999999e+00 
 4.75368689e-08  1.97719064e-08  4.75368689e-08  2.99999999e+00 
 4.75568689e-08  1.97719069e-08  4.75568689e-08  2.99999999e+00 
 4.75768689e-08  1.97719066e-08  4.75768689e-08  2.99999999e+00 
 4.75968689e-08  1.97719063e-08  4.75968689e-08  2.99999999e+00 
 4.76168689e-08  1.97719061e-08  4.76168689e-08  2.99999999e+00 
 4.76368689e-08  1.97719057e-08  4.76368689e-08  2.99999999e+00 
 4.76568689e-08  1.97719059e-08  4.76568689e-08  2.99999999e+00 
 4.76768689e-08  1.97719056e-08  4.76768689e-08  2.99999999e+00 
 4.76968689e-08  1.97719056e-08  4.76968689e-08  2.99999999e+00 
 4.77168689e-08  1.97719060e-08  4.77168689e-08  2.99999999e+00 
 4.77368689e-08  1.97719058e-08  4.77368689e-08  2.99999999e+00 
 4.77568689e-08  1.97719059e-08  4.77568689e-08  2.99999999e+00 
 4.77768689e-08  1.97719059e-08  4.77768689e-08  2.99999999e+00 
 4.77968689e-08  1.97719062e-08  4.77968689e-08  2.99999999e+00 
 4.78168689e-08  1.97719066e-08  4.78168689e-08  2.99999999e+00 
 4.78368689e-08  1.97719067e-08  4.78368689e-08  2.99999999e+00 
 4.78568689e-08  1.97719067e-08  4.78568689e-08  2.99999999e+00 
 4.78768689e-08  1.97719068e-08  4.78768689e-08  2.99999999e+00 
 4.78968689e-08  1.97719067e-08  4.78968689e-08  2.99999999e+00 
 4.79168689e-08  1.97719070e-08  4.79168689e-08  2.99999999e+00 
 4.79368689e-08  1.97719078e-08  4.79368689e-08  2.99999999e+00 
 4.79568689e-08  1.97719078e-08  4.79568689e-08  2.99999999e+00 
 4.79768689e-08  1.97719080e-08  4.79768689e-08  2.99999999e+00 
 4.79968689e-08  1.97719076e-08  4.79968689e-08  2.99999999e+00 
 4.80168689e-08  1.97719078e-08  4.80168689e-08  2.99999999e+00 
 4.80368689e-08  1.97719076e-08  4.80368689e-08  2.99999999e+00 
 4.80568689e-08  1.97719074e-08  4.80568689e-08  2.99999999e+00 
 4.80768689e-08  1.97719066e-08  4.80768689e-08  2.99999999e+00 
 4.80968689e-08  1.97719071e-08  4.80968689e-08  2.99999999e+00 
 4.81168689e-08  1.97719070e-08  4.81168689e-08  2.99999999e+00 
 4.81368689e-08  1.97719069e-08  4.81368689e-08  2.99999999e+00 
 4.81568689e-08  1.97719069e-08  4.81568689e-08  2.99999999e+00 
 4.81768689e-08  1.97719066e-08  4.81768689e-08  2.99999999e+00 
 4.81968689e-08  1.97719068e-08  4.81968689e-08  2.99999999e+00 
 4.82168689e-08  1.97719070e-08  4.82168689e-08  2.99999999e+00 
 4.82368689e-08  1.97719067e-08  4.82368689e-08  2.99999999e+00 
 4.82568689e-08  1.97719063e-08  4.82568689e-08  2.99999999e+00 
 4.82768689e-08  1.97719065e-08  4.82768689e-08  2.99999999e+00 
 4.82968689e-08  1.97719063e-08  4.82968689e-08  2.99999999e+00 
 4.83168689e-08  1.97719063e-08  4.83168689e-08  2.99999999e+00 
 4.83368689e-08  1.97719066e-08  4.83368689e-08  2.99999999e+00 
 4.83568689e-08  1.97719067e-08  4.83568689e-08  2.99999999e+00 
 4.83768689e-08  1.97719061e-08  4.83768689e-08  2.99999999e+00 
 4.83968689e-08  1.97719063e-08  4.83968689e-08  2.99999999e+00 
 4.84168689e-08  1.97719065e-08  4.84168689e-08  2.99999999e+00 
 4.84368689e-08  1.97719059e-08  4.84368689e-08  2.99999999e+00 
 4.84568689e-08  1.97719063e-08  4.84568689e-08  2.99999999e+00 
 4.84768689e-08  1.97719063e-08  4.84768689e-08  2.99999999e+00 
 4.84968689e-08  1.97719074e-08  4.84968689e-08  2.99999999e+00 
 4.85168689e-08  1.97719074e-08  4.85168689e-08  2.99999999e+00 
 4.85368689e-08  1.97719069e-08  4.85368689e-08  2.99999999e+00 
 4.85568689e-08  1.97719063e-08  4.85568689e-08  2.99999999e+00 
 4.85768689e-08  1.97719063e-08  4.85768689e-08  2.99999999e+00 
 4.85968689e-08  1.97719065e-08  4.85968689e-08  2.99999999e+00 
 4.86168689e-08  1.97719065e-08  4.86168689e-08  2.99999999e+00 
 4.86368689e-08  1.97719061e-08  4.86368689e-08  2.99999999e+00 
 4.86568689e-08  1.97719064e-08  4.86568689e-08  2.99999999e+00 
 4.86768689e-08  1.97719069e-08  4.86768689e-08  2.99999999e+00 
 4.86968689e-08  1.97719066e-08  4.86968689e-08  2.99999999e+00 
 4.87168689e-08  1.97719065e-08  4.87168689e-08  2.99999999e+00 
 4.87368689e-08  1.97719065e-08  4.87368689e-08  2.99999999e+00 
 4.87568689e-08  1.97719062e-08  4.87568689e-08  2.99999999e+00 
 4.87768689e-08  1.97719062e-08  4.87768689e-08  2.99999999e+00 
 4.87968689e-08  1.97719061e-08  4.87968689e-08  2.99999999e+00 
 4.88168689e-08  1.97719063e-08  4.88168689e-08  2.99999999e+00 
 4.88368689e-08  1.97719066e-08  4.88368689e-08  2.99999999e+00 
 4.88568689e-08  1.97719069e-08  4.88568689e-08  2.99999999e+00 
 4.88768689e-08  1.97719071e-08  4.88768689e-08  2.99999999e+00 
 4.88968689e-08  1.97719071e-08  4.88968689e-08  2.99999999e+00 
 4.89168689e-08  1.97719071e-08  4.89168689e-08  2.99999999e+00 
 4.89368689e-08  1.97719069e-08  4.89368689e-08  2.99999999e+00 
 4.89568689e-08  1.97719068e-08  4.89568689e-08  2.99999999e+00 
 4.89768689e-08  1.97719068e-08  4.89768689e-08  2.99999999e+00 
 4.89968689e-08  1.97719066e-08  4.89968689e-08  2.99999999e+00 
 4.90168689e-08  1.97719067e-08  4.90168689e-08  2.99999999e+00 
 4.90368689e-08  1.97719068e-08  4.90368689e-08  2.99999999e+00 
 4.90568689e-08  1.97719067e-08  4.90568689e-08  2.99999999e+00 
 4.90768689e-08  1.97719065e-08  4.90768689e-08  2.99999999e+00 
 4.90968689e-08  1.97719066e-08  4.90968689e-08  2.99999999e+00 
 4.91168689e-08  1.97719061e-08  4.91168689e-08  2.99999999e+00 
 4.91368689e-08  1.97719065e-08  4.91368689e-08  2.99999999e+00 
 4.91568689e-08  1.97719068e-08  4.91568689e-08  2.99999999e+00 
 4.91768689e-08  1.97719067e-08  4.91768689e-08  2.99999999e+00 
 4.91968689e-08  1.97719066e-08  4.91968689e-08  2.99999999e+00 
 4.92168689e-08  1.97719066e-08  4.92168689e-08  2.99999999e+00 
 4.92368689e-08  1.97719064e-08  4.92368689e-08  2.99999999e+00 
 4.92568689e-08  1.97719066e-08  4.92568689e-08  2.99999999e+00 
 4.92768689e-08  1.97719069e-08  4.92768689e-08  2.99999999e+00 
 4.92968689e-08  1.97719071e-08  4.92968689e-08  2.99999999e+00 
 4.93168689e-08  1.97719071e-08  4.93168689e-08  2.99999999e+00 
 4.93368689e-08  1.97719074e-08  4.93368689e-08  2.99999999e+00 
 4.93568689e-08  1.97719069e-08  4.93568689e-08  2.99999999e+00 
 4.93768689e-08  1.97719064e-08  4.93768689e-08  2.99999999e+00 
 4.93968689e-08  1.97719065e-08  4.93968689e-08  2.99999999e+00 
 4.94168689e-08  1.97719064e-08  4.94168689e-08  2.99999999e+00 
 4.94368689e-08  1.97719064e-08  4.94368689e-08  2.99999999e+00 
 4.94568689e-08  1.97719065e-08  4.94568689e-08  2.99999999e+00 
 4.94768689e-08  1.97719066e-08  4.94768689e-08  2.99999999e+00 
 4.94968689e-08  1.97719065e-08  4.94968689e-08  2.99999999e+00 
 4.95168689e-08  1.97719066e-08  4.95168689e-08  2.99999999e+00 
 4.95368689e-08  1.97719064e-08  4.95368689e-08  2.99999999e+00 
 4.95568689e-08  1.97719063e-08  4.95568689e-08  2.99999999e+00 
 4.95768689e-08  1.97719065e-08  4.95768689e-08  2.99999999e+00 
 4.95968689e-08  1.97719064e-08  4.95968689e-08  2.99999999e+00 
 4.96168689e-08  1.97719061e-08  4.96168689e-08  2.99999999e+00 
 4.96368689e-08  1.97719064e-08  4.96368689e-08  2.99999999e+00 
 4.96568689e-08  1.97719067e-08  4.96568689e-08  2.99999999e+00 
 4.96768689e-08  1.97719068e-08  4.96768689e-08  2.99999999e+00 
 4.96968689e-08  1.97719066e-08  4.96968689e-08  2.99999999e+00 
 4.97168689e-08  1.97719068e-08  4.97168689e-08  2.99999999e+00 
 4.97368689e-08  1.97719067e-08  4.97368689e-08  2.99999999e+00 
 4.97568689e-08  1.97719070e-08  4.97568689e-08  2.99999999e+00 
 4.97768689e-08  1.97719070e-08  4.97768689e-08  2.99999999e+00 
 4.97968689e-08  1.97719071e-08  4.97968689e-08  2.99999999e+00 
 4.98168689e-08  1.97719066e-08  4.98168689e-08  2.99999999e+00 
 4.98368689e-08  1.97719068e-08  4.98368689e-08  2.99999999e+00 
 4.98568689e-08  1.97719069e-08  4.98568689e-08  2.99999999e+00 
 4.98768689e-08  1.97719069e-08  4.98768689e-08  2.99999999e+00 
 4.98968689e-08  1.97719068e-08  4.98968689e-08  2.99999999e+00 
 4.99168689e-08  1.97719070e-08  4.99168689e-08  2.99999999e+00 
 4.99368689e-08  1.97719065e-08  4.99368689e-08  2.99999999e+00 
 4.99568689e-08  1.97719063e-08  4.99568689e-08  2.99999999e+00 
 4.99768689e-08  1.97719064e-08  4.99768689e-08  2.99999999e+00 
 4.99968689e-08  1.97719066e-08  4.99968689e-08  2.99999999e+00 
 5.00168689e-08  1.97719062e-08  5.00168689e-08  2.99999999e+00 
 5.00368689e-08  1.97719062e-08  5.00368689e-08  2.99999999e+00 
 5.00500000e-08  1.97718987e-08  5.00500000e-08  2.99999999e+00 
 5.00520000e-08 -1.96975378e-03  5.00520000e-08  2.99758835e+00 
 5.00560000e-08 -6.62351034e-03  5.00560000e-08  2.99198724e+00 
 5.00640000e-08 -3.05559617e-02  5.00640000e-08  2.96519166e+00 
 5.00783829e-08 -1.18444808e-01  5.00783829e-08  2.86407078e+00 
 5.00956672e-08 -1.74146613e-01  5.00956672e-08  2.78244046e+00 
 5.01000000e-08 -1.73754210e-01  5.01000000e-08  2.77047188e+00 
 5.01010219e-08 -1.67004917e-01  5.01010219e-08  2.77660191e+00 
 5.01030657e-08 -1.53068003e-01  5.01030657e-08  2.78860274e+00 
 5.01071533e-08 -1.23429110e-01  5.01071533e-08  2.81138850e+00 
 5.01153284e-08 -6.07738210e-02  5.01153284e-08  2.85379217e+00 
 5.01316787e-08  6.90663379e-02  5.01316787e-08  2.92776836e+00 
 5.01516787e-08  2.32456173e-01  5.01516787e-08  3.00221186e+00 
 5.01716787e-08  4.00020305e-01  5.01716787e-08  3.06514726e+00 
 5.01916787e-08  5.70779092e-01  5.01916787e-08  3.11597020e+00 
 5.02116787e-08  7.44705178e-01  5.02116787e-08  3.15861884e+00 
 5.02316787e-08  9.21341991e-01  5.02316787e-08  3.19495359e+00 
 5.02516787e-08  1.09978925e+00  5.02516787e-08  3.22530265e+00 
 5.02716787e-08  1.27693646e+00  5.02716787e-08  3.25063586e+00 
 5.02916787e-08  1.44999011e+00  5.02916787e-08  3.27139698e+00 
 5.03116787e-08  1.61501107e+00  5.03116787e-08  3.28714580e+00 
 5.03316787e-08  1.76704474e+00  5.03316787e-08  3.29657418e+00 
 5.03516787e-08  1.90180996e+00  5.03516787e-08  3.29642968e+00 
 5.03716787e-08  2.01583674e+00  5.03716787e-08  3.28545872e+00 
 5.03916787e-08  2.11352008e+00  5.03916787e-08  3.26810349e+00 
 5.04116787e-08  2.20498306e+00  5.04116787e-08  3.24513646e+00 
 5.04316787e-08  2.29164846e+00  5.04316787e-08  3.22169307e+00 
 5.04516787e-08  2.37204213e+00  5.04516787e-08  3.20033009e+00 
 5.04716787e-08  2.44601643e+00  5.04716787e-08  3.18050366e+00 
 5.04916787e-08  2.51399202e+00  5.04916787e-08  3.16141002e+00 
 5.05116787e-08  2.57619376e+00  5.05116787e-08  3.14284938e+00 
 5.05316787e-08  2.63235467e+00  5.05316787e-08  3.12531666e+00 
 5.05516787e-08  2.68225203e+00  5.05516787e-08  3.10938173e+00 
 5.05716787e-08  2.72607379e+00  5.05716787e-08  3.09526032e+00 
 5.05916787e-08  2.76428465e+00  5.05916787e-08  3.08289604e+00 
 5.06116787e-08  2.79745167e+00  5.06116787e-08  3.07212016e+00 
 5.06316787e-08  2.82615017e+00  5.06316787e-08  3.06274394e+00 
 5.06516787e-08  2.85092015e+00  5.06516787e-08  3.05458701e+00 
 5.06716787e-08  2.87225846e+00  5.06716787e-08  3.04748914e+00 
 5.06916787e-08  2.89061195e+00  5.06916787e-08  3.04131060e+00 
 5.07116787e-08  2.90637771e+00  5.07116787e-08  3.03593049e+00 
 5.07316787e-08  2.91990605e+00  5.07316787e-08  3.03124452e+00 
 5.07516787e-08  2.93150414e+00  5.07516787e-08  3.02716264e+00 
 5.07716787e-08  2.94143997e+00  5.07716787e-08  3.02360695e+00 
 5.07916787e-08  2.94994649e+00  5.07916787e-08  3.02050995e+00 
 5.08116787e-08  2.95722556e+00  5.08116787e-08  3.01781298e+00 
 5.08316787e-08  2.96345164e+00  5.08316787e-08  3.01546498e+00 
 5.08516787e-08  2.96877537e+00  5.08516787e-08  3.01342146e+00 
 5.08716787e-08  2.97332589e+00  5.08716787e-08  3.01164354e+00 
 5.08916787e-08  2.97721463e+00  5.08916787e-08  3.01009732e+00 
 5.09116787e-08  2.98053725e+00  5.09116787e-08  3.00875315e+00 
 5.09316787e-08  2.98337576e+00  5.09316787e-08  3.00758511e+00 
 5.09516787e-08  2.98580044e+00  5.09516787e-08  3.00657057e+00 
 5.09716787e-08  2.98787144e+00  5.09716787e-08  3.00568972e+00 
 5.09916787e-08  2.98964027e+00  5.09916787e-08  3.00492527e+00 
 5.10116787e-08  2.99115095e+00  5.10116787e-08  3.00426212e+00 
 5.10316787e-08  2.99244114e+00  5.10316787e-08  3.00368708e+00 
 5.10516787e-08  2.99354301e+00  5.10516787e-08  3.00318865e+00 
 5.10716787e-08  2.99448407e+00  5.10716787e-08  3.00275677e+00 
 5.10916787e-08  2.99528779e+00  5.10916787e-08  3.00238272e+00 
 5.11116787e-08  2.99597423e+00  5.11116787e-08  3.00205886e+00 
 5.11316787e-08  2.99656054e+00  5.11316787e-08  3.00177856e+00 
 5.11516787e-08  2.99706133e+00  5.11516787e-08  3.00153604e+00 
 5.11716787e-08  2.99748910e+00  5.11716787e-08  3.00132628e+00 
 5.11916787e-08  2.99785452e+00  5.11916787e-08  3.00114492e+00 
 5.12116787e-08  2.99816668e+00  5.12116787e-08  3.00098814e+00 
 5.12316787e-08  2.99843336e+00  5.12316787e-08  3.00085267e+00 
 5.12516787e-08  2.99866121e+00  5.12516787e-08  3.00073564e+00 
 5.12716787e-08  2.99885588e+00  5.12716787e-08  3.00063456e+00 
 5.12916787e-08  2.99902222e+00  5.12916787e-08  3.00054729e+00 
 5.13116787e-08  2.99916435e+00  5.13116787e-08  3.00047195e+00 
 5.13316787e-08  2.99928581e+00  5.13316787e-08  3.00040693e+00 
 5.13516787e-08  2.99938961e+00  5.13516787e-08  3.00035083e+00 
 5.13716787e-08  2.99947832e+00  5.13716787e-08  3.00030244e+00 
 5.13916787e-08  2.99955414e+00  5.13916787e-08  3.00026071e+00 
 5.14116787e-08  2.99961894e+00  5.14116787e-08  3.00022472e+00 
 5.14316787e-08  2.99967433e+00  5.14316787e-08  3.00019370e+00 
 5.14516787e-08  2.99972168e+00  5.14516787e-08  3.00016695e+00 
 5.14716787e-08  2.99976215e+00  5.14716787e-08  3.00014389e+00 
 5.14916787e-08  2.99979675e+00  5.14916787e-08  3.00012403e+00 
 5.15116787e-08  2.99982633e+00  5.15116787e-08  3.00010691e+00 
 5.15316787e-08  2.99985161e+00  5.15316787e-08  3.00009216e+00 
 5.15516787e-08  2.99987323e+00  5.15516787e-08  3.00007945e+00 
 5.15716787e-08  2.99989171e+00  5.15716787e-08  3.00006851e+00 
 5.15916787e-08  2.99990751e+00  5.15916787e-08  3.00005908e+00 
 5.16116787e-08  2.99992102e+00  5.16116787e-08  3.00005096e+00 
 5.16316787e-08  2.99993257e+00  5.16316787e-08  3.00004397e+00 
 5.16516787e-08  2.99994244e+00  5.16516787e-08  3.00003795e+00 
 5.16716787e-08  2.99995088e+00  5.16716787e-08  3.00003277e+00 
 5.16916787e-08  2.99995810e+00  5.16916787e-08  3.00002831e+00 
 5.17116787e-08  2.99996427e+00  5.17116787e-08  3.00002446e+00 
 5.17316787e-08  2.99996955e+00  5.17316787e-08  3.00002115e+00 
 5.17516787e-08  2.99997406e+00  5.17516787e-08  3.00001831e+00 
 5.17716787e-08  2.99997791e+00  5.17716787e-08  3.00001585e+00 
 5.17916787e-08  2.99998121e+00  5.17916787e-08  3.00001374e+00 
 5.18116787e-08  2.99998402e+00  5.18116787e-08  3.00001192e+00 
 5.18316787e-08  2.99998643e+00  5.18316787e-08  3.00001035e+00 
 5.18516787e-08  2.99998848e+00  5.18516787e-08  3.00000900e+00 
 5.18716787e-08  2.99999024e+00  5.18716787e-08  3.00000784e+00 
 5.18916787e-08  2.99999174e+00  5.18916787e-08  3.00000683e+00 
 5.19116787e-08  2.99999302e+00  5.19116787e-08  3.00000597e+00 
 5.19316787e-08  2.99999412e+00  5.19316787e-08  3.00000522e+00 
 5.19516787e-08  2.99999505e+00  5.19516787e-08  3.00000458e+00 
 5.19716787e-08  2.99999585e+00  5.19716787e-08  3.00000403e+00 
 5.19916787e-08  2.99999653e+00  5.19916787e-08  3.00000355e+00 
 5.20116787e-08  2.99999711e+00  5.20116787e-08  3.00000313e+00 
 5.20316787e-08  2.99999760e+00  5.20316787e-08  3.00000278e+00 
 5.20516787e-08  2.99999802e+00  5.20516787e-08  3.00000247e+00 
 5.20716787e-08  2.99999838e+00  5.20716787e-08  3.00000220e+00 
 5.20916787e-08  2.99999869e+00  5.20916787e-08  3.00000197e+00 
 5.21116787e-08  2.99999895e+00  5.21116787e-08  3.00000177e+00 
 5.21316787e-08  2.99999917e+00  5.21316787e-08  3.00000159e+00 
 5.21516787e-08  2.99999935e+00  5.21516787e-08  3.00000144e+00 
 5.21716787e-08  2.99999951e+00  5.21716787e-08  3.00000131e+00 
 5.21916787e-08  2.99999965e+00  5.21916787e-08  3.00000119e+00 
 5.22116787e-08  2.99999976e+00  5.22116787e-08  3.00000109e+00 
 5.22316787e-08  2.99999985e+00  5.22316787e-08  3.00000100e+00 
 5.22516787e-08  2.99999993e+00  5.22516787e-08  3.00000093e+00 
 5.22716787e-08  3.00000000e+00  5.22716787e-08  3.00000086e+00 
 5.22916787e-08  3.00000006e+00  5.22916787e-08  3.00000080e+00 
 5.23116787e-08  3.00000011e+00  5.23116787e-08  3.00000075e+00 
 5.23316787e-08  3.00000015e+00  5.23316787e-08  3.00000070e+00 
 5.23516787e-08  3.00000018e+00  5.23516787e-08  3.00000066e+00 
 5.23716787e-08  3.00000021e+00  5.23716787e-08  3.00000062e+00 
 5.23916787e-08  3.00000023e+00  5.23916787e-08  3.00000059e+00 
 5.24116787e-08  3.00000025e+00  5.24116787e-08  3.00000056e+00 
 5.24316787e-08  3.00000026e+00  5.24316787e-08  3.00000054e+00 
 5.24516787e-08  3.00000027e+00  5.24516787e-08  3.00000051e+00 
 5.24716787e-08  3.00000028e+00  5.24716787e-08  3.00000049e+00 
 5.24916787e-08  3.00000028e+00  5.24916787e-08  3.00000047e+00 
 5.25116787e-08  3.00000029e+00  5.25116787e-08  3.00000045e+00 
 5.25316787e-08  3.00000029e+00  5.25316787e-08  3.00000044e+00 
 5.25516787e-08  3.00000029e+00  5.25516787e-08  3.00000042e+00 
 5.25716787e-08  3.00000029e+00  5.25716787e-08  3.00000041e+00 
 5.25916787e-08  3.00000029e+00  5.25916787e-08  3.00000040e+00 
 5.26116787e-08  3.00000029e+00  5.26116787e-08  3.00000038e+00 
 5.26316787e-08  3.00000029e+00  5.26316787e-08  3.00000037e+00 
 5.26516787e-08  3.00000028e+00  5.26516787e-08  3.00000036e+00 
 5.26716787e-08  3.00000028e+00  5.26716787e-08  3.00000035e+00 
 5.26916787e-08  3.00000028e+00  5.26916787e-08  3.00000034e+00 
 5.27116787e-08  3.00000027e+00  5.27116787e-08  3.00000034e+00 
 5.27316787e-08  3.00000027e+00  5.27316787e-08  3.00000033e+00 
 5.27516787e-08  3.00000027e+00  5.27516787e-08  3.00000032e+00 
 5.27716787e-08  3.00000026e+00  5.27716787e-08  3.00000031e+00 
 5.27916787e-08  3.00000026e+00  5.27916787e-08  3.00000031e+00 
 5.28116787e-08  3.00000025e+00  5.28116787e-08  3.00000030e+00 
 5.28316787e-08  3.00000025e+00  5.28316787e-08  3.00000029e+00 
 5.28516787e-08  3.00000024e+00  5.28516787e-08  3.00000029e+00 
 5.28716787e-08  3.00000024e+00  5.28716787e-08  3.00000028e+00 
 5.28916787e-08  3.00000024e+00  5.28916787e-08  3.00000028e+00 
 5.29116787e-08  3.00000023e+00  5.29116787e-08  3.00000027e+00 
 5.29316787e-08  3.00000023e+00  5.29316787e-08  3.00000026e+00 
 5.29516787e-08  3.00000022e+00  5.29516787e-08  3.00000026e+00 
 5.29716787e-08  3.00000022e+00  5.29716787e-08  3.00000025e+00 
 5.29916787e-08  3.00000022e+00  5.29916787e-08  3.00000025e+00 
 5.30116787e-08  3.00000021e+00  5.30116787e-08  3.00000025e+00 
 5.30316787e-08  3.00000021e+00  5.30316787e-08  3.00000024e+00 
 5.30516787e-08  3.00000021e+00  5.30516787e-08  3.00000024e+00 
 5.30716787e-08  3.00000020e+00  5.30716787e-08  3.00000023e+00 
 5.30916787e-08  3.00000020e+00  5.30916787e-08  3.00000023e+00 
 5.31116787e-08  3.00000020e+00  5.31116787e-08  3.00000022e+00 
 5.31316787e-08  3.00000019e+00  5.31316787e-08  3.00000022e+00 
 5.31516787e-08  3.00000019e+00  5.31516787e-08  3.00000022e+00 
 5.31716787e-08  3.00000019e+00  5.31716787e-08  3.00000021e+00 
 5.31916787e-08  3.00000018e+00  5.31916787e-08  3.00000021e+00 
 5.32116787e-08  3.00000018e+00  5.32116787e-08  3.00000021e+00 
 5.32316787e-08  3.00000018e+00  5.32316787e-08  3.00000020e+00 
 5.32516787e-08  3.00000017e+00  5.32516787e-08  3.00000020e+00 
 5.32716787e-08  3.00000017e+00  5.32716787e-08  3.00000020e+00 
 5.32916787e-08  3.00000017e+00  5.32916787e-08  3.00000019e+00 
 5.33116787e-08  3.00000017e+00  5.33116787e-08  3.00000019e+00 
 5.33316787e-08  3.00000016e+00  5.33316787e-08  3.00000019e+00 
 5.33516787e-08  3.00000016e+00  5.33516787e-08  3.00000018e+00 
 5.33716787e-08  3.00000016e+00  5.33716787e-08  3.00000018e+00 
 5.33916787e-08  3.00000016e+00  5.33916787e-08  3.00000018e+00 
 5.34116787e-08  3.00000015e+00  5.34116787e-08  3.00000017e+00 
 5.34316787e-08  3.00000015e+00  5.34316787e-08  3.00000017e+00 
 5.34516787e-08  3.00000015e+00  5.34516787e-08  3.00000017e+00 
 5.34716787e-08  3.00000015e+00  5.34716787e-08  3.00000017e+00 
 5.34916787e-08  3.00000014e+00  5.34916787e-08  3.00000016e+00 
 5.35116787e-08  3.00000014e+00  5.35116787e-08  3.00000016e+00 
 5.35316787e-08  3.00000014e+00  5.35316787e-08  3.00000016e+00 
 5.35516787e-08  3.00000014e+00  5.35516787e-08  3.00000016e+00 
 5.35716787e-08  3.00000013e+00  5.35716787e-08  3.00000015e+00 
 5.35916787e-08  3.00000013e+00  5.35916787e-08  3.00000015e+00 
 5.36116787e-08  3.00000013e+00  5.36116787e-08  3.00000015e+00 
 5.36316787e-08  3.00000013e+00  5.36316787e-08  3.00000015e+00 
 5.36516787e-08  3.00000013e+00  5.36516787e-08  3.00000015e+00 
 5.36716787e-08  3.00000013e+00  5.36716787e-08  3.00000014e+00 
 5.36916787e-08  3.00000012e+00  5.36916787e-08  3.00000014e+00 
 5.37116787e-08  3.00000012e+00  5.37116787e-08  3.00000014e+00 
 5.37316787e-08  3.00000012e+00  5.37316787e-08  3.00000014e+00 
 5.37516787e-08  3.00000012e+00  5.37516787e-08  3.00000014e+00 
 5.37716787e-08  3.00000012e+00  5.37716787e-08  3.00000013e+00 
 5.37916787e-08  3.00000011e+00  5.37916787e-08  3.00000013e+00 
 5.38116787e-08  3.00000011e+00  5.38116787e-08  3.00000013e+00 
 5.38316787e-08  3.00000011e+00  5.38316787e-08  3.00000013e+00 
 5.38516787e-08  3.00000011e+00  5.38516787e-08  3.00000013e+00 
 5.38716787e-08  3.00000011e+00  5.38716787e-08  3.00000012e+00 
 5.38916787e-08  3.00000011e+00  5.38916787e-08  3.00000012e+00 
 5.39116787e-08  3.00000011e+00  5.39116787e-08  3.00000012e+00 
 5.39316787e-08  3.00000010e+00  5.39316787e-08  3.00000012e+00 
 5.39516787e-08  3.00000010e+00  5.39516787e-08  3.00000012e+00 
 5.39716787e-08  3.00000010e+00  5.39716787e-08  3.00000012e+00 
 5.39916787e-08  3.00000010e+00  5.39916787e-08  3.00000011e+00 
 5.40116787e-08  3.00000010e+00  5.40116787e-08  3.00000011e+00 
 5.40316787e-08  3.00000010e+00  5.40316787e-08  3.00000011e+00 
 5.40516787e-08  3.00000010e+00  5.40516787e-08  3.00000011e+00 
 5.40716787e-08  3.00000009e+00  5.40716787e-08  3.00000011e+00 
 5.40916787e-08  3.00000009e+00  5.40916787e-08  3.00000011e+00 
 5.41116787e-08  3.00000009e+00  5.41116787e-08  3.00000011e+00 
 5.41316787e-08  3.00000009e+00  5.41316787e-08  3.00000010e+00 
 5.41516787e-08  3.00000009e+00  5.41516787e-08  3.00000010e+00 
 5.41716787e-08  3.00000009e+00  5.41716787e-08  3.00000010e+00 
 5.41916787e-08  3.00000009e+00  5.41916787e-08  3.00000010e+00 
 5.42116787e-08  3.00000009e+00  5.42116787e-08  3.00000010e+00 
 5.42316787e-08  3.00000009e+00  5.42316787e-08  3.00000010e+00 
 5.42516787e-08  3.00000008e+00  5.42516787e-08  3.00000010e+00 
 5.42716787e-08  3.00000008e+00  5.42716787e-08  3.00000010e+00 
 5.42916787e-08  3.00000008e+00  5.42916787e-08  3.00000009e+00 
 5.43116787e-08  3.00000008e+00  5.43116787e-08  3.00000009e+00 
 5.43316787e-08  3.00000008e+00  5.43316787e-08  3.00000009e+00 
 5.43516787e-08  3.00000008e+00  5.43516787e-08  3.00000009e+00 
 5.43716787e-08  3.00000008e+00  5.43716787e-08  3.00000009e+00 
 5.43916787e-08  3.00000008e+00  5.43916787e-08  3.00000009e+00 
 5.44116787e-08  3.00000008e+00  5.44116787e-08  3.00000009e+00 
 5.44316787e-08  3.00000008e+00  5.44316787e-08  3.00000009e+00 
 5.44516787e-08  3.00000007e+00  5.44516787e-08  3.00000009e+00 
 5.44716787e-08  3.00000007e+00  5.44716787e-08  3.00000008e+00 
 5.44916787e-08  3.00000007e+00  5.44916787e-08  3.00000008e+00 
 5.45116787e-08  3.00000007e+00  5.45116787e-08  3.00000008e+00 
 5.45316787e-08  3.00000007e+00  5.45316787e-08  3.00000008e+00 
 5.45516787e-08  3.00000007e+00  5.45516787e-08  3.00000008e+00 
 5.45716787e-08  3.00000007e+00  5.45716787e-08  3.00000008e+00 
 5.45916787e-08  3.00000007e+00  5.45916787e-08  3.00000008e+00 
 5.46116787e-08  3.00000007e+00  5.46116787e-08  3.00000008e+00 
 5.46316787e-08  3.00000007e+00  5.46316787e-08  3.00000008e+00 
 5.46516787e-08  3.00000007e+00  5.46516787e-08  3.00000008e+00 
 5.46716787e-08  3.00000007e+00  5.46716787e-08  3.00000008e+00 
 5.46916787e-08  3.00000006e+00  5.46916787e-08  3.00000007e+00 
 5.47116787e-08  3.00000006e+00  5.47116787e-08  3.00000007e+00 
 5.47316787e-08  3.00000006e+00  5.47316787e-08  3.00000007e+00 
 5.47516787e-08  3.00000006e+00  5.47516787e-08  3.00000007e+00 
 5.47716787e-08  3.00000006e+00  5.47716787e-08  3.00000007e+00 
 5.47916787e-08  3.00000006e+00  5.47916787e-08  3.00000007e+00 
 5.48116787e-08  3.00000006e+00  5.48116787e-08  3.00000007e+00 
 5.48316787e-08  3.00000006e+00  5.48316787e-08  3.00000007e+00 
 5.48516787e-08  3.00000006e+00  5.48516787e-08  3.00000007e+00 
 5.48716787e-08  3.00000006e+00  5.48716787e-08  3.00000007e+00 
 5.48916787e-08  3.00000006e+00  5.48916787e-08  3.00000007e+00 
 5.49116787e-08  3.00000006e+00  5.49116787e-08  3.00000007e+00 
 5.49316787e-08  3.00000006e+00  5.49316787e-08  3.00000007e+00 
 5.49516787e-08  3.00000006e+00  5.49516787e-08  3.00000006e+00 
 5.49716787e-08  3.00000005e+00  5.49716787e-08  3.00000006e+00 
 5.49916787e-08  3.00000005e+00  5.49916787e-08  3.00000006e+00 
 5.50116787e-08  3.00000005e+00  5.50116787e-08  3.00000006e+00 
 5.50316787e-08  3.00000005e+00  5.50316787e-08  3.00000006e+00 
 5.50516787e-08  3.00000005e+00  5.50516787e-08  3.00000006e+00 
 5.50716787e-08  3.00000005e+00  5.50716787e-08  3.00000006e+00 
 5.50916787e-08  3.00000005e+00  5.50916787e-08  3.00000006e+00 
 5.51116787e-08  3.00000005e+00  5.51116787e-08  3.00000006e+00 
 5.51316787e-08  3.00000005e+00  5.51316787e-08  3.00000006e+00 
 5.51516787e-08  3.00000005e+00  5.51516787e-08  3.00000006e+00 
 5.51716787e-08  3.00000005e+00  5.51716787e-08  3.00000006e+00 
 5.51916787e-08  3.00000005e+00  5.51916787e-08  3.00000006e+00 
 5.52116787e-08  3.00000005e+00  5.52116787e-08  3.00000006e+00 
 5.52316787e-08  3.00000005e+00  5.52316787e-08  3.00000006e+00 
 5.52516787e-08  3.00000005e+00  5.52516787e-08  3.00000005e+00 
 5.52716787e-08  3.00000005e+00  5.52716787e-08  3.00000005e+00 
 5.52916787e-08  3.00000005e+00  5.52916787e-08  3.00000005e+00 
 5.53116787e-08  3.00000005e+00  5.53116787e-08  3.00000005e+00 
 5.53316787e-08  3.00000005e+00  5.53316787e-08  3.00000005e+00 
 5.53516787e-08  3.00000004e+00  5.53516787e-08  3.00000005e+00 
 5.53716787e-08  3.00000004e+00  5.53716787e-08  3.00000005e+00 
 5.53916787e-08  3.00000004e+00  5.53916787e-08  3.00000005e+00 
 5.54116787e-08  3.00000004e+00  5.54116787e-08  3.00000005e+00 
 5.54316787e-08  3.00000004e+00  5.54316787e-08  3.00000005e+00 
 5.54516787e-08  3.00000004e+00  5.54516787e-08  3.00000005e+00 
 5.54716787e-08  3.00000004e+00  5.54716787e-08  3.00000005e+00 
 5.54916787e-08  3.00000004e+00  5.54916787e-08  3.00000005e+00 
 5.55116787e-08  3.00000004e+00  5.55116787e-08  3.00000005e+00 
 5.55316787e-08  3.00000004e+00  5.55316787e-08  3.00000005e+00 
 5.55516787e-08  3.00000004e+00  5.55516787e-08  3.00000005e+00 
 5.55716787e-08  3.00000004e+00  5.55716787e-08  3.00000005e+00 
 5.55916787e-08  3.00000004e+00  5.55916787e-08  3.00000005e+00 
 5.56116787e-08  3.00000004e+00  5.56116787e-08  3.00000005e+00 
 5.56316787e-08  3.00000004e+00  5.56316787e-08  3.00000005e+00 
 5.56516787e-08  3.00000004e+00  5.56516787e-08  3.00000004e+00 
 5.56716787e-08  3.00000004e+00  5.56716787e-08  3.00000004e+00 
 5.56916787e-08  3.00000004e+00  5.56916787e-08  3.00000004e+00 
 5.57116787e-08  3.00000004e+00  5.57116787e-08  3.00000004e+00 
 5.57316787e-08  3.00000004e+00  5.57316787e-08  3.00000004e+00 
 5.57516787e-08  3.00000004e+00  5.57516787e-08  3.00000004e+00 
 5.57716787e-08  3.00000004e+00  5.57716787e-08  3.00000004e+00 
 5.57916787e-08  3.00000004e+00  5.57916787e-08  3.00000004e+00 
 5.58116787e-08  3.00000004e+00  5.58116787e-08  3.00000004e+00 
 5.58316787e-08  3.00000003e+00  5.58316787e-08  3.00000004e+00 
 5.58516787e-08  3.00000003e+00  5.58516787e-08  3.00000004e+00 
 5.58716787e-08  3.00000003e+00  5.58716787e-08  3.00000004e+00 
 5.58916787e-08  3.00000003e+00  5.58916787e-08  3.00000004e+00 
 5.59116787e-08  3.00000003e+00  5.59116787e-08  3.00000004e+00 
 5.59316787e-08  3.00000003e+00  5.59316787e-08  3.00000004e+00 
 5.59516787e-08  3.00000003e+00  5.59516787e-08  3.00000004e+00 
 5.59716787e-08  3.00000003e+00  5.59716787e-08  3.00000004e+00 
 5.59916787e-08  3.00000003e+00  5.59916787e-08  3.00000004e+00 
 5.60116787e-08  3.00000003e+00  5.60116787e-08  3.00000004e+00 
 5.60316787e-08  3.00000003e+00  5.60316787e-08  3.00000004e+00 
 5.60516787e-08  3.00000003e+00  5.60516787e-08  3.00000004e+00 
 5.60716787e-08  3.00000003e+00  5.60716787e-08  3.00000004e+00 
 5.60916787e-08  3.00000003e+00  5.60916787e-08  3.00000004e+00 
 5.61116787e-08  3.00000003e+00  5.61116787e-08  3.00000004e+00 
 5.61316787e-08  3.00000003e+00  5.61316787e-08  3.00000004e+00 
 5.61516787e-08  3.00000003e+00  5.61516787e-08  3.00000004e+00 
 5.61716787e-08  3.00000003e+00  5.61716787e-08  3.00000003e+00 
 5.61916787e-08  3.00000003e+00  5.61916787e-08  3.00000003e+00 
 5.62116787e-08  3.00000003e+00  5.62116787e-08  3.00000003e+00 
 5.62316787e-08  3.00000003e+00  5.62316787e-08  3.00000003e+00 
 5.62516787e-08  3.00000003e+00  5.62516787e-08  3.00000003e+00 
 5.62716787e-08  3.00000003e+00  5.62716787e-08  3.00000003e+00 
 5.62916787e-08  3.00000003e+00  5.62916787e-08  3.00000003e+00 
 5.63116787e-08  3.00000003e+00  5.63116787e-08  3.00000003e+00 
 5.63316787e-08  3.00000003e+00  5.63316787e-08  3.00000003e+00 
 5.63516787e-08  3.00000003e+00  5.63516787e-08  3.00000003e+00 
 5.63716787e-08  3.00000003e+00  5.63716787e-08  3.00000003e+00 
 5.63916787e-08  3.00000003e+00  5.63916787e-08  3.00000003e+00 
 5.64116787e-08  3.00000003e+00  5.64116787e-08  3.00000003e+00 
 5.64316787e-08  3.00000003e+00  5.64316787e-08  3.00000003e+00 
 5.64516787e-08  3.00000003e+00  5.64516787e-08  3.00000003e+00 
 5.64716787e-08  3.00000003e+00  5.64716787e-08  3.00000003e+00 
 5.64916787e-08  3.00000003e+00  5.64916787e-08  3.00000003e+00 
 5.65116787e-08  3.00000003e+00  5.65116787e-08  3.00000003e+00 
 5.65316787e-08  3.00000002e+00  5.65316787e-08  3.00000003e+00 
 5.65516787e-08  3.00000002e+00  5.65516787e-08  3.00000003e+00 
 5.65716787e-08  3.00000002e+00  5.65716787e-08  3.00000003e+00 
 5.65916787e-08  3.00000002e+00  5.65916787e-08  3.00000003e+00 
 5.66116787e-08  3.00000002e+00  5.66116787e-08  3.00000003e+00 
 5.66316787e-08  3.00000002e+00  5.66316787e-08  3.00000003e+00 
 5.66516787e-08  3.00000002e+00  5.66516787e-08  3.00000003e+00 
 5.66716787e-08  3.00000002e+00  5.66716787e-08  3.00000003e+00 
 5.66916787e-08  3.00000002e+00  5.66916787e-08  3.00000003e+00 
 5.67116787e-08  3.00000002e+00  5.67116787e-08  3.00000003e+00 
 5.67316787e-08  3.00000002e+00  5.67316787e-08  3.00000003e+00 
 5.67516787e-08  3.00000002e+00  5.67516787e-08  3.00000003e+00 
 5.67716787e-08  3.00000002e+00  5.67716787e-08  3.00000003e+00 
 5.67916787e-08  3.00000002e+00  5.67916787e-08  3.00000003e+00 
 5.68116787e-08  3.00000002e+00  5.68116787e-08  3.00000003e+00 
 5.68316787e-08  3.00000002e+00  5.68316787e-08  3.00000003e+00 
 5.68516787e-08  3.00000002e+00  5.68516787e-08  3.00000003e+00 
 5.68716787e-08  3.00000002e+00  5.68716787e-08  3.00000003e+00 
 5.68916787e-08  3.00000002e+00  5.68916787e-08  3.00000003e+00 
 5.69116787e-08  3.00000002e+00  5.69116787e-08  3.00000002e+00 
 5.69316787e-08  3.00000002e+00  5.69316787e-08  3.00000002e+00 
 5.69516787e-08  3.00000002e+00  5.69516787e-08  3.00000002e+00 
 5.69716787e-08  3.00000002e+00  5.69716787e-08  3.00000002e+00 
 5.69916787e-08  3.00000002e+00  5.69916787e-08  3.00000002e+00 
 5.70116787e-08  3.00000002e+00  5.70116787e-08  3.00000002e+00 
 5.70316787e-08  3.00000002e+00  5.70316787e-08  3.00000002e+00 
 5.70516787e-08  3.00000002e+00  5.70516787e-08  3.00000002e+00 
 5.70716787e-08  3.00000002e+00  5.70716787e-08  3.00000002e+00 
 5.70916787e-08  3.00000002e+00  5.70916787e-08  3.00000002e+00 
 5.71116787e-08  3.00000002e+00  5.71116787e-08  3.00000002e+00 
 5.71316787e-08  3.00000002e+00  5.71316787e-08  3.00000002e+00 
 5.71516787e-08  3.00000002e+00  5.71516787e-08  3.00000002e+00 
 5.71716787e-08  3.00000002e+00  5.71716787e-08  3.00000002e+00 
 5.71916787e-08  3.00000002e+00  5.71916787e-08  3.00000002e+00 
 5.72116787e-08  3.00000002e+00  5.72116787e-08  3.00000002e+00 
 5.72316787e-08  3.00000002e+00  5.72316787e-08  3.00000002e+00 
 5.72516787e-08  3.00000002e+00  5.72516787e-08  3.00000002e+00 
 5.72716787e-08  3.00000002e+00  5.72716787e-08  3.00000002e+00 
 5.72916787e-08  3.00000002e+00  5.72916787e-08  3.00000002e+00 
 5.73116787e-08  3.00000002e+00  5.73116787e-08  3.00000002e+00 
 5.73316787e-08  3.00000002e+00  5.73316787e-08  3.00000002e+00 
 5.73516787e-08  3.00000002e+00  5.73516787e-08  3.00000002e+00 
 5.73716787e-08  3.00000002e+00  5.73716787e-08  3.00000002e+00 
 5.73916787e-08  3.00000002e+00  5.73916787e-08  3.00000002e+00 
 5.74116787e-08  3.00000002e+00  5.74116787e-08  3.00000002e+00 
 5.74316787e-08  3.00000002e+00  5.74316787e-08  3.00000002e+00 
 5.74516787e-08  3.00000002e+00  5.74516787e-08  3.00000002e+00 
 5.74716787e-08  3.00000002e+00  5.74716787e-08  3.00000002e+00 
 5.74916787e-08  3.00000002e+00  5.74916787e-08  3.00000002e+00 
 5.75116787e-08  3.00000002e+00  5.75116787e-08  3.00000002e+00 
 5.75316787e-08  3.00000002e+00  5.75316787e-08  3.00000002e+00 
 5.75516787e-08  3.00000002e+00  5.75516787e-08  3.00000002e+00 
 5.75716787e-08  3.00000002e+00  5.75716787e-08  3.00000002e+00 
 5.75916787e-08  3.00000002e+00  5.75916787e-08  3.00000002e+00 
 5.76116787e-08  3.00000002e+00  5.76116787e-08  3.00000002e+00 
 5.76316787e-08  3.00000001e+00  5.76316787e-08  3.00000002e+00 
 5.76516787e-08  3.00000001e+00  5.76516787e-08  3.00000002e+00 
 5.76716787e-08  3.00000001e+00  5.76716787e-08  3.00000002e+00 
 5.76916787e-08  3.00000001e+00  5.76916787e-08  3.00000002e+00 
 5.77116787e-08  3.00000001e+00  5.77116787e-08  3.00000002e+00 
 5.77316787e-08  3.00000001e+00  5.77316787e-08  3.00000002e+00 
 5.77516787e-08  3.00000001e+00  5.77516787e-08  3.00000002e+00 
 5.77716787e-08  3.00000001e+00  5.77716787e-08  3.00000002e+00 
 5.77916787e-08  3.00000001e+00  5.77916787e-08  3.00000002e+00 
 5.78116787e-08  3.00000001e+00  5.78116787e-08  3.00000002e+00 
 5.78316787e-08  3.00000001e+00  5.78316787e-08  3.00000002e+00 
 5.78516787e-08  3.00000001e+00  5.78516787e-08  3.00000002e+00 
 5.78716787e-08  3.00000001e+00  5.78716787e-08  3.00000002e+00 
 5.78916787e-08  3.00000001e+00  5.78916787e-08  3.00000002e+00 
 5.79116787e-08  3.00000001e+00  5.79116787e-08  3.00000002e+00 
 5.79316787e-08  3.00000001e+00  5.79316787e-08  3.00000002e+00 
 5.79516787e-08  3.00000001e+00  5.79516787e-08  3.00000002e+00 
 5.79716787e-08  3.00000001e+00  5.79716787e-08  3.00000002e+00 
 5.79916787e-08  3.00000001e+00  5.79916787e-08  3.00000002e+00 
 5.80116787e-08  3.00000001e+00  5.80116787e-08  3.00000002e+00 
 5.80316787e-08  3.00000001e+00  5.80316787e-08  3.00000002e+00 
 5.80516787e-08  3.00000001e+00  5.80516787e-08  3.00000002e+00 
 5.80716787e-08  3.00000001e+00  5.80716787e-08  3.00000002e+00 
 5.80916787e-08  3.00000001e+00  5.80916787e-08  3.00000001e+00 
 5.81116787e-08  3.00000001e+00  5.81116787e-08  3.00000001e+00 
 5.81316787e-08  3.00000001e+00  5.81316787e-08  3.00000001e+00 
 5.81516787e-08  3.00000001e+00  5.81516787e-08  3.00000001e+00 
 5.81716787e-08  3.00000001e+00  5.81716787e-08  3.00000001e+00 
 5.81916787e-08  3.00000001e+00  5.81916787e-08  3.00000001e+00 
 5.82116787e-08  3.00000001e+00  5.82116787e-08  3.00000001e+00 
 5.82316787e-08  3.00000001e+00  5.82316787e-08  3.00000001e+00 
 5.82516787e-08  3.00000001e+00  5.82516787e-08  3.00000001e+00 
 5.82716787e-08  3.00000001e+00  5.82716787e-08  3.00000001e+00 
 5.82916787e-08  3.00000001e+00  5.82916787e-08  3.00000001e+00 
 5.83116787e-08  3.00000001e+00  5.83116787e-08  3.00000001e+00 
 5.83316787e-08  3.00000001e+00  5.83316787e-08  3.00000001e+00 
 5.83516787e-08  3.00000001e+00  5.83516787e-08  3.00000001e+00 
 5.83716787e-08  3.00000001e+00  5.83716787e-08  3.00000001e+00 
 5.83916787e-08  3.00000001e+00  5.83916787e-08  3.00000001e+00 
 5.84116787e-08  3.00000001e+00  5.84116787e-08  3.00000001e+00 
 5.84316787e-08  3.00000001e+00  5.84316787e-08  3.00000001e+00 
 5.84516787e-08  3.00000001e+00  5.84516787e-08  3.00000001e+00 
 5.84716787e-08  3.00000001e+00  5.84716787e-08  3.00000001e+00 
 5.84916787e-08  3.00000001e+00  5.84916787e-08  3.00000001e+00 
 5.85116787e-08  3.00000001e+00  5.85116787e-08  3.00000001e+00 
 5.85316787e-08  3.00000001e+00  5.85316787e-08  3.00000001e+00 
 5.85516787e-08  3.00000001e+00  5.85516787e-08  3.00000001e+00 
 5.85716787e-08  3.00000001e+00  5.85716787e-08  3.00000001e+00 
 5.85916787e-08  3.00000001e+00  5.85916787e-08  3.00000001e+00 
 5.86116787e-08  3.00000001e+00  5.86116787e-08  3.00000001e+00 
 5.86316787e-08  3.00000001e+00  5.86316787e-08  3.00000001e+00 
 5.86516787e-08  3.00000001e+00  5.86516787e-08  3.00000001e+00 
 5.86716787e-08  3.00000001e+00  5.86716787e-08  3.00000001e+00 
 5.86916787e-08  3.00000001e+00  5.86916787e-08  3.00000001e+00 
 5.87116787e-08  3.00000001e+00  5.87116787e-08  3.00000001e+00 
 5.87316787e-08  3.00000001e+00  5.87316787e-08  3.00000001e+00 
 5.87516787e-08  3.00000001e+00  5.87516787e-08  3.00000001e+00 
 5.87716787e-08  3.00000001e+00  5.87716787e-08  3.00000001e+00 
 5.87916787e-08  3.00000001e+00  5.87916787e-08  3.00000001e+00 
 5.88116787e-08  3.00000001e+00  5.88116787e-08  3.00000001e+00 
 5.88316787e-08  3.00000001e+00  5.88316787e-08  3.00000001e+00 
 5.88516787e-08  3.00000001e+00  5.88516787e-08  3.00000001e+00 
 5.88716787e-08  3.00000001e+00  5.88716787e-08  3.00000001e+00 
 5.88916787e-08  3.00000001e+00  5.88916787e-08  3.00000001e+00 
 5.89116787e-08  3.00000001e+00  5.89116787e-08  3.00000001e+00 
 5.89316787e-08  3.00000001e+00  5.89316787e-08  3.00000001e+00 
 5.89516787e-08  3.00000001e+00  5.89516787e-08  3.00000001e+00 
 5.89716787e-08  3.00000001e+00  5.89716787e-08  3.00000001e+00 
 5.89916787e-08  3.00000001e+00  5.89916787e-08  3.00000001e+00 
 5.90116787e-08  3.00000001e+00  5.90116787e-08  3.00000001e+00 
 5.90316787e-08  3.00000001e+00  5.90316787e-08  3.00000001e+00 
 5.90516787e-08  3.00000001e+00  5.90516787e-08  3.00000001e+00 
 5.90716787e-08  3.00000001e+00  5.90716787e-08  3.00000001e+00 
 5.90916787e-08  3.00000001e+00  5.90916787e-08  3.00000001e+00 
 5.91116787e-08  3.00000001e+00  5.91116787e-08  3.00000001e+00 
 5.91316787e-08  3.00000001e+00  5.91316787e-08  3.00000001e+00 
 5.91516787e-08  3.00000001e+00  5.91516787e-08  3.00000001e+00 
 5.91716787e-08  3.00000001e+00  5.91716787e-08  3.00000001e+00 
 5.91916787e-08  3.00000001e+00  5.91916787e-08  3.00000001e+00 
 5.92116787e-08  3.00000001e+00  5.92116787e-08  3.00000001e+00 
 5.92316787e-08  3.00000001e+00  5.92316787e-08  3.00000001e+00 
 5.92516787e-08  3.00000001e+00  5.92516787e-08  3.00000001e+00 
 5.92716787e-08  3.00000001e+00  5.92716787e-08  3.00000001e+00 
 5.92916787e-08  3.00000001e+00  5.92916787e-08  3.00000001e+00 
 5.93116787e-08  3.00000001e+00  5.93116787e-08  3.00000001e+00 
 5.93316787e-08  3.00000001e+00  5.93316787e-08  3.00000001e+00 
 5.93516787e-08  3.00000001e+00  5.93516787e-08  3.00000001e+00 
 5.93716787e-08  3.00000001e+00  5.93716787e-08  3.00000001e+00 
 5.93916787e-08  3.00000001e+00  5.93916787e-08  3.00000001e+00 
 5.94116787e-08  3.00000001e+00  5.94116787e-08  3.00000001e+00 
 5.94316787e-08  3.00000001e+00  5.94316787e-08  3.00000001e+00 
 5.94516787e-08  3.00000001e+00  5.94516787e-08  3.00000001e+00 
 5.94716787e-08  3.00000001e+00  5.94716787e-08  3.00000001e+00 
 5.94916787e-08  3.00000001e+00  5.94916787e-08  3.00000001e+00 
 5.95116787e-08  3.00000001e+00  5.95116787e-08  3.00000001e+00 
 5.95316787e-08  3.00000001e+00  5.95316787e-08  3.00000001e+00 
 5.95516787e-08  3.00000001e+00  5.95516787e-08  3.00000001e+00 
 5.95716787e-08  3.00000001e+00  5.95716787e-08  3.00000001e+00 
 5.95916787e-08  3.00000001e+00  5.95916787e-08  3.00000001e+00 
 5.96116787e-08  3.00000001e+00  5.96116787e-08  3.00000001e+00 
 5.96316787e-08  3.00000001e+00  5.96316787e-08  3.00000001e+00 
 5.96516787e-08  3.00000001e+00  5.96516787e-08  3.00000001e+00 
 5.96716787e-08  3.00000001e+00  5.96716787e-08  3.00000001e+00 
 5.96916787e-08  3.00000001e+00  5.96916787e-08  3.00000001e+00 
 5.97116787e-08  3.00000001e+00  5.97116787e-08  3.00000001e+00 
 5.97316787e-08  3.00000001e+00  5.97316787e-08  3.00000001e+00 
 5.97516787e-08  3.00000001e+00  5.97516787e-08  3.00000001e+00 
 5.97716787e-08  3.00000001e+00  5.97716787e-08  3.00000001e+00 
 5.97916787e-08  3.00000000e+00  5.97916787e-08  3.00000001e+00 
 5.98116787e-08  3.00000000e+00  5.98116787e-08  3.00000001e+00 
 5.98316787e-08  3.00000000e+00  5.98316787e-08  3.00000001e+00 
 5.98516787e-08  3.00000000e+00  5.98516787e-08  3.00000001e+00 
 5.98716787e-08  3.00000000e+00  5.98716787e-08  3.00000001e+00 
 5.98916787e-08  3.00000000e+00  5.98916787e-08  3.00000001e+00 
 5.99116787e-08  3.00000000e+00  5.99116787e-08  3.00000001e+00 
 5.99316787e-08  3.00000000e+00  5.99316787e-08  3.00000001e+00 
 5.99516787e-08  3.00000000e+00  5.99516787e-08  3.00000001e+00 
 5.99716787e-08  3.00000000e+00  5.99716787e-08  3.00000001e+00 
 5.99916787e-08  3.00000000e+00  5.99916787e-08  3.00000001e+00 
 6.00116787e-08  3.00000000e+00  6.00116787e-08  3.00000001e+00 
 6.00316787e-08  3.00000000e+00  6.00316787e-08  3.00000001e+00 
 6.00516787e-08  3.00000000e+00  6.00516787e-08  3.00000001e+00 
 6.00716787e-08  3.00000000e+00  6.00716787e-08  3.00000001e+00 
 6.00916787e-08  3.00000000e+00  6.00916787e-08  3.00000001e+00 
 6.01116787e-08  3.00000000e+00  6.01116787e-08  3.00000001e+00 
 6.01316787e-08  3.00000000e+00  6.01316787e-08  3.00000001e+00 
 6.01516787e-08  3.00000000e+00  6.01516787e-08  3.00000001e+00 
 6.01716787e-08  3.00000000e+00  6.01716787e-08  3.00000001e+00 
 6.01916787e-08  3.00000000e+00  6.01916787e-08  3.00000001e+00 
 6.02116787e-08  3.00000000e+00  6.02116787e-08  3.00000001e+00 
 6.02316787e-08  3.00000000e+00  6.02316787e-08  3.00000001e+00 
 6.02516787e-08  3.00000000e+00  6.02516787e-08  3.00000001e+00 
 6.02716787e-08  3.00000000e+00  6.02716787e-08  3.00000001e+00 
 6.02916787e-08  3.00000000e+00  6.02916787e-08  3.00000001e+00 
 6.03116787e-08  3.00000000e+00  6.03116787e-08  3.00000001e+00 
 6.03316787e-08  3.00000000e+00  6.03316787e-08  3.00000001e+00 
 6.03516787e-08  3.00000000e+00  6.03516787e-08  3.00000001e+00 
 6.03716787e-08  3.00000000e+00  6.03716787e-08  3.00000001e+00 
 6.03916787e-08  3.00000000e+00  6.03916787e-08  3.00000001e+00 
 6.04116787e-08  3.00000000e+00  6.04116787e-08  3.00000000e+00 
 6.04316787e-08  3.00000000e+00  6.04316787e-08  3.00000000e+00 
 6.04516787e-08  3.00000000e+00  6.04516787e-08  3.00000000e+00 
 6.04716787e-08  3.00000000e+00  6.04716787e-08  3.00000000e+00 
 6.04916787e-08  3.00000000e+00  6.04916787e-08  3.00000000e+00 
 6.05116787e-08  3.00000000e+00  6.05116787e-08  3.00000000e+00 
 6.05316787e-08  3.00000000e+00  6.05316787e-08  3.00000000e+00 
 6.05516787e-08  3.00000000e+00  6.05516787e-08  3.00000000e+00 
 6.05716787e-08  3.00000000e+00  6.05716787e-08  3.00000000e+00 
 6.05916787e-08  3.00000000e+00  6.05916787e-08  3.00000000e+00 
 6.06116787e-08  3.00000000e+00  6.06116787e-08  3.00000000e+00 
 6.06316787e-08  3.00000000e+00  6.06316787e-08  3.00000000e+00 
 6.06516787e-08  3.00000000e+00  6.06516787e-08  3.00000000e+00 
 6.06716787e-08  3.00000000e+00  6.06716787e-08  3.00000000e+00 
 6.06916787e-08  3.00000000e+00  6.06916787e-08  3.00000000e+00 
 6.07116787e-08  3.00000000e+00  6.07116787e-08  3.00000000e+00 
 6.07316787e-08  3.00000000e+00  6.07316787e-08  3.00000000e+00 
 6.07516787e-08  3.00000000e+00  6.07516787e-08  3.00000000e+00 
 6.07716787e-08  3.00000000e+00  6.07716787e-08  3.00000000e+00 
 6.07916787e-08  3.00000000e+00  6.07916787e-08  3.00000000e+00 
 6.08116787e-08  3.00000000e+00  6.08116787e-08  3.00000000e+00 
 6.08316787e-08  3.00000000e+00  6.08316787e-08  3.00000000e+00 
 6.08516787e-08  3.00000000e+00  6.08516787e-08  3.00000000e+00 
 6.08716787e-08  3.00000000e+00  6.08716787e-08  3.00000000e+00 
 6.08916787e-08  3.00000000e+00  6.08916787e-08  3.00000000e+00 
 6.09116787e-08  3.00000000e+00  6.09116787e-08  3.00000000e+00 
 6.09316787e-08  3.00000000e+00  6.09316787e-08  3.00000000e+00 
 6.09516787e-08  3.00000000e+00  6.09516787e-08  3.00000000e+00 
 6.09716787e-08  3.00000000e+00  6.09716787e-08  3.00000000e+00 
 6.09916787e-08  3.00000000e+00  6.09916787e-08  3.00000000e+00 
 6.10116787e-08  3.00000000e+00  6.10116787e-08  3.00000000e+00 
 6.10316787e-08  3.00000000e+00  6.10316787e-08  3.00000000e+00 
 6.10516787e-08  3.00000000e+00  6.10516787e-08  3.00000000e+00 
 6.10716787e-08  3.00000000e+00  6.10716787e-08  3.00000000e+00 
 6.10916787e-08  3.00000000e+00  6.10916787e-08  3.00000000e+00 
 6.11116787e-08  3.00000000e+00  6.11116787e-08  3.00000000e+00 
 6.11316787e-08  3.00000000e+00  6.11316787e-08  3.00000000e+00 
 6.11516787e-08  3.00000000e+00  6.11516787e-08  3.00000000e+00 
 6.11716787e-08  3.00000000e+00  6.11716787e-08  3.00000000e+00 
 6.11916787e-08  3.00000000e+00  6.11916787e-08  3.00000000e+00 
 6.12116787e-08  3.00000000e+00  6.12116787e-08  3.00000000e+00 
 6.12316787e-08  3.00000000e+00  6.12316787e-08  3.00000000e+00 
 6.12516787e-08  3.00000000e+00  6.12516787e-08  3.00000000e+00 
 6.12716787e-08  3.00000000e+00  6.12716787e-08  3.00000000e+00 
 6.12916787e-08  3.00000000e+00  6.12916787e-08  3.00000000e+00 
 6.13116787e-08  3.00000000e+00  6.13116787e-08  3.00000000e+00 
 6.13316787e-08  3.00000000e+00  6.13316787e-08  3.00000000e+00 
 6.13516787e-08  3.00000000e+00  6.13516787e-08  3.00000000e+00 
 6.13716787e-08  3.00000000e+00  6.13716787e-08  3.00000000e+00 
 6.13916787e-08  3.00000000e+00  6.13916787e-08  3.00000000e+00 
 6.14116787e-08  3.00000000e+00  6.14116787e-08  3.00000000e+00 
 6.14316787e-08  3.00000000e+00  6.14316787e-08  3.00000000e+00 
 6.14516787e-08  3.00000000e+00  6.14516787e-08  3.00000000e+00 
 6.14716787e-08  3.00000000e+00  6.14716787e-08  3.00000000e+00 
 6.14916787e-08  3.00000000e+00  6.14916787e-08  3.00000000e+00 
 6.15116787e-08  3.00000000e+00  6.15116787e-08  3.00000000e+00 
 6.15316787e-08  3.00000000e+00  6.15316787e-08  3.00000000e+00 
 6.15516787e-08  3.00000000e+00  6.15516787e-08  3.00000000e+00 
 6.15716787e-08  3.00000000e+00  6.15716787e-08  3.00000000e+00 
 6.15916787e-08  3.00000000e+00  6.15916787e-08  3.00000000e+00 
 6.16116787e-08  3.00000000e+00  6.16116787e-08  3.00000000e+00 
 6.16316787e-08  3.00000000e+00  6.16316787e-08  3.00000000e+00 
 6.16516787e-08  3.00000000e+00  6.16516787e-08  3.00000000e+00 
 6.16716787e-08  3.00000000e+00  6.16716787e-08  3.00000000e+00 
 6.16916787e-08  3.00000000e+00  6.16916787e-08  3.00000000e+00 
 6.17116787e-08  3.00000000e+00  6.17116787e-08  3.00000000e+00 
 6.17316787e-08  3.00000000e+00  6.17316787e-08  3.00000000e+00 
 6.17516787e-08  3.00000000e+00  6.17516787e-08  3.00000000e+00 
 6.17716787e-08  3.00000000e+00  6.17716787e-08  3.00000000e+00 
 6.17916787e-08  3.00000000e+00  6.17916787e-08  3.00000000e+00 
 6.18116787e-08  3.00000000e+00  6.18116787e-08  3.00000000e+00 
 6.18316787e-08  3.00000000e+00  6.18316787e-08  3.00000000e+00 
 6.18516787e-08  3.00000000e+00  6.18516787e-08  3.00000000e+00 
 6.18716787e-08  3.00000000e+00  6.18716787e-08  3.00000000e+00 
 6.18916787e-08  3.00000000e+00  6.18916787e-08  3.00000000e+00 
 6.19116787e-08  3.00000000e+00  6.19116787e-08  3.00000000e+00 
 6.19316787e-08  3.00000000e+00  6.19316787e-08  3.00000000e+00 
 6.19516787e-08  3.00000000e+00  6.19516787e-08  3.00000000e+00 
 6.19716787e-08  3.00000000e+00  6.19716787e-08  3.00000000e+00 
 6.19916787e-08  3.00000000e+00  6.19916787e-08  3.00000000e+00 
 6.20116787e-08  3.00000000e+00  6.20116787e-08  3.00000000e+00 
 6.20316787e-08  3.00000000e+00  6.20316787e-08  3.00000000e+00 
 6.20516787e-08  3.00000000e+00  6.20516787e-08  3.00000000e+00 
 6.20716787e-08  3.00000000e+00  6.20716787e-08  3.00000000e+00 
 6.20916787e-08  3.00000000e+00  6.20916787e-08  3.00000000e+00 
 6.21116787e-08  3.00000000e+00  6.21116787e-08  3.00000000e+00 
 6.21316787e-08  3.00000000e+00  6.21316787e-08  3.00000000e+00 
 6.21516787e-08  3.00000000e+00  6.21516787e-08  3.00000000e+00 
 6.21716787e-08  3.00000000e+00  6.21716787e-08  3.00000000e+00 
 6.21916787e-08  3.00000000e+00  6.21916787e-08  3.00000000e+00 
 6.22116787e-08  3.00000000e+00  6.22116787e-08  3.00000000e+00 
 6.22316787e-08  3.00000000e+00  6.22316787e-08  3.00000000e+00 
 6.22516787e-08  3.00000000e+00  6.22516787e-08  3.00000000e+00 
 6.22716787e-08  3.00000000e+00  6.22716787e-08  3.00000000e+00 
 6.22916787e-08  3.00000000e+00  6.22916787e-08  3.00000000e+00 
 6.23116787e-08  3.00000000e+00  6.23116787e-08  3.00000000e+00 
 6.23316787e-08  3.00000000e+00  6.23316787e-08  3.00000000e+00 
 6.23516787e-08  3.00000000e+00  6.23516787e-08  3.00000000e+00 
 6.23716787e-08  3.00000000e+00  6.23716787e-08  3.00000000e+00 
 6.23916787e-08  3.00000000e+00  6.23916787e-08  3.00000000e+00 
 6.24116787e-08  3.00000000e+00  6.24116787e-08  3.00000000e+00 
 6.24316787e-08  3.00000000e+00  6.24316787e-08  3.00000000e+00 
 6.24516787e-08  3.00000000e+00  6.24516787e-08  3.00000000e+00 
 6.24716787e-08  3.00000000e+00  6.24716787e-08  3.00000000e+00 
 6.24916787e-08  3.00000000e+00  6.24916787e-08  3.00000000e+00 
 6.25116787e-08  3.00000000e+00  6.25116787e-08  3.00000000e+00 
 6.25316787e-08  3.00000000e+00  6.25316787e-08  3.00000000e+00 
 6.25516787e-08  3.00000000e+00  6.25516787e-08  3.00000000e+00 
 6.25716787e-08  3.00000000e+00  6.25716787e-08  3.00000000e+00 
 6.25916787e-08  3.00000000e+00  6.25916787e-08  3.00000000e+00 
 6.26116787e-08  3.00000000e+00  6.26116787e-08  3.00000000e+00 
 6.26316787e-08  3.00000000e+00  6.26316787e-08  3.00000000e+00 
 6.26516787e-08  3.00000000e+00  6.26516787e-08  3.00000000e+00 
 6.26716787e-08  3.00000000e+00  6.26716787e-08  3.00000000e+00 
 6.26916787e-08  3.00000000e+00  6.26916787e-08  3.00000000e+00 
 6.27116787e-08  3.00000000e+00  6.27116787e-08  3.00000000e+00 
 6.27316787e-08  3.00000000e+00  6.27316787e-08  3.00000000e+00 
 6.27516787e-08  3.00000000e+00  6.27516787e-08  3.00000000e+00 
 6.27716787e-08  3.00000000e+00  6.27716787e-08  3.00000000e+00 
 6.27916787e-08  3.00000000e+00  6.27916787e-08  3.00000000e+00 
 6.28116787e-08  3.00000000e+00  6.28116787e-08  3.00000000e+00 
 6.28316787e-08  3.00000000e+00  6.28316787e-08  3.00000000e+00 
 6.28516787e-08  3.00000000e+00  6.28516787e-08  3.00000000e+00 
 6.28716787e-08  3.00000000e+00  6.28716787e-08  3.00000000e+00 
 6.28916787e-08  3.00000000e+00  6.28916787e-08  3.00000000e+00 
 6.29116787e-08  3.00000000e+00  6.29116787e-08  3.00000000e+00 
 6.29316787e-08  3.00000000e+00  6.29316787e-08  3.00000000e+00 
 6.29516787e-08  3.00000000e+00  6.29516787e-08  3.00000000e+00 
 6.29716787e-08  3.00000000e+00  6.29716787e-08  3.00000000e+00 
 6.29916787e-08  3.00000000e+00  6.29916787e-08  3.00000000e+00 
 6.30116787e-08  3.00000000e+00  6.30116787e-08  3.00000000e+00 
 6.30316787e-08  3.00000000e+00  6.30316787e-08  3.00000000e+00 
 6.30516787e-08  3.00000000e+00  6.30516787e-08  3.00000000e+00 
 6.30716787e-08  3.00000000e+00  6.30716787e-08  3.00000000e+00 
 6.30916787e-08  3.00000000e+00  6.30916787e-08  3.00000000e+00 
 6.31116787e-08  3.00000000e+00  6.31116787e-08  3.00000000e+00 
 6.31316787e-08  3.00000000e+00  6.31316787e-08  3.00000000e+00 
 6.31516787e-08  3.00000000e+00  6.31516787e-08  3.00000000e+00 
 6.31716787e-08  3.00000000e+00  6.31716787e-08  3.00000000e+00 
 6.31916787e-08  3.00000000e+00  6.31916787e-08  3.00000000e+00 
 6.32116787e-08  3.00000000e+00  6.32116787e-08  3.00000000e+00 
 6.32316787e-08  3.00000000e+00  6.32316787e-08  3.00000000e+00 
 6.32516787e-08  3.00000000e+00  6.32516787e-08  3.00000000e+00 
 6.32716787e-08  3.00000000e+00  6.32716787e-08  3.00000000e+00 
 6.32916787e-08  3.00000000e+00  6.32916787e-08  3.00000000e+00 
 6.33116787e-08  3.00000000e+00  6.33116787e-08  3.00000000e+00 
 6.33316787e-08  3.00000000e+00  6.33316787e-08  3.00000000e+00 
 6.33516787e-08  3.00000000e+00  6.33516787e-08  3.00000000e+00 
 6.33716787e-08  3.00000000e+00  6.33716787e-08  3.00000000e+00 
 6.33916787e-08  3.00000000e+00  6.33916787e-08  3.00000000e+00 
 6.34116787e-08  3.00000000e+00  6.34116787e-08  3.00000000e+00 
 6.34316787e-08  3.00000000e+00  6.34316787e-08  3.00000000e+00 
 6.34516787e-08  3.00000000e+00  6.34516787e-08  3.00000000e+00 
 6.34716787e-08  3.00000000e+00  6.34716787e-08  3.00000000e+00 
 6.34916787e-08  3.00000000e+00  6.34916787e-08  3.00000000e+00 
 6.35116787e-08  3.00000000e+00  6.35116787e-08  3.00000000e+00 
 6.35316787e-08  3.00000000e+00  6.35316787e-08  3.00000000e+00 
 6.35516787e-08  3.00000000e+00  6.35516787e-08  3.00000000e+00 
 6.35716787e-08  3.00000000e+00  6.35716787e-08  3.00000000e+00 
 6.35916787e-08  3.00000000e+00  6.35916787e-08  3.00000000e+00 
 6.36116787e-08  3.00000000e+00  6.36116787e-08  3.00000000e+00 
 6.36316787e-08  3.00000000e+00  6.36316787e-08  3.00000000e+00 
 6.36516787e-08  3.00000000e+00  6.36516787e-08  3.00000000e+00 
 6.36716787e-08  3.00000000e+00  6.36716787e-08  3.00000000e+00 
 6.36916787e-08  3.00000000e+00  6.36916787e-08  3.00000000e+00 
 6.37116787e-08  3.00000000e+00  6.37116787e-08  3.00000000e+00 
 6.37316787e-08  3.00000000e+00  6.37316787e-08  3.00000000e+00 
 6.37516787e-08  3.00000000e+00  6.37516787e-08  3.00000000e+00 
 6.37716787e-08  3.00000000e+00  6.37716787e-08  3.00000000e+00 
 6.37916787e-08  3.00000000e+00  6.37916787e-08  3.00000000e+00 
 6.38116787e-08  3.00000000e+00  6.38116787e-08  3.00000000e+00 
 6.38316787e-08  3.00000000e+00  6.38316787e-08  3.00000000e+00 
 6.38516787e-08  3.00000000e+00  6.38516787e-08  3.00000000e+00 
 6.38716787e-08  3.00000000e+00  6.38716787e-08  3.00000000e+00 
 6.38916787e-08  3.00000000e+00  6.38916787e-08  3.00000000e+00 
 6.39116787e-08  3.00000000e+00  6.39116787e-08  3.00000000e+00 
 6.39316787e-08  3.00000000e+00  6.39316787e-08  3.00000000e+00 
 6.39516787e-08  3.00000000e+00  6.39516787e-08  3.00000000e+00 
 6.39716787e-08  3.00000000e+00  6.39716787e-08  3.00000000e+00 
 6.39916787e-08  3.00000000e+00  6.39916787e-08  3.00000000e+00 
 6.40116787e-08  3.00000000e+00  6.40116787e-08  3.00000000e+00 
 6.40316787e-08  3.00000000e+00  6.40316787e-08  3.00000000e+00 
 6.40516787e-08  3.00000000e+00  6.40516787e-08  3.00000000e+00 
 6.40716787e-08  3.00000000e+00  6.40716787e-08  3.00000000e+00 
 6.40916787e-08  3.00000000e+00  6.40916787e-08  3.00000000e+00 
 6.41116787e-08  3.00000000e+00  6.41116787e-08  3.00000000e+00 
 6.41316787e-08  3.00000000e+00  6.41316787e-08  3.00000000e+00 
 6.41516787e-08  3.00000000e+00  6.41516787e-08  3.00000000e+00 
 6.41716787e-08  3.00000000e+00  6.41716787e-08  3.00000000e+00 
 6.41916787e-08  3.00000000e+00  6.41916787e-08  3.00000000e+00 
 6.42116787e-08  3.00000000e+00  6.42116787e-08  3.00000000e+00 
 6.42316787e-08  3.00000000e+00  6.42316787e-08  3.00000000e+00 
 6.42516787e-08  3.00000000e+00  6.42516787e-08  3.00000000e+00 
 6.42716787e-08  3.00000000e+00  6.42716787e-08  3.00000000e+00 
 6.42916787e-08  3.00000000e+00  6.42916787e-08  3.00000000e+00 
 6.43116787e-08  3.00000000e+00  6.43116787e-08  3.00000000e+00 
 6.43316787e-08  3.00000000e+00  6.43316787e-08  3.00000000e+00 
 6.43516787e-08  3.00000000e+00  6.43516787e-08  3.00000000e+00 
 6.43716787e-08  3.00000000e+00  6.43716787e-08  3.00000000e+00 
 6.43916787e-08  3.00000000e+00  6.43916787e-08  3.00000000e+00 
 6.44116787e-08  3.00000000e+00  6.44116787e-08  3.00000000e+00 
 6.44316787e-08  3.00000000e+00  6.44316787e-08  3.00000000e+00 
 6.44516787e-08  3.00000000e+00  6.44516787e-08  3.00000000e+00 
 6.44716787e-08  3.00000000e+00  6.44716787e-08  3.00000000e+00 
 6.44916787e-08  3.00000000e+00  6.44916787e-08  3.00000000e+00 
 6.45116787e-08  3.00000000e+00  6.45116787e-08  3.00000000e+00 
 6.45316787e-08  3.00000000e+00  6.45316787e-08  3.00000000e+00 
 6.45516787e-08  3.00000000e+00  6.45516787e-08  3.00000000e+00 
 6.45716787e-08  3.00000000e+00  6.45716787e-08  3.00000000e+00 
 6.45916787e-08  3.00000000e+00  6.45916787e-08  3.00000000e+00 
 6.46116787e-08  3.00000000e+00  6.46116787e-08  3.00000000e+00 
 6.46316787e-08  3.00000000e+00  6.46316787e-08  3.00000000e+00 
 6.46516787e-08  3.00000000e+00  6.46516787e-08  3.00000000e+00 
 6.46716787e-08  3.00000000e+00  6.46716787e-08  3.00000000e+00 
 6.46916787e-08  3.00000000e+00  6.46916787e-08  3.00000000e+00 
 6.47116787e-08  3.00000000e+00  6.47116787e-08  3.00000000e+00 
 6.47316787e-08  3.00000000e+00  6.47316787e-08  3.00000000e+00 
 6.47516787e-08  3.00000000e+00  6.47516787e-08  3.00000000e+00 
 6.47716787e-08  3.00000000e+00  6.47716787e-08  3.00000000e+00 
 6.47916787e-08  3.00000000e+00  6.47916787e-08  3.00000000e+00 
 6.48116787e-08  3.00000000e+00  6.48116787e-08  3.00000000e+00 
 6.48316787e-08  3.00000000e+00  6.48316787e-08  3.00000000e+00 
 6.48516787e-08  3.00000000e+00  6.48516787e-08  3.00000000e+00 
 6.48716787e-08  3.00000000e+00  6.48716787e-08  3.00000000e+00 
 6.48916787e-08  3.00000000e+00  6.48916787e-08  3.00000000e+00 
 6.49116787e-08  3.00000000e+00  6.49116787e-08  3.00000000e+00 
 6.49316787e-08  3.00000000e+00  6.49316787e-08  3.00000000e+00 
 6.49516787e-08  3.00000000e+00  6.49516787e-08  3.00000000e+00 
 6.49716787e-08  3.00000000e+00  6.49716787e-08  3.00000000e+00 
 6.49916787e-08  3.00000000e+00  6.49916787e-08  3.00000000e+00 
 6.50116787e-08  3.00000000e+00  6.50116787e-08  3.00000000e+00 
 6.50316787e-08  3.00000000e+00  6.50316787e-08  3.00000000e+00 
 6.50516787e-08  3.00000000e+00  6.50516787e-08  3.00000000e+00 
 6.50716787e-08  3.00000000e+00  6.50716787e-08  3.00000000e+00 
 6.50916787e-08  3.00000000e+00  6.50916787e-08  3.00000000e+00 
 6.51116787e-08  3.00000000e+00  6.51116787e-08  3.00000000e+00 
 6.51316787e-08  3.00000000e+00  6.51316787e-08  3.00000000e+00 
 6.51516787e-08  3.00000000e+00  6.51516787e-08  3.00000000e+00 
 6.51716787e-08  3.00000000e+00  6.51716787e-08  3.00000000e+00 
 6.51916787e-08  3.00000000e+00  6.51916787e-08  3.00000000e+00 
 6.52116787e-08  3.00000000e+00  6.52116787e-08  3.00000000e+00 
 6.52316787e-08  3.00000000e+00  6.52316787e-08  3.00000000e+00 
 6.52516787e-08  3.00000000e+00  6.52516787e-08  3.00000000e+00 
 6.52716787e-08  3.00000000e+00  6.52716787e-08  3.00000000e+00 
 6.52916787e-08  3.00000000e+00  6.52916787e-08  3.00000000e+00 
 6.53116787e-08  3.00000000e+00  6.53116787e-08  3.00000000e+00 
 6.53316787e-08  3.00000000e+00  6.53316787e-08  3.00000000e+00 
 6.53516787e-08  3.00000000e+00  6.53516787e-08  3.00000000e+00 
 6.53716787e-08  3.00000000e+00  6.53716787e-08  3.00000000e+00 
 6.53916787e-08  3.00000000e+00  6.53916787e-08  3.00000000e+00 
 6.54116787e-08  3.00000000e+00  6.54116787e-08  3.00000000e+00 
 6.54316787e-08  3.00000000e+00  6.54316787e-08  3.00000000e+00 
 6.54516787e-08  3.00000000e+00  6.54516787e-08  3.00000000e+00 
 6.54716787e-08  3.00000000e+00  6.54716787e-08  3.00000000e+00 
 6.54916787e-08  3.00000000e+00  6.54916787e-08  3.00000000e+00 
 6.55116787e-08  3.00000000e+00  6.55116787e-08  3.00000000e+00 
 6.55316787e-08  3.00000000e+00  6.55316787e-08  3.00000000e+00 
 6.55516787e-08  3.00000000e+00  6.55516787e-08  3.00000000e+00 
 6.55716787e-08  3.00000000e+00  6.55716787e-08  3.00000000e+00 
 6.55916787e-08  3.00000000e+00  6.55916787e-08  3.00000000e+00 
 6.56116787e-08  3.00000000e+00  6.56116787e-08  3.00000000e+00 
 6.56316787e-08  3.00000000e+00  6.56316787e-08  3.00000000e+00 
 6.56516787e-08  3.00000000e+00  6.56516787e-08  3.00000000e+00 
 6.56716787e-08  3.00000000e+00  6.56716787e-08  3.00000000e+00 
 6.56916787e-08  3.00000000e+00  6.56916787e-08  3.00000000e+00 
 6.57116787e-08  3.00000000e+00  6.57116787e-08  3.00000000e+00 
 6.57316787e-08  3.00000000e+00  6.57316787e-08  3.00000000e+00 
 6.57516787e-08  3.00000000e+00  6.57516787e-08  3.00000000e+00 
 6.57716787e-08  3.00000000e+00  6.57716787e-08  3.00000000e+00 
 6.57916787e-08  3.00000000e+00  6.57916787e-08  3.00000000e+00 
 6.58116787e-08  3.00000000e+00  6.58116787e-08  3.00000000e+00 
 6.58316787e-08  3.00000000e+00  6.58316787e-08  3.00000000e+00 
 6.58516787e-08  3.00000000e+00  6.58516787e-08  3.00000000e+00 
 6.58716787e-08  3.00000000e+00  6.58716787e-08  3.00000000e+00 
 6.58916787e-08  3.00000000e+00  6.58916787e-08  3.00000000e+00 
 6.59116787e-08  3.00000000e+00  6.59116787e-08  3.00000000e+00 
 6.59316787e-08  3.00000000e+00  6.59316787e-08  3.00000000e+00 
 6.59516787e-08  3.00000000e+00  6.59516787e-08  3.00000000e+00 
 6.59716787e-08  3.00000000e+00  6.59716787e-08  3.00000000e+00 
 6.59916787e-08  3.00000000e+00  6.59916787e-08  3.00000000e+00 
 6.60116787e-08  3.00000000e+00  6.60116787e-08  3.00000000e+00 
 6.60316787e-08  3.00000000e+00  6.60316787e-08  3.00000000e+00 
 6.60516787e-08  3.00000000e+00  6.60516787e-08  3.00000000e+00 
 6.60716787e-08  3.00000000e+00  6.60716787e-08  3.00000000e+00 
 6.60916787e-08  3.00000000e+00  6.60916787e-08  3.00000000e+00 
 6.61116787e-08  3.00000000e+00  6.61116787e-08  3.00000000e+00 
 6.61316787e-08  3.00000000e+00  6.61316787e-08  3.00000000e+00 
 6.61516787e-08  3.00000000e+00  6.61516787e-08  3.00000000e+00 
 6.61716787e-08  3.00000000e+00  6.61716787e-08  3.00000000e+00 
 6.61916787e-08  3.00000000e+00  6.61916787e-08  3.00000000e+00 
 6.62116787e-08  3.00000000e+00  6.62116787e-08  3.00000000e+00 
 6.62316787e-08  3.00000000e+00  6.62316787e-08  3.00000000e+00 
 6.62516787e-08  3.00000000e+00  6.62516787e-08  3.00000000e+00 
 6.62716787e-08  3.00000000e+00  6.62716787e-08  3.00000000e+00 
 6.62916787e-08  3.00000000e+00  6.62916787e-08  3.00000000e+00 
 6.63116787e-08  3.00000000e+00  6.63116787e-08  3.00000000e+00 
 6.63316787e-08  3.00000000e+00  6.63316787e-08  3.00000000e+00 
 6.63516787e-08  3.00000000e+00  6.63516787e-08  3.00000000e+00 
 6.63716787e-08  3.00000000e+00  6.63716787e-08  3.00000000e+00 
 6.63916787e-08  3.00000000e+00  6.63916787e-08  3.00000000e+00 
 6.64116787e-08  3.00000000e+00  6.64116787e-08  3.00000000e+00 
 6.64316787e-08  3.00000000e+00  6.64316787e-08  3.00000000e+00 
 6.64516787e-08  3.00000000e+00  6.64516787e-08  3.00000000e+00 
 6.64716787e-08  3.00000000e+00  6.64716787e-08  3.00000000e+00 
 6.64916787e-08  3.00000000e+00  6.64916787e-08  3.00000000e+00 
 6.65116787e-08  3.00000000e+00  6.65116787e-08  3.00000000e+00 
 6.65316787e-08  3.00000000e+00  6.65316787e-08  3.00000000e+00 
 6.65516787e-08  3.00000000e+00  6.65516787e-08  3.00000000e+00 
 6.65716787e-08  3.00000000e+00  6.65716787e-08  3.00000000e+00 
 6.65916787e-08  3.00000000e+00  6.65916787e-08  3.00000000e+00 
 6.66116787e-08  3.00000000e+00  6.66116787e-08  3.00000000e+00 
 6.66316787e-08  3.00000000e+00  6.66316787e-08  3.00000000e+00 
 6.66516787e-08  3.00000000e+00  6.66516787e-08  3.00000000e+00 
 6.66716787e-08  3.00000000e+00  6.66716787e-08  3.00000000e+00 
 6.66916787e-08  3.00000000e+00  6.66916787e-08  3.00000000e+00 
 6.67116787e-08  3.00000000e+00  6.67116787e-08  3.00000000e+00 
 6.67316787e-08  3.00000000e+00  6.67316787e-08  3.00000000e+00 
 6.67516787e-08  3.00000000e+00  6.67516787e-08  3.00000000e+00 
 6.67716787e-08  3.00000000e+00  6.67716787e-08  3.00000000e+00 
 6.67916787e-08  3.00000000e+00  6.67916787e-08  3.00000000e+00 
 6.68116787e-08  3.00000000e+00  6.68116787e-08  3.00000000e+00 
 6.68316787e-08  3.00000000e+00  6.68316787e-08  3.00000000e+00 
 6.68516787e-08  3.00000000e+00  6.68516787e-08  3.00000000e+00 
 6.68716787e-08  3.00000000e+00  6.68716787e-08  3.00000000e+00 
 6.68916787e-08  3.00000000e+00  6.68916787e-08  3.00000000e+00 
 6.69116787e-08  3.00000000e+00  6.69116787e-08  3.00000000e+00 
 6.69316787e-08  3.00000000e+00  6.69316787e-08  3.00000000e+00 
 6.69516787e-08  3.00000000e+00  6.69516787e-08  3.00000000e+00 
 6.69716787e-08  3.00000000e+00  6.69716787e-08  3.00000000e+00 
 6.69916787e-08  3.00000000e+00  6.69916787e-08  3.00000000e+00 
 6.70116787e-08  3.00000000e+00  6.70116787e-08  3.00000000e+00 
 6.70316787e-08  3.00000000e+00  6.70316787e-08  3.00000000e+00 
 6.70516787e-08  3.00000000e+00  6.70516787e-08  3.00000000e+00 
 6.70716787e-08  3.00000000e+00  6.70716787e-08  3.00000000e+00 
 6.70916787e-08  3.00000000e+00  6.70916787e-08  3.00000000e+00 
 6.71116787e-08  3.00000000e+00  6.71116787e-08  3.00000000e+00 
 6.71316787e-08  3.00000000e+00  6.71316787e-08  3.00000000e+00 
 6.71516787e-08  3.00000000e+00  6.71516787e-08  3.00000000e+00 
 6.71716787e-08  3.00000000e+00  6.71716787e-08  3.00000000e+00 
 6.71916787e-08  3.00000000e+00  6.71916787e-08  3.00000000e+00 
 6.72116787e-08  3.00000000e+00  6.72116787e-08  3.00000000e+00 
 6.72316787e-08  3.00000000e+00  6.72316787e-08  3.00000000e+00 
 6.72516787e-08  3.00000000e+00  6.72516787e-08  3.00000000e+00 
 6.72716787e-08  3.00000000e+00  6.72716787e-08  3.00000000e+00 
 6.72916787e-08  3.00000000e+00  6.72916787e-08  3.00000000e+00 
 6.73116787e-08  3.00000000e+00  6.73116787e-08  3.00000000e+00 
 6.73316787e-08  3.00000000e+00  6.73316787e-08  3.00000000e+00 
 6.73516787e-08  3.00000000e+00  6.73516787e-08  3.00000000e+00 
 6.73716787e-08  3.00000000e+00  6.73716787e-08  3.00000000e+00 
 6.73916787e-08  3.00000000e+00  6.73916787e-08  3.00000000e+00 
 6.74116787e-08  3.00000000e+00  6.74116787e-08  3.00000000e+00 
 6.74316787e-08  3.00000000e+00  6.74316787e-08  3.00000000e+00 
 6.74516787e-08  3.00000000e+00  6.74516787e-08  3.00000000e+00 
 6.74716787e-08  3.00000000e+00  6.74716787e-08  3.00000000e+00 
 6.74916787e-08  3.00000000e+00  6.74916787e-08  3.00000000e+00 
 6.75116787e-08  3.00000000e+00  6.75116787e-08  3.00000000e+00 
 6.75316787e-08  3.00000000e+00  6.75316787e-08  3.00000000e+00 
 6.75516787e-08  3.00000000e+00  6.75516787e-08  3.00000000e+00 
 6.75716787e-08  3.00000000e+00  6.75716787e-08  3.00000000e+00 
 6.75916787e-08  3.00000000e+00  6.75916787e-08  3.00000000e+00 
 6.76116787e-08  3.00000000e+00  6.76116787e-08  3.00000000e+00 
 6.76316787e-08  3.00000000e+00  6.76316787e-08  3.00000000e+00 
 6.76516787e-08  3.00000000e+00  6.76516787e-08  3.00000000e+00 
 6.76716787e-08  3.00000000e+00  6.76716787e-08  3.00000000e+00 
 6.76916787e-08  3.00000000e+00  6.76916787e-08  3.00000000e+00 
 6.77116787e-08  3.00000000e+00  6.77116787e-08  3.00000000e+00 
 6.77316787e-08  3.00000000e+00  6.77316787e-08  3.00000000e+00 
 6.77516787e-08  3.00000000e+00  6.77516787e-08  3.00000000e+00 
 6.77716787e-08  3.00000000e+00  6.77716787e-08  3.00000000e+00 
 6.77916787e-08  3.00000000e+00  6.77916787e-08  3.00000000e+00 
 6.78116787e-08  3.00000000e+00  6.78116787e-08  3.00000000e+00 
 6.78316787e-08  3.00000000e+00  6.78316787e-08  3.00000000e+00 
 6.78516787e-08  3.00000000e+00  6.78516787e-08  3.00000000e+00 
 6.78716787e-08  3.00000000e+00  6.78716787e-08  3.00000000e+00 
 6.78916787e-08  3.00000000e+00  6.78916787e-08  3.00000000e+00 
 6.79116787e-08  3.00000000e+00  6.79116787e-08  3.00000000e+00 
 6.79316787e-08  3.00000000e+00  6.79316787e-08  3.00000000e+00 
 6.79516787e-08  3.00000000e+00  6.79516787e-08  3.00000000e+00 
 6.79716787e-08  3.00000000e+00  6.79716787e-08  3.00000000e+00 
 6.79916787e-08  3.00000000e+00  6.79916787e-08  3.00000000e+00 
 6.80116787e-08  3.00000000e+00  6.80116787e-08  3.00000000e+00 
 6.80316787e-08  3.00000000e+00  6.80316787e-08  3.00000000e+00 
 6.80516787e-08  3.00000000e+00  6.80516787e-08  3.00000000e+00 
 6.80716787e-08  3.00000000e+00  6.80716787e-08  3.00000000e+00 
 6.80916787e-08  3.00000000e+00  6.80916787e-08  3.00000000e+00 
 6.81116787e-08  3.00000000e+00  6.81116787e-08  3.00000000e+00 
 6.81316787e-08  3.00000000e+00  6.81316787e-08  3.00000000e+00 
 6.81516787e-08  3.00000000e+00  6.81516787e-08  3.00000000e+00 
 6.81716787e-08  3.00000000e+00  6.81716787e-08  3.00000000e+00 
 6.81916787e-08  3.00000000e+00  6.81916787e-08  3.00000000e+00 
 6.82116787e-08  3.00000000e+00  6.82116787e-08  3.00000000e+00 
 6.82316787e-08  3.00000000e+00  6.82316787e-08  3.00000000e+00 
 6.82516787e-08  3.00000000e+00  6.82516787e-08  3.00000000e+00 
 6.82716787e-08  3.00000000e+00  6.82716787e-08  3.00000000e+00 
 6.82916787e-08  3.00000000e+00  6.82916787e-08  3.00000000e+00 
 6.83116787e-08  3.00000000e+00  6.83116787e-08  3.00000000e+00 
 6.83316787e-08  3.00000000e+00  6.83316787e-08  3.00000000e+00 
 6.83516787e-08  3.00000000e+00  6.83516787e-08  3.00000000e+00 
 6.83716787e-08  3.00000000e+00  6.83716787e-08  3.00000000e+00 
 6.83916787e-08  3.00000000e+00  6.83916787e-08  3.00000000e+00 
 6.84116787e-08  3.00000000e+00  6.84116787e-08  3.00000000e+00 
 6.84316787e-08  3.00000000e+00  6.84316787e-08  3.00000000e+00 
 6.84516787e-08  3.00000000e+00  6.84516787e-08  3.00000000e+00 
 6.84716787e-08  3.00000000e+00  6.84716787e-08  3.00000000e+00 
 6.84916787e-08  3.00000000e+00  6.84916787e-08  3.00000000e+00 
 6.85116787e-08  3.00000000e+00  6.85116787e-08  3.00000000e+00 
 6.85316787e-08  3.00000000e+00  6.85316787e-08  3.00000000e+00 
 6.85516787e-08  3.00000000e+00  6.85516787e-08  3.00000000e+00 
 6.85716787e-08  3.00000000e+00  6.85716787e-08  3.00000000e+00 
 6.85916787e-08  3.00000000e+00  6.85916787e-08  3.00000000e+00 
 6.86116787e-08  3.00000000e+00  6.86116787e-08  3.00000000e+00 
 6.86316787e-08  3.00000000e+00  6.86316787e-08  3.00000000e+00 
 6.86516787e-08  3.00000000e+00  6.86516787e-08  3.00000000e+00 
 6.86716787e-08  3.00000000e+00  6.86716787e-08  3.00000000e+00 
 6.86916787e-08  3.00000000e+00  6.86916787e-08  3.00000000e+00 
 6.87116787e-08  3.00000000e+00  6.87116787e-08  3.00000000e+00 
 6.87316787e-08  3.00000000e+00  6.87316787e-08  3.00000000e+00 
 6.87516787e-08  3.00000000e+00  6.87516787e-08  3.00000000e+00 
 6.87716787e-08  3.00000000e+00  6.87716787e-08  3.00000000e+00 
 6.87916787e-08  2.99999999e+00  6.87916787e-08  3.00000000e+00 
 6.88116787e-08  2.99999999e+00  6.88116787e-08  3.00000000e+00 
 6.88316787e-08  2.99999999e+00  6.88316787e-08  3.00000000e+00 
 6.88516787e-08  2.99999999e+00  6.88516787e-08  3.00000000e+00 
 6.88716787e-08  2.99999999e+00  6.88716787e-08  3.00000000e+00 
 6.88916787e-08  2.99999999e+00  6.88916787e-08  3.00000000e+00 
 6.89116787e-08  2.99999999e+00  6.89116787e-08  3.00000000e+00 
 6.89316787e-08  2.99999999e+00  6.89316787e-08  3.00000000e+00 
 6.89516787e-08  2.99999999e+00  6.89516787e-08  3.00000000e+00 
 6.89716787e-08  2.99999999e+00  6.89716787e-08  3.00000000e+00 
 6.89916787e-08  2.99999999e+00  6.89916787e-08  3.00000000e+00 
 6.90116787e-08  2.99999999e+00  6.90116787e-08  3.00000000e+00 
 6.90316787e-08  2.99999999e+00  6.90316787e-08  3.00000000e+00 
 6.90516787e-08  2.99999999e+00  6.90516787e-08  3.00000000e+00 
 6.90716787e-08  2.99999999e+00  6.90716787e-08  3.00000000e+00 
 6.90916787e-08  2.99999999e+00  6.90916787e-08  3.00000000e+00 
 6.91116787e-08  2.99999999e+00  6.91116787e-08  3.00000000e+00 
 6.91316787e-08  2.99999999e+00  6.91316787e-08  3.00000000e+00 
 6.91516787e-08  2.99999999e+00  6.91516787e-08  3.00000000e+00 
 6.91716787e-08  2.99999999e+00  6.91716787e-08  3.00000000e+00 
 6.91916787e-08  2.99999999e+00  6.91916787e-08  3.00000000e+00 
 6.92116787e-08  2.99999999e+00  6.92116787e-08  3.00000000e+00 
 6.92316787e-08  2.99999999e+00  6.92316787e-08  3.00000000e+00 
 6.92516787e-08  2.99999999e+00  6.92516787e-08  3.00000000e+00 
 6.92716787e-08  2.99999999e+00  6.92716787e-08  3.00000000e+00 
 6.92916787e-08  2.99999999e+00  6.92916787e-08  3.00000000e+00 
 6.93116787e-08  2.99999999e+00  6.93116787e-08  3.00000000e+00 
 6.93316787e-08  2.99999999e+00  6.93316787e-08  3.00000000e+00 
 6.93516787e-08  2.99999999e+00  6.93516787e-08  3.00000000e+00 
 6.93716787e-08  2.99999999e+00  6.93716787e-08  3.00000000e+00 
 6.93916787e-08  2.99999999e+00  6.93916787e-08  3.00000000e+00 
 6.94116787e-08  2.99999999e+00  6.94116787e-08  3.00000000e+00 
 6.94316787e-08  2.99999999e+00  6.94316787e-08  3.00000000e+00 
 6.94516787e-08  2.99999999e+00  6.94516787e-08  3.00000000e+00 
 6.94716787e-08  2.99999999e+00  6.94716787e-08  3.00000000e+00 
 6.94916787e-08  2.99999999e+00  6.94916787e-08  3.00000000e+00 
 6.95116787e-08  2.99999999e+00  6.95116787e-08  3.00000000e+00 
 6.95316787e-08  2.99999999e+00  6.95316787e-08  3.00000000e+00 
 6.95516787e-08  2.99999999e+00  6.95516787e-08  3.00000000e+00 
 6.95716787e-08  2.99999999e+00  6.95716787e-08  3.00000000e+00 
 6.95916787e-08  2.99999999e+00  6.95916787e-08  3.00000000e+00 
 6.96116787e-08  2.99999999e+00  6.96116787e-08  3.00000000e+00 
 6.96316787e-08  2.99999999e+00  6.96316787e-08  3.00000000e+00 
 6.96516787e-08  2.99999999e+00  6.96516787e-08  3.00000000e+00 
 6.96716787e-08  2.99999999e+00  6.96716787e-08  3.00000000e+00 
 6.96916787e-08  2.99999999e+00  6.96916787e-08  3.00000000e+00 
 6.97116787e-08  2.99999999e+00  6.97116787e-08  3.00000000e+00 
 6.97316787e-08  2.99999999e+00  6.97316787e-08  3.00000000e+00 
 6.97516787e-08  2.99999999e+00  6.97516787e-08  3.00000000e+00 
 6.97716787e-08  2.99999999e+00  6.97716787e-08  3.00000000e+00 
 6.97916787e-08  2.99999999e+00  6.97916787e-08  3.00000000e+00 
 6.98116787e-08  2.99999999e+00  6.98116787e-08  3.00000000e+00 
 6.98316787e-08  2.99999999e+00  6.98316787e-08  3.00000000e+00 
 6.98516787e-08  2.99999999e+00  6.98516787e-08  3.00000000e+00 
 6.98716787e-08  2.99999999e+00  6.98716787e-08  3.00000000e+00 
 6.98916787e-08  2.99999999e+00  6.98916787e-08  3.00000000e+00 
 6.99116787e-08  2.99999999e+00  6.99116787e-08  3.00000000e+00 
 6.99316787e-08  2.99999999e+00  6.99316787e-08  3.00000000e+00 
 6.99516787e-08  2.99999999e+00  6.99516787e-08  3.00000000e+00 
 6.99716787e-08  2.99999999e+00  6.99716787e-08  3.00000000e+00 
 6.99916787e-08  2.99999999e+00  6.99916787e-08  3.00000000e+00 
 7.00116787e-08  2.99999999e+00  7.00116787e-08  3.00000000e+00 
 7.00316787e-08  2.99999999e+00  7.00316787e-08  3.00000000e+00 
 7.00516787e-08  2.99999999e+00  7.00516787e-08  2.99999999e+00 
 7.00716787e-08  2.99999999e+00  7.00716787e-08  2.99999999e+00 
 7.00916787e-08  2.99999999e+00  7.00916787e-08  2.99999999e+00 
 7.01116787e-08  2.99999999e+00  7.01116787e-08  2.99999999e+00 
 7.01316787e-08  2.99999999e+00  7.01316787e-08  2.99999999e+00 
 7.01516787e-08  2.99999999e+00  7.01516787e-08  2.99999999e+00 
 7.01716787e-08  2.99999999e+00  7.01716787e-08  2.99999999e+00 
 7.01916787e-08  2.99999999e+00  7.01916787e-08  2.99999999e+00 
 7.02116787e-08  2.99999999e+00  7.02116787e-08  2.99999999e+00 
 7.02316787e-08  2.99999999e+00  7.02316787e-08  2.99999999e+00 
 7.02516787e-08  2.99999999e+00  7.02516787e-08  2.99999999e+00 
 7.02716787e-08  2.99999999e+00  7.02716787e-08  2.99999999e+00 
 7.02916787e-08  2.99999999e+00  7.02916787e-08  2.99999999e+00 
 7.03116787e-08  2.99999999e+00  7.03116787e-08  2.99999999e+00 
 7.03316787e-08  2.99999999e+00  7.03316787e-08  2.99999999e+00 
 7.03516787e-08  2.99999999e+00  7.03516787e-08  2.99999999e+00 
 7.03716787e-08  2.99999999e+00  7.03716787e-08  2.99999999e+00 
 7.03916787e-08  2.99999999e+00  7.03916787e-08  2.99999999e+00 
 7.04116787e-08  2.99999999e+00  7.04116787e-08  2.99999999e+00 
 7.04316787e-08  2.99999999e+00  7.04316787e-08  2.99999999e+00 
 7.04516787e-08  2.99999999e+00  7.04516787e-08  2.99999999e+00 
 7.04716787e-08  2.99999999e+00  7.04716787e-08  2.99999999e+00 
 7.04916787e-08  2.99999999e+00  7.04916787e-08  2.99999999e+00 
 7.05116787e-08  2.99999999e+00  7.05116787e-08  2.99999999e+00 
 7.05316787e-08  2.99999999e+00  7.05316787e-08  2.99999999e+00 
 7.05516787e-08  2.99999999e+00  7.05516787e-08  2.99999999e+00 
 7.05716787e-08  2.99999999e+00  7.05716787e-08  2.99999999e+00 
 7.05916787e-08  2.99999999e+00  7.05916787e-08  2.99999999e+00 
 7.06116787e-08  2.99999999e+00  7.06116787e-08  2.99999999e+00 
 7.06316787e-08  2.99999999e+00  7.06316787e-08  2.99999999e+00 
 7.06516787e-08  2.99999999e+00  7.06516787e-08  2.99999999e+00 
 7.06716787e-08  2.99999999e+00  7.06716787e-08  2.99999999e+00 
 7.06916787e-08  2.99999999e+00  7.06916787e-08  2.99999999e+00 
 7.07116787e-08  2.99999999e+00  7.07116787e-08  2.99999999e+00 
 7.07316787e-08  2.99999999e+00  7.07316787e-08  2.99999999e+00 
 7.07516787e-08  2.99999999e+00  7.07516787e-08  2.99999999e+00 
 7.07716787e-08  2.99999999e+00  7.07716787e-08  2.99999999e+00 
 7.07916787e-08  2.99999999e+00  7.07916787e-08  2.99999999e+00 
 7.08116787e-08  2.99999999e+00  7.08116787e-08  2.99999999e+00 
 7.08316787e-08  2.99999999e+00  7.08316787e-08  2.99999999e+00 
 7.08516787e-08  2.99999999e+00  7.08516787e-08  2.99999999e+00 
 7.08716787e-08  2.99999999e+00  7.08716787e-08  2.99999999e+00 
 7.08916787e-08  2.99999999e+00  7.08916787e-08  2.99999999e+00 
 7.09116787e-08  2.99999999e+00  7.09116787e-08  2.99999999e+00 
 7.09316787e-08  2.99999999e+00  7.09316787e-08  2.99999999e+00 
 7.09516787e-08  2.99999999e+00  7.09516787e-08  2.99999999e+00 
 7.09716787e-08  2.99999999e+00  7.09716787e-08  2.99999999e+00 
 7.09916787e-08  2.99999999e+00  7.09916787e-08  2.99999999e+00 
 7.10116787e-08  2.99999999e+00  7.10116787e-08  2.99999999e+00 
 7.10316787e-08  2.99999999e+00  7.10316787e-08  2.99999999e+00 
 7.10516787e-08  2.99999999e+00  7.10516787e-08  2.99999999e+00 
 7.10716787e-08  2.99999999e+00  7.10716787e-08  2.99999999e+00 
 7.10916787e-08  2.99999999e+00  7.10916787e-08  2.99999999e+00 
 7.11116787e-08  2.99999999e+00  7.11116787e-08  2.99999999e+00 
 7.11316787e-08  2.99999999e+00  7.11316787e-08  2.99999999e+00 
 7.11516787e-08  2.99999999e+00  7.11516787e-08  2.99999999e+00 
 7.11716787e-08  2.99999999e+00  7.11716787e-08  2.99999999e+00 
 7.11916787e-08  2.99999999e+00  7.11916787e-08  2.99999999e+00 
 7.12116787e-08  2.99999999e+00  7.12116787e-08  2.99999999e+00 
 7.12316787e-08  2.99999999e+00  7.12316787e-08  2.99999999e+00 
 7.12516787e-08  2.99999999e+00  7.12516787e-08  2.99999999e+00 
 7.12716787e-08  2.99999999e+00  7.12716787e-08  2.99999999e+00 
 7.12916787e-08  2.99999999e+00  7.12916787e-08  2.99999999e+00 
 7.13116787e-08  2.99999999e+00  7.13116787e-08  2.99999999e+00 
 7.13316787e-08  2.99999999e+00  7.13316787e-08  2.99999999e+00 
 7.13516787e-08  2.99999999e+00  7.13516787e-08  2.99999999e+00 
 7.13716787e-08  2.99999999e+00  7.13716787e-08  2.99999999e+00 
 7.13916787e-08  2.99999999e+00  7.13916787e-08  2.99999999e+00 
 7.14116787e-08  2.99999999e+00  7.14116787e-08  2.99999999e+00 
 7.14316787e-08  2.99999999e+00  7.14316787e-08  2.99999999e+00 
 7.14516787e-08  2.99999999e+00  7.14516787e-08  2.99999999e+00 
 7.14716787e-08  2.99999999e+00  7.14716787e-08  2.99999999e+00 
 7.14916787e-08  2.99999999e+00  7.14916787e-08  2.99999999e+00 
 7.15116787e-08  2.99999999e+00  7.15116787e-08  2.99999999e+00 
 7.15316787e-08  2.99999999e+00  7.15316787e-08  2.99999999e+00 
 7.15516787e-08  2.99999999e+00  7.15516787e-08  2.99999999e+00 
 7.15716787e-08  2.99999999e+00  7.15716787e-08  2.99999999e+00 
 7.15916787e-08  2.99999999e+00  7.15916787e-08  2.99999999e+00 
 7.16116787e-08  2.99999999e+00  7.16116787e-08  2.99999999e+00 
 7.16316787e-08  2.99999999e+00  7.16316787e-08  2.99999999e+00 
 7.16516787e-08  2.99999999e+00  7.16516787e-08  2.99999999e+00 
 7.16716787e-08  2.99999999e+00  7.16716787e-08  2.99999999e+00 
 7.16916787e-08  2.99999999e+00  7.16916787e-08  2.99999999e+00 
 7.17116787e-08  2.99999999e+00  7.17116787e-08  2.99999999e+00 
 7.17316787e-08  2.99999999e+00  7.17316787e-08  2.99999999e+00 
 7.17516787e-08  2.99999999e+00  7.17516787e-08  2.99999999e+00 
 7.17716787e-08  2.99999999e+00  7.17716787e-08  2.99999999e+00 
 7.17916787e-08  2.99999999e+00  7.17916787e-08  2.99999999e+00 
 7.18116787e-08  2.99999999e+00  7.18116787e-08  2.99999999e+00 
 7.18316787e-08  2.99999999e+00  7.18316787e-08  2.99999999e+00 
 7.18516787e-08  2.99999999e+00  7.18516787e-08  2.99999999e+00 
 7.18716787e-08  2.99999999e+00  7.18716787e-08  2.99999999e+00 
 7.18916787e-08  2.99999999e+00  7.18916787e-08  2.99999999e+00 
 7.19116787e-08  2.99999999e+00  7.19116787e-08  2.99999999e+00 
 7.19316787e-08  2.99999999e+00  7.19316787e-08  2.99999999e+00 
 7.19516787e-08  2.99999999e+00  7.19516787e-08  2.99999999e+00 
 7.19716787e-08  2.99999999e+00  7.19716787e-08  2.99999999e+00 
 7.19916787e-08  2.99999999e+00  7.19916787e-08  2.99999999e+00 
 7.20116787e-08  2.99999999e+00  7.20116787e-08  2.99999999e+00 
 7.20316787e-08  2.99999999e+00  7.20316787e-08  2.99999999e+00 
 7.20516787e-08  2.99999999e+00  7.20516787e-08  2.99999999e+00 
 7.20716787e-08  2.99999999e+00  7.20716787e-08  2.99999999e+00 
 7.20916787e-08  2.99999999e+00  7.20916787e-08  2.99999999e+00 
 7.21116787e-08  2.99999999e+00  7.21116787e-08  2.99999999e+00 
 7.21316787e-08  2.99999999e+00  7.21316787e-08  2.99999999e+00 
 7.21516787e-08  2.99999999e+00  7.21516787e-08  2.99999999e+00 
 7.21716787e-08  2.99999999e+00  7.21716787e-08  2.99999999e+00 
 7.21916787e-08  2.99999999e+00  7.21916787e-08  2.99999999e+00 
 7.22116787e-08  2.99999999e+00  7.22116787e-08  2.99999999e+00 
 7.22316787e-08  2.99999999e+00  7.22316787e-08  2.99999999e+00 
 7.22516787e-08  2.99999999e+00  7.22516787e-08  2.99999999e+00 
 7.22716787e-08  2.99999999e+00  7.22716787e-08  2.99999999e+00 
 7.22916787e-08  2.99999999e+00  7.22916787e-08  2.99999999e+00 
 7.23116787e-08  2.99999999e+00  7.23116787e-08  2.99999999e+00 
 7.23316787e-08  2.99999999e+00  7.23316787e-08  2.99999999e+00 
 7.23516787e-08  2.99999999e+00  7.23516787e-08  2.99999999e+00 
 7.23716787e-08  2.99999999e+00  7.23716787e-08  2.99999999e+00 
 7.23916787e-08  2.99999999e+00  7.23916787e-08  2.99999999e+00 
 7.24116787e-08  2.99999999e+00  7.24116787e-08  2.99999999e+00 
 7.24316787e-08  2.99999999e+00  7.24316787e-08  2.99999999e+00 
 7.24516787e-08  2.99999999e+00  7.24516787e-08  2.99999999e+00 
 7.24716787e-08  2.99999999e+00  7.24716787e-08  2.99999999e+00 
 7.24916787e-08  2.99999999e+00  7.24916787e-08  2.99999999e+00 
 7.25116787e-08  2.99999999e+00  7.25116787e-08  2.99999999e+00 
 7.25316787e-08  2.99999999e+00  7.25316787e-08  2.99999999e+00 
 7.25516787e-08  2.99999999e+00  7.25516787e-08  2.99999999e+00 
 7.25716787e-08  2.99999999e+00  7.25716787e-08  2.99999999e+00 
 7.25916787e-08  2.99999999e+00  7.25916787e-08  2.99999999e+00 
 7.26116787e-08  2.99999999e+00  7.26116787e-08  2.99999999e+00 
 7.26316787e-08  2.99999999e+00  7.26316787e-08  2.99999999e+00 
 7.26516787e-08  2.99999999e+00  7.26516787e-08  2.99999999e+00 
 7.26716787e-08  2.99999999e+00  7.26716787e-08  2.99999999e+00 
 7.26916787e-08  2.99999999e+00  7.26916787e-08  2.99999999e+00 
 7.27116787e-08  2.99999999e+00  7.27116787e-08  2.99999999e+00 
 7.27316787e-08  2.99999999e+00  7.27316787e-08  2.99999999e+00 
 7.27516787e-08  2.99999999e+00  7.27516787e-08  2.99999999e+00 
 7.27716787e-08  2.99999999e+00  7.27716787e-08  2.99999999e+00 
 7.27916787e-08  2.99999999e+00  7.27916787e-08  2.99999999e+00 
 7.28116787e-08  2.99999999e+00  7.28116787e-08  2.99999999e+00 
 7.28316787e-08  2.99999999e+00  7.28316787e-08  2.99999999e+00 
 7.28516787e-08  2.99999999e+00  7.28516787e-08  2.99999999e+00 
 7.28716787e-08  2.99999999e+00  7.28716787e-08  2.99999999e+00 
 7.28916787e-08  2.99999999e+00  7.28916787e-08  2.99999999e+00 
 7.29116787e-08  2.99999999e+00  7.29116787e-08  2.99999999e+00 
 7.29316787e-08  2.99999999e+00  7.29316787e-08  2.99999999e+00 
 7.29516787e-08  2.99999999e+00  7.29516787e-08  2.99999999e+00 
 7.29716787e-08  2.99999999e+00  7.29716787e-08  2.99999999e+00 
 7.29916787e-08  2.99999999e+00  7.29916787e-08  2.99999999e+00 
 7.30116787e-08  2.99999999e+00  7.30116787e-08  2.99999999e+00 
 7.30316787e-08  2.99999999e+00  7.30316787e-08  2.99999999e+00 
 7.30516787e-08  2.99999999e+00  7.30516787e-08  2.99999999e+00 
 7.30716787e-08  2.99999999e+00  7.30716787e-08  2.99999999e+00 
 7.30916787e-08  2.99999999e+00  7.30916787e-08  2.99999999e+00 
 7.31116787e-08  2.99999999e+00  7.31116787e-08  2.99999999e+00 
 7.31316787e-08  2.99999999e+00  7.31316787e-08  2.99999999e+00 
 7.31516787e-08  2.99999999e+00  7.31516787e-08  2.99999999e+00 
 7.31716787e-08  2.99999999e+00  7.31716787e-08  2.99999999e+00 
 7.31916787e-08  2.99999999e+00  7.31916787e-08  2.99999999e+00 
 7.32116787e-08  2.99999999e+00  7.32116787e-08  2.99999999e+00 
 7.32316787e-08  2.99999999e+00  7.32316787e-08  2.99999999e+00 
 7.32516787e-08  2.99999999e+00  7.32516787e-08  2.99999999e+00 
 7.32716787e-08  2.99999999e+00  7.32716787e-08  2.99999999e+00 
 7.32916787e-08  2.99999999e+00  7.32916787e-08  2.99999999e+00 
 7.33116787e-08  2.99999999e+00  7.33116787e-08  2.99999999e+00 
 7.33316787e-08  2.99999999e+00  7.33316787e-08  2.99999999e+00 
 7.33516787e-08  2.99999999e+00  7.33516787e-08  2.99999999e+00 
 7.33716787e-08  2.99999999e+00  7.33716787e-08  2.99999999e+00 
 7.33916787e-08  2.99999999e+00  7.33916787e-08  2.99999999e+00 
 7.34116787e-08  2.99999999e+00  7.34116787e-08  2.99999999e+00 
 7.34316787e-08  2.99999999e+00  7.34316787e-08  2.99999999e+00 
 7.34516787e-08  2.99999999e+00  7.34516787e-08  2.99999999e+00 
 7.34716787e-08  2.99999999e+00  7.34716787e-08  2.99999999e+00 
 7.34916787e-08  2.99999999e+00  7.34916787e-08  2.99999999e+00 
 7.35116787e-08  2.99999999e+00  7.35116787e-08  2.99999999e+00 
 7.35316787e-08  2.99999999e+00  7.35316787e-08  2.99999999e+00 
 7.35516787e-08  2.99999999e+00  7.35516787e-08  2.99999999e+00 
 7.35716787e-08  2.99999999e+00  7.35716787e-08  2.99999999e+00 
 7.35916787e-08  2.99999999e+00  7.35916787e-08  2.99999999e+00 
 7.36116787e-08  2.99999999e+00  7.36116787e-08  2.99999999e+00 
 7.36316787e-08  2.99999999e+00  7.36316787e-08  2.99999999e+00 
 7.36516787e-08  2.99999999e+00  7.36516787e-08  2.99999999e+00 
 7.36716787e-08  2.99999999e+00  7.36716787e-08  2.99999999e+00 
 7.36916787e-08  2.99999999e+00  7.36916787e-08  2.99999999e+00 
 7.37116787e-08  2.99999999e+00  7.37116787e-08  2.99999999e+00 
 7.37316787e-08  2.99999999e+00  7.37316787e-08  2.99999999e+00 
 7.37516787e-08  2.99999999e+00  7.37516787e-08  2.99999999e+00 
 7.37716787e-08  2.99999999e+00  7.37716787e-08  2.99999999e+00 
 7.37916787e-08  2.99999999e+00  7.37916787e-08  2.99999999e+00 
 7.38116787e-08  2.99999999e+00  7.38116787e-08  2.99999999e+00 
 7.38316787e-08  2.99999999e+00  7.38316787e-08  2.99999999e+00 
 7.38516787e-08  2.99999999e+00  7.38516787e-08  2.99999999e+00 
 7.38716787e-08  2.99999999e+00  7.38716787e-08  2.99999999e+00 
 7.38916787e-08  2.99999999e+00  7.38916787e-08  2.99999999e+00 
 7.39116787e-08  2.99999999e+00  7.39116787e-08  2.99999999e+00 
 7.39316787e-08  2.99999999e+00  7.39316787e-08  2.99999999e+00 
 7.39516787e-08  2.99999999e+00  7.39516787e-08  2.99999999e+00 
 7.39716787e-08  2.99999999e+00  7.39716787e-08  2.99999999e+00 
 7.39916787e-08  2.99999999e+00  7.39916787e-08  2.99999999e+00 
 7.40116787e-08  2.99999999e+00  7.40116787e-08  2.99999999e+00 
 7.40316787e-08  2.99999999e+00  7.40316787e-08  2.99999999e+00 
 7.40516787e-08  2.99999999e+00  7.40516787e-08  2.99999999e+00 
 7.40716787e-08  2.99999999e+00  7.40716787e-08  2.99999999e+00 
 7.40916787e-08  2.99999999e+00  7.40916787e-08  2.99999999e+00 
 7.41116787e-08  2.99999999e+00  7.41116787e-08  2.99999999e+00 
 7.41316787e-08  2.99999999e+00  7.41316787e-08  2.99999999e+00 
 7.41516787e-08  2.99999999e+00  7.41516787e-08  2.99999999e+00 
 7.41716787e-08  2.99999999e+00  7.41716787e-08  2.99999999e+00 
 7.41916787e-08  2.99999999e+00  7.41916787e-08  2.99999999e+00 
 7.42116787e-08  2.99999999e+00  7.42116787e-08  2.99999999e+00 
 7.42316787e-08  2.99999999e+00  7.42316787e-08  2.99999999e+00 
 7.42516787e-08  2.99999999e+00  7.42516787e-08  2.99999999e+00 
 7.42716787e-08  2.99999999e+00  7.42716787e-08  2.99999999e+00 
 7.42916787e-08  2.99999999e+00  7.42916787e-08  2.99999999e+00 
 7.43116787e-08  2.99999999e+00  7.43116787e-08  2.99999999e+00 
 7.43316787e-08  2.99999999e+00  7.43316787e-08  2.99999999e+00 
 7.43516787e-08  2.99999999e+00  7.43516787e-08  2.99999999e+00 
 7.43716787e-08  2.99999999e+00  7.43716787e-08  2.99999999e+00 
 7.43916787e-08  2.99999999e+00  7.43916787e-08  2.99999999e+00 
 7.44116787e-08  2.99999999e+00  7.44116787e-08  2.99999999e+00 
 7.44316787e-08  2.99999999e+00  7.44316787e-08  2.99999999e+00 
 7.44516787e-08  2.99999999e+00  7.44516787e-08  2.99999999e+00 
 7.44716787e-08  2.99999999e+00  7.44716787e-08  2.99999999e+00 
 7.44916787e-08  2.99999999e+00  7.44916787e-08  2.99999999e+00 
 7.45116787e-08  2.99999999e+00  7.45116787e-08  2.99999999e+00 
 7.45316787e-08  2.99999999e+00  7.45316787e-08  2.99999999e+00 
 7.45516787e-08  2.99999999e+00  7.45516787e-08  2.99999999e+00 
 7.45716787e-08  2.99999999e+00  7.45716787e-08  2.99999999e+00 
 7.45916787e-08  2.99999999e+00  7.45916787e-08  2.99999999e+00 
 7.46116787e-08  2.99999999e+00  7.46116787e-08  2.99999999e+00 
 7.46316787e-08  2.99999999e+00  7.46316787e-08  2.99999999e+00 
 7.46516787e-08  2.99999999e+00  7.46516787e-08  2.99999999e+00 
 7.46716787e-08  2.99999999e+00  7.46716787e-08  2.99999999e+00 
 7.46916787e-08  2.99999999e+00  7.46916787e-08  2.99999999e+00 
 7.47116787e-08  2.99999999e+00  7.47116787e-08  2.99999999e+00 
 7.47316787e-08  2.99999999e+00  7.47316787e-08  2.99999999e+00 
 7.47516787e-08  2.99999999e+00  7.47516787e-08  2.99999999e+00 
 7.47716787e-08  2.99999999e+00  7.47716787e-08  2.99999999e+00 
 7.47916787e-08  2.99999999e+00  7.47916787e-08  2.99999999e+00 
 7.48116787e-08  2.99999999e+00  7.48116787e-08  2.99999999e+00 
 7.48316787e-08  2.99999999e+00  7.48316787e-08  2.99999999e+00 
 7.48516787e-08  2.99999999e+00  7.48516787e-08  2.99999999e+00 
 7.48716787e-08  2.99999999e+00  7.48716787e-08  2.99999999e+00 
 7.48916787e-08  2.99999999e+00  7.48916787e-08  2.99999999e+00 
 7.49116787e-08  2.99999999e+00  7.49116787e-08  2.99999999e+00 
 7.49316787e-08  2.99999999e+00  7.49316787e-08  2.99999999e+00 
 7.49516787e-08  2.99999999e+00  7.49516787e-08  2.99999999e+00 
 7.49716787e-08  2.99999999e+00  7.49716787e-08  2.99999999e+00 
 7.49916787e-08  2.99999999e+00  7.49916787e-08  2.99999999e+00 
 7.50116787e-08  2.99999999e+00  7.50116787e-08  2.99999999e+00 
 7.50316787e-08  2.99999999e+00  7.50316787e-08  2.99999999e+00 
 7.50516787e-08  2.99999999e+00  7.50516787e-08  2.99999999e+00 
 7.50716787e-08  2.99999999e+00  7.50716787e-08  2.99999999e+00 
 7.50916787e-08  2.99999999e+00  7.50916787e-08  2.99999999e+00 
 7.51116787e-08  2.99999999e+00  7.51116787e-08  2.99999999e+00 
 7.51316787e-08  2.99999999e+00  7.51316787e-08  2.99999999e+00 
 7.51516787e-08  2.99999999e+00  7.51516787e-08  2.99999999e+00 
 7.51716787e-08  2.99999999e+00  7.51716787e-08  2.99999999e+00 
 7.51916787e-08  2.99999999e+00  7.51916787e-08  2.99999999e+00 
 7.52116787e-08  2.99999999e+00  7.52116787e-08  2.99999999e+00 
 7.52316787e-08  2.99999999e+00  7.52316787e-08  2.99999999e+00 
 7.52516787e-08  2.99999999e+00  7.52516787e-08  2.99999999e+00 
 7.52716787e-08  2.99999999e+00  7.52716787e-08  2.99999999e+00 
 7.52916787e-08  2.99999999e+00  7.52916787e-08  2.99999999e+00 
 7.53116787e-08  2.99999999e+00  7.53116787e-08  2.99999999e+00 
 7.53316787e-08  2.99999999e+00  7.53316787e-08  2.99999999e+00 
 7.53516787e-08  2.99999999e+00  7.53516787e-08  2.99999999e+00 
 7.53716787e-08  2.99999999e+00  7.53716787e-08  2.99999999e+00 
 7.53916787e-08  2.99999999e+00  7.53916787e-08  2.99999999e+00 
 7.54116787e-08  2.99999999e+00  7.54116787e-08  2.99999999e+00 
 7.54316787e-08  2.99999999e+00  7.54316787e-08  2.99999999e+00 
 7.54516787e-08  2.99999999e+00  7.54516787e-08  2.99999999e+00 
 7.54716787e-08  2.99999999e+00  7.54716787e-08  2.99999999e+00 
 7.54916787e-08  2.99999999e+00  7.54916787e-08  2.99999999e+00 
 7.55116787e-08  2.99999999e+00  7.55116787e-08  2.99999999e+00 
 7.55316787e-08  2.99999999e+00  7.55316787e-08  2.99999999e+00 
 7.55516787e-08  2.99999999e+00  7.55516787e-08  2.99999999e+00 
 7.55716787e-08  2.99999999e+00  7.55716787e-08  2.99999999e+00 
 7.55916787e-08  2.99999999e+00  7.55916787e-08  2.99999999e+00 
 7.56116787e-08  2.99999999e+00  7.56116787e-08  2.99999999e+00 
 7.56316787e-08  2.99999999e+00  7.56316787e-08  2.99999999e+00 
 7.56516787e-08  2.99999999e+00  7.56516787e-08  2.99999999e+00 
 7.56716787e-08  2.99999999e+00  7.56716787e-08  2.99999999e+00 
 7.56916787e-08  2.99999999e+00  7.56916787e-08  2.99999999e+00 
 7.57116787e-08  2.99999999e+00  7.57116787e-08  2.99999999e+00 
 7.57316787e-08  2.99999999e+00  7.57316787e-08  2.99999999e+00 
 7.57516787e-08  2.99999999e+00  7.57516787e-08  2.99999999e+00 
 7.57716787e-08  2.99999999e+00  7.57716787e-08  2.99999999e+00 
 7.57916787e-08  2.99999999e+00  7.57916787e-08  2.99999999e+00 
 7.58116787e-08  2.99999999e+00  7.58116787e-08  2.99999999e+00 
 7.58316787e-08  2.99999999e+00  7.58316787e-08  2.99999999e+00 
 7.58516787e-08  2.99999999e+00  7.58516787e-08  2.99999999e+00 
 7.58716787e-08  2.99999999e+00  7.58716787e-08  2.99999999e+00 
 7.58916787e-08  2.99999999e+00  7.58916787e-08  2.99999999e+00 
 7.59116787e-08  2.99999999e+00  7.59116787e-08  2.99999999e+00 
 7.59316787e-08  2.99999999e+00  7.59316787e-08  2.99999999e+00 
 7.59516787e-08  2.99999999e+00  7.59516787e-08  2.99999999e+00 
 7.59716787e-08  2.99999999e+00  7.59716787e-08  2.99999999e+00 
 7.59916787e-08  2.99999999e+00  7.59916787e-08  2.99999999e+00 
 7.60116787e-08  2.99999999e+00  7.60116787e-08  2.99999999e+00 
 7.60316787e-08  2.99999999e+00  7.60316787e-08  2.99999999e+00 
 7.60516787e-08  2.99999999e+00  7.60516787e-08  2.99999999e+00 
 7.60716787e-08  2.99999999e+00  7.60716787e-08  2.99999999e+00 
 7.60916787e-08  2.99999999e+00  7.60916787e-08  2.99999999e+00 
 7.61116787e-08  2.99999999e+00  7.61116787e-08  2.99999999e+00 
 7.61316787e-08  2.99999999e+00  7.61316787e-08  2.99999999e+00 
 7.61516787e-08  2.99999999e+00  7.61516787e-08  2.99999999e+00 
 7.61716787e-08  2.99999999e+00  7.61716787e-08  2.99999999e+00 
 7.61916787e-08  2.99999999e+00  7.61916787e-08  2.99999999e+00 
 7.62116787e-08  2.99999999e+00  7.62116787e-08  2.99999999e+00 
 7.62316787e-08  2.99999999e+00  7.62316787e-08  2.99999999e+00 
 7.62516787e-08  2.99999999e+00  7.62516787e-08  2.99999999e+00 
 7.62716787e-08  2.99999999e+00  7.62716787e-08  2.99999999e+00 
 7.62916787e-08  2.99999999e+00  7.62916787e-08  2.99999999e+00 
 7.63116787e-08  2.99999999e+00  7.63116787e-08  2.99999999e+00 
 7.63316787e-08  2.99999999e+00  7.63316787e-08  2.99999999e+00 
 7.63516787e-08  2.99999999e+00  7.63516787e-08  2.99999999e+00 
 7.63716787e-08  2.99999999e+00  7.63716787e-08  2.99999999e+00 
 7.63916787e-08  2.99999999e+00  7.63916787e-08  2.99999999e+00 
 7.64116787e-08  2.99999999e+00  7.64116787e-08  2.99999999e+00 
 7.64316787e-08  2.99999999e+00  7.64316787e-08  2.99999999e+00 
 7.64516787e-08  2.99999999e+00  7.64516787e-08  2.99999999e+00 
 7.64716787e-08  2.99999999e+00  7.64716787e-08  2.99999999e+00 
 7.64916787e-08  2.99999999e+00  7.64916787e-08  2.99999999e+00 
 7.65116787e-08  2.99999999e+00  7.65116787e-08  2.99999999e+00 
 7.65316787e-08  2.99999999e+00  7.65316787e-08  2.99999999e+00 
 7.65516787e-08  2.99999999e+00  7.65516787e-08  2.99999999e+00 
 7.65716787e-08  2.99999999e+00  7.65716787e-08  2.99999999e+00 
 7.65916787e-08  2.99999999e+00  7.65916787e-08  2.99999999e+00 
 7.66116787e-08  2.99999999e+00  7.66116787e-08  2.99999999e+00 
 7.66316787e-08  2.99999999e+00  7.66316787e-08  2.99999999e+00 
 7.66516787e-08  2.99999999e+00  7.66516787e-08  2.99999999e+00 
 7.66716787e-08  2.99999999e+00  7.66716787e-08  2.99999999e+00 
 7.66916787e-08  2.99999999e+00  7.66916787e-08  2.99999999e+00 
 7.67116787e-08  2.99999999e+00  7.67116787e-08  2.99999999e+00 
 7.67316787e-08  2.99999999e+00  7.67316787e-08  2.99999999e+00 
 7.67516787e-08  2.99999999e+00  7.67516787e-08  2.99999999e+00 
 7.67716787e-08  2.99999999e+00  7.67716787e-08  2.99999999e+00 
 7.67916787e-08  2.99999999e+00  7.67916787e-08  2.99999999e+00 
 7.68116787e-08  2.99999999e+00  7.68116787e-08  2.99999999e+00 
 7.68316787e-08  2.99999999e+00  7.68316787e-08  2.99999999e+00 
 7.68516787e-08  2.99999999e+00  7.68516787e-08  2.99999999e+00 
 7.68716787e-08  2.99999999e+00  7.68716787e-08  2.99999999e+00 
 7.68916787e-08  2.99999999e+00  7.68916787e-08  2.99999999e+00 
 7.69116787e-08  2.99999999e+00  7.69116787e-08  2.99999999e+00 
 7.69316787e-08  2.99999999e+00  7.69316787e-08  2.99999999e+00 
 7.69516787e-08  2.99999999e+00  7.69516787e-08  2.99999999e+00 
 7.69716787e-08  2.99999999e+00  7.69716787e-08  2.99999999e+00 
 7.69916787e-08  2.99999999e+00  7.69916787e-08  2.99999999e+00 
 7.70116787e-08  2.99999999e+00  7.70116787e-08  2.99999999e+00 
 7.70316787e-08  2.99999999e+00  7.70316787e-08  2.99999999e+00 
 7.70516787e-08  2.99999999e+00  7.70516787e-08  2.99999999e+00 
 7.70716787e-08  2.99999999e+00  7.70716787e-08  2.99999999e+00 
 7.70916787e-08  2.99999999e+00  7.70916787e-08  2.99999999e+00 
 7.71116787e-08  2.99999999e+00  7.71116787e-08  2.99999999e+00 
 7.71316787e-08  2.99999999e+00  7.71316787e-08  2.99999999e+00 
 7.71516787e-08  2.99999999e+00  7.71516787e-08  2.99999999e+00 
 7.71716787e-08  2.99999999e+00  7.71716787e-08  2.99999999e+00 
 7.71916787e-08  2.99999999e+00  7.71916787e-08  2.99999999e+00 
 7.72116787e-08  2.99999999e+00  7.72116787e-08  2.99999999e+00 
 7.72316787e-08  2.99999999e+00  7.72316787e-08  2.99999999e+00 
 7.72516787e-08  2.99999999e+00  7.72516787e-08  2.99999999e+00 
 7.72716787e-08  2.99999999e+00  7.72716787e-08  2.99999999e+00 
 7.72916787e-08  2.99999999e+00  7.72916787e-08  2.99999999e+00 
 7.73116787e-08  2.99999999e+00  7.73116787e-08  2.99999999e+00 
 7.73316787e-08  2.99999999e+00  7.73316787e-08  2.99999999e+00 
 7.73516787e-08  2.99999999e+00  7.73516787e-08  2.99999999e+00 
 7.73716787e-08  2.99999999e+00  7.73716787e-08  2.99999999e+00 
 7.73916787e-08  2.99999999e+00  7.73916787e-08  2.99999999e+00 
 7.74116787e-08  2.99999999e+00  7.74116787e-08  2.99999999e+00 
 7.74316787e-08  2.99999999e+00  7.74316787e-08  2.99999999e+00 
 7.74516787e-08  2.99999999e+00  7.74516787e-08  2.99999999e+00 
 7.74716787e-08  2.99999999e+00  7.74716787e-08  2.99999999e+00 
 7.74916787e-08  2.99999999e+00  7.74916787e-08  2.99999999e+00 
 7.75116787e-08  2.99999999e+00  7.75116787e-08  2.99999999e+00 
 7.75316787e-08  2.99999999e+00  7.75316787e-08  2.99999999e+00 
 7.75516787e-08  2.99999999e+00  7.75516787e-08  2.99999999e+00 
 7.75716787e-08  2.99999999e+00  7.75716787e-08  2.99999999e+00 
 7.75916787e-08  2.99999999e+00  7.75916787e-08  2.99999999e+00 
 7.76116787e-08  2.99999999e+00  7.76116787e-08  2.99999999e+00 
 7.76316787e-08  2.99999999e+00  7.76316787e-08  2.99999999e+00 
 7.76516787e-08  2.99999999e+00  7.76516787e-08  2.99999999e+00 
 7.76716787e-08  2.99999999e+00  7.76716787e-08  2.99999999e+00 
 7.76916787e-08  2.99999999e+00  7.76916787e-08  2.99999999e+00 
 7.77116787e-08  2.99999999e+00  7.77116787e-08  2.99999999e+00 
 7.77316787e-08  2.99999999e+00  7.77316787e-08  2.99999999e+00 
 7.77516787e-08  2.99999999e+00  7.77516787e-08  2.99999999e+00 
 7.77716787e-08  2.99999999e+00  7.77716787e-08  2.99999999e+00 
 7.77916787e-08  2.99999999e+00  7.77916787e-08  2.99999999e+00 
 7.78116787e-08  2.99999999e+00  7.78116787e-08  2.99999999e+00 
 7.78316787e-08  2.99999999e+00  7.78316787e-08  2.99999999e+00 
 7.78516787e-08  2.99999999e+00  7.78516787e-08  2.99999999e+00 
 7.78716787e-08  2.99999999e+00  7.78716787e-08  2.99999999e+00 
 7.78916787e-08  2.99999999e+00  7.78916787e-08  2.99999999e+00 
 7.79116787e-08  2.99999999e+00  7.79116787e-08  2.99999999e+00 
 7.79316787e-08  2.99999999e+00  7.79316787e-08  2.99999999e+00 
 7.79516787e-08  2.99999999e+00  7.79516787e-08  2.99999999e+00 
 7.79716787e-08  2.99999999e+00  7.79716787e-08  2.99999999e+00 
 7.79916787e-08  2.99999999e+00  7.79916787e-08  2.99999999e+00 
 7.80116787e-08  2.99999999e+00  7.80116787e-08  2.99999999e+00 
 7.80316787e-08  2.99999999e+00  7.80316787e-08  2.99999999e+00 
 7.80516787e-08  2.99999999e+00  7.80516787e-08  2.99999999e+00 
 7.80716787e-08  2.99999999e+00  7.80716787e-08  2.99999999e+00 
 7.80916787e-08  2.99999999e+00  7.80916787e-08  2.99999999e+00 
 7.81116787e-08  2.99999999e+00  7.81116787e-08  2.99999999e+00 
 7.81316787e-08  2.99999999e+00  7.81316787e-08  2.99999999e+00 
 7.81516787e-08  2.99999999e+00  7.81516787e-08  2.99999999e+00 
 7.81716787e-08  2.99999999e+00  7.81716787e-08  2.99999999e+00 
 7.81916787e-08  2.99999999e+00  7.81916787e-08  2.99999999e+00 
 7.82116787e-08  2.99999999e+00  7.82116787e-08  2.99999999e+00 
 7.82316787e-08  2.99999999e+00  7.82316787e-08  2.99999999e+00 
 7.82516787e-08  2.99999999e+00  7.82516787e-08  2.99999999e+00 
 7.82716787e-08  2.99999999e+00  7.82716787e-08  2.99999999e+00 
 7.82916787e-08  2.99999999e+00  7.82916787e-08  2.99999999e+00 
 7.83116787e-08  2.99999999e+00  7.83116787e-08  2.99999999e+00 
 7.83316787e-08  2.99999999e+00  7.83316787e-08  2.99999999e+00 
 7.83516787e-08  2.99999999e+00  7.83516787e-08  2.99999999e+00 
 7.83716787e-08  2.99999999e+00  7.83716787e-08  2.99999999e+00 
 7.83916787e-08  2.99999999e+00  7.83916787e-08  2.99999999e+00 
 7.84116787e-08  2.99999999e+00  7.84116787e-08  2.99999999e+00 
 7.84316787e-08  2.99999999e+00  7.84316787e-08  2.99999999e+00 
 7.84516787e-08  2.99999999e+00  7.84516787e-08  2.99999999e+00 
 7.84716787e-08  2.99999999e+00  7.84716787e-08  2.99999999e+00 
 7.84916787e-08  2.99999999e+00  7.84916787e-08  2.99999999e+00 
 7.85116787e-08  2.99999999e+00  7.85116787e-08  2.99999999e+00 
 7.85316787e-08  2.99999999e+00  7.85316787e-08  2.99999999e+00 
 7.85516787e-08  2.99999999e+00  7.85516787e-08  2.99999999e+00 
 7.85716787e-08  2.99999999e+00  7.85716787e-08  2.99999999e+00 
 7.85916787e-08  2.99999999e+00  7.85916787e-08  2.99999999e+00 
 7.86116787e-08  2.99999999e+00  7.86116787e-08  2.99999999e+00 
 7.86316787e-08  2.99999999e+00  7.86316787e-08  2.99999999e+00 
 7.86516787e-08  2.99999999e+00  7.86516787e-08  2.99999999e+00 
 7.86716787e-08  2.99999999e+00  7.86716787e-08  2.99999999e+00 
 7.86916787e-08  2.99999999e+00  7.86916787e-08  2.99999999e+00 
 7.87116787e-08  2.99999999e+00  7.87116787e-08  2.99999999e+00 
 7.87316787e-08  2.99999999e+00  7.87316787e-08  2.99999999e+00 
 7.87516787e-08  2.99999999e+00  7.87516787e-08  2.99999999e+00 
 7.87716787e-08  2.99999999e+00  7.87716787e-08  2.99999999e+00 
 7.87916787e-08  2.99999999e+00  7.87916787e-08  2.99999999e+00 
 7.88116787e-08  2.99999999e+00  7.88116787e-08  2.99999999e+00 
 7.88316787e-08  2.99999999e+00  7.88316787e-08  2.99999999e+00 
 7.88516787e-08  2.99999999e+00  7.88516787e-08  2.99999999e+00 
 7.88716787e-08  2.99999999e+00  7.88716787e-08  2.99999999e+00 
 7.88916787e-08  2.99999999e+00  7.88916787e-08  2.99999999e+00 
 7.89116787e-08  2.99999999e+00  7.89116787e-08  2.99999999e+00 
 7.89316787e-08  2.99999999e+00  7.89316787e-08  2.99999999e+00 
 7.89516787e-08  2.99999999e+00  7.89516787e-08  2.99999999e+00 
 7.89716787e-08  2.99999999e+00  7.89716787e-08  2.99999999e+00 
 7.89916787e-08  2.99999999e+00  7.89916787e-08  2.99999999e+00 
 7.90116787e-08  2.99999999e+00  7.90116787e-08  2.99999999e+00 
 7.90316787e-08  2.99999999e+00  7.90316787e-08  2.99999999e+00 
 7.90516787e-08  2.99999999e+00  7.90516787e-08  2.99999999e+00 
 7.90716787e-08  2.99999999e+00  7.90716787e-08  2.99999999e+00 
 7.90916787e-08  2.99999999e+00  7.90916787e-08  2.99999999e+00 
 7.91116787e-08  2.99999999e+00  7.91116787e-08  2.99999999e+00 
 7.91316787e-08  2.99999999e+00  7.91316787e-08  2.99999999e+00 
 7.91516787e-08  2.99999999e+00  7.91516787e-08  2.99999999e+00 
 7.91716787e-08  2.99999999e+00  7.91716787e-08  2.99999999e+00 
 7.91916787e-08  2.99999999e+00  7.91916787e-08  2.99999999e+00 
 7.92116787e-08  2.99999999e+00  7.92116787e-08  2.99999999e+00 
 7.92316787e-08  2.99999999e+00  7.92316787e-08  2.99999999e+00 
 7.92516787e-08  2.99999999e+00  7.92516787e-08  2.99999999e+00 
 7.92716787e-08  2.99999999e+00  7.92716787e-08  2.99999999e+00 
 7.92916787e-08  2.99999999e+00  7.92916787e-08  2.99999999e+00 
 7.93116787e-08  2.99999999e+00  7.93116787e-08  2.99999999e+00 
 7.93316787e-08  2.99999999e+00  7.93316787e-08  2.99999999e+00 
 7.93516787e-08  2.99999999e+00  7.93516787e-08  2.99999999e+00 
 7.93716787e-08  2.99999999e+00  7.93716787e-08  2.99999999e+00 
 7.93916787e-08  2.99999999e+00  7.93916787e-08  2.99999999e+00 
 7.94116787e-08  2.99999999e+00  7.94116787e-08  2.99999999e+00 
 7.94316787e-08  2.99999999e+00  7.94316787e-08  2.99999999e+00 
 7.94516787e-08  2.99999999e+00  7.94516787e-08  2.99999999e+00 
 7.94716787e-08  2.99999999e+00  7.94716787e-08  2.99999999e+00 
 7.94916787e-08  2.99999999e+00  7.94916787e-08  2.99999999e+00 
 7.95116787e-08  2.99999999e+00  7.95116787e-08  2.99999999e+00 
 7.95316787e-08  2.99999999e+00  7.95316787e-08  2.99999999e+00 
 7.95516787e-08  2.99999999e+00  7.95516787e-08  2.99999999e+00 
 7.95716787e-08  2.99999999e+00  7.95716787e-08  2.99999999e+00 
 7.95916787e-08  2.99999999e+00  7.95916787e-08  2.99999999e+00 
 7.96116787e-08  2.99999999e+00  7.96116787e-08  2.99999999e+00 
 7.96316787e-08  2.99999999e+00  7.96316787e-08  2.99999999e+00 
 7.96516787e-08  2.99999999e+00  7.96516787e-08  2.99999999e+00 
 7.96716787e-08  2.99999999e+00  7.96716787e-08  2.99999999e+00 
 7.96916787e-08  2.99999999e+00  7.96916787e-08  2.99999999e+00 
 7.97116787e-08  2.99999999e+00  7.97116787e-08  2.99999999e+00 
 7.97316787e-08  2.99999999e+00  7.97316787e-08  2.99999999e+00 
 7.97516787e-08  2.99999999e+00  7.97516787e-08  2.99999999e+00 
 7.97716787e-08  2.99999999e+00  7.97716787e-08  2.99999999e+00 
 7.97916787e-08  2.99999999e+00  7.97916787e-08  2.99999999e+00 
 7.98116787e-08  2.99999999e+00  7.98116787e-08  2.99999999e+00 
 7.98316787e-08  2.99999999e+00  7.98316787e-08  2.99999999e+00 
 7.98516787e-08  2.99999999e+00  7.98516787e-08  2.99999999e+00 
 7.98716787e-08  2.99999999e+00  7.98716787e-08  2.99999999e+00 
 7.98916787e-08  2.99999999e+00  7.98916787e-08  2.99999999e+00 
 7.99116787e-08  2.99999999e+00  7.99116787e-08  2.99999999e+00 
 7.99316787e-08  2.99999999e+00  7.99316787e-08  2.99999999e+00 
 7.99516787e-08  2.99999999e+00  7.99516787e-08  2.99999999e+00 
 7.99716787e-08  2.99999999e+00  7.99716787e-08  2.99999999e+00 
 7.99916787e-08  2.99999999e+00  7.99916787e-08  2.99999999e+00 
 8.00116787e-08  2.99999999e+00  8.00116787e-08  2.99999999e+00 
 8.00316787e-08  2.99999999e+00  8.00316787e-08  2.99999999e+00 
 8.00516787e-08  2.99999999e+00  8.00516787e-08  2.99999999e+00 
 8.00716787e-08  2.99999999e+00  8.00716787e-08  2.99999999e+00 
 8.00916787e-08  2.99999999e+00  8.00916787e-08  2.99999999e+00 
 8.01116787e-08  2.99999999e+00  8.01116787e-08  2.99999999e+00 
 8.01316787e-08  2.99999999e+00  8.01316787e-08  2.99999999e+00 
 8.01516787e-08  2.99999999e+00  8.01516787e-08  2.99999999e+00 
 8.01716787e-08  2.99999999e+00  8.01716787e-08  2.99999999e+00 
 8.01916787e-08  2.99999999e+00  8.01916787e-08  2.99999999e+00 
 8.02116787e-08  2.99999999e+00  8.02116787e-08  2.99999999e+00 
 8.02316787e-08  2.99999999e+00  8.02316787e-08  2.99999999e+00 
 8.02516787e-08  2.99999999e+00  8.02516787e-08  2.99999999e+00 
 8.02716787e-08  2.99999999e+00  8.02716787e-08  2.99999999e+00 
 8.02916787e-08  2.99999999e+00  8.02916787e-08  2.99999999e+00 
 8.03116787e-08  2.99999999e+00  8.03116787e-08  2.99999999e+00 
 8.03316787e-08  2.99999999e+00  8.03316787e-08  2.99999999e+00 
 8.03516787e-08  2.99999999e+00  8.03516787e-08  2.99999999e+00 
 8.03716787e-08  2.99999999e+00  8.03716787e-08  2.99999999e+00 
 8.03916787e-08  2.99999999e+00  8.03916787e-08  2.99999999e+00 
 8.04116787e-08  2.99999999e+00  8.04116787e-08  2.99999999e+00 
 8.04316787e-08  2.99999999e+00  8.04316787e-08  2.99999999e+00 
 8.04516787e-08  2.99999999e+00  8.04516787e-08  2.99999999e+00 
 8.04716787e-08  2.99999999e+00  8.04716787e-08  2.99999999e+00 
 8.04916787e-08  2.99999999e+00  8.04916787e-08  2.99999999e+00 
 8.05116787e-08  2.99999999e+00  8.05116787e-08  2.99999999e+00 
 8.05316787e-08  2.99999999e+00  8.05316787e-08  2.99999999e+00 
 8.05516787e-08  2.99999999e+00  8.05516787e-08  2.99999999e+00 
 8.05716787e-08  2.99999999e+00  8.05716787e-08  2.99999999e+00 
 8.05916787e-08  2.99999999e+00  8.05916787e-08  2.99999999e+00 
 8.06116787e-08  2.99999999e+00  8.06116787e-08  2.99999999e+00 
 8.06316787e-08  2.99999999e+00  8.06316787e-08  2.99999999e+00 
 8.06516787e-08  2.99999999e+00  8.06516787e-08  2.99999999e+00 
 8.06716787e-08  2.99999999e+00  8.06716787e-08  2.99999999e+00 
 8.06916787e-08  2.99999999e+00  8.06916787e-08  2.99999999e+00 
 8.07116787e-08  2.99999999e+00  8.07116787e-08  2.99999999e+00 
 8.07316787e-08  2.99999999e+00  8.07316787e-08  2.99999999e+00 
 8.07516787e-08  2.99999999e+00  8.07516787e-08  2.99999999e+00 
 8.07716787e-08  2.99999999e+00  8.07716787e-08  2.99999999e+00 
 8.07916787e-08  2.99999999e+00  8.07916787e-08  2.99999999e+00 
 8.08116787e-08  2.99999999e+00  8.08116787e-08  2.99999999e+00 
 8.08316787e-08  2.99999999e+00  8.08316787e-08  2.99999999e+00 
 8.08516787e-08  2.99999999e+00  8.08516787e-08  2.99999999e+00 
 8.08716787e-08  2.99999999e+00  8.08716787e-08  2.99999999e+00 
 8.08916787e-08  2.99999999e+00  8.08916787e-08  2.99999999e+00 
 8.09116787e-08  2.99999999e+00  8.09116787e-08  2.99999999e+00 
 8.09316787e-08  2.99999999e+00  8.09316787e-08  2.99999999e+00 
 8.09516787e-08  2.99999999e+00  8.09516787e-08  2.99999999e+00 
 8.09716787e-08  2.99999999e+00  8.09716787e-08  2.99999999e+00 
 8.09916787e-08  2.99999999e+00  8.09916787e-08  2.99999999e+00 
 8.10116787e-08  2.99999999e+00  8.10116787e-08  2.99999999e+00 
 8.10316787e-08  2.99999999e+00  8.10316787e-08  2.99999999e+00 
 8.10516787e-08  2.99999999e+00  8.10516787e-08  2.99999999e+00 
 8.10716787e-08  2.99999999e+00  8.10716787e-08  2.99999999e+00 
 8.10916787e-08  2.99999999e+00  8.10916787e-08  2.99999999e+00 
 8.11116787e-08  2.99999999e+00  8.11116787e-08  2.99999999e+00 
 8.11316787e-08  2.99999999e+00  8.11316787e-08  2.99999999e+00 
 8.11516787e-08  2.99999999e+00  8.11516787e-08  2.99999999e+00 
 8.11716787e-08  2.99999999e+00  8.11716787e-08  2.99999999e+00 
 8.11916787e-08  2.99999999e+00  8.11916787e-08  2.99999999e+00 
 8.12116787e-08  2.99999999e+00  8.12116787e-08  2.99999999e+00 
 8.12316787e-08  2.99999999e+00  8.12316787e-08  2.99999999e+00 
 8.12516787e-08  2.99999999e+00  8.12516787e-08  2.99999999e+00 
 8.12716787e-08  2.99999999e+00  8.12716787e-08  2.99999999e+00 
 8.12916787e-08  2.99999999e+00  8.12916787e-08  2.99999999e+00 
 8.13116787e-08  2.99999999e+00  8.13116787e-08  2.99999999e+00 
 8.13316787e-08  2.99999999e+00  8.13316787e-08  2.99999999e+00 
 8.13516787e-08  2.99999999e+00  8.13516787e-08  2.99999999e+00 
 8.13716787e-08  2.99999999e+00  8.13716787e-08  2.99999999e+00 
 8.13916787e-08  2.99999999e+00  8.13916787e-08  2.99999999e+00 
 8.14116787e-08  2.99999999e+00  8.14116787e-08  2.99999999e+00 
 8.14316787e-08  2.99999999e+00  8.14316787e-08  2.99999999e+00 
 8.14516787e-08  2.99999999e+00  8.14516787e-08  2.99999999e+00 
 8.14716787e-08  2.99999999e+00  8.14716787e-08  2.99999999e+00 
 8.14916787e-08  2.99999999e+00  8.14916787e-08  2.99999999e+00 
 8.15116787e-08  2.99999999e+00  8.15116787e-08  2.99999999e+00 
 8.15316787e-08  2.99999999e+00  8.15316787e-08  2.99999999e+00 
 8.15516787e-08  2.99999999e+00  8.15516787e-08  2.99999999e+00 
 8.15716787e-08  2.99999999e+00  8.15716787e-08  2.99999999e+00 
 8.15916787e-08  2.99999999e+00  8.15916787e-08  2.99999999e+00 
 8.16116787e-08  2.99999999e+00  8.16116787e-08  2.99999999e+00 
 8.16316787e-08  2.99999999e+00  8.16316787e-08  2.99999999e+00 
 8.16516787e-08  2.99999999e+00  8.16516787e-08  2.99999999e+00 
 8.16716787e-08  2.99999999e+00  8.16716787e-08  2.99999999e+00 
 8.16916787e-08  2.99999999e+00  8.16916787e-08  2.99999999e+00 
 8.17116787e-08  2.99999999e+00  8.17116787e-08  2.99999999e+00 
 8.17316787e-08  2.99999999e+00  8.17316787e-08  2.99999999e+00 
 8.17516787e-08  2.99999999e+00  8.17516787e-08  2.99999999e+00 
 8.17716787e-08  2.99999999e+00  8.17716787e-08  2.99999999e+00 
 8.17916787e-08  2.99999999e+00  8.17916787e-08  2.99999999e+00 
 8.18116787e-08  2.99999999e+00  8.18116787e-08  2.99999999e+00 
 8.18316787e-08  2.99999999e+00  8.18316787e-08  2.99999999e+00 
 8.18516787e-08  2.99999999e+00  8.18516787e-08  2.99999999e+00 
 8.18716787e-08  2.99999999e+00  8.18716787e-08  2.99999999e+00 
 8.18916787e-08  2.99999999e+00  8.18916787e-08  2.99999999e+00 
 8.19116787e-08  2.99999999e+00  8.19116787e-08  2.99999999e+00 
 8.19316787e-08  2.99999999e+00  8.19316787e-08  2.99999999e+00 
 8.19516787e-08  2.99999999e+00  8.19516787e-08  2.99999999e+00 
 8.19716787e-08  2.99999999e+00  8.19716787e-08  2.99999999e+00 
 8.19916787e-08  2.99999999e+00  8.19916787e-08  2.99999999e+00 
 8.20116787e-08  2.99999999e+00  8.20116787e-08  2.99999999e+00 
 8.20316787e-08  2.99999999e+00  8.20316787e-08  2.99999999e+00 
 8.20516787e-08  2.99999999e+00  8.20516787e-08  2.99999999e+00 
 8.20716787e-08  2.99999999e+00  8.20716787e-08  2.99999999e+00 
 8.20916787e-08  2.99999999e+00  8.20916787e-08  2.99999999e+00 
 8.21116787e-08  2.99999999e+00  8.21116787e-08  2.99999999e+00 
 8.21316787e-08  2.99999999e+00  8.21316787e-08  2.99999999e+00 
 8.21516787e-08  2.99999999e+00  8.21516787e-08  2.99999999e+00 
 8.21716787e-08  2.99999999e+00  8.21716787e-08  2.99999999e+00 
 8.21916787e-08  2.99999999e+00  8.21916787e-08  2.99999999e+00 
 8.22116787e-08  2.99999999e+00  8.22116787e-08  2.99999999e+00 
 8.22316787e-08  2.99999999e+00  8.22316787e-08  2.99999999e+00 
 8.22516787e-08  2.99999999e+00  8.22516787e-08  2.99999999e+00 
 8.22716787e-08  2.99999999e+00  8.22716787e-08  2.99999999e+00 
 8.22916787e-08  2.99999999e+00  8.22916787e-08  2.99999999e+00 
 8.23116787e-08  2.99999999e+00  8.23116787e-08  2.99999999e+00 
 8.23316787e-08  2.99999999e+00  8.23316787e-08  2.99999999e+00 
 8.23516787e-08  2.99999999e+00  8.23516787e-08  2.99999999e+00 
 8.23716787e-08  2.99999999e+00  8.23716787e-08  2.99999999e+00 
 8.23916787e-08  2.99999999e+00  8.23916787e-08  2.99999999e+00 
 8.24116787e-08  2.99999999e+00  8.24116787e-08  2.99999999e+00 
 8.24316787e-08  2.99999999e+00  8.24316787e-08  2.99999999e+00 
 8.24516787e-08  2.99999999e+00  8.24516787e-08  2.99999999e+00 
 8.24716787e-08  2.99999999e+00  8.24716787e-08  2.99999999e+00 
 8.24916787e-08  2.99999999e+00  8.24916787e-08  2.99999999e+00 
 8.25116787e-08  2.99999999e+00  8.25116787e-08  2.99999999e+00 
 8.25316787e-08  2.99999999e+00  8.25316787e-08  2.99999999e+00 
 8.25516787e-08  2.99999999e+00  8.25516787e-08  2.99999999e+00 
 8.25716787e-08  2.99999999e+00  8.25716787e-08  2.99999999e+00 
 8.25916787e-08  2.99999999e+00  8.25916787e-08  2.99999999e+00 
 8.26116787e-08  2.99999999e+00  8.26116787e-08  2.99999999e+00 
 8.26316787e-08  2.99999999e+00  8.26316787e-08  2.99999999e+00 
 8.26516787e-08  2.99999999e+00  8.26516787e-08  2.99999999e+00 
 8.26716787e-08  2.99999999e+00  8.26716787e-08  2.99999999e+00 
 8.26916787e-08  2.99999999e+00  8.26916787e-08  2.99999999e+00 
 8.27116787e-08  2.99999999e+00  8.27116787e-08  2.99999999e+00 
 8.27316787e-08  2.99999999e+00  8.27316787e-08  2.99999999e+00 
 8.27516787e-08  2.99999999e+00  8.27516787e-08  2.99999999e+00 
 8.27716787e-08  2.99999999e+00  8.27716787e-08  2.99999999e+00 
 8.27916787e-08  2.99999999e+00  8.27916787e-08  2.99999999e+00 
 8.28116787e-08  2.99999999e+00  8.28116787e-08  2.99999999e+00 
 8.28316787e-08  2.99999999e+00  8.28316787e-08  2.99999999e+00 
 8.28516787e-08  2.99999999e+00  8.28516787e-08  2.99999999e+00 
 8.28716787e-08  2.99999999e+00  8.28716787e-08  2.99999999e+00 
 8.28916787e-08  2.99999999e+00  8.28916787e-08  2.99999999e+00 
 8.29116787e-08  2.99999999e+00  8.29116787e-08  2.99999999e+00 
 8.29316787e-08  2.99999999e+00  8.29316787e-08  2.99999999e+00 
 8.29516787e-08  2.99999999e+00  8.29516787e-08  2.99999999e+00 
 8.29716787e-08  2.99999999e+00  8.29716787e-08  2.99999999e+00 
 8.29916787e-08  2.99999999e+00  8.29916787e-08  2.99999999e+00 
 8.30116787e-08  2.99999999e+00  8.30116787e-08  2.99999999e+00 
 8.30316787e-08  2.99999999e+00  8.30316787e-08  2.99999999e+00 
 8.30516787e-08  2.99999999e+00  8.30516787e-08  2.99999999e+00 
 8.30716787e-08  2.99999999e+00  8.30716787e-08  2.99999999e+00 
 8.30916787e-08  2.99999999e+00  8.30916787e-08  2.99999999e+00 
 8.31116787e-08  2.99999999e+00  8.31116787e-08  2.99999999e+00 
 8.31316787e-08  2.99999999e+00  8.31316787e-08  2.99999999e+00 
 8.31516787e-08  2.99999999e+00  8.31516787e-08  2.99999999e+00 
 8.31716787e-08  2.99999999e+00  8.31716787e-08  2.99999999e+00 
 8.31916787e-08  2.99999999e+00  8.31916787e-08  2.99999999e+00 
 8.32116787e-08  2.99999999e+00  8.32116787e-08  2.99999999e+00 
 8.32316787e-08  2.99999999e+00  8.32316787e-08  2.99999999e+00 
 8.32516787e-08  2.99999999e+00  8.32516787e-08  2.99999999e+00 
 8.32716787e-08  2.99999999e+00  8.32716787e-08  2.99999999e+00 
 8.32916787e-08  2.99999999e+00  8.32916787e-08  2.99999999e+00 
 8.33116787e-08  2.99999999e+00  8.33116787e-08  2.99999999e+00 
 8.33316787e-08  2.99999999e+00  8.33316787e-08  2.99999999e+00 
 8.33516787e-08  2.99999999e+00  8.33516787e-08  2.99999999e+00 
 8.33716787e-08  2.99999999e+00  8.33716787e-08  2.99999999e+00 
 8.33916787e-08  2.99999999e+00  8.33916787e-08  2.99999999e+00 
 8.34116787e-08  2.99999999e+00  8.34116787e-08  2.99999999e+00 
 8.34316787e-08  2.99999999e+00  8.34316787e-08  2.99999999e+00 
 8.34516787e-08  2.99999999e+00  8.34516787e-08  2.99999999e+00 
 8.34716787e-08  2.99999999e+00  8.34716787e-08  2.99999999e+00 
 8.34916787e-08  2.99999999e+00  8.34916787e-08  2.99999999e+00 
 8.35116787e-08  2.99999999e+00  8.35116787e-08  2.99999999e+00 
 8.35316787e-08  2.99999999e+00  8.35316787e-08  2.99999999e+00 
 8.35516787e-08  2.99999999e+00  8.35516787e-08  2.99999999e+00 
 8.35716787e-08  2.99999999e+00  8.35716787e-08  2.99999999e+00 
 8.35916787e-08  2.99999999e+00  8.35916787e-08  2.99999999e+00 
 8.36116787e-08  2.99999999e+00  8.36116787e-08  2.99999999e+00 
 8.36316787e-08  2.99999999e+00  8.36316787e-08  2.99999999e+00 
 8.36516787e-08  2.99999999e+00  8.36516787e-08  2.99999999e+00 
 8.36716787e-08  2.99999999e+00  8.36716787e-08  2.99999999e+00 
 8.36916787e-08  2.99999999e+00  8.36916787e-08  2.99999999e+00 
 8.37116787e-08  2.99999999e+00  8.37116787e-08  2.99999999e+00 
 8.37316787e-08  2.99999999e+00  8.37316787e-08  2.99999999e+00 
 8.37516787e-08  2.99999999e+00  8.37516787e-08  2.99999999e+00 
 8.37716787e-08  2.99999999e+00  8.37716787e-08  2.99999999e+00 
 8.37916787e-08  2.99999999e+00  8.37916787e-08  2.99999999e+00 
 8.38116787e-08  2.99999999e+00  8.38116787e-08  2.99999999e+00 
 8.38316787e-08  2.99999999e+00  8.38316787e-08  2.99999999e+00 
 8.38516787e-08  2.99999999e+00  8.38516787e-08  2.99999999e+00 
 8.38716787e-08  2.99999999e+00  8.38716787e-08  2.99999999e+00 
 8.38916787e-08  2.99999999e+00  8.38916787e-08  2.99999999e+00 
 8.39116787e-08  2.99999999e+00  8.39116787e-08  2.99999999e+00 
 8.39316787e-08  2.99999999e+00  8.39316787e-08  2.99999999e+00 
 8.39516787e-08  2.99999999e+00  8.39516787e-08  2.99999999e+00 
 8.39716787e-08  2.99999999e+00  8.39716787e-08  2.99999999e+00 
 8.39916787e-08  2.99999999e+00  8.39916787e-08  2.99999999e+00 
 8.40116787e-08  2.99999999e+00  8.40116787e-08  2.99999999e+00 
 8.40316787e-08  2.99999999e+00  8.40316787e-08  2.99999999e+00 
 8.40516787e-08  2.99999999e+00  8.40516787e-08  2.99999999e+00 
 8.40716787e-08  2.99999999e+00  8.40716787e-08  2.99999999e+00 
 8.40916787e-08  2.99999999e+00  8.40916787e-08  2.99999999e+00 
 8.41116787e-08  2.99999999e+00  8.41116787e-08  2.99999999e+00 
 8.41316787e-08  2.99999999e+00  8.41316787e-08  2.99999999e+00 
 8.41516787e-08  2.99999999e+00  8.41516787e-08  2.99999999e+00 
 8.41716787e-08  2.99999999e+00  8.41716787e-08  2.99999999e+00 
 8.41916787e-08  2.99999999e+00  8.41916787e-08  2.99999999e+00 
 8.42116787e-08  2.99999999e+00  8.42116787e-08  2.99999999e+00 
 8.42316787e-08  2.99999999e+00  8.42316787e-08  2.99999999e+00 
 8.42516787e-08  2.99999999e+00  8.42516787e-08  2.99999999e+00 
 8.42716787e-08  2.99999999e+00  8.42716787e-08  2.99999999e+00 
 8.42916787e-08  2.99999999e+00  8.42916787e-08  2.99999999e+00 
 8.43116787e-08  2.99999999e+00  8.43116787e-08  2.99999999e+00 
 8.43316787e-08  2.99999999e+00  8.43316787e-08  2.99999999e+00 
 8.43516787e-08  2.99999999e+00  8.43516787e-08  2.99999999e+00 
 8.43716787e-08  2.99999999e+00  8.43716787e-08  2.99999999e+00 
 8.43916787e-08  2.99999999e+00  8.43916787e-08  2.99999999e+00 
 8.44116787e-08  2.99999999e+00  8.44116787e-08  2.99999999e+00 
 8.44316787e-08  2.99999999e+00  8.44316787e-08  2.99999999e+00 
 8.44516787e-08  2.99999999e+00  8.44516787e-08  2.99999999e+00 
 8.44716787e-08  2.99999999e+00  8.44716787e-08  2.99999999e+00 
 8.44916787e-08  2.99999999e+00  8.44916787e-08  2.99999999e+00 
 8.45116787e-08  2.99999999e+00  8.45116787e-08  2.99999999e+00 
 8.45316787e-08  2.99999999e+00  8.45316787e-08  2.99999999e+00 
 8.45516787e-08  2.99999999e+00  8.45516787e-08  2.99999999e+00 
 8.45716787e-08  2.99999999e+00  8.45716787e-08  2.99999999e+00 
 8.45916787e-08  2.99999999e+00  8.45916787e-08  2.99999999e+00 
 8.46116787e-08  2.99999999e+00  8.46116787e-08  2.99999999e+00 
 8.46316787e-08  2.99999999e+00  8.46316787e-08  2.99999999e+00 
 8.46516787e-08  2.99999999e+00  8.46516787e-08  2.99999999e+00 
 8.46716787e-08  2.99999999e+00  8.46716787e-08  2.99999999e+00 
 8.46916787e-08  2.99999999e+00  8.46916787e-08  2.99999999e+00 
 8.47116787e-08  2.99999999e+00  8.47116787e-08  2.99999999e+00 
 8.47316787e-08  2.99999999e+00  8.47316787e-08  2.99999999e+00 
 8.47516787e-08  2.99999999e+00  8.47516787e-08  2.99999999e+00 
 8.47716787e-08  2.99999999e+00  8.47716787e-08  2.99999999e+00 
 8.47916787e-08  2.99999999e+00  8.47916787e-08  2.99999999e+00 
 8.48116787e-08  2.99999999e+00  8.48116787e-08  2.99999999e+00 
 8.48316787e-08  2.99999999e+00  8.48316787e-08  2.99999999e+00 
 8.48516787e-08  2.99999999e+00  8.48516787e-08  2.99999999e+00 
 8.48716787e-08  2.99999999e+00  8.48716787e-08  2.99999999e+00 
 8.48916787e-08  2.99999999e+00  8.48916787e-08  2.99999999e+00 
 8.49116787e-08  2.99999999e+00  8.49116787e-08  2.99999999e+00 
 8.49316787e-08  2.99999999e+00  8.49316787e-08  2.99999999e+00 
 8.49516787e-08  2.99999999e+00  8.49516787e-08  2.99999999e+00 
 8.49716787e-08  2.99999999e+00  8.49716787e-08  2.99999999e+00 
 8.49916787e-08  2.99999999e+00  8.49916787e-08  2.99999999e+00 
 8.50116787e-08  2.99999999e+00  8.50116787e-08  2.99999999e+00 
 8.50316787e-08  2.99999999e+00  8.50316787e-08  2.99999999e+00 
 8.50516787e-08  2.99999999e+00  8.50516787e-08  2.99999999e+00 
 8.50716787e-08  2.99999999e+00  8.50716787e-08  2.99999999e+00 
 8.50916787e-08  2.99999999e+00  8.50916787e-08  2.99999999e+00 
 8.51116787e-08  2.99999999e+00  8.51116787e-08  2.99999999e+00 
 8.51316787e-08  2.99999999e+00  8.51316787e-08  2.99999999e+00 
 8.51516787e-08  2.99999999e+00  8.51516787e-08  2.99999999e+00 
 8.51716787e-08  2.99999999e+00  8.51716787e-08  2.99999999e+00 
 8.51916787e-08  2.99999999e+00  8.51916787e-08  2.99999999e+00 
 8.52116787e-08  2.99999999e+00  8.52116787e-08  2.99999999e+00 
 8.52316787e-08  2.99999999e+00  8.52316787e-08  2.99999999e+00 
 8.52516787e-08  2.99999999e+00  8.52516787e-08  2.99999999e+00 
 8.52716787e-08  2.99999999e+00  8.52716787e-08  2.99999999e+00 
 8.52916787e-08  2.99999999e+00  8.52916787e-08  2.99999999e+00 
 8.53116787e-08  2.99999999e+00  8.53116787e-08  2.99999999e+00 
 8.53316787e-08  2.99999999e+00  8.53316787e-08  2.99999999e+00 
 8.53516787e-08  2.99999999e+00  8.53516787e-08  2.99999999e+00 
 8.53716787e-08  2.99999999e+00  8.53716787e-08  2.99999999e+00 
 8.53916787e-08  2.99999999e+00  8.53916787e-08  2.99999999e+00 
 8.54116787e-08  2.99999999e+00  8.54116787e-08  2.99999999e+00 
 8.54316787e-08  2.99999999e+00  8.54316787e-08  2.99999999e+00 
 8.54516787e-08  2.99999999e+00  8.54516787e-08  2.99999999e+00 
 8.54716787e-08  2.99999999e+00  8.54716787e-08  2.99999999e+00 
 8.54916787e-08  2.99999999e+00  8.54916787e-08  2.99999999e+00 
 8.55116787e-08  2.99999999e+00  8.55116787e-08  2.99999999e+00 
 8.55316787e-08  2.99999999e+00  8.55316787e-08  2.99999999e+00 
 8.55516787e-08  2.99999999e+00  8.55516787e-08  2.99999999e+00 
 8.55716787e-08  2.99999999e+00  8.55716787e-08  2.99999999e+00 
 8.55916787e-08  2.99999999e+00  8.55916787e-08  2.99999999e+00 
 8.56116787e-08  2.99999999e+00  8.56116787e-08  2.99999999e+00 
 8.56316787e-08  2.99999999e+00  8.56316787e-08  2.99999999e+00 
 8.56516787e-08  2.99999999e+00  8.56516787e-08  2.99999999e+00 
 8.56716787e-08  2.99999999e+00  8.56716787e-08  2.99999999e+00 
 8.56916787e-08  2.99999999e+00  8.56916787e-08  2.99999999e+00 
 8.57116787e-08  2.99999999e+00  8.57116787e-08  2.99999999e+00 
 8.57316787e-08  2.99999999e+00  8.57316787e-08  2.99999999e+00 
 8.57516787e-08  2.99999999e+00  8.57516787e-08  2.99999999e+00 
 8.57716787e-08  2.99999999e+00  8.57716787e-08  2.99999999e+00 
 8.57916787e-08  2.99999999e+00  8.57916787e-08  2.99999999e+00 
 8.58116787e-08  2.99999999e+00  8.58116787e-08  2.99999999e+00 
 8.58316787e-08  2.99999999e+00  8.58316787e-08  2.99999999e+00 
 8.58516787e-08  2.99999999e+00  8.58516787e-08  2.99999999e+00 
 8.58716787e-08  2.99999999e+00  8.58716787e-08  2.99999999e+00 
 8.58916787e-08  2.99999999e+00  8.58916787e-08  2.99999999e+00 
 8.59116787e-08  2.99999999e+00  8.59116787e-08  2.99999999e+00 
 8.59316787e-08  2.99999999e+00  8.59316787e-08  2.99999999e+00 
 8.59516787e-08  2.99999999e+00  8.59516787e-08  2.99999999e+00 
 8.59716787e-08  2.99999999e+00  8.59716787e-08  2.99999999e+00 
 8.59916787e-08  2.99999999e+00  8.59916787e-08  2.99999999e+00 
 8.60116787e-08  2.99999999e+00  8.60116787e-08  2.99999999e+00 
 8.60316787e-08  2.99999999e+00  8.60316787e-08  2.99999999e+00 
 8.60516787e-08  2.99999999e+00  8.60516787e-08  2.99999999e+00 
 8.60716787e-08  2.99999999e+00  8.60716787e-08  2.99999999e+00 
 8.60916787e-08  2.99999999e+00  8.60916787e-08  2.99999999e+00 
 8.61116787e-08  2.99999999e+00  8.61116787e-08  2.99999999e+00 
 8.61316787e-08  2.99999999e+00  8.61316787e-08  2.99999999e+00 
 8.61516787e-08  2.99999999e+00  8.61516787e-08  2.99999999e+00 
 8.61716787e-08  2.99999999e+00  8.61716787e-08  2.99999999e+00 
 8.61916787e-08  2.99999999e+00  8.61916787e-08  2.99999999e+00 
 8.62116787e-08  2.99999999e+00  8.62116787e-08  2.99999999e+00 
 8.62316787e-08  2.99999999e+00  8.62316787e-08  2.99999999e+00 
 8.62516787e-08  2.99999999e+00  8.62516787e-08  2.99999999e+00 
 8.62716787e-08  2.99999999e+00  8.62716787e-08  2.99999999e+00 
 8.62916787e-08  2.99999999e+00  8.62916787e-08  2.99999999e+00 
 8.63116787e-08  2.99999999e+00  8.63116787e-08  2.99999999e+00 
 8.63316787e-08  2.99999999e+00  8.63316787e-08  2.99999999e+00 
 8.63516787e-08  2.99999999e+00  8.63516787e-08  2.99999999e+00 
 8.63716787e-08  2.99999999e+00  8.63716787e-08  2.99999999e+00 
 8.63916787e-08  2.99999999e+00  8.63916787e-08  2.99999999e+00 
 8.64116787e-08  2.99999999e+00  8.64116787e-08  2.99999999e+00 
 8.64316787e-08  2.99999999e+00  8.64316787e-08  2.99999999e+00 
 8.64516787e-08  2.99999999e+00  8.64516787e-08  2.99999999e+00 
 8.64716787e-08  2.99999999e+00  8.64716787e-08  2.99999999e+00 
 8.64916787e-08  2.99999999e+00  8.64916787e-08  2.99999999e+00 
 8.65116787e-08  2.99999999e+00  8.65116787e-08  2.99999999e+00 
 8.65316787e-08  2.99999999e+00  8.65316787e-08  2.99999999e+00 
 8.65516787e-08  2.99999999e+00  8.65516787e-08  2.99999999e+00 
 8.65716787e-08  2.99999999e+00  8.65716787e-08  2.99999999e+00 
 8.65916787e-08  2.99999999e+00  8.65916787e-08  2.99999999e+00 
 8.66116787e-08  2.99999999e+00  8.66116787e-08  2.99999999e+00 
 8.66316787e-08  2.99999999e+00  8.66316787e-08  2.99999999e+00 
 8.66516787e-08  2.99999999e+00  8.66516787e-08  2.99999999e+00 
 8.66716787e-08  2.99999999e+00  8.66716787e-08  2.99999999e+00 
 8.66916787e-08  2.99999999e+00  8.66916787e-08  2.99999999e+00 
 8.67116787e-08  2.99999999e+00  8.67116787e-08  2.99999999e+00 
 8.67316787e-08  2.99999999e+00  8.67316787e-08  2.99999999e+00 
 8.67516787e-08  2.99999999e+00  8.67516787e-08  2.99999999e+00 
 8.67716787e-08  2.99999999e+00  8.67716787e-08  2.99999999e+00 
 8.67916787e-08  2.99999999e+00  8.67916787e-08  2.99999999e+00 
 8.68116787e-08  2.99999999e+00  8.68116787e-08  2.99999999e+00 
 8.68316787e-08  2.99999999e+00  8.68316787e-08  2.99999999e+00 
 8.68516787e-08  2.99999999e+00  8.68516787e-08  2.99999999e+00 
 8.68716787e-08  2.99999999e+00  8.68716787e-08  2.99999999e+00 
 8.68916787e-08  2.99999999e+00  8.68916787e-08  2.99999999e+00 
 8.69116787e-08  2.99999999e+00  8.69116787e-08  2.99999999e+00 
 8.69316787e-08  2.99999999e+00  8.69316787e-08  2.99999999e+00 
 8.69516787e-08  2.99999999e+00  8.69516787e-08  2.99999999e+00 
 8.69716787e-08  2.99999999e+00  8.69716787e-08  2.99999999e+00 
 8.69916787e-08  2.99999999e+00  8.69916787e-08  2.99999999e+00 
 8.70116787e-08  2.99999999e+00  8.70116787e-08  2.99999999e+00 
 8.70316787e-08  2.99999999e+00  8.70316787e-08  2.99999999e+00 
 8.70516787e-08  2.99999999e+00  8.70516787e-08  2.99999999e+00 
 8.70716787e-08  2.99999999e+00  8.70716787e-08  2.99999999e+00 
 8.70916787e-08  2.99999999e+00  8.70916787e-08  2.99999999e+00 
 8.71116787e-08  2.99999999e+00  8.71116787e-08  2.99999999e+00 
 8.71316787e-08  2.99999999e+00  8.71316787e-08  2.99999999e+00 
 8.71516787e-08  2.99999999e+00  8.71516787e-08  2.99999999e+00 
 8.71716787e-08  2.99999999e+00  8.71716787e-08  2.99999999e+00 
 8.71916787e-08  2.99999999e+00  8.71916787e-08  2.99999999e+00 
 8.72116787e-08  2.99999999e+00  8.72116787e-08  2.99999999e+00 
 8.72316787e-08  2.99999999e+00  8.72316787e-08  2.99999999e+00 
 8.72516787e-08  2.99999999e+00  8.72516787e-08  2.99999999e+00 
 8.72716787e-08  2.99999999e+00  8.72716787e-08  2.99999999e+00 
 8.72916787e-08  2.99999999e+00  8.72916787e-08  2.99999999e+00 
 8.73116787e-08  2.99999999e+00  8.73116787e-08  2.99999999e+00 
 8.73316787e-08  2.99999999e+00  8.73316787e-08  2.99999999e+00 
 8.73516787e-08  2.99999999e+00  8.73516787e-08  2.99999999e+00 
 8.73716787e-08  2.99999999e+00  8.73716787e-08  2.99999999e+00 
 8.73916787e-08  2.99999999e+00  8.73916787e-08  2.99999999e+00 
 8.74116787e-08  2.99999999e+00  8.74116787e-08  2.99999999e+00 
 8.74316787e-08  2.99999999e+00  8.74316787e-08  2.99999999e+00 
 8.74516787e-08  2.99999999e+00  8.74516787e-08  2.99999999e+00 
 8.74716787e-08  2.99999999e+00  8.74716787e-08  2.99999999e+00 
 8.74916787e-08  2.99999999e+00  8.74916787e-08  2.99999999e+00 
 8.75116787e-08  2.99999999e+00  8.75116787e-08  2.99999999e+00 
 8.75316787e-08  2.99999999e+00  8.75316787e-08  2.99999999e+00 
 8.75516787e-08  2.99999999e+00  8.75516787e-08  2.99999999e+00 
 8.75716787e-08  2.99999999e+00  8.75716787e-08  2.99999999e+00 
 8.75916787e-08  2.99999999e+00  8.75916787e-08  2.99999999e+00 
 8.76116787e-08  2.99999999e+00  8.76116787e-08  2.99999999e+00 
 8.76316787e-08  2.99999999e+00  8.76316787e-08  2.99999999e+00 
 8.76516787e-08  2.99999999e+00  8.76516787e-08  2.99999999e+00 
 8.76716787e-08  2.99999999e+00  8.76716787e-08  2.99999999e+00 
 8.76916787e-08  2.99999999e+00  8.76916787e-08  2.99999999e+00 
 8.77116787e-08  2.99999999e+00  8.77116787e-08  2.99999999e+00 
 8.77316787e-08  2.99999999e+00  8.77316787e-08  2.99999999e+00 
 8.77516787e-08  2.99999999e+00  8.77516787e-08  2.99999999e+00 
 8.77716787e-08  2.99999999e+00  8.77716787e-08  2.99999999e+00 
 8.77916787e-08  2.99999999e+00  8.77916787e-08  2.99999999e+00 
 8.78116787e-08  2.99999999e+00  8.78116787e-08  2.99999999e+00 
 8.78316787e-08  2.99999999e+00  8.78316787e-08  2.99999999e+00 
 8.78516787e-08  2.99999999e+00  8.78516787e-08  2.99999999e+00 
 8.78716787e-08  2.99999999e+00  8.78716787e-08  2.99999999e+00 
 8.78916787e-08  2.99999999e+00  8.78916787e-08  2.99999999e+00 
 8.79116787e-08  2.99999999e+00  8.79116787e-08  2.99999999e+00 
 8.79316787e-08  2.99999999e+00  8.79316787e-08  2.99999999e+00 
 8.79516787e-08  2.99999999e+00  8.79516787e-08  2.99999999e+00 
 8.79716787e-08  2.99999999e+00  8.79716787e-08  2.99999999e+00 
 8.79916787e-08  2.99999999e+00  8.79916787e-08  2.99999999e+00 
 8.80116787e-08  2.99999999e+00  8.80116787e-08  2.99999999e+00 
 8.80316787e-08  2.99999999e+00  8.80316787e-08  2.99999999e+00 
 8.80516787e-08  2.99999999e+00  8.80516787e-08  2.99999999e+00 
 8.80716787e-08  2.99999999e+00  8.80716787e-08  2.99999999e+00 
 8.80916787e-08  2.99999999e+00  8.80916787e-08  2.99999999e+00 
 8.81116787e-08  2.99999999e+00  8.81116787e-08  2.99999999e+00 
 8.81316787e-08  2.99999999e+00  8.81316787e-08  2.99999999e+00 
 8.81516787e-08  2.99999999e+00  8.81516787e-08  2.99999999e+00 
 8.81716787e-08  2.99999999e+00  8.81716787e-08  2.99999999e+00 
 8.81916787e-08  2.99999999e+00  8.81916787e-08  2.99999999e+00 
 8.82116787e-08  2.99999999e+00  8.82116787e-08  2.99999999e+00 
 8.82316787e-08  2.99999999e+00  8.82316787e-08  2.99999999e+00 
 8.82516787e-08  2.99999999e+00  8.82516787e-08  2.99999999e+00 
 8.82716787e-08  2.99999999e+00  8.82716787e-08  2.99999999e+00 
 8.82916787e-08  2.99999999e+00  8.82916787e-08  2.99999999e+00 
 8.83116787e-08  2.99999999e+00  8.83116787e-08  2.99999999e+00 
 8.83316787e-08  2.99999999e+00  8.83316787e-08  2.99999999e+00 
 8.83516787e-08  2.99999999e+00  8.83516787e-08  2.99999999e+00 
 8.83716787e-08  2.99999999e+00  8.83716787e-08  2.99999999e+00 
 8.83916787e-08  2.99999999e+00  8.83916787e-08  2.99999999e+00 
 8.84116787e-08  2.99999999e+00  8.84116787e-08  2.99999999e+00 
 8.84316787e-08  2.99999999e+00  8.84316787e-08  2.99999999e+00 
 8.84516787e-08  2.99999999e+00  8.84516787e-08  2.99999999e+00 
 8.84716787e-08  2.99999999e+00  8.84716787e-08  2.99999999e+00 
 8.84916787e-08  2.99999999e+00  8.84916787e-08  2.99999999e+00 
 8.85116787e-08  2.99999999e+00  8.85116787e-08  2.99999999e+00 
 8.85316787e-08  2.99999999e+00  8.85316787e-08  2.99999999e+00 
 8.85516787e-08  2.99999999e+00  8.85516787e-08  2.99999999e+00 
 8.85716787e-08  2.99999999e+00  8.85716787e-08  2.99999999e+00 
 8.85916787e-08  2.99999999e+00  8.85916787e-08  2.99999999e+00 
 8.86116787e-08  2.99999999e+00  8.86116787e-08  2.99999999e+00 
 8.86316787e-08  2.99999999e+00  8.86316787e-08  2.99999999e+00 
 8.86516787e-08  2.99999999e+00  8.86516787e-08  2.99999999e+00 
 8.86716787e-08  2.99999999e+00  8.86716787e-08  2.99999999e+00 
 8.86916787e-08  2.99999999e+00  8.86916787e-08  2.99999999e+00 
 8.87116787e-08  2.99999999e+00  8.87116787e-08  2.99999999e+00 
 8.87316787e-08  2.99999999e+00  8.87316787e-08  2.99999999e+00 
 8.87516787e-08  2.99999999e+00  8.87516787e-08  2.99999999e+00 
 8.87716787e-08  2.99999999e+00  8.87716787e-08  2.99999999e+00 
 8.87916787e-08  2.99999999e+00  8.87916787e-08  2.99999999e+00 
 8.88116787e-08  2.99999999e+00  8.88116787e-08  2.99999999e+00 
 8.88316787e-08  2.99999999e+00  8.88316787e-08  2.99999999e+00 
 8.88516787e-08  2.99999999e+00  8.88516787e-08  2.99999999e+00 
 8.88716787e-08  2.99999999e+00  8.88716787e-08  2.99999999e+00 
 8.88916787e-08  2.99999999e+00  8.88916787e-08  2.99999999e+00 
 8.89116787e-08  2.99999999e+00  8.89116787e-08  2.99999999e+00 
 8.89316787e-08  2.99999999e+00  8.89316787e-08  2.99999999e+00 
 8.89516787e-08  2.99999999e+00  8.89516787e-08  2.99999999e+00 
 8.89716787e-08  2.99999999e+00  8.89716787e-08  2.99999999e+00 
 8.89916787e-08  2.99999999e+00  8.89916787e-08  2.99999999e+00 
 8.90116787e-08  2.99999999e+00  8.90116787e-08  2.99999999e+00 
 8.90316787e-08  2.99999999e+00  8.90316787e-08  2.99999999e+00 
 8.90516787e-08  2.99999999e+00  8.90516787e-08  2.99999999e+00 
 8.90716787e-08  2.99999999e+00  8.90716787e-08  2.99999999e+00 
 8.90916787e-08  2.99999999e+00  8.90916787e-08  2.99999999e+00 
 8.91116787e-08  2.99999999e+00  8.91116787e-08  2.99999999e+00 
 8.91316787e-08  2.99999999e+00  8.91316787e-08  2.99999999e+00 
 8.91516787e-08  2.99999999e+00  8.91516787e-08  2.99999999e+00 
 8.91716787e-08  2.99999999e+00  8.91716787e-08  2.99999999e+00 
 8.91916787e-08  2.99999999e+00  8.91916787e-08  2.99999999e+00 
 8.92116787e-08  2.99999999e+00  8.92116787e-08  2.99999999e+00 
 8.92316787e-08  2.99999999e+00  8.92316787e-08  2.99999999e+00 
 8.92516787e-08  2.99999999e+00  8.92516787e-08  2.99999999e+00 
 8.92716787e-08  2.99999999e+00  8.92716787e-08  2.99999999e+00 
 8.92916787e-08  2.99999999e+00  8.92916787e-08  2.99999999e+00 
 8.93116787e-08  2.99999999e+00  8.93116787e-08  2.99999999e+00 
 8.93316787e-08  2.99999999e+00  8.93316787e-08  2.99999999e+00 
 8.93516787e-08  2.99999999e+00  8.93516787e-08  2.99999999e+00 
 8.93716787e-08  2.99999999e+00  8.93716787e-08  2.99999999e+00 
 8.93916787e-08  2.99999999e+00  8.93916787e-08  2.99999999e+00 
 8.94116787e-08  2.99999999e+00  8.94116787e-08  2.99999999e+00 
 8.94316787e-08  2.99999999e+00  8.94316787e-08  2.99999999e+00 
 8.94516787e-08  2.99999999e+00  8.94516787e-08  2.99999999e+00 
 8.94716787e-08  2.99999999e+00  8.94716787e-08  2.99999999e+00 
 8.94916787e-08  2.99999999e+00  8.94916787e-08  2.99999999e+00 
 8.95116787e-08  2.99999999e+00  8.95116787e-08  2.99999999e+00 
 8.95316787e-08  2.99999999e+00  8.95316787e-08  2.99999999e+00 
 8.95516787e-08  2.99999999e+00  8.95516787e-08  2.99999999e+00 
 8.95716787e-08  2.99999999e+00  8.95716787e-08  2.99999999e+00 
 8.95916787e-08  2.99999999e+00  8.95916787e-08  2.99999999e+00 
 8.96116787e-08  2.99999999e+00  8.96116787e-08  2.99999999e+00 
 8.96316787e-08  2.99999999e+00  8.96316787e-08  2.99999999e+00 
 8.96516787e-08  2.99999999e+00  8.96516787e-08  2.99999999e+00 
 8.96716787e-08  2.99999999e+00  8.96716787e-08  2.99999999e+00 
 8.96916787e-08  2.99999999e+00  8.96916787e-08  2.99999999e+00 
 8.97116787e-08  2.99999999e+00  8.97116787e-08  2.99999999e+00 
 8.97316787e-08  2.99999999e+00  8.97316787e-08  2.99999999e+00 
 8.97516787e-08  2.99999999e+00  8.97516787e-08  2.99999999e+00 
 8.97716787e-08  2.99999999e+00  8.97716787e-08  2.99999999e+00 
 8.97916787e-08  2.99999999e+00  8.97916787e-08  2.99999999e+00 
 8.98116787e-08  2.99999999e+00  8.98116787e-08  2.99999999e+00 
 8.98316787e-08  2.99999999e+00  8.98316787e-08  2.99999999e+00 
 8.98516787e-08  2.99999999e+00  8.98516787e-08  2.99999999e+00 
 8.98716787e-08  2.99999999e+00  8.98716787e-08  2.99999999e+00 
 8.98916787e-08  2.99999999e+00  8.98916787e-08  2.99999999e+00 
 8.99116787e-08  2.99999999e+00  8.99116787e-08  2.99999999e+00 
 8.99316787e-08  2.99999999e+00  8.99316787e-08  2.99999999e+00 
 8.99516787e-08  2.99999999e+00  8.99516787e-08  2.99999999e+00 
 8.99716787e-08  2.99999999e+00  8.99716787e-08  2.99999999e+00 
 8.99916787e-08  2.99999999e+00  8.99916787e-08  2.99999999e+00 
 9.00116787e-08  2.99999999e+00  9.00116787e-08  2.99999999e+00 
 9.00316787e-08  2.99999999e+00  9.00316787e-08  2.99999999e+00 
 9.00516787e-08  2.99999999e+00  9.00516787e-08  2.99999999e+00 
 9.00716787e-08  2.99999999e+00  9.00716787e-08  2.99999999e+00 
 9.00916787e-08  2.99999999e+00  9.00916787e-08  2.99999999e+00 
 9.01116787e-08  2.99999999e+00  9.01116787e-08  2.99999999e+00 
 9.01316787e-08  2.99999999e+00  9.01316787e-08  2.99999999e+00 
 9.01516787e-08  2.99999999e+00  9.01516787e-08  2.99999999e+00 
 9.01716787e-08  2.99999999e+00  9.01716787e-08  2.99999999e+00 
 9.01916787e-08  2.99999999e+00  9.01916787e-08  2.99999999e+00 
 9.02116787e-08  2.99999999e+00  9.02116787e-08  2.99999999e+00 
 9.02316787e-08  2.99999999e+00  9.02316787e-08  2.99999999e+00 
 9.02516787e-08  2.99999999e+00  9.02516787e-08  2.99999999e+00 
 9.02716787e-08  2.99999999e+00  9.02716787e-08  2.99999999e+00 
 9.02916787e-08  2.99999999e+00  9.02916787e-08  2.99999999e+00 
 9.03116787e-08  2.99999999e+00  9.03116787e-08  2.99999999e+00 
 9.03316787e-08  2.99999999e+00  9.03316787e-08  2.99999999e+00 
 9.03516787e-08  2.99999999e+00  9.03516787e-08  2.99999999e+00 
 9.03716787e-08  2.99999999e+00  9.03716787e-08  2.99999999e+00 
 9.03916787e-08  2.99999999e+00  9.03916787e-08  2.99999999e+00 
 9.04116787e-08  2.99999999e+00  9.04116787e-08  2.99999999e+00 
 9.04316787e-08  2.99999999e+00  9.04316787e-08  2.99999999e+00 
 9.04516787e-08  2.99999999e+00  9.04516787e-08  2.99999999e+00 
 9.04716787e-08  2.99999999e+00  9.04716787e-08  2.99999999e+00 
 9.04916787e-08  2.99999999e+00  9.04916787e-08  2.99999999e+00 
 9.05116787e-08  2.99999999e+00  9.05116787e-08  2.99999999e+00 
 9.05316787e-08  2.99999999e+00  9.05316787e-08  2.99999999e+00 
 9.05516787e-08  2.99999999e+00  9.05516787e-08  2.99999999e+00 
 9.05716787e-08  2.99999999e+00  9.05716787e-08  2.99999999e+00 
 9.05916787e-08  2.99999999e+00  9.05916787e-08  2.99999999e+00 
 9.06116787e-08  2.99999999e+00  9.06116787e-08  2.99999999e+00 
 9.06316787e-08  2.99999999e+00  9.06316787e-08  2.99999999e+00 
 9.06516787e-08  2.99999999e+00  9.06516787e-08  2.99999999e+00 
 9.06716787e-08  2.99999999e+00  9.06716787e-08  2.99999999e+00 
 9.06916787e-08  2.99999999e+00  9.06916787e-08  2.99999999e+00 
 9.07116787e-08  2.99999999e+00  9.07116787e-08  2.99999999e+00 
 9.07316787e-08  2.99999999e+00  9.07316787e-08  2.99999999e+00 
 9.07516787e-08  2.99999999e+00  9.07516787e-08  2.99999999e+00 
 9.07716787e-08  2.99999999e+00  9.07716787e-08  2.99999999e+00 
 9.07916787e-08  2.99999999e+00  9.07916787e-08  2.99999999e+00 
 9.08116787e-08  2.99999999e+00  9.08116787e-08  2.99999999e+00 
 9.08316787e-08  2.99999999e+00  9.08316787e-08  2.99999999e+00 
 9.08516787e-08  2.99999999e+00  9.08516787e-08  2.99999999e+00 
 9.08716787e-08  2.99999999e+00  9.08716787e-08  2.99999999e+00 
 9.08916787e-08  2.99999999e+00  9.08916787e-08  2.99999999e+00 
 9.09116787e-08  2.99999999e+00  9.09116787e-08  2.99999999e+00 
 9.09316787e-08  2.99999999e+00  9.09316787e-08  2.99999999e+00 
 9.09516787e-08  2.99999999e+00  9.09516787e-08  2.99999999e+00 
 9.09716787e-08  2.99999999e+00  9.09716787e-08  2.99999999e+00 
 9.09916787e-08  2.99999999e+00  9.09916787e-08  2.99999999e+00 
 9.10116787e-08  2.99999999e+00  9.10116787e-08  2.99999999e+00 
 9.10316787e-08  2.99999999e+00  9.10316787e-08  2.99999999e+00 
 9.10516787e-08  2.99999999e+00  9.10516787e-08  2.99999999e+00 
 9.10716787e-08  2.99999999e+00  9.10716787e-08  2.99999999e+00 
 9.10916787e-08  2.99999999e+00  9.10916787e-08  2.99999999e+00 
 9.11116787e-08  2.99999999e+00  9.11116787e-08  2.99999999e+00 
 9.11316787e-08  2.99999999e+00  9.11316787e-08  2.99999999e+00 
 9.11516787e-08  2.99999999e+00  9.11516787e-08  2.99999999e+00 
 9.11716787e-08  2.99999999e+00  9.11716787e-08  2.99999999e+00 
 9.11916787e-08  2.99999999e+00  9.11916787e-08  2.99999999e+00 
 9.12116787e-08  2.99999999e+00  9.12116787e-08  2.99999999e+00 
 9.12316787e-08  2.99999999e+00  9.12316787e-08  2.99999999e+00 
 9.12516787e-08  2.99999999e+00  9.12516787e-08  2.99999999e+00 
 9.12716787e-08  2.99999999e+00  9.12716787e-08  2.99999999e+00 
 9.12916787e-08  2.99999999e+00  9.12916787e-08  2.99999999e+00 
 9.13116787e-08  2.99999999e+00  9.13116787e-08  2.99999999e+00 
 9.13316787e-08  2.99999999e+00  9.13316787e-08  2.99999999e+00 
 9.13516787e-08  2.99999999e+00  9.13516787e-08  2.99999999e+00 
 9.13716787e-08  2.99999999e+00  9.13716787e-08  2.99999999e+00 
 9.13916787e-08  2.99999999e+00  9.13916787e-08  2.99999999e+00 
 9.14116787e-08  2.99999999e+00  9.14116787e-08  2.99999999e+00 
 9.14316787e-08  2.99999999e+00  9.14316787e-08  2.99999999e+00 
 9.14516787e-08  2.99999999e+00  9.14516787e-08  2.99999999e+00 
 9.14716787e-08  2.99999999e+00  9.14716787e-08  2.99999999e+00 
 9.14916787e-08  2.99999999e+00  9.14916787e-08  2.99999999e+00 
 9.15116787e-08  2.99999999e+00  9.15116787e-08  2.99999999e+00 
 9.15316787e-08  2.99999999e+00  9.15316787e-08  2.99999999e+00 
 9.15516787e-08  2.99999999e+00  9.15516787e-08  2.99999999e+00 
 9.15716787e-08  2.99999999e+00  9.15716787e-08  2.99999999e+00 
 9.15916787e-08  2.99999999e+00  9.15916787e-08  2.99999999e+00 
 9.16116787e-08  2.99999999e+00  9.16116787e-08  2.99999999e+00 
 9.16316787e-08  2.99999999e+00  9.16316787e-08  2.99999999e+00 
 9.16516787e-08  2.99999999e+00  9.16516787e-08  2.99999999e+00 
 9.16716787e-08  2.99999999e+00  9.16716787e-08  2.99999999e+00 
 9.16916787e-08  2.99999999e+00  9.16916787e-08  2.99999999e+00 
 9.17116787e-08  2.99999999e+00  9.17116787e-08  2.99999999e+00 
 9.17316787e-08  2.99999999e+00  9.17316787e-08  2.99999999e+00 
 9.17516787e-08  2.99999999e+00  9.17516787e-08  2.99999999e+00 
 9.17716787e-08  2.99999999e+00  9.17716787e-08  2.99999999e+00 
 9.17916787e-08  2.99999999e+00  9.17916787e-08  2.99999999e+00 
 9.18116787e-08  2.99999999e+00  9.18116787e-08  2.99999999e+00 
 9.18316787e-08  2.99999999e+00  9.18316787e-08  2.99999999e+00 
 9.18516787e-08  2.99999999e+00  9.18516787e-08  2.99999999e+00 
 9.18716787e-08  2.99999999e+00  9.18716787e-08  2.99999999e+00 
 9.18916787e-08  2.99999999e+00  9.18916787e-08  2.99999999e+00 
 9.19116787e-08  2.99999999e+00  9.19116787e-08  2.99999999e+00 
 9.19316787e-08  2.99999999e+00  9.19316787e-08  2.99999999e+00 
 9.19516787e-08  2.99999999e+00  9.19516787e-08  2.99999999e+00 
 9.19716787e-08  2.99999999e+00  9.19716787e-08  2.99999999e+00 
 9.19916787e-08  2.99999999e+00  9.19916787e-08  2.99999999e+00 
 9.20116787e-08  2.99999999e+00  9.20116787e-08  2.99999999e+00 
 9.20316787e-08  2.99999999e+00  9.20316787e-08  2.99999999e+00 
 9.20516787e-08  2.99999999e+00  9.20516787e-08  2.99999999e+00 
 9.20716787e-08  2.99999999e+00  9.20716787e-08  2.99999999e+00 
 9.20916787e-08  2.99999999e+00  9.20916787e-08  2.99999999e+00 
 9.21116787e-08  2.99999999e+00  9.21116787e-08  2.99999999e+00 
 9.21316787e-08  2.99999999e+00  9.21316787e-08  2.99999999e+00 
 9.21516787e-08  2.99999999e+00  9.21516787e-08  2.99999999e+00 
 9.21716787e-08  2.99999999e+00  9.21716787e-08  2.99999999e+00 
 9.21916787e-08  2.99999999e+00  9.21916787e-08  2.99999999e+00 
 9.22116787e-08  2.99999999e+00  9.22116787e-08  2.99999999e+00 
 9.22316787e-08  2.99999999e+00  9.22316787e-08  2.99999999e+00 
 9.22516787e-08  2.99999999e+00  9.22516787e-08  2.99999999e+00 
 9.22716787e-08  2.99999999e+00  9.22716787e-08  2.99999999e+00 
 9.22916787e-08  2.99999999e+00  9.22916787e-08  2.99999999e+00 
 9.23116787e-08  2.99999999e+00  9.23116787e-08  2.99999999e+00 
 9.23316787e-08  2.99999999e+00  9.23316787e-08  2.99999999e+00 
 9.23516787e-08  2.99999999e+00  9.23516787e-08  2.99999999e+00 
 9.23716787e-08  2.99999999e+00  9.23716787e-08  2.99999999e+00 
 9.23916787e-08  2.99999999e+00  9.23916787e-08  2.99999999e+00 
 9.24116787e-08  2.99999999e+00  9.24116787e-08  2.99999999e+00 
 9.24316787e-08  2.99999999e+00  9.24316787e-08  2.99999999e+00 
 9.24516787e-08  2.99999999e+00  9.24516787e-08  2.99999999e+00 
 9.24716787e-08  2.99999999e+00  9.24716787e-08  2.99999999e+00 
 9.24916787e-08  2.99999999e+00  9.24916787e-08  2.99999999e+00 
 9.25116787e-08  2.99999999e+00  9.25116787e-08  2.99999999e+00 
 9.25316787e-08  2.99999999e+00  9.25316787e-08  2.99999999e+00 
 9.25516787e-08  2.99999999e+00  9.25516787e-08  2.99999999e+00 
 9.25716787e-08  2.99999999e+00  9.25716787e-08  2.99999999e+00 
 9.25916787e-08  2.99999999e+00  9.25916787e-08  2.99999999e+00 
 9.26116787e-08  2.99999999e+00  9.26116787e-08  2.99999999e+00 
 9.26316787e-08  2.99999999e+00  9.26316787e-08  2.99999999e+00 
 9.26516787e-08  2.99999999e+00  9.26516787e-08  2.99999999e+00 
 9.26716787e-08  2.99999999e+00  9.26716787e-08  2.99999999e+00 
 9.26916787e-08  2.99999999e+00  9.26916787e-08  2.99999999e+00 
 9.27116787e-08  2.99999999e+00  9.27116787e-08  2.99999999e+00 
 9.27316787e-08  2.99999999e+00  9.27316787e-08  2.99999999e+00 
 9.27516787e-08  2.99999999e+00  9.27516787e-08  2.99999999e+00 
 9.27716787e-08  2.99999999e+00  9.27716787e-08  2.99999999e+00 
 9.27916787e-08  2.99999999e+00  9.27916787e-08  2.99999999e+00 
 9.28116787e-08  2.99999999e+00  9.28116787e-08  2.99999999e+00 
 9.28316787e-08  2.99999999e+00  9.28316787e-08  2.99999999e+00 
 9.28516787e-08  2.99999999e+00  9.28516787e-08  2.99999999e+00 
 9.28716787e-08  2.99999999e+00  9.28716787e-08  2.99999999e+00 
 9.28916787e-08  2.99999999e+00  9.28916787e-08  2.99999999e+00 
 9.29116787e-08  2.99999999e+00  9.29116787e-08  2.99999999e+00 
 9.29316787e-08  2.99999999e+00  9.29316787e-08  2.99999999e+00 
 9.29516787e-08  2.99999999e+00  9.29516787e-08  2.99999999e+00 
 9.29716787e-08  2.99999999e+00  9.29716787e-08  2.99999999e+00 
 9.29916787e-08  2.99999999e+00  9.29916787e-08  2.99999999e+00 
 9.30116787e-08  2.99999999e+00  9.30116787e-08  2.99999999e+00 
 9.30316787e-08  2.99999999e+00  9.30316787e-08  2.99999999e+00 
 9.30516787e-08  2.99999999e+00  9.30516787e-08  2.99999999e+00 
 9.30716787e-08  2.99999999e+00  9.30716787e-08  2.99999999e+00 
 9.30916787e-08  2.99999999e+00  9.30916787e-08  2.99999999e+00 
 9.31116787e-08  2.99999999e+00  9.31116787e-08  2.99999999e+00 
 9.31316787e-08  2.99999999e+00  9.31316787e-08  2.99999999e+00 
 9.31516787e-08  2.99999999e+00  9.31516787e-08  2.99999999e+00 
 9.31716787e-08  2.99999999e+00  9.31716787e-08  2.99999999e+00 
 9.31916787e-08  2.99999999e+00  9.31916787e-08  2.99999999e+00 
 9.32116787e-08  2.99999999e+00  9.32116787e-08  2.99999999e+00 
 9.32316787e-08  2.99999999e+00  9.32316787e-08  2.99999999e+00 
 9.32516787e-08  2.99999999e+00  9.32516787e-08  2.99999999e+00 
 9.32716787e-08  2.99999999e+00  9.32716787e-08  2.99999999e+00 
 9.32916787e-08  2.99999999e+00  9.32916787e-08  2.99999999e+00 
 9.33116787e-08  2.99999999e+00  9.33116787e-08  2.99999999e+00 
 9.33316787e-08  2.99999999e+00  9.33316787e-08  2.99999999e+00 
 9.33516787e-08  2.99999999e+00  9.33516787e-08  2.99999999e+00 
 9.33716787e-08  2.99999999e+00  9.33716787e-08  2.99999999e+00 
 9.33916787e-08  2.99999999e+00  9.33916787e-08  2.99999999e+00 
 9.34116787e-08  2.99999999e+00  9.34116787e-08  2.99999999e+00 
 9.34316787e-08  2.99999999e+00  9.34316787e-08  2.99999999e+00 
 9.34516787e-08  2.99999999e+00  9.34516787e-08  2.99999999e+00 
 9.34716787e-08  2.99999999e+00  9.34716787e-08  2.99999999e+00 
 9.34916787e-08  2.99999999e+00  9.34916787e-08  2.99999999e+00 
 9.35116787e-08  2.99999999e+00  9.35116787e-08  2.99999999e+00 
 9.35316787e-08  2.99999999e+00  9.35316787e-08  2.99999999e+00 
 9.35516787e-08  2.99999999e+00  9.35516787e-08  2.99999999e+00 
 9.35716787e-08  2.99999999e+00  9.35716787e-08  2.99999999e+00 
 9.35916787e-08  2.99999999e+00  9.35916787e-08  2.99999999e+00 
 9.36116787e-08  2.99999999e+00  9.36116787e-08  2.99999999e+00 
 9.36316787e-08  2.99999999e+00  9.36316787e-08  2.99999999e+00 
 9.36516787e-08  2.99999999e+00  9.36516787e-08  2.99999999e+00 
 9.36716787e-08  2.99999999e+00  9.36716787e-08  2.99999999e+00 
 9.36916787e-08  2.99999999e+00  9.36916787e-08  2.99999999e+00 
 9.37116787e-08  2.99999999e+00  9.37116787e-08  2.99999999e+00 
 9.37316787e-08  2.99999999e+00  9.37316787e-08  2.99999999e+00 
 9.37516787e-08  2.99999999e+00  9.37516787e-08  2.99999999e+00 
 9.37716787e-08  2.99999999e+00  9.37716787e-08  2.99999999e+00 
 9.37916787e-08  2.99999999e+00  9.37916787e-08  2.99999999e+00 
 9.38116787e-08  2.99999999e+00  9.38116787e-08  2.99999999e+00 
 9.38316787e-08  2.99999999e+00  9.38316787e-08  2.99999999e+00 
 9.38516787e-08  2.99999999e+00  9.38516787e-08  2.99999999e+00 
 9.38716787e-08  2.99999999e+00  9.38716787e-08  2.99999999e+00 
 9.38916787e-08  2.99999999e+00  9.38916787e-08  2.99999999e+00 
 9.39116787e-08  2.99999999e+00  9.39116787e-08  2.99999999e+00 
 9.39316787e-08  2.99999999e+00  9.39316787e-08  2.99999999e+00 
 9.39516787e-08  2.99999999e+00  9.39516787e-08  2.99999999e+00 
 9.39716787e-08  2.99999999e+00  9.39716787e-08  2.99999999e+00 
 9.39916787e-08  2.99999999e+00  9.39916787e-08  2.99999999e+00 
 9.40116787e-08  2.99999999e+00  9.40116787e-08  2.99999999e+00 
 9.40316787e-08  2.99999999e+00  9.40316787e-08  2.99999999e+00 
 9.40516787e-08  2.99999999e+00  9.40516787e-08  2.99999999e+00 
 9.40716787e-08  2.99999999e+00  9.40716787e-08  2.99999999e+00 
 9.40916787e-08  2.99999999e+00  9.40916787e-08  2.99999999e+00 
 9.41116787e-08  2.99999999e+00  9.41116787e-08  2.99999999e+00 
 9.41316787e-08  2.99999999e+00  9.41316787e-08  2.99999999e+00 
 9.41516787e-08  2.99999999e+00  9.41516787e-08  2.99999999e+00 
 9.41716787e-08  2.99999999e+00  9.41716787e-08  2.99999999e+00 
 9.41916787e-08  2.99999999e+00  9.41916787e-08  2.99999999e+00 
 9.42116787e-08  2.99999999e+00  9.42116787e-08  2.99999999e+00 
 9.42316787e-08  2.99999999e+00  9.42316787e-08  2.99999999e+00 
 9.42516787e-08  2.99999999e+00  9.42516787e-08  2.99999999e+00 
 9.42716787e-08  2.99999999e+00  9.42716787e-08  2.99999999e+00 
 9.42916787e-08  2.99999999e+00  9.42916787e-08  2.99999999e+00 
 9.43116787e-08  2.99999999e+00  9.43116787e-08  2.99999999e+00 
 9.43316787e-08  2.99999999e+00  9.43316787e-08  2.99999999e+00 
 9.43516787e-08  2.99999999e+00  9.43516787e-08  2.99999999e+00 
 9.43716787e-08  2.99999999e+00  9.43716787e-08  2.99999999e+00 
 9.43916787e-08  2.99999999e+00  9.43916787e-08  2.99999999e+00 
 9.44116787e-08  2.99999999e+00  9.44116787e-08  2.99999999e+00 
 9.44316787e-08  2.99999999e+00  9.44316787e-08  2.99999999e+00 
 9.44516787e-08  2.99999999e+00  9.44516787e-08  2.99999999e+00 
 9.44716787e-08  2.99999999e+00  9.44716787e-08  2.99999999e+00 
 9.44916787e-08  2.99999999e+00  9.44916787e-08  2.99999999e+00 
 9.45116787e-08  2.99999999e+00  9.45116787e-08  2.99999999e+00 
 9.45316787e-08  2.99999999e+00  9.45316787e-08  2.99999999e+00 
 9.45516787e-08  2.99999999e+00  9.45516787e-08  2.99999999e+00 
 9.45716787e-08  2.99999999e+00  9.45716787e-08  2.99999999e+00 
 9.45916787e-08  2.99999999e+00  9.45916787e-08  2.99999999e+00 
 9.46116787e-08  2.99999999e+00  9.46116787e-08  2.99999999e+00 
 9.46316787e-08  2.99999999e+00  9.46316787e-08  2.99999999e+00 
 9.46516787e-08  2.99999999e+00  9.46516787e-08  2.99999999e+00 
 9.46716787e-08  2.99999999e+00  9.46716787e-08  2.99999999e+00 
 9.46916787e-08  2.99999999e+00  9.46916787e-08  2.99999999e+00 
 9.47116787e-08  2.99999999e+00  9.47116787e-08  2.99999999e+00 
 9.47316787e-08  2.99999999e+00  9.47316787e-08  2.99999999e+00 
 9.47516787e-08  2.99999999e+00  9.47516787e-08  2.99999999e+00 
 9.47716787e-08  2.99999999e+00  9.47716787e-08  2.99999999e+00 
 9.47916787e-08  2.99999999e+00  9.47916787e-08  2.99999999e+00 
 9.48116787e-08  2.99999999e+00  9.48116787e-08  2.99999999e+00 
 9.48316787e-08  2.99999999e+00  9.48316787e-08  2.99999999e+00 
 9.48516787e-08  2.99999999e+00  9.48516787e-08  2.99999999e+00 
 9.48716787e-08  2.99999999e+00  9.48716787e-08  2.99999999e+00 
 9.48916787e-08  2.99999999e+00  9.48916787e-08  2.99999999e+00 
 9.49116787e-08  2.99999999e+00  9.49116787e-08  2.99999999e+00 
 9.49316787e-08  2.99999999e+00  9.49316787e-08  2.99999999e+00 
 9.49516787e-08  2.99999999e+00  9.49516787e-08  2.99999999e+00 
 9.49716787e-08  2.99999999e+00  9.49716787e-08  2.99999999e+00 
 9.49916787e-08  2.99999999e+00  9.49916787e-08  2.99999999e+00 
 9.50116787e-08  2.99999999e+00  9.50116787e-08  2.99999999e+00 
 9.50316787e-08  2.99999999e+00  9.50316787e-08  2.99999999e+00 
 9.50516787e-08  2.99999999e+00  9.50516787e-08  2.99999999e+00 
 9.50716787e-08  2.99999999e+00  9.50716787e-08  2.99999999e+00 
 9.50916787e-08  2.99999999e+00  9.50916787e-08  2.99999999e+00 
 9.51116787e-08  2.99999999e+00  9.51116787e-08  2.99999999e+00 
 9.51316787e-08  2.99999999e+00  9.51316787e-08  2.99999999e+00 
 9.51516787e-08  2.99999999e+00  9.51516787e-08  2.99999999e+00 
 9.51716787e-08  2.99999999e+00  9.51716787e-08  2.99999999e+00 
 9.51916787e-08  2.99999999e+00  9.51916787e-08  2.99999999e+00 
 9.52116787e-08  2.99999999e+00  9.52116787e-08  2.99999999e+00 
 9.52316787e-08  2.99999999e+00  9.52316787e-08  2.99999999e+00 
 9.52516787e-08  2.99999999e+00  9.52516787e-08  2.99999999e+00 
 9.52716787e-08  2.99999999e+00  9.52716787e-08  2.99999999e+00 
 9.52916787e-08  2.99999999e+00  9.52916787e-08  2.99999999e+00 
 9.53116787e-08  2.99999999e+00  9.53116787e-08  2.99999999e+00 
 9.53316787e-08  2.99999999e+00  9.53316787e-08  2.99999999e+00 
 9.53516787e-08  2.99999999e+00  9.53516787e-08  2.99999999e+00 
 9.53716787e-08  2.99999999e+00  9.53716787e-08  2.99999999e+00 
 9.53916787e-08  2.99999999e+00  9.53916787e-08  2.99999999e+00 
 9.54116787e-08  2.99999999e+00  9.54116787e-08  2.99999999e+00 
 9.54316787e-08  2.99999999e+00  9.54316787e-08  2.99999999e+00 
 9.54516787e-08  2.99999999e+00  9.54516787e-08  2.99999999e+00 
 9.54716787e-08  2.99999999e+00  9.54716787e-08  2.99999999e+00 
 9.54916787e-08  2.99999999e+00  9.54916787e-08  2.99999999e+00 
 9.55116787e-08  2.99999999e+00  9.55116787e-08  2.99999999e+00 
 9.55316787e-08  2.99999999e+00  9.55316787e-08  2.99999999e+00 
 9.55516787e-08  2.99999999e+00  9.55516787e-08  2.99999999e+00 
 9.55716787e-08  2.99999999e+00  9.55716787e-08  2.99999999e+00 
 9.55916787e-08  2.99999999e+00  9.55916787e-08  2.99999999e+00 
 9.56116787e-08  2.99999999e+00  9.56116787e-08  2.99999999e+00 
 9.56316787e-08  2.99999999e+00  9.56316787e-08  2.99999999e+00 
 9.56516787e-08  2.99999999e+00  9.56516787e-08  2.99999999e+00 
 9.56716787e-08  2.99999999e+00  9.56716787e-08  2.99999999e+00 
 9.56916787e-08  2.99999999e+00  9.56916787e-08  2.99999999e+00 
 9.57116787e-08  2.99999999e+00  9.57116787e-08  2.99999999e+00 
 9.57316787e-08  2.99999999e+00  9.57316787e-08  2.99999999e+00 
 9.57516787e-08  2.99999999e+00  9.57516787e-08  2.99999999e+00 
 9.57716787e-08  2.99999999e+00  9.57716787e-08  2.99999999e+00 
 9.57916787e-08  2.99999999e+00  9.57916787e-08  2.99999999e+00 
 9.58116787e-08  2.99999999e+00  9.58116787e-08  2.99999999e+00 
 9.58316787e-08  2.99999999e+00  9.58316787e-08  2.99999999e+00 
 9.58516787e-08  2.99999999e+00  9.58516787e-08  2.99999999e+00 
 9.58716787e-08  2.99999999e+00  9.58716787e-08  2.99999999e+00 
 9.58916787e-08  2.99999999e+00  9.58916787e-08  2.99999999e+00 
 9.59116787e-08  2.99999999e+00  9.59116787e-08  2.99999999e+00 
 9.59316787e-08  2.99999999e+00  9.59316787e-08  2.99999999e+00 
 9.59516787e-08  2.99999999e+00  9.59516787e-08  2.99999999e+00 
 9.59716787e-08  2.99999999e+00  9.59716787e-08  2.99999999e+00 
 9.59916787e-08  2.99999999e+00  9.59916787e-08  2.99999999e+00 
 9.60116787e-08  2.99999999e+00  9.60116787e-08  2.99999999e+00 
 9.60316787e-08  2.99999999e+00  9.60316787e-08  2.99999999e+00 
 9.60516787e-08  2.99999999e+00  9.60516787e-08  2.99999999e+00 
 9.60716787e-08  2.99999999e+00  9.60716787e-08  2.99999999e+00 
 9.60916787e-08  2.99999999e+00  9.60916787e-08  2.99999999e+00 
 9.61116787e-08  2.99999999e+00  9.61116787e-08  2.99999999e+00 
 9.61316787e-08  2.99999999e+00  9.61316787e-08  2.99999999e+00 
 9.61516787e-08  2.99999999e+00  9.61516787e-08  2.99999999e+00 
 9.61716787e-08  2.99999999e+00  9.61716787e-08  2.99999999e+00 
 9.61916787e-08  2.99999999e+00  9.61916787e-08  2.99999999e+00 
 9.62116787e-08  2.99999999e+00  9.62116787e-08  2.99999999e+00 
 9.62316787e-08  2.99999999e+00  9.62316787e-08  2.99999999e+00 
 9.62516787e-08  2.99999999e+00  9.62516787e-08  2.99999999e+00 
 9.62716787e-08  2.99999999e+00  9.62716787e-08  2.99999999e+00 
 9.62916787e-08  2.99999999e+00  9.62916787e-08  2.99999999e+00 
 9.63116787e-08  2.99999999e+00  9.63116787e-08  2.99999999e+00 
 9.63316787e-08  2.99999999e+00  9.63316787e-08  2.99999999e+00 
 9.63516787e-08  2.99999999e+00  9.63516787e-08  2.99999999e+00 
 9.63716787e-08  2.99999999e+00  9.63716787e-08  2.99999999e+00 
 9.63916787e-08  2.99999999e+00  9.63916787e-08  2.99999999e+00 
 9.64116787e-08  2.99999999e+00  9.64116787e-08  2.99999999e+00 
 9.64316787e-08  2.99999999e+00  9.64316787e-08  2.99999999e+00 
 9.64516787e-08  2.99999999e+00  9.64516787e-08  2.99999999e+00 
 9.64716787e-08  2.99999999e+00  9.64716787e-08  2.99999999e+00 
 9.64916787e-08  2.99999999e+00  9.64916787e-08  2.99999999e+00 
 9.65116787e-08  2.99999999e+00  9.65116787e-08  2.99999999e+00 
 9.65316787e-08  2.99999999e+00  9.65316787e-08  2.99999999e+00 
 9.65516787e-08  2.99999999e+00  9.65516787e-08  2.99999999e+00 
 9.65716787e-08  2.99999999e+00  9.65716787e-08  2.99999999e+00 
 9.65916787e-08  2.99999999e+00  9.65916787e-08  2.99999999e+00 
 9.66116787e-08  2.99999999e+00  9.66116787e-08  2.99999999e+00 
 9.66316787e-08  2.99999999e+00  9.66316787e-08  2.99999999e+00 
 9.66516787e-08  2.99999999e+00  9.66516787e-08  2.99999999e+00 
 9.66716787e-08  2.99999999e+00  9.66716787e-08  2.99999999e+00 
 9.66916787e-08  2.99999999e+00  9.66916787e-08  2.99999999e+00 
 9.67116787e-08  2.99999999e+00  9.67116787e-08  2.99999999e+00 
 9.67316787e-08  2.99999999e+00  9.67316787e-08  2.99999999e+00 
 9.67516787e-08  2.99999999e+00  9.67516787e-08  2.99999999e+00 
 9.67716787e-08  2.99999999e+00  9.67716787e-08  2.99999999e+00 
 9.67916787e-08  2.99999999e+00  9.67916787e-08  2.99999999e+00 
 9.68116787e-08  2.99999999e+00  9.68116787e-08  2.99999999e+00 
 9.68316787e-08  2.99999999e+00  9.68316787e-08  2.99999999e+00 
 9.68516787e-08  2.99999999e+00  9.68516787e-08  2.99999999e+00 
 9.68716787e-08  2.99999999e+00  9.68716787e-08  2.99999999e+00 
 9.68916787e-08  2.99999999e+00  9.68916787e-08  2.99999999e+00 
 9.69116787e-08  2.99999999e+00  9.69116787e-08  2.99999999e+00 
 9.69316787e-08  2.99999999e+00  9.69316787e-08  2.99999999e+00 
 9.69516787e-08  2.99999999e+00  9.69516787e-08  2.99999999e+00 
 9.69716787e-08  2.99999999e+00  9.69716787e-08  2.99999999e+00 
 9.69916787e-08  2.99999999e+00  9.69916787e-08  2.99999999e+00 
 9.70116787e-08  2.99999999e+00  9.70116787e-08  2.99999999e+00 
 9.70316787e-08  2.99999999e+00  9.70316787e-08  2.99999999e+00 
 9.70516787e-08  2.99999999e+00  9.70516787e-08  2.99999999e+00 
 9.70716787e-08  2.99999999e+00  9.70716787e-08  2.99999999e+00 
 9.70916787e-08  2.99999999e+00  9.70916787e-08  2.99999999e+00 
 9.71116787e-08  2.99999999e+00  9.71116787e-08  2.99999999e+00 
 9.71316787e-08  2.99999999e+00  9.71316787e-08  2.99999999e+00 
 9.71516787e-08  2.99999999e+00  9.71516787e-08  2.99999999e+00 
 9.71716787e-08  2.99999999e+00  9.71716787e-08  2.99999999e+00 
 9.71916787e-08  2.99999999e+00  9.71916787e-08  2.99999999e+00 
 9.72116787e-08  2.99999999e+00  9.72116787e-08  2.99999999e+00 
 9.72316787e-08  2.99999999e+00  9.72316787e-08  2.99999999e+00 
 9.72516787e-08  2.99999999e+00  9.72516787e-08  2.99999999e+00 
 9.72716787e-08  2.99999999e+00  9.72716787e-08  2.99999999e+00 
 9.72916787e-08  2.99999999e+00  9.72916787e-08  2.99999999e+00 
 9.73116787e-08  2.99999999e+00  9.73116787e-08  2.99999999e+00 
 9.73316787e-08  2.99999999e+00  9.73316787e-08  2.99999999e+00 
 9.73516787e-08  2.99999999e+00  9.73516787e-08  2.99999999e+00 
 9.73716787e-08  2.99999999e+00  9.73716787e-08  2.99999999e+00 
 9.73916787e-08  2.99999999e+00  9.73916787e-08  2.99999999e+00 
 9.74116787e-08  2.99999999e+00  9.74116787e-08  2.99999999e+00 
 9.74316787e-08  2.99999999e+00  9.74316787e-08  2.99999999e+00 
 9.74516787e-08  2.99999999e+00  9.74516787e-08  2.99999999e+00 
 9.74716787e-08  2.99999999e+00  9.74716787e-08  2.99999999e+00 
 9.74916787e-08  2.99999999e+00  9.74916787e-08  2.99999999e+00 
 9.75116787e-08  2.99999999e+00  9.75116787e-08  2.99999999e+00 
 9.75316787e-08  2.99999999e+00  9.75316787e-08  2.99999999e+00 
 9.75516787e-08  2.99999999e+00  9.75516787e-08  2.99999999e+00 
 9.75716787e-08  2.99999999e+00  9.75716787e-08  2.99999999e+00 
 9.75916787e-08  2.99999999e+00  9.75916787e-08  2.99999999e+00 
 9.76116787e-08  2.99999999e+00  9.76116787e-08  2.99999999e+00 
 9.76316787e-08  2.99999999e+00  9.76316787e-08  2.99999999e+00 
 9.76516787e-08  2.99999999e+00  9.76516787e-08  2.99999999e+00 
 9.76716787e-08  2.99999999e+00  9.76716787e-08  2.99999999e+00 
 9.76916787e-08  2.99999999e+00  9.76916787e-08  2.99999999e+00 
 9.77116787e-08  2.99999999e+00  9.77116787e-08  2.99999999e+00 
 9.77316787e-08  2.99999999e+00  9.77316787e-08  2.99999999e+00 
 9.77516787e-08  2.99999999e+00  9.77516787e-08  2.99999999e+00 
 9.77716787e-08  2.99999999e+00  9.77716787e-08  2.99999999e+00 
 9.77916787e-08  2.99999999e+00  9.77916787e-08  2.99999999e+00 
 9.78116787e-08  2.99999999e+00  9.78116787e-08  2.99999999e+00 
 9.78316787e-08  2.99999999e+00  9.78316787e-08  2.99999999e+00 
 9.78516787e-08  2.99999999e+00  9.78516787e-08  2.99999999e+00 
 9.78716787e-08  2.99999999e+00  9.78716787e-08  2.99999999e+00 
 9.78916787e-08  2.99999999e+00  9.78916787e-08  2.99999999e+00 
 9.79116787e-08  2.99999999e+00  9.79116787e-08  2.99999999e+00 
 9.79316787e-08  2.99999999e+00  9.79316787e-08  2.99999999e+00 
 9.79516787e-08  2.99999999e+00  9.79516787e-08  2.99999999e+00 
 9.79716787e-08  2.99999999e+00  9.79716787e-08  2.99999999e+00 
 9.79916787e-08  2.99999999e+00  9.79916787e-08  2.99999999e+00 
 9.80116787e-08  2.99999999e+00  9.80116787e-08  2.99999999e+00 
 9.80316787e-08  2.99999999e+00  9.80316787e-08  2.99999999e+00 
 9.80516787e-08  2.99999999e+00  9.80516787e-08  2.99999999e+00 
 9.80716787e-08  2.99999999e+00  9.80716787e-08  2.99999999e+00 
 9.80916787e-08  2.99999999e+00  9.80916787e-08  2.99999999e+00 
 9.81116787e-08  2.99999999e+00  9.81116787e-08  2.99999999e+00 
 9.81316787e-08  2.99999999e+00  9.81316787e-08  2.99999999e+00 
 9.81516787e-08  2.99999999e+00  9.81516787e-08  2.99999999e+00 
 9.81716787e-08  2.99999999e+00  9.81716787e-08  2.99999999e+00 
 9.81916787e-08  2.99999999e+00  9.81916787e-08  2.99999999e+00 
 9.82116787e-08  2.99999999e+00  9.82116787e-08  2.99999999e+00 
 9.82316787e-08  2.99999999e+00  9.82316787e-08  2.99999999e+00 
 9.82516787e-08  2.99999999e+00  9.82516787e-08  2.99999999e+00 
 9.82716787e-08  2.99999999e+00  9.82716787e-08  2.99999999e+00 
 9.82916787e-08  2.99999999e+00  9.82916787e-08  2.99999999e+00 
 9.83116787e-08  2.99999999e+00  9.83116787e-08  2.99999999e+00 
 9.83316787e-08  2.99999999e+00  9.83316787e-08  2.99999999e+00 
 9.83516787e-08  2.99999999e+00  9.83516787e-08  2.99999999e+00 
 9.83716787e-08  2.99999999e+00  9.83716787e-08  2.99999999e+00 
 9.83916787e-08  2.99999999e+00  9.83916787e-08  2.99999999e+00 
 9.84116787e-08  2.99999999e+00  9.84116787e-08  2.99999999e+00 
 9.84316787e-08  2.99999999e+00  9.84316787e-08  2.99999999e+00 
 9.84516787e-08  2.99999999e+00  9.84516787e-08  2.99999999e+00 
 9.84716787e-08  2.99999999e+00  9.84716787e-08  2.99999999e+00 
 9.84916787e-08  2.99999999e+00  9.84916787e-08  2.99999999e+00 
 9.85116787e-08  2.99999999e+00  9.85116787e-08  2.99999999e+00 
 9.85316787e-08  2.99999999e+00  9.85316787e-08  2.99999999e+00 
 9.85516787e-08  2.99999999e+00  9.85516787e-08  2.99999999e+00 
 9.85716787e-08  2.99999999e+00  9.85716787e-08  2.99999999e+00 
 9.85916787e-08  2.99999999e+00  9.85916787e-08  2.99999999e+00 
 9.86116787e-08  2.99999999e+00  9.86116787e-08  2.99999999e+00 
 9.86316787e-08  2.99999999e+00  9.86316787e-08  2.99999999e+00 
 9.86516787e-08  2.99999999e+00  9.86516787e-08  2.99999999e+00 
 9.86716787e-08  2.99999999e+00  9.86716787e-08  2.99999999e+00 
 9.86916787e-08  2.99999999e+00  9.86916787e-08  2.99999999e+00 
 9.87116787e-08  2.99999999e+00  9.87116787e-08  2.99999999e+00 
 9.87316787e-08  2.99999999e+00  9.87316787e-08  2.99999999e+00 
 9.87516787e-08  2.99999999e+00  9.87516787e-08  2.99999999e+00 
 9.87716787e-08  2.99999999e+00  9.87716787e-08  2.99999999e+00 
 9.87916787e-08  2.99999999e+00  9.87916787e-08  2.99999999e+00 
 9.88116787e-08  2.99999999e+00  9.88116787e-08  2.99999999e+00 
 9.88316787e-08  2.99999999e+00  9.88316787e-08  2.99999999e+00 
 9.88516787e-08  2.99999999e+00  9.88516787e-08  2.99999999e+00 
 9.88716787e-08  2.99999999e+00  9.88716787e-08  2.99999999e+00 
 9.88916787e-08  2.99999999e+00  9.88916787e-08  2.99999999e+00 
 9.89116787e-08  2.99999999e+00  9.89116787e-08  2.99999999e+00 
 9.89316787e-08  2.99999999e+00  9.89316787e-08  2.99999999e+00 
 9.89516787e-08  2.99999999e+00  9.89516787e-08  2.99999999e+00 
 9.89716787e-08  2.99999999e+00  9.89716787e-08  2.99999999e+00 
 9.89916787e-08  2.99999999e+00  9.89916787e-08  2.99999999e+00 
 9.90116787e-08  2.99999999e+00  9.90116787e-08  2.99999999e+00 
 9.90316787e-08  2.99999999e+00  9.90316787e-08  2.99999999e+00 
 9.90516787e-08  2.99999999e+00  9.90516787e-08  2.99999999e+00 
 9.90716787e-08  2.99999999e+00  9.90716787e-08  2.99999999e+00 
 9.90916787e-08  2.99999999e+00  9.90916787e-08  2.99999999e+00 
 9.91116787e-08  2.99999999e+00  9.91116787e-08  2.99999999e+00 
 9.91316787e-08  2.99999999e+00  9.91316787e-08  2.99999999e+00 
 9.91516787e-08  2.99999999e+00  9.91516787e-08  2.99999999e+00 
 9.91716787e-08  2.99999999e+00  9.91716787e-08  2.99999999e+00 
 9.91916787e-08  2.99999999e+00  9.91916787e-08  2.99999999e+00 
 9.92116787e-08  2.99999999e+00  9.92116787e-08  2.99999999e+00 
 9.92316787e-08  2.99999999e+00  9.92316787e-08  2.99999999e+00 
 9.92516787e-08  2.99999999e+00  9.92516787e-08  2.99999999e+00 
 9.92716787e-08  2.99999999e+00  9.92716787e-08  2.99999999e+00 
 9.92916787e-08  2.99999999e+00  9.92916787e-08  2.99999999e+00 
 9.93116787e-08  2.99999999e+00  9.93116787e-08  2.99999999e+00 
 9.93316787e-08  2.99999999e+00  9.93316787e-08  2.99999999e+00 
 9.93516787e-08  2.99999999e+00  9.93516787e-08  2.99999999e+00 
 9.93716787e-08  2.99999999e+00  9.93716787e-08  2.99999999e+00 
 9.93916787e-08  2.99999999e+00  9.93916787e-08  2.99999999e+00 
 9.94116787e-08  2.99999999e+00  9.94116787e-08  2.99999999e+00 
 9.94316787e-08  2.99999999e+00  9.94316787e-08  2.99999999e+00 
 9.94516787e-08  2.99999999e+00  9.94516787e-08  2.99999999e+00 
 9.94716787e-08  2.99999999e+00  9.94716787e-08  2.99999999e+00 
 9.94916787e-08  2.99999999e+00  9.94916787e-08  2.99999999e+00 
 9.95116787e-08  2.99999999e+00  9.95116787e-08  2.99999999e+00 
 9.95316787e-08  2.99999999e+00  9.95316787e-08  2.99999999e+00 
 9.95516787e-08  2.99999999e+00  9.95516787e-08  2.99999999e+00 
 9.95716787e-08  2.99999999e+00  9.95716787e-08  2.99999999e+00 
 9.95916787e-08  2.99999999e+00  9.95916787e-08  2.99999999e+00 
 9.96116787e-08  2.99999999e+00  9.96116787e-08  2.99999999e+00 
 9.96316787e-08  2.99999999e+00  9.96316787e-08  2.99999999e+00 
 9.96516787e-08  2.99999999e+00  9.96516787e-08  2.99999999e+00 
 9.96716787e-08  2.99999999e+00  9.96716787e-08  2.99999999e+00 
 9.96916787e-08  2.99999999e+00  9.96916787e-08  2.99999999e+00 
 9.97116787e-08  2.99999999e+00  9.97116787e-08  2.99999999e+00 
 9.97316787e-08  2.99999999e+00  9.97316787e-08  2.99999999e+00 
 9.97516787e-08  2.99999999e+00  9.97516787e-08  2.99999999e+00 
 9.97716787e-08  2.99999999e+00  9.97716787e-08  2.99999999e+00 
 9.97916787e-08  2.99999999e+00  9.97916787e-08  2.99999999e+00 
 9.98116787e-08  2.99999999e+00  9.98116787e-08  2.99999999e+00 
 9.98316787e-08  2.99999999e+00  9.98316787e-08  2.99999999e+00 
 9.98516787e-08  2.99999999e+00  9.98516787e-08  2.99999999e+00 
 9.98716787e-08  2.99999999e+00  9.98716787e-08  2.99999999e+00 
 9.98916787e-08  2.99999999e+00  9.98916787e-08  2.99999999e+00 
 9.99116787e-08  2.99999999e+00  9.99116787e-08  2.99999999e+00 
 9.99316787e-08  2.99999999e+00  9.99316787e-08  2.99999999e+00 
 9.99516787e-08  2.99999999e+00  9.99516787e-08  2.99999999e+00 
 9.99716787e-08  2.99999999e+00  9.99716787e-08  2.99999999e+00 
 9.99916787e-08  2.99999999e+00  9.99916787e-08  2.99999999e+00 
 1.00011679e-07  2.99999999e+00  1.00011679e-07  2.99999999e+00 
 1.00031679e-07  2.99999999e+00  1.00031679e-07  2.99999999e+00 
 1.00051679e-07  2.99999999e+00  1.00051679e-07  2.99999999e+00 
 1.00071679e-07  2.99999999e+00  1.00071679e-07  2.99999999e+00 
 1.00091679e-07  2.99999999e+00  1.00091679e-07  2.99999999e+00 
 1.00111679e-07  2.99999999e+00  1.00111679e-07  2.99999999e+00 
 1.00131679e-07  2.99999999e+00  1.00131679e-07  2.99999999e+00 
 1.00151679e-07  2.99999999e+00  1.00151679e-07  2.99999999e+00 
 1.00171679e-07  2.99999999e+00  1.00171679e-07  2.99999999e+00 
 1.00191679e-07  2.99999999e+00  1.00191679e-07  2.99999999e+00 
 1.00211679e-07  2.99999999e+00  1.00211679e-07  2.99999999e+00 
 1.00231679e-07  2.99999999e+00  1.00231679e-07  2.99999999e+00 
 1.00251679e-07  2.99999999e+00  1.00251679e-07  2.99999999e+00 
 1.00271679e-07  2.99999999e+00  1.00271679e-07  2.99999999e+00 
 1.00291679e-07  2.99999999e+00  1.00291679e-07  2.99999999e+00 
 1.00311679e-07  2.99999999e+00  1.00311679e-07  2.99999999e+00 
 1.00331679e-07  2.99999999e+00  1.00331679e-07  2.99999999e+00 
 1.00351679e-07  2.99999999e+00  1.00351679e-07  2.99999999e+00 
 1.00371679e-07  2.99999999e+00  1.00371679e-07  2.99999999e+00 
 1.00391679e-07  2.99999999e+00  1.00391679e-07  2.99999999e+00 
 1.00411679e-07  2.99999999e+00  1.00411679e-07  2.99999999e+00 
 1.00431679e-07  2.99999999e+00  1.00431679e-07  2.99999999e+00 
 1.00451679e-07  2.99999999e+00  1.00451679e-07  2.99999999e+00 
 1.00471679e-07  2.99999999e+00  1.00471679e-07  2.99999999e+00 
 1.00491679e-07  2.99999999e+00  1.00491679e-07  2.99999999e+00 
 1.00511679e-07  2.99999999e+00  1.00511679e-07  2.99999999e+00 
 1.00531679e-07  2.99999999e+00  1.00531679e-07  2.99999999e+00 
 1.00551679e-07  2.99999999e+00  1.00551679e-07  2.99999999e+00 
 1.00571679e-07  2.99999999e+00  1.00571679e-07  2.99999999e+00 
 1.00591679e-07  2.99999999e+00  1.00591679e-07  2.99999999e+00 
 1.00611679e-07  2.99999999e+00  1.00611679e-07  2.99999999e+00 
 1.00631679e-07  2.99999999e+00  1.00631679e-07  2.99999999e+00 
 1.00651679e-07  2.99999999e+00  1.00651679e-07  2.99999999e+00 
 1.00671679e-07  2.99999999e+00  1.00671679e-07  2.99999999e+00 
 1.00691679e-07  2.99999999e+00  1.00691679e-07  2.99999999e+00 
 1.00711679e-07  2.99999999e+00  1.00711679e-07  2.99999999e+00 
 1.00731679e-07  2.99999999e+00  1.00731679e-07  2.99999999e+00 
 1.00751679e-07  2.99999999e+00  1.00751679e-07  2.99999999e+00 
 1.00771679e-07  2.99999999e+00  1.00771679e-07  2.99999999e+00 
 1.00791679e-07  2.99999999e+00  1.00791679e-07  2.99999999e+00 
 1.00811679e-07  2.99999999e+00  1.00811679e-07  2.99999999e+00 
 1.00831679e-07  2.99999999e+00  1.00831679e-07  2.99999999e+00 
 1.00851679e-07  2.99999999e+00  1.00851679e-07  2.99999999e+00 
 1.00871679e-07  2.99999999e+00  1.00871679e-07  2.99999999e+00 
 1.00891679e-07  2.99999999e+00  1.00891679e-07  2.99999999e+00 
 1.00911679e-07  2.99999999e+00  1.00911679e-07  2.99999999e+00 
 1.00931679e-07  2.99999999e+00  1.00931679e-07  2.99999999e+00 
 1.00951679e-07  2.99999999e+00  1.00951679e-07  2.99999999e+00 
 1.00971679e-07  2.99999999e+00  1.00971679e-07  2.99999999e+00 
 1.00991679e-07  2.99999999e+00  1.00991679e-07  2.99999999e+00 
 1.01011679e-07  2.99999999e+00  1.01011679e-07  2.99999999e+00 
 1.01031679e-07  2.99999999e+00  1.01031679e-07  2.99999999e+00 
 1.01051679e-07  2.99999999e+00  1.01051679e-07  2.99999999e+00 
 1.01071679e-07  2.99999999e+00  1.01071679e-07  2.99999999e+00 
 1.01091679e-07  2.99999999e+00  1.01091679e-07  2.99999999e+00 
 1.01111679e-07  2.99999999e+00  1.01111679e-07  2.99999999e+00 
 1.01131679e-07  2.99999999e+00  1.01131679e-07  2.99999999e+00 
 1.01151679e-07  2.99999999e+00  1.01151679e-07  2.99999999e+00 
 1.01171679e-07  2.99999999e+00  1.01171679e-07  2.99999999e+00 
 1.01191679e-07  2.99999999e+00  1.01191679e-07  2.99999999e+00 
 1.01211679e-07  2.99999999e+00  1.01211679e-07  2.99999999e+00 
 1.01231679e-07  2.99999999e+00  1.01231679e-07  2.99999999e+00 
 1.01251679e-07  2.99999999e+00  1.01251679e-07  2.99999999e+00 
 1.01271679e-07  2.99999999e+00  1.01271679e-07  2.99999999e+00 
 1.01291679e-07  2.99999999e+00  1.01291679e-07  2.99999999e+00 
 1.01311679e-07  2.99999999e+00  1.01311679e-07  2.99999999e+00 
 1.01331679e-07  2.99999999e+00  1.01331679e-07  2.99999999e+00 
 1.01351679e-07  2.99999999e+00  1.01351679e-07  2.99999999e+00 
 1.01371679e-07  2.99999999e+00  1.01371679e-07  2.99999999e+00 
 1.01391679e-07  2.99999999e+00  1.01391679e-07  2.99999999e+00 
 1.01411679e-07  2.99999999e+00  1.01411679e-07  2.99999999e+00 
 1.01431679e-07  2.99999999e+00  1.01431679e-07  2.99999999e+00 
 1.01451679e-07  2.99999999e+00  1.01451679e-07  2.99999999e+00 
 1.01471679e-07  2.99999999e+00  1.01471679e-07  2.99999999e+00 
 1.01491679e-07  2.99999999e+00  1.01491679e-07  2.99999999e+00 
 1.01511679e-07  2.99999999e+00  1.01511679e-07  2.99999999e+00 
 1.01531679e-07  2.99999999e+00  1.01531679e-07  2.99999999e+00 
 1.01551679e-07  2.99999999e+00  1.01551679e-07  2.99999999e+00 
 1.01571679e-07  2.99999999e+00  1.01571679e-07  2.99999999e+00 
 1.01591679e-07  2.99999999e+00  1.01591679e-07  2.99999999e+00 
 1.01611679e-07  2.99999999e+00  1.01611679e-07  2.99999999e+00 
 1.01631679e-07  2.99999999e+00  1.01631679e-07  2.99999999e+00 
 1.01651679e-07  2.99999999e+00  1.01651679e-07  2.99999999e+00 
 1.01671679e-07  2.99999999e+00  1.01671679e-07  2.99999999e+00 
 1.01691679e-07  2.99999999e+00  1.01691679e-07  2.99999999e+00 
 1.01711679e-07  2.99999999e+00  1.01711679e-07  2.99999999e+00 
 1.01731679e-07  2.99999999e+00  1.01731679e-07  2.99999999e+00 
 1.01751679e-07  2.99999999e+00  1.01751679e-07  2.99999999e+00 
 1.01771679e-07  2.99999999e+00  1.01771679e-07  2.99999999e+00 
 1.01791679e-07  2.99999999e+00  1.01791679e-07  2.99999999e+00 
 1.01811679e-07  2.99999999e+00  1.01811679e-07  2.99999999e+00 
 1.01831679e-07  2.99999999e+00  1.01831679e-07  2.99999999e+00 
 1.01851679e-07  2.99999999e+00  1.01851679e-07  2.99999999e+00 
 1.01871679e-07  2.99999999e+00  1.01871679e-07  2.99999999e+00 
 1.01891679e-07  2.99999999e+00  1.01891679e-07  2.99999999e+00 
 1.01911679e-07  2.99999999e+00  1.01911679e-07  2.99999999e+00 
 1.01931679e-07  2.99999999e+00  1.01931679e-07  2.99999999e+00 
 1.01951679e-07  2.99999999e+00  1.01951679e-07  2.99999999e+00 
 1.01971679e-07  2.99999999e+00  1.01971679e-07  2.99999999e+00 
 1.01991679e-07  2.99999999e+00  1.01991679e-07  2.99999999e+00 
 1.02011679e-07  2.99999999e+00  1.02011679e-07  2.99999999e+00 
 1.02031679e-07  2.99999999e+00  1.02031679e-07  2.99999999e+00 
 1.02051679e-07  2.99999999e+00  1.02051679e-07  2.99999999e+00 
 1.02071679e-07  2.99999999e+00  1.02071679e-07  2.99999999e+00 
 1.02091679e-07  2.99999999e+00  1.02091679e-07  2.99999999e+00 
 1.02111679e-07  2.99999999e+00  1.02111679e-07  2.99999999e+00 
 1.02131679e-07  2.99999999e+00  1.02131679e-07  2.99999999e+00 
 1.02151679e-07  2.99999999e+00  1.02151679e-07  2.99999999e+00 
 1.02171679e-07  2.99999999e+00  1.02171679e-07  2.99999999e+00 
 1.02191679e-07  2.99999999e+00  1.02191679e-07  2.99999999e+00 
 1.02211679e-07  2.99999999e+00  1.02211679e-07  2.99999999e+00 
 1.02231679e-07  2.99999999e+00  1.02231679e-07  2.99999999e+00 
 1.02251679e-07  2.99999999e+00  1.02251679e-07  2.99999999e+00 
 1.02271679e-07  2.99999999e+00  1.02271679e-07  2.99999999e+00 
 1.02291679e-07  2.99999999e+00  1.02291679e-07  2.99999999e+00 
 1.02311679e-07  2.99999999e+00  1.02311679e-07  2.99999999e+00 
 1.02331679e-07  2.99999999e+00  1.02331679e-07  2.99999999e+00 
 1.02351679e-07  2.99999999e+00  1.02351679e-07  2.99999999e+00 
 1.02371679e-07  2.99999999e+00  1.02371679e-07  2.99999999e+00 
 1.02391679e-07  2.99999999e+00  1.02391679e-07  2.99999999e+00 
 1.02411679e-07  2.99999999e+00  1.02411679e-07  2.99999999e+00 
 1.02431679e-07  2.99999999e+00  1.02431679e-07  2.99999999e+00 
 1.02451679e-07  2.99999999e+00  1.02451679e-07  2.99999999e+00 
 1.02471679e-07  2.99999999e+00  1.02471679e-07  2.99999999e+00 
 1.02491679e-07  2.99999999e+00  1.02491679e-07  2.99999999e+00 
 1.02511679e-07  2.99999999e+00  1.02511679e-07  2.99999999e+00 
 1.02531679e-07  2.99999999e+00  1.02531679e-07  2.99999999e+00 
 1.02551679e-07  2.99999999e+00  1.02551679e-07  2.99999999e+00 
 1.02571679e-07  2.99999999e+00  1.02571679e-07  2.99999999e+00 
 1.02591679e-07  2.99999999e+00  1.02591679e-07  2.99999999e+00 
 1.02611679e-07  2.99999999e+00  1.02611679e-07  2.99999999e+00 
 1.02631679e-07  2.99999999e+00  1.02631679e-07  2.99999999e+00 
 1.02651679e-07  2.99999999e+00  1.02651679e-07  2.99999999e+00 
 1.02671679e-07  2.99999999e+00  1.02671679e-07  2.99999999e+00 
 1.02691679e-07  2.99999999e+00  1.02691679e-07  2.99999999e+00 
 1.02711679e-07  2.99999999e+00  1.02711679e-07  2.99999999e+00 
 1.02731679e-07  2.99999999e+00  1.02731679e-07  2.99999999e+00 
 1.02751679e-07  2.99999999e+00  1.02751679e-07  2.99999999e+00 
 1.02771679e-07  2.99999999e+00  1.02771679e-07  2.99999999e+00 
 1.02791679e-07  2.99999999e+00  1.02791679e-07  2.99999999e+00 
 1.02811679e-07  2.99999999e+00  1.02811679e-07  2.99999999e+00 
 1.02831679e-07  2.99999999e+00  1.02831679e-07  2.99999999e+00 
 1.02851679e-07  2.99999999e+00  1.02851679e-07  2.99999999e+00 
 1.02871679e-07  2.99999999e+00  1.02871679e-07  2.99999999e+00 
 1.02891679e-07  2.99999999e+00  1.02891679e-07  2.99999999e+00 
 1.02911679e-07  2.99999999e+00  1.02911679e-07  2.99999999e+00 
 1.02931679e-07  2.99999999e+00  1.02931679e-07  2.99999999e+00 
 1.02951679e-07  2.99999999e+00  1.02951679e-07  2.99999999e+00 
 1.02971679e-07  2.99999999e+00  1.02971679e-07  2.99999999e+00 
 1.02991679e-07  2.99999999e+00  1.02991679e-07  2.99999999e+00 
 1.03011679e-07  2.99999999e+00  1.03011679e-07  2.99999999e+00 
 1.03031679e-07  2.99999999e+00  1.03031679e-07  2.99999999e+00 
 1.03051679e-07  2.99999999e+00  1.03051679e-07  2.99999999e+00 
 1.03071679e-07  2.99999999e+00  1.03071679e-07  2.99999999e+00 
 1.03091679e-07  2.99999999e+00  1.03091679e-07  2.99999999e+00 
 1.03111679e-07  2.99999999e+00  1.03111679e-07  2.99999999e+00 
 1.03131679e-07  2.99999999e+00  1.03131679e-07  2.99999999e+00 
 1.03151679e-07  2.99999999e+00  1.03151679e-07  2.99999999e+00 
 1.03171679e-07  2.99999999e+00  1.03171679e-07  2.99999999e+00 
 1.03191679e-07  2.99999999e+00  1.03191679e-07  2.99999999e+00 
 1.03211679e-07  2.99999999e+00  1.03211679e-07  2.99999999e+00 
 1.03231679e-07  2.99999999e+00  1.03231679e-07  2.99999999e+00 
 1.03251679e-07  2.99999999e+00  1.03251679e-07  2.99999999e+00 
 1.03271679e-07  2.99999999e+00  1.03271679e-07  2.99999999e+00 
 1.03291679e-07  2.99999999e+00  1.03291679e-07  2.99999999e+00 
 1.03311679e-07  2.99999999e+00  1.03311679e-07  2.99999999e+00 
 1.03331679e-07  2.99999999e+00  1.03331679e-07  2.99999999e+00 
 1.03351679e-07  2.99999999e+00  1.03351679e-07  2.99999999e+00 
 1.03371679e-07  2.99999999e+00  1.03371679e-07  2.99999999e+00 
 1.03391679e-07  2.99999999e+00  1.03391679e-07  2.99999999e+00 
 1.03411679e-07  2.99999999e+00  1.03411679e-07  2.99999999e+00 
 1.03431679e-07  2.99999999e+00  1.03431679e-07  2.99999999e+00 
 1.03451679e-07  2.99999999e+00  1.03451679e-07  2.99999999e+00 
 1.03471679e-07  2.99999999e+00  1.03471679e-07  2.99999999e+00 
 1.03491679e-07  2.99999999e+00  1.03491679e-07  2.99999999e+00 
 1.03511679e-07  2.99999999e+00  1.03511679e-07  2.99999999e+00 
 1.03531679e-07  2.99999999e+00  1.03531679e-07  2.99999999e+00 
 1.03551679e-07  2.99999999e+00  1.03551679e-07  2.99999999e+00 
 1.03571679e-07  2.99999999e+00  1.03571679e-07  2.99999999e+00 
 1.03591679e-07  2.99999999e+00  1.03591679e-07  2.99999999e+00 
 1.03611679e-07  2.99999999e+00  1.03611679e-07  2.99999999e+00 
 1.03631679e-07  2.99999999e+00  1.03631679e-07  2.99999999e+00 
 1.03651679e-07  2.99999999e+00  1.03651679e-07  2.99999999e+00 
 1.03671679e-07  2.99999999e+00  1.03671679e-07  2.99999999e+00 
 1.03691679e-07  2.99999999e+00  1.03691679e-07  2.99999999e+00 
 1.03711679e-07  2.99999999e+00  1.03711679e-07  2.99999999e+00 
 1.03731679e-07  2.99999999e+00  1.03731679e-07  2.99999999e+00 
 1.03751679e-07  2.99999999e+00  1.03751679e-07  2.99999999e+00 
 1.03771679e-07  2.99999999e+00  1.03771679e-07  2.99999999e+00 
 1.03791679e-07  2.99999999e+00  1.03791679e-07  2.99999999e+00 
 1.03811679e-07  2.99999999e+00  1.03811679e-07  2.99999999e+00 
 1.03831679e-07  2.99999999e+00  1.03831679e-07  2.99999999e+00 
 1.03851679e-07  2.99999999e+00  1.03851679e-07  2.99999999e+00 
 1.03871679e-07  2.99999999e+00  1.03871679e-07  2.99999999e+00 
 1.03891679e-07  2.99999999e+00  1.03891679e-07  2.99999999e+00 
 1.03911679e-07  2.99999999e+00  1.03911679e-07  2.99999999e+00 
 1.03931679e-07  2.99999999e+00  1.03931679e-07  2.99999999e+00 
 1.03951679e-07  2.99999999e+00  1.03951679e-07  2.99999999e+00 
 1.03971679e-07  2.99999999e+00  1.03971679e-07  2.99999999e+00 
 1.03991679e-07  2.99999999e+00  1.03991679e-07  2.99999999e+00 
 1.04011679e-07  2.99999999e+00  1.04011679e-07  2.99999999e+00 
 1.04031679e-07  2.99999999e+00  1.04031679e-07  2.99999999e+00 
 1.04051679e-07  2.99999999e+00  1.04051679e-07  2.99999999e+00 
 1.04071679e-07  2.99999999e+00  1.04071679e-07  2.99999999e+00 
 1.04091679e-07  2.99999999e+00  1.04091679e-07  2.99999999e+00 
 1.04111679e-07  2.99999999e+00  1.04111679e-07  2.99999999e+00 
 1.04131679e-07  2.99999999e+00  1.04131679e-07  2.99999999e+00 
 1.04151679e-07  2.99999999e+00  1.04151679e-07  2.99999999e+00 
 1.04171679e-07  2.99999999e+00  1.04171679e-07  2.99999999e+00 
 1.04191679e-07  2.99999999e+00  1.04191679e-07  2.99999999e+00 
 1.04211679e-07  2.99999999e+00  1.04211679e-07  2.99999999e+00 
 1.04231679e-07  2.99999999e+00  1.04231679e-07  2.99999999e+00 
 1.04251679e-07  2.99999999e+00  1.04251679e-07  2.99999999e+00 
 1.04271679e-07  2.99999999e+00  1.04271679e-07  2.99999999e+00 
 1.04291679e-07  2.99999999e+00  1.04291679e-07  2.99999999e+00 
 1.04311679e-07  2.99999999e+00  1.04311679e-07  2.99999999e+00 
 1.04331679e-07  2.99999999e+00  1.04331679e-07  2.99999999e+00 
 1.04351679e-07  2.99999999e+00  1.04351679e-07  2.99999999e+00 
 1.04371679e-07  2.99999999e+00  1.04371679e-07  2.99999999e+00 
 1.04391679e-07  2.99999999e+00  1.04391679e-07  2.99999999e+00 
 1.04411679e-07  2.99999999e+00  1.04411679e-07  2.99999999e+00 
 1.04431679e-07  2.99999999e+00  1.04431679e-07  2.99999999e+00 
 1.04451679e-07  2.99999999e+00  1.04451679e-07  2.99999999e+00 
 1.04471679e-07  2.99999999e+00  1.04471679e-07  2.99999999e+00 
 1.04491679e-07  2.99999999e+00  1.04491679e-07  2.99999999e+00 
 1.04511679e-07  2.99999999e+00  1.04511679e-07  2.99999999e+00 
 1.04531679e-07  2.99999999e+00  1.04531679e-07  2.99999999e+00 
 1.04551679e-07  2.99999999e+00  1.04551679e-07  2.99999999e+00 
 1.04571679e-07  2.99999999e+00  1.04571679e-07  2.99999999e+00 
 1.04591679e-07  2.99999999e+00  1.04591679e-07  2.99999999e+00 
 1.04611679e-07  2.99999999e+00  1.04611679e-07  2.99999999e+00 
 1.04631679e-07  2.99999999e+00  1.04631679e-07  2.99999999e+00 
 1.04651679e-07  2.99999999e+00  1.04651679e-07  2.99999999e+00 
 1.04671679e-07  2.99999999e+00  1.04671679e-07  2.99999999e+00 
 1.04691679e-07  2.99999999e+00  1.04691679e-07  2.99999999e+00 
 1.04711679e-07  2.99999999e+00  1.04711679e-07  2.99999999e+00 
 1.04731679e-07  2.99999999e+00  1.04731679e-07  2.99999999e+00 
 1.04751679e-07  2.99999999e+00  1.04751679e-07  2.99999999e+00 
 1.04771679e-07  2.99999999e+00  1.04771679e-07  2.99999999e+00 
 1.04791679e-07  2.99999999e+00  1.04791679e-07  2.99999999e+00 
 1.04811679e-07  2.99999999e+00  1.04811679e-07  2.99999999e+00 
 1.04831679e-07  2.99999999e+00  1.04831679e-07  2.99999999e+00 
 1.04851679e-07  2.99999999e+00  1.04851679e-07  2.99999999e+00 
 1.04871679e-07  2.99999999e+00  1.04871679e-07  2.99999999e+00 
 1.04891679e-07  2.99999999e+00  1.04891679e-07  2.99999999e+00 
 1.04911679e-07  2.99999999e+00  1.04911679e-07  2.99999999e+00 
 1.04931679e-07  2.99999999e+00  1.04931679e-07  2.99999999e+00 
 1.04951679e-07  2.99999999e+00  1.04951679e-07  2.99999999e+00 
 1.04971679e-07  2.99999999e+00  1.04971679e-07  2.99999999e+00 
 1.04991679e-07  2.99999999e+00  1.04991679e-07  2.99999999e+00 
 1.05011679e-07  2.99999999e+00  1.05011679e-07  2.99999999e+00 
 1.05031679e-07  2.99999999e+00  1.05031679e-07  2.99999999e+00 
 1.05051679e-07  2.99999999e+00  1.05051679e-07  2.99999999e+00 
 1.05071679e-07  2.99999999e+00  1.05071679e-07  2.99999999e+00 
 1.05091679e-07  2.99999999e+00  1.05091679e-07  2.99999999e+00 
 1.05111679e-07  2.99999999e+00  1.05111679e-07  2.99999999e+00 
 1.05131679e-07  2.99999999e+00  1.05131679e-07  2.99999999e+00 
 1.05151679e-07  2.99999999e+00  1.05151679e-07  2.99999999e+00 
 1.05171679e-07  2.99999999e+00  1.05171679e-07  2.99999999e+00 
 1.05191679e-07  2.99999999e+00  1.05191679e-07  2.99999999e+00 
 1.05211679e-07  2.99999999e+00  1.05211679e-07  2.99999999e+00 
 1.05231679e-07  2.99999999e+00  1.05231679e-07  2.99999999e+00 
 1.05251679e-07  2.99999999e+00  1.05251679e-07  2.99999999e+00 
 1.05271679e-07  2.99999999e+00  1.05271679e-07  2.99999999e+00 
 1.05291679e-07  2.99999999e+00  1.05291679e-07  2.99999999e+00 
 1.05311679e-07  2.99999999e+00  1.05311679e-07  2.99999999e+00 
 1.05331679e-07  2.99999999e+00  1.05331679e-07  2.99999999e+00 
 1.05351679e-07  2.99999999e+00  1.05351679e-07  2.99999999e+00 
 1.05371679e-07  2.99999999e+00  1.05371679e-07  2.99999999e+00 
 1.05391679e-07  2.99999999e+00  1.05391679e-07  2.99999999e+00 
 1.05411679e-07  2.99999999e+00  1.05411679e-07  2.99999999e+00 
 1.05431679e-07  2.99999999e+00  1.05431679e-07  2.99999999e+00 
 1.05451679e-07  2.99999999e+00  1.05451679e-07  2.99999999e+00 
 1.05471679e-07  2.99999999e+00  1.05471679e-07  2.99999999e+00 
 1.05491679e-07  2.99999999e+00  1.05491679e-07  2.99999999e+00 
 1.05511679e-07  2.99999999e+00  1.05511679e-07  2.99999999e+00 
 1.05531679e-07  2.99999999e+00  1.05531679e-07  2.99999999e+00 
 1.05551679e-07  2.99999999e+00  1.05551679e-07  2.99999999e+00 
 1.05571679e-07  2.99999999e+00  1.05571679e-07  2.99999999e+00 
 1.05591679e-07  2.99999999e+00  1.05591679e-07  2.99999999e+00 
 1.05611679e-07  2.99999999e+00  1.05611679e-07  2.99999999e+00 
 1.05631679e-07  2.99999999e+00  1.05631679e-07  2.99999999e+00 
 1.05651679e-07  2.99999999e+00  1.05651679e-07  2.99999999e+00 
 1.05671679e-07  2.99999999e+00  1.05671679e-07  2.99999999e+00 
 1.05691679e-07  2.99999999e+00  1.05691679e-07  2.99999999e+00 
 1.05711679e-07  2.99999999e+00  1.05711679e-07  2.99999999e+00 
 1.05731679e-07  2.99999999e+00  1.05731679e-07  2.99999999e+00 
 1.05751679e-07  2.99999999e+00  1.05751679e-07  2.99999999e+00 
 1.05771679e-07  2.99999999e+00  1.05771679e-07  2.99999999e+00 
 1.05791679e-07  2.99999999e+00  1.05791679e-07  2.99999999e+00 
 1.05811679e-07  2.99999999e+00  1.05811679e-07  2.99999999e+00 
 1.05831679e-07  2.99999999e+00  1.05831679e-07  2.99999999e+00 
 1.05851679e-07  2.99999999e+00  1.05851679e-07  2.99999999e+00 
 1.05871679e-07  2.99999999e+00  1.05871679e-07  2.99999999e+00 
 1.05891679e-07  2.99999999e+00  1.05891679e-07  2.99999999e+00 
 1.05911679e-07  2.99999999e+00  1.05911679e-07  2.99999999e+00 
 1.05931679e-07  2.99999999e+00  1.05931679e-07  2.99999999e+00 
 1.05951679e-07  2.99999999e+00  1.05951679e-07  2.99999999e+00 
 1.05971679e-07  2.99999999e+00  1.05971679e-07  2.99999999e+00 
 1.05991679e-07  2.99999999e+00  1.05991679e-07  2.99999999e+00 
 1.06011679e-07  2.99999999e+00  1.06011679e-07  2.99999999e+00 
 1.06031679e-07  2.99999999e+00  1.06031679e-07  2.99999999e+00 
 1.06051679e-07  2.99999999e+00  1.06051679e-07  2.99999999e+00 
 1.06071679e-07  2.99999999e+00  1.06071679e-07  2.99999999e+00 
 1.06091679e-07  2.99999999e+00  1.06091679e-07  2.99999999e+00 
 1.06111679e-07  2.99999999e+00  1.06111679e-07  2.99999999e+00 
 1.06131679e-07  2.99999999e+00  1.06131679e-07  2.99999999e+00 
 1.06151679e-07  2.99999999e+00  1.06151679e-07  2.99999999e+00 
 1.06171679e-07  2.99999999e+00  1.06171679e-07  2.99999999e+00 
 1.06191679e-07  2.99999999e+00  1.06191679e-07  2.99999999e+00 
 1.06211679e-07  2.99999999e+00  1.06211679e-07  2.99999999e+00 
 1.06231679e-07  2.99999999e+00  1.06231679e-07  2.99999999e+00 
 1.06251679e-07  2.99999999e+00  1.06251679e-07  2.99999999e+00 
 1.06271679e-07  2.99999999e+00  1.06271679e-07  2.99999999e+00 
 1.06291679e-07  2.99999999e+00  1.06291679e-07  2.99999999e+00 
 1.06311679e-07  2.99999999e+00  1.06311679e-07  2.99999999e+00 
 1.06331679e-07  2.99999999e+00  1.06331679e-07  2.99999999e+00 
 1.06351679e-07  2.99999999e+00  1.06351679e-07  2.99999999e+00 
 1.06371679e-07  2.99999999e+00  1.06371679e-07  2.99999999e+00 
 1.06391679e-07  2.99999999e+00  1.06391679e-07  2.99999999e+00 
 1.06411679e-07  2.99999999e+00  1.06411679e-07  2.99999999e+00 
 1.06431679e-07  2.99999999e+00  1.06431679e-07  2.99999999e+00 
 1.06451679e-07  2.99999999e+00  1.06451679e-07  2.99999999e+00 
 1.06471679e-07  2.99999999e+00  1.06471679e-07  2.99999999e+00 
 1.06491679e-07  2.99999999e+00  1.06491679e-07  2.99999999e+00 
 1.06511679e-07  2.99999999e+00  1.06511679e-07  2.99999999e+00 
 1.06531679e-07  2.99999999e+00  1.06531679e-07  2.99999999e+00 
 1.06551679e-07  2.99999999e+00  1.06551679e-07  2.99999999e+00 
 1.06571679e-07  2.99999999e+00  1.06571679e-07  2.99999999e+00 
 1.06591679e-07  2.99999999e+00  1.06591679e-07  2.99999999e+00 
 1.06611679e-07  2.99999999e+00  1.06611679e-07  2.99999999e+00 
 1.06631679e-07  2.99999999e+00  1.06631679e-07  2.99999999e+00 
 1.06651679e-07  2.99999999e+00  1.06651679e-07  2.99999999e+00 
 1.06671679e-07  2.99999999e+00  1.06671679e-07  2.99999999e+00 
 1.06691679e-07  2.99999999e+00  1.06691679e-07  2.99999999e+00 
 1.06711679e-07  2.99999999e+00  1.06711679e-07  2.99999999e+00 
 1.06731679e-07  2.99999999e+00  1.06731679e-07  2.99999999e+00 
 1.06751679e-07  2.99999999e+00  1.06751679e-07  2.99999999e+00 
 1.06771679e-07  2.99999999e+00  1.06771679e-07  2.99999999e+00 
 1.06791679e-07  2.99999999e+00  1.06791679e-07  2.99999999e+00 
 1.06811679e-07  2.99999999e+00  1.06811679e-07  2.99999999e+00 
 1.06831679e-07  2.99999999e+00  1.06831679e-07  2.99999999e+00 
 1.06851679e-07  2.99999999e+00  1.06851679e-07  2.99999999e+00 
 1.06871679e-07  2.99999999e+00  1.06871679e-07  2.99999999e+00 
 1.06891679e-07  2.99999999e+00  1.06891679e-07  2.99999999e+00 
 1.06911679e-07  2.99999999e+00  1.06911679e-07  2.99999999e+00 
 1.06931679e-07  2.99999999e+00  1.06931679e-07  2.99999999e+00 
 1.06951679e-07  2.99999999e+00  1.06951679e-07  2.99999999e+00 
 1.06971679e-07  2.99999999e+00  1.06971679e-07  2.99999999e+00 
 1.06991679e-07  2.99999999e+00  1.06991679e-07  2.99999999e+00 
 1.07011679e-07  2.99999999e+00  1.07011679e-07  2.99999999e+00 
 1.07031679e-07  2.99999999e+00  1.07031679e-07  2.99999999e+00 
 1.07051679e-07  2.99999999e+00  1.07051679e-07  2.99999999e+00 
 1.07071679e-07  2.99999999e+00  1.07071679e-07  2.99999999e+00 
 1.07091679e-07  2.99999999e+00  1.07091679e-07  2.99999999e+00 
 1.07111679e-07  2.99999999e+00  1.07111679e-07  2.99999999e+00 
 1.07131679e-07  2.99999999e+00  1.07131679e-07  2.99999999e+00 
 1.07151679e-07  2.99999999e+00  1.07151679e-07  2.99999999e+00 
 1.07171679e-07  2.99999999e+00  1.07171679e-07  2.99999999e+00 
 1.07191679e-07  2.99999999e+00  1.07191679e-07  2.99999999e+00 
 1.07211679e-07  2.99999999e+00  1.07211679e-07  2.99999999e+00 
 1.07231679e-07  2.99999999e+00  1.07231679e-07  2.99999999e+00 
 1.07251679e-07  2.99999999e+00  1.07251679e-07  2.99999999e+00 
 1.07271679e-07  2.99999999e+00  1.07271679e-07  2.99999999e+00 
 1.07291679e-07  2.99999999e+00  1.07291679e-07  2.99999999e+00 
 1.07311679e-07  2.99999999e+00  1.07311679e-07  2.99999999e+00 
 1.07331679e-07  2.99999999e+00  1.07331679e-07  2.99999999e+00 
 1.07351679e-07  2.99999999e+00  1.07351679e-07  2.99999999e+00 
 1.07371679e-07  2.99999999e+00  1.07371679e-07  2.99999999e+00 
 1.07391679e-07  2.99999999e+00  1.07391679e-07  2.99999999e+00 
 1.07411679e-07  2.99999999e+00  1.07411679e-07  2.99999999e+00 
 1.07431679e-07  2.99999999e+00  1.07431679e-07  2.99999999e+00 
 1.07451679e-07  2.99999999e+00  1.07451679e-07  2.99999999e+00 
 1.07471679e-07  2.99999999e+00  1.07471679e-07  2.99999999e+00 
 1.07491679e-07  2.99999999e+00  1.07491679e-07  2.99999999e+00 
 1.07511679e-07  2.99999999e+00  1.07511679e-07  2.99999999e+00 
 1.07531679e-07  2.99999999e+00  1.07531679e-07  2.99999999e+00 
 1.07551679e-07  2.99999999e+00  1.07551679e-07  2.99999999e+00 
 1.07571679e-07  2.99999999e+00  1.07571679e-07  2.99999999e+00 
 1.07591679e-07  2.99999999e+00  1.07591679e-07  2.99999999e+00 
 1.07611679e-07  2.99999999e+00  1.07611679e-07  2.99999999e+00 
 1.07631679e-07  2.99999999e+00  1.07631679e-07  2.99999999e+00 
 1.07651679e-07  2.99999999e+00  1.07651679e-07  2.99999999e+00 
 1.07671679e-07  2.99999999e+00  1.07671679e-07  2.99999999e+00 
 1.07691679e-07  2.99999999e+00  1.07691679e-07  2.99999999e+00 
 1.07711679e-07  2.99999999e+00  1.07711679e-07  2.99999999e+00 
 1.07731679e-07  2.99999999e+00  1.07731679e-07  2.99999999e+00 
 1.07751679e-07  2.99999999e+00  1.07751679e-07  2.99999999e+00 
 1.07771679e-07  2.99999999e+00  1.07771679e-07  2.99999999e+00 
 1.07791679e-07  2.99999999e+00  1.07791679e-07  2.99999999e+00 
 1.07811679e-07  2.99999999e+00  1.07811679e-07  2.99999999e+00 
 1.07831679e-07  2.99999999e+00  1.07831679e-07  2.99999999e+00 
 1.07851679e-07  2.99999999e+00  1.07851679e-07  2.99999999e+00 
 1.07871679e-07  2.99999999e+00  1.07871679e-07  2.99999999e+00 
 1.07891679e-07  2.99999999e+00  1.07891679e-07  2.99999999e+00 
 1.07911679e-07  2.99999999e+00  1.07911679e-07  2.99999999e+00 
 1.07931679e-07  2.99999999e+00  1.07931679e-07  2.99999999e+00 
 1.07951679e-07  2.99999999e+00  1.07951679e-07  2.99999999e+00 
 1.07971679e-07  2.99999999e+00  1.07971679e-07  2.99999999e+00 
 1.07991679e-07  2.99999999e+00  1.07991679e-07  2.99999999e+00 
 1.08011679e-07  2.99999999e+00  1.08011679e-07  2.99999999e+00 
 1.08031679e-07  2.99999999e+00  1.08031679e-07  2.99999999e+00 
 1.08051679e-07  2.99999999e+00  1.08051679e-07  2.99999999e+00 
 1.08071679e-07  2.99999999e+00  1.08071679e-07  2.99999999e+00 
 1.08091679e-07  2.99999999e+00  1.08091679e-07  2.99999999e+00 
 1.08111679e-07  2.99999999e+00  1.08111679e-07  2.99999999e+00 
 1.08131679e-07  2.99999999e+00  1.08131679e-07  2.99999999e+00 
 1.08151679e-07  2.99999999e+00  1.08151679e-07  2.99999999e+00 
 1.08171679e-07  2.99999999e+00  1.08171679e-07  2.99999999e+00 
 1.08191679e-07  2.99999999e+00  1.08191679e-07  2.99999999e+00 
 1.08211679e-07  2.99999999e+00  1.08211679e-07  2.99999999e+00 
 1.08231679e-07  2.99999999e+00  1.08231679e-07  2.99999999e+00 
 1.08251679e-07  2.99999999e+00  1.08251679e-07  2.99999999e+00 
 1.08271679e-07  2.99999999e+00  1.08271679e-07  2.99999999e+00 
 1.08291679e-07  2.99999999e+00  1.08291679e-07  2.99999999e+00 
 1.08311679e-07  2.99999999e+00  1.08311679e-07  2.99999999e+00 
 1.08331679e-07  2.99999999e+00  1.08331679e-07  2.99999999e+00 
 1.08351679e-07  2.99999999e+00  1.08351679e-07  2.99999999e+00 
 1.08371679e-07  2.99999999e+00  1.08371679e-07  2.99999999e+00 
 1.08391679e-07  2.99999999e+00  1.08391679e-07  2.99999999e+00 
 1.08411679e-07  2.99999999e+00  1.08411679e-07  2.99999999e+00 
 1.08431679e-07  2.99999999e+00  1.08431679e-07  2.99999999e+00 
 1.08451679e-07  2.99999999e+00  1.08451679e-07  2.99999999e+00 
 1.08471679e-07  2.99999999e+00  1.08471679e-07  2.99999999e+00 
 1.08491679e-07  2.99999999e+00  1.08491679e-07  2.99999999e+00 
 1.08511679e-07  2.99999999e+00  1.08511679e-07  2.99999999e+00 
 1.08531679e-07  2.99999999e+00  1.08531679e-07  2.99999999e+00 
 1.08551679e-07  2.99999999e+00  1.08551679e-07  2.99999999e+00 
 1.08571679e-07  2.99999999e+00  1.08571679e-07  2.99999999e+00 
 1.08591679e-07  2.99999999e+00  1.08591679e-07  2.99999999e+00 
 1.08611679e-07  2.99999999e+00  1.08611679e-07  2.99999999e+00 
 1.08631679e-07  2.99999999e+00  1.08631679e-07  2.99999999e+00 
 1.08651679e-07  2.99999999e+00  1.08651679e-07  2.99999999e+00 
 1.08671679e-07  2.99999999e+00  1.08671679e-07  2.99999999e+00 
 1.08691679e-07  2.99999999e+00  1.08691679e-07  2.99999999e+00 
 1.08711679e-07  2.99999999e+00  1.08711679e-07  2.99999999e+00 
 1.08731679e-07  2.99999999e+00  1.08731679e-07  2.99999999e+00 
 1.08751679e-07  2.99999999e+00  1.08751679e-07  2.99999999e+00 
 1.08771679e-07  2.99999999e+00  1.08771679e-07  2.99999999e+00 
 1.08791679e-07  2.99999999e+00  1.08791679e-07  2.99999999e+00 
 1.08811679e-07  2.99999999e+00  1.08811679e-07  2.99999999e+00 
 1.08831679e-07  2.99999999e+00  1.08831679e-07  2.99999999e+00 
 1.08851679e-07  2.99999999e+00  1.08851679e-07  2.99999999e+00 
 1.08871679e-07  2.99999999e+00  1.08871679e-07  2.99999999e+00 
 1.08891679e-07  2.99999999e+00  1.08891679e-07  2.99999999e+00 
 1.08911679e-07  2.99999999e+00  1.08911679e-07  2.99999999e+00 
 1.08931679e-07  2.99999999e+00  1.08931679e-07  2.99999999e+00 
 1.08951679e-07  2.99999999e+00  1.08951679e-07  2.99999999e+00 
 1.08971679e-07  2.99999999e+00  1.08971679e-07  2.99999999e+00 
 1.08991679e-07  2.99999999e+00  1.08991679e-07  2.99999999e+00 
 1.09011679e-07  2.99999999e+00  1.09011679e-07  2.99999999e+00 
 1.09031679e-07  2.99999999e+00  1.09031679e-07  2.99999999e+00 
 1.09051679e-07  2.99999999e+00  1.09051679e-07  2.99999999e+00 
 1.09071679e-07  2.99999999e+00  1.09071679e-07  2.99999999e+00 
 1.09091679e-07  2.99999999e+00  1.09091679e-07  2.99999999e+00 
 1.09111679e-07  2.99999999e+00  1.09111679e-07  2.99999999e+00 
 1.09131679e-07  2.99999999e+00  1.09131679e-07  2.99999999e+00 
 1.09151679e-07  2.99999999e+00  1.09151679e-07  2.99999999e+00 
 1.09171679e-07  2.99999999e+00  1.09171679e-07  2.99999999e+00 
 1.09191679e-07  2.99999999e+00  1.09191679e-07  2.99999999e+00 
 1.09211679e-07  2.99999999e+00  1.09211679e-07  2.99999999e+00 
 1.09231679e-07  2.99999999e+00  1.09231679e-07  2.99999999e+00 
 1.09251679e-07  2.99999999e+00  1.09251679e-07  2.99999999e+00 
 1.09271679e-07  2.99999999e+00  1.09271679e-07  2.99999999e+00 
 1.09291679e-07  2.99999999e+00  1.09291679e-07  2.99999999e+00 
 1.09311679e-07  2.99999999e+00  1.09311679e-07  2.99999999e+00 
 1.09331679e-07  2.99999999e+00  1.09331679e-07  2.99999999e+00 
 1.09351679e-07  2.99999999e+00  1.09351679e-07  2.99999999e+00 
 1.09371679e-07  2.99999999e+00  1.09371679e-07  2.99999999e+00 
 1.09391679e-07  2.99999999e+00  1.09391679e-07  2.99999999e+00 
 1.09411679e-07  2.99999999e+00  1.09411679e-07  2.99999999e+00 
 1.09431679e-07  2.99999999e+00  1.09431679e-07  2.99999999e+00 
 1.09451679e-07  2.99999999e+00  1.09451679e-07  2.99999999e+00 
 1.09471679e-07  2.99999999e+00  1.09471679e-07  2.99999999e+00 
 1.09491679e-07  2.99999999e+00  1.09491679e-07  2.99999999e+00 
 1.09511679e-07  2.99999999e+00  1.09511679e-07  2.99999999e+00 
 1.09531679e-07  2.99999999e+00  1.09531679e-07  2.99999999e+00 
 1.09551679e-07  2.99999999e+00  1.09551679e-07  2.99999999e+00 
 1.09571679e-07  2.99999999e+00  1.09571679e-07  2.99999999e+00 
 1.09591679e-07  2.99999999e+00  1.09591679e-07  2.99999999e+00 
 1.09611679e-07  2.99999999e+00  1.09611679e-07  2.99999999e+00 
 1.09631679e-07  2.99999999e+00  1.09631679e-07  2.99999999e+00 
 1.09651679e-07  2.99999999e+00  1.09651679e-07  2.99999999e+00 
 1.09671679e-07  2.99999999e+00  1.09671679e-07  2.99999999e+00 
 1.09691679e-07  2.99999999e+00  1.09691679e-07  2.99999999e+00 
 1.09711679e-07  2.99999999e+00  1.09711679e-07  2.99999999e+00 
 1.09731679e-07  2.99999999e+00  1.09731679e-07  2.99999999e+00 
 1.09751679e-07  2.99999999e+00  1.09751679e-07  2.99999999e+00 
 1.09771679e-07  2.99999999e+00  1.09771679e-07  2.99999999e+00 
 1.09791679e-07  2.99999999e+00  1.09791679e-07  2.99999999e+00 
 1.09811679e-07  2.99999999e+00  1.09811679e-07  2.99999999e+00 
 1.09831679e-07  2.99999999e+00  1.09831679e-07  2.99999999e+00 
 1.09851679e-07  2.99999999e+00  1.09851679e-07  2.99999999e+00 
 1.09871679e-07  2.99999999e+00  1.09871679e-07  2.99999999e+00 
 1.09891679e-07  2.99999999e+00  1.09891679e-07  2.99999999e+00 
 1.09911679e-07  2.99999999e+00  1.09911679e-07  2.99999999e+00 
 1.09931679e-07  2.99999999e+00  1.09931679e-07  2.99999999e+00 
 1.09951679e-07  2.99999999e+00  1.09951679e-07  2.99999999e+00 
 1.09971679e-07  2.99999999e+00  1.09971679e-07  2.99999999e+00 
 1.09991679e-07  2.99999999e+00  1.09991679e-07  2.99999999e+00 
 1.10000000e-07  2.99999999e+00  1.10000000e-07  2.99999999e+00 
 1.10002000e-07  3.01824265e+00  1.10002000e-07  3.01824258e+00 
 1.10006000e-07  3.05380708e+00  1.10006000e-07  3.05380692e+00 
 1.10014000e-07  3.12077916e+00  1.10014000e-07  3.12077889e+00 
 1.10025598e-07  3.21177620e+00  1.10025598e-07  3.21177603e+00 
 1.10045598e-07  3.34423898e+00  1.10045598e-07  3.34423940e+00 
 1.10050000e-07  3.35920441e+00  1.10050000e-07  3.35920252e+00 
 1.10050856e-07  3.35896549e+00  1.10050856e-07  3.35896316e+00 
 1.10052568e-07  3.35856910e+00  1.10052568e-07  3.35856521e+00 
 1.10055991e-07  3.35795541e+00  1.10055991e-07  3.35794615e+00 
 1.10062838e-07  3.35636126e+00  1.10062838e-07  3.35633149e+00 
 1.10076532e-07  3.34940822e+00  1.10076532e-07  3.34925932e+00 
 1.10096532e-07  3.33259183e+00  1.10096532e-07  3.33228553e+00 
 1.10116532e-07  3.31519123e+00  1.10116532e-07  3.31416203e+00 
 1.10136532e-07  3.26903630e+00  1.10136532e-07  3.26689919e+00 
 1.10156532e-07  3.19491312e+00  1.10156532e-07  3.19519282e+00 
 1.10176532e-07  3.10284660e+00  1.10176532e-07  3.10567799e+00 
 1.10196532e-07  3.00257692e+00  1.10196532e-07  3.00749989e+00 
 1.10216532e-07  2.90230845e+00  1.10216532e-07  2.90879908e+00 
 1.10236532e-07  2.80085110e+00  1.10236532e-07  2.80883319e+00 
 1.10256532e-07  2.69885428e+00  1.10256532e-07  2.70823233e+00 
 1.10276532e-07  2.59668509e+00  1.10276532e-07  2.60739778e+00 
 1.10296532e-07  2.49462477e+00  1.10296532e-07  2.50658662e+00 
 1.10316532e-07  2.39309588e+00  1.10316532e-07  2.40612330e+00 
 1.10336532e-07  2.29277159e+00  1.10336532e-07  2.30658560e+00 
 1.10356532e-07  2.19434341e+00  1.10356532e-07  2.20880208e+00 
 1.10376532e-07  2.09835458e+00  1.10376532e-07  2.11358096e+00 
 1.10396532e-07  2.00565552e+00  1.10396532e-07  2.02189573e+00 
 1.10416532e-07  1.91751289e+00  1.10416532e-07  1.93504989e+00 
 1.10436532e-07  1.83505184e+00  1.10436532e-07  1.85419389e+00 
 1.10456532e-07  1.75890920e+00  1.10456532e-07  1.77998512e+00 
 1.10476532e-07  1.68927783e+00  1.10476532e-07  1.71263944e+00 
 1.10496532e-07  1.62605725e+00  1.10496532e-07  1.65209031e+00 
 1.10516532e-07  1.56896537e+00  1.10516532e-07  1.59810233e+00 
 1.10536532e-07  1.51761451e+00  1.10536532e-07  1.55034633e+00 
 1.10556532e-07  1.47155441e+00  1.10556532e-07  1.50844104e+00 
 1.10576532e-07  1.43029488e+00  1.10576532e-07  1.47197567e+00 
 1.10596532e-07  1.39332925e+00  1.10596532e-07  1.44053493e+00 
 1.10616532e-07  1.36014973e+00  1.10616532e-07  1.41371580e+00 
 1.10636532e-07  1.33025804e+00  1.10636532e-07  1.39114006e+00 
 1.10656532e-07  1.30317212e+00  1.10656532e-07  1.37246335e+00 
 1.10676532e-07  1.27842962e+00  1.10676532e-07  1.35738116e+00 
 1.10696532e-07  1.25558891e+00  1.10696532e-07  1.34563287e+00 
 1.10716532e-07  1.23422813e+00  1.10716532e-07  1.33700407e+00 
 1.10736532e-07  1.21394273e+00  1.10736532e-07  1.33132790e+00 
 1.10756532e-07  1.19434197e+00  1.10756532e-07  1.32848578e+00 
 1.10776532e-07  1.17504463e+00  1.10776532e-07  1.32840782e+00 
 1.10796532e-07  1.15567423e+00  1.10796532e-07  1.33107318e+00 
 1.10816532e-07  1.13585389e+00  1.10816532e-07  1.33651050e+00 
 1.10836532e-07  1.11520111e+00  1.10836532e-07  1.34479840e+00 
 1.10856532e-07  1.09332272e+00  1.10856532e-07  1.35606598e+00 
 1.10876532e-07  1.06981010e+00  1.10876532e-07  1.37049311e+00 
 1.10896532e-07  1.04423528e+00  1.10896532e-07  1.38830983e+00 
 1.10916532e-07  1.01614849e+00  1.10916532e-07  1.40979427e+00 
 1.10936532e-07  9.85078313e-01  1.10936532e-07  1.43526740e+00 
 1.10956532e-07  9.50536963e-01  1.10956532e-07  1.46508202e+00 
 1.10976532e-07  9.12037933e-01  1.10976532e-07  1.49959955e+00 
 1.10996532e-07  8.69153016e-01  1.10996532e-07  1.53914266e+00 
 1.11016532e-07  8.21732939e-01  1.11016532e-07  1.58386633e+00 
 1.11036532e-07  7.70656804e-01  1.11036532e-07  1.63338682e+00 
 1.11056532e-07  7.18778294e-01  1.11056532e-07  1.68620904e+00 
 1.11076532e-07  6.69743871e-01  1.11076532e-07  1.74030708e+00 
 1.11096532e-07  6.24966707e-01  1.11096532e-07  1.79505279e+00 
 1.11116532e-07  5.84224703e-01  1.11116532e-07  1.85069179e+00 
 1.11136532e-07  5.47007828e-01  1.11136532e-07  1.90728933e+00 
 1.11156532e-07  5.12866654e-01  1.11156532e-07  1.96457769e+00 
 1.11176532e-07  4.81468027e-01  1.11176532e-07  2.02209504e+00 
 1.11196532e-07  4.52555497e-01  1.11196532e-07  2.07935502e+00 
 1.11216532e-07  4.25880148e-01  1.11216532e-07  2.13596331e+00 
 1.11236532e-07  4.01170170e-01  1.11236532e-07  2.19162844e+00 
 1.11256532e-07  3.78142095e-01  1.11256532e-07  2.24610591e+00 
 1.11276532e-07  3.56537386e-01  1.11276532e-07  2.29913105e+00 
 1.11296532e-07  3.36149672e-01  1.11296532e-07  2.35039717e+00 
 1.11316532e-07  3.16826120e-01  1.11316532e-07  2.39958266e+00 
 1.11336532e-07  2.98453236e-01  1.11336532e-07  2.44640749e+00 
 1.11356532e-07  2.80943828e-01  1.11356532e-07  2.49067280e+00 
 1.11376532e-07  2.64230282e-01  1.11376532e-07  2.53226727e+00 
 1.11396532e-07  2.48261061e-01  1.11396532e-07  2.57115405e+00 
 1.11416532e-07  2.32997914e-01  1.11416532e-07  2.60735333e+00 
 1.11436532e-07  2.18413094e-01  1.11436532e-07  2.64092701e+00 
 1.11456532e-07  2.04486661e-01  1.11456532e-07  2.67196676e+00 
 1.11476532e-07  1.91204030e-01  1.11476532e-07  2.70058492e+00 
 1.11496532e-07  1.78553887e-01  1.11496532e-07  2.72690745e+00 
 1.11516532e-07  1.66526502e-01  1.11516532e-07  2.75106845e+00 
 1.11536532e-07  1.55112454e-01  1.11536532e-07  2.77320587e+00 
 1.11556532e-07  1.44301700e-01  1.11556532e-07  2.79345819e+00 
 1.11576532e-07  1.34082975e-01  1.11576532e-07  2.81196182e+00 
 1.11596532e-07  1.24443438e-01  1.11596532e-07  2.82884922e+00 
 1.11616532e-07  1.15368526e-01  1.11616532e-07  2.84424743e+00 
 1.11636532e-07  1.06841959e-01  1.11636532e-07  2.85827719e+00 
 1.11656532e-07  9.88458694e-02  1.11656532e-07  2.87105229e+00 
 1.11676532e-07  9.13609868e-02  1.11676532e-07  2.88267925e+00 
 1.11696532e-07  8.43668864e-02  1.11696532e-07  2.89325728e+00 
 1.11716532e-07  7.78422489e-02  1.11716532e-07  2.90287827e+00 
 1.11736532e-07  7.17651283e-02  1.11736532e-07  2.91162703e+00 
 1.11756532e-07  6.61132100e-02  1.11756532e-07  2.91958159e+00 
 1.11776532e-07  6.08640508e-02  1.11776532e-07  2.92681352e+00 
 1.11796532e-07  5.59952963e-02  1.11796532e-07  2.93338831e+00 
 1.11816532e-07  5.14848707e-02  1.11816532e-07  2.93936577e+00 
 1.11836532e-07  4.73111397e-02  1.11836532e-07  2.94480044e+00 
 1.11856532e-07  4.34530454e-02  1.11856532e-07  2.94974201e+00 
 1.11876532e-07  3.98902152e-02  1.11876532e-07  2.95423567e+00 
 1.11896532e-07  3.66030469e-02  1.11896532e-07  2.95832249e+00 
 1.11916532e-07  3.35727708e-02  1.11916532e-07  2.96203979e+00 
 1.11936532e-07  3.07814935e-02  1.11936532e-07  2.96542146e+00 
 1.11956532e-07  2.82122239e-02  1.11956532e-07  2.96849824e+00 
 1.11976532e-07  2.58488849e-02  1.11976532e-07  2.97129803e+00 
 1.11996532e-07  2.36763135e-02  1.11996532e-07  2.97384616e+00 
 1.12016532e-07  2.16802497e-02  1.12016532e-07  2.97616560e+00 
 1.12036532e-07  1.98473184e-02  1.12036532e-07  2.97827719e+00 
 1.12056532e-07  1.81650041e-02  1.12056532e-07  2.98019982e+00 
 1.12076532e-07  1.66216211e-02  1.12076532e-07  2.98195066e+00 
 1.12096532e-07  1.52062799e-02  1.12096532e-07  2.98354527e+00 
 1.12116532e-07  1.39088512e-02  1.12116532e-07  2.98499779e+00 
 1.12136532e-07  1.27199277e-02  1.12136532e-07  2.98632105e+00 
 1.12156532e-07  1.16307861e-02  1.12156532e-07  2.98752670e+00 
 1.12176532e-07  1.06333479e-02  1.12176532e-07  2.98862531e+00 
 1.12196532e-07  9.72014127e-03  1.12196532e-07  2.98962651e+00 
 1.12216532e-07  8.88426286e-03  1.12216532e-07  2.99053902e+00 
 1.12236532e-07  8.11934145e-03  1.12236532e-07  2.99137077e+00 
 1.12256532e-07  7.41950223e-03  1.12256532e-07  2.99212900e+00 
 1.12276532e-07  6.77933285e-03  1.12276532e-07  2.99282025e+00 
 1.12296532e-07  6.19385087e-03  1.12296532e-07  2.99345050e+00 
 1.12316532e-07  5.65847292e-03  1.12316532e-07  2.99402518e+00 
 1.12336532e-07  5.16898548e-03  1.12336532e-07  2.99454922e+00 
 1.12356532e-07  4.72151739e-03  1.12356532e-07  2.99502711e+00 
 1.12376532e-07  4.31251395e-03  1.12376532e-07  2.99546295e+00 
 1.12396532e-07  3.93871268e-03  1.12396532e-07  2.99586046e+00 
 1.12416532e-07  3.59712074e-03  1.12416532e-07  2.99622303e+00 
 1.12436532e-07  3.28499371e-03  1.12436532e-07  2.99655376e+00 
 1.12456532e-07  2.99981604e-03  1.12456532e-07  2.99685544e+00 
 1.12476532e-07  2.73928269e-03  1.12476532e-07  2.99713065e+00 
 1.12496532e-07  2.50128226e-03  1.12496532e-07  2.99738172e+00 
 1.12516532e-07  2.28388127e-03  1.12516532e-07  2.99761077e+00 
 1.12536532e-07  2.08530965e-03  1.12536532e-07  2.99781974e+00 
 1.12556532e-07  1.90394736e-03  1.12556532e-07  2.99801040e+00 
 1.12576532e-07  1.73831198e-03  1.12576532e-07  2.99818436e+00 
 1.12596532e-07  1.58704731e-03  1.12596532e-07  2.99834309e+00 
 1.12616532e-07  1.44891289e-03  1.12616532e-07  2.99848791e+00 
 1.12636532e-07  1.32277428e-03  1.12636532e-07  2.99862007e+00 
 1.12656532e-07  1.20759421e-03  1.12656532e-07  2.99874066e+00 
 1.12676532e-07  1.10242436e-03  1.12676532e-07  2.99885069e+00 
 1.12696532e-07  1.00639789e-03  1.12696532e-07  2.99895111e+00 
 1.12716532e-07  9.18722482e-04  1.12716532e-07  2.99904274e+00 
 1.12736532e-07  8.38674079e-04  1.12736532e-07  2.99912636e+00 
 1.12756532e-07  7.65591032e-04  1.12756532e-07  2.99920267e+00 
 1.12776532e-07  6.98868791e-04  1.12776532e-07  2.99927230e+00 
 1.12796532e-07  6.37955030e-04  1.12796532e-07  2.99933586e+00 
 1.12816532e-07  5.82345170e-04  1.12816532e-07  2.99939385e+00 
 1.12836532e-07  5.31578292e-04  1.12836532e-07  2.99944678e+00 
 1.12856532e-07  4.85233381e-04  1.12856532e-07  2.99949509e+00 
 1.12876532e-07  4.42925901e-04  1.12876532e-07  2.99953917e+00 
 1.12896532e-07  4.04304653e-04  1.12896532e-07  2.99957941e+00 
 1.12916532e-07  3.69048898e-04  1.12916532e-07  2.99961613e+00 
 1.12936532e-07  3.36865735e-04  1.12936532e-07  2.99964964e+00 
 1.12956532e-07  3.07487693e-04  1.12956532e-07  2.99968023e+00 
 1.12976532e-07  2.80670533e-04  1.12976532e-07  2.99970814e+00 
 1.12996532e-07  2.56191241e-04  1.12996532e-07  2.99973362e+00 
 1.13016532e-07  2.33846187e-04  1.13016532e-07  2.99975687e+00 
 1.13036532e-07  2.13449448e-04  1.13036532e-07  2.99977809e+00 
 1.13056532e-07  1.94831274e-04  1.13056532e-07  2.99979746e+00 
 1.13076532e-07  1.77836682e-04  1.13076532e-07  2.99981514e+00 
 1.13096532e-07  1.62324178e-04  1.13096532e-07  2.99983128e+00 
 1.13116532e-07  1.48164585e-04  1.13116532e-07  2.99984600e+00 
 1.13136532e-07  1.35239971e-04  1.13136532e-07  2.99985944e+00 
 1.13156532e-07  1.23442676e-04  1.13156532e-07  2.99987171e+00 
 1.13176532e-07  1.12674414e-04  1.13176532e-07  2.99988291e+00 
 1.13196532e-07  1.02845465e-04  1.13196532e-07  2.99989312e+00 
 1.13216532e-07  9.38739221e-05  1.13216532e-07  2.99990245e+00 
 1.13236532e-07  8.56850168e-05  1.13236532e-07  2.99991096e+00 
 1.13256532e-07  7.82104967e-05  1.13256532e-07  2.99991873e+00 
 1.13276532e-07  7.13880579e-05  1.13276532e-07  2.99992583e+00 
 1.13296532e-07  6.51608272e-05  1.13296532e-07  2.99993230e+00 
 1.13316532e-07  5.94768896e-05  1.13316532e-07  2.99993821e+00 
 1.13336532e-07  5.42888559e-05  1.13336532e-07  2.99994360e+00 
 1.13356532e-07  4.95534689e-05  1.13356532e-07  2.99994852e+00 
 1.13376532e-07  4.52312432e-05  1.13376532e-07  2.99995301e+00 
 1.13396532e-07  4.12861368e-05  1.13396532e-07  2.99995711e+00 
 1.13416532e-07  3.76852505e-05  1.13416532e-07  2.99996085e+00 
 1.13436532e-07  3.43985545e-05  1.13436532e-07  2.99996427e+00 
 1.13456532e-07  3.13986382e-05  1.13456532e-07  2.99996739e+00 
 1.13476532e-07  2.86604816e-05  1.13476532e-07  2.99997023e+00 
 1.13496532e-07  2.61612472e-05  1.13496532e-07  2.99997283e+00 
 1.13516532e-07  2.38800895e-05  1.13516532e-07  2.99997520e+00 
 1.13536532e-07  2.17979815e-05  1.13536532e-07  2.99997736e+00 
 1.13556532e-07  1.98975558e-05  1.13556532e-07  2.99997934e+00 
 1.13576532e-07  1.81629603e-05  1.13576532e-07  2.99998114e+00 
 1.13596532e-07  1.65797257e-05  1.13596532e-07  2.99998279e+00 
 1.13616532e-07  1.51346452e-05  1.13616532e-07  2.99998429e+00 
 1.13636532e-07  1.38156639e-05  1.13636532e-07  2.99998566e+00 
 1.13656532e-07  1.26117790e-05  1.13656532e-07  2.99998691e+00 
 1.13676532e-07  1.15129474e-05  1.13676532e-07  2.99998805e+00 
 1.13696532e-07  1.05100024e-05  1.13696532e-07  2.99998909e+00 
 1.13716532e-07  9.59457708e-06  1.13716532e-07  2.99999004e+00 
 1.13736532e-07  8.75903447e-06  1.13736532e-07  2.99999091e+00 
 1.13756532e-07  7.99640403e-06  1.13756532e-07  2.99999170e+00 
 1.13776532e-07  7.30032342e-06  1.13776532e-07  2.99999243e+00 
 1.13796532e-07  6.66498541e-06  1.13796532e-07  2.99999309e+00 
 1.13816532e-07  6.08508953e-06  1.13816532e-07  2.99999369e+00 
 1.13836532e-07  5.55579779e-06  1.13836532e-07  2.99999424e+00 
 1.13856532e-07  5.07269435e-06  1.13856532e-07  2.99999474e+00 
 1.13876532e-07  4.63174871e-06  1.13876532e-07  2.99999520e+00 
 1.13896532e-07  4.22928206e-06  1.13896532e-07  2.99999562e+00 
 1.13916532e-07  3.86193658e-06  1.13916532e-07  2.99999600e+00 
 1.13936532e-07  3.52664750e-06  1.13936532e-07  2.99999635e+00 
 1.13956532e-07  3.22061744e-06  1.13956532e-07  2.99999667e+00 
 1.13976532e-07  2.94129315e-06  1.13976532e-07  2.99999696e+00 
 1.13996532e-07  2.68634418e-06  1.13996532e-07  2.99999722e+00 
 1.14016532e-07  2.45364342e-06  1.14016532e-07  2.99999746e+00 
 1.14036532e-07  2.24124940e-06  1.14036532e-07  2.99999768e+00 
 1.14056532e-07  2.04739006e-06  1.14056532e-07  2.99999788e+00 
 1.14076532e-07  1.87044796e-06  1.14076532e-07  2.99999807e+00 
 1.14096532e-07  1.70894684e-06  1.14096532e-07  2.99999824e+00 
 1.14116532e-07  1.56153923e-06  1.14116532e-07  2.99999839e+00 
 1.14136532e-07  1.42699526e-06  1.14136532e-07  2.99999853e+00 
 1.14156532e-07  1.30419237e-06  1.14156532e-07  2.99999866e+00 
 1.14176532e-07  1.19210599e-06  1.14176532e-07  2.99999877e+00 
 1.14196532e-07  1.08980093e-06  1.14196532e-07  2.99999888e+00 
 1.14216532e-07  9.96423619e-07  1.14216532e-07  2.99999898e+00 
 1.14236532e-07  9.11194968e-07  1.14236532e-07  2.99999906e+00 
 1.14256532e-07  8.33403881e-07  1.14256532e-07  2.99999915e+00 
 1.14276532e-07  7.62401314e-07  1.14276532e-07  2.99999922e+00 
 1.14296532e-07  6.97594862e-07  1.14296532e-07  2.99999929e+00 
 1.14316532e-07  6.38443815e-07  1.14316532e-07  2.99999935e+00 
 1.14336532e-07  5.84454649e-07  1.14336532e-07  2.99999940e+00 
 1.14356532e-07  5.35176909e-07  1.14356532e-07  2.99999946e+00 
 1.14376532e-07  4.90199449e-07  1.14376532e-07  2.99999950e+00 
 1.14396532e-07  4.49146999e-07  1.14396532e-07  2.99999954e+00 
 1.14416532e-07  4.11677038e-07  1.14416532e-07  2.99999958e+00 
 1.14436532e-07  3.77476938e-07  1.14436532e-07  2.99999962e+00 
 1.14456532e-07  3.46261352e-07  1.14456532e-07  2.99999965e+00 
 1.14476532e-07  3.17769832e-07  1.14476532e-07  2.99999968e+00 
 1.14496532e-07  2.91764658e-07  1.14496532e-07  2.99999971e+00 
 1.14516532e-07  2.68028858e-07  1.14516532e-07  2.99999973e+00 
 1.14536532e-07  2.46364392e-07  1.14536532e-07  2.99999976e+00 
 1.14556532e-07  2.26590504e-07  1.14556532e-07  2.99999978e+00 
 1.14576532e-07  2.08542209e-07  1.14576532e-07  2.99999979e+00 
 1.14596532e-07  1.92068922e-07  1.14596532e-07  2.99999981e+00 
 1.14616532e-07  1.77033198e-07  1.14616532e-07  2.99999983e+00 
 1.14636532e-07  1.63309585e-07  1.14636532e-07  2.99999984e+00 
 1.14656532e-07  1.50783579e-07  1.14656532e-07  2.99999985e+00 
 1.14676532e-07  1.39350674e-07  1.14676532e-07  2.99999987e+00 
 1.14696532e-07  1.28915474e-07  1.14696532e-07  2.99999988e+00 
 1.14716532e-07  1.19390917e-07  1.14716532e-07  2.99999989e+00 
 1.14736532e-07  1.10697532e-07  1.14736532e-07  2.99999990e+00 
 1.14756532e-07  1.02762787e-07  1.14756532e-07  2.99999990e+00 
 1.14776532e-07  9.55204783e-08  1.14776532e-07  2.99999991e+00 
 1.14796532e-07  8.89101778e-08  1.14796532e-07  2.99999992e+00 
 1.14816532e-07  8.28767349e-08  1.14816532e-07  2.99999993e+00 
 1.14836532e-07  7.73698066e-08  1.14836532e-07  2.99999993e+00 
 1.14856532e-07  7.23434479e-08  1.14856532e-07  2.99999994e+00 
 1.14876532e-07  6.77557224e-08  1.14876532e-07  2.99999994e+00 
 1.14896532e-07  6.35683500e-08  1.14896532e-07  2.99999995e+00 
 1.14916532e-07  5.97463944e-08  1.14916532e-07  2.99999995e+00 
 1.14936532e-07  5.62579671e-08  1.14936532e-07  2.99999995e+00 
 1.14956532e-07  5.30739616e-08  1.14956532e-07  2.99999996e+00 
 1.14976532e-07  5.01678132e-08  1.14976532e-07  2.99999996e+00 
 1.14996532e-07  4.75152727e-08  1.14996532e-07  2.99999996e+00 
 1.15016532e-07  4.50942099e-08  1.15016532e-07  2.99999996e+00 
 1.15036532e-07  4.28844253e-08  1.15036532e-07  2.99999997e+00 
 1.15056532e-07  4.08674804e-08  1.15056532e-07  2.99999997e+00 
 1.15076532e-07  3.90265474e-08  1.15076532e-07  2.99999997e+00 
 1.15096532e-07  3.73462659e-08  1.15096532e-07  2.99999997e+00 
 1.15116532e-07  3.58126158e-08  1.15116532e-07  2.99999997e+00 
 1.15136532e-07  3.44128006e-08  1.15136532e-07  2.99999998e+00 
 1.15156532e-07  3.31351427e-08  1.15156532e-07  2.99999998e+00 
 1.15176532e-07  3.19689811e-08  1.15176532e-07  2.99999998e+00 
 1.15196532e-07  3.09045865e-08  1.15196532e-07  2.99999998e+00 
 1.15216532e-07  2.99330783e-08  1.15216532e-07  2.99999998e+00 
 1.15236532e-07  2.90463496e-08  1.15236532e-07  2.99999998e+00 
 1.15256532e-07  2.82370014e-08  1.15256532e-07  2.99999998e+00 
 1.15276532e-07  2.74982843e-08  1.15276532e-07  2.99999998e+00 
 1.15296532e-07  2.68240311e-08  1.15296532e-07  2.99999998e+00 
 1.15316532e-07  2.62086180e-08  1.15316532e-07  2.99999998e+00 
 1.15336532e-07  2.56469103e-08  1.15336532e-07  2.99999998e+00 
 1.15356532e-07  2.51342198e-08  1.15356532e-07  2.99999999e+00 
 1.15376532e-07  2.46662698e-08  1.15376532e-07  2.99999999e+00 
 1.15396532e-07  2.42391565e-08  1.15396532e-07  2.99999999e+00 
 1.15416532e-07  2.38493143e-08  1.15416532e-07  2.99999999e+00 
 1.15436532e-07  2.34934927e-08  1.15436532e-07  2.99999999e+00 
 1.15456532e-07  2.31687228e-08  1.15456532e-07  2.99999999e+00 
 1.15476532e-07  2.28722949e-08  1.15476532e-07  2.99999999e+00 
 1.15496532e-07  2.26017355e-08  1.15496532e-07  2.99999999e+00 
 1.15516532e-07  2.23547867e-08  1.15516532e-07  2.99999999e+00 
 1.15536532e-07  2.21293878e-08  1.15536532e-07  2.99999999e+00 
 1.15556532e-07  2.19236582e-08  1.15556532e-07  2.99999999e+00 
 1.15576532e-07  2.17358826e-08  1.15576532e-07  2.99999999e+00 
 1.15596532e-07  2.15644942e-08  1.15596532e-07  2.99999999e+00 
 1.15616532e-07  2.14080612e-08  1.15616532e-07  2.99999999e+00 
 1.15636532e-07  2.12652795e-08  1.15636532e-07  2.99999999e+00 
 1.15656532e-07  2.11349585e-08  1.15656532e-07  2.99999999e+00 
 1.15676532e-07  2.10160102e-08  1.15676532e-07  2.99999999e+00 
 1.15696532e-07  2.09074415e-08  1.15696532e-07  2.99999999e+00 
 1.15716532e-07  2.08083468e-08  1.15716532e-07  2.99999999e+00 
 1.15736532e-07  2.07179001e-08  1.15736532e-07  2.99999999e+00 
 1.15756532e-07  2.06353460e-08  1.15756532e-07  2.99999999e+00 
 1.15776532e-07  2.05599975e-08  1.15776532e-07  2.99999999e+00 
 1.15796532e-07  2.04912234e-08  1.15796532e-07  2.99999999e+00 
 1.15816532e-07  2.04284506e-08  1.15816532e-07  2.99999999e+00 
 1.15836532e-07  2.03711559e-08  1.15836532e-07  2.99999999e+00 
 1.15856532e-07  2.03188609e-08  1.15856532e-07  2.99999999e+00 
 1.15876532e-07  2.02711283e-08  1.15876532e-07  2.99999999e+00 
 1.15896532e-07  2.02275640e-08  1.15896532e-07  2.99999999e+00 
 1.15916532e-07  2.01878002e-08  1.15916532e-07  2.99999999e+00 
 1.15936532e-07  2.01515059e-08  1.15936532e-07  2.99999999e+00 
 1.15956532e-07  2.01183791e-08  1.15956532e-07  2.99999999e+00 
 1.15976532e-07  2.00881441e-08  1.15976532e-07  2.99999999e+00 
 1.15996532e-07  2.00605468e-08  1.15996532e-07  2.99999999e+00 
 1.16016532e-07  2.00353582e-08  1.16016532e-07  2.99999999e+00 
 1.16036532e-07  2.00123668e-08  1.16036532e-07  2.99999999e+00 
 1.16056532e-07  1.99913828e-08  1.16056532e-07  2.99999999e+00 
 1.16076532e-07  1.99722302e-08  1.16076532e-07  2.99999999e+00 
 1.16096532e-07  1.99547490e-08  1.16096532e-07  2.99999999e+00 
 1.16116532e-07  1.99387924e-08  1.16116532e-07  2.99999999e+00 
 1.16136532e-07  1.99242277e-08  1.16136532e-07  2.99999999e+00 
 1.16156532e-07  1.99109344e-08  1.16156532e-07  2.99999999e+00 
 1.16176532e-07  1.98988023e-08  1.16176532e-07  2.99999999e+00 
 1.16196532e-07  1.98877290e-08  1.16196532e-07  2.99999999e+00 
 1.16216532e-07  1.98776218e-08  1.16216532e-07  2.99999999e+00 
 1.16236532e-07  1.98683965e-08  1.16236532e-07  2.99999999e+00 
 1.16256532e-07  1.98599763e-08  1.16256532e-07  2.99999999e+00 
 1.16276532e-07  1.98522905e-08  1.16276532e-07  2.99999999e+00 
 1.16296532e-07  1.98452750e-08  1.16296532e-07  2.99999999e+00 
 1.16316532e-07  1.98388717e-08  1.16316532e-07  2.99999999e+00 
 1.16336532e-07  1.98330275e-08  1.16336532e-07  2.99999999e+00 
 1.16356532e-07  1.98276938e-08  1.16356532e-07  2.99999999e+00 
 1.16376532e-07  1.98228256e-08  1.16376532e-07  2.99999999e+00 
 1.16396532e-07  1.98183816e-08  1.16396532e-07  2.99999999e+00 
 1.16416532e-07  1.98143250e-08  1.16416532e-07  2.99999999e+00 
 1.16436532e-07  1.98106230e-08  1.16436532e-07  2.99999999e+00 
 1.16456532e-07  1.98072433e-08  1.16456532e-07  2.99999999e+00 
 1.16476532e-07  1.98041592e-08  1.16476532e-07  2.99999999e+00 
 1.16496532e-07  1.98013442e-08  1.16496532e-07  2.99999999e+00 
 1.16516532e-07  1.97987746e-08  1.16516532e-07  2.99999999e+00 
 1.16536532e-07  1.97964285e-08  1.16536532e-07  2.99999999e+00 
 1.16556532e-07  1.97942877e-08  1.16556532e-07  2.99999999e+00 
 1.16576532e-07  1.97923340e-08  1.16576532e-07  2.99999999e+00 
 1.16596532e-07  1.97905509e-08  1.16596532e-07  2.99999999e+00 
 1.16616532e-07  1.97889239e-08  1.16616532e-07  2.99999999e+00 
 1.16636532e-07  1.97874383e-08  1.16636532e-07  2.99999999e+00 
 1.16656532e-07  1.97860824e-08  1.16656532e-07  2.99999999e+00 
 1.16676532e-07  1.97848468e-08  1.16676532e-07  2.99999999e+00 
 1.16696532e-07  1.97837173e-08  1.16696532e-07  2.99999999e+00 
 1.16716532e-07  1.97826866e-08  1.16716532e-07  2.99999999e+00 
 1.16736532e-07  1.97817455e-08  1.16736532e-07  2.99999999e+00 
 1.16756532e-07  1.97808874e-08  1.16756532e-07  2.99999999e+00 
 1.16776532e-07  1.97801028e-08  1.16776532e-07  2.99999999e+00 
 1.16796532e-07  1.97793869e-08  1.16796532e-07  2.99999999e+00 
 1.16816532e-07  1.97787334e-08  1.16816532e-07  2.99999999e+00 
 1.16836532e-07  1.97781375e-08  1.16836532e-07  2.99999999e+00 
 1.16856532e-07  1.97775928e-08  1.16856532e-07  2.99999999e+00 
 1.16876532e-07  1.97770957e-08  1.16876532e-07  2.99999999e+00 
 1.16896532e-07  1.97766433e-08  1.16896532e-07  2.99999999e+00 
 1.16916532e-07  1.97762296e-08  1.16916532e-07  2.99999999e+00 
 1.16936532e-07  1.97758525e-08  1.16936532e-07  2.99999999e+00 
 1.16956532e-07  1.97755088e-08  1.16956532e-07  2.99999999e+00 
 1.16976532e-07  1.97751943e-08  1.16976532e-07  2.99999999e+00 
 1.16996532e-07  1.97749068e-08  1.16996532e-07  2.99999999e+00 
 1.17016532e-07  1.97746446e-08  1.17016532e-07  2.99999999e+00 
 1.17036532e-07  1.97744061e-08  1.17036532e-07  2.99999999e+00 
 1.17056532e-07  1.97741886e-08  1.17056532e-07  2.99999999e+00 
 1.17076532e-07  1.97739882e-08  1.17076532e-07  2.99999999e+00 
 1.17096532e-07  1.97738051e-08  1.17096532e-07  2.99999999e+00 
 1.17116532e-07  1.97736390e-08  1.17116532e-07  2.99999999e+00 
 1.17136532e-07  1.97734879e-08  1.17136532e-07  2.99999999e+00 
 1.17156532e-07  1.97733507e-08  1.17156532e-07  2.99999999e+00 
 1.17176532e-07  1.97732255e-08  1.17176532e-07  2.99999999e+00 
 1.17196532e-07  1.97731109e-08  1.17196532e-07  2.99999999e+00 
 1.17216532e-07  1.97730058e-08  1.17216532e-07  2.99999999e+00 
 1.17236532e-07  1.97729092e-08  1.17236532e-07  2.99999999e+00 
 1.17256532e-07  1.97728213e-08  1.17256532e-07  2.99999999e+00 
 1.17276532e-07  1.97727409e-08  1.17276532e-07  2.99999999e+00 
 1.17296532e-07  1.97726679e-08  1.17296532e-07  2.99999999e+00 
 1.17316532e-07  1.97726018e-08  1.17316532e-07  2.99999999e+00 
 1.17336532e-07  1.97725414e-08  1.17336532e-07  2.99999999e+00 
 1.17356532e-07  1.97724846e-08  1.17356532e-07  2.99999999e+00 
 1.17376532e-07  1.97724333e-08  1.17376532e-07  2.99999999e+00 
 1.17396532e-07  1.97723871e-08  1.17396532e-07  2.99999999e+00 
 1.17416532e-07  1.97723449e-08  1.17416532e-07  2.99999999e+00 
 1.17436532e-07  1.97723071e-08  1.17436532e-07  2.99999999e+00 
 1.17456532e-07  1.97722723e-08  1.17456532e-07  2.99999999e+00 
 1.17476532e-07  1.97722415e-08  1.17476532e-07  2.99999999e+00 
 1.17496532e-07  1.97722116e-08  1.17496532e-07  2.99999999e+00 
 1.17516532e-07  1.97721847e-08  1.17516532e-07  2.99999999e+00 
 1.17536532e-07  1.97721604e-08  1.17536532e-07  2.99999999e+00 
 1.17556532e-07  1.97721374e-08  1.17556532e-07  2.99999999e+00 
 1.17576532e-07  1.97721168e-08  1.17576532e-07  2.99999999e+00 
 1.17596532e-07  1.97720987e-08  1.17596532e-07  2.99999999e+00 
 1.17616532e-07  1.97720815e-08  1.17616532e-07  2.99999999e+00 
 1.17636532e-07  1.97720662e-08  1.17636532e-07  2.99999999e+00 
 1.17656532e-07  1.97720533e-08  1.17656532e-07  2.99999999e+00 
 1.17676532e-07  1.97720404e-08  1.17676532e-07  2.99999999e+00 
 1.17696532e-07  1.97720285e-08  1.17696532e-07  2.99999999e+00 
 1.17716532e-07  1.97720172e-08  1.17716532e-07  2.99999999e+00 
 1.17736532e-07  1.97720078e-08  1.17736532e-07  2.99999999e+00 
 1.17756532e-07  1.97719987e-08  1.17756532e-07  2.99999999e+00 
 1.17776532e-07  1.97719909e-08  1.17776532e-07  2.99999999e+00 
 1.17796532e-07  1.97719836e-08  1.17796532e-07  2.99999999e+00 
 1.17816532e-07  1.97719774e-08  1.17816532e-07  2.99999999e+00 
 1.17836532e-07  1.97719715e-08  1.17836532e-07  2.99999999e+00 
 1.17856532e-07  1.97719663e-08  1.17856532e-07  2.99999999e+00 
 1.17876532e-07  1.97719618e-08  1.17876532e-07  2.99999999e+00 
 1.17896532e-07  1.97719565e-08  1.17896532e-07  2.99999999e+00 
 1.17916532e-07  1.97719511e-08  1.17916532e-07  2.99999999e+00 
 1.17936532e-07  1.97719456e-08  1.17936532e-07  2.99999999e+00 
 1.17956532e-07  1.97719421e-08  1.17956532e-07  2.99999999e+00 
 1.17976532e-07  1.97719396e-08  1.17976532e-07  2.99999999e+00 
 1.17996532e-07  1.97719362e-08  1.17996532e-07  2.99999999e+00 
 1.18016532e-07  1.97719337e-08  1.18016532e-07  2.99999999e+00 
 1.18036532e-07  1.97719314e-08  1.18036532e-07  2.99999999e+00 
 1.18056532e-07  1.97719291e-08  1.18056532e-07  2.99999999e+00 
 1.18076532e-07  1.97719269e-08  1.18076532e-07  2.99999999e+00 
 1.18096532e-07  1.97719251e-08  1.18096532e-07  2.99999999e+00 
 1.18116532e-07  1.97719241e-08  1.18116532e-07  2.99999999e+00 
 1.18136532e-07  1.97719226e-08  1.18136532e-07  2.99999999e+00 
 1.18156532e-07  1.97719219e-08  1.18156532e-07  2.99999999e+00 
 1.18176532e-07  1.97719206e-08  1.18176532e-07  2.99999999e+00 
 1.18196532e-07  1.97719185e-08  1.18196532e-07  2.99999999e+00 
 1.18216532e-07  1.97719172e-08  1.18216532e-07  2.99999999e+00 
 1.18236532e-07  1.97719159e-08  1.18236532e-07  2.99999999e+00 
 1.18256532e-07  1.97719149e-08  1.18256532e-07  2.99999999e+00 
 1.18276532e-07  1.97719143e-08  1.18276532e-07  2.99999999e+00 
 1.18296532e-07  1.97719129e-08  1.18296532e-07  2.99999999e+00 
 1.18316532e-07  1.97719122e-08  1.18316532e-07  2.99999999e+00 
 1.18336532e-07  1.97719112e-08  1.18336532e-07  2.99999999e+00 
 1.18356532e-07  1.97719105e-08  1.18356532e-07  2.99999999e+00 
 1.18376532e-07  1.97719101e-08  1.18376532e-07  2.99999999e+00 
 1.18396532e-07  1.97719095e-08  1.18396532e-07  2.99999999e+00 
 1.18416532e-07  1.97719099e-08  1.18416532e-07  2.99999999e+00 
 1.18436532e-07  1.97719099e-08  1.18436532e-07  2.99999999e+00 
 1.18456532e-07  1.97719092e-08  1.18456532e-07  2.99999999e+00 
 1.18476532e-07  1.97719081e-08  1.18476532e-07  2.99999999e+00 
 1.18496532e-07  1.97719076e-08  1.18496532e-07  2.99999999e+00 
 1.18516532e-07  1.97719068e-08  1.18516532e-07  2.99999999e+00 
 1.18536532e-07  1.97719060e-08  1.18536532e-07  2.99999999e+00 
 1.18556532e-07  1.97719058e-08  1.18556532e-07  2.99999999e+00 
 1.18576532e-07  1.97719060e-08  1.18576532e-07  2.99999999e+00 
 1.18596532e-07  1.97719059e-08  1.18596532e-07  2.99999999e+00 
 1.18616532e-07  1.97719057e-08  1.18616532e-07  2.99999999e+00 
 1.18636532e-07  1.97719051e-08  1.18636532e-07  2.99999999e+00 
 1.18656532e-07  1.97719055e-08  1.18656532e-07  2.99999999e+00 
 1.18676532e-07  1.97719061e-08  1.18676532e-07  2.99999999e+00 
 1.18696532e-07  1.97719064e-08  1.18696532e-07  2.99999999e+00 
 1.18716532e-07  1.97719062e-08  1.18716532e-07  2.99999999e+00 
 1.18736532e-07  1.97719066e-08  1.18736532e-07  2.99999999e+00 
 1.18756532e-07  1.97719067e-08  1.18756532e-07  2.99999999e+00 
 1.18776532e-07  1.97719069e-08  1.18776532e-07  2.99999999e+00 
 1.18796532e-07  1.97719067e-08  1.18796532e-07  2.99999999e+00 
 1.18816532e-07  1.97719066e-08  1.18816532e-07  2.99999999e+00 
 1.18836532e-07  1.97719065e-08  1.18836532e-07  2.99999999e+00 
 1.18856532e-07  1.97719063e-08  1.18856532e-07  2.99999999e+00 
 1.18876532e-07  1.97719067e-08  1.18876532e-07  2.99999999e+00 
 1.18896532e-07  1.97719065e-08  1.18896532e-07  2.99999999e+00 
 1.18916532e-07  1.97719063e-08  1.18916532e-07  2.99999999e+00 
 1.18936532e-07  1.97719066e-08  1.18936532e-07  2.99999999e+00 
 1.18956532e-07  1.97719066e-08  1.18956532e-07  2.99999999e+00 
 1.18976532e-07  1.97719067e-08  1.18976532e-07  2.99999999e+00 
 1.18996532e-07  1.97719066e-08  1.18996532e-07  2.99999999e+00 
 1.19016532e-07  1.97719065e-08  1.19016532e-07  2.99999999e+00 
 1.19036532e-07  1.97719064e-08  1.19036532e-07  2.99999999e+00 
 1.19056532e-07  1.97719065e-08  1.19056532e-07  2.99999999e+00 
 1.19076532e-07  1.97719068e-08  1.19076532e-07  2.99999999e+00 
 1.19096532e-07  1.97719063e-08  1.19096532e-07  2.99999999e+00 
 1.19116532e-07  1.97719066e-08  1.19116532e-07  2.99999999e+00 
 1.19136532e-07  1.97719066e-08  1.19136532e-07  2.99999999e+00 
 1.19156532e-07  1.97719061e-08  1.19156532e-07  2.99999999e+00 
 1.19176532e-07  1.97719064e-08  1.19176532e-07  2.99999999e+00 
 1.19196532e-07  1.97719071e-08  1.19196532e-07  2.99999999e+00 
 1.19216532e-07  1.97719073e-08  1.19216532e-07  2.99999999e+00 
 1.19236532e-07  1.97719072e-08  1.19236532e-07  2.99999999e+00 
 1.19256532e-07  1.97719072e-08  1.19256532e-07  2.99999999e+00 
 1.19276532e-07  1.97719072e-08  1.19276532e-07  2.99999999e+00 
 1.19296532e-07  1.97719073e-08  1.19296532e-07  2.99999999e+00 
 1.19316532e-07  1.97719070e-08  1.19316532e-07  2.99999999e+00 
 1.19336532e-07  1.97719065e-08  1.19336532e-07  2.99999999e+00 
 1.19356532e-07  1.97719065e-08  1.19356532e-07  2.99999999e+00 
 1.19376532e-07  1.97719067e-08  1.19376532e-07  2.99999999e+00 
 1.19396532e-07  1.97719067e-08  1.19396532e-07  2.99999999e+00 
 1.19416532e-07  1.97719063e-08  1.19416532e-07  2.99999999e+00 
 1.19436532e-07  1.97719059e-08  1.19436532e-07  2.99999999e+00 
 1.19456532e-07  1.97719062e-08  1.19456532e-07  2.99999999e+00 
 1.19476532e-07  1.97719061e-08  1.19476532e-07  2.99999999e+00 
 1.19496532e-07  1.97719064e-08  1.19496532e-07  2.99999999e+00 
 1.19516532e-07  1.97719060e-08  1.19516532e-07  2.99999999e+00 
 1.19536532e-07  1.97719055e-08  1.19536532e-07  2.99999999e+00 
 1.19556532e-07  1.97719058e-08  1.19556532e-07  2.99999999e+00 
 1.19576532e-07  1.97719058e-08  1.19576532e-07  2.99999999e+00 
 1.19596532e-07  1.97719058e-08  1.19596532e-07  2.99999999e+00 
 1.19616532e-07  1.97719056e-08  1.19616532e-07  2.99999999e+00 
 1.19636532e-07  1.97719057e-08  1.19636532e-07  2.99999999e+00 
 1.19656532e-07  1.97719058e-08  1.19656532e-07  2.99999999e+00 
 1.19676532e-07  1.97719057e-08  1.19676532e-07  2.99999999e+00 
 1.19696532e-07  1.97719058e-08  1.19696532e-07  2.99999999e+00 
 1.19716532e-07  1.97719059e-08  1.19716532e-07  2.99999999e+00 
 1.19736532e-07  1.97719061e-08  1.19736532e-07  2.99999999e+00 
 1.19756532e-07  1.97719064e-08  1.19756532e-07  2.99999999e+00 
 1.19776532e-07  1.97719060e-08  1.19776532e-07  2.99999999e+00 
 1.19796532e-07  1.97719062e-08  1.19796532e-07  2.99999999e+00 
 1.19816532e-07  1.97719066e-08  1.19816532e-07  2.99999999e+00 
 1.19836532e-07  1.97719064e-08  1.19836532e-07  2.99999999e+00 
 1.19856532e-07  1.97719064e-08  1.19856532e-07  2.99999999e+00 
 1.19876532e-07  1.97719062e-08  1.19876532e-07  2.99999999e+00 
 1.19896532e-07  1.97719057e-08  1.19896532e-07  2.99999999e+00 
 1.19916532e-07  1.97719062e-08  1.19916532e-07  2.99999999e+00 
 1.19936532e-07  1.97719063e-08  1.19936532e-07  2.99999999e+00 
 1.19956532e-07  1.97719060e-08  1.19956532e-07  2.99999999e+00 
 1.19976532e-07  1.97719065e-08  1.19976532e-07  2.99999999e+00 
 1.19996532e-07  1.97719064e-08  1.19996532e-07  2.99999999e+00 
 1.20000000e-07  1.97719064e-08  1.20000000e-07  2.99999999e+00 
