 1.00000000e+00  4.99658859e+01  1.00000000e+00  3.14150834e+00 
 1.00575862e+00  4.99658859e+01  1.00575862e+00  3.14150785e+00 
 1.01155041e+00  4.99658859e+01  1.01155041e+00  3.14150737e+00 
 1.01737555e+00  4.99658859e+01  1.01737555e+00  3.14150688e+00 
 1.02323424e+00  4.99658859e+01  1.02323424e+00  3.14150638e+00 
 1.02912666e+00  4.99658859e+01  1.02912666e+00  3.14150588e+00 
 1.03505301e+00  4.99658859e+01  1.03505301e+00  3.14150538e+00 
 1.04101349e+00  4.99658859e+01  1.04101349e+00  3.14150488e+00 
 1.04700830e+00  4.99658859e+01  1.04700830e+00  3.14150438e+00 
 1.05303763e+00  4.99658859e+01  1.05303763e+00  3.14150387e+00 
 1.05910168e+00  4.99658859e+01  1.05910168e+00  3.14150336e+00 
 1.06520065e+00  4.99658859e+01  1.06520065e+00  3.14150284e+00 
 1.07133474e+00  4.99658859e+01  1.07133474e+00  3.14150233e+00 
 1.07750415e+00  4.99658859e+01  1.07750415e+00  3.14150181e+00 
 1.08370910e+00  4.99658859e+01  1.08370910e+00  3.14150128e+00 
 1.08994977e+00  4.99658859e+01  1.08994977e+00  3.14150076e+00 
 1.09622638e+00  4.99658859e+01  1.09622638e+00  3.14150023e+00 
 1.10253914e+00  4.99658859e+01  1.10253914e+00  3.14149969e+00 
 1.10888825e+00  4.99658859e+01  1.10888825e+00  3.14149916e+00 
 1.11527392e+00  4.99658859e+01  1.11527392e+00  3.14149862e+00 
 1.12169636e+00  4.99658859e+01  1.12169636e+00  3.14149808e+00 
 1.12815579e+00  4.99658859e+01  1.12815579e+00  3.14149753e+00 
 1.13465242e+00  4.99658859e+01  1.13465242e+00  3.14149699e+00 
 1.14118646e+00  4.99658859e+01  1.14118646e+00  3.14149644e+00 
 1.14775812e+00  4.99658859e+01  1.14775812e+00  3.14149588e+00 
 1.15436763e+00  4.99658859e+01  1.15436763e+00  3.14149532e+00 
 1.16101520e+00  4.99658859e+01  1.16101520e+00  3.14149476e+00 
 1.16770105e+00  4.99658859e+01  1.16770105e+00  3.14149420e+00 
 1.17442540e+00  4.99658859e+01  1.17442540e+00  3.14149363e+00 
 1.18118848e+00  4.99658859e+01  1.18118848e+00  3.14149306e+00 
 1.18799050e+00  4.99658859e+01  1.18799050e+00  3.14149249e+00 
 1.19483169e+00  4.99658859e+01  1.19483169e+00  3.14149191e+00 
 1.20171228e+00  4.99658859e+01  1.20171228e+00  3.14149133e+00 
 1.20863249e+00  4.99658859e+01  1.20863249e+00  3.14149075e+00 
 1.21559255e+00  4.99658859e+01  1.21559255e+00  3.14149016e+00 
 1.22259269e+00  4.99658859e+01  1.22259269e+00  3.14148957e+00 
 1.22963314e+00  4.99658859e+01  1.22963314e+00  3.14148898e+00 
 1.23671414e+00  4.99658859e+01  1.23671414e+00  3.14148838e+00 
 1.24383591e+00  4.99658859e+01  1.24383591e+00  3.14148778e+00 
 1.25099870e+00  4.99658859e+01  1.25099870e+00  3.14148718e+00 
 1.25820273e+00  4.99658859e+01  1.25820273e+00  3.14148657e+00 
 1.26544825e+00  4.99658859e+01  1.26544825e+00  3.14148596e+00 
 1.27273549e+00  4.99658859e+01  1.27273549e+00  3.14148534e+00 
 1.28006470e+00  4.99658859e+01  1.28006470e+00  3.14148473e+00 
 1.28743611e+00  4.99658859e+01  1.28743611e+00  3.14148411e+00 
 1.29484997e+00  4.99658859e+01  1.29484997e+00  3.14148348e+00 
 1.30230653e+00  4.99658859e+01  1.30230653e+00  3.14148285e+00 
 1.30980602e+00  4.99658859e+01  1.30980602e+00  3.14148222e+00 
 1.31734870e+00  4.99658859e+01  1.31734870e+00  3.14148158e+00 
 1.32493482e+00  4.99658859e+01  1.32493482e+00  3.14148094e+00 
 1.33256462e+00  4.99658859e+01  1.33256462e+00  3.14148030e+00 
 1.34023836e+00  4.99658859e+01  1.34023836e+00  3.14147965e+00 
 1.34795629e+00  4.99658859e+01  1.34795629e+00  3.14147900e+00 
 1.35571867e+00  4.99658859e+01  1.35571867e+00  3.14147835e+00 
 1.36352574e+00  4.99658859e+01  1.36352574e+00  3.14147769e+00 
 1.37137778e+00  4.99658859e+01  1.37137778e+00  3.14147703e+00 
 1.37927503e+00  4.99658859e+01  1.37927503e+00  3.14147636e+00 
 1.38721775e+00  4.99658859e+01  1.38721775e+00  3.14147569e+00 
 1.39520622e+00  4.99658859e+01  1.39520622e+00  3.14147502e+00 
 1.40324069e+00  4.99658859e+01  1.40324069e+00  3.14147434e+00 
 1.41132143e+00  4.99658859e+01  1.41132143e+00  3.14147366e+00 
 1.41944870e+00  4.99658859e+01  1.41944870e+00  3.14147297e+00 
 1.42762277e+00  4.99658859e+01  1.42762277e+00  3.14147229e+00 
 1.43584391e+00  4.99658859e+01  1.43584391e+00  3.14147159e+00 
 1.44411240e+00  4.99658859e+01  1.44411240e+00  3.14147090e+00 
 1.45242850e+00  4.99658859e+01  1.45242850e+00  3.14147019e+00 
 1.46079249e+00  4.99658859e+01  1.46079249e+00  3.14146949e+00 
 1.46920465e+00  4.99658859e+01  1.46920465e+00  3.14146878e+00 
 1.47766525e+00  4.99658859e+01  1.47766525e+00  3.14146807e+00 
 1.48617457e+00  4.99658859e+01  1.48617457e+00  3.14146735e+00 
 1.49473289e+00  4.99658859e+01  1.49473289e+00  3.14146663e+00 
 1.50334050e+00  4.99658858e+01  1.50334050e+00  3.14146590e+00 
 1.51199767e+00  4.99658858e+01  1.51199767e+00  3.14146517e+00 
 1.52070470e+00  4.99658858e+01  1.52070470e+00  3.14146444e+00 
 1.52946187e+00  4.99658858e+01  1.52946187e+00  3.14146370e+00 
 1.53826946e+00  4.99658858e+01  1.53826946e+00  3.14146296e+00 
 1.54712778e+00  4.99658858e+01  1.54712778e+00  3.14146221e+00 
 1.55603711e+00  4.99658858e+01  1.55603711e+00  3.14146146e+00 
 1.56499774e+00  4.99658858e+01  1.56499774e+00  3.14146070e+00 
 1.57400998e+00  4.99658858e+01  1.57400998e+00  3.14145994e+00 
 1.58307411e+00  4.99658858e+01  1.58307411e+00  3.14145918e+00 
 1.59219044e+00  4.99658858e+01  1.59219044e+00  3.14145841e+00 
 1.60135927e+00  4.99658858e+01  1.60135927e+00  3.14145764e+00 
 1.61058090e+00  4.99658858e+01  1.61058090e+00  3.14145686e+00 
 1.61985563e+00  4.99658858e+01  1.61985563e+00  3.14145608e+00 
 1.62918377e+00  4.99658858e+01  1.62918377e+00  3.14145529e+00 
 1.63856563e+00  4.99658858e+01  1.63856563e+00  3.14145450e+00 
 1.64800151e+00  4.99658858e+01  1.64800151e+00  3.14145370e+00 
 1.65749174e+00  4.99658858e+01  1.65749174e+00  3.14145290e+00 
 1.66703661e+00  4.99658858e+01  1.66703661e+00  3.14145210e+00 
 1.67663645e+00  4.99658858e+01  1.67663645e+00  3.14145129e+00 
 1.68629157e+00  4.99658858e+01  1.68629157e+00  3.14145048e+00 
 1.69600229e+00  4.99658858e+01  1.69600229e+00  3.14144966e+00 
 1.70576893e+00  4.99658858e+01  1.70576893e+00  3.14144883e+00 
 1.71559181e+00  4.99658858e+01  1.71559181e+00  3.14144801e+00 
 1.72547126e+00  4.99658858e+01  1.72547126e+00  3.14144717e+00 
 1.73540760e+00  4.99658858e+01  1.73540760e+00  3.14144634e+00 
 1.74540117e+00  4.99658858e+01  1.74540117e+00  3.14144549e+00 
 1.75545228e+00  4.99658858e+01  1.75545228e+00  3.14144465e+00 
 1.76556127e+00  4.99658858e+01  1.76556127e+00  3.14144379e+00 
 1.77572847e+00  4.99658858e+01  1.77572847e+00  3.14144294e+00 
 1.78595423e+00  4.99658858e+01  1.78595423e+00  3.14144207e+00 
 1.79623887e+00  4.99658858e+01  1.79623887e+00  3.14144121e+00 
 1.80658273e+00  4.99658858e+01  1.80658273e+00  3.14144033e+00 
 1.81698617e+00  4.99658858e+01  1.81698617e+00  3.14143946e+00 
 1.82744951e+00  4.99658858e+01  1.82744951e+00  3.14143857e+00 
 1.83797311e+00  4.99658858e+01  1.83797311e+00  3.14143769e+00 
 1.84855730e+00  4.99658858e+01  1.84855730e+00  3.14143680e+00 
 1.85920245e+00  4.99658858e+01  1.85920245e+00  3.14143590e+00 
 1.86990890e+00  4.99658858e+01  1.86990890e+00  3.14143500e+00 
 1.88067700e+00  4.99658858e+01  1.88067700e+00  3.14143409e+00 
 1.89150712e+00  4.99658858e+01  1.89150712e+00  3.14143317e+00 
 1.90239960e+00  4.99658858e+01  1.90239960e+00  3.14143226e+00 
 1.91335480e+00  4.99658858e+01  1.91335480e+00  3.14143133e+00 
 1.92437310e+00  4.99658858e+01  1.92437310e+00  3.14143040e+00 
 1.93545484e+00  4.99658858e+01  1.93545484e+00  3.14142947e+00 
 1.94660040e+00  4.99658858e+01  1.94660040e+00  3.14142853e+00 
 1.95781014e+00  4.99658858e+01  1.95781014e+00  3.14142758e+00 
 1.96908443e+00  4.99658858e+01  1.96908443e+00  3.14142663e+00 
 1.98042365e+00  4.99658858e+01  1.98042365e+00  3.14142568e+00 
 1.99182817e+00  4.99658858e+01  1.99182817e+00  3.14142472e+00 
 2.00329836e+00  4.99658858e+01  2.00329836e+00  3.14142375e+00 
 2.01483461e+00  4.99658858e+01  2.01483461e+00  3.14142278e+00 
 2.02643728e+00  4.99658858e+01  2.02643728e+00  3.14142180e+00 
 2.03810678e+00  4.99658858e+01  2.03810678e+00  3.14142081e+00 
 2.04984347e+00  4.99658858e+01  2.04984347e+00  3.14141982e+00 
 2.06164775e+00  4.99658858e+01  2.06164775e+00  3.14141883e+00 
 2.07352000e+00  4.99658858e+01  2.07352000e+00  3.14141783e+00 
 2.08546063e+00  4.99658858e+01  2.08546063e+00  3.14141682e+00 
 2.09747001e+00  4.99658858e+01  2.09747001e+00  3.14141581e+00 
 2.10954856e+00  4.99658858e+01  2.10954856e+00  3.14141479e+00 
 2.12169666e+00  4.99658858e+01  2.12169666e+00  3.14141377e+00 
 2.13391471e+00  4.99658858e+01  2.13391471e+00  3.14141274e+00 
 2.14620313e+00  4.99658858e+01  2.14620313e+00  3.14141170e+00 
 2.15856230e+00  4.99658858e+01  2.15856230e+00  3.14141066e+00 
 2.17099265e+00  4.99658858e+01  2.17099265e+00  3.14140961e+00 
 2.18349459e+00  4.99658858e+01  2.18349459e+00  3.14140856e+00 
 2.19606851e+00  4.99658858e+01  2.19606851e+00  3.14140750e+00 
 2.20871485e+00  4.99658858e+01  2.20871485e+00  3.14140643e+00 
 2.22143401e+00  4.99658858e+01  2.22143401e+00  3.14140536e+00 
 2.23422641e+00  4.99658858e+01  2.23422641e+00  3.14140428e+00 
 2.24709249e+00  4.99658858e+01  2.24709249e+00  3.14140319e+00 
 2.26003265e+00  4.99658858e+01  2.26003265e+00  3.14140210e+00 
 2.27304733e+00  4.99658858e+01  2.27304733e+00  3.14140101e+00 
 2.28613696e+00  4.99658858e+01  2.28613696e+00  3.14139990e+00 
 2.29930196e+00  4.99658858e+01  2.29930196e+00  3.14139879e+00 
 2.31254278e+00  4.99658858e+01  2.31254278e+00  3.14139768e+00 
 2.32585985e+00  4.99658858e+01  2.32585985e+00  3.14139655e+00 
 2.33925360e+00  4.99658858e+01  2.33925360e+00  3.14139542e+00 
 2.35272449e+00  4.99658857e+01  2.35272449e+00  3.14139429e+00 
 2.36627294e+00  4.99658857e+01  2.36627294e+00  3.14139314e+00 
 2.37989942e+00  4.99658857e+01  2.37989942e+00  3.14139200e+00 
 2.39360437e+00  4.99658857e+01  2.39360437e+00  3.14139084e+00 
 2.40738824e+00  4.99658857e+01  2.40738824e+00  3.14138968e+00 
 2.42125149e+00  4.99658857e+01  2.42125149e+00  3.14138851e+00 
 2.43519457e+00  4.99658857e+01  2.43519457e+00  3.14138733e+00 
 2.44921794e+00  4.99658857e+01  2.44921794e+00  3.14138615e+00 
 2.46332206e+00  4.99658857e+01  2.46332206e+00  3.14138496e+00 
 2.47750741e+00  4.99658857e+01  2.47750741e+00  3.14138377e+00 
 2.49177445e+00  4.99658857e+01  2.49177445e+00  3.14138256e+00 
 2.50612364e+00  4.99658857e+01  2.50612364e+00  3.14138135e+00 
 2.52055547e+00  4.99658857e+01  2.52055547e+00  3.14138014e+00 
 2.53507040e+00  4.99658857e+01  2.53507040e+00  3.14137891e+00 
 2.54966892e+00  4.99658857e+01  2.54966892e+00  3.14137768e+00 
 2.56435151e+00  4.99658857e+01  2.56435151e+00  3.14137644e+00 
 2.57911865e+00  4.99658857e+01  2.57911865e+00  3.14137520e+00 
 2.59397083e+00  4.99658857e+01  2.59397083e+00  3.14137395e+00 
 2.60890853e+00  4.99658857e+01  2.60890853e+00  3.14137269e+00 
 2.62393226e+00  4.99658857e+01  2.62393226e+00  3.14137142e+00 
 2.63904250e+00  4.99658857e+01  2.63904250e+00  3.14137015e+00 
 2.65423975e+00  4.99658857e+01  2.65423975e+00  3.14136887e+00 
 2.66952453e+00  4.99658857e+01  2.66952453e+00  3.14136758e+00 
 2.68489732e+00  4.99658857e+01  2.68489732e+00  3.14136628e+00 
 2.70035863e+00  4.99658857e+01  2.70035863e+00  3.14136498e+00 
 2.71590899e+00  4.99658857e+01  2.71590899e+00  3.14136367e+00 
 2.73154889e+00  4.99658857e+01  2.73154889e+00  3.14136235e+00 
 2.74727885e+00  4.99658857e+01  2.74727885e+00  3.14136102e+00 
 2.76309940e+00  4.99658857e+01  2.76309940e+00  3.14135969e+00 
 2.77901105e+00  4.99658857e+01  2.77901105e+00  3.14135835e+00 
 2.79501434e+00  4.99658857e+01  2.79501434e+00  3.14135700e+00 
 2.81110978e+00  4.99658857e+01  2.81110978e+00  3.14135564e+00 
 2.82729790e+00  4.99658857e+01  2.82729790e+00  3.14135427e+00 
 2.84357925e+00  4.99658857e+01  2.84357925e+00  3.14135290e+00 
 2.85995436e+00  4.99658857e+01  2.85995436e+00  3.14135152e+00 
 2.87642376e+00  4.99658857e+01  2.87642376e+00  3.14135013e+00 
 2.89298801e+00  4.99658857e+01  2.89298801e+00  3.14134874e+00 
 2.90964764e+00  4.99658857e+01  2.90964764e+00  3.14134733e+00 
 2.92640321e+00  4.99658857e+01  2.92640321e+00  3.14134592e+00 
 2.94325527e+00  4.99658857e+01  2.94325527e+00  3.14134450e+00 
 2.96020437e+00  4.99658856e+01  2.96020437e+00  3.14134307e+00 
 2.97725108e+00  4.99658856e+01  2.97725108e+00  3.14134163e+00 
 2.99439595e+00  4.99658856e+01  2.99439595e+00  3.14134019e+00 
 3.01163955e+00  4.99658856e+01  3.01163955e+00  3.14133873e+00 
 3.02898246e+00  4.99658856e+01  3.02898246e+00  3.14133727e+00 
 3.04642523e+00  4.99658856e+01  3.04642523e+00  3.14133580e+00 
 3.06396845e+00  4.99658856e+01  3.06396845e+00  3.14133432e+00 
 3.08161270e+00  4.99658856e+01  3.08161270e+00  3.14133283e+00 
 3.09935855e+00  4.99658856e+01  3.09935855e+00  3.14133134e+00 
 3.11720659e+00  4.99658856e+01  3.11720659e+00  3.14132983e+00 
 3.13515742e+00  4.99658856e+01  3.13515742e+00  3.14132832e+00 
 3.15321161e+00  4.99658856e+01  3.15321161e+00  3.14132680e+00 
 3.17136977e+00  4.99658856e+01  3.17136977e+00  3.14132526e+00 
 3.18963250e+00  4.99658856e+01  3.18963250e+00  3.14132372e+00 
 3.20800040e+00  4.99658856e+01  3.20800040e+00  3.14132218e+00 
 3.22647407e+00  4.99658856e+01  3.22647407e+00  3.14132062e+00 
 3.24505413e+00  4.99658856e+01  3.24505413e+00  3.14131905e+00 
 3.26374118e+00  4.99658856e+01  3.26374118e+00  3.14131748e+00 
 3.28253584e+00  4.99658856e+01  3.28253584e+00  3.14131589e+00 
 3.30143873e+00  4.99658856e+01  3.30143873e+00  3.14131430e+00 
 3.32045048e+00  4.99658856e+01  3.32045048e+00  3.14131269e+00 
 3.33957171e+00  4.99658856e+01  3.33957171e+00  3.14131108e+00 
 3.35880305e+00  4.99658856e+01  3.35880305e+00  3.14130946e+00 
 3.37814514e+00  4.99658856e+01  3.37814514e+00  3.14130783e+00 
 3.39759861e+00  4.99658856e+01  3.39759861e+00  3.14130619e+00 
 3.41716410e+00  4.99658856e+01  3.41716410e+00  3.14130454e+00 
 3.43684227e+00  4.99658856e+01  3.43684227e+00  3.14130288e+00 
 3.45663375e+00  4.99658856e+01  3.45663375e+00  3.14130121e+00 
 3.47653921e+00  4.99658855e+01  3.47653921e+00  3.14129953e+00 
 3.49655930e+00  4.99658855e+01  3.49655930e+00  3.14129785e+00 
 3.51669467e+00  4.99658855e+01  3.51669467e+00  3.14129615e+00 
 3.53694600e+00  4.99658855e+01  3.53694600e+00  3.14129444e+00 
 3.55731394e+00  4.99658855e+01  3.55731394e+00  3.14129272e+00 
 3.57779918e+00  4.99658855e+01  3.57779918e+00  3.14129100e+00 
 3.59840238e+00  4.99658855e+01  3.59840238e+00  3.14128926e+00 
 3.61912423e+00  4.99658855e+01  3.61912423e+00  3.14128751e+00 
 3.63996541e+00  4.99658855e+01  3.63996541e+00  3.14128576e+00 
 3.66092661e+00  4.99658855e+01  3.66092661e+00  3.14128399e+00 
 3.68200851e+00  4.99658855e+01  3.68200851e+00  3.14128221e+00 
 3.70321182e+00  4.99658855e+01  3.70321182e+00  3.14128042e+00 
 3.72453723e+00  4.99658855e+01  3.72453723e+00  3.14127862e+00 
 3.74598544e+00  4.99658855e+01  3.74598544e+00  3.14127682e+00 
 3.76755716e+00  4.99658855e+01  3.76755716e+00  3.14127500e+00 
 3.78925311e+00  4.99658855e+01  3.78925311e+00  3.14127317e+00 
 3.81107400e+00  4.99658855e+01  3.81107400e+00  3.14127133e+00 
 3.83302055e+00  4.99658855e+01  3.83302055e+00  3.14126948e+00 
 3.85509347e+00  4.99658855e+01  3.85509347e+00  3.14126762e+00 
 3.87729351e+00  4.99658855e+01  3.87729351e+00  3.14126575e+00 
 3.89962139e+00  4.99658855e+01  3.89962139e+00  3.14126386e+00 
 3.92207785e+00  4.99658854e+01  3.92207785e+00  3.14126197e+00 
 3.94466362e+00  4.99658854e+01  3.94466362e+00  3.14126007e+00 
 3.96737946e+00  4.99658854e+01  3.96737946e+00  3.14125815e+00 
 3.99022611e+00  4.99658854e+01  3.99022611e+00  3.14125622e+00 
 4.01320433e+00  4.99658854e+01  4.01320433e+00  3.14125429e+00 
 4.03631487e+00  4.99658854e+01  4.03631487e+00  3.14125234e+00 
 4.05955849e+00  4.99658854e+01  4.05955849e+00  3.14125038e+00 
 4.08293596e+00  4.99658854e+01  4.08293596e+00  3.14124841e+00 
 4.10644806e+00  4.99658854e+01  4.10644806e+00  3.14124642e+00 
 4.13009556e+00  4.99658854e+01  4.13009556e+00  3.14124443e+00 
 4.15387923e+00  4.99658854e+01  4.15387923e+00  3.14124243e+00 
 4.17779986e+00  4.99658854e+01  4.17779986e+00  3.14124041e+00 
 4.20185824e+00  4.99658854e+01  4.20185824e+00  3.14123838e+00 
 4.22605517e+00  4.99658854e+01  4.22605517e+00  3.14123634e+00 
 4.25039143e+00  4.99658854e+01  4.25039143e+00  3.14123429e+00 
 4.27486784e+00  4.99658854e+01  4.27486784e+00  3.14123222e+00 
 4.29948521e+00  4.99658853e+01  4.29948521e+00  3.14123015e+00 
 4.32424433e+00  4.99658853e+01  4.32424433e+00  3.14122806e+00 
 4.34914603e+00  4.99658853e+01  4.34914603e+00  3.14122596e+00 
 4.37419113e+00  4.99658853e+01  4.37419113e+00  3.14122385e+00 
 4.39938046e+00  4.99658853e+01  4.39938046e+00  3.14122173e+00 
 4.42471484e+00  4.99658853e+01  4.42471484e+00  3.14121959e+00 
 4.45019511e+00  4.99658853e+01  4.45019511e+00  3.14121744e+00 
 4.47582212e+00  4.99658853e+01  4.47582212e+00  3.14121528e+00 
 4.50159670e+00  4.99658853e+01  4.50159670e+00  3.14121311e+00 
 4.52751970e+00  4.99658853e+01  4.52751970e+00  3.14121092e+00 
 4.55359199e+00  4.99658853e+01  4.55359199e+00  3.14120872e+00 
 4.57981442e+00  4.99658853e+01  4.57981442e+00  3.14120651e+00 
 4.60618785e+00  4.99658853e+01  4.60618785e+00  3.14120429e+00 
 4.63271316e+00  4.99658853e+01  4.63271316e+00  3.14120205e+00 
 4.65939122e+00  4.99658852e+01  4.65939122e+00  3.14119980e+00 
 4.68622291e+00  4.99658852e+01  4.68622291e+00  3.14119754e+00 
 4.71320911e+00  4.99658852e+01  4.71320911e+00  3.14119527e+00 
 4.74035071e+00  4.99658852e+01  4.74035071e+00  3.14119298e+00 
 4.76764861e+00  4.99658852e+01  4.76764861e+00  3.14119068e+00 
 4.79510371e+00  4.99658852e+01  4.79510371e+00  3.14118836e+00 
 4.82271692e+00  4.99658852e+01  4.82271692e+00  3.14118603e+00 
 4.85048914e+00  4.99658852e+01  4.85048914e+00  3.14118369e+00 
 4.87842128e+00  4.99658852e+01  4.87842128e+00  3.14118134e+00 
 4.90651428e+00  4.99658852e+01  4.90651428e+00  3.14117897e+00 
 4.93476906e+00  4.99658852e+01  4.93476906e+00  3.14117659e+00 
 4.96318654e+00  4.99658852e+01  4.96318654e+00  3.14117419e+00 
 4.99176767e+00  4.99658852e+01  4.99176767e+00  3.14117178e+00 
 5.02051339e+00  4.99658851e+01  5.02051339e+00  3.14116936e+00 
 5.04942464e+00  4.99658851e+01  5.04942464e+00  3.14116692e+00 
 5.07850239e+00  4.99658851e+01  5.07850239e+00  3.14116447e+00 
 5.10774758e+00  4.99658851e+01  5.10774758e+00  3.14116200e+00 
 5.13716118e+00  4.99658851e+01  5.13716118e+00  3.14115952e+00 
 5.16674416e+00  4.99658851e+01  5.16674416e+00  3.14115703e+00 
 5.19649751e+00  4.99658851e+01  5.19649751e+00  3.14115452e+00 
 5.22642219e+00  4.99658851e+01  5.22642219e+00  3.14115200e+00 
 5.25651919e+00  4.99658851e+01  5.25651919e+00  3.14114946e+00 
 5.28678951e+00  4.99658851e+01  5.28678951e+00  3.14114691e+00 
 5.31723415e+00  4.99658850e+01  5.31723415e+00  3.14114434e+00 
 5.34785411e+00  4.99658850e+01  5.34785411e+00  3.14114176e+00 
 5.37865040e+00  4.99658850e+01  5.37865040e+00  3.14113916e+00 
 5.40962403e+00  4.99658850e+01  5.40962403e+00  3.14113655e+00 
 5.44077602e+00  4.99658850e+01  5.44077602e+00  3.14113392e+00 
 5.47210741e+00  4.99658850e+01  5.47210741e+00  3.14113128e+00 
 5.50361923e+00  4.99658850e+01  5.50361923e+00  3.14112862e+00 
 5.53531250e+00  4.99658850e+01  5.53531250e+00  3.14112595e+00 
 5.56718829e+00  4.99658850e+01  5.56718829e+00  3.14112326e+00 
 5.59924764e+00  4.99658850e+01  5.59924764e+00  3.14112056e+00 
 5.63149161e+00  4.99658849e+01  5.63149161e+00  3.14111784e+00 
 5.66392126e+00  4.99658849e+01  5.66392126e+00  3.14111511e+00 
 5.69653766e+00  4.99658849e+01  5.69653766e+00  3.14111236e+00 
 5.72934188e+00  4.99658849e+01  5.72934188e+00  3.14110959e+00 
 5.76233501e+00  4.99658849e+01  5.76233501e+00  3.14110681e+00 
 5.79551814e+00  4.99658849e+01  5.79551814e+00  3.14110401e+00 
 5.82889235e+00  4.99658849e+01  5.82889235e+00  3.14110120e+00 
 5.86245876e+00  4.99658849e+01  5.86245876e+00  3.14109837e+00 
 5.89621846e+00  4.99658848e+01  5.89621846e+00  3.14109552e+00 
 5.93017257e+00  4.99658848e+01  5.93017257e+00  3.14109266e+00 
 5.96432221e+00  4.99658848e+01  5.96432221e+00  3.14108978e+00 
 5.99866850e+00  4.99658848e+01  5.99866850e+00  3.14108689e+00 
 6.03321259e+00  4.99658848e+01  6.03321259e+00  3.14108397e+00 
 6.06795560e+00  4.99658848e+01  6.06795560e+00  3.14108104e+00 
 6.10289868e+00  4.99658848e+01  6.10289868e+00  3.14107810e+00 
 6.13804298e+00  4.99658848e+01  6.13804298e+00  3.14107513e+00 
 6.17338967e+00  4.99658847e+01  6.17338967e+00  3.14107215e+00 
 6.20893990e+00  4.99658847e+01  6.20893990e+00  3.14106916e+00 
 6.24469486e+00  4.99658847e+01  6.24469486e+00  3.14106614e+00 
 6.28065572e+00  4.99658847e+01  6.28065572e+00  3.14106311e+00 
 6.31682366e+00  4.99658847e+01  6.31682366e+00  3.14106006e+00 
 6.35319988e+00  4.99658847e+01  6.35319988e+00  3.14105699e+00 
 6.38978557e+00  4.99658847e+01  6.38978557e+00  3.14105391e+00 
 6.42658195e+00  4.99658846e+01  6.42658195e+00  3.14105081e+00 
 6.46359022e+00  4.99658846e+01  6.46359022e+00  3.14104769e+00 
 6.50081162e+00  4.99658846e+01  6.50081162e+00  3.14104455e+00 
 6.53824735e+00  4.99658846e+01  6.53824735e+00  3.14104139e+00 
 6.57589867e+00  4.99658846e+01  6.57589867e+00  3.14103822e+00 
 6.61376680e+00  4.99658846e+01  6.61376680e+00  3.14103502e+00 
 6.65185300e+00  4.99658846e+01  6.65185300e+00  3.14103181e+00 
 6.69015853e+00  4.99658845e+01  6.69015853e+00  3.14102858e+00 
 6.72868464e+00  4.99658845e+01  6.72868464e+00  3.14102533e+00 
 6.76743262e+00  4.99658845e+01  6.76743262e+00  3.14102207e+00 
 6.80640372e+00  4.99658845e+01  6.80640372e+00  3.14101878e+00 
 6.84559925e+00  4.99658845e+01  6.84559925e+00  3.14101548e+00 
 6.88502049e+00  4.99658845e+01  6.88502049e+00  3.14101215e+00 
 6.92466874e+00  4.99658844e+01  6.92466874e+00  3.14100881e+00 
 6.96454531e+00  4.99658844e+01  6.96454531e+00  3.14100545e+00 
 7.00465151e+00  4.99658844e+01  7.00465151e+00  3.14100207e+00 
 7.04498867e+00  4.99658844e+01  7.04498867e+00  3.14099867e+00 
 7.08555812e+00  4.99658844e+01  7.08555812e+00  3.14099525e+00 
 7.12636119e+00  4.99658844e+01  7.12636119e+00  3.14099181e+00 
 7.16739924e+00  4.99658843e+01  7.16739924e+00  3.14098835e+00 
 7.20867360e+00  4.99658843e+01  7.20867360e+00  3.14098487e+00 
 7.25018565e+00  4.99658843e+01  7.25018565e+00  3.14098137e+00 
 7.29193675e+00  4.99658843e+01  7.29193675e+00  3.14097785e+00 
 7.33392828e+00  4.99658843e+01  7.33392828e+00  3.14097430e+00 
 7.37616162e+00  4.99658842e+01  7.37616162e+00  3.14097074e+00 
 7.41863817e+00  4.99658842e+01  7.41863817e+00  3.14096716e+00 
 7.46135932e+00  4.99658842e+01  7.46135932e+00  3.14096356e+00 
 7.50432649e+00  4.99658842e+01  7.50432649e+00  3.14095994e+00 
 7.54754109e+00  4.99658842e+01  7.54754109e+00  3.14095629e+00 
 7.59100455e+00  4.99658841e+01  7.59100455e+00  3.14095263e+00 
 7.63471830e+00  4.99658841e+01  7.63471830e+00  3.14094894e+00 
 7.67868378e+00  4.99658841e+01  7.67868378e+00  3.14094524e+00 
 7.72290244e+00  4.99658841e+01  7.72290244e+00  3.14094151e+00 
 7.76737574e+00  4.99658841e+01  7.76737574e+00  3.14093776e+00 
 7.81210514e+00  4.99658840e+01  7.81210514e+00  3.14093399e+00 
 7.85709213e+00  4.99658840e+01  7.85709213e+00  3.14093019e+00 
 7.90233817e+00  4.99658840e+01  7.90233817e+00  3.14092638e+00 
 7.94784478e+00  4.99658840e+01  7.94784478e+00  3.14092254e+00 
 7.99361343e+00  4.99658839e+01  7.99361343e+00  3.14091868e+00 
 8.03964565e+00  4.99658839e+01  8.03964565e+00  3.14091480e+00 
 8.08594296e+00  4.99658839e+01  8.08594296e+00  3.14091090e+00 
 8.13250687e+00  4.99658839e+01  8.13250687e+00  3.14090697e+00 
 8.17933893e+00  4.99658839e+01  8.17933893e+00  3.14090303e+00 
 8.22644067e+00  4.99658838e+01  8.22644067e+00  3.14089905e+00 
 8.27381366e+00  4.99658838e+01  8.27381366e+00  3.14089506e+00 
 8.32145945e+00  4.99658838e+01  8.32145945e+00  3.14089104e+00 
 8.36937961e+00  4.99658838e+01  8.36937961e+00  3.14088700e+00 
 8.41757573e+00  4.99658837e+01  8.41757573e+00  3.14088294e+00 
 8.46604939e+00  4.99658837e+01  8.46604939e+00  3.14087885e+00 
 8.51480220e+00  4.99658837e+01  8.51480220e+00  3.14087474e+00 
 8.56383575e+00  4.99658837e+01  8.56383575e+00  3.14087061e+00 
 8.61315167e+00  4.99658836e+01  8.61315167e+00  3.14086645e+00 
 8.66275158e+00  4.99658836e+01  8.66275158e+00  3.14086227e+00 
 8.71263712e+00  4.99658836e+01  8.71263712e+00  3.14085806e+00 
 8.76280993e+00  4.99658836e+01  8.76280993e+00  3.14085383e+00 
 8.81327166e+00  4.99658835e+01  8.81327166e+00  3.14084958e+00 
 8.86402399e+00  4.99658835e+01  8.86402399e+00  3.14084530e+00 
 8.91506858e+00  4.99658835e+01  8.91506858e+00  3.14084099e+00 
 8.96640711e+00  4.99658834e+01  8.96640711e+00  3.14083666e+00 
 9.01804129e+00  4.99658834e+01  9.01804129e+00  3.14083231e+00 
 9.06997281e+00  4.99658834e+01  9.06997281e+00  3.14082793e+00 
 9.12220338e+00  4.99658834e+01  9.12220338e+00  3.14082353e+00 
 9.17473473e+00  4.99658833e+01  9.17473473e+00  3.14081910e+00 
 9.22756858e+00  4.99658833e+01  9.22756858e+00  3.14081465e+00 
 9.28070669e+00  4.99658833e+01  9.28070669e+00  3.14081017e+00 
 9.33415080e+00  4.99658832e+01  9.33415080e+00  3.14080566e+00 
 9.38790267e+00  4.99658832e+01  9.38790267e+00  3.14080113e+00 
 9.44196408e+00  4.99658832e+01  9.44196408e+00  3.14079657e+00 
 9.49633681e+00  4.99658831e+01  9.49633681e+00  3.14079198e+00 
 9.55102266e+00  4.99658831e+01  9.55102266e+00  3.14078737e+00 
 9.60602341e+00  4.99658831e+01  9.60602341e+00  3.14078274e+00 
 9.66134090e+00  4.99658830e+01  9.66134090e+00  3.14077807e+00 
 9.71697694e+00  4.99658830e+01  9.71697694e+00  3.14077338e+00 
 9.77293337e+00  4.99658830e+01  9.77293337e+00  3.14076866e+00 
 9.82921202e+00  4.99658829e+01  9.82921202e+00  3.14076392e+00 
 9.88581477e+00  4.99658829e+01  9.88581477e+00  3.14075915e+00 
 9.94274347e+00  4.99658829e+01  9.94274347e+00  3.14075435e+00 
 1.00000000e+01  4.99658828e+01  1.00000000e+01  3.14074952e+00 
 1.00575862e+01  4.99658828e+01  1.00575862e+01  3.14074466e+00 
 1.01155041e+01  4.99658828e+01  1.01155041e+01  3.14073978e+00 
 1.01737555e+01  4.99658827e+01  1.01737555e+01  3.14073487e+00 
 1.02323424e+01  4.99658827e+01  1.02323424e+01  3.14072993e+00 
 1.02912666e+01  4.99658827e+01  1.02912666e+01  3.14072496e+00 
 1.03505301e+01  4.99658826e+01  1.03505301e+01  3.14071996e+00 
 1.04101349e+01  4.99658826e+01  1.04101349e+01  3.14071494e+00 
 1.04700830e+01  4.99658825e+01  1.04700830e+01  3.14070988e+00 
 1.05303763e+01  4.99658825e+01  1.05303763e+01  3.14070480e+00 
 1.05910168e+01  4.99658825e+01  1.05910168e+01  3.14069969e+00 
 1.06520065e+01  4.99658824e+01  1.06520065e+01  3.14069455e+00 
 1.07133474e+01  4.99658824e+01  1.07133474e+01  3.14068937e+00 
 1.07750415e+01  4.99658823e+01  1.07750415e+01  3.14068417e+00 
 1.08370910e+01  4.99658823e+01  1.08370910e+01  3.14067894e+00 
 1.08994977e+01  4.99658823e+01  1.08994977e+01  3.14067368e+00 
 1.09622638e+01  4.99658822e+01  1.09622638e+01  3.14066839e+00 
 1.10253914e+01  4.99658822e+01  1.10253914e+01  3.14066306e+00 
 1.10888825e+01  4.99658821e+01  1.10888825e+01  3.14065771e+00 
 1.11527392e+01  4.99658821e+01  1.11527392e+01  3.14065233e+00 
 1.12169636e+01  4.99658820e+01  1.12169636e+01  3.14064691e+00 
 1.12815579e+01  4.99658820e+01  1.12815579e+01  3.14064147e+00 
 1.13465242e+01  4.99658819e+01  1.13465242e+01  3.14063599e+00 
 1.14118646e+01  4.99658819e+01  1.14118646e+01  3.14063048e+00 
 1.14775812e+01  4.99658819e+01  1.14775812e+01  3.14062494e+00 
 1.15436763e+01  4.99658818e+01  1.15436763e+01  3.14061937e+00 
 1.16101520e+01  4.99658818e+01  1.16101520e+01  3.14061376e+00 
 1.16770105e+01  4.99658817e+01  1.16770105e+01  3.14060812e+00 
 1.17442540e+01  4.99658817e+01  1.17442540e+01  3.14060246e+00 
 1.18118848e+01  4.99658816e+01  1.18118848e+01  3.14059675e+00 
 1.18799050e+01  4.99658816e+01  1.18799050e+01  3.14059102e+00 
 1.19483169e+01  4.99658815e+01  1.19483169e+01  3.14058525e+00 
 1.20171228e+01  4.99658815e+01  1.20171228e+01  3.14057945e+00 
 1.20863249e+01  4.99658814e+01  1.20863249e+01  3.14057361e+00 
 1.21559255e+01  4.99658814e+01  1.21559255e+01  3.14056775e+00 
 1.22259269e+01  4.99658813e+01  1.22259269e+01  3.14056184e+00 
 1.22963314e+01  4.99658813e+01  1.22963314e+01  3.14055591e+00 
 1.23671414e+01  4.99658812e+01  1.23671414e+01  3.14054994e+00 
 1.24383591e+01  4.99658811e+01  1.24383591e+01  3.14054393e+00 
 1.25099870e+01  4.99658811e+01  1.25099870e+01  3.14053789e+00 
 1.25820273e+01  4.99658810e+01  1.25820273e+01  3.14053182e+00 
 1.26544825e+01  4.99658810e+01  1.26544825e+01  3.14052571e+00 
 1.27273549e+01  4.99658809e+01  1.27273549e+01  3.14051957e+00 
 1.28006470e+01  4.99658809e+01  1.28006470e+01  3.14051339e+00 
 1.28743611e+01  4.99658808e+01  1.28743611e+01  3.14050717e+00 
 1.29484997e+01  4.99658807e+01  1.29484997e+01  3.14050092e+00 
 1.30230653e+01  4.99658807e+01  1.30230653e+01  3.14049463e+00 
 1.30980602e+01  4.99658806e+01  1.30980602e+01  3.14048831e+00 
 1.31734870e+01  4.99658806e+01  1.31734870e+01  3.14048195e+00 
 1.32493482e+01  4.99658805e+01  1.32493482e+01  3.14047556e+00 
 1.33256462e+01  4.99658804e+01  1.33256462e+01  3.14046912e+00 
 1.34023836e+01  4.99658804e+01  1.34023836e+01  3.14046265e+00 
 1.34795629e+01  4.99658803e+01  1.34795629e+01  3.14045615e+00 
 1.35571867e+01  4.99658802e+01  1.35571867e+01  3.14044960e+00 
 1.36352574e+01  4.99658802e+01  1.36352574e+01  3.14044302e+00 
 1.37137778e+01  4.99658801e+01  1.37137778e+01  3.14043640e+00 
 1.37927503e+01  4.99658801e+01  1.37927503e+01  3.14042974e+00 
 1.38721775e+01  4.99658800e+01  1.38721775e+01  3.14042304e+00 
 1.39520622e+01  4.99658799e+01  1.39520622e+01  3.14041631e+00 
 1.40324069e+01  4.99658798e+01  1.40324069e+01  3.14040953e+00 
 1.41132143e+01  4.99658798e+01  1.41132143e+01  3.14040272e+00 
 1.41944870e+01  4.99658797e+01  1.41944870e+01  3.14039587e+00 
 1.42762277e+01  4.99658796e+01  1.42762277e+01  3.14038898e+00 
 1.43584391e+01  4.99658796e+01  1.43584391e+01  3.14038204e+00 
 1.44411240e+01  4.99658795e+01  1.44411240e+01  3.14037507e+00 
 1.45242850e+01  4.99658794e+01  1.45242850e+01  3.14036806e+00 
 1.46079249e+01  4.99658793e+01  1.46079249e+01  3.14036101e+00 
 1.46920465e+01  4.99658793e+01  1.46920465e+01  3.14035392e+00 
 1.47766525e+01  4.99658792e+01  1.47766525e+01  3.14034678e+00 
 1.48617457e+01  4.99658791e+01  1.48617457e+01  3.14033961e+00 
 1.49473289e+01  4.99658790e+01  1.49473289e+01  3.14033239e+00 
 1.50334050e+01  4.99658789e+01  1.50334050e+01  3.14032514e+00 
 1.51199767e+01  4.99658789e+01  1.51199767e+01  3.14031784e+00 
 1.52070470e+01  4.99658788e+01  1.52070470e+01  3.14031050e+00 
 1.52946187e+01  4.99658787e+01  1.52946187e+01  3.14030311e+00 
 1.53826946e+01  4.99658786e+01  1.53826946e+01  3.14029569e+00 
 1.54712778e+01  4.99658785e+01  1.54712778e+01  3.14028822e+00 
 1.55603711e+01  4.99658784e+01  1.55603711e+01  3.14028071e+00 
 1.56499774e+01  4.99658784e+01  1.56499774e+01  3.14027315e+00 
 1.57400998e+01  4.99658783e+01  1.57400998e+01  3.14026555e+00 
 1.58307411e+01  4.99658782e+01  1.58307411e+01  3.14025791e+00 
 1.59219044e+01  4.99658781e+01  1.59219044e+01  3.14025022e+00 
 1.60135927e+01  4.99658780e+01  1.60135927e+01  3.14024249e+00 
 1.61058090e+01  4.99658779e+01  1.61058090e+01  3.14023472e+00 
 1.61985563e+01  4.99658778e+01  1.61985563e+01  3.14022690e+00 
 1.62918377e+01  4.99658777e+01  1.62918377e+01  3.14021903e+00 
 1.63856563e+01  4.99658776e+01  1.63856563e+01  3.14021112e+00 
 1.64800151e+01  4.99658775e+01  1.64800151e+01  3.14020317e+00 
 1.65749174e+01  4.99658774e+01  1.65749174e+01  3.14019517e+00 
 1.66703661e+01  4.99658773e+01  1.66703661e+01  3.14018712e+00 
 1.67663645e+01  4.99658772e+01  1.67663645e+01  3.14017902e+00 
 1.68629157e+01  4.99658771e+01  1.68629157e+01  3.14017088e+00 
 1.69600229e+01  4.99658770e+01  1.69600229e+01  3.14016270e+00 
 1.70576893e+01  4.99658769e+01  1.70576893e+01  3.14015446e+00 
 1.71559181e+01  4.99658768e+01  1.71559181e+01  3.14014618e+00 
 1.72547126e+01  4.99658767e+01  1.72547126e+01  3.14013785e+00 
 1.73540760e+01  4.99658766e+01  1.73540760e+01  3.14012947e+00 
 1.74540117e+01  4.99658765e+01  1.74540117e+01  3.14012105e+00 
 1.75545228e+01  4.99658764e+01  1.75545228e+01  3.14011257e+00 
 1.76556127e+01  4.99658763e+01  1.76556127e+01  3.14010405e+00 
 1.77572847e+01  4.99658762e+01  1.77572847e+01  3.14009548e+00 
 1.78595423e+01  4.99658761e+01  1.78595423e+01  3.14008685e+00 
 1.79623887e+01  4.99658760e+01  1.79623887e+01  3.14007818e+00 
 1.80658273e+01  4.99658759e+01  1.80658273e+01  3.14006946e+00 
 1.81698617e+01  4.99658757e+01  1.81698617e+01  3.14006069e+00 
 1.82744951e+01  4.99658756e+01  1.82744951e+01  3.14005187e+00 
 1.83797311e+01  4.99658755e+01  1.83797311e+01  3.14004300e+00 
 1.84855730e+01  4.99658754e+01  1.84855730e+01  3.14003407e+00 
 1.85920245e+01  4.99658753e+01  1.85920245e+01  3.14002510e+00 
 1.86990890e+01  4.99658751e+01  1.86990890e+01  3.14001607e+00 
 1.88067700e+01  4.99658750e+01  1.88067700e+01  3.14000699e+00 
 1.89150712e+01  4.99658749e+01  1.89150712e+01  3.13999786e+00 
 1.90239960e+01  4.99658748e+01  1.90239960e+01  3.13998868e+00 
 1.91335480e+01  4.99658746e+01  1.91335480e+01  3.13997944e+00 
 1.92437310e+01  4.99658745e+01  1.92437310e+01  3.13997015e+00 
 1.93545484e+01  4.99658744e+01  1.93545484e+01  3.13996081e+00 
 1.94660040e+01  4.99658742e+01  1.94660040e+01  3.13995141e+00 
 1.95781014e+01  4.99658741e+01  1.95781014e+01  3.13994196e+00 
 1.96908443e+01  4.99658740e+01  1.96908443e+01  3.13993245e+00 
 1.98042365e+01  4.99658738e+01  1.98042365e+01  3.13992289e+00 
 1.99182817e+01  4.99658737e+01  1.99182817e+01  3.13991328e+00 
 2.00329836e+01  4.99658735e+01  2.00329836e+01  3.13990360e+00 
 2.01483461e+01  4.99658734e+01  2.01483461e+01  3.13989388e+00 
 2.02643728e+01  4.99658733e+01  2.02643728e+01  3.13988410e+00 
 2.03810678e+01  4.99658731e+01  2.03810678e+01  3.13987426e+00 
 2.04984347e+01  4.99658730e+01  2.04984347e+01  3.13986436e+00 
 2.06164775e+01  4.99658728e+01  2.06164775e+01  3.13985441e+00 
 2.07352000e+01  4.99658727e+01  2.07352000e+01  3.13984440e+00 
 2.08546063e+01  4.99658725e+01  2.08546063e+01  3.13983433e+00 
 2.09747001e+01  4.99658723e+01  2.09747001e+01  3.13982421e+00 
 2.10954856e+01  4.99658722e+01  2.10954856e+01  3.13981402e+00 
 2.12169666e+01  4.99658720e+01  2.12169666e+01  3.13980378e+00 
 2.13391471e+01  4.99658719e+01  2.13391471e+01  3.13979348e+00 
 2.14620313e+01  4.99658717e+01  2.14620313e+01  3.13978312e+00 
 2.15856230e+01  4.99658715e+01  2.15856230e+01  3.13977270e+00 
 2.17099265e+01  4.99658714e+01  2.17099265e+01  3.13976222e+00 
 2.18349459e+01  4.99658712e+01  2.18349459e+01  3.13975168e+00 
 2.19606851e+01  4.99658710e+01  2.19606851e+01  3.13974107e+00 
 2.20871485e+01  4.99658709e+01  2.20871485e+01  3.13973041e+00 
 2.22143401e+01  4.99658707e+01  2.22143401e+01  3.13971969e+00 
 2.23422641e+01  4.99658705e+01  2.23422641e+01  3.13970890e+00 
 2.24709249e+01  4.99658703e+01  2.24709249e+01  3.13969805e+00 
 2.26003265e+01  4.99658702e+01  2.26003265e+01  3.13968714e+00 
 2.27304733e+01  4.99658700e+01  2.27304733e+01  3.13967617e+00 
 2.28613696e+01  4.99658698e+01  2.28613696e+01  3.13966513e+00 
 2.29930196e+01  4.99658696e+01  2.29930196e+01  3.13965403e+00 
 2.31254278e+01  4.99658694e+01  2.31254278e+01  3.13964287e+00 
 2.32585985e+01  4.99658692e+01  2.32585985e+01  3.13963164e+00 
 2.33925360e+01  4.99658690e+01  2.33925360e+01  3.13962035e+00 
 2.35272449e+01  4.99658688e+01  2.35272449e+01  3.13960899e+00 
 2.36627294e+01  4.99658686e+01  2.36627294e+01  3.13959757e+00 
 2.37989942e+01  4.99658684e+01  2.37989942e+01  3.13958608e+00 
 2.39360437e+01  4.99658682e+01  2.39360437e+01  3.13957453e+00 
 2.40738824e+01  4.99658680e+01  2.40738824e+01  3.13956290e+00 
 2.42125149e+01  4.99658678e+01  2.42125149e+01  3.13955122e+00 
 2.43519457e+01  4.99658676e+01  2.43519457e+01  3.13953946e+00 
 2.44921794e+01  4.99658674e+01  2.44921794e+01  3.13952764e+00 
 2.46332206e+01  4.99658672e+01  2.46332206e+01  3.13951574e+00 
 2.47750741e+01  4.99658670e+01  2.47750741e+01  3.13950378e+00 
 2.49177445e+01  4.99658668e+01  2.49177445e+01  3.13949176e+00 
 2.50612364e+01  4.99658665e+01  2.50612364e+01  3.13947966e+00 
 2.52055547e+01  4.99658663e+01  2.52055547e+01  3.13946749e+00 
 2.53507040e+01  4.99658661e+01  2.53507040e+01  3.13945525e+00 
 2.54966892e+01  4.99658659e+01  2.54966892e+01  3.13944294e+00 
 2.56435151e+01  4.99658656e+01  2.56435151e+01  3.13943056e+00 
 2.57911865e+01  4.99658654e+01  2.57911865e+01  3.13941811e+00 
 2.59397083e+01  4.99658652e+01  2.59397083e+01  3.13940559e+00 
 2.60890853e+01  4.99658649e+01  2.60890853e+01  3.13939300e+00 
 2.62393226e+01  4.99658647e+01  2.62393226e+01  3.13938033e+00 
 2.63904250e+01  4.99658644e+01  2.63904250e+01  3.13936759e+00 
 2.65423975e+01  4.99658642e+01  2.65423975e+01  3.13935478e+00 
 2.66952453e+01  4.99658639e+01  2.66952453e+01  3.13934189e+00 
 2.68489732e+01  4.99658637e+01  2.68489732e+01  3.13932893e+00 
 2.70035863e+01  4.99658634e+01  2.70035863e+01  3.13931589e+00 
 2.71590899e+01  4.99658632e+01  2.71590899e+01  3.13930278e+00 
 2.73154889e+01  4.99658629e+01  2.73154889e+01  3.13928959e+00 
 2.74727885e+01  4.99658626e+01  2.74727885e+01  3.13927633e+00 
 2.76309940e+01  4.99658624e+01  2.76309940e+01  3.13926299e+00 
 2.77901105e+01  4.99658621e+01  2.77901105e+01  3.13924958e+00 
 2.79501434e+01  4.99658618e+01  2.79501434e+01  3.13923608e+00 
 2.81110978e+01  4.99658615e+01  2.81110978e+01  3.13922251e+00 
 2.82729790e+01  4.99658613e+01  2.82729790e+01  3.13920887e+00 
 2.84357925e+01  4.99658610e+01  2.84357925e+01  3.13919514e+00 
 2.85995436e+01  4.99658607e+01  2.85995436e+01  3.13918133e+00 
 2.87642376e+01  4.99658604e+01  2.87642376e+01  3.13916745e+00 
 2.89298801e+01  4.99658601e+01  2.89298801e+01  3.13915348e+00 
 2.90964764e+01  4.99658598e+01  2.90964764e+01  3.13913943e+00 
 2.92640321e+01  4.99658595e+01  2.92640321e+01  3.13912531e+00 
 2.94325527e+01  4.99658592e+01  2.94325527e+01  3.13911110e+00 
 2.96020437e+01  4.99658589e+01  2.96020437e+01  3.13909681e+00 
 2.97725108e+01  4.99658586e+01  2.97725108e+01  3.13908244e+00 
 2.99439595e+01  4.99658583e+01  2.99439595e+01  3.13906798e+00 
 3.01163955e+01  4.99658579e+01  3.01163955e+01  3.13905344e+00 
 3.02898246e+01  4.99658576e+01  3.02898246e+01  3.13903882e+00 
 3.04642523e+01  4.99658573e+01  3.04642523e+01  3.13902411e+00 
 3.06396845e+01  4.99658570e+01  3.06396845e+01  3.13900932e+00 
 3.08161270e+01  4.99658566e+01  3.08161270e+01  3.13899444e+00 
 3.09935855e+01  4.99658563e+01  3.09935855e+01  3.13897948e+00 
 3.11720659e+01  4.99658559e+01  3.11720659e+01  3.13896443e+00 
 3.13515742e+01  4.99658556e+01  3.13515742e+01  3.13894930e+00 
 3.15321161e+01  4.99658552e+01  3.15321161e+01  3.13893408e+00 
 3.17136977e+01  4.99658549e+01  3.17136977e+01  3.13891877e+00 
 3.18963250e+01  4.99658545e+01  3.18963250e+01  3.13890337e+00 
 3.20800040e+01  4.99658542e+01  3.20800040e+01  3.13888788e+00 
 3.22647407e+01  4.99658538e+01  3.22647407e+01  3.13887231e+00 
 3.24505413e+01  4.99658534e+01  3.24505413e+01  3.13885664e+00 
 3.26374118e+01  4.99658531e+01  3.26374118e+01  3.13884089e+00 
 3.28253584e+01  4.99658527e+01  3.28253584e+01  3.13882504e+00 
 3.30143873e+01  4.99658523e+01  3.30143873e+01  3.13880910e+00 
 3.32045048e+01  4.99658519e+01  3.32045048e+01  3.13879307e+00 
 3.33957171e+01  4.99658515e+01  3.33957171e+01  3.13877695e+00 
 3.35880305e+01  4.99658511e+01  3.35880305e+01  3.13876074e+00 
 3.37814514e+01  4.99658507e+01  3.37814514e+01  3.13874443e+00 
 3.39759861e+01  4.99658503e+01  3.39759861e+01  3.13872803e+00 
 3.41716410e+01  4.99658499e+01  3.41716410e+01  3.13871153e+00 
 3.43684227e+01  4.99658495e+01  3.43684227e+01  3.13869494e+00 
 3.45663375e+01  4.99658491e+01  3.45663375e+01  3.13867825e+00 
 3.47653921e+01  4.99658486e+01  3.47653921e+01  3.13866147e+00 
 3.49655930e+01  4.99658482e+01  3.49655930e+01  3.13864459e+00 
 3.51669467e+01  4.99658478e+01  3.51669467e+01  3.13862761e+00 
 3.53694600e+01  4.99658473e+01  3.53694600e+01  3.13861054e+00 
 3.55731394e+01  4.99658469e+01  3.55731394e+01  3.13859337e+00 
 3.57779918e+01  4.99658464e+01  3.57779918e+01  3.13857610e+00 
 3.59840238e+01  4.99658460e+01  3.59840238e+01  3.13855872e+00 
 3.61912423e+01  4.99658455e+01  3.61912423e+01  3.13854125e+00 
 3.63996541e+01  4.99658450e+01  3.63996541e+01  3.13852368e+00 
 3.66092661e+01  4.99658446e+01  3.66092661e+01  3.13850601e+00 
 3.68200851e+01  4.99658441e+01  3.68200851e+01  3.13848823e+00 
 3.70321182e+01  4.99658436e+01  3.70321182e+01  3.13847036e+00 
 3.72453723e+01  4.99658431e+01  3.72453723e+01  3.13845238e+00 
 3.74598544e+01  4.99658426e+01  3.74598544e+01  3.13843429e+00 
 3.76755716e+01  4.99658421e+01  3.76755716e+01  3.13841611e+00 
 3.78925311e+01  4.99658416e+01  3.78925311e+01  3.13839781e+00 
 3.81107400e+01  4.99658411e+01  3.81107400e+01  3.13837942e+00 
 3.83302055e+01  4.99658406e+01  3.83302055e+01  3.13836091e+00 
 3.85509347e+01  4.99658401e+01  3.85509347e+01  3.13834230e+00 
 3.87729351e+01  4.99658395e+01  3.87729351e+01  3.13832358e+00 
 3.89962139e+01  4.99658390e+01  3.89962139e+01  3.13830476e+00 
 3.92207785e+01  4.99658385e+01  3.92207785e+01  3.13828583e+00 
 3.94466362e+01  4.99658379e+01  3.94466362e+01  3.13826678e+00 
 3.96737946e+01  4.99658374e+01  3.96737946e+01  3.13824763e+00 
 3.99022611e+01  4.99658368e+01  3.99022611e+01  3.13822837e+00 
 4.01320433e+01  4.99658362e+01  4.01320433e+01  3.13820899e+00 
 4.03631487e+01  4.99658357e+01  4.03631487e+01  3.13818951e+00 
 4.05955849e+01  4.99658351e+01  4.05955849e+01  3.13816991e+00 
 4.08293596e+01  4.99658345e+01  4.08293596e+01  3.13815020e+00 
 4.10644806e+01  4.99658339e+01  4.10644806e+01  3.13813038e+00 
 4.13009556e+01  4.99658333e+01  4.13009556e+01  3.13811044e+00 
 4.15387923e+01  4.99658327e+01  4.15387923e+01  3.13809039e+00 
 4.17779986e+01  4.99658321e+01  4.17779986e+01  3.13807022e+00 
 4.20185824e+01  4.99658314e+01  4.20185824e+01  3.13804994e+00 
 4.22605517e+01  4.99658308e+01  4.22605517e+01  3.13802953e+00 
 4.25039143e+01  4.99658302e+01  4.25039143e+01  3.13800902e+00 
 4.27486784e+01  4.99658295e+01  4.27486784e+01  3.13798838e+00 
 4.29948521e+01  4.99658289e+01  4.29948521e+01  3.13796762e+00 
 4.32424433e+01  4.99658282e+01  4.32424433e+01  3.13794675e+00 
 4.34914603e+01  4.99658276e+01  4.34914603e+01  3.13792575e+00 
 4.37419113e+01  4.99658269e+01  4.37419113e+01  3.13790464e+00 
 4.39938046e+01  4.99658262e+01  4.39938046e+01  3.13788340e+00 
 4.42471484e+01  4.99658255e+01  4.42471484e+01  3.13786204e+00 
 4.45019511e+01  4.99658248e+01  4.45019511e+01  3.13784056e+00 
 4.47582212e+01  4.99658241e+01  4.47582212e+01  3.13781895e+00 
 4.50159670e+01  4.99658234e+01  4.50159670e+01  3.13779722e+00 
 4.52751970e+01  4.99658227e+01  4.52751970e+01  3.13777536e+00 
 4.55359199e+01  4.99658219e+01  4.55359199e+01  3.13775338e+00 
 4.57981442e+01  4.99658212e+01  4.57981442e+01  3.13773127e+00 
 4.60618785e+01  4.99658205e+01  4.60618785e+01  3.13770904e+00 
 4.63271316e+01  4.99658197e+01  4.63271316e+01  3.13768667e+00 
 4.65939122e+01  4.99658189e+01  4.65939122e+01  3.13766418e+00 
 4.68622291e+01  4.99658182e+01  4.68622291e+01  3.13764156e+00 
 4.71320911e+01  4.99658174e+01  4.71320911e+01  3.13761880e+00 
 4.74035071e+01  4.99658166e+01  4.74035071e+01  3.13759592e+00 
 4.76764861e+01  4.99658158e+01  4.76764861e+01  3.13757291e+00 
 4.79510371e+01  4.99658150e+01  4.79510371e+01  3.13754976e+00 
 4.82271692e+01  4.99658142e+01  4.82271692e+01  3.13752648e+00 
 4.85048914e+01  4.99658133e+01  4.85048914e+01  3.13750306e+00 
 4.87842128e+01  4.99658125e+01  4.87842128e+01  3.13747951e+00 
 4.90651428e+01  4.99658116e+01  4.90651428e+01  3.13745582e+00 
 4.93476906e+01  4.99658108e+01  4.93476906e+01  3.13743200e+00 
 4.96318654e+01  4.99658099e+01  4.96318654e+01  3.13740804e+00 
 4.99176767e+01  4.99658090e+01  4.99176767e+01  3.13738395e+00 
 5.02051339e+01  4.99658082e+01  5.02051339e+01  3.13735971e+00 
 5.04942464e+01  4.99658073e+01  5.04942464e+01  3.13733533e+00 
 5.07850239e+01  4.99658063e+01  5.07850239e+01  3.13731082e+00 
 5.10774758e+01  4.99658054e+01  5.10774758e+01  3.13728616e+00 
 5.13716118e+01  4.99658045e+01  5.13716118e+01  3.13726136e+00 
 5.16674416e+01  4.99658036e+01  5.16674416e+01  3.13723642e+00 
 5.19649751e+01  4.99658026e+01  5.19649751e+01  3.13721133e+00 
 5.22642219e+01  4.99658016e+01  5.22642219e+01  3.13718610e+00 
 5.25651919e+01  4.99658007e+01  5.25651919e+01  3.13716073e+00 
 5.28678951e+01  4.99657997e+01  5.28678951e+01  3.13713521e+00 
 5.31723415e+01  4.99657987e+01  5.31723415e+01  3.13710954e+00 
 5.34785411e+01  4.99657977e+01  5.34785411e+01  3.13708372e+00 
 5.37865040e+01  4.99657967e+01  5.37865040e+01  3.13705776e+00 
 5.40962403e+01  4.99657956e+01  5.40962403e+01  3.13703164e+00 
 5.44077602e+01  4.99657946e+01  5.44077602e+01  3.13700538e+00 
 5.47210741e+01  4.99657935e+01  5.47210741e+01  3.13697896e+00 
 5.50361923e+01  4.99657925e+01  5.50361923e+01  3.13695239e+00 
 5.53531250e+01  4.99657914e+01  5.53531250e+01  3.13692567e+00 
 5.56718829e+01  4.99657903e+01  5.56718829e+01  3.13689880e+00 
 5.59924764e+01  4.99657892e+01  5.59924764e+01  3.13687177e+00 
 5.63149161e+01  4.99657881e+01  5.63149161e+01  3.13684458e+00 
 5.66392126e+01  4.99657869e+01  5.66392126e+01  3.13681724e+00 
 5.69653766e+01  4.99657858e+01  5.69653766e+01  3.13678974e+00 
 5.72934188e+01  4.99657846e+01  5.72934188e+01  3.13676208e+00 
 5.76233501e+01  4.99657835e+01  5.76233501e+01  3.13673427e+00 
 5.79551814e+01  4.99657823e+01  5.79551814e+01  3.13670629e+00 
 5.82889235e+01  4.99657811e+01  5.82889235e+01  3.13667815e+00 
 5.86245876e+01  4.99657799e+01  5.86245876e+01  3.13664985e+00 
 5.89621846e+01  4.99657787e+01  5.89621846e+01  3.13662139e+00 
 5.93017257e+01  4.99657774e+01  5.93017257e+01  3.13659276e+00 
 5.96432221e+01  4.99657762e+01  5.96432221e+01  3.13656397e+00 
 5.99866850e+01  4.99657749e+01  5.99866850e+01  3.13653501e+00 
 6.03321259e+01  4.99657736e+01  6.03321259e+01  3.13650589e+00 
 6.06795560e+01  4.99657723e+01  6.06795560e+01  3.13647659e+00 
 6.10289868e+01  4.99657710e+01  6.10289868e+01  3.13644713e+00 
 6.13804298e+01  4.99657697e+01  6.13804298e+01  3.13641750e+00 
 6.17338967e+01  4.99657683e+01  6.17338967e+01  3.13638770e+00 
 6.20893990e+01  4.99657670e+01  6.20893990e+01  3.13635773e+00 
 6.24469486e+01  4.99657656e+01  6.24469486e+01  3.13632758e+00 
 6.28065572e+01  4.99657642e+01  6.28065572e+01  3.13629726e+00 
 6.31682366e+01  4.99657628e+01  6.31682366e+01  3.13626677e+00 
 6.35319988e+01  4.99657614e+01  6.35319988e+01  3.13623610e+00 
 6.38978557e+01  4.99657600e+01  6.38978557e+01  3.13620526e+00 
 6.42658195e+01  4.99657585e+01  6.42658195e+01  3.13617423e+00 
 6.46359022e+01  4.99657570e+01  6.46359022e+01  3.13614303e+00 
 6.50081162e+01  4.99657555e+01  6.50081162e+01  3.13611165e+00 
 6.53824735e+01  4.99657540e+01  6.53824735e+01  3.13608009e+00 
 6.57589867e+01  4.99657525e+01  6.57589867e+01  3.13604834e+00 
 6.61376680e+01  4.99657510e+01  6.61376680e+01  3.13601642e+00 
 6.65185300e+01  4.99657494e+01  6.65185300e+01  3.13598430e+00 
 6.69015853e+01  4.99657478e+01  6.69015853e+01  3.13595201e+00 
 6.72868464e+01  4.99657462e+01  6.72868464e+01  3.13591953e+00 
 6.76743262e+01  4.99657446e+01  6.76743262e+01  3.13588686e+00 
 6.80640372e+01  4.99657430e+01  6.80640372e+01  3.13585400e+00 
 6.84559925e+01  4.99657413e+01  6.84559925e+01  3.13582096e+00 
 6.88502049e+01  4.99657397e+01  6.88502049e+01  3.13578772e+00 
 6.92466874e+01  4.99657380e+01  6.92466874e+01  3.13575429e+00 
 6.96454531e+01  4.99657363e+01  6.96454531e+01  3.13572067e+00 
 7.00465151e+01  4.99657345e+01  7.00465151e+01  3.13568686e+00 
 7.04498867e+01  4.99657328e+01  7.04498867e+01  3.13565285e+00 
 7.08555812e+01  4.99657310e+01  7.08555812e+01  3.13561864e+00 
 7.12636119e+01  4.99657292e+01  7.12636119e+01  3.13558424e+00 
 7.16739924e+01  4.99657274e+01  7.16739924e+01  3.13554964e+00 
 7.20867360e+01  4.99657256e+01  7.20867360e+01  3.13551485e+00 
 7.25018565e+01  4.99657237e+01  7.25018565e+01  3.13547985e+00 
 7.29193675e+01  4.99657219e+01  7.29193675e+01  3.13544465e+00 
 7.33392828e+01  4.99657200e+01  7.33392828e+01  3.13540924e+00 
 7.37616162e+01  4.99657181e+01  7.37616162e+01  3.13537364e+00 
 7.41863817e+01  4.99657161e+01  7.41863817e+01  3.13533782e+00 
 7.46135932e+01  4.99657142e+01  7.46135932e+01  3.13530181e+00 
 7.50432649e+01  4.99657122e+01  7.50432649e+01  3.13526558e+00 
 7.54754109e+01  4.99657102e+01  7.54754109e+01  3.13522915e+00 
 7.59100455e+01  4.99657081e+01  7.59100455e+01  3.13519250e+00 
 7.63471830e+01  4.99657061e+01  7.63471830e+01  3.13515565e+00 
 7.67868378e+01  4.99657040e+01  7.67868378e+01  3.13511858e+00 
 7.72290244e+01  4.99657019e+01  7.72290244e+01  3.13508130e+00 
 7.76737574e+01  4.99656998e+01  7.76737574e+01  3.13504380e+00 
 7.81210514e+01  4.99656976e+01  7.81210514e+01  3.13500609e+00 
 7.85709213e+01  4.99656955e+01  7.85709213e+01  3.13496816e+00 
 7.90233817e+01  4.99656933e+01  7.90233817e+01  3.13493002e+00 
 7.94784478e+01  4.99656910e+01  7.94784478e+01  3.13489165e+00 
 7.99361343e+01  4.99656888e+01  7.99361343e+01  3.13485306e+00 
 8.03964565e+01  4.99656865e+01  8.03964565e+01  3.13481425e+00 
 8.08594296e+01  4.99656842e+01  8.08594296e+01  3.13477522e+00 
 8.13250687e+01  4.99656819e+01  8.13250687e+01  3.13473596e+00 
 8.17933893e+01  4.99656795e+01  8.17933893e+01  3.13469648e+00 
 8.22644067e+01  4.99656771e+01  8.22644067e+01  3.13465677e+00 
 8.27381366e+01  4.99656747e+01  8.27381366e+01  3.13461683e+00 
 8.32145945e+01  4.99656723e+01  8.32145945e+01  3.13457666e+00 
 8.36937961e+01  4.99656698e+01  8.36937961e+01  3.13453626e+00 
 8.41757573e+01  4.99656673e+01  8.41757573e+01  3.13449562e+00 
 8.46604939e+01  4.99656648e+01  8.46604939e+01  3.13445475e+00 
 8.51480220e+01  4.99656622e+01  8.51480220e+01  3.13441365e+00 
 8.56383575e+01  4.99656597e+01  8.56383575e+01  3.13437231e+00 
 8.61315167e+01  4.99656570e+01  8.61315167e+01  3.13433073e+00 
 8.66275158e+01  4.99656544e+01  8.66275158e+01  3.13428892e+00 
 8.71263712e+01  4.99656517e+01  8.71263712e+01  3.13424686e+00 
 8.76280993e+01  4.99656490e+01  8.76280993e+01  3.13420456e+00 
 8.81327166e+01  4.99656463e+01  8.81327166e+01  3.13416202e+00 
 8.86402399e+01  4.99656435e+01  8.86402399e+01  3.13411923e+00 
 8.91506858e+01  4.99656407e+01  8.91506858e+01  3.13407619e+00 
 8.96640711e+01  4.99656379e+01  8.96640711e+01  3.13403291e+00 
 9.01804129e+01  4.99656350e+01  9.01804129e+01  3.13398938e+00 
 9.06997281e+01  4.99656321e+01  9.06997281e+01  3.13394559e+00 
 9.12220338e+01  4.99656292e+01  9.12220338e+01  3.13390156e+00 
 9.17473473e+01  4.99656262e+01  9.17473473e+01  3.13385727e+00 
 9.22756858e+01  4.99656232e+01  9.22756858e+01  3.13381273e+00 
 9.28070669e+01  4.99656202e+01  9.28070669e+01  3.13376793e+00 
 9.33415080e+01  4.99656171e+01  9.33415080e+01  3.13372287e+00 
 9.38790267e+01  4.99656140e+01  9.38790267e+01  3.13367755e+00 
 9.44196408e+01  4.99656109e+01  9.44196408e+01  3.13363197e+00 
 9.49633681e+01  4.99656077e+01  9.49633681e+01  3.13358613e+00 
 9.55102266e+01  4.99656045e+01  9.55102266e+01  3.13354003e+00 
 9.60602341e+01  4.99656012e+01  9.60602341e+01  3.13349366e+00 
 9.66134090e+01  4.99655980e+01  9.66134090e+01  3.13344702e+00 
 9.71697694e+01  4.99655946e+01  9.71697694e+01  3.13340012e+00 
 9.77293337e+01  4.99655913e+01  9.77293337e+01  3.13335294e+00 
 9.82921202e+01  4.99655879e+01  9.82921202e+01  3.13330549e+00 
 9.88581477e+01  4.99655844e+01  9.88581477e+01  3.13325777e+00 
 9.94274347e+01  4.99655809e+01  9.94274347e+01  3.13320978e+00 
 1.00000000e+02  4.99655774e+01  1.00000000e+02  3.13316151e+00 
 1.00575862e+02  4.99655738e+01  1.00575862e+02  3.13311296e+00 
 1.01155041e+02  4.99655702e+01  1.01155041e+02  3.13306413e+00 
 1.01737555e+02  4.99655666e+01  1.01737555e+02  3.13301502e+00 
 1.02323424e+02  4.99655629e+01  1.02323424e+02  3.13296562e+00 
 1.02912666e+02  4.99655592e+01  1.02912666e+02  3.13291595e+00 
 1.03505301e+02  4.99655554e+01  1.03505301e+02  3.13286598e+00 
 1.04101349e+02  4.99655516e+01  1.04101349e+02  3.13281573e+00 
 1.04700830e+02  4.99655477e+01  1.04700830e+02  3.13276519e+00 
 1.05303763e+02  4.99655438e+01  1.05303763e+02  3.13271436e+00 
 1.05910168e+02  4.99655399e+01  1.05910168e+02  3.13266324e+00 
 1.06520065e+02  4.99655359e+01  1.06520065e+02  3.13261182e+00 
 1.07133474e+02  4.99655318e+01  1.07133474e+02  3.13256010e+00 
 1.07750415e+02  4.99655277e+01  1.07750415e+02  3.13250809e+00 
 1.08370910e+02  4.99655236e+01  1.08370910e+02  3.13245578e+00 
 1.08994977e+02  4.99655194e+01  1.08994977e+02  3.13240317e+00 
 1.09622638e+02  4.99655152e+01  1.09622638e+02  3.13235025e+00 
 1.10253914e+02  4.99655109e+01  1.10253914e+02  3.13229703e+00 
 1.10888825e+02  4.99655066e+01  1.10888825e+02  3.13224350e+00 
 1.11527392e+02  4.99655022e+01  1.11527392e+02  3.13218967e+00 
 1.12169636e+02  4.99654978e+01  1.12169636e+02  3.13213552e+00 
 1.12815579e+02  4.99654933e+01  1.12815579e+02  3.13208107e+00 
 1.13465242e+02  4.99654887e+01  1.13465242e+02  3.13202630e+00 
 1.14118646e+02  4.99654842e+01  1.14118646e+02  3.13197121e+00 
 1.14775812e+02  4.99654795e+01  1.14775812e+02  3.13191581e+00 
 1.15436763e+02  4.99654748e+01  1.15436763e+02  3.13186009e+00 
 1.16101520e+02  4.99654701e+01  1.16101520e+02  3.13180404e+00 
 1.16770105e+02  4.99654653e+01  1.16770105e+02  3.13174768e+00 
 1.17442540e+02  4.99654604e+01  1.17442540e+02  3.13169099e+00 
 1.18118848e+02  4.99654555e+01  1.18118848e+02  3.13163397e+00 
 1.18799050e+02  4.99654505e+01  1.18799050e+02  3.13157663e+00 
 1.19483169e+02  4.99654455e+01  1.19483169e+02  3.13151895e+00 
 1.20171228e+02  4.99654404e+01  1.20171228e+02  3.13146095e+00 
 1.20863249e+02  4.99654353e+01  1.20863249e+02  3.13140261e+00 
 1.21559255e+02  4.99654301e+01  1.21559255e+02  3.13134393e+00 
 1.22259269e+02  4.99654248e+01  1.22259269e+02  3.13128492e+00 
 1.22963314e+02  4.99654195e+01  1.22963314e+02  3.13122556e+00 
 1.23671414e+02  4.99654141e+01  1.23671414e+02  3.13116587e+00 
 1.24383591e+02  4.99654086e+01  1.24383591e+02  3.13110583e+00 
 1.25099870e+02  4.99654031e+01  1.25099870e+02  3.13104544e+00 
 1.25820273e+02  4.99653975e+01  1.25820273e+02  3.13098471e+00 
 1.26544825e+02  4.99653919e+01  1.26544825e+02  3.13092362e+00 
 1.27273549e+02  4.99653862e+01  1.27273549e+02  3.13086219e+00 
 1.28006470e+02  4.99653804e+01  1.28006470e+02  3.13080040e+00 
 1.28743611e+02  4.99653746e+01  1.28743611e+02  3.13073826e+00 
 1.29484997e+02  4.99653687e+01  1.29484997e+02  3.13067576e+00 
 1.30230653e+02  4.99653627e+01  1.30230653e+02  3.13061290e+00 
 1.30980602e+02  4.99653567e+01  1.30980602e+02  3.13054967e+00 
 1.31734870e+02  4.99653505e+01  1.31734870e+02  3.13048609e+00 
 1.32493482e+02  4.99653444e+01  1.32493482e+02  3.13042213e+00 
 1.33256462e+02  4.99653381e+01  1.33256462e+02  3.13035781e+00 
 1.34023836e+02  4.99653318e+01  1.34023836e+02  3.13029312e+00 
 1.34795629e+02  4.99653254e+01  1.34795629e+02  3.13022806e+00 
 1.35571867e+02  4.99653189e+01  1.35571867e+02  3.13016262e+00 
 1.36352574e+02  4.99653124e+01  1.36352574e+02  3.13009680e+00 
 1.37137778e+02  4.99653057e+01  1.37137778e+02  3.13003061e+00 
 1.37927503e+02  4.99652990e+01  1.37927503e+02  3.12996403e+00 
 1.38721775e+02  4.99652923e+01  1.38721775e+02  3.12989707e+00 
 1.39520622e+02  4.99652854e+01  1.39520622e+02  3.12982973e+00 
 1.40324069e+02  4.99652785e+01  1.40324069e+02  3.12976200e+00 
 1.41132143e+02  4.99652714e+01  1.41132143e+02  3.12969387e+00 
 1.41944870e+02  4.99652643e+01  1.41944870e+02  3.12962536e+00 
 1.42762277e+02  4.99652572e+01  1.42762277e+02  3.12955645e+00 
 1.43584391e+02  4.99652499e+01  1.43584391e+02  3.12948715e+00 
 1.44411240e+02  4.99652426e+01  1.44411240e+02  3.12941744e+00 
 1.45242850e+02  4.99652351e+01  1.45242850e+02  3.12934734e+00 
 1.46079249e+02  4.99652276e+01  1.46079249e+02  3.12927683e+00 
 1.46920465e+02  4.99652200e+01  1.46920465e+02  3.12920591e+00 
 1.47766525e+02  4.99652123e+01  1.47766525e+02  3.12913459e+00 
 1.48617457e+02  4.99652045e+01  1.48617457e+02  3.12906286e+00 
 1.49473289e+02  4.99651967e+01  1.49473289e+02  3.12899071e+00 
 1.50334050e+02  4.99651887e+01  1.50334050e+02  3.12891815e+00 
 1.51199767e+02  4.99651807e+01  1.51199767e+02  3.12884517e+00 
 1.52070470e+02  4.99651725e+01  1.52070470e+02  3.12877177e+00 
 1.52946187e+02  4.99651643e+01  1.52946187e+02  3.12869794e+00 
 1.53826946e+02  4.99651559e+01  1.53826946e+02  3.12862370e+00 
 1.54712778e+02  4.99651475e+01  1.54712778e+02  3.12854902e+00 
 1.55603711e+02  4.99651390e+01  1.55603711e+02  3.12847392e+00 
 1.56499774e+02  4.99651304e+01  1.56499774e+02  3.12839838e+00 
 1.57400998e+02  4.99651216e+01  1.57400998e+02  3.12832241e+00 
 1.58307411e+02  4.99651128e+01  1.58307411e+02  3.12824600e+00 
 1.59219044e+02  4.99651039e+01  1.59219044e+02  3.12816915e+00 
 1.60135927e+02  4.99650948e+01  1.60135927e+02  3.12809186e+00 
 1.61058090e+02  4.99650857e+01  1.61058090e+02  3.12801412e+00 
 1.61985563e+02  4.99650765e+01  1.61985563e+02  3.12793594e+00 
 1.62918377e+02  4.99650671e+01  1.62918377e+02  3.12785730e+00 
 1.63856563e+02  4.99650577e+01  1.63856563e+02  3.12777822e+00 
 1.64800151e+02  4.99650481e+01  1.64800151e+02  3.12769867e+00 
 1.65749174e+02  4.99650384e+01  1.65749174e+02  3.12761867e+00 
 1.66703661e+02  4.99650286e+01  1.66703661e+02  3.12753821e+00 
 1.67663645e+02  4.99650187e+01  1.67663645e+02  3.12745729e+00 
 1.68629157e+02  4.99650087e+01  1.68629157e+02  3.12737590e+00 
 1.69600229e+02  4.99649986e+01  1.69600229e+02  3.12729404e+00 
 1.70576893e+02  4.99649883e+01  1.70576893e+02  3.12721171e+00 
 1.71559181e+02  4.99649780e+01  1.71559181e+02  3.12712891e+00 
 1.72547126e+02  4.99649675e+01  1.72547126e+02  3.12704563e+00 
 1.73540760e+02  4.99649569e+01  1.73540760e+02  3.12696187e+00 
 1.74540117e+02  4.99649461e+01  1.74540117e+02  3.12687763e+00 
 1.75545228e+02  4.99649353e+01  1.75545228e+02  3.12679291e+00 
 1.76556127e+02  4.99649243e+01  1.76556127e+02  3.12670769e+00 
 1.77572847e+02  4.99649132e+01  1.77572847e+02  3.12662199e+00 
 1.78595423e+02  4.99649020e+01  1.78595423e+02  3.12653579e+00 
 1.79623887e+02  4.99648906e+01  1.79623887e+02  3.12644910e+00 
 1.80658273e+02  4.99648791e+01  1.80658273e+02  3.12636190e+00 
 1.81698617e+02  4.99648675e+01  1.81698617e+02  3.12627421e+00 
 1.82744951e+02  4.99648557e+01  1.82744951e+02  3.12618601e+00 
 1.83797311e+02  4.99648438e+01  1.83797311e+02  3.12609730e+00 
 1.84855730e+02  4.99648318e+01  1.84855730e+02  3.12600809e+00 
 1.85920245e+02  4.99648196e+01  1.85920245e+02  3.12591836e+00 
 1.86990890e+02  4.99648073e+01  1.86990890e+02  3.12582811e+00 
 1.88067700e+02  4.99647948e+01  1.88067700e+02  3.12573734e+00 
 1.89150712e+02  4.99647822e+01  1.89150712e+02  3.12564605e+00 
 1.90239960e+02  4.99647695e+01  1.90239960e+02  3.12555424e+00 
 1.91335480e+02  4.99647566e+01  1.91335480e+02  3.12546189e+00 
 1.92437310e+02  4.99647436e+01  1.92437310e+02  3.12536902e+00 
 1.93545484e+02  4.99647304e+01  1.93545484e+02  3.12527561e+00 
 1.94660040e+02  4.99647170e+01  1.94660040e+02  3.12518166e+00 
 1.95781014e+02  4.99647035e+01  1.95781014e+02  3.12508717e+00 
 1.96908443e+02  4.99646899e+01  1.96908443e+02  3.12499214e+00 
 1.98042365e+02  4.99646761e+01  1.98042365e+02  3.12489656e+00 
 1.99182817e+02  4.99646621e+01  1.99182817e+02  3.12480044e+00 
 2.00329836e+02  4.99646479e+01  2.00329836e+02  3.12470375e+00 
 2.01483461e+02  4.99646336e+01  2.01483461e+02  3.12460652e+00 
 2.02643728e+02  4.99646192e+01  2.02643728e+02  3.12450872e+00 
 2.03810678e+02  4.99646046e+01  2.03810678e+02  3.12441036e+00 
 2.04984347e+02  4.99645898e+01  2.04984347e+02  3.12431143e+00 
 2.06164775e+02  4.99645748e+01  2.06164775e+02  3.12421193e+00 
 2.07352000e+02  4.99645596e+01  2.07352000e+02  3.12411187e+00 
 2.08546063e+02  4.99645443e+01  2.08546063e+02  3.12401122e+00 
 2.09747001e+02  4.99645288e+01  2.09747001e+02  3.12391000e+00 
 2.10954856e+02  4.99645132e+01  2.10954856e+02  3.12380819e+00 
 2.12169666e+02  4.99644973e+01  2.12169666e+02  3.12370580e+00 
 2.13391471e+02  4.99644813e+01  2.13391471e+02  3.12360282e+00 
 2.14620313e+02  4.99644651e+01  2.14620313e+02  3.12349924e+00 
 2.15856230e+02  4.99644486e+01  2.15856230e+02  3.12339507e+00 
 2.17099265e+02  4.99644320e+01  2.17099265e+02  3.12329030e+00 
 2.18349459e+02  4.99644153e+01  2.18349459e+02  3.12318493e+00 
 2.19606851e+02  4.99643983e+01  2.19606851e+02  3.12307895e+00 
 2.20871485e+02  4.99643811e+01  2.20871485e+02  3.12297236e+00 
 2.22143401e+02  4.99643637e+01  2.22143401e+02  3.12286516e+00 
 2.23422641e+02  4.99643461e+01  2.23422641e+02  3.12275734e+00 
 2.24709249e+02  4.99643284e+01  2.24709249e+02  3.12264890e+00 
 2.26003265e+02  4.99643104e+01  2.26003265e+02  3.12253984e+00 
 2.27304733e+02  4.99642922e+01  2.27304733e+02  3.12243015e+00 
 2.28613696e+02  4.99642738e+01  2.28613696e+02  3.12231982e+00 
 2.29930196e+02  4.99642551e+01  2.29930196e+02  3.12220887e+00 
 2.31254278e+02  4.99642363e+01  2.31254278e+02  3.12209727e+00 
 2.32585985e+02  4.99642173e+01  2.32585985e+02  3.12198503e+00 
 2.33925360e+02  4.99641980e+01  2.33925360e+02  3.12187215e+00 
 2.35272449e+02  4.99641785e+01  2.35272449e+02  3.12175862e+00 
 2.36627294e+02  4.99641588e+01  2.36627294e+02  3.12164443e+00 
 2.37989942e+02  4.99641388e+01  2.37989942e+02  3.12152959e+00 
 2.39360437e+02  4.99641187e+01  2.39360437e+02  3.12141408e+00 
 2.40738824e+02  4.99640983e+01  2.40738824e+02  3.12129791e+00 
 2.42125149e+02  4.99640776e+01  2.42125149e+02  3.12118107e+00 
 2.43519457e+02  4.99640567e+01  2.43519457e+02  3.12106356e+00 
 2.44921794e+02  4.99640356e+01  2.44921794e+02  3.12094538e+00 
 2.46332206e+02  4.99640142e+01  2.46332206e+02  3.12082651e+00 
 2.47750741e+02  4.99639926e+01  2.47750741e+02  3.12070696e+00 
 2.49177445e+02  4.99639708e+01  2.49177445e+02  3.12058673e+00 
 2.50612364e+02  4.99639486e+01  2.50612364e+02  3.12046580e+00 
 2.52055547e+02  4.99639263e+01  2.52055547e+02  3.12034417e+00 
 2.53507040e+02  4.99639036e+01  2.53507040e+02  3.12022185e+00 
 2.54966892e+02  4.99638808e+01  2.54966892e+02  3.12009882e+00 
 2.56435151e+02  4.99638576e+01  2.56435151e+02  3.11997508e+00 
 2.57911865e+02  4.99638342e+01  2.57911865e+02  3.11985063e+00 
 2.59397083e+02  4.99638105e+01  2.59397083e+02  3.11972547e+00 
 2.60890853e+02  4.99637865e+01  2.60890853e+02  3.11959958e+00 
 2.62393226e+02  4.99637623e+01  2.62393226e+02  3.11947297e+00 
 2.63904250e+02  4.99637378e+01  2.63904250e+02  3.11934564e+00 
 2.65423975e+02  4.99637129e+01  2.65423975e+02  3.11921757e+00 
 2.66952453e+02  4.99636879e+01  2.66952453e+02  3.11908876e+00 
 2.68489732e+02  4.99636625e+01  2.68489732e+02  3.11895921e+00 
 2.70035863e+02  4.99636368e+01  2.70035863e+02  3.11882892e+00 
 2.71590899e+02  4.99636108e+01  2.71590899e+02  3.11869788e+00 
 2.73154889e+02  4.99635846e+01  2.73154889e+02  3.11856608e+00 
 2.74727885e+02  4.99635580e+01  2.74727885e+02  3.11843353e+00 
 2.76309940e+02  4.99635311e+01  2.76309940e+02  3.11830021e+00 
 2.77901105e+02  4.99635039e+01  2.77901105e+02  3.11816613e+00 
 2.79501434e+02  4.99634764e+01  2.79501434e+02  3.11803127e+00 
 2.81110978e+02  4.99634486e+01  2.81110978e+02  3.11789564e+00 
 2.82729790e+02  4.99634204e+01  2.82729790e+02  3.11775923e+00 
 2.84357925e+02  4.99633920e+01  2.84357925e+02  3.11762204e+00 
 2.85995436e+02  4.99633632e+01  2.85995436e+02  3.11748405e+00 
 2.87642376e+02  4.99633340e+01  2.87642376e+02  3.11734528e+00 
 2.89298801e+02  4.99633046e+01  2.89298801e+02  3.11720570e+00 
 2.90964764e+02  4.99632748e+01  2.90964764e+02  3.11706532e+00 
 2.92640321e+02  4.99632446e+01  2.92640321e+02  3.11692413e+00 
 2.94325527e+02  4.99632141e+01  2.94325527e+02  3.11678213e+00 
 2.96020437e+02  4.99631833e+01  2.96020437e+02  3.11663932e+00 
 2.97725108e+02  4.99631521e+01  2.97725108e+02  3.11649568e+00 
 2.99439595e+02  4.99631205e+01  2.99439595e+02  3.11635122e+00 
 3.01163955e+02  4.99630886e+01  3.01163955e+02  3.11620593e+00 
 3.02898246e+02  4.99630563e+01  3.02898246e+02  3.11605980e+00 
 3.04642523e+02  4.99630236e+01  3.04642523e+02  3.11591283e+00 
 3.06396845e+02  4.99629905e+01  3.06396845e+02  3.11576501e+00 
 3.08161270e+02  4.99629571e+01  3.08161270e+02  3.11561635e+00 
 3.09935855e+02  4.99629233e+01  3.09935855e+02  3.11546683e+00 
 3.11720659e+02  4.99628891e+01  3.11720659e+02  3.11531645e+00 
 3.13515742e+02  4.99628545e+01  3.13515742e+02  3.11516520e+00 
 3.15321161e+02  4.99628195e+01  3.15321161e+02  3.11501309e+00 
 3.17136977e+02  4.99627841e+01  3.17136977e+02  3.11486010e+00 
 3.18963250e+02  4.99627483e+01  3.18963250e+02  3.11470623e+00 
 3.20800040e+02  4.99627120e+01  3.20800040e+02  3.11455148e+00 
 3.22647407e+02  4.99626754e+01  3.22647407e+02  3.11439583e+00 
 3.24505413e+02  4.99626383e+01  3.24505413e+02  3.11423929e+00 
 3.26374118e+02  4.99626008e+01  3.26374118e+02  3.11408185e+00 
 3.28253584e+02  4.99625629e+01  3.28253584e+02  3.11392351e+00 
 3.30143873e+02  4.99625245e+01  3.30143873e+02  3.11376426e+00 
 3.32045048e+02  4.99624857e+01  3.32045048e+02  3.11360409e+00 
 3.33957171e+02  4.99624464e+01  3.33957171e+02  3.11344300e+00 
 3.35880305e+02  4.99624067e+01  3.35880305e+02  3.11328098e+00 
 3.37814514e+02  4.99623666e+01  3.37814514e+02  3.11311803e+00 
 3.39759861e+02  4.99623259e+01  3.39759861e+02  3.11295414e+00 
 3.41716410e+02  4.99622848e+01  3.41716410e+02  3.11278932e+00 
 3.43684227e+02  4.99622433e+01  3.43684227e+02  3.11262354e+00 
 3.45663375e+02  4.99622012e+01  3.45663375e+02  3.11245681e+00 
 3.47653921e+02  4.99621587e+01  3.47653921e+02  3.11228913e+00 
 3.49655930e+02  4.99621156e+01  3.49655930e+02  3.11212048e+00 
 3.51669467e+02  4.99620721e+01  3.51669467e+02  3.11195086e+00 
 3.53694600e+02  4.99620281e+01  3.53694600e+02  3.11178026e+00 
 3.55731394e+02  4.99619835e+01  3.55731394e+02  3.11160869e+00 
 3.57779918e+02  4.99619385e+01  3.57779918e+02  3.11143612e+00 
 3.59840238e+02  4.99618929e+01  3.59840238e+02  3.11126257e+00 
 3.61912423e+02  4.99618468e+01  3.61912423e+02  3.11108802e+00 
 3.63996541e+02  4.99618002e+01  3.63996541e+02  3.11091246e+00 
 3.66092661e+02  4.99617530e+01  3.66092661e+02  3.11073590e+00 
 3.68200851e+02  4.99617053e+01  3.68200851e+02  3.11055832e+00 
 3.70321182e+02  4.99616570e+01  3.70321182e+02  3.11037972e+00 
 3.72453723e+02  4.99616082e+01  3.72453723e+02  3.11020009e+00 
 3.74598544e+02  4.99615588e+01  3.74598544e+02  3.11001944e+00 
 3.76755716e+02  4.99615089e+01  3.76755716e+02  3.10983774e+00 
 3.78925311e+02  4.99614583e+01  3.78925311e+02  3.10965500e+00 
 3.81107400e+02  4.99614072e+01  3.81107400e+02  3.10947121e+00 
 3.83302055e+02  4.99613555e+01  3.83302055e+02  3.10928636e+00 
 3.85509347e+02  4.99613032e+01  3.85509347e+02  3.10910045e+00 
 3.87729351e+02  4.99612503e+01  3.87729351e+02  3.10891347e+00 
 3.89962139e+02  4.99611968e+01  3.89962139e+02  3.10872542e+00 
 3.92207785e+02  4.99611427e+01  3.92207785e+02  3.10853629e+00 
 3.94466362e+02  4.99610879e+01  3.94466362e+02  3.10834607e+00 
 3.96737946e+02  4.99610325e+01  3.96737946e+02  3.10815476e+00 
 3.99022611e+02  4.99609765e+01  3.99022611e+02  3.10796234e+00 
 4.01320433e+02  4.99609198e+01  4.01320433e+02  3.10776883e+00 
 4.03631487e+02  4.99608625e+01  4.03631487e+02  3.10757420e+00 
 4.05955849e+02  4.99608045e+01  4.05955849e+02  3.10737845e+00 
 4.08293596e+02  4.99607458e+01  4.08293596e+02  3.10718158e+00 
 4.10644806e+02  4.99606865e+01  4.10644806e+02  3.10698358e+00 
 4.13009556e+02  4.99606265e+01  4.13009556e+02  3.10678444e+00 
 4.15387923e+02  4.99605658e+01  4.15387923e+02  3.10658415e+00 
 4.17779986e+02  4.99605044e+01  4.17779986e+02  3.10638272e+00 
 4.20185824e+02  4.99604422e+01  4.20185824e+02  3.10618012e+00 
 4.22605517e+02  4.99603794e+01  4.22605517e+02  3.10597637e+00 
 4.25039143e+02  4.99603158e+01  4.25039143e+02  3.10577144e+00 
 4.27486784e+02  4.99602515e+01  4.27486784e+02  3.10556534e+00 
 4.29948521e+02  4.99601865e+01  4.29948521e+02  3.10535805e+00 
 4.32424433e+02  4.99601207e+01  4.32424433e+02  3.10514957e+00 
 4.34914603e+02  4.99600542e+01  4.34914603e+02  3.10493990e+00 
 4.37419113e+02  4.99599869e+01  4.37419113e+02  3.10472902e+00 
 4.39938046e+02  4.99599188e+01  4.39938046e+02  3.10451693e+00 
 4.42471484e+02  4.99598499e+01  4.42471484e+02  3.10430362e+00 
 4.45019511e+02  4.99597802e+01  4.45019511e+02  3.10408909e+00 
 4.47582212e+02  4.99597098e+01  4.47582212e+02  3.10387332e+00 
 4.50159670e+02  4.99596385e+01  4.50159670e+02  3.10365632e+00 
 4.52751970e+02  4.99595664e+01  4.52751970e+02  3.10343807e+00 
 4.55359199e+02  4.99594934e+01  4.55359199e+02  3.10321857e+00 
 4.57981442e+02  4.99594196e+01  4.57981442e+02  3.10299780e+00 
 4.60618785e+02  4.99593450e+01  4.60618785e+02  3.10277577e+00 
 4.63271316e+02  4.99592695e+01  4.63271316e+02  3.10255247e+00 
 4.65939122e+02  4.99591931e+01  4.65939122e+02  3.10232788e+00 
 4.68622291e+02  4.99591159e+01  4.68622291e+02  3.10210200e+00 
 4.71320911e+02  4.99590378e+01  4.71320911e+02  3.10187483e+00 
 4.74035071e+02  4.99589587e+01  4.74035071e+02  3.10164635e+00 
 4.76764861e+02  4.99588788e+01  4.76764861e+02  3.10141656e+00 
 4.79510371e+02  4.99587979e+01  4.79510371e+02  3.10118545e+00 
 4.82271692e+02  4.99587161e+01  4.82271692e+02  3.10095302e+00 
 4.85048914e+02  4.99586334e+01  4.85048914e+02  3.10071925e+00 
 4.87842128e+02  4.99585497e+01  4.87842128e+02  3.10048414e+00 
 4.90651428e+02  4.99584650e+01  4.90651428e+02  3.10024768e+00 
 4.93476906e+02  4.99583794e+01  4.93476906e+02  3.10000986e+00 
 4.96318654e+02  4.99582927e+01  4.96318654e+02  3.09977068e+00 
 4.99176767e+02  4.99582051e+01  4.99176767e+02  3.09953013e+00 
 5.02051339e+02  4.99581165e+01  5.02051339e+02  3.09928819e+00 
 5.04942464e+02  4.99580268e+01  5.04942464e+02  3.09904487e+00 
 5.07850239e+02  4.99579361e+01  5.07850239e+02  3.09880015e+00 
 5.10774758e+02  4.99578444e+01  5.10774758e+02  3.09855403e+00 
 5.13716118e+02  4.99577516e+01  5.13716118e+02  3.09830649e+00 
 5.16674416e+02  4.99576577e+01  5.16674416e+02  3.09805754e+00 
 5.19649751e+02  4.99575628e+01  5.19649751e+02  3.09780715e+00 
 5.22642219e+02  4.99574667e+01  5.22642219e+02  3.09755533e+00 
 5.25651919e+02  4.99573696e+01  5.25651919e+02  3.09730207e+00 
 5.28678951e+02  4.99572713e+01  5.28678951e+02  3.09704735e+00 
 5.31723415e+02  4.99571719e+01  5.31723415e+02  3.09679118e+00 
 5.34785411e+02  4.99570714e+01  5.34785411e+02  3.09653353e+00 
 5.37865040e+02  4.99569697e+01  5.37865040e+02  3.09627440e+00 
 5.40962403e+02  4.99568668e+01  5.40962403e+02  3.09601379e+00 
 5.44077602e+02  4.99567627e+01  5.44077602e+02  3.09575169e+00 
 5.47210741e+02  4.99566574e+01  5.47210741e+02  3.09548808e+00 
 5.50361923e+02  4.99565510e+01  5.50361923e+02  3.09522296e+00 
 5.53531250e+02  4.99564433e+01  5.53531250e+02  3.09495632e+00 
 5.56718829e+02  4.99563343e+01  5.56718829e+02  3.09468815e+00 
 5.59924764e+02  4.99562241e+01  5.59924764e+02  3.09441844e+00 
 5.63149161e+02  4.99561126e+01  5.63149161e+02  3.09414719e+00 
 5.66392126e+02  4.99559999e+01  5.66392126e+02  3.09387438e+00 
 5.69653766e+02  4.99558858e+01  5.69653766e+02  3.09360001e+00 
 5.72934188e+02  4.99557705e+01  5.72934188e+02  3.09332407e+00 
 5.76233501e+02  4.99556538e+01  5.76233501e+02  3.09304654e+00 
 5.79551814e+02  4.99555357e+01  5.79551814e+02  3.09276742e+00 
 5.82889235e+02  4.99554163e+01  5.82889235e+02  3.09248671e+00 
 5.86245876e+02  4.99552955e+01  5.86245876e+02  3.09220438e+00 
 5.89621846e+02  4.99551733e+01  5.89621846e+02  3.09192044e+00 
 5.93017257e+02  4.99550498e+01  5.93017257e+02  3.09163487e+00 
 5.96432221e+02  4.99549248e+01  5.96432221e+02  3.09134767e+00 
 5.99866850e+02  4.99547983e+01  5.99866850e+02  3.09105881e+00 
 6.03321259e+02  4.99546704e+01  6.03321259e+02  3.09076831e+00 
 6.06795560e+02  4.99545410e+01  6.06795560e+02  3.09047614e+00 
 6.10289868e+02  4.99544102e+01  6.10289868e+02  3.09018229e+00 
 6.13804298e+02  4.99542778e+01  6.13804298e+02  3.08988676e+00 
 6.17338967e+02  4.99541439e+01  6.17338967e+02  3.08958954e+00 
 6.20893990e+02  4.99540085e+01  6.20893990e+02  3.08929062e+00 
 6.24469486e+02  4.99538715e+01  6.24469486e+02  3.08898999e+00 
 6.28065572e+02  4.99537329e+01  6.28065572e+02  3.08868763e+00 
 6.31682366e+02  4.99535927e+01  6.31682366e+02  3.08838354e+00 
 6.35319988e+02  4.99534509e+01  6.35319988e+02  3.08807771e+00 
 6.38978557e+02  4.99533075e+01  6.38978557e+02  3.08777013e+00 
 6.42658195e+02  4.99531624e+01  6.42658195e+02  3.08746079e+00 
 6.46359022e+02  4.99530157e+01  6.46359022e+02  3.08714968e+00 
 6.50081162e+02  4.99528673e+01  6.50081162e+02  3.08683679e+00 
 6.53824735e+02  4.99527171e+01  6.53824735e+02  3.08652210e+00 
 6.57589867e+02  4.99525652e+01  6.57589867e+02  3.08620562e+00 
 6.61376680e+02  4.99524116e+01  6.61376680e+02  3.08588732e+00 
 6.65185300e+02  4.99522562e+01  6.65185300e+02  3.08556721e+00 
 6.69015853e+02  4.99520991e+01  6.69015853e+02  3.08524526e+00 
 6.72868464e+02  4.99519401e+01  6.72868464e+02  3.08492146e+00 
 6.76743262e+02  4.99517792e+01  6.76743262e+02  3.08459582e+00 
 6.80640372e+02  4.99516166e+01  6.80640372e+02  3.08426831e+00 
 6.84559925e+02  4.99514520e+01  6.84559925e+02  3.08393893e+00 
 6.88502049e+02  4.99512856e+01  6.88502049e+02  3.08360766e+00 
 6.92466874e+02  4.99511172e+01  6.92466874e+02  3.08327450e+00 
 6.96454531e+02  4.99509469e+01  6.96454531e+02  3.08293944e+00 
 7.00465151e+02  4.99507747e+01  7.00465151e+02  3.08260246e+00 
 7.04498867e+02  4.99506005e+01  7.04498867e+02  3.08226355e+00 
 7.08555812e+02  4.99504242e+01  7.08555812e+02  3.08192270e+00 
 7.12636119e+02  4.99502460e+01  7.12636119e+02  3.08157991e+00 
 7.16739924e+02  4.99500656e+01  7.16739924e+02  3.08123515e+00 
 7.20867360e+02  4.99498832e+01  7.20867360e+02  3.08088842e+00 
 7.25018565e+02  4.99496987e+01  7.25018565e+02  3.08053972e+00 
 7.29193675e+02  4.99495121e+01  7.29193675e+02  3.08018901e+00 
 7.33392828e+02  4.99493234e+01  7.33392828e+02  3.07983631e+00 
 7.37616162e+02  4.99491324e+01  7.37616162e+02  3.07948159e+00 
 7.41863817e+02  4.99489393e+01  7.41863817e+02  3.07912484e+00 
 7.46135932e+02  4.99487439e+01  7.46135932e+02  3.07876605e+00 
 7.50432649e+02  4.99485463e+01  7.50432649e+02  3.07840522e+00 
 7.54754109e+02  4.99483465e+01  7.54754109e+02  3.07804232e+00 
 7.59100455e+02  4.99481443e+01  7.59100455e+02  3.07767735e+00 
 7.63471830e+02  4.99479398e+01  7.63471830e+02  3.07731029e+00 
 7.67868378e+02  4.99477329e+01  7.67868378e+02  3.07694114e+00 
 7.72290244e+02  4.99475237e+01  7.72290244e+02  3.07656988e+00 
 7.76737574e+02  4.99473121e+01  7.76737574e+02  3.07619650e+00 
 7.81210514e+02  4.99470980e+01  7.81210514e+02  3.07582099e+00 
 7.85709213e+02  4.99468815e+01  7.85709213e+02  3.07544334e+00 
 7.90233817e+02  4.99466624e+01  7.90233817e+02  3.07506353e+00 
 7.94784478e+02  4.99464409e+01  7.94784478e+02  3.07468155e+00 
 7.99361343e+02  4.99462168e+01  7.99361343e+02  3.07429739e+00 
 8.03964565e+02  4.99459901e+01  8.03964565e+02  3.07391104e+00 
 8.08594296e+02  4.99457609e+01  8.08594296e+02  3.07352249e+00 
 8.13250687e+02  4.99455290e+01  8.13250687e+02  3.07313171e+00 
 8.17933893e+02  4.99452944e+01  8.17933893e+02  3.07273871e+00 
 8.22644067e+02  4.99450571e+01  8.22644067e+02  3.07234347e+00 
 8.27381366e+02  4.99448171e+01  8.27381366e+02  3.07194597e+00 
 8.32145945e+02  4.99445744e+01  8.32145945e+02  3.07154621e+00 
 8.36937961e+02  4.99443288e+01  8.36937961e+02  3.07114417e+00 
 8.41757573e+02  4.99440804e+01  8.41757573e+02  3.07073983e+00 
 8.46604939e+02  4.99438292e+01  8.46604939e+02  3.07033319e+00 
 8.51480220e+02  4.99435751e+01  8.51480220e+02  3.06992423e+00 
 8.56383575e+02  4.99433181e+01  8.56383575e+02  3.06951294e+00 
 8.61315167e+02  4.99430581e+01  8.61315167e+02  3.06909931e+00 
 8.66275158e+02  4.99427951e+01  8.66275158e+02  3.06868332e+00 
 8.71263712e+02  4.99425291e+01  8.71263712e+02  3.06826496e+00 
 8.76280993e+02  4.99422601e+01  8.76280993e+02  3.06784422e+00 
 8.81327166e+02  4.99419879e+01  8.81327166e+02  3.06742108e+00 
 8.86402399e+02  4.99417127e+01  8.86402399e+02  3.06699553e+00 
 8.91506858e+02  4.99414342e+01  8.91506858e+02  3.06656756e+00 
 8.96640711e+02  4.99411526e+01  8.96640711e+02  3.06613715e+00 
 9.01804129e+02  4.99408678e+01  9.01804129e+02  3.06570429e+00 
 9.06997281e+02  4.99405796e+01  9.06997281e+02  3.06526896e+00 
 9.12220338e+02  4.99402882e+01  9.12220338e+02  3.06483116e+00 
 9.17473473e+02  4.99399934e+01  9.17473473e+02  3.06439087e+00 
 9.22756858e+02  4.99396952e+01  9.22756858e+02  3.06394807e+00 
 9.28070669e+02  4.99393937e+01  9.28070669e+02  3.06350275e+00 
 9.33415080e+02  4.99390886e+01  9.33415080e+02  3.06305490e+00 
 9.38790267e+02  4.99387800e+01  9.38790267e+02  3.06260450e+00 
 9.44196408e+02  4.99384679e+01  9.44196408e+02  3.06215154e+00 
 9.49633681e+02  4.99381523e+01  9.49633681e+02  3.06169601e+00 
 9.55102266e+02  4.99378330e+01  9.55102266e+02  3.06123788e+00 
 9.60602341e+02  4.99375100e+01  9.60602341e+02  3.06077716e+00 
 9.66134090e+02  4.99371833e+01  9.66134090e+02  3.06031381e+00 
 9.71697694e+02  4.99368529e+01  9.71697694e+02  3.05984783e+00 
 9.77293337e+02  4.99365187e+01  9.77293337e+02  3.05937920e+00 
 9.82921202e+02  4.99361806e+01  9.82921202e+02  3.05890791e+00 
 9.88581477e+02  4.99358387e+01  9.88581477e+02  3.05843394e+00 
 9.94274347e+02  4.99354929e+01  9.94274347e+02  3.05795729e+00 
 1.00000000e+03  4.99351431e+01  1.00000000e+03  3.05747792e+00 
 1.00575862e+03  4.99347892e+01  1.00575862e+03  3.05699584e+00 
 1.01155041e+03  4.99344314e+01  1.01155041e+03  3.05651101e+00 
 1.01737555e+03  4.99340694e+01  1.01737555e+03  3.05602344e+00 
 1.02323424e+03  4.99337032e+01  1.02323424e+03  3.05553310e+00 
 1.02912666e+03  4.99333329e+01  1.02912666e+03  3.05503997e+00 
 1.03505301e+03  4.99329583e+01  1.03505301e+03  3.05454405e+00 
 1.04101349e+03  4.99325794e+01  1.04101349e+03  3.05404532e+00 
 1.04700830e+03  4.99321962e+01  1.04700830e+03  3.05354376e+00 
 1.05303763e+03  4.99318086e+01  1.05303763e+03  3.05303936e+00 
 1.05910168e+03  4.99314166e+01  1.05910168e+03  3.05253209e+00 
 1.06520065e+03  4.99310200e+01  1.06520065e+03  3.05202195e+00 
 1.07133474e+03  4.99306189e+01  1.07133474e+03  3.05150893e+00 
 1.07750415e+03  4.99302133e+01  1.07750415e+03  3.05099299e+00 
 1.08370910e+03  4.99298029e+01  1.08370910e+03  3.05047413e+00 
 1.08994977e+03  4.99293879e+01  1.08994977e+03  3.04995234e+00 
 1.09622638e+03  4.99289681e+01  1.09622638e+03  3.04942759e+00 
 1.10253914e+03  4.99285435e+01  1.10253914e+03  3.04889987e+00 
 1.10888825e+03  4.99281141e+01  1.10888825e+03  3.04836916e+00 
 1.11527392e+03  4.99276797e+01  1.11527392e+03  3.04783545e+00 
 1.12169636e+03  4.99272404e+01  1.12169636e+03  3.04729872e+00 
 1.12815579e+03  4.99267960e+01  1.12815579e+03  3.04675895e+00 
 1.13465242e+03  4.99263466e+01  1.13465242e+03  3.04621613e+00 
 1.14118646e+03  4.99258920e+01  1.14118646e+03  3.04567024e+00 
 1.14775812e+03  4.99254322e+01  1.14775812e+03  3.04512127e+00 
 1.15436763e+03  4.99249671e+01  1.15436763e+03  3.04456920e+00 
 1.16101520e+03  4.99244967e+01  1.16101520e+03  3.04401400e+00 
 1.16770105e+03  4.99240210e+01  1.16770105e+03  3.04345567e+00 
 1.17442540e+03  4.99235397e+01  1.17442540e+03  3.04289418e+00 
 1.18118848e+03  4.99230530e+01  1.18118848e+03  3.04232953e+00 
 1.18799050e+03  4.99225608e+01  1.18799050e+03  3.04176168e+00 
 1.19483169e+03  4.99220628e+01  1.19483169e+03  3.04119064e+00 
 1.20171228e+03  4.99215592e+01  1.20171228e+03  3.04061636e+00 
 1.20863249e+03  4.99210499e+01  1.20863249e+03  3.04003885e+00 
 1.21559255e+03  4.99205347e+01  1.21559255e+03  3.03945809e+00 
 1.22259269e+03  4.99200136e+01  1.22259269e+03  3.03887405e+00 
 1.22963314e+03  4.99194866e+01  1.22963314e+03  3.03828671e+00 
 1.23671414e+03  4.99189536e+01  1.23671414e+03  3.03769607e+00 
 1.24383591e+03  4.99184144e+01  1.24383591e+03  3.03710209e+00 
 1.25099870e+03  4.99178691e+01  1.25099870e+03  3.03650477e+00 
 1.25820273e+03  4.99173176e+01  1.25820273e+03  3.03590409e+00 
 1.26544825e+03  4.99167598e+01  1.26544825e+03  3.03530003e+00 
 1.27273549e+03  4.99161956e+01  1.27273549e+03  3.03469256e+00 
 1.28006470e+03  4.99156250e+01  1.28006470e+03  3.03408168e+00 
 1.28743611e+03  4.99150478e+01  1.28743611e+03  3.03346736e+00 
 1.29484997e+03  4.99144641e+01  1.29484997e+03  3.03284958e+00 
 1.30230653e+03  4.99138737e+01  1.30230653e+03  3.03222834e+00 
 1.30980602e+03  4.99132765e+01  1.30980602e+03  3.03160360e+00 
 1.31734870e+03  4.99126726e+01  1.31734870e+03  3.03097534e+00 
 1.32493482e+03  4.99120617e+01  1.32493482e+03  3.03034356e+00 
 1.33256462e+03  4.99114439e+01  1.33256462e+03  3.02970823e+00 
 1.34023836e+03  4.99108191e+01  1.34023836e+03  3.02906934e+00 
 1.34795629e+03  4.99101871e+01  1.34795629e+03  3.02842686e+00 
 1.35571867e+03  4.99095479e+01  1.35571867e+03  3.02778077e+00 
 1.36352574e+03  4.99089014e+01  1.36352574e+03  3.02713105e+00 
 1.37137778e+03  4.99082476e+01  1.37137778e+03  3.02647770e+00 
 1.37927503e+03  4.99075863e+01  1.37927503e+03  3.02582068e+00 
 1.38721775e+03  4.99069174e+01  1.38721775e+03  3.02515998e+00 
 1.39520622e+03  4.99062410e+01  1.39520622e+03  3.02449557e+00 
 1.40324069e+03  4.99055568e+01  1.40324069e+03  3.02382745e+00 
 1.41132143e+03  4.99048649e+01  1.41132143e+03  3.02315558e+00 
 1.41944870e+03  4.99041650e+01  1.41944870e+03  3.02247996e+00 
 1.42762277e+03  4.99034572e+01  1.42762277e+03  3.02180055e+00 
 1.43584391e+03  4.99027414e+01  1.43584391e+03  3.02111734e+00 
 1.44411240e+03  4.99020174e+01  1.44411240e+03  3.02043031e+00 
 1.45242850e+03  4.99012851e+01  1.45242850e+03  3.01973945e+00 
 1.46079249e+03  4.99005445e+01  1.46079249e+03  3.01904472e+00 
 1.46920465e+03  4.98997955e+01  1.46920465e+03  3.01834611e+00 
 1.47766525e+03  4.98990380e+01  1.47766525e+03  3.01764359e+00 
 1.48617457e+03  4.98982719e+01  1.48617457e+03  3.01693716e+00 
 1.49473289e+03  4.98974970e+01  1.49473289e+03  3.01622679e+00 
 1.50334050e+03  4.98967134e+01  1.50334050e+03  3.01551245e+00 
 1.51199767e+03  4.98959208e+01  1.51199767e+03  3.01479413e+00 
 1.52070470e+03  4.98951192e+01  1.52070470e+03  3.01407180e+00 
 1.52946187e+03  4.98943085e+01  1.52946187e+03  3.01334545e+00 
 1.53826946e+03  4.98934886e+01  1.53826946e+03  3.01261506e+00 
 1.54712778e+03  4.98926594e+01  1.54712778e+03  3.01188059e+00 
 1.55603711e+03  4.98918208e+01  1.55603711e+03  3.01114204e+00 
 1.56499774e+03  4.98909727e+01  1.56499774e+03  3.01039938e+00 
 1.57400998e+03  4.98901149e+01  1.57400998e+03  3.00965260e+00 
 1.58307411e+03  4.98892474e+01  1.58307411e+03  3.00890166e+00 
 1.59219044e+03  4.98883700e+01  1.59219044e+03  3.00814654e+00 
 1.60135927e+03  4.98874827e+01  1.60135927e+03  3.00738724e+00 
 1.61058090e+03  4.98865853e+01  1.61058090e+03  3.00662371e+00 
 1.61985563e+03  4.98856778e+01  1.61985563e+03  3.00585595e+00 
 1.62918377e+03  4.98847600e+01  1.62918377e+03  3.00508393e+00 
 1.63856563e+03  4.98838317e+01  1.63856563e+03  3.00430763e+00 
 1.64800151e+03  4.98828929e+01  1.64800151e+03  3.00352703e+00 
 1.65749174e+03  4.98819436e+01  1.65749174e+03  3.00274210e+00 
 1.66703661e+03  4.98809834e+01  1.66703661e+03  3.00195283e+00 
 1.67663645e+03  4.98800124e+01  1.67663645e+03  3.00115919e+00 
 1.68629157e+03  4.98790303e+01  1.68629157e+03  3.00036115e+00 
 1.69600229e+03  4.98780372e+01  1.69600229e+03  2.99955870e+00 
 1.70576893e+03  4.98770328e+01  1.70576893e+03  2.99875182e+00 
 1.71559181e+03  4.98760171e+01  1.71559181e+03  2.99794048e+00 
 1.72547126e+03  4.98749899e+01  1.72547126e+03  2.99712466e+00 
 1.73540760e+03  4.98739510e+01  1.73540760e+03  2.99630434e+00 
 1.74540117e+03  4.98729004e+01  1.74540117e+03  2.99547949e+00 
 1.75545228e+03  4.98718379e+01  1.75545228e+03  2.99465009e+00 
 1.76556127e+03  4.98707634e+01  1.76556127e+03  2.99381612e+00 
 1.77572847e+03  4.98696768e+01  1.77572847e+03  2.99297756e+00 
 1.78595423e+03  4.98685779e+01  1.78595423e+03  2.99213438e+00 
 1.79623887e+03  4.98674666e+01  1.79623887e+03  2.99128656e+00 
 1.80658273e+03  4.98663428e+01  1.80658273e+03  2.99043408e+00 
 1.81698617e+03  4.98652062e+01  1.81698617e+03  2.98957691e+00 
 1.82744951e+03  4.98640569e+01  1.82744951e+03  2.98871504e+00 
 1.83797311e+03  4.98628945e+01  1.83797311e+03  2.98784843e+00 
 1.84855730e+03  4.98617191e+01  1.84855730e+03  2.98697706e+00 
 1.85920245e+03  4.98605304e+01  1.85920245e+03  2.98610091e+00 
 1.86990890e+03  4.98593283e+01  1.86990890e+03  2.98521997e+00 
 1.88067700e+03  4.98581127e+01  1.88067700e+03  2.98433419e+00 
 1.89150712e+03  4.98568833e+01  1.89150712e+03  2.98344357e+00 
 1.90239960e+03  4.98556402e+01  1.90239960e+03  2.98254807e+00 
 1.91335480e+03  4.98543830e+01  1.91335480e+03  2.98164767e+00 
 1.92437310e+03  4.98531117e+01  1.92437310e+03  2.98074235e+00 
 1.93545484e+03  4.98518260e+01  1.93545484e+03  2.97983209e+00 
 1.94660040e+03  4.98505259e+01  1.94660040e+03  2.97891685e+00 
 1.95781014e+03  4.98492112e+01  1.95781014e+03  2.97799663e+00 
 1.96908443e+03  4.98478817e+01  1.96908443e+03  2.97707138e+00 
 1.98042365e+03  4.98465373e+01  1.98042365e+03  2.97614110e+00 
 1.99182817e+03  4.98451777e+01  1.99182817e+03  2.97520574e+00 
 2.00329836e+03  4.98438029e+01  2.00329836e+03  2.97426530e+00 
 2.01483461e+03  4.98424127e+01  2.01483461e+03  2.97331974e+00 
 2.02643728e+03  4.98410068e+01  2.02643728e+03  2.97236905e+00 
 2.03810678e+03  4.98395852e+01  2.03810678e+03  2.97141319e+00 
 2.04984347e+03  4.98381476e+01  2.04984347e+03  2.97045214e+00 
 2.06164775e+03  4.98366939e+01  2.06164775e+03  2.96948588e+00 
 2.07352000e+03  4.98352239e+01  2.07352000e+03  2.96851438e+00 
 2.08546063e+03  4.98337374e+01  2.08546063e+03  2.96753762e+00 
 2.09747001e+03  4.98322343e+01  2.09747001e+03  2.96655557e+00 
 2.10954856e+03  4.98307144e+01  2.10954856e+03  2.96556821e+00 
 2.12169666e+03  4.98291774e+01  2.12169666e+03  2.96457552e+00 
 2.13391471e+03  4.98276232e+01  2.13391471e+03  2.96357746e+00 
 2.14620313e+03  4.98260517e+01  2.14620313e+03  2.96257402e+00 
 2.15856230e+03  4.98244626e+01  2.15856230e+03  2.96156516e+00 
 2.17099265e+03  4.98228557e+01  2.17099265e+03  2.96055087e+00 
 2.18349459e+03  4.98212308e+01  2.18349459e+03  2.95953112e+00 
 2.19606851e+03  4.98195878e+01  2.19606851e+03  2.95850588e+00 
 2.20871485e+03  4.98179265e+01  2.20871485e+03  2.95747513e+00 
 2.22143401e+03  4.98162466e+01  2.22143401e+03  2.95643884e+00 
 2.23422641e+03  4.98145480e+01  2.23422641e+03  2.95539699e+00 
 2.24709249e+03  4.98128304e+01  2.24709249e+03  2.95434955e+00 
 2.26003265e+03  4.98110937e+01  2.26003265e+03  2.95329650e+00 
 2.27304733e+03  4.98093376e+01  2.27304733e+03  2.95223781e+00 
 2.28613696e+03  4.98075620e+01  2.28613696e+03  2.95117345e+00 
 2.29930196e+03  4.98057666e+01  2.29930196e+03  2.95010341e+00 
 2.31254278e+03  4.98039512e+01  2.31254278e+03  2.94902765e+00 
 2.32585985e+03  4.98021156e+01  2.32585985e+03  2.94794615e+00 
 2.33925360e+03  4.98002596e+01  2.33925360e+03  2.94685889e+00 
 2.35272449e+03  4.97983830e+01  2.35272449e+03  2.94576583e+00 
 2.36627294e+03  4.97964855e+01  2.36627294e+03  2.94466696e+00 
 2.37989942e+03  4.97945669e+01  2.37989942e+03  2.94356224e+00 
 2.39360437e+03  4.97926271e+01  2.39360437e+03  2.94245166e+00 
 2.40738824e+03  4.97906657e+01  2.40738824e+03  2.94133518e+00 
 2.42125149e+03  4.97886826e+01  2.42125149e+03  2.94021278e+00 
 2.43519457e+03  4.97866775e+01  2.43519457e+03  2.93908444e+00 
 2.44921794e+03  4.97846501e+01  2.44921794e+03  2.93795012e+00 
 2.46332206e+03  4.97826004e+01  2.46332206e+03  2.93680981e+00 
 2.47750741e+03  4.97805279e+01  2.47750741e+03  2.93566348e+00 
 2.49177445e+03  4.97784325e+01  2.49177445e+03  2.93451109e+00 
 2.50612364e+03  4.97763139e+01  2.50612364e+03  2.93335264e+00 
 2.52055547e+03  4.97741719e+01  2.52055547e+03  2.93218808e+00 
 2.53507040e+03  4.97720062e+01  2.53507040e+03  2.93101740e+00 
 2.54966892e+03  4.97698166e+01  2.54966892e+03  2.92984056e+00 
 2.56435151e+03  4.97676029e+01  2.56435151e+03  2.92865755e+00 
 2.57911865e+03  4.97653647e+01  2.57911865e+03  2.92746834e+00 
 2.59397083e+03  4.97631018e+01  2.59397083e+03  2.92627289e+00 
 2.60890853e+03  4.97608140e+01  2.60890853e+03  2.92507120e+00 
 2.62393226e+03  4.97585010e+01  2.62393226e+03  2.92386322e+00 
 2.63904250e+03  4.97561626e+01  2.63904250e+03  2.92264893e+00 
 2.65423975e+03  4.97537984e+01  2.65423975e+03  2.92142832e+00 
 2.66952453e+03  4.97514082e+01  2.66952453e+03  2.92020135e+00 
 2.68489732e+03  4.97489917e+01  2.68489732e+03  2.91896799e+00 
 2.70035863e+03  4.97465487e+01  2.70035863e+03  2.91772822e+00 
 2.71590899e+03  4.97440789e+01  2.71590899e+03  2.91648202e+00 
 2.73154889e+03  4.97415820e+01  2.73154889e+03  2.91522936e+00 
 2.74727885e+03  4.97390577e+01  2.74727885e+03  2.91397022e+00 
 2.76309940e+03  4.97365057e+01  2.76309940e+03  2.91270456e+00 
 2.77901105e+03  4.97339258e+01  2.77901105e+03  2.91143236e+00 
 2.79501434e+03  4.97313177e+01  2.79501434e+03  2.91015361e+00 
 2.81110978e+03  4.97286810e+01  2.81110978e+03  2.90886826e+00 
 2.82729790e+03  4.97260155e+01  2.82729790e+03  2.90757631e+00 
 2.84357925e+03  4.97233208e+01  2.84357925e+03  2.90627771e+00 
 2.85995436e+03  4.97205967e+01  2.85995436e+03  2.90497245e+00 
 2.87642376e+03  4.97178429e+01  2.87642376e+03  2.90366050e+00 
 2.89298801e+03  4.97150591e+01  2.89298801e+03  2.90234184e+00 
 2.90964764e+03  4.97122450e+01  2.90964764e+03  2.90101643e+00 
 2.92640321e+03  4.97094001e+01  2.92640321e+03  2.89968427e+00 
 2.94325527e+03  4.97065244e+01  2.94325527e+03  2.89834531e+00 
 2.96020437e+03  4.97036173e+01  2.96020437e+03  2.89699954e+00 
 2.97725108e+03  4.97006786e+01  2.97725108e+03  2.89564692e+00 
 2.99439595e+03  4.96977081e+01  2.99439595e+03  2.89428745e+00 
 3.01163955e+03  4.96947052e+01  3.01163955e+03  2.89292108e+00 
 3.02898246e+03  4.96916698e+01  3.02898246e+03  2.89154781e+00 
 3.04642523e+03  4.96886015e+01  3.04642523e+03  2.89016759e+00 
 3.06396845e+03  4.96855000e+01  3.06396845e+03  2.88878041e+00 
 3.08161270e+03  4.96823649e+01  3.08161270e+03  2.88738624e+00 
 3.09935855e+03  4.96791959e+01  3.09935855e+03  2.88598506e+00 
 3.11720659e+03  4.96759926e+01  3.11720659e+03  2.88457685e+00 
 3.13515742e+03  4.96727547e+01  3.13515742e+03  2.88316158e+00 
 3.15321161e+03  4.96694819e+01  3.15321161e+03  2.88173922e+00 
 3.17136977e+03  4.96661738e+01  3.17136977e+03  2.88030975e+00 
 3.18963250e+03  4.96628300e+01  3.18963250e+03  2.87887315e+00 
 3.20800040e+03  4.96594502e+01  3.20800040e+03  2.87742940e+00 
 3.22647407e+03  4.96560341e+01  3.22647407e+03  2.87597847e+00 
 3.24505413e+03  4.96525813e+01  3.24505413e+03  2.87452034e+00 
 3.26374118e+03  4.96490913e+01  3.26374118e+03  2.87305498e+00 
 3.28253584e+03  4.96455639e+01  3.28253584e+03  2.87158237e+00 
 3.30143873e+03  4.96419987e+01  3.30143873e+03  2.87010249e+00 
 3.32045048e+03  4.96383952e+01  3.32045048e+03  2.86861532e+00 
 3.33957171e+03  4.96347532e+01  3.33957171e+03  2.86712083e+00 
 3.35880305e+03  4.96310722e+01  3.35880305e+03  2.86561899e+00 
 3.37814514e+03  4.96273519e+01  3.37814514e+03  2.86410980e+00 
 3.39759861e+03  4.96235918e+01  3.39759861e+03  2.86259322e+00 
 3.41716410e+03  4.96197916e+01  3.41716410e+03  2.86106924e+00 
 3.43684227e+03  4.96159510e+01  3.43684227e+03  2.85953782e+00 
 3.45663375e+03  4.96120693e+01  3.45663375e+03  2.85799896e+00 
 3.47653921e+03  4.96081464e+01  3.47653921e+03  2.85645262e+00 
 3.49655930e+03  4.96041818e+01  3.49655930e+03  2.85489879e+00 
 3.51669467e+03  4.96001751e+01  3.51669467e+03  2.85333744e+00 
 3.53694600e+03  4.95961258e+01  3.53694600e+03  2.85176856e+00 
 3.55731394e+03  4.95920336e+01  3.55731394e+03  2.85019212e+00 
 3.57779918e+03  4.95878981e+01  3.57779918e+03  2.84860811e+00 
 3.59840238e+03  4.95837188e+01  3.59840238e+03  2.84701650e+00 
 3.61912423e+03  4.95794953e+01  3.61912423e+03  2.84541726e+00 
 3.63996541e+03  4.95752272e+01  3.63996541e+03  2.84381039e+00 
 3.66092661e+03  4.95709141e+01  3.66092661e+03  2.84219586e+00 
 3.68200851e+03  4.95665555e+01  3.68200851e+03  2.84057366e+00 
 3.70321182e+03  4.95621510e+01  3.70321182e+03  2.83894375e+00 
 3.72453723e+03  4.95577001e+01  3.72453723e+03  2.83730614e+00 
 3.74598544e+03  4.95532025e+01  3.74598544e+03  2.83566078e+00 
 3.76755716e+03  4.95486577e+01  3.76755716e+03  2.83400767e+00 
 3.78925311e+03  4.95440652e+01  3.78925311e+03  2.83234679e+00 
 3.81107400e+03  4.95394247e+01  3.81107400e+03  2.83067812e+00 
 3.83302055e+03  4.95347355e+01  3.83302055e+03  2.82900164e+00 
 3.85509347e+03  4.95299973e+01  3.85509347e+03  2.82731734e+00 
 3.87729351e+03  4.95252097e+01  3.87729351e+03  2.82562519e+00 
 3.89962139e+03  4.95203721e+01  3.89962139e+03  2.82392518e+00 
 3.92207785e+03  4.95154841e+01  3.92207785e+03  2.82221730e+00 
 3.94466362e+03  4.95105453e+01  3.94466362e+03  2.82050152e+00 
 3.96737946e+03  4.95055551e+01  3.96737946e+03  2.81877783e+00 
 3.99022611e+03  4.95005131e+01  3.99022611e+03  2.81704621e+00 
 4.01320433e+03  4.94954189e+01  4.01320433e+03  2.81530666e+00 
 4.03631487e+03  4.94902718e+01  4.03631487e+03  2.81355915e+00 
 4.05955849e+03  4.94850715e+01  4.05955849e+03  2.81180366e+00 
 4.08293596e+03  4.94798175e+01  4.08293596e+03  2.81004019e+00 
 4.10644806e+03  4.94745092e+01  4.10644806e+03  2.80826872e+00 
 4.13009556e+03  4.94691462e+01  4.13009556e+03  2.80648924e+00 
 4.15387923e+03  4.94637280e+01  4.15387923e+03  2.80470172e+00 
 4.17779986e+03  4.94582541e+01  4.17779986e+03  2.80290617e+00 
 4.20185824e+03  4.94527240e+01  4.20185824e+03  2.80110256e+00 
 4.22605517e+03  4.94471371e+01  4.22605517e+03  2.79929088e+00 
 4.25039143e+03  4.94414930e+01  4.25039143e+03  2.79747113e+00 
 4.27486784e+03  4.94357912e+01  4.27486784e+03  2.79564328e+00 
 4.29948521e+03  4.94300312e+01  4.29948521e+03  2.79380733e+00 
 4.32424433e+03  4.94242123e+01  4.32424433e+03  2.79196327e+00 
 4.34914603e+03  4.94183342e+01  4.34914603e+03  2.79011108e+00 
 4.37419113e+03  4.94123962e+01  4.37419113e+03  2.78825076e+00 
 4.39938046e+03  4.94063980e+01  4.39938046e+03  2.78638230e+00 
 4.42471484e+03  4.94003388e+01  4.42471484e+03  2.78450568e+00 
 4.45019511e+03  4.93942183e+01  4.45019511e+03  2.78262089e+00 
 4.47582212e+03  4.93880358e+01  4.47582212e+03  2.78072794e+00 
 4.50159670e+03  4.93817909e+01  4.50159670e+03  2.77882681e+00 
 4.52751970e+03  4.93754829e+01  4.52751970e+03  2.77691748e+00 
 4.55359199e+03  4.93691114e+01  4.55359199e+03  2.77499997e+00 
 4.57981442e+03  4.93626758e+01  4.57981442e+03  2.77307425e+00 
 4.60618785e+03  4.93561756e+01  4.60618785e+03  2.77114032e+00 
 4.63271316e+03  4.93496102e+01  4.63271316e+03  2.76919818e+00 
 4.65939122e+03  4.93429790e+01  4.65939122e+03  2.76724782e+00 
 4.68622291e+03  4.93362815e+01  4.68622291e+03  2.76528923e+00 
 4.71320911e+03  4.93295171e+01  4.71320911e+03  2.76332242e+00 
 4.74035071e+03  4.93226853e+01  4.74035071e+03  2.76134737e+00 
 4.76764861e+03  4.93157855e+01  4.76764861e+03  2.75936408e+00 
 4.79510371e+03  4.93088172e+01  4.79510371e+03  2.75737256e+00 
 4.82271692e+03  4.93017797e+01  4.82271692e+03  2.75537279e+00 
 4.85048914e+03  4.92946725e+01  4.85048914e+03  2.75336478e+00 
 4.87842128e+03  4.92874951e+01  4.87842128e+03  2.75134852e+00 
 4.90651428e+03  4.92802467e+01  4.90651428e+03  2.74932401e+00 
 4.93476906e+03  4.92729270e+01  4.93476906e+03  2.74729126e+00 
 4.96318654e+03  4.92655352e+01  4.96318654e+03  2.74525026e+00 
 4.99176767e+03  4.92580709e+01  4.99176767e+03  2.74320101e+00 
 5.02051339e+03  4.92505333e+01  5.02051339e+03  2.74114352e+00 
 5.04942464e+03  4.92429220e+01  5.04942464e+03  2.73907778e+00 
 5.07850239e+03  4.92352363e+01  5.07850239e+03  2.73700380e+00 
 5.10774758e+03  4.92274757e+01  5.10774758e+03  2.73492159e+00 
 5.13716118e+03  4.92196394e+01  5.13716118e+03  2.73283113e+00 
 5.16674416e+03  4.92117271e+01  5.16674416e+03  2.73073245e+00 
 5.19649751e+03  4.92037380e+01  5.19649751e+03  2.72862554e+00 
 5.22642219e+03  4.91956715e+01  5.22642219e+03  2.72651041e+00 
 5.25651919e+03  4.91875271e+01  5.25651919e+03  2.72438706e+00 
 5.28678951e+03  4.91793041e+01  5.28678951e+03  2.72225551e+00 
 5.31723415e+03  4.91710020e+01  5.31723415e+03  2.72011575e+00 
 5.34785411e+03  4.91626200e+01  5.34785411e+03  2.71796780e+00 
 5.37865040e+03  4.91541577e+01  5.37865040e+03  2.71581166e+00 
 5.40962403e+03  4.91456144e+01  5.40962403e+03  2.71364735e+00 
 5.44077602e+03  4.91369895e+01  5.44077602e+03  2.71147487e+00 
 5.47210741e+03  4.91282823e+01  5.47210741e+03  2.70929423e+00 
 5.50361923e+03  4.91194923e+01  5.50361923e+03  2.70710545e+00 
 5.53531250e+03  4.91106188e+01  5.53531250e+03  2.70490854e+00 
 5.56718829e+03  4.91016613e+01  5.56718829e+03  2.70270350e+00 
 5.59924764e+03  4.90926190e+01  5.59924764e+03  2.70049035e+00 
 5.63149161e+03  4.90834914e+01  5.63149161e+03  2.69826911e+00 
 5.66392126e+03  4.90742779e+01  5.66392126e+03  2.69603979e+00 
 5.69653766e+03  4.90649778e+01  5.69653766e+03  2.69380240e+00 
 5.72934188e+03  4.90555905e+01  5.72934188e+03  2.69155696e+00 
 5.76233501e+03  4.90461153e+01  5.76233501e+03  2.68930349e+00 
 5.79551814e+03  4.90365517e+01  5.79551814e+03  2.68704200e+00 
 5.82889235e+03  4.90268990e+01  5.82889235e+03  2.68477251e+00 
 5.86245876e+03  4.90171566e+01  5.86245876e+03  2.68249504e+00 
 5.89621846e+03  4.90073239e+01  5.89621846e+03  2.68020961e+00 
 5.93017257e+03  4.89974002e+01  5.93017257e+03  2.67791624e+00 
 5.96432221e+03  4.89873848e+01  5.96432221e+03  2.67561495e+00 
 5.99866850e+03  4.89772773e+01  5.99866850e+03  2.67330576e+00 
 6.03321259e+03  4.89670768e+01  6.03321259e+03  2.67098870e+00 
 6.06795560e+03  4.89567829e+01  6.06795560e+03  2.66866378e+00 
 6.10289868e+03  4.89463948e+01  6.10289868e+03  2.66633103e+00 
 6.13804298e+03  4.89359120e+01  6.13804298e+03  2.66399048e+00 
 6.17338967e+03  4.89253338e+01  6.17338967e+03  2.66164215e+00 
 6.20893990e+03  4.89146595e+01  6.20893990e+03  2.65928606e+00 
 6.24469486e+03  4.89038885e+01  6.24469486e+03  2.65692225e+00 
 6.28065572e+03  4.88930203e+01  6.28065572e+03  2.65455073e+00 
 6.31682366e+03  4.88820541e+01  6.31682366e+03  2.65217155e+00 
 6.35319988e+03  4.88709894e+01  6.35319988e+03  2.64978472e+00 
 6.38978557e+03  4.88598255e+01  6.38978557e+03  2.64739029e+00 
 6.42658195e+03  4.88485617e+01  6.42658195e+03  2.64498827e+00 
 6.46359022e+03  4.88371975e+01  6.46359022e+03  2.64257870e+00 
 6.50081162e+03  4.88257322e+01  6.50081162e+03  2.64016161e+00 
 6.53824735e+03  4.88141652e+01  6.53824735e+03  2.63773704e+00 
 6.57589867e+03  4.88024959e+01  6.57589867e+03  2.63530502e+00 
 6.61376680e+03  4.87907235e+01  6.61376680e+03  2.63286559e+00 
 6.65185300e+03  4.87788476e+01  6.65185300e+03  2.63041877e+00 
 6.69015853e+03  4.87668674e+01  6.69015853e+03  2.62796461e+00 
 6.72868464e+03  4.87547825e+01  6.72868464e+03  2.62550314e+00 
 6.76743262e+03  4.87425920e+01  6.76743262e+03  2.62303441e+00 
 6.80640372e+03  4.87302954e+01  6.80640372e+03  2.62055844e+00 
 6.84559925e+03  4.87178922e+01  6.84559925e+03  2.61807529e+00 
 6.88502049e+03  4.87053816e+01  6.88502049e+03  2.61558499e+00 
 6.92466874e+03  4.86927631e+01  6.92466874e+03  2.61308757e+00 
 6.96454531e+03  4.86800360e+01  6.96454531e+03  2.61058310e+00 
 7.00465151e+03  4.86671997e+01  7.00465151e+03  2.60807159e+00 
 7.04498867e+03  4.86542537e+01  7.04498867e+03  2.60555311e+00 
 7.08555812e+03  4.86411972e+01  7.08555812e+03  2.60302770e+00 
 7.12636119e+03  4.86280298e+01  7.12636119e+03  2.60049539e+00 
 7.16739924e+03  4.86147508e+01  7.16739924e+03  2.59795624e+00 
 7.20867360e+03  4.86013596e+01  7.20867360e+03  2.59541030e+00 
 7.25018565e+03  4.85878556e+01  7.25018565e+03  2.59285760e+00 
 7.29193675e+03  4.85742382e+01  7.29193675e+03  2.59029821e+00 
 7.33392828e+03  4.85605068e+01  7.33392828e+03  2.58773216e+00 
 7.37616162e+03  4.85466609e+01  7.37616162e+03  2.58515952e+00 
 7.41863817e+03  4.85326997e+01  7.41863817e+03  2.58258033e+00 
 7.46135932e+03  4.85186229e+01  7.46135932e+03  2.57999464e+00 
 7.50432649e+03  4.85044297e+01  7.50432649e+03  2.57740251e+00 
 7.54754109e+03  4.84901196e+01  7.54754109e+03  2.57480399e+00 
 7.59100455e+03  4.84756921e+01  7.59100455e+03  2.57219913e+00 
 7.63471830e+03  4.84611465e+01  7.63471830e+03  2.56958799e+00 
 7.67868378e+03  4.84464823e+01  7.67868378e+03  2.56697063e+00 
 7.72290244e+03  4.84316989e+01  7.72290244e+03  2.56434710e+00 
 7.76737574e+03  4.84167958e+01  7.76737574e+03  2.56171746e+00 
 7.81210514e+03  4.84017724e+01  7.81210514e+03  2.55908177e+00 
 7.85709213e+03  4.83866282e+01  7.85709213e+03  2.55644009e+00 
 7.90233817e+03  4.83713625e+01  7.90233817e+03  2.55379248e+00 
 7.94784478e+03  4.83559750e+01  7.94784478e+03  2.55113900e+00 
 7.99361343e+03  4.83404650e+01  7.99361343e+03  2.54847970e+00 
 8.03964565e+03  4.83248320e+01  8.03964565e+03  2.54581467e+00 
 8.08594296e+03  4.83090755e+01  8.08594296e+03  2.54314395e+00 
 8.13250687e+03  4.82931949e+01  8.13250687e+03  2.54046761e+00 
 8.17933893e+03  4.82771898e+01  8.17933893e+03  2.53778572e+00 
 8.22644067e+03  4.82610596e+01  8.22644067e+03  2.53509834e+00 
 8.27381366e+03  4.82448038e+01  8.27381366e+03  2.53240553e+00 
 8.32145945e+03  4.82284219e+01  8.32145945e+03  2.52970738e+00 
 8.36937961e+03  4.82119134e+01  8.36937961e+03  2.52700393e+00 
 8.41757573e+03  4.81952779e+01  8.41757573e+03  2.52429527e+00 
 8.46604939e+03  4.81785148e+01  8.46604939e+03  2.52158146e+00 
 8.51480220e+03  4.81616236e+01  8.51480220e+03  2.51886258e+00 
 8.56383575e+03  4.81446039e+01  8.56383575e+03  2.51613868e+00 
 8.61315167e+03  4.81274552e+01  8.61315167e+03  2.51340985e+00 
 8.66275158e+03  4.81101771e+01  8.66275158e+03  2.51067616e+00 
 8.71263712e+03  4.80927690e+01  8.71263712e+03  2.50793767e+00 
 8.76280993e+03  4.80752306e+01  8.76280993e+03  2.50519447e+00 
 8.81327166e+03  4.80575614e+01  8.81327166e+03  2.50244663e+00 
 8.86402399e+03  4.80397609e+01  8.86402399e+03  2.49969422e+00 
 8.91506858e+03  4.80218288e+01  8.91506858e+03  2.49693732e+00 
 8.96640711e+03  4.80037645e+01  8.96640711e+03  2.49417600e+00 
 9.01804129e+03  4.79855677e+01  9.01804129e+03  2.49141035e+00 
 9.06997281e+03  4.79672380e+01  9.06997281e+03  2.48864043e+00 
 9.12220338e+03  4.79487750e+01  9.12220338e+03  2.48586634e+00 
 9.17473473e+03  4.79301782e+01  9.17473473e+03  2.48308814e+00 
 9.22756858e+03  4.79114472e+01  9.22756858e+03  2.48030592e+00 
 9.28070669e+03  4.78925818e+01  9.28070669e+03  2.47751975e+00 
 9.33415080e+03  4.78735814e+01  9.33415080e+03  2.47472973e+00 
 9.38790267e+03  4.78544459e+01  9.38790267e+03  2.47193592e+00 
 9.44196408e+03  4.78351746e+01  9.44196408e+03  2.46913842e+00 
 9.49633681e+03  4.78157674e+01  9.49633681e+03  2.46633730e+00 
 9.55102266e+03  4.77962239e+01  9.55102266e+03  2.46353265e+00 
 9.60602341e+03  4.77765437e+01  9.60602341e+03  2.46072455e+00 
 9.66134090e+03  4.77567266e+01  9.66134090e+03  2.45791309e+00 
 9.71697694e+03  4.77367721e+01  9.71697694e+03  2.45509834e+00 
 9.77293337e+03  4.77166799e+01  9.77293337e+03  2.45228041e+00 
 9.82921202e+03  4.76964499e+01  9.82921202e+03  2.44945936e+00 
 9.88581477e+03  4.76760815e+01  9.88581477e+03  2.44663529e+00 
 9.94274347e+03  4.76555747e+01  9.94274347e+03  2.44380829e+00 
 1.00000000e+04  4.76349291e+01  1.00000000e+04  2.44097844e+00 
 1.00575862e+04  4.76141443e+01  1.00575862e+04  2.43814582e+00 
 1.01155041e+04  4.75932202e+01  1.01155041e+04  2.43531054e+00 
 1.01737555e+04  4.75721565e+01  1.01737555e+04  2.43247267e+00 
 1.02323424e+04  4.75509529e+01  1.02323424e+04  2.42963230e+00 
 1.02912666e+04  4.75296093e+01  1.02912666e+04  2.42678953e+00 
 1.03505301e+04  4.75081252e+01  1.03505301e+04  2.42394445e+00 
 1.04101349e+04  4.74865007e+01  1.04101349e+04  2.42109714e+00 
 1.04700830e+04  4.74647353e+01  1.04700830e+04  2.41824769e+00 
 1.05303763e+04  4.74428290e+01  1.05303763e+04  2.41539620e+00 
 1.05910168e+04  4.74207815e+01  1.05910168e+04  2.41254275e+00 
 1.06520065e+04  4.73985927e+01  1.06520065e+04  2.40968745e+00 
 1.07133474e+04  4.73762623e+01  1.07133474e+04  2.40683037e+00 
 1.07750415e+04  4.73537901e+01  1.07750415e+04  2.40397161e+00 
 1.08370910e+04  4.73311761e+01  1.08370910e+04  2.40111127e+00 
 1.08994977e+04  4.73084201e+01  1.08994977e+04  2.39824944e+00 
 1.09622638e+04  4.72855220e+01  1.09622638e+04  2.39538620e+00 
 1.10253914e+04  4.72624815e+01  1.10253914e+04  2.39252166e+00 
 1.10888825e+04  4.72392986e+01  1.10888825e+04  2.38965590e+00 
 1.11527392e+04  4.72159731e+01  1.11527392e+04  2.38678902e+00 
 1.12169636e+04  4.71925050e+01  1.12169636e+04  2.38392112e+00 
 1.12815579e+04  4.71688942e+01  1.12815579e+04  2.38105228e+00 
 1.13465242e+04  4.71451405e+01  1.13465242e+04  2.37818260e+00 
 1.14118646e+04  4.71212439e+01  1.14118646e+04  2.37531218e+00 
 1.14775812e+04  4.70972043e+01  1.14775812e+04  2.37244110e+00 
 1.15436763e+04  4.70730217e+01  1.15436763e+04  2.36956947e+00 
 1.16101520e+04  4.70486961e+01  1.16101520e+04  2.36669737e+00 
 1.16770105e+04  4.70242272e+01  1.16770105e+04  2.36382491e+00 
 1.17442540e+04  4.69996153e+01  1.17442540e+04  2.36095218e+00 
 1.18118848e+04  4.69748601e+01  1.18118848e+04  2.35807926e+00 
 1.18799050e+04  4.69499618e+01  1.18799050e+04  2.35520626e+00 
 1.19483169e+04  4.69249203e+01  1.19483169e+04  2.35233327e+00 
 1.20171228e+04  4.68997355e+01  1.20171228e+04  2.34946038e+00 
 1.20863249e+04  4.68744076e+01  1.20863249e+04  2.34658770e+00 
 1.21559255e+04  4.68489366e+01  1.21559255e+04  2.34371530e+00 
 1.22259269e+04  4.68233225e+01  1.22259269e+04  2.34084330e+00 
 1.22963314e+04  4.67975653e+01  1.22963314e+04  2.33797178e+00 
 1.23671414e+04  4.67716650e+01  1.23671414e+04  2.33510083e+00 
 1.24383591e+04  4.67456219e+01  1.24383591e+04  2.33223056e+00 
 1.25099870e+04  4.67194358e+01  1.25099870e+04  2.32936105e+00 
 1.25820273e+04  4.66931070e+01  1.25820273e+04  2.32649240e+00 
 1.26544825e+04  4.66666354e+01  1.26544825e+04  2.32362471e+00 
 1.27273549e+04  4.66400213e+01  1.27273549e+04  2.32075806e+00 
 1.28006470e+04  4.66132647e+01  1.28006470e+04  2.31789255e+00 
 1.28743611e+04  4.65863657e+01  1.28743611e+04  2.31502828e+00 
 1.29484997e+04  4.65593244e+01  1.29484997e+04  2.31216533e+00 
 1.30230653e+04  4.65321411e+01  1.30230653e+04  2.30930380e+00 
 1.30980602e+04  4.65048157e+01  1.30980602e+04  2.30644379e+00 
 1.31734870e+04  4.64773486e+01  1.31734870e+04  2.30358538e+00 
 1.32493482e+04  4.64497399e+01  1.32493482e+04  2.30072867e+00 
 1.33256462e+04  4.64219897e+01  1.33256462e+04  2.29787374e+00 
 1.34023836e+04  4.63940982e+01  1.34023836e+04  2.29502070e+00 
 1.34795629e+04  4.63660656e+01  1.34795629e+04  2.29216963e+00 
 1.35571867e+04  4.63378921e+01  1.35571867e+04  2.28932062e+00 
 1.36352574e+04  4.63095780e+01  1.36352574e+04  2.28647377e+00 
 1.37137778e+04  4.62811234e+01  1.37137778e+04  2.28362916e+00 
 1.37927503e+04  4.62525286e+01  1.37927503e+04  2.28078688e+00 
 1.38721775e+04  4.62237937e+01  1.38721775e+04  2.27794703e+00 
 1.39520622e+04  4.61949191e+01  1.39520622e+04  2.27510968e+00 
 1.40324069e+04  4.61659051e+01  1.40324069e+04  2.27227494e+00 
 1.41132143e+04  4.61367517e+01  1.41132143e+04  2.26944289e+00 
 1.41944870e+04  4.61074595e+01  1.41944870e+04  2.26661362e+00 
 1.42762277e+04  4.60780285e+01  1.42762277e+04  2.26378721e+00 
 1.43584391e+04  4.60484591e+01  1.43584391e+04  2.26096375e+00 
 1.44411240e+04  4.60187516e+01  1.44411240e+04  2.25814333e+00 
 1.45242850e+04  4.59889064e+01  1.45242850e+04  2.25532604e+00 
 1.46079249e+04  4.59589236e+01  1.46079249e+04  2.25251196e+00 
 1.46920465e+04  4.59288037e+01  1.46920465e+04  2.24970117e+00 
 1.47766525e+04  4.58985469e+01  1.47766525e+04  2.24689376e+00 
 1.48617457e+04  4.58681536e+01  1.48617457e+04  2.24408981e+00 
 1.49473289e+04  4.58376241e+01  1.49473289e+04  2.24128941e+00 
 1.50334050e+04  4.58069588e+01  1.50334050e+04  2.23849264e+00 
 1.51199767e+04  4.57761581e+01  1.51199767e+04  2.23569958e+00 
 1.52070470e+04  4.57452222e+01  1.52070470e+04  2.23291031e+00 
 1.52946187e+04  4.57141516e+01  1.52946187e+04  2.23012492e+00 
 1.53826946e+04  4.56829467e+01  1.53826946e+04  2.22734349e+00 
 1.54712778e+04  4.56516079e+01  1.54712778e+04  2.22456609e+00 
 1.55603711e+04  4.56201354e+01  1.55603711e+04  2.22179281e+00 
 1.56499774e+04  4.55885298e+01  1.56499774e+04  2.21902372e+00 
 1.57400998e+04  4.55567915e+01  1.57400998e+04  2.21625890e+00 
 1.58307411e+04  4.55249208e+01  1.58307411e+04  2.21349843e+00 
 1.59219044e+04  4.54929182e+01  1.59219044e+04  2.21074239e+00 
 1.60135927e+04  4.54607842e+01  1.60135927e+04  2.20799085e+00 
 1.61058090e+04  4.54285190e+01  1.61058090e+04  2.20524388e+00 
 1.61985563e+04  4.53961233e+01  1.61985563e+04  2.20250157e+00 
 1.62918377e+04  4.53635974e+01  1.62918377e+04  2.19976399e+00 
 1.63856563e+04  4.53309418e+01  1.63856563e+04  2.19703120e+00 
 1.64800151e+04  4.52981569e+01  1.64800151e+04  2.19430329e+00 
 1.65749174e+04  4.52652433e+01  1.65749174e+04  2.19158032e+00 
 1.66703661e+04  4.52322013e+01  1.66703661e+04  2.18886237e+00 
 1.67663645e+04  4.51990316e+01  1.67663645e+04  2.18614950e+00 
 1.68629157e+04  4.51657344e+01  1.68629157e+04  2.18344179e+00 
 1.69600229e+04  4.51323104e+01  1.69600229e+04  2.18073930e+00 
 1.70576893e+04  4.50987601e+01  1.70576893e+04  2.17804211e+00 
 1.71559181e+04  4.50650839e+01  1.71559181e+04  2.17535028e+00 
 1.72547126e+04  4.50312823e+01  1.72547126e+04  2.17266388e+00 
 1.73540760e+04  4.49973559e+01  1.73540760e+04  2.16998297e+00 
 1.74540117e+04  4.49633051e+01  1.74540117e+04  2.16730761e+00 
 1.75545228e+04  4.49291306e+01  1.75545228e+04  2.16463789e+00 
 1.76556127e+04  4.48948327e+01  1.76556127e+04  2.16197385e+00 
 1.77572847e+04  4.48604121e+01  1.77572847e+04  2.15931556e+00 
 1.78595423e+04  4.48258693e+01  1.78595423e+04  2.15666308e+00 
 1.79623887e+04  4.47912048e+01  1.79623887e+04  2.15401647e+00 
 1.80658273e+04  4.47564191e+01  1.80658273e+04  2.15137580e+00 
 1.81698617e+04  4.47215129e+01  1.81698617e+04  2.14874112e+00 
 1.82744951e+04  4.46864866e+01  1.82744951e+04  2.14611250e+00 
 1.83797311e+04  4.46513409e+01  1.83797311e+04  2.14348999e+00 
 1.84855730e+04  4.46160762e+01  1.84855730e+04  2.14087364e+00 
 1.85920245e+04  4.45806932e+01  1.85920245e+04  2.13826352e+00 
 1.86990890e+04  4.45451924e+01  1.86990890e+04  2.13565968e+00 
 1.88067700e+04  4.45095744e+01  1.88067700e+04  2.13306218e+00 
 1.89150712e+04  4.44738397e+01  1.89150712e+04  2.13047106e+00 
 1.90239960e+04  4.44379889e+01  1.90239960e+04  2.12788639e+00 
 1.91335480e+04  4.44020227e+01  1.91335480e+04  2.12530821e+00 
 1.92437310e+04  4.43659416e+01  1.92437310e+04  2.12273658e+00 
 1.93545484e+04  4.43297462e+01  1.93545484e+04  2.12017155e+00 
 1.94660040e+04  4.42934371e+01  1.94660040e+04  2.11761316e+00 
 1.95781014e+04  4.42570148e+01  1.95781014e+04  2.11506147e+00 
 1.96908443e+04  4.42204800e+01  1.96908443e+04  2.11251653e+00 
 1.98042365e+04  4.41838333e+01  1.98042365e+04  2.10997838e+00 
 1.99182817e+04  4.41470753e+01  1.99182817e+04  2.10744706e+00 
 2.00329836e+04  4.41102065e+01  2.00329836e+04  2.10492263e+00 
 2.01483461e+04  4.40732277e+01  2.01483461e+04  2.10240513e+00 
 2.02643728e+04  4.40361393e+01  2.02643728e+04  2.09989461e+00 
 2.03810678e+04  4.39989420e+01  2.03810678e+04  2.09739110e+00 
 2.04984347e+04  4.39616365e+01  2.04984347e+04  2.09489465e+00 
 2.06164775e+04  4.39242233e+01  2.06164775e+04  2.09240530e+00 
 2.07352000e+04  4.38867030e+01  2.07352000e+04  2.08992309e+00 
 2.08546063e+04  4.38490763e+01  2.08546063e+04  2.08744807e+00 
 2.09747001e+04  4.38113438e+01  2.09747001e+04  2.08498027e+00 
 2.10954856e+04  4.37735061e+01  2.10954856e+04  2.08251972e+00 
 2.12169666e+04  4.37355638e+01  2.12169666e+04  2.08006647e+00 
 2.13391471e+04  4.36975176e+01  2.13391471e+04  2.07762056e+00 
 2.14620313e+04  4.36593681e+01  2.14620313e+04  2.07518202e+00 
 2.15856230e+04  4.36211159e+01  2.15856230e+04  2.07275088e+00 
 2.17099265e+04  4.35827616e+01  2.17099265e+04  2.07032718e+00 
 2.18349459e+04  4.35443059e+01  2.18349459e+04  2.06791095e+00 
 2.19606851e+04  4.35057494e+01  2.19606851e+04  2.06550223e+00 
 2.20871485e+04  4.34670927e+01  2.20871485e+04  2.06310104e+00 
 2.22143401e+04  4.34283365e+01  2.22143401e+04  2.06070743e+00 
 2.23422641e+04  4.33894814e+01  2.23422641e+04  2.05832141e+00 
 2.24709249e+04  4.33505280e+01  2.24709249e+04  2.05594302e+00 
 2.26003265e+04  4.33114769e+01  2.26003265e+04  2.05357229e+00 
 2.27304733e+04  4.32723288e+01  2.27304733e+04  2.05120924e+00 
 2.28613696e+04  4.32330844e+01  2.28613696e+04  2.04885390e+00 
 2.29930196e+04  4.31937442e+01  2.29930196e+04  2.04650630e+00 
 2.31254278e+04  4.31543089e+01  2.31254278e+04  2.04416646e+00 
 2.32585985e+04  4.31147791e+01  2.32585985e+04  2.04183442e+00 
 2.33925360e+04  4.30751554e+01  2.33925360e+04  2.03951018e+00 
 2.35272449e+04  4.30354385e+01  2.35272449e+04  2.03719379e+00 
 2.36627294e+04  4.29956291e+01  2.36627294e+04  2.03488525e+00 
 2.37989942e+04  4.29557277e+01  2.37989942e+04  2.03258459e+00 
 2.39360437e+04  4.29157349e+01  2.39360437e+04  2.03029183e+00 
 2.40738824e+04  4.28756515e+01  2.40738824e+04  2.02800699e+00 
 2.42125149e+04  4.28354780e+01  2.42125149e+04  2.02573010e+00 
 2.43519457e+04  4.27952151e+01  2.43519457e+04  2.02346116e+00 
 2.44921794e+04  4.27548634e+01  2.44921794e+04  2.02120021e+00 
 2.46332206e+04  4.27144235e+01  2.46332206e+04  2.01894725e+00 
 2.47750741e+04  4.26738961e+01  2.47750741e+04  2.01670230e+00 
 2.49177445e+04  4.26332817e+01  2.49177445e+04  2.01446538e+00 
 2.50612364e+04  4.25925811e+01  2.50612364e+04  2.01223650e+00 
 2.52055547e+04  4.25517947e+01  2.52055547e+04  2.01001568e+00 
 2.53507040e+04  4.25109234e+01  2.53507040e+04  2.00780294e+00 
 2.54966892e+04  4.24699676e+01  2.54966892e+04  2.00559828e+00 
 2.56435151e+04  4.24289280e+01  2.56435151e+04  2.00340172e+00 
 2.57911865e+04  4.23878052e+01  2.57911865e+04  2.00121326e+00 
 2.59397083e+04  4.23465998e+01  2.59397083e+04  1.99903293e+00 
 2.60890853e+04  4.23053125e+01  2.60890853e+04  1.99686073e+00 
 2.62393226e+04  4.22639439e+01  2.62393226e+04  1.99469668e+00 
 2.63904250e+04  4.22224945e+01  2.63904250e+04  1.99254077e+00 
 2.65423975e+04  4.21809650e+01  2.65423975e+04  1.99039302e+00 
 2.66952453e+04  4.21393560e+01  2.66952453e+04  1.98825344e+00 
 2.68489732e+04  4.20976681e+01  2.68489732e+04  1.98612204e+00 
 2.70035863e+04  4.20559019e+01  2.70035863e+04  1.98399881e+00 
 2.71590899e+04  4.20140581e+01  2.71590899e+04  1.98188378e+00 
 2.73154889e+04  4.19721371e+01  2.73154889e+04  1.97977693e+00 
 2.74727885e+04  4.19301397e+01  2.74727885e+04  1.97767829e+00 
 2.76309940e+04  4.18880664e+01  2.76309940e+04  1.97558784e+00 
 2.77901105e+04  4.18459178e+01  2.77901105e+04  1.97350560e+00 
 2.79501434e+04  4.18036945e+01  2.79501434e+04  1.97143158e+00 
 2.81110978e+04  4.17613971e+01  2.81110978e+04  1.96936576e+00 
 2.82729790e+04  4.17190262e+01  2.82729790e+04  1.96730815e+00 
 2.84357925e+04  4.16765824e+01  2.84357925e+04  1.96525876e+00 
 2.85995436e+04  4.16340662e+01  2.85995436e+04  1.96321759e+00 
 2.87642376e+04  4.15914783e+01  2.87642376e+04  1.96118463e+00 
 2.89298801e+04  4.15488192e+01  2.89298801e+04  1.95915989e+00 
 2.90964764e+04  4.15060895e+01  2.90964764e+04  1.95714336e+00 
 2.92640321e+04  4.14632898e+01  2.92640321e+04  1.95513505e+00 
 2.94325527e+04  4.14204206e+01  2.94325527e+04  1.95313494e+00 
 2.96020437e+04  4.13774826e+01  2.96020437e+04  1.95114305e+00 
 2.97725108e+04  4.13344763e+01  2.97725108e+04  1.94915936e+00 
 2.99439595e+04  4.12914022e+01  2.99439595e+04  1.94718388e+00 
 3.01163955e+04  4.12482610e+01  3.01163955e+04  1.94521659e+00 
 3.02898246e+04  4.12050531e+01  3.02898246e+04  1.94325750e+00 
 3.04642523e+04  4.11617792e+01  3.04642523e+04  1.94130659e+00 
 3.06396845e+04  4.11184398e+01  3.06396845e+04  1.93936388e+00 
 3.08161270e+04  4.10750354e+01  3.08161270e+04  1.93742934e+00 
 3.09935855e+04  4.10315666e+01  3.09935855e+04  1.93550297e+00 
 3.11720659e+04  4.09880340e+01  3.11720659e+04  1.93358476e+00 
 3.13515742e+04  4.09444381e+01  3.13515742e+04  1.93167472e+00 
 3.15321161e+04  4.09007794e+01  3.15321161e+04  1.92977282e+00 
 3.17136977e+04  4.08570584e+01  3.17136977e+04  1.92787907e+00 
 3.18963250e+04  4.08132758e+01  3.18963250e+04  1.92599345e+00 
 3.20800040e+04  4.07694321e+01  3.20800040e+04  1.92411596e+00 
 3.22647407e+04  4.07255277e+01  3.22647407e+04  1.92224658e+00 
 3.24505413e+04  4.06815632e+01  3.24505413e+04  1.92038530e+00 
 3.26374118e+04  4.06375391e+01  3.26374118e+04  1.91853212e+00 
 3.28253584e+04  4.05934559e+01  3.28253584e+04  1.91668703e+00 
 3.30143873e+04  4.05493143e+01  3.30143873e+04  1.91485001e+00 
 3.32045048e+04  4.05051146e+01  3.32045048e+04  1.91302105e+00 
 3.33957171e+04  4.04608574e+01  3.33957171e+04  1.91120014e+00 
 3.35880305e+04  4.04165432e+01  3.35880305e+04  1.90938727e+00 
 3.37814514e+04  4.03721725e+01  3.37814514e+04  1.90758243e+00 
 3.39759861e+04  4.03277458e+01  3.39759861e+04  1.90578559e+00 
 3.41716410e+04  4.02832636e+01  3.41716410e+04  1.90399676e+00 
 3.43684227e+04  4.02387264e+01  3.43684227e+04  1.90221591e+00 
 3.45663375e+04  4.01941347e+01  3.45663375e+04  1.90044304e+00 
 3.47653921e+04  4.01494891e+01  3.47653921e+04  1.89867812e+00 
 3.49655930e+04  4.01047899e+01  3.49655930e+04  1.89692115e+00 
 3.51669467e+04  4.00600376e+01  3.51669467e+04  1.89517210e+00 
 3.53694600e+04  4.00152329e+01  3.53694600e+04  1.89343096e+00 
 3.55731394e+04  3.99703760e+01  3.55731394e+04  1.89169773e+00 
 3.57779918e+04  3.99254675e+01  3.57779918e+04  1.88997237e+00 
 3.59840238e+04  3.98805079e+01  3.59840238e+04  1.88825488e+00 
 3.61912423e+04  3.98354977e+01  3.61912423e+04  1.88654524e+00 
 3.63996541e+04  3.97904373e+01  3.63996541e+04  1.88484343e+00 
 3.66092661e+04  3.97453271e+01  3.66092661e+04  1.88314943e+00 
 3.68200851e+04  3.97001677e+01  3.68200851e+04  1.88146323e+00 
 3.70321182e+04  3.96549594e+01  3.70321182e+04  1.87978481e+00 
 3.72453723e+04  3.96097028e+01  3.72453723e+04  1.87811415e+00 
 3.74598544e+04  3.95643983e+01  3.74598544e+04  1.87645123e+00 
 3.76755716e+04  3.95190463e+01  3.76755716e+04  1.87479604e+00 
 3.78925311e+04  3.94736473e+01  3.78925311e+04  1.87314856e+00 
 3.81107400e+04  3.94282017e+01  3.81107400e+04  1.87150876e+00 
 3.83302055e+04  3.93827100e+01  3.83302055e+04  1.86987663e+00 
 3.85509347e+04  3.93371726e+01  3.85509347e+04  1.86825215e+00 
 3.87729351e+04  3.92915899e+01  3.87729351e+04  1.86663530e+00 
 3.89962139e+04  3.92459624e+01  3.89962139e+04  1.86502606e+00 
 3.92207785e+04  3.92002905e+01  3.92207785e+04  1.86342440e+00 
 3.94466362e+04  3.91545745e+01  3.94466362e+04  1.86183032e+00 
 3.96737946e+04  3.91088150e+01  3.96737946e+04  1.86024378e+00 
 3.99022611e+04  3.90630123e+01  3.99022611e+04  1.85866477e+00 
 4.01320433e+04  3.90171669e+01  4.01320433e+04  1.85709327e+00 
 4.03631487e+04  3.89712791e+01  4.03631487e+04  1.85552925e+00 
 4.05955849e+04  3.89253494e+01  4.05955849e+04  1.85397269e+00 
 4.08293596e+04  3.88793782e+01  4.08293596e+04  1.85242358e+00 
 4.10644806e+04  3.88333658e+01  4.10644806e+04  1.85088189e+00 
 4.13009556e+04  3.87873127e+01  4.13009556e+04  1.84934760e+00 
 4.15387923e+04  3.87412192e+01  4.15387923e+04  1.84782068e+00 
 4.17779986e+04  3.86950859e+01  4.17779986e+04  1.84630112e+00 
 4.20185824e+04  3.86489129e+01  4.20185824e+04  1.84478889e+00 
 4.22605517e+04  3.86027008e+01  4.22605517e+04  1.84328397e+00 
 4.25039143e+04  3.85564499e+01  4.25039143e+04  1.84178633e+00 
 4.27486784e+04  3.85101606e+01  4.27486784e+04  1.84029596e+00 
 4.29948521e+04  3.84638332e+01  4.29948521e+04  1.83881283e+00 
 4.32424433e+04  3.84174682e+01  4.32424433e+04  1.83733692e+00 
 4.34914603e+04  3.83710658e+01  4.34914603e+04  1.83586820e+00 
 4.37419113e+04  3.83246266e+01  4.37419113e+04  1.83440665e+00 
 4.39938046e+04  3.82781508e+01  4.39938046e+04  1.83295225e+00 
 4.42471484e+04  3.82316387e+01  4.42471484e+04  1.83150498e+00 
 4.45019511e+04  3.81850909e+01  4.45019511e+04  1.83006480e+00 
 4.47582212e+04  3.81385075e+01  4.47582212e+04  1.82863170e+00 
 4.50159670e+04  3.80918890e+01  4.50159670e+04  1.82720565e+00 
 4.52751970e+04  3.80452357e+01  4.52751970e+04  1.82578662e+00 
 4.55359199e+04  3.79985480e+01  4.55359199e+04  1.82437461e+00 
 4.57981442e+04  3.79518262e+01  4.57981442e+04  1.82296957e+00 
 4.60618785e+04  3.79050706e+01  4.60618785e+04  1.82157148e+00 
 4.63271316e+04  3.78582816e+01  4.63271316e+04  1.82018032e+00 
 4.65939122e+04  3.78114595e+01  4.65939122e+04  1.81879607e+00 
 4.68622291e+04  3.77646046e+01  4.68622291e+04  1.81741870e+00 
 4.71320911e+04  3.77177173e+01  4.71320911e+04  1.81604819e+00 
 4.74035071e+04  3.76707979e+01  4.74035071e+04  1.81468450e+00 
 4.76764861e+04  3.76238468e+01  4.76764861e+04  1.81332762e+00 
 4.79510371e+04  3.75768641e+01  4.79510371e+04  1.81197752e+00 
 4.82271692e+04  3.75298504e+01  4.82271692e+04  1.81063418e+00 
 4.85048914e+04  3.74828058e+01  4.85048914e+04  1.80929756e+00 
 4.87842128e+04  3.74357307e+01  4.87842128e+04  1.80796765e+00 
 4.90651428e+04  3.73886254e+01  4.90651428e+04  1.80664442e+00 
 4.93476906e+04  3.73414901e+01  4.93476906e+04  1.80532784e+00 
 4.96318654e+04  3.72943253e+01  4.96318654e+04  1.80401790e+00 
 4.99176767e+04  3.72471313e+01  4.99176767e+04  1.80271455e+00 
 5.02051339e+04  3.71999082e+01  5.02051339e+04  1.80141778e+00 
 5.04942464e+04  3.71526564e+01  5.04942464e+04  1.80012757e+00 
 5.07850239e+04  3.71053762e+01  5.07850239e+04  1.79884387e+00 
 5.10774758e+04  3.70580679e+01  5.10774758e+04  1.79756668e+00 
 5.13716118e+04  3.70107318e+01  5.13716118e+04  1.79629597e+00 
 5.16674416e+04  3.69633681e+01  5.16674416e+04  1.79503170e+00 
 5.19649751e+04  3.69159772e+01  5.19649751e+04  1.79377385e+00 
 5.22642219e+04  3.68685593e+01  5.22642219e+04  1.79252241e+00 
 5.25651919e+04  3.68211147e+01  5.25651919e+04  1.79127733e+00 
 5.28678951e+04  3.67736437e+01  5.28678951e+04  1.79003860e+00 
 5.31723415e+04  3.67261465e+01  5.31723415e+04  1.78880618e+00 
 5.34785411e+04  3.66786235e+01  5.34785411e+04  1.78758006e+00 
 5.37865040e+04  3.66310748e+01  5.37865040e+04  1.78636021e+00 
 5.40962403e+04  3.65835008e+01  5.40962403e+04  1.78514660e+00 
 5.44077602e+04  3.65359017e+01  5.44077602e+04  1.78393920e+00 
 5.47210741e+04  3.64882778e+01  5.47210741e+04  1.78273799e+00 
 5.50361923e+04  3.64406293e+01  5.50361923e+04  1.78154295e+00 
 5.53531250e+04  3.63929565e+01  5.53531250e+04  1.78035404e+00 
 5.56718829e+04  3.63452596e+01  5.56718829e+04  1.77917124e+00 
 5.59924764e+04  3.62975390e+01  5.59924764e+04  1.77799453e+00 
 5.63149161e+04  3.62497948e+01  5.63149161e+04  1.77682387e+00 
 5.66392126e+04  3.62020272e+01  5.66392126e+04  1.77565925e+00 
 5.69653766e+04  3.61542366e+01  5.69653766e+04  1.77450064e+00 
 5.72934188e+04  3.61064232e+01  5.72934188e+04  1.77334800e+00 
 5.76233501e+04  3.60585872e+01  5.76233501e+04  1.77220132e+00 
 5.79551814e+04  3.60107288e+01  5.79551814e+04  1.77106057e+00 
 5.82889235e+04  3.59628483e+01  5.82889235e+04  1.76992572e+00 
 5.86245876e+04  3.59149459e+01  5.86245876e+04  1.76879675e+00 
 5.89621846e+04  3.58670219e+01  5.89621846e+04  1.76767363e+00 
 5.93017257e+04  3.58190765e+01  5.93017257e+04  1.76655633e+00 
 5.96432221e+04  3.57711098e+01  5.96432221e+04  1.76544483e+00 
 5.99866850e+04  3.57231222e+01  5.99866850e+04  1.76433910e+00 
 6.03321259e+04  3.56751138e+01  6.03321259e+04  1.76323912e+00 
 6.06795560e+04  3.56270849e+01  6.06795560e+04  1.76214486e+00 
 6.10289868e+04  3.55790356e+01  6.10289868e+04  1.76105629e+00 
 6.13804298e+04  3.55309663e+01  6.13804298e+04  1.75997340e+00 
 6.17338967e+04  3.54828770e+01  6.17338967e+04  1.75889614e+00 
 6.20893990e+04  3.54347681e+01  6.20893990e+04  1.75782451e+00 
 6.24469486e+04  3.53866397e+01  6.24469486e+04  1.75675846e+00 
 6.28065572e+04  3.53384921e+01  6.28065572e+04  1.75569798e+00 
 6.31682366e+04  3.52903253e+01  6.31682366e+04  1.75464304e+00 
 6.35319988e+04  3.52421398e+01  6.35319988e+04  1.75359362e+00 
 6.38978557e+04  3.51939355e+01  6.38978557e+04  1.75254968e+00 
 6.42658195e+04  3.51457128e+01  6.42658195e+04  1.75151121e+00 
 6.46359022e+04  3.50974719e+01  6.46359022e+04  1.75047818e+00 
 6.50081162e+04  3.50492129e+01  6.50081162e+04  1.74945055e+00 
 6.53824735e+04  3.50009360e+01  6.53824735e+04  1.74842832e+00 
 6.57589867e+04  3.49526414e+01  6.57589867e+04  1.74741144e+00 
 6.61376680e+04  3.49043293e+01  6.61376680e+04  1.74639990e+00 
 6.65185300e+04  3.48559999e+01  6.65185300e+04  1.74539367e+00 
 6.69015853e+04  3.48076534e+01  6.69015853e+04  1.74439273e+00 
 6.72868464e+04  3.47592900e+01  6.72868464e+04  1.74339704e+00 
 6.76743262e+04  3.47109098e+01  6.76743262e+04  1.74240660e+00 
 6.80640372e+04  3.46625130e+01  6.80640372e+04  1.74142136e+00 
 6.84559925e+04  3.46140999e+01  6.84559925e+04  1.74044130e+00 
 6.88502049e+04  3.45656705e+01  6.88502049e+04  1.73946641e+00 
 6.92466874e+04  3.45172250e+01  6.92466874e+04  1.73849665e+00 
 6.96454531e+04  3.44687637e+01  6.96454531e+04  1.73753199e+00 
 7.00465151e+04  3.44202867e+01  7.00465151e+04  1.73657243e+00 
 7.04498867e+04  3.43717941e+01  7.04498867e+04  1.73561792e+00 
 7.08555812e+04  3.43232862e+01  7.08555812e+04  1.73466845e+00 
 7.12636119e+04  3.42747631e+01  7.12636119e+04  1.73372399e+00 
 7.16739924e+04  3.42262249e+01  7.16739924e+04  1.73278451e+00 
 7.20867360e+04  3.41776719e+01  7.20867360e+04  1.73185000e+00 
 7.25018565e+04  3.41291041e+01  7.25018565e+04  1.73092042e+00 
 7.29193675e+04  3.40805218e+01  7.29193675e+04  1.72999575e+00 
 7.33392828e+04  3.40319251e+01  7.33392828e+04  1.72907598e+00 
 7.37616162e+04  3.39833142e+01  7.37616162e+04  1.72816106e+00 
 7.41863817e+04  3.39346892e+01  7.41863817e+04  1.72725099e+00 
 7.46135932e+04  3.38860502e+01  7.46135932e+04  1.72634573e+00 
 7.50432649e+04  3.38373974e+01  7.50432649e+04  1.72544526e+00 
 7.54754109e+04  3.37887310e+01  7.54754109e+04  1.72454955e+00 
 7.59100455e+04  3.37400512e+01  7.59100455e+04  1.72365859e+00 
 7.63471830e+04  3.36913579e+01  7.63471830e+04  1.72277235e+00 
 7.67868378e+04  3.36426515e+01  7.67868378e+04  1.72189081e+00 
 7.72290244e+04  3.35939321e+01  7.72290244e+04  1.72101393e+00 
 7.76737574e+04  3.35451997e+01  7.76737574e+04  1.72014170e+00 
 7.81210514e+04  3.34964546e+01  7.81210514e+04  1.71927410e+00 
 7.85709213e+04  3.34476968e+01  7.85709213e+04  1.71841109e+00 
 7.90233817e+04  3.33989265e+01  7.90233817e+04  1.71755266e+00 
 7.94784478e+04  3.33501439e+01  7.94784478e+04  1.71669879e+00 
 7.99361343e+04  3.33013491e+01  7.99361343e+04  1.71584944e+00 
 8.03964565e+04  3.32525421e+01  8.03964565e+04  1.71500460e+00 
 8.08594296e+04  3.32037233e+01  8.08594296e+04  1.71416424e+00 
 8.13250687e+04  3.31548925e+01  8.13250687e+04  1.71332835e+00 
 8.17933893e+04  3.31060501e+01  8.17933893e+04  1.71249689e+00 
 8.22644067e+04  3.30571962e+01  8.22644067e+04  1.71166984e+00 
 8.27381366e+04  3.30083307e+01  8.27381366e+04  1.71084718e+00 
 8.32145945e+04  3.29594540e+01  8.32145945e+04  1.71002890e+00 
 8.36937961e+04  3.29105661e+01  8.36937961e+04  1.70921495e+00 
 8.41757573e+04  3.28616671e+01  8.41757573e+04  1.70840533e+00 
 8.46604939e+04  3.28127571e+01  8.46604939e+04  1.70760001e+00 
 8.51480220e+04  3.27638364e+01  8.51480220e+04  1.70679897e+00 
 8.56383575e+04  3.27149049e+01  8.56383575e+04  1.70600218e+00 
 8.61315167e+04  3.26659628e+01  8.61315167e+04  1.70520962e+00 
 8.66275158e+04  3.26170103e+01  8.66275158e+04  1.70442127e+00 
 8.71263712e+04  3.25680473e+01  8.71263712e+04  1.70363711e+00 
 8.76280993e+04  3.25190742e+01  8.76280993e+04  1.70285711e+00 
 8.81327166e+04  3.24700909e+01  8.81327166e+04  1.70208126e+00 
 8.86402399e+04  3.24210976e+01  8.86402399e+04  1.70130953e+00 
 8.91506858e+04  3.23720943e+01  8.91506858e+04  1.70054190e+00 
 8.96640711e+04  3.23230813e+01  8.96640711e+04  1.69977834e+00 
 9.01804129e+04  3.22740586e+01  9.01804129e+04  1.69901884e+00 
 9.06997281e+04  3.22250262e+01  9.06997281e+04  1.69826337e+00 
 9.12220338e+04  3.21759844e+01  9.12220338e+04  1.69751192e+00 
 9.17473473e+04  3.21269332e+01  9.17473473e+04  1.69676446e+00 
 9.22756858e+04  3.20778728e+01  9.22756858e+04  1.69602096e+00 
 9.28070669e+04  3.20288031e+01  9.28070669e+04  1.69528141e+00 
 9.33415080e+04  3.19797244e+01  9.33415080e+04  1.69454579e+00 
 9.38790267e+04  3.19306367e+01  9.38790267e+04  1.69381407e+00 
 9.44196408e+04  3.18815402e+01  9.44196408e+04  1.69308624e+00 
 9.49633681e+04  3.18324348e+01  9.49633681e+04  1.69236227e+00 
 9.55102266e+04  3.17833208e+01  9.55102266e+04  1.69164214e+00 
 9.60602341e+04  3.17341982e+01  9.60602341e+04  1.69092583e+00 
 9.66134090e+04  3.16850672e+01  9.66134090e+04  1.69021332e+00 
 9.71697694e+04  3.16359277e+01  9.71697694e+04  1.68950459e+00 
 9.77293337e+04  3.15867799e+01  9.77293337e+04  1.68879962e+00 
 9.82921202e+04  3.15376239e+01  9.82921202e+04  1.68809839e+00 
 9.88581477e+04  3.14884598e+01  9.88581477e+04  1.68740087e+00 
 9.94274347e+04  3.14392877e+01  9.94274347e+04  1.68670705e+00 
 1.00000000e+05  3.13901076e+01  1.00000000e+05  1.68601690e+00 
 1.00575862e+05  3.13409196e+01  1.00575862e+05  1.68533042e+00 
 1.01155041e+05  3.12917239e+01  1.01155041e+05  1.68464756e+00 
 1.01737555e+05  3.12425206e+01  1.01737555e+05  1.68396832e+00 
 1.02323424e+05  3.11933096e+01  1.02323424e+05  1.68329268e+00 
 1.02912666e+05  3.11440911e+01  1.02912666e+05  1.68262062e+00 
 1.03505301e+05  3.10948652e+01  1.03505301e+05  1.68195210e+00 
 1.04101349e+05  3.10456319e+01  1.04101349e+05  1.68128713e+00 
 1.04700830e+05  3.09963914e+01  1.04700830e+05  1.68062567e+00 
 1.05303763e+05  3.09471437e+01  1.05303763e+05  1.67996770e+00 
 1.05910168e+05  3.08978889e+01  1.05910168e+05  1.67931322e+00 
 1.06520065e+05  3.08486271e+01  1.06520065e+05  1.67866219e+00 
 1.07133474e+05  3.07993583e+01  1.07133474e+05  1.67801460e+00 
 1.07750415e+05  3.07500827e+01  1.07750415e+05  1.67737042e+00 
 1.08370910e+05  3.07008002e+01  1.08370910e+05  1.67672965e+00 
 1.08994977e+05  3.06515111e+01  1.08994977e+05  1.67609225e+00 
 1.09622638e+05  3.06022153e+01  1.09622638e+05  1.67545822e+00 
 1.10253914e+05  3.05529129e+01  1.10253914e+05  1.67482753e+00 
 1.10888825e+05  3.05036040e+01  1.10888825e+05  1.67420016e+00 
 1.11527392e+05  3.04542887e+01  1.11527392e+05  1.67357609e+00 
 1.12169636e+05  3.04049671e+01  1.12169636e+05  1.67295531e+00 
 1.12815579e+05  3.03556392e+01  1.12815579e+05  1.67233780e+00 
 1.13465242e+05  3.03063050e+01  1.13465242e+05  1.67172353e+00 
 1.14118646e+05  3.02569648e+01  1.14118646e+05  1.67111250e+00 
 1.14775812e+05  3.02076184e+01  1.14775812e+05  1.67050467e+00 
 1.15436763e+05  3.01582660e+01  1.15436763e+05  1.66990004e+00 
 1.16101520e+05  3.01089077e+01  1.16101520e+05  1.66929858e+00 
 1.16770105e+05  3.00595435e+01  1.16770105e+05  1.66870027e+00 
 1.17442540e+05  3.00101736e+01  1.17442540e+05  1.66810510e+00 
 1.18118848e+05  2.99607978e+01  1.18118848e+05  1.66751306e+00 
 1.18799050e+05  2.99114164e+01  1.18799050e+05  1.66692411e+00 
 1.19483169e+05  2.98620294e+01  1.19483169e+05  1.66633825e+00 
 1.20171228e+05  2.98126368e+01  1.20171228e+05  1.66575545e+00 
 1.20863249e+05  2.97632387e+01  1.20863249e+05  1.66517570e+00 
 1.21559255e+05  2.97138352e+01  1.21559255e+05  1.66459899e+00 
 1.22259269e+05  2.96644263e+01  1.22259269e+05  1.66402528e+00 
 1.22963314e+05  2.96150121e+01  1.22963314e+05  1.66345457e+00 
 1.23671414e+05  2.95655927e+01  1.23671414e+05  1.66288683e+00 
 1.24383591e+05  2.95161680e+01  1.24383591e+05  1.66232206e+00 
 1.25099870e+05  2.94667382e+01  1.25099870e+05  1.66176023e+00 
 1.25820273e+05  2.94173034e+01  1.25820273e+05  1.66120132e+00 
 1.26544825e+05  2.93678635e+01  1.26544825e+05  1.66064533e+00 
 1.27273549e+05  2.93184186e+01  1.27273549e+05  1.66009222e+00 
 1.28006470e+05  2.92689689e+01  1.28006470e+05  1.65954199e+00 
 1.28743611e+05  2.92195142e+01  1.28743611e+05  1.65899461e+00 
 1.29484997e+05  2.91700548e+01  1.29484997e+05  1.65845008e+00 
 1.30230653e+05  2.91205907e+01  1.30230653e+05  1.65790837e+00 
 1.30980602e+05  2.90711218e+01  1.30980602e+05  1.65736946e+00 
 1.31734870e+05  2.90216483e+01  1.31734870e+05  1.65683335e+00 
 1.32493482e+05  2.89721702e+01  1.32493482e+05  1.65630001e+00 
 1.33256462e+05  2.89226875e+01  1.33256462e+05  1.65576943e+00 
 1.34023836e+05  2.88732004e+01  1.34023836e+05  1.65524158e+00 
 1.34795629e+05  2.88237088e+01  1.34795629e+05  1.65471646e+00 
 1.35571867e+05  2.87742128e+01  1.35571867e+05  1.65419405e+00 
 1.36352574e+05  2.87247125e+01  1.36352574e+05  1.65367433e+00 
 1.37137778e+05  2.86752079e+01  1.37137778e+05  1.65315729e+00 
 1.37927503e+05  2.86256991e+01  1.37927503e+05  1.65264291e+00 
 1.38721775e+05  2.85761860e+01  1.38721775e+05  1.65213117e+00 
 1.39520622e+05  2.85266688e+01  1.39520622e+05  1.65162205e+00 
 1.40324069e+05  2.84771475e+01  1.40324069e+05  1.65111555e+00 
 1.41132143e+05  2.84276221e+01  1.41132143e+05  1.65061165e+00 
 1.41944870e+05  2.83780928e+01  1.41944870e+05  1.65011032e+00 
 1.42762277e+05  2.83285594e+01  1.42762277e+05  1.64961156e+00 
 1.43584391e+05  2.82790221e+01  1.43584391e+05  1.64911535e+00 
 1.44411240e+05  2.82294809e+01  1.44411240e+05  1.64862167e+00 
 1.45242850e+05  2.81799359e+01  1.45242850e+05  1.64813051e+00 
 1.46079249e+05  2.81303871e+01  1.46079249e+05  1.64764185e+00 
 1.46920465e+05  2.80808346e+01  1.46920465e+05  1.64715568e+00 
 1.47766525e+05  2.80312783e+01  1.47766525e+05  1.64667198e+00 
 1.48617457e+05  2.79817184e+01  1.48617457e+05  1.64619073e+00 
 1.49473289e+05  2.79321548e+01  1.49473289e+05  1.64571193e+00 
 1.50334050e+05  2.78825876e+01  1.50334050e+05  1.64523556e+00 
 1.51199767e+05  2.78330169e+01  1.51199767e+05  1.64476160e+00 
 1.52070470e+05  2.77834427e+01  1.52070470e+05  1.64429003e+00 
 1.52946187e+05  2.77338650e+01  1.52946187e+05  1.64382085e+00 
 1.53826946e+05  2.76842839e+01  1.53826946e+05  1.64335403e+00 
 1.54712778e+05  2.76346993e+01  1.54712778e+05  1.64288957e+00 
 1.55603711e+05  2.75851115e+01  1.55603711e+05  1.64242744e+00 
 1.56499774e+05  2.75355203e+01  1.56499774e+05  1.64196764e+00 
 1.57400998e+05  2.74859258e+01  1.57400998e+05  1.64151014e+00 
 1.58307411e+05  2.74363280e+01  1.58307411e+05  1.64105494e+00 
 1.59219044e+05  2.73867271e+01  1.59219044e+05  1.64060202e+00 
 1.60135927e+05  2.73371230e+01  1.60135927e+05  1.64015137e+00 
 1.61058090e+05  2.72875157e+01  1.61058090e+05  1.63970297e+00 
 1.61985563e+05  2.72379053e+01  1.61985563e+05  1.63925680e+00 
 1.62918377e+05  2.71882919e+01  1.62918377e+05  1.63881286e+00 
 1.63856563e+05  2.71386754e+01  1.63856563e+05  1.63837112e+00 
 1.64800151e+05  2.70890559e+01  1.64800151e+05  1.63793159e+00 
 1.65749174e+05  2.70394335e+01  1.65749174e+05  1.63749423e+00 
 1.66703661e+05  2.69898081e+01  1.66703661e+05  1.63705904e+00 
 1.67663645e+05  2.69401798e+01  1.67663645e+05  1.63662600e+00 
 1.68629157e+05  2.68905486e+01  1.68629157e+05  1.63619510e+00 
 1.69600229e+05  2.68409146e+01  1.69600229e+05  1.63576633e+00 
 1.70576893e+05  2.67912778e+01  1.70576893e+05  1.63533968e+00 
 1.71559181e+05  2.67416382e+01  1.71559181e+05  1.63491512e+00 
 1.72547126e+05  2.66919958e+01  1.72547126e+05  1.63449264e+00 
 1.73540760e+05  2.66423507e+01  1.73540760e+05  1.63407224e+00 
 1.74540117e+05  2.65927030e+01  1.74540117e+05  1.63365389e+00 
 1.75545228e+05  2.65430526e+01  1.75545228e+05  1.63323760e+00 
 1.76556127e+05  2.64933995e+01  1.76556127e+05  1.63282333e+00 
 1.77572847e+05  2.64437439e+01  1.77572847e+05  1.63241108e+00 
 1.78595423e+05  2.63940856e+01  1.78595423e+05  1.63200084e+00 
 1.79623887e+05  2.63444249e+01  1.79623887e+05  1.63159259e+00 
 1.80658273e+05  2.62947616e+01  1.80658273e+05  1.63118632e+00 
 1.81698617e+05  2.62450958e+01  1.81698617e+05  1.63078201e+00 
 1.82744951e+05  2.61954276e+01  1.82744951e+05  1.63037966e+00 
 1.83797311e+05  2.61457569e+01  1.83797311e+05  1.62997925e+00 
 1.84855730e+05  2.60960839e+01  1.84855730e+05  1.62958077e+00 
 1.85920245e+05  2.60464084e+01  1.85920245e+05  1.62918421e+00 
 1.86990890e+05  2.59967306e+01  1.86990890e+05  1.62878954e+00 
 1.88067700e+05  2.59470505e+01  1.88067700e+05  1.62839677e+00 
 1.89150712e+05  2.58973680e+01  1.89150712e+05  1.62800587e+00 
 1.90239960e+05  2.58476833e+01  1.90239960e+05  1.62761684e+00 
 1.91335480e+05  2.57979963e+01  1.91335480e+05  1.62722966e+00 
 1.92437310e+05  2.57483071e+01  1.92437310e+05  1.62684432e+00 
 1.93545484e+05  2.56986157e+01  1.93545484e+05  1.62646081e+00 
 1.94660040e+05  2.56489221e+01  1.94660040e+05  1.62607911e+00 
 1.95781014e+05  2.55992264e+01  1.95781014e+05  1.62569922e+00 
 1.96908443e+05  2.55495285e+01  1.96908443e+05  1.62532112e+00 
 1.98042365e+05  2.54998285e+01  1.98042365e+05  1.62494479e+00 
 1.99182817e+05  2.54501264e+01  1.99182817e+05  1.62457024e+00 
 2.00329836e+05  2.54004223e+01  2.00329836e+05  1.62419743e+00 
 2.01483461e+05  2.53507161e+01  2.01483461e+05  1.62382637e+00 
 2.02643728e+05  2.53010079e+01  2.02643728e+05  1.62345705e+00 
 2.03810678e+05  2.52512976e+01  2.03810678e+05  1.62308944e+00 
 2.04984347e+05  2.52015855e+01  2.04984347e+05  1.62272353e+00 
 2.06164775e+05  2.51518713e+01  2.06164775e+05  1.62235932e+00 
 2.07352000e+05  2.51021552e+01  2.07352000e+05  1.62199680e+00 
 2.08546063e+05  2.50524372e+01  2.08546063e+05  1.62163595e+00 
 2.09747001e+05  2.50027173e+01  2.09747001e+05  1.62127676e+00 
 2.10954856e+05  2.49529956e+01  2.10954856e+05  1.62091921e+00 
 2.12169666e+05  2.49032720e+01  2.12169666e+05  1.62056331e+00 
 2.13391471e+05  2.48535465e+01  2.13391471e+05  1.62020903e+00 
 2.14620313e+05  2.48038192e+01  2.14620313e+05  1.61985636e+00 
 2.15856230e+05  2.47540902e+01  2.15856230e+05  1.61950530e+00 
 2.17099265e+05  2.47043593e+01  2.17099265e+05  1.61915582e+00 
 2.18349459e+05  2.46546268e+01  2.18349459e+05  1.61880793e+00 
 2.19606851e+05  2.46048924e+01  2.19606851e+05  1.61846161e+00 
 2.20871485e+05  2.45551564e+01  2.20871485e+05  1.61811685e+00 
 2.22143401e+05  2.45054186e+01  2.22143401e+05  1.61777363e+00 
 2.23422641e+05  2.44556792e+01  2.23422641e+05  1.61743195e+00 
 2.24709249e+05  2.44059381e+01  2.24709249e+05  1.61709179e+00 
 2.26003265e+05  2.43561953e+01  2.26003265e+05  1.61675315e+00 
 2.27304733e+05  2.43064509e+01  2.27304733e+05  1.61641601e+00 
 2.28613696e+05  2.42567049e+01  2.28613696e+05  1.61608036e+00 
 2.29930196e+05  2.42069573e+01  2.29930196e+05  1.61574619e+00 
 2.31254278e+05  2.41572082e+01  2.31254278e+05  1.61541349e+00 
 2.32585985e+05  2.41074574e+01  2.32585985e+05  1.61508225e+00 
 2.33925360e+05  2.40577051e+01  2.33925360e+05  1.61475247e+00 
 2.35272449e+05  2.40079513e+01  2.35272449e+05  1.61442411e+00 
 2.36627294e+05  2.39581960e+01  2.36627294e+05  1.61409719e+00 
 2.37989942e+05  2.39084392e+01  2.37989942e+05  1.61377168e+00 
 2.39360437e+05  2.38586808e+01  2.39360437e+05  1.61344758e+00 
 2.40738824e+05  2.38089210e+01  2.40738824e+05  1.61312488e+00 
 2.42125149e+05  2.37591598e+01  2.42125149e+05  1.61280356e+00 
 2.43519457e+05  2.37093971e+01  2.43519457e+05  1.61248361e+00 
 2.44921794e+05  2.36596330e+01  2.44921794e+05  1.61216503e+00 
 2.46332206e+05  2.36098675e+01  2.46332206e+05  1.61184781e+00 
 2.47750741e+05  2.35601006e+01  2.47750741e+05  1.61153192e+00 
 2.49177445e+05  2.35103323e+01  2.49177445e+05  1.61121738e+00 
 2.50612364e+05  2.34605626e+01  2.50612364e+05  1.61090415e+00 
 2.52055547e+05  2.34107916e+01  2.52055547e+05  1.61059224e+00 
 2.53507040e+05  2.33610193e+01  2.53507040e+05  1.61028163e+00 
 2.54966892e+05  2.33112456e+01  2.54966892e+05  1.60997231e+00 
 2.56435151e+05  2.32614706e+01  2.56435151e+05  1.60966428e+00 
 2.57911865e+05  2.32116943e+01  2.57911865e+05  1.60935752e+00 
 2.59397083e+05  2.31619167e+01  2.59397083e+05  1.60905203e+00 
 2.60890853e+05  2.31121379e+01  2.60890853e+05  1.60874778e+00 
 2.62393226e+05  2.30623578e+01  2.62393226e+05  1.60844478e+00 
 2.63904250e+05  2.30125764e+01  2.63904250e+05  1.60814302e+00 
 2.65423975e+05  2.29627938e+01  2.65423975e+05  1.60784247e+00 
 2.66952453e+05  2.29130100e+01  2.66952453e+05  1.60754314e+00 
 2.68489732e+05  2.28632250e+01  2.68489732e+05  1.60724502e+00 
 2.70035863e+05  2.28134387e+01  2.70035863e+05  1.60694809e+00 
 2.71590899e+05  2.27636513e+01  2.71590899e+05  1.60665234e+00 
 2.73154889e+05  2.27138627e+01  2.73154889e+05  1.60635777e+00 
 2.74727885e+05  2.26640729e+01  2.74727885e+05  1.60606437e+00 
 2.76309940e+05  2.26142820e+01  2.76309940e+05  1.60577212e+00 
 2.77901105e+05  2.25644899e+01  2.77901105e+05  1.60548102e+00 
 2.79501434e+05  2.25146967e+01  2.79501434e+05  1.60519105e+00 
 2.81110978e+05  2.24649024e+01  2.81110978e+05  1.60490221e+00 
 2.82729790e+05  2.24151070e+01  2.82729790e+05  1.60461449e+00 
 2.84357925e+05  2.23653104e+01  2.84357925e+05  1.60432788e+00 
 2.85995436e+05  2.23155128e+01  2.85995436e+05  1.60404237e+00 
 2.87642376e+05  2.22657141e+01  2.87642376e+05  1.60375795e+00 
 2.89298801e+05  2.22159143e+01  2.89298801e+05  1.60347461e+00 
 2.90964764e+05  2.21661135e+01  2.90964764e+05  1.60319234e+00 
 2.92640321e+05  2.21163116e+01  2.92640321e+05  1.60291114e+00 
 2.94325527e+05  2.20665087e+01  2.94325527e+05  1.60263098e+00 
 2.96020437e+05  2.20167047e+01  2.96020437e+05  1.60235188e+00 
 2.97725108e+05  2.19668997e+01  2.97725108e+05  1.60207380e+00 
 2.99439595e+05  2.19170937e+01  2.99439595e+05  1.60179675e+00 
 3.01163955e+05  2.18672867e+01  3.01163955e+05  1.60152072e+00 
 3.02898246e+05  2.18174787e+01  3.02898246e+05  1.60124570e+00 
 3.04642523e+05  2.17676698e+01  3.04642523e+05  1.60097168e+00 
 3.06396845e+05  2.17178598e+01  3.06396845e+05  1.60069864e+00 
 3.08161270e+05  2.16680489e+01  3.08161270e+05  1.60042659e+00 
 3.09935855e+05  2.16182370e+01  3.09935855e+05  1.60015551e+00 
 3.11720659e+05  2.15684242e+01  3.11720659e+05  1.59988539e+00 
 3.13515742e+05  2.15186104e+01  3.13515742e+05  1.59961623e+00 
 3.15321161e+05  2.14687957e+01  3.15321161e+05  1.59934802e+00 
 3.17136977e+05  2.14189800e+01  3.17136977e+05  1.59908074e+00 
 3.18963250e+05  2.13691634e+01  3.18963250e+05  1.59881439e+00 
 3.20800040e+05  2.13193460e+01  3.20800040e+05  1.59854895e+00 
 3.22647407e+05  2.12695276e+01  3.22647407e+05  1.59828443e+00 
 3.24505413e+05  2.12197083e+01  3.24505413e+05  1.59802082e+00 
 3.26374118e+05  2.11698881e+01  3.26374118e+05  1.59775809e+00 
 3.28253584e+05  2.11200671e+01  3.28253584e+05  1.59749625e+00 
 3.30143873e+05  2.10702451e+01  3.30143873e+05  1.59723529e+00 
 3.32045048e+05  2.10204223e+01  3.32045048e+05  1.59697520e+00 
 3.33957171e+05  2.09705987e+01  3.33957171e+05  1.59671596e+00 
 3.35880305e+05  2.09207742e+01  3.35880305e+05  1.59645758e+00 
 3.37814514e+05  2.08709488e+01  3.37814514e+05  1.59620004e+00 
 3.39759861e+05  2.08211226e+01  3.39759861e+05  1.59594333e+00 
 3.41716410e+05  2.07712956e+01  3.41716410e+05  1.59568745e+00 
 3.43684227e+05  2.07214677e+01  3.43684227e+05  1.59543238e+00 
 3.45663375e+05  2.06716390e+01  3.45663375e+05  1.59517813e+00 
 3.47653921e+05  2.06218095e+01  3.47653921e+05  1.59492468e+00 
 3.49655930e+05  2.05719792e+01  3.49655930e+05  1.59467201e+00 
 3.51669467e+05  2.05221480e+01  3.51669467e+05  1.59442014e+00 
 3.53694600e+05  2.04723161e+01  3.53694600e+05  1.59416904e+00 
 3.55731394e+05  2.04224834e+01  3.55731394e+05  1.59391870e+00 
 3.57779918e+05  2.03726499e+01  3.57779918e+05  1.59366913e+00 
 3.59840238e+05  2.03228156e+01  3.59840238e+05  1.59342031e+00 
 3.61912423e+05  2.02729806e+01  3.61912423e+05  1.59317223e+00 
 3.63996541e+05  2.02231447e+01  3.63996541e+05  1.59292489e+00 
 3.66092661e+05  2.01733081e+01  3.66092661e+05  1.59267827e+00 
 3.68200851e+05  2.01234708e+01  3.68200851e+05  1.59243237e+00 
 3.70321182e+05  2.00736327e+01  3.70321182e+05  1.59218718e+00 
 3.72453723e+05  2.00237938e+01  3.72453723e+05  1.59194270e+00 
 3.74598544e+05  1.99739542e+01  3.74598544e+05  1.59169891e+00 
 3.76755716e+05  1.99241138e+01  3.76755716e+05  1.59145581e+00 
 3.78925311e+05  1.98742727e+01  3.78925311e+05  1.59121339e+00 
 3.81107400e+05  1.98244309e+01  3.81107400e+05  1.59097164e+00 
 3.83302055e+05  1.97745884e+01  3.83302055e+05  1.59073055e+00 
 3.85509347e+05  1.97247451e+01  3.85509347e+05  1.59049011e+00 
 3.87729351e+05  1.96749011e+01  3.87729351e+05  1.59025033e+00 
 3.89962139e+05  1.96250564e+01  3.89962139e+05  1.59001118e+00 
 3.92207785e+05  1.95752110e+01  3.92207785e+05  1.58977267e+00 
 3.94466362e+05  1.95253648e+01  3.94466362e+05  1.58953478e+00 
 3.96737946e+05  1.94755180e+01  3.96737946e+05  1.58929750e+00 
 3.99022611e+05  1.94256705e+01  3.99022611e+05  1.58906084e+00 
 4.01320433e+05  1.93758222e+01  4.01320433e+05  1.58882477e+00 
 4.03631487e+05  1.93259733e+01  4.03631487e+05  1.58858930e+00 
 4.05955849e+05  1.92761237e+01  4.05955849e+05  1.58835441e+00 
 4.08293596e+05  1.92262734e+01  4.08293596e+05  1.58812010e+00 
 4.10644806e+05  1.91764224e+01  4.10644806e+05  1.58788636e+00 
 4.13009556e+05  1.91265707e+01  4.13009556e+05  1.58765318e+00 
 4.15387923e+05  1.90767184e+01  4.15387923e+05  1.58742056e+00 
 4.17779986e+05  1.90268654e+01  4.17779986e+05  1.58718848e+00 
 4.20185824e+05  1.89770117e+01  4.20185824e+05  1.58695694e+00 
 4.22605517e+05  1.89271574e+01  4.22605517e+05  1.58672593e+00 
 4.25039143e+05  1.88773024e+01  4.25039143e+05  1.58649545e+00 
 4.27486784e+05  1.88274467e+01  4.27486784e+05  1.58626549e+00 
 4.29948521e+05  1.87775903e+01  4.29948521e+05  1.58603603e+00 
 4.32424433e+05  1.87277333e+01  4.32424433e+05  1.58580708e+00 
 4.34914603e+05  1.86778757e+01  4.34914603e+05  1.58557861e+00 
 4.37419113e+05  1.86280174e+01  4.37419113e+05  1.58535064e+00 
 4.39938046e+05  1.85781585e+01  4.39938046e+05  1.58512314e+00 
 4.42471484e+05  1.85282989e+01  4.42471484e+05  1.58489612e+00 
 4.45019511e+05  1.84784386e+01  4.45019511e+05  1.58466956e+00 
 4.47582212e+05  1.84285777e+01  4.47582212e+05  1.58444346e+00 
 4.50159670e+05  1.83787162e+01  4.50159670e+05  1.58421780e+00 
 4.52751970e+05  1.83288540e+01  4.52751970e+05  1.58399259e+00 
 4.55359199e+05  1.82789912e+01  4.55359199e+05  1.58376781e+00 
 4.57981442e+05  1.82291278e+01  4.57981442e+05  1.58354346e+00 
 4.60618785e+05  1.81792637e+01  4.60618785e+05  1.58331953e+00 
 4.63271316e+05  1.81293990e+01  4.63271316e+05  1.58309601e+00 
 4.65939122e+05  1.80795336e+01  4.65939122e+05  1.58287290e+00 
 4.68622291e+05  1.80296677e+01  4.68622291e+05  1.58265018e+00 
 4.71320911e+05  1.79798010e+01  4.71320911e+05  1.58242786e+00 
 4.74035071e+05  1.79299338e+01  4.74035071e+05  1.58220592e+00 
 4.76764861e+05  1.78800659e+01  4.76764861e+05  1.58198435e+00 
 4.79510371e+05  1.78301975e+01  4.79510371e+05  1.58176315e+00 
 4.82271692e+05  1.77803283e+01  4.82271692e+05  1.58154232e+00 
 4.85048914e+05  1.77304586e+01  4.85048914e+05  1.58132184e+00 
 4.87842128e+05  1.76805882e+01  4.87842128e+05  1.58110170e+00 
 4.90651428e+05  1.76307172e+01  4.90651428e+05  1.58088191e+00 
 4.93476906e+05  1.75808456e+01  4.93476906e+05  1.58066245e+00 
 4.96318654e+05  1.75309734e+01  4.96318654e+05  1.58044331e+00 
 4.99176767e+05  1.74811005e+01  4.99176767e+05  1.58022449e+00 
 5.02051339e+05  1.74312271e+01  5.02051339e+05  1.58000598e+00 
 5.04942464e+05  1.73813530e+01  5.04942464e+05  1.57978778e+00 
 5.07850239e+05  1.73314782e+01  5.07850239e+05  1.57956987e+00 
 5.10774758e+05  1.72816029e+01  5.10774758e+05  1.57935226e+00 
 5.13716118e+05  1.72317269e+01  5.13716118e+05  1.57913492e+00 
 5.16674416e+05  1.71818504e+01  5.16674416e+05  1.57891786e+00 
 5.19649751e+05  1.71319732e+01  5.19649751e+05  1.57870107e+00 
 5.22642219e+05  1.70820953e+01  5.22642219e+05  1.57848454e+00 
 5.25651919e+05  1.70322169e+01  5.25651919e+05  1.57826826e+00 
 5.28678951e+05  1.69823378e+01  5.28678951e+05  1.57805223e+00 
 5.31723415e+05  1.69324581e+01  5.31723415e+05  1.57783644e+00 
 5.34785411e+05  1.68825778e+01  5.34785411e+05  1.57762088e+00 
 5.37865040e+05  1.68326968e+01  5.37865040e+05  1.57740555e+00 
 5.40962403e+05  1.67828153e+01  5.40962403e+05  1.57719044e+00 
 5.44077602e+05  1.67329331e+01  5.44077602e+05  1.57697554e+00 
 5.47210741e+05  1.66830503e+01  5.47210741e+05  1.57676084e+00 
 5.50361923e+05  1.66331668e+01  5.50361923e+05  1.57654634e+00 
 5.53531250e+05  1.65832827e+01  5.53531250e+05  1.57633203e+00 
 5.56718829e+05  1.65333980e+01  5.56718829e+05  1.57611791e+00 
 5.59924764e+05  1.64835127e+01  5.59924764e+05  1.57590396e+00 
 5.63149161e+05  1.64336267e+01  5.63149161e+05  1.57569018e+00 
 5.66392126e+05  1.63837401e+01  5.66392126e+05  1.57547656e+00 
 5.69653766e+05  1.63338529e+01  5.69653766e+05  1.57526310e+00 
 5.72934188e+05  1.62839650e+01  5.72934188e+05  1.57504979e+00 
 5.76233501e+05  1.62340765e+01  5.76233501e+05  1.57483661e+00 
 5.79551814e+05  1.61841873e+01  5.79551814e+05  1.57462358e+00 
 5.82889235e+05  1.61342975e+01  5.82889235e+05  1.57441067e+00 
 5.86245876e+05  1.60844071e+01  5.86245876e+05  1.57419788e+00 
 5.89621846e+05  1.60345160e+01  5.89621846e+05  1.57398520e+00 
 5.93017257e+05  1.59846243e+01  5.93017257e+05  1.57377263e+00 
 5.96432221e+05  1.59347319e+01  5.96432221e+05  1.57356016e+00 
 5.99866850e+05  1.58848388e+01  5.99866850e+05  1.57334779e+00 
 6.03321259e+05  1.58349451e+01  6.03321259e+05  1.57313550e+00 
 6.06795560e+05  1.57850508e+01  6.06795560e+05  1.57292328e+00 
 6.10289868e+05  1.57351558e+01  6.10289868e+05  1.57271114e+00 
 6.13804298e+05  1.56852601e+01  6.13804298e+05  1.57249907e+00 
 6.17338967e+05  1.56353638e+01  6.17338967e+05  1.57228705e+00 
 6.20893990e+05  1.55854668e+01  6.20893990e+05  1.57207508e+00 
 6.24469486e+05  1.55355691e+01  6.24469486e+05  1.57186316e+00 
 6.28065572e+05  1.54856708e+01  6.28065572e+05  1.57165127e+00 
 6.31682366e+05  1.54357717e+01  6.31682366e+05  1.57143942e+00 
 6.35319988e+05  1.53858720e+01  6.35319988e+05  1.57122759e+00 
 6.38978557e+05  1.53359716e+01  6.38978557e+05  1.57101577e+00 
 6.42658195e+05  1.52860706e+01  6.42658195e+05  1.57080396e+00 
 6.46359022e+05  1.52361688e+01  6.46359022e+05  1.57059216e+00 
 6.50081162e+05  1.51862663e+01  6.50081162e+05  1.57038035e+00 
 6.53824735e+05  1.51363632e+01  6.53824735e+05  1.57016853e+00 
 6.57589867e+05  1.50864593e+01  6.57589867e+05  1.56995669e+00 
 6.61376680e+05  1.50365548e+01  6.61376680e+05  1.56974483e+00 
 6.65185300e+05  1.49866495e+01  6.65185300e+05  1.56953294e+00 
 6.69015853e+05  1.49367435e+01  6.69015853e+05  1.56932100e+00 
 6.72868464e+05  1.48868369e+01  6.72868464e+05  1.56910902e+00 
 6.76743262e+05  1.48369294e+01  6.76743262e+05  1.56889699e+00 
 6.80640372e+05  1.47870213e+01  6.80640372e+05  1.56868490e+00 
 6.84559925e+05  1.47371124e+01  6.84559925e+05  1.56847274e+00 
 6.88502049e+05  1.46872028e+01  6.88502049e+05  1.56826050e+00 
 6.92466874e+05  1.46372925e+01  6.92466874e+05  1.56804819e+00 
 6.96454531e+05  1.45873814e+01  6.96454531e+05  1.56783579e+00 
 7.00465151e+05  1.45374696e+01  7.00465151e+05  1.56762329e+00 
 7.04498867e+05  1.44875570e+01  7.04498867e+05  1.56741069e+00 
 7.08555812e+05  1.44376437e+01  7.08555812e+05  1.56719799e+00 
 7.12636119e+05  1.43877296e+01  7.12636119e+05  1.56698517e+00 
 7.16739924e+05  1.43378148e+01  7.16739924e+05  1.56677222e+00 
 7.20867360e+05  1.42878991e+01  7.20867360e+05  1.56655915e+00 
 7.25018565e+05  1.42379827e+01  7.25018565e+05  1.56634594e+00 
 7.29193675e+05  1.41880656e+01  7.29193675e+05  1.56613259e+00 
 7.33392828e+05  1.41381476e+01  7.33392828e+05  1.56591909e+00 
 7.37616162e+05  1.40882288e+01  7.37616162e+05  1.56570543e+00 
 7.41863817e+05  1.40383093e+01  7.41863817e+05  1.56549161e+00 
 7.46135932e+05  1.39883889e+01  7.46135932e+05  1.56527761e+00 
 7.50432649e+05  1.39384677e+01  7.50432649e+05  1.56506344e+00 
 7.54754109e+05  1.38885457e+01  7.54754109e+05  1.56484908e+00 
 7.59100455e+05  1.38386229e+01  7.59100455e+05  1.56463453e+00 
 7.63471830e+05  1.37886992e+01  7.63471830e+05  1.56441979e+00 
 7.67868378e+05  1.37387748e+01  7.67868378e+05  1.56420483e+00 
 7.72290244e+05  1.36888494e+01  7.72290244e+05  1.56398967e+00 
 7.76737574e+05  1.36389233e+01  7.76737574e+05  1.56377428e+00 
 7.81210514e+05  1.35889962e+01  7.81210514e+05  1.56355867e+00 
 7.85709213e+05  1.35390683e+01  7.85709213e+05  1.56334282e+00 
 7.90233817e+05  1.34891396e+01  7.90233817e+05  1.56312673e+00 
 7.94784478e+05  1.34392099e+01  7.94784478e+05  1.56291040e+00 
 7.99361343e+05  1.33892794e+01  7.99361343e+05  1.56269380e+00 
 8.03964565e+05  1.33393480e+01  8.03964565e+05  1.56247695e+00 
 8.08594296e+05  1.32894157e+01  8.08594296e+05  1.56225983e+00 
 8.13250687e+05  1.32394825e+01  8.13250687e+05  1.56204243e+00 
 8.17933893e+05  1.31895484e+01  8.17933893e+05  1.56182475e+00 
 8.22644067e+05  1.31396133e+01  8.22644067e+05  1.56160678e+00 
 8.27381366e+05  1.30896774e+01  8.27381366e+05  1.56138851e+00 
 8.32145945e+05  1.30397405e+01  8.32145945e+05  1.56116993e+00 
 8.36937961e+05  1.29898026e+01  8.36937961e+05  1.56095105e+00 
 8.41757573e+05  1.29398638e+01  8.41757573e+05  1.56073184e+00 
 8.46604939e+05  1.28899241e+01  8.46604939e+05  1.56051231e+00 
 8.51480220e+05  1.28399833e+01  8.51480220e+05  1.56029245e+00 
 8.56383575e+05  1.27900416e+01  8.56383575e+05  1.56007225e+00 
 8.61315167e+05  1.27400989e+01  8.61315167e+05  1.55985170e+00 
 8.66275158e+05  1.26901552e+01  8.66275158e+05  1.55963079e+00 
 8.71263712e+05  1.26402106e+01  8.71263712e+05  1.55940953e+00 
 8.76280993e+05  1.25902648e+01  8.76280993e+05  1.55918789e+00 
 8.81327166e+05  1.25403181e+01  8.81327166e+05  1.55896588e+00 
 8.86402399e+05  1.24903704e+01  8.86402399e+05  1.55874349e+00 
 8.91506858e+05  1.24404216e+01  8.91506858e+05  1.55852070e+00 
 8.96640711e+05  1.23904717e+01  8.96640711e+05  1.55829752e+00 
 9.01804129e+05  1.23405208e+01  9.01804129e+05  1.55807394e+00 
 9.06997281e+05  1.22905688e+01  9.06997281e+05  1.55784994e+00 
 9.12220338e+05  1.22406158e+01  9.12220338e+05  1.55762552e+00 
 9.17473473e+05  1.21906616e+01  9.17473473e+05  1.55740068e+00 
 9.22756858e+05  1.21407064e+01  9.22756858e+05  1.55717540e+00 
 9.28070669e+05  1.20907500e+01  9.28070669e+05  1.55694968e+00 
 9.33415080e+05  1.20407925e+01  9.33415080e+05  1.55672351e+00 
 9.38790267e+05  1.19908339e+01  9.38790267e+05  1.55649689e+00 
 9.44196408e+05  1.19408741e+01  9.44196408e+05  1.55626980e+00 
 9.49633681e+05  1.18909132e+01  9.49633681e+05  1.55604225e+00 
 9.55102266e+05  1.18409511e+01  9.55102266e+05  1.55581421e+00 
 9.60602341e+05  1.17909879e+01  9.60602341e+05  1.55558570e+00 
 9.66134090e+05  1.17410234e+01  9.66134090e+05  1.55535668e+00 
 9.71697694e+05  1.16910578e+01  9.71697694e+05  1.55512717e+00 
 9.77293337e+05  1.16410909e+01  9.77293337e+05  1.55489716e+00 
 9.82921202e+05  1.15911229e+01  9.82921202e+05  1.55466662e+00 
 9.88581477e+05  1.15411535e+01  9.88581477e+05  1.55443557e+00 
 9.94274347e+05  1.14911830e+01  9.94274347e+05  1.55420398e+00 
 1.00000000e+06  1.14412112e+01  1.00000000e+06  1.55397186e+00 
 1.00575862e+06  1.13912381e+01  1.00575862e+06  1.55373920e+00 
 1.01155041e+06  1.13412637e+01  1.01155041e+06  1.55350598e+00 
 1.01737555e+06  1.12912880e+01  1.01737555e+06  1.55327221e+00 
 1.02323424e+06  1.12413110e+01  1.02323424e+06  1.55303786e+00 
 1.02912666e+06  1.11913327e+01  1.02912666e+06  1.55280294e+00 
 1.03505301e+06  1.11413530e+01  1.03505301e+06  1.55256744e+00 
 1.04101349e+06  1.10913720e+01  1.04101349e+06  1.55233136e+00 
 1.04700830e+06  1.10413896e+01  1.04700830e+06  1.55209467e+00 
 1.05303763e+06  1.09914059e+01  1.05303763e+06  1.55185738e+00 
 1.05910168e+06  1.09414207e+01  1.05910168e+06  1.55161947e+00 
 1.06520065e+06  1.08914341e+01  1.06520065e+06  1.55138095e+00 
 1.07133474e+06  1.08414462e+01  1.07133474e+06  1.55114180e+00 
 1.07750415e+06  1.07914567e+01  1.07750415e+06  1.55090201e+00 
 1.08370910e+06  1.07414659e+01  1.08370910e+06  1.55066159e+00 
 1.08994977e+06  1.06914735e+01  1.08994977e+06  1.55042051e+00 
 1.09622638e+06  1.06414797e+01  1.09622638e+06  1.55017877e+00 
 1.10253914e+06  1.05914844e+01  1.10253914e+06  1.54993636e+00 
 1.10888825e+06  1.05414875e+01  1.10888825e+06  1.54969329e+00 
 1.11527392e+06  1.04914891e+01  1.11527392e+06  1.54944953e+00 
 1.12169636e+06  1.04414892e+01  1.12169636e+06  1.54920508e+00 
 1.12815579e+06  1.03914877e+01  1.12815579e+06  1.54895993e+00 
 1.13465242e+06  1.03414847e+01  1.13465242e+06  1.54871408e+00 
 1.14118646e+06  1.02914800e+01  1.14118646e+06  1.54846752e+00 
 1.14775812e+06  1.02414738e+01  1.14775812e+06  1.54822023e+00 
 1.15436763e+06  1.01914659e+01  1.15436763e+06  1.54797222e+00 
 1.16101520e+06  1.01414563e+01  1.16101520e+06  1.54772347e+00 
 1.16770105e+06  1.00914451e+01  1.16770105e+06  1.54747397e+00 
 1.17442540e+06  1.00414322e+01  1.17442540e+06  1.54722373e+00 
 1.18118848e+06  9.99141765e+00  1.18118848e+06  1.54697272e+00 
 1.18799050e+06  9.94140135e+00  1.18799050e+06  1.54672095e+00 
 1.19483169e+06  9.89138331e+00  1.19483169e+06  1.54646839e+00 
 1.20171228e+06  9.84136351e+00  1.20171228e+06  1.54621506e+00 
 1.20863249e+06  9.79134194e+00  1.20863249e+06  1.54596093e+00 
 1.21559255e+06  9.74131858e+00  1.21559255e+06  1.54570600e+00 
 1.22259269e+06  9.69129341e+00  1.22259269e+06  1.54545026e+00 
 1.22963314e+06  9.64126640e+00  1.22963314e+06  1.54519371e+00 
 1.23671414e+06  9.59123754e+00  1.23671414e+06  1.54493633e+00 
 1.24383591e+06  9.54120682e+00  1.24383591e+06  1.54467812e+00 
 1.25099870e+06  9.49117420e+00  1.25099870e+06  1.54441907e+00 
 1.25820273e+06  9.44113967e+00  1.25820273e+06  1.54415917e+00 
 1.26544825e+06  9.39110320e+00  1.26544825e+06  1.54389841e+00 
 1.27273549e+06  9.34106479e+00  1.27273549e+06  1.54363678e+00 
 1.28006470e+06  9.29102439e+00  1.28006470e+06  1.54337428e+00 
 1.28743611e+06  9.24098201e+00  1.28743611e+06  1.54311090e+00 
 1.29484997e+06  9.19093760e+00  1.29484997e+06  1.54284663e+00 
 1.30230653e+06  9.14089116e+00  1.30230653e+06  1.54258146e+00 
 1.30980602e+06  9.09084265e+00  1.30980602e+06  1.54231538e+00 
 1.31734870e+06  9.04079206e+00  1.31734870e+06  1.54204839e+00 
 1.32493482e+06  8.99073936e+00  1.32493482e+06  1.54178047e+00 
 1.33256462e+06  8.94068454e+00  1.33256462e+06  1.54151162e+00 
 1.34023836e+06  8.89062756e+00  1.34023836e+06  1.54124183e+00 
 1.34795629e+06  8.84056840e+00  1.34795629e+06  1.54097109e+00 
 1.35571867e+06  8.79050704e+00  1.35571867e+06  1.54069939e+00 
 1.36352574e+06  8.74044346e+00  1.36352574e+06  1.54042673e+00 
 1.37137778e+06  8.69037762e+00  1.37137778e+06  1.54015309e+00 
 1.37927503e+06  8.64030952e+00  1.37927503e+06  1.53987846e+00 
 1.38721775e+06  8.59023911e+00  1.38721775e+06  1.53960285e+00 
 1.39520622e+06  8.54016638e+00  1.39520622e+06  1.53932623e+00 
 1.40324069e+06  8.49009130e+00  1.40324069e+06  1.53904861e+00 
 1.41132143e+06  8.44001384e+00  1.41132143e+06  1.53876997e+00 
 1.41944870e+06  8.38993399e+00  1.41944870e+06  1.53849030e+00 
 1.42762277e+06  8.33985170e+00  1.42762277e+06  1.53820959e+00 
 1.43584391e+06  8.28976696e+00  1.43584391e+06  1.53792784e+00 
 1.44411240e+06  8.23967973e+00  1.44411240e+06  1.53764504e+00 
 1.45242850e+06  8.18959000e+00  1.45242850e+06  1.53736118e+00 
 1.46079249e+06  8.13949773e+00  1.46079249e+06  1.53707625e+00 
 1.46920465e+06  8.08940289e+00  1.46920465e+06  1.53679023e+00 
 1.47766525e+06  8.03930546e+00  1.47766525e+06  1.53650313e+00 
 1.48617457e+06  7.98920541e+00  1.48617457e+06  1.53621494e+00 
 1.49473289e+06  7.93910271e+00  1.49473289e+06  1.53592563e+00 
 1.50334050e+06  7.88899732e+00  1.50334050e+06  1.53563521e+00 
 1.51199767e+06  7.83888922e+00  1.51199767e+06  1.53534367e+00 
 1.52070470e+06  7.78877839e+00  1.52070470e+06  1.53505099e+00 
 1.52946187e+06  7.73866478e+00  1.52946187e+06  1.53475718e+00 
 1.53826946e+06  7.68854837e+00  1.53826946e+06  1.53446221e+00 
 1.54712778e+06  7.63842912e+00  1.54712778e+06  1.53416608e+00 
 1.55603711e+06  7.58830702e+00  1.55603711e+06  1.53386878e+00 
 1.56499774e+06  7.53818201e+00  1.56499774e+06  1.53357031e+00 
 1.57400998e+06  7.48805408e+00  1.57400998e+06  1.53327064e+00 
 1.58307411e+06  7.43792318e+00  1.58307411e+06  1.53296978e+00 
 1.59219044e+06  7.38778930e+00  1.59219044e+06  1.53266772e+00 
 1.60135927e+06  7.33765238e+00  1.60135927e+06  1.53236444e+00 
 1.61058090e+06  7.28751240e+00  1.61058090e+06  1.53205993e+00 
 1.61985563e+06  7.23736933e+00  1.61985563e+06  1.53175419e+00 
 1.62918377e+06  7.18722313e+00  1.62918377e+06  1.53144721e+00 
 1.63856563e+06  7.13707376e+00  1.63856563e+06  1.53113898e+00 
 1.64800151e+06  7.08692120e+00  1.64800151e+06  1.53082948e+00 
 1.65749174e+06  7.03676539e+00  1.65749174e+06  1.53051871e+00 
 1.66703661e+06  6.98660632e+00  1.66703661e+06  1.53020667e+00 
 1.67663645e+06  6.93644394e+00  1.67663645e+06  1.52989333e+00 
 1.68629157e+06  6.88627821e+00  1.68629157e+06  1.52957869e+00 
 1.69600229e+06  6.83610910e+00  1.69600229e+06  1.52926274e+00 
 1.70576893e+06  6.78593657e+00  1.70576893e+06  1.52894548e+00 
 1.71559181e+06  6.73576059e+00  1.71559181e+06  1.52862688e+00 
 1.72547126e+06  6.68558110e+00  1.72547126e+06  1.52830695e+00 
 1.73540760e+06  6.63539808e+00  1.73540760e+06  1.52798567e+00 
 1.74540117e+06  6.58521149e+00  1.74540117e+06  1.52766304e+00 
 1.75545228e+06  6.53502128e+00  1.75545228e+06  1.52733904e+00 
 1.76556127e+06  6.48482741e+00  1.76556127e+06  1.52701366e+00 
 1.77572847e+06  6.43462985e+00  1.77572847e+06  1.52668689e+00 
 1.78595423e+06  6.38442855e+00  1.78595423e+06  1.52635873e+00 
 1.79623887e+06  6.33422347e+00  1.79623887e+06  1.52602916e+00 
 1.80658273e+06  6.28401456e+00  1.80658273e+06  1.52569818e+00 
 1.81698617e+06  6.23380180e+00  1.81698617e+06  1.52536577e+00 
 1.82744951e+06  6.18358512e+00  1.82744951e+06  1.52503192e+00 
 1.83797311e+06  6.13336450e+00  1.83797311e+06  1.52469663e+00 
 1.84855730e+06  6.08313988e+00  1.84855730e+06  1.52435988e+00 
 1.85920245e+06  6.03291121e+00  1.85920245e+06  1.52402167e+00 
 1.86990890e+06  5.98267847e+00  1.86990890e+06  1.52368198e+00 
 1.88067700e+06  5.93244159e+00  1.88067700e+06  1.52334081e+00 
 1.89150712e+06  5.88220054e+00  1.89150712e+06  1.52299814e+00 
 1.90239960e+06  5.83195526e+00  1.90239960e+06  1.52265397e+00 
 1.91335480e+06  5.78170571e+00  1.91335480e+06  1.52230828e+00 
 1.92437310e+06  5.73145184e+00  1.92437310e+06  1.52196106e+00 
 1.93545484e+06  5.68119360e+00  1.93545484e+06  1.52161231e+00 
 1.94660040e+06  5.63093095e+00  1.94660040e+06  1.52126201e+00 
 1.95781014e+06  5.58066383e+00  1.95781014e+06  1.52091015e+00 
 1.96908443e+06  5.53039220e+00  1.96908443e+06  1.52055673e+00 
 1.98042365e+06  5.48011600e+00  1.98042365e+06  1.52020173e+00 
 1.99182817e+06  5.42983519e+00  1.99182817e+06  1.51984514e+00 
 2.00329836e+06  5.37954971e+00  2.00329836e+06  1.51948695e+00 
 2.01483461e+06  5.32925950e+00  2.01483461e+06  1.51912716e+00 
 2.02643728e+06  5.27896453e+00  2.02643728e+06  1.51876575e+00 
 2.03810678e+06  5.22866472e+00  2.03810678e+06  1.51840270e+00 
 2.04984347e+06  5.17836004e+00  2.04984347e+06  1.51803802e+00 
 2.06164775e+06  5.12805042e+00  2.06164775e+06  1.51767169e+00 
 2.07352000e+06  5.07773581e+00  2.07352000e+06  1.51730369e+00 
 2.08546063e+06  5.02741616e+00  2.08546063e+06  1.51693403e+00 
 2.09747001e+06  4.97709140e+00  2.09747001e+06  1.51656268e+00 
 2.10954856e+06  4.92676149e+00  2.10954856e+06  1.51618964e+00 
 2.12169666e+06  4.87642636e+00  2.12169666e+06  1.51581489e+00 
 2.13391471e+06  4.82608595e+00  2.13391471e+06  1.51543843e+00 
 2.14620313e+06  4.77574021e+00  2.14620313e+06  1.51506025e+00 
 2.15856230e+06  4.72538908e+00  2.15856230e+06  1.51468033e+00 
 2.17099265e+06  4.67503249e+00  2.17099265e+06  1.51429866e+00 
 2.18349459e+06  4.62467039e+00  2.18349459e+06  1.51391524e+00 
 2.19606851e+06  4.57430272e+00  2.19606851e+06  1.51353005e+00 
 2.20871485e+06  4.52392941e+00  2.20871485e+06  1.51314308e+00 
 2.22143401e+06  4.47355039e+00  2.22143401e+06  1.51275432e+00 
 2.23422641e+06  4.42316561e+00  2.23422641e+06  1.51236376e+00 
 2.24709249e+06  4.37277501e+00  2.24709249e+06  1.51197139e+00 
 2.26003265e+06  4.32237851e+00  2.26003265e+06  1.51157719e+00 
 2.27304733e+06  4.27197605e+00  2.27304733e+06  1.51118117e+00 
 2.28613696e+06  4.22156757e+00  2.28613696e+06  1.51078329e+00 
 2.29930196e+06  4.17115299e+00  2.29930196e+06  1.51038356e+00 
 2.31254278e+06  4.12073225e+00  2.31254278e+06  1.50998197e+00 
 2.32585985e+06  4.07030529e+00  2.32585985e+06  1.50957849e+00 
 2.33925360e+06  4.01987203e+00  2.33925360e+06  1.50917313e+00 
 2.35272449e+06  3.96943240e+00  2.35272449e+06  1.50876587e+00 
 2.36627294e+06  3.91898633e+00  2.36627294e+06  1.50835669e+00 
 2.37989942e+06  3.86853375e+00  2.37989942e+06  1.50794560e+00 
 2.39360437e+06  3.81807459e+00  2.39360437e+06  1.50753257e+00 
 2.40738824e+06  3.76760878e+00  2.40738824e+06  1.50711759e+00 
 2.42125149e+06  3.71713623e+00  2.42125149e+06  1.50670066e+00 
 2.43519457e+06  3.66665688e+00  2.43519457e+06  1.50628176e+00 
 2.44921794e+06  3.61617065e+00  2.44921794e+06  1.50586088e+00 
 2.46332206e+06  3.56567747e+00  2.46332206e+06  1.50543801e+00 
 2.47750741e+06  3.51517725e+00  2.47750741e+06  1.50501314e+00 
 2.49177445e+06  3.46466992e+00  2.49177445e+06  1.50458626e+00 
 2.50612364e+06  3.41415540e+00  2.50612364e+06  1.50415735e+00 
 2.52055547e+06  3.36363361e+00  2.52055547e+06  1.50372641e+00 
 2.53507040e+06  3.31310447e+00  2.53507040e+06  1.50329341e+00 
 2.54966892e+06  3.26256791e+00  2.54966892e+06  1.50285836e+00 
 2.56435151e+06  3.21202382e+00  2.56435151e+06  1.50242124e+00 
 2.57911865e+06  3.16147214e+00  2.57911865e+06  1.50198204e+00 
 2.59397083e+06  3.11091279e+00  2.59397083e+06  1.50154074e+00 
 2.60890853e+06  3.06034566e+00  2.60890853e+06  1.50109734e+00 
 2.62393226e+06  3.00977068e+00  2.62393226e+06  1.50065182e+00 
 2.63904250e+06  2.95918777e+00  2.63904250e+06  1.50020418e+00 
 2.65423975e+06  2.90859683e+00  2.65423975e+06  1.49975439e+00 
 2.66952453e+06  2.85799778e+00  2.66952453e+06  1.49930245e+00 
 2.68489732e+06  2.80739052e+00  2.68489732e+06  1.49884835e+00 
 2.70035863e+06  2.75677498e+00  2.70035863e+06  1.49839208e+00 
 2.71590899e+06  2.70615104e+00  2.71590899e+06  1.49793361e+00 
 2.73154889e+06  2.65551863e+00  2.73154889e+06  1.49747295e+00 
 2.74727885e+06  2.60487765e+00  2.74727885e+06  1.49701008e+00 
 2.76309940e+06  2.55422800e+00  2.76309940e+06  1.49654499e+00 
 2.77901105e+06  2.50356959e+00  2.77901105e+06  1.49607766e+00 
 2.79501434e+06  2.45290232e+00  2.79501434e+06  1.49560809e+00 
 2.81110978e+06  2.40222611e+00  2.81110978e+06  1.49513626e+00 
 2.82729790e+06  2.35154084e+00  2.82729790e+06  1.49466217e+00 
 2.84357925e+06  2.30084641e+00  2.84357925e+06  1.49418579e+00 
 2.85995436e+06  2.25014274e+00  2.85995436e+06  1.49370712e+00 
 2.87642376e+06  2.19942971e+00  2.87642376e+06  1.49322614e+00 
 2.89298801e+06  2.14870723e+00  2.89298801e+06  1.49274285e+00 
 2.90964764e+06  2.09797519e+00  2.90964764e+06  1.49225723e+00 
 2.92640321e+06  2.04723348e+00  2.92640321e+06  1.49176928e+00 
 2.94325527e+06  1.99648200e+00  2.94325527e+06  1.49127897e+00 
 2.96020437e+06  1.94572065e+00  2.96020437e+06  1.49078629e+00 
 2.97725108e+06  1.89494931e+00  2.97725108e+06  1.49029124e+00 
 2.99439595e+06  1.84416788e+00  2.99439595e+06  1.48979381e+00 
 3.01163955e+06  1.79337625e+00  3.01163955e+06  1.48929397e+00 
 3.02898246e+06  1.74257430e+00  3.02898246e+06  1.48879172e+00 
 3.04642523e+06  1.69176193e+00  3.04642523e+06  1.48828705e+00 
 3.06396845e+06  1.64093901e+00  3.06396845e+06  1.48777995e+00 
 3.08161270e+06  1.59010544e+00  3.08161270e+06  1.48727039e+00 
 3.09935855e+06  1.53926109e+00  3.09935855e+06  1.48675838e+00 
 3.11720659e+06  1.48840586e+00  3.11720659e+06  1.48624390e+00 
 3.13515742e+06  1.43753962e+00  3.13515742e+06  1.48572694e+00 
 3.15321161e+06  1.38666226e+00  3.15321161e+06  1.48520748e+00 
 3.17136977e+06  1.33577365e+00  3.17136977e+06  1.48468551e+00 
 3.18963250e+06  1.28487366e+00  3.18963250e+06  1.48416103e+00 
 3.20800040e+06  1.23396219e+00  3.20800040e+06  1.48363402e+00 
 3.22647407e+06  1.18303910e+00  3.22647407e+06  1.48310446e+00 
 3.24505413e+06  1.13210427e+00  3.24505413e+06  1.48257235e+00 
 3.26374118e+06  1.08115757e+00  3.26374118e+06  1.48203768e+00 
 3.28253584e+06  1.03019887e+00  3.28253584e+06  1.48150042e+00 
 3.30143873e+06  9.79228042e-01  3.30143873e+06  1.48096058e+00 
 3.32045048e+06  9.28244957e-01  3.32045048e+06  1.48041814e+00 
 3.33957171e+06  8.77249483e-01  3.33957171e+06  1.47987308e+00 
 3.35880305e+06  8.26241485e-01  3.35880305e+06  1.47932539e+00 
 3.37814514e+06  7.75220829e-01  3.37814514e+06  1.47877508e+00 
 3.39759861e+06  7.24187379e-01  3.39759861e+06  1.47822211e+00 
 3.41716410e+06  6.73140996e-01  3.41716410e+06  1.47766648e+00 
 3.43684227e+06  6.22081543e-01  3.43684227e+06  1.47710818e+00 
 3.45663375e+06  5.71008879e-01  3.45663375e+06  1.47654719e+00 
 3.47653921e+06  5.19922862e-01  3.47653921e+06  1.47598351e+00 
 3.49655930e+06  4.68823350e-01  3.49655930e+06  1.47541712e+00 
 3.51669467e+06  4.17710197e-01  3.51669467e+06  1.47484801e+00 
 3.53694600e+06  3.66583259e-01  3.53694600e+06  1.47427618e+00 
 3.55731394e+06  3.15442387e-01  3.55731394e+06  1.47370160e+00 
 3.57779918e+06  2.64287434e-01  3.57779918e+06  1.47312426e+00 
 3.59840238e+06  2.13118248e-01  3.59840238e+06  1.47254416e+00 
 3.61912423e+06  1.61934678e-01  3.61912423e+06  1.47196128e+00 
 3.63996541e+06  1.10736572e-01  3.63996541e+06  1.47137562e+00 
 3.66092661e+06  5.95237743e-02  3.66092661e+06  1.47078715e+00 
 3.68200851e+06  8.29612908e-03  3.68200851e+06  1.47019587e+00 
 3.70321182e+06 -4.29465213e-02  3.70321182e+06  1.46960177e+00 
 3.72453723e+06 -9.42043360e-02  3.72453723e+06  1.46900484e+00 
 3.74598544e+06 -1.45477476e-01  3.74598544e+06  1.46840506e+00 
 3.76755716e+06 -1.96766102e-01  3.76755716e+06  1.46780242e+00 
 3.78925311e+06 -2.48070380e-01  3.78925311e+06  1.46719691e+00 
 3.81107400e+06 -2.99390473e-01  3.81107400e+06  1.46658853e+00 
 3.83302055e+06 -3.50726550e-01  3.83302055e+06  1.46597725e+00 
 3.85509347e+06 -4.02078778e-01  3.85509347e+06  1.46536307e+00 
 3.87729351e+06 -4.53447328e-01  3.87729351e+06  1.46474598e+00 
 3.89962139e+06 -5.04832371e-01  3.89962139e+06  1.46412596e+00 
 3.92207785e+06 -5.56234080e-01  3.92207785e+06  1.46350301e+00 
 3.94466362e+06 -6.07652631e-01  3.94466362e+06  1.46287712e+00 
 3.96737946e+06 -6.59088199e-01  3.96737946e+06  1.46224827e+00 
 3.99022611e+06 -7.10540964e-01  3.99022611e+06  1.46161645e+00 
 4.01320433e+06 -7.62011105e-01  4.01320433e+06  1.46098165e+00 
 4.03631487e+06 -8.13498804e-01  4.03631487e+06  1.46034386e+00 
 4.05955849e+06 -8.65004243e-01  4.05955849e+06  1.45970308e+00 
 4.08293596e+06 -9.16527608e-01  4.08293596e+06  1.45905928e+00 
 4.10644806e+06 -9.68069085e-01  4.10644806e+06  1.45841247e+00 
 4.13009556e+06 -1.01962886e+00  4.13009556e+06  1.45776262e+00 
 4.15387923e+06 -1.07120713e+00  4.15387923e+06  1.45710973e+00 
 4.17779986e+06 -1.12280408e+00  4.17779986e+06  1.45645379e+00 
 4.20185824e+06 -1.17441991e+00  4.20185824e+06  1.45579479e+00 
 4.22605517e+06 -1.22605481e+00  4.22605517e+06  1.45513272e+00 
 4.25039143e+06 -1.27770898e+00  4.25039143e+06  1.45446757e+00 
 4.27486784e+06 -1.32938261e+00  4.27486784e+06  1.45379932e+00 
 4.29948521e+06 -1.38107591e+00  4.29948521e+06  1.45312797e+00 
 4.32424433e+06 -1.43278908e+00  4.32424433e+06  1.45245351e+00 
 4.34914603e+06 -1.48452233e+00  4.34914603e+06  1.45177593e+00 
 4.37419113e+06 -1.53627586e+00  4.37419113e+06  1.45109522e+00 
 4.39938046e+06 -1.58804987e+00  4.39938046e+06  1.45041137e+00 
 4.42471484e+06 -1.63984459e+00  4.42471484e+06  1.44972438e+00 
 4.45019511e+06 -1.69166021e+00  4.45019511e+06  1.44903422e+00 
 4.47582212e+06 -1.74349696e+00  4.47582212e+06  1.44834089e+00 
 4.50159670e+06 -1.79535504e+00  4.50159670e+06  1.44764439e+00 
 4.52751970e+06 -1.84723468e+00  4.52751970e+06  1.44694470e+00 
 4.55359199e+06 -1.89913610e+00  4.55359199e+06  1.44624182e+00 
 4.57981442e+06 -1.95105951e+00  4.57981442e+06  1.44553574e+00 
 4.60618785e+06 -2.00300513e+00  4.60618785e+06  1.44482644e+00 
 4.63271316e+06 -2.05497321e+00  4.63271316e+06  1.44411392e+00 
 4.65939122e+06 -2.10696395e+00  4.65939122e+06  1.44339817e+00 
 4.68622291e+06 -2.15897758e+00  4.68622291e+06  1.44267919e+00 
 4.71320911e+06 -2.21101435e+00  4.71320911e+06  1.44195696e+00 
 4.74035071e+06 -2.26307448e+00  4.74035071e+06  1.44123148e+00 
 4.76764861e+06 -2.31515820e+00  4.76764861e+06  1.44050274e+00 
 4.79510371e+06 -2.36726576e+00  4.79510371e+06  1.43977073e+00 
 4.82271692e+06 -2.41939738e+00  4.82271692e+06  1.43903544e+00 
 4.85048914e+06 -2.47155332e+00  4.85048914e+06  1.43829687e+00 
 4.87842128e+06 -2.52373381e+00  4.87842128e+06  1.43755501e+00 
 4.90651428e+06 -2.57593909e+00  4.90651428e+06  1.43680985e+00 
 4.93476906e+06 -2.62816942e+00  4.93476906e+06  1.43606138e+00 
 4.96318654e+06 -2.68042504e+00  4.96318654e+06  1.43530961e+00 
 4.99176767e+06 -2.73270620e+00  4.99176767e+06  1.43455451e+00 
 5.02051339e+06 -2.78501315e+00  5.02051339e+06  1.43379610e+00 
 5.04942464e+06 -2.83734616e+00  5.04942464e+06  1.43303435e+00 
 5.07850239e+06 -2.88970546e+00  5.07850239e+06  1.43226926e+00 
 5.10774758e+06 -2.94209133e+00  5.10774758e+06  1.43150083e+00 
 5.13716118e+06 -2.99450402e+00  5.13716118e+06  1.43072905e+00 
 5.16674416e+06 -3.04694380e+00  5.16674416e+06  1.42995392e+00 
 5.19649751e+06 -3.09941092e+00  5.19649751e+06  1.42917543e+00 
 5.22642219e+06 -3.15190566e+00  5.22642219e+06  1.42839357e+00 
 5.25651919e+06 -3.20442829e+00  5.25651919e+06  1.42760834e+00 
 5.28678951e+06 -3.25697907e+00  5.28678951e+06  1.42681974e+00 
 5.31723415e+06 -3.30955828e+00  5.31723415e+06  1.42602776e+00 
 5.34785411e+06 -3.36216619e+00  5.34785411e+06  1.42523239e+00 
 5.37865040e+06 -3.41480307e+00  5.37865040e+06  1.42443364e+00 
 5.40962403e+06 -3.46746922e+00  5.40962403e+06  1.42363149e+00 
 5.44077602e+06 -3.52016490e+00  5.44077602e+06  1.42282595e+00 
 5.47210741e+06 -3.57289041e+00  5.47210741e+06  1.42201701e+00 
 5.50361923e+06 -3.62564602e+00  5.50361923e+06  1.42120467e+00 
 5.53531250e+06 -3.67843202e+00  5.53531250e+06  1.42038892e+00 
 5.56718829e+06 -3.73124871e+00  5.56718829e+06  1.41956977e+00 
 5.59924764e+06 -3.78409636e+00  5.59924764e+06  1.41874720e+00 
 5.63149161e+06 -3.83697529e+00  5.63149161e+06  1.41792122e+00 
 5.66392126e+06 -3.88988577e+00  5.66392126e+06  1.41709182e+00 
 5.69653766e+06 -3.94282812e+00  5.69653766e+06  1.41625901e+00 
 5.72934188e+06 -3.99580262e+00  5.72934188e+06  1.41542278e+00 
 5.76233501e+06 -4.04880958e+00  5.76233501e+06  1.41458312e+00 
 5.79551814e+06 -4.10184931e+00  5.79551814e+06  1.41374005e+00 
 5.82889235e+06 -4.15492210e+00  5.82889235e+06  1.41289355e+00 
 5.86245876e+06 -4.20802827e+00  5.86245876e+06  1.41204364e+00 
 5.89621846e+06 -4.26116812e+00  5.89621846e+06  1.41119029e+00 
 5.93017257e+06 -4.31434197e+00  5.93017257e+06  1.41033353e+00 
 5.96432221e+06 -4.36755013e+00  5.96432221e+06  1.40947334e+00 
 5.99866850e+06 -4.42079292e+00  5.99866850e+06  1.40860974e+00 
 6.03321259e+06 -4.47407065e+00  6.03321259e+06  1.40774271e+00 
 6.06795560e+06 -4.52738365e+00  6.06795560e+06  1.40687226e+00 
 6.10289868e+06 -4.58073223e+00  6.10289868e+06  1.40599839e+00 
 6.13804298e+06 -4.63411671e+00  6.13804298e+06  1.40512111e+00 
 6.17338967e+06 -4.68753744e+00  6.17338967e+06  1.40424041e+00 
 6.20893990e+06 -4.74099472e+00  6.20893990e+06  1.40335630e+00 
 6.24469486e+06 -4.79448890e+00  6.24469486e+06  1.40246879e+00 
 6.28065572e+06 -4.84802030e+00  6.28065572e+06  1.40157787e+00 
 6.31682366e+06 -4.90158926e+00  6.31682366e+06  1.40068354e+00 
 6.35319988e+06 -4.95519611e+00  6.35319988e+06  1.39978582e+00 
 6.38978557e+06 -5.00884119e+00  6.38978557e+06  1.39888470e+00 
 6.42658195e+06 -5.06252483e+00  6.42658195e+06  1.39798020e+00 
 6.46359022e+06 -5.11624739e+00  6.46359022e+06  1.39707231e+00 
 6.50081162e+06 -5.17000920e+00  6.50081162e+06  1.39616104e+00 
 6.53824735e+06 -5.22381061e+00  6.53824735e+06  1.39524640e+00 
 6.57589867e+06 -5.27765196e+00  6.57589867e+06  1.39432839e+00 
 6.61376680e+06 -5.33153361e+00  6.61376680e+06  1.39340702e+00 
 6.65185300e+06 -5.38545589e+00  6.65185300e+06  1.39248230e+00 
 6.69015853e+06 -5.43941918e+00  6.69015853e+06  1.39155422e+00 
 6.72868464e+06 -5.49342381e+00  6.72868464e+06  1.39062281e+00 
 6.76743262e+06 -5.54747015e+00  6.76743262e+06  1.38968807e+00 
 6.80640372e+06 -5.60155855e+00  6.80640372e+06  1.38875001e+00 
 6.84559925e+06 -5.65568937e+00  6.84559925e+06  1.38780863e+00 
 6.88502049e+06 -5.70986297e+00  6.88502049e+06  1.38686395e+00 
 6.92466874e+06 -5.76407972e+00  6.92466874e+06  1.38591597e+00 
 6.96454531e+06 -5.81833998e+00  6.96454531e+06  1.38496471e+00 
 7.00465151e+06 -5.87264411e+00  7.00465151e+06  1.38401017e+00 
 7.04498867e+06 -5.92699249e+00  7.04498867e+06  1.38305237e+00 
 7.08555812e+06 -5.98138547e+00  7.08555812e+06  1.38209132e+00 
 7.12636119e+06 -6.03582343e+00  7.12636119e+06  1.38112703e+00 
 7.16739924e+06 -6.09030675e+00  7.16739924e+06  1.38015951e+00 
 7.20867360e+06 -6.14483580e+00  7.20867360e+06  1.37918877e+00 
 7.25018565e+06 -6.19941094e+00  7.25018565e+06  1.37821484e+00 
 7.29193675e+06 -6.25403257e+00  7.29193675e+06  1.37723771e+00 
 7.33392828e+06 -6.30870105e+00  7.33392828e+06  1.37625742e+00 
 7.37616162e+06 -6.36341676e+00  7.37616162e+06  1.37527396e+00 
 7.41863817e+06 -6.41818009e+00  7.41863817e+06  1.37428737e+00 
 7.46135932e+06 -6.47299141e+00  7.46135932e+06  1.37329764e+00 
 7.50432649e+06 -6.52785111e+00  7.50432649e+06  1.37230481e+00 
 7.54754109e+06 -6.58275957e+00  7.54754109e+06  1.37130888e+00 
 7.59100455e+06 -6.63771719e+00  7.59100455e+06  1.37030987e+00 
 7.63471830e+06 -6.69272433e+00  7.63471830e+06  1.36930780e+00 
 7.67868378e+06 -6.74778140e+00  7.67868378e+06  1.36830270e+00 
 7.72290244e+06 -6.80288878e+00  7.72290244e+06  1.36729457e+00 
 7.76737574e+06 -6.85804686e+00  7.76737574e+06  1.36628344e+00 
 7.81210514e+06 -6.91325603e+00  7.81210514e+06  1.36526933e+00 
 7.85709213e+06 -6.96851668e+00  7.85709213e+06  1.36425225e+00 
 7.90233817e+06 -7.02382921e+00  7.90233817e+06  1.36323224e+00 
 7.94784478e+06 -7.07919400e+00  7.94784478e+06  1.36220931e+00 
 7.99361343e+06 -7.13461145e+00  7.99361343e+06  1.36118348e+00 
 8.03964565e+06 -7.19008196e+00  8.03964565e+06  1.36015477e+00 
 8.08594296e+06 -7.24560592e+00  8.08594296e+06  1.35912322e+00 
 8.13250687e+06 -7.30118373e+00  8.13250687e+06  1.35808884e+00 
 8.17933893e+06 -7.35681578e+00  8.17933893e+06  1.35705166e+00 
 8.22644067e+06 -7.41250247e+00  8.22644067e+06  1.35601171e+00 
 8.27381366e+06 -7.46824419e+00  8.27381366e+06  1.35496900e+00 
 8.32145945e+06 -7.52404136e+00  8.32145945e+06  1.35392357e+00 
 8.36937961e+06 -7.57989435e+00  8.36937961e+06  1.35287544e+00 
 8.41757573e+06 -7.63580358e+00  8.41757573e+06  1.35182464e+00 
 8.46604939e+06 -7.69176944e+00  8.46604939e+06  1.35077121e+00 
 8.51480220e+06 -7.74779233e+00  8.51480220e+06  1.34971516e+00 
 8.56383575e+06 -7.80387265e+00  8.56383575e+06  1.34865653e+00 
 8.61315167e+06 -7.86001079e+00  8.61315167e+06  1.34759535e+00 
 8.66275158e+06 -7.91620716e+00  8.66275158e+06  1.34653164e+00 
 8.71263712e+06 -7.97246216e+00  8.71263712e+06  1.34546545e+00 
 8.76280993e+06 -8.02877619e+00  8.76280993e+06  1.34439680e+00 
 8.81327166e+06 -8.08514963e+00  8.81327166e+06  1.34332573e+00 
 8.86402399e+06 -8.14158290e+00  8.86402399e+06  1.34225227e+00 
 8.91506858e+06 -8.19807639e+00  8.91506858e+06  1.34117645e+00 
 8.96640711e+06 -8.25463050e+00  8.96640711e+06  1.34009831e+00 
 9.01804129e+06 -8.31124562e+00  9.01804129e+06  1.33901788e+00 
 9.06997281e+06 -8.36792215e+00  9.06997281e+06  1.33793521e+00 
 9.12220338e+06 -8.42466048e+00  9.12220338e+06  1.33685032e+00 
 9.17473473e+06 -8.48146102e+00  9.17473473e+06  1.33576326e+00 
 9.22756858e+06 -8.53832416e+00  9.22756858e+06  1.33467406e+00 
 9.28070669e+06 -8.59525028e+00  9.28070669e+06  1.33358277e+00 
 9.33415080e+06 -8.65223978e+00  9.33415080e+06  1.33248942e+00 
 9.38790267e+06 -8.70929306e+00  9.38790267e+06  1.33139405e+00 
 9.44196408e+06 -8.76641050e+00  9.44196408e+06  1.33029671e+00 
 9.49633681e+06 -8.82359249e+00  9.49633681e+06  1.32919743e+00 
 9.55102266e+06 -8.88083942e+00  9.55102266e+06  1.32809627e+00 
 9.60602341e+06 -8.93815167e+00  9.60602341e+06  1.32699325e+00 
 9.66134090e+06 -8.99552964e+00  9.66134090e+06  1.32588844e+00 
 9.71697694e+06 -9.05297370e+00  9.71697694e+06  1.32478187e+00 
 9.77293337e+06 -9.11048423e+00  9.77293337e+06  1.32367359e+00 
 9.82921202e+06 -9.16806162e+00  9.82921202e+06  1.32256364e+00 
 9.88581477e+06 -9.22570624e+00  9.88581477e+06  1.32145207e+00 
 9.94274347e+06 -9.28341846e+00  9.94274347e+06  1.32033894e+00 
 1.00000000e+07 -9.34119867e+00  1.00000000e+07  1.31922428e+00 
 1.00575862e+07 -9.39904724e+00  1.00575862e+07  1.31810816e+00 
 1.01155041e+07 -9.45696452e+00  1.01155041e+07  1.31699061e+00 
 1.01737555e+07 -9.51495089e+00  1.01737555e+07  1.31587169e+00 
 1.02323424e+07 -9.57300672e+00  1.02323424e+07  1.31475145e+00 
 1.02912666e+07 -9.63113237e+00  1.02912666e+07  1.31362995e+00 
 1.03505301e+07 -9.68932819e+00  1.03505301e+07  1.31250724e+00 
 1.04101349e+07 -9.74759454e+00  1.04101349e+07  1.31138337e+00 
 1.04700830e+07 -9.80593178e+00  1.04700830e+07  1.31025839e+00 
 1.05303763e+07 -9.86434026e+00  1.05303763e+07  1.30913237e+00 
 1.05910168e+07 -9.92282032e+00  1.05910168e+07  1.30800536e+00 
 1.06520065e+07 -9.98137231e+00  1.06520065e+07  1.30687741e+00 
 1.07133474e+07 -1.00399966e+01  1.07133474e+07  1.30574859e+00 
 1.07750415e+07 -1.00986934e+01  1.07750415e+07  1.30461895e+00 
 1.08370910e+07 -1.01574632e+01  1.08370910e+07  1.30348855e+00 
 1.08994977e+07 -1.02163063e+01  1.08994977e+07  1.30235746e+00 
 1.09622638e+07 -1.02752230e+01  1.09622638e+07  1.30122574e+00 
 1.10253914e+07 -1.03342136e+01  1.10253914e+07  1.30009344e+00 
 1.10888825e+07 -1.03932784e+01  1.10888825e+07  1.29896063e+00 
 1.11527392e+07 -1.04524179e+01  1.11527392e+07  1.29782737e+00 
 1.12169636e+07 -1.05116321e+01  1.12169636e+07  1.29669373e+00 
 1.12815579e+07 -1.05709216e+01  1.12815579e+07  1.29555977e+00 
 1.13465242e+07 -1.06302865e+01  1.13465242e+07  1.29442556e+00 
 1.14118646e+07 -1.06897272e+01  1.14118646e+07  1.29329117e+00 
 1.14775812e+07 -1.07492439e+01  1.14775812e+07  1.29215666e+00 
 1.15436763e+07 -1.08088370e+01  1.15436763e+07  1.29102210e+00 
 1.16101520e+07 -1.08685068e+01  1.16101520e+07  1.28988756e+00 
 1.16770105e+07 -1.09282534e+01  1.16770105e+07  1.28875311e+00 
 1.17442540e+07 -1.09880772e+01  1.17442540e+07  1.28761883e+00 
 1.18118848e+07 -1.10479785e+01  1.18118848e+07  1.28648477e+00 
 1.18799050e+07 -1.11079575e+01  1.18799050e+07  1.28535102e+00 
 1.19483169e+07 -1.11680145e+01  1.19483169e+07  1.28421764e+00 
 1.20171228e+07 -1.12281497e+01  1.20171228e+07  1.28308472e+00 
 1.20863249e+07 -1.12883634e+01  1.20863249e+07  1.28195232e+00 
 1.21559255e+07 -1.13486557e+01  1.21559255e+07  1.28082051e+00 
 1.22259269e+07 -1.14090270e+01  1.22259269e+07  1.27968939e+00 
 1.22963314e+07 -1.14694775e+01  1.22963314e+07  1.27855902e+00 
 1.23671414e+07 -1.15300073e+01  1.23671414e+07  1.27742948e+00 
 1.24383591e+07 -1.15906168e+01  1.24383591e+07  1.27630084e+00 
 1.25099870e+07 -1.16513060e+01  1.25099870e+07  1.27517319e+00 
 1.25820273e+07 -1.17120752e+01  1.25820273e+07  1.27404661e+00 
 1.26544825e+07 -1.17729247e+01  1.26544825e+07  1.27292118e+00 
 1.27273549e+07 -1.18338545e+01  1.27273549e+07  1.27179697e+00 
 1.28006470e+07 -1.18948649e+01  1.28006470e+07  1.27067408e+00 
 1.28743611e+07 -1.19559560e+01  1.28743611e+07  1.26955257e+00 
 1.29484997e+07 -1.20171280e+01  1.29484997e+07  1.26843254e+00 
 1.30230653e+07 -1.20783811e+01  1.30230653e+07  1.26731407e+00 
 1.30980602e+07 -1.21397154e+01  1.30980602e+07  1.26619724e+00 
 1.31734870e+07 -1.22011310e+01  1.31734870e+07  1.26508213e+00 
 1.32493482e+07 -1.22626281e+01  1.32493482e+07  1.26396884e+00 
 1.33256462e+07 -1.23242068e+01  1.33256462e+07  1.26285746e+00 
 1.34023836e+07 -1.23858672e+01  1.34023836e+07  1.26174805e+00 
 1.34795629e+07 -1.24476095e+01  1.34795629e+07  1.26064073e+00 
 1.35571867e+07 -1.25094337e+01  1.35571867e+07  1.25953556e+00 
 1.36352574e+07 -1.25713400e+01  1.36352574e+07  1.25843265e+00 
 1.37137778e+07 -1.26333283e+01  1.37137778e+07  1.25733208e+00 
 1.37927503e+07 -1.26953988e+01  1.37927503e+07  1.25623394e+00 
 1.38721775e+07 -1.27575516e+01  1.38721775e+07  1.25513832e+00 
 1.39520622e+07 -1.28197867e+01  1.39520622e+07  1.25404531e+00 
 1.40324069e+07 -1.28821041e+01  1.40324069e+07  1.25295501e+00 
 1.41132143e+07 -1.29445040e+01  1.41132143e+07  1.25186751e+00 
 1.41944870e+07 -1.30069862e+01  1.41944870e+07  1.25078289e+00 
 1.42762277e+07 -1.30695510e+01  1.42762277e+07  1.24970126e+00 
 1.43584391e+07 -1.31321981e+01  1.43584391e+07  1.24862271e+00 
 1.44411240e+07 -1.31949278e+01  1.44411240e+07  1.24754732e+00 
 1.45242850e+07 -1.32577398e+01  1.45242850e+07  1.24647521e+00 
 1.46079249e+07 -1.33206343e+01  1.46079249e+07  1.24540645e+00 
 1.46920465e+07 -1.33836112e+01  1.46920465e+07  1.24434115e+00 
 1.47766525e+07 -1.34466705e+01  1.47766525e+07  1.24327941e+00 
 1.48617457e+07 -1.35098120e+01  1.48617457e+07  1.24222131e+00 
 1.49473289e+07 -1.35730358e+01  1.49473289e+07  1.24116697e+00 
 1.50334050e+07 -1.36363418e+01  1.50334050e+07  1.24011646e+00 
 1.51199767e+07 -1.36997299e+01  1.51199767e+07  1.23906990e+00 
 1.52070470e+07 -1.37632000e+01  1.52070470e+07  1.23802738e+00 
 1.52946187e+07 -1.38267520e+01  1.52946187e+07  1.23698899e+00 
 1.53826946e+07 -1.38903858e+01  1.53826946e+07  1.23595485e+00 
 1.54712778e+07 -1.39541012e+01  1.54712778e+07  1.23492504e+00 
 1.55603711e+07 -1.40178981e+01  1.55603711e+07  1.23389966e+00 
 1.56499774e+07 -1.40817765e+01  1.56499774e+07  1.23287882e+00 
 1.57400998e+07 -1.41457360e+01  1.57400998e+07  1.23186262e+00 
 1.58307411e+07 -1.42097766e+01  1.58307411e+07  1.23085115e+00 
 1.59219044e+07 -1.42738981e+01  1.59219044e+07  1.22984452e+00 
 1.60135927e+07 -1.43381003e+01  1.60135927e+07  1.22884283e+00 
 1.61058090e+07 -1.44023829e+01  1.61058090e+07  1.22784617e+00 
 1.61985563e+07 -1.44667457e+01  1.61985563e+07  1.22685465e+00 
 1.62918377e+07 -1.45311886e+01  1.62918377e+07  1.22586837e+00 
 1.63856563e+07 -1.45957113e+01  1.63856563e+07  1.22488743e+00 
 1.64800151e+07 -1.46603135e+01  1.64800151e+07  1.22391193e+00 
 1.65749174e+07 -1.47249950e+01  1.65749174e+07  1.22294197e+00 
 1.66703661e+07 -1.47897555e+01  1.66703661e+07  1.22197766e+00 
 1.67663645e+07 -1.48545946e+01  1.67663645e+07  1.22101910e+00 
 1.68629157e+07 -1.49195122e+01  1.68629157e+07  1.22006638e+00 
 1.69600229e+07 -1.49845079e+01  1.69600229e+07  1.21911962e+00 
 1.70576893e+07 -1.50495813e+01  1.70576893e+07  1.21817890e+00 
 1.71559181e+07 -1.51147321e+01  1.71559181e+07  1.21724434e+00 
 1.72547126e+07 -1.51799600e+01  1.72547126e+07  1.21631603e+00 
 1.73540760e+07 -1.52452647e+01  1.73540760e+07  1.21539407e+00 
 1.74540117e+07 -1.53106456e+01  1.74540117e+07  1.21447857e+00 
 1.75545228e+07 -1.53761026e+01  1.75545228e+07  1.21356963e+00 
 1.76556127e+07 -1.54416350e+01  1.76556127e+07  1.21266735e+00 
 1.77572847e+07 -1.55072426e+01  1.77572847e+07  1.21177182e+00 
 1.78595423e+07 -1.55729249e+01  1.78595423e+07  1.21088316e+00 
 1.79623887e+07 -1.56386815e+01  1.79623887e+07  1.21000146e+00 
 1.80658273e+07 -1.57045119e+01  1.80658273e+07  1.20912681e+00 
 1.81698617e+07 -1.57704156e+01  1.81698617e+07  1.20825933e+00 
 1.82744951e+07 -1.58363923e+01  1.82744951e+07  1.20739910e+00 
 1.83797311e+07 -1.59024413e+01  1.83797311e+07  1.20654624e+00 
 1.84855730e+07 -1.59685622e+01  1.84855730e+07  1.20570083e+00 
 1.85920245e+07 -1.60347544e+01  1.85920245e+07  1.20486298e+00 
 1.86990890e+07 -1.61010175e+01  1.86990890e+07  1.20403278e+00 
 1.88067700e+07 -1.61673509e+01  1.88067700e+07  1.20321034e+00 
 1.89150712e+07 -1.62337541e+01  1.89150712e+07  1.20239574e+00 
 1.90239960e+07 -1.63002264e+01  1.90239960e+07  1.20158909e+00 
 1.91335480e+07 -1.63667673e+01  1.91335480e+07  1.20079049e+00 
 1.92437310e+07 -1.64333762e+01  1.92437310e+07  1.20000002e+00 
 1.93545484e+07 -1.65000526e+01  1.93545484e+07  1.19921779e+00 
 1.94660040e+07 -1.65667957e+01  1.94660040e+07  1.19844388e+00 
 1.95781014e+07 -1.66336049e+01  1.95781014e+07  1.19767840e+00 
 1.96908443e+07 -1.67004797e+01  1.96908443e+07  1.19692144e+00 
 1.98042365e+07 -1.67674193e+01  1.98042365e+07  1.19617308e+00 
 1.99182817e+07 -1.68344232e+01  1.99182817e+07  1.19543343e+00 
 2.00329836e+07 -1.69014905e+01  2.00329836e+07  1.19470257e+00 
 2.01483461e+07 -1.69686206e+01  2.01483461e+07  1.19398059e+00 
 2.02643728e+07 -1.70358129e+01  2.02643728e+07  1.19326759e+00 
 2.03810678e+07 -1.71030665e+01  2.03810678e+07  1.19256365e+00 
 2.04984347e+07 -1.71703808e+01  2.04984347e+07  1.19186887e+00 
 2.06164775e+07 -1.72377550e+01  2.06164775e+07  1.19118332e+00 
 2.07352000e+07 -1.73051884e+01  2.07352000e+07  1.19050711e+00 
 2.08546063e+07 -1.73726801e+01  2.08546063e+07  1.18984030e+00 
 2.09747001e+07 -1.74402295e+01  2.09747001e+07  1.18918300e+00 
 2.10954856e+07 -1.75078357e+01  2.10954856e+07  1.18853528e+00 
 2.12169666e+07 -1.75754979e+01  2.12169666e+07  1.18789722e+00 
 2.13391471e+07 -1.76432153e+01  2.13391471e+07  1.18726892e+00 
 2.14620313e+07 -1.77109871e+01  2.14620313e+07  1.18665044e+00 
 2.15856230e+07 -1.77788125e+01  2.15856230e+07  1.18604188e+00 
 2.17099265e+07 -1.78466905e+01  2.17099265e+07  1.18544330e+00 
 2.18349459e+07 -1.79146204e+01  2.18349459e+07  1.18485479e+00 
 2.19606851e+07 -1.79826012e+01  2.19606851e+07  1.18427644e+00 
 2.20871485e+07 -1.80506321e+01  2.20871485e+07  1.18370830e+00 
 2.22143401e+07 -1.81187122e+01  2.22143401e+07  1.18315046e+00 
 2.23422641e+07 -1.81868406e+01  2.23422641e+07  1.18260299e+00 
 2.24709249e+07 -1.82550163e+01  2.24709249e+07  1.18206596e+00 
 2.26003265e+07 -1.83232385e+01  2.26003265e+07  1.18153946e+00 
 2.27304733e+07 -1.83915061e+01  2.27304733e+07  1.18102353e+00 
 2.28613696e+07 -1.84598183e+01  2.28613696e+07  1.18051827e+00 
 2.29930196e+07 -1.85281742e+01  2.29930196e+07  1.18002372e+00 
 2.31254278e+07 -1.85965726e+01  2.31254278e+07  1.17953997e+00 
 2.32585985e+07 -1.86650127e+01  2.32585985e+07  1.17906707e+00 
 2.33925360e+07 -1.87334935e+01  2.33925360e+07  1.17860509e+00 
 2.35272449e+07 -1.88020139e+01  2.35272449e+07  1.17815409e+00 
 2.36627294e+07 -1.88705730e+01  2.36627294e+07  1.17771413e+00 
 2.37989942e+07 -1.89391697e+01  2.37989942e+07  1.17728528e+00 
 2.39360437e+07 -1.90078031e+01  2.39360437e+07  1.17686759e+00 
 2.40738824e+07 -1.90764720e+01  2.40738824e+07  1.17646111e+00 
 2.42125149e+07 -1.91451755e+01  2.42125149e+07  1.17606591e+00 
 2.43519457e+07 -1.92139125e+01  2.43519457e+07  1.17568204e+00 
 2.44921794e+07 -1.92826820e+01  2.44921794e+07  1.17530955e+00 
 2.46332206e+07 -1.93514828e+01  2.46332206e+07  1.17494849e+00 
 2.47750741e+07 -1.94203139e+01  2.47750741e+07  1.17459891e+00 
 2.49177445e+07 -1.94891742e+01  2.49177445e+07  1.17426086e+00 
 2.50612364e+07 -1.95580626e+01  2.50612364e+07  1.17393438e+00 
 2.52055547e+07 -1.96269781e+01  2.52055547e+07  1.17361953e+00 
 2.53507040e+07 -1.96959195e+01  2.53507040e+07  1.17331634e+00 
 2.54966892e+07 -1.97648857e+01  2.54966892e+07  1.17302486e+00 
 2.56435151e+07 -1.98338756e+01  2.56435151e+07  1.17274512e+00 
 2.57911865e+07 -1.99028881e+01  2.57911865e+07  1.17247716e+00 
 2.59397083e+07 -1.99719220e+01  2.59397083e+07  1.17222103e+00 
 2.60890853e+07 -2.00409762e+01  2.60890853e+07  1.17197676e+00 
 2.62393226e+07 -2.01100496e+01  2.62393226e+07  1.17174437e+00 
 2.63904250e+07 -2.01791410e+01  2.63904250e+07  1.17152390e+00 
 2.65423975e+07 -2.02482493e+01  2.65423975e+07  1.17131539e+00 
 2.66952453e+07 -2.03173732e+01  2.66952453e+07  1.17111886e+00 
 2.68489732e+07 -2.03865117e+01  2.68489732e+07  1.17093433e+00 
 2.70035863e+07 -2.04556635e+01  2.70035863e+07  1.17076183e+00 
 2.71590899e+07 -2.05248276e+01  2.71590899e+07  1.17060139e+00 
 2.73154889e+07 -2.05940026e+01  2.73154889e+07  1.17045302e+00 
 2.74727885e+07 -2.06631875e+01  2.74727885e+07  1.17031675e+00 
 2.76309940e+07 -2.07323811e+01  2.76309940e+07  1.17019259e+00 
 2.77901105e+07 -2.08015821e+01  2.77901105e+07  1.17008056e+00 
 2.79501434e+07 -2.08707894e+01  2.79501434e+07  1.16998067e+00 
 2.81110978e+07 -2.09400018e+01  2.81110978e+07  1.16989294e+00 
 2.82729790e+07 -2.10092181e+01  2.82729790e+07  1.16981737e+00 
 2.84357925e+07 -2.10784370e+01  2.84357925e+07  1.16975398e+00 
 2.85995436e+07 -2.11476574e+01  2.85995436e+07  1.16970277e+00 
 2.87642376e+07 -2.12168782e+01  2.87642376e+07  1.16966374e+00 
 2.89298801e+07 -2.12860980e+01  2.89298801e+07  1.16963691e+00 
 2.90964764e+07 -2.13553156e+01  2.90964764e+07  1.16962226e+00 
 2.92640321e+07 -2.14245300e+01  2.92640321e+07  1.16961981e+00 
 2.94325527e+07 -2.14937398e+01  2.94325527e+07  1.16962954e+00 
 2.96020437e+07 -2.15629438e+01  2.96020437e+07  1.16965145e+00 
 2.97725108e+07 -2.16321409e+01  2.97725108e+07  1.16968554e+00 
 2.99439595e+07 -2.17013299e+01  2.99439595e+07  1.16973181e+00 
 3.01163955e+07 -2.17705094e+01  3.01163955e+07  1.16979023e+00 
 3.02898246e+07 -2.18396784e+01  3.02898246e+07  1.16986079e+00 
 3.04642523e+07 -2.19088356e+01  3.04642523e+07  1.16994350e+00 
 3.06396845e+07 -2.19779798e+01  3.06396845e+07  1.17003832e+00 
 3.08161270e+07 -2.20471098e+01  3.08161270e+07  1.17014524e+00 
 3.09935855e+07 -2.21162244e+01  3.09935855e+07  1.17026424e+00 
 3.11720659e+07 -2.21853224e+01  3.11720659e+07  1.17039530e+00 
 3.13515742e+07 -2.22544027e+01  3.13515742e+07  1.17053840e+00 
 3.15321161e+07 -2.23234639e+01  3.15321161e+07  1.17069352e+00 
 3.17136977e+07 -2.23925049e+01  3.17136977e+07  1.17086062e+00 
 3.18963250e+07 -2.24615246e+01  3.18963250e+07  1.17103968e+00 
 3.20800040e+07 -2.25305217e+01  3.20800040e+07  1.17123066e+00 
 3.22647407e+07 -2.25994951e+01  3.22647407e+07  1.17143355e+00 
 3.24505413e+07 -2.26684435e+01  3.24505413e+07  1.17164829e+00 
 3.26374118e+07 -2.27373658e+01  3.26374118e+07  1.17187486e+00 
 3.28253584e+07 -2.28062609e+01  3.28253584e+07  1.17211322e+00 
 3.30143873e+07 -2.28751275e+01  3.30143873e+07  1.17236332e+00 
 3.32045048e+07 -2.29439645e+01  3.32045048e+07  1.17262514e+00 
 3.33957171e+07 -2.30127708e+01  3.33957171e+07  1.17289861e+00 
 3.35880305e+07 -2.30815452e+01  3.35880305e+07  1.17318371e+00 
 3.37814514e+07 -2.31502865e+01  3.37814514e+07  1.17348038e+00 
 3.39759861e+07 -2.32189936e+01  3.39759861e+07  1.17378858e+00 
 3.41716410e+07 -2.32876654e+01  3.41716410e+07  1.17410825e+00 
 3.43684227e+07 -2.33563008e+01  3.43684227e+07  1.17443935e+00 
 3.45663375e+07 -2.34248985e+01  3.45663375e+07  1.17478181e+00 
 3.47653921e+07 -2.34934576e+01  3.47653921e+07  1.17513559e+00 
 3.49655930e+07 -2.35619769e+01  3.49655930e+07  1.17550063e+00 
 3.51669467e+07 -2.36304553e+01  3.51669467e+07  1.17587687e+00 
 3.53694600e+07 -2.36988917e+01  3.53694600e+07  1.17626425e+00 
 3.55731394e+07 -2.37672851e+01  3.55731394e+07  1.17666270e+00 
 3.57779918e+07 -2.38356343e+01  3.57779918e+07  1.17707218e+00 
 3.59840238e+07 -2.39039383e+01  3.59840238e+07  1.17749260e+00 
 3.61912423e+07 -2.39721960e+01  3.61912423e+07  1.17792390e+00 
 3.63996541e+07 -2.40404064e+01  3.63996541e+07  1.17836602e+00 
 3.66092661e+07 -2.41085684e+01  3.66092661e+07  1.17881888e+00 
 3.68200851e+07 -2.41766811e+01  3.68200851e+07  1.17928242e+00 
 3.70321182e+07 -2.42447433e+01  3.70321182e+07  1.17975656e+00 
 3.72453723e+07 -2.43127541e+01  3.72453723e+07  1.18024123e+00 
 3.74598544e+07 -2.43807125e+01  3.74598544e+07  1.18073635e+00 
 3.76755716e+07 -2.44486175e+01  3.76755716e+07  1.18124185e+00 
 3.78925311e+07 -2.45164680e+01  3.78925311e+07  1.18175764e+00 
 3.81107400e+07 -2.45842632e+01  3.81107400e+07  1.18228365e+00 
 3.83302055e+07 -2.46520020e+01  3.83302055e+07  1.18281979e+00 
 3.85509347e+07 -2.47196835e+01  3.85509347e+07  1.18336599e+00 
 3.87729351e+07 -2.47873068e+01  3.87729351e+07  1.18392215e+00 
 3.89962139e+07 -2.48548710e+01  3.89962139e+07  1.18448820e+00 
 3.92207785e+07 -2.49223750e+01  3.92207785e+07  1.18506405e+00 
 3.94466362e+07 -2.49898181e+01  3.94466362e+07  1.18564961e+00 
 3.96737946e+07 -2.50571993e+01  3.96737946e+07  1.18624479e+00 
 3.99022611e+07 -2.51245177e+01  3.99022611e+07  1.18684949e+00 
 4.01320433e+07 -2.51917725e+01  4.01320433e+07  1.18746364e+00 
 4.03631487e+07 -2.52589628e+01  4.03631487e+07  1.18808713e+00 
 4.05955849e+07 -2.53260877e+01  4.05955849e+07  1.18871988e+00 
 4.08293596e+07 -2.53931465e+01  4.08293596e+07  1.18936179e+00 
 4.10644806e+07 -2.54601383e+01  4.10644806e+07  1.19001275e+00 
 4.13009556e+07 -2.55270623e+01  4.13009556e+07  1.19067269e+00 
 4.15387923e+07 -2.55939177e+01  4.15387923e+07  1.19134149e+00 
 4.17779986e+07 -2.56607036e+01  4.17779986e+07  1.19201906e+00 
 4.20185824e+07 -2.57274195e+01  4.20185824e+07  1.19270529e+00 
 4.22605517e+07 -2.57940644e+01  4.22605517e+07  1.19340010e+00 
 4.25039143e+07 -2.58606377e+01  4.25039143e+07  1.19410337e+00 
 4.27486784e+07 -2.59271386e+01  4.27486784e+07  1.19481501e+00 
 4.29948521e+07 -2.59935663e+01  4.29948521e+07  1.19553491e+00 
 4.32424433e+07 -2.60599203e+01  4.32424433e+07  1.19626296e+00 
 4.34914603e+07 -2.61261997e+01  4.34914603e+07  1.19699907e+00 
 4.37419113e+07 -2.61924040e+01  4.37419113e+07  1.19774312e+00 
 4.39938046e+07 -2.62585325e+01  4.39938046e+07  1.19849501e+00 
 4.42471484e+07 -2.63245844e+01  4.42471484e+07  1.19925464e+00 
 4.45019511e+07 -2.63905592e+01  4.45019511e+07  1.20002188e+00 
 4.47582212e+07 -2.64564563e+01  4.47582212e+07  1.20079665e+00 
 4.50159670e+07 -2.65222750e+01  4.50159670e+07  1.20157882e+00 
 4.52751970e+07 -2.65880148e+01  4.52751970e+07  1.20236828e+00 
 4.55359199e+07 -2.66536750e+01  4.55359199e+07  1.20316494e+00 
 4.57981442e+07 -2.67192552e+01  4.57981442e+07  1.20396866e+00 
 4.60618785e+07 -2.67847547e+01  4.60618785e+07  1.20477936e+00 
 4.63271316e+07 -2.68501730e+01  4.63271316e+07  1.20559690e+00 
 4.65939122e+07 -2.69155096e+01  4.65939122e+07  1.20642119e+00 
 4.68622291e+07 -2.69807640e+01  4.68622291e+07  1.20725210e+00 
 4.71320911e+07 -2.70459356e+01  4.71320911e+07  1.20808953e+00 
 4.74035071e+07 -2.71110241e+01  4.74035071e+07  1.20893336e+00 
 4.76764861e+07 -2.71760289e+01  4.76764861e+07  1.20978348e+00 
 4.79510371e+07 -2.72409496e+01  4.79510371e+07  1.21063977e+00 
 4.82271692e+07 -2.73057857e+01  4.82271692e+07  1.21150212e+00 
 4.85048914e+07 -2.73705369e+01  4.85048914e+07  1.21237041e+00 
 4.87842128e+07 -2.74352026e+01  4.87842128e+07  1.21324454e+00 
 4.90651428e+07 -2.74997826e+01  4.90651428e+07  1.21412438e+00 
 4.93476906e+07 -2.75642764e+01  4.93476906e+07  1.21500982e+00 
 4.96318654e+07 -2.76286836e+01  4.96318654e+07  1.21590075e+00 
 4.99176767e+07 -2.76930039e+01  4.99176767e+07  1.21679704e+00 
 5.02051339e+07 -2.77572370e+01  5.02051339e+07  1.21769859e+00 
 5.04942464e+07 -2.78213826e+01  5.04942464e+07  1.21860528e+00 
 5.07850239e+07 -2.78854402e+01  5.07850239e+07  1.21951700e+00 
 5.10774758e+07 -2.79494097e+01  5.10774758e+07  1.22043362e+00 
 5.13716118e+07 -2.80132907e+01  5.13716118e+07  1.22135503e+00 
 5.16674416e+07 -2.80770829e+01  5.16674416e+07  1.22228113e+00 
 5.19649751e+07 -2.81407862e+01  5.19649751e+07  1.22321178e+00 
 5.22642219e+07 -2.82044002e+01  5.22642219e+07  1.22414689e+00 
 5.25651919e+07 -2.82679247e+01  5.25651919e+07  1.22508632e+00 
 5.28678951e+07 -2.83313595e+01  5.28678951e+07  1.22602998e+00 
 5.31723415e+07 -2.83947044e+01  5.31723415e+07  1.22697774e+00 
 5.34785411e+07 -2.84579591e+01  5.34785411e+07  1.22792948e+00 
 5.37865040e+07 -2.85211236e+01  5.37865040e+07  1.22888510e+00 
 5.40962403e+07 -2.85841977e+01  5.40962403e+07  1.22984449e+00 
 5.44077602e+07 -2.86471811e+01  5.44077602e+07  1.23080752e+00 
 5.47210741e+07 -2.87100737e+01  5.47210741e+07  1.23177408e+00 
 5.50361923e+07 -2.87728755e+01  5.50361923e+07  1.23274406e+00 
 5.53531250e+07 -2.88355862e+01  5.53531250e+07  1.23371736e+00 
 5.56718829e+07 -2.88982059e+01  5.56718829e+07  1.23469385e+00 
 5.59924764e+07 -2.89607343e+01  5.59924764e+07  1.23567342e+00 
 5.63149161e+07 -2.90231714e+01  5.63149161e+07  1.23665597e+00 
 5.66392126e+07 -2.90855171e+01  5.66392126e+07  1.23764138e+00 
 5.69653766e+07 -2.91477715e+01  5.69653766e+07  1.23862954e+00 
 5.72934188e+07 -2.92099343e+01  5.72934188e+07  1.23962035e+00 
 5.76233501e+07 -2.92720057e+01  5.76233501e+07  1.24061368e+00 
 5.79551814e+07 -2.93339854e+01  5.79551814e+07  1.24160944e+00 
 5.82889235e+07 -2.93958737e+01  5.82889235e+07  1.24260752e+00 
 5.86245876e+07 -2.94576704e+01  5.86245876e+07  1.24360780e+00 
 5.89621846e+07 -2.95193755e+01  5.89621846e+07  1.24461018e+00 
 5.93017257e+07 -2.95809891e+01  5.93017257e+07  1.24561455e+00 
 5.96432221e+07 -2.96425112e+01  5.96432221e+07  1.24662081e+00 
 5.99866850e+07 -2.97039418e+01  5.99866850e+07  1.24762885e+00 
 6.03321259e+07 -2.97652810e+01  6.03321259e+07  1.24863856e+00 
 6.06795560e+07 -2.98265289e+01  6.06795560e+07  1.24964985e+00 
 6.10289868e+07 -2.98876854e+01  6.10289868e+07  1.25066260e+00 
 6.13804298e+07 -2.99487508e+01  6.13804298e+07  1.25167672e+00 
 6.17338967e+07 -3.00097250e+01  6.17338967e+07  1.25269210e+00 
 6.20893990e+07 -3.00706082e+01  6.20893990e+07  1.25370865e+00 
 6.24469486e+07 -3.01314004e+01  6.24469486e+07  1.25472625e+00 
 6.28065572e+07 -3.01921019e+01  6.28065572e+07  1.25574481e+00 
 6.31682366e+07 -3.02527126e+01  6.31682366e+07  1.25676424e+00 
 6.35319988e+07 -3.03132328e+01  6.35319988e+07  1.25778442e+00 
 6.38978557e+07 -3.03736626e+01  6.38978557e+07  1.25880527e+00 
 6.42658195e+07 -3.04340021e+01  6.42658195e+07  1.25982668e+00 
 6.46359022e+07 -3.04942515e+01  6.46359022e+07  1.26084857e+00 
 6.50081162e+07 -3.05544110e+01  6.50081162e+07  1.26187083e+00 
 6.53824735e+07 -3.06144807e+01  6.53824735e+07  1.26289337e+00 
 6.57589867e+07 -3.06744608e+01  6.57589867e+07  1.26391610e+00 
 6.61376680e+07 -3.07343514e+01  6.61376680e+07  1.26493892e+00 
 6.65185300e+07 -3.07941529e+01  6.65185300e+07  1.26596174e+00 
 6.69015853e+07 -3.08538654e+01  6.69015853e+07  1.26698447e+00 
 6.72868464e+07 -3.09134890e+01  6.72868464e+07  1.26800702e+00 
 6.76743262e+07 -3.09730241e+01  6.76743262e+07  1.26902930e+00 
 6.80640372e+07 -3.10324708e+01  6.80640372e+07  1.27005121e+00 
 6.84559925e+07 -3.10918294e+01  6.84559925e+07  1.27107268e+00 
 6.88502049e+07 -3.11511001e+01  6.88502049e+07  1.27209362e+00 
 6.92466874e+07 -3.12102831e+01  6.92466874e+07  1.27311393e+00 
 6.96454531e+07 -3.12693787e+01  6.96454531e+07  1.27413353e+00 
 7.00465151e+07 -3.13283871e+01  7.00465151e+07  1.27515235e+00 
 7.04498867e+07 -3.13873086e+01  7.04498867e+07  1.27617028e+00 
 7.08555812e+07 -3.14461435e+01  7.08555812e+07  1.27718726e+00 
 7.12636119e+07 -3.15048920e+01  7.12636119e+07  1.27820320e+00 
 7.16739924e+07 -3.15635544e+01  7.16739924e+07  1.27921801e+00 
 7.20867360e+07 -3.16221310e+01  7.20867360e+07  1.28023163e+00 
 7.25018565e+07 -3.16806220e+01  7.25018565e+07  1.28124396e+00 
 7.29193675e+07 -3.17390278e+01  7.29193675e+07  1.28225493e+00 
 7.33392828e+07 -3.17973486e+01  7.33392828e+07  1.28326446e+00 
 7.37616162e+07 -3.18555847e+01  7.37616162e+07  1.28427249e+00 
 7.41863817e+07 -3.19137364e+01  7.41863817e+07  1.28527892e+00 
 7.46135932e+07 -3.19718041e+01  7.46135932e+07  1.28628368e+00 
 7.50432649e+07 -3.20297880e+01  7.50432649e+07  1.28728671e+00 
 7.54754109e+07 -3.20876885e+01  7.54754109e+07  1.28828793e+00 
 7.59100455e+07 -3.21455058e+01  7.59100455e+07  1.28928726e+00 
 7.63471830e+07 -3.22032403e+01  7.63471830e+07  1.29028464e+00 
 7.67868378e+07 -3.22608923e+01  7.67868378e+07  1.29127999e+00 
 7.72290244e+07 -3.23184621e+01  7.72290244e+07  1.29227324e+00 
 7.76737574e+07 -3.23759501e+01  7.76737574e+07  1.29326434e+00 
 7.81210514e+07 -3.24333565e+01  7.81210514e+07  1.29425320e+00 
 7.85709213e+07 -3.24906817e+01  7.85709213e+07  1.29523976e+00 
 7.90233817e+07 -3.25479261e+01  7.90233817e+07  1.29622396e+00 
 7.94784478e+07 -3.26050899e+01  7.94784478e+07  1.29720572e+00 
 7.99361343e+07 -3.26621735e+01  7.99361343e+07  1.29818500e+00 
 8.03964565e+07 -3.27191773e+01  8.03964565e+07  1.29916171e+00 
 8.08594296e+07 -3.27761015e+01  8.08594296e+07  1.30013580e+00 
 8.13250687e+07 -3.28329465e+01  8.13250687e+07  1.30110722e+00 
 8.17933893e+07 -3.28897128e+01  8.17933893e+07  1.30207589e+00 
 8.22644067e+07 -3.29464005e+01  8.22644067e+07  1.30304175e+00 
 8.27381366e+07 -3.30030100e+01  8.27381366e+07  1.30400476e+00 
 8.32145945e+07 -3.30595418e+01  8.32145945e+07  1.30496484e+00 
 8.36937961e+07 -3.31159961e+01  8.36937961e+07  1.30592195e+00 
 8.41757573e+07 -3.31723733e+01  8.41757573e+07  1.30687602e+00 
 8.46604939e+07 -3.32286738e+01  8.46604939e+07  1.30782699e+00 
 8.51480220e+07 -3.32848978e+01  8.51480220e+07  1.30877483e+00 
 8.56383575e+07 -3.33410458e+01  8.56383575e+07  1.30971946e+00 
 8.61315167e+07 -3.33971180e+01  8.61315167e+07  1.31066084e+00 
 8.66275158e+07 -3.34531149e+01  8.66275158e+07  1.31159891e+00 
 8.71263712e+07 -3.35090368e+01  8.71263712e+07  1.31253362e+00 
 8.76280993e+07 -3.35648840e+01  8.76280993e+07  1.31346492e+00 
 8.81327166e+07 -3.36206568e+01  8.81327166e+07  1.31439276e+00 
 8.86402399e+07 -3.36763558e+01  8.86402399e+07  1.31531709e+00 
 8.91506858e+07 -3.37319810e+01  8.91506858e+07  1.31623786e+00 
 8.96640711e+07 -3.37875331e+01  8.96640711e+07  1.31715502e+00 
 9.01804129e+07 -3.38430121e+01  9.01804129e+07  1.31806853e+00 
 9.06997281e+07 -3.38984187e+01  9.06997281e+07  1.31897834e+00 
 9.12220338e+07 -3.39537529e+01  9.12220338e+07  1.31988440e+00 
 9.17473473e+07 -3.40090153e+01  9.17473473e+07  1.32078666e+00 
 9.22756858e+07 -3.40642061e+01  9.22756858e+07  1.32168509e+00 
 9.28070669e+07 -3.41193258e+01  9.28070669e+07  1.32257964e+00 
 9.33415080e+07 -3.41743745e+01  9.33415080e+07  1.32347026e+00 
 9.38790267e+07 -3.42293527e+01  9.38790267e+07  1.32435691e+00 
 9.44196408e+07 -3.42842608e+01  9.44196408e+07  1.32523956e+00 
 9.49633681e+07 -3.43390990e+01  9.49633681e+07  1.32611815e+00 
 9.55102266e+07 -3.43938676e+01  9.55102266e+07  1.32699265e+00 
 9.60602341e+07 -3.44485671e+01  9.60602341e+07  1.32786302e+00 
 9.66134090e+07 -3.45031978e+01  9.66134090e+07  1.32872922e+00 
 9.71697694e+07 -3.45577599e+01  9.71697694e+07  1.32959121e+00 
 9.77293337e+07 -3.46122538e+01  9.77293337e+07  1.33044895e+00 
 9.82921202e+07 -3.46666798e+01  9.82921202e+07  1.33130241e+00 
 9.88581477e+07 -3.47210383e+01  9.88581477e+07  1.33215155e+00 
 9.94274347e+07 -3.47753296e+01  9.94274347e+07  1.33299632e+00 
 1.00000000e+08 -3.48295539e+01  1.00000000e+08  1.33383671e+00 
 1.00575862e+08 -3.48837117e+01  1.00575862e+08  1.33467266e+00 
 1.01155041e+08 -3.49378032e+01  1.01155041e+08  1.33550415e+00 
 1.01737555e+08 -3.49918287e+01  1.01737555e+08  1.33633114e+00 
 1.02323424e+08 -3.50457885e+01  1.02323424e+08  1.33715360e+00 
 1.02912666e+08 -3.50996831e+01  1.02912666e+08  1.33797149e+00 
 1.03505301e+08 -3.51535125e+01  1.03505301e+08  1.33878479e+00 
 1.04101349e+08 -3.52072772e+01  1.04101349e+08  1.33959346e+00 
 1.04700830e+08 -3.52609775e+01  1.04700830e+08  1.34039747e+00 
 1.05303763e+08 -3.53146136e+01  1.05303763e+08  1.34119679e+00 
 1.05910168e+08 -3.53681859e+01  1.05910168e+08  1.34199138e+00 
 1.06520065e+08 -3.54216946e+01  1.06520065e+08  1.34278122e+00 
 1.07133474e+08 -3.54751400e+01  1.07133474e+08  1.34356628e+00 
 1.07750415e+08 -3.55285224e+01  1.07750415e+08  1.34434653e+00 
 1.08370910e+08 -3.55818421e+01  1.08370910e+08  1.34512194e+00 
 1.08994977e+08 -3.56350993e+01  1.08994977e+08  1.34589248e+00 
 1.09622638e+08 -3.56882944e+01  1.09622638e+08  1.34665813e+00 
 1.10253914e+08 -3.57414276e+01  1.10253914e+08  1.34741885e+00 
 1.10888825e+08 -3.57944991e+01  1.10888825e+08  1.34817462e+00 
 1.11527392e+08 -3.58475093e+01  1.11527392e+08  1.34892541e+00 
 1.12169636e+08 -3.59004584e+01  1.12169636e+08  1.34967120e+00 
 1.12815579e+08 -3.59533467e+01  1.12815579e+08  1.35041197e+00 
 1.13465242e+08 -3.60061743e+01  1.13465242e+08  1.35114767e+00 
 1.14118646e+08 -3.60589416e+01  1.14118646e+08  1.35187830e+00 
 1.14775812e+08 -3.61116489e+01  1.14775812e+08  1.35260382e+00 
 1.15436763e+08 -3.61642963e+01  1.15436763e+08  1.35332421e+00 
 1.16101520e+08 -3.62168840e+01  1.16101520e+08  1.35403945e+00 
 1.16770105e+08 -3.62694124e+01  1.16770105e+08  1.35474951e+00 
 1.17442540e+08 -3.63218817e+01  1.17442540e+08  1.35545437e+00 
 1.18118848e+08 -3.63742920e+01  1.18118848e+08  1.35615401e+00 
 1.18799050e+08 -3.64266437e+01  1.18799050e+08  1.35684840e+00 
 1.19483169e+08 -3.64789369e+01  1.19483169e+08  1.35753752e+00 
 1.20171228e+08 -3.65311719e+01  1.20171228e+08  1.35822135e+00 
 1.20863249e+08 -3.65833488e+01  1.20863249e+08  1.35889986e+00 
 1.21559255e+08 -3.66354679e+01  1.21559255e+08  1.35957304e+00 
 1.22259269e+08 -3.66875294e+01  1.22259269e+08  1.36024085e+00 
 1.22963314e+08 -3.67395335e+01  1.22963314e+08  1.36090329e+00 
 1.23671414e+08 -3.67914804e+01  1.23671414e+08  1.36156033e+00 
 1.24383591e+08 -3.68433703e+01  1.24383591e+08  1.36221195e+00 
 1.25099870e+08 -3.68952033e+01  1.25099870e+08  1.36285812e+00 
 1.25820273e+08 -3.69469797e+01  1.25820273e+08  1.36349883e+00 
 1.26544825e+08 -3.69986997e+01  1.26544825e+08  1.36413406e+00 
 1.27273549e+08 -3.70503633e+01  1.27273549e+08  1.36476379e+00 
 1.28006470e+08 -3.71019709e+01  1.28006470e+08  1.36538799e+00 
 1.28743611e+08 -3.71535226e+01  1.28743611e+08  1.36600665e+00 
 1.29484997e+08 -3.72050185e+01  1.29484997e+08  1.36661974e+00 
 1.30230653e+08 -3.72564588e+01  1.30230653e+08  1.36722725e+00 
 1.30980602e+08 -3.73078437e+01  1.30980602e+08  1.36782916e+00 
 1.31734870e+08 -3.73591732e+01  1.31734870e+08  1.36842545e+00 
 1.32493482e+08 -3.74104477e+01  1.32493482e+08  1.36901610e+00 
 1.33256462e+08 -3.74616672e+01  1.33256462e+08  1.36960108e+00 
 1.34023836e+08 -3.75128318e+01  1.34023836e+08  1.37018039e+00 
 1.34795629e+08 -3.75639418e+01  1.34795629e+08  1.37075401e+00 
 1.35571867e+08 -3.76149971e+01  1.35571867e+08  1.37132190e+00 
 1.36352574e+08 -3.76659981e+01  1.36352574e+08  1.37188406e+00 
 1.37137778e+08 -3.77169447e+01  1.37137778e+08  1.37244047e+00 
 1.37927503e+08 -3.77678372e+01  1.37927503e+08  1.37299110e+00 
 1.38721775e+08 -3.78186756e+01  1.38721775e+08  1.37353594e+00 
 1.39520622e+08 -3.78694600e+01  1.39520622e+08  1.37407498e+00 
 1.40324069e+08 -3.79201907e+01  1.40324069e+08  1.37460819e+00 
 1.41132143e+08 -3.79708675e+01  1.41132143e+08  1.37513555e+00 
 1.41944870e+08 -3.80214908e+01  1.41944870e+08  1.37565704e+00 
 1.42762277e+08 -3.80720605e+01  1.42762277e+08  1.37617266e+00 
 1.43584391e+08 -3.81225768e+01  1.43584391e+08  1.37668237e+00 
 1.44411240e+08 -3.81730398e+01  1.44411240e+08  1.37718616e+00 
 1.45242850e+08 -3.82234495e+01  1.45242850e+08  1.37768402e+00 
 1.46079249e+08 -3.82738060e+01  1.46079249e+08  1.37817592e+00 
 1.46920465e+08 -3.83241095e+01  1.46920465e+08  1.37866184e+00 
 1.47766525e+08 -3.83743599e+01  1.47766525e+08  1.37914177e+00 
 1.48617457e+08 -3.84245574e+01  1.48617457e+08  1.37961569e+00 
 1.49473289e+08 -3.84747020e+01  1.49473289e+08  1.38008358e+00 
 1.50334050e+08 -3.85247937e+01  1.50334050e+08  1.38054542e+00 
 1.51199767e+08 -3.85748327e+01  1.51199767e+08  1.38100120e+00 
 1.52070470e+08 -3.86248190e+01  1.52070470e+08  1.38145089e+00 
 1.52946187e+08 -3.86747527e+01  1.52946187e+08  1.38189447e+00 
 1.53826946e+08 -3.87246337e+01  1.53826946e+08  1.38233194e+00 
 1.54712778e+08 -3.87744622e+01  1.54712778e+08  1.38276325e+00 
 1.55603711e+08 -3.88242381e+01  1.55603711e+08  1.38318841e+00 
 1.56499774e+08 -3.88739616e+01  1.56499774e+08  1.38360739e+00 
 1.57400998e+08 -3.89236325e+01  1.57400998e+08  1.38402017e+00 
 1.58307411e+08 -3.89732511e+01  1.58307411e+08  1.38442673e+00 
 1.59219044e+08 -3.90228172e+01  1.59219044e+08  1.38482705e+00 
 1.60135927e+08 -3.90723310e+01  1.60135927e+08  1.38522112e+00 
 1.61058090e+08 -3.91217923e+01  1.61058090e+08  1.38560891e+00 
 1.61985563e+08 -3.91712013e+01  1.61985563e+08  1.38599040e+00 
 1.62918377e+08 -3.92205579e+01  1.62918377e+08  1.38636557e+00 
 1.63856563e+08 -3.92698622e+01  1.63856563e+08  1.38673441e+00 
 1.64800151e+08 -3.93191141e+01  1.64800151e+08  1.38709689e+00 
 1.65749174e+08 -3.93683136e+01  1.65749174e+08  1.38745299e+00 
 1.66703661e+08 -3.94174608e+01  1.66703661e+08  1.38780269e+00 
 1.67663645e+08 -3.94665556e+01  1.67663645e+08  1.38814598e+00 
 1.68629157e+08 -3.95155980e+01  1.68629157e+08  1.38848282e+00 
 1.69600229e+08 -3.95645880e+01  1.69600229e+08  1.38881320e+00 
 1.70576893e+08 -3.96135256e+01  1.70576893e+08  1.38913710e+00 
 1.71559181e+08 -3.96624107e+01  1.71559181e+08  1.38945450e+00 
 1.72547126e+08 -3.97112433e+01  1.72547126e+08  1.38976537e+00 
 1.73540760e+08 -3.97600233e+01  1.73540760e+08  1.39006969e+00 
 1.74540117e+08 -3.98087508e+01  1.74540117e+08  1.39036745e+00 
 1.75545228e+08 -3.98574257e+01  1.75545228e+08  1.39065861e+00 
 1.76556127e+08 -3.99060480e+01  1.76556127e+08  1.39094315e+00 
 1.77572847e+08 -3.99546175e+01  1.77572847e+08  1.39122106e+00 
 1.78595423e+08 -4.00031344e+01  1.78595423e+08  1.39149231e+00 
 1.79623887e+08 -4.00515984e+01  1.79623887e+08  1.39175688e+00 
 1.80658273e+08 -4.01000095e+01  1.80658273e+08  1.39201473e+00 
 1.81698617e+08 -4.01483677e+01  1.81698617e+08  1.39226586e+00 
 1.82744951e+08 -4.01966730e+01  1.82744951e+08  1.39251023e+00 
 1.83797311e+08 -4.02449251e+01  1.83797311e+08  1.39274782e+00 
 1.84855730e+08 -4.02931242e+01  1.84855730e+08  1.39297861e+00 
 1.85920245e+08 -4.03412700e+01  1.85920245e+08  1.39320257e+00 
 1.86990890e+08 -4.03893626e+01  1.86990890e+08  1.39341967e+00 
 1.88067700e+08 -4.04374018e+01  1.88067700e+08  1.39362990e+00 
 1.89150712e+08 -4.04853876e+01  1.89150712e+08  1.39383322e+00 
 1.90239960e+08 -4.05333198e+01  1.90239960e+08  1.39402961e+00 
 1.91335480e+08 -4.05811984e+01  1.91335480e+08  1.39421905e+00 
 1.92437310e+08 -4.06290232e+01  1.92437310e+08  1.39440150e+00 
 1.93545484e+08 -4.06767943e+01  1.93545484e+08  1.39457694e+00 
 1.94660040e+08 -4.07245114e+01  1.94660040e+08  1.39474534e+00 
 1.95781014e+08 -4.07721746e+01  1.95781014e+08  1.39490668e+00 
 1.96908443e+08 -4.08197835e+01  1.96908443e+08  1.39506092e+00 
 1.98042365e+08 -4.08673383e+01  1.98042365e+08  1.39520805e+00 
 1.99182817e+08 -4.09148387e+01  1.99182817e+08  1.39534802e+00 
 2.00329836e+08 -4.09622846e+01  2.00329836e+08  1.39548082e+00 
 2.01483461e+08 -4.10096760e+01  2.01483461e+08  1.39560641e+00 
 2.02643728e+08 -4.10570126e+01  2.02643728e+08  1.39572477e+00 
 2.03810678e+08 -4.11042945e+01  2.03810678e+08  1.39583586e+00 
 2.04984347e+08 -4.11515213e+01  2.04984347e+08  1.39593966e+00 
 2.06164775e+08 -4.11986931e+01  2.06164775e+08  1.39603612e+00 
 2.07352000e+08 -4.12458097e+01  2.07352000e+08  1.39612524e+00 
 2.08546063e+08 -4.12928709e+01  2.08546063e+08  1.39620696e+00 
 2.09747001e+08 -4.13398766e+01  2.09747001e+08  1.39628127e+00 
 2.10954856e+08 -4.13868267e+01  2.10954856e+08  1.39634813e+00 
 2.12169666e+08 -4.14337211e+01  2.12169666e+08  1.39640750e+00 
 2.13391471e+08 -4.14805595e+01  2.13391471e+08  1.39645936e+00 
 2.14620313e+08 -4.15273419e+01  2.14620313e+08  1.39650367e+00 
 2.15856230e+08 -4.15740681e+01  2.15856230e+08  1.39654040e+00 
 2.17099265e+08 -4.16207379e+01  2.17099265e+08  1.39656952e+00 
 2.18349459e+08 -4.16673511e+01  2.18349459e+08  1.39659099e+00 
 2.19606851e+08 -4.17139078e+01  2.19606851e+08  1.39660477e+00 
 2.20871485e+08 -4.17604076e+01  2.20871485e+08  1.39661084e+00 
 2.22143401e+08 -4.18068504e+01  2.22143401e+08  1.39660916e+00 
 2.23422641e+08 -4.18532360e+01  2.23422641e+08  1.39659969e+00 
 2.24709249e+08 -4.18995643e+01  2.24709249e+08  1.39658240e+00 
 2.26003265e+08 -4.19458352e+01  2.26003265e+08  1.39655725e+00 
 2.27304733e+08 -4.19920484e+01  2.27304733e+08  1.39652421e+00 
 2.28613696e+08 -4.20382038e+01  2.28613696e+08  1.39648324e+00 
 2.29930196e+08 -4.20843011e+01  2.29930196e+08  1.39643429e+00 
 2.31254278e+08 -4.21303404e+01  2.31254278e+08  1.39637734e+00 
 2.32585985e+08 -4.21763212e+01  2.32585985e+08  1.39631235e+00 
 2.33925360e+08 -4.22222436e+01  2.33925360e+08  1.39623928e+00 
 2.35272449e+08 -4.22681072e+01  2.35272449e+08  1.39615808e+00 
 2.36627294e+08 -4.23139120e+01  2.36627294e+08  1.39606873e+00 
 2.37989942e+08 -4.23596576e+01  2.37989942e+08  1.39597118e+00 
 2.39360437e+08 -4.24053441e+01  2.39360437e+08  1.39586538e+00 
 2.40738824e+08 -4.24509711e+01  2.40738824e+08  1.39575132e+00 
 2.42125149e+08 -4.24965384e+01  2.42125149e+08  1.39562893e+00 
 2.43519457e+08 -4.25420460e+01  2.43519457e+08  1.39549818e+00 
 2.44921794e+08 -4.25874935e+01  2.44921794e+08  1.39535903e+00 
 2.46332206e+08 -4.26328809e+01  2.46332206e+08  1.39521144e+00 
 2.47750741e+08 -4.26782079e+01  2.47750741e+08  1.39505537e+00 
 2.49177445e+08 -4.27234742e+01  2.49177445e+08  1.39489077e+00 
 2.50612364e+08 -4.27686798e+01  2.50612364e+08  1.39471760e+00 
 2.52055547e+08 -4.28138245e+01  2.52055547e+08  1.39453582e+00 
 2.53507040e+08 -4.28589079e+01  2.53507040e+08  1.39434538e+00 
 2.54966892e+08 -4.29039300e+01  2.54966892e+08  1.39414625e+00 
 2.56435151e+08 -4.29488905e+01  2.56435151e+08  1.39393837e+00 
 2.57911865e+08 -4.29937892e+01  2.57911865e+08  1.39372171e+00 
 2.59397083e+08 -4.30386260e+01  2.59397083e+08  1.39349621e+00 
 2.60890853e+08 -4.30834006e+01  2.60890853e+08  1.39326184e+00 
 2.62393226e+08 -4.31281128e+01  2.62393226e+08  1.39301855e+00 
 2.63904250e+08 -4.31727624e+01  2.63904250e+08  1.39276629e+00 
 2.65423975e+08 -4.32173493e+01  2.65423975e+08  1.39250501e+00 
 2.66952453e+08 -4.32618732e+01  2.66952453e+08  1.39223468e+00 
 2.68489732e+08 -4.33063338e+01  2.68489732e+08  1.39195524e+00 
 2.70035863e+08 -4.33507311e+01  2.70035863e+08  1.39166664e+00 
 2.71590899e+08 -4.33950648e+01  2.71590899e+08  1.39136884e+00 
 2.73154889e+08 -4.34393346e+01  2.73154889e+08  1.39106180e+00 
 2.74727885e+08 -4.34835405e+01  2.74727885e+08  1.39074546e+00 
 2.76309940e+08 -4.35276821e+01  2.76309940e+08  1.39041977e+00 
 2.77901105e+08 -4.35717593e+01  2.77901105e+08  1.39008469e+00 
 2.79501434e+08 -4.36157718e+01  2.79501434e+08  1.38974017e+00 
 2.81110978e+08 -4.36597195e+01  2.81110978e+08  1.38938615e+00 
 2.82729790e+08 -4.37036021e+01  2.82729790e+08  1.38902260e+00 
 2.84357925e+08 -4.37474195e+01  2.84357925e+08  1.38864945e+00 
 2.85995436e+08 -4.37911714e+01  2.85995436e+08  1.38826666e+00 
 2.87642376e+08 -4.38348576e+01  2.87642376e+08  1.38787419e+00 
 2.89298801e+08 -4.38784780e+01  2.89298801e+08  1.38747197e+00 
 2.90964764e+08 -4.39220322e+01  2.90964764e+08  1.38705996e+00 
 2.92640321e+08 -4.39655202e+01  2.92640321e+08  1.38663811e+00 
 2.94325527e+08 -4.40089416e+01  2.94325527e+08  1.38620636e+00 
 2.96020437e+08 -4.40522964e+01  2.96020437e+08  1.38576467e+00 
 2.97725108e+08 -4.40955842e+01  2.97725108e+08  1.38531298e+00 
 2.99439595e+08 -4.41388049e+01  2.99439595e+08  1.38485124e+00 
 3.01163955e+08 -4.41819582e+01  3.01163955e+08  1.38437940e+00 
 3.02898246e+08 -4.42250441e+01  3.02898246e+08  1.38389740e+00 
 3.04642523e+08 -4.42680622e+01  3.04642523e+08  1.38340520e+00 
 3.06396845e+08 -4.43110123e+01  3.06396845e+08  1.38290275e+00 
 3.08161270e+08 -4.43538943e+01  3.08161270e+08  1.38238998e+00 
 3.09935855e+08 -4.43967080e+01  3.09935855e+08  1.38186684e+00 
 3.11720659e+08 -4.44394531e+01  3.11720659e+08  1.38133329e+00 
 3.13515742e+08 -4.44821295e+01  3.13515742e+08  1.38078927e+00 
 3.15321161e+08 -4.45247369e+01  3.15321161e+08  1.38023473e+00 
 3.17136977e+08 -4.45672751e+01  3.17136977e+08  1.37966960e+00 
 3.18963250e+08 -4.46097441e+01  3.18963250e+08  1.37909385e+00 
 3.20800040e+08 -4.46521435e+01  3.20800040e+08  1.37850741e+00 
 3.22647407e+08 -4.46944731e+01  3.22647407e+08  1.37791023e+00 
 3.24505413e+08 -4.47367328e+01  3.24505413e+08  1.37730226e+00 
 3.26374118e+08 -4.47789224e+01  3.26374118e+08  1.37668344e+00 
 3.28253584e+08 -4.48210417e+01  3.28253584e+08  1.37605372e+00 
 3.30143873e+08 -4.48630905e+01  3.30143873e+08  1.37541305e+00 
 3.32045048e+08 -4.49050686e+01  3.32045048e+08  1.37476137e+00 
 3.33957171e+08 -4.49469758e+01  3.33957171e+08  1.37409862e+00 
 3.35880305e+08 -4.49888119e+01  3.35880305e+08  1.37342476e+00 
 3.37814514e+08 -4.50305767e+01  3.37814514e+08  1.37273972e+00 
 3.39759861e+08 -4.50722701e+01  3.39759861e+08  1.37204346e+00 
 3.41716410e+08 -4.51138919e+01  3.41716410e+08  1.37133592e+00 
 3.43684227e+08 -4.51554418e+01  3.43684227e+08  1.37061705e+00 
 3.45663375e+08 -4.51969198e+01  3.45663375e+08  1.36988679e+00 
 3.47653921e+08 -4.52383256e+01  3.47653921e+08  1.36914508e+00 
 3.49655930e+08 -4.52796590e+01  3.49655930e+08  1.36839188e+00 
 3.51669467e+08 -4.53209199e+01  3.51669467e+08  1.36762713e+00 
 3.53694600e+08 -4.53621081e+01  3.53694600e+08  1.36685077e+00 
 3.55731394e+08 -4.54032234e+01  3.55731394e+08  1.36606276e+00 
 3.57779918e+08 -4.54442656e+01  3.57779918e+08  1.36526304e+00 
 3.59840238e+08 -4.54852347e+01  3.59840238e+08  1.36445155e+00 
 3.61912423e+08 -4.55261303e+01  3.61912423e+08  1.36362825e+00 
 3.63996541e+08 -4.55669524e+01  3.63996541e+08  1.36279307e+00 
 3.66092661e+08 -4.56077007e+01  3.66092661e+08  1.36194597e+00 
 3.68200851e+08 -4.56483752e+01  3.68200851e+08  1.36108690e+00 
 3.70321182e+08 -4.56889756e+01  3.70321182e+08  1.36021580e+00 
 3.72453723e+08 -4.57295018e+01  3.72453723e+08  1.35933262e+00 
 3.74598544e+08 -4.57699536e+01  3.74598544e+08  1.35843730e+00 
 3.76755716e+08 -4.58103309e+01  3.76755716e+08  1.35752980e+00 
 3.78925311e+08 -4.58506335e+01  3.78925311e+08  1.35661007e+00 
 3.81107400e+08 -4.58908613e+01  3.81107400e+08  1.35567805e+00 
 3.83302055e+08 -4.59310141e+01  3.83302055e+08  1.35473369e+00 
 3.85509347e+08 -4.59710917e+01  3.85509347e+08  1.35377694e+00 
 3.87729351e+08 -4.60110940e+01  3.87729351e+08  1.35280776e+00 
 3.89962139e+08 -4.60510209e+01  3.89962139e+08  1.35182608e+00 
 3.92207785e+08 -4.60908722e+01  3.92207785e+08  1.35083187e+00 
 3.94466362e+08 -4.61306478e+01  3.94466362e+08  1.34982508e+00 
 3.96737946e+08 -4.61703475e+01  3.96737946e+08  1.34880565e+00 
 3.99022611e+08 -4.62099711e+01  3.99022611e+08  1.34777354e+00 
 4.01320433e+08 -4.62495186e+01  4.01320433e+08  1.34672869e+00 
 4.03631487e+08 -4.62889898e+01  4.03631487e+08  1.34567107e+00 
 4.05955849e+08 -4.63283846e+01  4.05955849e+08  1.34460062e+00 
 4.08293596e+08 -4.63677028e+01  4.08293596e+08  1.34351730e+00 
 4.10644806e+08 -4.64069444e+01  4.10644806e+08  1.34242107e+00 
 4.13009556e+08 -4.64461090e+01  4.13009556e+08  1.34131187e+00 
 4.15387923e+08 -4.64851968e+01  4.15387923e+08  1.34018967e+00 
 4.17779986e+08 -4.65242074e+01  4.17779986e+08  1.33905441e+00 
 4.20185824e+08 -4.65631408e+01  4.20185824e+08  1.33790606e+00 
 4.22605517e+08 -4.66019968e+01  4.22605517e+08  1.33674457e+00 
 4.25039143e+08 -4.66407754e+01  4.25039143e+08  1.33556990e+00 
 4.27486784e+08 -4.66794764e+01  4.27486784e+08  1.33438201e+00 
 4.29948521e+08 -4.67180997e+01  4.29948521e+08  1.33318086e+00 
 4.32424433e+08 -4.67566452e+01  4.32424433e+08  1.33196640e+00 
 4.34914603e+08 -4.67951127e+01  4.34914603e+08  1.33073860e+00 
 4.37419113e+08 -4.68335021e+01  4.37419113e+08  1.32949742e+00 
 4.39938046e+08 -4.68718134e+01  4.39938046e+08  1.32824281e+00 
 4.42471484e+08 -4.69100463e+01  4.42471484e+08  1.32697475e+00 
 4.45019511e+08 -4.69482008e+01  4.45019511e+08  1.32569319e+00 
 4.47582212e+08 -4.69862768e+01  4.47582212e+08  1.32439809e+00 
 4.50159670e+08 -4.70242742e+01  4.50159670e+08  1.32308943e+00 
 4.52751970e+08 -4.70621928e+01  4.52751970e+08  1.32176717e+00 
 4.55359199e+08 -4.71000325e+01  4.55359199e+08  1.32043127e+00 
 4.57981442e+08 -4.71377932e+01  4.57981442e+08  1.31908171e+00 
 4.60618785e+08 -4.71754749e+01  4.60618785e+08  1.31771844e+00 
 4.63271316e+08 -4.72130774e+01  4.63271316e+08  1.31634144e+00 
 4.65939122e+08 -4.72506006e+01  4.65939122e+08  1.31495068e+00 
 4.68622291e+08 -4.72880444e+01  4.68622291e+08  1.31354612e+00 
 4.71320911e+08 -4.73254087e+01  4.71320911e+08  1.31212774e+00 
 4.74035071e+08 -4.73626934e+01  4.74035071e+08  1.31069552e+00 
 4.76764861e+08 -4.73998983e+01  4.76764861e+08  1.30924942e+00 
 4.79510371e+08 -4.74370235e+01  4.79510371e+08  1.30778942e+00 
 4.82271692e+08 -4.74740687e+01  4.82271692e+08  1.30631549e+00 
 4.85048914e+08 -4.75110339e+01  4.85048914e+08  1.30482761e+00 
 4.87842128e+08 -4.75479189e+01  4.87842128e+08  1.30332576e+00 
 4.90651428e+08 -4.75847238e+01  4.90651428e+08  1.30180992e+00 
 4.93476906e+08 -4.76214483e+01  4.93476906e+08  1.30028006e+00 
 4.96318654e+08 -4.76580923e+01  4.96318654e+08  1.29873616e+00 
 4.99176767e+08 -4.76946559e+01  4.99176767e+08  1.29717821e+00 
 5.02051339e+08 -4.77311388e+01  5.02051339e+08  1.29560619e+00 
 5.04942464e+08 -4.77675409e+01  5.04942464e+08  1.29402008e+00 
 5.07850239e+08 -4.78038622e+01  5.07850239e+08  1.29241987e+00 
 5.10774758e+08 -4.78401026e+01  5.10774758e+08  1.29080554e+00 
 5.13716118e+08 -4.78762620e+01  5.13716118e+08  1.28917708e+00 
 5.16674416e+08 -4.79123401e+01  5.16674416e+08  1.28753447e+00 
 5.19649751e+08 -4.79483371e+01  5.19649751e+08  1.28587772e+00 
 5.22642219e+08 -4.79842526e+01  5.22642219e+08  1.28420680e+00 
 5.25651919e+08 -4.80200868e+01  5.25651919e+08  1.28252170e+00 
 5.28678951e+08 -4.80558393e+01  5.28678951e+08  1.28082243e+00 
 5.31723415e+08 -4.80915102e+01  5.31723415e+08  1.27910897e+00 
 5.34785411e+08 -4.81270993e+01  5.34785411e+08  1.27738132e+00 
 5.37865040e+08 -4.81626065e+01  5.37865040e+08  1.27563948e+00 
 5.40962403e+08 -4.81980318e+01  5.40962403e+08  1.27388344e+00 
 5.44077602e+08 -4.82333749e+01  5.44077602e+08  1.27211320e+00 
 5.47210741e+08 -4.82686359e+01  5.47210741e+08  1.27032876e+00 
 5.50361923e+08 -4.83038145e+01  5.50361923e+08  1.26853013e+00 
 5.53531250e+08 -4.83389107e+01  5.53531250e+08  1.26671731e+00 
 5.56718829e+08 -4.83739243e+01  5.56718829e+08  1.26489029e+00 
 5.59924764e+08 -4.84088553e+01  5.59924764e+08  1.26304909e+00 
 5.63149161e+08 -4.84437036e+01  5.63149161e+08  1.26119371e+00 
 5.66392126e+08 -4.84784689e+01  5.66392126e+08  1.25932416e+00 
 5.69653766e+08 -4.85131512e+01  5.69653766e+08  1.25744045e+00 
 5.72934188e+08 -4.85477504e+01  5.72934188e+08  1.25554259e+00 
 5.76233501e+08 -4.85822664e+01  5.76233501e+08  1.25363058e+00 
 5.79551814e+08 -4.86166990e+01  5.79551814e+08  1.25170446e+00 
 5.82889235e+08 -4.86510481e+01  5.82889235e+08  1.24976422e+00 
 5.86245876e+08 -4.86853135e+01  5.86245876e+08  1.24780988e+00 
 5.89621846e+08 -4.87194952e+01  5.89621846e+08  1.24584147e+00 
 5.93017257e+08 -4.87535931e+01  5.93017257e+08  1.24385900e+00 
 5.96432221e+08 -4.87876069e+01  5.96432221e+08  1.24186249e+00 
 5.99866850e+08 -4.88215366e+01  5.99866850e+08  1.23985196e+00 
 6.03321259e+08 -4.88553820e+01  6.03321259e+08  1.23782743e+00 
 6.06795560e+08 -4.88891429e+01  6.06795560e+08  1.23578894e+00 
 6.10289868e+08 -4.89228194e+01  6.10289868e+08  1.23373649e+00 
 6.13804298e+08 -4.89564111e+01  6.13804298e+08  1.23167013e+00 
 6.17338967e+08 -4.89899179e+01  6.17338967e+08  1.22958988e+00 
 6.20893990e+08 -4.90233398e+01  6.20893990e+08  1.22749577e+00 
 6.24469486e+08 -4.90566765e+01  6.24469486e+08  1.22538783e+00 
 6.28065572e+08 -4.90899279e+01  6.28065572e+08  1.22326610e+00 
 6.31682366e+08 -4.91230939e+01  6.31682366e+08  1.22113060e+00 
 6.35319988e+08 -4.91561743e+01  6.35319988e+08  1.21898137e+00 
 6.38978557e+08 -4.91891689e+01  6.38978557e+08  1.21681846e+00 
 6.42658195e+08 -4.92220775e+01  6.42658195e+08  1.21464189e+00 
 6.46359022e+08 -4.92549001e+01  6.46359022e+08  1.21245171e+00 
 6.50081162e+08 -4.92876364e+01  6.50081162e+08  1.21024796e+00 
 6.53824735e+08 -4.93202863e+01  6.53824735e+08  1.20803068e+00 
 6.57589867e+08 -4.93528496e+01  6.57589867e+08  1.20579992e+00 
 6.61376680e+08 -4.93853261e+01  6.61376680e+08  1.20355572e+00 
 6.65185300e+08 -4.94177156e+01  6.65185300e+08  1.20129813e+00 
 6.69015853e+08 -4.94500180e+01  6.69015853e+08  1.19902720e+00 
 6.72868464e+08 -4.94822331e+01  6.72868464e+08  1.19674297e+00 
 6.76743262e+08 -4.95143607e+01  6.76743262e+08  1.19444550e+00 
 6.80640372e+08 -4.95464007e+01  6.80640372e+08  1.19213484e+00 
 6.84559925e+08 -4.95783527e+01  6.84559925e+08  1.18981105e+00 
 6.88502049e+08 -4.96102166e+01  6.88502049e+08  1.18747417e+00 
 6.92466874e+08 -4.96419923e+01  6.92466874e+08  1.18512427e+00 
 6.96454531e+08 -4.96736795e+01  6.96454531e+08  1.18276141e+00 
 7.00465151e+08 -4.97052780e+01  7.00465151e+08  1.18038564e+00 
 7.04498867e+08 -4.97367877e+01  7.04498867e+08  1.17799703e+00 
 7.08555812e+08 -4.97682083e+01  7.08555812e+08  1.17559563e+00 
 7.12636119e+08 -4.97995395e+01  7.12636119e+08  1.17318152e+00 
 7.16739924e+08 -4.98307813e+01  7.16739924e+08  1.17075475e+00 
 7.20867360e+08 -4.98619333e+01  7.20867360e+08  1.16831540e+00 
 7.25018565e+08 -4.98929954e+01  7.25018565e+08  1.16586352e+00 
 7.29193675e+08 -4.99239673e+01  7.29193675e+08  1.16339920e+00 
 7.33392828e+08 -4.99548488e+01  7.33392828e+08  1.16092250e+00 
 7.37616162e+08 -4.99856398e+01  7.37616162e+08  1.15843349e+00 
 7.41863817e+08 -5.00163398e+01  7.41863817e+08  1.15593225e+00 
 7.46135932e+08 -5.00469488e+01  7.46135932e+08  1.15341885e+00 
 7.50432649e+08 -5.00774665e+01  7.50432649e+08  1.15089336e+00 
 7.54754109e+08 -5.01078926e+01  7.54754109e+08  1.14835587e+00 
 7.59100455e+08 -5.01382269e+01  7.59100455e+08  1.14580646e+00 
 7.63471830e+08 -5.01684692e+01  7.63471830e+08  1.14324519e+00 
 7.67868378e+08 -5.01986192e+01  7.67868378e+08  1.14067216e+00 
 7.72290244e+08 -5.02286767e+01  7.72290244e+08  1.13808744e+00 
 7.76737574e+08 -5.02586414e+01  7.76737574e+08  1.13549113e+00 
 7.81210514e+08 -5.02885131e+01  7.81210514e+08  1.13288330e+00 
 7.85709213e+08 -5.03182915e+01  7.85709213e+08  1.13026404e+00 
 7.90233817e+08 -5.03479764e+01  7.90233817e+08  1.12763343e+00 
 7.94784478e+08 -5.03775675e+01  7.94784478e+08  1.12499158e+00 
 7.99361343e+08 -5.04070645e+01  7.99361343e+08  1.12233856e+00 
 8.03964565e+08 -5.04364672e+01  8.03964565e+08  1.11967447e+00 
 8.08594296e+08 -5.04657754e+01  8.08594296e+08  1.11699939e+00 
 8.13250687e+08 -5.04949887e+01  8.13250687e+08  1.11431344e+00 
 8.17933893e+08 -5.05241069e+01  8.17933893e+08  1.11161668e+00 
 8.22644067e+08 -5.05531297e+01  8.22644067e+08  1.10890923e+00 
 8.27381366e+08 -5.05820569e+01  8.27381366e+08  1.10619119e+00 
 8.32145945e+08 -5.06108881e+01  8.32145945e+08  1.10346263e+00 
 8.36937961e+08 -5.06396232e+01  8.36937961e+08  1.10072368e+00 
 8.41757573e+08 -5.06682617e+01  8.41757573e+08  1.09797442e+00 
 8.46604939e+08 -5.06968036e+01  8.46604939e+08  1.09521496e+00 
 8.51480220e+08 -5.07252484e+01  8.51480220e+08  1.09244540e+00 
 8.56383575e+08 -5.07535959e+01  8.56383575e+08  1.08966585e+00 
 8.61315167e+08 -5.07818459e+01  8.61315167e+08  1.08687640e+00 
 8.66275158e+08 -5.08099979e+01  8.66275158e+08  1.08407716e+00 
 8.71263712e+08 -5.08380519e+01  8.71263712e+08  1.08126825e+00 
 8.76280993e+08 -5.08660074e+01  8.76280993e+08  1.07844976e+00 
 8.81327166e+08 -5.08938642e+01  8.81327166e+08  1.07562180e+00 
 8.86402399e+08 -5.09216220e+01  8.86402399e+08  1.07278449e+00 
 8.91506858e+08 -5.09492806e+01  8.91506858e+08  1.06993793e+00 
 8.96640711e+08 -5.09768396e+01  8.96640711e+08  1.06708224e+00 
 9.01804129e+08 -5.10042987e+01  9.01804129e+08  1.06421753e+00 
 9.06997281e+08 -5.10316578e+01  9.06997281e+08  1.06134391e+00 
 9.12220338e+08 -5.10589164e+01  9.12220338e+08  1.05846148e+00 
 9.17473473e+08 -5.10860743e+01  9.17473473e+08  1.05557038e+00 
 9.22756858e+08 -5.11131313e+01  9.22756858e+08  1.05267071e+00 
 9.28070669e+08 -5.11400870e+01  9.28070669e+08  1.04976260e+00 
 9.33415080e+08 -5.11669412e+01  9.33415080e+08  1.04684614e+00 
 9.38790267e+08 -5.11936936e+01  9.38790267e+08  1.04392148e+00 
 9.44196408e+08 -5.12203439e+01  9.44196408e+08  1.04098871e+00 
 9.49633681e+08 -5.12468918e+01  9.49633681e+08  1.03804797e+00 
 9.55102266e+08 -5.12733370e+01  9.55102266e+08  1.03509937e+00 
 9.60602341e+08 -5.12996793e+01  9.60602341e+08  1.03214303e+00 
 9.66134090e+08 -5.13259184e+01  9.66134090e+08  1.02917908e+00 
 9.71697694e+08 -5.13520540e+01  9.71697694e+08  1.02620764e+00 
 9.77293337e+08 -5.13780858e+01  9.77293337e+08  1.02322882e+00 
 9.82921202e+08 -5.14040136e+01  9.82921202e+08  1.02024276e+00 
 9.88581477e+08 -5.14298371e+01  9.88581477e+08  1.01724957e+00 
 9.94274347e+08 -5.14555560e+01  9.94274347e+08  1.01424938e+00 
 1.00000000e+09 -5.14811701e+01  1.00000000e+09  1.01124232e+00 
