 1.00000000e+00  4.95246294e+01  1.00000000e+00  3.14150088e+00 
 1.00575862e+00  4.95246294e+01  1.00575862e+00  3.14150035e+00 
 1.01155041e+00  4.95246294e+01  1.01155041e+00  3.14149982e+00 
 1.01737555e+00  4.95246294e+01  1.01737555e+00  3.14149929e+00 
 1.02323424e+00  4.95246294e+01  1.02323424e+00  3.14149875e+00 
 1.02912666e+00  4.95246294e+01  1.02912666e+00  3.14149821e+00 
 1.03505301e+00  4.95246294e+01  1.03505301e+00  3.14149766e+00 
 1.04101349e+00  4.95246294e+01  1.04101349e+00  3.14149712e+00 
 1.04700830e+00  4.95246294e+01  1.04700830e+00  3.14149657e+00 
 1.05303763e+00  4.95246294e+01  1.05303763e+00  3.14149601e+00 
 1.05910168e+00  4.95246294e+01  1.05910168e+00  3.14149546e+00 
 1.06520065e+00  4.95246294e+01  1.06520065e+00  3.14149490e+00 
 1.07133474e+00  4.95246294e+01  1.07133474e+00  3.14149433e+00 
 1.07750415e+00  4.95246294e+01  1.07750415e+00  3.14149377e+00 
 1.08370910e+00  4.95246294e+01  1.08370910e+00  3.14149320e+00 
 1.08994977e+00  4.95246294e+01  1.08994977e+00  3.14149262e+00 
 1.09622638e+00  4.95246294e+01  1.09622638e+00  3.14149205e+00 
 1.10253914e+00  4.95246294e+01  1.10253914e+00  3.14149147e+00 
 1.10888825e+00  4.95246294e+01  1.10888825e+00  3.14149089e+00 
 1.11527392e+00  4.95246294e+01  1.11527392e+00  3.14149030e+00 
 1.12169636e+00  4.95246294e+01  1.12169636e+00  3.14148971e+00 
 1.12815579e+00  4.95246294e+01  1.12815579e+00  3.14148912e+00 
 1.13465242e+00  4.95246294e+01  1.13465242e+00  3.14148852e+00 
 1.14118646e+00  4.95246294e+01  1.14118646e+00  3.14148792e+00 
 1.14775812e+00  4.95246294e+01  1.14775812e+00  3.14148732e+00 
 1.15436763e+00  4.95246294e+01  1.15436763e+00  3.14148671e+00 
 1.16101520e+00  4.95246293e+01  1.16101520e+00  3.14148610e+00 
 1.16770105e+00  4.95246293e+01  1.16770105e+00  3.14148549e+00 
 1.17442540e+00  4.95246293e+01  1.17442540e+00  3.14148487e+00 
 1.18118848e+00  4.95246293e+01  1.18118848e+00  3.14148425e+00 
 1.18799050e+00  4.95246293e+01  1.18799050e+00  3.14148363e+00 
 1.19483169e+00  4.95246293e+01  1.19483169e+00  3.14148300e+00 
 1.20171228e+00  4.95246293e+01  1.20171228e+00  3.14148237e+00 
 1.20863249e+00  4.95246293e+01  1.20863249e+00  3.14148173e+00 
 1.21559255e+00  4.95246293e+01  1.21559255e+00  3.14148109e+00 
 1.22259269e+00  4.95246293e+01  1.22259269e+00  3.14148045e+00 
 1.22963314e+00  4.95246293e+01  1.22963314e+00  3.14147981e+00 
 1.23671414e+00  4.95246293e+01  1.23671414e+00  3.14147916e+00 
 1.24383591e+00  4.95246293e+01  1.24383591e+00  3.14147850e+00 
 1.25099870e+00  4.95246293e+01  1.25099870e+00  3.14147784e+00 
 1.25820273e+00  4.95246293e+01  1.25820273e+00  3.14147718e+00 
 1.26544825e+00  4.95246293e+01  1.26544825e+00  3.14147652e+00 
 1.27273549e+00  4.95246293e+01  1.27273549e+00  3.14147585e+00 
 1.28006470e+00  4.95246293e+01  1.28006470e+00  3.14147518e+00 
 1.28743611e+00  4.95246293e+01  1.28743611e+00  3.14147450e+00 
 1.29484997e+00  4.95246293e+01  1.29484997e+00  3.14147382e+00 
 1.30230653e+00  4.95246293e+01  1.30230653e+00  3.14147314e+00 
 1.30980602e+00  4.95246293e+01  1.30980602e+00  3.14147245e+00 
 1.31734870e+00  4.95246293e+01  1.31734870e+00  3.14147176e+00 
 1.32493482e+00  4.95246293e+01  1.32493482e+00  3.14147106e+00 
 1.33256462e+00  4.95246293e+01  1.33256462e+00  3.14147036e+00 
 1.34023836e+00  4.95246293e+01  1.34023836e+00  3.14146965e+00 
 1.34795629e+00  4.95246293e+01  1.34795629e+00  3.14146895e+00 
 1.35571867e+00  4.95246293e+01  1.35571867e+00  3.14146823e+00 
 1.36352574e+00  4.95246293e+01  1.36352574e+00  3.14146752e+00 
 1.37137778e+00  4.95246293e+01  1.37137778e+00  3.14146680e+00 
 1.37927503e+00  4.95246293e+01  1.37927503e+00  3.14146607e+00 
 1.38721775e+00  4.95246293e+01  1.38721775e+00  3.14146534e+00 
 1.39520622e+00  4.95246293e+01  1.39520622e+00  3.14146461e+00 
 1.40324069e+00  4.95246293e+01  1.40324069e+00  3.14146387e+00 
 1.41132143e+00  4.95246293e+01  1.41132143e+00  3.14146313e+00 
 1.41944870e+00  4.95246293e+01  1.41944870e+00  3.14146239e+00 
 1.42762277e+00  4.95246293e+01  1.42762277e+00  3.14146164e+00 
 1.43584391e+00  4.95246293e+01  1.43584391e+00  3.14146088e+00 
 1.44411240e+00  4.95246293e+01  1.44411240e+00  3.14146012e+00 
 1.45242850e+00  4.95246293e+01  1.45242850e+00  3.14145936e+00 
 1.46079249e+00  4.95246293e+01  1.46079249e+00  3.14145859e+00 
 1.46920465e+00  4.95246293e+01  1.46920465e+00  3.14145782e+00 
 1.47766525e+00  4.95246293e+01  1.47766525e+00  3.14145704e+00 
 1.48617457e+00  4.95246293e+01  1.48617457e+00  3.14145626e+00 
 1.49473289e+00  4.95246293e+01  1.49473289e+00  3.14145548e+00 
 1.50334050e+00  4.95246293e+01  1.50334050e+00  3.14145469e+00 
 1.51199767e+00  4.95246293e+01  1.51199767e+00  3.14145389e+00 
 1.52070470e+00  4.95246293e+01  1.52070470e+00  3.14145309e+00 
 1.52946187e+00  4.95246293e+01  1.52946187e+00  3.14145229e+00 
 1.53826946e+00  4.95246293e+01  1.53826946e+00  3.14145148e+00 
 1.54712778e+00  4.95246293e+01  1.54712778e+00  3.14145067e+00 
 1.55603711e+00  4.95246293e+01  1.55603711e+00  3.14144985e+00 
 1.56499774e+00  4.95246293e+01  1.56499774e+00  3.14144903e+00 
 1.57400998e+00  4.95246293e+01  1.57400998e+00  3.14144820e+00 
 1.58307411e+00  4.95246293e+01  1.58307411e+00  3.14144737e+00 
 1.59219044e+00  4.95246293e+01  1.59219044e+00  3.14144653e+00 
 1.60135927e+00  4.95246293e+01  1.60135927e+00  3.14144569e+00 
 1.61058090e+00  4.95246293e+01  1.61058090e+00  3.14144484e+00 
 1.61985563e+00  4.95246293e+01  1.61985563e+00  3.14144399e+00 
 1.62918377e+00  4.95246293e+01  1.62918377e+00  3.14144314e+00 
 1.63856563e+00  4.95246293e+01  1.63856563e+00  3.14144228e+00 
 1.64800151e+00  4.95246293e+01  1.64800151e+00  3.14144141e+00 
 1.65749174e+00  4.95246293e+01  1.65749174e+00  3.14144054e+00 
 1.66703661e+00  4.95246293e+01  1.66703661e+00  3.14143966e+00 
 1.67663645e+00  4.95246293e+01  1.67663645e+00  3.14143878e+00 
 1.68629157e+00  4.95246293e+01  1.68629157e+00  3.14143790e+00 
 1.69600229e+00  4.95246293e+01  1.69600229e+00  3.14143701e+00 
 1.70576893e+00  4.95246293e+01  1.70576893e+00  3.14143611e+00 
 1.71559181e+00  4.95246293e+01  1.71559181e+00  3.14143521e+00 
 1.72547126e+00  4.95246293e+01  1.72547126e+00  3.14143430e+00 
 1.73540760e+00  4.95246293e+01  1.73540760e+00  3.14143339e+00 
 1.74540117e+00  4.95246293e+01  1.74540117e+00  3.14143247e+00 
 1.75545228e+00  4.95246293e+01  1.75545228e+00  3.14143155e+00 
 1.76556127e+00  4.95246293e+01  1.76556127e+00  3.14143062e+00 
 1.77572847e+00  4.95246293e+01  1.77572847e+00  3.14142969e+00 
 1.78595423e+00  4.95246293e+01  1.78595423e+00  3.14142875e+00 
 1.79623887e+00  4.95246293e+01  1.79623887e+00  3.14142781e+00 
 1.80658273e+00  4.95246293e+01  1.80658273e+00  3.14142686e+00 
 1.81698617e+00  4.95246293e+01  1.81698617e+00  3.14142590e+00 
 1.82744951e+00  4.95246293e+01  1.82744951e+00  3.14142494e+00 
 1.83797311e+00  4.95246293e+01  1.83797311e+00  3.14142398e+00 
 1.84855730e+00  4.95246293e+01  1.84855730e+00  3.14142300e+00 
 1.85920245e+00  4.95246293e+01  1.85920245e+00  3.14142203e+00 
 1.86990890e+00  4.95246293e+01  1.86990890e+00  3.14142105e+00 
 1.88067700e+00  4.95246293e+01  1.88067700e+00  3.14142006e+00 
 1.89150712e+00  4.95246293e+01  1.89150712e+00  3.14141906e+00 
 1.90239960e+00  4.95246293e+01  1.90239960e+00  3.14141806e+00 
 1.91335480e+00  4.95246293e+01  1.91335480e+00  3.14141706e+00 
 1.92437310e+00  4.95246293e+01  1.92437310e+00  3.14141605e+00 
 1.93545484e+00  4.95246293e+01  1.93545484e+00  3.14141503e+00 
 1.94660040e+00  4.95246293e+01  1.94660040e+00  3.14141401e+00 
 1.95781014e+00  4.95246293e+01  1.95781014e+00  3.14141298e+00 
 1.96908443e+00  4.95246293e+01  1.96908443e+00  3.14141194e+00 
 1.98042365e+00  4.95246293e+01  1.98042365e+00  3.14141090e+00 
 1.99182817e+00  4.95246293e+01  1.99182817e+00  3.14140986e+00 
 2.00329836e+00  4.95246293e+01  2.00329836e+00  3.14140880e+00 
 2.01483461e+00  4.95246293e+01  2.01483461e+00  3.14140774e+00 
 2.02643728e+00  4.95246292e+01  2.02643728e+00  3.14140668e+00 
 2.03810678e+00  4.95246292e+01  2.03810678e+00  3.14140561e+00 
 2.04984347e+00  4.95246292e+01  2.04984347e+00  3.14140453e+00 
 2.06164775e+00  4.95246292e+01  2.06164775e+00  3.14140345e+00 
 2.07352000e+00  4.95246292e+01  2.07352000e+00  3.14140236e+00 
 2.08546063e+00  4.95246292e+01  2.08546063e+00  3.14140126e+00 
 2.09747001e+00  4.95246292e+01  2.09747001e+00  3.14140016e+00 
 2.10954856e+00  4.95246292e+01  2.10954856e+00  3.14139905e+00 
 2.12169666e+00  4.95246292e+01  2.12169666e+00  3.14139794e+00 
 2.13391471e+00  4.95246292e+01  2.13391471e+00  3.14139682e+00 
 2.14620313e+00  4.95246292e+01  2.14620313e+00  3.14139569e+00 
 2.15856230e+00  4.95246292e+01  2.15856230e+00  3.14139455e+00 
 2.17099265e+00  4.95246292e+01  2.17099265e+00  3.14139341e+00 
 2.18349459e+00  4.95246292e+01  2.18349459e+00  3.14139227e+00 
 2.19606851e+00  4.95246292e+01  2.19606851e+00  3.14139111e+00 
 2.20871485e+00  4.95246292e+01  2.20871485e+00  3.14138995e+00 
 2.22143401e+00  4.95246292e+01  2.22143401e+00  3.14138878e+00 
 2.23422641e+00  4.95246292e+01  2.23422641e+00  3.14138761e+00 
 2.24709249e+00  4.95246292e+01  2.24709249e+00  3.14138643e+00 
 2.26003265e+00  4.95246292e+01  2.26003265e+00  3.14138524e+00 
 2.27304733e+00  4.95246292e+01  2.27304733e+00  3.14138405e+00 
 2.28613696e+00  4.95246292e+01  2.28613696e+00  3.14138285e+00 
 2.29930196e+00  4.95246292e+01  2.29930196e+00  3.14138164e+00 
 2.31254278e+00  4.95246292e+01  2.31254278e+00  3.14138042e+00 
 2.32585985e+00  4.95246292e+01  2.32585985e+00  3.14137920e+00 
 2.33925360e+00  4.95246292e+01  2.33925360e+00  3.14137797e+00 
 2.35272449e+00  4.95246292e+01  2.35272449e+00  3.14137674e+00 
 2.36627294e+00  4.95246292e+01  2.36627294e+00  3.14137549e+00 
 2.37989942e+00  4.95246292e+01  2.37989942e+00  3.14137424e+00 
 2.39360437e+00  4.95246292e+01  2.39360437e+00  3.14137298e+00 
 2.40738824e+00  4.95246292e+01  2.40738824e+00  3.14137172e+00 
 2.42125149e+00  4.95246292e+01  2.42125149e+00  3.14137045e+00 
 2.43519457e+00  4.95246292e+01  2.43519457e+00  3.14136917e+00 
 2.44921794e+00  4.95246292e+01  2.44921794e+00  3.14136788e+00 
 2.46332206e+00  4.95246292e+01  2.46332206e+00  3.14136659e+00 
 2.47750741e+00  4.95246292e+01  2.47750741e+00  3.14136528e+00 
 2.49177445e+00  4.95246292e+01  2.49177445e+00  3.14136397e+00 
 2.50612364e+00  4.95246292e+01  2.50612364e+00  3.14136266e+00 
 2.52055547e+00  4.95246292e+01  2.52055547e+00  3.14136133e+00 
 2.53507040e+00  4.95246292e+01  2.53507040e+00  3.14136000e+00 
 2.54966892e+00  4.95246292e+01  2.54966892e+00  3.14135866e+00 
 2.56435151e+00  4.95246292e+01  2.56435151e+00  3.14135731e+00 
 2.57911865e+00  4.95246292e+01  2.57911865e+00  3.14135596e+00 
 2.59397083e+00  4.95246292e+01  2.59397083e+00  3.14135460e+00 
 2.60890853e+00  4.95246292e+01  2.60890853e+00  3.14135322e+00 
 2.62393226e+00  4.95246291e+01  2.62393226e+00  3.14135185e+00 
 2.63904250e+00  4.95246291e+01  2.63904250e+00  3.14135046e+00 
 2.65423975e+00  4.95246291e+01  2.65423975e+00  3.14134906e+00 
 2.66952453e+00  4.95246291e+01  2.66952453e+00  3.14134766e+00 
 2.68489732e+00  4.95246291e+01  2.68489732e+00  3.14134625e+00 
 2.70035863e+00  4.95246291e+01  2.70035863e+00  3.14134483e+00 
 2.71590899e+00  4.95246291e+01  2.71590899e+00  3.14134340e+00 
 2.73154889e+00  4.95246291e+01  2.73154889e+00  3.14134197e+00 
 2.74727885e+00  4.95246291e+01  2.74727885e+00  3.14134053e+00 
 2.76309940e+00  4.95246291e+01  2.76309940e+00  3.14133907e+00 
 2.77901105e+00  4.95246291e+01  2.77901105e+00  3.14133761e+00 
 2.79501434e+00  4.95246291e+01  2.79501434e+00  3.14133614e+00 
 2.81110978e+00  4.95246291e+01  2.81110978e+00  3.14133467e+00 
 2.82729790e+00  4.95246291e+01  2.82729790e+00  3.14133318e+00 
 2.84357925e+00  4.95246291e+01  2.84357925e+00  3.14133169e+00 
 2.85995436e+00  4.95246291e+01  2.85995436e+00  3.14133018e+00 
 2.87642376e+00  4.95246291e+01  2.87642376e+00  3.14132867e+00 
 2.89298801e+00  4.95246291e+01  2.89298801e+00  3.14132715e+00 
 2.90964764e+00  4.95246291e+01  2.90964764e+00  3.14132562e+00 
 2.92640321e+00  4.95246291e+01  2.92640321e+00  3.14132409e+00 
 2.94325527e+00  4.95246291e+01  2.94325527e+00  3.14132254e+00 
 2.96020437e+00  4.95246291e+01  2.96020437e+00  3.14132098e+00 
 2.97725108e+00  4.95246291e+01  2.97725108e+00  3.14131942e+00 
 2.99439595e+00  4.95246291e+01  2.99439595e+00  3.14131785e+00 
 3.01163955e+00  4.95246291e+01  3.01163955e+00  3.14131626e+00 
 3.02898246e+00  4.95246291e+01  3.02898246e+00  3.14131467e+00 
 3.04642523e+00  4.95246291e+01  3.04642523e+00  3.14131307e+00 
 3.06396845e+00  4.95246291e+01  3.06396845e+00  3.14131146e+00 
 3.08161270e+00  4.95246291e+01  3.08161270e+00  3.14130984e+00 
 3.09935855e+00  4.95246290e+01  3.09935855e+00  3.14130821e+00 
 3.11720659e+00  4.95246290e+01  3.11720659e+00  3.14130658e+00 
 3.13515742e+00  4.95246290e+01  3.13515742e+00  3.14130493e+00 
 3.15321161e+00  4.95246290e+01  3.15321161e+00  3.14130327e+00 
 3.17136977e+00  4.95246290e+01  3.17136977e+00  3.14130161e+00 
 3.18963250e+00  4.95246290e+01  3.18963250e+00  3.14129993e+00 
 3.20800040e+00  4.95246290e+01  3.20800040e+00  3.14129824e+00 
 3.22647407e+00  4.95246290e+01  3.22647407e+00  3.14129655e+00 
 3.24505413e+00  4.95246290e+01  3.24505413e+00  3.14129484e+00 
 3.26374118e+00  4.95246290e+01  3.26374118e+00  3.14129313e+00 
 3.28253584e+00  4.95246290e+01  3.28253584e+00  3.14129140e+00 
 3.30143873e+00  4.95246290e+01  3.30143873e+00  3.14128967e+00 
 3.32045048e+00  4.95246290e+01  3.32045048e+00  3.14128792e+00 
 3.33957171e+00  4.95246290e+01  3.33957171e+00  3.14128617e+00 
 3.35880305e+00  4.95246290e+01  3.35880305e+00  3.14128440e+00 
 3.37814514e+00  4.95246290e+01  3.37814514e+00  3.14128263e+00 
 3.39759861e+00  4.95246290e+01  3.39759861e+00  3.14128084e+00 
 3.41716410e+00  4.95246290e+01  3.41716410e+00  3.14127905e+00 
 3.43684227e+00  4.95246290e+01  3.43684227e+00  3.14127724e+00 
 3.45663375e+00  4.95246290e+01  3.45663375e+00  3.14127543e+00 
 3.47653921e+00  4.95246290e+01  3.47653921e+00  3.14127360e+00 
 3.49655930e+00  4.95246290e+01  3.49655930e+00  3.14127176e+00 
 3.51669467e+00  4.95246289e+01  3.51669467e+00  3.14126991e+00 
 3.53694600e+00  4.95246289e+01  3.53694600e+00  3.14126805e+00 
 3.55731394e+00  4.95246289e+01  3.55731394e+00  3.14126619e+00 
 3.57779918e+00  4.95246289e+01  3.57779918e+00  3.14126431e+00 
 3.59840238e+00  4.95246289e+01  3.59840238e+00  3.14126241e+00 
 3.61912423e+00  4.95246289e+01  3.61912423e+00  3.14126051e+00 
 3.63996541e+00  4.95246289e+01  3.63996541e+00  3.14125860e+00 
 3.66092661e+00  4.95246289e+01  3.66092661e+00  3.14125668e+00 
 3.68200851e+00  4.95246289e+01  3.68200851e+00  3.14125474e+00 
 3.70321182e+00  4.95246289e+01  3.70321182e+00  3.14125280e+00 
 3.72453723e+00  4.95246289e+01  3.72453723e+00  3.14125084e+00 
 3.74598544e+00  4.95246289e+01  3.74598544e+00  3.14124887e+00 
 3.76755716e+00  4.95246289e+01  3.76755716e+00  3.14124689e+00 
 3.78925311e+00  4.95246289e+01  3.78925311e+00  3.14124490e+00 
 3.81107400e+00  4.95246289e+01  3.81107400e+00  3.14124290e+00 
 3.83302055e+00  4.95246289e+01  3.83302055e+00  3.14124088e+00 
 3.85509347e+00  4.95246289e+01  3.85509347e+00  3.14123886e+00 
 3.87729351e+00  4.95246288e+01  3.87729351e+00  3.14123682e+00 
 3.89962139e+00  4.95246288e+01  3.89962139e+00  3.14123477e+00 
 3.92207785e+00  4.95246288e+01  3.92207785e+00  3.14123271e+00 
 3.94466362e+00  4.95246288e+01  3.94466362e+00  3.14123064e+00 
 3.96737946e+00  4.95246288e+01  3.96737946e+00  3.14122855e+00 
 3.99022611e+00  4.95246288e+01  3.99022611e+00  3.14122646e+00 
 4.01320433e+00  4.95246288e+01  4.01320433e+00  3.14122435e+00 
 4.03631487e+00  4.95246288e+01  4.03631487e+00  3.14122223e+00 
 4.05955849e+00  4.95246288e+01  4.05955849e+00  3.14122009e+00 
 4.08293596e+00  4.95246288e+01  4.08293596e+00  3.14121795e+00 
 4.10644806e+00  4.95246288e+01  4.10644806e+00  3.14121579e+00 
 4.13009556e+00  4.95246288e+01  4.13009556e+00  3.14121362e+00 
 4.15387923e+00  4.95246288e+01  4.15387923e+00  3.14121144e+00 
 4.17779986e+00  4.95246288e+01  4.17779986e+00  3.14120924e+00 
 4.20185824e+00  4.95246288e+01  4.20185824e+00  3.14120703e+00 
 4.22605517e+00  4.95246287e+01  4.22605517e+00  3.14120481e+00 
 4.25039143e+00  4.95246287e+01  4.25039143e+00  3.14120258e+00 
 4.27486784e+00  4.95246287e+01  4.27486784e+00  3.14120033e+00 
 4.29948521e+00  4.95246287e+01  4.29948521e+00  3.14119807e+00 
 4.32424433e+00  4.95246287e+01  4.32424433e+00  3.14119580e+00 
 4.34914603e+00  4.95246287e+01  4.34914603e+00  3.14119352e+00 
 4.37419113e+00  4.95246287e+01  4.37419113e+00  3.14119122e+00 
 4.39938046e+00  4.95246287e+01  4.39938046e+00  3.14118891e+00 
 4.42471484e+00  4.95246287e+01  4.42471484e+00  3.14118658e+00 
 4.45019511e+00  4.95246287e+01  4.45019511e+00  3.14118424e+00 
 4.47582212e+00  4.95246287e+01  4.47582212e+00  3.14118189e+00 
 4.50159670e+00  4.95246287e+01  4.50159670e+00  3.14117953e+00 
 4.52751970e+00  4.95246286e+01  4.52751970e+00  3.14117715e+00 
 4.55359199e+00  4.95246286e+01  4.55359199e+00  3.14117475e+00 
 4.57981442e+00  4.95246286e+01  4.57981442e+00  3.14117235e+00 
 4.60618785e+00  4.95246286e+01  4.60618785e+00  3.14116993e+00 
 4.63271316e+00  4.95246286e+01  4.63271316e+00  3.14116749e+00 
 4.65939122e+00  4.95246286e+01  4.65939122e+00  3.14116504e+00 
 4.68622291e+00  4.95246286e+01  4.68622291e+00  3.14116258e+00 
 4.71320911e+00  4.95246286e+01  4.71320911e+00  3.14116010e+00 
 4.74035071e+00  4.95246286e+01  4.74035071e+00  3.14115761e+00 
 4.76764861e+00  4.95246286e+01  4.76764861e+00  3.14115511e+00 
 4.79510371e+00  4.95246286e+01  4.79510371e+00  3.14115259e+00 
 4.82271692e+00  4.95246285e+01  4.82271692e+00  3.14115005e+00 
 4.85048914e+00  4.95246285e+01  4.85048914e+00  3.14114751e+00 
 4.87842128e+00  4.95246285e+01  4.87842128e+00  3.14114494e+00 
 4.90651428e+00  4.95246285e+01  4.90651428e+00  3.14114236e+00 
 4.93476906e+00  4.95246285e+01  4.93476906e+00  3.14113977e+00 
 4.96318654e+00  4.95246285e+01  4.96318654e+00  3.14113716e+00 
 4.99176767e+00  4.95246285e+01  4.99176767e+00  3.14113454e+00 
 5.02051339e+00  4.95246285e+01  5.02051339e+00  3.14113190e+00 
 5.04942464e+00  4.95246285e+01  5.04942464e+00  3.14112925e+00 
 5.07850239e+00  4.95246285e+01  5.07850239e+00  3.14112658e+00 
 5.10774758e+00  4.95246284e+01  5.10774758e+00  3.14112390e+00 
 5.13716118e+00  4.95246284e+01  5.13716118e+00  3.14112120e+00 
 5.16674416e+00  4.95246284e+01  5.16674416e+00  3.14111848e+00 
 5.19649751e+00  4.95246284e+01  5.19649751e+00  3.14111575e+00 
 5.22642219e+00  4.95246284e+01  5.22642219e+00  3.14111301e+00 
 5.25651919e+00  4.95246284e+01  5.25651919e+00  3.14111024e+00 
 5.28678951e+00  4.95246284e+01  5.28678951e+00  3.14110747e+00 
 5.31723415e+00  4.95246284e+01  5.31723415e+00  3.14110467e+00 
 5.34785411e+00  4.95246284e+01  5.34785411e+00  3.14110186e+00 
 5.37865040e+00  4.95246283e+01  5.37865040e+00  3.14109903e+00 
 5.40962403e+00  4.95246283e+01  5.40962403e+00  3.14109619e+00 
 5.44077602e+00  4.95246283e+01  5.44077602e+00  3.14109333e+00 
 5.47210741e+00  4.95246283e+01  5.47210741e+00  3.14109046e+00 
 5.50361923e+00  4.95246283e+01  5.50361923e+00  3.14108757e+00 
 5.53531250e+00  4.95246283e+01  5.53531250e+00  3.14108466e+00 
 5.56718829e+00  4.95246283e+01  5.56718829e+00  3.14108173e+00 
 5.59924764e+00  4.95246283e+01  5.59924764e+00  3.14107879e+00 
 5.63149161e+00  4.95246282e+01  5.63149161e+00  3.14107583e+00 
 5.66392126e+00  4.95246282e+01  5.66392126e+00  3.14107285e+00 
 5.69653766e+00  4.95246282e+01  5.69653766e+00  3.14106986e+00 
 5.72934188e+00  4.95246282e+01  5.72934188e+00  3.14106685e+00 
 5.76233501e+00  4.95246282e+01  5.76233501e+00  3.14106382e+00 
 5.79551814e+00  4.95246282e+01  5.79551814e+00  3.14106078e+00 
 5.82889235e+00  4.95246282e+01  5.82889235e+00  3.14105771e+00 
 5.86245876e+00  4.95246281e+01  5.86245876e+00  3.14105463e+00 
 5.89621846e+00  4.95246281e+01  5.89621846e+00  3.14105154e+00 
 5.93017257e+00  4.95246281e+01  5.93017257e+00  3.14104842e+00 
 5.96432221e+00  4.95246281e+01  5.96432221e+00  3.14104529e+00 
 5.99866850e+00  4.95246281e+01  5.99866850e+00  3.14104213e+00 
 6.03321259e+00  4.95246281e+01  6.03321259e+00  3.14103896e+00 
 6.06795560e+00  4.95246281e+01  6.06795560e+00  3.14103577e+00 
 6.10289868e+00  4.95246280e+01  6.10289868e+00  3.14103257e+00 
 6.13804298e+00  4.95246280e+01  6.13804298e+00  3.14102934e+00 
 6.17338967e+00  4.95246280e+01  6.17338967e+00  3.14102610e+00 
 6.20893990e+00  4.95246280e+01  6.20893990e+00  3.14102284e+00 
 6.24469486e+00  4.95246280e+01  6.24469486e+00  3.14101955e+00 
 6.28065572e+00  4.95246280e+01  6.28065572e+00  3.14101625e+00 
 6.31682366e+00  4.95246279e+01  6.31682366e+00  3.14101294e+00 
 6.35319988e+00  4.95246279e+01  6.35319988e+00  3.14100960e+00 
 6.38978557e+00  4.95246279e+01  6.38978557e+00  3.14100624e+00 
 6.42658195e+00  4.95246279e+01  6.42658195e+00  3.14100286e+00 
 6.46359022e+00  4.95246279e+01  6.46359022e+00  3.14099947e+00 
 6.50081162e+00  4.95246279e+01  6.50081162e+00  3.14099605e+00 
 6.53824735e+00  4.95246278e+01  6.53824735e+00  3.14099261e+00 
 6.57589867e+00  4.95246278e+01  6.57589867e+00  3.14098916e+00 
 6.61376680e+00  4.95246278e+01  6.61376680e+00  3.14098568e+00 
 6.65185300e+00  4.95246278e+01  6.65185300e+00  3.14098219e+00 
 6.69015853e+00  4.95246278e+01  6.69015853e+00  3.14097867e+00 
 6.72868464e+00  4.95246277e+01  6.72868464e+00  3.14097514e+00 
 6.76743262e+00  4.95246277e+01  6.76743262e+00  3.14097158e+00 
 6.80640372e+00  4.95246277e+01  6.80640372e+00  3.14096800e+00 
 6.84559925e+00  4.95246277e+01  6.84559925e+00  3.14096441e+00 
 6.88502049e+00  4.95246277e+01  6.88502049e+00  3.14096079e+00 
 6.92466874e+00  4.95246276e+01  6.92466874e+00  3.14095715e+00 
 6.96454531e+00  4.95246276e+01  6.96454531e+00  3.14095349e+00 
 7.00465151e+00  4.95246276e+01  7.00465151e+00  3.14094981e+00 
 7.04498867e+00  4.95246276e+01  7.04498867e+00  3.14094611e+00 
 7.08555812e+00  4.95246276e+01  7.08555812e+00  3.14094239e+00 
 7.12636119e+00  4.95246275e+01  7.12636119e+00  3.14093864e+00 
 7.16739924e+00  4.95246275e+01  7.16739924e+00  3.14093487e+00 
 7.20867360e+00  4.95246275e+01  7.20867360e+00  3.14093109e+00 
 7.25018565e+00  4.95246275e+01  7.25018565e+00  3.14092728e+00 
 7.29193675e+00  4.95246275e+01  7.29193675e+00  3.14092345e+00 
 7.33392828e+00  4.95246274e+01  7.33392828e+00  3.14091959e+00 
 7.37616162e+00  4.95246274e+01  7.37616162e+00  3.14091572e+00 
 7.41863817e+00  4.95246274e+01  7.41863817e+00  3.14091182e+00 
 7.46135932e+00  4.95246274e+01  7.46135932e+00  3.14090790e+00 
 7.50432649e+00  4.95246273e+01  7.50432649e+00  3.14090395e+00 
 7.54754109e+00  4.95246273e+01  7.54754109e+00  3.14089999e+00 
 7.59100455e+00  4.95246273e+01  7.59100455e+00  3.14089600e+00 
 7.63471830e+00  4.95246273e+01  7.63471830e+00  3.14089199e+00 
 7.67868378e+00  4.95246272e+01  7.67868378e+00  3.14088795e+00 
 7.72290244e+00  4.95246272e+01  7.72290244e+00  3.14088389e+00 
 7.76737574e+00  4.95246272e+01  7.76737574e+00  3.14087981e+00 
 7.81210514e+00  4.95246272e+01  7.81210514e+00  3.14087571e+00 
 7.85709213e+00  4.95246271e+01  7.85709213e+00  3.14087158e+00 
 7.90233817e+00  4.95246271e+01  7.90233817e+00  3.14086743e+00 
 7.94784478e+00  4.95246271e+01  7.94784478e+00  3.14086325e+00 
 7.99361343e+00  4.95246271e+01  7.99361343e+00  3.14085905e+00 
 8.03964565e+00  4.95246270e+01  8.03964565e+00  3.14085483e+00 
 8.08594296e+00  4.95246270e+01  8.08594296e+00  3.14085058e+00 
 8.13250687e+00  4.95246270e+01  8.13250687e+00  3.14084630e+00 
 8.17933893e+00  4.95246270e+01  8.17933893e+00  3.14084201e+00 
 8.22644067e+00  4.95246269e+01  8.22644067e+00  3.14083768e+00 
 8.27381366e+00  4.95246269e+01  8.27381366e+00  3.14083333e+00 
 8.32145945e+00  4.95246269e+01  8.32145945e+00  3.14082896e+00 
 8.36937961e+00  4.95246268e+01  8.36937961e+00  3.14082456e+00 
 8.41757573e+00  4.95246268e+01  8.41757573e+00  3.14082014e+00 
 8.46604939e+00  4.95246268e+01  8.46604939e+00  3.14081569e+00 
 8.51480220e+00  4.95246267e+01  8.51480220e+00  3.14081122e+00 
 8.56383575e+00  4.95246267e+01  8.56383575e+00  3.14080672e+00 
 8.61315167e+00  4.95246267e+01  8.61315167e+00  3.14080219e+00 
 8.66275158e+00  4.95246267e+01  8.66275158e+00  3.14079764e+00 
 8.71263712e+00  4.95246266e+01  8.71263712e+00  3.14079306e+00 
 8.76280993e+00  4.95246266e+01  8.76280993e+00  3.14078846e+00 
 8.81327166e+00  4.95246266e+01  8.81327166e+00  3.14078383e+00 
 8.86402399e+00  4.95246265e+01  8.86402399e+00  3.14077917e+00 
 8.91506858e+00  4.95246265e+01  8.91506858e+00  3.14077448e+00 
 8.96640711e+00  4.95246265e+01  8.96640711e+00  3.14076977e+00 
 9.01804129e+00  4.95246264e+01  9.01804129e+00  3.14076503e+00 
 9.06997281e+00  4.95246264e+01  9.06997281e+00  3.14076027e+00 
 9.12220338e+00  4.95246264e+01  9.12220338e+00  3.14075547e+00 
 9.17473473e+00  4.95246263e+01  9.17473473e+00  3.14075065e+00 
 9.22756858e+00  4.95246263e+01  9.22756858e+00  3.14074581e+00 
 9.28070669e+00  4.95246263e+01  9.28070669e+00  3.14074093e+00 
 9.33415080e+00  4.95246262e+01  9.33415080e+00  3.14073602e+00 
 9.38790267e+00  4.95246262e+01  9.38790267e+00  3.14073109e+00 
 9.44196408e+00  4.95246261e+01  9.44196408e+00  3.14072613e+00 
 9.49633681e+00  4.95246261e+01  9.49633681e+00  3.14072114e+00 
 9.55102266e+00  4.95246261e+01  9.55102266e+00  3.14071612e+00 
 9.60602341e+00  4.95246260e+01  9.60602341e+00  3.14071107e+00 
 9.66134090e+00  4.95246260e+01  9.66134090e+00  3.14070600e+00 
 9.71697694e+00  4.95246259e+01  9.71697694e+00  3.14070089e+00 
 9.77293337e+00  4.95246259e+01  9.77293337e+00  3.14069576e+00 
 9.82921202e+00  4.95246259e+01  9.82921202e+00  3.14069059e+00 
 9.88581477e+00  4.95246258e+01  9.88581477e+00  3.14068540e+00 
 9.94274347e+00  4.95246258e+01  9.94274347e+00  3.14068017e+00 
 1.00000000e+01  4.95246257e+01  1.00000000e+01  3.14067492e+00 
 1.00575862e+01  4.95246257e+01  1.00575862e+01  3.14066963e+00 
 1.01155041e+01  4.95246257e+01  1.01155041e+01  3.14066432e+00 
 1.01737555e+01  4.95246256e+01  1.01737555e+01  3.14065897e+00 
 1.02323424e+01  4.95246256e+01  1.02323424e+01  3.14065359e+00 
 1.02912666e+01  4.95246255e+01  1.02912666e+01  3.14064819e+00 
 1.03505301e+01  4.95246255e+01  1.03505301e+01  3.14064275e+00 
 1.04101349e+01  4.95246254e+01  1.04101349e+01  3.14063728e+00 
 1.04700830e+01  4.95246254e+01  1.04700830e+01  3.14063178e+00 
 1.05303763e+01  4.95246253e+01  1.05303763e+01  3.14062624e+00 
 1.05910168e+01  4.95246253e+01  1.05910168e+01  3.14062068e+00 
 1.06520065e+01  4.95246253e+01  1.06520065e+01  3.14061508e+00 
 1.07133474e+01  4.95246252e+01  1.07133474e+01  3.14060945e+00 
 1.07750415e+01  4.95246252e+01  1.07750415e+01  3.14060379e+00 
 1.08370910e+01  4.95246251e+01  1.08370910e+01  3.14059809e+00 
 1.08994977e+01  4.95246251e+01  1.08994977e+01  3.14059237e+00 
 1.09622638e+01  4.95246250e+01  1.09622638e+01  3.14058661e+00 
 1.10253914e+01  4.95246250e+01  1.10253914e+01  3.14058081e+00 
 1.10888825e+01  4.95246249e+01  1.10888825e+01  3.14057499e+00 
 1.11527392e+01  4.95246249e+01  1.11527392e+01  3.14056913e+00 
 1.12169636e+01  4.95246248e+01  1.12169636e+01  3.14056323e+00 
 1.12815579e+01  4.95246247e+01  1.12815579e+01  3.14055730e+00 
 1.13465242e+01  4.95246247e+01  1.13465242e+01  3.14055134e+00 
 1.14118646e+01  4.95246246e+01  1.14118646e+01  3.14054534e+00 
 1.14775812e+01  4.95246246e+01  1.14775812e+01  3.14053931e+00 
 1.15436763e+01  4.95246245e+01  1.15436763e+01  3.14053325e+00 
 1.16101520e+01  4.95246245e+01  1.16101520e+01  3.14052715e+00 
 1.16770105e+01  4.95246244e+01  1.16770105e+01  3.14052101e+00 
 1.17442540e+01  4.95246244e+01  1.17442540e+01  3.14051484e+00 
 1.18118848e+01  4.95246243e+01  1.18118848e+01  3.14050863e+00 
 1.18799050e+01  4.95246242e+01  1.18799050e+01  3.14050239e+00 
 1.19483169e+01  4.95246242e+01  1.19483169e+01  3.14049611e+00 
 1.20171228e+01  4.95246241e+01  1.20171228e+01  3.14048980e+00 
 1.20863249e+01  4.95246241e+01  1.20863249e+01  3.14048345e+00 
 1.21559255e+01  4.95246240e+01  1.21559255e+01  3.14047706e+00 
 1.22259269e+01  4.95246239e+01  1.22259269e+01  3.14047063e+00 
 1.22963314e+01  4.95246239e+01  1.22963314e+01  3.14046417e+00 
 1.23671414e+01  4.95246238e+01  1.23671414e+01  3.14045768e+00 
 1.24383591e+01  4.95246237e+01  1.24383591e+01  3.14045114e+00 
 1.25099870e+01  4.95246237e+01  1.25099870e+01  3.14044457e+00 
 1.25820273e+01  4.95246236e+01  1.25820273e+01  3.14043795e+00 
 1.26544825e+01  4.95246235e+01  1.26544825e+01  3.14043130e+00 
 1.27273549e+01  4.95246235e+01  1.27273549e+01  3.14042462e+00 
 1.28006470e+01  4.95246234e+01  1.28006470e+01  3.14041789e+00 
 1.28743611e+01  4.95246233e+01  1.28743611e+01  3.14041113e+00 
 1.29484997e+01  4.95246233e+01  1.29484997e+01  3.14040432e+00 
 1.30230653e+01  4.95246232e+01  1.30230653e+01  3.14039748e+00 
 1.30980602e+01  4.95246231e+01  1.30980602e+01  3.14039060e+00 
 1.31734870e+01  4.95246231e+01  1.31734870e+01  3.14038367e+00 
 1.32493482e+01  4.95246230e+01  1.32493482e+01  3.14037671e+00 
 1.33256462e+01  4.95246229e+01  1.33256462e+01  3.14036971e+00 
 1.34023836e+01  4.95246228e+01  1.34023836e+01  3.14036267e+00 
 1.34795629e+01  4.95246228e+01  1.34795629e+01  3.14035558e+00 
 1.35571867e+01  4.95246227e+01  1.35571867e+01  3.14034846e+00 
 1.36352574e+01  4.95246226e+01  1.36352574e+01  3.14034130e+00 
 1.37137778e+01  4.95246225e+01  1.37137778e+01  3.14033409e+00 
 1.37927503e+01  4.95246224e+01  1.37927503e+01  3.14032684e+00 
 1.38721775e+01  4.95246224e+01  1.38721775e+01  3.14031955e+00 
 1.39520622e+01  4.95246223e+01  1.39520622e+01  3.14031222e+00 
 1.40324069e+01  4.95246222e+01  1.40324069e+01  3.14030485e+00 
 1.41132143e+01  4.95246221e+01  1.41132143e+01  3.14029743e+00 
 1.41944870e+01  4.95246220e+01  1.41944870e+01  3.14028997e+00 
 1.42762277e+01  4.95246219e+01  1.42762277e+01  3.14028247e+00 
 1.43584391e+01  4.95246219e+01  1.43584391e+01  3.14027493e+00 
 1.44411240e+01  4.95246218e+01  1.44411240e+01  3.14026734e+00 
 1.45242850e+01  4.95246217e+01  1.45242850e+01  3.14025971e+00 
 1.46079249e+01  4.95246216e+01  1.46079249e+01  3.14025203e+00 
 1.46920465e+01  4.95246215e+01  1.46920465e+01  3.14024431e+00 
 1.47766525e+01  4.95246214e+01  1.47766525e+01  3.14023655e+00 
 1.48617457e+01  4.95246213e+01  1.48617457e+01  3.14022874e+00 
 1.49473289e+01  4.95246212e+01  1.49473289e+01  3.14022088e+00 
 1.50334050e+01  4.95246211e+01  1.50334050e+01  3.14021298e+00 
 1.51199767e+01  4.95246210e+01  1.51199767e+01  3.14020504e+00 
 1.52070470e+01  4.95246209e+01  1.52070470e+01  3.14019705e+00 
 1.52946187e+01  4.95246208e+01  1.52946187e+01  3.14018901e+00 
 1.53826946e+01  4.95246207e+01  1.53826946e+01  3.14018093e+00 
 1.54712778e+01  4.95246206e+01  1.54712778e+01  3.14017280e+00 
 1.55603711e+01  4.95246205e+01  1.55603711e+01  3.14016462e+00 
 1.56499774e+01  4.95246204e+01  1.56499774e+01  3.14015640e+00 
 1.57400998e+01  4.95246203e+01  1.57400998e+01  3.14014813e+00 
 1.58307411e+01  4.95246202e+01  1.58307411e+01  3.14013981e+00 
 1.59219044e+01  4.95246201e+01  1.59219044e+01  3.14013144e+00 
 1.60135927e+01  4.95246200e+01  1.60135927e+01  3.14012303e+00 
 1.61058090e+01  4.95246199e+01  1.61058090e+01  3.14011456e+00 
 1.61985563e+01  4.95246198e+01  1.61985563e+01  3.14010605e+00 
 1.62918377e+01  4.95246197e+01  1.62918377e+01  3.14009749e+00 
 1.63856563e+01  4.95246196e+01  1.63856563e+01  3.14008888e+00 
 1.64800151e+01  4.95246195e+01  1.64800151e+01  3.14008022e+00 
 1.65749174e+01  4.95246194e+01  1.65749174e+01  3.14007151e+00 
 1.66703661e+01  4.95246192e+01  1.66703661e+01  3.14006275e+00 
 1.67663645e+01  4.95246191e+01  1.67663645e+01  3.14005394e+00 
 1.68629157e+01  4.95246190e+01  1.68629157e+01  3.14004508e+00 
 1.69600229e+01  4.95246189e+01  1.69600229e+01  3.14003617e+00 
 1.70576893e+01  4.95246188e+01  1.70576893e+01  3.14002721e+00 
 1.71559181e+01  4.95246186e+01  1.71559181e+01  3.14001819e+00 
 1.72547126e+01  4.95246185e+01  1.72547126e+01  3.14000913e+00 
 1.73540760e+01  4.95246184e+01  1.73540760e+01  3.14000001e+00 
 1.74540117e+01  4.95246183e+01  1.74540117e+01  3.13999083e+00 
 1.75545228e+01  4.95246181e+01  1.75545228e+01  3.13998161e+00 
 1.76556127e+01  4.95246180e+01  1.76556127e+01  3.13997233e+00 
 1.77572847e+01  4.95246179e+01  1.77572847e+01  3.13996300e+00 
 1.78595423e+01  4.95246177e+01  1.78595423e+01  3.13995362e+00 
 1.79623887e+01  4.95246176e+01  1.79623887e+01  3.13994418e+00 
 1.80658273e+01  4.95246175e+01  1.80658273e+01  3.13993469e+00 
 1.81698617e+01  4.95246173e+01  1.81698617e+01  3.13992514e+00 
 1.82744951e+01  4.95246172e+01  1.82744951e+01  3.13991554e+00 
 1.83797311e+01  4.95246170e+01  1.83797311e+01  3.13990588e+00 
 1.84855730e+01  4.95246169e+01  1.84855730e+01  3.13989616e+00 
 1.85920245e+01  4.95246168e+01  1.85920245e+01  3.13988640e+00 
 1.86990890e+01  4.95246166e+01  1.86990890e+01  3.13987657e+00 
 1.88067700e+01  4.95246165e+01  1.88067700e+01  3.13986669e+00 
 1.89150712e+01  4.95246163e+01  1.89150712e+01  3.13985675e+00 
 1.90239960e+01  4.95246162e+01  1.90239960e+01  3.13984675e+00 
 1.91335480e+01  4.95246160e+01  1.91335480e+01  3.13983670e+00 
 1.92437310e+01  4.95246159e+01  1.92437310e+01  3.13982659e+00 
 1.93545484e+01  4.95246157e+01  1.93545484e+01  3.13981642e+00 
 1.94660040e+01  4.95246155e+01  1.94660040e+01  3.13980619e+00 
 1.95781014e+01  4.95246154e+01  1.95781014e+01  3.13979590e+00 
 1.96908443e+01  4.95246152e+01  1.96908443e+01  3.13978555e+00 
 1.98042365e+01  4.95246151e+01  1.98042365e+01  3.13977515e+00 
 1.99182817e+01  4.95246149e+01  1.99182817e+01  3.13976468e+00 
 2.00329836e+01  4.95246147e+01  2.00329836e+01  3.13975415e+00 
 2.01483461e+01  4.95246146e+01  2.01483461e+01  3.13974357e+00 
 2.02643728e+01  4.95246144e+01  2.02643728e+01  3.13973292e+00 
 2.03810678e+01  4.95246142e+01  2.03810678e+01  3.13972221e+00 
 2.04984347e+01  4.95246140e+01  2.04984347e+01  3.13971144e+00 
 2.06164775e+01  4.95246139e+01  2.06164775e+01  3.13970060e+00 
 2.07352000e+01  4.95246137e+01  2.07352000e+01  3.13968971e+00 
 2.08546063e+01  4.95246135e+01  2.08546063e+01  3.13967875e+00 
 2.09747001e+01  4.95246133e+01  2.09747001e+01  3.13966773e+00 
 2.10954856e+01  4.95246131e+01  2.10954856e+01  3.13965664e+00 
 2.12169666e+01  4.95246129e+01  2.12169666e+01  3.13964550e+00 
 2.13391471e+01  4.95246128e+01  2.13391471e+01  3.13963428e+00 
 2.14620313e+01  4.95246126e+01  2.14620313e+01  3.13962301e+00 
 2.15856230e+01  4.95246124e+01  2.15856230e+01  3.13961166e+00 
 2.17099265e+01  4.95246122e+01  2.17099265e+01  3.13960025e+00 
 2.18349459e+01  4.95246120e+01  2.18349459e+01  3.13958878e+00 
 2.19606851e+01  4.95246118e+01  2.19606851e+01  3.13957724e+00 
 2.20871485e+01  4.95246116e+01  2.20871485e+01  3.13956564e+00 
 2.22143401e+01  4.95246114e+01  2.22143401e+01  3.13955396e+00 
 2.23422641e+01  4.95246112e+01  2.23422641e+01  3.13954222e+00 
 2.24709249e+01  4.95246109e+01  2.24709249e+01  3.13953042e+00 
 2.26003265e+01  4.95246107e+01  2.26003265e+01  3.13951854e+00 
 2.27304733e+01  4.95246105e+01  2.27304733e+01  3.13950660e+00 
 2.28613696e+01  4.95246103e+01  2.28613696e+01  3.13949458e+00 
 2.29930196e+01  4.95246101e+01  2.29930196e+01  3.13948250e+00 
 2.31254278e+01  4.95246098e+01  2.31254278e+01  3.13947035e+00 
 2.32585985e+01  4.95246096e+01  2.32585985e+01  3.13945813e+00 
 2.33925360e+01  4.95246094e+01  2.33925360e+01  3.13944584e+00 
 2.35272449e+01  4.95246092e+01  2.35272449e+01  3.13943347e+00 
 2.36627294e+01  4.95246089e+01  2.36627294e+01  3.13942104e+00 
 2.37989942e+01  4.95246087e+01  2.37989942e+01  3.13940853e+00 
 2.39360437e+01  4.95246085e+01  2.39360437e+01  3.13939596e+00 
 2.40738824e+01  4.95246082e+01  2.40738824e+01  3.13938331e+00 
 2.42125149e+01  4.95246080e+01  2.42125149e+01  3.13937058e+00 
 2.43519457e+01  4.95246077e+01  2.43519457e+01  3.13935779e+00 
 2.44921794e+01  4.95246075e+01  2.44921794e+01  3.13934492e+00 
 2.46332206e+01  4.95246072e+01  2.46332206e+01  3.13933197e+00 
 2.47750741e+01  4.95246070e+01  2.47750741e+01  3.13931896e+00 
 2.49177445e+01  4.95246067e+01  2.49177445e+01  3.13930586e+00 
 2.50612364e+01  4.95246064e+01  2.50612364e+01  3.13929269e+00 
 2.52055547e+01  4.95246062e+01  2.52055547e+01  3.13927945e+00 
 2.53507040e+01  4.95246059e+01  2.53507040e+01  3.13926613e+00 
 2.54966892e+01  4.95246056e+01  2.54966892e+01  3.13925273e+00 
 2.56435151e+01  4.95246054e+01  2.56435151e+01  3.13923926e+00 
 2.57911865e+01  4.95246051e+01  2.57911865e+01  3.13922570e+00 
 2.59397083e+01  4.95246048e+01  2.59397083e+01  3.13921207e+00 
 2.60890853e+01  4.95246045e+01  2.60890853e+01  3.13919837e+00 
 2.62393226e+01  4.95246042e+01  2.62393226e+01  3.13918458e+00 
 2.63904250e+01  4.95246039e+01  2.63904250e+01  3.13917071e+00 
 2.65423975e+01  4.95246036e+01  2.65423975e+01  3.13915676e+00 
 2.66952453e+01  4.95246033e+01  2.66952453e+01  3.13914274e+00 
 2.68489732e+01  4.95246030e+01  2.68489732e+01  3.13912863e+00 
 2.70035863e+01  4.95246027e+01  2.70035863e+01  3.13911444e+00 
 2.71590899e+01  4.95246024e+01  2.71590899e+01  3.13910017e+00 
 2.73154889e+01  4.95246021e+01  2.73154889e+01  3.13908581e+00 
 2.74727885e+01  4.95246018e+01  2.74727885e+01  3.13907138e+00 
 2.76309940e+01  4.95246015e+01  2.76309940e+01  3.13905686e+00 
 2.77901105e+01  4.95246012e+01  2.77901105e+01  3.13904226e+00 
 2.79501434e+01  4.95246008e+01  2.79501434e+01  3.13902757e+00 
 2.81110978e+01  4.95246005e+01  2.81110978e+01  3.13901280e+00 
 2.82729790e+01  4.95246002e+01  2.82729790e+01  3.13899794e+00 
 2.84357925e+01  4.95245998e+01  2.84357925e+01  3.13898300e+00 
 2.85995436e+01  4.95245995e+01  2.85995436e+01  3.13896797e+00 
 2.87642376e+01  4.95245992e+01  2.87642376e+01  3.13895286e+00 
 2.89298801e+01  4.95245988e+01  2.89298801e+01  3.13893766e+00 
 2.90964764e+01  4.95245984e+01  2.90964764e+01  3.13892237e+00 
 2.92640321e+01  4.95245981e+01  2.92640321e+01  3.13890699e+00 
 2.94325527e+01  4.95245977e+01  2.94325527e+01  3.13889152e+00 
 2.96020437e+01  4.95245974e+01  2.96020437e+01  3.13887597e+00 
 2.97725108e+01  4.95245970e+01  2.97725108e+01  3.13886033e+00 
 2.99439595e+01  4.95245966e+01  2.99439595e+01  3.13884459e+00 
 3.01163955e+01  4.95245962e+01  3.01163955e+01  3.13882877e+00 
 3.02898246e+01  4.95245959e+01  3.02898246e+01  3.13881285e+00 
 3.04642523e+01  4.95245955e+01  3.04642523e+01  3.13879684e+00 
 3.06396845e+01  4.95245951e+01  3.06396845e+01  3.13878074e+00 
 3.08161270e+01  4.95245947e+01  3.08161270e+01  3.13876455e+00 
 3.09935855e+01  4.95245943e+01  3.09935855e+01  3.13874826e+00 
 3.11720659e+01  4.95245939e+01  3.11720659e+01  3.13873188e+00 
 3.13515742e+01  4.95245935e+01  3.13515742e+01  3.13871541e+00 
 3.15321161e+01  4.95245931e+01  3.15321161e+01  3.13869884e+00 
 3.17136977e+01  4.95245926e+01  3.17136977e+01  3.13868218e+00 
 3.18963250e+01  4.95245922e+01  3.18963250e+01  3.13866542e+00 
 3.20800040e+01  4.95245918e+01  3.20800040e+01  3.13864856e+00 
 3.22647407e+01  4.95245913e+01  3.22647407e+01  3.13863161e+00 
 3.24505413e+01  4.95245909e+01  3.24505413e+01  3.13861455e+00 
 3.26374118e+01  4.95245905e+01  3.26374118e+01  3.13859740e+00 
 3.28253584e+01  4.95245900e+01  3.28253584e+01  3.13858016e+00 
 3.30143873e+01  4.95245896e+01  3.30143873e+01  3.13856281e+00 
 3.32045048e+01  4.95245891e+01  3.32045048e+01  3.13854536e+00 
 3.33957171e+01  4.95245886e+01  3.33957171e+01  3.13852781e+00 
 3.35880305e+01  4.95245882e+01  3.35880305e+01  3.13851016e+00 
 3.37814514e+01  4.95245877e+01  3.37814514e+01  3.13849241e+00 
 3.39759861e+01  4.95245872e+01  3.39759861e+01  3.13847456e+00 
 3.41716410e+01  4.95245867e+01  3.41716410e+01  3.13845660e+00 
 3.43684227e+01  4.95245862e+01  3.43684227e+01  3.13843855e+00 
 3.45663375e+01  4.95245857e+01  3.45663375e+01  3.13842038e+00 
 3.47653921e+01  4.95245852e+01  3.47653921e+01  3.13840211e+00 
 3.49655930e+01  4.95245847e+01  3.49655930e+01  3.13838374e+00 
 3.51669467e+01  4.95245842e+01  3.51669467e+01  3.13836526e+00 
 3.53694600e+01  4.95245837e+01  3.53694600e+01  3.13834668e+00 
 3.55731394e+01  4.95245831e+01  3.55731394e+01  3.13832798e+00 
 3.57779918e+01  4.95245826e+01  3.57779918e+01  3.13830919e+00 
 3.59840238e+01  4.95245821e+01  3.59840238e+01  3.13829028e+00 
 3.61912423e+01  4.95245815e+01  3.61912423e+01  3.13827126e+00 
 3.63996541e+01  4.95245810e+01  3.63996541e+01  3.13825213e+00 
 3.66092661e+01  4.95245804e+01  3.66092661e+01  3.13823290e+00 
 3.68200851e+01  4.95245798e+01  3.68200851e+01  3.13821355e+00 
 3.70321182e+01  4.95245793e+01  3.70321182e+01  3.13819409e+00 
 3.72453723e+01  4.95245787e+01  3.72453723e+01  3.13817452e+00 
 3.74598544e+01  4.95245781e+01  3.74598544e+01  3.13815484e+00 
 3.76755716e+01  4.95245775e+01  3.76755716e+01  3.13813504e+00 
 3.78925311e+01  4.95245769e+01  3.78925311e+01  3.13811513e+00 
 3.81107400e+01  4.95245763e+01  3.81107400e+01  3.13809510e+00 
 3.83302055e+01  4.95245757e+01  3.83302055e+01  3.13807496e+00 
 3.85509347e+01  4.95245751e+01  3.85509347e+01  3.13805470e+00 
 3.87729351e+01  4.95245744e+01  3.87729351e+01  3.13803433e+00 
 3.89962139e+01  4.95245738e+01  3.89962139e+01  3.13801384e+00 
 3.92207785e+01  4.95245732e+01  3.92207785e+01  3.13799323e+00 
 3.94466362e+01  4.95245725e+01  3.94466362e+01  3.13797250e+00 
 3.96737946e+01  4.95245719e+01  3.96737946e+01  3.13795166e+00 
 3.99022611e+01  4.95245712e+01  3.99022611e+01  3.13793069e+00 
 4.01320433e+01  4.95245705e+01  4.01320433e+01  3.13790960e+00 
 4.03631487e+01  4.95245698e+01  4.03631487e+01  3.13788839e+00 
 4.05955849e+01  4.95245692e+01  4.05955849e+01  3.13786706e+00 
 4.08293596e+01  4.95245685e+01  4.08293596e+01  3.13784561e+00 
 4.10644806e+01  4.95245678e+01  4.10644806e+01  3.13782403e+00 
 4.13009556e+01  4.95245670e+01  4.13009556e+01  3.13780233e+00 
 4.15387923e+01  4.95245663e+01  4.15387923e+01  3.13778050e+00 
 4.17779986e+01  4.95245656e+01  4.17779986e+01  3.13775855e+00 
 4.20185824e+01  4.95245649e+01  4.20185824e+01  3.13773647e+00 
 4.22605517e+01  4.95245641e+01  4.22605517e+01  3.13771426e+00 
 4.25039143e+01  4.95245634e+01  4.25039143e+01  3.13769193e+00 
 4.27486784e+01  4.95245626e+01  4.27486784e+01  3.13766947e+00 
 4.29948521e+01  4.95245618e+01  4.29948521e+01  3.13764688e+00 
 4.32424433e+01  4.95245610e+01  4.32424433e+01  3.13762415e+00 
 4.34914603e+01  4.95245603e+01  4.34914603e+01  3.13760130e+00 
 4.37419113e+01  4.95245595e+01  4.37419113e+01  3.13757832e+00 
 4.39938046e+01  4.95245586e+01  4.39938046e+01  3.13755520e+00 
 4.42471484e+01  4.95245578e+01  4.42471484e+01  3.13753195e+00 
 4.45019511e+01  4.95245570e+01  4.45019511e+01  3.13750857e+00 
 4.47582212e+01  4.95245562e+01  4.47582212e+01  3.13748505e+00 
 4.50159670e+01  4.95245553e+01  4.50159670e+01  3.13746139e+00 
 4.52751970e+01  4.95245545e+01  4.52751970e+01  3.13743760e+00 
 4.55359199e+01  4.95245536e+01  4.55359199e+01  3.13741368e+00 
 4.57981442e+01  4.95245527e+01  4.57981442e+01  3.13738961e+00 
 4.60618785e+01  4.95245518e+01  4.60618785e+01  3.13736541e+00 
 4.63271316e+01  4.95245509e+01  4.63271316e+01  3.13734106e+00 
 4.65939122e+01  4.95245500e+01  4.65939122e+01  3.13731658e+00 
 4.68622291e+01  4.95245491e+01  4.68622291e+01  3.13729196e+00 
 4.71320911e+01  4.95245482e+01  4.71320911e+01  3.13726719e+00 
 4.74035071e+01  4.95245473e+01  4.74035071e+01  3.13724228e+00 
 4.76764861e+01  4.95245463e+01  4.76764861e+01  3.13721723e+00 
 4.79510371e+01  4.95245453e+01  4.79510371e+01  3.13719204e+00 
 4.82271692e+01  4.95245444e+01  4.82271692e+01  3.13716669e+00 
 4.85048914e+01  4.95245434e+01  4.85048914e+01  3.13714121e+00 
 4.87842128e+01  4.95245424e+01  4.87842128e+01  3.13711557e+00 
 4.90651428e+01  4.95245414e+01  4.90651428e+01  3.13708979e+00 
 4.93476906e+01  4.95245404e+01  4.93476906e+01  3.13706386e+00 
 4.96318654e+01  4.95245393e+01  4.96318654e+01  3.13703778e+00 
 4.99176767e+01  4.95245383e+01  4.99176767e+01  3.13701155e+00 
 5.02051339e+01  4.95245373e+01  5.02051339e+01  3.13698517e+00 
 5.04942464e+01  4.95245362e+01  5.04942464e+01  3.13695864e+00 
 5.07850239e+01  4.95245351e+01  5.07850239e+01  3.13693196e+00 
 5.10774758e+01  4.95245340e+01  5.10774758e+01  3.13690512e+00 
 5.13716118e+01  4.95245329e+01  5.13716118e+01  3.13687812e+00 
 5.16674416e+01  4.95245318e+01  5.16674416e+01  3.13685097e+00 
 5.19649751e+01  4.95245307e+01  5.19649751e+01  3.13682367e+00 
 5.22642219e+01  4.95245295e+01  5.22642219e+01  3.13679621e+00 
 5.25651919e+01  4.95245284e+01  5.25651919e+01  3.13676859e+00 
 5.28678951e+01  4.95245272e+01  5.28678951e+01  3.13674081e+00 
 5.31723415e+01  4.95245260e+01  5.31723415e+01  3.13671287e+00 
 5.34785411e+01  4.95245248e+01  5.34785411e+01  3.13668477e+00 
 5.37865040e+01  4.95245236e+01  5.37865040e+01  3.13665650e+00 
 5.40962403e+01  4.95245224e+01  5.40962403e+01  3.13662808e+00 
 5.44077602e+01  4.95245212e+01  5.44077602e+01  3.13659949e+00 
 5.47210741e+01  4.95245199e+01  5.47210741e+01  3.13657074e+00 
 5.50361923e+01  4.95245187e+01  5.50361923e+01  3.13654182e+00 
 5.53531250e+01  4.95245174e+01  5.53531250e+01  3.13651273e+00 
 5.56718829e+01  4.95245161e+01  5.56718829e+01  3.13648348e+00 
 5.59924764e+01  4.95245148e+01  5.59924764e+01  3.13645406e+00 
 5.63149161e+01  4.95245135e+01  5.63149161e+01  3.13642447e+00 
 5.66392126e+01  4.95245121e+01  5.66392126e+01  3.13639471e+00 
 5.69653766e+01  4.95245108e+01  5.69653766e+01  3.13636478e+00 
 5.72934188e+01  4.95245094e+01  5.72934188e+01  3.13633467e+00 
 5.76233501e+01  4.95245080e+01  5.76233501e+01  3.13630439e+00 
 5.79551814e+01  4.95245066e+01  5.79551814e+01  3.13627394e+00 
 5.82889235e+01  4.95245052e+01  5.82889235e+01  3.13624331e+00 
 5.86245876e+01  4.95245038e+01  5.86245876e+01  3.13621251e+00 
 5.89621846e+01  4.95245023e+01  5.89621846e+01  3.13618153e+00 
 5.93017257e+01  4.95245008e+01  5.93017257e+01  3.13615037e+00 
 5.96432221e+01  4.95244994e+01  5.96432221e+01  3.13611903e+00 
 5.99866850e+01  4.95244979e+01  5.99866850e+01  3.13608751e+00 
 6.03321259e+01  4.95244963e+01  6.03321259e+01  3.13605580e+00 
 6.06795560e+01  4.95244948e+01  6.06795560e+01  3.13602392e+00 
 6.10289868e+01  4.95244932e+01  6.10289868e+01  3.13599185e+00 
 6.13804298e+01  4.95244917e+01  6.13804298e+01  3.13595960e+00 
 6.17338967e+01  4.95244901e+01  6.17338967e+01  3.13592716e+00 
 6.20893990e+01  4.95244885e+01  6.20893990e+01  3.13589454e+00 
 6.24469486e+01  4.95244868e+01  6.24469486e+01  3.13586173e+00 
 6.28065572e+01  4.95244852e+01  6.28065572e+01  3.13582872e+00 
 6.31682366e+01  4.95244835e+01  6.31682366e+01  3.13579553e+00 
 6.35319988e+01  4.95244818e+01  6.35319988e+01  3.13576215e+00 
 6.38978557e+01  4.95244801e+01  6.38978557e+01  3.13572858e+00 
 6.42658195e+01  4.95244784e+01  6.42658195e+01  3.13569481e+00 
 6.46359022e+01  4.95244767e+01  6.46359022e+01  3.13566084e+00 
 6.50081162e+01  4.95244749e+01  6.50081162e+01  3.13562669e+00 
 6.53824735e+01  4.95244731e+01  6.53824735e+01  3.13559233e+00 
 6.57589867e+01  4.95244713e+01  6.57589867e+01  3.13555778e+00 
 6.61376680e+01  4.95244695e+01  6.61376680e+01  3.13552303e+00 
 6.65185300e+01  4.95244676e+01  6.65185300e+01  3.13548807e+00 
 6.69015853e+01  4.95244658e+01  6.69015853e+01  3.13545292e+00 
 6.72868464e+01  4.95244639e+01  6.72868464e+01  3.13541757e+00 
 6.76743262e+01  4.95244620e+01  6.76743262e+01  3.13538201e+00 
 6.80640372e+01  4.95244600e+01  6.80640372e+01  3.13534624e+00 
 6.84559925e+01  4.95244581e+01  6.84559925e+01  3.13531027e+00 
 6.88502049e+01  4.95244561e+01  6.88502049e+01  3.13527410e+00 
 6.92466874e+01  4.95244541e+01  6.92466874e+01  3.13523771e+00 
 6.96454531e+01  4.95244521e+01  6.96454531e+01  3.13520112e+00 
 7.00465151e+01  4.95244500e+01  7.00465151e+01  3.13516431e+00 
 7.04498867e+01  4.95244480e+01  7.04498867e+01  3.13512729e+00 
 7.08555812e+01  4.95244459e+01  7.08555812e+01  3.13509006e+00 
 7.12636119e+01  4.95244437e+01  7.12636119e+01  3.13505262e+00 
 7.16739924e+01  4.95244416e+01  7.16739924e+01  3.13501496e+00 
 7.20867360e+01  4.95244394e+01  7.20867360e+01  3.13497708e+00 
 7.25018565e+01  4.95244372e+01  7.25018565e+01  3.13493898e+00 
 7.29193675e+01  4.95244350e+01  7.29193675e+01  3.13490067e+00 
 7.33392828e+01  4.95244328e+01  7.33392828e+01  3.13486213e+00 
 7.37616162e+01  4.95244305e+01  7.37616162e+01  3.13482338e+00 
 7.41863817e+01  4.95244282e+01  7.41863817e+01  3.13478440e+00 
 7.46135932e+01  4.95244259e+01  7.46135932e+01  3.13474519e+00 
 7.50432649e+01  4.95244235e+01  7.50432649e+01  3.13470576e+00 
 7.54754109e+01  4.95244212e+01  7.54754109e+01  3.13466610e+00 
 7.59100455e+01  4.95244187e+01  7.59100455e+01  3.13462622e+00 
 7.63471830e+01  4.95244163e+01  7.63471830e+01  3.13458610e+00 
 7.67868378e+01  4.95244139e+01  7.67868378e+01  3.13454575e+00 
 7.72290244e+01  4.95244114e+01  7.72290244e+01  3.13450518e+00 
 7.76737574e+01  4.95244088e+01  7.76737574e+01  3.13446436e+00 
 7.81210514e+01  4.95244063e+01  7.81210514e+01  3.13442331e+00 
 7.85709213e+01  4.95244037e+01  7.85709213e+01  3.13438203e+00 
 7.90233817e+01  4.95244011e+01  7.90233817e+01  3.13434051e+00 
 7.94784478e+01  4.95243985e+01  7.94784478e+01  3.13429875e+00 
 7.99361343e+01  4.95243958e+01  7.99361343e+01  3.13425675e+00 
 8.03964565e+01  4.95243931e+01  8.03964565e+01  3.13421450e+00 
 8.08594296e+01  4.95243904e+01  8.08594296e+01  3.13417202e+00 
 8.13250687e+01  4.95243876e+01  8.13250687e+01  3.13412929e+00 
 8.17933893e+01  4.95243848e+01  8.17933893e+01  3.13408631e+00 
 8.22644067e+01  4.95243820e+01  8.22644067e+01  3.13404308e+00 
 8.27381366e+01  4.95243791e+01  8.27381366e+01  3.13399961e+00 
 8.32145945e+01  4.95243763e+01  8.32145945e+01  3.13395589e+00 
 8.36937961e+01  4.95243733e+01  8.36937961e+01  3.13391191e+00 
 8.41757573e+01  4.95243704e+01  8.41757573e+01  3.13386768e+00 
 8.46604939e+01  4.95243674e+01  8.46604939e+01  3.13382320e+00 
 8.51480220e+01  4.95243644e+01  8.51480220e+01  3.13377846e+00 
 8.56383575e+01  4.95243613e+01  8.56383575e+01  3.13373346e+00 
 8.61315167e+01  4.95243582e+01  8.61315167e+01  3.13368821e+00 
 8.66275158e+01  4.95243551e+01  8.66275158e+01  3.13364269e+00 
 8.71263712e+01  4.95243519e+01  8.71263712e+01  3.13359691e+00 
 8.76280993e+01  4.95243487e+01  8.76280993e+01  3.13355087e+00 
 8.81327166e+01  4.95243455e+01  8.81327166e+01  3.13350456e+00 
 8.86402399e+01  4.95243422e+01  8.86402399e+01  3.13345799e+00 
 8.91506858e+01  4.95243389e+01  8.91506858e+01  3.13341114e+00 
 8.96640711e+01  4.95243355e+01  8.96640711e+01  3.13336403e+00 
 9.01804129e+01  4.95243321e+01  9.01804129e+01  3.13331665e+00 
 9.06997281e+01  4.95243287e+01  9.06997281e+01  3.13326899e+00 
 9.12220338e+01  4.95243252e+01  9.12220338e+01  3.13322106e+00 
 9.17473473e+01  4.95243217e+01  9.17473473e+01  3.13317285e+00 
 9.22756858e+01  4.95243181e+01  9.22756858e+01  3.13312437e+00 
 9.28070669e+01  4.95243145e+01  9.28070669e+01  3.13307561e+00 
 9.33415080e+01  4.95243109e+01  9.33415080e+01  3.13302656e+00 
 9.38790267e+01  4.95243072e+01  9.38790267e+01  3.13297724e+00 
 9.44196408e+01  4.95243035e+01  9.44196408e+01  3.13292763e+00 
 9.49633681e+01  4.95242997e+01  9.49633681e+01  3.13287773e+00 
 9.55102266e+01  4.95242959e+01  9.55102266e+01  3.13282755e+00 
 9.60602341e+01  4.95242921e+01  9.60602341e+01  3.13277707e+00 
 9.66134090e+01  4.95242882e+01  9.66134090e+01  3.13272631e+00 
 9.71697694e+01  4.95242842e+01  9.71697694e+01  3.13267526e+00 
 9.77293337e+01  4.95242803e+01  9.77293337e+01  3.13262391e+00 
 9.82921202e+01  4.95242762e+01  9.82921202e+01  3.13257226e+00 
 9.88581477e+01  4.95242721e+01  9.88581477e+01  3.13252032e+00 
 9.94274347e+01  4.95242680e+01  9.94274347e+01  3.13246808e+00 
 1.00000000e+02  4.95242638e+01  1.00000000e+02  3.13241554e+00 
 1.00575862e+02  4.95242596e+01  1.00575862e+02  3.13236269e+00 
 1.01155041e+02  4.95242553e+01  1.01155041e+02  3.13230954e+00 
 1.01737555e+02  4.95242510e+01  1.01737555e+02  3.13225609e+00 
 1.02323424e+02  4.95242467e+01  1.02323424e+02  3.13220233e+00 
 1.02912666e+02  4.95242422e+01  1.02912666e+02  3.13214825e+00 
 1.03505301e+02  4.95242378e+01  1.03505301e+02  3.13209387e+00 
 1.04101349e+02  4.95242332e+01  1.04101349e+02  3.13203917e+00 
 1.04700830e+02  4.95242287e+01  1.04700830e+02  3.13198416e+00 
 1.05303763e+02  4.95242240e+01  1.05303763e+02  3.13192883e+00 
 1.05910168e+02  4.95242194e+01  1.05910168e+02  3.13187319e+00 
 1.06520065e+02  4.95242146e+01  1.06520065e+02  3.13181722e+00 
 1.07133474e+02  4.95242098e+01  1.07133474e+02  3.13176093e+00 
 1.07750415e+02  4.95242050e+01  1.07750415e+02  3.13170432e+00 
 1.08370910e+02  4.95242001e+01  1.08370910e+02  3.13164738e+00 
 1.08994977e+02  4.95241951e+01  1.08994977e+02  3.13159011e+00 
 1.09622638e+02  4.95241901e+01  1.09622638e+02  3.13153251e+00 
 1.10253914e+02  4.95241850e+01  1.10253914e+02  3.13147458e+00 
 1.10888825e+02  4.95241799e+01  1.10888825e+02  3.13141632e+00 
 1.11527392e+02  4.95241747e+01  1.11527392e+02  3.13135772e+00 
 1.12169636e+02  4.95241695e+01  1.12169636e+02  3.13129879e+00 
 1.12815579e+02  4.95241641e+01  1.12815579e+02  3.13123951e+00 
 1.13465242e+02  4.95241588e+01  1.13465242e+02  3.13117990e+00 
 1.14118646e+02  4.95241533e+01  1.14118646e+02  3.13111994e+00 
 1.14775812e+02  4.95241478e+01  1.14775812e+02  3.13105964e+00 
 1.15436763e+02  4.95241423e+01  1.15436763e+02  3.13099899e+00 
 1.16101520e+02  4.95241366e+01  1.16101520e+02  3.13093798e+00 
 1.16770105e+02  4.95241310e+01  1.16770105e+02  3.13087663e+00 
 1.17442540e+02  4.95241252e+01  1.17442540e+02  3.13081493e+00 
 1.18118848e+02  4.95241194e+01  1.18118848e+02  3.13075287e+00 
 1.18799050e+02  4.95241135e+01  1.18799050e+02  3.13069045e+00 
 1.19483169e+02  4.95241075e+01  1.19483169e+02  3.13062767e+00 
 1.20171228e+02  4.95241015e+01  1.20171228e+02  3.13056454e+00 
 1.20863249e+02  4.95240954e+01  1.20863249e+02  3.13050103e+00 
 1.21559255e+02  4.95240892e+01  1.21559255e+02  3.13043717e+00 
 1.22259269e+02  4.95240830e+01  1.22259269e+02  3.13037293e+00 
 1.22963314e+02  4.95240767e+01  1.22963314e+02  3.13030833e+00 
 1.23671414e+02  4.95240703e+01  1.23671414e+02  3.13024335e+00 
 1.24383591e+02  4.95240638e+01  1.24383591e+02  3.13017800e+00 
 1.25099870e+02  4.95240573e+01  1.25099870e+02  3.13011227e+00 
 1.25820273e+02  4.95240507e+01  1.25820273e+02  3.13004617e+00 
 1.26544825e+02  4.95240440e+01  1.26544825e+02  3.12997968e+00 
 1.27273549e+02  4.95240373e+01  1.27273549e+02  3.12991281e+00 
 1.28006470e+02  4.95240304e+01  1.28006470e+02  3.12984556e+00 
 1.28743611e+02  4.95240235e+01  1.28743611e+02  3.12977792e+00 
 1.29484997e+02  4.95240165e+01  1.29484997e+02  3.12970989e+00 
 1.30230653e+02  4.95240094e+01  1.30230653e+02  3.12964147e+00 
 1.30980602e+02  4.95240023e+01  1.30980602e+02  3.12957265e+00 
 1.31734870e+02  4.95239950e+01  1.31734870e+02  3.12950344e+00 
 1.32493482e+02  4.95239877e+01  1.32493482e+02  3.12943383e+00 
 1.33256462e+02  4.95239803e+01  1.33256462e+02  3.12936382e+00 
 1.34023836e+02  4.95239728e+01  1.34023836e+02  3.12929340e+00 
 1.34795629e+02  4.95239652e+01  1.34795629e+02  3.12922258e+00 
 1.35571867e+02  4.95239575e+01  1.35571867e+02  3.12915136e+00 
 1.36352574e+02  4.95239498e+01  1.36352574e+02  3.12907972e+00 
 1.37137778e+02  4.95239419e+01  1.37137778e+02  3.12900767e+00 
 1.37927503e+02  4.95239340e+01  1.37927503e+02  3.12893521e+00 
 1.38721775e+02  4.95239260e+01  1.38721775e+02  3.12886232e+00 
 1.39520622e+02  4.95239178e+01  1.39520622e+02  3.12878902e+00 
 1.40324069e+02  4.95239096e+01  1.40324069e+02  3.12871530e+00 
 1.41132143e+02  4.95239013e+01  1.41132143e+02  3.12864115e+00 
 1.41944870e+02  4.95238929e+01  1.41944870e+02  3.12856658e+00 
 1.42762277e+02  4.95238844e+01  1.42762277e+02  3.12849157e+00 
 1.43584391e+02  4.95238758e+01  1.43584391e+02  3.12841614e+00 
 1.44411240e+02  4.95238671e+01  1.44411240e+02  3.12834027e+00 
 1.45242850e+02  4.95238583e+01  1.45242850e+02  3.12826396e+00 
 1.46079249e+02  4.95238494e+01  1.46079249e+02  3.12818722e+00 
 1.46920465e+02  4.95238404e+01  1.46920465e+02  3.12811003e+00 
 1.47766525e+02  4.95238312e+01  1.47766525e+02  3.12803240e+00 
 1.48617457e+02  4.95238220e+01  1.48617457e+02  3.12795432e+00 
 1.49473289e+02  4.95238127e+01  1.49473289e+02  3.12787579e+00 
 1.50334050e+02  4.95238033e+01  1.50334050e+02  3.12779681e+00 
 1.51199767e+02  4.95237937e+01  1.51199767e+02  3.12771737e+00 
 1.52070470e+02  4.95237841e+01  1.52070470e+02  3.12763748e+00 
 1.52946187e+02  4.95237743e+01  1.52946187e+02  3.12755713e+00 
 1.53826946e+02  4.95237644e+01  1.53826946e+02  3.12747632e+00 
 1.54712778e+02  4.95237544e+01  1.54712778e+02  3.12739504e+00 
 1.55603711e+02  4.95237443e+01  1.55603711e+02  3.12731329e+00 
 1.56499774e+02  4.95237341e+01  1.56499774e+02  3.12723107e+00 
 1.57400998e+02  4.95237238e+01  1.57400998e+02  3.12714838e+00 
 1.58307411e+02  4.95237133e+01  1.58307411e+02  3.12706521e+00 
 1.59219044e+02  4.95237027e+01  1.59219044e+02  3.12698156e+00 
 1.60135927e+02  4.95236920e+01  1.60135927e+02  3.12689744e+00 
 1.61058090e+02  4.95236812e+01  1.61058090e+02  3.12681282e+00 
 1.61985563e+02  4.95236703e+01  1.61985563e+02  3.12672773e+00 
 1.62918377e+02  4.95236592e+01  1.62918377e+02  3.12664214e+00 
 1.63856563e+02  4.95236480e+01  1.63856563e+02  3.12655606e+00 
 1.64800151e+02  4.95236366e+01  1.64800151e+02  3.12646948e+00 
 1.65749174e+02  4.95236252e+01  1.65749174e+02  3.12638240e+00 
 1.66703661e+02  4.95236136e+01  1.66703661e+02  3.12629483e+00 
 1.67663645e+02  4.95236019e+01  1.67663645e+02  3.12620675e+00 
 1.68629157e+02  4.95235900e+01  1.68629157e+02  3.12611816e+00 
 1.69600229e+02  4.95235780e+01  1.69600229e+02  3.12602906e+00 
 1.70576893e+02  4.95235658e+01  1.70576893e+02  3.12593945e+00 
 1.71559181e+02  4.95235536e+01  1.71559181e+02  3.12584932e+00 
 1.72547126e+02  4.95235411e+01  1.72547126e+02  3.12575868e+00 
 1.73540760e+02  4.95235286e+01  1.73540760e+02  3.12566751e+00 
 1.74540117e+02  4.95235158e+01  1.74540117e+02  3.12557582e+00 
 1.75545228e+02  4.95235030e+01  1.75545228e+02  3.12548360e+00 
 1.76556127e+02  4.95234900e+01  1.76556127e+02  3.12539085e+00 
 1.77572847e+02  4.95234768e+01  1.77572847e+02  3.12529757e+00 
 1.78595423e+02  4.95234635e+01  1.78595423e+02  3.12520375e+00 
 1.79623887e+02  4.95234500e+01  1.79623887e+02  3.12510939e+00 
 1.80658273e+02  4.95234364e+01  1.80658273e+02  3.12501448e+00 
 1.81698617e+02  4.95234226e+01  1.81698617e+02  3.12491903e+00 
 1.82744951e+02  4.95234087e+01  1.82744951e+02  3.12482304e+00 
 1.83797311e+02  4.95233946e+01  1.83797311e+02  3.12472648e+00 
 1.84855730e+02  4.95233804e+01  1.84855730e+02  3.12462938e+00 
 1.85920245e+02  4.95233659e+01  1.85920245e+02  3.12453171e+00 
 1.86990890e+02  4.95233513e+01  1.86990890e+02  3.12443348e+00 
 1.88067700e+02  4.95233366e+01  1.88067700e+02  3.12433469e+00 
 1.89150712e+02  4.95233216e+01  1.89150712e+02  3.12423533e+00 
 1.90239960e+02  4.95233065e+01  1.90239960e+02  3.12413539e+00 
 1.91335480e+02  4.95232913e+01  1.91335480e+02  3.12403488e+00 
 1.92437310e+02  4.95232758e+01  1.92437310e+02  3.12393379e+00 
 1.93545484e+02  4.95232602e+01  1.93545484e+02  3.12383213e+00 
 1.94660040e+02  4.95232444e+01  1.94660040e+02  3.12372987e+00 
 1.95781014e+02  4.95232284e+01  1.95781014e+02  3.12362703e+00 
 1.96908443e+02  4.95232122e+01  1.96908443e+02  3.12352359e+00 
 1.98042365e+02  4.95231958e+01  1.98042365e+02  3.12341956e+00 
 1.99182817e+02  4.95231793e+01  1.99182817e+02  3.12331493e+00 
 2.00329836e+02  4.95231625e+01  2.00329836e+02  3.12320970e+00 
 2.01483461e+02  4.95231456e+01  2.01483461e+02  3.12310387e+00 
 2.02643728e+02  4.95231284e+01  2.02643728e+02  3.12299742e+00 
 2.03810678e+02  4.95231111e+01  2.03810678e+02  3.12289036e+00 
 2.04984347e+02  4.95230936e+01  2.04984347e+02  3.12278269e+00 
 2.06164775e+02  4.95230758e+01  2.06164775e+02  3.12267440e+00 
 2.07352000e+02  4.95230579e+01  2.07352000e+02  3.12256548e+00 
 2.08546063e+02  4.95230398e+01  2.08546063e+02  3.12245593e+00 
 2.09747001e+02  4.95230214e+01  2.09747001e+02  3.12234576e+00 
 2.10954856e+02  4.95230028e+01  2.10954856e+02  3.12223495e+00 
 2.12169666e+02  4.95229840e+01  2.12169666e+02  3.12212351e+00 
 2.13391471e+02  4.95229650e+01  2.13391471e+02  3.12201142e+00 
 2.14620313e+02  4.95229458e+01  2.14620313e+02  3.12189869e+00 
 2.15856230e+02  4.95229264e+01  2.15856230e+02  3.12178531e+00 
 2.17099265e+02  4.95229067e+01  2.17099265e+02  3.12167127e+00 
 2.18349459e+02  4.95228868e+01  2.18349459e+02  3.12155658e+00 
 2.19606851e+02  4.95228667e+01  2.19606851e+02  3.12144124e+00 
 2.20871485e+02  4.95228463e+01  2.20871485e+02  3.12132522e+00 
 2.22143401e+02  4.95228257e+01  2.22143401e+02  3.12120854e+00 
 2.23422641e+02  4.95228049e+01  2.23422641e+02  3.12109119e+00 
 2.24709249e+02  4.95227839e+01  2.24709249e+02  3.12097316e+00 
 2.26003265e+02  4.95227625e+01  2.26003265e+02  3.12085446e+00 
 2.27304733e+02  4.95227410e+01  2.27304733e+02  3.12073507e+00 
 2.28613696e+02  4.95227192e+01  2.28613696e+02  3.12061499e+00 
 2.29930196e+02  4.95226971e+01  2.29930196e+02  3.12049423e+00 
 2.31254278e+02  4.95226748e+01  2.31254278e+02  3.12037276e+00 
 2.32585985e+02  4.95226522e+01  2.32585985e+02  3.12025060e+00 
 2.33925360e+02  4.95226294e+01  2.33925360e+02  3.12012774e+00 
 2.35272449e+02  4.95226063e+01  2.35272449e+02  3.12000417e+00 
 2.36627294e+02  4.95225829e+01  2.36627294e+02  3.11987989e+00 
 2.37989942e+02  4.95225593e+01  2.37989942e+02  3.11975489e+00 
 2.39360437e+02  4.95225354e+01  2.39360437e+02  3.11962918e+00 
 2.40738824e+02  4.95225112e+01  2.40738824e+02  3.11950274e+00 
 2.42125149e+02  4.95224868e+01  2.42125149e+02  3.11937557e+00 
 2.43519457e+02  4.95224620e+01  2.43519457e+02  3.11924768e+00 
 2.44921794e+02  4.95224370e+01  2.44921794e+02  3.11911904e+00 
 2.46332206e+02  4.95224117e+01  2.46332206e+02  3.11898967e+00 
 2.47750741e+02  4.95223861e+01  2.47750741e+02  3.11885955e+00 
 2.49177445e+02  4.95223602e+01  2.49177445e+02  3.11872869e+00 
 2.50612364e+02  4.95223340e+01  2.50612364e+02  3.11859707e+00 
 2.52055547e+02  4.95223075e+01  2.52055547e+02  3.11846469e+00 
 2.53507040e+02  4.95222806e+01  2.53507040e+02  3.11833156e+00 
 2.54966892e+02  4.95222535e+01  2.54966892e+02  3.11819765e+00 
 2.56435151e+02  4.95222261e+01  2.56435151e+02  3.11806298e+00 
 2.57911865e+02  4.95221983e+01  2.57911865e+02  3.11792753e+00 
 2.59397083e+02  4.95221703e+01  2.59397083e+02  3.11779130e+00 
 2.60890853e+02  4.95221419e+01  2.60890853e+02  3.11765429e+00 
 2.62393226e+02  4.95221131e+01  2.62393226e+02  3.11751649e+00 
 2.63904250e+02  4.95220841e+01  2.63904250e+02  3.11737790e+00 
 2.65423975e+02  4.95220547e+01  2.65423975e+02  3.11723851e+00 
 2.66952453e+02  4.95220250e+01  2.66952453e+02  3.11709832e+00 
 2.68489732e+02  4.95219949e+01  2.68489732e+02  3.11695733e+00 
 2.70035863e+02  4.95219645e+01  2.70035863e+02  3.11681552e+00 
 2.71590899e+02  4.95219337e+01  2.71590899e+02  3.11667289e+00 
 2.73154889e+02  4.95219026e+01  2.73154889e+02  3.11652945e+00 
 2.74727885e+02  4.95218711e+01  2.74727885e+02  3.11638518e+00 
 2.76309940e+02  4.95218392e+01  2.76309940e+02  3.11624008e+00 
 2.77901105e+02  4.95218070e+01  2.77901105e+02  3.11609415e+00 
 2.79501434e+02  4.95217744e+01  2.79501434e+02  3.11594738e+00 
 2.81110978e+02  4.95217415e+01  2.81110978e+02  3.11579976e+00 
 2.82729790e+02  4.95217081e+01  2.82729790e+02  3.11565130e+00 
 2.84357925e+02  4.95216744e+01  2.84357925e+02  3.11550198e+00 
 2.85995436e+02  4.95216403e+01  2.85995436e+02  3.11535180e+00 
 2.87642376e+02  4.95216058e+01  2.87642376e+02  3.11520076e+00 
 2.89298801e+02  4.95215708e+01  2.89298801e+02  3.11504885e+00 
 2.90964764e+02  4.95215355e+01  2.90964764e+02  3.11489607e+00 
 2.92640321e+02  4.95214998e+01  2.92640321e+02  3.11474240e+00 
 2.94325527e+02  4.95214637e+01  2.94325527e+02  3.11458786e+00 
 2.96020437e+02  4.95214271e+01  2.96020437e+02  3.11443242e+00 
 2.97725108e+02  4.95213901e+01  2.97725108e+02  3.11427610e+00 
 2.99439595e+02  4.95213527e+01  2.99439595e+02  3.11411887e+00 
 3.01163955e+02  4.95213149e+01  3.01163955e+02  3.11396074e+00 
 3.02898246e+02  4.95212766e+01  3.02898246e+02  3.11380170e+00 
 3.04642523e+02  4.95212379e+01  3.04642523e+02  3.11364174e+00 
 3.06396845e+02  4.95211988e+01  3.06396845e+02  3.11348087e+00 
 3.08161270e+02  4.95211592e+01  3.08161270e+02  3.11331907e+00 
 3.09935855e+02  4.95211191e+01  3.09935855e+02  3.11315634e+00 
 3.11720659e+02  4.95210786e+01  3.11720659e+02  3.11299267e+00 
 3.13515742e+02  4.95210376e+01  3.13515742e+02  3.11282807e+00 
 3.15321161e+02  4.95209961e+01  3.15321161e+02  3.11266252e+00 
 3.17136977e+02  4.95209542e+01  3.17136977e+02  3.11249601e+00 
 3.18963250e+02  4.95209117e+01  3.18963250e+02  3.11232855e+00 
 3.20800040e+02  4.95208688e+01  3.20800040e+02  3.11216013e+00 
 3.22647407e+02  4.95208254e+01  3.22647407e+02  3.11199073e+00 
 3.24505413e+02  4.95207815e+01  3.24505413e+02  3.11182037e+00 
 3.26374118e+02  4.95207370e+01  3.26374118e+02  3.11164902e+00 
 3.28253584e+02  4.95206921e+01  3.28253584e+02  3.11147669e+00 
 3.30143873e+02  4.95206467e+01  3.30143873e+02  3.11130337e+00 
 3.32045048e+02  4.95206007e+01  3.32045048e+02  3.11112905e+00 
 3.33957171e+02  4.95205542e+01  3.33957171e+02  3.11095374e+00 
 3.35880305e+02  4.95205071e+01  3.35880305e+02  3.11077741e+00 
 3.37814514e+02  4.95204595e+01  3.37814514e+02  3.11060007e+00 
 3.39759861e+02  4.95204114e+01  3.39759861e+02  3.11042171e+00 
 3.41716410e+02  4.95203627e+01  3.41716410e+02  3.11024232e+00 
 3.43684227e+02  4.95203134e+01  3.43684227e+02  3.11006191e+00 
 3.45663375e+02  4.95202636e+01  3.45663375e+02  3.10988046e+00 
 3.47653921e+02  4.95202132e+01  3.47653921e+02  3.10969796e+00 
 3.49655930e+02  4.95201622e+01  3.49655930e+02  3.10951442e+00 
 3.51669467e+02  4.95201106e+01  3.51669467e+02  3.10932982e+00 
 3.53694600e+02  4.95200585e+01  3.53694600e+02  3.10914416e+00 
 3.55731394e+02  4.95200057e+01  3.55731394e+02  3.10895743e+00 
 3.57779918e+02  4.95199523e+01  3.57779918e+02  3.10876963e+00 
 3.59840238e+02  4.95198983e+01  3.59840238e+02  3.10858075e+00 
 3.61912423e+02  4.95198437e+01  3.61912423e+02  3.10839079e+00 
 3.63996541e+02  4.95197885e+01  3.63996541e+02  3.10819973e+00 
 3.66092661e+02  4.95197326e+01  3.66092661e+02  3.10800758e+00 
 3.68200851e+02  4.95196761e+01  3.68200851e+02  3.10781432e+00 
 3.70321182e+02  4.95196189e+01  3.70321182e+02  3.10761996e+00 
 3.72453723e+02  4.95195610e+01  3.72453723e+02  3.10742447e+00 
 3.74598544e+02  4.95195025e+01  3.74598544e+02  3.10722786e+00 
 3.76755716e+02  4.95194434e+01  3.76755716e+02  3.10703013e+00 
 3.78925311e+02  4.95193835e+01  3.78925311e+02  3.10683125e+00 
 3.81107400e+02  4.95193229e+01  3.81107400e+02  3.10663124e+00 
 3.83302055e+02  4.95192617e+01  3.83302055e+02  3.10643007e+00 
 3.85509347e+02  4.95191997e+01  3.85509347e+02  3.10622775e+00 
 3.87729351e+02  4.95191370e+01  3.87729351e+02  3.10602427e+00 
 3.89962139e+02  4.95190737e+01  3.89962139e+02  3.10581962e+00 
 3.92207785e+02  4.95190095e+01  3.92207785e+02  3.10561380e+00 
 3.94466362e+02  4.95189447e+01  3.94466362e+02  3.10540679e+00 
 3.96737946e+02  4.95188790e+01  3.96737946e+02  3.10519859e+00 
 3.99022611e+02  4.95188127e+01  3.99022611e+02  3.10498920e+00 
 4.01320433e+02  4.95187455e+01  4.01320433e+02  3.10477860e+00 
 4.03631487e+02  4.95186776e+01  4.03631487e+02  3.10456679e+00 
 4.05955849e+02  4.95186089e+01  4.05955849e+02  3.10435377e+00 
 4.08293596e+02  4.95185394e+01  4.08293596e+02  3.10413953e+00 
 4.10644806e+02  4.95184691e+01  4.10644806e+02  3.10392405e+00 
 4.13009556e+02  4.95183980e+01  4.13009556e+02  3.10370734e+00 
 4.15387923e+02  4.95183261e+01  4.15387923e+02  3.10348938e+00 
 4.17779986e+02  4.95182533e+01  4.17779986e+02  3.10327017e+00 
 4.20185824e+02  4.95181798e+01  4.20185824e+02  3.10304971e+00 
 4.22605517e+02  4.95181053e+01  4.22605517e+02  3.10282797e+00 
 4.25039143e+02  4.95180300e+01  4.25039143e+02  3.10260497e+00 
 4.27486784e+02  4.95179538e+01  4.27486784e+02  3.10238068e+00 
 4.29948521e+02  4.95178768e+01  4.29948521e+02  3.10215511e+00 
 4.32424433e+02  4.95177989e+01  4.32424433e+02  3.10192824e+00 
 4.34914603e+02  4.95177200e+01  4.34914603e+02  3.10170007e+00 
 4.37419113e+02  4.95176403e+01  4.37419113e+02  3.10147059e+00 
 4.39938046e+02  4.95175596e+01  4.39938046e+02  3.10123979e+00 
 4.42471484e+02  4.95174780e+01  4.42471484e+02  3.10100767e+00 
 4.45019511e+02  4.95173955e+01  4.45019511e+02  3.10077421e+00 
 4.47582212e+02  4.95173120e+01  4.47582212e+02  3.10053942e+00 
 4.50159670e+02  4.95172276e+01  4.50159670e+02  3.10030327e+00 
 4.52751970e+02  4.95171422e+01  4.52751970e+02  3.10006578e+00 
 4.55359199e+02  4.95170558e+01  4.55359199e+02  3.09982691e+00 
 4.57981442e+02  4.95169684e+01  4.57981442e+02  3.09958668e+00 
 4.60618785e+02  4.95168799e+01  4.60618785e+02  3.09934507e+00 
 4.63271316e+02  4.95167905e+01  4.63271316e+02  3.09910208e+00 
 4.65939122e+02  4.95167001e+01  4.65939122e+02  3.09885769e+00 
 4.68622291e+02  4.95166086e+01  4.68622291e+02  3.09861189e+00 
 4.71320911e+02  4.95165160e+01  4.71320911e+02  3.09836469e+00 
 4.74035071e+02  4.95164224e+01  4.74035071e+02  3.09811607e+00 
 4.76764861e+02  4.95163277e+01  4.76764861e+02  3.09786602e+00 
 4.79510371e+02  4.95162319e+01  4.79510371e+02  3.09761454e+00 
 4.82271692e+02  4.95161350e+01  4.82271692e+02  3.09736162e+00 
 4.85048914e+02  4.95160370e+01  4.85048914e+02  3.09710724e+00 
 4.87842128e+02  4.95159378e+01  4.87842128e+02  3.09685141e+00 
 4.90651428e+02  4.95158375e+01  4.90651428e+02  3.09659410e+00 
 4.93476906e+02  4.95157361e+01  4.93476906e+02  3.09633533e+00 
 4.96318654e+02  4.95156335e+01  4.96318654e+02  3.09607507e+00 
 4.99176767e+02  4.95155297e+01  4.99176767e+02  3.09581331e+00 
 5.02051339e+02  4.95154247e+01  5.02051339e+02  3.09555006e+00 
 5.04942464e+02  4.95153185e+01  5.04942464e+02  3.09528529e+00 
 5.07850239e+02  4.95152110e+01  5.07850239e+02  3.09501901e+00 
 5.10774758e+02  4.95151024e+01  5.10774758e+02  3.09475120e+00 
 5.13716118e+02  4.95149924e+01  5.13716118e+02  3.09448185e+00 
 5.16674416e+02  4.95148813e+01  5.16674416e+02  3.09421097e+00 
 5.19649751e+02  4.95147688e+01  5.19649751e+02  3.09393852e+00 
 5.22642219e+02  4.95146550e+01  5.22642219e+02  3.09366452e+00 
 5.25651919e+02  4.95145399e+01  5.25651919e+02  3.09338895e+00 
 5.28678951e+02  4.95144235e+01  5.28678951e+02  3.09311179e+00 
 5.31723415e+02  4.95143058e+01  5.31723415e+02  3.09283305e+00 
 5.34785411e+02  4.95141867e+01  5.34785411e+02  3.09255271e+00 
 5.37865040e+02  4.95140662e+01  5.37865040e+02  3.09227076e+00 
 5.40962403e+02  4.95139444e+01  5.40962403e+02  3.09198720e+00 
 5.44077602e+02  4.95138211e+01  5.44077602e+02  3.09170201e+00 
 5.47210741e+02  4.95136964e+01  5.47210741e+02  3.09141519e+00 
 5.50361923e+02  4.95135703e+01  5.50361923e+02  3.09112673e+00 
 5.53531250e+02  4.95134427e+01  5.53531250e+02  3.09083661e+00 
 5.56718829e+02  4.95133137e+01  5.56718829e+02  3.09054483e+00 
 5.59924764e+02  4.95131832e+01  5.59924764e+02  3.09025138e+00 
 5.63149161e+02  4.95130511e+01  5.63149161e+02  3.08995625e+00 
 5.66392126e+02  4.95129176e+01  5.66392126e+02  3.08965943e+00 
 5.69653766e+02  4.95127825e+01  5.69653766e+02  3.08936090e+00 
 5.72934188e+02  4.95126458e+01  5.72934188e+02  3.08906067e+00 
 5.76233501e+02  4.95125076e+01  5.76233501e+02  3.08875872e+00 
 5.79551814e+02  4.95123678e+01  5.79551814e+02  3.08845504e+00 
 5.82889235e+02  4.95122264e+01  5.82889235e+02  3.08814962e+00 
 5.86245876e+02  4.95120833e+01  5.86245876e+02  3.08784245e+00 
 5.89621846e+02  4.95119386e+01  5.89621846e+02  3.08753352e+00 
 5.93017257e+02  4.95117923e+01  5.93017257e+02  3.08722283e+00 
 5.96432221e+02  4.95116442e+01  5.96432221e+02  3.08691036e+00 
 5.99866850e+02  4.95114945e+01  5.99866850e+02  3.08659609e+00 
 6.03321259e+02  4.95113430e+01  6.03321259e+02  3.08628003e+00 
 6.06795560e+02  4.95111897e+01  6.06795560e+02  3.08596216e+00 
 6.10289868e+02  4.95110348e+01  6.10289868e+02  3.08564247e+00 
 6.13804298e+02  4.95108780e+01  6.13804298e+02  3.08532095e+00 
 6.17338967e+02  4.95107194e+01  6.17338967e+02  3.08499759e+00 
 6.20893990e+02  4.95105590e+01  6.20893990e+02  3.08467239e+00 
 6.24469486e+02  4.95103967e+01  6.24469486e+02  3.08434532e+00 
 6.28065572e+02  4.95102326e+01  6.28065572e+02  3.08401638e+00 
 6.31682366e+02  4.95100666e+01  6.31682366e+02  3.08368555e+00 
 6.35319988e+02  4.95098987e+01  6.35319988e+02  3.08335284e+00 
 6.38978557e+02  4.95097288e+01  6.38978557e+02  3.08301822e+00 
 6.42658195e+02  4.95095570e+01  6.42658195e+02  3.08268169e+00 
 6.46359022e+02  4.95093832e+01  6.46359022e+02  3.08234323e+00 
 6.50081162e+02  4.95092074e+01  6.50081162e+02  3.08200284e+00 
 6.53824735e+02  4.95090296e+01  6.53824735e+02  3.08166051e+00 
 6.57589867e+02  4.95088498e+01  6.57589867e+02  3.08131621e+00 
 6.61376680e+02  4.95086679e+01  6.61376680e+02  3.08096995e+00 
 6.65185300e+02  4.95084838e+01  6.65185300e+02  3.08062171e+00 
 6.69015853e+02  4.95082977e+01  6.69015853e+02  3.08027147e+00 
 6.72868464e+02  4.95081094e+01  6.72868464e+02  3.07991924e+00 
 6.76743262e+02  4.95079190e+01  6.76743262e+02  3.07956499e+00 
 6.80640372e+02  4.95077263e+01  6.80640372e+02  3.07920872e+00 
 6.84559925e+02  4.95075315e+01  6.84559925e+02  3.07885041e+00 
 6.88502049e+02  4.95073344e+01  6.88502049e+02  3.07849006e+00 
 6.92466874e+02  4.95071350e+01  6.92466874e+02  3.07812765e+00 
 6.96454531e+02  4.95069334e+01  6.96454531e+02  3.07776316e+00 
 7.00465151e+02  4.95067294e+01  7.00465151e+02  3.07739660e+00 
 7.04498867e+02  4.95065231e+01  7.04498867e+02  3.07702794e+00 
 7.08555812e+02  4.95063144e+01  7.08555812e+02  3.07665718e+00 
 7.12636119e+02  4.95061033e+01  7.12636119e+02  3.07628430e+00 
 7.16739924e+02  4.95058898e+01  7.16739924e+02  3.07590929e+00 
 7.20867360e+02  4.95056738e+01  7.20867360e+02  3.07553214e+00 
 7.25018565e+02  4.95054553e+01  7.25018565e+02  3.07515283e+00 
 7.29193675e+02  4.95052343e+01  7.29193675e+02  3.07477137e+00 
 7.33392828e+02  4.95050108e+01  7.33392828e+02  3.07438772e+00 
 7.37616162e+02  4.95047847e+01  7.37616162e+02  3.07400188e+00 
 7.41863817e+02  4.95045560e+01  7.41863817e+02  3.07361385e+00 
 7.46135932e+02  4.95043247e+01  7.46135932e+02  3.07322360e+00 
 7.50432649e+02  4.95040908e+01  7.50432649e+02  3.07283112e+00 
 7.54754109e+02  4.95038541e+01  7.54754109e+02  3.07243641e+00 
 7.59100455e+02  4.95036147e+01  7.59100455e+02  3.07203944e+00 
 7.63471830e+02  4.95033726e+01  7.63471830e+02  3.07164021e+00 
 7.67868378e+02  4.95031277e+01  7.67868378e+02  3.07123870e+00 
 7.72290244e+02  4.95028799e+01  7.72290244e+02  3.07083491e+00 
 7.76737574e+02  4.95026293e+01  7.76737574e+02  3.07042881e+00 
 7.81210514e+02  4.95023759e+01  7.81210514e+02  3.07002040e+00 
 7.85709213e+02  4.95021195e+01  7.85709213e+02  3.06960966e+00 
 7.90233817e+02  4.95018602e+01  7.90233817e+02  3.06919657e+00 
 7.94784478e+02  4.95015979e+01  7.94784478e+02  3.06878114e+00 
 7.99361343e+02  4.95013326e+01  7.99361343e+02  3.06836334e+00 
 8.03964565e+02  4.95010642e+01  8.03964565e+02  3.06794315e+00 
 8.08594296e+02  4.95007928e+01  8.08594296e+02  3.06752058e+00 
 8.13250687e+02  4.95005182e+01  8.13250687e+02  3.06709559e+00 
 8.17933893e+02  4.95002405e+01  8.17933893e+02  3.06666819e+00 
 8.22644067e+02  4.94999596e+01  8.22644067e+02  3.06623836e+00 
 8.27381366e+02  4.94996755e+01  8.27381366e+02  3.06580607e+00 
 8.32145945e+02  4.94993881e+01  8.32145945e+02  3.06537133e+00 
 8.36937961e+02  4.94990974e+01  8.36937961e+02  3.06493411e+00 
 8.41757573e+02  4.94988034e+01  8.41757573e+02  3.06449440e+00 
 8.46604939e+02  4.94985060e+01  8.46604939e+02  3.06405219e+00 
 8.51480220e+02  4.94982051e+01  8.51480220e+02  3.06360747e+00 
 8.56383575e+02  4.94979009e+01  8.56383575e+02  3.06316021e+00 
 8.61315167e+02  4.94975931e+01  8.61315167e+02  3.06271041e+00 
 8.66275158e+02  4.94972818e+01  8.66275158e+02  3.06225806e+00 
 8.71263712e+02  4.94969669e+01  8.71263712e+02  3.06180313e+00 
 8.76280993e+02  4.94966484e+01  8.76280993e+02  3.06134561e+00 
 8.81327166e+02  4.94963263e+01  8.81327166e+02  3.06088550e+00 
 8.86402399e+02  4.94960005e+01  8.86402399e+02  3.06042277e+00 
 8.91506858e+02  4.94956709e+01  8.91506858e+02  3.05995741e+00 
 8.96640711e+02  4.94953375e+01  8.96640711e+02  3.05948940e+00 
 9.01804129e+02  4.94950004e+01  9.01804129e+02  3.05901874e+00 
 9.06997281e+02  4.94946593e+01  9.06997281e+02  3.05854540e+00 
 9.12220338e+02  4.94943143e+01  9.12220338e+02  3.05806938e+00 
 9.17473473e+02  4.94939654e+01  9.17473473e+02  3.05759065e+00 
 9.22756858e+02  4.94936125e+01  9.22756858e+02  3.05710920e+00 
 9.28070669e+02  4.94932555e+01  9.28070669e+02  3.05662502e+00 
 9.33415080e+02  4.94928945e+01  9.33415080e+02  3.05613810e+00 
 9.38790267e+02  4.94925293e+01  9.38790267e+02  3.05564841e+00 
 9.44196408e+02  4.94921599e+01  9.44196408e+02  3.05515594e+00 
 9.49633681e+02  4.94917863e+01  9.49633681e+02  3.05466068e+00 
 9.55102266e+02  4.94914084e+01  9.55102266e+02  3.05416260e+00 
 9.60602341e+02  4.94910261e+01  9.60602341e+02  3.05366171e+00 
 9.66134090e+02  4.94906395e+01  9.66134090e+02  3.05315797e+00 
 9.71697694e+02  4.94902485e+01  9.71697694e+02  3.05265138e+00 
 9.77293337e+02  4.94898529e+01  9.77293337e+02  3.05214192e+00 
 9.82921202e+02  4.94894529e+01  9.82921202e+02  3.05162957e+00 
 9.88581477e+02  4.94890482e+01  9.88581477e+02  3.05111432e+00 
 9.94274347e+02  4.94886390e+01  9.94274347e+02  3.05059615e+00 
 1.00000000e+03  4.94882250e+01  1.00000000e+03  3.05007505e+00 
 1.00575862e+03  4.94878063e+01  1.00575862e+03  3.04955099e+00 
 1.01155041e+03  4.94873828e+01  1.01155041e+03  3.04902397e+00 
 1.01737555e+03  4.94869544e+01  1.01737555e+03  3.04849397e+00 
 1.02323424e+03  4.94865212e+01  1.02323424e+03  3.04796096e+00 
 1.02912666e+03  4.94860829e+01  1.02912666e+03  3.04742494e+00 
 1.03505301e+03  4.94856397e+01  1.03505301e+03  3.04688589e+00 
 1.04101349e+03  4.94851914e+01  1.04101349e+03  3.04634379e+00 
 1.04700830e+03  4.94847380e+01  1.04700830e+03  3.04579863e+00 
 1.05303763e+03  4.94842793e+01  1.05303763e+03  3.04525038e+00 
 1.05910168e+03  4.94838155e+01  1.05910168e+03  3.04469903e+00 
 1.06520065e+03  4.94833463e+01  1.06520065e+03  3.04414457e+00 
 1.07133474e+03  4.94828717e+01  1.07133474e+03  3.04358698e+00 
 1.07750415e+03  4.94823917e+01  1.07750415e+03  3.04302623e+00 
 1.08370910e+03  4.94819063e+01  1.08370910e+03  3.04246232e+00 
 1.08994977e+03  4.94814152e+01  1.08994977e+03  3.04189523e+00 
 1.09622638e+03  4.94809186e+01  1.09622638e+03  3.04132494e+00 
 1.10253914e+03  4.94804163e+01  1.10253914e+03  3.04075143e+00 
 1.10888825e+03  4.94799082e+01  1.10888825e+03  3.04017468e+00 
 1.11527392e+03  4.94793944e+01  1.11527392e+03  3.03959468e+00 
 1.12169636e+03  4.94788746e+01  1.12169636e+03  3.03901141e+00 
 1.12815579e+03  4.94783489e+01  1.12815579e+03  3.03842485e+00 
 1.13465242e+03  4.94778173e+01  1.13465242e+03  3.03783498e+00 
 1.14118646e+03  4.94772795e+01  1.14118646e+03  3.03724179e+00 
 1.14775812e+03  4.94767356e+01  1.14775812e+03  3.03664526e+00 
 1.15436763e+03  4.94761855e+01  1.15436763e+03  3.03604537e+00 
 1.16101520e+03  4.94756291e+01  1.16101520e+03  3.03544210e+00 
 1.16770105e+03  4.94750663e+01  1.16770105e+03  3.03483544e+00 
 1.17442540e+03  4.94744971e+01  1.17442540e+03  3.03422536e+00 
 1.18118848e+03  4.94739214e+01  1.18118848e+03  3.03361185e+00 
 1.18799050e+03  4.94733392e+01  1.18799050e+03  3.03299489e+00 
 1.19483169e+03  4.94727503e+01  1.19483169e+03  3.03237446e+00 
 1.20171228e+03  4.94721547e+01  1.20171228e+03  3.03175054e+00 
 1.20863249e+03  4.94715523e+01  1.20863249e+03  3.03112311e+00 
 1.21559255e+03  4.94709430e+01  1.21559255e+03  3.03049216e+00 
 1.22259269e+03  4.94703267e+01  1.22259269e+03  3.02985767e+00 
 1.22963314e+03  4.94697035e+01  1.22963314e+03  3.02921961e+00 
 1.23671414e+03  4.94690731e+01  1.23671414e+03  3.02857797e+00 
 1.24383591e+03  4.94684355e+01  1.24383591e+03  3.02793273e+00 
 1.25099870e+03  4.94677907e+01  1.25099870e+03  3.02728388e+00 
 1.25820273e+03  4.94671385e+01  1.25820273e+03  3.02663138e+00 
 1.26544825e+03  4.94664789e+01  1.26544825e+03  3.02597522e+00 
 1.27273549e+03  4.94658118e+01  1.27273549e+03  3.02531539e+00 
 1.28006470e+03  4.94651370e+01  1.28006470e+03  3.02465185e+00 
 1.28743611e+03  4.94644546e+01  1.28743611e+03  3.02398461e+00 
 1.29484997e+03  4.94637644e+01  1.29484997e+03  3.02331362e+00 
 1.30230653e+03  4.94630663e+01  1.30230653e+03  3.02263888e+00 
 1.30980602e+03  4.94623603e+01  1.30980602e+03  3.02196036e+00 
 1.31734870e+03  4.94616463e+01  1.31734870e+03  3.02127805e+00 
 1.32493482e+03  4.94609241e+01  1.32493482e+03  3.02059192e+00 
 1.33256462e+03  4.94601937e+01  1.33256462e+03  3.01990196e+00 
 1.34023836e+03  4.94594550e+01  1.34023836e+03  3.01920814e+00 
 1.34795629e+03  4.94587079e+01  1.34795629e+03  3.01851044e+00 
 1.35571867e+03  4.94579523e+01  1.35571867e+03  3.01780885e+00 
 1.36352574e+03  4.94571881e+01  1.36352574e+03  3.01710334e+00 
 1.37137778e+03  4.94564152e+01  1.37137778e+03  3.01639389e+00 
 1.37927503e+03  4.94556336e+01  1.37927503e+03  3.01568049e+00 
 1.38721775e+03  4.94548430e+01  1.38721775e+03  3.01496310e+00 
 1.39520622e+03  4.94540435e+01  1.39520622e+03  3.01424172e+00 
 1.40324069e+03  4.94532348e+01  1.40324069e+03  3.01351632e+00 
 1.41132143e+03  4.94524170e+01  1.41132143e+03  3.01278688e+00 
 1.41944870e+03  4.94515899e+01  1.41944870e+03  3.01205337e+00 
 1.42762277e+03  4.94507534e+01  1.42762277e+03  3.01131579e+00 
 1.43584391e+03  4.94499074e+01  1.43584391e+03  3.01057410e+00 
 1.44411240e+03  4.94490518e+01  1.44411240e+03  3.00982828e+00 
 1.45242850e+03  4.94481865e+01  1.45242850e+03  3.00907832e+00 
 1.46079249e+03  4.94473113e+01  1.46079249e+03  3.00832419e+00 
 1.46920465e+03  4.94464263e+01  1.46920465e+03  3.00756587e+00 
 1.47766525e+03  4.94455312e+01  1.47766525e+03  3.00680334e+00 
 1.48617457e+03  4.94446259e+01  1.48617457e+03  3.00603658e+00 
 1.49473289e+03  4.94437104e+01  1.49473289e+03  3.00526556e+00 
 1.50334050e+03  4.94427845e+01  1.50334050e+03  3.00449027e+00 
 1.51199767e+03  4.94418481e+01  1.51199767e+03  3.00371068e+00 
 1.52070470e+03  4.94409011e+01  1.52070470e+03  3.00292677e+00 
 1.52946187e+03  4.94399434e+01  1.52946187e+03  3.00213852e+00 
 1.53826946e+03  4.94389748e+01  1.53826946e+03  3.00134591e+00 
 1.54712778e+03  4.94379953e+01  1.54712778e+03  3.00054891e+00 
 1.55603711e+03  4.94370046e+01  1.55603711e+03  2.99974750e+00 
 1.56499774e+03  4.94360028e+01  1.56499774e+03  2.99894167e+00 
 1.57400998e+03  4.94349896e+01  1.57400998e+03  2.99813138e+00 
 1.58307411e+03  4.94339650e+01  1.58307411e+03  2.99731661e+00 
 1.59219044e+03  4.94329287e+01  1.59219044e+03  2.99649735e+00 
 1.60135927e+03  4.94318808e+01  1.60135927e+03  2.99567357e+00 
 1.61058090e+03  4.94308210e+01  1.61058090e+03  2.99484524e+00 
 1.61985563e+03  4.94297492e+01  1.61985563e+03  2.99401235e+00 
 1.62918377e+03  4.94286653e+01  1.62918377e+03  2.99317487e+00 
 1.63856563e+03  4.94275692e+01  1.63856563e+03  2.99233278e+00 
 1.64800151e+03  4.94264607e+01  1.64800151e+03  2.99148606e+00 
 1.65749174e+03  4.94253397e+01  1.65749174e+03  2.99063467e+00 
 1.66703661e+03  4.94242060e+01  1.66703661e+03  2.98977861e+00 
 1.67663645e+03  4.94230595e+01  1.67663645e+03  2.98891784e+00 
 1.68629157e+03  4.94219001e+01  1.68629157e+03  2.98805235e+00 
 1.69600229e+03  4.94207276e+01  1.69600229e+03  2.98718210e+00 
 1.70576893e+03  4.94195419e+01  1.70576893e+03  2.98630708e+00 
 1.71559181e+03  4.94183429e+01  1.71559181e+03  2.98542727e+00 
 1.72547126e+03  4.94171303e+01  1.72547126e+03  2.98454263e+00 
 1.73540760e+03  4.94159040e+01  1.73540760e+03  2.98365315e+00 
 1.74540117e+03  4.94146640e+01  1.74540117e+03  2.98275880e+00 
 1.75545228e+03  4.94134100e+01  1.75545228e+03  2.98185956e+00 
 1.76556127e+03  4.94121418e+01  1.76556127e+03  2.98095540e+00 
 1.77572847e+03  4.94108594e+01  1.77572847e+03  2.98004630e+00 
 1.78595423e+03  4.94095626e+01  1.78595423e+03  2.97913224e+00 
 1.79623887e+03  4.94082512e+01  1.79623887e+03  2.97821319e+00 
 1.80658273e+03  4.94069250e+01  1.80658273e+03  2.97728913e+00 
 1.81698617e+03  4.94055839e+01  1.81698617e+03  2.97636004e+00 
 1.82744951e+03  4.94042278e+01  1.82744951e+03  2.97542588e+00 
 1.83797311e+03  4.94028564e+01  1.83797311e+03  2.97448664e+00 
 1.84855730e+03  4.94014696e+01  1.84855730e+03  2.97354228e+00 
 1.85920245e+03  4.94000673e+01  1.85920245e+03  2.97259280e+00 
 1.86990890e+03  4.93986492e+01  1.86990890e+03  2.97163816e+00 
 1.88067700e+03  4.93972152e+01  1.88067700e+03  2.97067833e+00 
 1.89150712e+03  4.93957652e+01  1.89150712e+03  2.96971330e+00 
 1.90239960e+03  4.93942989e+01  1.90239960e+03  2.96874304e+00 
 1.91335480e+03  4.93928161e+01  1.91335480e+03  2.96776752e+00 
 1.92437310e+03  4.93913167e+01  1.92437310e+03  2.96678672e+00 
 1.93545484e+03  4.93898006e+01  1.93545484e+03  2.96580062e+00 
 1.94660040e+03  4.93882675e+01  1.94660040e+03  2.96480918e+00 
 1.95781014e+03  4.93867172e+01  1.95781014e+03  2.96381239e+00 
 1.96908443e+03  4.93851495e+01  1.96908443e+03  2.96281022e+00 
 1.98042365e+03  4.93835644e+01  1.98042365e+03  2.96180264e+00 
 1.99182817e+03  4.93819615e+01  1.99182817e+03  2.96078963e+00 
 2.00329836e+03  4.93803407e+01  2.00329836e+03  2.95977117e+00 
 2.01483461e+03  4.93787018e+01  2.01483461e+03  2.95874722e+00 
 2.02643728e+03  4.93770446e+01  2.02643728e+03  2.95771777e+00 
 2.03810678e+03  4.93753689e+01  2.03810678e+03  2.95668279e+00 
 2.04984347e+03  4.93736745e+01  2.04984347e+03  2.95564225e+00 
 2.06164775e+03  4.93719612e+01  2.06164775e+03  2.95459614e+00 
 2.07352000e+03  4.93702288e+01  2.07352000e+03  2.95354441e+00 
 2.08546063e+03  4.93684771e+01  2.08546063e+03  2.95248705e+00 
 2.09747001e+03  4.93667058e+01  2.09747001e+03  2.95142403e+00 
 2.10954856e+03  4.93649149e+01  2.10954856e+03  2.95035533e+00 
 2.12169666e+03  4.93631040e+01  2.12169666e+03  2.94928092e+00 
 2.13391471e+03  4.93612730e+01  2.13391471e+03  2.94820078e+00 
 2.14620313e+03  4.93594216e+01  2.14620313e+03  2.94711488e+00 
 2.15856230e+03  4.93575496e+01  2.15856230e+03  2.94602319e+00 
 2.17099265e+03  4.93556568e+01  2.17099265e+03  2.94492569e+00 
 2.18349459e+03  4.93537430e+01  2.18349459e+03  2.94382236e+00 
 2.19606851e+03  4.93518080e+01  2.19606851e+03  2.94271316e+00 
 2.20871485e+03  4.93498515e+01  2.20871485e+03  2.94159807e+00 
 2.22143401e+03  4.93478732e+01  2.22143401e+03  2.94047707e+00 
 2.23422641e+03  4.93458731e+01  2.23422641e+03  2.93935013e+00 
 2.24709249e+03  4.93438508e+01  2.24709249e+03  2.93821723e+00 
 2.26003265e+03  4.93418060e+01  2.26003265e+03  2.93707834e+00 
 2.27304733e+03  4.93397387e+01  2.27304733e+03  2.93593343e+00 
 2.28613696e+03  4.93376484e+01  2.28613696e+03  2.93478247e+00 
 2.29930196e+03  4.93355351e+01  2.29930196e+03  2.93362545e+00 
 2.31254278e+03  4.93333983e+01  2.31254278e+03  2.93246234e+00 
 2.32585985e+03  4.93312380e+01  2.32585985e+03  2.93129310e+00 
 2.33925360e+03  4.93290538e+01  2.33925360e+03  2.93011772e+00 
 2.35272449e+03  4.93268455e+01  2.35272449e+03  2.92893617e+00 
 2.36627294e+03  4.93246128e+01  2.36627294e+03  2.92774842e+00 
 2.37989942e+03  4.93223555e+01  2.37989942e+03  2.92655445e+00 
 2.39360437e+03  4.93200734e+01  2.39360437e+03  2.92535423e+00 
 2.40738824e+03  4.93177660e+01  2.40738824e+03  2.92414774e+00 
 2.42125149e+03  4.93154333e+01  2.42125149e+03  2.92293495e+00 
 2.43519457e+03  4.93130749e+01  2.43519457e+03  2.92171583e+00 
 2.44921794e+03  4.93106906e+01  2.44921794e+03  2.92049036e+00 
 2.46332206e+03  4.93082801e+01  2.46332206e+03  2.91925851e+00 
 2.47750741e+03  4.93058431e+01  2.47750741e+03  2.91802027e+00 
 2.49177445e+03  4.93033793e+01  2.49177445e+03  2.91677559e+00 
 2.50612364e+03  4.93008885e+01  2.50612364e+03  2.91552446e+00 
 2.52055547e+03  4.92983703e+01  2.52055547e+03  2.91426684e+00 
 2.53507040e+03  4.92958246e+01  2.53507040e+03  2.91300273e+00 
 2.54966892e+03  4.92932510e+01  2.54966892e+03  2.91173208e+00 
 2.56435151e+03  4.92906492e+01  2.56435151e+03  2.91045488e+00 
 2.57911865e+03  4.92880189e+01  2.57911865e+03  2.90917109e+00 
 2.59397083e+03  4.92853599e+01  2.59397083e+03  2.90788070e+00 
 2.60890853e+03  4.92826718e+01  2.60890853e+03  2.90658368e+00 
 2.62393226e+03  4.92799544e+01  2.62393226e+03  2.90527999e+00 
 2.63904250e+03  4.92772073e+01  2.63904250e+03  2.90396963e+00 
 2.65423975e+03  4.92744303e+01  2.65423975e+03  2.90265256e+00 
 2.66952453e+03  4.92716229e+01  2.66952453e+03  2.90132875e+00 
 2.68489732e+03  4.92687850e+01  2.68489732e+03  2.89999818e+00 
 2.70035863e+03  4.92659162e+01  2.70035863e+03  2.89866084e+00 
 2.71590899e+03  4.92630162e+01  2.71590899e+03  2.89731668e+00 
 2.73154889e+03  4.92600847e+01  2.73154889e+03  2.89596569e+00 
 2.74727885e+03  4.92571213e+01  2.74727885e+03  2.89460784e+00 
 2.76309940e+03  4.92541257e+01  2.76309940e+03  2.89324311e+00 
 2.77901105e+03  4.92510977e+01  2.77901105e+03  2.89187147e+00 
 2.79501434e+03  4.92480368e+01  2.79501434e+03  2.89049289e+00 
 2.81110978e+03  4.92449427e+01  2.81110978e+03  2.88910737e+00 
 2.82729790e+03  4.92418152e+01  2.82729790e+03  2.88771486e+00 
 2.84357925e+03  4.92386538e+01  2.84357925e+03  2.88631534e+00 
 2.85995436e+03  4.92354583e+01  2.85995436e+03  2.88490879e+00 
 2.87642376e+03  4.92322282e+01  2.87642376e+03  2.88349519e+00 
 2.89298801e+03  4.92289632e+01  2.89298801e+03  2.88207452e+00 
 2.90964764e+03  4.92256631e+01  2.90964764e+03  2.88064674e+00 
 2.92640321e+03  4.92223274e+01  2.92640321e+03  2.87921183e+00 
 2.94325527e+03  4.92189557e+01  2.94325527e+03  2.87776978e+00 
 2.96020437e+03  4.92155478e+01  2.96020437e+03  2.87632055e+00 
 2.97725108e+03  4.92121032e+01  2.97725108e+03  2.87486413e+00 
 2.99439595e+03  4.92086216e+01  2.99439595e+03  2.87340048e+00 
 3.01163955e+03  4.92051027e+01  3.01163955e+03  2.87192959e+00 
 3.02898246e+03  4.92015459e+01  3.02898246e+03  2.87045144e+00 
 3.04642523e+03  4.91979511e+01  3.04642523e+03  2.86896600e+00 
 3.06396845e+03  4.91943178e+01  3.06396845e+03  2.86747325e+00 
 3.08161270e+03  4.91906456e+01  3.08161270e+03  2.86597316e+00 
 3.09935855e+03  4.91869341e+01  3.09935855e+03  2.86446571e+00 
 3.11720659e+03  4.91831830e+01  3.11720659e+03  2.86295089e+00 
 3.13515742e+03  4.91793919e+01  3.13515742e+03  2.86142866e+00 
 3.15321161e+03  4.91755603e+01  3.15321161e+03  2.85989902e+00 
 3.17136977e+03  4.91716879e+01  3.17136977e+03  2.85836192e+00 
 3.18963250e+03  4.91677743e+01  3.18963250e+03  2.85681736e+00 
 3.20800040e+03  4.91638191e+01  3.20800040e+03  2.85526531e+00 
 3.22647407e+03  4.91598218e+01  3.22647407e+03  2.85370575e+00 
 3.24505413e+03  4.91557822e+01  3.24505413e+03  2.85213867e+00 
 3.26374118e+03  4.91516996e+01  3.26374118e+03  2.85056402e+00 
 3.28253584e+03  4.91475739e+01  3.28253584e+03  2.84898181e+00 
 3.30143873e+03  4.91434044e+01  3.30143873e+03  2.84739201e+00 
 3.32045048e+03  4.91391909e+01  3.32045048e+03  2.84579459e+00 
 3.33957171e+03  4.91349329e+01  3.33957171e+03  2.84418953e+00 
 3.35880305e+03  4.91306299e+01  3.35880305e+03  2.84257683e+00 
 3.37814514e+03  4.91262815e+01  3.37814514e+03  2.84095645e+00 
 3.39759861e+03  4.91218874e+01  3.39759861e+03  2.83932838e+00 
 3.41716410e+03  4.91174470e+01  3.41716410e+03  2.83769260e+00 
 3.43684227e+03  4.91129599e+01  3.43684227e+03  2.83604909e+00 
 3.45663375e+03  4.91084257e+01  3.45663375e+03  2.83439783e+00 
 3.47653921e+03  4.91038440e+01  3.47653921e+03  2.83273880e+00 
 3.49655930e+03  4.90992143e+01  3.49655930e+03  2.83107198e+00 
 3.51669467e+03  4.90945361e+01  3.51669467e+03  2.82939737e+00 
 3.53694600e+03  4.90898089e+01  3.53694600e+03  2.82771493e+00 
 3.55731394e+03  4.90850324e+01  3.55731394e+03  2.82602465e+00 
 3.57779918e+03  4.90802061e+01  3.57779918e+03  2.82432652e+00 
 3.59840238e+03  4.90753295e+01  3.59840238e+03  2.82262051e+00 
 3.61912423e+03  4.90704021e+01  3.61912423e+03  2.82090661e+00 
 3.63996541e+03  4.90654235e+01  3.63996541e+03  2.81918481e+00 
 3.66092661e+03  4.90603932e+01  3.66092661e+03  2.81745509e+00 
 3.68200851e+03  4.90553107e+01  3.68200851e+03  2.81571743e+00 
 3.70321182e+03  4.90501755e+01  3.70321182e+03  2.81397182e+00 
 3.72453723e+03  4.90449872e+01  3.72453723e+03  2.81221824e+00 
 3.74598544e+03  4.90397453e+01  3.74598544e+03  2.81045668e+00 
 3.76755716e+03  4.90344493e+01  3.76755716e+03  2.80868712e+00 
 3.78925311e+03  4.90290986e+01  3.78925311e+03  2.80690955e+00 
 3.81107400e+03  4.90236928e+01  3.81107400e+03  2.80512395e+00 
 3.83302055e+03  4.90182315e+01  3.83302055e+03  2.80333032e+00 
 3.85509347e+03  4.90127140e+01  3.85509347e+03  2.80152864e+00 
 3.87729351e+03  4.90071399e+01  3.87729351e+03  2.79971889e+00 
 3.89962139e+03  4.90015087e+01  3.89962139e+03  2.79790107e+00 
 3.92207785e+03  4.89958199e+01  3.92207785e+03  2.79607516e+00 
 3.94466362e+03  4.89900730e+01  3.94466362e+03  2.79424115e+00 
 3.96737946e+03  4.89842674e+01  3.96737946e+03  2.79239903e+00 
 3.99022611e+03  4.89784026e+01  3.99022611e+03  2.79054879e+00 
 4.01320433e+03  4.89724782e+01  4.01320433e+03  2.78869042e+00 
 4.03631487e+03  4.89664935e+01  4.03631487e+03  2.78682391e+00 
 4.05955849e+03  4.89604480e+01  4.05955849e+03  2.78494924e+00 
 4.08293596e+03  4.89543413e+01  4.08293596e+03  2.78306642e+00 
 4.10644806e+03  4.89481728e+01  4.10644806e+03  2.78117542e+00 
 4.13009556e+03  4.89419420e+01  4.13009556e+03  2.77927625e+00 
 4.15387923e+03  4.89356482e+01  4.15387923e+03  2.77736890e+00 
 4.17779986e+03  4.89292910e+01  4.17779986e+03  2.77545335e+00 
 4.20185824e+03  4.89228699e+01  4.20185824e+03  2.77352960e+00 
 4.22605517e+03  4.89163842e+01  4.22605517e+03  2.77159764e+00 
 4.25039143e+03  4.89098334e+01  4.25039143e+03  2.76965747e+00 
 4.27486784e+03  4.89032170e+01  4.27486784e+03  2.76770909e+00 
 4.29948521e+03  4.88965345e+01  4.29948521e+03  2.76575248e+00 
 4.32424433e+03  4.88897852e+01  4.32424433e+03  2.76378764e+00 
 4.34914603e+03  4.88829686e+01  4.34914603e+03  2.76181458e+00 
 4.37419113e+03  4.88760841e+01  4.37419113e+03  2.75983327e+00 
 4.39938046e+03  4.88691312e+01  4.39938046e+03  2.75784373e+00 
 4.42471484e+03  4.88621093e+01  4.42471484e+03  2.75584595e+00 
 4.45019511e+03  4.88550178e+01  4.45019511e+03  2.75383992e+00 
 4.47582212e+03  4.88478562e+01  4.47582212e+03  2.75182565e+00 
 4.50159670e+03  4.88406238e+01  4.50159670e+03  2.74980313e+00 
 4.52751970e+03  4.88333202e+01  4.52751970e+03  2.74777237e+00 
 4.55359199e+03  4.88259446e+01  4.55359199e+03  2.74573336e+00 
 4.57981442e+03  4.88184966e+01  4.57981442e+03  2.74368610e+00 
 4.60618785e+03  4.88109756e+01  4.60618785e+03  2.74163060e+00 
 4.63271316e+03  4.88033808e+01  4.63271316e+03  2.73956685e+00 
 4.65939122e+03  4.87957119e+01  4.65939122e+03  2.73749487e+00 
 4.68622291e+03  4.87879681e+01  4.68622291e+03  2.73541464e+00 
 4.71320911e+03  4.87801489e+01  4.71320911e+03  2.73332618e+00 
 4.74035071e+03  4.87722537e+01  4.74035071e+03  2.73122949e+00 
 4.76764861e+03  4.87642819e+01  4.76764861e+03  2.72912457e+00 
 4.79510371e+03  4.87562329e+01  4.79510371e+03  2.72701143e+00 
 4.82271692e+03  4.87481060e+01  4.82271692e+03  2.72489007e+00 
 4.85048914e+03  4.87399007e+01  4.85048914e+03  2.72276051e+00 
 4.87842128e+03  4.87316164e+01  4.87842128e+03  2.72062274e+00 
 4.90651428e+03  4.87232524e+01  4.90651428e+03  2.71847678e+00 
 4.93476906e+03  4.87148082e+01  4.93476906e+03  2.71632263e+00 
 4.96318654e+03  4.87062831e+01  4.96318654e+03  2.71416030e+00 
 4.99176767e+03  4.86976766e+01  4.99176767e+03  2.71198980e+00 
 5.02051339e+03  4.86889879e+01  5.02051339e+03  2.70981115e+00 
 5.04942464e+03  4.86802166e+01  5.04942464e+03  2.70762435e+00 
 5.07850239e+03  4.86713619e+01  5.07850239e+03  2.70542941e+00 
 5.10774758e+03  4.86624233e+01  5.10774758e+03  2.70322635e+00 
 5.13716118e+03  4.86534001e+01  5.13716118e+03  2.70101518e+00 
 5.16674416e+03  4.86442917e+01  5.16674416e+03  2.69879591e+00 
 5.19649751e+03  4.86350975e+01  5.19649751e+03  2.69656856e+00 
 5.22642219e+03  4.86258169e+01  5.22642219e+03  2.69433314e+00 
 5.25651919e+03  4.86164492e+01  5.25651919e+03  2.69208967e+00 
 5.28678951e+03  4.86069939e+01  5.28678951e+03  2.68983816e+00 
 5.31723415e+03  4.85974502e+01  5.31723415e+03  2.68757863e+00 
 5.34785411e+03  4.85878175e+01  5.34785411e+03  2.68531109e+00 
 5.37865040e+03  4.85780953e+01  5.37865040e+03  2.68303558e+00 
 5.40962403e+03  4.85682829e+01  5.40962403e+03  2.68075210e+00 
 5.44077602e+03  4.85583797e+01  5.44077602e+03  2.67846068e+00 
 5.47210741e+03  4.85483850e+01  5.47210741e+03  2.67616133e+00 
 5.50361923e+03  4.85382982e+01  5.50361923e+03  2.67385408e+00 
 5.53531250e+03  4.85281187e+01  5.53531250e+03  2.67153895e+00 
 5.56718829e+03  4.85178458e+01  5.56718829e+03  2.66921596e+00 
 5.59924764e+03  4.85074789e+01  5.59924764e+03  2.66688514e+00 
 5.63149161e+03  4.84970174e+01  5.63149161e+03  2.66454651e+00 
 5.66392126e+03  4.84864606e+01  5.66392126e+03  2.66220009e+00 
 5.69653766e+03  4.84758080e+01  5.69653766e+03  2.65984592e+00 
 5.72934188e+03  4.84650588e+01  5.72934188e+03  2.65748401e+00 
 5.76233501e+03  4.84542125e+01  5.76233501e+03  2.65511440e+00 
 5.79551814e+03  4.84432683e+01  5.79551814e+03  2.65273711e+00 
 5.82889235e+03  4.84322258e+01  5.82889235e+03  2.65035217e+00 
 5.86245876e+03  4.84210842e+01  5.86245876e+03  2.64795962e+00 
 5.89621846e+03  4.84098429e+01  5.89621846e+03  2.64555948e+00 
 5.93017257e+03  4.83985013e+01  5.93017257e+03  2.64315178e+00 
 5.96432221e+03  4.83870588e+01  5.96432221e+03  2.64073656e+00 
 5.99866850e+03  4.83755146e+01  5.99866850e+03  2.63831385e+00 
 6.03321259e+03  4.83638683e+01  6.03321259e+03  2.63588368e+00 
 6.06795560e+03  4.83521192e+01  6.06795560e+03  2.63344609e+00 
 6.10289868e+03  4.83402666e+01  6.10289868e+03  2.63100112e+00 
 6.13804298e+03  4.83283099e+01  6.13804298e+03  2.62854879e+00 
 6.17338967e+03  4.83162485e+01  6.17338967e+03  2.62608915e+00 
 6.20893990e+03  4.83040817e+01  6.20893990e+03  2.62362223e+00 
 6.24469486e+03  4.82918090e+01  6.24469486e+03  2.62114807e+00 
 6.28065572e+03  4.82794298e+01  6.28065572e+03  2.61866672e+00 
 6.31682366e+03  4.82669434e+01  6.31682366e+03  2.61617821e+00 
 6.35319988e+03  4.82543491e+01  6.35319988e+03  2.61368258e+00 
 6.38978557e+03  4.82416465e+01  6.38978557e+03  2.61117988e+00 
 6.42658195e+03  4.82288348e+01  6.42658195e+03  2.60867015e+00 
 6.46359022e+03  4.82159134e+01  6.46359022e+03  2.60615343e+00 
 6.50081162e+03  4.82028818e+01  6.50081162e+03  2.60362976e+00 
 6.53824735e+03  4.81897394e+01  6.53824735e+03  2.60109920e+00 
 6.57589867e+03  4.81764855e+01  6.57589867e+03  2.59856178e+00 
 6.61376680e+03  4.81631195e+01  6.61376680e+03  2.59601756e+00 
 6.65185300e+03  4.81496409e+01  6.65185300e+03  2.59346657e+00 
 6.69015853e+03  4.81360490e+01  6.69015853e+03  2.59090888e+00 
 6.72868464e+03  4.81223433e+01  6.72868464e+03  2.58834453e+00 
 6.76743262e+03  4.81085231e+01  6.76743262e+03  2.58577357e+00 
 6.80640372e+03  4.80945879e+01  6.80640372e+03  2.58319605e+00 
 6.84559925e+03  4.80805371e+01  6.84559925e+03  2.58061203e+00 
 6.88502049e+03  4.80663701e+01  6.88502049e+03  2.57802154e+00 
 6.92466874e+03  4.80520863e+01  6.92466874e+03  2.57542466e+00 
 6.96454531e+03  4.80376851e+01  6.96454531e+03  2.57282143e+00 
 7.00465151e+03  4.80231661e+01  7.00465151e+03  2.57021191e+00 
 7.04498867e+03  4.80085286e+01  7.04498867e+03  2.56759616e+00 
 7.08555812e+03  4.79937720e+01  7.08555812e+03  2.56497422e+00 
 7.12636119e+03  4.79788958e+01  7.12636119e+03  2.56234617e+00 
 7.16739924e+03  4.79638995e+01  7.16739924e+03  2.55971205e+00 
 7.20867360e+03  4.79487824e+01  7.20867360e+03  2.55707193e+00 
 7.25018565e+03  4.79335441e+01  7.25018565e+03  2.55442586e+00 
 7.29193675e+03  4.79181840e+01  7.29193675e+03  2.55177391e+00 
 7.33392828e+03  4.79027015e+01  7.33392828e+03  2.54911614e+00 
 7.37616162e+03  4.78870962e+01  7.37616162e+03  2.54645261e+00 
 7.41863817e+03  4.78713674e+01  7.41863817e+03  2.54378339e+00 
 7.46135932e+03  4.78555148e+01  7.46135932e+03  2.54110853e+00 
 7.50432649e+03  4.78395377e+01  7.50432649e+03  2.53842811e+00 
 7.54754109e+03  4.78234356e+01  7.54754109e+03  2.53574219e+00 
 7.59100455e+03  4.78072080e+01  7.59100455e+03  2.53305083e+00 
 7.63471830e+03  4.77908545e+01  7.63471830e+03  2.53035410e+00 
 7.67868378e+03  4.77743745e+01  7.67868378e+03  2.52765207e+00 
 7.72290244e+03  4.77577675e+01  7.72290244e+03  2.52494481e+00 
 7.76737574e+03  4.77410331e+01  7.76737574e+03  2.52223238e+00 
 7.81210514e+03  4.77241707e+01  7.81210514e+03  2.51951487e+00 
 7.85709213e+03  4.77071799e+01  7.85709213e+03  2.51679233e+00 
 7.90233817e+03  4.76900602e+01  7.90233817e+03  2.51406484e+00 
 7.94784478e+03  4.76728112e+01  7.94784478e+03  2.51133247e+00 
 7.99361343e+03  4.76554324e+01  7.99361343e+03  2.50859530e+00 
 8.03964565e+03  4.76379233e+01  8.03964565e+03  2.50585339e+00 
 8.08594296e+03  4.76202835e+01  8.08594296e+03  2.50310683e+00 
 8.13250687e+03  4.76025125e+01  8.13250687e+03  2.50035569e+00 
 8.17933893e+03  4.75846099e+01  8.17933893e+03  2.49760004e+00 
 8.22644067e+03  4.75665754e+01  8.22644067e+03  2.49483995e+00 
 8.27381366e+03  4.75484084e+01  8.27381366e+03  2.49207552e+00 
 8.32145945e+03  4.75301086e+01  8.32145945e+03  2.48930681e+00 
 8.36937961e+03  4.75116755e+01  8.36937961e+03  2.48653390e+00 
 8.41757573e+03  4.74931087e+01  8.41757573e+03  2.48375687e+00 
 8.46604939e+03  4.74744080e+01  8.46604939e+03  2.48097580e+00 
 8.51480220e+03  4.74555727e+01  8.51480220e+03  2.47819077e+00 
 8.56383575e+03  4.74366027e+01  8.56383575e+03  2.47540187e+00 
 8.61315167e+03  4.74174975e+01  8.61315167e+03  2.47260917e+00 
 8.66275158e+03  4.73982568e+01  8.66275158e+03  2.46981275e+00 
 8.71263712e+03  4.73788802e+01  8.71263712e+03  2.46701270e+00 
 8.76280993e+03  4.73593673e+01  8.76280993e+03  2.46420910e+00 
 8.81327166e+03  4.73397178e+01  8.81327166e+03  2.46140204e+00 
 8.86402399e+03  4.73199314e+01  8.86402399e+03  2.45859159e+00 
 8.91506858e+03  4.73000078e+01  8.91506858e+03  2.45577785e+00 
 8.96640711e+03  4.72799466e+01  8.96640711e+03  2.45296089e+00 
 9.01804129e+03  4.72597475e+01  9.01804129e+03  2.45014081e+00 
 9.06997281e+03  4.72394103e+01  9.06997281e+03  2.44731768e+00 
 9.12220338e+03  4.72189346e+01  9.12220338e+03  2.44449161e+00 
 9.17473473e+03  4.71983201e+01  9.17473473e+03  2.44166267e+00 
 9.22756858e+03  4.71775666e+01  9.22756858e+03  2.43883095e+00 
 9.28070669e+03  4.71566738e+01  9.28070669e+03  2.43599653e+00 
 9.33415080e+03  4.71356415e+01  9.33415080e+03  2.43315952e+00 
 9.38790267e+03  4.71144693e+01  9.38790267e+03  2.43031999e+00 
 9.44196408e+03  4.70931571e+01  9.44196408e+03  2.42747804e+00 
 9.49633681e+03  4.70717046e+01  9.49633681e+03  2.42463376e+00 
 9.55102266e+03  4.70501117e+01  9.55102266e+03  2.42178723e+00 
 9.60602341e+03  4.70283779e+01  9.60602341e+03  2.41893854e+00 
 9.66134090e+03  4.70065033e+01  9.66134090e+03  2.41608780e+00 
 9.71697694e+03  4.69844875e+01  9.71697694e+03  2.41323508e+00 
 9.77293337e+03  4.69623304e+01  9.77293337e+03  2.41038048e+00 
 9.82921202e+03  4.69400318e+01  9.82921202e+03  2.40752409e+00 
 9.88581477e+03  4.69175915e+01  9.88581477e+03  2.40466600e+00 
 9.94274347e+03  4.68950094e+01  9.94274347e+03  2.40180631e+00 
 1.00000000e+04  4.68722853e+01  1.00000000e+04  2.39894511e+00 
 1.00575862e+04  4.68494190e+01  1.00575862e+04  2.39608248e+00 
 1.01155041e+04  4.68264105e+01  1.01155041e+04  2.39321853e+00 
 1.01737555e+04  4.68032596e+01  1.01737555e+04  2.39035335e+00 
 1.02323424e+04  4.67799661e+01  1.02323424e+04  2.38748702e+00 
 1.02912666e+04  4.67565301e+01  1.02912666e+04  2.38461965e+00 
 1.03505301e+04  4.67329513e+01  1.03505301e+04  2.38175133e+00 
 1.04101349e+04  4.67092297e+01  1.04101349e+04  2.37888215e+00 
 1.04700830e+04  4.66853652e+01  1.04700830e+04  2.37601220e+00 
 1.05303763e+04  4.66613578e+01  1.05303763e+04  2.37314158e+00 
 1.05910168e+04  4.66372073e+01  1.05910168e+04  2.37027039e+00 
 1.06520065e+04  4.66129137e+01  1.06520065e+04  2.36739871e+00 
 1.07133474e+04  4.65884771e+01  1.07133474e+04  2.36452665e+00 
 1.07750415e+04  4.65638972e+01  1.07750415e+04  2.36165429e+00 
 1.08370910e+04  4.65391742e+01  1.08370910e+04  2.35878174e+00 
 1.08994977e+04  4.65143080e+01  1.08994977e+04  2.35590908e+00 
 1.09622638e+04  4.64892987e+01  1.09622638e+04  2.35303641e+00 
 1.10253914e+04  4.64641461e+01  1.10253914e+04  2.35016383e+00 
 1.10888825e+04  4.64388503e+01  1.10888825e+04  2.34729143e+00 
 1.11527392e+04  4.64134114e+01  1.11527392e+04  2.34441930e+00 
 1.12169636e+04  4.63878294e+01  1.12169636e+04  2.34154754e+00 
 1.12815579e+04  4.63621043e+01  1.12815579e+04  2.33867624e+00 
 1.13465242e+04  4.63362362e+01  1.13465242e+04  2.33580551e+00 
 1.14118646e+04  4.63102251e+01  1.14118646e+04  2.33293542e+00 
 1.14775812e+04  4.62840712e+01  1.14775812e+04  2.33006608e+00 
 1.15436763e+04  4.62577744e+01  1.15436763e+04  2.32719758e+00 
 1.16101520e+04  4.62313349e+01  1.16101520e+04  2.32433002e+00 
 1.16770105e+04  4.62047527e+01  1.16770105e+04  2.32146348e+00 
 1.17442540e+04  4.61780281e+01  1.17442540e+04  2.31859806e+00 
 1.18118848e+04  4.61511611e+01  1.18118848e+04  2.31573386e+00 
 1.18799050e+04  4.61241517e+01  1.18799050e+04  2.31287097e+00 
 1.19483169e+04  4.60970003e+01  1.19483169e+04  2.31000948e+00 
 1.20171228e+04  4.60697068e+01  1.20171228e+04  2.30714948e+00 
 1.20863249e+04  4.60422715e+01  1.20863249e+04  2.30429107e+00 
 1.21559255e+04  4.60146946e+01  1.21559255e+04  2.30143434e+00 
 1.22259269e+04  4.59869761e+01  1.22259269e+04  2.29857937e+00 
 1.22963314e+04  4.59591163e+01  1.22963314e+04  2.29572628e+00 
 1.23671414e+04  4.59311154e+01  1.23671414e+04  2.29287513e+00 
 1.24383591e+04  4.59029736e+01  1.24383591e+04  2.29002603e+00 
 1.25099870e+04  4.58746910e+01  1.25099870e+04  2.28717906e+00 
 1.25820273e+04  4.58462679e+01  1.25820273e+04  2.28433432e+00 
 1.26544825e+04  4.58177045e+01  1.26544825e+04  2.28149190e+00 
 1.27273549e+04  4.57890011e+01  1.27273549e+04  2.27865188e+00 
 1.28006470e+04  4.57601579e+01  1.28006470e+04  2.27581435e+00 
 1.28743611e+04  4.57311751e+01  1.28743611e+04  2.27297941e+00 
 1.29484997e+04  4.57020530e+01  1.29484997e+04  2.27014714e+00 
 1.30230653e+04  4.56727919e+01  1.30230653e+04  2.26731763e+00 
 1.30980602e+04  4.56433921e+01  1.30980602e+04  2.26449097e+00 
 1.31734870e+04  4.56138538e+01  1.31734870e+04  2.26166724e+00 
 1.32493482e+04  4.55841773e+01  1.32493482e+04  2.25884653e+00 
 1.33256462e+04  4.55543629e+01  1.33256462e+04  2.25602894e+00 
 1.34023836e+04  4.55244110e+01  1.34023836e+04  2.25321453e+00 
 1.34795629e+04  4.54943218e+01  1.34795629e+04  2.25040340e+00 
 1.35571867e+04  4.54640957e+01  1.35571867e+04  2.24759564e+00 
 1.36352574e+04  4.54337330e+01  1.36352574e+04  2.24479132e+00 
 1.37137778e+04  4.54032341e+01  1.37137778e+04  2.24199053e+00 
 1.37927503e+04  4.53725993e+01  1.37927503e+04  2.23919336e+00 
 1.38721775e+04  4.53418289e+01  1.38721775e+04  2.23639988e+00 
 1.39520622e+04  4.53109234e+01  1.39520622e+04  2.23361018e+00 
 1.40324069e+04  4.52798830e+01  1.40324069e+04  2.23082434e+00 
 1.41132143e+04  4.52487082e+01  1.41132143e+04  2.22804244e+00 
 1.41944870e+04  4.52173994e+01  1.41944870e+04  2.22526456e+00 
 1.42762277e+04  4.51859570e+01  1.42762277e+04  2.22249078e+00 
 1.43584391e+04  4.51543812e+01  1.43584391e+04  2.21972117e+00 
 1.44411240e+04  4.51226727e+01  1.44411240e+04  2.21695583e+00 
 1.45242850e+04  4.50908317e+01  1.45242850e+04  2.21419482e+00 
 1.46079249e+04  4.50588587e+01  1.46079249e+04  2.21143821e+00 
 1.46920465e+04  4.50267541e+01  1.46920465e+04  2.20868610e+00 
 1.47766525e+04  4.49945183e+01  1.47766525e+04  2.20593855e+00 
 1.48617457e+04  4.49621519e+01  1.48617457e+04  2.20319564e+00 
 1.49473289e+04  4.49296552e+01  1.49473289e+04  2.20045744e+00 
 1.50334050e+04  4.48970286e+01  1.50334050e+04  2.19772403e+00 
 1.51199767e+04  4.48642728e+01  1.51199767e+04  2.19499547e+00 
 1.52070470e+04  4.48313880e+01  1.52070470e+04  2.19227185e+00 
 1.52946187e+04  4.47983748e+01  1.52946187e+04  2.18955323e+00 
 1.53826946e+04  4.47652337e+01  1.53826946e+04  2.18683968e+00 
 1.54712778e+04  4.47319651e+01  1.54712778e+04  2.18413128e+00 
 1.55603711e+04  4.46985696e+01  1.55603711e+04  2.18142809e+00 
 1.56499774e+04  4.46650476e+01  1.56499774e+04  2.17873017e+00 
 1.57400998e+04  4.46313996e+01  1.57400998e+04  2.17603761e+00 
 1.58307411e+04  4.45976261e+01  1.58307411e+04  2.17335046e+00 
 1.59219044e+04  4.45637277e+01  1.59219044e+04  2.17066880e+00 
 1.60135927e+04  4.45297048e+01  1.60135927e+04  2.16799268e+00 
 1.61058090e+04  4.44955580e+01  1.61058090e+04  2.16532217e+00 
 1.61985563e+04  4.44612878e+01  1.61985563e+04  2.16265734e+00 
 1.62918377e+04  4.44268947e+01  1.62918377e+04  2.15999825e+00 
 1.63856563e+04  4.43923793e+01  1.63856563e+04  2.15734496e+00 
 1.64800151e+04  4.43577420e+01  1.64800151e+04  2.15469753e+00 
 1.65749174e+04  4.43229835e+01  1.65749174e+04  2.15205602e+00 
 1.66703661e+04  4.42881043e+01  1.66703661e+04  2.14942050e+00 
 1.67663645e+04  4.42531050e+01  1.67663645e+04  2.14679102e+00 
 1.68629157e+04  4.42179860e+01  1.68629157e+04  2.14416764e+00 
 1.69600229e+04  4.41827480e+01  1.69600229e+04  2.14155042e+00 
 1.70576893e+04  4.41473915e+01  1.70576893e+04  2.13893942e+00 
 1.71559181e+04  4.41119171e+01  1.71559181e+04  2.13633468e+00 
 1.72547126e+04  4.40763253e+01  1.72547126e+04  2.13373628e+00 
 1.73540760e+04  4.40406168e+01  1.73540760e+04  2.13114425e+00 
 1.74540117e+04  4.40047921e+01  1.74540117e+04  2.12855865e+00 
 1.75545228e+04  4.39688518e+01  1.75545228e+04  2.12597955e+00 
 1.76556127e+04  4.39327964e+01  1.76556127e+04  2.12340698e+00 
 1.77572847e+04  4.38966266e+01  1.77572847e+04  2.12084100e+00 
 1.78595423e+04  4.38603429e+01  1.78595423e+04  2.11828166e+00 
 1.79623887e+04  4.38239460e+01  1.79623887e+04  2.11572900e+00 
 1.80658273e+04  4.37874365e+01  1.80658273e+04  2.11318309e+00 
 1.81698617e+04  4.37508148e+01  1.81698617e+04  2.11064396e+00 
 1.82744951e+04  4.37140818e+01  1.82744951e+04  2.10811166e+00 
 1.83797311e+04  4.36772378e+01  1.83797311e+04  2.10558624e+00 
 1.84855730e+04  4.36402836e+01  1.84855730e+04  2.10306774e+00 
 1.85920245e+04  4.36032198e+01  1.85920245e+04  2.10055621e+00 
 1.86990890e+04  4.35660469e+01  1.86990890e+04  2.09805169e+00 
 1.88067700e+04  4.35287656e+01  1.88067700e+04  2.09555422e+00 
 1.89150712e+04  4.34913765e+01  1.89150712e+04  2.09306385e+00 
 1.90239960e+04  4.34538803e+01  1.90239960e+04  2.09058061e+00 
 1.91335480e+04  4.34162774e+01  1.91335480e+04  2.08810455e+00 
 1.92437310e+04  4.33785686e+01  1.92437310e+04  2.08563571e+00 
 1.93545484e+04  4.33407545e+01  1.93545484e+04  2.08317412e+00 
 1.94660040e+04  4.33028357e+01  1.94660040e+04  2.08071982e+00 
 1.95781014e+04  4.32648127e+01  1.95781014e+04  2.07827285e+00 
 1.96908443e+04  4.32266864e+01  1.96908443e+04  2.07583325e+00 
 1.98042365e+04  4.31884572e+01  1.98042365e+04  2.07340105e+00 
 1.99182817e+04  4.31501258e+01  1.99182817e+04  2.07097628e+00 
 2.00329836e+04  4.31116928e+01  2.00329836e+04  2.06855898e+00 
 2.01483461e+04  4.30731589e+01  2.01483461e+04  2.06614918e+00 
 2.02643728e+04  4.30345246e+01  2.02643728e+04  2.06374691e+00 
 2.03810678e+04  4.29957907e+01  2.03810678e+04  2.06135221e+00 
 2.04984347e+04  4.29569577e+01  2.04984347e+04  2.05896511e+00 
 2.06164775e+04  4.29180263e+01  2.06164775e+04  2.05658563e+00 
 2.07352000e+04  4.28789971e+01  2.07352000e+04  2.05421380e+00 
 2.08546063e+04  4.28398708e+01  2.08546063e+04  2.05184966e+00 
 2.09747001e+04  4.28006479e+01  2.09747001e+04  2.04949322e+00 
 2.10954856e+04  4.27613292e+01  2.10954856e+04  2.04714453e+00 
 2.12169666e+04  4.27219152e+01  2.12169666e+04  2.04480359e+00 
 2.13391471e+04  4.26824065e+01  2.13391471e+04  2.04247044e+00 
 2.14620313e+04  4.26428039e+01  2.14620313e+04  2.04014510e+00 
 2.15856230e+04  4.26031079e+01  2.15856230e+04  2.03782760e+00 
 2.17099265e+04  4.25633192e+01  2.17099265e+04  2.03551795e+00 
 2.18349459e+04  4.25234384e+01  2.18349459e+04  2.03321618e+00 
 2.19606851e+04  4.24834661e+01  2.19606851e+04  2.03092231e+00 
 2.20871485e+04  4.24434030e+01  2.20871485e+04  2.02863637e+00 
 2.22143401e+04  4.24032497e+01  2.22143401e+04  2.02635836e+00 
 2.23422641e+04  4.23630068e+01  2.23422641e+04  2.02408832e+00 
 2.24709249e+04  4.23226750e+01  2.24709249e+04  2.02182625e+00 
 2.26003265e+04  4.22822548e+01  2.26003265e+04  2.01957218e+00 
 2.27304733e+04  4.22417470e+01  2.27304733e+04  2.01732612e+00 
 2.28613696e+04  4.22011521e+01  2.28613696e+04  2.01508809e+00 
 2.29930196e+04  4.21604708e+01  2.29930196e+04  2.01285810e+00 
 2.31254278e+04  4.21197037e+01  2.31254278e+04  2.01063618e+00 
 2.32585985e+04  4.20788513e+01  2.32585985e+04  2.00842232e+00 
 2.33925360e+04  4.20379145e+01  2.33925360e+04  2.00621656e+00 
 2.35272449e+04  4.19968936e+01  2.35272449e+04  2.00401889e+00 
 2.36627294e+04  4.19557895e+01  2.36627294e+04  2.00182933e+00 
 2.37989942e+04  4.19146026e+01  2.37989942e+04  1.99964790e+00 
 2.39360437e+04  4.18733336e+01  2.39360437e+04  1.99747460e+00 
 2.40738824e+04  4.18319832e+01  2.40738824e+04  1.99530945e+00 
 2.42125149e+04  4.17905519e+01  2.42125149e+04  1.99315244e+00 
 2.43519457e+04  4.17490404e+01  2.43519457e+04  1.99100360e+00 
 2.44921794e+04  4.17074492e+01  2.44921794e+04  1.98886293e+00 
 2.46332206e+04  4.16657790e+01  2.46332206e+04  1.98673044e+00 
 2.47750741e+04  4.16240303e+01  2.47750741e+04  1.98460613e+00 
 2.49177445e+04  4.15822039e+01  2.49177445e+04  1.98249001e+00 
 2.50612364e+04  4.15403002e+01  2.50612364e+04  1.98038209e+00 
 2.52055547e+04  4.14983199e+01  2.52055547e+04  1.97828236e+00 
 2.53507040e+04  4.14562636e+01  2.53507040e+04  1.97619085e+00 
 2.54966892e+04  4.14141318e+01  2.54966892e+04  1.97410754e+00 
 2.56435151e+04  4.13719253e+01  2.56435151e+04  1.97203245e+00 
 2.57911865e+04  4.13296445e+01  2.57911865e+04  1.96996557e+00 
 2.59397083e+04  4.12872900e+01  2.59397083e+04  1.96790691e+00 
 2.60890853e+04  4.12448625e+01  2.60890853e+04  1.96585647e+00 
 2.62393226e+04  4.12023626e+01  2.62393226e+04  1.96381424e+00 
 2.63904250e+04  4.11597907e+01  2.63904250e+04  1.96178024e+00 
 2.65423975e+04  4.11171476e+01  2.65423975e+04  1.95975446e+00 
 2.66952453e+04  4.10744337e+01  2.66952453e+04  1.95773690e+00 
 2.68489732e+04  4.10316497e+01  2.68489732e+04  1.95572755e+00 
 2.70035863e+04  4.09887961e+01  2.70035863e+04  1.95372643e+00 
 2.71590899e+04  4.09458735e+01  2.71590899e+04  1.95173351e+00 
 2.73154889e+04  4.09028824e+01  2.73154889e+04  1.94974881e+00 
 2.74727885e+04  4.08598235e+01  2.74727885e+04  1.94777232e+00 
 2.76309940e+04  4.08166973e+01  2.76309940e+04  1.94580403e+00 
 2.77901105e+04  4.07735044e+01  2.77901105e+04  1.94384394e+00 
 2.79501434e+04  4.07302453e+01  2.79501434e+04  1.94189205e+00 
 2.81110978e+04  4.06869205e+01  2.81110978e+04  1.93994835e+00 
 2.82729790e+04  4.06435307e+01  2.82729790e+04  1.93801283e+00 
 2.84357925e+04  4.06000763e+01  2.84357925e+04  1.93608549e+00 
 2.85995436e+04  4.05565580e+01  2.85995436e+04  1.93416632e+00 
 2.87642376e+04  4.05129763e+01  2.87642376e+04  1.93225532e+00 
 2.89298801e+04  4.04693316e+01  2.89298801e+04  1.93035247e+00 
 2.90964764e+04  4.04256246e+01  2.90964764e+04  1.92845778e+00 
 2.92640321e+04  4.03818558e+01  2.92640321e+04  1.92657122e+00 
 2.94325527e+04  4.03380258e+01  2.94325527e+04  1.92469280e+00 
 2.96020437e+04  4.02941349e+01  2.96020437e+04  1.92282249e+00 
 2.97725108e+04  4.02501839e+01  2.97725108e+04  1.92096030e+00 
 2.99439595e+04  4.02061732e+01  2.99439595e+04  1.91910622e+00 
 3.01163955e+04  4.01621032e+01  3.01163955e+04  1.91726022e+00 
 3.02898246e+04  4.01179747e+01  3.02898246e+04  1.91542231e+00 
 3.04642523e+04  4.00737880e+01  3.04642523e+04  1.91359247e+00 
 3.06396845e+04  4.00295437e+01  3.06396845e+04  1.91177068e+00 
 3.08161270e+04  3.99852422e+01  3.08161270e+04  1.90995694e+00 
 3.09935855e+04  3.99408842e+01  3.09935855e+04  1.90815124e+00 
 3.11720659e+04  3.98964700e+01  3.11720659e+04  1.90635355e+00 
 3.13515742e+04  3.98520003e+01  3.13515742e+04  1.90456388e+00 
 3.15321161e+04  3.98074754e+01  3.15321161e+04  1.90278220e+00 
 3.17136977e+04  3.97628960e+01  3.17136977e+04  1.90100849e+00 
 3.18963250e+04  3.97182624e+01  3.18963250e+04  1.89924276e+00 
 3.20800040e+04  3.96735752e+01  3.20800040e+04  1.89748498e+00 
 3.22647407e+04  3.96288348e+01  3.22647407e+04  1.89573513e+00 
 3.24505413e+04  3.95840418e+01  3.24505413e+04  1.89399320e+00 
 3.26374118e+04  3.95391966e+01  3.26374118e+04  1.89225919e+00 
 3.28253584e+04  3.94942997e+01  3.28253584e+04  1.89053306e+00 
 3.30143873e+04  3.94493516e+01  3.30143873e+04  1.88881480e+00 
 3.32045048e+04  3.94043527e+01  3.32045048e+04  1.88710441e+00 
 3.33957171e+04  3.93593035e+01  3.33957171e+04  1.88540185e+00 
 3.35880305e+04  3.93142045e+01  3.35880305e+04  1.88370712e+00 
 3.37814514e+04  3.92690561e+01  3.37814514e+04  1.88202020e+00 
 3.39759861e+04  3.92238588e+01  3.39759861e+04  1.88034106e+00 
 3.41716410e+04  3.91786130e+01  3.41716410e+04  1.87866970e+00 
 3.43684227e+04  3.91333192e+01  3.43684227e+04  1.87700609e+00 
 3.45663375e+04  3.90879779e+01  3.45663375e+04  1.87535022e+00 
 3.47653921e+04  3.90425894e+01  3.47653921e+04  1.87370206e+00 
 3.49655930e+04  3.89971543e+01  3.49655930e+04  1.87206160e+00 
 3.51669467e+04  3.89516729e+01  3.51669467e+04  1.87042882e+00 
 3.53694600e+04  3.89061458e+01  3.53694600e+04  1.86880369e+00 
 3.55731394e+04  3.88605732e+01  3.55731394e+04  1.86718621e+00 
 3.57779918e+04  3.88149557e+01  3.57779918e+04  1.86557635e+00 
 3.59840238e+04  3.87692937e+01  3.59840238e+04  1.86397408e+00 
 3.61912423e+04  3.87235877e+01  3.61912423e+04  1.86237940e+00 
 3.63996541e+04  3.86778379e+01  3.63996541e+04  1.86079227e+00 
 3.66092661e+04  3.86320449e+01  3.66092661e+04  1.85921269e+00 
 3.68200851e+04  3.85862090e+01  3.68200851e+04  1.85764062e+00 
 3.70321182e+04  3.85403308e+01  3.70321182e+04  1.85607604e+00 
 3.72453723e+04  3.84944104e+01  3.72453723e+04  1.85451895e+00 
 3.74598544e+04  3.84484485e+01  3.74598544e+04  1.85296930e+00 
 3.76755716e+04  3.84024454e+01  3.76755716e+04  1.85142709e+00 
 3.78925311e+04  3.83564014e+01  3.78925311e+04  1.84989229e+00 
 3.81107400e+04  3.83103170e+01  3.81107400e+04  1.84836487e+00 
 3.83302055e+04  3.82641926e+01  3.83302055e+04  1.84684482e+00 
 3.85509347e+04  3.82180285e+01  3.85509347e+04  1.84533212e+00 
 3.87729351e+04  3.81718252e+01  3.87729351e+04  1.84382674e+00 
 3.89962139e+04  3.81255830e+01  3.89962139e+04  1.84232865e+00 
 3.92207785e+04  3.80793023e+01  3.92207785e+04  1.84083784e+00 
 3.94466362e+04  3.80329834e+01  3.94466362e+04  1.83935429e+00 
 3.96737946e+04  3.79866268e+01  3.96737946e+04  1.83787796e+00 
 3.99022611e+04  3.79402329e+01  3.99022611e+04  1.83640884e+00 
 4.01320433e+04  3.78938019e+01  4.01320433e+04  1.83494690e+00 
 4.03631487e+04  3.78473343e+01  4.03631487e+04  1.83349212e+00 
 4.05955849e+04  3.78008304e+01  4.05955849e+04  1.83204448e+00 
 4.08293596e+04  3.77542906e+01  4.08293596e+04  1.83060395e+00 
 4.10644806e+04  3.77077152e+01  4.10644806e+04  1.82917051e+00 
 4.13009556e+04  3.76611046e+01  4.13009556e+04  1.82774413e+00 
 4.15387923e+04  3.76144591e+01  4.15387923e+04  1.82632480e+00 
 4.17779986e+04  3.75677791e+01  4.17779986e+04  1.82491247e+00 
 4.20185824e+04  3.75210649e+01  4.20185824e+04  1.82350714e+00 
 4.22605517e+04  3.74743169e+01  4.22605517e+04  1.82210878e+00 
 4.25039143e+04  3.74275354e+01  4.25039143e+04  1.82071736e+00 
 4.27486784e+04  3.73807207e+01  4.27486784e+04  1.81933286e+00 
 4.29948521e+04  3.73338732e+01  4.29948521e+04  1.81795525e+00 
 4.32424433e+04  3.72869932e+01  4.32424433e+04  1.81658451e+00 
 4.34914603e+04  3.72400810e+01  4.34914603e+04  1.81522061e+00 
 4.37419113e+04  3.71931370e+01  4.37419113e+04  1.81386354e+00 
 4.39938046e+04  3.71461614e+01  4.39938046e+04  1.81251325e+00 
 4.42471484e+04  3.70991546e+01  4.42471484e+04  1.81116974e+00 
 4.45019511e+04  3.70521170e+01  4.45019511e+04  1.80983296e+00 
 4.47582212e+04  3.70050487e+01  4.47582212e+04  1.80850291e+00 
 4.50159670e+04  3.69579502e+01  4.50159670e+04  1.80717955e+00 
 4.52751970e+04  3.69108217e+01  4.52751970e+04  1.80586285e+00 
 4.55359199e+04  3.68636636e+01  4.55359199e+04  1.80455280e+00 
 4.57981442e+04  3.68164761e+01  4.57981442e+04  1.80324936e+00 
 4.60618785e+04  3.67692595e+01  4.60618785e+04  1.80195252e+00 
 4.63271316e+04  3.67220142e+01  4.63271316e+04  1.80066224e+00 
 4.65939122e+04  3.66747404e+01  4.65939122e+04  1.79937850e+00 
 4.68622291e+04  3.66274384e+01  4.68622291e+04  1.79810127e+00 
 4.71320911e+04  3.65801085e+01  4.71320911e+04  1.79683054e+00 
 4.74035071e+04  3.65327510e+01  4.74035071e+04  1.79556626e+00 
 4.76764861e+04  3.64853662e+01  4.76764861e+04  1.79430842e+00 
 4.79510371e+04  3.64379544e+01  4.79510371e+04  1.79305700e+00 
 4.82271692e+04  3.63905158e+01  4.82271692e+04  1.79181195e+00 
 4.85048914e+04  3.63430508e+01  4.85048914e+04  1.79057327e+00 
 4.87842128e+04  3.62955595e+01  4.87842128e+04  1.78934092e+00 
 4.90651428e+04  3.62480422e+01  4.90651428e+04  1.78811488e+00 
 4.93476906e+04  3.62004993e+01  4.93476906e+04  1.78689512e+00 
 4.96318654e+04  3.61529310e+01  4.96318654e+04  1.78568161e+00 
 4.99176767e+04  3.61053376e+01  4.99176767e+04  1.78447434e+00 
 5.02051339e+04  3.60577193e+01  5.02051339e+04  1.78327327e+00 
 5.04942464e+04  3.60100763e+01  5.04942464e+04  1.78207837e+00 
 5.07850239e+04  3.59624090e+01  5.07850239e+04  1.78088963e+00 
 5.10774758e+04  3.59147175e+01  5.10774758e+04  1.77970701e+00 
 5.13716118e+04  3.58670022e+01  5.13716118e+04  1.77853050e+00 
 5.16674416e+04  3.58192633e+01  5.16674416e+04  1.77736005e+00 
 5.19649751e+04  3.57715011e+01  5.19649751e+04  1.77619566e+00 
 5.22642219e+04  3.57237157e+01  5.22642219e+04  1.77503728e+00 
 5.25651919e+04  3.56759074e+01  5.25651919e+04  1.77388490e+00 
 5.28678951e+04  3.56280764e+01  5.28678951e+04  1.77273849e+00 
 5.31723415e+04  3.55802231e+01  5.31723415e+04  1.77159802e+00 
 5.34785411e+04  3.55323476e+01  5.34785411e+04  1.77046347e+00 
 5.37865040e+04  3.54844502e+01  5.37865040e+04  1.76933482e+00 
 5.40962403e+04  3.54365310e+01  5.40962403e+04  1.76821203e+00 
 5.44077602e+04  3.53885904e+01  5.44077602e+04  1.76709507e+00 
 5.47210741e+04  3.53406286e+01  5.47210741e+04  1.76598393e+00 
 5.50361923e+04  3.52926457e+01  5.50361923e+04  1.76487858e+00 
 5.53531250e+04  3.52446420e+01  5.53531250e+04  1.76377899e+00 
 5.56718829e+04  3.51966177e+01  5.56718829e+04  1.76268514e+00 
 5.59924764e+04  3.51485730e+01  5.59924764e+04  1.76159700e+00 
 5.63149161e+04  3.51005082e+01  5.63149161e+04  1.76051454e+00 
 5.66392126e+04  3.50524235e+01  5.66392126e+04  1.75943774e+00 
 5.69653766e+04  3.50043190e+01  5.69653766e+04  1.75836658e+00 
 5.72934188e+04  3.49561950e+01  5.72934188e+04  1.75730102e+00 
 5.76233501e+04  3.49080517e+01  5.76233501e+04  1.75624104e+00 
 5.79551814e+04  3.48598893e+01  5.79551814e+04  1.75518662e+00 
 5.82889235e+04  3.48117080e+01  5.82889235e+04  1.75413773e+00 
 5.86245876e+04  3.47635080e+01  5.86245876e+04  1.75309434e+00 
 5.89621846e+04  3.47152895e+01  5.89621846e+04  1.75205643e+00 
 5.93017257e+04  3.46670527e+01  5.93017257e+04  1.75102398e+00 
 5.96432221e+04  3.46187977e+01  5.96432221e+04  1.74999695e+00 
 5.99866850e+04  3.45705249e+01  5.99866850e+04  1.74897533e+00 
 6.03321259e+04  3.45222343e+01  6.03321259e+04  1.74795908e+00 
 6.06795560e+04  3.44739262e+01  6.06795560e+04  1.74694819e+00 
 6.10289868e+04  3.44256008e+01  6.10289868e+04  1.74594262e+00 
 6.13804298e+04  3.43772581e+01  6.13804298e+04  1.74494236e+00 
 6.17338967e+04  3.43288985e+01  6.17338967e+04  1.74394737e+00 
 6.20893990e+04  3.42805222e+01  6.20893990e+04  1.74295763e+00 
 6.24469486e+04  3.42321292e+01  6.24469486e+04  1.74197312e+00 
 6.28065572e+04  3.41837197e+01  6.28065572e+04  1.74099381e+00 
 6.31682366e+04  3.41352940e+01  6.31682366e+04  1.74001967e+00 
 6.35319988e+04  3.40868522e+01  6.35319988e+04  1.73905069e+00 
 6.38978557e+04  3.40383945e+01  6.38978557e+04  1.73808683e+00 
 6.42658195e+04  3.39899211e+01  6.42658195e+04  1.73712808e+00 
 6.46359022e+04  3.39414321e+01  6.46359022e+04  1.73617440e+00 
 6.50081162e+04  3.38929276e+01  6.50081162e+04  1.73522577e+00 
 6.53824735e+04  3.38444080e+01  6.53824735e+04  1.73428217e+00 
 6.57589867e+04  3.37958732e+01  6.57589867e+04  1.73334358e+00 
 6.61376680e+04  3.37473236e+01  6.61376680e+04  1.73240996e+00 
 6.65185300e+04  3.36987592e+01  6.65185300e+04  1.73148129e+00 
 6.69015853e+04  3.36501802e+01  6.69015853e+04  1.73055756e+00 
 6.72868464e+04  3.36015868e+01  6.72868464e+04  1.72963872e+00 
 6.76743262e+04  3.35529791e+01  6.76743262e+04  1.72872477e+00 
 6.80640372e+04  3.35043573e+01  6.80640372e+04  1.72781568e+00 
 6.84559925e+04  3.34557215e+01  6.84559925e+04  1.72691142e+00 
 6.88502049e+04  3.34070719e+01  6.88502049e+04  1.72601196e+00 
 6.92466874e+04  3.33584086e+01  6.92466874e+04  1.72511729e+00 
 6.96454531e+04  3.33097319e+01  6.96454531e+04  1.72422739e+00 
 7.00465151e+04  3.32610417e+01  7.00465151e+04  1.72334221e+00 
 7.04498867e+04  3.32123383e+01  7.04498867e+04  1.72246175e+00 
 7.08555812e+04  3.31636218e+01  7.08555812e+04  1.72158598e+00 
 7.12636119e+04  3.31148924e+01  7.12636119e+04  1.72071487e+00 
 7.16739924e+04  3.30661502e+01  7.16739924e+04  1.71984841e+00 
 7.20867360e+04  3.30173954e+01  7.20867360e+04  1.71898656e+00 
 7.25018565e+04  3.29686280e+01  7.25018565e+04  1.71812931e+00 
 7.29193675e+04  3.29198482e+01  7.29193675e+04  1.71727662e+00 
 7.33392828e+04  3.28710562e+01  7.33392828e+04  1.71642849e+00 
 7.37616162e+04  3.28222520e+01  7.37616162e+04  1.71558488e+00 
 7.41863817e+04  3.27734359e+01  7.41863817e+04  1.71474577e+00 
 7.46135932e+04  3.27246079e+01  7.46135932e+04  1.71391113e+00 
 7.50432649e+04  3.26757682e+01  7.50432649e+04  1.71308096e+00 
 7.54754109e+04  3.26269169e+01  7.54754109e+04  1.71225521e+00 
 7.59100455e+04  3.25780541e+01  7.59100455e+04  1.71143388e+00 
 7.63471830e+04  3.25291800e+01  7.63471830e+04  1.71061693e+00 
 7.67868378e+04  3.24802947e+01  7.67868378e+04  1.70980434e+00 
 7.72290244e+04  3.24313983e+01  7.72290244e+04  1.70899609e+00 
 7.76737574e+04  3.23824908e+01  7.76737574e+04  1.70819217e+00 
 7.81210514e+04  3.23335726e+01  7.81210514e+04  1.70739254e+00 
 7.85709213e+04  3.22846436e+01  7.85709213e+04  1.70659718e+00 
 7.90233817e+04  3.22357040e+01  7.90233817e+04  1.70580607e+00 
 7.94784478e+04  3.21867539e+01  7.94784478e+04  1.70501919e+00 
 7.99361343e+04  3.21377934e+01  7.99361343e+04  1.70423652e+00 
 8.03964565e+04  3.20888226e+01  8.03964565e+04  1.70345803e+00 
 8.08594296e+04  3.20398417e+01  8.08594296e+04  1.70268370e+00 
 8.13250687e+04  3.19908507e+01  8.13250687e+04  1.70191351e+00 
 8.17933893e+04  3.19418498e+01  8.17933893e+04  1.70114745e+00 
 8.22644067e+04  3.18928390e+01  8.22644067e+04  1.70038547e+00 
 8.27381366e+04  3.18438186e+01  8.27381366e+04  1.69962758e+00 
 8.32145945e+04  3.17947885e+01  8.32145945e+04  1.69887373e+00 
 8.36937961e+04  3.17457489e+01  8.36937961e+04  1.69812392e+00 
 8.41757573e+04  3.16966999e+01  8.41757573e+04  1.69737811e+00 
 8.46604939e+04  3.16476416e+01  8.46604939e+04  1.69663630e+00 
 8.51480220e+04  3.15985742e+01  8.51480220e+04  1.69589845e+00 
 8.56383575e+04  3.15494976e+01  8.56383575e+04  1.69516455e+00 
 8.61315167e+04  3.15004120e+01  8.61315167e+04  1.69443457e+00 
 8.66275158e+04  3.14513176e+01  8.66275158e+04  1.69370850e+00 
 8.71263712e+04  3.14022143e+01  8.71263712e+04  1.69298631e+00 
 8.76280993e+04  3.13531024e+01  8.76280993e+04  1.69226797e+00 
 8.81327166e+04  3.13039818e+01  8.81327166e+04  1.69155348e+00 
 8.86402399e+04  3.12548527e+01  8.86402399e+04  1.69084281e+00 
 8.91506858e+04  3.12057152e+01  8.91506858e+04  1.69013594e+00 
 8.96640711e+04  3.11565694e+01  8.96640711e+04  1.68943285e+00 
 9.01804129e+04  3.11074154e+01  9.01804129e+04  1.68873352e+00 
 9.06997281e+04  3.10582532e+01  9.06997281e+04  1.68803792e+00 
 9.12220338e+04  3.10090830e+01  9.12220338e+04  1.68734604e+00 
 9.17473473e+04  3.09599048e+01  9.17473473e+04  1.68665785e+00 
 9.22756858e+04  3.09107188e+01  9.22756858e+04  1.68597335e+00 
 9.28070669e+04  3.08615250e+01  9.28070669e+04  1.68529250e+00 
 9.33415080e+04  3.08123234e+01  9.33415080e+04  1.68461528e+00 
 9.38790267e+04  3.07631143e+01  9.38790267e+04  1.68394168e+00 
 9.44196408e+04  3.07138976e+01  9.44196408e+04  1.68327168e+00 
 9.49633681e+04  3.06646735e+01  9.49633681e+04  1.68260525e+00 
 9.55102266e+04  3.06154420e+01  9.55102266e+04  1.68194239e+00 
 9.60602341e+04  3.05662033e+01  9.60602341e+04  1.68128305e+00 
 9.66134090e+04  3.05169573e+01  9.66134090e+04  1.68062724e+00 
 9.71697694e+04  3.04677043e+01  9.71697694e+04  1.67997492e+00 
 9.77293337e+04  3.04184442e+01  9.77293337e+04  1.67932608e+00 
 9.82921202e+04  3.03691771e+01  9.82921202e+04  1.67868070e+00 
 9.88581477e+04  3.03199031e+01  9.88581477e+04  1.67803877e+00 
 9.94274347e+04  3.02706223e+01  9.94274347e+04  1.67740025e+00 
 1.00000000e+05  3.02213348e+01  1.00000000e+05  1.67676513e+00 
 1.00575862e+05  3.01720407e+01  1.00575862e+05  1.67613340e+00 
 1.01155041e+05  3.01227399e+01  1.01155041e+05  1.67550502e+00 
 1.01737555e+05  3.00734327e+01  1.01737555e+05  1.67488000e+00 
 1.02323424e+05  3.00241190e+01  1.02323424e+05  1.67425830e+00 
 1.02912666e+05  2.99747989e+01  1.02912666e+05  1.67363991e+00 
 1.03505301e+05  2.99254726e+01  1.03505301e+05  1.67302480e+00 
 1.04101349e+05  2.98761400e+01  1.04101349e+05  1.67241297e+00 
 1.04700830e+05  2.98268012e+01  1.04700830e+05  1.67180438e+00 
 1.05303763e+05  2.97774564e+01  1.05303763e+05  1.67119903e+00 
 1.05910168e+05  2.97281056e+01  1.05910168e+05  1.67059690e+00 
 1.06520065e+05  2.96787488e+01  1.06520065e+05  1.66999796e+00 
 1.07133474e+05  2.96293861e+01  1.07133474e+05  1.66940220e+00 
 1.07750415e+05  2.95800175e+01  1.07750415e+05  1.66880960e+00 
 1.08370910e+05  2.95306433e+01  1.08370910e+05  1.66822014e+00 
 1.08994977e+05  2.94812633e+01  1.08994977e+05  1.66763381e+00 
 1.09622638e+05  2.94318777e+01  1.09622638e+05  1.66705059e+00 
 1.10253914e+05  2.93824866e+01  1.10253914e+05  1.66647045e+00 
 1.10888825e+05  2.93330899e+01  1.10888825e+05  1.66589338e+00 
 1.11527392e+05  2.92836878e+01  1.11527392e+05  1.66531937e+00 
 1.12169636e+05  2.92342803e+01  1.12169636e+05  1.66474839e+00 
 1.12815579e+05  2.91848675e+01  1.12815579e+05  1.66418043e+00 
 1.13465242e+05  2.91354494e+01  1.13465242e+05  1.66361548e+00 
 1.14118646e+05  2.90860261e+01  1.14118646e+05  1.66305350e+00 
 1.14775812e+05  2.90365977e+01  1.14775812e+05  1.66249450e+00 
 1.15436763e+05  2.89871642e+01  1.15436763e+05  1.66193844e+00 
 1.16101520e+05  2.89377256e+01  1.16101520e+05  1.66138531e+00 
 1.16770105e+05  2.88882821e+01  1.16770105e+05  1.66083510e+00 
 1.17442540e+05  2.88388336e+01  1.17442540e+05  1.66028779e+00 
 1.18118848e+05  2.87893803e+01  1.18118848e+05  1.65974336e+00 
 1.18799050e+05  2.87399222e+01  1.18799050e+05  1.65920180e+00 
 1.19483169e+05  2.86904593e+01  1.19483169e+05  1.65866308e+00 
 1.20171228e+05  2.86409917e+01  1.20171228e+05  1.65812719e+00 
 1.20863249e+05  2.85915194e+01  1.20863249e+05  1.65759412e+00 
 1.21559255e+05  2.85420426e+01  1.21559255e+05  1.65706385e+00 
 1.22259269e+05  2.84925612e+01  1.22259269e+05  1.65653636e+00 
 1.22963314e+05  2.84430753e+01  1.22963314e+05  1.65601164e+00 
 1.23671414e+05  2.83935849e+01  1.23671414e+05  1.65548966e+00 
 1.24383591e+05  2.83440902e+01  1.24383591e+05  1.65497042e+00 
 1.25099870e+05  2.82945911e+01  1.25099870e+05  1.65445389e+00 
 1.25820273e+05  2.82450876e+01  1.25820273e+05  1.65394007e+00 
 1.26544825e+05  2.81955800e+01  1.26544825e+05  1.65342893e+00 
 1.27273549e+05  2.81460681e+01  1.27273549e+05  1.65292046e+00 
 1.28006470e+05  2.80965521e+01  1.28006470e+05  1.65241464e+00 
 1.28743611e+05  2.80470320e+01  1.28743611e+05  1.65191146e+00 
 1.29484997e+05  2.79975078e+01  1.29484997e+05  1.65141090e+00 
 1.30230653e+05  2.79479795e+01  1.30230653e+05  1.65091295e+00 
 1.30980602e+05  2.78984473e+01  1.30980602e+05  1.65041759e+00 
 1.31734870e+05  2.78489112e+01  1.31734870e+05  1.64992481e+00 
 1.32493482e+05  2.77993711e+01  1.32493482e+05  1.64943458e+00 
 1.33256462e+05  2.77498273e+01  1.33256462e+05  1.64894690e+00 
 1.34023836e+05  2.77002796e+01  1.34023836e+05  1.64846175e+00 
 1.34795629e+05  2.76507282e+01  1.34795629e+05  1.64797911e+00 
 1.35571867e+05  2.76011730e+01  1.35571867e+05  1.64749897e+00 
 1.36352574e+05  2.75516142e+01  1.36352574e+05  1.64702132e+00 
 1.37137778e+05  2.75020517e+01  1.37137778e+05  1.64654613e+00 
 1.37927503e+05  2.74524856e+01  1.37927503e+05  1.64607340e+00 
 1.38721775e+05  2.74029160e+01  1.38721775e+05  1.64560311e+00 
 1.39520622e+05  2.73533428e+01  1.39520622e+05  1.64513524e+00 
 1.40324069e+05  2.73037662e+01  1.40324069e+05  1.64466978e+00 
 1.41132143e+05  2.72541862e+01  1.41132143e+05  1.64420672e+00 
 1.41944870e+05  2.72046027e+01  1.41944870e+05  1.64374603e+00 
 1.42762277e+05  2.71550159e+01  1.42762277e+05  1.64328771e+00 
 1.43584391e+05  2.71054257e+01  1.43584391e+05  1.64283175e+00 
 1.44411240e+05  2.70558323e+01  1.44411240e+05  1.64237812e+00 
 1.45242850e+05  2.70062356e+01  1.45242850e+05  1.64192681e+00 
 1.46079249e+05  2.69566357e+01  1.46079249e+05  1.64147782e+00 
 1.46920465e+05  2.69070326e+01  1.46920465e+05  1.64103111e+00 
 1.47766525e+05  2.68574264e+01  1.47766525e+05  1.64058669e+00 
 1.48617457e+05  2.68078170e+01  1.48617457e+05  1.64014453e+00 
 1.49473289e+05  2.67582046e+01  1.49473289e+05  1.63970463e+00 
 1.50334050e+05  2.67085892e+01  1.50334050e+05  1.63926696e+00 
 1.51199767e+05  2.66589707e+01  1.51199767e+05  1.63883152e+00 
 1.52070470e+05  2.66093493e+01  1.52070470e+05  1.63839829e+00 
 1.52946187e+05  2.65597249e+01  1.52946187e+05  1.63796726e+00 
 1.53826946e+05  2.65100976e+01  1.53826946e+05  1.63753841e+00 
 1.54712778e+05  2.64604674e+01  1.54712778e+05  1.63711173e+00 
 1.55603711e+05  2.64108344e+01  1.55603711e+05  1.63668720e+00 
 1.56499774e+05  2.63611986e+01  1.56499774e+05  1.63626482e+00 
 1.57400998e+05  2.63115600e+01  1.57400998e+05  1.63584457e+00 
 1.58307411e+05  2.62619186e+01  1.58307411e+05  1.63542643e+00 
 1.59219044e+05  2.62122746e+01  1.59219044e+05  1.63501040e+00 
 1.60135927e+05  2.61626278e+01  1.60135927e+05  1.63459645e+00 
 1.61058090e+05  2.61129784e+01  1.61058090e+05  1.63418458e+00 
 1.61985563e+05  2.60633263e+01  1.61985563e+05  1.63377477e+00 
 1.62918377e+05  2.60136717e+01  1.62918377e+05  1.63336702e+00 
 1.63856563e+05  2.59640144e+01  1.63856563e+05  1.63296130e+00 
 1.64800151e+05  2.59143546e+01  1.64800151e+05  1.63255761e+00 
 1.65749174e+05  2.58646923e+01  1.65749174e+05  1.63215592e+00 
 1.66703661e+05  2.58150275e+01  1.66703661e+05  1.63175624e+00 
 1.67663645e+05  2.57653603e+01  1.67663645e+05  1.63135854e+00 
 1.68629157e+05  2.57156906e+01  1.68629157e+05  1.63096281e+00 
 1.69600229e+05  2.56660185e+01  1.69600229e+05  1.63056904e+00 
 1.70576893e+05  2.56163440e+01  1.70576893e+05  1.63017722e+00 
 1.71559181e+05  2.55666672e+01  1.71559181e+05  1.62978734e+00 
 1.72547126e+05  2.55169880e+01  1.72547126e+05  1.62939938e+00 
 1.73540760e+05  2.54673066e+01  1.73540760e+05  1.62901333e+00 
 1.74540117e+05  2.54176228e+01  1.74540117e+05  1.62862918e+00 
 1.75545228e+05  2.53679368e+01  1.75545228e+05  1.62824691e+00 
 1.76556127e+05  2.53182486e+01  1.76556127e+05  1.62786652e+00 
 1.77572847e+05  2.52685582e+01  1.77572847e+05  1.62748798e+00 
 1.78595423e+05  2.52188655e+01  1.78595423e+05  1.62711130e+00 
 1.79623887e+05  2.51691708e+01  1.79623887e+05  1.62673646e+00 
 1.80658273e+05  2.51194739e+01  1.80658273e+05  1.62636343e+00 
 1.81698617e+05  2.50697748e+01  1.81698617e+05  1.62599223e+00 
 1.82744951e+05  2.50200737e+01  1.82744951e+05  1.62562282e+00 
 1.83797311e+05  2.49703706e+01  1.83797311e+05  1.62525520e+00 
 1.84855730e+05  2.49206653e+01  1.84855730e+05  1.62488936e+00 
 1.85920245e+05  2.48709581e+01  1.85920245e+05  1.62452529e+00 
 1.86990890e+05  2.48212489e+01  1.86990890e+05  1.62416297e+00 
 1.88067700e+05  2.47715377e+01  1.88067700e+05  1.62380239e+00 
 1.89150712e+05  2.47218245e+01  1.89150712e+05  1.62344354e+00 
 1.90239960e+05  2.46721094e+01  1.90239960e+05  1.62308641e+00 
 1.91335480e+05  2.46223924e+01  1.91335480e+05  1.62273099e+00 
 1.92437310e+05  2.45726735e+01  1.92437310e+05  1.62237727e+00 
 1.93545484e+05  2.45229527e+01  1.93545484e+05  1.62202523e+00 
 1.94660040e+05  2.44732301e+01  1.94660040e+05  1.62167486e+00 
 1.95781014e+05  2.44235057e+01  1.95781014e+05  1.62132616e+00 
 1.96908443e+05  2.43737794e+01  1.96908443e+05  1.62097911e+00 
 1.98042365e+05  2.43240513e+01  1.98042365e+05  1.62063370e+00 
 1.99182817e+05  2.42743215e+01  1.99182817e+05  1.62028991e+00 
 2.00329836e+05  2.42245899e+01  2.00329836e+05  1.61994775e+00 
 2.01483461e+05  2.41748566e+01  2.01483461e+05  1.61960719e+00 
 2.02643728e+05  2.41251215e+01  2.02643728e+05  1.61926822e+00 
 2.03810678e+05  2.40753848e+01  2.03810678e+05  1.61893085e+00 
 2.04984347e+05  2.40256464e+01  2.04984347e+05  1.61859504e+00 
 2.06164775e+05  2.39759063e+01  2.06164775e+05  1.61826080e+00 
 2.07352000e+05  2.39261646e+01  2.07352000e+05  1.61792811e+00 
 2.08546063e+05  2.38764212e+01  2.08546063e+05  1.61759696e+00 
 2.09747001e+05  2.38266762e+01  2.09747001e+05  1.61726734e+00 
 2.10954856e+05  2.37769297e+01  2.10954856e+05  1.61693924e+00 
 2.12169666e+05  2.37271815e+01  2.12169666e+05  1.61661266e+00 
 2.13391471e+05  2.36774318e+01  2.13391471e+05  1.61628757e+00 
 2.14620313e+05  2.36276806e+01  2.14620313e+05  1.61596397e+00 
 2.15856230e+05  2.35779278e+01  2.15856230e+05  1.61564184e+00 
 2.17099265e+05  2.35281736e+01  2.17099265e+05  1.61532119e+00 
 2.18349459e+05  2.34784178e+01  2.18349459e+05  1.61500199e+00 
 2.19606851e+05  2.34286605e+01  2.19606851e+05  1.61468424e+00 
 2.20871485e+05  2.33789018e+01  2.20871485e+05  1.61436792e+00 
 2.22143401e+05  2.33291417e+01  2.22143401e+05  1.61405303e+00 
 2.23422641e+05  2.32793801e+01  2.23422641e+05  1.61373956e+00 
 2.24709249e+05  2.32296170e+01  2.24709249e+05  1.61342749e+00 
 2.26003265e+05  2.31798526e+01  2.26003265e+05  1.61311682e+00 
 2.27304733e+05  2.31300868e+01  2.27304733e+05  1.61280754e+00 
 2.28613696e+05  2.30803196e+01  2.28613696e+05  1.61249963e+00 
 2.29930196e+05  2.30305511e+01  2.29930196e+05  1.61219308e+00 
 2.31254278e+05  2.29807812e+01  2.31254278e+05  1.61188790e+00 
 2.32585985e+05  2.29310100e+01  2.32585985e+05  1.61158405e+00 
 2.33925360e+05  2.28812374e+01  2.33925360e+05  1.61128155e+00 
 2.35272449e+05  2.28314636e+01  2.35272449e+05  1.61098037e+00 
 2.36627294e+05  2.27816884e+01  2.36627294e+05  1.61068050e+00 
 2.37989942e+05  2.27319120e+01  2.37989942e+05  1.61038195e+00 
 2.39360437e+05  2.26821343e+01  2.39360437e+05  1.61008469e+00 
 2.40738824e+05  2.26323553e+01  2.40738824e+05  1.60978871e+00 
 2.42125149e+05  2.25825752e+01  2.42125149e+05  1.60949402e+00 
 2.43519457e+05  2.25327937e+01  2.43519457e+05  1.60920059e+00 
 2.44921794e+05  2.24830111e+01  2.44921794e+05  1.60890842e+00 
 2.46332206e+05  2.24332273e+01  2.46332206e+05  1.60861750e+00 
 2.47750741e+05  2.23834422e+01  2.47750741e+05  1.60832782e+00 
 2.49177445e+05  2.23336560e+01  2.49177445e+05  1.60803937e+00 
 2.50612364e+05  2.22838686e+01  2.50612364e+05  1.60775214e+00 
 2.52055547e+05  2.22340801e+01  2.52055547e+05  1.60746613e+00 
 2.53507040e+05  2.21842904e+01  2.53507040e+05  1.60718131e+00 
 2.54966892e+05  2.21344996e+01  2.54966892e+05  1.60689769e+00 
 2.56435151e+05  2.20847076e+01  2.56435151e+05  1.60661525e+00 
 2.57911865e+05  2.20349146e+01  2.57911865e+05  1.60633399e+00 
 2.59397083e+05  2.19851204e+01  2.59397083e+05  1.60605389e+00 
 2.60890853e+05  2.19353252e+01  2.60890853e+05  1.60577495e+00 
 2.62393226e+05  2.18855288e+01  2.62393226e+05  1.60549715e+00 
 2.63904250e+05  2.18357314e+01  2.63904250e+05  1.60522049e+00 
 2.65423975e+05  2.17859330e+01  2.65423975e+05  1.60494496e+00 
 2.66952453e+05  2.17361335e+01  2.66952453e+05  1.60467056e+00 
 2.68489732e+05  2.16863329e+01  2.68489732e+05  1.60439726e+00 
 2.70035863e+05  2.16365313e+01  2.70035863e+05  1.60412507e+00 
 2.71590899e+05  2.15867287e+01  2.71590899e+05  1.60385396e+00 
 2.73154889e+05  2.15369251e+01  2.73154889e+05  1.60358395e+00 
 2.74727885e+05  2.14871205e+01  2.74727885e+05  1.60331501e+00 
 2.76309940e+05  2.14373149e+01  2.76309940e+05  1.60304713e+00 
 2.77901105e+05  2.13875083e+01  2.77901105e+05  1.60278032e+00 
 2.79501434e+05  2.13377007e+01  2.79501434e+05  1.60251455e+00 
 2.81110978e+05  2.12878922e+01  2.81110978e+05  1.60224983e+00 
 2.82729790e+05  2.12380827e+01  2.82729790e+05  1.60198613e+00 
 2.84357925e+05  2.11882723e+01  2.84357925e+05  1.60172346e+00 
 2.85995436e+05  2.11384609e+01  2.85995436e+05  1.60146181e+00 
 2.87642376e+05  2.10886486e+01  2.87642376e+05  1.60120116e+00 
 2.89298801e+05  2.10388353e+01  2.89298801e+05  1.60094151e+00 
 2.90964764e+05  2.09890212e+01  2.90964764e+05  1.60068285e+00 
 2.92640321e+05  2.09392061e+01  2.92640321e+05  1.60042517e+00 
 2.94325527e+05  2.08893902e+01  2.94325527e+05  1.60016847e+00 
 2.96020437e+05  2.08395733e+01  2.96020437e+05  1.59991272e+00 
 2.97725108e+05  2.07897556e+01  2.97725108e+05  1.59965794e+00 
 2.99439595e+05  2.07399370e+01  2.99439595e+05  1.59940410e+00 
 3.01163955e+05  2.06901175e+01  3.01163955e+05  1.59915120e+00 
 3.02898246e+05  2.06402972e+01  3.02898246e+05  1.59889923e+00 
 3.04642523e+05  2.05904760e+01  3.04642523e+05  1.59864819e+00 
 3.06396845e+05  2.05406540e+01  3.06396845e+05  1.59839806e+00 
 3.08161270e+05  2.04908311e+01  3.08161270e+05  1.59814883e+00 
 3.09935855e+05  2.04410074e+01  3.09935855e+05  1.59790051e+00 
 3.11720659e+05  2.03911828e+01  3.11720659e+05  1.59765307e+00 
 3.13515742e+05  2.03413575e+01  3.13515742e+05  1.59740652e+00 
 3.15321161e+05  2.02915313e+01  3.15321161e+05  1.59716084e+00 
 3.17136977e+05  2.02417043e+01  3.17136977e+05  1.59691602e+00 
 3.18963250e+05  2.01918766e+01  3.18963250e+05  1.59667207e+00 
 3.20800040e+05  2.01420480e+01  3.20800040e+05  1.59642896e+00 
 3.22647407e+05  2.00922186e+01  3.22647407e+05  1.59618670e+00 
 3.24505413e+05  2.00423885e+01  3.24505413e+05  1.59594527e+00 
 3.26374118e+05  1.99925576e+01  3.26374118e+05  1.59570467e+00 
 3.28253584e+05  1.99427259e+01  3.28253584e+05  1.59546489e+00 
 3.30143873e+05  1.98928935e+01  3.30143873e+05  1.59522591e+00 
 3.32045048e+05  1.98430603e+01  3.32045048e+05  1.59498774e+00 
 3.33957171e+05  1.97932263e+01  3.33957171e+05  1.59475037e+00 
 3.35880305e+05  1.97433916e+01  3.35880305e+05  1.59451378e+00 
 3.37814514e+05  1.96935561e+01  3.37814514e+05  1.59427797e+00 
 3.39759861e+05  1.96437200e+01  3.39759861e+05  1.59404293e+00 
 3.41716410e+05  1.95938830e+01  3.41716410e+05  1.59380866e+00 
 3.43684227e+05  1.95440454e+01  3.43684227e+05  1.59357514e+00 
 3.45663375e+05  1.94942070e+01  3.45663375e+05  1.59334237e+00 
 3.47653921e+05  1.94443679e+01  3.47653921e+05  1.59311035e+00 
 3.49655930e+05  1.93945281e+01  3.49655930e+05  1.59287905e+00 
 3.51669467e+05  1.93446876e+01  3.51669467e+05  1.59264849e+00 
 3.53694600e+05  1.92948464e+01  3.53694600e+05  1.59241864e+00 
 3.55731394e+05  1.92450045e+01  3.55731394e+05  1.59218950e+00 
 3.57779918e+05  1.91951619e+01  3.57779918e+05  1.59196106e+00 
 3.59840238e+05  1.91453186e+01  3.59840238e+05  1.59173333e+00 
 3.61912423e+05  1.90954747e+01  3.61912423e+05  1.59150628e+00 
 3.63996541e+05  1.90456300e+01  3.63996541e+05  1.59127991e+00 
 3.66092661e+05  1.89957847e+01  3.66092661e+05  1.59105421e+00 
 3.68200851e+05  1.89459387e+01  3.68200851e+05  1.59082918e+00 
 3.70321182e+05  1.88960920e+01  3.70321182e+05  1.59060481e+00 
 3.72453723e+05  1.88462446e+01  3.72453723e+05  1.59038109e+00 
 3.74598544e+05  1.87963966e+01  3.74598544e+05  1.59015802e+00 
 3.76755716e+05  1.87465480e+01  3.76755716e+05  1.58993558e+00 
 3.78925311e+05  1.86966987e+01  3.78925311e+05  1.58971377e+00 
 3.81107400e+05  1.86468487e+01  3.81107400e+05  1.58949258e+00 
 3.83302055e+05  1.85969981e+01  3.83302055e+05  1.58927201e+00 
 3.85509347e+05  1.85471468e+01  3.85509347e+05  1.58905205e+00 
 3.87729351e+05  1.84972949e+01  3.87729351e+05  1.58883269e+00 
 3.89962139e+05  1.84474423e+01  3.89962139e+05  1.58861392e+00 
 3.92207785e+05  1.83975892e+01  3.92207785e+05  1.58839574e+00 
 3.94466362e+05  1.83477353e+01  3.94466362e+05  1.58817813e+00 
 3.96737946e+05  1.82978809e+01  3.96737946e+05  1.58796110e+00 
 3.99022611e+05  1.82480258e+01  3.99022611e+05  1.58774463e+00 
 4.01320433e+05  1.81981701e+01  4.01320433e+05  1.58752873e+00 
 4.03631487e+05  1.81483138e+01  4.03631487e+05  1.58731337e+00 
 4.05955849e+05  1.80984569e+01  4.05955849e+05  1.58709855e+00 
 4.08293596e+05  1.80485993e+01  4.08293596e+05  1.58688428e+00 
 4.10644806e+05  1.79987411e+01  4.10644806e+05  1.58667053e+00 
 4.13009556e+05  1.79488823e+01  4.13009556e+05  1.58645730e+00 
 4.15387923e+05  1.78990230e+01  4.15387923e+05  1.58624459e+00 
 4.17779986e+05  1.78491629e+01  4.17779986e+05  1.58603239e+00 
 4.20185824e+05  1.77993023e+01  4.20185824e+05  1.58582069e+00 
 4.22605517e+05  1.77494411e+01  4.22605517e+05  1.58560949e+00 
 4.25039143e+05  1.76995793e+01  4.25039143e+05  1.58539877e+00 
 4.27486784e+05  1.76497169e+01  4.27486784e+05  1.58518853e+00 
 4.29948521e+05  1.75998539e+01  4.29948521e+05  1.58497877e+00 
 4.32424433e+05  1.75499903e+01  4.32424433e+05  1.58476948e+00 
 4.34914603e+05  1.75001260e+01  4.34914603e+05  1.58456064e+00 
 4.37419113e+05  1.74502612e+01  4.37419113e+05  1.58435226e+00 
 4.39938046e+05  1.74003958e+01  4.39938046e+05  1.58414433e+00 
 4.42471484e+05  1.73505298e+01  4.42471484e+05  1.58393683e+00 
 4.45019511e+05  1.73006633e+01  4.45019511e+05  1.58372977e+00 
 4.47582212e+05  1.72507961e+01  4.47582212e+05  1.58352313e+00 
 4.50159670e+05  1.72009283e+01  4.50159670e+05  1.58331692e+00 
 4.52751970e+05  1.71510600e+01  4.52751970e+05  1.58311112e+00 
 4.55359199e+05  1.71011910e+01  4.55359199e+05  1.58290572e+00 
 4.57981442e+05  1.70513215e+01  4.57981442e+05  1.58270072e+00 
 4.60618785e+05  1.70014514e+01  4.60618785e+05  1.58249611e+00 
 4.63271316e+05  1.69515807e+01  4.63271316e+05  1.58229190e+00 
 4.65939122e+05  1.69017095e+01  4.65939122e+05  1.58208805e+00 
 4.68622291e+05  1.68518376e+01  4.68622291e+05  1.58188459e+00 
 4.71320911e+05  1.68019652e+01  4.71320911e+05  1.58168148e+00 
 4.74035071e+05  1.67520921e+01  4.74035071e+05  1.58147874e+00 
 4.76764861e+05  1.67022185e+01  4.76764861e+05  1.58127635e+00 
 4.79510371e+05  1.66523444e+01  4.79510371e+05  1.58107430e+00 
 4.82271692e+05  1.66024696e+01  4.82271692e+05  1.58087260e+00 
 4.85048914e+05  1.65525942e+01  4.85048914e+05  1.58067123e+00 
 4.87842128e+05  1.65027183e+01  4.87842128e+05  1.58047018e+00 
 4.90651428e+05  1.64528418e+01  4.90651428e+05  1.58026945e+00 
 4.93476906e+05  1.64029647e+01  4.93476906e+05  1.58006904e+00 
 4.96318654e+05  1.63530870e+01  4.96318654e+05  1.57986893e+00 
 4.99176767e+05  1.63032088e+01  4.99176767e+05  1.57966912e+00 
 5.02051339e+05  1.62533299e+01  5.02051339e+05  1.57946960e+00 
 5.04942464e+05  1.62034505e+01  5.04942464e+05  1.57927037e+00 
 5.07850239e+05  1.61535705e+01  5.07850239e+05  1.57907142e+00 
 5.10774758e+05  1.61036899e+01  5.10774758e+05  1.57887275e+00 
 5.13716118e+05  1.60538088e+01  5.13716118e+05  1.57867434e+00 
 5.16674416e+05  1.60039270e+01  5.16674416e+05  1.57847619e+00 
 5.19649751e+05  1.59540446e+01  5.19649751e+05  1.57827830e+00 
 5.22642219e+05  1.59041617e+01  5.22642219e+05  1.57808065e+00 
 5.25651919e+05  1.58542782e+01  5.25651919e+05  1.57788325e+00 
 5.28678951e+05  1.58043941e+01  5.28678951e+05  1.57768608e+00 
 5.31723415e+05  1.57545094e+01  5.31723415e+05  1.57748913e+00 
 5.34785411e+05  1.57046241e+01  5.34785411e+05  1.57729241e+00 
 5.37865040e+05  1.56547382e+01  5.37865040e+05  1.57709591e+00 
 5.40962403e+05  1.56048517e+01  5.40962403e+05  1.57689961e+00 
 5.44077602e+05  1.55549646e+01  5.44077602e+05  1.57670352e+00 
 5.47210741e+05  1.55050769e+01  5.47210741e+05  1.57650762e+00 
 5.50361923e+05  1.54551887e+01  5.50361923e+05  1.57631191e+00 
 5.53531250e+05  1.54052998e+01  5.53531250e+05  1.57611639e+00 
 5.56718829e+05  1.53554103e+01  5.56718829e+05  1.57592104e+00 
 5.59924764e+05  1.53055202e+01  5.59924764e+05  1.57572586e+00 
 5.63149161e+05  1.52556295e+01  5.63149161e+05  1.57553085e+00 
 5.66392126e+05  1.52057382e+01  5.66392126e+05  1.57533599e+00 
 5.69653766e+05  1.51558463e+01  5.69653766e+05  1.57514129e+00 
 5.72934188e+05  1.51059538e+01  5.72934188e+05  1.57494673e+00 
 5.76233501e+05  1.50560607e+01  5.76233501e+05  1.57475231e+00 
 5.79551814e+05  1.50061669e+01  5.79551814e+05  1.57455802e+00 
 5.82889235e+05  1.49562725e+01  5.82889235e+05  1.57436386e+00 
 5.86245876e+05  1.49063775e+01  5.86245876e+05  1.57416981e+00 
 5.89621846e+05  1.48564819e+01  5.89621846e+05  1.57397588e+00 
 5.93017257e+05  1.48065857e+01  5.93017257e+05  1.57378206e+00 
 5.96432221e+05  1.47566888e+01  5.96432221e+05  1.57358834e+00 
 5.99866850e+05  1.47067913e+01  5.99866850e+05  1.57339471e+00 
 6.03321259e+05  1.46568931e+01  6.03321259e+05  1.57320116e+00 
 6.06795560e+05  1.46069943e+01  6.06795560e+05  1.57300770e+00 
 6.10289868e+05  1.45570949e+01  6.10289868e+05  1.57281432e+00 
 6.13804298e+05  1.45071948e+01  6.13804298e+05  1.57262100e+00 
 6.17338967e+05  1.44572941e+01  6.17338967e+05  1.57242775e+00 
 6.20893990e+05  1.44073927e+01  6.20893990e+05  1.57223455e+00 
 6.24469486e+05  1.43574907e+01  6.24469486e+05  1.57204141e+00 
 6.28065572e+05  1.43075880e+01  6.28065572e+05  1.57184830e+00 
 6.31682366e+05  1.42576847e+01  6.31682366e+05  1.57165524e+00 
 6.35319988e+05  1.42077806e+01  6.35319988e+05  1.57146220e+00 
 6.38978557e+05  1.41578760e+01  6.38978557e+05  1.57126919e+00 
 6.42658195e+05  1.41079706e+01  6.42658195e+05  1.57107620e+00 
 6.46359022e+05  1.40580646e+01  6.46359022e+05  1.57088322e+00 
 6.50081162e+05  1.40081578e+01  6.50081162e+05  1.57069024e+00 
 6.53824735e+05  1.39582504e+01  6.53824735e+05  1.57049727e+00 
 6.57589867e+05  1.39083423e+01  6.57589867e+05  1.57030429e+00 
 6.61376680e+05  1.38584335e+01  6.61376680e+05  1.57011129e+00 
 6.65185300e+05  1.38085241e+01  6.65185300e+05  1.56991828e+00 
 6.69015853e+05  1.37586139e+01  6.69015853e+05  1.56972524e+00 
 6.72868464e+05  1.37087030e+01  6.72868464e+05  1.56953216e+00 
 6.76743262e+05  1.36587913e+01  6.76743262e+05  1.56933905e+00 
 6.80640372e+05  1.36088790e+01  6.80640372e+05  1.56914590e+00 
 6.84559925e+05  1.35589660e+01  6.84559925e+05  1.56895269e+00 
 6.88502049e+05  1.35090522e+01  6.88502049e+05  1.56875943e+00 
 6.92466874e+05  1.34591377e+01  6.92466874e+05  1.56856610e+00 
 6.96454531e+05  1.34092224e+01  6.96454531e+05  1.56837270e+00 
 7.00465151e+05  1.33593064e+01  7.00465151e+05  1.56817923e+00 
 7.04498867e+05  1.33093897e+01  7.04498867e+05  1.56798568e+00 
 7.08555812e+05  1.32594722e+01  7.08555812e+05  1.56779203e+00 
 7.12636119e+05  1.32095540e+01  7.12636119e+05  1.56759829e+00 
 7.16739924e+05  1.31596350e+01  7.16739924e+05  1.56740445e+00 
 7.20867360e+05  1.31097152e+01  7.20867360e+05  1.56721050e+00 
 7.25018565e+05  1.30597946e+01  7.25018565e+05  1.56701644e+00 
 7.29193675e+05  1.30098733e+01  7.29193675e+05  1.56682226e+00 
 7.33392828e+05  1.29599511e+01  7.33392828e+05  1.56662795e+00 
 7.37616162e+05  1.29100282e+01  7.37616162e+05  1.56643351e+00 
 7.41863817e+05  1.28601045e+01  7.41863817e+05  1.56623893e+00 
 7.46135932e+05  1.28101800e+01  7.46135932e+05  1.56604420e+00 
 7.50432649e+05  1.27602546e+01  7.50432649e+05  1.56584932e+00 
 7.54754109e+05  1.27103285e+01  7.54754109e+05  1.56565429e+00 
 7.59100455e+05  1.26604015e+01  7.59100455e+05  1.56545909e+00 
 7.63471830e+05  1.26104737e+01  7.63471830e+05  1.56526372e+00 
 7.67868378e+05  1.25605450e+01  7.67868378e+05  1.56506817e+00 
 7.72290244e+05  1.25106155e+01  7.72290244e+05  1.56487243e+00 
 7.76737574e+05  1.24606851e+01  7.76737574e+05  1.56467651e+00 
 7.81210514e+05  1.24107539e+01  7.81210514e+05  1.56448039e+00 
 7.85709213e+05  1.23608218e+01  7.85709213e+05  1.56428407e+00 
 7.90233817e+05  1.23108889e+01  7.90233817e+05  1.56408754e+00 
 7.94784478e+05  1.22609550e+01  7.94784478e+05  1.56389079e+00 
 7.99361343e+05  1.22110203e+01  7.99361343e+05  1.56369383e+00 
 8.03964565e+05  1.21610847e+01  8.03964565e+05  1.56349663e+00 
 8.08594296e+05  1.21111481e+01  8.08594296e+05  1.56329920e+00 
 8.13250687e+05  1.20612107e+01  8.13250687e+05  1.56310153e+00 
 8.17933893e+05  1.20112723e+01  8.17933893e+05  1.56290361e+00 
 8.22644067e+05  1.19613330e+01  8.22644067e+05  1.56270544e+00 
 8.27381366e+05  1.19113927e+01  8.27381366e+05  1.56250701e+00 
 8.32145945e+05  1.18614515e+01  8.32145945e+05  1.56230831e+00 
 8.36937961e+05  1.18115094e+01  8.36937961e+05  1.56210934e+00 
 8.41757573e+05  1.17615662e+01  8.41757573e+05  1.56191008e+00 
 8.46604939e+05  1.17116221e+01  8.46604939e+05  1.56171055e+00 
 8.51480220e+05  1.16616771e+01  8.51480220e+05  1.56151072e+00 
 8.56383575e+05  1.16117310e+01  8.56383575e+05  1.56131059e+00 
 8.61315167e+05  1.15617839e+01  8.61315167e+05  1.56111015e+00 
 8.66275158e+05  1.15118359e+01  8.66275158e+05  1.56090941e+00 
 8.71263712e+05  1.14618868e+01  8.71263712e+05  1.56070835e+00 
 8.76280993e+05  1.14119366e+01  8.76280993e+05  1.56050696e+00 
 8.81327166e+05  1.13619854e+01  8.81327166e+05  1.56030524e+00 
 8.86402399e+05  1.13120332e+01  8.86402399e+05  1.56010318e+00 
 8.91506858e+05  1.12620799e+01  8.91506858e+05  1.55990078e+00 
 8.96640711e+05  1.12121256e+01  8.96640711e+05  1.55969803e+00 
 9.01804129e+05  1.11621702e+01  9.01804129e+05  1.55949492e+00 
 9.06997281e+05  1.11122136e+01  9.06997281e+05  1.55929144e+00 
 9.12220338e+05  1.10622560e+01  9.12220338e+05  1.55908760e+00 
 9.17473473e+05  1.10122973e+01  9.17473473e+05  1.55888338e+00 
 9.22756858e+05  1.09623374e+01  9.22756858e+05  1.55867877e+00 
 9.28070669e+05  1.09123764e+01  9.28070669e+05  1.55847378e+00 
 9.33415080e+05  1.08624143e+01  9.33415080e+05  1.55826839e+00 
 9.38790267e+05  1.08124510e+01  9.38790267e+05  1.55806260e+00 
 9.44196408e+05  1.07624866e+01  9.44196408e+05  1.55785639e+00 
 9.49633681e+05  1.07125209e+01  9.49633681e+05  1.55764977e+00 
 9.55102266e+05  1.06625541e+01  9.55102266e+05  1.55744273e+00 
 9.60602341e+05  1.06125861e+01  9.60602341e+05  1.55723525e+00 
 9.66134090e+05  1.05626168e+01  9.66134090e+05  1.55702734e+00 
 9.71697694e+05  1.05126463e+01  9.71697694e+05  1.55681899e+00 
 9.77293337e+05  1.04626746e+01  9.77293337e+05  1.55661019e+00 
 9.82921202e+05  1.04127016e+01  9.82921202e+05  1.55640093e+00 
 9.88581477e+05  1.03627274e+01  9.88581477e+05  1.55619121e+00 
 9.94274347e+05  1.03127519e+01  9.94274347e+05  1.55598102e+00 
 1.00000000e+06  1.02627751e+01  1.00000000e+06  1.55577035e+00 
 1.00575862e+06  1.02127970e+01  1.00575862e+06  1.55555920e+00 
 1.01155041e+06  1.01628176e+01  1.01155041e+06  1.55534755e+00 
 1.01737555e+06  1.01128368e+01  1.01737555e+06  1.55513541e+00 
 1.02323424e+06  1.00628547e+01  1.02323424e+06  1.55492277e+00 
 1.02912666e+06  1.00128712e+01  1.02912666e+06  1.55470962e+00 
 1.03505301e+06  9.96288640e+00  1.03505301e+06  1.55449595e+00 
 1.04101349e+06  9.91290018e+00  1.04101349e+06  1.55428176e+00 
 1.04700830e+06  9.86291255e+00  1.04700830e+06  1.55406703e+00 
 1.05303763e+06  9.81292351e+00  1.05303763e+06  1.55385177e+00 
 1.05910168e+06  9.76293304e+00  1.05910168e+06  1.55363596e+00 
 1.06520065e+06  9.71294112e+00  1.06520065e+06  1.55341960e+00 
 1.07133474e+06  9.66294774e+00  1.07133474e+06  1.55320269e+00 
 1.07750415e+06  9.61295288e+00  1.07750415e+06  1.55298520e+00 
 1.08370910e+06  9.56295654e+00  1.08370910e+06  1.55276715e+00 
 1.08994977e+06  9.51295868e+00  1.08994977e+06  1.55254852e+00 
 1.09622638e+06  9.46295930e+00  1.09622638e+06  1.55232930e+00 
 1.10253914e+06  9.41295837e+00  1.10253914e+06  1.55210949e+00 
 1.10888825e+06  9.36295589e+00  1.10888825e+06  1.55188907e+00 
 1.11527392e+06  9.31295184e+00  1.11527392e+06  1.55166806e+00 
 1.12169636e+06  9.26294620e+00  1.12169636e+06  1.55144642e+00 
 1.12815579e+06  9.21293895e+00  1.12815579e+06  1.55122417e+00 
 1.13465242e+06  9.16293008e+00  1.13465242e+06  1.55100129e+00 
 1.14118646e+06  9.11291957e+00  1.14118646e+06  1.55077777e+00 
 1.14775812e+06  9.06290739e+00  1.14775812e+06  1.55055361e+00 
 1.15436763e+06  9.01289354e+00  1.15436763e+06  1.55032881e+00 
 1.16101520e+06  8.96287800e+00  1.16101520e+06  1.55010334e+00 
 1.16770105e+06  8.91286074e+00  1.16770105e+06  1.54987722e+00 
 1.17442540e+06  8.86284176e+00  1.17442540e+06  1.54965042e+00 
 1.18118848e+06  8.81282102e+00  1.18118848e+06  1.54942295e+00 
 1.18799050e+06  8.76279851e+00  1.18799050e+06  1.54919479e+00 
 1.19483169e+06  8.71277422e+00  1.19483169e+06  1.54896594e+00 
 1.20171228e+06  8.66274811e+00  1.20171228e+06  1.54873639e+00 
 1.20863249e+06  8.61272019e+00  1.20863249e+06  1.54850613e+00 
 1.21559255e+06  8.56269041e+00  1.21559255e+06  1.54827516e+00 
 1.22259269e+06  8.51265877e+00  1.22259269e+06  1.54804347e+00 
 1.22963314e+06  8.46262524e+00  1.22963314e+06  1.54781105e+00 
 1.23671414e+06  8.41258980e+00  1.23671414e+06  1.54757790e+00 
 1.24383591e+06  8.36255244e+00  1.24383591e+06  1.54734400e+00 
 1.25099870e+06  8.31251312e+00  1.25099870e+06  1.54710935e+00 
 1.25820273e+06  8.26247184e+00  1.25820273e+06  1.54687395e+00 
 1.26544825e+06  8.21242856e+00  1.26544825e+06  1.54663778e+00 
 1.27273549e+06  8.16238327e+00  1.27273549e+06  1.54640084e+00 
 1.28006470e+06  8.11233595e+00  1.28006470e+06  1.54616312e+00 
 1.28743611e+06  8.06228657e+00  1.28743611e+06  1.54592462e+00 
 1.29484997e+06  8.01223510e+00  1.29484997e+06  1.54568532e+00 
 1.30230653e+06  7.96218153e+00  1.30230653e+06  1.54544522e+00 
 1.30980602e+06  7.91212584e+00  1.30980602e+06  1.54520431e+00 
 1.31734870e+06  7.86206800e+00  1.31734870e+06  1.54496258e+00 
 1.32493482e+06  7.81200798e+00  1.32493482e+06  1.54472003e+00 
 1.33256462e+06  7.76194577e+00  1.33256462e+06  1.54447664e+00 
 1.34023836e+06  7.71188133e+00  1.34023836e+06  1.54423242e+00 
 1.34795629e+06  7.66181465e+00  1.34795629e+06  1.54398735e+00 
 1.35571867e+06  7.61174570e+00  1.35571867e+06  1.54374143e+00 
 1.36352574e+06  7.56167445e+00  1.36352574e+06  1.54349465e+00 
 1.37137778e+06  7.51160089e+00  1.37137778e+06  1.54324699e+00 
 1.37927503e+06  7.46152497e+00  1.37927503e+06  1.54299846e+00 
 1.38721775e+06  7.41144669e+00  1.38721775e+06  1.54274905e+00 
 1.39520622e+06  7.36136600e+00  1.39520622e+06  1.54249874e+00 
 1.40324069e+06  7.31128289e+00  1.40324069e+06  1.54224753e+00 
 1.41132143e+06  7.26119733e+00  1.41132143e+06  1.54199542e+00 
 1.41944870e+06  7.21110929e+00  1.41944870e+06  1.54174239e+00 
 1.42762277e+06  7.16101875e+00  1.42762277e+06  1.54148843e+00 
 1.43584391e+06  7.11092567e+00  1.43584391e+06  1.54123355e+00 
 1.44411240e+06  7.06083002e+00  1.44411240e+06  1.54097772e+00 
 1.45242850e+06  7.01073179e+00  1.45242850e+06  1.54072095e+00 
 1.46079249e+06  6.96063094e+00  1.46079249e+06  1.54046323e+00 
 1.46920465e+06  6.91052744e+00  1.46920465e+06  1.54020454e+00 
 1.47766525e+06  6.86042126e+00  1.47766525e+06  1.53994488e+00 
 1.48617457e+06  6.81031237e+00  1.48617457e+06  1.53968424e+00 
 1.49473289e+06  6.76020075e+00  1.49473289e+06  1.53942262e+00 
 1.50334050e+06  6.71008636e+00  1.50334050e+06  1.53916001e+00 
 1.51199767e+06  6.65996917e+00  1.51199767e+06  1.53889639e+00 
 1.52070470e+06  6.60984915e+00  1.52070470e+06  1.53863176e+00 
 1.52946187e+06  6.55972627e+00  1.52946187e+06  1.53836612e+00 
 1.53826946e+06  6.50960050e+00  1.53826946e+06  1.53809944e+00 
 1.54712778e+06  6.45947180e+00  1.54712778e+06  1.53783174e+00 
 1.55603711e+06  6.40934015e+00  1.55603711e+06  1.53756299e+00 
 1.56499774e+06  6.35920550e+00  1.56499774e+06  1.53729319e+00 
 1.57400998e+06  6.30906783e+00  1.57400998e+06  1.53702234e+00 
 1.58307411e+06  6.25892711e+00  1.58307411e+06  1.53675042e+00 
 1.59219044e+06  6.20878329e+00  1.59219044e+06  1.53647742e+00 
 1.60135927e+06  6.15863635e+00  1.60135927e+06  1.53620334e+00 
 1.61058090e+06  6.10848624e+00  1.61058090e+06  1.53592817e+00 
 1.61985563e+06  6.05833294e+00  1.61985563e+06  1.53565190e+00 
 1.62918377e+06  6.00817641e+00  1.62918377e+06  1.53537452e+00 
 1.63856563e+06  5.95801661e+00  1.63856563e+06  1.53509603e+00 
 1.64800151e+06  5.90785351e+00  1.64800151e+06  1.53481642e+00 
 1.65749174e+06  5.85768706e+00  1.65749174e+06  1.53453567e+00 
 1.66703661e+06  5.80751724e+00  1.66703661e+06  1.53425378e+00 
 1.67663645e+06  5.75734401e+00  1.67663645e+06  1.53397074e+00 
 1.68629157e+06  5.70716732e+00  1.68629157e+06  1.53368655e+00 
 1.69600229e+06  5.65698713e+00  1.69600229e+06  1.53340119e+00 
 1.70576893e+06  5.60680342e+00  1.70576893e+06  1.53311465e+00 
 1.71559181e+06  5.55661614e+00  1.71559181e+06  1.53282694e+00 
 1.72547126e+06  5.50642524e+00  1.72547126e+06  1.53253803e+00 
 1.73540760e+06  5.45623070e+00  1.73540760e+06  1.53224792e+00 
 1.74540117e+06  5.40603246e+00  1.74540117e+06  1.53195661e+00 
 1.75545228e+06  5.35583049e+00  1.75545228e+06  1.53166408e+00 
 1.76556127e+06  5.30562475e+00  1.76556127e+06  1.53137032e+00 
 1.77572847e+06  5.25541520e+00  1.77572847e+06  1.53107533e+00 
 1.78595423e+06  5.20520178e+00  1.78595423e+06  1.53077910e+00 
 1.79623887e+06  5.15498446e+00  1.79623887e+06  1.53048162e+00 
 1.80658273e+06  5.10476320e+00  1.80658273e+06  1.53018287e+00 
 1.81698617e+06  5.05453795e+00  1.81698617e+06  1.52988286e+00 
 1.82744951e+06  5.00430866e+00  1.82744951e+06  1.52958158e+00 
 1.83797311e+06  4.95407530e+00  1.83797311e+06  1.52927901e+00 
 1.84855730e+06  4.90383781e+00  1.84855730e+06  1.52897514e+00 
 1.85920245e+06  4.85359615e+00  1.85920245e+06  1.52866997e+00 
 1.86990890e+06  4.80335028e+00  1.86990890e+06  1.52836349e+00 
 1.88067700e+06  4.75310014e+00  1.88067700e+06  1.52805569e+00 
 1.89150712e+06  4.70284569e+00  1.89150712e+06  1.52774656e+00 
 1.90239960e+06  4.65258688e+00  1.90239960e+06  1.52743609e+00 
 1.91335480e+06  4.60232367e+00  1.91335480e+06  1.52712428e+00 
 1.92437310e+06  4.55205600e+00  1.92437310e+06  1.52681111e+00 
 1.93545484e+06  4.50178382e+00  1.93545484e+06  1.52649658e+00 
 1.94660040e+06  4.45150708e+00  1.94660040e+06  1.52618067e+00 
 1.95781014e+06  4.40122574e+00  1.95781014e+06  1.52586338e+00 
 1.96908443e+06  4.35093974e+00  1.96908443e+06  1.52554470e+00 
 1.98042365e+06  4.30064903e+00  1.98042365e+06  1.52522461e+00 
 1.99182817e+06  4.25035356e+00  1.99182817e+06  1.52490312e+00 
 2.00329836e+06  4.20005327e+00  2.00329836e+06  1.52458021e+00 
 2.01483461e+06  4.14974811e+00  2.01483461e+06  1.52425588e+00 
 2.02643728e+06  4.09943803e+00  2.02643728e+06  1.52393011e+00 
 2.03810678e+06  4.04912297e+00  2.03810678e+06  1.52360289e+00 
 2.04984347e+06  3.99880287e+00  2.04984347e+06  1.52327422e+00 
 2.06164775e+06  3.94847769e+00  2.06164775e+06  1.52294408e+00 
 2.07352000e+06  3.89814736e+00  2.07352000e+06  1.52261247e+00 
 2.08546063e+06  3.84781183e+00  2.08546063e+06  1.52227938e+00 
 2.09747001e+06  3.79747103e+00  2.09747001e+06  1.52194480e+00 
 2.10954856e+06  3.74712492e+00  2.10954856e+06  1.52160872e+00 
 2.12169666e+06  3.69677342e+00  2.12169666e+06  1.52127113e+00 
 2.13391471e+06  3.64641649e+00  2.13391471e+06  1.52093202e+00 
 2.14620313e+06  3.59605406e+00  2.14620313e+06  1.52059138e+00 
 2.15856230e+06  3.54568607e+00  2.15856230e+06  1.52024921e+00 
 2.17099265e+06  3.49531246e+00  2.17099265e+06  1.51990549e+00 
 2.18349459e+06  3.44493317e+00  2.18349459e+06  1.51956021e+00 
 2.19606851e+06  3.39454812e+00  2.19606851e+06  1.51921337e+00 
 2.20871485e+06  3.34415727e+00  2.20871485e+06  1.51886496e+00 
 2.22143401e+06  3.29376054e+00  2.22143401e+06  1.51851496e+00 
 2.23422641e+06  3.24335788e+00  2.23422641e+06  1.51816337e+00 
 2.24709249e+06  3.19294920e+00  2.24709249e+06  1.51781017e+00 
 2.26003265e+06  3.14253446e+00  2.26003265e+06  1.51745537e+00 
 2.27304733e+06  3.09211357e+00  2.27304733e+06  1.51709894e+00 
 2.28613696e+06  3.04168648e+00  2.28613696e+06  1.51674089e+00 
 2.29930196e+06  2.99125311e+00  2.29930196e+06  1.51638119e+00 
 2.31254278e+06  2.94081340e+00  2.31254278e+06  1.51601985e+00 
 2.32585985e+06  2.89036727e+00  2.32585985e+06  1.51565684e+00 
 2.33925360e+06  2.83991466e+00  2.33925360e+06  1.51529217e+00 
 2.35272449e+06  2.78945549e+00  2.35272449e+06  1.51492582e+00 
 2.36627294e+06  2.73898968e+00  2.36627294e+06  1.51455779e+00 
 2.37989942e+06  2.68851718e+00  2.37989942e+06  1.51418806e+00 
 2.39360437e+06  2.63803789e+00  2.39360437e+06  1.51381662e+00 
 2.40738824e+06  2.58755176e+00  2.40738824e+06  1.51344346e+00 
 2.42125149e+06  2.53705870e+00  2.42125149e+06  1.51306858e+00 
 2.43519457e+06  2.48655863e+00  2.43519457e+06  1.51269197e+00 
 2.44921794e+06  2.43605148e+00  2.44921794e+06  1.51231361e+00 
 2.46332206e+06  2.38553718e+00  2.46332206e+06  1.51193350e+00 
 2.47750741e+06  2.33501563e+00  2.47750741e+06  1.51155162e+00 
 2.49177445e+06  2.28448677e+00  2.49177445e+06  1.51116798e+00 
 2.50612364e+06  2.23395051e+00  2.50612364e+06  1.51078255e+00 
 2.52055547e+06  2.18340678e+00  2.52055547e+06  1.51039532e+00 
 2.53507040e+06  2.13285548e+00  2.53507040e+06  1.51000630e+00 
 2.54966892e+06  2.08229654e+00  2.54966892e+06  1.50961546e+00 
 2.56435151e+06  2.03172987e+00  2.56435151e+06  1.50922281e+00 
 2.57911865e+06  1.98115539e+00  2.57911865e+06  1.50882832e+00 
 2.59397083e+06  1.93057301e+00  2.59397083e+06  1.50843199e+00 
 2.60890853e+06  1.87998265e+00  2.60890853e+06  1.50803382e+00 
 2.62393226e+06  1.82938421e+00  2.62393226e+06  1.50763378e+00 
 2.63904250e+06  1.77877762e+00  2.63904250e+06  1.50723187e+00 
 2.65423975e+06  1.72816278e+00  2.65423975e+06  1.50682809e+00 
 2.66952453e+06  1.67753959e+00  2.66952453e+06  1.50642242e+00 
 2.68489732e+06  1.62690798e+00  2.68489732e+06  1.50601485e+00 
 2.70035863e+06  1.57626785e+00  2.70035863e+06  1.50560537e+00 
 2.71590899e+06  1.52561910e+00  2.71590899e+06  1.50519397e+00 
 2.73154889e+06  1.47496164e+00  2.73154889e+06  1.50478065e+00 
 2.74727885e+06  1.42429537e+00  2.74727885e+06  1.50436539e+00 
 2.76309940e+06  1.37362021e+00  2.76309940e+06  1.50394819e+00 
 2.77901105e+06  1.32293605e+00  2.77901105e+06  1.50352903e+00 
 2.79501434e+06  1.27224280e+00  2.79501434e+06  1.50310790e+00 
 2.81110978e+06  1.22154035e+00  2.81110978e+06  1.50268480e+00 
 2.82729790e+06  1.17082861e+00  2.82729790e+06  1.50225971e+00 
 2.84357925e+06  1.12010748e+00  2.84357925e+06  1.50183263e+00 
 2.85995436e+06  1.06937685e+00  2.85995436e+06  1.50140355e+00 
 2.87642376e+06  1.01863662e+00  2.87642376e+06  1.50097245e+00 
 2.89298801e+06  9.67886689e-01  2.89298801e+06  1.50053933e+00 
 2.90964764e+06  9.17126951e-01  2.90964764e+06  1.50010418e+00 
 2.92640321e+06  8.66357299e-01  2.92640321e+06  1.49966698e+00 
 2.94325527e+06  8.15577627e-01  2.94325527e+06  1.49922774e+00 
 2.96020437e+06  7.64787825e-01  2.96020437e+06  1.49878643e+00 
 2.97725108e+06  7.13987786e-01  2.97725108e+06  1.49834305e+00 
 2.99439595e+06  6.63177398e-01  2.99439595e+06  1.49789759e+00 
 3.01163955e+06  6.12356550e-01  3.01163955e+06  1.49745004e+00 
 3.02898246e+06  5.61525129e-01  3.02898246e+06  1.49700039e+00 
 3.04642523e+06  5.10683022e-01  3.04642523e+06  1.49654863e+00 
 3.06396845e+06  4.59830113e-01  3.06396845e+06  1.49609475e+00 
 3.08161270e+06  4.08966288e-01  3.08161270e+06  1.49563875e+00 
 3.09935855e+06  3.58091428e-01  3.09935855e+06  1.49518060e+00 
 3.11720659e+06  3.07205416e-01  3.11720659e+06  1.49472032e+00 
 3.13515742e+06  2.56308131e-01  3.13515742e+06  1.49425787e+00 
 3.15321161e+06  2.05399454e-01  3.15321161e+06  1.49379326e+00 
 3.17136977e+06  1.54479261e-01  3.17136977e+06  1.49332648e+00 
 3.18963250e+06  1.03547432e-01  3.18963250e+06  1.49285751e+00 
 3.20800040e+06  5.26038402e-02  3.20800040e+06  1.49238634e+00 
 3.22647407e+06  1.64836125e-03  3.22647407e+06  1.49191298e+00 
 3.24505413e+06 -4.93191317e-02  3.24505413e+06  1.49143740e+00 
 3.26374118e+06 -1.00298767e-01  3.26374118e+06  1.49095961e+00 
 3.28253584e+06 -1.51290673e-01  3.28253584e+06  1.49047958e+00 
 3.30143873e+06 -2.02294980e-01  3.30143873e+06  1.48999731e+00 
 3.32045048e+06 -2.53311821e-01  3.32045048e+06  1.48951280e+00 
 3.33957171e+06 -3.04341328e-01  3.33957171e+06  1.48902603e+00 
 3.35880305e+06 -3.55383635e-01  3.35880305e+06  1.48853699e+00 
 3.37814514e+06 -4.06438878e-01  3.37814514e+06  1.48804567e+00 
 3.39759861e+06 -4.57507193e-01  3.39759861e+06  1.48755207e+00 
 3.41716410e+06 -5.08588720e-01  3.41716410e+06  1.48705618e+00 
 3.43684227e+06 -5.59683596e-01  3.43684227e+06  1.48655799e+00 
 3.45663375e+06 -6.10791964e-01  3.45663375e+06  1.48605749e+00 
 3.47653921e+06 -6.61913964e-01  3.47653921e+06  1.48555466e+00 
 3.49655930e+06 -7.13049741e-01  3.49655930e+06  1.48504951e+00 
 3.51669467e+06 -7.64199439e-01  3.51669467e+06  1.48454202e+00 
 3.53694600e+06 -8.15363204e-01  3.53694600e+06  1.48403219e+00 
 3.55731394e+06 -8.66541184e-01  3.55731394e+06  1.48352000e+00 
 3.57779918e+06 -9.17733528e-01  3.57779918e+06  1.48300545e+00 
 3.59840238e+06 -9.68940385e-01  3.59840238e+06  1.48248853e+00 
 3.61912423e+06 -1.02016191e+00  3.61912423e+06  1.48196922e+00 
 3.63996541e+06 -1.07139825e+00  3.63996541e+06  1.48144754e+00 
 3.66092661e+06 -1.12264957e+00  3.66092661e+06  1.48092345e+00 
 3.68200851e+06 -1.17391601e+00  3.68200851e+06  1.48039696e+00 
 3.70321182e+06 -1.22519774e+00  3.70321182e+06  1.47986806e+00 
 3.72453723e+06 -1.27649492e+00  3.72453723e+06  1.47933674e+00 
 3.74598544e+06 -1.32780770e+00  3.74598544e+06  1.47880299e+00 
 3.76755716e+06 -1.37913625e+00  3.76755716e+06  1.47826680e+00 
 3.78925311e+06 -1.43048073e+00  3.78925311e+06  1.47772817e+00 
 3.81107400e+06 -1.48184130e+00  3.81107400e+06  1.47718709e+00 
 3.83302055e+06 -1.53321814e+00  3.83302055e+06  1.47664354e+00 
 3.85509347e+06 -1.58461140e+00  3.85509347e+06  1.47609753e+00 
 3.87729351e+06 -1.63602127e+00  3.87729351e+06  1.47554905e+00 
 3.89962139e+06 -1.68744790e+00  3.89962139e+06  1.47499808e+00 
 3.92207785e+06 -1.73889147e+00  3.92207785e+06  1.47444462e+00 
 3.94466362e+06 -1.79035215e+00  3.94466362e+06  1.47388867e+00 
 3.96737946e+06 -1.84183013e+00  3.96737946e+06  1.47333021e+00 
 3.99022611e+06 -1.89332557e+00  3.99022611e+06  1.47276924e+00 
 4.01320433e+06 -1.94483866e+00  4.01320433e+06  1.47220576e+00 
 4.03631487e+06 -1.99636957e+00  4.03631487e+06  1.47163974e+00 
 4.05955849e+06 -2.04791849e+00  4.05955849e+06  1.47107120e+00 
 4.08293596e+06 -2.09948559e+00  4.08293596e+06  1.47050011e+00 
 4.10644806e+06 -2.15107107e+00  4.10644806e+06  1.46992649e+00 
 4.13009556e+06 -2.20267511e+00  4.13009556e+06  1.46935030e+00 
 4.15387923e+06 -2.25429789e+00  4.15387923e+06  1.46877157e+00 
 4.17779986e+06 -2.30593962e+00  4.17779986e+06  1.46819026e+00 
 4.20185824e+06 -2.35760047e+00  4.20185824e+06  1.46760639e+00 
 4.22605517e+06 -2.40928064e+00  4.22605517e+06  1.46701994e+00 
 4.25039143e+06 -2.46098032e+00  4.25039143e+06  1.46643090e+00 
 4.27486784e+06 -2.51269972e+00  4.27486784e+06  1.46583928e+00 
 4.29948521e+06 -2.56443902e+00  4.29948521e+06  1.46524506e+00 
 4.32424433e+06 -2.61619843e+00  4.32424433e+06  1.46464825e+00 
 4.34914603e+06 -2.66797814e+00  4.34914603e+06  1.46404882e+00 
 4.37419113e+06 -2.71977837e+00  4.37419113e+06  1.46344679e+00 
 4.39938046e+06 -2.77159931e+00  4.39938046e+06  1.46284214e+00 
 4.42471484e+06 -2.82344116e+00  4.42471484e+06  1.46223488e+00 
 4.45019511e+06 -2.87530415e+00  4.45019511e+06  1.46162498e+00 
 4.47582212e+06 -2.92718847e+00  4.47582212e+06  1.46101246e+00 
 4.50159670e+06 -2.97909434e+00  4.50159670e+06  1.46039730e+00 
 4.52751970e+06 -3.03102196e+00  4.52751970e+06  1.45977950e+00 
 4.55359199e+06 -3.08297156e+00  4.55359199e+06  1.45915905e+00 
 4.57981442e+06 -3.13494334e+00  4.57981442e+06  1.45853596e+00 
 4.60618785e+06 -3.18693754e+00  4.60618785e+06  1.45791022e+00 
 4.63271316e+06 -3.23895435e+00  4.63271316e+06  1.45728182e+00 
 4.65939122e+06 -3.29099402e+00  4.65939122e+06  1.45665077e+00 
 4.68622291e+06 -3.34305675e+00  4.68622291e+06  1.45601705e+00 
 4.71320911e+06 -3.39514277e+00  4.71320911e+06  1.45538066e+00 
 4.74035071e+06 -3.44725231e+00  4.74035071e+06  1.45474161e+00 
 4.76764861e+06 -3.49938560e+00  4.76764861e+06  1.45409988e+00 
 4.79510371e+06 -3.55154286e+00  4.79510371e+06  1.45345548e+00 
 4.82271692e+06 -3.60372433e+00  4.82271692e+06  1.45280840e+00 
 4.85048914e+06 -3.65593024e+00  4.85048914e+06  1.45215864e+00 
 4.87842128e+06 -3.70816082e+00  4.87842128e+06  1.45150620e+00 
 4.90651428e+06 -3.76041631e+00  4.90651428e+06  1.45085107e+00 
 4.93476906e+06 -3.81269695e+00  4.93476906e+06  1.45019326e+00 
 4.96318654e+06 -3.86500297e+00  4.96318654e+06  1.44953276e+00 
 4.99176767e+06 -3.91733463e+00  4.99176767e+06  1.44886957e+00 
 5.02051339e+06 -3.96969215e+00  5.02051339e+06  1.44820370e+00 
 5.04942464e+06 -4.02207579e+00  5.04942464e+06  1.44753513e+00 
 5.07850239e+06 -4.07448579e+00  5.07850239e+06  1.44686387e+00 
 5.10774758e+06 -4.12692240e+00  5.10774758e+06  1.44618992e+00 
 5.13716118e+06 -4.17938588e+00  5.13716118e+06  1.44551327e+00 
 5.16674416e+06 -4.23187646e+00  5.16674416e+06  1.44483393e+00 
 5.19649751e+06 -4.28439441e+00  5.19649751e+06  1.44415190e+00 
 5.22642219e+06 -4.33693998e+00  5.22642219e+06  1.44346718e+00 
 5.25651919e+06 -4.38951343e+00  5.25651919e+06  1.44277977e+00 
 5.28678951e+06 -4.44211501e+00  5.28678951e+06  1.44208967e+00 
 5.31723415e+06 -4.49474498e+00  5.31723415e+06  1.44139688e+00 
 5.34785411e+06 -4.54740361e+00  5.34785411e+06  1.44070140e+00 
 5.37865040e+06 -4.60009117e+00  5.37865040e+06  1.44000323e+00 
 5.40962403e+06 -4.65280790e+00  5.40962403e+06  1.43930238e+00 
 5.44077602e+06 -4.70555409e+00  5.44077602e+06  1.43859885e+00 
 5.47210741e+06 -4.75832999e+00  5.47210741e+06  1.43789264e+00 
 5.50361923e+06 -4.81113589e+00  5.50361923e+06  1.43718375e+00 
 5.53531250e+06 -4.86397205e+00  5.53531250e+06  1.43647219e+00 
 5.56718829e+06 -4.91683874e+00  5.56718829e+06  1.43575796e+00 
 5.59924764e+06 -4.96973624e+00  5.59924764e+06  1.43504106e+00 
 5.63149161e+06 -5.02266482e+00  5.63149161e+06  1.43432150e+00 
 5.66392126e+06 -5.07562477e+00  5.66392126e+06  1.43359928e+00 
 5.69653766e+06 -5.12861636e+00  5.69653766e+06  1.43287440e+00 
 5.72934188e+06 -5.18163987e+00  5.72934188e+06  1.43214688e+00 
 5.76233501e+06 -5.23469559e+00  5.76233501e+06  1.43141671e+00 
 5.79551814e+06 -5.28778380e+00  5.79551814e+06  1.43068390e+00 
 5.82889235e+06 -5.34090479e+00  5.82889235e+06  1.42994847e+00 
 5.86245876e+06 -5.39405884e+00  5.86245876e+06  1.42921040e+00 
 5.89621846e+06 -5.44724624e+00  5.89621846e+06  1.42846971e+00 
 5.93017257e+06 -5.50046729e+00  5.93017257e+06  1.42772642e+00 
 5.96432221e+06 -5.55372227e+00  5.96432221e+06  1.42698051e+00 
 5.99866850e+06 -5.60701148e+00  5.99866850e+06  1.42623201e+00 
 6.03321259e+06 -5.66033521e+00  6.03321259e+06  1.42548091e+00 
 6.06795560e+06 -5.71369376e+00  6.06795560e+06  1.42472723e+00 
 6.10289868e+06 -5.76708742e+00  6.10289868e+06  1.42397098e+00 
 6.13804298e+06 -5.82051650e+00  6.13804298e+06  1.42321216e+00 
 6.17338967e+06 -5.87398129e+00  6.17338967e+06  1.42245078e+00 
 6.20893990e+06 -5.92748210e+00  6.20893990e+06  1.42168686e+00 
 6.24469486e+06 -5.98101922e+00  6.24469486e+06  1.42092041e+00 
 6.28065572e+06 -6.03459297e+00  6.28065572e+06  1.42015142e+00 
 6.31682366e+06 -6.08820365e+00  6.31682366e+06  1.41937992e+00 
 6.35319988e+06 -6.14185156e+00  6.35319988e+06  1.41860592e+00 
 6.38978557e+06 -6.19553702e+00  6.38978557e+06  1.41782942e+00 
 6.42658195e+06 -6.24926032e+00  6.42658195e+06  1.41705045e+00 
 6.46359022e+06 -6.30302179e+00  6.46359022e+06  1.41626900e+00 
 6.50081162e+06 -6.35682173e+00  6.50081162e+06  1.41548510e+00 
 6.53824735e+06 -6.41066046e+00  6.53824735e+06  1.41469876e+00 
 6.57589867e+06 -6.46453829e+00  6.57589867e+06  1.41390999e+00 
 6.61376680e+06 -6.51845552e+00  6.61376680e+06  1.41311881e+00 
 6.65185300e+06 -6.57241249e+00  6.65185300e+06  1.41232522e+00 
 6.69015853e+06 -6.62640950e+00  6.69015853e+06  1.41152925e+00 
 6.72868464e+06 -6.68044688e+00  6.72868464e+06  1.41073092e+00 
 6.76743262e+06 -6.73452494e+00  6.76743262e+06  1.40993023e+00 
 6.80640372e+06 -6.78864400e+00  6.80640372e+06  1.40912720e+00 
 6.84559925e+06 -6.84280437e+00  6.84559925e+06  1.40832185e+00 
 6.88502049e+06 -6.89700640e+00  6.88502049e+06  1.40751420e+00 
 6.92466874e+06 -6.95125038e+00  6.92466874e+06  1.40670427e+00 
 6.96454531e+06 -7.00553665e+00  6.96454531e+06  1.40589206e+00 
 7.00465151e+06 -7.05986553e+00  7.00465151e+06  1.40507761e+00 
 7.04498867e+06 -7.11423734e+00  7.04498867e+06  1.40426093e+00 
 7.08555812e+06 -7.16865241e+00  7.08555812e+06  1.40344205e+00 
 7.12636119e+06 -7.22311106e+00  7.12636119e+06  1.40262097e+00 
 7.16739924e+06 -7.27761362e+00  7.16739924e+06  1.40179773e+00 
 7.20867360e+06 -7.33216041e+00  7.20867360e+06  1.40097234e+00 
 7.25018565e+06 -7.38675176e+00  7.25018565e+06  1.40014482e+00 
 7.29193675e+06 -7.44138800e+00  7.29193675e+06  1.39931520e+00 
 7.33392828e+06 -7.49606945e+00  7.33392828e+06  1.39848350e+00 
 7.37616162e+06 -7.55079644e+00  7.37616162e+06  1.39764974e+00 
 7.41863817e+06 -7.60556930e+00  7.41863817e+06  1.39681396e+00 
 7.46135932e+06 -7.66038836e+00  7.46135932e+06  1.39597616e+00 
 7.50432649e+06 -7.71525394e+00  7.50432649e+06  1.39513638e+00 
 7.54754109e+06 -7.77016638e+00  7.54754109e+06  1.39429464e+00 
 7.59100455e+06 -7.82512600e+00  7.59100455e+06  1.39345097e+00 
 7.63471830e+06 -7.88013312e+00  7.63471830e+06  1.39260539e+00 
 7.67868378e+06 -7.93518808e+00  7.67868378e+06  1.39175794e+00 
 7.72290244e+06 -7.99029121e+00  7.72290244e+06  1.39090864e+00 
 7.76737574e+06 -8.04544282e+00  7.76737574e+06  1.39005751e+00 
 7.81210514e+06 -8.10064326e+00  7.81210514e+06  1.38920459e+00 
 7.85709213e+06 -8.15589284e+00  7.85709213e+06  1.38834991e+00 
 7.90233817e+06 -8.21119190e+00  7.90233817e+06  1.38749349e+00 
 7.94784478e+06 -8.26654075e+00  7.94784478e+06  1.38663537e+00 
 7.99361343e+06 -8.32193973e+00  7.99361343e+06  1.38577558e+00 
 8.03964565e+06 -8.37738915e+00  8.03964565e+06  1.38491415e+00 
 8.08594296e+06 -8.43288935e+00  8.08594296e+06  1.38405112e+00 
 8.13250687e+06 -8.48844065e+00  8.13250687e+06  1.38318651e+00 
 8.17933893e+06 -8.54404337e+00  8.17933893e+06  1.38232035e+00 
 8.22644067e+06 -8.59969782e+00  8.22644067e+06  1.38145270e+00 
 8.27381366e+06 -8.65540435e+00  8.27381366e+06  1.38058357e+00 
 8.32145945e+06 -8.71116325e+00  8.32145945e+06  1.37971300e+00 
 8.36937961e+06 -8.76697485e+00  8.36937961e+06  1.37884104e+00 
 8.41757573e+06 -8.82283948e+00  8.41757573e+06  1.37796771e+00 
 8.46604939e+06 -8.87875744e+00  8.46604939e+06  1.37709306e+00 
 8.51480220e+06 -8.93472905e+00  8.51480220e+06  1.37621712e+00 
 8.56383575e+06 -8.99075462e+00  8.56383575e+06  1.37533994e+00 
 8.61315167e+06 -9.04683447e+00  8.61315167e+06  1.37446154e+00 
 8.66275158e+06 -9.10296891e+00  8.66275158e+06  1.37358198e+00 
 8.71263712e+06 -9.15915824e+00  8.71263712e+06  1.37270129e+00 
 8.76280993e+06 -9.21540278e+00  8.76280993e+06  1.37181951e+00 
 8.81327166e+06 -9.27170283e+00  8.81327166e+06  1.37093668e+00 
 8.86402399e+06 -9.32805868e+00  8.86402399e+06  1.37005286e+00 
 8.91506858e+06 -9.38447065e+00  8.91506858e+06  1.36916808e+00 
 8.96640711e+06 -9.44093904e+00  8.96640711e+06  1.36828238e+00 
 9.01804129e+06 -9.49746413e+00  9.01804129e+06  1.36739581e+00 
 9.06997281e+06 -9.55404623e+00  9.06997281e+06  1.36650842e+00 
 9.12220338e+06 -9.61068563e+00  9.12220338e+06  1.36562025e+00 
 9.17473473e+06 -9.66738261e+00  9.17473473e+06  1.36473134e+00 
 9.22756858e+06 -9.72413747e+00  9.22756858e+06  1.36384176e+00 
 9.28070669e+06 -9.78095049e+00  9.28070669e+06  1.36295153e+00 
 9.33415080e+06 -9.83782195e+00  9.33415080e+06  1.36206072e+00 
 9.38790267e+06 -9.89475213e+00  9.38790267e+06  1.36116938e+00 
 9.44196408e+06 -9.95174131e+00  9.44196408e+06  1.36027754e+00 
 9.49633681e+06 -1.00087898e+01  9.49633681e+06  1.35938527e+00 
 9.55102266e+06 -1.00658977e+01  9.55102266e+06  1.35849261e+00 
 9.60602341e+06 -1.01230655e+01  9.60602341e+06  1.35759962e+00 
 9.66134090e+06 -1.01802934e+01  9.66134090e+06  1.35670634e+00 
 9.71697694e+06 -1.02375816e+01  9.71697694e+06  1.35581284e+00 
 9.77293337e+06 -1.02949304e+01  9.77293337e+06  1.35491917e+00 
 9.82921202e+06 -1.03523400e+01  9.82921202e+06  1.35402538e+00 
 9.88581477e+06 -1.04098107e+01  9.88581477e+06  1.35313153e+00 
 9.94274347e+06 -1.04673428e+01  9.94274347e+06  1.35223767e+00 
 1.00000000e+07 -1.05249364e+01  1.00000000e+07  1.35134386e+00 
 1.00575862e+07 -1.05825919e+01  1.00575862e+07  1.35045016e+00 
 1.01155041e+07 -1.06403093e+01  1.01155041e+07  1.34955663e+00 
 1.01737555e+07 -1.06980891e+01  1.01737555e+07  1.34866333e+00 
 1.02323424e+07 -1.07559313e+01  1.02323424e+07  1.34777031e+00 
 1.02912666e+07 -1.08138363e+01  1.02912666e+07  1.34687764e+00 
 1.03505301e+07 -1.08718042e+01  1.03505301e+07  1.34598537e+00 
 1.04101349e+07 -1.09298352e+01  1.04101349e+07  1.34509357e+00 
 1.04700830e+07 -1.09879296e+01  1.04700830e+07  1.34420231e+00 
 1.05303763e+07 -1.10460876e+01  1.05303763e+07  1.34331164e+00 
 1.05910168e+07 -1.11043092e+01  1.05910168e+07  1.34242162e+00 
 1.06520065e+07 -1.11625948e+01  1.06520065e+07  1.34153233e+00 
 1.07133474e+07 -1.12209445e+01  1.07133474e+07  1.34064383e+00 
 1.07750415e+07 -1.12793585e+01  1.07750415e+07  1.33975618e+00 
 1.08370910e+07 -1.13378370e+01  1.08370910e+07  1.33886945e+00 
 1.08994977e+07 -1.13963801e+01  1.08994977e+07  1.33798371e+00 
 1.09622638e+07 -1.14549879e+01  1.09622638e+07  1.33709902e+00 
 1.10253914e+07 -1.15136608e+01  1.10253914e+07  1.33621546e+00 
 1.10888825e+07 -1.15723987e+01  1.10888825e+07  1.33533309e+00 
 1.11527392e+07 -1.16312019e+01  1.11527392e+07  1.33445198e+00 
 1.12169636e+07 -1.16900704e+01  1.12169636e+07  1.33357219e+00 
 1.12815579e+07 -1.17490045e+01  1.12815579e+07  1.33269382e+00 
 1.13465242e+07 -1.18080041e+01  1.13465242e+07  1.33181691e+00 
 1.14118646e+07 -1.18670695e+01  1.14118646e+07  1.33094155e+00 
 1.14775812e+07 -1.19262008e+01  1.14775812e+07  1.33006781e+00 
 1.15436763e+07 -1.19853981e+01  1.15436763e+07  1.32919576e+00 
 1.16101520e+07 -1.20446613e+01  1.16101520e+07  1.32832548e+00 
 1.16770105e+07 -1.21039908e+01  1.16770105e+07  1.32745703e+00 
 1.17442540e+07 -1.21633864e+01  1.17442540e+07  1.32659050e+00 
 1.18118848e+07 -1.22228484e+01  1.18118848e+07  1.32572596e+00 
 1.18799050e+07 -1.22823767e+01  1.18799050e+07  1.32486348e+00 
 1.19483169e+07 -1.23419714e+01  1.19483169e+07  1.32400315e+00 
 1.20171228e+07 -1.24016326e+01  1.20171228e+07  1.32314503e+00 
 1.20863249e+07 -1.24613603e+01  1.20863249e+07  1.32228922e+00 
 1.21559255e+07 -1.25211546e+01  1.21559255e+07  1.32143577e+00 
 1.22259269e+07 -1.25810155e+01  1.22259269e+07  1.32058479e+00 
 1.22963314e+07 -1.26409429e+01  1.22963314e+07  1.31973633e+00 
 1.23671414e+07 -1.27009370e+01  1.23671414e+07  1.31889048e+00 
 1.24383591e+07 -1.27609976e+01  1.24383591e+07  1.31804733e+00 
 1.25099870e+07 -1.28211249e+01  1.25099870e+07  1.31720695e+00 
 1.25820273e+07 -1.28813187e+01  1.25820273e+07  1.31636942e+00 
 1.26544825e+07 -1.29415791e+01  1.26544825e+07  1.31553483e+00 
 1.27273549e+07 -1.30019060e+01  1.27273549e+07  1.31470326e+00 
 1.28006470e+07 -1.30622994e+01  1.28006470e+07  1.31387478e+00 
 1.28743611e+07 -1.31227592e+01  1.28743611e+07  1.31304949e+00 
 1.29484997e+07 -1.31832854e+01  1.29484997e+07  1.31222745e+00 
 1.30230653e+07 -1.32438779e+01  1.30230653e+07  1.31140877e+00 
 1.30980602e+07 -1.33045366e+01  1.30980602e+07  1.31059352e+00 
 1.31734870e+07 -1.33652614e+01  1.31734870e+07  1.30978178e+00 
 1.32493482e+07 -1.34260522e+01  1.32493482e+07  1.30897364e+00 
 1.33256462e+07 -1.34869090e+01  1.33256462e+07  1.30816919e+00 
 1.34023836e+07 -1.35478316e+01  1.34023836e+07  1.30736850e+00 
 1.34795629e+07 -1.36088198e+01  1.34795629e+07  1.30657167e+00 
 1.35571867e+07 -1.36698735e+01  1.35571867e+07  1.30577878e+00 
 1.36352574e+07 -1.37309926e+01  1.36352574e+07  1.30498991e+00 
 1.37137778e+07 -1.37921770e+01  1.37137778e+07  1.30420516e+00 
 1.37927503e+07 -1.38534263e+01  1.37927503e+07  1.30342460e+00 
 1.38721775e+07 -1.39147406e+01  1.38721775e+07  1.30264832e+00 
 1.39520622e+07 -1.39761195e+01  1.39520622e+07  1.30187642e+00 
 1.40324069e+07 -1.40375629e+01  1.40324069e+07  1.30110897e+00 
 1.41132143e+07 -1.40990705e+01  1.41132143e+07  1.30034606e+00 
 1.41944870e+07 -1.41606421e+01  1.41944870e+07  1.29958779e+00 
 1.42762277e+07 -1.42222776e+01  1.42762277e+07  1.29883423e+00 
 1.43584391e+07 -1.42839766e+01  1.43584391e+07  1.29808548e+00 
 1.44411240e+07 -1.43457389e+01  1.44411240e+07  1.29734161e+00 
 1.45242850e+07 -1.44075642e+01  1.45242850e+07  1.29660273e+00 
 1.46079249e+07 -1.44694522e+01  1.46079249e+07  1.29586891e+00 
 1.46920465e+07 -1.45314027e+01  1.46920465e+07  1.29514024e+00 
 1.47766525e+07 -1.45934154e+01  1.47766525e+07  1.29441682e+00 
 1.48617457e+07 -1.46554899e+01  1.48617457e+07  1.29369872e+00 
 1.49473289e+07 -1.47176258e+01  1.49473289e+07  1.29298603e+00 
 1.50334050e+07 -1.47798230e+01  1.50334050e+07  1.29227885e+00 
 1.51199767e+07 -1.48420810e+01  1.51199767e+07  1.29157725e+00 
 1.52070470e+07 -1.49043995e+01  1.52070470e+07  1.29088133e+00 
 1.52946187e+07 -1.49667780e+01  1.52946187e+07  1.29019117e+00 
 1.53826946e+07 -1.50292163e+01  1.53826946e+07  1.28950686e+00 
 1.54712778e+07 -1.50917138e+01  1.54712778e+07  1.28882848e+00 
 1.55603711e+07 -1.51542703e+01  1.55603711e+07  1.28815613e+00 
 1.56499774e+07 -1.52168853e+01  1.56499774e+07  1.28748987e+00 
 1.57400998e+07 -1.52795583e+01  1.57400998e+07  1.28682981e+00 
 1.58307411e+07 -1.53422890e+01  1.58307411e+07  1.28617603e+00 
 1.59219044e+07 -1.54050768e+01  1.59219044e+07  1.28552860e+00 
 1.60135927e+07 -1.54679213e+01  1.60135927e+07  1.28488763e+00 
 1.61058090e+07 -1.55308220e+01  1.61058090e+07  1.28425318e+00 
 1.61985563e+07 -1.55937785e+01  1.61985563e+07  1.28362535e+00 
 1.62918377e+07 -1.56567902e+01  1.62918377e+07  1.28300421e+00 
 1.63856563e+07 -1.57198566e+01  1.63856563e+07  1.28238986e+00 
 1.64800151e+07 -1.57829772e+01  1.64800151e+07  1.28178237e+00 
 1.65749174e+07 -1.58461514e+01  1.65749174e+07  1.28118182e+00 
 1.66703661e+07 -1.59093788e+01  1.66703661e+07  1.28058830e+00 
 1.67663645e+07 -1.59726586e+01  1.67663645e+07  1.28000189e+00 
 1.68629157e+07 -1.60359905e+01  1.68629157e+07  1.27942267e+00 
 1.69600229e+07 -1.60993737e+01  1.69600229e+07  1.27885071e+00 
 1.70576893e+07 -1.61628078e+01  1.70576893e+07  1.27828611e+00 
 1.71559181e+07 -1.62262920e+01  1.71559181e+07  1.27772893e+00 
 1.72547126e+07 -1.62898258e+01  1.72547126e+07  1.27717925e+00 
 1.73540760e+07 -1.63534085e+01  1.73540760e+07  1.27663715e+00 
 1.74540117e+07 -1.64170395e+01  1.74540117e+07  1.27610272e+00 
 1.75545228e+07 -1.64807181e+01  1.75545228e+07  1.27557602e+00 
 1.76556127e+07 -1.65444437e+01  1.76556127e+07  1.27505712e+00 
 1.77572847e+07 -1.66082156e+01  1.77572847e+07  1.27454612e+00 
 1.78595423e+07 -1.66720331e+01  1.78595423e+07  1.27404307e+00 
 1.79623887e+07 -1.67358954e+01  1.79623887e+07  1.27354804e+00 
 1.80658273e+07 -1.67998020e+01  1.80658273e+07  1.27306113e+00 
 1.81698617e+07 -1.68637520e+01  1.81698617e+07  1.27258238e+00 
 1.82744951e+07 -1.69277448e+01  1.82744951e+07  1.27211188e+00 
 1.83797311e+07 -1.69917796e+01  1.83797311e+07  1.27164969e+00 
 1.84855730e+07 -1.70558556e+01  1.84855730e+07  1.27119588e+00 
 1.85920245e+07 -1.71199720e+01  1.85920245e+07  1.27075052e+00 
 1.86990890e+07 -1.71841281e+01  1.86990890e+07  1.27031367e+00 
 1.88067700e+07 -1.72483232e+01  1.88067700e+07  1.26988541e+00 
 1.89150712e+07 -1.73125563e+01  1.89150712e+07  1.26946578e+00 
 1.90239960e+07 -1.73768268e+01  1.90239960e+07  1.26905487e+00 
 1.91335480e+07 -1.74411337e+01  1.91335480e+07  1.26865272e+00 
 1.92437310e+07 -1.75054763e+01  1.92437310e+07  1.26825940e+00 
 1.93545484e+07 -1.75698537e+01  1.93545484e+07  1.26787497e+00 
 1.94660040e+07 -1.76342650e+01  1.94660040e+07  1.26749949e+00 
 1.95781014e+07 -1.76987094e+01  1.95781014e+07  1.26713301e+00 
 1.96908443e+07 -1.77631861e+01  1.96908443e+07  1.26677560e+00 
 1.98042365e+07 -1.78276942e+01  1.98042365e+07  1.26642730e+00 
 1.99182817e+07 -1.78922327e+01  1.99182817e+07  1.26608817e+00 
 2.00329836e+07 -1.79568008e+01  2.00329836e+07  1.26575826e+00 
 2.01483461e+07 -1.80213976e+01  2.01483461e+07  1.26543763e+00 
 2.02643728e+07 -1.80860221e+01  2.02643728e+07  1.26512631e+00 
 2.03810678e+07 -1.81506735e+01  2.03810678e+07  1.26482437e+00 
 2.04984347e+07 -1.82153508e+01  2.04984347e+07  1.26453185e+00 
 2.06164775e+07 -1.82800531e+01  2.06164775e+07  1.26424879e+00 
 2.07352000e+07 -1.83447793e+01  2.07352000e+07  1.26397524e+00 
 2.08546063e+07 -1.84095287e+01  2.08546063e+07  1.26371123e+00 
 2.09747001e+07 -1.84743002e+01  2.09747001e+07  1.26345682e+00 
 2.10954856e+07 -1.85390928e+01  2.10954856e+07  1.26321204e+00 
 2.12169666e+07 -1.86039056e+01  2.12169666e+07  1.26297693e+00 
 2.13391471e+07 -1.86687376e+01  2.13391471e+07  1.26275152e+00 
 2.14620313e+07 -1.87335878e+01  2.14620313e+07  1.26253586e+00 
 2.15856230e+07 -1.87984552e+01  2.15856230e+07  1.26232997e+00 
 2.17099265e+07 -1.88633388e+01  2.17099265e+07  1.26213389e+00 
 2.18349459e+07 -1.89282376e+01  2.18349459e+07  1.26194764e+00 
 2.19606851e+07 -1.89931505e+01  2.19606851e+07  1.26177126e+00 
 2.20871485e+07 -1.90580767e+01  2.20871485e+07  1.26160478e+00 
 2.22143401e+07 -1.91230149e+01  2.22143401e+07  1.26144821e+00 
 2.23422641e+07 -1.91879642e+01  2.23422641e+07  1.26130159e+00 
 2.24709249e+07 -1.92529237e+01  2.24709249e+07  1.26116493e+00 
 2.26003265e+07 -1.93178921e+01  2.26003265e+07  1.26103826e+00 
 2.27304733e+07 -1.93828685e+01  2.27304733e+07  1.26092159e+00 
 2.28613696e+07 -1.94478519e+01  2.28613696e+07  1.26081495e+00 
 2.29930196e+07 -1.95128411e+01  2.29930196e+07  1.26071834e+00 
 2.31254278e+07 -1.95778352e+01  2.31254278e+07  1.26063179e+00 
 2.32585985e+07 -1.96428330e+01  2.32585985e+07  1.26055530e+00 
 2.33925360e+07 -1.97078335e+01  2.33925360e+07  1.26048888e+00 
 2.35272449e+07 -1.97728356e+01  2.35272449e+07  1.26043255e+00 
 2.36627294e+07 -1.98378384e+01  2.36627294e+07  1.26038630e+00 
 2.37989942e+07 -1.99028406e+01  2.37989942e+07  1.26035015e+00 
 2.39360437e+07 -1.99678412e+01  2.39360437e+07  1.26032410e+00 
 2.40738824e+07 -2.00328392e+01  2.40738824e+07  1.26030815e+00 
 2.42125149e+07 -2.00978334e+01  2.42125149e+07  1.26030230e+00 
 2.43519457e+07 -2.01628229e+01  2.43519457e+07  1.26030654e+00 
 2.44921794e+07 -2.02278064e+01  2.44921794e+07  1.26032088e+00 
 2.46332206e+07 -2.02927830e+01  2.46332206e+07  1.26034531e+00 
 2.47750741e+07 -2.03577516e+01  2.47750741e+07  1.26037981e+00 
 2.49177445e+07 -2.04227110e+01  2.49177445e+07  1.26042439e+00 
 2.50612364e+07 -2.04876602e+01  2.50612364e+07  1.26047903e+00 
 2.52055547e+07 -2.05525981e+01  2.52055547e+07  1.26054371e+00 
 2.53507040e+07 -2.06175237e+01  2.53507040e+07  1.26061842e+00 
 2.54966892e+07 -2.06824358e+01  2.54966892e+07  1.26070316e+00 
 2.56435151e+07 -2.07473335e+01  2.56435151e+07  1.26079788e+00 
 2.57911865e+07 -2.08122155e+01  2.57911865e+07  1.26090259e+00 
 2.59397083e+07 -2.08770808e+01  2.59397083e+07  1.26101724e+00 
 2.60890853e+07 -2.09419285e+01  2.60890853e+07  1.26114183e+00 
 2.62393226e+07 -2.10067573e+01  2.62393226e+07  1.26127633e+00 
 2.63904250e+07 -2.10715663e+01  2.63904250e+07  1.26142070e+00 
 2.65423975e+07 -2.11363543e+01  2.65423975e+07  1.26157492e+00 
 2.66952453e+07 -2.12011203e+01  2.66952453e+07  1.26173895e+00 
 2.68489732e+07 -2.12658633e+01  2.68489732e+07  1.26191278e+00 
 2.70035863e+07 -2.13305823e+01  2.70035863e+07  1.26209635e+00 
 2.71590899e+07 -2.13952760e+01  2.71590899e+07  1.26228963e+00 
 2.73154889e+07 -2.14599436e+01  2.73154889e+07  1.26249259e+00 
 2.74727885e+07 -2.15245840e+01  2.74727885e+07  1.26270518e+00 
 2.76309940e+07 -2.15891961e+01  2.76309940e+07  1.26292737e+00 
 2.77901105e+07 -2.16537789e+01  2.77901105e+07  1.26315911e+00 
 2.79501434e+07 -2.17183314e+01  2.79501434e+07  1.26340035e+00 
 2.81110978e+07 -2.17828526e+01  2.81110978e+07  1.26365105e+00 
 2.82729790e+07 -2.18473414e+01  2.82729790e+07  1.26391116e+00 
 2.84357925e+07 -2.19117970e+01  2.84357925e+07  1.26418063e+00 
 2.85995436e+07 -2.19762182e+01  2.85995436e+07  1.26445940e+00 
 2.87642376e+07 -2.20406040e+01  2.87642376e+07  1.26474743e+00 
 2.89298801e+07 -2.21049536e+01  2.89298801e+07  1.26504466e+00 
 2.90964764e+07 -2.21692659e+01  2.90964764e+07  1.26535103e+00 
 2.92640321e+07 -2.22335399e+01  2.92640321e+07  1.26566648e+00 
 2.94325527e+07 -2.22977747e+01  2.94325527e+07  1.26599096e+00 
 2.96020437e+07 -2.23619694e+01  2.96020437e+07  1.26632439e+00 
 2.97725108e+07 -2.24261229e+01  2.97725108e+07  1.26666672e+00 
 2.99439595e+07 -2.24902344e+01  2.99439595e+07  1.26701789e+00 
 3.01163955e+07 -2.25543030e+01  3.01163955e+07  1.26737782e+00 
 3.02898246e+07 -2.26183276e+01  3.02898246e+07  1.26774646e+00 
 3.04642523e+07 -2.26823075e+01  3.04642523e+07  1.26812372e+00 
 3.06396845e+07 -2.27462417e+01  3.06396845e+07  1.26850954e+00 
 3.08161270e+07 -2.28101293e+01  3.08161270e+07  1.26890385e+00 
 3.09935855e+07 -2.28739695e+01  3.09935855e+07  1.26930657e+00 
 3.11720659e+07 -2.29377613e+01  3.11720659e+07  1.26971763e+00 
 3.13515742e+07 -2.30015040e+01  3.13515742e+07  1.27013695e+00 
 3.15321161e+07 -2.30651966e+01  3.15321161e+07  1.27056446e+00 
 3.17136977e+07 -2.31288384e+01  3.17136977e+07  1.27100007e+00 
 3.18963250e+07 -2.31924285e+01  3.18963250e+07  1.27144371e+00 
 3.20800040e+07 -2.32559661e+01  3.20800040e+07  1.27189530e+00 
 3.22647407e+07 -2.33194504e+01  3.22647407e+07  1.27235474e+00 
 3.24505413e+07 -2.33828806e+01  3.24505413e+07  1.27282196e+00 
 3.26374118e+07 -2.34462560e+01  3.26374118e+07  1.27329687e+00 
 3.28253584e+07 -2.35095757e+01  3.28253584e+07  1.27377939e+00 
 3.30143873e+07 -2.35728391e+01  3.30143873e+07  1.27426943e+00 
 3.32045048e+07 -2.36360453e+01  3.32045048e+07  1.27476689e+00 
 3.33957171e+07 -2.36991937e+01  3.33957171e+07  1.27527170e+00 
 3.35880305e+07 -2.37622835e+01  3.35880305e+07  1.27578376e+00 
 3.37814514e+07 -2.38253140e+01  3.37814514e+07  1.27630297e+00 
 3.39759861e+07 -2.38882846e+01  3.39759861e+07  1.27682925e+00 
 3.41716410e+07 -2.39511945e+01  3.41716410e+07  1.27736250e+00 
 3.43684227e+07 -2.40140432e+01  3.43684227e+07  1.27790263e+00 
 3.45663375e+07 -2.40768298e+01  3.45663375e+07  1.27844954e+00 
 3.47653921e+07 -2.41395539e+01  3.47653921e+07  1.27900314e+00 
 3.49655930e+07 -2.42022147e+01  3.49655930e+07  1.27956333e+00 
 3.51669467e+07 -2.42648117e+01  3.51669467e+07  1.28013000e+00 
 3.53694600e+07 -2.43273443e+01  3.53694600e+07  1.28070307e+00 
 3.55731394e+07 -2.43898118e+01  3.55731394e+07  1.28128243e+00 
 3.57779918e+07 -2.44522138e+01  3.57779918e+07  1.28186798e+00 
 3.59840238e+07 -2.45145496e+01  3.59840238e+07  1.28245962e+00 
 3.61912423e+07 -2.45768188e+01  3.61912423e+07  1.28305726e+00 
 3.63996541e+07 -2.46390207e+01  3.63996541e+07  1.28366078e+00 
 3.66092661e+07 -2.47011549e+01  3.66092661e+07  1.28427009e+00 
 3.68200851e+07 -2.47632209e+01  3.68200851e+07  1.28488508e+00 
 3.70321182e+07 -2.48252182e+01  3.70321182e+07  1.28550565e+00 
 3.72453723e+07 -2.48871463e+01  3.72453723e+07  1.28613169e+00 
 3.74598544e+07 -2.49490047e+01  3.74598544e+07  1.28676311e+00 
 3.76755716e+07 -2.50107930e+01  3.76755716e+07  1.28739979e+00 
 3.78925311e+07 -2.50725109e+01  3.78925311e+07  1.28804162e+00 
 3.81107400e+07 -2.51341578e+01  3.81107400e+07  1.28868852e+00 
 3.83302055e+07 -2.51957333e+01  3.83302055e+07  1.28934036e+00 
 3.85509347e+07 -2.52572372e+01  3.85509347e+07  1.28999704e+00 
 3.87729351e+07 -2.53186689e+01  3.87729351e+07  1.29065845e+00 
 3.89962139e+07 -2.53800282e+01  3.89962139e+07  1.29132449e+00 
 3.92207785e+07 -2.54413147e+01  3.92207785e+07  1.29199506e+00 
 3.94466362e+07 -2.55025281e+01  3.94466362e+07  1.29267003e+00 
 3.96737946e+07 -2.55636680e+01  3.96737946e+07  1.29334932e+00 
 3.99022611e+07 -2.56247342e+01  3.99022611e+07  1.29403280e+00 
 4.01320433e+07 -2.56857264e+01  4.01320433e+07  1.29472037e+00 
 4.03631487e+07 -2.57466442e+01  4.03631487e+07  1.29541193e+00 
 4.05955849e+07 -2.58074875e+01  4.05955849e+07  1.29610736e+00 
 4.08293596e+07 -2.58682559e+01  4.08293596e+07  1.29680656e+00 
 4.10644806e+07 -2.59289494e+01  4.10644806e+07  1.29750942e+00 
 4.13009556e+07 -2.59895675e+01  4.13009556e+07  1.29821583e+00 
 4.15387923e+07 -2.60501102e+01  4.15387923e+07  1.29892568e+00 
 4.17779986e+07 -2.61105772e+01  4.17779986e+07  1.29963888e+00 
 4.20185824e+07 -2.61709683e+01  4.20185824e+07  1.30035531e+00 
 4.22605517e+07 -2.62312835e+01  4.22605517e+07  1.30107486e+00 
 4.25039143e+07 -2.62915225e+01  4.25039143e+07  1.30179742e+00 
 4.27486784e+07 -2.63516852e+01  4.27486784e+07  1.30252290e+00 
 4.29948521e+07 -2.64117714e+01  4.29948521e+07  1.30325119e+00 
 4.32424433e+07 -2.64717812e+01  4.32424433e+07  1.30398217e+00 
 4.34914603e+07 -2.65317142e+01  4.34914603e+07  1.30471574e+00 
 4.37419113e+07 -2.65915706e+01  4.37419113e+07  1.30545180e+00 
 4.39938046e+07 -2.66513502e+01  4.39938046e+07  1.30619025e+00 
 4.42471484e+07 -2.67110528e+01  4.42471484e+07  1.30693097e+00 
 4.45019511e+07 -2.67706786e+01  4.45019511e+07  1.30767386e+00 
 4.47582212e+07 -2.68302274e+01  4.47582212e+07  1.30841883e+00 
 4.50159670e+07 -2.68896993e+01  4.50159670e+07  1.30916576e+00 
 4.52751970e+07 -2.69490941e+01  4.52751970e+07  1.30991456e+00 
 4.55359199e+07 -2.70084119e+01  4.55359199e+07  1.31066511e+00 
 4.57981442e+07 -2.70676528e+01  4.57981442e+07  1.31141733e+00 
 4.60618785e+07 -2.71268167e+01  4.60618785e+07  1.31217111e+00 
 4.63271316e+07 -2.71859036e+01  4.63271316e+07  1.31292634e+00 
 4.65939122e+07 -2.72449137e+01  4.65939122e+07  1.31368293e+00 
 4.68622291e+07 -2.73038469e+01  4.68622291e+07  1.31444078e+00 
 4.71320911e+07 -2.73627033e+01  4.71320911e+07  1.31519979e+00 
 4.74035071e+07 -2.74214830e+01  4.74035071e+07  1.31595987e+00 
 4.76764861e+07 -2.74801861e+01  4.76764861e+07  1.31672090e+00 
 4.79510371e+07 -2.75388127e+01  4.79510371e+07  1.31748280e+00 
 4.82271692e+07 -2.75973628e+01  4.82271692e+07  1.31824548e+00 
 4.85048914e+07 -2.76558367e+01  4.85048914e+07  1.31900882e+00 
 4.87842128e+07 -2.77142344e+01  4.87842128e+07  1.31977275e+00 
 4.90651428e+07 -2.77725560e+01  4.90651428e+07  1.32053716e+00 
 4.93476906e+07 -2.78308017e+01  4.93476906e+07  1.32130197e+00 
 4.96318654e+07 -2.78889717e+01  4.96318654e+07  1.32206708e+00 
 4.99176767e+07 -2.79470661e+01  4.99176767e+07  1.32283239e+00 
 5.02051339e+07 -2.80050850e+01  5.02051339e+07  1.32359783e+00 
 5.04942464e+07 -2.80630287e+01  5.04942464e+07  1.32436329e+00 
 5.07850239e+07 -2.81208974e+01  5.07850239e+07  1.32512869e+00 
 5.10774758e+07 -2.81786912e+01  5.10774758e+07  1.32589394e+00 
 5.13716118e+07 -2.82364104e+01  5.13716118e+07  1.32665895e+00 
 5.16674416e+07 -2.82940551e+01  5.16674416e+07  1.32742363e+00 
 5.19649751e+07 -2.83516256e+01  5.19649751e+07  1.32818791e+00 
 5.22642219e+07 -2.84091221e+01  5.22642219e+07  1.32895169e+00 
 5.25651919e+07 -2.84665448e+01  5.25651919e+07  1.32971488e+00 
 5.28678951e+07 -2.85238941e+01  5.28678951e+07  1.33047742e+00 
 5.31723415e+07 -2.85811700e+01  5.31723415e+07  1.33123921e+00 
 5.34785411e+07 -2.86383729e+01  5.34785411e+07  1.33200017e+00 
 5.37865040e+07 -2.86955031e+01  5.37865040e+07  1.33276022e+00 
 5.40962403e+07 -2.87525607e+01  5.40962403e+07  1.33351928e+00 
 5.44077602e+07 -2.88095462e+01  5.44077602e+07  1.33427727e+00 
 5.47210741e+07 -2.88664597e+01  5.47210741e+07  1.33503412e+00 
 5.50361923e+07 -2.89233015e+01  5.50361923e+07  1.33578975e+00 
 5.53531250e+07 -2.89800720e+01  5.53531250e+07  1.33654408e+00 
 5.56718829e+07 -2.90367714e+01  5.56718829e+07  1.33729704e+00 
 5.59924764e+07 -2.90934000e+01  5.59924764e+07  1.33804854e+00 
 5.63149161e+07 -2.91499581e+01  5.63149161e+07  1.33879853e+00 
 5.66392126e+07 -2.92064461e+01  5.66392126e+07  1.33954692e+00 
 5.69653766e+07 -2.92628643e+01  5.69653766e+07  1.34029365e+00 
 5.72934188e+07 -2.93192129e+01  5.72934188e+07  1.34103864e+00 
 5.76233501e+07 -2.93754924e+01  5.76233501e+07  1.34178182e+00 
 5.79551814e+07 -2.94317030e+01  5.79551814e+07  1.34252313e+00 
 5.82889235e+07 -2.94878450e+01  5.82889235e+07  1.34326250e+00 
 5.86245876e+07 -2.95439188e+01  5.86245876e+07  1.34399986e+00 
 5.89621846e+07 -2.95999248e+01  5.89621846e+07  1.34473514e+00 
 5.93017257e+07 -2.96558632e+01  5.93017257e+07  1.34546829e+00 
 5.96432221e+07 -2.97117345e+01  5.96432221e+07  1.34619923e+00 
 5.99866850e+07 -2.97675389e+01  5.99866850e+07  1.34692791e+00 
 6.03321259e+07 -2.98232768e+01  6.03321259e+07  1.34765425e+00 
 6.06795560e+07 -2.98789486e+01  6.06795560e+07  1.34837821e+00 
 6.10289868e+07 -2.99345547e+01  6.10289868e+07  1.34909972e+00 
 6.13804298e+07 -2.99900953e+01  6.13804298e+07  1.34981871e+00 
 6.17338967e+07 -3.00455709e+01  6.17338967e+07  1.35053514e+00 
 6.20893990e+07 -3.01009818e+01  6.20893990e+07  1.35124894e+00 
 6.24469486e+07 -3.01563284e+01  6.24469486e+07  1.35196007e+00 
 6.28065572e+07 -3.02116110e+01  6.28065572e+07  1.35266845e+00 
 6.31682366e+07 -3.02668300e+01  6.31682366e+07  1.35337404e+00 
 6.35319988e+07 -3.03219858e+01  6.35319988e+07  1.35407678e+00 
 6.38978557e+07 -3.03770788e+01  6.38978557e+07  1.35477662e+00 
 6.42658195e+07 -3.04321092e+01  6.42658195e+07  1.35547351e+00 
 6.46359022e+07 -3.04870776e+01  6.46359022e+07  1.35616740e+00 
 6.50081162e+07 -3.05419842e+01  6.50081162e+07  1.35685824e+00 
 6.53824735e+07 -3.05968295e+01  6.53824735e+07  1.35754597e+00 
 6.57589867e+07 -3.06516138e+01  6.57589867e+07  1.35823054e+00 
 6.61376680e+07 -3.07063374e+01  6.61376680e+07  1.35891192e+00 
 6.65185300e+07 -3.07610009e+01  6.65185300e+07  1.35959005e+00 
 6.69015853e+07 -3.08156044e+01  6.69015853e+07  1.36026489e+00 
 6.72868464e+07 -3.08701485e+01  6.72868464e+07  1.36093639e+00 
 6.76743262e+07 -3.09246335e+01  6.76743262e+07  1.36160451e+00 
 6.80640372e+07 -3.09790598e+01  6.80640372e+07  1.36226920e+00 
 6.84559925e+07 -3.10334277e+01  6.84559925e+07  1.36293042e+00 
 6.88502049e+07 -3.10877376e+01  6.88502049e+07  1.36358812e+00 
 6.92466874e+07 -3.11419899e+01  6.92466874e+07  1.36424228e+00 
 6.96454531e+07 -3.11961849e+01  6.96454531e+07  1.36489284e+00 
 7.00465151e+07 -3.12503231e+01  7.00465151e+07  1.36553976e+00 
 7.04498867e+07 -3.13044048e+01  7.04498867e+07  1.36618302e+00 
 7.08555812e+07 -3.13584304e+01  7.08555812e+07  1.36682256e+00 
 7.12636119e+07 -3.14124002e+01  7.12636119e+07  1.36745835e+00 
 7.16739924e+07 -3.14663146e+01  7.16739924e+07  1.36809036e+00 
 7.20867360e+07 -3.15201740e+01  7.20867360e+07  1.36871854e+00 
 7.25018565e+07 -3.15739788e+01  7.25018565e+07  1.36934287e+00 
 7.29193675e+07 -3.16277292e+01  7.29193675e+07  1.36996331e+00 
 7.33392828e+07 -3.16814258e+01  7.33392828e+07  1.37057982e+00 
 7.37616162e+07 -3.17350687e+01  7.37616162e+07  1.37119237e+00 
 7.41863817e+07 -3.17886585e+01  7.41863817e+07  1.37180092e+00 
 7.46135932e+07 -3.18421954e+01  7.46135932e+07  1.37240546e+00 
 7.50432649e+07 -3.18956798e+01  7.50432649e+07  1.37300594e+00 
 7.54754109e+07 -3.19491120e+01  7.54754109e+07  1.37360233e+00 
 7.59100455e+07 -3.20024925e+01  7.59100455e+07  1.37419461e+00 
 7.63471830e+07 -3.20558215e+01  7.63471830e+07  1.37478274e+00 
 7.67868378e+07 -3.21090994e+01  7.67868378e+07  1.37536669e+00 
 7.72290244e+07 -3.21623266e+01  7.72290244e+07  1.37594645e+00 
 7.76737574e+07 -3.22155033e+01  7.76737574e+07  1.37652197e+00 
 7.81210514e+07 -3.22686300e+01  7.81210514e+07  1.37709323e+00 
 7.85709213e+07 -3.23217070e+01  7.85709213e+07  1.37766021e+00 
 7.90233817e+07 -3.23747345e+01  7.90233817e+07  1.37822289e+00 
 7.94784478e+07 -3.24277130e+01  7.94784478e+07  1.37878122e+00 
 7.99361343e+07 -3.24806427e+01  7.99361343e+07  1.37933520e+00 
 8.03964565e+07 -3.25335240e+01  8.03964565e+07  1.37988479e+00 
 8.08594296e+07 -3.25863572e+01  8.08594296e+07  1.38042997e+00 
 8.13250687e+07 -3.26391426e+01  8.13250687e+07  1.38097072e+00 
 8.17933893e+07 -3.26918806e+01  8.17933893e+07  1.38150702e+00 
 8.22644067e+07 -3.27445715e+01  8.22644067e+07  1.38203884e+00 
 8.27381366e+07 -3.27972155e+01  8.27381366e+07  1.38256616e+00 
 8.32145945e+07 -3.28498130e+01  8.32145945e+07  1.38308896e+00 
 8.36937961e+07 -3.29023643e+01  8.36937961e+07  1.38360722e+00 
 8.41757573e+07 -3.29548696e+01  8.41757573e+07  1.38412092e+00 
 8.46604939e+07 -3.30073294e+01  8.46604939e+07  1.38463004e+00 
 8.51480220e+07 -3.30597438e+01  8.51480220e+07  1.38513456e+00 
 8.56383575e+07 -3.31121132e+01  8.56383575e+07  1.38563445e+00 
 8.61315167e+07 -3.31644379e+01  8.61315167e+07  1.38612971e+00 
 8.66275158e+07 -3.32167181e+01  8.66275158e+07  1.38662031e+00 
 8.71263712e+07 -3.32689542e+01  8.71263712e+07  1.38710624e+00 
 8.76280993e+07 -3.33211463e+01  8.76280993e+07  1.38758748e+00 
 8.81327166e+07 -3.33732949e+01  8.81327166e+07  1.38806400e+00 
 8.86402399e+07 -3.34254001e+01  8.86402399e+07  1.38853580e+00 
 8.91506858e+07 -3.34774622e+01  8.91506858e+07  1.38900286e+00 
 8.96640711e+07 -3.35294816e+01  8.96640711e+07  1.38946516e+00 
 9.01804129e+07 -3.35814584e+01  9.01804129e+07  1.38992268e+00 
 9.06997281e+07 -3.36333929e+01  9.06997281e+07  1.39037541e+00 
 9.12220338e+07 -3.36852853e+01  9.12220338e+07  1.39082334e+00 
 9.17473473e+07 -3.37371360e+01  9.17473473e+07  1.39126645e+00 
 9.22756858e+07 -3.37889452e+01  9.22756858e+07  1.39170472e+00 
 9.28070669e+07 -3.38407130e+01  9.28070669e+07  1.39213814e+00 
 9.33415080e+07 -3.38924398e+01  9.33415080e+07  1.39256670e+00 
 9.38790267e+07 -3.39441258e+01  9.38790267e+07  1.39299039e+00 
 9.44196408e+07 -3.39957712e+01  9.44196408e+07  1.39340918e+00 
 9.49633681e+07 -3.40473763e+01  9.49633681e+07  1.39382307e+00 
 9.55102266e+07 -3.40989412e+01  9.55102266e+07  1.39423205e+00 
 9.60602341e+07 -3.41504662e+01  9.60602341e+07  1.39463610e+00 
 9.66134090e+07 -3.42019516e+01  9.66134090e+07  1.39503520e+00 
 9.71697694e+07 -3.42533974e+01  9.71697694e+07  1.39542935e+00 
 9.77293337e+07 -3.43048040e+01  9.77293337e+07  1.39581854e+00 
 9.82921202e+07 -3.43561715e+01  9.82921202e+07  1.39620275e+00 
 9.88581477e+07 -3.44075002e+01  9.88581477e+07  1.39658197e+00 
 9.94274347e+07 -3.44587902e+01  9.94274347e+07  1.39695618e+00 
 1.00000000e+08 -3.45100418e+01  1.00000000e+08  1.39732539e+00 
 1.00575862e+08 -3.45612551e+01  1.00575862e+08  1.39768958e+00 
 1.01155041e+08 -3.46124302e+01  1.01155041e+08  1.39804873e+00 
 1.01737555e+08 -3.46635675e+01  1.01737555e+08  1.39840283e+00 
 1.02323424e+08 -3.47146671e+01  1.02323424e+08  1.39875188e+00 
 1.02912666e+08 -3.47657291e+01  1.02912666e+08  1.39909587e+00 
 1.03505301e+08 -3.48167538e+01  1.03505301e+08  1.39943477e+00 
 1.04101349e+08 -3.48677412e+01  1.04101349e+08  1.39976860e+00 
 1.04700830e+08 -3.49186916e+01  1.04700830e+08  1.40009732e+00 
 1.05303763e+08 -3.49696051e+01  1.05303763e+08  1.40042094e+00 
 1.05910168e+08 -3.50204819e+01  1.05910168e+08  1.40073944e+00 
 1.06520065e+08 -3.50713221e+01  1.06520065e+08  1.40105282e+00 
 1.07133474e+08 -3.51221259e+01  1.07133474e+08  1.40136106e+00 
 1.07750415e+08 -3.51728934e+01  1.07750415e+08  1.40166415e+00 
 1.08370910e+08 -3.52236248e+01  1.08370910e+08  1.40196209e+00 
 1.08994977e+08 -3.52743202e+01  1.08994977e+08  1.40225486e+00 
 1.09622638e+08 -3.53249797e+01  1.09622638e+08  1.40254246e+00 
 1.10253914e+08 -3.53756035e+01  1.10253914e+08  1.40282488e+00 
 1.10888825e+08 -3.54261916e+01  1.10888825e+08  1.40310210e+00 
 1.11527392e+08 -3.54767443e+01  1.11527392e+08  1.40337412e+00 
 1.12169636e+08 -3.55272616e+01  1.12169636e+08  1.40364093e+00 
 1.12815579e+08 -3.55777437e+01  1.12815579e+08  1.40390252e+00 
 1.13465242e+08 -3.56281906e+01  1.13465242e+08  1.40415888e+00 
 1.14118646e+08 -3.56786025e+01  1.14118646e+08  1.40440999e+00 
 1.14775812e+08 -3.57289794e+01  1.14775812e+08  1.40465586e+00 
 1.15436763e+08 -3.57793215e+01  1.15436763e+08  1.40489648e+00 
 1.16101520e+08 -3.58296289e+01  1.16101520e+08  1.40513182e+00 
 1.16770105e+08 -3.58799016e+01  1.16770105e+08  1.40536189e+00 
 1.17442540e+08 -3.59301398e+01  1.17442540e+08  1.40558668e+00 
 1.18118848e+08 -3.59803435e+01  1.18118848e+08  1.40580616e+00 
 1.18799050e+08 -3.60305128e+01  1.18799050e+08  1.40602035e+00 
 1.19483169e+08 -3.60806478e+01  1.19483169e+08  1.40622922e+00 
 1.20171228e+08 -3.61307486e+01  1.20171228e+08  1.40643277e+00 
 1.20863249e+08 -3.61808152e+01  1.20863249e+08  1.40663099e+00 
 1.21559255e+08 -3.62308477e+01  1.21559255e+08  1.40682387e+00 
 1.22259269e+08 -3.62808461e+01  1.22259269e+08  1.40701139e+00 
 1.22963314e+08 -3.63308106e+01  1.22963314e+08  1.40719356e+00 
 1.23671414e+08 -3.63807411e+01  1.23671414e+08  1.40737035e+00 
 1.24383591e+08 -3.64306378e+01  1.24383591e+08  1.40754177e+00 
 1.25099870e+08 -3.64805006e+01  1.25099870e+08  1.40770780e+00 
 1.25820273e+08 -3.65303297e+01  1.25820273e+08  1.40786843e+00 
 1.26544825e+08 -3.65801250e+01  1.26544825e+08  1.40802364e+00 
 1.27273549e+08 -3.66298866e+01  1.27273549e+08  1.40817344e+00 
 1.28006470e+08 -3.66796146e+01  1.28006470e+08  1.40831781e+00 
 1.28743611e+08 -3.67293089e+01  1.28743611e+08  1.40845675e+00 
 1.29484997e+08 -3.67789696e+01  1.29484997e+08  1.40859023e+00 
 1.30230653e+08 -3.68285967e+01  1.30230653e+08  1.40871825e+00 
 1.30980602e+08 -3.68781902e+01  1.30980602e+08  1.40884080e+00 
 1.31734870e+08 -3.69277502e+01  1.31734870e+08  1.40895787e+00 
 1.32493482e+08 -3.69772767e+01  1.32493482e+08  1.40906945e+00 
 1.33256462e+08 -3.70267696e+01  1.33256462e+08  1.40917553e+00 
 1.34023836e+08 -3.70762290e+01  1.34023836e+08  1.40927609e+00 
 1.34795629e+08 -3.71256548e+01  1.34795629e+08  1.40937113e+00 
 1.35571867e+08 -3.71750472e+01  1.35571867e+08  1.40946063e+00 
 1.36352574e+08 -3.72244060e+01  1.36352574e+08  1.40954458e+00 
 1.37137778e+08 -3.72737313e+01  1.37137778e+08  1.40962298e+00 
 1.37927503e+08 -3.73230230e+01  1.37927503e+08  1.40969580e+00 
 1.38721775e+08 -3.73722812e+01  1.38721775e+08  1.40976304e+00 
 1.39520622e+08 -3.74215057e+01  1.39520622e+08  1.40982469e+00 
 1.40324069e+08 -3.74706967e+01  1.40324069e+08  1.40988073e+00 
 1.41132143e+08 -3.75198541e+01  1.41132143e+08  1.40993115e+00 
 1.41944870e+08 -3.75689778e+01  1.41944870e+08  1.40997594e+00 
 1.42762277e+08 -3.76180678e+01  1.42762277e+08  1.41001508e+00 
 1.43584391e+08 -3.76671241e+01  1.43584391e+08  1.41004857e+00 
 1.44411240e+08 -3.77161466e+01  1.44411240e+08  1.41007638e+00 
 1.45242850e+08 -3.77651353e+01  1.45242850e+08  1.41009851e+00 
 1.46079249e+08 -3.78140902e+01  1.46079249e+08  1.41011495e+00 
 1.46920465e+08 -3.78630112e+01  1.46920465e+08  1.41012567e+00 
 1.47766525e+08 -3.79118983e+01  1.47766525e+08  1.41013068e+00 
 1.48617457e+08 -3.79607513e+01  1.48617457e+08  1.41012994e+00 
 1.49473289e+08 -3.80095703e+01  1.49473289e+08  1.41012344e+00 
 1.50334050e+08 -3.80583552e+01  1.50334050e+08  1.41011119e+00 
 1.51199767e+08 -3.81071059e+01  1.51199767e+08  1.41009315e+00 
 1.52070470e+08 -3.81558224e+01  1.52070470e+08  1.41006931e+00 
 1.52946187e+08 -3.82045045e+01  1.52946187e+08  1.41003966e+00 
 1.53826946e+08 -3.82531523e+01  1.53826946e+08  1.41000418e+00 
 1.54712778e+08 -3.83017656e+01  1.54712778e+08  1.40996286e+00 
 1.55603711e+08 -3.83503443e+01  1.55603711e+08  1.40991568e+00 
 1.56499774e+08 -3.83988884e+01  1.56499774e+08  1.40986263e+00 
 1.57400998e+08 -3.84473979e+01  1.57400998e+08  1.40980369e+00 
 1.58307411e+08 -3.84958725e+01  1.58307411e+08  1.40973884e+00 
 1.59219044e+08 -3.85443122e+01  1.59219044e+08  1.40966807e+00 
 1.60135927e+08 -3.85927170e+01  1.60135927e+08  1.40959135e+00 
 1.61058090e+08 -3.86410866e+01  1.61058090e+08  1.40950868e+00 
 1.61985563e+08 -3.86894211e+01  1.61985563e+08  1.40942003e+00 
 1.62918377e+08 -3.87377203e+01  1.62918377e+08  1.40932539e+00 
 1.63856563e+08 -3.87859841e+01  1.63856563e+08  1.40922474e+00 
 1.64800151e+08 -3.88342124e+01  1.64800151e+08  1.40911806e+00 
 1.65749174e+08 -3.88824051e+01  1.65749174e+08  1.40900533e+00 
 1.66703661e+08 -3.89305621e+01  1.66703661e+08  1.40888654e+00 
 1.67663645e+08 -3.89786833e+01  1.67663645e+08  1.40876166e+00 
 1.68629157e+08 -3.90267684e+01  1.68629157e+08  1.40863067e+00 
 1.69600229e+08 -3.90748175e+01  1.69600229e+08  1.40849356e+00 
 1.70576893e+08 -3.91228304e+01  1.70576893e+08  1.40835031e+00 
 1.71559181e+08 -3.91708070e+01  1.71559181e+08  1.40820090e+00 
 1.72547126e+08 -3.92187471e+01  1.72547126e+08  1.40804530e+00 
 1.73540760e+08 -3.92666505e+01  1.73540760e+08  1.40788350e+00 
 1.74540117e+08 -3.93145173e+01  1.74540117e+08  1.40771547e+00 
 1.75545228e+08 -3.93623471e+01  1.75545228e+08  1.40754120e+00 
 1.76556127e+08 -3.94101400e+01  1.76556127e+08  1.40736066e+00 
 1.77572847e+08 -3.94578957e+01  1.77572847e+08  1.40717382e+00 
 1.78595423e+08 -3.95056140e+01  1.78595423e+08  1.40698068e+00 
 1.79623887e+08 -3.95532949e+01  1.79623887e+08  1.40678121e+00 
 1.80658273e+08 -3.96009382e+01  1.80658273e+08  1.40657537e+00 
 1.81698617e+08 -3.96485437e+01  1.81698617e+08  1.40636316e+00 
 1.82744951e+08 -3.96961113e+01  1.82744951e+08  1.40614455e+00 
 1.83797311e+08 -3.97436408e+01  1.83797311e+08  1.40591951e+00 
 1.84855730e+08 -3.97911321e+01  1.84855730e+08  1.40568802e+00 
 1.85920245e+08 -3.98385850e+01  1.85920245e+08  1.40545006e+00 
 1.86990890e+08 -3.98859992e+01  1.86990890e+08  1.40520560e+00 
 1.88067700e+08 -3.99333748e+01  1.88067700e+08  1.40495462e+00 
 1.89150712e+08 -3.99807114e+01  1.89150712e+08  1.40469710e+00 
 1.90239960e+08 -4.00280089e+01  1.90239960e+08  1.40443300e+00 
 1.91335480e+08 -4.00752671e+01  1.91335480e+08  1.40416230e+00 
 1.92437310e+08 -4.01224859e+01  1.92437310e+08  1.40388498e+00 
 1.93545484e+08 -4.01696650e+01  1.93545484e+08  1.40360101e+00 
 1.94660040e+08 -4.02168044e+01  1.94660040e+08  1.40331036e+00 
 1.95781014e+08 -4.02639037e+01  1.95781014e+08  1.40301301e+00 
 1.96908443e+08 -4.03109628e+01  1.96908443e+08  1.40270893e+00 
 1.98042365e+08 -4.03579816e+01  1.98042365e+08  1.40239810e+00 
 1.99182817e+08 -4.04049598e+01  1.99182817e+08  1.40208048e+00 
 2.00329836e+08 -4.04518972e+01  2.00329836e+08  1.40175605e+00 
 2.01483461e+08 -4.04987936e+01  2.01483461e+08  1.40142477e+00 
 2.02643728e+08 -4.05456489e+01  2.02643728e+08  1.40108663e+00 
 2.03810678e+08 -4.05924628e+01  2.03810678e+08  1.40074159e+00 
 2.04984347e+08 -4.06392352e+01  2.04984347e+08  1.40038962e+00 
 2.06164775e+08 -4.06859658e+01  2.06164775e+08  1.40003070e+00 
 2.07352000e+08 -4.07326544e+01  2.07352000e+08  1.39966478e+00 
 2.08546063e+08 -4.07793008e+01  2.08546063e+08  1.39929185e+00 
 2.09747001e+08 -4.08259048e+01  2.09747001e+08  1.39891188e+00 
 2.10954856e+08 -4.08724662e+01  2.10954856e+08  1.39852482e+00 
 2.12169666e+08 -4.09189847e+01  2.12169666e+08  1.39813066e+00 
 2.13391471e+08 -4.09654602e+01  2.13391471e+08  1.39772936e+00 
 2.14620313e+08 -4.10118925e+01  2.14620313e+08  1.39732088e+00 
 2.15856230e+08 -4.10582813e+01  2.15856230e+08  1.39690520e+00 
 2.17099265e+08 -4.11046263e+01  2.17099265e+08  1.39648229e+00 
 2.18349459e+08 -4.11509275e+01  2.18349459e+08  1.39605210e+00 
 2.19606851e+08 -4.11971844e+01  2.19606851e+08  1.39561462e+00 
 2.20871485e+08 -4.12433970e+01  2.20871485e+08  1.39516980e+00 
 2.22143401e+08 -4.12895650e+01  2.22143401e+08  1.39471761e+00 
 2.23422641e+08 -4.13356881e+01  2.23422641e+08  1.39425802e+00 
 2.24709249e+08 -4.13817662e+01  2.24709249e+08  1.39379099e+00 
 2.26003265e+08 -4.14277990e+01  2.26003265e+08  1.39331650e+00 
 2.27304733e+08 -4.14737862e+01  2.27304733e+08  1.39283450e+00 
 2.28613696e+08 -4.15197276e+01  2.28613696e+08  1.39234495e+00 
 2.29930196e+08 -4.15656230e+01  2.29930196e+08  1.39184784e+00 
 2.31254278e+08 -4.16114721e+01  2.31254278e+08  1.39134311e+00 
 2.32585985e+08 -4.16572748e+01  2.32585985e+08  1.39083074e+00 
 2.33925360e+08 -4.17030307e+01  2.33925360e+08  1.39031068e+00 
 2.35272449e+08 -4.17487396e+01  2.35272449e+08  1.38978290e+00 
 2.36627294e+08 -4.17944013e+01  2.36627294e+08  1.38924737e+00 
 2.37989942e+08 -4.18400155e+01  2.37989942e+08  1.38870405e+00 
 2.39360437e+08 -4.18855819e+01  2.39360437e+08  1.38815289e+00 
 2.40738824e+08 -4.19311004e+01  2.40738824e+08  1.38759387e+00 
 2.42125149e+08 -4.19765707e+01  2.42125149e+08  1.38702695e+00 
 2.43519457e+08 -4.20219924e+01  2.43519457e+08  1.38645208e+00 
 2.44921794e+08 -4.20673655e+01  2.44921794e+08  1.38586922e+00 
 2.46332206e+08 -4.21126895e+01  2.46332206e+08  1.38527835e+00 
 2.47750741e+08 -4.21579643e+01  2.47750741e+08  1.38467942e+00 
 2.49177445e+08 -4.22031896e+01  2.49177445e+08  1.38407239e+00 
 2.50612364e+08 -4.22483652e+01  2.50612364e+08  1.38345723e+00 
 2.52055547e+08 -4.22934907e+01  2.52055547e+08  1.38283388e+00 
 2.53507040e+08 -4.23385660e+01  2.53507040e+08  1.38220232e+00 
 2.54966892e+08 -4.23835907e+01  2.54966892e+08  1.38156251e+00 
 2.56435151e+08 -4.24285646e+01  2.56435151e+08  1.38091439e+00 
 2.57911865e+08 -4.24734875e+01  2.57911865e+08  1.38025794e+00 
 2.59397083e+08 -4.25183590e+01  2.59397083e+08  1.37959311e+00 
 2.60890853e+08 -4.25631790e+01  2.60890853e+08  1.37891986e+00 
 2.62393226e+08 -4.26079471e+01  2.62393226e+08  1.37823815e+00 
 2.63904250e+08 -4.26526631e+01  2.63904250e+08  1.37754794e+00 
 2.65423975e+08 -4.26973267e+01  2.65423975e+08  1.37684919e+00 
 2.66952453e+08 -4.27419377e+01  2.66952453e+08  1.37614185e+00 
 2.68489732e+08 -4.27864958e+01  2.68489732e+08  1.37542588e+00 
 2.70035863e+08 -4.28310007e+01  2.70035863e+08  1.37470124e+00 
 2.71590899e+08 -4.28754521e+01  2.71590899e+08  1.37396789e+00 
 2.73154889e+08 -4.29198498e+01  2.73154889e+08  1.37322579e+00 
 2.74727885e+08 -4.29641935e+01  2.74727885e+08  1.37247489e+00 
 2.76309940e+08 -4.30084830e+01  2.76309940e+08  1.37171515e+00 
 2.77901105e+08 -4.30527179e+01  2.77901105e+08  1.37094653e+00 
 2.79501434e+08 -4.30968980e+01  2.79501434e+08  1.37016898e+00 
 2.81110978e+08 -4.31410231e+01  2.81110978e+08  1.36938246e+00 
 2.82729790e+08 -4.31850928e+01  2.82729790e+08  1.36858692e+00 
 2.84357925e+08 -4.32291069e+01  2.84357925e+08  1.36778234e+00 
 2.85995436e+08 -4.32730651e+01  2.85995436e+08  1.36696865e+00 
 2.87642376e+08 -4.33169671e+01  2.87642376e+08  1.36614581e+00 
 2.89298801e+08 -4.33608127e+01  2.89298801e+08  1.36531379e+00 
 2.90964764e+08 -4.34046016e+01  2.90964764e+08  1.36447254e+00 
 2.92640321e+08 -4.34483335e+01  2.92640321e+08  1.36362201e+00 
 2.94325527e+08 -4.34920082e+01  2.94325527e+08  1.36276216e+00 
 2.96020437e+08 -4.35356253e+01  2.96020437e+08  1.36189294e+00 
 2.97725108e+08 -4.35791846e+01  2.97725108e+08  1.36101432e+00 
 2.99439595e+08 -4.36226858e+01  2.99439595e+08  1.36012624e+00 
 3.01163955e+08 -4.36661287e+01  3.01163955e+08  1.35922867e+00 
 3.02898246e+08 -4.37095130e+01  3.02898246e+08  1.35832155e+00 
 3.04642523e+08 -4.37528383e+01  3.04642523e+08  1.35740484e+00 
 3.06396845e+08 -4.37961045e+01  3.06396845e+08  1.35647850e+00 
 3.08161270e+08 -4.38393112e+01  3.08161270e+08  1.35554249e+00 
 3.09935855e+08 -4.38824582e+01  3.09935855e+08  1.35459675e+00 
 3.11720659e+08 -4.39255452e+01  3.11720659e+08  1.35364125e+00 
 3.13515742e+08 -4.39685719e+01  3.13515742e+08  1.35267594e+00 
 3.15321161e+08 -4.40115381e+01  3.15321161e+08  1.35170078e+00 
 3.17136977e+08 -4.40544435e+01  3.17136977e+08  1.35071571e+00 
 3.18963250e+08 -4.40972877e+01  3.18963250e+08  1.34972070e+00 
 3.20800040e+08 -4.41400706e+01  3.20800040e+08  1.34871571e+00 
 3.22647407e+08 -4.41827918e+01  3.22647407e+08  1.34770068e+00 
 3.24505413e+08 -4.42254511e+01  3.24505413e+08  1.34667557e+00 
 3.26374118e+08 -4.42680483e+01  3.26374118e+08  1.34564035e+00 
 3.28253584e+08 -4.43105829e+01  3.28253584e+08  1.34459495e+00 
 3.30143873e+08 -4.43530548e+01  3.30143873e+08  1.34353935e+00 
 3.32045048e+08 -4.43954637e+01  3.32045048e+08  1.34247350e+00 
 3.33957171e+08 -4.44378094e+01  3.33957171e+08  1.34139735e+00 
 3.35880305e+08 -4.44800914e+01  3.35880305e+08  1.34031085e+00 
 3.37814514e+08 -4.45223097e+01  3.37814514e+08  1.33921398e+00 
 3.39759861e+08 -4.45644638e+01  3.39759861e+08  1.33810668e+00 
 3.41716410e+08 -4.46065536e+01  3.41716410e+08  1.33698890e+00 
 3.43684227e+08 -4.46485787e+01  3.43684227e+08  1.33586062e+00 
 3.45663375e+08 -4.46905389e+01  3.45663375e+08  1.33472178e+00 
 3.47653921e+08 -4.47324340e+01  3.47653921e+08  1.33357234e+00 
 3.49655930e+08 -4.47742636e+01  3.49655930e+08  1.33241226e+00 
 3.51669467e+08 -4.48160274e+01  3.51669467e+08  1.33124150e+00 
 3.53694600e+08 -4.48577253e+01  3.53694600e+08  1.33006001e+00 
 3.55731394e+08 -4.48993569e+01  3.55731394e+08  1.32886776e+00 
 3.57779918e+08 -4.49409220e+01  3.57779918e+08  1.32766470e+00 
 3.59840238e+08 -4.49824203e+01  3.59840238e+08  1.32645079e+00 
 3.61912423e+08 -4.50238515e+01  3.61912423e+08  1.32522599e+00 
 3.63996541e+08 -4.50652154e+01  3.63996541e+08  1.32399027e+00 
 3.66092661e+08 -4.51065117e+01  3.66092661e+08  1.32274357e+00 
 3.68200851e+08 -4.51477401e+01  3.68200851e+08  1.32148587e+00 
 3.70321182e+08 -4.51889004e+01  3.70321182e+08  1.32021712e+00 
 3.72453723e+08 -4.52299923e+01  3.72453723e+08  1.31893728e+00 
 3.74598544e+08 -4.52710156e+01  3.74598544e+08  1.31764632e+00 
 3.76755716e+08 -4.53119699e+01  3.76755716e+08  1.31634420e+00 
 3.78925311e+08 -4.53528550e+01  3.78925311e+08  1.31503087e+00 
 3.81107400e+08 -4.53936707e+01  3.81107400e+08  1.31370630e+00 
 3.83302055e+08 -4.54344166e+01  3.83302055e+08  1.31237046e+00 
 3.85509347e+08 -4.54750926e+01  3.85509347e+08  1.31102331e+00 
 3.87729351e+08 -4.55156983e+01  3.87729351e+08  1.30966481e+00 
 3.89962139e+08 -4.55562335e+01  3.89962139e+08  1.30829493e+00 
 3.92207785e+08 -4.55966979e+01  3.92207785e+08  1.30691363e+00 
 3.94466362e+08 -4.56370913e+01  3.94466362e+08  1.30552088e+00 
 3.96737946e+08 -4.56774134e+01  3.96737946e+08  1.30411665e+00 
 3.99022611e+08 -4.57176639e+01  3.99022611e+08  1.30270089e+00 
 4.01320433e+08 -4.57578426e+01  4.01320433e+08  1.30127358e+00 
 4.03631487e+08 -4.57979493e+01  4.03631487e+08  1.29983469e+00 
 4.05955849e+08 -4.58379835e+01  4.05955849e+08  1.29838418e+00 
 4.08293596e+08 -4.58779452e+01  4.08293596e+08  1.29692202e+00 
 4.10644806e+08 -4.59178340e+01  4.10644806e+08  1.29544819e+00 
 4.13009556e+08 -4.59576497e+01  4.13009556e+08  1.29396265e+00 
 4.15387923e+08 -4.59973920e+01  4.15387923e+08  1.29246537e+00 
 4.17779986e+08 -4.60370606e+01  4.17779986e+08  1.29095632e+00 
 4.20185824e+08 -4.60766554e+01  4.20185824e+08  1.28943549e+00 
 4.22605517e+08 -4.61161759e+01  4.22605517e+08  1.28790283e+00 
 4.25039143e+08 -4.61556220e+01  4.25039143e+08  1.28635833e+00 
 4.27486784e+08 -4.61949935e+01  4.27486784e+08  1.28480195e+00 
 4.29948521e+08 -4.62342900e+01  4.29948521e+08  1.28323368e+00 
 4.32424433e+08 -4.62735112e+01  4.32424433e+08  1.28165349e+00 
 4.34914603e+08 -4.63126570e+01  4.34914603e+08  1.28006135e+00 
 4.37419113e+08 -4.63517271e+01  4.37419113e+08  1.27845724e+00 
 4.39938046e+08 -4.63907212e+01  4.39938046e+08  1.27684114e+00 
 4.42471484e+08 -4.64296390e+01  4.42471484e+08  1.27521303e+00 
 4.45019511e+08 -4.64684803e+01  4.45019511e+08  1.27357289e+00 
 4.47582212e+08 -4.65072449e+01  4.47582212e+08  1.27192070e+00 
 4.50159670e+08 -4.65459324e+01  4.50159670e+08  1.27025644e+00 
 4.52751970e+08 -4.65845426e+01  4.52751970e+08  1.26858008e+00 
 4.55359199e+08 -4.66230752e+01  4.55359199e+08  1.26689163e+00 
 4.57981442e+08 -4.66615300e+01  4.57981442e+08  1.26519105e+00 
 4.60618785e+08 -4.66999068e+01  4.60618785e+08  1.26347834e+00 
 4.63271316e+08 -4.67382052e+01  4.63271316e+08  1.26175347e+00 
 4.65939122e+08 -4.67764249e+01  4.65939122e+08  1.26001644e+00 
 4.68622291e+08 -4.68145659e+01  4.68622291e+08  1.25826723e+00 
 4.71320911e+08 -4.68526276e+01  4.71320911e+08  1.25650584e+00 
 4.74035071e+08 -4.68906100e+01  4.74035071e+08  1.25473224e+00 
 4.76764861e+08 -4.69285127e+01  4.76764861e+08  1.25294643e+00 
 4.79510371e+08 -4.69663355e+01  4.79510371e+08  1.25114841e+00 
 4.82271692e+08 -4.70040781e+01  4.82271692e+08  1.24933816e+00 
 4.85048914e+08 -4.70417402e+01  4.85048914e+08  1.24751568e+00 
 4.87842128e+08 -4.70793216e+01  4.87842128e+08  1.24568095e+00 
 4.90651428e+08 -4.71168220e+01  4.90651428e+08  1.24383399e+00 
 4.93476906e+08 -4.71542411e+01  4.93476906e+08  1.24197478e+00 
 4.96318654e+08 -4.71915787e+01  4.96318654e+08  1.24010331e+00 
 4.99176767e+08 -4.72288344e+01  4.99176767e+08  1.23821960e+00 
 5.02051339e+08 -4.72660081e+01  5.02051339e+08  1.23632363e+00 
 5.04942464e+08 -4.73030995e+01  5.04942464e+08  1.23441541e+00 
 5.07850239e+08 -4.73401082e+01  5.07850239e+08  1.23249495e+00 
 5.10774758e+08 -4.73770340e+01  5.10774758e+08  1.23056223e+00 
 5.13716118e+08 -4.74138766e+01  5.13716118e+08  1.22861727e+00 
 5.16674416e+08 -4.74506358e+01  5.16674416e+08  1.22666007e+00 
 5.19649751e+08 -4.74873113e+01  5.19649751e+08  1.22469064e+00 
 5.22642219e+08 -4.75239028e+01  5.22642219e+08  1.22270898e+00 
 5.25651919e+08 -4.75604100e+01  5.25651919e+08  1.22071510e+00 
 5.28678951e+08 -4.75968326e+01  5.28678951e+08  1.21870901e+00 
 5.31723415e+08 -4.76331704e+01  5.31723415e+08  1.21669073e+00 
 5.34785411e+08 -4.76694231e+01  5.34785411e+08  1.21466026e+00 
 5.37865040e+08 -4.77055903e+01  5.37865040e+08  1.21261761e+00 
 5.40962403e+08 -4.77416719e+01  5.40962403e+08  1.21056281e+00 
 5.44077602e+08 -4.77776675e+01  5.44077602e+08  1.20849586e+00 
 5.47210741e+08 -4.78135769e+01  5.47210741e+08  1.20641678e+00 
 5.50361923e+08 -4.78493996e+01  5.50361923e+08  1.20432559e+00 
 5.53531250e+08 -4.78851356e+01  5.53531250e+08  1.20222231e+00 
 5.56718829e+08 -4.79207844e+01  5.56718829e+08  1.20010696e+00 
 5.59924764e+08 -4.79563458e+01  5.59924764e+08  1.19797956e+00 
 5.63149161e+08 -4.79918195e+01  5.63149161e+08  1.19584012e+00 
 5.66392126e+08 -4.80272052e+01  5.66392126e+08  1.19368869e+00 
 5.69653766e+08 -4.80625026e+01  5.69653766e+08  1.19152527e+00 
 5.72934188e+08 -4.80977113e+01  5.72934188e+08  1.18934990e+00 
 5.76233501e+08 -4.81328312e+01  5.76233501e+08  1.18716260e+00 
 5.79551814e+08 -4.81678619e+01  5.79551814e+08  1.18496340e+00 
 5.82889235e+08 -4.82028031e+01  5.82889235e+08  1.18275233e+00 
 5.86245876e+08 -4.82376545e+01  5.86245876e+08  1.18052942e+00 
 5.89621846e+08 -4.82724158e+01  5.89621846e+08  1.17829471e+00 
 5.93017257e+08 -4.83070866e+01  5.93017257e+08  1.17604823e+00 
 5.96432221e+08 -4.83416668e+01  5.96432221e+08  1.17379001e+00 
 5.99866850e+08 -4.83761559e+01  5.99866850e+08  1.17152009e+00 
 6.03321259e+08 -4.84105538e+01  6.03321259e+08  1.16923850e+00 
 6.06795560e+08 -4.84448599e+01  6.06795560e+08  1.16694529e+00 
 6.10289868e+08 -4.84790741e+01  6.10289868e+08  1.16464049e+00 
 6.13804298e+08 -4.85131961e+01  6.13804298e+08  1.16232414e+00 
 6.17338967e+08 -4.85472255e+01  6.17338967e+08  1.15999630e+00 
 6.20893990e+08 -4.85811619e+01  6.20893990e+08  1.15765699e+00 
 6.24469486e+08 -4.86150052e+01  6.24469486e+08  1.15530627e+00 
 6.28065572e+08 -4.86487549e+01  6.28065572e+08  1.15294418e+00 
 6.31682366e+08 -4.86824108e+01  6.31682366e+08  1.15057077e+00 
 6.35319988e+08 -4.87159725e+01  6.35319988e+08  1.14818609e+00 
 6.38978557e+08 -4.87494397e+01  6.38978557e+08  1.14579018e+00 
 6.42658195e+08 -4.87828122e+01  6.42658195e+08  1.14338310e+00 
 6.46359022e+08 -4.88160894e+01  6.46359022e+08  1.14096490e+00 
 6.50081162e+08 -4.88492712e+01  6.50081162e+08  1.13853564e+00 
 6.53824735e+08 -4.88823572e+01  6.53824735e+08  1.13609537e+00 
 6.57589867e+08 -4.89153471e+01  6.57589867e+08  1.13364414e+00 
 6.61376680e+08 -4.89482405e+01  6.61376680e+08  1.13118201e+00 
 6.65185300e+08 -4.89810372e+01  6.65185300e+08  1.12870904e+00 
 6.69015853e+08 -4.90137367e+01  6.69015853e+08  1.12622529e+00 
 6.72868464e+08 -4.90463388e+01  6.72868464e+08  1.12373083e+00 
 6.76743262e+08 -4.90788432e+01  6.76743262e+08  1.12122570e+00 
 6.80640372e+08 -4.91112494e+01  6.80640372e+08  1.11870999e+00 
 6.84559925e+08 -4.91435572e+01  6.84559925e+08  1.11618374e+00 
 6.88502049e+08 -4.91757662e+01  6.88502049e+08  1.11364704e+00 
 6.92466874e+08 -4.92078761e+01  6.92466874e+08  1.11109993e+00 
 6.96454531e+08 -4.92398866e+01  6.96454531e+08  1.10854250e+00 
 7.00465151e+08 -4.92717972e+01  7.00465151e+08  1.10597481e+00 
 7.04498867e+08 -4.93036078e+01  7.04498867e+08  1.10339694e+00 
 7.08555812e+08 -4.93353179e+01  7.08555812e+08  1.10080895e+00 
 7.12636119e+08 -4.93669271e+01  7.12636119e+08  1.09821091e+00 
 7.16739924e+08 -4.93984353e+01  7.16739924e+08  1.09560291e+00 
 7.20867360e+08 -4.94298420e+01  7.20867360e+08  1.09298501e+00 
 7.25018565e+08 -4.94611468e+01  7.25018565e+08  1.09035730e+00 
 7.29193675e+08 -4.94923495e+01  7.29193675e+08  1.08771984e+00 
 7.33392828e+08 -4.95234497e+01  7.33392828e+08  1.08507273e+00 
 7.37616162e+08 -4.95544471e+01  7.37616162e+08  1.08241603e+00 
 7.41863817e+08 -4.95853413e+01  7.41863817e+08  1.07974984e+00 
 7.46135932e+08 -4.96161320e+01  7.46135932e+08  1.07707422e+00 
 7.50432649e+08 -4.96468188e+01  7.50432649e+08  1.07438927e+00 
 7.54754109e+08 -4.96774015e+01  7.54754109e+08  1.07169507e+00 
 7.59100455e+08 -4.97078796e+01  7.59100455e+08  1.06899170e+00 
 7.63471830e+08 -4.97382528e+01  7.63471830e+08  1.06627925e+00 
 7.67868378e+08 -4.97685209e+01  7.67868378e+08  1.06355781e+00 
 7.72290244e+08 -4.97986834e+01  7.72290244e+08  1.06082747e+00 
 7.76737574e+08 -4.98287400e+01  7.76737574e+08  1.05808830e+00 
 7.81210514e+08 -4.98586904e+01  7.81210514e+08  1.05534042e+00 
 7.85709213e+08 -4.98885342e+01  7.85709213e+08  1.05258390e+00 
 7.90233817e+08 -4.99182712e+01  7.90233817e+08  1.04981884e+00 
 7.94784478e+08 -4.99479010e+01  7.94784478e+08  1.04704533e+00 
 7.99361343e+08 -4.99774232e+01  7.99361343e+08  1.04426347e+00 
 8.03964565e+08 -5.00068375e+01  8.03964565e+08  1.04147335e+00 
 8.08594296e+08 -5.00361437e+01  8.08594296e+08  1.03867506e+00 
 8.13250687e+08 -5.00653413e+01  8.13250687e+08  1.03586871e+00 
 8.17933893e+08 -5.00944300e+01  8.17933893e+08  1.03305440e+00 
 8.22644067e+08 -5.01234096e+01  8.22644067e+08  1.03023221e+00 
 8.27381366e+08 -5.01522797e+01  8.27381366e+08  1.02740226e+00 
 8.32145945e+08 -5.01810399e+01  8.32145945e+08  1.02456464e+00 
 8.36937961e+08 -5.02096900e+01  8.36937961e+08  1.02171945e+00 
 8.41757573e+08 -5.02382296e+01  8.41757573e+08  1.01886679e+00 
 8.46604939e+08 -5.02666585e+01  8.46604939e+08  1.01600678e+00 
 8.51480220e+08 -5.02949763e+01  8.51480220e+08  1.01313950e+00 
 8.56383575e+08 -5.03231827e+01  8.56383575e+08  1.01026507e+00 
 8.61315167e+08 -5.03512774e+01  8.61315167e+08  1.00738360e+00 
 8.66275158e+08 -5.03792600e+01  8.66275158e+08  1.00449518e+00 
 8.71263712e+08 -5.04071304e+01  8.71263712e+08  1.00159993e+00 
 8.76280993e+08 -5.04348882e+01  8.76280993e+08  9.98697950e-01 
 8.81327166e+08 -5.04625330e+01  8.81327166e+08  9.95789352e-01 
 8.86402399e+08 -5.04900647e+01  8.86402399e+08  9.92874243e-01 
 8.91506858e+08 -5.05174829e+01  8.91506858e+08  9.89952735e-01 
 8.96640711e+08 -5.05447873e+01  8.96640711e+08  9.87024937e-01 
 9.01804129e+08 -5.05719776e+01  9.01804129e+08  9.84090959e-01 
 9.06997281e+08 -5.05990536e+01  9.06997281e+08  9.81150915e-01 
 9.12220338e+08 -5.06260150e+01  9.12220338e+08  9.78204915e-01 
 9.17473473e+08 -5.06528615e+01  9.17473473e+08  9.75253073e-01 
 9.22756858e+08 -5.06795929e+01  9.22756858e+08  9.72295502e-01 
 9.28070669e+08 -5.07062088e+01  9.28070669e+08  9.69332316e-01 
 9.33415080e+08 -5.07327091e+01  9.33415080e+08  9.66363629e-01 
 9.38790267e+08 -5.07590934e+01  9.38790267e+08  9.63389557e-01 
 9.44196408e+08 -5.07853615e+01  9.44196408e+08  9.60410215e-01 
 9.49633681e+08 -5.08115132e+01  9.49633681e+08  9.57425718e-01 
 9.55102266e+08 -5.08375482e+01  9.55102266e+08  9.54436184e-01 
 9.60602341e+08 -5.08634662e+01  9.60602341e+08  9.51441728e-01 
 9.66134090e+08 -5.08892672e+01  9.66134090e+08  9.48442469e-01 
 9.71697694e+08 -5.09149507e+01  9.71697694e+08  9.45438524e-01 
 9.77293337e+08 -5.09405166e+01  9.77293337e+08  9.42430011e-01 
 9.82921202e+08 -5.09659646e+01  9.82921202e+08  9.39417048e-01 
 9.88581477e+08 -5.09912947e+01  9.88581477e+08  9.36399755e-01 
 9.94274347e+08 -5.10165064e+01  9.94274347e+08  9.33378250e-01 
 1.00000000e+09 -5.10415997e+01  1.00000000e+09  9.30352653e-01 
