 0.00000000e+00  3.29999999e+00  0.00000000e+00  3.29999999e+00  0.00000000e+00  0.00000000e+00  0.00000000e+00 -2.33212416e-11 
 5.00000000e-12  3.29999999e+00  5.00000000e-12  3.29999999e+00  5.00000000e-12  0.00000000e+00  5.00000000e-12 -2.33402169e-11 
 1.00000000e-11  3.29999999e+00  1.00000000e-11  3.29999999e+00  1.00000000e-11  0.00000000e+00  1.00000000e-11 -2.33448781e-11 
 2.00000000e-11  3.29999999e+00  2.00000000e-11  3.29999999e+00  2.00000000e-11  0.00000000e+00  2.00000000e-11 -2.39698851e-11 
 4.00000000e-11  3.29999999e+00  4.00000000e-11  3.29999999e+00  4.00000000e-11  0.00000000e+00  4.00000000e-11 -2.31656083e-11 
 8.00000000e-11  3.29999999e+00  8.00000000e-11  3.29999999e+00  8.00000000e-11  0.00000000e+00  8.00000000e-11 -2.32054384e-11 
 1.60000000e-10  3.29999999e+00  1.60000000e-10  3.29999999e+00  1.60000000e-10  0.00000000e+00  1.60000000e-10 -2.31836124e-11 
 3.20000000e-10  3.29999999e+00  3.20000000e-10  3.29999999e+00  3.20000000e-10  0.00000000e+00  3.20000000e-10 -2.35790447e-11 
 6.40000000e-10  3.29999999e+00  6.40000000e-10  3.29999999e+00  6.40000000e-10  0.00000000e+00  6.40000000e-10 -2.32578728e-11 
 1.14000000e-09  3.29999999e+00  1.14000000e-09  3.29999999e+00  1.14000000e-09  0.00000000e+00  1.14000000e-09 -2.35560783e-11 
 1.64000000e-09  3.29999999e+00  1.64000000e-09  3.29999999e+00  1.64000000e-09  0.00000000e+00  1.64000000e-09 -2.32669066e-11 
 2.14000000e-09  3.29999999e+00  2.14000000e-09  3.29999999e+00  2.14000000e-09  0.00000000e+00  2.14000000e-09 -2.35470029e-11 
 2.64000000e-09  3.29999999e+00  2.64000000e-09  3.29999999e+00  2.64000000e-09  0.00000000e+00  2.64000000e-09 -2.32711944e-11 
 3.14000000e-09  3.29999999e+00  3.14000000e-09  3.29999999e+00  3.14000000e-09  0.00000000e+00  3.14000000e-09 -2.35414353e-11 
 3.64000000e-09  3.29999999e+00  3.64000000e-09  3.29999999e+00  3.64000000e-09  0.00000000e+00  3.64000000e-09 -2.32728988e-11 
 4.14000000e-09  3.29999999e+00  4.14000000e-09  3.29999999e+00  4.14000000e-09  0.00000000e+00  4.14000000e-09 -2.35377748e-11 
 4.64000000e-09  3.29999999e+00  4.64000000e-09  3.29999999e+00  4.64000000e-09  0.00000000e+00  4.64000000e-09 -2.32732006e-11 
 5.14000000e-09  3.29999999e+00  5.14000000e-09  3.29999999e+00  5.14000000e-09  0.00000000e+00  5.14000000e-09 -2.35351532e-11 
 5.64000000e-09  3.29999999e+00  5.64000000e-09  3.29999999e+00  5.64000000e-09  0.00000000e+00  5.64000000e-09 -2.32727381e-11 
 6.14000000e-09  3.29999999e+00  6.14000000e-09  3.29999999e+00  6.14000000e-09  0.00000000e+00  6.14000000e-09 -2.35331012e-11 
 6.64000000e-09  3.29999999e+00  6.64000000e-09  3.29999999e+00  6.64000000e-09  0.00000000e+00  6.64000000e-09 -2.32718614e-11 
 7.14000000e-09  3.29999999e+00  7.14000000e-09  3.29999999e+00  7.14000000e-09  0.00000000e+00  7.14000000e-09 -2.35313555e-11 
 7.64000000e-09  3.29999999e+00  7.64000000e-09  3.29999999e+00  7.64000000e-09  0.00000000e+00  7.64000000e-09 -2.32707603e-11 
 8.14000000e-09  3.29999999e+00  8.14000000e-09  3.29999999e+00  8.14000000e-09  0.00000000e+00  8.14000000e-09 -2.35297819e-11 
 8.64000000e-09  3.29999999e+00  8.64000000e-09  3.29999999e+00  8.64000000e-09  0.00000000e+00  8.64000000e-09 -2.32695352e-11 
 9.14000000e-09  3.29999999e+00  9.14000000e-09  3.29999999e+00  9.14000000e-09  0.00000000e+00  9.14000000e-09 -2.35283015e-11 
 9.64000000e-09  3.29999999e+00  9.64000000e-09  3.29999999e+00  9.64000000e-09  0.00000000e+00  9.64000000e-09 -2.32682474e-11 
 1.01400000e-08  3.29999999e+00  1.01400000e-08  3.29999999e+00  1.01400000e-08  0.00000000e+00  1.01400000e-08 -2.35268725e-11 
 1.06400000e-08  3.29999999e+00  1.06400000e-08  3.29999999e+00  1.06400000e-08  0.00000000e+00  1.06400000e-08 -2.32669231e-11 
 1.11400000e-08  3.29999999e+00  1.11400000e-08  3.29999999e+00  1.11400000e-08  0.00000000e+00  1.11400000e-08 -2.35254743e-11 
 1.16400000e-08  3.29999999e+00  1.16400000e-08  3.29999999e+00  1.16400000e-08  0.00000000e+00  1.16400000e-08 -2.32655811e-11 
 1.21400000e-08  3.29999999e+00  1.21400000e-08  3.29999999e+00  1.21400000e-08  0.00000000e+00  1.21400000e-08 -2.35240911e-11 
 1.26400000e-08  3.29999999e+00  1.26400000e-08  3.29999999e+00  1.26400000e-08  0.00000000e+00  1.26400000e-08 -2.32642302e-11 
 1.31400000e-08  3.29999999e+00  1.31400000e-08  3.29999999e+00  1.31400000e-08  0.00000000e+00  1.31400000e-08 -2.35227200e-11 
 1.36400000e-08  3.29999999e+00  1.36400000e-08  3.29999999e+00  1.36400000e-08  0.00000000e+00  1.36400000e-08 -2.32628747e-11 
 1.41400000e-08  3.29999999e+00  1.41400000e-08  3.29999999e+00  1.41400000e-08  0.00000000e+00  1.41400000e-08 -2.35213526e-11 
 1.46400000e-08  3.29999999e+00  1.46400000e-08  3.29999999e+00  1.46400000e-08  0.00000000e+00  1.46400000e-08 -2.32615203e-11 
 1.51400000e-08  3.29999999e+00  1.51400000e-08  3.29999999e+00  1.51400000e-08  0.00000000e+00  1.51400000e-08 -2.35199917e-11 
 1.56400000e-08  3.29999999e+00  1.56400000e-08  3.29999999e+00  1.56400000e-08  0.00000000e+00  1.56400000e-08 -2.32601635e-11 
 1.61400000e-08  3.29999999e+00  1.61400000e-08  3.29999999e+00  1.61400000e-08  0.00000000e+00  1.61400000e-08 -2.35186313e-11 
 1.66400000e-08  3.29999999e+00  1.66400000e-08  3.29999999e+00  1.66400000e-08  0.00000000e+00  1.66400000e-08 -2.32588085e-11 
 1.71400000e-08  3.29999999e+00  1.71400000e-08  3.29999999e+00  1.71400000e-08  0.00000000e+00  1.71400000e-08 -2.35172749e-11 
 1.76400000e-08  3.29999999e+00  1.76400000e-08  3.29999999e+00  1.76400000e-08  0.00000000e+00  1.76400000e-08 -2.32574546e-11 
 1.81400000e-08  3.29999999e+00  1.81400000e-08  3.29999999e+00  1.81400000e-08  0.00000000e+00  1.81400000e-08 -2.35159221e-11 
 1.86400000e-08  3.29999999e+00  1.86400000e-08  3.29999999e+00  1.86400000e-08  0.00000000e+00  1.86400000e-08 -2.32561019e-11 
 1.91400000e-08  3.29999999e+00  1.91400000e-08  3.29999999e+00  1.91400000e-08  0.00000000e+00  1.91400000e-08 -2.35145709e-11 
 1.96400000e-08  3.29999999e+00  1.96400000e-08  3.29999999e+00  1.96400000e-08  0.00000000e+00  1.96400000e-08 -2.32547529e-11 
 2.00000000e-08  3.29999999e+00  2.00000000e-08  3.29999999e+00  2.00000000e-08  0.00000000e+00  2.00000000e-08 -2.35134085e-11 
 2.00100000e-08  3.32226658e+00  2.00100000e-08  3.32225729e+00  2.00100000e-08  3.30000000e-01  2.00100000e-08  4.12883147e-04 
 2.00300000e-08  3.36414540e+00  2.00300000e-08  3.36412252e+00  2.00300000e-08  9.90000000e-01  2.00300000e-08  4.61875702e-04 
 2.00700000e-08  3.44532786e+00  2.00700000e-08  3.44547778e+00  2.00700000e-08  2.31000000e+00  2.00700000e-08  4.53542748e-04 
 2.01000000e-08  3.48432769e+00  2.01000000e-08  3.48394910e+00  2.01000000e-08  3.30000000e+00  2.01000000e-08  3.27611784e-04 
 2.01038913e-08  3.48365811e+00  2.01038913e-08  3.48318319e+00  2.01038913e-08  3.30000000e+00  2.01038913e-08  3.56526911e-06 
 2.01116740e-08  3.48168243e+00  2.01116740e-08  3.48092998e+00  2.01116740e-08  3.30000000e+00  2.01116740e-08 -3.46035580e-05 
 2.01272394e-08  3.47331798e+00  2.01272394e-08  3.47147208e+00  2.01272394e-08  3.30000000e+00  2.01272394e-08 -5.24693924e-05 
 2.01583702e-08  3.44745348e+00  2.01583702e-08  3.44378275e+00  2.01583702e-08  3.30000000e+00  2.01583702e-08 -6.90337451e-05 
 2.02136389e-08  3.27764746e+00  2.02136389e-08  3.28715662e+00  2.02136389e-08  3.30000000e+00  2.02136389e-08 -9.33635894e-05 
 2.02640988e-08  2.99246870e+00  2.02640988e-08  3.05404869e+00  2.02640988e-08  3.30000000e+00  2.02640988e-08 -1.27725391e-04 
 2.03400171e-08  2.54472723e+00  2.03400171e-08  2.63891912e+00  2.03400171e-08  3.30000000e+00  2.03400171e-08 -1.00258960e-04 
 2.04173620e-08  2.13363472e+00  2.04173620e-08  2.27216350e+00  2.04173620e-08  3.30000000e+00  2.04173620e-08 -1.70297943e-04 
 2.05345319e-08  1.63549944e+00  2.05345319e-08  2.01726869e+00  2.05345319e-08  3.30000000e+00  2.05345319e-08 -2.21285208e-04 
 2.06638118e-08  1.10698103e+00  2.06638118e-08  2.32992625e+00  2.06638118e-08  3.30000000e+00  2.06638118e-08 -3.26353828e-04 
 2.07704106e-08  7.68658362e-01  2.07704106e-08  2.76789728e+00  2.07704106e-08  3.30000000e+00  2.07704106e-08 -2.32770512e-04 
 2.08933613e-08  4.77498723e-01  2.08933613e-08  3.09815224e+00  2.08933613e-08  3.30000000e+00  2.08933613e-08 -1.62404444e-04 
 2.10218090e-08  2.45849969e-01  2.10218090e-08  3.22389877e+00  2.10218090e-08  3.30000000e+00  2.10218090e-08 -4.13059352e-05 
 2.12011913e-08  8.75735242e-02  2.12011913e-08  3.27721621e+00  2.12011913e-08  3.30000000e+00  2.12011913e-08 -4.39944761e-05 
 2.14567909e-08  1.16608652e-02  2.14567909e-08  3.29586728e+00  2.14567909e-08  3.30000000e+00  2.14567909e-08  1.84821019e-05 
 2.16939131e-08  3.79030570e-03  2.16939131e-08  3.29952385e+00  2.16939131e-08  3.30000000e+00  2.16939131e-08 -2.25280237e-05 
 2.20772168e-08 -1.41544924e-03  2.20772168e-08  3.29989859e+00  2.20772168e-08  3.30000000e+00  2.20772168e-08  2.18256769e-05 
 2.25137159e-08  1.18061884e-03  2.25137159e-08  3.30010534e+00  2.25137159e-08  3.30000000e+00  2.25137159e-08 -2.17051289e-05 
 2.30137159e-08 -1.08424148e-03  2.30137159e-08  3.29991109e+00  2.30137159e-08  3.30000000e+00  2.30137159e-08  2.16293356e-05 
 2.35137159e-08  1.02004418e-03  2.35137159e-08  3.30007376e+00  2.35137159e-08  3.30000000e+00  2.35137159e-08 -2.15599492e-05 
 2.40137159e-08 -9.54421959e-04  2.40137159e-08  3.29993738e+00  2.40137159e-08  3.30000000e+00  2.40137159e-08  2.14932845e-05 
 2.45137159e-08  9.02777278e-04  2.45137159e-08  3.30005334e+00  2.45137159e-08  3.30000000e+00  2.45137159e-08 -2.14303657e-05 
 2.50137159e-08 -8.47299664e-04  2.50137159e-08  3.29995349e+00  2.50137159e-08  3.30000000e+00  2.50137159e-08  2.13700903e-05 
 2.55137159e-08  8.02613693e-04  2.55137159e-08  3.30004038e+00  2.55137159e-08  3.30000000e+00  2.55137159e-08 -2.13135256e-05 
 2.60137159e-08 -7.54597362e-04  2.60137159e-08  3.29996427e+00  2.60137159e-08  3.30000000e+00  2.60137159e-08  2.12595905e-05 
 2.65137159e-08  7.15374119e-04  2.65137159e-08  3.30003127e+00  2.65137159e-08  3.30000000e+00  2.65137159e-08 -2.12091260e-05 
 2.70137159e-08 -6.73522170e-04  2.70137159e-08  3.29997216e+00  2.70137159e-08  3.30000000e+00  2.70137159e-08  2.11610861e-05 
 2.75137159e-08  6.38750304e-04  2.75137159e-08  3.30002437e+00  2.75137159e-08  3.30000000e+00  2.75137159e-08 -2.11161953e-05 
 2.80137159e-08 -6.02180661e-04  2.80137159e-08  3.29997829e+00  2.80137159e-08  3.30000000e+00  2.80137159e-08  2.10734746e-05 
 2.85137159e-08  5.71307221e-04  2.85137159e-08  3.30001893e+00  2.85137159e-08  3.30000000e+00  2.85137159e-08 -2.10335527e-05 
 2.90137159e-08 -5.39150335e-04  2.90137159e-08  3.29998319e+00  2.90137159e-08  3.30000000e+00  2.90137159e-08  2.09955543e-05 
 2.95137159e-08  5.11688868e-04  2.95137159e-08  3.30001454e+00  2.95137159e-08  3.30000000e+00  2.95137159e-08 -2.09600426e-05 
 3.00137159e-08 -4.83359016e-04  3.00137159e-08  3.29998717e+00  3.00137159e-08  3.30000000e+00  3.00137159e-08  2.09262209e-05 
 3.05137159e-08  4.58879967e-04  3.05137159e-08  3.30001097e+00  3.05137159e-08  3.30000000e+00  3.05137159e-08 -2.08946051e-05 
 3.10137159e-08 -4.33881916e-04  3.10137159e-08  3.29999042e+00  3.10137159e-08  3.30000000e+00  3.10137159e-08  2.08644706e-05 
 3.15137159e-08  4.12020423e-04  3.15137159e-08  3.30000804e+00  3.15137159e-08  3.30000000e+00  3.15137159e-08 -2.08362937e-05 
 3.20137159e-08 -3.89935269e-04  3.20137159e-08  3.29999308e+00  3.20137159e-08  3.30000000e+00  3.20137159e-08  2.08094139e-05 
 3.25137159e-08  3.70377281e-04  3.25137159e-08  3.30000565e+00  3.25137159e-08  3.30000000e+00  3.25137159e-08 -2.07842730e-05 
 3.30137159e-08 -3.50838119e-04  3.30137159e-08  3.29999526e+00  3.30137159e-08  3.30000000e+00  3.30137159e-08  2.07602683e-05 
 3.35137159e-08  3.33303460e-04  3.35137159e-08  3.30000370e+00  3.35137159e-08  3.30000000e+00  3.35137159e-08 -2.07378124e-05 
 3.40137159e-08 -3.16026246e-04  3.40137159e-08  3.29999702e+00  3.40137159e-08  3.30000000e+00  3.40137159e-08  2.07163492e-05 
 3.45137159e-08  3.00277765e-04  3.45137159e-08  3.30000212e+00  3.45137159e-08  3.30000000e+00  3.45137159e-08 -2.06962646e-05 
 3.50137159e-08 -2.84962808e-04  3.50137159e-08  3.29999845e+00  3.50137159e-08  3.30000000e+00  3.50137159e-08  2.06770510e-05 
 3.55137159e-08  2.70808328e-04  3.55137159e-08  3.30000084e+00  3.55137159e-08  3.30000000e+00  3.55137159e-08 -2.06590695e-05 
 3.60137159e-08 -2.57219085e-04  3.60137159e-08  3.29999959e+00  3.60137159e-08  3.30000000e+00  3.60137159e-08  2.06418455e-05 
 3.65137159e-08  2.44473746e-04  3.65137159e-08  3.29999984e+00  3.65137159e-08  3.30000000e+00  3.65137159e-08 -2.06257276e-05 
 3.70137159e-08 -2.32418296e-04  3.70137159e-08  3.30000050e+00  3.70137159e-08  3.30000000e+00  3.70137159e-08  2.06102762e-05 
 3.75137159e-08  2.20920334e-04  3.75137159e-08  3.29999904e+00  3.75137159e-08  3.30000000e+00  3.75137159e-08 -2.05958120e-05 
 3.80137159e-08 -2.10215157e-04  3.80137159e-08  3.30000122e+00  3.80137159e-08  3.30000000e+00  3.80137159e-08  2.05819308e-05 
 3.85137159e-08  1.99822361e-04  3.85137159e-08  3.29999842e+00  3.85137159e-08  3.30000000e+00  3.85137159e-08 -2.05689342e-05 
 3.90137159e-08 -1.90313449e-04  3.90137159e-08  3.30000177e+00  3.90137159e-08  3.30000000e+00  3.90137159e-08  2.05564497e-05 
 3.95137159e-08  1.80905447e-04  3.95137159e-08  3.29999794e+00  3.95137159e-08  3.30000000e+00  3.95137159e-08 -2.05447614e-05 
 4.00137159e-08 -1.72455464e-04  4.00137159e-08  3.30000219e+00  4.00137159e-08  3.30000000e+00  4.00137159e-08  2.05335200e-05 
 4.05137159e-08  1.63922730e-04  4.05137159e-08  3.29999759e+00  4.05137159e-08  3.30000000e+00  4.05137159e-08 -2.05229969e-05 
 4.10137159e-08 -1.56412721e-04  4.10137159e-08  3.30000249e+00  4.10137159e-08  3.30000000e+00  4.10137159e-08  2.05128636e-05 
 4.15137159e-08  1.48658990e-04  4.15137159e-08  3.29999734e+00  4.15137159e-08  3.30000000e+00  4.15137159e-08 -2.05033799e-05 
 4.20137159e-08 -1.41984577e-04  4.20137159e-08  3.30000270e+00  4.20137159e-08  3.30000000e+00  4.20137159e-08  2.04942355e-05 
 4.25137159e-08  1.34924922e-04  4.25137159e-08  3.29999717e+00  4.25137159e-08  3.30000000e+00  4.25137159e-08 -2.04856800e-05 
 4.30137159e-08 -1.28994347e-04  4.30137159e-08  3.30000284e+00  4.30137159e-08  3.30000000e+00  4.30137159e-08  2.04774193e-05 
 4.35137159e-08  1.22553768e-04  4.35137159e-08  3.29999707e+00  4.35137159e-08  3.30000000e+00  4.35137159e-08 -2.04696936e-05 
 4.40137159e-08 -1.17286252e-04  4.40137159e-08  3.30000292e+00  4.40137159e-08  3.30000000e+00  4.40137159e-08  2.04622237e-05 
 4.45137159e-08  1.11398456e-04  4.45137159e-08  3.29999702e+00  4.45137159e-08  3.30000000e+00  4.45137159e-08 -2.04552409e-05 
 4.50137159e-08 -1.06722787e-04  4.50137159e-08  3.30000295e+00  4.50137159e-08  3.30000000e+00  4.50137159e-08  2.04484793e-05 
 4.55137159e-08  1.01329118e-04  4.55137159e-08  3.29999701e+00  4.55137159e-08  3.30000000e+00  4.55137159e-08 -2.04421623e-05 
 4.60137159e-08 -9.71824331e-05  4.60137159e-08  3.30000294e+00  4.60137159e-08  3.30000000e+00  4.60137159e-08  2.04360358e-05 
 4.65137159e-08  9.22309409e-05  4.65137159e-08  3.29999704e+00  4.65137159e-08  3.30000000e+00  4.65137159e-08 -2.04303162e-05 
 4.70137159e-08 -8.85576666e-05  4.70137159e-08  3.30000290e+00  4.70137159e-08  3.30000000e+00  4.70137159e-08  2.04247601e-05 
 4.75137159e-08  8.40022951e-05  4.75137159e-08  3.29999710e+00  4.75137159e-08  3.30000000e+00  4.75137159e-08 -2.04195772e-05 
 4.80137159e-08 -8.07532354e-05  4.80137159e-08  3.30000283e+00  4.80137159e-08  3.30000000e+00  4.80137159e-08  2.04145337e-05 
 4.85137159e-08  7.65531093e-05  4.85137159e-08  3.29999717e+00  4.85137159e-08  3.30000000e+00  4.85137159e-08 -2.04098334e-05 
 4.90137159e-08 -7.36846536e-05  4.90137159e-08  3.30000275e+00  4.90137159e-08  3.30000000e+00  4.90137159e-08  2.04052512e-05 
 4.95137159e-08  6.98034578e-05  4.95137159e-08  3.29999727e+00  4.95137159e-08  3.30000000e+00  4.95137159e-08 -2.04009854e-05 
 5.00137159e-08 -6.72768932e-05  5.00137159e-08  3.30000265e+00  5.00137159e-08  3.30000000e+00  5.00137159e-08  2.03968188e-05 
 5.05137159e-08  6.36823289e-05  5.05137159e-08  3.29999737e+00  5.05137159e-08  3.30000000e+00  5.05137159e-08 -2.03929447e-05 
 5.10137159e-08 -6.14632436e-05  5.10137159e-08  3.30000255e+00  5.10137159e-08  3.30000000e+00  5.10137159e-08  2.03891527e-05 
 5.15137159e-08  5.81265525e-05  5.15137159e-08  3.29999748e+00  5.15137159e-08  3.30000000e+00  5.15137159e-08 -2.03856319e-05 
 5.20137159e-08 -5.61843163e-05  5.20137159e-08  3.30000244e+00  5.20137159e-08  3.30000000e+00  5.20137159e-08  2.03821782e-05 
 5.25137159e-08  5.30798643e-05  5.25137159e-08  3.29999760e+00  5.25137159e-08  3.30000000e+00  5.25137159e-08 -2.03789765e-05 
 5.30137159e-08 -5.13871765e-05  5.30137159e-08  3.30000232e+00  5.30137159e-08  3.30000000e+00  5.30137159e-08  2.03758285e-05 
 5.35137159e-08  4.84920890e-05  5.35137159e-08  3.29999771e+00  5.35137159e-08  3.30000000e+00  5.35137159e-08 -2.03729153e-05 
 5.40137159e-08 -4.70245843e-05  5.40137159e-08  3.30000220e+00  5.40137159e-08  3.30000000e+00  5.40137159e-08  2.03700438e-05 
 5.45137159e-08  4.43184261e-05  5.45137159e-08  3.29999783e+00  5.45137159e-08  3.30000000e+00  5.45137159e-08 -2.03673916e-05 
 5.50137159e-08 -4.30543306e-05  5.50137159e-08  3.30000209e+00  5.50137159e-08  3.30000000e+00  5.50137159e-08  2.03647703e-05 
 5.55137159e-08  4.05188255e-05  5.55137159e-08  3.29999795e+00  5.55137159e-08  3.30000000e+00  5.55137159e-08 -2.03623545e-05 
 5.60137159e-08 -3.94386564e-05  5.60137159e-08  3.30000197e+00  5.60137159e-08  3.30000000e+00  5.60137159e-08  2.03599601e-05 
 5.65137159e-08  3.70574408e-05  5.65137159e-08  3.29999807e+00  5.65137159e-08  3.30000000e+00  5.65137159e-08 -2.03577585e-05 
 5.70137159e-08 -3.61437432e-05  5.70137159e-08  3.30000186e+00  5.70137159e-08  3.30000000e+00  5.70137159e-08  2.03555698e-05 
 5.75137159e-08  3.39021498e-05  5.75137159e-08  3.29999818e+00  5.75137159e-08  3.30000000e+00  5.75137159e-08 -2.03535627e-05 
 5.80137159e-08 -3.31392662e-05  5.80137159e-08  3.30000174e+00  5.80137159e-08  3.30000000e+00  5.80137159e-08  2.03515606e-05 
 5.85137159e-08  3.10241339e-05  5.85137159e-08  3.29999829e+00  5.85137159e-08  3.30000000e+00  5.85137159e-08 -2.03497301e-05 
 5.90137159e-08 -3.03980023e-05  5.90137159e-08  3.30000164e+00  5.90137159e-08  3.30000000e+00  5.90137159e-08  2.03478976e-05 
 5.95137159e-08  2.83975085e-05  5.95137159e-08  3.29999840e+00  5.95137159e-08  3.30000000e+00  5.95137159e-08 -2.03462275e-05 
 6.00137159e-08 -2.78954853e-05  6.00137159e-08  3.30000153e+00  6.00137159e-08  3.30000000e+00  6.00137159e-08  2.03445492e-05 
 6.05137159e-08  2.59989985e-05  6.05137159e-08  3.29999850e+00  6.05137159e-08  3.30000000e+00  6.05137159e-08 -2.03430250e-05 
 6.10137159e-08 -2.56097018e-05  6.10137159e-08  3.30000144e+00  6.10137159e-08  3.30000000e+00  6.10137159e-08  2.03414870e-05 
 6.15137159e-08  2.38076516e-05  6.15137159e-08  3.29999860e+00  6.15137159e-08  3.30000000e+00  6.15137159e-08 -2.03400955e-05 
 6.20137159e-08 -2.35208245e-05  6.20137159e-08  3.30000134e+00  6.20137159e-08  3.30000000e+00  6.20137159e-08  2.03386852e-05 
 6.25137159e-08  2.18045867e-05  6.25137159e-08  3.29999869e+00  6.25137159e-08  3.30000000e+00  6.25137159e-08 -2.03374146e-05 
 6.30137159e-08 -2.16109756e-05  6.30137159e-08  3.30000125e+00  6.30137159e-08  3.30000000e+00  6.30137159e-08  2.03361206e-05 
 6.35137159e-08  1.99727710e-05  6.35137159e-08  3.29999878e+00  6.35137159e-08  3.30000000e+00  6.35137159e-08 -2.03349602e-05 
 6.40137159e-08 -1.98640191e-05  6.40137159e-08  3.30000117e+00  6.40137159e-08  3.30000000e+00  6.40137159e-08  2.03337723e-05 
 6.45137159e-08  1.82968237e-05  6.45137159e-08  3.29999886e+00  6.45137159e-08  3.30000000e+00  6.45137159e-08 -2.03327123e-05 
 6.50137159e-08 -1.82653765e-05  6.50137159e-08  3.30000109e+00  6.50137159e-08  3.30000000e+00  6.50137159e-08  2.03316211e-05 
 6.55137159e-08  1.67628420e-05  6.55137159e-08  3.29999894e+00  6.55137159e-08  3.30000000e+00  6.55137159e-08 -2.03306528e-05 
 6.60137159e-08 -1.68018632e-05  6.60137159e-08  3.30000101e+00  6.60137159e-08  3.30000000e+00  6.60137159e-08  2.03296500e-05 
 6.65137159e-08  1.53582470e-05  6.65137159e-08  3.29999901e+00  6.65137159e-08  3.30000000e+00  6.65137159e-08 -2.03287653e-05 
 6.70137159e-08 -1.54615449e-05  6.70137159e-08  3.30000094e+00  6.70137159e-08  3.30000000e+00  6.70137159e-08  2.03278431e-05 
 6.75137159e-08  1.40716472e-05  6.75137159e-08  3.29999908e+00  6.75137159e-08  3.30000000e+00  6.75137159e-08 -2.03270349e-05 
 6.80137159e-08 -1.42336086e-05  6.80137159e-08  3.30000087e+00  6.80137159e-08  3.30000000e+00  6.80137159e-08  2.03261863e-05 
 6.85137159e-08  1.28927173e-05  6.85137159e-08  3.29999914e+00  6.85137159e-08  3.30000000e+00  6.85137159e-08 -2.03254479e-05 
 6.90137159e-08 -1.31082490e-05  6.90137159e-08  3.30000081e+00  6.90137159e-08  3.30000000e+00  6.90137159e-08  2.03246666e-05 
 6.95137159e-08  1.28034464e-05  6.95137159e-08  3.29999916e+00  6.95137159e-08  3.30000000e+00  6.95137159e-08 -2.03239842e-05 
 7.00137159e-08 -1.02980806e-05  7.00137159e-08  3.30000058e+00  7.00137159e-08  3.30000000e+00  7.00137159e-08  2.03231258e-05 
 7.01000000e-08  1.03714014e-05  7.01000000e-08  3.29999920e+00  7.01000000e-08  3.30000000e+00  7.01000000e-08 -2.03200494e-05 
 7.01100000e-08 -3.04703430e-03  7.01100000e-08  3.29705531e+00  7.01100000e-08  2.97000000e+00  7.01100000e-08 -2.80560455e-04 
 7.01300000e-08 -2.18148957e-02  7.01300000e-08  3.27710274e+00  7.01300000e-08  2.31000000e+00  7.01300000e-08 -3.68332378e-04 
 7.01700000e-08 -3.00591912e-02  7.01700000e-08  3.24450753e+00  7.01700000e-08  9.90000000e-01  7.01700000e-08 -7.90743707e-04 
 7.02000000e-08  4.77047382e-02  7.02000000e-08  3.25866862e+00  7.02000000e-08  0.00000000e+00  7.02000000e-08 -1.14077585e-03 
 7.02035971e-08  6.71043703e-02  7.02035971e-08  3.26820967e+00  7.02035971e-08  0.00000000e+00  7.02035971e-08 -7.92046872e-04 
 7.02107912e-08  1.05460430e-01  7.02107912e-08  3.28591509e+00  7.02107912e-08  0.00000000e+00  7.02107912e-08 -7.78567396e-04 
 7.02251794e-08  1.79631871e-01  7.02251794e-08  3.31518125e+00  7.02251794e-08  0.00000000e+00  7.02251794e-08 -7.58903658e-04 
 7.02539559e-08  3.22867575e-01  7.02539559e-08  3.35546062e+00  7.02539559e-08  0.00000000e+00  7.02539559e-08 -7.22438981e-04 
 7.03115089e-08  6.18553281e-01  7.03115089e-08  3.39992421e+00  7.03115089e-08  0.00000000e+00  7.03115089e-08 -6.72068365e-04 
 7.04128695e-08  1.28110581e+00  7.04128695e-08  3.47025515e+00  7.04128695e-08  0.00000000e+00  7.04128695e-08 -4.78259193e-04 
 7.05073263e-08  1.92686098e+00  7.05073263e-08  3.51295131e+00  7.05073263e-08  0.00000000e+00  7.05073263e-08 -2.74630975e-04 
 7.06274763e-08  2.49847910e+00  7.06274763e-08  3.47048430e+00  7.06274763e-08  0.00000000e+00  7.06274763e-08 -1.31630418e-04 
 7.07382734e-08  2.82303053e+00  7.07382734e-08  3.42497791e+00  7.07382734e-08  0.00000000e+00  7.07382734e-08 -5.87441320e-05 
 7.08800163e-08  3.08772818e+00  7.08800163e-08  3.36929365e+00  7.08800163e-08  0.00000000e+00  7.08800163e-08 -2.62324479e-05 
 7.10460742e-08  3.22572855e+00  7.10460742e-08  3.33024358e+00  7.10460742e-08  0.00000000e+00  7.10460742e-08 -1.24702273e-05 
 7.12415740e-08  3.27999813e+00  7.12415740e-08  3.31023361e+00  7.12415740e-08  0.00000000e+00  7.12415740e-08 -5.07316660e-07 
 7.15730215e-08  3.29972713e+00  7.15730215e-08  3.30069181e+00  7.15730215e-08  0.00000000e+00  7.15730215e-08 -3.70475385e-06 
 7.20366335e-08  3.30001604e+00  7.20366335e-08  3.29987649e+00  7.20366335e-08  0.00000000e+00  7.20366335e-08  2.29474634e-06 
 7.25366335e-08  3.30000432e+00  7.25366335e-08  3.30003853e+00  7.25366335e-08  0.00000000e+00  7.25366335e-08 -3.29145612e-06 
 7.30366335e-08  3.29999884e+00  7.30366335e-08  3.29998708e+00  7.30366335e-08  0.00000000e+00  7.30366335e-08  2.63184426e-06 
 7.35366335e-08  3.30000146e+00  7.35366335e-08  3.30000832e+00  7.35366335e-08  0.00000000e+00  7.35366335e-08 -3.17336989e-06 
 7.40366335e-08  3.29999998e+00  7.40366335e-08  3.29999596e+00  7.40366335e-08  0.00000000e+00  7.40366335e-08  2.75874067e-06 
 7.45366335e-08  3.30000046e+00  7.45366335e-08  3.30000368e+00  7.45366335e-08  0.00000000e+00  7.45366335e-08 -3.11975745e-06 
 7.50366335e-08  3.30000009e+00  7.50366335e-08  3.29999816e+00  7.50366335e-08  0.00000000e+00  7.50366335e-08  2.82304933e-06 
 7.55366335e-08  3.30000022e+00  7.55366335e-08  3.30000186e+00  7.55366335e-08  0.00000000e+00  7.55366335e-08 -3.08897987e-06 
 7.60366335e-08  3.30000008e+00  7.60366335e-08  3.29999911e+00  7.60366335e-08  0.00000000e+00  7.60366335e-08  2.85967783e-06 
 7.65366335e-08  3.30000012e+00  7.65366335e-08  3.30000101e+00  7.65366335e-08  0.00000000e+00  7.65366335e-08 -3.06877490e-06 
 7.70366335e-08  3.30000006e+00  7.70366335e-08  3.29999957e+00  7.70366335e-08  0.00000000e+00  7.70366335e-08  2.88288116e-06 
 7.75366335e-08  3.30000008e+00  7.75366335e-08  3.30000056e+00  7.75366335e-08  0.00000000e+00  7.75366335e-08 -3.05433049e-06 
 7.80366335e-08  3.30000004e+00  7.80366335e-08  3.29999981e+00  7.80366335e-08  0.00000000e+00  7.80366335e-08  2.89860739e-06 
 7.85366335e-08  3.30000005e+00  7.85366335e-08  3.30000032e+00  7.85366335e-08  0.00000000e+00  7.85366335e-08 -3.04346292e-06 
 7.90366335e-08  3.30000003e+00  7.90366335e-08  3.29999993e+00  7.90366335e-08  0.00000000e+00  7.90366335e-08  2.90985799e-06 
 7.95366335e-08  3.30000003e+00  7.95366335e-08  3.30000019e+00  7.95366335e-08  0.00000000e+00  7.95366335e-08 -3.03501027e-06 
 8.00366335e-08  3.30000002e+00  8.00366335e-08  3.29999998e+00  8.00366335e-08  0.00000000e+00  8.00366335e-08  2.91826850e-06 
 8.05366335e-08  3.30000002e+00  8.05366335e-08  3.30000012e+00  8.05366335e-08  0.00000000e+00  8.05366335e-08 -3.02827640e-06 
 8.10366335e-08  3.30000002e+00  8.10366335e-08  3.30000001e+00  8.10366335e-08  0.00000000e+00  8.10366335e-08  2.92478493e-06 
 8.15366335e-08  3.30000001e+00  8.15366335e-08  3.30000008e+00  8.15366335e-08  0.00000000e+00  8.15366335e-08 -3.02280923e-06 
 8.20366335e-08  3.30000001e+00  8.20366335e-08  3.30000002e+00  8.20366335e-08  0.00000000e+00  8.20366335e-08  2.92998228e-06 
 8.25366335e-08  3.30000001e+00  8.25366335e-08  3.30000005e+00  8.25366335e-08  0.00000000e+00  8.25366335e-08 -3.01829917e-06 
 8.30366335e-08  3.30000001e+00  8.30366335e-08  3.30000002e+00  8.30366335e-08  0.00000000e+00  8.30366335e-08  2.93422602e-06 
 8.35366335e-08  3.30000001e+00  8.35366335e-08  3.30000004e+00  8.35366335e-08  0.00000000e+00  8.35366335e-08 -3.01452662e-06 
 8.40366335e-08  3.30000000e+00  8.40366335e-08  3.30000002e+00  8.40366335e-08  0.00000000e+00  8.40366335e-08  2.93775808e-06 
 8.45366335e-08  3.30000000e+00  8.45366335e-08  3.30000003e+00  8.45366335e-08  0.00000000e+00  8.45366335e-08 -3.01133192e-06 
 8.50366335e-08  3.30000000e+00  8.50366335e-08  3.30000002e+00  8.50366335e-08  0.00000000e+00  8.50366335e-08  2.94074445e-06 
 8.55366335e-08  3.30000000e+00  8.55366335e-08  3.30000002e+00  8.55366335e-08  0.00000000e+00  8.55366335e-08 -3.00859664e-06 
 8.60366335e-08  3.30000000e+00  8.60366335e-08  3.30000001e+00  8.60366335e-08  0.00000000e+00  8.60366335e-08  2.94330283e-06 
 8.65366335e-08  3.30000000e+00  8.65366335e-08  3.30000001e+00  8.65366335e-08  0.00000000e+00  8.65366335e-08 -3.00623147e-06 
 8.70366335e-08  3.30000000e+00  8.70366335e-08  3.30000001e+00  8.70366335e-08  0.00000000e+00  8.70366335e-08  2.94551890e-06 
 8.75366335e-08  3.30000000e+00  8.75366335e-08  3.30000001e+00  8.75366335e-08  0.00000000e+00  8.75366335e-08 -3.00416812e-06 
 8.80366335e-08  3.30000000e+00  8.80366335e-08  3.30000001e+00  8.80366335e-08  0.00000000e+00  8.80366335e-08  2.94745680e-06 
 8.85366335e-08  3.30000000e+00  8.85366335e-08  3.30000001e+00  8.85366335e-08  0.00000000e+00  8.85366335e-08 -3.00235366e-06 
 8.90366335e-08  3.30000000e+00  8.90366335e-08  3.30000001e+00  8.90366335e-08  0.00000000e+00  8.90366335e-08  2.94916549e-06 
 8.95366335e-08  3.30000000e+00  8.95366335e-08  3.30000000e+00  8.95366335e-08  0.00000000e+00  8.95366335e-08 -3.00074657e-06 
 9.00366335e-08  3.29999999e+00  9.00366335e-08  3.30000000e+00  9.00366335e-08  0.00000000e+00  9.00366335e-08  2.95068301e-06 
 9.05366335e-08  3.29999999e+00  9.05366335e-08  3.30000000e+00  9.05366335e-08  0.00000000e+00  9.05366335e-08 -2.99931390e-06 
 9.10366335e-08  3.29999999e+00  9.10366335e-08  3.30000000e+00  9.10366335e-08  0.00000000e+00  9.10366335e-08  2.95203942e-06 
 9.15366335e-08  3.29999999e+00  9.15366335e-08  3.30000000e+00  9.15366335e-08  0.00000000e+00  9.15366335e-08 -2.99802919e-06 
 9.20366335e-08  3.29999999e+00  9.20366335e-08  3.30000000e+00  9.20366335e-08  0.00000000e+00  9.20366335e-08  2.95325880e-06 
 9.25366335e-08  3.29999999e+00  9.25366335e-08  3.30000000e+00  9.25366335e-08  0.00000000e+00  9.25366335e-08 -2.99687102e-06 
 9.30366335e-08  3.29999999e+00  9.30366335e-08  3.30000000e+00  9.30366335e-08  0.00000000e+00  9.30366335e-08  2.95436068e-06 
 9.35366335e-08  3.29999999e+00  9.35366335e-08  3.30000000e+00  9.35366335e-08  0.00000000e+00  9.35366335e-08 -2.99582184e-06 
 9.40366335e-08  3.29999999e+00  9.40366335e-08  3.30000000e+00  9.40366335e-08  0.00000000e+00  9.40366335e-08  2.95536104e-06 
 9.45366335e-08  3.29999999e+00  9.45366335e-08  3.30000000e+00  9.45366335e-08  0.00000000e+00  9.45366335e-08 -2.99486718e-06 
 9.50366335e-08  3.29999999e+00  9.50366335e-08  3.30000000e+00  9.50366335e-08  0.00000000e+00  9.50366335e-08  2.95627314e-06 
 9.55366335e-08  3.29999999e+00  9.55366335e-08  3.30000000e+00  9.55366335e-08  0.00000000e+00  9.55366335e-08 -2.99399500e-06 
 9.60366335e-08  3.29999999e+00  9.60366335e-08  3.30000000e+00  9.60366335e-08  0.00000000e+00  9.60366335e-08  2.95710800e-06 
 9.65366335e-08  3.29999999e+00  9.65366335e-08  3.30000000e+00  9.65366335e-08  0.00000000e+00  9.65366335e-08 -2.99319519e-06 
 9.70366335e-08  3.29999999e+00  9.70366335e-08  3.30000000e+00  9.70366335e-08  0.00000000e+00  9.70366335e-08  2.95787492e-06 
 9.75366335e-08  3.29999999e+00  9.75366335e-08  3.30000000e+00  9.75366335e-08  0.00000000e+00  9.75366335e-08 -2.99245923e-06 
 9.80366335e-08  3.29999999e+00  9.80366335e-08  3.30000000e+00  9.80366335e-08  0.00000000e+00  9.80366335e-08  2.95858177e-06 
 9.85366335e-08  3.29999999e+00  9.85366335e-08  3.29999999e+00  9.85366335e-08  0.00000000e+00  9.85366335e-08 -2.99177985e-06 
 9.90366335e-08  3.29999999e+00  9.90366335e-08  3.29999999e+00  9.90366335e-08  0.00000000e+00  9.90366335e-08  2.95923524e-06 
 9.95366335e-08  3.29999999e+00  9.95366335e-08  3.29999999e+00  9.95366335e-08  0.00000000e+00  9.95366335e-08 -2.99115085e-06 
 1.00000000e-07  3.29999999e+00  1.00000000e-07  3.29999999e+00  1.00000000e-07  0.00000000e+00  1.00000000e-07  2.95981967e-06 
 1.00050000e-07  3.29999999e+00  1.00050000e-07  3.29999999e+00  1.00050000e-07  0.00000000e+00  1.00050000e-07 -1.54986188e-08 
 1.00150000e-07  3.29999999e+00  1.00150000e-07  3.29999999e+00  1.00150000e-07  0.00000000e+00  1.00150000e-07 -1.54403422e-08 
 1.00350000e-07  3.29999999e+00  1.00350000e-07  3.29999999e+00  1.00350000e-07  0.00000000e+00  1.00350000e-07 -1.53254620e-08 
 1.00750000e-07  3.29999999e+00  1.00750000e-07  3.29999999e+00  1.00750000e-07  0.00000000e+00  1.00750000e-07 -1.51003843e-08 
 1.01250000e-07  3.29999999e+00  1.01250000e-07  3.29999999e+00  1.01250000e-07  0.00000000e+00  1.01250000e-07 -1.48280510e-08 
 1.01750000e-07  3.29999999e+00  1.01750000e-07  3.29999999e+00  1.01750000e-07  0.00000000e+00  1.01750000e-07 -1.45649689e-08 
 1.02250000e-07  3.29999999e+00  1.02250000e-07  3.29999999e+00  1.02250000e-07  0.00000000e+00  1.02250000e-07 -1.43109090e-08 
 1.02750000e-07  3.29999999e+00  1.02750000e-07  3.29999999e+00  1.02750000e-07  0.00000000e+00  1.02750000e-07 -1.40651953e-08 
 1.03250000e-07  3.29999999e+00  1.03250000e-07  3.29999999e+00  1.03250000e-07  0.00000000e+00  1.03250000e-07 -1.38276526e-08 
 1.03750000e-07  3.29999999e+00  1.03750000e-07  3.29999999e+00  1.03750000e-07  0.00000000e+00  1.03750000e-07 -1.35976623e-08 
 1.04250000e-07  3.29999999e+00  1.04250000e-07  3.29999999e+00  1.04250000e-07  0.00000000e+00  1.04250000e-07 -1.33750965e-08 
 1.04750000e-07  3.29999999e+00  1.04750000e-07  3.29999999e+00  1.04750000e-07  0.00000000e+00  1.04750000e-07 -1.31593846e-08 
 1.05250000e-07  3.29999999e+00  1.05250000e-07  3.29999999e+00  1.05250000e-07  0.00000000e+00  1.05250000e-07 -1.29504398e-08 
 1.05750000e-07  3.29999999e+00  1.05750000e-07  3.29999999e+00  1.05750000e-07  0.00000000e+00  1.05750000e-07 -1.27477319e-08 
 1.06250000e-07  3.29999999e+00  1.06250000e-07  3.29999999e+00  1.06250000e-07  0.00000000e+00  1.06250000e-07 -1.25512098e-08 
 1.06750000e-07  3.29999999e+00  1.06750000e-07  3.29999999e+00  1.06750000e-07  0.00000000e+00  1.06750000e-07 -1.23603777e-08 
 1.07250000e-07  3.29999999e+00  1.07250000e-07  3.29999999e+00  1.07250000e-07  0.00000000e+00  1.07250000e-07 -1.21752156e-08 
 1.07750000e-07  3.29999999e+00  1.07750000e-07  3.29999999e+00  1.07750000e-07  0.00000000e+00  1.07750000e-07 -1.19952571e-08 
 1.08250000e-07  3.29999999e+00  1.08250000e-07  3.29999999e+00  1.08250000e-07  0.00000000e+00  1.08250000e-07 -1.18205092e-08 
 1.08750000e-07  3.29999999e+00  1.08750000e-07  3.29999999e+00  1.08750000e-07  0.00000000e+00  1.08750000e-07 -1.16505310e-08 
 1.09250000e-07  3.29999999e+00  1.09250000e-07  3.29999999e+00  1.09250000e-07  0.00000000e+00  1.09250000e-07 -1.14853531e-08 
 1.09750000e-07  3.29999999e+00  1.09750000e-07  3.29999999e+00  1.09750000e-07  0.00000000e+00  1.09750000e-07 -1.13245565e-08 
 1.10250000e-07  3.29999999e+00  1.10250000e-07  3.29999999e+00  1.10250000e-07  0.00000000e+00  1.10250000e-07 -1.11681924e-08 
 1.10750000e-07  3.29999999e+00  1.10750000e-07  3.29999999e+00  1.10750000e-07  0.00000000e+00  1.10750000e-07 -1.10158612e-08 
 1.11250000e-07  3.29999999e+00  1.11250000e-07  3.29999999e+00  1.11250000e-07  0.00000000e+00  1.11250000e-07 -1.08676320e-08 
 1.11750000e-07  3.29999999e+00  1.11750000e-07  3.29999999e+00  1.11750000e-07  0.00000000e+00  1.11750000e-07 -1.07231219e-08 
 1.12250000e-07  3.29999999e+00  1.12250000e-07  3.29999999e+00  1.12250000e-07  0.00000000e+00  1.12250000e-07 -1.05824161e-08 
 1.12750000e-07  3.29999999e+00  1.12750000e-07  3.29999999e+00  1.12750000e-07  0.00000000e+00  1.12750000e-07 -1.04451464e-08 
 1.13250000e-07  3.29999999e+00  1.13250000e-07  3.29999999e+00  1.13250000e-07  0.00000000e+00  1.13250000e-07 -1.03114118e-08 
 1.13750000e-07  3.29999999e+00  1.13750000e-07  3.29999999e+00  1.13750000e-07  0.00000000e+00  1.13750000e-07 -1.01808574e-08 
 1.14250000e-07  3.29999999e+00  1.14250000e-07  3.29999999e+00  1.14250000e-07  0.00000000e+00  1.14250000e-07 -1.00535944e-08 
 1.14750000e-07  3.29999999e+00  1.14750000e-07  3.29999999e+00  1.14750000e-07  0.00000000e+00  1.14750000e-07 -9.92927943e-09 
 1.15250000e-07  3.29999999e+00  1.15250000e-07  3.29999999e+00  1.15250000e-07  0.00000000e+00  1.15250000e-07 -9.80803461e-09 
 1.15750000e-07  3.29999999e+00  1.15750000e-07  3.29999999e+00  1.15750000e-07  0.00000000e+00  1.15750000e-07 -9.68952684e-09 
 1.16250000e-07  3.29999999e+00  1.16250000e-07  3.29999999e+00  1.16250000e-07  0.00000000e+00  1.16250000e-07 -9.57388794e-09 
 1.16750000e-07  3.29999999e+00  1.16750000e-07  3.29999999e+00  1.16750000e-07  0.00000000e+00  1.16750000e-07 -9.46079393e-09 
 1.17250000e-07  3.29999999e+00  1.17250000e-07  3.29999999e+00  1.17250000e-07  0.00000000e+00  1.17250000e-07 -9.35038526e-09 
 1.17750000e-07  3.29999999e+00  1.17750000e-07  3.29999999e+00  1.17750000e-07  0.00000000e+00  1.17750000e-07 -9.24234609e-09 
 1.18250000e-07  3.29999999e+00  1.18250000e-07  3.29999999e+00  1.18250000e-07  0.00000000e+00  1.18250000e-07 -9.13682458e-09 
 1.18750000e-07  3.29999999e+00  1.18750000e-07  3.29999999e+00  1.18750000e-07  0.00000000e+00  1.18750000e-07 -9.03351218e-09 
 1.19250000e-07  3.29999999e+00  1.19250000e-07  3.29999999e+00  1.19250000e-07  0.00000000e+00  1.19250000e-07 -8.93256394e-09 
 1.19750000e-07  3.29999999e+00  1.19750000e-07  3.29999999e+00  1.19750000e-07  0.00000000e+00  1.19750000e-07 -8.83367784e-09 
 1.20000000e-07  3.29999999e+00  1.20000000e-07  3.29999999e+00  1.20000000e-07  0.00000000e+00  1.20000000e-07 -8.78512082e-09 
 1.20010000e-07  3.32226122e+00  1.20010000e-07  3.32224983e+00  1.20010000e-07  3.30000000e-01  1.20010000e-07  4.12712353e-04 
 1.20030000e-07  3.36413188e+00  1.20030000e-07  3.36410515e+00  1.20030000e-07  9.90000000e-01  1.20030000e-07  4.61722967e-04 
 1.20070000e-07  3.44565690e+00  1.20070000e-07  3.44575672e+00  1.20070000e-07  2.31000000e+00  1.20070000e-07  4.58369473e-04 
 1.20100000e-07  3.48393262e+00  1.20100000e-07  3.48347494e+00  1.20100000e-07  3.30000000e+00  1.20100000e-07  2.92660770e-04 
 1.20104131e-07  3.48314181e+00  1.20104131e-07  3.48258144e+00  1.20104131e-07  3.30000000e+00  1.20104131e-07 -1.07161447e-05 
 1.20112394e-07  3.48076943e+00  1.20112394e-07  3.47990851e+00  1.20112394e-07  3.30000000e+00  1.20112394e-07 -3.83965840e-05 
 1.20128918e-07  3.47083513e+00  1.20128918e-07  3.46892168e+00  1.20128918e-07  3.30000000e+00  1.20128918e-07 -5.26138726e-05 
 1.20161968e-07  3.44290995e+00  1.20161968e-07  3.43933404e+00  1.20161968e-07  3.30000000e+00  1.20161968e-07 -7.08991105e-05 
 1.20212263e-07  3.28162238e+00  1.20212263e-07  3.28825872e+00  1.20212263e-07  3.30000000e+00  1.20212263e-07 -9.37871772e-05 
 1.20263793e-07  2.99001036e+00  1.20263793e-07  3.04437574e+00  1.20263793e-07  3.30000000e+00  1.20263793e-07 -1.28990875e-04 
 1.20331285e-07  2.59288272e+00  1.20331285e-07  2.67207819e+00  1.20331285e-07  3.30000000e+00  1.20331285e-07 -9.81543158e-05 
 1.20411745e-07  2.16448263e+00  1.20411745e-07  2.28099382e+00  1.20411745e-07  3.30000000e+00  1.20411745e-07 -1.68065739e-04 
 1.20533299e-07  1.65715241e+00  1.20533299e-07  1.99359680e+00  1.20533299e-07  3.30000000e+00  1.20533299e-07 -2.19089641e-04 
 1.20663224e-07  1.13787160e+00  1.20663224e-07  2.28365268e+00  1.20663224e-07  3.30000000e+00  1.20663224e-07 -3.28439395e-04 
 1.20778533e-07  7.69365204e-01  1.20778533e-07  2.75714919e+00  1.20778533e-07  3.30000000e+00  1.20778533e-07 -2.34103649e-04 
 1.20898655e-07  4.85351841e-01  1.20898655e-07  3.08984908e+00  1.20898655e-07  3.30000000e+00  1.20898655e-07 -1.67962308e-04 
 1.21026127e-07  2.53170338e-01  1.21026127e-07  3.22110110e+00  1.21026127e-07  3.30000000e+00  1.21026127e-07 -4.15886799e-05 
 1.21209510e-07  8.79084131e-02  1.21209510e-07  3.27732262e+00  1.21209510e-07  3.30000000e+00  1.21209510e-07 -4.56839525e-05 
 1.21457847e-07  1.31104353e-02  1.21457847e-07  3.29546898e+00  1.21457847e-07  3.30000000e+00  1.21457847e-07  1.98485698e-05 
 1.21703234e-07  3.68150278e-03  1.21703234e-07  3.29953647e+00  1.21703234e-07  3.30000000e+00  1.21703234e-07 -2.42769829e-05 
 1.22070854e-07 -1.25555540e-03  1.22070854e-07  3.29988146e+00  1.22070854e-07  3.30000000e+00  1.22070854e-07  2.35715104e-05 
 1.22518336e-07  1.07416547e-03  1.22518336e-07  3.30010804e+00  1.22518336e-07  3.30000000e+00  1.22518336e-07 -2.34748161e-05 
 1.23018336e-07 -9.88730434e-04  1.23018336e-07  3.29991069e+00  1.23018336e-07  3.30000000e+00  1.23018336e-07  2.34075129e-05 
 1.23518336e-07  9.29719470e-04  1.23518336e-07  3.30007350e+00  1.23518336e-07  3.30000000e+00  1.23518336e-07 -2.33448255e-05 
 1.24018336e-07 -8.69791378e-04  1.24018336e-07  3.29993783e+00  1.24018336e-07  3.30000000e+00  1.24018336e-07  2.32841566e-05 
 1.24518336e-07  8.22038001e-04  1.24518336e-07  3.30005294e+00  1.24518336e-07  3.30000000e+00  1.24518336e-07 -2.32267034e-05 
 1.25018336e-07 -7.71493897e-04  1.25018336e-07  3.29995378e+00  1.25018336e-07  3.30000000e+00  1.25018336e-07  2.31715466e-05 
 1.25518336e-07  7.30104048e-04  1.25518336e-07  3.30004027e+00  1.25518336e-07  3.30000000e+00  1.25518336e-07 -2.31197430e-05 
 1.26018336e-07 -6.86382752e-04  1.26018336e-07  3.29996424e+00  1.26018336e-07  3.30000000e+00  1.26018336e-07  2.30703313e-05 
 1.26518336e-07  6.50074747e-04  1.26518336e-07  3.30003147e+00  1.26518336e-07  3.30000000e+00  1.26518336e-07 -2.30241020e-05 
 1.27018336e-07 -6.11948621e-04  1.27018336e-07  3.29997185e+00  1.27018336e-07  3.30000000e+00  1.27018336e-07  2.29801083e-05 
 1.27518336e-07  5.79884574e-04  1.27518336e-07  3.30002483e+00  1.27518336e-07  3.30000000e+00  1.27518336e-07 -2.29390074e-05 
 1.28018336e-07 -5.46518700e-04  1.28018336e-07  3.29997776e+00  1.28018336e-07  3.30000000e+00  1.28018336e-07  2.28999111e-05 
 1.28518336e-07  5.18006829e-04  1.28518336e-07  3.30001957e+00  1.28518336e-07  3.30000000e+00  1.28518336e-07 -2.28634080e-05 
 1.29018336e-07 -4.88798647e-04  1.29018336e-07  3.29998250e+00  1.29018336e-07  3.30000000e+00  1.29018336e-07  2.28286747e-05 
 1.29518336e-07  4.63429740e-04  1.29518336e-07  3.30001531e+00  1.29518336e-07  3.30000000e+00  1.29518336e-07 -2.27962354e-05 
 1.30018336e-07 -4.37716354e-04  1.30018336e-07  3.29998637e+00  1.30018336e-07  3.30000000e+00  1.30018336e-07  2.27653558e-05 
 1.30518336e-07  4.15124592e-04  1.30518336e-07  3.30001182e+00  1.30518336e-07  3.30000000e+00  1.30518336e-07 -2.27365110e-05 
 1.31018336e-07 -3.92460867e-04  1.31018336e-07  3.29998955e+00  1.31018336e-07  3.30000000e+00  1.31018336e-07  2.27090315e-05 
 1.31518336e-07  3.72305907e-04  1.31518336e-07  3.30000895e+00  1.31518336e-07  3.30000000e+00  1.31518336e-07 -2.26833564e-05 
 1.32018336e-07 -3.52306900e-04  1.32018336e-07  3.29999217e+00  1.32018336e-07  3.30000000e+00  1.32018336e-07  2.26588749e-05 
 1.32518336e-07  3.34294493e-04  1.32518336e-07  3.30000659e+00  1.32518336e-07  3.30000000e+00  1.32518336e-07 -2.26359955e-05 
 1.33018336e-07 -3.16630069e-04  1.33018336e-07  3.29999432e+00  1.33018336e-07  3.30000000e+00  1.33018336e-07  2.26141590e-05 
 1.33518336e-07  3.00504708e-04  1.33518336e-07  3.30000465e+00  1.33518336e-07  3.30000000e+00  1.33518336e-07 -2.25937468e-05 
 1.34018336e-07 -2.84887976e-04  1.34018336e-07  3.29999608e+00  1.34018336e-07  3.30000000e+00  1.34018336e-07  2.25742459e-05 
 1.34518336e-07  2.70418878e-04  1.34518336e-07  3.30000307e+00  1.34518336e-07  3.30000000e+00  1.34518336e-07 -2.25560148e-05 
 1.35018336e-07 -2.56618639e-04  1.35018336e-07  3.29999752e+00  1.35018336e-07  3.30000000e+00  1.35018336e-07  2.25385784e-05 
 1.35518336e-07  2.43613794e-04  1.35518336e-07  3.30000179e+00  1.35518336e-07  3.30000000e+00  1.35518336e-07 -2.25222740e-05 
 1.36018336e-07 -2.31393212e-04  1.36018336e-07  3.29999868e+00  1.36018336e-07  3.30000000e+00  1.36018336e-07  2.25066650e-05 
 1.36518336e-07  2.19693858e-04  1.36518336e-07  3.30000074e+00  1.36518336e-07  3.30000000e+00  1.36518336e-07 -2.24920692e-05 
 1.37018336e-07 -2.08863069e-04  1.37018336e-07  3.29999961e+00  1.37018336e-07  3.30000000e+00  1.37018336e-07  2.24780760e-05 
 1.37518336e-07  1.98317314e-04  1.37518336e-07  3.29999993e+00  1.37518336e-07  3.30000000e+00  1.37518336e-07 -2.24649941e-05 
 1.38018336e-07 -1.88723388e-04  1.38018336e-07  3.30000035e+00  1.38018336e-07  3.30000000e+00  1.38018336e-07  2.24524410e-05 
 1.38518336e-07  1.79197438e-04  1.38518336e-07  3.29999927e+00  1.38518336e-07  3.30000000e+00  1.38518336e-07 -2.24407020e-05 
 1.39018336e-07 -1.70692894e-04  1.39018336e-07  3.30000094e+00  1.39018336e-07  3.30000000e+00  1.39018336e-07  2.24294243e-05 
 1.39518336e-07  1.62071129e-04  1.39518336e-07  3.29999876e+00  1.39518336e-07  3.30000000e+00  1.39518336e-07 -2.24188778e-05 
 1.40018336e-07 -1.54531879e-04  1.40018336e-07  3.30000139e+00  1.40018336e-07  3.30000000e+00  1.40018336e-07  2.24087347e-05 
 1.40518336e-07  1.46715037e-04  1.40518336e-07  3.29999838e+00  1.40518336e-07  3.30000000e+00  1.40518336e-07 -2.23992509e-05 
 1.41018336e-07 -1.40030824e-04  1.41018336e-07  3.30000173e+00  1.41018336e-07  3.30000000e+00  1.41018336e-07  2.23901174e-05 
 1.41518336e-07  1.32929105e-04  1.41518336e-07  3.29999809e+00  1.41518336e-07  3.30000000e+00  1.41518336e-07 -2.23815802e-05 
 1.42018336e-07 -1.27004226e-04  1.42018336e-07  3.30000198e+00  1.42018336e-07  3.30000000e+00  1.42018336e-07  2.23733468e-05 
 1.42518336e-07  1.20538713e-04  1.42518336e-07  3.29999788e+00  1.42518336e-07  3.30000000e+00  1.42518336e-07 -2.23656538e-05 
 1.43018336e-07 -1.15289122e-04  1.43018336e-07  3.30000216e+00  1.43018336e-07  3.30000000e+00  1.43018336e-07  2.23582237e-05 
 1.43518336e-07  1.09390232e-04  1.43518336e-07  3.29999774e+00  1.43518336e-07  3.30000000e+00  1.43518336e-07 -2.23512846e-05 
 1.44018336e-07 -1.04741998e-04  1.44018336e-07  3.30000227e+00  1.44018336e-07  3.30000000e+00  1.44018336e-07  2.23445723e-05 
 1.44518336e-07  9.93483143e-05  1.44518336e-07  3.29999765e+00  1.44518336e-07  3.30000000e+00  1.44518336e-07 -2.23383073e-05 
 1.45018336e-07 -9.52363137e-05  1.45018336e-07  3.30000234e+00  1.45018336e-07  3.30000000e+00  1.45018336e-07  2.23322372e-05 
 1.45518336e-07  9.02935753e-05  1.45518336e-07  3.29999761e+00  1.45518336e-07  3.30000000e+00  1.45518336e-07 -2.23265756e-05 
 1.46018336e-07 -8.66603650e-05  1.46018336e-07  3.30000236e+00  1.46018336e-07  3.30000000e+00  1.46018336e-07  2.23210808e-05 
 1.46518336e-07  8.21205870e-05  1.46518336e-07  3.29999760e+00  1.46518336e-07  3.30000000e+00  1.46518336e-07 -2.23159600e-05 
 1.47018336e-07 -7.89154311e-05  1.47018336e-07  3.30000236e+00  1.47018336e-07  3.30000000e+00  1.47018336e-07  2.23109810e-05 
 1.47518336e-07  7.47361340e-05  1.47518336e-07  3.29999762e+00  1.47518336e-07  3.30000000e+00  1.47518336e-07 -2.23063454e-05 
 1.48018336e-07 -7.19141599e-05  1.48018336e-07  3.30000233e+00  1.48018336e-07  3.30000000e+00  1.48018336e-07  2.23018296e-05 
 1.48518336e-07  6.80576989e-05  1.48518336e-07  3.29999767e+00  1.48518336e-07  3.30000000e+00  1.48518336e-07 -2.22976298e-05 
 1.49018336e-07 -6.55791660e-05  1.49018336e-07  3.30000228e+00  1.49018336e-07  3.30000000e+00  1.49018336e-07  2.22935303e-05 
 1.49518336e-07  6.20121450e-05  1.49518336e-07  3.29999773e+00  1.49518336e-07  3.30000000e+00  1.49518336e-07 -2.22897225e-05 
 1.50018336e-07 -5.98418101e-05  1.50018336e-07  3.30000221e+00  1.50018336e-07  3.30000000e+00  1.50018336e-07  2.22859976e-05 
 1.50518336e-07  5.65345702e-05  1.50518336e-07  3.29999780e+00  1.50518336e-07  3.30000000e+00  1.50518336e-07 -2.22825427e-05 
 1.51018336e-07 -5.46411365e-05  1.51018336e-07  3.30000213e+00  1.51018336e-07  3.30000000e+00  1.51018336e-07  2.22791552e-05 
 1.51518336e-07  5.15673083e-05  1.51518336e-07  3.29999788e+00  1.51518336e-07  3.30000000e+00  1.51518336e-07 -2.22760183e-05 
 1.52018336e-07 -4.99229466e-05  1.52018336e-07  3.30000205e+00  1.52018336e-07  3.30000000e+00  1.52018336e-07  2.22729351e-05 
 1.52518336e-07  4.70590596e-05  1.52518336e-07  3.29999797e+00  1.52518336e-07  3.30000000e+00  1.52518336e-07 -2.22700850e-05 
 1.53018336e-07 -4.56389910e-05  1.53018336e-07  3.30000196e+00  1.53018336e-07  3.30000000e+00  1.53018336e-07  2.22672765e-05 
 1.53518336e-07  4.29641311e-05  1.53518336e-07  3.29999806e+00  1.53518336e-07  3.30000000e+00  1.53518336e-07 -2.22646855e-05 
 1.54018336e-07 -4.17462641e-05  1.54018336e-07  3.30000187e+00  1.54018336e-07  3.30000000e+00  1.54018336e-07  2.22621251e-05 
 1.54518336e-07  3.92417743e-05  1.54518336e-07  3.29999816e+00  1.54518336e-07  3.30000000e+00  1.54518336e-07 -2.22597683e-05 
 1.55018336e-07 -3.82063872e-05  1.55018336e-07  3.30000177e+00  1.55018336e-07  3.30000000e+00  1.55018336e-07  2.22574324e-05 
 1.55518336e-07  3.58556052e-05  1.55518336e-07  3.29999825e+00  1.55518336e-07  3.30000000e+00  1.55518336e-07 -2.22552875e-05 
 1.56018336e-07 -3.49850699e-05  1.56018336e-07  3.30000168e+00  1.56018336e-07  3.30000000e+00  1.56018336e-07  2.22531547e-05 
 1.56518336e-07  3.27730978e-05  1.56518336e-07  3.29999835e+00  1.56518336e-07  3.30000000e+00  1.56518336e-07 -2.22512018e-05 
 1.57018336e-07 -3.20516374e-05  1.57018336e-07  3.30000159e+00  1.57018336e-07  3.30000000e+00  1.57018336e-07  2.22492531e-05 
 1.57518336e-07  2.99651400e-05  1.57518336e-07  3.29999844e+00  1.57518336e-07  3.30000000e+00  1.57518336e-07 -2.22474741e-05 
 1.58018336e-07 -2.93786171e-05  1.58018336e-07  3.30000150e+00  1.58018336e-07  3.30000000e+00  1.58018336e-07  2.22456923e-05 
 1.58518336e-07  2.74056447e-05  1.58518336e-07  3.29999853e+00  1.58518336e-07  3.30000000e+00  1.58518336e-07 -2.22440711e-05 
 1.59018336e-07 -2.69413754e-05  1.59018336e-07  3.30000141e+00  1.59018336e-07  3.30000000e+00  1.59018336e-07  2.22424409e-05 
 1.59518336e-07  2.50712079e-05  1.59518336e-07  3.29999862e+00  1.59518336e-07  3.30000000e+00  1.59518336e-07 -2.22409630e-05 
 1.60018336e-07 -2.47177993e-05  1.60018336e-07  3.30000132e+00  1.60018336e-07  3.30000000e+00  1.60018336e-07  2.22394704e-05 
 1.60518336e-07  2.29408092e-05  1.60518336e-07  3.29999871e+00  1.60518336e-07  3.30000000e+00  1.60518336e-07 -2.22381226e-05 
 1.61018336e-07 -2.26880156e-05  1.61018336e-07  3.30000124e+00  1.61018336e-07  3.30000000e+00  1.61018336e-07  2.22367552e-05 
 1.61518336e-07  2.09955472e-05  1.61518336e-07  3.29999879e+00  1.61518336e-07  3.30000000e+00  1.61518336e-07 -2.22355258e-05 
 1.62018336e-07 -2.08341446e-05  1.62018336e-07  3.30000116e+00  1.62018336e-07  3.30000000e+00  1.62018336e-07  2.22342722e-05 
 1.62518336e-07  1.92184080e-05  1.62518336e-07  3.29999887e+00  1.62518336e-07  3.30000000e+00  1.62518336e-07 -2.22331505e-05 
 1.63018336e-07 -1.91400830e-05  1.63018336e-07  3.30000108e+00  1.63018336e-07  3.30000000e+00  1.63018336e-07  2.22320005e-05 
 1.63518336e-07  1.75940597e-05  1.63518336e-07  3.29999894e+00  1.63518336e-07  3.30000000e+00  1.63518336e-07 -2.22309769e-05 
 1.64018336e-07 -1.75913115e-05  1.64018336e-07  3.30000101e+00  1.64018336e-07  3.30000000e+00  1.64018336e-07  2.22299213e-05 
 1.64518336e-07  1.61086721e-05  1.64518336e-07  3.29999901e+00  1.64518336e-07  3.30000000e+00  1.64518336e-07 -2.22289871e-05 
 1.65018336e-07 -1.61747262e-05  1.65018336e-07  3.30000094e+00  1.65018336e-07  3.30000000e+00  1.65018336e-07  2.22280176e-05 
 1.65518336e-07  1.47497567e-05  1.65518336e-07  3.29999908e+00  1.65518336e-07  3.30000000e+00  1.65518336e-07 -2.22271649e-05 
 1.66018336e-07 -1.48784885e-05  1.66018336e-07  3.30000088e+00  1.66018336e-07  3.30000000e+00  1.66018336e-07  2.22262738e-05 
 1.66518336e-07  1.35060257e-05  1.66518336e-07  3.29999914e+00  1.66518336e-07  3.30000000e+00  1.66518336e-07 -2.22254954e-05 
 1.67018336e-07 -1.36918927e-05  1.67018336e-07  3.30000082e+00  1.67018336e-07  3.30000000e+00  1.67018336e-07  2.22246759e-05 
 1.67518336e-07  1.23672667e-05  1.67518336e-07  3.29999920e+00  1.67518336e-07  3.30000000e+00  1.67518336e-07 -2.22239654e-05 
 1.68018336e-07 -1.16257845e-05  1.68018336e-07  3.30000071e+00  1.68018336e-07  3.30000000e+00  1.68018336e-07  2.22232187e-05 
 1.68518336e-07  1.31074216e-05  1.68518336e-07  3.29999908e+00  1.68518336e-07  3.30000000e+00  1.68518336e-07 -2.22227073e-05 
 1.69018336e-07 -1.00836927e-05  1.69018336e-07  3.30000052e+00  1.69018336e-07  3.30000000e+00  1.69018336e-07  2.22217264e-05 
 1.69518336e-07  1.18860434e-05  1.69518336e-07  3.29999917e+00  1.69518336e-07  3.30000000e+00  1.69518336e-07 -2.22213853e-05 
 1.70018336e-07 -9.26207736e-06  1.70018336e-07  3.30000049e+00  1.70018336e-07  3.30000000e+00  1.70018336e-07  2.22205046e-05 
 1.70100000e-07  8.91043897e-06  1.70100000e-07  3.29999932e+00  1.70100000e-07  3.30000000e+00  1.70100000e-07 -2.22176205e-05 
 1.70110000e-07 -3.04533908e-03  1.70110000e-07  3.29705679e+00  1.70110000e-07  2.97000000e+00  1.70110000e-07 -2.80555174e-04 
 1.70130000e-07 -2.18055745e-02  1.70130000e-07  3.27710668e+00  1.70130000e-07  2.31000000e+00  1.70130000e-07 -3.68323477e-04 
 1.70170000e-07 -3.00276033e-02  1.70170000e-07  3.24451662e+00  1.70170000e-07  9.90000000e-01  1.70170000e-07 -7.90727016e-04 
 1.70200000e-07  4.77629720e-02  1.70200000e-07  3.25868320e+00  1.70200000e-07  4.07229805e-13  1.70200000e-07 -1.14074826e-03 
 1.70203597e-07  6.71672582e-02  1.70203597e-07  3.26822541e+00  1.70203597e-07  0.00000000e+00  1.70203597e-07 -7.92015667e-04 
 1.70210791e-07  1.05533607e-01  1.70210791e-07  3.28593334e+00  1.70210791e-07  0.00000000e+00  1.70210791e-07 -7.78530795e-04 
 1.70225179e-07  1.79730596e-01  1.70225179e-07  3.31520640e+00  1.70225179e-07  0.00000000e+00  1.70225179e-07 -7.58861501e-04 
 1.70253956e-07  3.23034632e-01  1.70253956e-07  3.35549970e+00  1.70253956e-07  0.00000000e+00  1.70253956e-07 -7.22369170e-04 
 1.70311509e-07  6.19002405e-01  1.70311509e-07  3.40003268e+00  1.70311509e-07  0.00000000e+00  1.70311509e-07 -6.72000007e-04 
 1.70413085e-07  1.28385123e+00  1.70413085e-07  3.47062783e+00  1.70413085e-07  0.00000000e+00  1.70413085e-07 -4.78337216e-04 
 1.70507826e-07  1.93121719e+00  1.70507826e-07  3.51324589e+00  1.70507826e-07  0.00000000e+00  1.70507826e-07 -2.73960389e-04 
 1.70627687e-07  2.50042099e+00  1.70627687e-07  3.47023577e+00  1.70627687e-07  0.00000000e+00  1.70627687e-07 -1.31135904e-04 
 1.70738628e-07  2.82477494e+00  1.70738628e-07  3.42472970e+00  1.70738628e-07  0.00000000e+00  1.70738628e-07 -5.84590189e-05 
 1.70880117e-07  3.08829110e+00  1.70880117e-07  3.36913307e+00  1.70880117e-07  0.00000000e+00  1.70880117e-07 -2.61900142e-05 
 1.71047094e-07  3.22644523e+00  1.71047094e-07  3.33001545e+00  1.71047094e-07  0.00000000e+00  1.71047094e-07 -1.23622110e-05 
 1.71242279e-07  3.28013819e+00  1.71242279e-07  3.31016833e+00  1.71242279e-07  0.00000000e+00  1.71242279e-07 -4.90906733e-07 
 1.71575506e-07  3.29978393e+00  1.71575506e-07  3.30065967e+00  1.71575506e-07  0.00000000e+00  1.71575506e-07 -3.69725414e-06 
 1.72038812e-07  3.30000876e+00  1.72038812e-07  3.29987955e+00  1.72038812e-07  0.00000000e+00  1.72038812e-07  2.29832535e-06 
 1.72538812e-07  3.30000611e+00  1.72538812e-07  3.30003824e+00  1.72538812e-07  0.00000000e+00  1.72538812e-07 -3.29390172e-06 
 1.73038812e-07  3.29999844e+00  1.73038812e-07  3.29998679e+00  1.73038812e-07  0.00000000e+00  1.73038812e-07  2.63670492e-06 
 1.73538812e-07  3.30000162e+00  1.73538812e-07  3.30000846e+00  1.73538812e-07  0.00000000e+00  1.73538812e-07 -3.17778934e-06 
 1.74038812e-07  3.29999995e+00  1.74038812e-07  3.29999578e+00  1.74038812e-07  0.00000000e+00  1.74038812e-07  2.76428884e-06 
 1.74538812e-07  3.30000052e+00  1.74538812e-07  3.30000375e+00  1.74538812e-07  0.00000000e+00  1.74538812e-07 -3.12504767e-06 
 1.75038812e-07  3.30000008e+00  1.75038812e-07  3.29999807e+00  1.75038812e-07  0.00000000e+00  1.75038812e-07  2.82895911e-06 
 1.75538812e-07  3.30000025e+00  1.75538812e-07  3.30000190e+00  1.75538812e-07  0.00000000e+00  1.75538812e-07 -3.09471808e-06 
 1.76038812e-07  3.30000007e+00  1.76038812e-07  3.29999906e+00  1.76038812e-07  0.00000000e+00  1.76038812e-07  2.86579354e-06 
 1.76538812e-07  3.30000014e+00  1.76538812e-07  3.30000102e+00  1.76538812e-07  0.00000000e+00  1.76538812e-07 -3.07474821e-06 
 1.77038812e-07  3.30000006e+00  1.77038812e-07  3.29999955e+00  1.77038812e-07  0.00000000e+00  1.77038812e-07  2.88910105e-06 
 1.77538812e-07  3.30000009e+00  1.77538812e-07  3.30000057e+00  1.77538812e-07  0.00000000e+00  1.77538812e-07 -3.06043012e-06 
 1.78038812e-07  3.30000004e+00  1.78038812e-07  3.29999979e+00  1.78038812e-07  0.00000000e+00  1.78038812e-07  2.90487777e-06 
 1.78538812e-07  3.30000006e+00  1.78538812e-07  3.30000032e+00  1.78538812e-07  0.00000000e+00  1.78538812e-07 -3.04963200e-06 
 1.79038812e-07  3.30000003e+00  1.79038812e-07  3.29999992e+00  1.79038812e-07  0.00000000e+00  1.79038812e-07  2.91615120e-06 
 1.79538812e-07  3.30000004e+00  1.79538812e-07  3.30000019e+00  1.79538812e-07  0.00000000e+00  1.79538812e-07 -3.04121866e-06 
 1.80038812e-07  3.30000002e+00  1.80038812e-07  3.29999998e+00  1.80038812e-07  0.00000000e+00  1.80038812e-07  2.92457096e-06 
 1.80538812e-07  3.30000003e+00  1.80538812e-07  3.30000012e+00  1.80538812e-07  0.00000000e+00  1.80538812e-07 -3.03450786e-06 
 1.81038812e-07  3.30000002e+00  1.81038812e-07  3.30000000e+00  1.81038812e-07  0.00000000e+00  1.81038812e-07  2.93108984e-06 
 1.81538812e-07  3.30000002e+00  1.81538812e-07  3.30000007e+00  1.81538812e-07  0.00000000e+00  1.81538812e-07 -3.02905479e-06 
 1.82038812e-07  3.30000001e+00  1.82038812e-07  3.30000001e+00  1.82038812e-07  0.00000000e+00  1.82038812e-07  2.93628658e-06 
 1.82538812e-07  3.30000001e+00  1.82538812e-07  3.30000005e+00  1.82538812e-07  0.00000000e+00  1.82538812e-07 -3.02455382e-06 
 1.83038812e-07  3.30000001e+00  1.83038812e-07  3.30000002e+00  1.83038812e-07  0.00000000e+00  1.83038812e-07  2.94052844e-06 
 1.83538812e-07  3.30000001e+00  1.83538812e-07  3.30000003e+00  1.83538812e-07  0.00000000e+00  1.83538812e-07 -3.02078745e-06 
 1.84038812e-07  3.30000001e+00  1.84038812e-07  3.30000002e+00  1.84038812e-07  0.00000000e+00  1.84038812e-07  2.94405821e-06 
 1.84538812e-07  3.30000000e+00  1.84538812e-07  3.30000002e+00  1.84538812e-07  0.00000000e+00  1.84538812e-07 -3.01759718e-06 
 1.85038812e-07  3.30000000e+00  1.85038812e-07  3.30000001e+00  1.85038812e-07  0.00000000e+00  1.85038812e-07  2.94704227e-06 
 1.85538812e-07  3.30000000e+00  1.85538812e-07  3.30000002e+00  1.85538812e-07  0.00000000e+00  1.85538812e-07 -3.01486522e-06 
 1.86038812e-07  3.30000000e+00  1.86038812e-07  3.30000001e+00  1.86038812e-07  0.00000000e+00  1.86038812e-07  2.94959850e-06 
 1.86538812e-07  3.30000000e+00  1.86538812e-07  3.30000001e+00  1.86538812e-07  0.00000000e+00  1.86538812e-07 -3.01250267e-06 
 1.87038812e-07  3.30000000e+00  1.87038812e-07  3.30000001e+00  1.87038812e-07  0.00000000e+00  1.87038812e-07  2.95181264e-06 
 1.87538812e-07  3.30000000e+00  1.87538812e-07  3.30000001e+00  1.87538812e-07  0.00000000e+00  1.87538812e-07 -3.01044142e-06 
 1.88038812e-07  3.30000000e+00  1.88038812e-07  3.30000001e+00  1.88038812e-07  0.00000000e+00  1.88038812e-07  2.95374884e-06 
 1.88538812e-07  3.30000000e+00  1.88538812e-07  3.30000001e+00  1.88538812e-07  0.00000000e+00  1.88538812e-07 -3.00862872e-06 
 1.89038812e-07  3.30000000e+00  1.89038812e-07  3.30000000e+00  1.89038812e-07  0.00000000e+00  1.89038812e-07  2.95545602e-06 
 1.89538812e-07  3.30000000e+00  1.89538812e-07  3.30000000e+00  1.89538812e-07  0.00000000e+00  1.89538812e-07 -3.00702312e-06 
 1.90038812e-07  3.30000000e+00  1.90038812e-07  3.30000000e+00  1.90038812e-07  0.00000000e+00  1.90038812e-07  2.95697222e-06 
 1.90538812e-07  3.29999999e+00  1.90538812e-07  3.30000000e+00  1.90538812e-07  0.00000000e+00  1.90538812e-07 -3.00559173e-06 
 1.91038812e-07  3.29999999e+00  1.91038812e-07  3.30000000e+00  1.91038812e-07  0.00000000e+00  1.91038812e-07  2.95832747e-06 
 1.91538812e-07  3.29999999e+00  1.91538812e-07  3.30000000e+00  1.91538812e-07  0.00000000e+00  1.91538812e-07 -3.00430813e-06 
 1.92038812e-07  3.29999999e+00  1.92038812e-07  3.30000000e+00  1.92038812e-07  0.00000000e+00  1.92038812e-07  2.95954583e-06 
 1.92538812e-07  3.29999999e+00  1.92538812e-07  3.30000000e+00  1.92538812e-07  0.00000000e+00  1.92538812e-07 -3.00315094e-06 
 1.93038812e-07  3.29999999e+00  1.93038812e-07  3.30000000e+00  1.93038812e-07  0.00000000e+00  1.93038812e-07  2.96064680e-06 
 1.93538812e-07  3.29999999e+00  1.93538812e-07  3.30000000e+00  1.93538812e-07  0.00000000e+00  1.93538812e-07 -3.00210263e-06 
 1.94038812e-07  3.29999999e+00  1.94038812e-07  3.30000000e+00  1.94038812e-07  0.00000000e+00  1.94038812e-07  2.96164635e-06 
 1.94538812e-07  3.29999999e+00  1.94538812e-07  3.30000000e+00  1.94538812e-07  0.00000000e+00  1.94538812e-07 -3.00114874e-06 
 1.95038812e-07  3.29999999e+00  1.95038812e-07  3.30000000e+00  1.95038812e-07  0.00000000e+00  1.95038812e-07  2.96255772e-06 
 1.95538812e-07  3.29999999e+00  1.95538812e-07  3.30000000e+00  1.95538812e-07  0.00000000e+00  1.95538812e-07 -3.00027725e-06 
 1.96038812e-07  3.29999999e+00  1.96038812e-07  3.30000000e+00  1.96038812e-07  0.00000000e+00  1.96038812e-07  2.96339193e-06 
 1.96538812e-07  3.29999999e+00  1.96538812e-07  3.30000000e+00  1.96538812e-07  0.00000000e+00  1.96538812e-07 -2.99947806e-06 
 1.97038812e-07  3.29999999e+00  1.97038812e-07  3.30000000e+00  1.97038812e-07  0.00000000e+00  1.97038812e-07  2.96415827e-06 
 1.97538812e-07  3.29999999e+00  1.97538812e-07  3.30000000e+00  1.97538812e-07  0.00000000e+00  1.97538812e-07 -2.99874265e-06 
 1.98038812e-07  3.29999999e+00  1.98038812e-07  3.29999999e+00  1.98038812e-07  0.00000000e+00  1.98038812e-07  2.96486458e-06 
 1.98538812e-07  3.29999999e+00  1.98538812e-07  3.29999999e+00  1.98538812e-07  0.00000000e+00  1.98538812e-07 -2.99806378e-06 
 1.99038812e-07  3.29999999e+00  1.99038812e-07  3.29999999e+00  1.99038812e-07  0.00000000e+00  1.99038812e-07  2.96551757e-06 
 1.99538812e-07  3.29999999e+00  1.99538812e-07  3.29999999e+00  1.99538812e-07  0.00000000e+00  1.99538812e-07 -2.99743525e-06 
 2.00000000e-07  3.29999999e+00  2.00000000e-07  3.29999999e+00  2.00000000e-07  0.00000000e+00  2.00000000e-07  2.96610029e-06 
 2.00050000e-07  3.29999999e+00  2.00050000e-07  3.29999999e+00  2.00050000e-07  0.00000000e+00  2.00050000e-07 -1.55012592e-08 
 2.00150000e-07  3.29999999e+00  2.00150000e-07  3.29999999e+00  2.00150000e-07  0.00000000e+00  2.00150000e-07 -1.54430145e-08 
 2.00350000e-07  3.29999999e+00  2.00350000e-07  3.29999999e+00  2.00350000e-07  0.00000000e+00  2.00350000e-07 -1.53281995e-08 
 2.00750000e-07  3.29999999e+00  2.00750000e-07  3.29999999e+00  2.00750000e-07  0.00000000e+00  2.00750000e-07 -1.51032481e-08 
 2.01250000e-07  3.29999999e+00  2.01250000e-07  3.29999999e+00  2.01250000e-07  0.00000000e+00  2.01250000e-07 -1.48310676e-08 
 2.01750000e-07  3.29999999e+00  2.01750000e-07  3.29999999e+00  2.01750000e-07  0.00000000e+00  2.01750000e-07 -1.45681318e-08 
 2.02250000e-07  3.29999999e+00  2.02250000e-07  3.29999999e+00  2.02250000e-07  0.00000000e+00  2.02250000e-07 -1.43142130e-08 
 2.02750000e-07  3.29999999e+00  2.02750000e-07  3.29999999e+00  2.02750000e-07  0.00000000e+00  2.02750000e-07 -1.40686347e-08 
 2.03250000e-07  3.29999999e+00  2.03250000e-07  3.29999999e+00  2.03250000e-07  0.00000000e+00  2.03250000e-07 -1.38312227e-08 
 2.03750000e-07  3.29999999e+00  2.03750000e-07  3.29999999e+00  2.03750000e-07  0.00000000e+00  2.03750000e-07 -1.36013579e-08 
 2.04250000e-07  3.29999999e+00  2.04250000e-07  3.29999999e+00  2.04250000e-07  0.00000000e+00  2.04250000e-07 -1.33789135e-08 
 2.04750000e-07  3.29999999e+00  2.04750000e-07  3.29999999e+00  2.04750000e-07  0.00000000e+00  2.04750000e-07 -1.31633182e-08 
 2.05250000e-07  3.29999999e+00  2.05250000e-07  3.29999999e+00  2.05250000e-07  0.00000000e+00  2.05250000e-07 -1.29544864e-08 
 2.05750000e-07  3.29999999e+00  2.05750000e-07  3.29999999e+00  2.05750000e-07  0.00000000e+00  2.05750000e-07 -1.27518869e-08 
 2.06250000e-07  3.29999999e+00  2.06250000e-07  3.29999999e+00  2.06250000e-07  0.00000000e+00  2.06250000e-07 -1.25554702e-08 
 2.06750000e-07  3.29999999e+00  2.06750000e-07  3.29999999e+00  2.06750000e-07  0.00000000e+00  2.06750000e-07 -1.23647393e-08 
 2.07250000e-07  3.29999999e+00  2.07250000e-07  3.29999999e+00  2.07250000e-07  0.00000000e+00  2.07250000e-07 -1.21796756e-08 
 2.07750000e-07  3.29999999e+00  2.07750000e-07  3.29999999e+00  2.07750000e-07  0.00000000e+00  2.07750000e-07 -1.19998117e-08 
 2.08250000e-07  3.29999999e+00  2.08250000e-07  3.29999999e+00  2.08250000e-07  0.00000000e+00  2.08250000e-07 -1.18251559e-08 
 2.08750000e-07  3.29999999e+00  2.08750000e-07  3.29999999e+00  2.08750000e-07  0.00000000e+00  2.08750000e-07 -1.16552663e-08 
 2.09250000e-07  3.29999999e+00  2.09250000e-07  3.29999999e+00  2.09250000e-07  0.00000000e+00  2.09250000e-07 -1.14901747e-08 
 2.09750000e-07  3.29999999e+00  2.09750000e-07  3.29999999e+00  2.09750000e-07  0.00000000e+00  2.09750000e-07 -1.13294612e-08 
 2.10250000e-07  3.29999999e+00  2.10250000e-07  3.29999999e+00  2.10250000e-07  0.00000000e+00  2.10250000e-07 -1.11731782e-08 
 2.10750000e-07  3.29999999e+00  2.10750000e-07  3.29999999e+00  2.10750000e-07  0.00000000e+00  2.10750000e-07 -1.10209250e-08 
 2.11250000e-07  3.29999999e+00  2.11250000e-07  3.29999999e+00  2.11250000e-07  0.00000000e+00  2.11250000e-07 -1.08727720e-08 
 2.11750000e-07  3.29999999e+00  2.11750000e-07  3.29999999e+00  2.11750000e-07  0.00000000e+00  2.11750000e-07 -1.07283355e-08 
 2.12250000e-07  3.29999999e+00  2.12250000e-07  3.29999999e+00  2.12250000e-07  0.00000000e+00  2.12250000e-07 -1.05877014e-08 
 2.12750000e-07  3.29999999e+00  2.12750000e-07  3.29999999e+00  2.12750000e-07  0.00000000e+00  2.12750000e-07 -1.04505010e-08 
 2.13250000e-07  3.29999999e+00  2.13250000e-07  3.29999999e+00  2.13250000e-07  0.00000000e+00  2.13250000e-07 -1.03168341e-08 
 2.13750000e-07  3.29999999e+00  2.13750000e-07  3.29999999e+00  2.13750000e-07  0.00000000e+00  2.13750000e-07 -1.01863450e-08 
 2.14250000e-07  3.29999999e+00  2.14250000e-07  3.29999999e+00  2.14250000e-07  0.00000000e+00  2.14250000e-07 -1.00591460e-08 
 2.14750000e-07  3.29999999e+00  2.14750000e-07  3.29999999e+00  2.14750000e-07  0.00000000e+00  2.14750000e-07 -9.93489276e-09 
 2.15250000e-07  3.29999999e+00  2.15250000e-07  3.29999999e+00  2.15250000e-07  0.00000000e+00  2.15250000e-07 -9.81370843e-09 
 2.15750000e-07  3.29999999e+00  2.15750000e-07  3.29999999e+00  2.15750000e-07  0.00000000e+00  2.15750000e-07 -9.69525907e-09 
 2.16250000e-07  3.29999999e+00  2.16250000e-07  3.29999999e+00  2.16250000e-07  0.00000000e+00  2.16250000e-07 -9.57967746e-09 
 2.16750000e-07  3.29999999e+00  2.16750000e-07  3.29999999e+00  2.16750000e-07  0.00000000e+00  2.16750000e-07 -9.46663878e-09 
 2.17250000e-07  3.29999999e+00  2.17250000e-07  3.29999999e+00  2.17250000e-07  0.00000000e+00  2.17250000e-07 -9.35628443e-09 
 2.17750000e-07  3.29999999e+00  2.17750000e-07  3.29999999e+00  2.17750000e-07  0.00000000e+00  2.17750000e-07 -9.24829773e-09 
 2.18250000e-07  3.29999999e+00  2.18250000e-07  3.29999999e+00  2.18250000e-07  0.00000000e+00  2.18250000e-07 -9.14282779e-09 
 2.18750000e-07  3.29999999e+00  2.18750000e-07  3.29999999e+00  2.18750000e-07  0.00000000e+00  2.18750000e-07 -9.03956520e-09 
 2.19250000e-07  3.29999999e+00  2.19250000e-07  3.29999999e+00  2.19250000e-07  0.00000000e+00  2.19250000e-07 -8.93866596e-09 
 2.19750000e-07  3.29999999e+00  2.19750000e-07  3.29999999e+00  2.19750000e-07  0.00000000e+00  2.19750000e-07 -8.83982721e-09 
 2.20000000e-07  3.29999999e+00  2.20000000e-07  3.29999999e+00  2.20000000e-07  0.00000000e+00  2.20000000e-07 -8.79129377e-09 
 2.20010000e-07  3.32226097e+00  2.20010000e-07  3.32224998e+00  2.20010000e-07  3.30000000e-01  2.20010000e-07  4.12711300e-04 
 2.20030000e-07  3.36413142e+00  2.20030000e-07  3.36410544e+00  2.20030000e-07  9.90000000e-01  2.20030000e-07  4.61721545e-04 
 2.20070000e-07  3.44567012e+00  2.20070000e-07  3.44574684e+00  2.20070000e-07  2.31000000e+00  2.20070000e-07  4.58401100e-04 
 2.20100000e-07  3.48391404e+00  2.20100000e-07  3.48349496e+00  2.20100000e-07  3.30000000e+00  2.20100000e-07  2.92545636e-04 
 2.20104132e-07  3.48311449e+00  2.20104132e-07  3.48261076e+00  2.20104132e-07  3.30000000e+00  2.20104132e-07 -1.08284642e-05 
 2.20112396e-07  3.48071638e+00  2.20112396e-07  3.47996488e+00  2.20112396e-07  3.30000000e+00  2.20112396e-07 -3.84178494e-05 
 2.20128925e-07  3.47068589e+00  2.20128925e-07  3.46906618e+00  2.20128925e-07  3.30000000e+00  2.20128925e-07 -5.26255072e-05 
 2.20161982e-07  3.44260623e+00  2.20161982e-07  3.43961979e+00  2.20161982e-07  3.30000000e+00  2.20161982e-07 -7.08957688e-05 
 2.20212724e-07  3.28002453e+00  2.20212724e-07  3.28570992e+00  2.20212724e-07  3.30000000e+00  2.20212724e-07 -9.42092292e-05 
 2.20264656e-07  2.98969972e+00  2.20264656e-07  3.03508644e+00  2.20264656e-07  3.30000000e+00  2.20264656e-07 -1.28743335e-04 
 2.20332842e-07  2.59113368e+00  2.20332842e-07  2.65661975e+00  2.20332842e-07  3.30000000e+00  2.20332842e-07 -9.84105199e-05 
 2.20414079e-07  2.16328531e+00  2.20414079e-07  2.26085937e+00  2.20414079e-07  3.30000000e+00  2.20414079e-07 -1.69535140e-04 
 2.20537674e-07  1.66760800e+00  2.20537674e-07  1.96224944e+00  2.20537674e-07  3.30000000e+00  2.20537674e-07 -2.21049287e-04 
 2.20669448e-07  1.16166452e+00  2.20669448e-07  2.23989859e+00  2.20669448e-07  3.30000000e+00  2.20669448e-07 -3.29689029e-04 
 2.20792130e-07  7.68883851e-01  2.20792130e-07  2.74525037e+00  2.20792130e-07  3.30000000e+00  2.20792130e-07 -2.37266379e-04 
 2.20911366e-07  4.88400617e-01  2.20911366e-07  3.08473498e+00  2.20911366e-07  3.30000000e+00  2.20911366e-07 -1.70438187e-04 
 2.21038452e-07  2.56904119e-01  2.21038452e-07  3.21973819e+00  2.21038452e-07  3.30000000e+00  2.21038452e-07 -4.22721926e-05 
 2.21226331e-07  8.64217622e-02  2.21226331e-07  3.27788338e+00  2.21226331e-07  3.30000000e+00  2.21226331e-07 -4.55370174e-05 
 2.21467316e-07  1.43379246e-02  2.21467316e-07  3.29516769e+00  2.21467316e-07  3.30000000e+00  2.21467316e-07  1.98946454e-05 
 2.21722829e-07  3.38241579e-03  2.21722829e-07  3.29958073e+00  2.21722829e-07  3.30000000e+00  2.21722829e-07 -2.45959757e-05 
 2.22075934e-07 -1.04439542e-03  2.22075934e-07  3.29986919e+00  2.22075934e-07  3.30000000e+00  2.22075934e-07  2.39288738e-05 
 2.22541486e-07  9.23043936e-04  2.22541486e-07  3.30010764e+00  2.22541486e-07  3.30000000e+00  2.22541486e-07 -2.38594032e-05 
 2.23041486e-07 -8.52542957e-04  2.23041486e-07  3.29991278e+00  2.23041486e-07  3.30000000e+00  2.23041486e-07  2.38032560e-05 
 2.23541486e-07  8.01113712e-04  2.23541486e-07  3.30007134e+00  2.23541486e-07  3.30000000e+00  2.23541486e-07 -2.37496643e-05 
 2.24041486e-07 -7.49541243e-04  2.24041486e-07  3.29993973e+00  2.24041486e-07  3.30000000e+00  2.24041486e-07  2.36972778e-05 
 2.24541486e-07  7.07449463e-04  2.24541486e-07  3.30005147e+00  2.24541486e-07  3.30000000e+00  2.24541486e-07 -2.36474502e-05 
 2.25041486e-07 -6.63768100e-04  2.25041486e-07  3.29995491e+00  2.25041486e-07  3.30000000e+00  2.25041486e-07  2.35995202e-05 
 2.25541486e-07  6.27345291e-04  2.25541486e-07  3.30003952e+00  2.25541486e-07  3.30000000e+00  2.25541486e-07 -2.35544690e-05 
 2.26041486e-07 -5.89621272e-04  2.26041486e-07  3.29996470e+00  2.26041486e-07  3.30000000e+00  2.26041486e-07  2.35114820e-05 
 2.26541486e-07  5.57562114e-04  2.26541486e-07  3.30003131e+00  2.26541486e-07  3.30000000e+00  2.26541486e-07 -2.34712886e-05 
 2.27041486e-07 -5.24744975e-04  2.27041486e-07  3.29997181e+00  2.27041486e-07  3.30000000e+00  2.27041486e-07  2.34330583e-05 
 2.27541486e-07  4.96461828e-04  2.27541486e-07  3.30002509e+00  2.27541486e-07  3.30000000e+00  2.27541486e-07 -2.33973715e-05 
 2.28041486e-07 -4.67750276e-04  2.28041486e-07  3.29997735e+00  2.28041486e-07  3.30000000e+00  2.28041486e-07  2.33634533e-05 
 2.28541486e-07  4.42703710e-04  2.28541486e-07  3.30002014e+00  2.28541486e-07  3.30000000e+00  2.28541486e-07 -2.33318114e-05 
 2.29041486e-07 -4.17526087e-04  2.29041486e-07  3.29998183e+00  2.29041486e-07  3.30000000e+00  2.29041486e-07  2.33017319e-05 
 2.29541486e-07  3.95290102e-04  2.29541486e-07  3.30001610e+00  2.29541486e-07  3.30000000e+00  2.29541486e-07 -2.32736738e-05 
 2.30041486e-07 -3.73219253e-04  2.30041486e-07  3.29998551e+00  2.30041486e-07  3.30000000e+00  2.30041486e-07  2.32469794e-05 
 2.30541486e-07  3.53356643e-04  2.30541486e-07  3.30001276e+00  2.30541486e-07  3.30000000e+00  2.30541486e-07 -2.32220816e-05 
 2.31041486e-07 -3.33985288e-04  2.31041486e-07  3.29998857e+00  2.31041486e-07  3.30000000e+00  2.31041486e-07  2.31983803e-05 
 2.31541486e-07  3.16295208e-04  2.31541486e-07  3.30001000e+00  2.31541486e-07  3.30000000e+00  2.31541486e-07 -2.31762640e-05 
 2.32041486e-07 -2.99240567e-04  2.32041486e-07  3.29999110e+00  2.32041486e-07  3.30000000e+00  2.32041486e-07  2.31551907e-05 
 2.32541486e-07  2.83455138e-04  2.32541486e-07  3.30000770e+00  2.32541486e-07  3.30000000e+00  2.32541486e-07 -2.31355232e-05 
 2.33041486e-07 -2.68428078e-04  2.33041486e-07  3.29999320e+00  2.33041486e-07  3.30000000e+00  2.33041486e-07  2.31167645e-05 
 2.33541486e-07  2.54317094e-04  2.33541486e-07  3.30000580e+00  2.33541486e-07  3.30000000e+00  2.33541486e-07 -2.30992546e-05 
 2.34041486e-07 -2.41067937e-04  2.34041486e-07  3.29999493e+00  2.34041486e-07  3.30000000e+00  2.34041486e-07  2.30825361e-05 
 2.34541486e-07  2.28430881e-04  2.34541486e-07  3.30000424e+00  2.34541486e-07  3.30000000e+00  2.34541486e-07 -2.30669289e-05 
 2.35041486e-07 -2.16748057e-04  2.35041486e-07  3.29999636e+00  2.35041486e-07  3.30000000e+00  2.35041486e-07  2.30520097e-05 
 2.35541486e-07  2.05398434e-04  2.35541486e-07  3.30000295e+00  2.35541486e-07  3.30000000e+00  2.35541486e-07 -2.30380823e-05 
 2.36041486e-07 -1.95097179e-04  2.36041486e-07  3.29999753e+00  2.36041486e-07  3.30000000e+00  2.36041486e-07  2.30247535e-05 
 2.36541486e-07  1.84892457e-04  2.36541486e-07  3.30000191e+00  2.36541486e-07  3.30000000e+00  2.36541486e-07 -2.30123098e-05 
 2.37041486e-07 -1.75796705e-04  2.37041486e-07  3.29999848e+00  2.37041486e-07  3.30000000e+00  2.37041486e-07  2.30003869e-05 
 2.37541486e-07  1.66606528e-04  2.37541486e-07  3.30000106e+00  2.37541486e-07  3.30000000e+00  2.37541486e-07 -2.29892566e-05 
 2.38041486e-07 -1.58574547e-04  2.38041486e-07  3.29999925e+00  2.38041486e-07  3.30000000e+00  2.38041486e-07  2.29785783e-05 
 2.38541486e-07  1.50282141e-04  2.38541486e-07  3.30000037e+00  2.38541486e-07  3.30000000e+00  2.38541486e-07 -2.29686118e-05 
 2.39041486e-07 -1.43187099e-04  2.39041486e-07  3.29999986e+00  2.39041486e-07  3.30000000e+00  2.39041486e-07  2.29590350e-05 
 2.39541486e-07  1.35687531e-04  2.39541486e-07  3.29999983e+00  2.39541486e-07  3.30000000e+00  2.39541486e-07 -2.29501001e-05 
 2.40041486e-07 -1.29425732e-04  2.40041486e-07  3.30000035e+00  2.40041486e-07  3.30000000e+00  2.40041486e-07  2.29415044e-05 
 2.40541486e-07  1.22628886e-04  2.40541486e-07  3.29999939e+00  2.40541486e-07  3.30000000e+00  2.40541486e-07 -2.29334861e-05 
 2.41041486e-07 -1.17102172e-04  2.41041486e-07  3.30000074e+00  2.41041486e-07  3.30000000e+00  2.41041486e-07  2.29257599e-05 
 2.41541486e-07  1.10925922e-04  2.41541486e-07  3.29999906e+00  2.41541486e-07  3.30000000e+00  2.41541486e-07 -2.29185545e-05 
 2.42041486e-07 -1.06052083e-04  2.42041486e-07  3.30000104e+00  2.42041486e-07  3.30000000e+00  2.42041486e-07  2.29116023e-05 
 2.42541486e-07  1.00428995e-04  2.42541486e-07  3.29999881e+00  2.42541486e-07  3.30000000e+00  2.42541486e-07 -2.29051221e-05 
 2.43041486e-07 -9.61337451e-05  2.43041486e-07  3.30000126e+00  2.43041486e-07  3.30000000e+00  2.43041486e-07  2.28988590e-05 
 2.43541486e-07  9.10019488e-05  2.43541486e-07  3.29999862e+00  2.43541486e-07  3.30000000e+00  2.43541486e-07 -2.28930250e-05 
 2.44041486e-07 -8.72210275e-05  2.44041486e-07  3.30000142e+00  2.44041486e-07  3.30000000e+00  2.44041486e-07  2.28873764e-05 
 2.44541486e-07  8.25262338e-05  2.44541486e-07  3.29999849e+00  2.44541486e-07  3.30000000e+00  2.44541486e-07 -2.28821189e-05 
 2.45041486e-07 -7.92031462e-05  2.45041486e-07  3.30000153e+00  2.45041486e-07  3.30000000e+00  2.45041486e-07  2.28770190e-05 
 2.45541486e-07  7.48975060e-05  2.45541486e-07  3.29999840e+00  2.45541486e-07  3.30000000e+00  2.45541486e-07 -2.28722765e-05 
 2.46041486e-07 -7.19824922e-05  2.46041486e-07  3.30000160e+00  2.46041486e-07  3.30000000e+00  2.46041486e-07  2.28676670e-05 
 2.46541486e-07  6.80237873e-05  2.46541486e-07  3.29999835e+00  2.46541486e-07  3.30000000e+00  2.46541486e-07 -2.28633851e-05 
 2.47041486e-07 -6.54729632e-05  2.47041486e-07  3.30000164e+00  2.47041486e-07  3.30000000e+00  2.47041486e-07  2.28592146e-05 
 2.47541486e-07  6.18239064e-05  2.47541486e-07  3.29999832e+00  2.47541486e-07  3.30000000e+00  2.47541486e-07 -2.28553453e-05 
 2.48041486e-07 -5.95985205e-05  2.48041486e-07  3.30000165e+00  2.48041486e-07  3.30000000e+00  2.48041486e-07  2.28515680e-05 
 2.48541486e-07  5.62261457e-05  2.48541486e-07  3.29999832e+00  2.48541486e-07  3.30000000e+00  2.48541486e-07 -2.28480685e-05 
 2.49041486e-07 -5.42919343e-05  2.49041486e-07  3.30000164e+00  2.49041486e-07  3.30000000e+00  2.49041486e-07  2.28446441e-05 
 2.49541486e-07  5.11670650e-05  2.49541486e-07  3.29999834e+00  2.49541486e-07  3.30000000e+00  2.49541486e-07 -2.28414765e-05 
 2.50041486e-07 -4.94936928e-05  2.50041486e-07  3.30000162e+00  2.50041486e-07  3.30000000e+00  2.50041486e-07  2.28383690e-05 
 2.50541486e-07  4.65904781e-05  2.50541486e-07  3.29999838e+00  2.50541486e-07  3.30000000e+00  2.50541486e-07 -2.28354996e-05 
 2.51041486e-07 -4.51510531e-05  2.51041486e-07  3.30000158e+00  2.51041486e-07  3.30000000e+00  2.51041486e-07  2.28326770e-05 
 2.51541486e-07  4.24465635e-05  2.51541486e-07  3.29999842e+00  2.51541486e-07  3.30000000e+00  2.51541486e-07 -2.28300760e-05 
 2.52041486e-07 -4.12172145e-05  2.52041486e-07  3.30000153e+00  2.52041486e-07  3.30000000e+00  2.52041486e-07  2.28275098e-05 
 2.52541486e-07  3.86910889e-05  2.52541486e-07  3.29999847e+00  2.52541486e-07  3.30000000e+00  2.52541486e-07 -2.28251504e-05 
 2.53041486e-07 -3.76505991e-05  2.53041486e-07  3.30000148e+00  2.53041486e-07  3.30000000e+00  2.53041486e-07  2.28228153e-05 
 2.53541486e-07  3.52847364e-05  2.53541486e-07  3.29999853e+00  2.53541486e-07  3.30000000e+00  2.53541486e-07 -2.28206736e-05 
 2.54041486e-07 -3.44142236e-05  2.54041486e-07  3.30000142e+00  2.54041486e-07  3.30000000e+00  2.54041486e-07  2.28185469e-05 
 2.54541486e-07  3.21925137e-05  2.54541486e-07  3.29999859e+00  2.54541486e-07  3.30000000e+00  2.54541486e-07 -2.28166018e-05 
 2.55041486e-07 -3.14751516e-05  2.55041486e-07  3.30000135e+00  2.55041486e-07  3.30000000e+00  2.55041486e-07  2.28146633e-05 
 2.55541486e-07  2.93832397e-05  2.55541486e-07  3.29999866e+00  2.55541486e-07  3.30000000e+00  2.55541486e-07 -2.28128957e-05 
 2.56041486e-07 -2.88040151e-05  2.56041486e-07  3.30000129e+00  2.56041486e-07  3.30000000e+00  2.56041486e-07  2.28111273e-05 
 2.56541486e-07  2.68290960e-05  2.56541486e-07  3.29999873e+00  2.56541486e-07  3.30000000e+00  2.56541486e-07 -2.28095202e-05 
 2.57041486e-07 -2.63745966e-05  2.57041486e-07  3.30000122e+00  2.57041486e-07  3.30000000e+00  2.57041486e-07  2.28079056e-05 
 2.57541486e-07  2.45052339e-05  2.57541486e-07  3.29999879e+00  2.57541486e-07  3.30000000e+00  2.57541486e-07 -2.28064438e-05 
 2.58041486e-07 -2.41634624e-05  2.58041486e-07  3.30000116e+00  2.58041486e-07  3.30000000e+00  2.58041486e-07  2.28049686e-05 
 2.58541486e-07  2.23894310e-05  2.58541486e-07  3.29999886e+00  2.58541486e-07  3.30000000e+00  2.58541486e-07 -2.28036383e-05 
 2.59041486e-07 -2.21496429e-05  2.59041486e-07  3.30000109e+00  2.59041486e-07  3.30000000e+00  2.59041486e-07  2.28022893e-05 
 2.59541486e-07  2.04617895e-05  2.59541486e-07  3.29999892e+00  2.59541486e-07  3.30000000e+00  2.59541486e-07 -2.28010784e-05 
 2.60041486e-07 -2.03143508e-05  2.60041486e-07  3.30000103e+00  2.60041486e-07  3.30000000e+00  2.60041486e-07  2.27998439e-05 
 2.60541486e-07  1.87044730e-05  2.60541486e-07  3.29999899e+00  2.60541486e-07  3.30000000e+00  2.60541486e-07 -2.27987412e-05 
 2.61041486e-07 -1.86407348e-05  2.61041486e-07  3.30000097e+00  2.61041486e-07  3.30000000e+00  2.61041486e-07  2.27976107e-05 
 2.61541486e-07  1.71014737e-05  2.61541486e-07  3.29999905e+00  2.61541486e-07  3.30000000e+00  2.61541486e-07 -2.27966063e-05 
 2.62041486e-07 -1.71136630e-05  2.62041486e-07  3.30000091e+00  2.62041486e-07  3.30000000e+00  2.62041486e-07  2.27955702e-05 
 2.62541486e-07  1.56384093e-05  2.62541486e-07  3.29999911e+00  2.62541486e-07  3.30000000e+00  2.62541486e-07 -2.27946552e-05 
 2.63041486e-07 -1.57195320e-05  2.63041486e-07  3.30000085e+00  2.63041486e-07  3.30000000e+00  2.63041486e-07  2.27937049e-05 
 2.63541486e-07  1.43023433e-05  2.63541486e-07  3.29999916e+00  2.63541486e-07  3.30000000e+00  2.63541486e-07 -2.27928712e-05 
 2.64041486e-07 -1.44460994e-05  2.64041486e-07  3.30000080e+00  2.64041486e-07  3.30000000e+00  2.64041486e-07  2.27919990e-05 
 2.64541486e-07  1.30816270e-05  2.64541486e-07  3.29999922e+00  2.64541486e-07  3.30000000e+00  2.64541486e-07 -2.27912392e-05 
 2.65041486e-07 -1.32823357e-05  2.65041486e-07  3.30000074e+00  2.65041486e-07  3.30000000e+00  2.65041486e-07  2.27904382e-05 
 2.65541486e-07  1.29480754e-05  2.65541486e-07  3.29999922e+00  2.65541486e-07  3.30000000e+00  2.65541486e-07 -2.27897390e-05 
 2.66041486e-07 -1.04568067e-05  2.66041486e-07  3.30000052e+00  2.66041486e-07  3.30000000e+00  2.66041486e-07  2.27888631e-05 
 2.66541486e-07  1.24890020e-05  2.66541486e-07  3.29999914e+00  2.66541486e-07  3.30000000e+00  2.66541486e-07 -2.27885137e-05 
 2.67041486e-07 -9.75369549e-06  2.67041486e-07  3.30000049e+00  2.67041486e-07  3.30000000e+00  2.67041486e-07  2.27875810e-05 
 2.67541486e-07  1.14580180e-05  2.67541486e-07  3.29999921e+00  2.67541486e-07  3.30000000e+00  2.67541486e-07 -2.27872449e-05 
 2.68041486e-07 -8.98357530e-06  2.68041486e-07  3.30000045e+00  2.68041486e-07  3.30000000e+00  2.68041486e-07  2.27863860e-05 
 2.68541486e-07  1.04881657e-05  2.68541486e-07  3.29999927e+00  2.68541486e-07  3.30000000e+00  2.68541486e-07 -2.27860835e-05 
 2.69041486e-07 -8.27379708e-06  2.69041486e-07  3.30000042e+00  2.69041486e-07  3.30000000e+00  2.69041486e-07  2.27852943e-05 
 2.69541486e-07  9.59848278e-06  2.69541486e-07  3.29999933e+00  2.69541486e-07  3.30000000e+00  2.69541486e-07 -2.27850216e-05 
 2.70041486e-07 -7.62435924e-06  2.70041486e-07  3.30000039e+00  2.70041486e-07  3.30000000e+00  2.70041486e-07  2.27842953e-05 
 2.70100000e-07  6.63228576e-06  2.70100000e-07  3.29999950e+00  2.70100000e-07  3.30000000e+00  2.70100000e-07 -2.27810291e-05 
 2.70108661e-07 -2.45374647e-03  2.70108661e-07  3.29751934e+00  2.70108661e-07  3.01417840e+00  2.70108661e-07 -2.81516592e-04 
 2.70125984e-07 -1.64409274e-02  2.70125984e-07  3.28295658e+00  2.70125984e-07  2.44253520e+00  2.70125984e-07 -3.26288987e-04 
 2.70160629e-07 -3.83205988e-02  2.70160629e-07  3.24677757e+00  2.70160629e-07  1.29924880e+00  2.70160629e-07 -7.04257816e-04 
 2.70200000e-07  4.95682955e-02  2.70200000e-07  3.25873304e+00  2.70200000e-07  0.00000000e+00  2.70200000e-07 -1.11419014e-03 
 2.70203460e-07  6.83908655e-02  2.70203460e-07  3.26791093e+00  2.70203460e-07  0.00000000e+00  2.70203460e-07 -7.92045958e-04 
 2.70210380e-07  1.05492241e-01  2.70210380e-07  3.28500416e+00  2.70210380e-07  0.00000000e+00  2.70210380e-07 -7.79233476e-04 
 2.70224219e-07  1.77023774e-01  2.70224219e-07  3.31346904e+00  2.70224219e-07  0.00000000e+00  2.70224219e-07 -7.59934587e-04 
 2.70251899e-07  3.15172448e-01  2.70251899e-07  3.35332042e+00  2.70251899e-07  0.00000000e+00  2.70251899e-07 -7.24514906e-04 
 2.70307257e-07  5.98436566e-01  2.70307257e-07  3.39751145e+00  2.70307257e-07  0.00000000e+00  2.70307257e-07 -6.75828876e-04 
 2.70405361e-07  1.23594925e+00  2.70405361e-07  3.46653179e+00  2.70405361e-07  0.00000000e+00  2.70405361e-07 -4.95177795e-04 
 2.70497416e-07  1.87423008e+00  2.70497416e-07  3.51090769e+00  2.70497416e-07  0.00000000e+00  2.70497416e-07 -2.89958092e-04 
 2.70603966e-07  2.40101201e+00  2.70603966e-07  3.48139412e+00  2.70603966e-07  0.00000000e+00  2.70603966e-07 -1.54404367e-04 
 2.70712661e-07  2.74728496e+00  2.70712661e-07  3.43218719e+00  2.70712661e-07  0.00000000e+00  2.70712661e-07 -6.70020457e-05 
 2.70844028e-07  3.03051219e+00  2.70844028e-07  3.38214831e+00  2.70844028e-07  0.00000000e+00  2.70844028e-07 -3.51314405e-05 
 2.70987352e-07  3.18788829e+00  2.70987352e-07  3.34137068e+00  2.70987352e-07  0.00000000e+00  2.70987352e-07 -1.62335703e-05 
 2.71182524e-07  3.26957451e+00  2.71182524e-07  3.31449883e+00  2.71182524e-07  0.00000000e+00  2.71182524e-07 -3.07399852e-06 
 2.71450655e-07  3.29641830e+00  2.71450655e-07  3.30257978e+00  2.71450655e-07  0.00000000e+00  2.71450655e-07 -2.85259576e-06 
 2.71894815e-07  3.30045769e+00  2.71894815e-07  3.29972584e+00  2.71894815e-07  0.00000000e+00  2.71894815e-07  9.59528358e-07 
 2.72394815e-07  3.29991221e+00  2.72394815e-07  3.30004979e+00  2.72394815e-07  0.00000000e+00  2.72394815e-07 -2.03317727e-06 
 2.72894815e-07  3.30002056e+00  2.72894815e-07  3.29999333e+00  2.72894815e-07  0.00000000e+00  2.72894815e-07  1.29090941e-06 
 2.73394815e-07  3.29999616e+00  2.73394815e-07  3.30000454e+00  2.73394815e-07  0.00000000e+00  2.73394815e-07 -1.86412788e-06 
 2.73894815e-07  3.30000143e+00  2.73894815e-07  3.29999844e+00  2.73894815e-07  0.00000000e+00  2.73894815e-07  1.41806686e-06 
 2.74394815e-07  3.30000012e+00  2.74394815e-07  3.30000228e+00  2.74394815e-07  0.00000000e+00  2.74394815e-07 -1.79424403e-06 
 2.74894815e-07  3.30000031e+00  2.74894815e-07  3.29999911e+00  2.74894815e-07  0.00000000e+00  2.74894815e-07  1.48136394e-06 
 2.75394815e-07  3.30000019e+00  2.75394815e-07  3.30000125e+00  2.75394815e-07  0.00000000e+00  2.75394815e-07 -1.75672972e-06 
 2.75894815e-07  3.30000015e+00  2.75894815e-07  3.29999955e+00  2.75894815e-07  0.00000000e+00  2.75894815e-07  1.51786324e-06 
 2.76394815e-07  3.30000013e+00  2.76394815e-07  3.30000070e+00  2.76394815e-07  0.00000000e+00  2.76394815e-07 -1.73313235e-06 
 2.76894815e-07  3.30000009e+00  2.76894815e-07  3.29999980e+00  2.76894815e-07  0.00000000e+00  2.76894815e-07  1.54104350e-06 
 2.77394815e-07  3.30000008e+00  2.77394815e-07  3.30000040e+00  2.77394815e-07  0.00000000e+00  2.77394815e-07 -1.71685258e-06 
 2.77894815e-07  3.30000006e+00  2.77894815e-07  3.29999993e+00  2.77894815e-07  0.00000000e+00  2.77894815e-07  1.55684487e-06 
 2.78394815e-07  3.30000006e+00  2.78394815e-07  3.30000023e+00  2.78394815e-07  0.00000000e+00  2.78394815e-07 -1.70494136e-06 
 2.78894815e-07  3.30000004e+00  2.78894815e-07  3.29999998e+00  2.78894815e-07  0.00000000e+00  2.78894815e-07  1.56821801e-06 
 2.79394815e-07  3.30000004e+00  2.79394815e-07  3.30000014e+00  2.79394815e-07  0.00000000e+00  2.79394815e-07 -1.69586795e-06 
 2.79894815e-07  3.30000003e+00  2.79894815e-07  3.30000001e+00  2.79894815e-07  0.00000000e+00  2.79894815e-07  1.57676222e-06 
 2.80394815e-07  3.30000003e+00  2.80394815e-07  3.30000009e+00  2.80394815e-07  0.00000000e+00  2.80394815e-07 -1.68874789e-06 
 2.80894815e-07  3.30000002e+00  2.80894815e-07  3.30000002e+00  2.80894815e-07  0.00000000e+00  2.80894815e-07  1.58340441e-06 
 2.81394815e-07  3.30000002e+00  2.81394815e-07  3.30000006e+00  2.81394815e-07  0.00000000e+00  2.81394815e-07 -1.68302922e-06 
 2.81894815e-07  3.30000002e+00  2.81894815e-07  3.30000002e+00  2.81894815e-07  0.00000000e+00  2.81894815e-07  1.58871206e-06 
 2.82394815e-07  3.30000001e+00  2.82394815e-07  3.30000004e+00  2.82394815e-07  0.00000000e+00  2.82394815e-07 -1.67834793e-06 
 2.82894815e-07  3.30000001e+00  2.82894815e-07  3.30000002e+00  2.82894815e-07  0.00000000e+00  2.82894815e-07  1.59304920e-06 
 2.83394815e-07  3.30000001e+00  2.83394815e-07  3.30000003e+00  2.83394815e-07  0.00000000e+00  2.83394815e-07 -1.67445389e-06 
 2.83894815e-07  3.30000001e+00  2.83894815e-07  3.30000002e+00  2.83894815e-07  0.00000000e+00  2.83894815e-07  1.59665895e-06 
 2.84394815e-07  3.30000001e+00  2.84394815e-07  3.30000002e+00  2.84394815e-07  0.00000000e+00  2.84394815e-07 -1.67116971e-06 
 2.84894815e-07  3.30000000e+00  2.84894815e-07  3.30000001e+00  2.84894815e-07  0.00000000e+00  2.84894815e-07  1.59970952e-06 
 2.85394815e-07  3.30000000e+00  2.85394815e-07  3.30000002e+00  2.85394815e-07  0.00000000e+00  2.85394815e-07 -1.66836635e-06 
 2.85894815e-07  3.30000000e+00  2.85894815e-07  3.30000001e+00  2.85894815e-07  0.00000000e+00  2.85894815e-07  1.60232075e-06 
 2.86394815e-07  3.30000000e+00  2.86394815e-07  3.30000001e+00  2.86394815e-07  0.00000000e+00  2.86394815e-07 -1.66594796e-06 
 2.86894815e-07  3.30000000e+00  2.86894815e-07  3.30000001e+00  2.86894815e-07  0.00000000e+00  2.86894815e-07  1.60458057e-06 
 2.87394815e-07  3.30000000e+00  2.87394815e-07  3.30000001e+00  2.87394815e-07  0.00000000e+00  2.87394815e-07 -1.66384208e-06 
 2.87894815e-07  3.30000000e+00  2.87894815e-07  3.30000001e+00  2.87894815e-07  0.00000000e+00  2.87894815e-07  1.60655483e-06 
 2.88394815e-07  3.30000000e+00  2.88394815e-07  3.30000001e+00  2.88394815e-07  0.00000000e+00  2.88394815e-07 -1.66199301e-06 
 2.88894815e-07  3.30000000e+00  2.88894815e-07  3.30000000e+00  2.88894815e-07  0.00000000e+00  2.88894815e-07  1.60829392e-06 
 2.89394815e-07  3.30000000e+00  2.89394815e-07  3.30000000e+00  2.89394815e-07  0.00000000e+00  2.89394815e-07 -1.66035733e-06 
 2.89894815e-07  3.30000000e+00  2.89894815e-07  3.30000000e+00  2.89894815e-07  0.00000000e+00  2.89894815e-07  1.60983704e-06 
 2.90394815e-07  3.30000000e+00  2.90394815e-07  3.30000000e+00  2.90394815e-07  0.00000000e+00  2.90394815e-07 -1.65890072e-06 
 2.90894815e-07  3.30000000e+00  2.90894815e-07  3.30000000e+00  2.90894815e-07  0.00000000e+00  2.90894815e-07  1.61121516e-06 
 2.91394815e-07  3.29999999e+00  2.91394815e-07  3.30000000e+00  2.91394815e-07  0.00000000e+00  2.91394815e-07 -1.65759578e-06 
 2.91894815e-07  3.29999999e+00  2.91894815e-07  3.30000000e+00  2.91894815e-07  0.00000000e+00  2.91894815e-07  1.61245308e-06 
 2.92394815e-07  3.29999999e+00  2.92394815e-07  3.30000000e+00  2.92394815e-07  0.00000000e+00  2.92394815e-07 -1.65642033e-06 
 2.92894815e-07  3.29999999e+00  2.92894815e-07  3.30000000e+00  2.92894815e-07  0.00000000e+00  2.92894815e-07  1.61357089e-06 
 2.93394815e-07  3.29999999e+00  2.93394815e-07  3.30000000e+00  2.93394815e-07  0.00000000e+00  2.93394815e-07 -1.65535630e-06 
 2.93894815e-07  3.29999999e+00  2.93894815e-07  3.30000000e+00  2.93894815e-07  0.00000000e+00  2.93894815e-07  1.61458503e-06 
 2.94394815e-07  3.29999999e+00  2.94394815e-07  3.30000000e+00  2.94394815e-07  0.00000000e+00  2.94394815e-07 -1.65438877e-06 
 2.94894815e-07  3.29999999e+00  2.94894815e-07  3.30000000e+00  2.94894815e-07  0.00000000e+00  2.94894815e-07  1.61550912e-06 
 2.95394815e-07  3.29999999e+00  2.95394815e-07  3.30000000e+00  2.95394815e-07  0.00000000e+00  2.95394815e-07 -1.65350536e-06 
 2.95894815e-07  3.29999999e+00  2.95894815e-07  3.30000000e+00  2.95894815e-07  0.00000000e+00  2.95894815e-07  1.61635448e-06 
 2.96394815e-07  3.29999999e+00  2.96394815e-07  3.30000000e+00  2.96394815e-07  0.00000000e+00  2.96394815e-07 -1.65269571e-06 
 2.96894815e-07  3.29999999e+00  2.96894815e-07  3.30000000e+00  2.96894815e-07  0.00000000e+00  2.96894815e-07  1.61713063e-06 
 2.97394815e-07  3.29999999e+00  2.97394815e-07  3.29999999e+00  2.97394815e-07  0.00000000e+00  2.97394815e-07 -1.65195107e-06 
 2.97894815e-07  3.29999999e+00  2.97894815e-07  3.29999999e+00  2.97894815e-07  0.00000000e+00  2.97894815e-07  1.61784563e-06 
 2.98394815e-07  3.29999999e+00  2.98394815e-07  3.29999999e+00  2.98394815e-07  0.00000000e+00  2.98394815e-07 -1.65126400e-06 
 2.98894815e-07  3.29999999e+00  2.98894815e-07  3.29999999e+00  2.98894815e-07  0.00000000e+00  2.98894815e-07  1.61850634e-06 
 2.99394815e-07  3.29999999e+00  2.99394815e-07  3.29999999e+00  2.99394815e-07  0.00000000e+00  2.99394815e-07 -1.65062818e-06 
 2.99894815e-07  3.29999999e+00  2.99894815e-07  3.29999999e+00  2.99894815e-07  0.00000000e+00  2.99894815e-07  1.61911865e-06 
 3.00000000e-07  3.29999999e+00  3.00000000e-07  3.29999999e+00  3.00000000e-07  0.00000000e+00  3.00000000e-07 -1.65026597e-06 
 3.00050000e-07  3.29999999e+00  3.00050000e-07  3.29999999e+00  3.00050000e-07  0.00000000e+00  3.00050000e-07 -1.55137204e-08 
 3.00150000e-07  3.29999999e+00  3.00150000e-07  3.29999999e+00  3.00150000e-07  0.00000000e+00  3.00150000e-07 -1.54554330e-08 
 3.00350000e-07  3.29999999e+00  3.00350000e-07  3.29999999e+00  3.00350000e-07  0.00000000e+00  3.00350000e-07 -1.53405532e-08 
 3.00750000e-07  3.29999999e+00  3.00750000e-07  3.29999999e+00  3.00750000e-07  0.00000000e+00  3.00750000e-07 -1.51154732e-08 
 3.01250000e-07  3.29999999e+00  3.01250000e-07  3.29999999e+00  3.01250000e-07  0.00000000e+00  3.01250000e-07 -1.48431426e-08 
 3.01750000e-07  3.29999999e+00  3.01750000e-07  3.29999999e+00  3.01750000e-07  0.00000000e+00  3.01750000e-07 -1.45800646e-08 
 3.02250000e-07  3.29999999e+00  3.02250000e-07  3.29999999e+00  3.02250000e-07  0.00000000e+00  3.02250000e-07 -1.43260133e-08 
 3.02750000e-07  3.29999999e+00  3.02750000e-07  3.29999999e+00  3.02750000e-07  0.00000000e+00  3.02750000e-07 -1.40803093e-08 
 3.03250000e-07  3.29999999e+00  3.03250000e-07  3.29999999e+00  3.03250000e-07  0.00000000e+00  3.03250000e-07 -1.38427799e-08 
 3.03750000e-07  3.29999999e+00  3.03750000e-07  3.29999999e+00  3.03750000e-07  0.00000000e+00  3.03750000e-07 -1.36128037e-08 
 3.04250000e-07  3.29999999e+00  3.04250000e-07  3.29999999e+00  3.04250000e-07  0.00000000e+00  3.04250000e-07 -1.33902549e-08 
 3.04750000e-07  3.29999999e+00  3.04750000e-07  3.29999999e+00  3.04750000e-07  0.00000000e+00  3.04750000e-07 -1.31745606e-08 
 3.05250000e-07  3.29999999e+00  3.05250000e-07  3.29999999e+00  3.05250000e-07  0.00000000e+00  3.05250000e-07 -1.29656358e-08 
 3.05750000e-07  3.29999999e+00  3.05750000e-07  3.29999999e+00  3.05750000e-07  0.00000000e+00  3.05750000e-07 -1.27629481e-08 
 3.06250000e-07  3.29999999e+00  3.06250000e-07  3.29999999e+00  3.06250000e-07  0.00000000e+00  3.06250000e-07 -1.25664484e-08 
 3.06750000e-07  3.29999999e+00  3.06750000e-07  3.29999999e+00  3.06750000e-07  0.00000000e+00  3.06750000e-07 -1.23756386e-08 
 3.07250000e-07  3.29999999e+00  3.07250000e-07  3.29999999e+00  3.07250000e-07  0.00000000e+00  3.07250000e-07 -1.21905007e-08 
 3.07750000e-07  3.29999999e+00  3.07750000e-07  3.29999999e+00  3.07750000e-07  0.00000000e+00  3.07750000e-07 -1.20105661e-08 
 3.08250000e-07  3.29999999e+00  3.08250000e-07  3.29999999e+00  3.08250000e-07  0.00000000e+00  3.08250000e-07 -1.18358438e-08 
 3.08750000e-07  3.29999999e+00  3.08750000e-07  3.29999999e+00  3.08750000e-07  0.00000000e+00  3.08750000e-07 -1.16658907e-08 
 3.09250000e-07  3.29999999e+00  3.09250000e-07  3.29999999e+00  3.09250000e-07  0.00000000e+00  3.09250000e-07 -1.15007394e-08 
 3.09750000e-07  3.29999999e+00  3.09750000e-07  3.29999999e+00  3.09750000e-07  0.00000000e+00  3.09750000e-07 -1.13399687e-08 
 3.10250000e-07  3.29999999e+00  3.10250000e-07  3.29999999e+00  3.10250000e-07  0.00000000e+00  3.10250000e-07 -1.11836320e-08 
 3.10750000e-07  3.29999999e+00  3.10750000e-07  3.29999999e+00  3.10750000e-07  0.00000000e+00  3.10750000e-07 -1.10313273e-08 
 3.11250000e-07  3.29999999e+00  3.11250000e-07  3.29999999e+00  3.11250000e-07  0.00000000e+00  3.11250000e-07 -1.08831259e-08 
 3.11750000e-07  3.29999999e+00  3.11750000e-07  3.29999999e+00  3.11750000e-07  0.00000000e+00  3.11750000e-07 -1.07386428e-08 
 3.12250000e-07  3.29999999e+00  3.12250000e-07  3.29999999e+00  3.12250000e-07  0.00000000e+00  3.12250000e-07 -1.05979651e-08 
 3.12750000e-07  3.29999999e+00  3.12750000e-07  3.29999999e+00  3.12750000e-07  0.00000000e+00  3.12750000e-07 -1.04607226e-08 
 3.13250000e-07  3.29999999e+00  3.13250000e-07  3.29999999e+00  3.13250000e-07  0.00000000e+00  3.13250000e-07 -1.03270162e-08 
 3.13750000e-07  3.29999999e+00  3.13750000e-07  3.29999999e+00  3.13750000e-07  0.00000000e+00  3.13750000e-07 -1.01964890e-08 
 3.14250000e-07  3.29999999e+00  3.14250000e-07  3.29999999e+00  3.14250000e-07  0.00000000e+00  3.14250000e-07 -1.00692543e-08 
 3.14750000e-07  3.29999999e+00  3.14750000e-07  3.29999999e+00  3.14750000e-07  0.00000000e+00  3.14750000e-07 -9.94496645e-09 
 3.15250000e-07  3.29999999e+00  3.15250000e-07  3.29999999e+00  3.15250000e-07  0.00000000e+00  3.15250000e-07 -9.82374973e-09 
 3.15750000e-07  3.29999999e+00  3.15750000e-07  3.29999999e+00  3.15750000e-07  0.00000000e+00  3.15750000e-07 -9.70526899e-09 
 3.16250000e-07  3.29999999e+00  3.16250000e-07  3.29999999e+00  3.16250000e-07  0.00000000e+00  3.16250000e-07 -9.58965799e-09 
 3.16750000e-07  3.29999999e+00  3.16750000e-07  3.29999999e+00  3.16750000e-07  0.00000000e+00  3.16750000e-07 -9.47659077e-09 
 3.17250000e-07  3.29999999e+00  3.17250000e-07  3.29999999e+00  3.17250000e-07  0.00000000e+00  3.17250000e-07 -9.36620973e-09 
 3.17750000e-07  3.29999999e+00  3.17750000e-07  3.29999999e+00  3.17750000e-07  0.00000000e+00  3.17750000e-07 -9.25819706e-09 
 3.18250000e-07  3.29999999e+00  3.18250000e-07  3.29999999e+00  3.18250000e-07  0.00000000e+00  3.18250000e-07 -9.15270286e-09 
 3.18750000e-07  3.29999999e+00  3.18750000e-07  3.29999999e+00  3.18750000e-07  0.00000000e+00  3.18750000e-07 -9.04941661e-09 
 3.19250000e-07  3.29999999e+00  3.19250000e-07  3.29999999e+00  3.19250000e-07  0.00000000e+00  3.19250000e-07 -8.94849532e-09 
 3.19750000e-07  3.29999999e+00  3.19750000e-07  3.29999999e+00  3.19750000e-07  0.00000000e+00  3.19750000e-07 -8.84963498e-09 
 3.20000000e-07  3.29999999e+00  3.20000000e-07  3.29999999e+00  3.20000000e-07  0.00000000e+00  3.20000000e-07 -8.80109154e-09 
 3.20010000e-07  3.32226073e+00  3.20010000e-07  3.32225015e+00  3.20010000e-07  3.30000000e-01  3.20010000e-07  4.12710381e-04 
 3.20030000e-07  3.36413097e+00  3.20030000e-07  3.36410576e+00  3.20030000e-07  9.90000000e-01  3.20030000e-07  4.61720307e-04 
 3.20070000e-07  3.44568305e+00  3.20070000e-07  3.44573666e+00  3.20070000e-07  2.31000000e+00  3.20070000e-07  4.58426902e-04 
 3.20100000e-07  3.48389521e+00  3.20100000e-07  3.48351489e+00  3.20100000e-07  3.30000000e+00  3.20100000e-07  2.92448995e-04 
 3.20104133e-07  3.48308684e+00  3.20104133e-07  3.48263994e+00  3.20104133e-07  3.30000000e+00  3.20104133e-07 -1.09204939e-05 
 3.20112399e-07  3.48066281e+00  3.20112399e-07  3.48002098e+00  3.20112399e-07  3.30000000e+00  3.20112399e-07 -3.84352223e-05 
 3.20128931e-07  3.47053653e+00  3.20128931e-07  3.46921119e+00  3.20128931e-07  3.30000000e+00  3.20128931e-07 -5.26348820e-05 
 3.20161994e-07  3.44230439e+00  3.20161994e-07  3.43990596e+00  3.20161994e-07  3.30000000e+00  3.20161994e-07 -7.08931952e-05 
 3.20213194e-07  3.27841554e+00  3.20213194e-07  3.28305194e+00  3.20213194e-07  3.30000000e+00  3.20213194e-07 -9.46404892e-05 
 3.20265533e-07  2.98938318e+00  3.20265533e-07  3.02559318e+00  3.20265533e-07  3.30000000e+00  3.20265533e-07 -1.28482523e-04 
 3.20334436e-07  2.58924367e+00  3.20334436e-07  2.64091511e+00  3.20334436e-07  3.30000000e+00  3.20334436e-07 -9.87077430e-05 
 3.20416470e-07  2.16220311e+00  3.20416470e-07  2.24032639e+00  3.20416470e-07  3.30000000e+00  3.20416470e-07 -1.71061658e-04 
 3.20542738e-07  1.67848188e+00  3.20542738e-07  1.92862173e+00  3.20542738e-07  3.30000000e+00  3.20542738e-07 -2.23442093e-04 
 3.20676645e-07  1.19317756e+00  3.20676645e-07  2.18640631e+00  3.20676645e-07  3.30000000e+00  3.20676645e-07 -3.29987612e-04 
 3.20806851e-07  7.74453234e-01  3.20806851e-07  2.72359706e+00  3.20806851e-07  3.30000000e+00  3.20806851e-07 -2.43059883e-04 
 3.20924009e-07  4.98270368e-01  3.20924009e-07  3.07272383e+00  3.20924009e-07  3.30000000e+00  3.20924009e-07 -1.75829523e-04 
 3.21050659e-07  2.65852360e-01  3.21050659e-07  3.21633245e+00  3.21050659e-07  3.30000000e+00  3.21050659e-07 -4.45928829e-05 
 3.21246011e-07  8.47100002e-02  3.21246011e-07  3.27860895e+00  3.21246011e-07  3.30000000e+00  3.21246011e-07 -4.51175767e-05 
 3.21476430e-07  1.62840562e-02  3.21476430e-07  3.29470591e+00  3.21476430e-07  3.30000000e+00  3.21476430e-07  1.96487847e-05 
 3.21750655e-07  2.67615074e-03  3.21750655e-07  3.29969005e+00  3.21750655e-07  3.30000000e+00  3.21750655e-07 -2.47369780e-05 
 3.22079692e-07 -6.52428590e-04  3.22079692e-07  3.29985946e+00  3.22079692e-07  3.30000000e+00  3.22079692e-07  2.41866980e-05 
 3.22579692e-07  6.21610858e-04  3.22579692e-07  3.30010111e+00  3.22579692e-07  3.30000000e+00  3.22579692e-07 -2.41605449e-05 
 3.23079692e-07 -5.81564748e-04  3.23079692e-07  3.29992189e+00  3.23079692e-07  3.30000000e+00  3.23079692e-07  2.41268175e-05 
 3.23579692e-07  5.46341390e-04  3.23579692e-07  3.30006273e+00  3.23579692e-07  3.30000000e+00  3.23579692e-07 -2.40915195e-05 
 3.24079692e-07 -5.11391600e-04  3.24079692e-07  3.29994738e+00  3.24079692e-07  3.30000000e+00  3.24079692e-07  2.40558252e-05 
 3.24579692e-07  4.81216053e-04  3.24579692e-07  3.30004501e+00  3.24579692e-07  3.30000000e+00  3.24579692e-07 -2.40214082e-05 
 3.25079692e-07 -4.51393295e-04  3.25079692e-07  3.29996040e+00  3.25079692e-07  3.30000000e+00  3.25079692e-07  2.39880602e-05 
 3.25579692e-07  4.25194161e-04  3.25579692e-07  3.30003504e+00  3.25579692e-07  3.30000000e+00  3.25579692e-07 -2.39566332e-05 
 3.26079692e-07 -3.99401180e-04  3.26079692e-07  3.29996843e+00  3.26079692e-07  3.30000000e+00  3.26079692e-07  2.39266129e-05 
 3.26579692e-07  3.76402306e-04  3.26579692e-07  3.30002836e+00  3.26579692e-07  3.30000000e+00  3.26579692e-07 -2.38985617e-05 
 3.27079692e-07 -3.53952901e-04  3.27079692e-07  3.29997418e+00  3.27079692e-07  3.30000000e+00  3.27079692e-07  2.38719010e-05 
 3.27579692e-07  3.33661692e-04  3.27579692e-07  3.30002332e+00  3.27579692e-07  3.30000000e+00  3.27579692e-07 -2.38470712e-05 
 3.28079692e-07 -3.14074269e-04  3.28079692e-07  3.29997871e+00  3.28079692e-07  3.30000000e+00  3.28079692e-07  2.38235068e-05 
 3.28579692e-07  2.96125681e-04  3.28579692e-07  3.30001925e+00  3.28579692e-07  3.30000000e+00  3.28579692e-07 -2.38015879e-05 
 3.29079692e-07 -2.79019268e-04  3.29079692e-07  3.29998242e+00  3.29079692e-07  3.30000000e+00  3.29079692e-07  2.37807859e-05 
 3.29579692e-07  2.63114424e-04  3.29579692e-07  3.30001587e+00  3.29579692e-07  3.30000000e+00  3.29579692e-07 -2.37614451e-05 
 3.30079692e-07 -2.48169007e-04  3.30079692e-07  3.29998552e+00  3.30079692e-07  3.30000000e+00  3.30079692e-07  2.37430778e-05 
 3.30579692e-07  2.34036396e-04  3.30579692e-07  3.30001304e+00  3.30579692e-07  3.30000000e+00  3.30579692e-07 -2.37260049e-05 
 3.31079692e-07 -2.21012573e-04  3.31079692e-07  3.29998812e+00  3.31079692e-07  3.30000000e+00  3.31079692e-07  2.37097734e-05 
 3.31579692e-07  2.08425471e-04  3.31579692e-07  3.30001066e+00  3.31579692e-07  3.30000000e+00  3.31579692e-07 -2.36946849e-05 
 3.32079692e-07 -1.97043596e-04  3.32079692e-07  3.29999032e+00  3.32079692e-07  3.30000000e+00  3.32079692e-07  2.36803273e-05 
 3.32579692e-07  1.85837345e-04  3.32579692e-07  3.30000865e+00  3.32579692e-07  3.30000000e+00  3.32579692e-07 -2.36669807e-05 
 3.33079692e-07 -1.75887416e-04  3.33079692e-07  3.29999216e+00  3.33079692e-07  3.30000000e+00  3.33079692e-07  2.36542649e-05 
 3.33579692e-07  1.65890455e-04  3.33579692e-07  3.30000697e+00  3.33579692e-07  3.30000000e+00  3.33579692e-07 -2.36424455e-05 
 3.34079692e-07 -1.57199488e-04  3.34079692e-07  3.29999371e+00  3.34079692e-07  3.30000000e+00  3.34079692e-07  2.36311693e-05 
 3.34579692e-07  1.48240753e-04  3.34579692e-07  3.30000556e+00  3.34579692e-07  3.30000000e+00  3.34579692e-07 -2.36206916e-05 
 3.35079692e-07 -1.40672528e-04  3.35079692e-07  3.29999500e+00  3.35079692e-07  3.30000000e+00  3.35079692e-07  2.36106807e-05 
 3.35579692e-07  1.32638129e-04  3.35579692e-07  3.30000438e+00  3.35579692e-07  3.30000000e+00  3.35579692e-07 -2.36013785e-05 
 3.36079692e-07 -1.26021743e-04  3.36079692e-07  3.29999608e+00  3.36079692e-07  3.30000000e+00  3.36079692e-07  2.35924794e-05 
 3.36579692e-07  1.18810033e-04  3.36579692e-07  3.30000340e+00  3.36579692e-07  3.30000000e+00  3.36579692e-07 -2.35842132e-05 
 3.37079692e-07 -1.13031131e-04  3.37079692e-07  3.29999698e+00  3.37079692e-07  3.30000000e+00  3.37079692e-07  2.35762926e-05 
 3.37579692e-07  1.06542373e-04  3.37579692e-07  3.30000259e+00  3.37579692e-07  3.30000000e+00  3.37579692e-07 -2.35689384e-05 
 3.38079692e-07 -1.01499199e-04  3.38079692e-07  3.29999773e+00  3.38079692e-07  3.30000000e+00  3.38079692e-07  2.35618796e-05 
 3.38579692e-07  9.56459438e-05  3.38579692e-07  3.30000191e+00  3.38579692e-07  3.30000000e+00  3.38579692e-07 -2.35553291e-05 
 3.39079692e-07 -9.12502770e-05  3.39079692e-07  3.29999834e+00  3.39079692e-07  3.30000000e+00  3.39079692e-07  2.35490302e-05 
 3.39579692e-07  8.59560819e-05  3.39579692e-07  3.30000136e+00  3.39579692e-07  3.30000000e+00  3.39579692e-07 -2.35431888e-05 
 3.40079692e-07 -8.21311682e-05  3.40079692e-07  3.29999885e+00  3.40079692e-07  3.30000000e+00  3.40079692e-07  2.35375607e-05 
 3.40579692e-07  7.73259541e-05  3.40579692e-07  3.30000091e+00  3.40579692e-07  3.30000000e+00  3.40579692e-07 -2.35323459e-05 
 3.41079692e-07 -7.40060012e-05  3.41079692e-07  3.29999926e+00  3.41079692e-07  3.30000000e+00  3.41079692e-07  2.35273111e-05 
 3.41579692e-07  6.96343094e-05  3.41579692e-07  3.30000054e+00  3.41579692e-07  3.30000000e+00  3.41579692e-07 -2.35226503e-05 
 3.42079692e-07 -6.67563239e-05  3.42079692e-07  3.29999959e+00  3.42079692e-07  3.30000000e+00  3.42079692e-07  2.35181406e-05 
 3.42579692e-07  6.27697611e-05  3.42579692e-07  3.30000024e+00  3.42579692e-07  3.30000000e+00  3.42579692e-07 -2.35139708e-05 
 3.43079692e-07 -6.02811296e-05  3.43079692e-07  3.29999986e+00  3.43079692e-07  3.30000000e+00  3.43079692e-07  2.35099253e-05 
 3.43579692e-07  5.66342811e-05  3.43579692e-07  3.30000000e+00  3.43579692e-07  3.30000000e+00  3.43579692e-07 -2.35061906e-05 
 3.44079692e-07 -5.44931503e-05  3.44079692e-07  3.30000008e+00  3.44079692e-07  3.30000000e+00  3.44079692e-07  2.35025590e-05 
 3.44579692e-07  5.11457535e-05  3.44579692e-07  3.29999981e+00  3.44579692e-07  3.30000000e+00  3.44579692e-07 -2.34992101e-05 
 3.45079692e-07 -4.93111779e-05  3.45079692e-07  3.30000025e+00  3.45079692e-07  3.30000000e+00  3.45079692e-07  2.34959451e-05 
 3.45579692e-07  4.62293334e-05  3.45579692e-07  3.29999966e+00  3.45579692e-07  3.30000000e+00  3.45579692e-07 -2.34929391e-05 
 3.46079692e-07 -4.46666643e-05  3.46079692e-07  3.30000038e+00  3.46079692e-07  3.30000000e+00  3.46079692e-07  2.34900001e-05 
 3.46579692e-07  4.18206729e-05  3.46579692e-07  3.29999955e+00  3.46579692e-07  3.30000000e+00  3.46579692e-07 -2.34872996e-05 
 3.47079692e-07 -4.04992911e-05  3.47079692e-07  3.30000048e+00  3.47079692e-07  3.30000000e+00  3.47079692e-07  2.34846508e-05 
 3.47579692e-07  3.78625716e-05  3.47579692e-07  3.29999947e+00  3.47579692e-07  3.30000000e+00  3.47579692e-07 -2.34822225e-05 
 3.48079692e-07 -3.67557775e-05  3.48079692e-07  3.30000055e+00  3.48079692e-07  3.30000000e+00  3.48079692e-07  2.34798323e-05 
 3.48579692e-07  3.43050002e-05  3.48579692e-07  3.29999941e+00  3.48579692e-07  3.30000000e+00  3.48579692e-07 -2.34776467e-05 
 3.49079692e-07 -3.33892950e-05  3.49079692e-07  3.30000060e+00  3.49079692e-07  3.30000000e+00  3.49079692e-07  2.34754875e-05 
 3.49579692e-07  3.11039260e-05  3.49579692e-07  3.29999936e+00  3.49579692e-07  3.30000000e+00  3.49579692e-07 -2.34735186e-05 
 3.50079692e-07 -3.03585966e-05  3.50079692e-07  3.30000063e+00  3.50079692e-07  3.30000000e+00  3.50079692e-07  2.34715656e-05 
 3.50579692e-07  2.82205430e-05  3.50579692e-07  3.29999934e+00  3.50579692e-07  3.30000000e+00  3.50579692e-07 -2.34697905e-05 
 3.51079692e-07 -2.76273097e-05  3.51079692e-07  3.30000065e+00  3.51079692e-07  3.30000000e+00  3.51079692e-07  2.34680222e-05 
 3.51579692e-07  2.56206122e-05  3.51579692e-07  3.29999932e+00  3.51579692e-07  3.30000000e+00  3.51579692e-07 -2.34664205e-05 
 3.52079692e-07 -2.51633233e-05  3.52079692e-07  3.30000066e+00  3.52079692e-07  3.30000000e+00  3.52079692e-07  2.34648176e-05 
 3.52579692e-07  2.32738894e-05  3.52579692e-07  3.29999932e+00  3.52579692e-07  3.30000000e+00  3.52579692e-07 -2.34633714e-05 
 3.53079692e-07 -2.29382555e-05  3.53079692e-07  3.30000066e+00  3.53079692e-07  3.30000000e+00  3.53079692e-07  2.34619167e-05 
 3.53579692e-07  2.11536270e-05  3.53579692e-07  3.29999933e+00  3.53579692e-07  3.30000000e+00  3.53579692e-07 -2.34606100e-05 
 3.54079692e-07 -2.09269909e-05  3.54079692e-07  3.30000065e+00  3.54079692e-07  3.30000000e+00  3.54079692e-07  2.34592884e-05 
 3.54579692e-07  1.92361417e-05  3.54579692e-07  3.29999934e+00  3.54579692e-07  3.30000000e+00  3.54579692e-07 -2.34581070e-05 
 3.55079692e-07 -1.91072779e-05  3.55079692e-07  3.30000064e+00  3.55079692e-07  3.30000000e+00  3.55079692e-07  2.34569051e-05 
 3.55579692e-07  1.75004383e-05  3.55579692e-07  3.29999935e+00  3.55579692e-07  3.30000000e+00  3.55579692e-07 -2.34558363e-05 
 3.56079692e-07 -1.74593785e-05  3.56079692e-07  3.30000062e+00  3.56079692e-07  3.30000000e+00  3.56079692e-07  2.34547421e-05 
 3.56579692e-07  1.59278820e-05  3.56579692e-07  3.29999937e+00  3.56579692e-07  3.30000000e+00  3.56579692e-07 -2.34537747e-05 
 3.57079692e-07 -1.59657633e-05  3.57079692e-07  3.30000060e+00  3.57079692e-07  3.30000000e+00  3.57079692e-07  2.34527775e-05 
 3.57579692e-07  1.45019129e-05  3.57579692e-07  3.29999940e+00  3.57579692e-07  3.30000000e+00  3.57579692e-07 -2.34519015e-05 
 3.58079692e-07 -1.46108455e-05  3.58079692e-07  3.30000058e+00  3.58079692e-07  3.30000000e+00  3.58079692e-07  2.34509917e-05 
 3.58579692e-07  1.42183206e-05  3.58579692e-07  3.29999937e+00  3.58579692e-07  3.30000000e+00  3.58579692e-07 -2.34501952e-05 
 3.59079692e-07 -1.15742079e-05  3.59079692e-07  3.30000037e+00  3.59079692e-07  3.30000000e+00  3.59079692e-07  2.34492117e-05 
 3.59579692e-07  1.36159958e-05  3.59579692e-07  3.29999926e+00  3.59579692e-07  3.30000000e+00  3.59579692e-07 -2.34487904e-05 
 3.60079692e-07 -1.07326391e-05  3.60079692e-07  3.30000036e+00  3.60079692e-07  3.30000000e+00  3.60079692e-07  2.34477609e-05 
 3.60579692e-07  1.24480934e-05  3.60579692e-07  3.29999931e+00  3.60579692e-07  3.30000000e+00  3.60579692e-07 -2.34473619e-05 
 3.61079692e-07 -9.83993329e-06  3.61079692e-07  3.30000034e+00  3.61079692e-07  3.30000000e+00  3.61079692e-07  2.34464183e-05 
 3.61579692e-07  1.13583982e-05  3.61579692e-07  3.29999936e+00  3.61579692e-07  3.30000000e+00  3.61579692e-07 -2.34460610e-05 
 3.62079692e-07 -9.02348865e-06  3.62079692e-07  3.30000032e+00  3.62079692e-07  3.30000000e+00  3.62079692e-07  2.34451978e-05 
 3.62579692e-07  1.03640958e-05  3.62579692e-07  3.29999940e+00  3.62579692e-07  3.30000000e+00  3.62579692e-07 -2.34448776e-05 
 3.63079692e-07 -8.28125786e-06  3.63079692e-07  3.30000031e+00  3.63079692e-07  3.30000000e+00  3.63079692e-07  2.34440864e-05 
 3.63579692e-07  9.45745767e-06  3.63579692e-07  3.29999944e+00  3.63579692e-07  3.30000000e+00  3.63579692e-07 -2.34437990e-05 
 3.64079692e-07 -7.60635226e-06  3.64079692e-07  3.30000029e+00  3.64079692e-07  3.30000000e+00  3.64079692e-07  2.34430730e-05 
 3.64579692e-07  8.63036585e-06  3.64579692e-07  3.29999947e+00  3.64579692e-07  3.30000000e+00  3.64579692e-07 -2.34428149e-05 
 3.65079692e-07 -6.99225754e-06  3.65079692e-07  3.30000028e+00  3.65079692e-07  3.30000000e+00  3.65079692e-07  2.34421480e-05 
 3.65579692e-07  7.87541392e-06  3.65579692e-07  3.29999951e+00  3.65579692e-07  3.30000000e+00  3.65579692e-07 -2.34419164e-05 
 3.66079692e-07 -6.43309913e-06  3.66079692e-07  3.30000026e+00  3.66079692e-07  3.30000000e+00  3.66079692e-07  2.34413034e-05 
 3.66579692e-07  7.18592807e-06  3.66579692e-07  3.29999954e+00  3.66579692e-07  3.30000000e+00  3.66579692e-07 -2.34410956e-05 
 3.67079692e-07 -5.92361504e-06  3.67079692e-07  3.30000025e+00  3.67079692e-07  3.30000000e+00  3.67079692e-07  2.34405315e-05 
 3.67579692e-07  6.55590367e-06  3.67579692e-07  3.29999957e+00  3.67579692e-07  3.30000000e+00  3.67579692e-07 -2.34403453e-05 
 3.68079692e-07 -5.45909428e-06  3.68079692e-07  3.30000023e+00  3.68079692e-07  3.30000000e+00  3.68079692e-07  2.34398259e-05 
 3.68579692e-07  5.97993364e-06  3.68579692e-07  3.29999960e+00  3.68579692e-07  3.30000000e+00  3.68579692e-07 -2.34396592e-05 
 3.69079692e-07 -5.03531409e-06  3.69079692e-07  3.30000022e+00  3.69079692e-07  3.30000000e+00  3.69079692e-07  2.34391806e-05 
 3.69579692e-07  5.45314230e-06  3.69579692e-07  3.29999962e+00  3.69579692e-07  3.30000000e+00  3.69579692e-07 -2.34390316e-05 
 3.70079692e-07 -4.64848342e-06  3.70079692e-07  3.30000021e+00  3.70079692e-07  3.30000000e+00  3.70079692e-07  2.34385900e-05 
 3.70100000e-07  2.19379782e-06  3.70100000e-07  3.29999986e+00  3.70100000e-07  3.30000000e+00  3.70100000e-07 -2.34335975e-05 
 3.70103831e-07 -7.98656041e-04  3.70103831e-07  3.29907023e+00  3.70103831e-07  3.17356643e+00  3.70103831e-07 -2.85455077e-04 
 3.70111494e-07 -2.91364103e-03  3.70111494e-07  3.29662811e+00  3.70111494e-07  2.92069930e+00  3.70111494e-07 -2.60705242e-04 
 3.70126819e-07 -1.75465675e-02  3.70126819e-07  3.28131350e+00  3.70126819e-07  2.41496504e+00  3.70126819e-07 -3.68344797e-04 
 3.70157034e-07 -4.10295380e-02  3.70157034e-07  3.24818065e+00  3.70157034e-07  1.41788128e+00  3.70157034e-07 -6.24720378e-04 
 3.70200000e-07  4.96718892e-02  3.70200000e-07  3.25843017e+00  3.70200000e-07  0.00000000e+00  3.70200000e-07 -1.15409556e-03 
 3.70204216e-07  7.24949899e-02  3.70204216e-07  3.26946633e+00  3.70204216e-07  0.00000000e+00  3.70204216e-07 -7.91043674e-04 
 3.70212649e-07  1.17406949e-01  3.70212649e-07  3.28973812e+00  3.70212649e-07  0.00000000e+00  3.70212649e-07 -7.75619791e-04 
 3.70229514e-07  2.03820229e-01  3.70229514e-07  3.32250977e+00  3.70229514e-07  0.00000000e+00  3.70229514e-07 -7.53510525e-04 
 3.70263244e-07  3.71632421e-01  3.70263244e-07  3.36486867e+00  3.70263244e-07  0.00000000e+00  3.70263244e-07 -7.12360223e-04 
 3.70330705e-07  7.37260866e-01  3.70330705e-07  3.41407161e+00  3.70330705e-07  0.00000000e+00  3.70330705e-07 -6.45774587e-04 
 3.70435980e-07  1.44706649e+00  3.70435980e-07  3.48338863e+00  3.70435980e-07  0.00000000e+00  3.70435980e-07 -4.20060646e-04 
 3.70540644e-07  2.09796852e+00  3.70540644e-07  3.51018172e+00  3.70540644e-07  0.00000000e+00  3.70540644e-07 -2.27123408e-04 
 3.70651520e-07  2.55884761e+00  3.70651520e-07  3.45511361e+00  3.70651520e-07  0.00000000e+00  3.70651520e-07 -1.02142410e-04 
 3.70782649e-07  2.91265348e+00  3.70782649e-07  3.40543249e+00  3.70782649e-07  0.00000000e+00  3.70782649e-07 -5.09428904e-05 
 3.70910763e-07  3.11720059e+00  3.70910763e-07  3.35944542e+00  3.70910763e-07  0.00000000e+00  3.70910763e-07 -1.98519533e-05 
 3.71108259e-07  3.25069693e+00  3.71108259e-07  3.32156949e+00  3.71108259e-07  0.00000000e+00  3.71108259e-07 -1.17973919e-05 
 3.71303442e-07  3.28671154e+00  3.71303442e-07  3.30715299e+00  3.71303442e-07  0.00000000e+00  3.71303442e-07  2.81088662e-06 
 3.71693808e-07  3.30092027e+00  3.71693808e-07  3.29987050e+00  3.71693808e-07  0.00000000e+00  3.71693808e-07 -5.98777766e-06 
 3.72172151e-07  3.29985688e+00  3.72172151e-07  3.29999417e+00  3.72172151e-07  0.00000000e+00  3.72172151e-07  4.83355960e-06 
 3.72672151e-07  3.30007622e+00  3.72672151e-07  3.30003617e+00  3.72672151e-07  0.00000000e+00  3.72672151e-07 -5.74534171e-06 
 3.73172151e-07  3.29998018e+00  3.73172151e-07  3.29998438e+00  3.73172151e-07  0.00000000e+00  3.73172151e-07  5.14666946e-06 
 3.73672151e-07  3.30000614e+00  3.73672151e-07  3.30000912e+00  3.73672151e-07  0.00000000e+00  3.73672151e-07 -5.66067888e-06 
 3.74172151e-07  3.29999826e+00  3.74172151e-07  3.29999551e+00  3.74172151e-07  0.00000000e+00  3.74172151e-07  5.26990599e-06 
 3.74672151e-07  3.30000128e+00  3.74672151e-07  3.30000357e+00  3.74672151e-07  0.00000000e+00  3.74672151e-07 -5.61621642e-06 
 3.75172151e-07  3.29999964e+00  3.75172151e-07  3.29999813e+00  3.75172151e-07  0.00000000e+00  3.75172151e-07  5.33207816e-06 
 3.75672151e-07  3.30000056e+00  3.75672151e-07  3.30000174e+00  3.75672151e-07  0.00000000e+00  3.75672151e-07 -5.58935224e-06 
 3.76172151e-07  3.29999987e+00  3.76172151e-07  3.29999910e+00  3.76172151e-07  0.00000000e+00  3.76172151e-07  5.36774522e-06 
 3.76672151e-07  3.30000030e+00  3.76672151e-07  3.30000093e+00  3.76672151e-07  0.00000000e+00  3.76672151e-07 -5.57114471e-06 
 3.77172151e-07  3.29999996e+00  3.77172151e-07  3.29999957e+00  3.77172151e-07  0.00000000e+00  3.77172151e-07  5.39039115e-06 
 3.77672151e-07  3.30000017e+00  3.77672151e-07  3.30000052e+00  3.77672151e-07  0.00000000e+00  3.77672151e-07 -5.55781626e-06 
 3.78172151e-07  3.29999999e+00  3.78172151e-07  3.29999980e+00  3.78172151e-07  0.00000000e+00  3.78172151e-07  5.40574307e-06 
 3.78672151e-07  3.30000011e+00  3.78672151e-07  3.30000029e+00  3.78672151e-07  0.00000000e+00  3.78672151e-07 -5.54761298e-06 
 3.79172151e-07  3.30000001e+00  3.79172151e-07  3.29999992e+00  3.79172151e-07  0.00000000e+00  3.79172151e-07  5.41672121e-06 
 3.79672151e-07  3.30000007e+00  3.79672151e-07  3.30000017e+00  3.79672151e-07  0.00000000e+00  3.79672151e-07 -5.53957771e-06 
 3.80172151e-07  3.30000001e+00  3.80172151e-07  3.29999997e+00  3.80172151e-07  0.00000000e+00  3.80172151e-07  5.42492566e-06 
 3.80672151e-07  3.30000004e+00  3.80672151e-07  3.30000010e+00  3.80672151e-07  0.00000000e+00  3.80672151e-07 -5.53311922e-06 
 3.81172151e-07  3.30000001e+00  3.81172151e-07  3.30000000e+00  3.81172151e-07  0.00000000e+00  3.81172151e-07  5.43128294e-06 
 3.81672151e-07  3.30000003e+00  3.81672151e-07  3.30000007e+00  3.81672151e-07  0.00000000e+00  3.81672151e-07 -5.52784198e-06 
 3.82172151e-07  3.30000001e+00  3.82172151e-07  3.30000001e+00  3.82172151e-07  0.00000000e+00  3.82172151e-07  5.43635579e-06 
 3.82672151e-07  3.30000002e+00  3.82672151e-07  3.30000004e+00  3.82672151e-07  0.00000000e+00  3.82672151e-07 -5.52346828e-06 
 3.83172151e-07  3.30000001e+00  3.83172151e-07  3.30000001e+00  3.83172151e-07  0.00000000e+00  3.83172151e-07  5.44050112e-06 
 3.83672151e-07  3.30000001e+00  3.83672151e-07  3.30000003e+00  3.83672151e-07  0.00000000e+00  3.83672151e-07 -5.51979707e-06 
 3.84172151e-07  3.30000001e+00  3.84172151e-07  3.30000001e+00  3.84172151e-07  0.00000000e+00  3.84172151e-07  5.44395456e-06 
 3.84672151e-07  3.30000001e+00  3.84672151e-07  3.30000002e+00  3.84672151e-07  0.00000000e+00  3.84672151e-07 -5.51667993e-06 
 3.85172151e-07  3.30000000e+00  3.85172151e-07  3.30000001e+00  3.85172151e-07  0.00000000e+00  3.85172151e-07  5.44687754e-06 
 3.85672151e-07  3.30000000e+00  3.85672151e-07  3.30000001e+00  3.85672151e-07  0.00000000e+00  3.85672151e-07 -5.51400550e-06 
 3.86172151e-07  3.30000000e+00  3.86172151e-07  3.30000001e+00  3.86172151e-07  0.00000000e+00  3.86172151e-07  5.44938422e-06 
 3.86672151e-07  3.30000000e+00  3.86672151e-07  3.30000001e+00  3.86672151e-07  0.00000000e+00  3.86672151e-07 -5.51168908e-06 
 3.87172151e-07  3.30000000e+00  3.87172151e-07  3.30000001e+00  3.87172151e-07  0.00000000e+00  3.87172151e-07  5.45155775e-06 
 3.87672151e-07  3.30000000e+00  3.87672151e-07  3.30000001e+00  3.87672151e-07  0.00000000e+00  3.87672151e-07 -5.50966545e-06 
 3.88172151e-07  3.30000000e+00  3.88172151e-07  3.30000000e+00  3.88172151e-07  0.00000000e+00  3.88172151e-07  5.45346030e-06 
 3.88672151e-07  3.30000000e+00  3.88672151e-07  3.30000000e+00  3.88672151e-07  0.00000000e+00  3.88672151e-07 -5.50788385e-06 
 3.89172151e-07  3.30000000e+00  3.89172151e-07  3.30000000e+00  3.89172151e-07  0.00000000e+00  3.89172151e-07  5.45513934e-06 
 3.89672151e-07  3.30000000e+00  3.89672151e-07  3.30000000e+00  3.89672151e-07  0.00000000e+00  3.89672151e-07 -5.50630428e-06 
 3.90172151e-07  3.30000000e+00  3.90172151e-07  3.30000000e+00  3.90172151e-07  0.00000000e+00  3.90172151e-07  5.45663177e-06 
 3.90672151e-07  3.30000000e+00  3.90672151e-07  3.30000000e+00  3.90672151e-07  0.00000000e+00  3.90672151e-07 -5.50489489e-06 
 3.91172151e-07  3.30000000e+00  3.91172151e-07  3.30000000e+00  3.91172151e-07  0.00000000e+00  3.91172151e-07  5.45796679e-06 
 3.91672151e-07  3.30000000e+00  3.91672151e-07  3.30000000e+00  3.91672151e-07  0.00000000e+00  3.91672151e-07 -5.50363007e-06 
 3.92172151e-07  3.29999999e+00  3.92172151e-07  3.30000000e+00  3.92172151e-07  0.00000000e+00  3.92172151e-07  5.45916778e-06 
 3.92672151e-07  3.29999999e+00  3.92672151e-07  3.30000000e+00  3.92672151e-07  0.00000000e+00  3.92672151e-07 -5.50248903e-06 
 3.93172151e-07  3.29999999e+00  3.93172151e-07  3.30000000e+00  3.93172151e-07  0.00000000e+00  3.93172151e-07  5.46025375e-06 
 3.93672151e-07  3.29999999e+00  3.93672151e-07  3.30000000e+00  3.93672151e-07  0.00000000e+00  3.93672151e-07 -5.50145471e-06 
 3.94172151e-07  3.29999999e+00  3.94172151e-07  3.30000000e+00  3.94172151e-07  0.00000000e+00  3.94172151e-07  5.46124025e-06 
 3.94672151e-07  3.29999999e+00  3.94672151e-07  3.30000000e+00  3.94672151e-07  0.00000000e+00  3.94672151e-07 -5.50051303e-06 
 3.95172151e-07  3.29999999e+00  3.95172151e-07  3.30000000e+00  3.95172151e-07  0.00000000e+00  3.95172151e-07  5.46214020e-06 
 3.95672151e-07  3.29999999e+00  3.95672151e-07  3.30000000e+00  3.95672151e-07  0.00000000e+00  3.95672151e-07 -5.49965226e-06 
 3.96172151e-07  3.29999999e+00  3.96172151e-07  3.30000000e+00  3.96172151e-07  0.00000000e+00  3.96172151e-07  5.46296436e-06 
 3.96672151e-07  3.29999999e+00  3.96672151e-07  3.29999999e+00  3.96672151e-07  0.00000000e+00  3.96672151e-07 -5.49886252e-06 
 3.97172151e-07  3.29999999e+00  3.97172151e-07  3.29999999e+00  3.97172151e-07  0.00000000e+00  3.97172151e-07  5.46372180e-06 
 3.97672151e-07  3.29999999e+00  3.97672151e-07  3.29999999e+00  3.97672151e-07  0.00000000e+00  3.97672151e-07 -5.49813549e-06 
 3.98172151e-07  3.29999999e+00  3.98172151e-07  3.29999999e+00  3.98172151e-07  0.00000000e+00  3.98172151e-07  5.46442020e-06 
 3.98672151e-07  3.29999999e+00  3.98672151e-07  3.29999999e+00  3.98672151e-07  0.00000000e+00  3.98672151e-07 -5.49746408e-06 
 3.99172151e-07  3.29999999e+00  3.99172151e-07  3.29999999e+00  3.99172151e-07  0.00000000e+00  3.99172151e-07  5.46506613e-06 
 3.99672151e-07  3.29999999e+00  3.99672151e-07  3.29999999e+00  3.99672151e-07  0.00000000e+00  3.99672151e-07 -5.49684223e-06 
 4.00000000e-07  3.29999999e+00  4.00000000e-07  3.29999999e+00  4.00000000e-07  0.00000000e+00  4.00000000e-07  5.46556517e-06 
 4.00050000e-07  3.29999999e+00  4.00050000e-07  3.29999999e+00  4.00050000e-07  0.00000000e+00  4.00050000e-07 -1.55125398e-08 
 4.00150000e-07  3.29999999e+00  4.00150000e-07  3.29999999e+00  4.00150000e-07  0.00000000e+00  4.00150000e-07 -1.54543232e-08 
 4.00350000e-07  3.29999999e+00  4.00350000e-07  3.29999999e+00  4.00350000e-07  0.00000000e+00  4.00350000e-07 -1.53395810e-08 
 4.00750000e-07  3.29999999e+00  4.00750000e-07  3.29999999e+00  4.00750000e-07  0.00000000e+00  4.00750000e-07 -1.51147683e-08 
 4.01250000e-07  3.29999999e+00  4.01250000e-07  3.29999999e+00  4.01250000e-07  0.00000000e+00  4.01250000e-07 -1.48427578e-08 
 4.01750000e-07  3.29999999e+00  4.01750000e-07  3.29999999e+00  4.01750000e-07  0.00000000e+00  4.01750000e-07 -1.45799850e-08 
 4.02250000e-07  3.29999999e+00  4.02250000e-07  3.29999999e+00  4.02250000e-07  0.00000000e+00  4.02250000e-07 -1.43262249e-08 
 4.02750000e-07  3.29999999e+00  4.02750000e-07  3.29999999e+00  4.02750000e-07  0.00000000e+00  4.02750000e-07 -1.40807990e-08 
 4.03250000e-07  3.29999999e+00  4.03250000e-07  3.29999999e+00  4.03250000e-07  0.00000000e+00  4.03250000e-07 -1.38435355e-08 
 4.03750000e-07  3.29999999e+00  4.03750000e-07  3.29999999e+00  4.03750000e-07  0.00000000e+00  4.03750000e-07 -1.36138135e-08 
 4.04250000e-07  3.29999999e+00  4.04250000e-07  3.29999999e+00  4.04250000e-07  0.00000000e+00  4.04250000e-07 -1.33915083e-08 
 4.04750000e-07  3.29999999e+00  4.04750000e-07  3.29999999e+00  4.04750000e-07  0.00000000e+00  4.04750000e-07 -1.31760470e-08 
 4.05250000e-07  3.29999999e+00  4.05250000e-07  3.29999999e+00  4.05250000e-07  0.00000000e+00  4.05250000e-07 -1.29673458e-08 
 4.05750000e-07  3.29999999e+00  4.05750000e-07  3.29999999e+00  4.05750000e-07  0.00000000e+00  4.05750000e-07 -1.27648723e-08 
 4.06250000e-07  3.29999999e+00  4.06250000e-07  3.29999999e+00  4.06250000e-07  0.00000000e+00  4.06250000e-07 -1.25685785e-08 
 4.06750000e-07  3.29999999e+00  4.06750000e-07  3.29999999e+00  4.06750000e-07  0.00000000e+00  4.06750000e-07 -1.23779660e-08 
 4.07250000e-07  3.29999999e+00  4.07250000e-07  3.29999999e+00  4.07250000e-07  0.00000000e+00  4.07250000e-07 -1.21930181e-08 
 4.07750000e-07  3.29999999e+00  4.07750000e-07  3.29999999e+00  4.07750000e-07  0.00000000e+00  4.07750000e-07 -1.20132658e-08 
 4.08250000e-07  3.29999999e+00  4.08250000e-07  3.29999999e+00  4.08250000e-07  0.00000000e+00  4.08250000e-07 -1.18387191e-08 
 4.08750000e-07  3.29999999e+00  4.08750000e-07  3.29999999e+00  4.08750000e-07  0.00000000e+00  4.08750000e-07 -1.16689349e-08 
 4.09250000e-07  3.29999999e+00  4.09250000e-07  3.29999999e+00  4.09250000e-07  0.00000000e+00  4.09250000e-07 -1.15039463e-08 
 4.09750000e-07  3.29999999e+00  4.09750000e-07  3.29999999e+00  4.09750000e-07  0.00000000e+00  4.09750000e-07 -1.13433323e-08 
 4.10250000e-07  3.29999999e+00  4.10250000e-07  3.29999999e+00  4.10250000e-07  0.00000000e+00  4.10250000e-07 -1.11871468e-08 
 4.10750000e-07  3.29999999e+00  4.10750000e-07  3.29999999e+00  4.10750000e-07  0.00000000e+00  4.10750000e-07 -1.10349877e-08 
 4.11250000e-07  3.29999999e+00  4.11250000e-07  3.29999999e+00  4.11250000e-07  0.00000000e+00  4.11250000e-07 -1.08869270e-08 
 4.11750000e-07  3.29999999e+00  4.11750000e-07  3.29999999e+00  4.11750000e-07  0.00000000e+00  4.11750000e-07 -1.07425795e-08 
 4.12250000e-07  3.29999999e+00  4.12250000e-07  3.29999999e+00  4.12250000e-07  0.00000000e+00  4.12250000e-07 -1.06020329e-08 
 4.12750000e-07  3.29999999e+00  4.12750000e-07  3.29999999e+00  4.12750000e-07  0.00000000e+00  4.12750000e-07 -1.04649170e-08 
 4.13250000e-07  3.29999999e+00  4.13250000e-07  3.29999999e+00  4.13250000e-07  0.00000000e+00  4.13250000e-07 -1.03313331e-08 
 4.13750000e-07  3.29999999e+00  4.13750000e-07  3.29999999e+00  4.13750000e-07  0.00000000e+00  4.13750000e-07 -1.02009242e-08 
 4.14250000e-07  3.29999999e+00  4.14250000e-07  3.29999999e+00  4.14250000e-07  0.00000000e+00  4.14250000e-07 -1.00738041e-08 
 4.14750000e-07  3.29999999e+00  4.14750000e-07  3.29999999e+00  4.14750000e-07  0.00000000e+00  4.14750000e-07 -9.94962698e-09 
 4.15250000e-07  3.29999999e+00  4.15250000e-07  3.29999999e+00  4.15250000e-07  0.00000000e+00  4.15250000e-07 -9.82851767e-09 
 4.15750000e-07  3.29999999e+00  4.15750000e-07  3.29999999e+00  4.15750000e-07  0.00000000e+00  4.15750000e-07 -9.71014075e-09 
 4.16250000e-07  3.29999999e+00  4.16250000e-07  3.29999999e+00  4.16250000e-07  0.00000000e+00  4.16250000e-07 -9.59463055e-09 
 4.16750000e-07  3.29999999e+00  4.16750000e-07  3.29999999e+00  4.16750000e-07  0.00000000e+00  4.16750000e-07 -9.48166084e-09 
 4.17250000e-07  3.29999999e+00  4.17250000e-07  3.29999999e+00  4.17250000e-07  0.00000000e+00  4.17250000e-07 -9.37137454e-09 
 4.17750000e-07  3.29999999e+00  4.17750000e-07  3.29999999e+00  4.17750000e-07  0.00000000e+00  4.17750000e-07 -9.26345356e-09 
 4.18250000e-07  3.29999999e+00  4.18250000e-07  3.29999999e+00  4.18250000e-07  0.00000000e+00  4.18250000e-07 -9.15804853e-09 
 4.18750000e-07  3.29999999e+00  4.18750000e-07  3.29999999e+00  4.18750000e-07  0.00000000e+00  4.18750000e-07 -9.05484863e-09 
 4.19250000e-07  3.29999999e+00  4.19250000e-07  3.29999999e+00  4.19250000e-07  0.00000000e+00  4.19250000e-07 -8.95401137e-09 
 4.19750000e-07  3.29999999e+00  4.19750000e-07  3.29999999e+00  4.19750000e-07  0.00000000e+00  4.19750000e-07 -8.85523247e-09 
 4.20000000e-07  3.29999999e+00  4.20000000e-07  3.29999999e+00  4.20000000e-07  0.00000000e+00  4.20000000e-07 -8.80672901e-09 
 4.20010000e-07  3.32226050e+00  4.20010000e-07  3.32225034e+00  4.20010000e-07  3.30000000e-01  4.20010000e-07  4.12709688e-04 
 4.20030000e-07  3.36413053e+00  4.20030000e-07  3.36410609e+00  4.20030000e-07  9.90000000e-01  4.20030000e-07  4.61719372e-04 
 4.20070000e-07  3.44569566e+00  4.20070000e-07  3.44572616e+00  4.20070000e-07  2.31000000e+00  4.20070000e-07  4.58446348e-04 
 4.20100000e-07  3.48387622e+00  4.20100000e-07  3.48353479e+00  4.20100000e-07  3.30000000e+00  4.20100000e-07  2.92376130e-04 
 4.20104134e-07  3.48305896e+00  4.20104134e-07  3.48266906e+00  4.20104134e-07  3.30000000e+00  4.20104134e-07 -1.09902605e-05 
 4.20112401e-07  3.48060887e+00  4.20112401e-07  3.48007695e+00  4.20112401e-07  3.30000000e+00  4.20112401e-07 -3.84482344e-05 
 4.20128935e-07  3.47038755e+00  4.20128935e-07  3.46935709e+00  4.20128935e-07  3.30000000e+00  4.20128935e-07 -5.26419967e-05 
 4.20162003e-07  3.44200509e+00  4.20162003e-07  3.44019360e+00  4.20162003e-07  3.30000000e+00  4.20162003e-07 -7.08910770e-05 
 4.20219187e-07  3.24985550e+00  4.20219187e-07  3.25497737e+00  4.20219187e-07  3.30000000e+00  4.20219187e-07 -9.99257960e-05 
 4.20270858e-07  2.96236669e+00  4.20270858e-07  2.99035497e+00  4.20270858e-07  3.30000000e+00  4.20270858e-07 -1.25010009e-04 
 4.20344340e-07  2.54181816e+00  4.20344340e-07  2.58041022e+00  4.20344340e-07  3.30000000e+00  4.20344340e-07 -1.02682597e-04 
 4.20428080e-07  2.11914779e+00  4.20428080e-07  2.18089339e+00  4.20428080e-07  3.30000000e+00  4.20428080e-07 -1.77405035e-04 
 4.20547405e-07  1.69791652e+00  4.20547405e-07  1.88836432e+00  4.20547405e-07  3.30000000e+00  4.20547405e-07 -2.27975202e-04 
 4.20690253e-07  1.22008589e+00  4.20690253e-07  2.13225568e+00  4.20690253e-07  3.30000000e+00  4.20690253e-07 -3.28670786e-04 
 4.20829466e-07  7.75315665e-01  4.20829466e-07  2.70661390e+00  4.20829466e-07  3.30000000e+00  4.20829466e-07 -2.50389187e-04 
 4.20946925e-07  4.99464266e-01  4.20946925e-07  3.06763024e+00  4.20946925e-07  3.30000000e+00  4.20946925e-07 -1.75259068e-04 
 4.21075068e-07  2.66580181e-01  4.21075068e-07  3.21654003e+00  4.21075068e-07  3.30000000e+00  4.21075068e-07 -4.70206930e-05 
 4.21275945e-07  8.10759464e-02  4.21275945e-07  3.27961000e+00  4.21275945e-07  3.30000000e+00  4.21275945e-07 -4.17846977e-05 
 4.21499081e-07  1.72706166e-02  4.21499081e-07  3.29458665e+00  4.21499081e-07  3.30000000e+00  4.21499081e-07  1.71327936e-05 
 4.21791752e-07  1.81901347e-03  4.21791752e-07  3.29981149e+00  4.21791752e-07  3.30000000e+00  4.21791752e-07 -2.22808491e-05 
 4.22104497e-07 -2.90247484e-04  4.22104497e-07  3.29987286e+00  4.22104497e-07  3.30000000e+00  4.22104497e-07  2.18937822e-05 
 4.22604497e-07  3.09285548e-04  4.22604497e-07  3.30008436e+00  4.22604497e-07  3.30000000e+00  4.22604497e-07 -2.18950682e-05 
 4.23104497e-07 -2.95277276e-04  4.23104497e-07  3.29993651e+00  4.23104497e-07  3.30000000e+00  4.23104497e-07  2.18815457e-05 
 4.23604497e-07  2.76787564e-04  4.23604497e-07  3.30005086e+00  4.23604497e-07  3.30000000e+00  4.23604497e-07 -2.18641875e-05 
 4.24104497e-07 -2.58755706e-04  4.24104497e-07  3.29995708e+00  4.24104497e-07  3.30000000e+00  4.24104497e-07  2.18454762e-05 
 4.24604497e-07  2.41668641e-04  4.24604497e-07  3.30003721e+00  4.24604497e-07  3.30000000e+00  4.24604497e-07 -2.18270206e-05 
 4.25104497e-07 -2.26070165e-04  4.25104497e-07  3.29996680e+00  4.25104497e-07  3.30000000e+00  4.25104497e-07  2.18089290e-05 
 4.25604497e-07  2.11096059e-04  4.25604497e-07  3.30002990e+00  4.25604497e-07  3.30000000e+00  4.25604497e-07 -2.17918468e-05 
 4.26104497e-07 -1.97614247e-04  4.26104497e-07  3.29997265e+00  4.26104497e-07  3.30000000e+00  4.26104497e-07  2.17755205e-05 
 4.26604497e-07  1.84424828e-04  4.26604497e-07  3.30002503e+00  4.26604497e-07  3.30000000e+00  4.26604497e-07 -2.17603347e-05 
 4.27104497e-07 -1.72751064e-04  4.27104497e-07  3.29997688e+00  4.27104497e-07  3.30000000e+00  4.27104497e-07  2.17459475e-05 
 4.27604497e-07  1.61117704e-04  4.27604497e-07  3.30002127e+00  4.27604497e-07  3.30000000e+00  4.27604497e-07 -2.17326462e-05 
 4.28104497e-07 -1.51028889e-04  4.28104497e-07  3.29998029e+00  4.28104497e-07  3.30000000e+00  4.28104497e-07  2.17200791e-05 
 4.28604497e-07  1.40769567e-04  4.28604497e-07  3.30001815e+00  4.28604497e-07  3.30000000e+00  4.28604497e-07 -2.17084915e-05 
 4.29104497e-07 -1.32076577e-04  4.29104497e-07  3.29998318e+00  4.29104497e-07  3.30000000e+00  4.29104497e-07  2.16975468e-05 
 4.29604497e-07  1.23028779e-04  4.29604497e-07  3.30001549e+00  4.29604497e-07  3.30000000e+00  4.29604497e-07 -2.16874694e-05 
 4.30104497e-07 -1.15561402e-04  4.30104497e-07  3.29998565e+00  4.30104497e-07  3.30000000e+00  4.30104497e-07  2.16779439e-05 
 4.30604497e-07  1.07576734e-04  4.30604497e-07  3.30001321e+00  4.30604497e-07  3.30000000e+00  4.30604497e-07 -2.16691818e-05 
 4.31104497e-07 -1.01181087e-04  4.31104497e-07  3.29998777e+00  4.31104497e-07  3.30000000e+00  4.31104497e-07  2.16608891e-05 
 4.31604497e-07  9.41252503e-05  4.31604497e-07  3.30001124e+00  4.31604497e-07  3.30000000e+00  4.31604497e-07 -2.16532679e-05 
 4.32104497e-07 -8.86636356e-05  4.32104497e-07  3.29998960e+00  4.32104497e-07  3.30000000e+00  4.32104497e-07  2.16460437e-05 
 4.32604497e-07  8.24167300e-05  4.32604497e-07  3.30000955e+00  4.32604497e-07  3.30000000e+00  4.32604497e-07 -2.16394109e-05 
 4.33104497e-07 -7.77672828e-05  4.33104497e-07  3.29999116e+00  4.33104497e-07  3.30000000e+00  4.33104497e-07  2.16331122e-05 
 4.33604497e-07  7.22234621e-05  4.33604497e-07  3.30000811e+00  4.33604497e-07  3.30000000e+00  4.33604497e-07 -2.16273356e-05 
 4.34104497e-07 -6.82792422e-05  4.34104497e-07  3.29999250e+00  4.34104497e-07  3.30000000e+00  4.34104497e-07  2.16218390e-05 
 4.34604497e-07  6.33458036e-05  4.34604497e-07  3.30000687e+00  4.34604497e-07  3.30000000e+00  4.34604497e-07 -2.16168044e-05 
 4.35104497e-07 -6.00135121e-05  4.35104497e-07  3.29999365e+00  4.35104497e-07  3.30000000e+00  4.35104497e-07  2.16120031e-05 
 4.35604497e-07  5.56096841e-05  4.35604497e-07  3.30000581e+00  4.35604497e-07  3.30000000e+00  4.35604497e-07 -2.16076121e-05 
 4.36104497e-07 -5.28082278e-05  4.36104497e-07  3.29999463e+00  4.36104497e-07  3.30000000e+00  4.36104497e-07  2.16034139e-05 
 4.36604497e-07  4.88638620e-05  4.36604497e-07  3.30000491e+00  4.36604497e-07  3.30000000e+00  4.36604497e-07 -2.15995812e-05 
 4.37104497e-07 -4.65229184e-05  4.37104497e-07  3.29999547e+00  4.37104497e-07  3.30000000e+00  4.37104497e-07  2.15959066e-05 
 4.37604497e-07  4.29772093e-05  4.37604497e-07  3.30000414e+00  4.37604497e-07  3.30000000e+00  4.37604497e-07 -2.15925588e-05 
 4.38104497e-07 -4.10358765e-05  4.38104497e-07  3.29999618e+00  4.38104497e-07  3.30000000e+00  4.38104497e-07  2.15893389e-05 
 4.38604497e-07  3.78361731e-05  4.38604497e-07  3.30000349e+00  4.38604497e-07  3.30000000e+00  4.38604497e-07 -2.15864124e-05 
 4.39104497e-07 -3.62417438e-05  4.39104497e-07  3.29999678e+00  4.39104497e-07  3.30000000e+00  4.39104497e-07  2.15835878e-05 
 4.39604497e-07  3.33424797e-05  4.39604497e-07  3.30000293e+00  4.39604497e-07  3.30000000e+00  4.39604497e-07 -2.15810275e-05 
 4.40104497e-07 -3.20493512e-05  4.40104497e-07  3.29999730e+00  4.40104497e-07  3.30000000e+00  4.40104497e-07  2.15785467e-05 
 4.40604497e-07  2.94110974e-05  4.40604497e-07  3.30000246e+00  4.40604497e-07  3.30000000e+00  4.40604497e-07 -2.15763051e-05 
 4.41104497e-07 -2.83798141e-05  4.41104497e-07  3.29999774e+00  4.41104497e-07  3.30000000e+00  4.41104497e-07  2.15741236e-05 
 4.41604497e-07  2.59684496e-05  4.41604497e-07  3.30000205e+00  4.41604497e-07  3.30000000e+00  4.41604497e-07 -2.15721595e-05 
 4.42104497e-07 -2.51648684e-05  4.42104497e-07  3.29999811e+00  4.42104497e-07  3.30000000e+00  4.42104497e-07  2.15702387e-05 
 4.42604497e-07  2.29508597e-05  4.42604497e-07  3.30000171e+00  4.42604497e-07  3.30000000e+00  4.42604497e-07 -2.15685165e-05 
 4.43104497e-07 -2.13778058e-05  4.43104497e-07  3.29999832e+00  4.43104497e-07  3.30000000e+00  4.43104497e-07  2.15667885e-05 
 4.43604497e-07  2.20465311e-05  4.43604497e-07  3.30000117e+00  4.43604497e-07  3.30000000e+00  4.43604497e-07 -2.15655088e-05 
 4.44104497e-07 -1.84097426e-05  4.44104497e-07  3.29999845e+00  4.44104497e-07  3.30000000e+00  4.44104497e-07  2.15636361e-05 
 4.44604497e-07  1.94192076e-05  4.44604497e-07  3.30000097e+00  4.44604497e-07  3.30000000e+00  4.44604497e-07 -2.15626378e-05 
 4.45104497e-07 -1.63604031e-05  4.45104497e-07  3.29999871e+00  4.45104497e-07  3.30000000e+00  4.45104497e-07  2.15609987e-05 
 4.45604497e-07  1.72145559e-05  4.45604497e-07  3.30000078e+00  4.45604497e-07  3.30000000e+00  4.45604497e-07 -2.15601302e-05 
 4.46104497e-07 -1.45797626e-05  4.46104497e-07  3.29999892e+00  4.46104497e-07  3.30000000e+00  4.46104497e-07  2.15586755e-05 
 4.46604497e-07  1.52781456e-05  4.46604497e-07  3.30000063e+00  4.46604497e-07  3.30000000e+00  4.46604497e-07 -2.15579168e-05 
 4.47104497e-07 -1.30078925e-05  4.47104497e-07  3.29999911e+00  4.47104497e-07  3.30000000e+00  4.47104497e-07  2.15566244e-05 
 4.47604497e-07  1.35845971e-05  4.47604497e-07  3.30000050e+00  4.47604497e-07  3.30000000e+00  4.47604497e-07 -2.15559607e-05 
 4.48104497e-07 -1.16189105e-05  4.48104497e-07  3.29999926e+00  4.48104497e-07  3.30000000e+00  4.48104497e-07  2.15548101e-05 
 4.48604497e-07  1.20866902e-05  4.48604497e-07  3.30000039e+00  4.48604497e-07  3.30000000e+00  4.48604497e-07 -2.15542305e-05 
 4.49104497e-07 -1.03981988e-05  4.49104497e-07  3.29999939e+00  4.49104497e-07  3.30000000e+00  4.49104497e-07  2.15532043e-05 
 4.49604497e-07  1.07629039e-05  4.49604497e-07  3.30000030e+00  4.49604497e-07  3.30000000e+00  4.49604497e-07 -2.15526979e-05 
 4.50104497e-07 -9.32108684e-06  4.50104497e-07  3.29999950e+00  4.50104497e-07  3.30000000e+00  4.50104497e-07  2.15517812e-05 
 4.50604497e-07  9.59512600e-06  4.50604497e-07  3.30000023e+00  4.50604497e-07  3.30000000e+00  4.50604497e-07 -2.15513381e-05 
 4.51104497e-07 -8.36343851e-06  4.51104497e-07  3.29999959e+00  4.51104497e-07  3.30000000e+00  4.51104497e-07  2.15505184e-05 
 4.51604497e-07  8.56534549e-06  4.51604497e-07  3.30000016e+00  4.51604497e-07  3.30000000e+00  4.51604497e-07 -2.15501309e-05 
 4.52104497e-07 -7.51460964e-06  4.52104497e-07  3.29999966e+00  4.52104497e-07  3.30000000e+00  4.52104497e-07  2.15493961e-05 
 4.52604497e-07  7.64861436e-06  4.52604497e-07  3.30000011e+00  4.52604497e-07  3.30000000e+00  4.52604497e-07 -2.15490579e-05 
 4.53104497e-07 -6.76369551e-06  4.53104497e-07  3.29999973e+00  4.53104497e-07  3.30000000e+00  4.53104497e-07  2.15483984e-05 
 4.53604497e-07  6.83417094e-06  4.53604497e-07  3.30000007e+00  4.53604497e-07  3.30000000e+00  4.53604497e-07 -2.15481032e-05 
 4.54104497e-07 -6.09888835e-06  4.54104497e-07  3.29999978e+00  4.54104497e-07  3.30000000e+00  4.54104497e-07  2.15475101e-05 
 4.54604497e-07  6.10991011e-06  4.54604497e-07  3.30000004e+00  4.54604497e-07  3.30000000e+00  4.54604497e-07 -2.15472525e-05 
 4.55104497e-07 -5.50937599e-06  4.55104497e-07  3.29999983e+00  4.55104497e-07  3.30000000e+00  4.55104497e-07  2.15467180e-05 
 4.55604497e-07  5.46325333e-06  4.55604497e-07  3.30000001e+00  4.55604497e-07  3.30000000e+00  4.55604497e-07 -2.15464936e-05 
 4.56104497e-07 -4.98702589e-06  4.56104497e-07  3.29999987e+00  4.56104497e-07  3.30000000e+00  4.56104497e-07  2.15460111e-05 
 4.56604497e-07  4.88728711e-06  4.56604497e-07  3.29999999e+00  4.56604497e-07  3.30000000e+00  4.56604497e-07 -2.15458155e-05 
 4.57104497e-07 -4.51966393e-06  4.57104497e-07  3.29999990e+00  4.57104497e-07  3.30000000e+00  4.57104497e-07  2.15453795e-05 
 4.57604497e-07  4.37455267e-06  4.57604497e-07  3.29999997e+00  4.57604497e-07  3.30000000e+00  4.57604497e-07 -2.15452095e-05 
 4.58104497e-07 -4.10546463e-06  4.58104497e-07  3.29999992e+00  4.58104497e-07  3.30000000e+00  4.58104497e-07  2.15448141e-05 
 4.58604497e-07  3.91423601e-06  4.58604497e-07  3.29999996e+00  4.58604497e-07  3.30000000e+00  4.58604497e-07 -2.15446668e-05 
 4.59104497e-07 -3.73655403e-06  4.59104497e-07  3.29999994e+00  4.59104497e-07  3.30000000e+00  4.59104497e-07  2.15443080e-05 
 4.59604497e-07  3.50181138e-06  4.59604497e-07  3.29999995e+00  4.59604497e-07  3.30000000e+00  4.59604497e-07 -2.15441803e-05 
 4.60104497e-07 -3.40747167e-06  4.60104497e-07  3.29999996e+00  4.60104497e-07  3.30000000e+00  4.60104497e-07  2.15438540e-05 
 4.60604497e-07  3.13235864e-06  4.60604497e-07  3.29999994e+00  4.60604497e-07  3.30000000e+00  4.60604497e-07 -2.15437441e-05 
 4.61104497e-07 -3.11363887e-06  4.61104497e-07  3.29999997e+00  4.61104497e-07  3.30000000e+00  4.61104497e-07  2.15434467e-05 
 4.61604497e-07  2.80098572e-06  4.61604497e-07  3.29999994e+00  4.61604497e-07  3.30000000e+00  4.61604497e-07 -2.15433524e-05 
 4.62104497e-07 -2.85093456e-06  4.62104497e-07  3.29999999e+00  4.62104497e-07  3.30000000e+00  4.62104497e-07  2.15430806e-05 
 4.62604497e-07  2.50308320e-06  4.62604497e-07  3.29999993e+00  4.62604497e-07  3.30000000e+00  4.62604497e-07 -2.15430001e-05 
 4.63104497e-07 -2.61614730e-06  4.63104497e-07  3.29999999e+00  4.63104497e-07  3.30000000e+00  4.63104497e-07  2.15427513e-05 
 4.63604497e-07  2.23510811e-06  4.63604497e-07  3.29999993e+00  4.63604497e-07  3.30000000e+00  4.63604497e-07 -2.15426830e-05 
 4.64104497e-07 -2.40584592e-06  4.64104497e-07  3.30000000e+00  4.64104497e-07  3.30000000e+00  4.64104497e-07  2.15424548e-05 
 4.64604497e-07  1.99374819e-06  4.64604497e-07  3.29999993e+00  4.64604497e-07  3.30000000e+00  4.64604497e-07 -2.15423973e-05 
 4.65104497e-07 -2.21723707e-06  4.65104497e-07  3.30000001e+00  4.65104497e-07  3.30000000e+00  4.65104497e-07  2.15421874e-05 
 4.65604497e-07  1.77614178e-06  4.65604497e-07  3.29999993e+00  4.65604497e-07  3.30000000e+00  4.65604497e-07 -2.15421395e-05 
 4.66104497e-07 -2.04787666e-06  4.66104497e-07  3.30000001e+00  4.66104497e-07  3.30000000e+00  4.66104497e-07  2.15419461e-05 
 4.66604497e-07  1.57971152e-06  4.66604497e-07  3.29999993e+00  4.66604497e-07  3.30000000e+00  4.66604497e-07 -2.15419067e-05 
 4.67104497e-07 -1.89562843e-06  4.67104497e-07  3.30000001e+00  4.67104497e-07  3.30000000e+00  4.67104497e-07  2.15417281e-05 
 4.67604497e-07  1.40222546e-06  4.67604497e-07  3.29999993e+00  4.67604497e-07  3.30000000e+00  4.67604497e-07 -2.15416962e-05 
 4.68104497e-07 -1.75861698e-06  4.68104497e-07  3.30000002e+00  4.68104497e-07  3.30000000e+00  4.68104497e-07  2.15415309e-05 
 4.68604497e-07  1.24170623e-06  4.68604497e-07  3.29999993e+00  4.68604497e-07  3.30000000e+00  4.68604497e-07 -2.15415057e-05 
 4.69104497e-07 -1.63518773e-06  4.69104497e-07  3.30000002e+00  4.69104497e-07  3.30000000e+00  4.69104497e-07  2.15413524e-05 
 4.69604497e-07  1.09639975e-06  4.69604497e-07  3.29999994e+00  4.69604497e-07  3.30000000e+00  4.69604497e-07 -2.15413331e-05 
 4.70100000e-07 -1.52250162e-06  4.70100000e-07  3.30000002e+00  4.70100000e-07  3.30000000e+00  4.70100000e-07  2.15411899e-05 
 4.70110000e-07 -3.04285866e-03  4.70110000e-07  3.29706126e+00  4.70110000e-07  2.97000000e+00  4.70110000e-07 -2.80537077e-04 
 4.70130000e-07 -2.17777092e-02  4.70130000e-07  3.27711849e+00  4.70130000e-07  2.31000000e+00  4.70130000e-07 -3.68297038e-04 
 4.70170000e-07 -2.99332300e-02  4.70170000e-07  3.24454411e+00  4.70170000e-07  9.90000000e-01  4.70170000e-07 -7.90676308e-04 
 4.70200000e-07  4.79382696e-02  4.70200000e-07  3.25872719e+00  4.70200000e-07  0.00000000e+00  4.70200000e-07 -1.14066497e-03 
 4.70203597e-07  6.73577552e-02  4.70203597e-07  3.26827348e+00  4.70203597e-07  0.00000000e+00  4.70203597e-07 -7.91921075e-04 
 4.70210792e-07  1.05757475e-01  4.70210792e-07  3.28598997e+00  4.70210792e-07  0.00000000e+00  4.70210792e-07 -7.78418941e-04 
 4.70225181e-07  1.80036158e-01  4.70225181e-07  3.31528527e+00  4.70225181e-07  0.00000000e+00  4.70225181e-07 -7.58731908e-04 
 4.70253960e-07  3.23556011e-01  4.70253960e-07  3.35562164e+00  4.70253960e-07  0.00000000e+00  4.70253960e-07 -7.22153044e-04 
 4.70311516e-07  6.20412424e-01  4.70311516e-07  3.40036982e+00  4.70311516e-07  0.00000000e+00  4.70311516e-07 -6.71773973e-04 
 4.70413826e-07  1.29273362e+00  4.70413826e-07  3.47179275e+00  4.70413826e-07  0.00000000e+00  4.70413826e-07 -4.78501292e-04 
 4.70509547e-07  1.94540074e+00  4.70509547e-07  3.51411712e+00  4.70509547e-07  0.00000000e+00  4.70509547e-07 -2.71597717e-04 
 4.70628530e-07  2.50685246e+00  4.70628530e-07  3.46937373e+00  4.70628530e-07  0.00000000e+00  4.70628530e-07 -1.29467671e-04 
 4.70740019e-07  2.83071475e+00  4.70740019e-07  3.42387164e+00  4.70740019e-07  0.00000000e+00  4.70740019e-07 -5.76057399e-05 
 4.70880727e-07  3.09032417e+00  4.70880727e-07  3.36857236e+00  4.70880727e-07  0.00000000e+00  4.70880727e-07 -2.59495694e-05 
 4.71050945e-07  3.22895113e+00  4.71050945e-07  3.32920986e+00  4.71050945e-07  0.00000000e+00  4.71050945e-07 -1.20191525e-05 
 4.71245121e-07  3.28065112e+00  4.71245121e-07  3.30993398e+00  4.71245121e-07  0.00000000e+00  4.71245121e-07 -4.29711769e-07 
 4.71584590e-07  3.29997430e+00  4.71584590e-07  3.30054890e+00  4.71584590e-07  0.00000000e+00  4.71584590e-07 -3.67254616e-06 
 4.72047037e-07  3.29998461e+00  4.72047037e-07  3.29989095e+00  4.72047037e-07  0.00000000e+00  4.72047037e-07  2.30620324e-06 
 4.72547037e-07  3.30001122e+00  4.72547037e-07  3.30003661e+00  4.72547037e-07  0.00000000e+00  4.72547037e-07 -3.29700776e-06 
 4.73047037e-07  3.29999726e+00  4.73047037e-07  3.29998635e+00  4.73047037e-07  0.00000000e+00  4.73047037e-07  2.64606474e-06 
 4.73547037e-07  3.30000215e+00  4.73547037e-07  3.30000856e+00  4.73547037e-07  0.00000000e+00  4.73547037e-07 -3.18514243e-06 
 4.74047037e-07  3.29999986e+00  4.74047037e-07  3.29999547e+00  4.74047037e-07  0.00000000e+00  4.74047037e-07  2.77449036e-06 
 4.74547037e-07  3.30000070e+00  4.74547037e-07  3.30000381e+00  4.74547037e-07  0.00000000e+00  4.74547037e-07 -3.13416542e-06 
 4.75047037e-07  3.30000007e+00  4.75047037e-07  3.29999785e+00  4.75047037e-07  0.00000000e+00  4.75047037e-07  2.83931528e-06 
 4.75547037e-07  3.30000035e+00  4.75547037e-07  3.30000195e+00  4.75547037e-07  0.00000000e+00  4.75547037e-07 -3.10497122e-06 
 4.76047037e-07  3.30000007e+00  4.76047037e-07  3.29999897e+00  4.76047037e-07  0.00000000e+00  4.76047037e-07  2.87692407e-06 
 4.76547037e-07  3.30000020e+00  4.76547037e-07  3.30000101e+00  4.76547037e-07  0.00000000e+00  4.76547037e-07 -3.08536578e-06 
 4.77047037e-07  3.30000006e+00  4.77047037e-07  3.29999951e+00  4.77047037e-07  0.00000000e+00  4.77047037e-07  2.90029685e-06 
 4.77547037e-07  3.30000012e+00  4.77547037e-07  3.30000055e+00  4.77547037e-07  0.00000000e+00  4.77547037e-07 -3.07124181e-06 
 4.78047037e-07  3.30000005e+00  4.78047037e-07  3.29999977e+00  4.78047037e-07  0.00000000e+00  4.78047037e-07  2.91609583e-06 
 4.78547037e-07  3.30000008e+00  4.78547037e-07  3.30000031e+00  4.78547037e-07  0.00000000e+00  4.78547037e-07 -3.06055428e-06 
 4.79047037e-07  3.30000004e+00  4.79047037e-07  3.29999990e+00  4.79047037e-07  0.00000000e+00  4.79047037e-07  2.92737159e-06 
 4.79547037e-07  3.30000005e+00  4.79547037e-07  3.30000018e+00  4.79547037e-07  0.00000000e+00  4.79547037e-07 -3.05220694e-06 
 4.80047037e-07  3.30000003e+00  4.80047037e-07  3.29999996e+00  4.80047037e-07  0.00000000e+00  4.80047037e-07  2.93578496e-06 
 4.80547037e-07  3.30000004e+00  4.80547037e-07  3.30000011e+00  4.80547037e-07  0.00000000e+00  4.80547037e-07 -3.04553742e-06 
 4.81047037e-07  3.30000002e+00  4.81047037e-07  3.29999999e+00  4.81047037e-07  0.00000000e+00  4.81047037e-07  2.94229424e-06 
 4.81547037e-07  3.30000003e+00  4.81547037e-07  3.30000007e+00  4.81547037e-07  0.00000000e+00  4.81547037e-07 -3.04011147e-06 
 4.82047037e-07  3.30000002e+00  4.82047037e-07  3.30000001e+00  4.82047037e-07  0.00000000e+00  4.82047037e-07  2.94748087e-06 
 4.82547037e-07  3.30000002e+00  4.82547037e-07  3.30000004e+00  4.82547037e-07  0.00000000e+00  4.82547037e-07 -3.03562926e-06 
 4.83047037e-07  3.30000001e+00  4.83047037e-07  3.30000001e+00  4.83047037e-07  0.00000000e+00  4.83047037e-07  2.95171329e-06 
 4.83547037e-07  3.30000001e+00  4.83547037e-07  3.30000003e+00  4.83547037e-07  0.00000000e+00  4.83547037e-07 -3.03187652e-06 
 4.84047037e-07  3.30000001e+00  4.84047037e-07  3.30000001e+00  4.84047037e-07  0.00000000e+00  4.84047037e-07  2.95523465e-06 
 4.84547037e-07  3.30000001e+00  4.84547037e-07  3.30000002e+00  4.84547037e-07  0.00000000e+00  4.84547037e-07 -3.02869654e-06 
 4.85047037e-07  3.30000001e+00  4.85047037e-07  3.30000001e+00  4.85047037e-07  0.00000000e+00  4.85047037e-07  2.95821141e-06 
 4.85547037e-07  3.30000001e+00  4.85547037e-07  3.30000001e+00  4.85547037e-07  0.00000000e+00  4.85547037e-07 -3.02597263e-06 
 4.86047037e-07  3.30000000e+00  4.86047037e-07  3.30000001e+00  4.86047037e-07  0.00000000e+00  4.86047037e-07  2.96076132e-06 
 4.86547037e-07  3.30000000e+00  4.86547037e-07  3.30000001e+00  4.86547037e-07  0.00000000e+00  4.86547037e-07 -3.02361656e-06 
 4.87047037e-07  3.30000000e+00  4.87047037e-07  3.30000001e+00  4.87047037e-07  0.00000000e+00  4.87047037e-07  2.96297009e-06 
 4.87547037e-07  3.30000000e+00  4.87547037e-07  3.30000001e+00  4.87547037e-07  0.00000000e+00  4.87547037e-07 -3.02156067e-06 
 4.88047037e-07  3.30000000e+00  4.88047037e-07  3.30000000e+00  4.88047037e-07  0.00000000e+00  4.88047037e-07  2.96490165e-06 
 4.88547037e-07  3.30000000e+00  4.88547037e-07  3.30000000e+00  4.88547037e-07  0.00000000e+00  4.88547037e-07 -3.01975246e-06 
 4.89047037e-07  3.30000000e+00  4.89047037e-07  3.30000000e+00  4.89047037e-07  0.00000000e+00  4.89047037e-07  2.96660484e-06 
 4.89547037e-07  3.30000000e+00  4.89547037e-07  3.30000000e+00  4.89547037e-07  0.00000000e+00  4.89547037e-07 -3.01815068e-06 
 4.90047037e-07  3.30000000e+00  4.90047037e-07  3.30000000e+00  4.90047037e-07  0.00000000e+00  4.90047037e-07  2.96811757e-06 
 4.90547037e-07  3.30000000e+00  4.90547037e-07  3.30000000e+00  4.90547037e-07  0.00000000e+00  4.90547037e-07 -3.01672257e-06 
 4.91047037e-07  3.30000000e+00  4.91047037e-07  3.30000000e+00  4.91047037e-07  0.00000000e+00  4.91047037e-07  2.96946979e-06 
 4.91547037e-07  3.30000000e+00  4.91547037e-07  3.30000000e+00  4.91547037e-07  0.00000000e+00  4.91547037e-07 -3.01544183e-06 
 4.92047037e-07  3.30000000e+00  4.92047037e-07  3.30000000e+00  4.92047037e-07  0.00000000e+00  4.92047037e-07  2.97068549e-06 
 4.92547037e-07  3.30000000e+00  4.92547037e-07  3.30000000e+00  4.92547037e-07  0.00000000e+00  4.92547037e-07 -3.01428714e-06 
 4.93047037e-07  3.29999999e+00  4.93047037e-07  3.30000000e+00  4.93047037e-07  0.00000000e+00  4.93047037e-07  2.97178412e-06 
 4.93547037e-07  3.29999999e+00  4.93547037e-07  3.30000000e+00  4.93547037e-07  0.00000000e+00  4.93547037e-07 -3.01324104e-06 
 4.94047037e-07  3.29999999e+00  4.94047037e-07  3.30000000e+00  4.94047037e-07  0.00000000e+00  4.94047037e-07  2.97278160e-06 
 4.94547037e-07  3.29999999e+00  4.94547037e-07  3.30000000e+00  4.94547037e-07  0.00000000e+00  4.94547037e-07 -3.01228911e-06 
 4.95047037e-07  3.29999999e+00  4.95047037e-07  3.30000000e+00  4.95047037e-07  0.00000000e+00  4.95047037e-07  2.97369111e-06 
 4.95547037e-07  3.29999999e+00  4.95547037e-07  3.30000000e+00  4.95547037e-07  0.00000000e+00  4.95547037e-07 -3.01141937e-06 
 4.96047037e-07  3.29999999e+00  4.96047037e-07  3.29999999e+00  4.96047037e-07  0.00000000e+00  4.96047037e-07  2.97452367e-06 
 4.96547037e-07  3.29999999e+00  4.96547037e-07  3.29999999e+00  4.96547037e-07  0.00000000e+00  4.96547037e-07 -3.01062176e-06 
 4.97047037e-07  3.29999999e+00  4.97047037e-07  3.29999999e+00  4.97047037e-07  0.00000000e+00  4.97047037e-07  2.97528851e-06 
 4.97547037e-07  3.29999999e+00  4.97547037e-07  3.29999999e+00  4.97547037e-07  0.00000000e+00  4.97547037e-07 -3.00988777e-06 
 4.98047037e-07  3.29999999e+00  4.98047037e-07  3.29999999e+00  4.98047037e-07  0.00000000e+00  4.98047037e-07  2.97599347e-06 
 4.98547037e-07  3.29999999e+00  4.98547037e-07  3.29999999e+00  4.98547037e-07  0.00000000e+00  4.98547037e-07 -3.00921018e-06 
 4.99047037e-07  3.29999999e+00  4.99047037e-07  3.29999999e+00  4.99047037e-07  0.00000000e+00  4.99047037e-07  2.97664524e-06 
 4.99547037e-07  3.29999999e+00  4.99547037e-07  3.29999999e+00  4.99547037e-07  0.00000000e+00  4.99547037e-07 -3.00858282e-06 
 5.00000000e-07  3.29999999e+00  5.00000000e-07  3.29999999e+00  5.00000000e-07  0.00000000e+00  5.00000000e-07  2.97722209e-06 
 5.00050000e-07  3.29999999e+00  5.00050000e-07  3.29999999e+00  5.00050000e-07  0.00000000e+00  5.00050000e-07 -1.55168347e-08 
 5.00150000e-07  3.29999999e+00  5.00150000e-07  3.29999999e+00  5.00150000e-07  0.00000000e+00  5.00150000e-07 -1.54586591e-08 
 5.00350000e-07  3.29999999e+00  5.00350000e-07  3.29999999e+00  5.00350000e-07  0.00000000e+00  5.00350000e-07 -1.53439848e-08 
 5.00750000e-07  3.29999999e+00  5.00750000e-07  3.29999999e+00  5.00750000e-07  0.00000000e+00  5.00750000e-07 -1.51193060e-08 
 5.01250000e-07  3.29999999e+00  5.01250000e-07  3.29999999e+00  5.01250000e-07  0.00000000e+00  5.01250000e-07 -1.48474555e-08 
 5.01750000e-07  3.29999999e+00  5.01750000e-07  3.29999999e+00  5.01750000e-07  0.00000000e+00  5.01750000e-07 -1.45848359e-08 
 5.02250000e-07  3.29999999e+00  5.02250000e-07  3.29999999e+00  5.02250000e-07  0.00000000e+00  5.02250000e-07 -1.43312222e-08 
 5.02750000e-07  3.29999999e+00  5.02750000e-07  3.29999999e+00  5.02750000e-07  0.00000000e+00  5.02750000e-07 -1.40859365e-08 
 5.03250000e-07  3.29999999e+00  5.03250000e-07  3.29999999e+00  5.03250000e-07  0.00000000e+00  5.03250000e-07 -1.38488073e-08 
 5.03750000e-07  3.29999999e+00  5.03750000e-07  3.29999999e+00  5.03750000e-07  0.00000000e+00  5.03750000e-07 -1.36192139e-08 
 5.04250000e-07  3.29999999e+00  5.04250000e-07  3.29999999e+00  5.04250000e-07  0.00000000e+00  5.04250000e-07 -1.33970321e-08 
 5.04750000e-07  3.29999999e+00  5.04750000e-07  3.29999999e+00  5.04750000e-07  0.00000000e+00  5.04750000e-07 -1.31816891e-08 
 5.05250000e-07  3.29999999e+00  5.05250000e-07  3.29999999e+00  5.05250000e-07  0.00000000e+00  5.05250000e-07 -1.29731017e-08 
 5.05750000e-07  3.29999999e+00  5.05750000e-07  3.29999999e+00  5.05750000e-07  0.00000000e+00  5.05750000e-07 -1.27707374e-08 
 5.06250000e-07  3.29999999e+00  5.06250000e-07  3.29999999e+00  5.06250000e-07  0.00000000e+00  5.06250000e-07 -1.25745486e-08 
 5.06750000e-07  3.29999999e+00  5.06750000e-07  3.29999999e+00  5.06750000e-07  0.00000000e+00  5.06750000e-07 -1.23840372e-08 
 5.07250000e-07  3.29999999e+00  5.07250000e-07  3.29999999e+00  5.07250000e-07  0.00000000e+00  5.07250000e-07 -1.21991865e-08 
 5.07750000e-07  3.29999999e+00  5.07750000e-07  3.29999999e+00  5.07750000e-07  0.00000000e+00  5.07750000e-07 -1.20195279e-08 
 5.08250000e-07  3.29999999e+00  5.08250000e-07  3.29999999e+00  5.08250000e-07  0.00000000e+00  5.08250000e-07 -1.18450716e-08 
 5.08750000e-07  3.29999999e+00  5.08750000e-07  3.29999999e+00  5.08750000e-07  0.00000000e+00  5.08750000e-07 -1.16753742e-08 
 5.09250000e-07  3.29999999e+00  5.09250000e-07  3.29999999e+00  5.09250000e-07  0.00000000e+00  5.09250000e-07 -1.15104697e-08 
 5.09750000e-07  3.29999999e+00  5.09750000e-07  3.29999999e+00  5.09750000e-07  0.00000000e+00  5.09750000e-07 -1.13499366e-08 
 5.10250000e-07  3.29999999e+00  5.10250000e-07  3.29999999e+00  5.10250000e-07  0.00000000e+00  5.10250000e-07 -1.11938294e-08 
 5.10750000e-07  3.29999999e+00  5.10750000e-07  3.29999999e+00  5.10750000e-07  0.00000000e+00  5.10750000e-07 -1.10417458e-08 
 5.11250000e-07  3.29999999e+00  5.11250000e-07  3.29999999e+00  5.11250000e-07  0.00000000e+00  5.11250000e-07 -1.08937581e-08 
 5.11750000e-07  3.29999999e+00  5.11750000e-07  3.29999999e+00  5.11750000e-07  0.00000000e+00  5.11750000e-07 -1.07494812e-08 
 5.12250000e-07  3.29999999e+00  5.12250000e-07  3.29999999e+00  5.12250000e-07  0.00000000e+00  5.12250000e-07 -1.06090030e-08 
 5.12750000e-07  3.29999999e+00  5.12750000e-07  3.29999999e+00  5.12750000e-07  0.00000000e+00  5.12750000e-07 -1.04719530e-08 
 5.13250000e-07  3.29999999e+00  5.13250000e-07  3.29999999e+00  5.13250000e-07  0.00000000e+00  5.13250000e-07 -1.03384332e-08 
 5.13750000e-07  3.29999999e+00  5.13750000e-07  3.29999999e+00  5.13750000e-07  0.00000000e+00  5.13750000e-07 -1.02080861e-08 
 5.14250000e-07  3.29999999e+00  5.14250000e-07  3.29999999e+00  5.14250000e-07  0.00000000e+00  5.14250000e-07 -1.00810260e-08 
 5.14750000e-07  3.29999999e+00  5.14750000e-07  3.29999999e+00  5.14750000e-07  0.00000000e+00  5.14750000e-07 -9.95690704e-09 
 5.15250000e-07  3.29999999e+00  5.15250000e-07  3.29999999e+00  5.15250000e-07  0.00000000e+00  5.15250000e-07 -9.83585421e-09 
 5.15750000e-07  3.29999999e+00  5.15750000e-07  3.29999999e+00  5.15750000e-07  0.00000000e+00  5.15750000e-07 -9.71753189e-09 
 5.16250000e-07  3.29999999e+00  5.16250000e-07  3.29999999e+00  5.16250000e-07  0.00000000e+00  5.16250000e-07 -9.60207485e-09 
 5.16750000e-07  3.29999999e+00  5.16750000e-07  3.29999999e+00  5.16750000e-07  0.00000000e+00  5.16750000e-07 -9.48915654e-09 
 5.17250000e-07  3.29999999e+00  5.17250000e-07  3.29999999e+00  5.17250000e-07  0.00000000e+00  5.17250000e-07 -9.37892035e-09 
 5.17750000e-07  3.29999999e+00  5.17750000e-07  3.29999999e+00  5.17750000e-07  0.00000000e+00  5.17750000e-07 -9.27104784e-09 
 5.18250000e-07  3.29999999e+00  5.18250000e-07  3.29999999e+00  5.18250000e-07  0.00000000e+00  5.18250000e-07 -9.16569009e-09 
 5.18750000e-07  3.29999999e+00  5.18750000e-07  3.29999999e+00  5.18750000e-07  0.00000000e+00  5.18750000e-07 -9.06253596e-09 
 5.19250000e-07  3.29999999e+00  5.19250000e-07  3.29999999e+00  5.19250000e-07  0.00000000e+00  5.19250000e-07 -8.96174338e-09 
 5.19750000e-07  3.29999999e+00  5.19750000e-07  3.29999999e+00  5.19750000e-07  0.00000000e+00  5.19750000e-07 -8.86300774e-09 
 5.20000000e-07  3.29999999e+00  5.20000000e-07  3.29999999e+00  5.20000000e-07  0.00000000e+00  5.20000000e-07 -8.81452562e-09 
 5.20010000e-07  3.32226026e+00  5.20010000e-07  3.32225053e+00  5.20010000e-07  3.30000000e-01  5.20010000e-07  4.12709173e-04 
 5.20030000e-07  3.36413010e+00  5.20030000e-07  3.36410645e+00  5.20030000e-07  9.90000000e-01  5.20030000e-07  4.61718678e-04 
 5.20070000e-07  3.44570795e+00  5.20070000e-07  3.44571535e+00  5.20070000e-07  2.31000000e+00  5.20070000e-07  4.58459840e-04 
 5.20100000e-07  3.48385702e+00  5.20100000e-07  3.48355459e+00  5.20100000e-07  3.30000000e+00  5.20100000e-07  2.92324474e-04 
 5.20104134e-07  3.48303082e+00  5.20104134e-07  3.48269803e+00  5.20104134e-07  3.30000000e+00  5.20104134e-07 -1.10386164e-05 
 5.20112402e-07  3.48055452e+00  5.20112402e-07  3.48013265e+00  5.20112402e-07  3.30000000e+00  5.20112402e-07 -3.84571956e-05 
 5.20128938e-07  3.47023877e+00  5.20128938e-07  3.46950356e+00  5.20128938e-07  3.30000000e+00  5.20128938e-07 -5.26468094e-05 
 5.20162009e-07  3.44170781e+00  5.20162009e-07  3.44048248e+00  5.20162009e-07  3.30000000e+00  5.20162009e-07 -7.08895858e-05 
 5.20219197e-07  3.25080349e+00  5.20219197e-07  3.25399511e+00  5.20219197e-07  3.30000000e+00  5.20219197e-07 -9.99236204e-05 
 5.20271350e-07  2.96470851e+00  5.20271350e-07  2.98262640e+00  5.20271350e-07  3.30000000e+00  5.20271350e-07 -1.25001296e-04 
 5.20345259e-07  2.54399354e+00  5.20345259e-07  2.56817136e+00  5.20345259e-07  3.30000000e+00  5.20345259e-07 -1.02809135e-04 
 5.20429802e-07  2.12282843e+00  5.20429802e-07  2.16262042e+00  5.20429802e-07  3.30000000e+00  5.20429802e-07 -1.78585313e-04 
 5.20556149e-07  1.70540225e+00  5.20556149e-07  1.84739577e+00  5.20556149e-07  3.30000000e+00  5.20556149e-07 -2.32331150e-04 
 5.20701207e-07  1.28170284e+00  5.20701207e-07  2.04391980e+00  5.20701207e-07  3.30000000e+00  5.20701207e-07 -3.26629176e-04 
 5.20857580e-07  7.86515275e-01  5.20857580e-07  2.67245854e+00  5.20857580e-07  3.30000000e+00  5.20857580e-07 -2.60022105e-04 
 5.20974838e-07  5.08609074e-01  5.20974838e-07  3.05323132e+00  5.20974838e-07  3.30000000e+00  5.20974838e-07 -1.80318454e-04 
 5.21107251e-07  2.70208492e-01  5.21107251e-07  3.21643256e+00  5.21107251e-07  3.30000000e+00  5.21107251e-07 -4.81250654e-05 
 5.21295732e-07  8.84185550e-02  5.21295732e-07  3.27683677e+00  5.21295732e-07  3.30000000e+00  5.21295732e-07 -4.34813299e-05 
 5.21515500e-07  2.08208160e-02  5.21515500e-07  3.29405283e+00  5.21515500e-07  3.30000000e+00  5.21515500e-07  1.60769637e-05 
 5.21802151e-07  1.49553381e-03  5.21802151e-07  3.29957750e+00  5.21802151e-07  3.30000000e+00  5.21802151e-07 -2.20866152e-05 
 5.22101680e-07  4.43219835e-04  5.22101680e-07  3.29992361e+00  5.22101680e-07  3.30000000e+00  5.22101680e-07  2.16270118e-05 
 5.22601680e-07 -3.32332578e-04  5.22601680e-07  3.30003736e+00  5.22601680e-07  3.30000000e+00  5.22601680e-07 -2.16779801e-05 
 5.23101680e-07  2.99121937e-04  5.23101680e-07  3.29997435e+00  5.23101680e-07  3.30000000e+00  5.23101680e-07  2.17038240e-05 
 5.23601680e-07 -2.81041758e-04  5.23601680e-07  3.30002076e+00  5.23601680e-07  3.30000000e+00  5.23601680e-07 -2.17231434e-05 
 5.24101680e-07  2.67712180e-04  5.24101680e-07  3.29998144e+00  5.24101680e-07  3.30000000e+00  5.24101680e-07  2.17396216e-05 
 5.24601680e-07 -2.55130387e-04  5.24601680e-07  3.30001717e+00  5.24601680e-07  3.30000000e+00  5.24601680e-07 -2.17548669e-05 
 5.25101680e-07  2.44023175e-04  5.25101680e-07  3.29998355e+00  5.25101680e-07  3.30000000e+00  5.25101680e-07  2.17689167e-05 
 5.25601680e-07 -2.33189294e-04  5.25601680e-07  3.30001578e+00  5.25601680e-07  3.30000000e+00  5.25601680e-07 -2.17823822e-05 
 5.26101680e-07  2.23322715e-04  5.26101680e-07  3.29998463e+00  5.26101680e-07  3.30000000e+00  5.26101680e-07  2.17950128e-05 
 5.26601680e-07 -2.13778687e-04  5.26601680e-07  3.30001484e+00  5.26601680e-07  3.30000000e+00  5.26601680e-07 -2.18072525e-05 
 5.27101680e-07  2.04871425e-04  5.27101680e-07  3.29998553e+00  5.27101680e-07  3.30000000e+00  5.27101680e-07  2.18187988e-05 
 5.27601680e-07 -1.96366727e-04  5.27601680e-07  3.30001394e+00  5.27601680e-07  3.30000000e+00  5.27601680e-07 -2.18300342e-05 
 5.28101680e-07  1.88234563e-04  5.28101680e-07  3.29998644e+00  5.28101680e-07  3.30000000e+00  5.28101680e-07  2.18406500e-05 
 5.28601680e-07 -1.80595724e-04  5.28601680e-07  3.30001303e+00  5.28601680e-07  3.30000000e+00  5.28601680e-07 -2.18509973e-05 
 5.29101680e-07  1.73112507e-04  5.29101680e-07  3.29998736e+00  5.29101680e-07  3.30000000e+00  5.29101680e-07  2.18607747e-05 
 5.29601680e-07 -1.66216933e-04  5.29601680e-07  3.30001211e+00  5.29601680e-07  3.30000000e+00  5.29601680e-07 -2.18703127e-05 
 5.30101680e-07  1.59294665e-04  5.30101680e-07  3.29998828e+00  5.30101680e-07  3.30000000e+00  5.30101680e-07  2.18793213e-05 
 5.30601680e-07 -1.53052455e-04  5.30601680e-07  3.30001122e+00  5.30601680e-07  3.30000000e+00  5.30601680e-07 -2.18881146e-05 
 5.31101680e-07  1.46626962e-04  5.31101680e-07  3.29998916e+00  5.31101680e-07  3.30000000e+00  5.31101680e-07  2.18964144e-05 
 5.31601680e-07 -1.40968791e-04  5.31601680e-07  3.30001037e+00  5.31601680e-07  3.30000000e+00  5.31601680e-07 -2.19045207e-05 
 5.32101680e-07  1.34990555e-04  5.32101680e-07  3.29998999e+00  5.32101680e-07  3.30000000e+00  5.32101680e-07  2.19121663e-05 
 5.32601680e-07 -1.29860231e-04  5.32601680e-07  3.30000956e+00  5.32601680e-07  3.30000000e+00  5.32601680e-07 -2.19196385e-05 
 5.33101680e-07  1.24288896e-04  5.33101680e-07  3.29999077e+00  5.33101680e-07  3.30000000e+00  5.33101680e-07  2.19266806e-05 
 5.33601680e-07 -1.19638943e-04  5.33601680e-07  3.30000882e+00  5.33601680e-07  3.30000000e+00  5.33601680e-07 -2.19335679e-05 
 5.34101680e-07  1.14440141e-04  5.34101680e-07  3.29999149e+00  5.34101680e-07  3.30000000e+00  5.34101680e-07  2.19400532e-05 
 5.34601680e-07 -1.10229211e-04  5.34601680e-07  3.30000812e+00  5.34601680e-07  3.30000000e+00  5.34601680e-07 -2.19464011e-05 
 5.35101680e-07  1.05372730e-04  5.35101680e-07  3.29999216e+00  5.35101680e-07  3.30000000e+00  5.35101680e-07  2.19523731e-05 
 5.35601680e-07 -1.01564072e-04  5.35601680e-07  3.30000748e+00  5.35601680e-07  3.30000000e+00  5.35601680e-07 -2.19582238e-05 
 5.36101680e-07  9.70228030e-05  5.36101680e-07  3.29999278e+00  5.36101680e-07  3.30000000e+00  5.36101680e-07  2.19637227e-05 
 5.36601680e-07 -9.35833166e-05  5.36601680e-07  3.30000689e+00  5.36601680e-07  3.30000000e+00  5.36601680e-07 -2.19691151e-05 
 5.37101680e-07  8.93326218e-05  5.37101680e-07  3.29999335e+00  5.37101680e-07  3.30000000e+00  5.37101680e-07  2.19741779e-05 
 5.37601680e-07 -8.62322571e-05  5.37601680e-07  3.30000634e+00  5.37601680e-07  3.30000000e+00  5.37601680e-07 -2.19791481e-05 
 5.38101680e-07  8.22495765e-05  5.38101680e-07  3.29999388e+00  5.38101680e-07  3.30000000e+00  5.38101680e-07  2.19838092e-05 
 5.38601680e-07 -7.94609166e-05  5.38601680e-07  3.30000584e+00  5.38601680e-07  3.30000000e+00  5.38601680e-07 -2.19883902e-05 
 5.39101680e-07  7.57255041e-05  5.39101680e-07  3.29999436e+00  5.39101680e-07  3.30000000e+00  5.39101680e-07  2.19926811e-05 
 5.39601680e-07 -7.32234599e-05  5.39601680e-07  3.30000538e+00  5.39601680e-07  3.30000000e+00  5.39601680e-07 -2.19969037e-05 
 5.40101680e-07  6.97161928e-05  5.40101680e-07  3.29999481e+00  5.40101680e-07  3.30000000e+00  5.40101680e-07  2.20008535e-05 
 5.40601680e-07 -6.74777639e-05  5.40601680e-07  3.30000495e+00  5.40601680e-07  3.30000000e+00  5.40601680e-07 -2.20047458e-05 
 5.41101680e-07  6.41809943e-05  5.41101680e-07  3.29999522e+00  5.41101680e-07  3.30000000e+00  5.41101680e-07  2.20083814e-05 
 5.41601680e-07 -6.21850710e-05  5.41601680e-07  3.30000456e+00  5.41601680e-07  3.30000000e+00  5.41601680e-07 -2.20119694e-05 
 5.42101680e-07  5.90825024e-05  5.42101680e-07  3.29999560e+00  5.42101680e-07  3.30000000e+00  5.42101680e-07  2.20153156e-05 
 5.42601680e-07 -5.73096967e-05  5.42601680e-07  3.30000420e+00  5.42601680e-07  3.30000000e+00  5.42601680e-07 -2.20186233e-05 
 5.43101680e-07  5.43862775e-05  5.43101680e-07  3.29999595e+00  5.43101680e-07  3.30000000e+00  5.43101680e-07  2.20217028e-05 
 5.43601680e-07 -5.28187739e-05  5.43601680e-07  3.30000386e+00  5.43601680e-07  3.30000000e+00  5.43601680e-07 -2.20247523e-05 
 5.44101680e-07  5.00606020e-05  5.44101680e-07  3.29999627e+00  5.44101680e-07  3.30000000e+00  5.44101680e-07  2.20275861e-05 
 5.44601680e-07 -4.86820246e-05  5.44601680e-07  3.30000356e+00  5.44601680e-07  3.30000000e+00  5.44601680e-07 -2.20303978e-05 
 5.45101680e-07  4.60762604e-05  5.45101680e-07  3.29999656e+00  5.45101680e-07  3.30000000e+00  5.45101680e-07  2.20330053e-05 
 5.45601680e-07 -4.48715531e-05  5.45601680e-07  3.30000328e+00  5.45601680e-07  3.30000000e+00  5.45601680e-07 -2.20355978e-05 
 5.46101680e-07  4.24063402e-05  5.46101680e-07  3.29999684e+00  5.46101680e-07  3.30000000e+00  5.46101680e-07  2.20379969e-05 
 5.46601680e-07 -4.13616576e-05  5.46601680e-07  3.30000302e+00  5.46601680e-07  3.30000000e+00  5.46601680e-07 -2.20403876e-05 
 5.47101680e-07  3.90260494e-05  5.47101680e-07  3.29999709e+00  5.47101680e-07  3.30000000e+00  5.47101680e-07  2.20425946e-05 
 5.47601680e-07 -3.81286573e-05  5.47601680e-07  3.30000278e+00  5.47601680e-07  3.30000000e+00  5.47601680e-07 -2.20447994e-05 
 5.48101680e-07  3.59125484e-05  5.48101680e-07  3.29999732e+00  5.48101680e-07  3.30000000e+00  5.48101680e-07  2.20468294e-05 
 5.48601680e-07 -3.51507335e-05  5.48601680e-07  3.30000256e+00  5.48601680e-07  3.30000000e+00  5.48601680e-07 -2.20488630e-05 
 5.49101680e-07  3.30447970e-05  5.49101680e-07  3.29999753e+00  5.49101680e-07  3.30000000e+00  5.49101680e-07  2.20507301e-05 
 5.49601680e-07 -3.24077837e-05  5.49601680e-07  3.30000235e+00  5.49601680e-07  3.30000000e+00  5.49601680e-07 -2.20526059e-05 
 5.50101680e-07  3.04034124e-05  5.50101680e-07  3.29999772e+00  5.50101680e-07  3.30000000e+00  5.50101680e-07  2.20543229e-05 
 5.50601680e-07 -2.98812865e-05  5.50601680e-07  3.30000217e+00  5.50601680e-07  3.30000000e+00  5.50601680e-07 -2.20560534e-05 
 5.51101680e-07  2.79705388e-05  5.51101680e-07  3.29999790e+00  5.51101680e-07  3.30000000e+00  5.51101680e-07  2.20576322e-05 
 5.51601680e-07 -2.75541782e-05  5.51601680e-07  3.30000200e+00  5.51601680e-07  3.30000000e+00  5.51601680e-07 -2.20592288e-05 
 5.52101680e-07  2.57297271e-05  5.52101680e-07  3.29999807e+00  5.52101680e-07  3.30000000e+00  5.52101680e-07  2.20606802e-05 
 5.52601680e-07 -2.54107376e-05  5.52601680e-07  3.30000184e+00  5.52601680e-07  3.30000000e+00  5.52601680e-07 -2.20621535e-05 
 5.53101680e-07  2.36658247e-05  5.53101680e-07  3.29999822e+00  5.53101680e-07  3.30000000e+00  5.53101680e-07  2.20634876e-05 
 5.53601680e-07 -2.34364816e-05  5.53601680e-07  3.30000169e+00  5.53601680e-07  3.30000000e+00  5.53601680e-07 -2.20648474e-05 
 5.54101680e-07  2.17648732e-05  5.54101680e-07  3.29999836e+00  5.54101680e-07  3.30000000e+00  5.54101680e-07  2.20660734e-05 
 5.54601680e-07 -2.16180671e-05  5.54601680e-07  3.30000156e+00  5.54601680e-07  3.30000000e+00  5.54601680e-07 -2.20673286e-05 
 5.55101680e-07  2.00140143e-05  5.55101680e-07  3.29999849e+00  5.55101680e-07  3.30000000e+00  5.55101680e-07  2.20684551e-05 
 5.55601680e-07 -1.99432020e-05  5.55601680e-07  3.30000143e+00  5.55601680e-07  3.30000000e+00  5.55601680e-07 -2.20696139e-05 
 5.56101680e-07  1.84014037e-05  5.56101680e-07  3.29999861e+00  5.56101680e-07  3.30000000e+00  5.56101680e-07  2.20706488e-05 
 5.56601680e-07 -1.84005624e-05  5.56601680e-07  3.30000132e+00  5.56601680e-07  3.30000000e+00  5.56601680e-07 -2.20717188e-05 
 5.57101680e-07  1.69161306e-05  5.57101680e-07  3.29999872e+00  5.57101680e-07  3.30000000e+00  5.57101680e-07  2.20726692e-05 
 5.57601680e-07 -1.69797168e-05  5.57601680e-07  3.30000122e+00  5.57601680e-07  3.30000000e+00  5.57601680e-07 -2.20736575e-05 
 5.58101680e-07  1.55481449e-05  5.58101680e-07  3.29999882e+00  5.58101680e-07  3.30000000e+00  5.58101680e-07  2.20745302e-05 
 5.58601680e-07 -1.56710554e-05  5.58601680e-07  3.30000112e+00  5.58601680e-07  3.30000000e+00  5.58601680e-07 -2.20754432e-05 
 5.59101680e-07  1.42881889e-05  5.59101680e-07  3.29999891e+00  5.59101680e-07  3.30000000e+00  5.59101680e-07  2.20762442e-05 
 5.59601680e-07 -1.44657260e-05  5.59601680e-07  3.30000103e+00  5.59601680e-07  3.30000000e+00  5.59601680e-07 -2.20770879e-05 
 5.60101680e-07  1.31277351e-05  5.60101680e-07  3.29999900e+00  5.60101680e-07  3.30000000e+00  5.60101680e-07  2.20778229e-05 
 5.60601680e-07 -1.33555742e-05  5.60601680e-07  3.30000095e+00  5.60601680e-07  3.30000000e+00  5.60601680e-07 -2.20786027e-05 
 5.61101680e-07  1.20589288e-05  5.61101680e-07  3.29999908e+00  5.61101680e-07  3.30000000e+00  5.61101680e-07  2.20792770e-05 
 5.61601680e-07 -1.13301159e-05  5.61601680e-07  3.30000083e+00  5.61601680e-07  3.30000000e+00  5.61601680e-07 -2.20799876e-05 
 5.62101680e-07  1.29052063e-05  5.62101680e-07  3.29999897e+00  5.62101680e-07  3.30000000e+00  5.62101680e-07  2.20804721e-05 
 5.62601680e-07 -9.82294686e-06  5.62601680e-07  3.30000062e+00  5.62601680e-07  3.30000000e+00  5.62601680e-07 -2.20814262e-05 
 5.63101680e-07  1.17258523e-05  5.63101680e-07  3.29999907e+00  5.63101680e-07  3.30000000e+00  5.63101680e-07  2.20817412e-05 
 5.63601680e-07 -9.04958118e-06  5.63601680e-07  3.30000057e+00  5.63601680e-07  3.30000000e+00  5.63601680e-07 -2.20825998e-05 
 5.64101680e-07  1.07596238e-05  5.64101680e-07  3.29999914e+00  5.64101680e-07  3.30000000e+00  5.64101680e-07  2.20828843e-05 
 5.64601680e-07 -8.36323693e-06  5.64601680e-07  3.30000053e+00  5.64601680e-07  3.30000000e+00  5.64601680e-07 -2.20836781e-05 
 5.65101680e-07  9.87549280e-06  5.65101680e-07  3.29999921e+00  5.65101680e-07  3.30000000e+00  5.65101680e-07  2.20839380e-05 
 5.65601680e-07 -7.73287820e-06  5.65601680e-07  3.30000049e+00  5.65601680e-07  3.30000000e+00  5.65601680e-07 -2.20846723e-05 
 5.66101680e-07  9.06183337e-06  5.66101680e-07  3.29999927e+00  5.66101680e-07  3.30000000e+00  5.66101680e-07  2.20849091e-05 
 5.66601680e-07 -7.15273199e-06  5.66601680e-07  3.30000045e+00  5.66601680e-07  3.30000000e+00  5.66601680e-07 -2.20855883e-05 
 5.67101680e-07  8.31266664e-06  5.67101680e-07  3.29999933e+00  5.67101680e-07  3.30000000e+00  5.67101680e-07  2.20858037e-05 
 5.67601680e-07 -6.61862957e-06  5.67601680e-07  3.30000041e+00  5.67601680e-07  3.30000000e+00  5.67601680e-07 -2.20864320e-05 
 5.68101680e-07  7.62280871e-06  5.68101680e-07  3.29999938e+00  5.68101680e-07  3.30000000e+00  5.68101680e-07  2.20866277e-05 
 5.68601680e-07 -6.12686825e-06  5.68601680e-07  3.30000038e+00  5.68601680e-07  3.30000000e+00  5.68601680e-07 -2.20872090e-05 
 5.69101680e-07  6.98754531e-06  5.69101680e-07  3.29999943e+00  5.69101680e-07  3.30000000e+00  5.69101680e-07  2.20873865e-05 
 5.69601680e-07 -5.67407548e-06  5.69601680e-07  3.30000035e+00  5.69601680e-07  3.30000000e+00  5.69601680e-07 -2.20879246e-05 
 5.70100000e-07  6.40345575e-06  5.70100000e-07  3.29999947e+00  5.70100000e-07  3.30000000e+00  5.70100000e-07  2.20880864e-05 
 5.70110000e-07 -3.03687656e-03  5.70110000e-07  3.29706261e+00  5.70110000e-07  2.97000000e+00  5.70110000e-07 -2.80534941e-04 
 5.70130000e-07 -2.17676609e-02  5.70130000e-07  3.27712248e+00  5.70130000e-07  2.31000000e+00  5.70130000e-07 -3.68287543e-04 
 5.70170000e-07 -2.98997306e-02  5.70170000e-07  3.24455311e+00  5.70170000e-07  9.90000000e-01  5.70170000e-07 -7.90659917e-04 
 5.70200000e-07  4.79978452e-02  5.70200000e-07  3.25874185e+00  5.70200000e-07  1.28119737e-12  5.70200000e-07 -1.14063705e-03 
 5.70203597e-07  6.74202963e-02  5.70203597e-07  3.26828845e+00  5.70203597e-07  0.00000000e+00  5.70203597e-07 -7.91889855e-04 
 5.70210791e-07  1.05826929e-01  5.70210791e-07  3.28600601e+00  5.70210791e-07  0.00000000e+00  5.70210791e-07 -7.78383574e-04 
 5.70225179e-07  1.80124627e-01  5.70225179e-07  3.31530627e+00  5.70225179e-07  0.00000000e+00  5.70225179e-07 -7.58692025e-04 
 5.70253954e-07  3.23700462e-01  5.70253954e-07  3.35565567e+00  5.70253954e-07  0.00000000e+00  5.70253954e-07 -7.22087306e-04 
 5.70311506e-07  6.20821549e-01  5.70311506e-07  3.40047678e+00  5.70311506e-07  0.00000000e+00  5.70311506e-07 -6.71687803e-04 
 5.70414086e-07  1.29577474e+00  5.70414086e-07  3.47218223e+00  5.70414086e-07  0.00000000e+00  5.70414086e-07 -4.78473887e-04 
 5.70510181e-07  1.95038229e+00  5.70510181e-07  3.51439009e+00  5.70510181e-07  0.00000000e+00  5.70510181e-07 -2.70711052e-04 
 5.70628865e-07  2.50910096e+00  5.70628865e-07  3.46905780e+00  5.70628865e-07  0.00000000e+00  5.70628865e-07 -1.28870507e-04 
 5.70740584e-07  2.83288117e+00  5.70740584e-07  3.42354334e+00  5.70740584e-07  0.00000000e+00  5.70740584e-07 -5.72939681e-05 
 5.70881075e-07  3.09115798e+00  5.70881075e-07  3.36834059e+00  5.70881075e-07  0.00000000e+00  5.70881075e-07 -2.58456554e-05 
 5.71052502e-07  3.22989745e+00  5.71052502e-07  3.32890356e+00  5.71052502e-07  0.00000000e+00  5.71052502e-07 -1.18935231e-05 
 5.71246350e-07  3.28085652e+00  5.71246350e-07  3.30984072e+00  5.71246350e-07  0.00000000e+00  5.71246350e-07 -4.02655580e-07 
 5.71588169e-07  3.30004235e+00  5.71588169e-07  3.30050845e+00  5.71588169e-07  0.00000000e+00  5.71588169e-07 -3.66586122e-06 
 5.72050431e-07  3.29997439e+00  5.72050431e-07  3.29989503e+00  5.72050431e-07  0.00000000e+00  5.72050431e-07  2.31131207e-06 
 5.72550431e-07  3.30001326e+00  5.72550431e-07  3.30003611e+00  5.72550431e-07  0.00000000e+00  5.72550431e-07 -3.30039300e-06 
 5.73050431e-07  3.29999683e+00  5.73050431e-07  3.29998617e+00  5.73050431e-07  0.00000000e+00  5.73050431e-07  2.65172939e-06 
 5.73550431e-07  3.30000233e+00  5.73550431e-07  3.30000861e+00  5.73550431e-07  0.00000000e+00  5.73550431e-07 -3.19004831e-06 
 5.74050431e-07  3.29999984e+00  5.74050431e-07  3.29999536e+00  5.74050431e-07  0.00000000e+00  5.74050431e-07  2.78038181e-06 
 5.74550431e-07  3.30000075e+00  5.74550431e-07  3.30000383e+00  5.74550431e-07  0.00000000e+00  5.74550431e-07 -3.13966695e-06 
 5.75050431e-07  3.30000007e+00  5.75050431e-07  3.29999779e+00  5.75050431e-07  0.00000000e+00  5.75050431e-07  2.84534499e-06 
 5.75550431e-07  3.30000037e+00  5.75550431e-07  3.30000196e+00  5.75550431e-07  0.00000000e+00  5.75550431e-07 -3.11076092e-06 
 5.76050431e-07  3.30000007e+00  5.76050431e-07  3.29999894e+00  5.76050431e-07  0.00000000e+00  5.76050431e-07  2.88302068e-06 
 5.76550431e-07  3.30000021e+00  5.76550431e-07  3.30000102e+00  5.76550431e-07  0.00000000e+00  5.76550431e-07 -3.09131541e-06 
 5.77050431e-07  3.30000007e+00  5.77050431e-07  3.29999948e+00  5.77050431e-07  0.00000000e+00  5.77050431e-07  2.90644102e-06 
 5.77550431e-07  3.30000013e+00  5.77550431e-07  3.30000055e+00  5.77550431e-07  0.00000000e+00  5.77550431e-07 -3.07727788e-06 
 5.78050431e-07  3.30000005e+00  5.78050431e-07  3.29999975e+00  5.78050431e-07  0.00000000e+00  5.78050431e-07  2.92226180e-06 
 5.78550431e-07  3.30000009e+00  5.78550431e-07  3.30000031e+00  5.78550431e-07  0.00000000e+00  5.78550431e-07 -3.06663844e-06 
 5.79050431e-07  3.30000004e+00  5.79050431e-07  3.29999989e+00  5.79050431e-07  0.00000000e+00  5.79050431e-07  2.93354610e-06 
 5.79550431e-07  3.30000006e+00  5.79550431e-07  3.30000018e+00  5.79550431e-07  0.00000000e+00  5.79550431e-07 -3.05831876e-06 
 5.80050431e-07  3.30000003e+00  5.80050431e-07  3.29999996e+00  5.80050431e-07  0.00000000e+00  5.80050431e-07  2.94196159e-06 
 5.80550431e-07  3.30000004e+00  5.80550431e-07  3.30000011e+00  5.80550431e-07  0.00000000e+00  5.80550431e-07 -3.05166576e-06 
 5.81050431e-07  3.30000003e+00  5.81050431e-07  3.29999999e+00  5.81050431e-07  0.00000000e+00  5.81050431e-07  2.94847005e-06 
 5.81550431e-07  3.30000003e+00  5.81550431e-07  3.30000007e+00  5.81550431e-07  0.00000000e+00  5.81550431e-07 -3.04625013e-06 
 5.82050431e-07  3.30000002e+00  5.82050431e-07  3.30000000e+00  5.82050431e-07  0.00000000e+00  5.82050431e-07  2.95365470e-06 
 5.82550431e-07  3.30000002e+00  5.82550431e-07  3.30000004e+00  5.82550431e-07  0.00000000e+00  5.82550431e-07 -3.04177469e-06 
 5.83050431e-07  3.30000002e+00  5.83050431e-07  3.30000001e+00  5.83050431e-07  0.00000000e+00  5.83050431e-07  2.95788485e-06 
 5.83550431e-07  3.30000001e+00  5.83550431e-07  3.30000003e+00  5.83550431e-07  0.00000000e+00  5.83550431e-07 -3.03802662e-06 
 5.84050431e-07  3.30000001e+00  5.84050431e-07  3.30000001e+00  5.84050431e-07  0.00000000e+00  5.84050431e-07  2.96140399e-06 
 5.84550431e-07  3.30000001e+00  5.84550431e-07  3.30000002e+00  5.84550431e-07  0.00000000e+00  5.84550431e-07 -3.03485001e-06 
 5.85050431e-07  3.30000001e+00  5.85050431e-07  3.30000001e+00  5.85050431e-07  0.00000000e+00  5.85050431e-07  2.96437875e-06 
 5.85550431e-07  3.30000001e+00  5.85550431e-07  3.30000001e+00  5.85550431e-07  0.00000000e+00  5.85550431e-07 -3.03212864e-06 
 5.86050431e-07  3.30000001e+00  5.86050431e-07  3.30000001e+00  5.86050431e-07  0.00000000e+00  5.86050431e-07  2.96692689e-06 
 5.86550431e-07  3.30000000e+00  5.86550431e-07  3.30000001e+00  5.86550431e-07  0.00000000e+00  5.86550431e-07 -3.02977455e-06 
 5.87050431e-07  3.30000000e+00  5.87050431e-07  3.30000000e+00  5.87050431e-07  0.00000000e+00  5.87050431e-07  2.96913413e-06 
 5.87550431e-07  3.30000000e+00  5.87550431e-07  3.30000001e+00  5.87550431e-07  0.00000000e+00  5.87550431e-07 -3.02772026e-06 
 5.88050431e-07  3.30000000e+00  5.88050431e-07  3.30000000e+00  5.88050431e-07  0.00000000e+00  5.88050431e-07  2.97106438e-06 
 5.88550431e-07  3.30000000e+00  5.88550431e-07  3.30000000e+00  5.88550431e-07  0.00000000e+00  5.88550431e-07 -3.02591335e-06 
 5.89050431e-07  3.30000000e+00  5.89050431e-07  3.30000000e+00  5.89050431e-07  0.00000000e+00  5.89050431e-07  2.97276644e-06 
 5.89550431e-07  3.30000000e+00  5.89550431e-07  3.30000000e+00  5.89550431e-07  0.00000000e+00  5.89550431e-07 -3.02431266e-06 
 5.90050431e-07  3.30000000e+00  5.90050431e-07  3.30000000e+00  5.90050431e-07  0.00000000e+00  5.90050431e-07  2.97427820e-06 
 5.90550431e-07  3.30000000e+00  5.90550431e-07  3.30000000e+00  5.90550431e-07  0.00000000e+00  5.90550431e-07 -3.02288548e-06 
 5.91050431e-07  3.30000000e+00  5.91050431e-07  3.30000000e+00  5.91050431e-07  0.00000000e+00  5.91050431e-07  2.97562959e-06 
 5.91550431e-07  3.30000000e+00  5.91550431e-07  3.30000000e+00  5.91550431e-07  0.00000000e+00  5.91550431e-07 -3.02160554e-06 
 5.92050431e-07  3.30000000e+00  5.92050431e-07  3.30000000e+00  5.92050431e-07  0.00000000e+00  5.92050431e-07  2.97684456e-06 
 5.92550431e-07  3.30000000e+00  5.92550431e-07  3.30000000e+00  5.92550431e-07  0.00000000e+00  5.92550431e-07 -3.02045153e-06 
 5.93050431e-07  3.30000000e+00  5.93050431e-07  3.30000000e+00  5.93050431e-07  0.00000000e+00  5.93050431e-07  2.97794255e-06 
 5.93550431e-07  3.29999999e+00  5.93550431e-07  3.30000000e+00  5.93550431e-07  0.00000000e+00  5.93550431e-07 -3.01940603e-06 
 5.94050431e-07  3.29999999e+00  5.94050431e-07  3.30000000e+00  5.94050431e-07  0.00000000e+00  5.94050431e-07  2.97893947e-06 
 5.94550431e-07  3.29999999e+00  5.94550431e-07  3.30000000e+00  5.94550431e-07  0.00000000e+00  5.94550431e-07 -3.01845464e-06 
 5.95050431e-07  3.29999999e+00  5.95050431e-07  3.30000000e+00  5.95050431e-07  0.00000000e+00  5.95050431e-07  2.97984849e-06 
 5.95550431e-07  3.29999999e+00  5.95550431e-07  3.29999999e+00  5.95550431e-07  0.00000000e+00  5.95550431e-07 -3.01758537e-06 
 5.96050431e-07  3.29999999e+00  5.96050431e-07  3.29999999e+00  5.96050431e-07  0.00000000e+00  5.96050431e-07  2.98068060e-06 
 5.96550431e-07  3.29999999e+00  5.96550431e-07  3.29999999e+00  5.96550431e-07  0.00000000e+00  5.96550431e-07 -3.01678817e-06 
 5.97050431e-07  3.29999999e+00  5.97050431e-07  3.29999999e+00  5.97050431e-07  0.00000000e+00  5.97050431e-07  2.98144505e-06 
 5.97550431e-07  3.29999999e+00  5.97550431e-07  3.29999999e+00  5.97550431e-07  0.00000000e+00  5.97550431e-07 -3.01605455e-06 
 5.98050431e-07  3.29999999e+00  5.98050431e-07  3.29999999e+00  5.98050431e-07  0.00000000e+00  5.98050431e-07  2.98214966e-06 
 5.98550431e-07  3.29999999e+00  5.98550431e-07  3.29999999e+00  5.98550431e-07  0.00000000e+00  5.98550431e-07 -3.01537730e-06 
 5.99050431e-07  3.29999999e+00  5.99050431e-07  3.29999999e+00  5.99050431e-07  0.00000000e+00  5.99050431e-07  2.98280111e-06 
 5.99550431e-07  3.29999999e+00  5.99550431e-07  3.29999999e+00  5.99550431e-07  0.00000000e+00  5.99550431e-07 -3.01475023e-06 
 6.00000000e-07  3.29999999e+00  6.00000000e-07  3.29999999e+00  6.00000000e-07  0.00000000e+00  6.00000000e-07  2.98337570e-06 
 6.00050000e-07  3.29999999e+00  6.00050000e-07  3.29999999e+00  6.00050000e-07  0.00000000e+00  6.00050000e-07 -1.55247964e-08 
 6.00150000e-07  3.29999999e+00  6.00150000e-07  3.29999999e+00  6.00150000e-07  0.00000000e+00  6.00150000e-07 -1.54666332e-08 
 6.00350000e-07  3.29999999e+00  6.00350000e-07  3.29999999e+00  6.00350000e-07  0.00000000e+00  6.00350000e-07 -1.53519843e-08 
 6.00750000e-07  3.29999999e+00  6.00750000e-07  3.29999999e+00  6.00750000e-07  0.00000000e+00  6.00750000e-07 -1.51273547e-08 
 6.01250000e-07  3.29999999e+00  6.01250000e-07  3.29999999e+00  6.01250000e-07  0.00000000e+00  6.01250000e-07 -1.48555638e-08 
 6.01750000e-07  3.29999999e+00  6.01750000e-07  3.29999999e+00  6.01750000e-07  0.00000000e+00  6.01750000e-07 -1.45930010e-08 
 6.02250000e-07  3.29999999e+00  6.02250000e-07  3.29999999e+00  6.02250000e-07  0.00000000e+00  6.02250000e-07 -1.43394422e-08 
 6.02750000e-07  3.29999999e+00  6.02750000e-07  3.29999999e+00  6.02750000e-07  0.00000000e+00  6.02750000e-07 -1.40942090e-08 
 6.03250000e-07  3.29999999e+00  6.03250000e-07  3.29999999e+00  6.03250000e-07  0.00000000e+00  6.03250000e-07 -1.38571303e-08 
 6.03750000e-07  3.29999999e+00  6.03750000e-07  3.29999999e+00  6.03750000e-07  0.00000000e+00  6.03750000e-07 -1.36275855e-08 
 6.04250000e-07  3.29999999e+00  6.04250000e-07  3.29999999e+00  6.04250000e-07  0.00000000e+00  6.04250000e-07 -1.34054506e-08 
 6.04750000e-07  3.29999999e+00  6.04750000e-07  3.29999999e+00  6.04750000e-07  0.00000000e+00  6.04750000e-07 -1.31901526e-08 
 6.05250000e-07  3.29999999e+00  6.05250000e-07  3.29999999e+00  6.05250000e-07  0.00000000e+00  6.05250000e-07 -1.29816087e-08 
 6.05750000e-07  3.29999999e+00  6.05750000e-07  3.29999999e+00  6.05750000e-07  0.00000000e+00  6.05750000e-07 -1.27792861e-08 
 6.06250000e-07  3.29999999e+00  6.06250000e-07  3.29999999e+00  6.06250000e-07  0.00000000e+00  6.06250000e-07 -1.25831378e-08 
 6.06750000e-07  3.29999999e+00  6.06750000e-07  3.29999999e+00  6.06750000e-07  0.00000000e+00  6.06750000e-07 -1.23926653e-08 
 6.07250000e-07  3.29999999e+00  6.07250000e-07  3.29999999e+00  6.07250000e-07  0.00000000e+00  6.07250000e-07 -1.22078524e-08 
 6.07750000e-07  3.29999999e+00  6.07750000e-07  3.29999999e+00  6.07750000e-07  0.00000000e+00  6.07750000e-07 -1.20282299e-08 
 6.08250000e-07  3.29999999e+00  6.08250000e-07  3.29999999e+00  6.08250000e-07  0.00000000e+00  6.08250000e-07 -1.18538089e-08 
 6.08750000e-07  3.29999999e+00  6.08750000e-07  3.29999999e+00  6.08750000e-07  0.00000000e+00  6.08750000e-07 -1.16841454e-08 
 6.09250000e-07  3.29999999e+00  6.09250000e-07  3.29999999e+00  6.09250000e-07  0.00000000e+00  6.09250000e-07 -1.15192738e-08 
 6.09750000e-07  3.29999999e+00  6.09750000e-07  3.29999999e+00  6.09750000e-07  0.00000000e+00  6.09750000e-07 -1.13587725e-08 
 6.10250000e-07  3.29999999e+00  6.10250000e-07  3.29999999e+00  6.10250000e-07  0.00000000e+00  6.10250000e-07 -1.12026961e-08 
 6.10750000e-07  3.29999999e+00  6.10750000e-07  3.29999999e+00  6.10750000e-07  0.00000000e+00  6.10750000e-07 -1.10506423e-08 
 6.11250000e-07  3.29999999e+00  6.11250000e-07  3.29999999e+00  6.11250000e-07  0.00000000e+00  6.11250000e-07 -1.09026836e-08 
 6.11750000e-07  3.29999999e+00  6.11750000e-07  3.29999999e+00  6.11750000e-07  0.00000000e+00  6.11750000e-07 -1.07584346e-08 
 6.12250000e-07  3.29999999e+00  6.12250000e-07  3.29999999e+00  6.12250000e-07  0.00000000e+00  6.12250000e-07 -1.06179836e-08 
 6.12750000e-07  3.29999999e+00  6.12750000e-07  3.29999999e+00  6.12750000e-07  0.00000000e+00  6.12750000e-07 -1.04809599e-08 
 6.13250000e-07  3.29999999e+00  6.13250000e-07  3.29999999e+00  6.13250000e-07  0.00000000e+00  6.13250000e-07 -1.03474658e-08 
 6.13750000e-07  3.29999999e+00  6.13750000e-07  3.29999999e+00  6.13750000e-07  0.00000000e+00  6.13750000e-07 -1.02171435e-08 
 6.14250000e-07  3.29999999e+00  6.14250000e-07  3.29999999e+00  6.14250000e-07  0.00000000e+00  6.14250000e-07 -1.00901076e-08 
 6.14750000e-07  3.29999999e+00  6.14750000e-07  3.29999999e+00  6.14750000e-07  0.00000000e+00  6.14750000e-07 -9.96601194e-09 
 6.15250000e-07  3.29999999e+00  6.15250000e-07  3.29999999e+00  6.15250000e-07  0.00000000e+00  6.15250000e-07 -9.84498195e-09 
 6.15750000e-07  3.29999999e+00  6.15750000e-07  3.29999999e+00  6.15750000e-07  0.00000000e+00  6.15750000e-07 -9.72668168e-09 
 6.16250000e-07  3.29999999e+00  6.16250000e-07  3.29999999e+00  6.16250000e-07  0.00000000e+00  6.16250000e-07 -9.61124623e-09 
 6.16750000e-07  3.29999999e+00  6.16750000e-07  3.29999999e+00  6.16750000e-07  0.00000000e+00  6.16750000e-07 -9.49834879e-09 
 6.17250000e-07  3.29999999e+00  6.17250000e-07  3.29999999e+00  6.17250000e-07  0.00000000e+00  6.17250000e-07 -9.38813303e-09 
 6.17750000e-07  3.29999999e+00  6.17750000e-07  3.29999999e+00  6.17750000e-07  0.00000000e+00  6.17750000e-07 -9.28028028e-09 
 6.18250000e-07  3.29999999e+00  6.18250000e-07  3.29999999e+00  6.18250000e-07  0.00000000e+00  6.18250000e-07 -9.17494190e-09 
 6.18750000e-07  3.29999999e+00  6.18750000e-07  3.29999999e+00  6.18750000e-07  0.00000000e+00  6.18750000e-07 -9.07180649e-09 
 6.19250000e-07  3.29999999e+00  6.19250000e-07  3.29999999e+00  6.19250000e-07  0.00000000e+00  6.19250000e-07 -8.97103229e-09 
 6.19750000e-07  3.29999999e+00  6.19750000e-07  3.29999999e+00  6.19750000e-07  0.00000000e+00  6.19750000e-07 -8.87231441e-09 
 6.20000000e-07  3.29999999e+00  6.20000000e-07  3.29999999e+00  6.20000000e-07  0.00000000e+00  6.20000000e-07 -8.82384112e-09 
 6.20010000e-07  3.32226003e+00  6.20010000e-07  3.32225073e+00  6.20010000e-07  3.30000000e-01  6.20010000e-07  4.12708850e-04 
 6.20030000e-07  3.36412967e+00  6.20030000e-07  3.36410683e+00  6.20030000e-07  9.90000000e-01  6.20030000e-07  4.61718245e-04 
 6.20070000e-07  3.44571992e+00  6.20070000e-07  3.44570421e+00  6.20070000e-07  2.31000000e+00  6.20070000e-07  4.58467321e-04 
 6.20100000e-07  3.48383765e+00  6.20100000e-07  3.48357428e+00  6.20100000e-07  3.30000000e+00  6.20100000e-07  2.92294967e-04 
 6.20104134e-07  3.48300244e+00  6.20104134e-07  3.48272684e+00  6.20104134e-07  3.30000000e+00  6.20104134e-07 -1.10651777e-05 
 6.20112403e-07  3.48049979e+00  6.20112403e-07  3.48018807e+00  6.20112403e-07  3.30000000e+00  6.20112403e-07 -3.84620466e-05 
 6.20128939e-07  3.47009033e+00  6.20128939e-07  3.46965060e+00  6.20128939e-07  3.30000000e+00  6.20128939e-07 -5.26493083e-05 
 6.20162013e-07  3.44141256e+00  6.20162013e-07  3.44077289e+00  6.20162013e-07  3.30000000e+00  6.20162013e-07 -7.08886727e-05 
 6.20219202e-07  3.25176058e+00  6.20219202e-07  3.25301894e+00  6.20219202e-07  3.30000000e+00  6.20219202e-07 -9.99227139e-05 
 6.20271850e-07  2.96704906e+00  6.20271850e-07  2.97477692e+00  6.20271850e-07  3.30000000e+00  6.20271850e-07 -1.24987498e-04 
 6.20346203e-07  2.54608481e+00  6.20346203e-07  2.55576733e+00  6.20346203e-07  3.30000000e+00  6.20346203e-07 -1.02970933e-04 
 6.20431560e-07  2.12671863e+00  6.20431560e-07  2.14403753e+00  6.20431560e-07  3.30000000e+00  6.20431560e-07 -1.79806237e-04 
 6.20566553e-07  1.71689869e+00  6.20566553e-07  1.79897570e+00  6.20566553e-07  3.30000000e+00  6.20566553e-07 -2.37430540e-04 
 6.20714718e-07  1.38734410e+00  6.20714718e-07  1.90792753e+00  6.20714718e-07  3.30000000e+00  6.20714718e-07 -3.23004884e-04 
 6.20908871e-07  8.03072229e-01  6.20908871e-07  2.62801605e+00  6.20908871e-07  3.30000000e+00  6.20908871e-07 -2.72803861e-04 
 6.21042709e-07  4.86186049e-01  6.21042709e-07  3.06940855e+00  6.21042709e-07  3.30000000e+00  6.21042709e-07 -1.69556920e-04 
 6.21182768e-07  2.49959128e-01  6.21182768e-07  3.22708551e+00  6.21182768e-07  3.30000000e+00  6.21182768e-07 -4.33784755e-05 
 6.21374016e-07  7.65815084e-02  6.21374016e-07  3.27893396e+00  6.21374016e-07  3.30000000e+00  6.21374016e-07 -3.92639353e-05 
 6.21579369e-07  2.23774640e-02  6.21579369e-07  3.29432263e+00  6.21579369e-07  3.30000000e+00  6.21579369e-07  1.44358674e-05 
 6.21849518e-07  8.58372051e-04  6.21849518e-07  3.29924091e+00  6.21849518e-07  3.30000000e+00  6.21849518e-07 -2.07469679e-05 
 6.22139504e-07  1.61107852e-03  6.22139504e-07  3.30000345e+00  6.22139504e-07  3.30000000e+00  6.22139504e-07  2.02173649e-05 
 6.22639504e-07 -1.35970141e-03  6.22639504e-07  3.29996224e+00  6.22639504e-07  3.30000000e+00  6.22639504e-07 -2.03491236e-05 
 6.23139504e-07  1.26007194e-03  6.23139504e-07  3.30003703e+00  6.23139504e-07  3.30000000e+00  6.23139504e-07  2.04405185e-05 
 6.23639504e-07 -1.17580689e-03  6.23639504e-07  3.29996863e+00  6.23639504e-07  3.30000000e+00  6.23639504e-07 -2.05210760e-05 
 6.24139504e-07  1.11713134e-03  6.24139504e-07  3.30002479e+00  6.24139504e-07  3.30000000e+00  6.24139504e-07  2.05952751e-05 
 6.24639504e-07 -1.05022549e-03  6.24639504e-07  3.29998021e+00  6.24639504e-07  3.30000000e+00  6.24639504e-07 -2.06658768e-05 
 6.25139504e-07  1.00039795e-03  6.25139504e-07  3.30001490e+00  6.25139504e-07  3.30000000e+00  6.25139504e-07  2.07320362e-05 
 6.25639504e-07 -9.42681671e-04  6.25639504e-07  3.29998856e+00  6.25639504e-07  3.30000000e+00  6.25639504e-07 -2.07952595e-05 
 6.26139504e-07  8.98897017e-04  6.26139504e-07  3.30000794e+00  6.26139504e-07  3.30000000e+00  6.26139504e-07  2.08545804e-05 
 6.26639504e-07 -8.48441935e-04  6.26639504e-07  3.29999446e+00  6.26639504e-07  3.30000000e+00  6.26639504e-07 -2.09113019e-05 
 6.27139504e-07  8.09563686e-04  6.27139504e-07  3.30000295e+00  6.27139504e-07  3.30000000e+00  6.27139504e-07  2.09645368e-05 
 6.27639504e-07 -7.65124633e-04  6.27639504e-07  3.29999868e+00  6.27639504e-07  3.30000000e+00  6.27639504e-07 -2.10154763e-05 
 6.28139504e-07  7.30370491e-04  6.28139504e-07  3.29999942e+00  6.28139504e-07  3.30000000e+00  6.28139504e-07  2.10632839e-05 
 6.28639504e-07 -6.91078029e-04  6.28639504e-07  3.30000176e+00  6.28639504e-07  3.30000000e+00  6.28639504e-07 -2.11090375e-05 
 6.29139504e-07  6.59871448e-04  6.29139504e-07  3.29999679e+00  6.29139504e-07  3.30000000e+00  6.29139504e-07  2.11520037e-05 
 6.29639504e-07 -6.24993785e-04  6.29639504e-07  3.30000404e+00  6.29639504e-07  3.30000000e+00  6.29639504e-07 -2.11931472e-05 
 6.30139504e-07  5.96882445e-04  6.30139504e-07  3.29999488e+00  6.30139504e-07  3.30000000e+00  6.30139504e-07  2.12318016e-05 
 6.30639504e-07 -5.65850424e-04  6.30639504e-07  3.30000570e+00  6.30639504e-07  3.30000000e+00  6.30639504e-07 -2.12688302e-05 
 6.31139504e-07  5.40481616e-04  6.31139504e-07  3.29999347e+00  6.31139504e-07  3.30000000e+00  6.31139504e-07  2.13036289e-05 
 6.31639504e-07 -5.12813464e-04  6.31639504e-07  3.30000691e+00  6.31639504e-07  3.30000000e+00  6.31639504e-07 -2.13369873e-05 
 6.32139504e-07  4.89878351e-04  6.32139504e-07  3.29999247e+00  6.32139504e-07  3.30000000e+00  6.32139504e-07  2.13683448e-05 
 6.32639504e-07 -4.65171363e-04  6.32639504e-07  3.30000776e+00  6.32639504e-07  3.30000000e+00  6.32639504e-07 -2.13984263e-05 
 6.33139504e-07  4.44405326e-04  6.33139504e-07  3.29999178e+00  6.33139504e-07  3.30000000e+00  6.33139504e-07  2.14267098e-05 
 6.33639504e-07 -4.22314526e-04  6.33639504e-07  3.30000834e+00  6.33639504e-07  3.30000000e+00  6.33639504e-07 -2.14538626e-05 
 6.34139504e-07  4.03486872e-04  6.34139504e-07  3.29999133e+00  6.34139504e-07  3.30000000e+00  6.34139504e-07  2.14793978e-05 
 6.34639504e-07 -3.83713946e-04  6.34639504e-07  3.30000869e+00  6.34639504e-07  3.30000000e+00  6.34639504e-07 -2.15039308e-05 
 6.35139504e-07  3.66621762e-04  6.35139504e-07  3.29999108e+00  6.35139504e-07  3.30000000e+00  6.35139504e-07  2.15270061e-05 
 6.35639504e-07 -3.48907138e-04  6.35639504e-07  3.30000888e+00  6.35639504e-07  3.30000000e+00  6.35639504e-07 -2.15491931e-05 
 6.36139504e-07  3.33370954e-04  6.36139504e-07  3.29999098e+00  6.36139504e-07  3.30000000e+00  6.36139504e-07  2.15700645e-05 
 6.36639504e-07 -3.17487754e-04  6.36639504e-07  3.30000892e+00  6.36639504e-07  3.30000000e+00  6.36639504e-07 -2.15901485e-05 
 6.37139504e-07  3.03348269e-04  6.37139504e-07  3.29999100e+00  6.37139504e-07  3.30000000e+00  6.37139504e-07  2.16090431e-05 
 6.37639504e-07 -2.89097516e-04  6.37639504e-07  3.30000885e+00  6.37639504e-07  3.30000000e+00  6.37639504e-07 -2.16272398e-05 
 6.38139504e-07  2.76212999e-04  6.38139504e-07  3.29999112e+00  6.38139504e-07  3.30000000e+00  6.38139504e-07  2.16443594e-05 
 6.38639504e-07 -2.63419710e-04  6.38639504e-07  3.30000870e+00  6.38639504e-07  3.30000000e+00  6.38639504e-07 -2.16608605e-05 
 6.39139504e-07  2.51663853e-04  6.39139504e-07  3.29999132e+00  6.39139504e-07  3.30000000e+00  6.39139504e-07  2.16763847e-05 
 6.39639504e-07 -2.40173794e-04  6.39639504e-07  3.30000848e+00  6.39639504e-07  3.30000000e+00  6.39639504e-07 -2.16913608e-05 
 6.40139504e-07  2.29433889e-04  6.40139504e-07  3.29999157e+00  6.40139504e-07  3.30000000e+00  6.40139504e-07  2.17054493e-05 
 6.40639504e-07 -2.19110842e-04  6.40639504e-07  3.30000822e+00  6.40639504e-07  3.30000000e+00  6.40639504e-07 -2.17190524e-05 
 6.41139504e-07  2.09286214e-04  6.41139504e-07  3.29999186e+00  6.41139504e-07  3.30000000e+00  6.41139504e-07  2.17318477e-05 
 6.41639504e-07 -2.00009650e-04  6.41639504e-07  3.30000792e+00  6.41639504e-07  3.30000000e+00  6.41639504e-07 -2.17442133e-05 
 6.42139504e-07  1.91010289e-04  6.42139504e-07  3.29999218e+00  6.42139504e-07  3.30000000e+00  6.42139504e-07  2.17558426e-05 
 6.42639504e-07 -1.82673379e-04  6.42639504e-07  3.30000759e+00  6.42639504e-07  3.30000000e+00  6.42639504e-07 -2.17670918e-05 
 6.43139504e-07  1.74418741e-04  6.43139504e-07  3.29999252e+00  6.43139504e-07  3.30000000e+00  6.43139504e-07  2.17776684e-05 
 6.43639504e-07 -1.66926641e-04  6.43639504e-07  3.30000724e+00  6.43639504e-07  3.30000000e+00  6.43639504e-07 -2.17879094e-05 
 6.44139504e-07  1.59344589e-04  6.44139504e-07  3.29999287e+00  6.44139504e-07  3.30000000e+00  6.44139504e-07  2.17975351e-05 
 6.44639504e-07 -1.52612966e-04  6.44639504e-07  3.30000689e+00  6.44639504e-07  3.30000000e+00  6.44639504e-07 -2.18068647e-05 
 6.45139504e-07  1.45638842e-04  6.45139504e-07  3.29999323e+00  6.45139504e-07  3.30000000e+00  6.45139504e-07  2.18156304e-05 
 6.45639504e-07 -1.39592590e-04  6.45639504e-07  3.30000654e+00  6.45639504e-07  3.30000000e+00  6.45639504e-07 -2.18241353e-05 
 6.46139504e-07  1.33168389e-04  6.46139504e-07  3.29999359e+00  6.46139504e-07  3.30000000e+00  6.46139504e-07  2.18321225e-05 
 6.46639504e-07 -1.27740526e-04  6.46639504e-07  3.30000618e+00  6.46639504e-07  3.30000000e+00  6.46639504e-07 -2.18398807e-05 
 6.47139504e-07  1.21814166e-04  6.47139504e-07  3.29999395e+00  6.47139504e-07  3.30000000e+00  6.47139504e-07  2.18471626e-05 
 6.47639504e-07 -1.16944865e-04  6.47639504e-07  3.30000583e+00  6.47639504e-07  3.30000000e+00  6.47639504e-07 -2.18542439e-05 
 6.48139504e-07  1.11469543e-04  6.48139504e-07  3.29999430e+00  6.48139504e-07  3.30000000e+00  6.48139504e-07  2.18608863e-05 
 6.48639504e-07 -1.07105295e-04  6.48639504e-07  3.30000549e+00  6.48639504e-07  3.30000000e+00  6.48639504e-07 -2.18673536e-05 
 6.49139504e-07  1.02038917e-04  6.49139504e-07  3.29999463e+00  6.49139504e-07  3.30000000e+00  6.49139504e-07  2.18734156e-05 
 6.49639504e-07 -9.81317962e-05  6.49639504e-07  3.30000516e+00  6.49639504e-07  3.30000000e+00  6.49639504e-07 -2.18793254e-05 
 6.50139504e-07  9.34364690e-05  6.50139504e-07  3.29999496e+00  6.50139504e-07  3.30000000e+00  6.50139504e-07  2.18848604e-05 
 6.50639504e-07 -8.99434969e-05  6.50639504e-07  3.30000484e+00  6.50639504e-07  3.30000000e+00  6.50639504e-07 -2.18902636e-05 
 6.51139504e-07  8.55850789e-05  6.51139504e-07  3.29999528e+00  6.51139504e-07  3.30000000e+00  6.51139504e-07  2.18953195e-05 
 6.51639504e-07 -8.24676618e-05  6.51639504e-07  3.30000453e+00  6.51639504e-07  3.30000000e+00  6.51639504e-07 -2.19002623e-05 
 6.52139504e-07  7.84153661e-05  6.52139504e-07  3.29999558e+00  6.52139504e-07  3.30000000e+00  6.52139504e-07  2.19048824e-05 
 6.52639504e-07 -7.56388054e-05  6.52639504e-07  3.30000424e+00  6.52639504e-07  3.30000000e+00  6.52639504e-07 -2.19094061e-05 
 6.53139504e-07  7.18648460e-05  6.53139504e-07  3.29999587e+00  6.53139504e-07  3.30000000e+00  6.53139504e-07  2.19136297e-05 
 6.53639504e-07 -6.93979077e-05  6.53639504e-07  3.30000396e+00  6.53639504e-07  3.30000000e+00  6.53639504e-07 -2.19177718e-05 
 6.54139504e-07  6.58771855e-05  6.54139504e-07  3.29999614e+00  6.54139504e-07  3.30000000e+00  6.54139504e-07  2.19216342e-05 
 6.54639504e-07 -6.36917214e-05  6.54639504e-07  3.30000370e+00  6.54639504e-07  3.30000000e+00  6.54639504e-07 -2.19254287e-05 
 6.55139504e-07  6.04015459e-05  6.55139504e-07  3.29999640e+00  6.55139504e-07  3.30000000e+00  6.55139504e-07  2.19289618e-05 
 6.55639504e-07 -5.84721607e-05  6.55639504e-07  3.30000345e+00  6.55639504e-07  3.30000000e+00  6.55639504e-07 -2.19324394e-05 
 6.56139504e-07  5.53920015e-05  6.56139504e-07  3.29999665e+00  6.56139504e-07  3.30000000e+00  6.56139504e-07  2.19356724e-05 
 6.56639504e-07 -5.36957587e-05  6.56639504e-07  3.30000321e+00  6.56639504e-07  3.30000000e+00  6.56639504e-07 -2.19388609e-05 
 6.57139504e-07  5.08070253e-05  6.57139504e-07  3.29999688e+00  6.57139504e-07  3.30000000e+00  6.57139504e-07  2.19418199e-05 
 6.57639504e-07 -4.93231875e-05  6.57639504e-07  3.30000299e+00  6.57639504e-07  3.30000000e+00  6.57639504e-07 -2.19447446e-05 
 6.58139504e-07  4.66090325e-05  6.58139504e-07  3.29999710e+00  6.58139504e-07  3.30000000e+00  6.58139504e-07  2.19474535e-05 
 6.58639504e-07 -4.53188324e-05  6.58639504e-07  3.30000278e+00  6.58639504e-07  3.30000000e+00  6.58639504e-07 -2.19501372e-05 
 6.59139504e-07  4.27639764e-05  6.59139504e-07  3.29999730e+00  6.59139504e-07  3.30000000e+00  6.59139504e-07  2.19526178e-05 
 6.59639504e-07 -4.16504131e-05  6.59639504e-07  3.30000258e+00  6.59639504e-07  3.30000000e+00  6.59639504e-07 -2.19550813e-05 
 6.60139504e-07  3.92409884e-05  6.60139504e-07  3.29999749e+00  6.60139504e-07  3.30000000e+00  6.60139504e-07  2.19573532e-05 
 6.60639504e-07 -3.82886472e-05  6.60639504e-07  3.30000239e+00  6.60639504e-07  3.30000000e+00  6.60639504e-07 -2.19596155e-05 
 6.61139504e-07  3.60120584e-05  6.61139504e-07  3.29999767e+00  6.61139504e-07  3.30000000e+00  6.61139504e-07  2.19616965e-05 
 6.61639504e-07 -3.52069506e-05  6.61639504e-07  3.30000222e+00  6.61639504e-07  3.30000000e+00  6.61639504e-07 -2.19637748e-05 
 6.62139504e-07  3.30517497e-05  6.62139504e-07  3.29999784e+00  6.62139504e-07  3.30000000e+00  6.62139504e-07  2.19656813e-05 
 6.62639504e-07 -3.23811702e-05  6.62639504e-07  3.30000206e+00  6.62639504e-07  3.30000000e+00  6.62639504e-07 -2.19675912e-05 
 6.63139504e-07  3.03369450e-05  6.63139504e-07  3.29999800e+00  6.63139504e-07  3.30000000e+00  6.63139504e-07  2.19693380e-05 
 6.63639504e-07 -2.97893452e-05  6.63639504e-07  3.30000191e+00  6.63639504e-07  3.30000000e+00  6.63639504e-07 -2.19710938e-05 
 6.64139504e-07  2.78466197e-05  6.64139504e-07  3.29999814e+00  6.64139504e-07  3.30000000e+00  6.64139504e-07  2.19726944e-05 
 6.64639504e-07 -2.74114945e-05  6.64639504e-07  3.30000177e+00  6.64639504e-07  3.30000000e+00  6.64639504e-07 -2.19743092e-05 
 6.65139504e-07  2.55616388e-05  6.65139504e-07  3.29999828e+00  6.65139504e-07  3.30000000e+00  6.65139504e-07  2.19757758e-05 
 6.65639504e-07 -2.52294252e-05  6.65639504e-07  3.30000164e+00  6.65639504e-07  3.30000000e+00  6.65639504e-07 -2.19772614e-05 
 6.66139504e-07  2.34645758e-05  6.66139504e-07  3.29999841e+00  6.66139504e-07  3.30000000e+00  6.66139504e-07  2.19786053e-05 
 6.66639504e-07 -2.32265627e-05  6.66639504e-07  3.30000152e+00  6.66639504e-07  3.30000000e+00  6.66639504e-07 -2.19799725e-05 
 6.67139504e-07  2.15395499e-05  6.67139504e-07  3.29999853e+00  6.67139504e-07  3.30000000e+00  6.67139504e-07  2.19812041e-05 
 6.67639504e-07 -2.13877968e-05  6.67639504e-07  3.30000140e+00  6.67639504e-07  3.30000000e+00  6.67639504e-07 -2.19824627e-05 
 6.68139504e-07  1.97720798e-05  6.68139504e-07  3.29999864e+00  6.68139504e-07  3.30000000e+00  6.68139504e-07  2.19835913e-05 
 6.68639504e-07 -1.96993446e-05  6.68639504e-07  3.30000130e+00  6.68639504e-07  3.30000000e+00  6.68639504e-07 -2.19847505e-05 
 6.69139504e-07  1.81489536e-05  6.69139504e-07  3.29999874e+00  6.69139504e-07  3.30000000e+00  6.69139504e-07  2.19857846e-05 
 6.69639504e-07 -1.81486268e-05  6.69639504e-07  3.30000120e+00  6.69639504e-07  3.30000000e+00  6.69639504e-07 -2.19868525e-05 
 6.70100000e-07  1.66022260e-05  6.70100000e-07  3.29999884e+00  6.70100000e-07  3.30000000e+00  6.70100000e-07  2.19878827e-05 
 6.70110000e-07 -3.03075312e-03  6.70110000e-07  3.29706407e+00  6.70110000e-07  2.97000000e+00  6.70110000e-07 -2.80533895e-04 
 6.70130000e-07 -2.17588560e-02  6.70130000e-07  3.27712667e+00  6.70130000e-07  2.31000000e+00  6.70130000e-07 -3.68277507e-04 
 6.70170000e-07 -2.98664791e-02  6.70170000e-07  3.24456231e+00  6.70170000e-07  9.90000000e-01  6.70170000e-07 -7.90643280e-04 
 6.70200000e-07  4.80570071e-02  6.70200000e-07  3.25875668e+00  6.70200000e-07  1.28119737e-12  6.70200000e-07 -1.14060906e-03 
 6.70203596e-07  6.74816853e-02  6.70203596e-07  3.26830323e+00  6.70203596e-07  0.00000000e+00  6.70203596e-07 -7.91858577e-04 
 6.70210789e-07  1.05893759e-01  6.70210789e-07  3.28602121e+00  6.70210789e-07  0.00000000e+00  6.70210789e-07 -7.78348709e-04 
 6.70225175e-07  1.80207612e-01  6.70225175e-07  3.31532556e+00  6.70225175e-07  0.00000000e+00  6.70225175e-07 -7.58653179e-04 
 6.70253947e-07  3.23833893e-01  6.70253947e-07  3.35568749e+00  6.70253947e-07  0.00000000e+00  6.70253947e-07 -7.22023574e-04 
 6.70311490e-07  6.21208740e-01  6.70311490e-07  3.40058201e+00  6.70311490e-07  0.00000000e+00  6.70311490e-07 -6.71599923e-04 
 6.70414353e-07  1.29885924e+00  6.70414353e-07  3.47257346e+00  6.70414353e-07  0.00000000e+00  6.70414353e-07 -4.78433197e-04 
 6.70510843e-07  1.95547694e+00  6.70510843e-07  3.51465318e+00  6.70510843e-07  0.00000000e+00  6.70510843e-07 -2.69779383e-04 
 6.70629226e-07  2.51139375e+00  6.70629226e-07  3.46872875e+00  6.70629226e-07  0.00000000e+00  6.70629226e-07 -1.28251582e-04 
 6.70741198e-07  2.83513315e+00  6.70741198e-07  3.42319436e+00  6.70741198e-07  0.00000000e+00  6.70741198e-07 -5.69727402e-05 
 6.70881474e-07  3.09204247e+00  6.70881474e-07  3.36809509e+00  6.70881474e-07  0.00000000e+00  6.70881474e-07 -2.57431808e-05 
 6.71054184e-07  3.23089289e+00  6.71054184e-07  3.32858180e+00  6.71054184e-07  0.00000000e+00  6.71054184e-07 -1.17536774e-05 
 6.71247702e-07  3.28107600e+00  6.71247702e-07  3.30974065e+00  6.71247702e-07  0.00000000e+00  6.71247702e-07 -3.78063874e-07 
 6.71592003e-07  3.30011217e+00  6.71592003e-07  3.30046692e+00  6.71592003e-07  0.00000000e+00  6.71592003e-07 -3.65643420e-06 
 6.72054100e-07  3.29996284e+00  6.72054100e-07  3.29989902e+00  6.72054100e-07  0.00000000e+00  6.72054100e-07  2.31449981e-06 
 6.72554100e-07  3.30001557e+00  6.72554100e-07  3.30003580e+00  6.72554100e-07  0.00000000e+00  6.72554100e-07 -3.30238443e-06 
 6.73054100e-07  3.29999633e+00  6.73054100e-07  3.29998584e+00  6.73054100e-07  0.00000000e+00  6.73054100e-07  2.65633533e-06 
 6.73554100e-07  3.30000253e+00  6.73554100e-07  3.30000875e+00  6.73554100e-07  0.00000000e+00  6.73554100e-07 -3.19413264e-06 
 6.74054100e-07  3.29999980e+00  6.74054100e-07  3.29999518e+00  6.74054100e-07  0.00000000e+00  6.74054100e-07  2.78559322e-06 
 6.74554100e-07  3.30000081e+00  6.74554100e-07  3.30000390e+00  6.74554100e-07  0.00000000e+00  6.74554100e-07 -3.14461793e-06 
 6.75054100e-07  3.30000006e+00  6.75054100e-07  3.29999770e+00  6.75054100e-07  0.00000000e+00  6.75054100e-07  2.85088731e-06 
 6.75554100e-07  3.30000040e+00  6.75554100e-07  3.30000199e+00  6.75554100e-07  0.00000000e+00  6.75554100e-07 -3.11613794e-06 
 6.76054100e-07  3.30000008e+00  6.76054100e-07  3.29999889e+00  6.76054100e-07  0.00000000e+00  6.76054100e-07  2.88873056e-06 
 6.76554100e-07  3.30000023e+00  6.76554100e-07  3.30000103e+00  6.76554100e-07  0.00000000e+00  6.76554100e-07 -3.09692301e-06 
 6.77054100e-07  3.30000007e+00  6.77054100e-07  3.29999946e+00  6.77054100e-07  0.00000000e+00  6.77054100e-07  2.91225062e-06 
 6.77554100e-07  3.30000014e+00  6.77554100e-07  3.30000056e+00  6.77554100e-07  0.00000000e+00  6.77554100e-07 -3.08300836e-06 
 6.78054100e-07  3.30000006e+00  6.78054100e-07  3.29999974e+00  6.78054100e-07  0.00000000e+00  6.78054100e-07  2.92812071e-06 
 6.78554100e-07  3.30000009e+00  6.78554100e-07  3.30000031e+00  6.78554100e-07  0.00000000e+00  6.78554100e-07 -3.07243570e-06 
 6.79054100e-07  3.30000005e+00  6.79054100e-07  3.29999988e+00  6.79054100e-07  0.00000000e+00  6.79054100e-07  2.93942815e-06 
 6.79554100e-07  3.30000006e+00  6.79554100e-07  3.30000018e+00  6.79554100e-07  0.00000000e+00  6.79554100e-07 -3.06415314e-06 
 6.80054100e-07  3.30000004e+00  6.80054100e-07  3.29999995e+00  6.80054100e-07  0.00000000e+00  6.80054100e-07  2.94785343e-06 
 6.80554100e-07  3.30000005e+00  6.80554100e-07  3.30000010e+00  6.80554100e-07  0.00000000e+00  6.80554100e-07 -3.05752142e-06 
 6.81054100e-07  3.30000003e+00  6.81054100e-07  3.29999998e+00  6.81054100e-07  0.00000000e+00  6.81054100e-07  2.95436547e-06 
 6.81554100e-07  3.30000003e+00  6.81554100e-07  3.30000006e+00  6.81554100e-07  0.00000000e+00  6.81554100e-07 -3.05211845e-06 
 6.82054100e-07  3.30000002e+00  6.82054100e-07  3.30000000e+00  6.82054100e-07  0.00000000e+00  6.82054100e-07  2.95955054e-06 
 6.82554100e-07  3.30000002e+00  6.82554100e-07  3.30000004e+00  6.82554100e-07  0.00000000e+00  6.82554100e-07 -3.04765083e-06 
 6.83054100e-07  3.30000002e+00  6.83054100e-07  3.30000001e+00  6.83054100e-07  0.00000000e+00  6.83054100e-07  2.96377979e-06 
 6.83554100e-07  3.30000002e+00  6.83554100e-07  3.30000003e+00  6.83554100e-07  0.00000000e+00  6.83554100e-07 -3.04390785e-06 
 6.84054100e-07  3.30000001e+00  6.84054100e-07  3.30000001e+00  6.84054100e-07  0.00000000e+00  6.84054100e-07  2.96729757e-06 
 6.84554100e-07  3.30000001e+00  6.84554100e-07  3.30000002e+00  6.84554100e-07  0.00000000e+00  6.84554100e-07 -3.04073472e-06 
 6.85054100e-07  3.30000001e+00  6.85054100e-07  3.30000001e+00  6.85054100e-07  0.00000000e+00  6.85054100e-07  2.97027086e-06 
 6.85554100e-07  3.30000001e+00  6.85554100e-07  3.30000001e+00  6.85554100e-07  0.00000000e+00  6.85554100e-07 -3.03801584e-06 
 6.86054100e-07  3.30000001e+00  6.86054100e-07  3.30000000e+00  6.86054100e-07  0.00000000e+00  6.86054100e-07  2.97281762e-06 
 6.86554100e-07  3.30000001e+00  6.86554100e-07  3.30000001e+00  6.86554100e-07  0.00000000e+00  6.86554100e-07 -3.03566361e-06 
 6.87054100e-07  3.30000000e+00  6.87054100e-07  3.30000000e+00  6.87054100e-07  0.00000000e+00  6.87054100e-07  2.97502361e-06 
 6.87554100e-07  3.30000000e+00  6.87554100e-07  3.30000000e+00  6.87554100e-07  0.00000000e+00  6.87554100e-07 -3.03361076e-06 
 6.88054100e-07  3.30000000e+00  6.88054100e-07  3.30000000e+00  6.88054100e-07  0.00000000e+00  6.88054100e-07  2.97695278e-06 
 6.88554100e-07  3.30000000e+00  6.88554100e-07  3.30000000e+00  6.88554100e-07  0.00000000e+00  6.88554100e-07 -3.03180502e-06 
 6.89054100e-07  3.30000000e+00  6.89054100e-07  3.30000000e+00  6.89054100e-07  0.00000000e+00  6.89054100e-07  2.97865391e-06 
 6.89554100e-07  3.30000000e+00  6.89554100e-07  3.30000000e+00  6.89554100e-07  0.00000000e+00  6.89554100e-07 -3.03020528e-06 
 6.90054100e-07  3.30000000e+00  6.90054100e-07  3.30000000e+00  6.90054100e-07  0.00000000e+00  6.90054100e-07  2.98016486e-06 
 6.90554100e-07  3.30000000e+00  6.90554100e-07  3.30000000e+00  6.90554100e-07  0.00000000e+00  6.90554100e-07 -3.02877889e-06 
 6.91054100e-07  3.30000000e+00  6.91054100e-07  3.30000000e+00  6.91054100e-07  0.00000000e+00  6.91054100e-07  2.98151555e-06 
 6.91554100e-07  3.30000000e+00  6.91554100e-07  3.30000000e+00  6.91554100e-07  0.00000000e+00  6.91554100e-07 -3.02749962e-06 
 6.92054100e-07  3.30000000e+00  6.92054100e-07  3.30000000e+00  6.92054100e-07  0.00000000e+00  6.92054100e-07  2.98272991e-06 
 6.92554100e-07  3.30000000e+00  6.92554100e-07  3.30000000e+00  6.92554100e-07  0.00000000e+00  6.92554100e-07 -3.02634620e-06 
 6.93054100e-07  3.30000000e+00  6.93054100e-07  3.30000000e+00  6.93054100e-07  0.00000000e+00  6.93054100e-07  2.98382737e-06 
 6.93554100e-07  3.30000000e+00  6.93554100e-07  3.30000000e+00  6.93554100e-07  0.00000000e+00  6.93554100e-07 -3.02530119e-06 
 6.94054100e-07  3.30000000e+00  6.94054100e-07  3.30000000e+00  6.94054100e-07  0.00000000e+00  6.94054100e-07  2.98482383e-06 
 6.94554100e-07  3.29999999e+00  6.94554100e-07  3.29999999e+00  6.94554100e-07  0.00000000e+00  6.94554100e-07 -3.02435023e-06 
 6.95054100e-07  3.29999999e+00  6.95054100e-07  3.29999999e+00  6.95054100e-07  0.00000000e+00  6.95054100e-07  2.98573245e-06 
 6.95554100e-07  3.29999999e+00  6.95554100e-07  3.29999999e+00  6.95554100e-07  0.00000000e+00  6.95554100e-07 -3.02348134e-06 
 6.96054100e-07  3.29999999e+00  6.96054100e-07  3.29999999e+00  6.96054100e-07  0.00000000e+00  6.96054100e-07  2.98656421e-06 
 6.96554100e-07  3.29999999e+00  6.96554100e-07  3.29999999e+00  6.96554100e-07  0.00000000e+00  6.96554100e-07 -3.02268448e-06 
 6.97054100e-07  3.29999999e+00  6.97054100e-07  3.29999999e+00  6.97054100e-07  0.00000000e+00  6.97054100e-07  2.98732834e-06 
 6.97554100e-07  3.29999999e+00  6.97554100e-07  3.29999999e+00  6.97554100e-07  0.00000000e+00  6.97554100e-07 -3.02195116e-06 
 6.98054100e-07  3.29999999e+00  6.98054100e-07  3.29999999e+00  6.98054100e-07  0.00000000e+00  6.98054100e-07  2.98803267e-06 
 6.98554100e-07  3.29999999e+00  6.98554100e-07  3.29999999e+00  6.98554100e-07  0.00000000e+00  6.98554100e-07 -3.02127417e-06 
 6.99054100e-07  3.29999999e+00  6.99054100e-07  3.29999999e+00  6.99054100e-07  0.00000000e+00  6.99054100e-07  2.98868386e-06 
 6.99554100e-07  3.29999999e+00  6.99554100e-07  3.29999999e+00  6.99554100e-07  0.00000000e+00  6.99554100e-07 -3.02064735e-06 
 7.00000000e-07  3.29999999e+00  7.00000000e-07  3.29999999e+00  7.00000000e-07  0.00000000e+00  7.00000000e-07  2.98925610e-06 
 7.00050000e-07  3.29999999e+00  7.00050000e-07  3.29999999e+00  7.00050000e-07  0.00000000e+00  7.00050000e-07 -1.55342822e-08 
 7.00150000e-07  3.29999999e+00  7.00150000e-07  3.29999999e+00  7.00150000e-07  0.00000000e+00  7.00150000e-07 -1.54761246e-08 
 7.00350000e-07  3.29999999e+00  7.00350000e-07  3.29999999e+00  7.00350000e-07  0.00000000e+00  7.00350000e-07 -1.53614872e-08 
 7.00750000e-07  3.29999999e+00  7.00750000e-07  3.29999999e+00  7.00750000e-07  0.00000000e+00  7.00750000e-07 -1.51368801e-08 
 7.01250000e-07  3.29999999e+00  7.01250000e-07  3.29999999e+00  7.01250000e-07  0.00000000e+00  7.01250000e-07 -1.48651161e-08 
 7.01750000e-07  3.29999999e+00  7.01750000e-07  3.29999999e+00  7.01750000e-07  0.00000000e+00  7.01750000e-07 -1.46025790e-08 
 7.02250000e-07  3.29999999e+00  7.02250000e-07  3.29999999e+00  7.02250000e-07  0.00000000e+00  7.02250000e-07 -1.43490447e-08 
 7.02750000e-07  3.29999999e+00  7.02750000e-07  3.29999999e+00  7.02750000e-07  0.00000000e+00  7.02750000e-07 -1.41038350e-08 
 7.03250000e-07  3.29999999e+00  7.03250000e-07  3.29999999e+00  7.03250000e-07  0.00000000e+00  7.03250000e-07 -1.38667789e-08 
 7.03750000e-07  3.29999999e+00  7.03750000e-07  3.29999999e+00  7.03750000e-07  0.00000000e+00  7.03750000e-07 -1.36372557e-08 
 7.04250000e-07  3.29999999e+00  7.04250000e-07  3.29999999e+00  7.04250000e-07  0.00000000e+00  7.04250000e-07 -1.34151415e-08 
 7.04750000e-07  3.29999999e+00  7.04750000e-07  3.29999999e+00  7.04750000e-07  0.00000000e+00  7.04750000e-07 -1.31998634e-08 
 7.05250000e-07  3.29999999e+00  7.05250000e-07  3.29999999e+00  7.05250000e-07  0.00000000e+00  7.05250000e-07 -1.29913386e-08 
 7.05750000e-07  3.29999999e+00  7.05750000e-07  3.29999999e+00  7.05750000e-07  0.00000000e+00  7.05750000e-07 -1.27890344e-08 
 7.06250000e-07  3.29999999e+00  7.06250000e-07  3.29999999e+00  7.06250000e-07  0.00000000e+00  7.06250000e-07 -1.25929038e-08 
 7.06750000e-07  3.29999999e+00  7.06750000e-07  3.29999999e+00  7.06750000e-07  0.00000000e+00  7.06750000e-07 -1.24024482e-08 
 7.07250000e-07  3.29999999e+00  7.07250000e-07  3.29999999e+00  7.07250000e-07  0.00000000e+00  7.07250000e-07 -1.22176516e-08 
 7.07750000e-07  3.29999999e+00  7.07750000e-07  3.29999999e+00  7.07750000e-07  0.00000000e+00  7.07750000e-07 -1.20380449e-08 
 7.08250000e-07  3.29999999e+00  7.08250000e-07  3.29999999e+00  7.08250000e-07  0.00000000e+00  7.08250000e-07 -1.18636390e-08 
 7.08750000e-07  3.29999999e+00  7.08750000e-07  3.29999999e+00  7.08750000e-07  0.00000000e+00  7.08750000e-07 -1.16939902e-08 
 7.09250000e-07  3.29999999e+00  7.09250000e-07  3.29999999e+00  7.09250000e-07  0.00000000e+00  7.09250000e-07 -1.15291327e-08 
 7.09750000e-07  3.29999999e+00  7.09750000e-07  3.29999999e+00  7.09750000e-07  0.00000000e+00  7.09750000e-07 -1.13686449e-08 
 7.10250000e-07  3.29999999e+00  7.10250000e-07  3.29999999e+00  7.10250000e-07  0.00000000e+00  7.10250000e-07 -1.12125817e-08 
 7.10750000e-07  3.29999999e+00  7.10750000e-07  3.29999999e+00  7.10750000e-07  0.00000000e+00  7.10750000e-07 -1.10605405e-08 
 7.11250000e-07  3.29999999e+00  7.11250000e-07  3.29999999e+00  7.11250000e-07  0.00000000e+00  7.11250000e-07 -1.09125942e-08 
 7.11750000e-07  3.29999999e+00  7.11750000e-07  3.29999999e+00  7.11750000e-07  0.00000000e+00  7.11750000e-07 -1.07683570e-08 
 7.12250000e-07  3.29999999e+00  7.12250000e-07  3.29999999e+00  7.12250000e-07  0.00000000e+00  7.12250000e-07 -1.06279175e-08 
 7.12750000e-07  3.29999999e+00  7.12750000e-07  3.29999999e+00  7.12750000e-07  0.00000000e+00  7.12750000e-07 -1.04909048e-08 
 7.13250000e-07  3.29999999e+00  7.13250000e-07  3.29999999e+00  7.13250000e-07  0.00000000e+00  7.13250000e-07 -1.03574214e-08 
 7.13750000e-07  3.29999999e+00  7.13750000e-07  3.29999999e+00  7.13750000e-07  0.00000000e+00  7.13750000e-07 -1.02271095e-08 
 7.14250000e-07  3.29999999e+00  7.14250000e-07  3.29999999e+00  7.14250000e-07  0.00000000e+00  7.14250000e-07 -1.01000837e-08 
 7.14750000e-07  3.29999999e+00  7.14750000e-07  3.29999999e+00  7.14750000e-07  0.00000000e+00  7.14750000e-07 -9.97599777e-09 
 7.15250000e-07  3.29999999e+00  7.15250000e-07  3.29999999e+00  7.15250000e-07  0.00000000e+00  7.15250000e-07 -9.85497724e-09 
 7.15750000e-07  3.29999999e+00  7.15750000e-07  3.29999999e+00  7.15750000e-07  0.00000000e+00  7.15750000e-07 -9.73668611e-09 
 7.16250000e-07  3.29999999e+00  7.16250000e-07  3.29999999e+00  7.16250000e-07  0.00000000e+00  7.16250000e-07 -9.62125956e-09 
 7.16750000e-07  3.29999999e+00  7.16750000e-07  3.29999999e+00  7.16750000e-07  0.00000000e+00  7.16750000e-07 -9.50837071e-09 
 7.17250000e-07  3.29999999e+00  7.17250000e-07  3.29999999e+00  7.17250000e-07  0.00000000e+00  7.17250000e-07 -9.39816333e-09 
 7.17750000e-07  3.29999999e+00  7.17750000e-07  3.29999999e+00  7.17750000e-07  0.00000000e+00  7.17750000e-07 -9.29031867e-09 
 7.18250000e-07  3.29999999e+00  7.18250000e-07  3.29999999e+00  7.18250000e-07  0.00000000e+00  7.18250000e-07 -9.18498821e-09 
 7.18750000e-07  3.29999999e+00  7.18750000e-07  3.29999999e+00  7.18750000e-07  0.00000000e+00  7.18750000e-07 -9.08186042e-09 
 7.19250000e-07  3.29999999e+00  7.19250000e-07  3.29999999e+00  7.19250000e-07  0.00000000e+00  7.19250000e-07 -8.98109369e-09 
 7.19750000e-07  3.29999999e+00  7.19750000e-07  3.29999999e+00  7.19750000e-07  0.00000000e+00  7.19750000e-07 -8.88238302e-09 
 7.20000000e-07  3.29999999e+00  7.20000000e-07  3.29999999e+00  7.20000000e-07  0.00000000e+00  7.20000000e-07 -8.83391330e-09 
 7.20010000e-07  3.32225981e+00  7.20010000e-07  3.32225094e+00  7.20010000e-07  3.30000000e-01  7.20010000e-07  4.12708732e-04 
 7.20030000e-07  3.36412926e+00  7.20030000e-07  3.36410722e+00  7.20030000e-07  9.90000000e-01  7.20030000e-07  4.61718089e-04 
 7.20070000e-07  3.44573157e+00  7.20070000e-07  3.44569275e+00  7.20070000e-07  2.31000000e+00  7.20070000e-07  4.58468731e-04 
 7.20100000e-07  3.48381813e+00  7.20100000e-07  3.48359385e+00  7.20100000e-07  3.30000000e+00  7.20100000e-07  2.92288332e-04 
 7.20104134e-07  3.48297387e+00  7.20104134e-07  3.48275548e+00  7.20104134e-07  3.30000000e+00  7.20104134e-07 -1.10696575e-05 
 7.20112403e-07  3.48044473e+00  7.20112403e-07  3.48024321e+00  7.20112403e-07  3.30000000e+00  7.20112403e-07 -3.84627342e-05 
 7.20128940e-07  3.46994235e+00  7.20128940e-07  3.46979821e+00  7.20128940e-07  3.30000000e+00  7.20128940e-07 -5.26494886e-05 
 7.20162014e-07  3.44111934e+00  7.20162014e-07  3.44106508e+00  7.20162014e-07  3.30000000e+00  7.20162014e-07 -7.08882971e-05 
 7.20219203e-07  3.25272660e+00  7.20219203e-07  3.25205039e+00  7.20219203e-07  3.30000000e+00  7.20219203e-07 -9.99229247e-05 
 7.20272171e-07  2.97042637e+00  7.20272171e-07  2.96784933e+00  7.20272171e-07  3.30000000e+00  7.20272171e-07 -1.24976178e-04 
 7.20346820e-07  2.55000409e+00  7.20346820e-07  2.54510905e+00  7.20346820e-07  3.30000000e+00  7.20346820e-07 -1.03088571e-04 
 7.20432639e-07  2.13375968e+00  7.20432639e-07  2.12804505e+00  7.20432639e-07  3.30000000e+00  7.20432639e-07 -1.80552871e-04 
 7.20576828e-07  1.74121909e+00  7.20576828e-07  1.74093409e+00  7.20576828e-07  3.30000000e+00  7.20576828e-07 -2.42336752e-04 
 7.20728329e-07  1.61249735e+00  7.20728329e-07  1.65681346e+00  7.20728329e-07  3.30000000e+00  7.20728329e-07 -3.19309242e-04 
 7.20915572e-07  1.19734304e+00  7.20915572e-07  2.06381177e+00  7.20915572e-07  3.30000000e+00  7.20915572e-07 -3.08171467e-04 
 7.21066952e-07  7.46788819e-01  7.21066952e-07  2.71549017e+00  7.21066952e-07  3.30000000e+00  7.21066952e-07 -2.84422238e-04 
 7.21196975e-07  4.57655181e-01  7.21196975e-07  3.10102363e+00  7.21196975e-07  3.30000000e+00  7.21196975e-07 -1.23957290e-04 
 7.21336746e-07  2.25942848e-01  7.21336746e-07  3.23427848e+00  7.21336746e-07  3.30000000e+00  7.21336746e-07 -6.93366723e-05 
 7.21533528e-07  6.94274212e-02  7.21533528e-07  3.28183563e+00  7.21533528e-07  3.30000000e+00  7.21533528e-07 -4.67179922e-06 
 7.21763691e-07  1.36808870e-02  7.21763691e-07  3.29584335e+00  7.21763691e-07  3.30000000e+00  7.21763691e-07 -1.65119372e-05 
 7.22049397e-07  1.76633369e-03  7.22049397e-07  3.29974263e+00  7.22049397e-07  3.30000000e+00  7.22049397e-07  1.24344706e-05 
 7.22389263e-07 -4.10834194e-04  7.22389263e-07  3.29993176e+00  7.22389263e-07  3.30000000e+00  7.22389263e-07 -1.28106685e-05 
 7.22889263e-07  3.81376747e-04  7.22889263e-07  3.30005284e+00  7.22889263e-07  3.30000000e+00  7.22889263e-07  1.28332174e-05 
 7.23389263e-07 -3.56715075e-04  7.23389263e-07  3.29995728e+00  7.23389263e-07  3.30000000e+00  7.23389263e-07 -1.28566929e-05 
 7.23889263e-07  3.35333818e-04  7.23889263e-07  3.30003556e+00  7.23889263e-07  3.30000000e+00  7.23889263e-07  1.28799798e-05 
 7.24389263e-07 -3.15042739e-04  7.24389263e-07  3.29996922e+00  7.24389263e-07  3.30000000e+00  7.24389263e-07 -1.29030316e-05 
 7.24889263e-07  2.96495084e-04  7.24889263e-07  3.30002702e+00  7.24889263e-07  3.30000000e+00  7.24889263e-07  1.29249991e-05 
 7.25389263e-07 -2.78891572e-04  7.25389263e-07  3.29997572e+00  7.25389263e-07  3.30000000e+00  7.25389263e-07 -1.29461531e-05 
 7.25889263e-07  2.62471738e-04  7.25889263e-07  3.30002186e+00  7.25889263e-07  3.30000000e+00  7.25889263e-07  1.29659795e-05 
 7.26389263e-07 -2.47083600e-04  7.26389263e-07  3.29998004e+00  7.26389263e-07  3.30000000e+00  7.26389263e-07 -1.29848779e-05 
 7.26889263e-07  2.32493098e-04  7.26889263e-07  3.30001813e+00  7.26889263e-07  3.30000000e+00  7.26889263e-07  1.30024752e-05 
 7.27389263e-07 -2.19036204e-04  7.27389263e-07  3.29998335e+00  7.27389263e-07  3.30000000e+00  7.27389263e-07 -1.30191931e-05 
 7.27889263e-07  2.06063439e-04  7.27889263e-07  3.30001515e+00  7.27889263e-07  3.30000000e+00  7.27889263e-07  1.30347198e-05 
 7.28389263e-07 -1.94310580e-04  7.28389263e-07  3.29998608e+00  7.28389263e-07  3.30000000e+00  7.28389263e-07 -1.30494621e-05 
 7.28889263e-07  1.82773286e-04  7.28889263e-07  3.30001265e+00  7.28889263e-07  3.30000000e+00  7.28889263e-07  1.30631393e-05 
 7.29389263e-07 -1.72524131e-04  7.29389263e-07  3.29998838e+00  7.29389263e-07  3.30000000e+00  7.29389263e-07 -1.30761328e-05 
 7.29889263e-07  1.62256870e-04  7.29889263e-07  3.30001053e+00  7.29889263e-07  3.30000000e+00  7.29889263e-07  1.30881815e-05 
 7.30389263e-07 -1.53331175e-04  7.30389263e-07  3.29999035e+00  7.30389263e-07  3.30000000e+00  7.30389263e-07 -1.30996400e-05 
 7.30889263e-07  1.44183594e-04  7.30889263e-07  3.30000873e+00  7.30889263e-07  3.30000000e+00  7.30889263e-07  1.31102617e-05 
 7.31389263e-07 -1.36419856e-04  7.31389263e-07  3.29999201e+00  7.31389263e-07  3.30000000e+00  7.31389263e-07 -1.31203765e-05 
 7.31889263e-07  1.28245659e-04  7.31889263e-07  3.30000720e+00  7.31889263e-07  3.30000000e+00  7.31889263e-07  1.31297480e-05 
 7.32389263e-07 -1.21522567e-04  7.32389263e-07  3.29999343e+00  7.32389263e-07  3.30000000e+00  7.32389263e-07 -1.31386870e-05 
 7.32889263e-07  1.14204159e-04  7.32889263e-07  3.30000590e+00  7.32889263e-07  3.30000000e+00  7.32889263e-07  1.31469672e-05 
 7.33389263e-07 -1.08368048e-04  7.33389263e-07  3.29999463e+00  7.33389263e-07  3.30000000e+00  7.33389263e-07 -1.31548762e-05 
 7.33889263e-07  1.01812017e-04  7.33889263e-07  3.30000480e+00  7.33889263e-07  3.30000000e+00  7.33889263e-07  1.31621988e-05 
 7.34389263e-07 -9.67529209e-05  7.34389263e-07  3.29999564e+00  7.34389263e-07  3.30000000e+00  7.34389263e-07 -1.31692052e-05 
 7.34889263e-07  9.08652711e-05  7.34889263e-07  3.30000388e+00  7.34889263e-07  3.30000000e+00  7.34889263e-07  1.31756882e-05 
 7.35389263e-07 -8.64882478e-05  7.35389263e-07  3.29999649e+00  7.35389263e-07  3.30000000e+00  7.35389263e-07 -1.31819031e-05 
 7.35889263e-07  8.11778117e-05  7.35889263e-07  3.30000311e+00  7.35889263e-07  3.30000000e+00  7.35889263e-07  1.31876483e-05 
 7.36389263e-07 -7.74145215e-05  7.36389263e-07  3.29999720e+00  7.36389263e-07  3.30000000e+00  7.36389263e-07 -1.31931683e-05 
 7.36889263e-07  7.26113495e-05  7.36889263e-07  3.30000246e+00  7.36889263e-07  3.30000000e+00  7.36889263e-07  1.31982676e-05 
 7.37389263e-07 -6.93658967e-05  7.37389263e-07  3.29999779e+00  7.37389263e-07  3.30000000e+00  7.37389263e-07 -1.32031761e-05 
 7.37889263e-07  6.50174753e-05  7.37889263e-07  3.30000192e+00  7.37889263e-07  3.30000000e+00  7.37889263e-07  1.32077056e-05 
 7.38389263e-07 -6.22286700e-05  7.38389263e-07  3.29999829e+00  7.38389263e-07  3.30000000e+00  7.38389263e-07 -1.32120759e-05 
 7.38889263e-07  5.82798930e-05  7.38889263e-07  3.30000147e+00  7.38889263e-07  3.30000000e+00  7.38889263e-07  1.32161037e-05 
 7.39389263e-07 -5.58925587e-05  7.39389263e-07  3.29999870e+00  7.39389263e-07  3.30000000e+00  7.39389263e-07 -1.32200000e-05 
 7.39889263e-07  5.22949942e-05  7.39889263e-07  3.30000110e+00  7.39889263e-07  3.30000000e+00  7.39889263e-07  1.32235857e-05 
 7.40389263e-07 -5.02610067e-05  7.40389263e-07  3.29999904e+00  7.40389263e-07  3.30000000e+00  7.40389263e-07 -1.32270640e-05 
 7.40889263e-07  4.69723745e-05  7.40889263e-07  3.30000079e+00  7.40889263e-07  3.30000000e+00  7.40889263e-07  1.32302595e-05 
 7.41389263e-07 -4.52522384e-05  7.41389263e-07  3.29999932e+00  7.41389263e-07  3.30000000e+00  7.41389263e-07 -1.32333690e-05 
 7.41889263e-07  4.22325061e-05  7.41889263e-07  3.30000054e+00  7.41889263e-07  3.30000000e+00  7.41889263e-07  1.32362202e-05 
 7.42389263e-07 -4.07863326e-05  7.42389263e-07  3.29999955e+00  7.42389263e-07  3.30000000e+00  7.42389263e-07 -1.32390031e-05 
 7.42889263e-07  3.80070059e-05  7.42889263e-07  3.30000033e+00  7.42889263e-07  3.30000000e+00  7.42889263e-07  1.32415492e-05 
 7.43389263e-07 -3.68028380e-05  7.43389263e-07  3.29999974e+00  7.43389263e-07  3.30000000e+00  7.43389263e-07 -1.32440432e-05 
 7.43889263e-07  3.42358861e-05  7.43889263e-07  3.30000017e+00  7.43889263e-07  3.30000000e+00  7.43889263e-07  1.32463193e-05 
 7.44389263e-07 -3.32456828e-05  7.44389263e-07  3.29999989e+00  7.44389263e-07  3.30000000e+00  7.44389263e-07 -1.32485573e-05 
 7.44889263e-07  3.08663563e-05  7.44889263e-07  3.30000003e+00  7.44889263e-07  3.30000000e+00  7.44889263e-07  1.32505940e-05 
 7.45389263e-07 -3.00653058e-05  7.45389263e-07  3.30000001e+00  7.45389263e-07  3.30000000e+00  7.45389263e-07 -1.32526051e-05 
 7.45889263e-07  2.78515958e-05  7.45889263e-07  3.29999993e+00  7.45889263e-07  3.30000000e+00  7.45889263e-07  1.32544293e-05 
 7.46389263e-07 -2.72185810e-05  7.46389263e-07  3.30000010e+00  7.46389263e-07  3.30000000e+00  7.46389263e-07 -1.32562385e-05 
 7.46889263e-07  2.51520978e-05  7.46889263e-07  3.29999984e+00  7.46889263e-07  3.30000000e+00  7.46889263e-07  1.32578736e-05 
 7.47389263e-07 -2.46678574e-05  7.47389263e-07  3.30000018e+00  7.47389263e-07  3.30000000e+00  7.47389263e-07 -1.32595035e-05 
 7.47889263e-07  2.27307596e-05  7.47889263e-07  3.29999978e+00  7.47889263e-07  3.30000000e+00  7.47889263e-07  1.32609710e-05 
 7.48389263e-07 -2.23790900e-05  7.48389263e-07  3.30000023e+00  7.48389263e-07  3.30000000e+00  7.48389263e-07 -1.32624411e-05 
 7.48889263e-07  2.05574813e-05  7.48889263e-07  3.29999973e+00  7.48889263e-07  3.30000000e+00  7.48889263e-07  1.32637589e-05 
 7.49389263e-07 -2.03234497e-05  7.49389263e-07  3.30000027e+00  7.49389263e-07  3.30000000e+00  7.49389263e-07 -1.32650867e-05 
 7.49889263e-07  1.86043777e-05  7.49889263e-07  3.29999970e+00  7.49889263e-07  3.30000000e+00  7.49889263e-07  1.32662709e-05 
 7.50389263e-07 -1.84751180e-05  7.50389263e-07  3.30000030e+00  7.50389263e-07  3.30000000e+00  7.50389263e-07 -1.32674717e-05 
 7.50889263e-07  1.68472389e-05  7.50889263e-07  3.29999967e+00  7.50889263e-07  3.30000000e+00  7.50889263e-07  1.32685367e-05 
 7.51389263e-07 -1.68114138e-05  7.51389263e-07  3.30000033e+00  7.51389263e-07  3.30000000e+00  7.51389263e-07 -1.32696240e-05 
 7.51889263e-07  1.52647349e-05  7.51889263e-07  3.29999965e+00  7.51889263e-07  3.30000000e+00  7.51889263e-07  1.32705824e-05 
 7.52389263e-07 -1.42991750e-05  7.52389263e-07  3.30000028e+00  7.52389263e-07  3.30000000e+00  7.52389263e-07 -1.32715709e-05 
 7.52889263e-07  1.56765356e-05  7.52889263e-07  3.29999945e+00  7.52889263e-07  3.30000000e+00  7.52889263e-07  1.32722701e-05 
 7.53389263e-07 -1.23869928e-05  7.53389263e-07  3.30000014e+00  7.53389263e-07  3.30000000e+00  7.53389263e-07 -1.32734817e-05 
 7.53889263e-07  1.41178746e-05  7.53889263e-07  3.29999949e+00  7.53889263e-07  3.30000000e+00  7.53889263e-07  1.32739817e-05 
 7.54389263e-07 -1.12595323e-05  7.54389263e-07  3.30000016e+00  7.54389263e-07  3.30000000e+00  7.54389263e-07 -1.32750618e-05 
 7.54889263e-07  1.28232573e-05  7.54889263e-07  3.29999950e+00  7.54889263e-07  3.30000000e+00  7.54889263e-07  1.32755052e-05 
 7.55389263e-07 -1.02679445e-05  7.55389263e-07  3.30000018e+00  7.55389263e-07  3.30000000e+00  7.55389263e-07 -1.32764897e-05 
 7.55889263e-07  1.16561298e-05  7.55889263e-07  3.29999951e+00  7.55889263e-07  3.30000000e+00  7.55889263e-07  1.32768863e-05 
 7.56389263e-07 -9.37483465e-06  7.56389263e-07  3.30000019e+00  7.56389263e-07  3.30000000e+00  7.56389263e-07 -1.32777848e-05 
 7.56889263e-07  1.05986621e-05  7.56889263e-07  3.29999953e+00  7.56889263e-07  3.30000000e+00  7.56889263e-07  1.32781393e-05 
 7.57389263e-07 -8.56851796e-06  7.57389263e-07  3.30000019e+00  7.57389263e-07  3.30000000e+00  7.57389263e-07 -1.32789600e-05 
 7.57889263e-07  9.63941628e-06  7.57889263e-07  3.29999955e+00  7.57889263e-07  3.30000000e+00  7.57889263e-07  1.32792768e-05 
 7.58389263e-07 -7.83970304e-06  7.58389263e-07  3.30000019e+00  7.58389263e-07  3.30000000e+00  7.58389263e-07 -1.32800271e-05 
 7.58889263e-07  8.76850362e-06  7.58889263e-07  3.29999957e+00  7.58889263e-07  3.30000000e+00  7.58889263e-07  1.32803100e-05 
 7.59389263e-07 -7.18028147e-06  7.59389263e-07  3.30000019e+00  7.59389263e-07  3.30000000e+00  7.59389263e-07 -1.32809966e-05 
 7.59889263e-07  7.97716501e-06  7.59889263e-07  3.29999959e+00  7.59889263e-07  3.30000000e+00  7.59889263e-07  1.32812492e-05 
 7.60389263e-07 -6.58309586e-06  7.60389263e-07  3.30000019e+00  7.60389263e-07  3.30000000e+00  7.60389263e-07 -1.32818781e-05 
 7.60889263e-07  7.25760022e-06  7.60889263e-07  3.29999961e+00  7.60889263e-07  3.30000000e+00  7.60889263e-07  1.32821035e-05 
 7.61389263e-07 -6.04180152e-06  7.61389263e-07  3.30000018e+00  7.61389263e-07  3.30000000e+00  7.61389263e-07 -1.32826802e-05 
 7.61889263e-07  6.60284390e-06  7.61889263e-07  3.29999964e+00  7.61889263e-07  3.30000000e+00  7.61889263e-07  1.32828812e-05 
 7.62389263e-07 -5.55076023e-06  7.62389263e-07  3.30000018e+00  7.62389263e-07  3.30000000e+00  7.62389263e-07 -1.32834104e-05 
 7.62889263e-07  6.00666483e-06  7.62889263e-07  3.29999966e+00  7.62889263e-07  3.30000000e+00  7.62889263e-07  1.32835894e-05 
 7.63389263e-07 -5.10495285e-06  7.63389263e-07  3.30000017e+00  7.63389263e-07  3.30000000e+00  7.63389263e-07 -1.32840757e-05 
 7.63889263e-07  5.46348061e-06  7.63889263e-07  3.29999968e+00  7.63889263e-07  3.30000000e+00  7.63889263e-07  1.32842349e-05 
 7.64389263e-07 -4.69990479e-06  7.64389263e-07  3.30000016e+00  7.64389263e-07  3.30000000e+00  7.64389263e-07 -1.32846821e-05 
 7.64889263e-07  4.96828377e-06  7.64889263e-07  3.29999970e+00  7.64889263e-07  3.30000000e+00  7.64889263e-07  1.32848236e-05 
 7.65389263e-07 -4.33162175e-06  7.65389263e-07  3.30000015e+00  7.65389263e-07  3.30000000e+00  7.65389263e-07 -1.32852352e-05 
 7.65889263e-07  4.51657735e-06  7.65889263e-07  3.29999971e+00  7.65889263e-07  3.30000000e+00  7.65889263e-07  1.32853607e-05 
 7.66389263e-07 -3.99653376e-06  7.66389263e-07  3.30000015e+00  7.66389263e-07  3.30000000e+00  7.66389263e-07 -1.32857401e-05 
 7.66889263e-07  4.10431834e-06  7.66889263e-07  3.29999973e+00  7.66889263e-07  3.30000000e+00  7.66889263e-07  1.32858510e-05 
 7.67389263e-07 -3.69144625e-06  7.67389263e-07  3.30000014e+00  7.67389263e-07  3.30000000e+00  7.67389263e-07 -1.32862010e-05 
 7.67889263e-07  3.72786797e-06  7.67889263e-07  3.29999975e+00  7.67889263e-07  3.30000000e+00  7.67889263e-07  1.32862989e-05 
 7.68389263e-07 -3.41349725e-06  7.68389263e-07  3.30000013e+00  7.68389263e-07  3.30000000e+00  7.68389263e-07 -1.32866222e-05 
 7.68889263e-07  3.38394786e-06  7.68889263e-07  3.29999977e+00  7.68889263e-07  3.30000000e+00  7.68889263e-07  1.32867082e-05 
 7.69389263e-07 -3.16011980e-06  7.69389263e-07  3.30000012e+00  7.69389263e-07  3.30000000e+00  7.69389263e-07 -1.32870071e-05 
 7.69889263e-07  3.06960132e-06  7.69889263e-07  3.29999978e+00  7.69889263e-07  3.30000000e+00  7.69889263e-07  1.32870824e-05 
 7.70100000e-07 -2.55932287e-06  7.70100000e-07  3.30000011e+00  7.70100000e-07  3.30000000e+00  7.70100000e-07 -1.32875649e-05 
 7.70110000e-07 -3.03544245e-03  7.70110000e-07  3.29706563e+00  7.70110000e-07  2.97000000e+00  7.70110000e-07 -2.80521624e-04 
 7.70130000e-07 -2.17481161e-02  7.70130000e-07  3.27713033e+00  7.70130000e-07  2.31000000e+00  7.70130000e-07 -3.68270310e-04 
 7.70170000e-07 -2.98359889e-02  7.70170000e-07  3.24457156e+00  7.70170000e-07  9.90000000e-01  7.70170000e-07 -7.90625502e-04 
 7.70200000e-07  4.81162609e-02  7.70200000e-07  3.25877139e+00  7.70200000e-07  1.28119737e-12  7.70200000e-07 -1.14058115e-03 
 7.70203597e-07  6.75496114e-02  7.70203597e-07  3.26832106e+00  7.70203597e-07  0.00000000e+00  7.70203597e-07 -7.91825861e-04 
 7.70210792e-07  1.05980054e-01  7.70210792e-07  3.28604497e+00  7.70210792e-07  0.00000000e+00  7.70210792e-07 -7.78307350e-04 
 7.70225181e-07  1.80335433e-01  7.70225181e-07  3.31536102e+00  7.70225181e-07  0.00000000e+00  7.70225181e-07 -7.58603168e-04 
 7.70253959e-07  3.24062540e-01  7.70253959e-07  3.35574025e+00  7.70253959e-07  0.00000000e+00  7.70253959e-07 -7.21937700e-04 
 7.70311515e-07  6.21825714e-01  7.70311515e-07  3.40071565e+00  7.70311515e-07  0.00000000e+00  7.70311515e-07 -6.71462891e-04 
 7.70414727e-07  1.30266815e+00  7.70414727e-07  3.47302527e+00  7.70414727e-07  0.00000000e+00  7.70414727e-07 -4.78164000e-04 
 7.70511687e-07  1.96154441e+00  7.70511687e-07  3.51492650e+00  7.70511687e-07  0.00000000e+00  7.70511687e-07 -2.68552828e-04 
 7.70629733e-07  2.51414839e+00  7.70629733e-07  3.46831533e+00  7.70629733e-07  0.00000000e+00  7.70629733e-07 -1.27483348e-04 
 7.70742032e-07  2.83788858e+00  7.70742032e-07  3.42275440e+00  7.70742032e-07  0.00000000e+00  7.70742032e-07 -5.65946092e-05 
 7.70882122e-07  3.09322684e+00  7.70882122e-07  3.36776435e+00  7.70882122e-07  0.00000000e+00  7.70882122e-07 -2.55964378e-05 
 7.71056423e-07  3.23214324e+00  7.71056423e-07  3.32817439e+00  7.71056423e-07  0.00000000e+00  7.71056423e-07 -1.15854653e-05 
 7.71249579e-07  3.28136258e+00  7.71249579e-07  3.30961143e+00  7.71249579e-07  0.00000000e+00  7.71249579e-07 -3.46172598e-07 
 7.71596975e-07  3.30019573e+00  7.71596975e-07  3.30041591e+00  7.71596975e-07  0.00000000e+00  7.71596975e-07 -3.64285226e-06 
 7.72059022e-07  3.29994904e+00  7.72059022e-07  3.29990425e+00  7.72059022e-07  0.00000000e+00  7.72059022e-07  2.31539861e-06 
 7.72559022e-07  3.30001826e+00  7.72559022e-07  3.30003524e+00  7.72559022e-07  0.00000000e+00  7.72559022e-07 -3.30103570e-06 
 7.73059022e-07  3.29999575e+00  7.73059022e-07  3.29998563e+00  7.73059022e-07  0.00000000e+00  7.73059022e-07  2.65781076e-06 
 7.73559022e-07  3.30000273e+00  7.73559022e-07  3.30000883e+00  7.73559022e-07  0.00000000e+00  7.73559022e-07 -3.19463057e-06 
 7.74059022e-07  3.29999978e+00  7.74059022e-07  3.29999505e+00  7.74059022e-07  0.00000000e+00  7.74059022e-07  2.78725747e-06 
 7.74559022e-07  3.30000086e+00  7.74559022e-07  3.30000393e+00  7.74559022e-07  0.00000000e+00  7.74559022e-07 -3.14580070e-06 
 7.75059022e-07  3.30000007e+00  7.75059022e-07  3.29999763e+00  7.75059022e-07  0.00000000e+00  7.75059022e-07  2.85267443e-06 
 7.75559022e-07  3.30000043e+00  7.75559022e-07  3.30000200e+00  7.75559022e-07  0.00000000e+00  7.75559022e-07 -3.11764475e-06 
 7.76059022e-07  3.30000008e+00  7.76059022e-07  3.29999885e+00  7.76059022e-07  0.00000000e+00  7.76059022e-07  2.89057889e-06 
 7.76559022e-07  3.30000025e+00  7.76559022e-07  3.30000104e+00  7.76559022e-07  0.00000000e+00  7.76559022e-07 -3.09860676e-06 
 7.77059022e-07  3.30000007e+00  7.77059022e-07  3.29999943e+00  7.77059022e-07  0.00000000e+00  7.77059022e-07  2.91414400e-06 
 7.77559022e-07  3.30000015e+00  7.77559022e-07  3.30000056e+00  7.77559022e-07  0.00000000e+00  7.77559022e-07 -3.08478723e-06 
 7.78059022e-07  3.30000006e+00  7.78059022e-07  3.29999972e+00  7.78059022e-07  0.00000000e+00  7.78059022e-07  2.93003456e-06 
 7.78559022e-07  3.30000010e+00  7.78559022e-07  3.30000031e+00  7.78559022e-07  0.00000000e+00  7.78559022e-07 -3.07426727e-06 
 7.79059022e-07  3.30000005e+00  7.79059022e-07  3.29999987e+00  7.79059022e-07  0.00000000e+00  7.79059022e-07  2.94134976e-06 
 7.79559022e-07  3.30000007e+00  7.79559022e-07  3.30000018e+00  7.79559022e-07  0.00000000e+00  7.79559022e-07 -3.06601486e-06 
 7.80059022e-07  3.30000004e+00  7.80059022e-07  3.29999994e+00  7.80059022e-07  0.00000000e+00  7.80059022e-07  2.94977664e-06 
 7.80559022e-07  3.30000005e+00  7.80559022e-07  3.30000010e+00  7.80559022e-07  0.00000000e+00  7.80559022e-07 -3.05940103e-06 
 7.81059022e-07  3.30000003e+00  7.81059022e-07  3.29999998e+00  7.81059022e-07  0.00000000e+00  7.81059022e-07  2.95628757e-06 
 7.81559022e-07  3.30000004e+00  7.81559022e-07  3.30000006e+00  7.81559022e-07  0.00000000e+00  7.81559022e-07 -3.05400913e-06 
 7.82059022e-07  3.30000003e+00  7.82059022e-07  3.30000000e+00  7.82059022e-07  0.00000000e+00  7.82059022e-07  2.96147050e-06 
 7.82559022e-07  3.30000003e+00  7.82559022e-07  3.30000004e+00  7.82559022e-07  0.00000000e+00  7.82559022e-07 -3.04954865e-06 
 7.83059022e-07  3.30000002e+00  7.83059022e-07  3.30000000e+00  7.83059022e-07  0.00000000e+00  7.83059022e-07  2.96569738e-06 
 7.83559022e-07  3.30000002e+00  7.83559022e-07  3.30000002e+00  7.83559022e-07  0.00000000e+00  7.83559022e-07 -3.04581050e-06 
 7.84059022e-07  3.30000001e+00  7.84059022e-07  3.30000000e+00  7.84059022e-07  0.00000000e+00  7.84059022e-07  2.96921292e-06 
 7.84559022e-07  3.30000001e+00  7.84559022e-07  3.30000002e+00  7.84559022e-07  0.00000000e+00  7.84559022e-07 -3.04264081e-06 
 7.85059022e-07  3.30000001e+00  7.85059022e-07  3.30000000e+00  7.85059022e-07  0.00000000e+00  7.85059022e-07  2.97218424e-06 
 7.85559022e-07  3.30000001e+00  7.85559022e-07  3.30000001e+00  7.85559022e-07  0.00000000e+00  7.85559022e-07 -3.03992446e-06 
 7.86059022e-07  3.30000001e+00  7.86059022e-07  3.30000000e+00  7.86059022e-07  0.00000000e+00  7.86059022e-07  2.97472929e-06 
 7.86559022e-07  3.30000001e+00  7.86559022e-07  3.30000001e+00  7.86559022e-07  0.00000000e+00  7.86559022e-07 -3.03757416e-06 
 7.87059022e-07  3.30000001e+00  7.87059022e-07  3.30000000e+00  7.87059022e-07  0.00000000e+00  7.87059022e-07  2.97693384e-06 
 7.87559022e-07  3.30000000e+00  7.87559022e-07  3.30000000e+00  7.87559022e-07  0.00000000e+00  7.87559022e-07 -3.03552282e-06 
 7.88059022e-07  3.30000000e+00  7.88059022e-07  3.30000000e+00  7.88059022e-07  0.00000000e+00  7.88059022e-07  2.97886180e-06 
 7.88559022e-07  3.30000000e+00  7.88559022e-07  3.30000000e+00  7.88559022e-07  0.00000000e+00  7.88559022e-07 -3.03371829e-06 
 7.89059022e-07  3.30000000e+00  7.89059022e-07  3.30000000e+00  7.89059022e-07  0.00000000e+00  7.89059022e-07  2.98056190e-06 
 7.89559022e-07  3.30000000e+00  7.89559022e-07  3.30000000e+00  7.89559022e-07  0.00000000e+00  7.89559022e-07 -3.03211955e-06 
 7.90059022e-07  3.30000000e+00  7.90059022e-07  3.30000000e+00  7.90059022e-07  0.00000000e+00  7.90059022e-07  2.98207198e-06 
 7.90559022e-07  3.30000000e+00  7.90559022e-07  3.30000000e+00  7.90559022e-07  0.00000000e+00  7.90559022e-07 -3.03069398e-06 
 7.91059022e-07  3.30000000e+00  7.91059022e-07  3.30000000e+00  7.91059022e-07  0.00000000e+00  7.91059022e-07  2.98342193e-06 
 7.91559022e-07  3.30000000e+00  7.91559022e-07  3.30000000e+00  7.91559022e-07  0.00000000e+00  7.91559022e-07 -3.02941541e-06 
 7.92059022e-07  3.30000000e+00  7.92059022e-07  3.30000000e+00  7.92059022e-07  0.00000000e+00  7.92059022e-07  2.98463567e-06 
 7.92559022e-07  3.30000000e+00  7.92559022e-07  3.30000000e+00  7.92559022e-07  0.00000000e+00  7.92559022e-07 -3.02826257e-06 
 7.93059022e-07  3.30000000e+00  7.93059022e-07  3.30000000e+00  7.93059022e-07  0.00000000e+00  7.93059022e-07  2.98573259e-06 
 7.93559022e-07  3.30000000e+00  7.93559022e-07  3.30000000e+00  7.93559022e-07  0.00000000e+00  7.93559022e-07 -3.02721807e-06 
 7.94059022e-07  3.30000000e+00  7.94059022e-07  3.29999999e+00  7.94059022e-07  0.00000000e+00  7.94059022e-07  2.98672858e-06 
 7.94559022e-07  3.30000000e+00  7.94559022e-07  3.29999999e+00  7.94559022e-07  0.00000000e+00  7.94559022e-07 -3.02626755e-06 
 7.95059022e-07  3.29999999e+00  7.95059022e-07  3.29999999e+00  7.95059022e-07  0.00000000e+00  7.95059022e-07  2.98763679e-06 
 7.95559022e-07  3.29999999e+00  7.95559022e-07  3.29999999e+00  7.95559022e-07  0.00000000e+00  7.95559022e-07 -3.02539903e-06 
 7.96059022e-07  3.29999999e+00  7.96059022e-07  3.29999999e+00  7.96059022e-07  0.00000000e+00  7.96059022e-07  2.98846820e-06 
 7.96559022e-07  3.29999999e+00  7.96559022e-07  3.29999999e+00  7.96559022e-07  0.00000000e+00  7.96559022e-07 -3.02460250e-06 
 7.97059022e-07  3.29999999e+00  7.97059022e-07  3.29999999e+00  7.97059022e-07  0.00000000e+00  7.97059022e-07  2.98923202e-06 
 7.97559022e-07  3.29999999e+00  7.97559022e-07  3.29999999e+00  7.97559022e-07  0.00000000e+00  7.97559022e-07 -3.02386948e-06 
 7.98059022e-07  3.29999999e+00  7.98059022e-07  3.29999999e+00  7.98059022e-07  0.00000000e+00  7.98059022e-07  2.98993608e-06 
 7.98559022e-07  3.29999999e+00  7.98559022e-07  3.29999999e+00  7.98559022e-07  0.00000000e+00  7.98559022e-07 -3.02319275e-06 
 7.99059022e-07  3.29999999e+00  7.99059022e-07  3.29999999e+00  7.99059022e-07  0.00000000e+00  7.99059022e-07  2.99058703e-06 
 7.99559022e-07  3.29999999e+00  7.99559022e-07  3.29999999e+00  7.99559022e-07  0.00000000e+00  7.99559022e-07 -3.02256615e-06 
 8.00000000e-07  3.29999999e+00  8.00000000e-07  3.29999999e+00  8.00000000e-07  0.00000000e+00  8.00000000e-07  2.99115619e-06 
 8.00050000e-07  3.29999999e+00  8.00050000e-07  3.29999999e+00  8.00050000e-07  0.00000000e+00  8.00050000e-07 -1.55451218e-08 
 8.00150000e-07  3.29999999e+00  8.00150000e-07  3.29999999e+00  8.00150000e-07  0.00000000e+00  8.00150000e-07 -1.54869632e-08 
 8.00350000e-07  3.29999999e+00  8.00350000e-07  3.29999999e+00  8.00350000e-07  0.00000000e+00  8.00350000e-07 -1.53723248e-08 
 8.00750000e-07  3.29999999e+00  8.00750000e-07  3.29999999e+00  8.00750000e-07  0.00000000e+00  8.00750000e-07 -1.51477152e-08 
 8.01250000e-07  3.29999999e+00  8.01250000e-07  3.29999999e+00  8.01250000e-07  0.00000000e+00  8.01250000e-07 -1.48759480e-08 
 8.01750000e-07  3.29999999e+00  8.01750000e-07  3.29999999e+00  8.01750000e-07  0.00000000e+00  8.01750000e-07 -1.46134076e-08 
 8.02250000e-07  3.29999999e+00  8.02250000e-07  3.29999999e+00  8.02250000e-07  0.00000000e+00  8.02250000e-07 -1.43598700e-08 
 8.02750000e-07  3.29999999e+00  8.02750000e-07  3.29999999e+00  8.02750000e-07  0.00000000e+00  8.02750000e-07 -1.41146568e-08 
 8.03250000e-07  3.29999999e+00  8.03250000e-07  3.29999999e+00  8.03250000e-07  0.00000000e+00  8.03250000e-07 -1.38775973e-08 
 8.03750000e-07  3.29999999e+00  8.03750000e-07  3.29999999e+00  8.03750000e-07  0.00000000e+00  8.03750000e-07 -1.36480705e-08 
 8.04250000e-07  3.29999999e+00  8.04250000e-07  3.29999999e+00  8.04250000e-07  0.00000000e+00  8.04250000e-07 -1.34259527e-08 
 8.04750000e-07  3.29999999e+00  8.04750000e-07  3.29999999e+00  8.04750000e-07  0.00000000e+00  8.04750000e-07 -1.32106710e-08 
 8.05250000e-07  3.29999999e+00  8.05250000e-07  3.29999999e+00  8.05250000e-07  0.00000000e+00  8.05250000e-07 -1.30021425e-08 
 8.05750000e-07  3.29999999e+00  8.05750000e-07  3.29999999e+00  8.05750000e-07  0.00000000e+00  8.05750000e-07 -1.27998347e-08 
 8.06250000e-07  3.29999999e+00  8.06250000e-07  3.29999999e+00  8.06250000e-07  0.00000000e+00  8.06250000e-07 -1.26037004e-08 
 8.06750000e-07  3.29999999e+00  8.06750000e-07  3.29999999e+00  8.06750000e-07  0.00000000e+00  8.06750000e-07 -1.24132411e-08 
 8.07250000e-07  3.29999999e+00  8.07250000e-07  3.29999999e+00  8.07250000e-07  0.00000000e+00  8.07250000e-07 -1.22284409e-08 
 8.07750000e-07  3.29999999e+00  8.07750000e-07  3.29999999e+00  8.07750000e-07  0.00000000e+00  8.07750000e-07 -1.20488306e-08 
 8.08250000e-07  3.29999999e+00  8.08250000e-07  3.29999999e+00  8.08250000e-07  0.00000000e+00  8.08250000e-07 -1.18744210e-08 
 8.08750000e-07  3.29999999e+00  8.08750000e-07  3.29999999e+00  8.08750000e-07  0.00000000e+00  8.08750000e-07 -1.17047685e-08 
 8.09250000e-07  3.29999999e+00  8.09250000e-07  3.29999999e+00  8.09250000e-07  0.00000000e+00  8.09250000e-07 -1.15399075e-08 
 8.09750000e-07  3.29999999e+00  8.09750000e-07  3.29999999e+00  8.09750000e-07  0.00000000e+00  8.09750000e-07 -1.13794161e-08 
 8.10250000e-07  3.29999999e+00  8.10250000e-07  3.29999999e+00  8.10250000e-07  0.00000000e+00  8.10250000e-07 -1.12233493e-08 
 8.10750000e-07  3.29999999e+00  8.10750000e-07  3.29999999e+00  8.10750000e-07  0.00000000e+00  8.10750000e-07 -1.10713046e-08 
 8.11250000e-07  3.29999999e+00  8.11250000e-07  3.29999999e+00  8.11250000e-07  0.00000000e+00  8.11250000e-07 -1.09233547e-08 
 8.11750000e-07  3.29999999e+00  8.11750000e-07  3.29999999e+00  8.11750000e-07  0.00000000e+00  8.11750000e-07 -1.07791140e-08 
 8.12250000e-07  3.29999999e+00  8.12250000e-07  3.29999999e+00  8.12250000e-07  0.00000000e+00  8.12250000e-07 -1.06386711e-08 
 8.12750000e-07  3.29999999e+00  8.12750000e-07  3.29999999e+00  8.12750000e-07  0.00000000e+00  8.12750000e-07 -1.05016550e-08 
 8.13250000e-07  3.29999999e+00  8.13250000e-07  3.29999999e+00  8.13250000e-07  0.00000000e+00  8.13250000e-07 -1.03681682e-08 
 8.13750000e-07  3.29999999e+00  8.13750000e-07  3.29999999e+00  8.13750000e-07  0.00000000e+00  8.13750000e-07 -1.02378529e-08 
 8.14250000e-07  3.29999999e+00  8.14250000e-07  3.29999999e+00  8.14250000e-07  0.00000000e+00  8.14250000e-07 -1.01108238e-08 
 8.14750000e-07  3.29999999e+00  8.14750000e-07  3.29999999e+00  8.14750000e-07  0.00000000e+00  8.14750000e-07 -9.98673458e-09 
 8.15250000e-07  3.29999999e+00  8.15250000e-07  3.29999999e+00  8.15250000e-07  0.00000000e+00  8.15250000e-07 -9.86571078e-09 
 8.15750000e-07  3.29999999e+00  8.15750000e-07  3.29999999e+00  8.15750000e-07  0.00000000e+00  8.15750000e-07 -9.74741644e-09 
 8.16250000e-07  3.29999999e+00  8.16250000e-07  3.29999999e+00  8.16250000e-07  0.00000000e+00  8.16250000e-07 -9.63198669e-09 
 8.16750000e-07  3.29999999e+00  8.16750000e-07  3.29999999e+00  8.16750000e-07  0.00000000e+00  8.16750000e-07 -9.51909470e-09 
 8.17250000e-07  3.29999999e+00  8.17250000e-07  3.29999999e+00  8.17250000e-07  0.00000000e+00  8.17250000e-07 -9.40888419e-09 
 8.17750000e-07  3.29999999e+00  8.17750000e-07  3.29999999e+00  8.17750000e-07  0.00000000e+00  8.17750000e-07 -9.30103646e-09 
 8.18250000e-07  3.29999999e+00  8.18250000e-07  3.29999999e+00  8.18250000e-07  0.00000000e+00  8.18250000e-07 -9.19570292e-09 
 8.18750000e-07  3.29999999e+00  8.18750000e-07  3.29999999e+00  8.18750000e-07  0.00000000e+00  8.18750000e-07 -9.09257214e-09 
 8.19250000e-07  3.29999999e+00  8.19250000e-07  3.29999999e+00  8.19250000e-07  0.00000000e+00  8.19250000e-07 -8.99180241e-09 
 8.19750000e-07  3.29999999e+00  8.19750000e-07  3.29999999e+00  8.19750000e-07  0.00000000e+00  8.19750000e-07 -8.89308881e-09 
 8.20000000e-07  3.29999999e+00  8.20000000e-07  3.29999999e+00  8.20000000e-07  0.00000000e+00  8.20000000e-07 -8.84461760e-09 
 8.20010000e-07  3.32225960e+00  8.20010000e-07  3.32225116e+00  8.20010000e-07  3.30000000e-01  8.20010000e-07  4.12708820e-04 
 8.20030000e-07  3.36412887e+00  8.20030000e-07  3.36410763e+00  8.20030000e-07  9.90000000e-01  8.20030000e-07  4.61718213e-04 
 8.20070000e-07  3.44574288e+00  8.20070000e-07  3.44568096e+00  8.20070000e-07  2.31000000e+00  8.20070000e-07  4.58464061e-04 
 8.20100000e-07  3.48379849e+00  8.20100000e-07  3.48361328e+00  8.20100000e-07  3.30000000e+00  8.20100000e-07  2.92304655e-04 
 8.20104134e-07  3.48294512e+00  8.20104134e-07  3.48278393e+00  8.20104134e-07  3.30000000e+00  8.20104134e-07 -1.10520177e-05 
 8.20112402e-07  3.48038938e+00  8.20112402e-07  3.48029803e+00  8.20112402e-07  3.30000000e+00  8.20112402e-07 -3.84592528e-05 
 8.20128939e-07  3.46979490e+00  8.20128939e-07  3.46994631e+00  8.20128939e-07  3.30000000e+00  8.20128939e-07 -5.26473498e-05 
 8.20162012e-07  3.44082801e+00  8.20162012e-07  3.44135920e+00  8.20162012e-07  3.30000000e+00  8.20162012e-07 -7.08884528e-05 
 8.20219200e-07  3.25370076e+00  8.20219200e-07  3.25109044e+00  8.20219200e-07  3.30000000e+00  8.20219200e-07 -9.99242350e-05 
 8.20271665e-07  2.97835574e+00  8.20271665e-07  2.96552075e+00  8.20271665e-07  3.30000000e+00  8.20271665e-07 -1.24993183e-04 
 8.20345862e-07  2.56248661e+00  8.20345862e-07  2.54306997e+00  8.20345862e-07  3.30000000e+00  8.20345862e-07 -1.02874493e-04 
 8.20430858e-07  2.15254996e+00  8.20430858e-07  2.12391352e+00  8.20430858e-07  3.30000000e+00  8.20430858e-07 -1.79273231e-04 
 8.20567626e-07  1.79919961e+00  8.20567626e-07  1.71263081e+00  8.20567626e-07  3.30000000e+00  8.20567626e-07 -2.37769059e-04 
 8.20716117e-07  1.88302436e+00  8.20716117e-07  1.40638114e+00  8.20716117e-07  3.30000000e+00  8.20716117e-07 -3.21479934e-04 
 8.20915669e-07  2.60250536e+00  8.20915669e-07  8.13092046e-01  8.20915669e-07  3.30000000e+00  8.20915669e-07 -2.75720233e-04 
 8.21054911e-07  3.06544143e+00  8.21054911e-07  4.82600533e-01  8.21054911e-07  3.30000000e+00  8.21054911e-07 -1.69174257e-04 
 8.21195974e-07  3.22655096e+00  8.21195974e-07  2.48227977e-01  8.21195974e-07  3.30000000e+00  8.21195974e-07 -4.39397234e-05 
 8.21387131e-07  3.27877334e+00  8.21387131e-07  7.55544482e-02  8.21387131e-07  3.30000000e+00  8.21387131e-07 -3.84993299e-05 
 8.21590613e-07  3.29423446e+00  8.21590613e-07  2.29458000e-02  8.21590613e-07  3.30000000e+00  8.21590613e-07  1.37767252e-05 
 8.21867576e-07  3.29926355e+00  8.21867576e-07  3.17587730e-04  8.21867576e-07  3.30000000e+00  8.21867576e-07 -2.01337117e-05 
 8.22151235e-07  3.30002284e+00  8.22151235e-07  1.89998989e-03  8.22151235e-07  3.30000000e+00  8.22151235e-07  1.96980788e-05 
 8.22651235e-07  3.29994389e+00  8.22651235e-07 -1.62118461e-03  8.22651235e-07  3.30000000e+00  8.22651235e-07 -1.98499663e-05 
 8.23151235e-07  3.30005315e+00  8.23151235e-07  1.50999675e-03  8.23151235e-07  3.30000000e+00  8.23151235e-07  1.99591565e-05 
 8.23651235e-07  3.29995440e+00  8.23651235e-07 -1.40649214e-03  8.23651235e-07  3.30000000e+00  8.23651235e-07 -2.00565019e-05 
 8.24151235e-07  3.30003724e+00  8.24151235e-07  1.33884890e-03  8.24151235e-07  3.30000000e+00  8.24151235e-07  2.01463913e-05 
 8.24651235e-07  3.29996913e+00  8.24651235e-07 -1.25529574e-03  8.24651235e-07  3.30000000e+00  8.24651235e-07 -2.02319233e-05 
 8.25151235e-07  3.30002466e+00  8.25151235e-07  1.19785830e-03  8.25151235e-07  3.30000000e+00  8.25151235e-07  2.03120448e-05 
 8.25651235e-07  3.29997982e+00  8.25651235e-07 -1.12558758e-03  8.25651235e-07  3.30000000e+00  8.25651235e-07 -2.03885572e-05 
 8.26151235e-07  3.30001566e+00  8.26151235e-07  1.07522480e-03  8.26151235e-07  3.30000000e+00  8.26151235e-07  2.04603073e-05 
 8.26651235e-07  3.29998752e+00  8.26651235e-07 -1.01185835e-03  8.26651235e-07  3.30000000e+00  8.26651235e-07 -2.05288480e-05 
 8.27151235e-07  3.30000910e+00  8.27151235e-07  9.67303127e-04  8.27151235e-07  3.30000000e+00  8.27151235e-07  2.05931419e-05 
 8.27651235e-07  3.29999320e+00  8.27651235e-07 -9.11368515e-04  8.27651235e-07  3.30000000e+00  8.27651235e-07 -2.06545823e-05 
 8.28151235e-07  3.30000419e+00  8.28151235e-07  8.71740519e-04  8.28151235e-07  3.30000000e+00  8.28151235e-07  2.07122278e-05 
 8.28651235e-07  3.29999743e+00  8.28651235e-07 -8.22098130e-04  8.28651235e-07  3.30000000e+00  8.28651235e-07 -2.07673635e-05 
 8.29151235e-07  3.30000056e+00  8.29151235e-07  7.86719641e-04  8.29151235e-07  3.30000000e+00  8.29151235e-07  2.08190899e-05 
 8.29651235e-07  3.30000067e+00  8.29651235e-07 -7.42547077e-04  8.29651235e-07  3.30000000e+00  8.29651235e-07 -2.08685767e-05 
 8.30151235e-07  3.29999778e+00  8.30151235e-07  7.10870765e-04  8.30151235e-07  3.30000000e+00  8.30151235e-07  2.09150414e-05 
 8.30651235e-07  3.30000310e+00  8.30651235e-07 -6.71428712e-04  8.30651235e-07  3.30000000e+00  8.30651235e-07 -2.09595143e-05 
 8.31151235e-07  3.29999565e+00  8.31151235e-07  6.43051633e-04  8.31151235e-07  3.30000000e+00  8.31151235e-07  2.10012764e-05 
 8.31651235e-07  3.30000500e+00  8.31651235e-07 -6.07747384e-04  8.31651235e-07  3.30000000e+00  8.31651235e-07 -2.10412857e-05 
 8.32151235e-07  3.29999407e+00  8.32151235e-07  5.82268299e-04  8.32151235e-07  3.30000000e+00  8.32151235e-07  2.10788810e-05 
 8.32651235e-07  3.30000638e+00  8.32651235e-07 -5.50610102e-04  8.32651235e-07  3.30000000e+00  8.32651235e-07 -2.11149059e-05 
 8.33151235e-07  3.29999290e+00  8.33151235e-07  5.27735136e-04  8.33151235e-07  3.30000000e+00  8.33151235e-07  2.11487694e-05 
 8.33651235e-07  3.30000740e+00  8.33651235e-07 -4.99282578e-04  8.33651235e-07  3.30000000e+00  8.33651235e-07 -2.11812426e-05 
 8.34151235e-07  3.29999206e+00  8.34151235e-07  4.78732674e-04  8.34151235e-07  3.30000000e+00  8.34151235e-07  2.12117759e-05 
 8.34651235e-07  3.30000811e+00  8.34651235e-07 -4.53114017e-04  8.34651235e-07  3.30000000e+00  8.34651235e-07 -2.12410772e-05 
 8.35151235e-07  3.29999149e+00  8.35151235e-07  4.34645020e-04  8.35151235e-07  3.30000000e+00  8.35151235e-07  2.12686347e-05 
 8.35651235e-07  3.30000858e+00  8.35651235e-07 -4.11537563e-04  8.35651235e-07  3.30000000e+00  8.35651235e-07 -2.12951004e-05 
 8.36151235e-07  3.29999113e+00  8.36151235e-07  3.94933342e-04  8.36151235e-07  3.30000000e+00  8.36151235e-07  2.13199959e-05 
 8.36651235e-07  3.30000886e+00  8.36651235e-07 -3.74055537e-04  8.36651235e-07  3.30000000e+00  8.36651235e-07 -2.13439234e-05 
 8.37151235e-07  3.29999095e+00  8.37151235e-07  3.59124139e-04  8.37151235e-07  3.30000000e+00  8.37151235e-07  2.13664349e-05 
 8.37651235e-07  3.30000898e+00  8.37651235e-07 -3.40229561e-04  8.37651235e-07  3.30000000e+00  8.37651235e-07 -2.13880880e-05 
 8.38151235e-07  3.29999091e+00  8.38151235e-07  3.26800171e-04  8.38151235e-07  3.30000000e+00  8.38151235e-07  2.14084621e-05 
 8.38651235e-07  3.30000897e+00  8.38651235e-07 -3.09672578e-04  8.38651235e-07  3.30000000e+00  8.38651235e-07 -2.14280749e-05 
 8.39151235e-07  3.29999097e+00  8.39151235e-07  2.97592977e-04  8.39151235e-07  3.30000000e+00  8.39151235e-07  2.14465305e-05 
 8.39651235e-07  3.30000886e+00  8.39651235e-07 -2.82042192e-04  8.39651235e-07  3.30000000e+00  8.39651235e-07 -2.14643110e-05 
 8.40151235e-07  3.29999113e+00  8.40151235e-07  2.71176589e-04  8.40151235e-07  3.30000000e+00  8.40151235e-07  2.14810428e-05 
 8.40651235e-07  3.30000868e+00  8.40651235e-07 -2.57035026e-04  8.40651235e-07  3.30000000e+00  8.40651235e-07 -2.14971759e-05 
 8.41151235e-07  3.29999135e+00  8.41151235e-07  2.47262176e-04  8.41151235e-07  3.30000000e+00  8.41151235e-07  2.15123570e-05 
 8.41651235e-07  3.30000844e+00  8.41651235e-07 -2.34381881e-04  8.41651235e-07  3.30000000e+00  8.41651235e-07 -2.15270074e-05 
 8.42151235e-07  3.29999162e+00  8.42151235e-07  2.25593445e-04  8.42151235e-07  3.30000000e+00  8.42151235e-07  2.15407921e-05 
 8.42651235e-07  3.30000816e+00  8.42651235e-07 -2.13843573e-04  8.42651235e-07  3.30000000e+00  8.42651235e-07 -2.15541067e-05 
 8.43151235e-07  3.29999192e+00  8.43151235e-07  2.05942664e-04  8.43151235e-07  3.30000000e+00  8.43151235e-07  2.15666327e-05 
 8.43651235e-07  3.30000784e+00  8.43651235e-07 -1.95207303e-04  8.43651235e-07  3.30000000e+00  8.43651235e-07 -2.15787424e-05 
 8.44151235e-07  3.29999226e+00  8.44151235e-07  1.88107213e-04  8.44151235e-07  3.30000000e+00  8.44151235e-07  2.15901327e-05 
 8.44651235e-07  3.30000751e+00  8.44651235e-07 -1.78283520e-04  8.44651235e-07  3.30000000e+00  8.44651235e-07 -2.16011547e-05 
 8.45151235e-07  3.29999261e+00  8.45151235e-07  1.71906589e-04  8.45151235e-07  3.30000000e+00  8.45151235e-07  2.16115191e-05 
 8.45651235e-07  3.30000716e+00  8.45651235e-07 -1.62903167e-04  8.45651235e-07  3.30000000e+00  8.45651235e-07 -2.16215581e-05 
 8.46151235e-07  3.29999296e+00  8.46151235e-07  1.57179787e-04  8.46151235e-07  3.30000000e+00  8.46151235e-07  2.16309950e-05 
 8.46651235e-07  3.30000680e+00  8.46651235e-07 -1.48915293e-04  8.46651235e-07  3.30000000e+00  8.46651235e-07 -2.16401449e-05 
 8.47151235e-07  3.29999333e+00  8.47151235e-07  1.43783020e-04  8.47151235e-07  3.30000000e+00  8.47151235e-07  2.16487425e-05 
 8.47651235e-07  3.30000644e+00  8.47651235e-07 -1.36184946e-04  8.47651235e-07  3.30000000e+00  8.47651235e-07 -2.16570874e-05 
 8.48151235e-07  3.29999369e+00  8.48151235e-07  1.31587718e-04  8.48151235e-07  3.30000000e+00  8.48151235e-07  2.16649249e-05 
 8.48651235e-07  3.30000609e+00  8.48651235e-07 -1.24591341e-04  8.48651235e-07  3.30000000e+00  8.48651235e-07 -2.16725404e-05 
 8.49151235e-07  3.29999404e+00  8.49151235e-07  1.20478786e-04  8.49151235e-07  3.30000000e+00  8.49151235e-07  2.16796887e-05 
 8.49651235e-07  3.30000574e+00  8.49651235e-07 -1.14026250e-04  8.49651235e-07  3.30000000e+00  8.49651235e-07 -2.16866427e-05 
 8.50151235e-07  3.29999439e+00  8.50151235e-07  1.10353065e-04  8.50151235e-07  3.30000000e+00  8.50151235e-07  2.16931658e-05 
 8.50651235e-07  3.30000540e+00  8.50651235e-07 -1.04392580e-04  8.50651235e-07  3.30000000e+00  8.50651235e-07 -2.16995193e-05 
 8.51151235e-07  3.29999473e+00  8.51151235e-07  1.01117991e-04  8.51151235e-07  3.30000000e+00  8.51151235e-07  2.17054748e-05 
 8.51651235e-07  3.30000507e+00  8.51651235e-07 -9.56031355e-05  8.51651235e-07  3.30000000e+00  8.51651235e-07 -2.17112828e-05 
 8.52151235e-07  3.29999505e+00  8.52151235e-07  9.26904125e-05  8.52151235e-07  3.30000000e+00  8.52151235e-07  2.17167224e-05 
 8.52651235e-07  3.30000475e+00  8.52651235e-07 -8.75795238e-05  8.52651235e-07  3.30000000e+00  8.52651235e-07 -2.17220346e-05 
 8.53151235e-07  3.29999536e+00  8.53151235e-07  8.49955496e-05  8.53151235e-07  3.30000000e+00  8.53151235e-07  2.17270051e-05 
 8.53651235e-07  3.30000445e+00  8.53651235e-07 -8.02511878e-05  8.53651235e-07  3.30000000e+00  8.53651235e-07 -2.17318662e-05 
 8.54151235e-07  3.29999566e+00  8.54151235e-07  7.79660790e-05  8.54151235e-07  3.30000000e+00  8.54151235e-07  2.17364098e-05 
 8.54651235e-07  3.30000416e+00  8.54651235e-07 -7.35545584e-05  8.54651235e-07  3.30000000e+00  8.54651235e-07 -2.17408603e-05 
 8.55151235e-07  3.29999595e+00  8.55151235e-07  7.15413263e-05  8.55151235e-07  3.30000000e+00  8.55151235e-07  2.17450152e-05 
 8.55651235e-07  3.30000389e+00  8.55651235e-07 -6.74323030e-05  8.55651235e-07  3.30000000e+00  8.55651235e-07 -2.17490917e-05 
 8.56151235e-07  3.29999622e+00  8.56151235e-07  6.56665531e-05  8.56151235e-07  3.30000000e+00  8.56151235e-07  2.17528924e-05 
 8.56651235e-07  3.30000362e+00  8.56651235e-07 -6.18326628e-05  8.56651235e-07  3.30000000e+00  8.56651235e-07 -2.17566279e-05 
 8.57151235e-07  3.29999647e+00  8.57151235e-07  6.02923272e-05  8.57151235e-07  3.30000000e+00  8.57151235e-07  2.17601056e-05 
 8.57651235e-07  3.30000338e+00  8.57651235e-07 -5.67088653e-05  8.57651235e-07  3.30000000e+00  8.57651235e-07 -2.17635301e-05 
 8.58151235e-07  3.29999671e+00  8.58151235e-07  5.53739648e-05  8.58151235e-07  3.30000000e+00  8.58151235e-07  2.17667132e-05 
 8.58651235e-07  3.30000314e+00  8.58651235e-07 -5.20186043e-05  8.58651235e-07  3.30000000e+00  8.58651235e-07 -2.17698540e-05 
 8.59151235e-07  3.29999694e+00  8.59151235e-07  5.08710367e-05  8.59151235e-07  3.30000000e+00  8.59151235e-07  2.17727681e-05 
 8.59651235e-07  3.30000292e+00  8.59651235e-07 -4.77235792e-05  8.59651235e-07  3.30000000e+00  8.59651235e-07 -2.17756498e-05 
 8.60151235e-07  3.29999716e+00  8.60151235e-07  4.67469298e-05  8.60151235e-07  3.30000000e+00  8.60151235e-07  2.17783183e-05 
 8.60651235e-07  3.30000272e+00  8.60651235e-07 -4.37890847e-05  8.60651235e-07  3.30000000e+00  8.60651235e-07 -2.17809632e-05 
 8.61151235e-07  3.29999736e+00  8.61151235e-07  4.29684581e-05  8.61151235e-07  3.30000000e+00  8.61151235e-07  2.17834074e-05 
 8.61651235e-07  3.30000253e+00  8.61651235e-07 -4.01836470e-05  8.61651235e-07  3.30000000e+00  8.61651235e-07 -2.17858359e-05 
 8.62151235e-07  3.29999755e+00  8.62151235e-07  3.95055170e-05  8.62151235e-07  3.30000000e+00  8.62151235e-07  2.17880749e-05 
 8.62651235e-07  3.30000234e+00  8.62651235e-07 -3.68786999e-05  8.62651235e-07  3.30000000e+00  8.62651235e-07 -2.17903057e-05 
 8.63151235e-07  3.29999772e+00  8.63151235e-07  3.63307743e-05  8.63151235e-07  3.30000000e+00  8.63151235e-07  2.17923570e-05 
 8.63651235e-07  3.30000217e+00  8.63651235e-07 -3.38482957e-05  8.63651235e-07  3.30000000e+00  8.63651235e-07 -2.17944068e-05 
 8.64151235e-07  3.29999789e+00  8.64151235e-07  3.34193965e-05  8.64151235e-07  3.30000000e+00  8.64151235e-07  2.17962864e-05 
 8.64651235e-07  3.30000202e+00  8.64651235e-07 -3.10688472e-05  8.64651235e-07  3.30000000e+00  8.64651235e-07 -2.17981706e-05 
 8.65151235e-07  3.29999804e+00  8.65151235e-07  3.07488028e-05  8.65151235e-07  3.30000000e+00  8.65151235e-07  2.17998930e-05 
 8.65651235e-07  3.30000187e+00  8.65651235e-07 -2.85188980e-05  8.65651235e-07  3.30000000e+00  8.65651235e-07 -2.18016256e-05 
 8.66151235e-07  3.29999818e+00  8.66151235e-07  2.82984470e-05  8.66151235e-07  3.30000000e+00  8.66151235e-07  2.18032041e-05 
 8.66651235e-07  3.30000173e+00  8.66651235e-07 -2.61789166e-05  8.66651235e-07  3.30000000e+00  8.66651235e-07 -2.18047978e-05 
 8.67151235e-07  3.29999832e+00  8.67151235e-07  2.60496206e-05  8.67151235e-07  3.30000000e+00  8.67151235e-07  2.18062445e-05 
 8.67651235e-07  3.30000160e+00  8.67651235e-07 -2.40311116e-05  8.67651235e-07  3.30000000e+00  8.67651235e-07 -2.18077110e-05 
 8.68151235e-07  3.29999844e+00  8.68151235e-07  2.39852781e-05  8.68151235e-07  3.30000000e+00  8.68151235e-07  2.18090369e-05 
 8.68651235e-07  3.30000148e+00  8.68651235e-07 -2.20592667e-05  8.68651235e-07  3.30000000e+00  8.68651235e-07 -2.18103868e-05 
 8.69151235e-07  3.29999856e+00  8.69151235e-07  2.20898790e-05  8.69151235e-07  3.30000000e+00  8.69151235e-07  2.18116020e-05 
 8.69651235e-07  3.30000137e+00  8.69651235e-07 -2.02485925e-05  8.69651235e-07  3.30000000e+00  8.69651235e-07 -2.18128449e-05 
 8.70100000e-07  3.29999867e+00  8.70100000e-07  2.02621888e-05  8.70100000e-07  3.30000000e+00  8.70100000e-07  2.18140874e-05 
 8.70110000e-07  3.29705475e+00  8.70110000e-07 -3.03050694e-03  8.70110000e-07  2.97000000e+00  8.70110000e-07 -2.80525025e-04 
 8.70130000e-07  3.27694916e+00  8.70130000e-07 -2.17629427e-02  8.70130000e-07  2.31000000e+00  8.70130000e-07 -3.68206696e-04 
 8.70170000e-07  3.24426607e+00  8.70170000e-07 -3.01178414e-02  8.70170000e-07  9.90000000e-01  8.70170000e-07 -7.89942427e-04 
 8.70200000e-07  3.25840154e+00  8.70200000e-07  4.75856016e-02  8.70200000e-07  1.28119737e-12  8.70200000e-07 -1.13997316e-03 
 8.70203592e-07  3.26794116e+00  8.70203592e-07  6.69599925e-02  8.70203592e-07  0.00000000e+00  8.70203592e-07 -7.91258195e-04 
 8.70210775e-07  3.28565407e+00  8.70210775e-07  1.05274021e-01  8.70210775e-07  0.00000000e+00  8.70210775e-07 -7.77833574e-04 
 8.70225141e-07  3.31497021e+00  8.70225141e-07  1.79399401e-01  8.70225141e-07  0.00000000e+00  8.70225141e-07 -7.58207232e-04 
 8.70253873e-07  3.35547021e+00  8.70253873e-07  3.22628194e-01  8.70253873e-07  0.00000000e+00  8.70253873e-07 -7.21831412e-04 
 8.70311338e-07  3.40050692e+00  8.70311338e-07  6.18674325e-01  8.70311338e-07  0.00000000e+00  8.70311338e-07 -6.71535627e-04 
 8.70413545e-07  3.47232435e+00  8.70413545e-07  1.28954473e+00  8.70413545e-07  0.00000000e+00  8.70413545e-07 -4.79601505e-04 
 8.70509221e-07  3.51525701e+00  8.70509221e-07  1.94213414e+00  8.70509221e-07  0.00000000e+00  8.70509221e-07 -2.72537067e-04 
 8.70628403e-07  3.47107350e+00  8.70628403e-07  2.50521587e+00  8.70628403e-07  0.00000000e+00  8.70628403e-07 -1.29836540e-04 
 8.70739826e-07  3.42483685e+00  8.70739826e-07  2.82942945e+00  8.70739826e-07  0.00000000e+00  8.70739826e-07 -5.74085829e-05 
 8.70880424e-07  3.36855381e+00  8.70880424e-07  3.08948779e+00  8.70880424e-07  0.00000000e+00  8.70880424e-07 -2.60192117e-05 
 8.71050312e-07  3.32919973e+00  8.71050312e-07  3.22830726e+00  8.71050312e-07  0.00000000e+00  8.71050312e-07 -1.20983748e-05 
 8.71244497e-07  3.30992498e+00  8.71244497e-07  3.28041676e+00  8.71244497e-07  0.00000000e+00  8.71244497e-07 -4.70817573e-07 
 8.71587071e-07  3.30050397e+00  8.71587071e-07  3.30004904e+00  8.71587071e-07  0.00000000e+00  8.71587071e-07 -3.66028622e-06 
 8.72047775e-07  3.29989620e+00  8.72047775e-07  3.29997317e+00  8.72047775e-07  0.00000000e+00  8.72047775e-07  2.30131943e-06 
 8.72547775e-07  3.30003619e+00  8.72547775e-07  3.30001322e+00  8.72547775e-07  0.00000000e+00  8.72547775e-07 -3.29329058e-06 
 8.73047775e-07  3.29998621e+00  8.73047775e-07  3.29999681e+00  8.73047775e-07  0.00000000e+00  8.73047775e-07  2.64276556e-06 
 8.73547775e-07  3.30000868e+00  8.73547775e-07  3.30000224e+00  8.73547775e-07  0.00000000e+00  8.73547775e-07 -3.18215530e-06 
 8.74047775e-07  3.29999537e+00  8.74047775e-07  3.29999984e+00  8.74047775e-07  0.00000000e+00  8.74047775e-07  2.77160832e-06 
 8.74547775e-07  3.30000386e+00  8.74547775e-07  3.30000071e+00  8.74547775e-07  0.00000000e+00  8.74547775e-07 -3.13147105e-06 
 8.75047775e-07  3.29999780e+00  8.75047775e-07  3.30000007e+00  8.75047775e-07  0.00000000e+00  8.75047775e-07  2.83662965e-06 
 8.75547775e-07  3.30000198e+00  8.75547775e-07  3.30000035e+00  8.75547775e-07  0.00000000e+00  8.75547775e-07 -3.10242577e-06 
 8.76047775e-07  3.29999895e+00  8.76047775e-07  3.30000007e+00  8.76047775e-07  0.00000000e+00  8.76047775e-07  2.87434391e-06 
 8.76547775e-07  3.30000103e+00  8.76547775e-07  3.30000020e+00  8.76547775e-07  0.00000000e+00  8.76547775e-07 -3.08290032e-06 
 8.77047775e-07  3.29999949e+00  8.77047775e-07  3.30000006e+00  8.77047775e-07  0.00000000e+00  8.77047775e-07  2.89777367e-06 
 8.77547775e-07  3.30000056e+00  8.77547775e-07  3.30000012e+00  8.77547775e-07  0.00000000e+00  8.77547775e-07 -3.06881964e-06 
 8.78047775e-07  3.29999976e+00  8.78047775e-07  3.30000005e+00  8.78047775e-07  0.00000000e+00  8.78047775e-07  2.91360359e-06 
 8.78547775e-07  3.30000032e+00  8.78547775e-07  3.30000008e+00  8.78547775e-07  0.00000000e+00  8.78547775e-07 -3.05815557e-06 
 8.79047775e-07  3.29999989e+00  8.79047775e-07  3.30000004e+00  8.79047775e-07  0.00000000e+00  8.79047775e-07  2.92489613e-06 
 8.79547775e-07  3.30000018e+00  8.79547775e-07  3.30000005e+00  8.79547775e-07  0.00000000e+00  8.79547775e-07 -3.04982094e-06 
 8.80047775e-07  3.29999996e+00  8.80047775e-07  3.30000003e+00  8.80047775e-07  0.00000000e+00  8.80047775e-07  2.93331858e-06 
 8.80547775e-07  3.30000011e+00  8.80547775e-07  3.30000004e+00  8.80547775e-07  0.00000000e+00  8.80547775e-07 -3.04315828e-06 
 8.81047775e-07  3.29999999e+00  8.81047775e-07  3.30000002e+00  8.81047775e-07  0.00000000e+00  8.81047775e-07  2.93983277e-06 
 8.81547775e-07  3.30000007e+00  8.81547775e-07  3.30000003e+00  8.81547775e-07  0.00000000e+00  8.81547775e-07 -3.03773605e-06 
 8.82047775e-07  3.30000000e+00  8.82047775e-07  3.30000002e+00  8.82047775e-07  0.00000000e+00  8.82047775e-07  2.94502206e-06 
 8.82547775e-07  3.30000004e+00  8.82547775e-07  3.30000002e+00  8.82547775e-07  0.00000000e+00  8.82547775e-07 -3.03325583e-06 
 8.83047775e-07  3.30000001e+00  8.83047775e-07  3.30000001e+00  8.83047775e-07  0.00000000e+00  8.83047775e-07  2.94925592e-06 
 8.83547775e-07  3.30000003e+00  8.83547775e-07  3.30000001e+00  8.83547775e-07  0.00000000e+00  8.83547775e-07 -3.02950416e-06 
 8.84047775e-07  3.30000001e+00  8.84047775e-07  3.30000001e+00  8.84047775e-07  0.00000000e+00  8.84047775e-07  2.95277806e-06 
 8.84547775e-07  3.30000002e+00  8.84547775e-07  3.30000001e+00  8.84547775e-07  0.00000000e+00  8.84547775e-07 -3.02632476e-06 
 8.85047775e-07  3.30000001e+00  8.85047775e-07  3.30000001e+00  8.85047775e-07  0.00000000e+00  8.85047775e-07  2.95575525e-06 
 8.85547775e-07  3.30000001e+00  8.85547775e-07  3.30000001e+00  8.85547775e-07  0.00000000e+00  8.85547775e-07 -3.02360115e-06 
 8.86047775e-07  3.30000001e+00  8.86047775e-07  3.30000000e+00  8.86047775e-07  0.00000000e+00  8.86047775e-07  2.95830539e-06 
 8.86547775e-07  3.30000001e+00  8.86547775e-07  3.30000000e+00  8.86547775e-07  0.00000000e+00  8.86547775e-07 -3.02124523e-06 
 8.87047775e-07  3.30000001e+00  8.87047775e-07  3.30000000e+00  8.87047775e-07  0.00000000e+00  8.87047775e-07  2.96051429e-06 
 8.87547775e-07  3.30000001e+00  8.87547775e-07  3.30000000e+00  8.87547775e-07  0.00000000e+00  8.87547775e-07 -3.01918942e-06 
 8.88047775e-07  3.30000000e+00  8.88047775e-07  3.30000000e+00  8.88047775e-07  0.00000000e+00  8.88047775e-07  2.96244594e-06 
 8.88547775e-07  3.30000000e+00  8.88547775e-07  3.30000000e+00  8.88547775e-07  0.00000000e+00  8.88547775e-07 -3.01738124e-06 
 8.89047775e-07  3.30000000e+00  8.89047775e-07  3.30000000e+00  8.89047775e-07  0.00000000e+00  8.89047775e-07  2.96414918e-06 
 8.89547775e-07  3.30000000e+00  8.89547775e-07  3.30000000e+00  8.89547775e-07  0.00000000e+00  8.89547775e-07 -3.01577946e-06 
 8.90047775e-07  3.30000000e+00  8.90047775e-07  3.30000000e+00  8.90047775e-07  0.00000000e+00  8.90047775e-07  2.96566194e-06 
 8.90547775e-07  3.30000000e+00  8.90547775e-07  3.30000000e+00  8.90547775e-07  0.00000000e+00  8.90547775e-07 -3.01435135e-06 
 8.91047775e-07  3.30000000e+00  8.91047775e-07  3.30000000e+00  8.91047775e-07  0.00000000e+00  8.91047775e-07  2.96701419e-06 
 8.91547775e-07  3.30000000e+00  8.91547775e-07  3.30000000e+00  8.91547775e-07  0.00000000e+00  8.91547775e-07 -3.01307060e-06 
 8.92047775e-07  3.30000000e+00  8.92047775e-07  3.30000000e+00  8.92047775e-07  0.00000000e+00  8.92047775e-07  2.96822992e-06 
 8.92547775e-07  3.30000000e+00  8.92547775e-07  3.30000000e+00  8.92547775e-07  0.00000000e+00  8.92547775e-07 -3.01191590e-06 
 8.93047775e-07  3.30000000e+00  8.93047775e-07  3.29999999e+00  8.93047775e-07  0.00000000e+00  8.93047775e-07  2.96932856e-06 
 8.93547775e-07  3.30000000e+00  8.93547775e-07  3.29999999e+00  8.93547775e-07  0.00000000e+00  8.93547775e-07 -3.01086978e-06 
 8.94047775e-07  3.30000000e+00  8.94047775e-07  3.29999999e+00  8.94047775e-07  0.00000000e+00  8.94047775e-07  2.97032606e-06 
 8.94547775e-07  3.30000000e+00  8.94547775e-07  3.29999999e+00  8.94547775e-07  0.00000000e+00  8.94547775e-07 -3.00991784e-06 
 8.95047775e-07  3.30000000e+00  8.95047775e-07  3.29999999e+00  8.95047775e-07  0.00000000e+00  8.95047775e-07  2.97123559e-06 
 8.95547775e-07  3.30000000e+00  8.95547775e-07  3.29999999e+00  8.95547775e-07  0.00000000e+00  8.95547775e-07 -3.00904809e-06 
 8.96047775e-07  3.29999999e+00  8.96047775e-07  3.29999999e+00  8.96047775e-07  0.00000000e+00  8.96047775e-07  2.97206816e-06 
 8.96547775e-07  3.29999999e+00  8.96547775e-07  3.29999999e+00  8.96547775e-07  0.00000000e+00  8.96547775e-07 -3.00825046e-06 
 8.97047775e-07  3.29999999e+00  8.97047775e-07  3.29999999e+00  8.97047775e-07  0.00000000e+00  8.97047775e-07  2.97283302e-06 
 8.97547775e-07  3.29999999e+00  8.97547775e-07  3.29999999e+00  8.97547775e-07  0.00000000e+00  8.97547775e-07 -3.00751646e-06 
 8.98047775e-07  3.29999999e+00  8.98047775e-07  3.29999999e+00  8.98047775e-07  0.00000000e+00  8.98047775e-07  2.97353800e-06 
 8.98547775e-07  3.29999999e+00  8.98547775e-07  3.29999999e+00  8.98547775e-07  0.00000000e+00  8.98547775e-07 -3.00683886e-06 
 8.99047775e-07  3.29999999e+00  8.99047775e-07  3.29999999e+00  8.99047775e-07  0.00000000e+00  8.99047775e-07  2.97418977e-06 
 8.99547775e-07  3.29999999e+00  8.99547775e-07  3.29999999e+00  8.99547775e-07  0.00000000e+00  8.99547775e-07 -3.00621148e-06 
 9.00000000e-07  3.29999999e+00  9.00000000e-07  3.29999999e+00  9.00000000e-07  0.00000000e+00  9.00000000e-07  2.97476621e-06 
 9.00050000e-07  3.29999999e+00  9.00050000e-07  3.29999999e+00  9.00050000e-07  0.00000000e+00  9.00050000e-07 -1.55593173e-08 
 9.00150000e-07  3.29999999e+00  9.00150000e-07  3.29999999e+00  9.00150000e-07  0.00000000e+00  9.00150000e-07 -1.55011372e-08 
 9.00350000e-07  3.29999999e+00  9.00350000e-07  3.29999999e+00  9.00350000e-07  0.00000000e+00  9.00350000e-07 -1.53864543e-08 
 9.00750000e-07  3.29999999e+00  9.00750000e-07  3.29999999e+00  9.00750000e-07  0.00000000e+00  9.00750000e-07 -1.51617587e-08 
 9.01250000e-07  3.29999999e+00  9.01250000e-07  3.29999999e+00  9.01250000e-07  0.00000000e+00  9.01250000e-07 -1.48898880e-08 
 9.01750000e-07  3.29999999e+00  9.01750000e-07  3.29999999e+00  9.01750000e-07  0.00000000e+00  9.01750000e-07 -1.46272489e-08 
 9.02250000e-07  3.29999999e+00  9.02250000e-07  3.29999999e+00  9.02250000e-07  0.00000000e+00  9.02250000e-07 -1.43736166e-08 
 9.02750000e-07  3.29999999e+00  9.02750000e-07  3.29999999e+00  9.02750000e-07  0.00000000e+00  9.02750000e-07 -1.41283130e-08 
 9.03250000e-07  3.29999999e+00  9.03250000e-07  3.29999999e+00  9.03250000e-07  0.00000000e+00  9.03250000e-07 -1.38911665e-08 
 9.03750000e-07  3.29999999e+00  9.03750000e-07  3.29999999e+00  9.03750000e-07  0.00000000e+00  9.03750000e-07 -1.36615566e-08 
 9.04250000e-07  3.29999999e+00  9.04250000e-07  3.29999999e+00  9.04250000e-07  0.00000000e+00  9.04250000e-07 -1.34393589e-08 
 9.04750000e-07  3.29999999e+00  9.04750000e-07  3.29999999e+00  9.04750000e-07  0.00000000e+00  9.04750000e-07 -1.32240005e-08 
 9.05250000e-07  3.29999999e+00  9.05250000e-07  3.29999999e+00  9.05250000e-07  0.00000000e+00  9.05250000e-07 -1.30153983e-08 
 9.05750000e-07  3.29999999e+00  9.05750000e-07  3.29999999e+00  9.05750000e-07  0.00000000e+00  9.05750000e-07 -1.28130196e-08 
 9.06250000e-07  3.29999999e+00  9.06250000e-07  3.29999999e+00  9.06250000e-07  0.00000000e+00  9.06250000e-07 -1.26168170e-08 
 9.06750000e-07  3.29999999e+00  9.06750000e-07  3.29999999e+00  9.06750000e-07  0.00000000e+00  9.06750000e-07 -1.24262922e-08 
 9.07250000e-07  3.29999999e+00  9.07250000e-07  3.29999999e+00  9.07250000e-07  0.00000000e+00  9.07250000e-07 -1.22414287e-08 
 9.07750000e-07  3.29999999e+00  9.07750000e-07  3.29999999e+00  9.07750000e-07  0.00000000e+00  9.07750000e-07 -1.20617575e-08 
 9.08250000e-07  3.29999999e+00  9.08250000e-07  3.29999999e+00  9.08250000e-07  0.00000000e+00  9.08250000e-07 -1.18872891e-08 
 9.08750000e-07  3.29999999e+00  9.08750000e-07  3.29999999e+00  9.08750000e-07  0.00000000e+00  9.08750000e-07 -1.17175800e-08 
 9.09250000e-07  3.29999999e+00  9.09250000e-07  3.29999999e+00  9.09250000e-07  0.00000000e+00  9.09250000e-07 -1.15526642e-08 
 9.09750000e-07  3.29999999e+00  9.09750000e-07  3.29999999e+00  9.09750000e-07  0.00000000e+00  9.09750000e-07 -1.13921201e-08 
 9.10250000e-07  3.29999999e+00  9.10250000e-07  3.29999999e+00  9.10250000e-07  0.00000000e+00  9.10250000e-07 -1.12360022e-08 
 9.10750000e-07  3.29999999e+00  9.10750000e-07  3.29999999e+00  9.10750000e-07  0.00000000e+00  9.10750000e-07 -1.10839082e-08 
 9.11250000e-07  3.29999999e+00  9.11250000e-07  3.29999999e+00  9.11250000e-07  0.00000000e+00  9.11250000e-07 -1.09359105e-08 
 9.11750000e-07  3.29999999e+00  9.11750000e-07  3.29999999e+00  9.11750000e-07  0.00000000e+00  9.11750000e-07 -1.07916237e-08 
 9.12250000e-07  3.29999999e+00  9.12250000e-07  3.29999999e+00  9.12250000e-07  0.00000000e+00  9.12250000e-07 -1.06511360e-08 
 9.12750000e-07  3.29999999e+00  9.12750000e-07  3.29999999e+00  9.12750000e-07  0.00000000e+00  9.12750000e-07 -1.05140768e-08 
 9.13250000e-07  3.29999999e+00  9.13250000e-07  3.29999999e+00  9.13250000e-07  0.00000000e+00  9.13250000e-07 -1.03805480e-08 
 9.13750000e-07  3.29999999e+00  9.13750000e-07  3.29999999e+00  9.13750000e-07  0.00000000e+00  9.13750000e-07 -1.02501922e-08 
 9.14250000e-07  3.29999999e+00  9.14250000e-07  3.29999999e+00  9.14250000e-07  0.00000000e+00  9.14250000e-07 -1.01231236e-08 
 9.14750000e-07  3.29999999e+00  9.14750000e-07  3.29999999e+00  9.14750000e-07  0.00000000e+00  9.14750000e-07 -9.99899624e-09 
 9.15250000e-07  3.29999999e+00  9.15250000e-07  3.29999999e+00  9.15250000e-07  0.00000000e+00  9.15250000e-07 -9.87793533e-09 
 9.15750000e-07  3.29999999e+00  9.15750000e-07  3.29999999e+00  9.15750000e-07  0.00000000e+00  9.15750000e-07 -9.75960508e-09 
 9.16250000e-07  3.29999999e+00  9.16250000e-07  3.29999999e+00  9.16250000e-07  0.00000000e+00  9.16250000e-07 -9.64414036e-09 
 9.16750000e-07  3.29999999e+00  9.16750000e-07  3.29999999e+00  9.16750000e-07  0.00000000e+00  9.16750000e-07 -9.53121450e-09 
 9.17250000e-07  3.29999999e+00  9.17250000e-07  3.29999999e+00  9.17250000e-07  0.00000000e+00  9.17250000e-07 -9.42097099e-09 
 9.17750000e-07  3.29999999e+00  9.17750000e-07  3.29999999e+00  9.17750000e-07  0.00000000e+00  9.17750000e-07 -9.31309127e-09 
 9.18250000e-07  3.29999999e+00  9.18250000e-07  3.29999999e+00  9.18250000e-07  0.00000000e+00  9.18250000e-07 -9.20772655e-09 
 9.18750000e-07  3.29999999e+00  9.18750000e-07  3.29999999e+00  9.18750000e-07  0.00000000e+00  9.18750000e-07 -9.10456553e-09 
 9.19250000e-07  3.29999999e+00  9.19250000e-07  3.29999999e+00  9.19250000e-07  0.00000000e+00  9.19250000e-07 -9.00376628e-09 
 9.19750000e-07  3.29999999e+00  9.19750000e-07  3.29999999e+00  9.19750000e-07  0.00000000e+00  9.19750000e-07 -8.90502405e-09 
 9.20000000e-07  3.29999999e+00  9.20000000e-07  3.29999999e+00  9.20000000e-07  0.00000000e+00  9.20000000e-07 -8.85653875e-09 
 9.20010000e-07  3.32225940e+00  9.20010000e-07  3.32225139e+00  9.20010000e-07  3.30000000e-01  9.20010000e-07  4.12709105e-04 
 9.20030000e-07  3.36412850e+00  9.20030000e-07  3.36410805e+00  9.20030000e-07  9.90000000e-01  9.20030000e-07  4.61718603e-04 
 9.20070000e-07  3.44575387e+00  9.20070000e-07  3.44566886e+00  9.20070000e-07  2.31000000e+00  9.20070000e-07  4.58453355e-04 
 9.20100000e-07  3.48377874e+00  9.20100000e-07  3.48363254e+00  9.20100000e-07  3.30000000e+00  9.20100000e-07  2.92343346e-04 
 9.20104134e-07  3.48291620e+00  9.20104134e-07  3.48281215e+00  9.20104134e-07  3.30000000e+00  9.20104134e-07 -1.10124829e-05 
 9.20112401e-07  3.48033375e+00  9.20112401e-07  3.48035249e+00  9.20112401e-07  3.30000000e+00  9.20112401e-07 -3.84516485e-05 
 9.20128937e-07  3.46964803e+00  9.20128937e-07  3.47009479e+00  9.20128937e-07  3.30000000e+00  9.20128937e-07 -5.26428956e-05 
 9.20162007e-07  3.44053838e+00  9.20162007e-07  3.44165529e+00  9.20162007e-07  3.30000000e+00  9.20162007e-07 -7.08891697e-05 
 9.20219193e-07  3.25468166e+00  9.20219193e-07  3.25013938e+00  9.20219193e-07  3.30000000e+00  9.20219193e-07 -9.99267692e-05 
 9.20271168e-07  2.98616281e+00  9.20271168e-07  2.96318989e+00  9.20271168e-07  3.30000000e+00  9.20271168e-07 -1.25005269e-04 
 9.20344928e-07  2.57479778e+00  9.20344928e-07  2.54095085e+00  9.20344928e-07  3.30000000e+00  9.20344928e-07 -1.02698599e-04 
 9.20429112e-07  2.17102145e+00  9.20429112e-07  2.12001697e+00  9.20429112e-07  3.30000000e+00  9.20429112e-07 -1.78036366e-04 
 9.20557256e-07  1.84871795e+00  9.20557256e-07  1.69946901e+00  9.20557256e-07  3.30000000e+00  9.20557256e-07 -2.32603038e-04 
 9.20702340e-07  2.03004013e+00  9.20702340e-07  1.28910028e+00  9.20702340e-07  3.30000000e+00  9.20702340e-07 -3.24931993e-04 
 9.20863418e-07  2.66440959e+00  9.20863418e-07  7.83138323e-01  9.20863418e-07  3.30000000e+00  9.20863418e-07 -2.60008321e-04 
 9.20981373e-07  3.04885802e+00  9.20981373e-07  5.04677620e-01  9.20981373e-07  3.30000000e+00  9.20981373e-07 -1.80620103e-04 
 9.21115702e-07  3.21650070e+00  9.21115702e-07  2.66458717e-01  9.21115702e-07  3.30000000e+00  9.21115702e-07 -4.76418637e-05 
 9.21303101e-07  3.27659903e+00  9.21303101e-07  8.75777061e-02  9.21303101e-07  3.30000000e+00  9.21303101e-07 -4.32576881e-05 
 9.21523423e-07  3.29407633e+00  9.21523423e-07  2.07726166e-02  9.21523423e-07  3.30000000e+00  9.21523423e-07  1.59880202e-05 
 9.21807697e-07  3.29952871e+00  9.21807697e-07  1.42697057e-03  9.21807697e-07  3.30000000e+00  9.21807697e-07 -2.19878270e-05 
 9.22108297e-07  3.29993522e+00  9.22108297e-07  5.71265916e-04  9.22108297e-07  3.30000000e+00  9.22108297e-07  2.15178182e-05 
 9.22608297e-07  3.30002775e+00  9.22608297e-07 -4.48673284e-04  9.22608297e-07  3.30000000e+00  9.22608297e-07 -2.15764794e-05 
 9.23108297e-07  3.29998209e+00  9.23108297e-07  4.10453324e-04  9.23108297e-07  3.30000000e+00  9.23108297e-07  2.16095008e-05 
 9.23608297e-07  3.30001440e+00  9.23608297e-07 -3.83736435e-04  9.23608297e-07  3.30000000e+00  9.23608297e-07 -2.16358010e-05 
 9.24108297e-07  3.29998673e+00  9.24108297e-07  3.66689011e-04  9.24108297e-07  3.30000000e+00  9.24108297e-07  2.16589528e-05 
 9.24608297e-07  3.30001265e+00  9.24608297e-07 -3.46495901e-04  9.24608297e-07  3.30000000e+00  9.24608297e-07 -2.16806225e-05 
 9.25108297e-07  3.29998741e+00  9.25108297e-07  3.32402317e-04  9.25108297e-07  3.30000000e+00  9.25108297e-07  2.17007447e-05 
 9.25608297e-07  3.30001241e+00  9.25608297e-07 -3.14721175e-04  9.25608297e-07  3.30000000e+00  9.25608297e-07 -2.17200103e-05 
 9.26108297e-07  3.29998755e+00  9.26108297e-07  3.02443146e-04  9.26108297e-07  3.30000000e+00  9.26108297e-07  2.17380950e-05 
 9.26608297e-07  3.30001226e+00  9.26608297e-07 -2.86679217e-04  9.26608297e-07  3.30000000e+00  9.26608297e-07 -2.17555283e-05 
 9.27108297e-07  3.29998777e+00  9.27108297e-07  2.75840006e-04  9.27108297e-07  3.30000000e+00  9.27108297e-07  2.17719495e-05 
 9.27608297e-07  3.30001197e+00  9.27608297e-07 -2.61646951e-04  9.27608297e-07  3.30000000e+00  9.27608297e-07 -2.17878225e-05 
 9.28108297e-07  3.29998814e+00  9.28108297e-07  2.51993809e-04  9.28108297e-07  3.30000000e+00  9.28108297e-07  2.18027893e-05 
 9.28608297e-07  3.30001153e+00  9.28608297e-07 -2.39124463e-04  9.28608297e-07  3.30000000e+00  9.28608297e-07 -2.18172754e-05 
 9.29108297e-07  3.29998865e+00  9.29108297e-07  2.30477629e-04  9.29108297e-07  3.30000000e+00  9.29108297e-07  2.18309364e-05 
 9.29608297e-07  3.30001100e+00  9.29608297e-07 -2.18749574e-04  9.29608297e-07  3.30000000e+00  9.29608297e-07 -2.18441700e-05 
 9.30108297e-07  3.29998922e+00  9.30108297e-07  2.10976875e-04  9.30108297e-07  3.30000000e+00  9.30108297e-07  2.18566475e-05 
 9.30608297e-07  3.30001041e+00  9.30608297e-07 -2.00250097e-04  9.30608297e-07  3.30000000e+00  9.30608297e-07 -2.18687436e-05 
 9.31108297e-07  3.29998982e+00  9.31108297e-07  1.93249875e-04  9.31108297e-07  3.30000000e+00  9.31108297e-07  2.18801450e-05 
 9.31608297e-07  3.30000981e+00  9.31608297e-07 -1.83412330e-04  9.31608297e-07  3.30000000e+00  9.31608297e-07 -2.18912060e-05 
 9.32108297e-07  3.29999042e+00  9.32108297e-07  1.77102736e-04  9.32108297e-07  3.30000000e+00  9.32108297e-07  2.19016279e-05 
 9.32608297e-07  3.30000922e+00  9.32608297e-07 -1.68061442e-04  9.32608297e-07  3.30000000e+00  9.32608297e-07 -2.19117465e-05 
 9.33108297e-07  3.29999102e+00  9.33108297e-07  1.62373993e-04  9.33108297e-07  3.30000000e+00  9.33108297e-07  2.19212764e-05 
 9.33608297e-07  3.30000863e+00  9.33608297e-07 -1.54049600e-04  9.33608297e-07  3.30000000e+00  9.33608297e-07 -2.19305367e-05 
 9.34108297e-07  3.29999159e+00  9.34108297e-07  1.48925327e-04  9.34108297e-07  3.30000000e+00  9.34108297e-07  2.19392539e-05 
 9.34608297e-07  3.30000807e+00  9.34608297e-07 -1.41248766e-04  9.34608297e-07  3.30000000e+00  9.34608297e-07 -2.19477320e-05 
 9.35108297e-07  3.29999215e+00  9.35108297e-07  1.36635879e-04  9.35108297e-07  3.30000000e+00  9.35108297e-07  2.19557086e-05 
 9.35608297e-07  3.30000754e+00  9.35608297e-07 -1.29546220e-04  9.35608297e-07  3.30000000e+00  9.35608297e-07 -2.19634737e-05 
 9.36108297e-07  3.29999267e+00  9.36108297e-07  1.25398645e-04  9.36108297e-07  3.30000000e+00  9.36108297e-07  2.19707750e-05 
 9.36608297e-07  3.30000703e+00  9.36608297e-07 -1.18841657e-04  9.36608297e-07  3.30000000e+00  9.36608297e-07 -2.19778898e-05 
 9.37108297e-07  3.29999317e+00  9.37108297e-07  1.15118065e-04  9.37108297e-07  3.30000000e+00  9.37108297e-07  2.19845751e-05 
 9.37608297e-07  3.30000655e+00  9.37608297e-07 -1.09045193e-04  9.37608297e-07  3.30000000e+00  9.37608297e-07 -2.19910965e-05 
 9.38108297e-07  3.29999364e+00  9.38108297e-07  1.05708315e-04  9.38108297e-07  3.30000000e+00  9.38108297e-07  2.19972196e-05 
 9.38608297e-07  3.30000609e+00  9.38608297e-07 -1.00075918e-04  9.38608297e-07  3.30000000e+00  9.38608297e-07 -2.20031992e-05 
 9.39108297e-07  3.29999408e+00  9.39108297e-07  9.70920324e-05  9.39108297e-07  3.30000000e+00  9.39108297e-07  2.20088089e-05 
 9.39608297e-07  3.30000567e+00  9.39608297e-07 -9.18607693e-05  9.39608297e-07  3.30000000e+00  9.39608297e-07 -2.20142938e-05 
 9.40108297e-07  3.29999450e+00  9.40108297e-07  8.91992986e-05  9.40108297e-07  3.30000000e+00  9.40108297e-07  2.20194344e-05 
 9.40608297e-07  3.30000527e+00  9.40608297e-07 -8.43336339e-05  9.40608297e-07  3.30000000e+00  9.40608297e-07 -2.20244671e-05 
 9.41108297e-07  3.29999489e+00  9.41108297e-07  8.19668058e-05  9.41108297e-07  3.30000000e+00  9.41108297e-07  2.20291790e-05 
 9.41608297e-07  3.30000489e+00  9.41608297e-07 -7.74345892e-05  9.41608297e-07  3.30000000e+00  9.41608297e-07 -2.20337983e-05 
 9.42108297e-07  3.29999526e+00  9.42108297e-07  7.53371511e-05  9.42108297e-07  3.30000000e+00  9.42108297e-07  2.20381181e-05 
 9.42608297e-07  3.30000454e+00  9.42608297e-07 -7.11092567e-05  9.42608297e-07  3.30000000e+00  9.42608297e-07 -2.20423594e-05 
 9.43108297e-07  3.29999560e+00  9.43108297e-07  6.92582265e-05  9.43108297e-07  3.30000000e+00  9.43108297e-07  2.20463205e-05 
 9.43608297e-07  3.30000421e+00  9.43608297e-07 -6.53082380e-05  9.43608297e-07  3.30000000e+00  9.43608297e-07 -2.20502158e-05 
 9.44108297e-07  3.29999592e+00  9.44108297e-07  6.36826843e-05  9.44108297e-07  3.30000000e+00  9.44108297e-07  2.20538487e-05 
 9.44608297e-07  3.30000390e+00  9.44608297e-07 -5.99866191e-05  9.44608297e-07  3.30000000e+00  9.44608297e-07 -2.20574272e-05 
 9.45108297e-07  3.29999622e+00  9.45108297e-07  5.85674656e-05  9.45108297e-07  3.30000000e+00  9.45108297e-07  2.20607596e-05 
 9.45608297e-07  3.30000361e+00  9.45608297e-07 -5.51035307e-05  9.45608297e-07  3.30000000e+00  9.45608297e-07 -2.20640482e-05 
 9.46108297e-07  3.29999650e+00  9.46108297e-07  5.38733819e-05  9.46108297e-07  3.30000000e+00  9.46108297e-07  2.20671053e-05 
 9.46608297e-07  3.30000335e+00  9.46608297e-07 -5.06217571e-05  9.46608297e-07  3.30000000e+00  9.46608297e-07 -2.20701281e-05 
 9.47108297e-07  3.29999676e+00  9.47108297e-07  4.95647413e-05  9.47108297e-07  3.30000000e+00  9.47108297e-07  2.20729330e-05 
 9.47608297e-07  3.30000310e+00  9.47608297e-07 -4.65073870e-05  9.47608297e-07  3.30000000e+00  9.47608297e-07 -2.20757124e-05 
 9.48108297e-07  3.29999700e+00  9.48108297e-07  4.56090155e-05  9.48108297e-07  3.30000000e+00  9.48108297e-07  2.20782861e-05 
 9.48608297e-07  3.30000287e+00  9.48608297e-07 -4.27295004e-05  9.48608297e-07  3.30000000e+00  9.48608297e-07 -2.20808423e-05 
 9.49108297e-07  3.29999722e+00  9.49108297e-07  4.19765404e-05  9.49108297e-07  3.30000000e+00  9.49108297e-07  2.20832042e-05 
 9.49608297e-07  3.30000265e+00  9.49608297e-07 -3.92598880e-05  9.49608297e-07  3.30000000e+00  9.49608297e-07 -2.20855557e-05 
 9.50108297e-07  3.29999743e+00  9.50108297e-07  3.86402484e-05  9.50108297e-07  3.30000000e+00  9.50108297e-07  2.20877232e-05 
 9.50608297e-07  3.30000245e+00  9.50608297e-07 -3.60727992e-05  9.50608297e-07  3.30000000e+00  9.50608297e-07 -2.20898870e-05 
 9.51108297e-07  3.29999762e+00  9.51108297e-07  3.55754274e-05  9.51108297e-07  3.30000000e+00  9.51108297e-07  2.20918762e-05 
 9.51608297e-07  3.30000227e+00  9.51608297e-07 -3.31447155e-05  9.51608297e-07  3.30000000e+00  9.51608297e-07 -2.20938678e-05 
 9.52108297e-07  3.29999780e+00  9.52108297e-07  3.27595036e-05  9.52108297e-07  3.30000000e+00  9.52108297e-07  2.20956935e-05 
 9.52608297e-07  3.30000210e+00  9.52608297e-07 -3.04541461e-05  9.52608297e-07  3.30000000e+00  9.52608297e-07 -2.20975270e-05 
 9.53108297e-07  3.29999797e+00  9.53108297e-07  3.01718467e-05  9.53108297e-07  3.30000000e+00  9.53108297e-07  2.20992025e-05 
 9.53608297e-07  3.30000194e+00  9.53608297e-07 -2.79814436e-05  9.53608297e-07  3.30000000e+00  9.53608297e-07 -2.21008910e-05 
 9.54108297e-07  3.29999812e+00  9.54108297e-07  2.77935932e-05  9.54108297e-07  3.30000000e+00  9.54108297e-07  2.21024287e-05 
 9.54608297e-07  3.30000179e+00  9.54608297e-07 -2.57086380e-05  9.54608297e-07  3.30000000e+00  9.54608297e-07 -2.21039840e-05 
 9.55108297e-07  3.29999826e+00  9.55108297e-07  2.56074879e-05  9.55108297e-07  3.30000000e+00  9.55108297e-07  2.21053951e-05 
 9.55608297e-07  3.30000165e+00  9.55608297e-07 -2.36192866e-05  9.55608297e-07  3.30000000e+00  9.55608297e-07 -2.21068281e-05 
 9.56108297e-07  3.29999840e+00  9.56108297e-07  2.35977398e-05  9.56108297e-07  3.30000000e+00  9.56108297e-07  2.21081231e-05 
 9.56608297e-07  3.30000152e+00  9.56608297e-07 -2.16983379e-05  9.56608297e-07  3.30000000e+00  9.56608297e-07 -2.21094437e-05 
 9.57108297e-07  3.29999852e+00  9.57108297e-07  2.17498925e-05  9.57108297e-07  3.30000000e+00  9.57108297e-07  2.21106319e-05 
 9.57608297e-07  3.30000141e+00  9.57608297e-07 -1.99320086e-05  9.57608297e-07  3.30000000e+00  9.57608297e-07 -2.21118494e-05 
 9.58108297e-07  3.29999863e+00  9.58108297e-07  2.00507060e-05  9.58108297e-07  3.30000000e+00  9.58108297e-07  2.21129395e-05 
 9.58608297e-07  3.30000130e+00  9.58608297e-07 -1.83076727e-05  9.58608297e-07  3.30000000e+00  9.58608297e-07 -2.21140621e-05 
 9.59108297e-07  3.29999874e+00  9.59108297e-07  1.84880503e-05  9.59108297e-07  3.30000000e+00  9.59108297e-07  2.21150621e-05 
 9.59608297e-07  3.30000120e+00  9.59608297e-07 -1.68137598e-05  9.59608297e-07  3.30000000e+00  9.59608297e-07 -2.21160976e-05 
 9.60108297e-07  3.29999883e+00  9.60108297e-07  1.70508086e-05  9.60108297e-07  3.30000000e+00  9.60108297e-07  2.21170148e-05 
 9.60608297e-07  3.30000111e+00  9.60608297e-07 -1.54396641e-05  9.60608297e-07  3.30000000e+00  9.60608297e-07 -2.21179703e-05 
 9.61108297e-07  3.29999892e+00  9.61108297e-07  1.57287896e-05  9.61108297e-07  3.30000000e+00  9.61108297e-07  2.21188113e-05 
 9.61608297e-07  3.30000102e+00  9.61608297e-07 -1.41756603e-05  9.61608297e-07  3.30000000e+00  9.61608297e-07 -2.21196931e-05 
 9.62108297e-07  3.29999901e+00  9.62108297e-07  1.45126474e-05  9.62108297e-07  3.30000000e+00  9.62108297e-07  2.21204642e-05 
 9.62608297e-07  3.30000094e+00  9.62608297e-07 -1.30128289e-05  9.62608297e-07  3.30000000e+00  9.62608297e-07 -2.21212784e-05 
 9.63108297e-07  3.29999908e+00  9.63108297e-07  1.33938093e-05  9.63108297e-07  3.30000000e+00  9.63108297e-07  2.21219851e-05 
 9.63608297e-07  3.30000087e+00  9.63608297e-07 -1.19429864e-05  9.63608297e-07  3.30000000e+00  9.63608297e-07 -2.21227371e-05 
 9.64108297e-07  3.29999911e+00  9.64108297e-07  1.33558147e-05  9.64108297e-07  3.30000000e+00  9.64108297e-07  2.21233942e-05 
 9.64608297e-07  3.30000063e+00  9.64608297e-07 -9.16669032e-06  9.64608297e-07  3.30000000e+00  9.64608297e-07 -2.21242226e-05 
 9.65108297e-07  3.29999904e+00  9.65108297e-07  1.29867608e-05  9.65108297e-07  3.30000000e+00  9.65108297e-07  2.21245367e-05 
 9.65608297e-07  3.30000058e+00  9.65608297e-07 -8.53719310e-06  9.65608297e-07  3.30000000e+00  9.65608297e-07 -2.21254324e-05 
 9.66108297e-07  3.29999913e+00  9.66108297e-07  1.20163185e-05  9.66108297e-07  3.30000000e+00  9.66108297e-07  2.21257389e-05 
 9.66608297e-07  3.30000053e+00  9.66608297e-07 -7.82684310e-06  9.66608297e-07  3.30000000e+00  9.66608297e-07 -2.21265667e-05 
 9.67108297e-07  3.29999920e+00  9.67108297e-07  1.10969817e-05  9.67108297e-07  3.30000000e+00  9.67108297e-07  2.21268441e-05 
 9.67608297e-07  3.30000048e+00  9.67608297e-07 -7.16750906e-06  9.67608297e-07  3.30000000e+00  9.67608297e-07 -2.21276070e-05 
 9.68108297e-07  3.29999926e+00  9.68108297e-07  1.02497086e-05  9.68108297e-07  3.30000000e+00  9.68108297e-07  2.21278585e-05 
 9.68608297e-07  3.30000044e+00  9.68608297e-07 -6.56069360e-06  9.68608297e-07  3.30000000e+00  9.68608297e-07 -2.21285629e-05 
 9.69108297e-07  3.29999932e+00  9.69108297e-07  9.47002206e-06  9.69108297e-07  3.30000000e+00  9.69108297e-07  2.21287911e-05 
 9.69608297e-07  3.30000041e+00  9.69608297e-07 -6.00254655e-06  9.69608297e-07  3.30000000e+00  9.69608297e-07 -2.21294419e-05 
 9.70100000e-07  3.29999937e+00  9.70100000e-07  8.75784519e-06  9.70100000e-07  3.30000000e+00  9.70100000e-07  2.21296558e-05 
 9.70110000e-07  3.29705328e+00  9.70110000e-07 -3.03704117e-03  9.70110000e-07  2.97000000e+00  9.70110000e-07 -2.80525502e-04 
 9.70130000e-07  3.27694493e+00  9.70130000e-07 -2.17715294e-02  9.70130000e-07  2.31000000e+00  9.70130000e-07 -3.68216831e-04 
 9.70170000e-07  3.24425688e+00  9.70170000e-07 -3.01510098e-02  9.70170000e-07  9.90000000e-01  9.70170000e-07 -7.89958896e-04 
 9.70200000e-07  3.25838673e+00  9.70200000e-07  4.75268268e-02  9.70200000e-07  0.00000000e+00  9.70200000e-07 -1.14000090e-03 
 9.70203592e-07  3.26792658e+00  9.70203592e-07  6.68993389e-02  9.70203592e-07  0.00000000e+00  9.70203592e-07 -7.91289112e-04 
 9.70210776e-07  3.28563935e+00  9.70210776e-07  1.05208635e-01  9.70210776e-07  0.00000000e+00  9.70210776e-07 -7.77867772e-04 
 9.70225145e-07  3.31495183e+00  9.70225145e-07  1.79319305e-01  9.70225145e-07  0.00000000e+00  9.70225145e-07 -7.58245068e-04 
 9.70253882e-07  3.35543971e+00  9.70253882e-07  3.22500848e-01  9.70253882e-07  0.00000000e+00  9.70253882e-07 -7.21893011e-04 
 9.70311356e-07  3.40040612e+00  9.70311356e-07  6.18309365e-01  9.70311356e-07  0.00000000e+00  9.70311356e-07 -6.71610205e-04 
 9.70413318e-07  3.47195146e+00  9.70413318e-07  1.28673828e+00  9.70413318e-07  0.00000000e+00  9.70413318e-07 -4.79564229e-04 
 9.70508657e-07  3.51497646e+00  9.70508657e-07  1.93751016e+00  9.70508657e-07  0.00000000e+00  9.70508657e-07 -2.73302707e-04 
 9.70628135e-07  3.47135112e+00  9.70628135e-07  2.50316853e+00  9.70628135e-07  0.00000000e+00  9.70628135e-07 -1.30370755e-04 
 9.70739364e-07  3.42512749e+00  9.70739364e-07  2.82748700e+00  9.70739364e-07  0.00000000e+00  9.70739364e-07 -5.76711515e-05 
 9.70880209e-07  3.36874001e+00  9.70880209e-07  3.08881243e+00  9.70880209e-07  0.00000000e+00  9.70880209e-07 -2.60930987e-05 
 9.71049028e-07  3.32946389e+00  9.71049028e-07  3.22748181e+00  9.71049028e-07  0.00000000e+00  9.71049028e-07 -1.22050561e-05 
 9.71243513e-07  3.31000417e+00  9.71243513e-07  3.28024064e+00  9.71243513e-07  0.00000000e+00  9.71243513e-07 -4.92788644e-07 
 9.71584032e-07  3.30053927e+00  9.71584032e-07  3.29998827e+00  9.71584032e-07  0.00000000e+00  9.71584032e-07 -3.66483888e-06 
 9.72044970e-07  3.29989275e+00  9.72044970e-07  3.29998261e+00  9.72044970e-07  0.00000000e+00  9.72044970e-07  2.29612548e-06 
 9.72544970e-07  3.30003659e+00  9.72544970e-07  3.30001130e+00  9.72544970e-07  0.00000000e+00  9.72544970e-07 -3.28902926e-06 
 9.73044970e-07  3.29998640e+00  9.73044970e-07  3.29999722e+00  9.73044970e-07  0.00000000e+00  9.73044970e-07  2.63657478e-06 
 9.73544970e-07  3.30000863e+00  9.73544970e-07  3.30000206e+00  9.73544970e-07  0.00000000e+00  9.73544970e-07 -3.17649087e-06 
 9.74044970e-07  3.29999549e+00  9.74044970e-07  3.29999987e+00  9.74044970e-07  0.00000000e+00  9.74044970e-07  2.76506502e-06 
 9.74544970e-07  3.30000384e+00  9.74544970e-07  3.30000065e+00  9.74544970e-07  0.00000000e+00  9.74544970e-07 -3.12523754e-06 
 9.75044970e-07  3.29999786e+00  9.75044970e-07  3.30000007e+00  9.75044970e-07  0.00000000e+00  9.75044970e-07  2.82989576e-06 
 9.75544970e-07  3.30000197e+00  9.75544970e-07  3.30000032e+00  9.75544970e-07  0.00000000e+00  9.75544970e-07 -3.09591132e-06 
 9.76044970e-07  3.29999898e+00  9.76044970e-07  3.30000007e+00  9.76044970e-07  0.00000000e+00  9.76044970e-07  2.86751814e-06 
 9.76544970e-07  3.30000102e+00  9.76544970e-07  3.30000018e+00  9.76544970e-07  0.00000000e+00  9.76544970e-07 -3.07622887e-06 
 9.77044970e-07  3.29999951e+00  9.77044970e-07  3.30000006e+00  9.77044970e-07  0.00000000e+00  9.77044970e-07  2.89088770e-06 
 9.77544970e-07  3.30000056e+00  9.77544970e-07  3.30000011e+00  9.77544970e-07  0.00000000e+00  9.77544970e-07 -3.06206336e-06 
 9.78044970e-07  3.29999977e+00  9.78044970e-07  3.30000005e+00  9.78044970e-07  0.00000000e+00  9.78044970e-07  2.90668897e-06 
 9.78544970e-07  3.30000032e+00  9.78544970e-07  3.30000007e+00  9.78544970e-07  0.00000000e+00  9.78544970e-07 -3.05135234e-06 
 9.79044970e-07  3.29999990e+00  9.79044970e-07  3.30000004e+00  9.79044970e-07  0.00000000e+00  9.79044970e-07  2.91796908e-06 
 9.79544970e-07  3.30000018e+00  9.79544970e-07  3.30000005e+00  9.79544970e-07  0.00000000e+00  9.79544970e-07 -3.04299092e-06 
 9.80044970e-07  3.29999997e+00  9.80044970e-07  3.30000003e+00  9.80044970e-07  0.00000000e+00  9.80044970e-07  2.92638715e-06 
 9.80544970e-07  3.30000011e+00  9.80544970e-07  3.30000003e+00  9.80544970e-07  0.00000000e+00  9.80544970e-07 -3.03631240e-06 
 9.81044970e-07  3.29999999e+00  9.81044970e-07  3.30000002e+00  9.81044970e-07  0.00000000e+00  9.81044970e-07  2.93290078e-06 
 9.81544970e-07  3.30000007e+00  9.81544970e-07  3.30000002e+00  9.81544970e-07  0.00000000e+00  9.81544970e-07 -3.03088035e-06 
 9.82044970e-07  3.30000001e+00  9.82044970e-07  3.30000002e+00  9.82044970e-07  0.00000000e+00  9.82044970e-07  2.93809119e-06 
 9.82544970e-07  3.30000005e+00  9.82544970e-07  3.30000002e+00  9.82544970e-07  0.00000000e+00  9.82544970e-07 -3.02639375e-06 
 9.83044970e-07  3.30000001e+00  9.83044970e-07  3.30000001e+00  9.83044970e-07  0.00000000e+00  9.83044970e-07  2.94232678e-06 
 9.83544970e-07  3.30000003e+00  9.83544970e-07  3.30000001e+00  9.83544970e-07  0.00000000e+00  9.83544970e-07 -3.02263769e-06 
 9.84044970e-07  3.30000001e+00  9.84044970e-07  3.30000001e+00  9.84044970e-07  0.00000000e+00  9.84044970e-07  2.94585078e-06 
 9.84544970e-07  3.30000002e+00  9.84544970e-07  3.30000001e+00  9.84544970e-07  0.00000000e+00  9.84544970e-07 -3.01945511e-06 
 9.85044970e-07  3.30000001e+00  9.85044970e-07  3.30000001e+00  9.85044970e-07  0.00000000e+00  9.85044970e-07  2.94882974e-06 
 9.85544970e-07  3.30000001e+00  9.85544970e-07  3.30000000e+00  9.85544970e-07  0.00000000e+00  9.85544970e-07 -3.01672912e-06 
 9.86044970e-07  3.30000001e+00  9.86044970e-07  3.30000000e+00  9.86044970e-07  0.00000000e+00  9.86044970e-07  2.95138152e-06 
 9.86544970e-07  3.30000001e+00  9.86544970e-07  3.30000000e+00  9.86544970e-07  0.00000000e+00  9.86544970e-07 -3.01437132e-06 
 9.87044970e-07  3.30000001e+00  9.87044970e-07  3.30000000e+00  9.87044970e-07  0.00000000e+00  9.87044970e-07  2.95359182e-06 
 9.87544970e-07  3.30000001e+00  9.87544970e-07  3.30000000e+00  9.87544970e-07  0.00000000e+00  9.87544970e-07 -3.01231398e-06 
 9.88044970e-07  3.30000000e+00  9.88044970e-07  3.30000000e+00  9.88044970e-07  0.00000000e+00  9.88044970e-07  2.95552471e-06 
 9.88544970e-07  3.30000000e+00  9.88544970e-07  3.30000000e+00  9.88544970e-07  0.00000000e+00  9.88544970e-07 -3.01050454e-06 
 9.89044970e-07  3.30000000e+00  9.89044970e-07  3.30000000e+00  9.89044970e-07  0.00000000e+00  9.89044970e-07  2.95722903e-06 
 9.89544970e-07  3.30000000e+00  9.89544970e-07  3.30000000e+00  9.89544970e-07  0.00000000e+00  9.89544970e-07 -3.00890171e-06 
 9.90044970e-07  3.30000000e+00  9.90044970e-07  3.30000000e+00  9.90044970e-07  0.00000000e+00  9.90044970e-07  2.95874274e-06 
 9.90544970e-07  3.30000000e+00  9.90544970e-07  3.30000000e+00  9.90544970e-07  0.00000000e+00  9.90544970e-07 -3.00747268e-06 
 9.91044970e-07  3.30000000e+00  9.91044970e-07  3.30000000e+00  9.91044970e-07  0.00000000e+00  9.91044970e-07  2.96009582e-06 
 9.91544970e-07  3.30000000e+00  9.91544970e-07  3.30000000e+00  9.91544970e-07  0.00000000e+00  9.91544970e-07 -3.00619115e-06 
 9.92044970e-07  3.30000000e+00  9.92044970e-07  3.29999999e+00  9.92044970e-07  0.00000000e+00  9.92044970e-07  2.96131227e-06 
 9.92544970e-07  3.30000000e+00  9.92544970e-07  3.29999999e+00  9.92544970e-07  0.00000000e+00  9.92544970e-07 -3.00503575e-06 
 9.93044970e-07  3.30000000e+00  9.93044970e-07  3.29999999e+00  9.93044970e-07  0.00000000e+00  9.93044970e-07  2.96241156e-06 
 9.93544970e-07  3.30000000e+00  9.93544970e-07  3.29999999e+00  9.93544970e-07  0.00000000e+00  9.93544970e-07 -3.00398903e-06 
 9.94044970e-07  3.30000000e+00  9.94044970e-07  3.29999999e+00  9.94044970e-07  0.00000000e+00  9.94044970e-07  2.96340962e-06 
 9.94544970e-07  3.30000000e+00  9.94544970e-07  3.29999999e+00  9.94544970e-07  0.00000000e+00  9.94544970e-07 -3.00303655e-06 
 9.95044970e-07  3.30000000e+00  9.95044970e-07  3.29999999e+00  9.95044970e-07  0.00000000e+00  9.95044970e-07  2.96431967e-06 
 9.95544970e-07  3.30000000e+00  9.95544970e-07  3.29999999e+00  9.95544970e-07  0.00000000e+00  9.95544970e-07 -3.00216631e-06 
 9.96044970e-07  3.30000000e+00  9.96044970e-07  3.29999999e+00  9.96044970e-07  0.00000000e+00  9.96044970e-07  2.96515269e-06 
 9.96544970e-07  3.29999999e+00  9.96544970e-07  3.29999999e+00  9.96544970e-07  0.00000000e+00  9.96544970e-07 -3.00136825e-06 
 9.97044970e-07  3.29999999e+00  9.97044970e-07  3.29999999e+00  9.97044970e-07  0.00000000e+00  9.97044970e-07  2.96591796e-06 
 9.97544970e-07  3.29999999e+00  9.97544970e-07  3.29999999e+00  9.97544970e-07  0.00000000e+00  9.97544970e-07 -3.00063386e-06 
 9.98044970e-07  3.29999999e+00  9.98044970e-07  3.29999999e+00  9.98044970e-07  0.00000000e+00  9.98044970e-07  2.96662331e-06 
 9.98544970e-07  3.29999999e+00  9.98544970e-07  3.29999999e+00  9.98544970e-07  0.00000000e+00  9.98544970e-07 -2.99995590e-06 
 9.99044970e-07  3.29999999e+00  9.99044970e-07  3.29999999e+00  9.99044970e-07  0.00000000e+00  9.99044970e-07  2.96727542e-06 
 9.99544970e-07  3.29999999e+00  9.99544970e-07  3.29999999e+00  9.99544970e-07  0.00000000e+00  9.99544970e-07 -2.99932820e-06 
 1.00000000e-06  3.29999999e+00  1.00000000e-06  3.29999999e+00  1.00000000e-06  0.00000000e+00  1.00000000e-06  2.96785379e-06 
 1.00005000e-06  3.29999999e+00  1.00005000e-06  3.29999999e+00  1.00005000e-06  0.00000000e+00  1.00005000e-06 -1.55729939e-08 
 1.00015000e-06  3.29999999e+00  1.00015000e-06  3.29999999e+00  1.00015000e-06  0.00000000e+00  1.00015000e-06 -1.55147970e-08 
 1.00035000e-06  3.29999999e+00  1.00035000e-06  3.29999999e+00  1.00035000e-06  0.00000000e+00  1.00035000e-06 -1.54000799e-08 
 1.00075000e-06  3.29999999e+00  1.00075000e-06  3.29999999e+00  1.00075000e-06  0.00000000e+00  1.00075000e-06 -1.51753177e-08 
 1.00125000e-06  3.29999999e+00  1.00125000e-06  3.29999999e+00  1.00125000e-06  0.00000000e+00  1.00125000e-06 -1.49033663e-08 
 1.00175000e-06  3.29999999e+00  1.00175000e-06  3.29999999e+00  1.00175000e-06  0.00000000e+00  1.00175000e-06 -1.46406498e-08 
 1.00225000e-06  3.29999999e+00  1.00225000e-06  3.29999999e+00  1.00225000e-06  0.00000000e+00  1.00225000e-06 -1.43869427e-08 
 1.00275000e-06  3.29999999e+00  1.00275000e-06  3.29999999e+00  1.00275000e-06  0.00000000e+00  1.00275000e-06 -1.41415671e-08 
 1.00325000e-06  3.29999999e+00  1.00325000e-06  3.29999999e+00  1.00325000e-06  0.00000000e+00  1.00325000e-06 -1.39043510e-08 
 1.00375000e-06  3.29999999e+00  1.00375000e-06  3.29999999e+00  1.00375000e-06  0.00000000e+00  1.00375000e-06 -1.36746740e-08 
 1.00425000e-06  3.29999999e+00  1.00425000e-06  3.29999999e+00  1.00425000e-06  0.00000000e+00  1.00425000e-06 -1.34524114e-08 
 1.00475000e-06  3.29999999e+00  1.00475000e-06  3.29999999e+00  1.00475000e-06  0.00000000e+00  1.00475000e-06 -1.32369906e-08 
 1.00525000e-06  3.29999999e+00  1.00525000e-06  3.29999999e+00  1.00525000e-06  0.00000000e+00  1.00525000e-06 -1.30283278e-08 
 1.00575000e-06  3.29999999e+00  1.00575000e-06  3.29999999e+00  1.00575000e-06  0.00000000e+00  1.00575000e-06 -1.28258907e-08 
 1.00625000e-06  3.29999999e+00  1.00625000e-06  3.29999999e+00  1.00625000e-06  0.00000000e+00  1.00625000e-06 -1.26296314e-08 
 1.00675000e-06  3.29999999e+00  1.00675000e-06  3.29999999e+00  1.00675000e-06  0.00000000e+00  1.00675000e-06 -1.24390519e-08 
 1.00725000e-06  3.29999999e+00  1.00725000e-06  3.29999999e+00  1.00725000e-06  0.00000000e+00  1.00725000e-06 -1.22541352e-08 
 1.00775000e-06  3.29999999e+00  1.00775000e-06  3.29999999e+00  1.00775000e-06  0.00000000e+00  1.00775000e-06 -1.20744127e-08 
 1.00825000e-06  3.29999999e+00  1.00825000e-06  3.29999999e+00  1.00825000e-06  0.00000000e+00  1.00825000e-06 -1.18998944e-08 
 1.00875000e-06  3.29999999e+00  1.00875000e-06  3.29999999e+00  1.00875000e-06  0.00000000e+00  1.00875000e-06 -1.17301371e-08 
 1.00925000e-06  3.29999999e+00  1.00925000e-06  3.29999999e+00  1.00925000e-06  0.00000000e+00  1.00925000e-06 -1.15651743e-08 
 1.00975000e-06  3.29999999e+00  1.00975000e-06  3.29999999e+00  1.00975000e-06  0.00000000e+00  1.00975000e-06 -1.14045848e-08 
 1.01025000e-06  3.29999999e+00  1.01025000e-06  3.29999999e+00  1.01025000e-06  0.00000000e+00  1.01025000e-06 -1.12484227e-08 
 1.01075000e-06  3.29999999e+00  1.01075000e-06  3.29999999e+00  1.01075000e-06  0.00000000e+00  1.01075000e-06 -1.10962859e-08 
 1.01125000e-06  3.29999999e+00  1.01125000e-06  3.29999999e+00  1.01125000e-06  0.00000000e+00  1.01125000e-06 -1.09482465e-08 
 1.01175000e-06  3.29999999e+00  1.01175000e-06  3.29999999e+00  1.01175000e-06  0.00000000e+00  1.01175000e-06 -1.08039193e-08 
 1.01225000e-06  3.29999999e+00  1.01225000e-06  3.29999999e+00  1.01225000e-06  0.00000000e+00  1.01225000e-06 -1.06633922e-08 
 1.01275000e-06  3.29999999e+00  1.01275000e-06  3.29999999e+00  1.01275000e-06  0.00000000e+00  1.01275000e-06 -1.05262948e-08 
 1.01325000e-06  3.29999999e+00  1.01325000e-06  3.29999999e+00  1.01325000e-06  0.00000000e+00  1.01325000e-06 -1.03927287e-08 
 1.01375000e-06  3.29999999e+00  1.01375000e-06  3.29999999e+00  1.01375000e-06  0.00000000e+00  1.01375000e-06 -1.02623367e-08 
 1.01425000e-06  3.29999999e+00  1.01425000e-06  3.29999999e+00  1.01425000e-06  0.00000000e+00  1.01425000e-06 -1.01352328e-08 
 1.01475000e-06  3.29999999e+00  1.01475000e-06  3.29999999e+00  1.01475000e-06  0.00000000e+00  1.01475000e-06 -1.00110712e-08 
 1.01525000e-06  3.29999999e+00  1.01525000e-06  3.29999999e+00  1.01525000e-06  0.00000000e+00  1.01525000e-06 -9.88997671e-09 
 1.01575000e-06  3.29999999e+00  1.01575000e-06  3.29999999e+00  1.01575000e-06  0.00000000e+00  1.01575000e-06 -9.77161396e-09 
 1.01625000e-06  3.29999999e+00  1.01625000e-06  3.29999999e+00  1.01625000e-06  0.00000000e+00  1.01625000e-06 -9.65611737e-09 
 1.01675000e-06  3.29999999e+00  1.01675000e-06  3.29999999e+00  1.01675000e-06  0.00000000e+00  1.01675000e-06 -9.54316064e-09 
 1.01725000e-06  3.29999999e+00  1.01725000e-06  3.29999999e+00  1.01725000e-06  0.00000000e+00  1.01725000e-06 -9.43288683e-09 
 1.01775000e-06  3.29999999e+00  1.01775000e-06  3.29999999e+00  1.01775000e-06  0.00000000e+00  1.01775000e-06 -9.32497776e-09 
 1.01825000e-06  3.29999999e+00  1.01825000e-06  3.29999999e+00  1.01825000e-06  0.00000000e+00  1.01825000e-06 -9.21958419e-09 
 1.01875000e-06  3.29999999e+00  1.01875000e-06  3.29999999e+00  1.01875000e-06  0.00000000e+00  1.01875000e-06 -9.11639522e-09 
 1.01925000e-06  3.29999999e+00  1.01925000e-06  3.29999999e+00  1.01925000e-06  0.00000000e+00  1.01925000e-06 -9.01556849e-09 
 1.01975000e-06  3.29999999e+00  1.01975000e-06  3.29999999e+00  1.01975000e-06  0.00000000e+00  1.01975000e-06 -8.91679961e-09 
 1.02000000e-06  3.29999999e+00  1.02000000e-06  3.29999999e+00  1.02000000e-06  0.00000000e+00  1.02000000e-06 -8.86830107e-09 
 1.02001000e-06  3.32225921e+00  1.02001000e-06  3.32225162e+00  1.02001000e-06  3.30000000e-01  1.02001000e-06  4.12709593e-04 
 1.02003000e-06  3.36412814e+00  1.02003000e-06  3.36410848e+00  1.02003000e-06  9.90000000e-01  1.02003000e-06  4.61719268e-04 
 1.02007000e-06  3.44576454e+00  1.02007000e-06  3.44565643e+00  1.02007000e-06  2.31000000e+00  1.02007000e-06  4.58436534e-04 
 1.02010000e-06  3.48375890e+00  1.02010000e-06  3.48365162e+00  1.02010000e-06  3.30000000e+00  1.02010000e-06  2.92404587e-04 
 1.02010413e-06  3.48288716e+00  1.02010413e-06  3.48284013e+00  1.02010413e-06  3.30000000e+00  1.02010413e-06 -1.09510214e-05 
 1.02011240e-06  3.48027789e+00  1.02011240e-06  3.48040658e+00  1.02011240e-06  3.30000000e+00  1.02011240e-06 -3.84398733e-05 
 1.02012893e-06  3.46950182e+00  1.02012893e-06  3.47024362e+00  1.02012893e-06  3.30000000e+00  1.02012893e-06 -5.26361431e-05 
 1.02016200e-06  3.44025033e+00  1.02016200e-06  3.44195351e+00  1.02016200e-06  3.30000000e+00  1.02016200e-06 -7.08904251e-05 
 1.02021918e-06  3.25566867e+00  1.02021918e-06  3.24919835e+00  1.02021918e-06  3.30000000e+00  1.02021918e-06 -9.99304724e-05 
 1.02027068e-06  2.99385052e+00  1.02027068e-06  2.96085904e+00  1.02027068e-06  3.30000000e+00  1.02027068e-06 -1.25012413e-04 
 1.02034402e-06  2.58694580e+00  1.02034402e-06  2.53875051e+00  1.02034402e-06  3.30000000e+00  1.02034402e-06 -1.02557995e-04 
 1.02042740e-06  2.18918673e+00  1.02042740e-06  2.11632887e+00  1.02042740e-06  3.30000000e+00  1.02042740e-06 -1.76841696e-04 
 1.02054832e-06  1.89050573e+00  1.02054832e-06  1.69151017e+00  1.02054832e-06  3.30000000e+00  1.02054832e-06 -2.28074197e-04 
 1.02069107e-06  2.12304767e+00  1.02069107e-06  1.22270958e+00  1.02069107e-06  3.30000000e+00  1.02069107e-06 -3.26965579e-04 
 1.02083245e-06  2.69821325e+00  1.02083245e-06  7.72515915e-01  1.02083245e-06  3.30000000e+00  1.02083245e-06 -2.50374444e-04 
 1.02094973e-06  3.06146788e+00  1.02094973e-06  4.98012653e-01  1.02094973e-06  3.30000000e+00  1.02094973e-06 -1.76716787e-04 
 1.02107850e-06  3.21499927e+00  1.02107850e-06  2.66034167e-01  1.02107850e-06  3.30000000e+00  1.02107850e-06 -4.73819672e-05 
 1.02127677e-06  3.27886779e+00  1.02127677e-06  8.24718712e-02  1.02127677e-06  3.30000000e+00  1.02127677e-06 -4.22663576e-05 
 1.02149987e-06  3.29442931e+00  1.02149987e-06  1.77875790e-02  1.02149987e-06  3.30000000e+00  1.02149987e-06  1.70718459e-05 
 1.02179760e-06  3.29982758e+00  1.02179760e-06  1.61154713e-03  1.02179760e-06  3.30000000e+00  1.02179760e-06 -2.23170287e-05 
 1.02210743e-06  3.29987997e+00  1.02210743e-06 -1.96745175e-04  1.02210743e-06  3.30000000e+00  1.02210743e-06  2.19669367e-05 
 1.02260743e-06  3.30007805e+00  1.02260743e-06  2.25665020e-04  1.02260743e-06  3.30000000e+00  1.02260743e-06 -2.19741695e-05 
 1.02310743e-06  3.29994172e+00  1.02310743e-06 -2.15775551e-04  1.02310743e-06  3.30000000e+00  1.02310743e-06  2.19658774e-05 
 1.02360743e-06  3.30004660e+00  1.02360743e-06  2.03321361e-04  1.02360743e-06  3.30000000e+00  1.02360743e-06 -2.19534454e-05 
 1.02410743e-06  3.29996065e+00  1.02410743e-06 -1.87946816e-04  1.02410743e-06  3.30000000e+00  1.02410743e-06  2.19395127e-05 
 1.02460743e-06  3.30003420e+00  1.02460743e-06  1.76258163e-04  1.02460743e-06  3.30000000e+00  1.02460743e-06 -2.19255967e-05 
 1.02510743e-06  3.29996940e+00  1.02510743e-06 -1.62746333e-04  1.02510743e-06  3.30000000e+00  1.02510743e-06  2.19118631e-05 
 1.02560743e-06  3.30002767e+00  1.02560743e-06  1.52733957e-04  1.02560743e-06  3.30000000e+00  1.02560743e-06 -2.18988868e-05 
 1.02610743e-06  3.29997460e+00  1.02610743e-06 -1.40885724e-04  1.02610743e-06  3.30000000e+00  1.02610743e-06  2.18864774e-05 
 1.02660743e-06  3.30002334e+00  1.02660743e-06  1.32285548e-04  1.02660743e-06  3.30000000e+00  1.02660743e-06 -2.18749683e-05 
 1.02710743e-06  3.29997837e+00  1.02710743e-06 -1.21858182e-04  1.02710743e-06  3.30000000e+00  1.02710743e-06  2.18640800e-05 
 1.02760743e-06  3.30001999e+00  1.02760743e-06  1.14488300e-04  1.02760743e-06  3.30000000e+00  1.02760743e-06 -2.18540589e-05 
 1.02810743e-06  3.29998142e+00  1.02810743e-06 -1.05309805e-04  1.02810743e-06  3.30000000e+00  1.02810743e-06  2.18446110e-05 
 1.02860743e-06  3.30001719e+00  1.02860743e-06  9.90272095e-05  1.02860743e-06  3.30000000e+00  1.02860743e-06 -2.18359473e-05 
 1.02910743e-06  3.29998401e+00  1.02910743e-06 -9.09508184e-05  1.02910743e-06  3.30000000e+00  1.02910743e-06  2.18277831e-05 
 1.02960743e-06  3.30001480e+00  1.02960743e-06  8.56268232e-05  1.02960743e-06  3.30000000e+00  1.02960743e-06 -2.18203129e-05 
 1.03010743e-06  3.29998624e+00  1.03010743e-06 -7.85184286e-05  1.03010743e-06  3.30000000e+00  1.03010743e-06  2.18132677e-05 
 1.03060743e-06  3.30001273e+00  1.03060743e-06  7.40343413e-05  1.03060743e-06  3.30000000e+00  1.03060743e-06 -2.18068324e-05 
 1.03110743e-06  3.29998817e+00  1.03110743e-06 -6.77712466e-05  1.03110743e-06  3.30000000e+00  1.03110743e-06  2.18007547e-05 
 1.03160743e-06  3.30001093e+00  1.03160743e-06  6.40189174e-05  1.03160743e-06  3.30000000e+00  1.03160743e-06 -2.17952122e-05 
 1.03210743e-06  3.29998984e+00  1.03210743e-06 -5.84905246e-05  1.03210743e-06  3.30000000e+00  1.03210743e-06  2.17899681e-05 
 1.03260743e-06  3.30000939e+00  1.03260743e-06  5.53730702e-05  1.03260743e-06  3.30000000e+00  1.03260743e-06 -2.17851947e-05 
 1.03310743e-06  3.29999127e+00  1.03310743e-06 -5.04811339e-05  1.03310743e-06  3.30000000e+00  1.03310743e-06  2.17806684e-05 
 1.03360743e-06  3.30000806e+00  1.03360743e-06  4.79129473e-05  1.03360743e-06  3.30000000e+00  1.03360743e-06 -2.17765570e-05 
 1.03410743e-06  3.29999251e+00  1.03410743e-06 -4.35711468e-05  1.03410743e-06  3.30000000e+00  1.03410743e-06  2.17726486e-05 
 1.03460743e-06  3.30000691e+00  1.03460743e-06  4.14773090e-05  1.03460743e-06  3.30000000e+00  1.03460743e-06 -2.17691072e-05 
 1.03510743e-06  3.29999358e+00  1.03510743e-06 -3.76103678e-05  1.03510743e-06  3.30000000e+00  1.03510743e-06  2.17657307e-05 
 1.03560743e-06  3.30000592e+00  1.03560743e-06  3.59257290e-05  1.03560743e-06  3.30000000e+00  1.03560743e-06 -2.17626800e-05 
 1.03610743e-06  3.29999450e+00  1.03610743e-06 -3.24683227e-05  1.03610743e-06  3.30000000e+00  1.03610743e-06  2.17597617e-05 
 1.03660743e-06  3.30000508e+00  1.03660743e-06  3.11364575e-05  1.03660743e-06  3.30000000e+00  1.03660743e-06 -2.17571336e-05 
 1.03710743e-06  3.29999528e+00  1.03710743e-06 -2.80320757e-05  1.03710743e-06  3.30000000e+00  1.03710743e-06  2.17546098e-05 
 1.03760743e-06  3.30000435e+00  1.03760743e-06  2.70042386e-05  1.03760743e-06  3.30000000e+00  1.03760743e-06 -2.17523458e-05 
 1.03810743e-06  3.29999596e+00  1.03810743e-06 -2.42040912e-05  1.03810743e-06  3.30000000e+00  1.03810743e-06  2.17501620e-05 
 1.03860743e-06  3.30000372e+00  1.03860743e-06  2.34382358e-05  1.03860743e-06  3.30000000e+00  1.03860743e-06 -2.17482115e-05 
 1.03910743e-06  3.29999644e+00  1.03910743e-06 -2.00791068e-05  1.03910743e-06  3.30000000e+00  1.03910743e-06  2.17463035e-05 
 1.03960743e-06  3.30000297e+00  1.03960743e-06  2.18678631e-05  1.03960743e-06  3.30000000e+00  1.03960743e-06 -2.17447957e-05 
 1.04010743e-06  3.29999683e+00  1.04010743e-06 -1.67892556e-05  1.04010743e-06  3.30000000e+00  1.04010743e-06  2.17428580e-05 
 1.04060743e-06  3.30000255e+00  1.04060743e-06  1.88879726e-05  1.04060743e-06  3.30000000e+00  1.04060743e-06 -2.17416724e-05 
 1.04110743e-06  3.29999729e+00  1.04110743e-06 -1.44814386e-05  1.04110743e-06  3.30000000e+00  1.04110743e-06  2.17400091e-05 
 1.04160743e-06  3.30000217e+00  1.04160743e-06  1.64240587e-05  1.04160743e-06  3.30000000e+00  1.04160743e-06 -2.17389913e-05 
 1.04210743e-06  3.29999768e+00  1.04210743e-06 -1.25082253e-05  1.04210743e-06  3.30000000e+00  1.04210743e-06  2.17375456e-05 
 1.04260743e-06  3.30000186e+00  1.04260743e-06  1.43015012e-05  1.04260743e-06  3.30000000e+00  1.04260743e-06 -2.17366703e-05 
 1.04310743e-06  3.29999801e+00  1.04310743e-06 -1.08063253e-05  1.04310743e-06  3.30000000e+00  1.04310743e-06  2.17354125e-05 
 1.04360743e-06  3.30000159e+00  1.04360743e-06  1.24733055e-05  1.04360743e-06  3.30000000e+00  1.04360743e-06 -2.17346595e-05 
 1.04410743e-06  3.29999830e+00  1.04410743e-06 -9.31930556e-06  1.04410743e-06  3.30000000e+00  1.04410743e-06  2.17335657e-05 
 1.04460743e-06  3.30000135e+00  1.04460743e-06  1.08990414e-05  1.04460743e-06  3.30000000e+00  1.04460743e-06 -2.17329195e-05 
 1.04510743e-06  3.29999854e+00  1.04510743e-06 -8.03677572e-06  1.04510743e-06  3.30000000e+00  1.04510743e-06  2.17319660e-05 
 1.04560743e-06  3.30000116e+00  1.04560743e-06  9.53104507e-06  1.04560743e-06  3.30000000e+00  1.04560743e-06 -2.17314124e-05 
 1.04610743e-06  3.29999875e+00  1.04610743e-06 -6.92529211e-06  1.04610743e-06  3.30000000e+00  1.04610743e-06  2.17305812e-05 
 1.04660743e-06  3.30000099e+00  1.04660743e-06  8.34676379e-06  1.04660743e-06  3.30000000e+00  1.04660743e-06 -2.17301075e-05 
 1.04710743e-06  3.29999893e+00  1.04710743e-06 -5.96349619e-06  1.04710743e-06  3.30000000e+00  1.04710743e-06  2.17293818e-05 
 1.04760743e-06  3.30000084e+00  1.04760743e-06  7.32152768e-06  1.04760743e-06  3.30000000e+00  1.04760743e-06 -2.17289770e-05 
 1.04810743e-06  3.29999908e+00  1.04810743e-06 -5.13103197e-06  1.04810743e-06  3.30000000e+00  1.04810743e-06  2.17283424e-05 
 1.04860743e-06  3.30000072e+00  1.04860743e-06  6.43363614e-06  1.04860743e-06  3.30000000e+00  1.04860743e-06 -2.17279969e-05 
 1.04910743e-06  3.29999922e+00  1.04910743e-06 -4.41022246e-06  1.04910743e-06  3.30000000e+00  1.04910743e-06  2.17274411e-05 
 1.04960743e-06  3.30000061e+00  1.04960743e-06  5.66433469e-06  1.04960743e-06  3.30000000e+00  1.04960743e-06 -2.17271467e-05 
 1.05010743e-06  3.29999933e+00  1.05010743e-06 -3.78580679e-06  1.05010743e-06  3.30000000e+00  1.05010743e-06  2.17266591e-05 
 1.05060743e-06  3.30000052e+00  1.05060743e-06  4.99744505e-06  1.05060743e-06  3.30000000e+00  1.05060743e-06 -2.17264088e-05 
 1.05110743e-06  3.29999943e+00  1.05110743e-06 -3.24462412e-06  1.05110743e-06  3.30000000e+00  1.05110743e-06  2.17259801e-05 
 1.05160743e-06  3.30000044e+00  1.05160743e-06  4.41901822e-06  1.05160743e-06  3.30000000e+00  1.05160743e-06 -2.17257679e-05 
 1.05210743e-06  3.29999951e+00  1.05210743e-06 -2.77532870e-06  1.05210743e-06  3.30000000e+00  1.05210743e-06  2.17253903e-05 
 1.05260743e-06  3.30000037e+00  1.05260743e-06  3.91702886e-06  1.05260743e-06  3.30000000e+00  1.05260743e-06 -2.17252110e-05 
 1.05310743e-06  3.29999958e+00  1.05310743e-06 -2.36814037e-06  1.05310743e-06  3.30000000e+00  1.05310743e-06  2.17248775e-05 
 1.05360743e-06  3.30000032e+00  1.05360743e-06  3.48110948e-06  1.05360743e-06  3.30000000e+00  1.05360743e-06 -2.17247266e-05 
 1.05410743e-06  3.29999964e+00  1.05410743e-06 -2.01462797e-06  1.05410743e-06  3.30000000e+00  1.05410743e-06  2.17244313e-05 
 1.05460743e-06  3.30000027e+00  1.05460743e-06  3.10232066e-06  1.05460743e-06  3.30000000e+00  1.05460743e-06 -2.17243050e-05 
 1.05510743e-06  3.29999969e+00  1.05510743e-06 -1.70752226e-06  1.05510743e-06  3.30000000e+00  1.05510743e-06  2.17240430e-05 
 1.05560743e-06  3.30000022e+00  1.05560743e-06  2.77295284e-06  1.05560743e-06  3.30000000e+00  1.05560743e-06 -2.17239378e-05 
 1.05610743e-06  3.29999974e+00  1.05610743e-06 -1.44055459e-06  1.05610743e-06  3.30000000e+00  1.05610743e-06  2.17237046e-05 
 1.05660743e-06  3.30000019e+00  1.05660743e-06  2.48635557e-06  1.05660743e-06  3.30000000e+00  1.05660743e-06 -2.17236177e-05 
 1.05710743e-06  3.29999978e+00  1.05710743e-06 -1.20831797e-06  1.05710743e-06  3.30000000e+00  1.05710743e-06  2.17234095e-05 
 1.05760743e-06  3.30000016e+00  1.05760743e-06  2.23679055e-06  1.05760743e-06  3.30000000e+00  1.05760743e-06 -2.17233385e-05 
 1.05810743e-06  3.29999981e+00  1.05810743e-06 -1.00614744e-06  1.05810743e-06  3.30000000e+00  1.05810743e-06  2.17231520e-05 
 1.05860743e-06  3.30000013e+00  1.05860743e-06  2.01930509e-06  1.05860743e-06  3.30000000e+00  1.05860743e-06 -2.17230947e-05 
 1.05910743e-06  3.29999984e+00  1.05910743e-06 -8.30017140e-07  1.05910743e-06  3.30000000e+00  1.05910743e-06  2.17229270e-05 
 1.05960743e-06  3.30000011e+00  1.05960743e-06  1.82962331e-06  1.05960743e-06  3.30000000e+00  1.05960743e-06 -2.17228816e-05 
 1.06010743e-06  3.29999986e+00  1.06010743e-06 -6.76451754e-07  1.06010743e-06  3.30000000e+00  1.06010743e-06  2.17227304e-05 
 1.06060743e-06  3.30000009e+00  1.06060743e-06  1.66405240e-06  1.06060743e-06  3.30000000e+00  1.06060743e-06 -2.17226952e-05 
 1.06110743e-06  3.29999988e+00  1.06110743e-06 -5.42450242e-07  1.06110743e-06  3.30000000e+00  1.06110743e-06  2.17225583e-05 
 1.06160743e-06  3.30000008e+00  1.06160743e-06  1.51940207e-06  1.06160743e-06  3.30000000e+00  1.06160743e-06 -2.17225320e-05 
 1.06210743e-06  3.29999990e+00  1.06210743e-06 -4.25420265e-07  1.06210743e-06  3.30000000e+00  1.06210743e-06  2.17224075e-05 
 1.06260743e-06  3.30000006e+00  1.06260743e-06  1.39291512e-06  1.06260743e-06  3.30000000e+00  1.06260743e-06 -2.17223890e-05 
 1.06310743e-06  3.29999991e+00  1.06310743e-06 -3.23121718e-07  1.06310743e-06  3.30000000e+00  1.06310743e-06  2.17222753e-05 
 1.06360743e-06  3.30000005e+00  1.06360743e-06  1.28220772e-06  1.06360743e-06  3.30000000e+00  1.06360743e-06 -2.17222635e-05 
 1.06410743e-06  3.29999993e+00  1.06410743e-06 -2.33618144e-07  1.06410743e-06  3.30000000e+00  1.06410743e-06  2.17221593e-05 
 1.06460743e-06  3.30000004e+00  1.06460743e-06  1.18521804e-06  1.06460743e-06  3.30000000e+00  1.06460743e-06 -2.17221533e-05 
 1.06510743e-06  3.29999994e+00  1.06510743e-06 -1.55234898e-07  1.06510743e-06  3.30000000e+00  1.06510743e-06  2.17220573e-05 
 1.06560743e-06  3.30000004e+00  1.06560743e-06  1.10016194e-06  1.06560743e-06  3.30000000e+00  1.06560743e-06 -2.17220564e-05 
 1.06610743e-06  3.29999995e+00  1.06610743e-06 -8.64251390e-08  1.06610743e-06  3.30000000e+00  1.06610743e-06  2.17219676e-05 
 1.06660743e-06  3.30000003e+00  1.06660743e-06  1.02551150e-06  1.06660743e-06  3.30000000e+00  1.06660743e-06 -2.17219711e-05 
 1.06710743e-06  3.29999995e+00  1.06710743e-06 -2.56747591e-08  1.06710743e-06  3.30000000e+00  1.06710743e-06  2.17218887e-05 
 1.06760743e-06  3.30000002e+00  1.06760743e-06  9.59980633e-07  1.06760743e-06  3.30000000e+00  1.06760743e-06 -2.17218960e-05 
 1.06810743e-06  3.29999996e+00  1.06810743e-06  2.77295259e-08  1.06810743e-06  3.30000000e+00  1.06810743e-06  2.17218192e-05 
 1.06860743e-06  3.30000002e+00  1.06860743e-06  9.02679777e-07  1.06860743e-06  3.30000000e+00  1.06860743e-06 -2.17218299e-05 
 1.06910743e-06  3.29999997e+00  1.06910743e-06  7.45819587e-08  1.06910743e-06  3.30000000e+00  1.06910743e-06  2.17217579e-05 
 1.06960743e-06  3.30000001e+00  1.06960743e-06  8.52641657e-07  1.06960743e-06  3.30000000e+00  1.06960743e-06 -2.17217714e-05 
 1.07010000e-06  3.29999997e+00  1.07010000e-06  1.16552004e-07  1.07010000e-06  3.30000000e+00  1.07010000e-06  2.17217033e-05 
 1.07011000e-06  3.29705196e+00  1.07011000e-06 -3.04360610e-03  1.07011000e-06  2.97000000e+00  1.07011000e-06 -2.80527591e-04 
 1.07013000e-06  3.27694099e+00  1.07013000e-06 -2.17819732e-02  1.07013000e-06  2.31000000e+00  1.07013000e-06 -3.68226114e-04 
 1.07017000e-06  3.24424794e+00  1.07017000e-06 -3.01847720e-02  1.07017000e-06  9.90000000e-01  1.07017000e-06 -7.89975224e-04 
 1.07020000e-06  3.25837216e+00  1.07020000e-06  4.74672229e-02  1.07020000e-06  1.28119737e-12  1.07020000e-06 -1.14002841e-03 
 1.07020359e-06  3.26791169e+00  1.07020359e-06  6.68368038e-02  1.07020359e-06  0.00000000e+00  1.07020359e-06 -7.91320020e-04 
 1.07021078e-06  3.28562341e+00  1.07021078e-06  1.05139268e-01  1.07021078e-06  0.00000000e+00  1.07021078e-06 -7.77902760e-04 
 1.07022515e-06  3.31493098e+00  1.07022515e-06  1.79231146e-01  1.07022515e-06  0.00000000e+00  1.07022515e-06 -7.58284455e-04 
 1.07025389e-06  3.35540600e+00  1.07025389e-06  3.22357487e-01  1.07025389e-06  0.00000000e+00  1.07025389e-06 -7.21957665e-04 
 1.07031137e-06  3.40030223e+00  1.07031137e-06  6.17911184e-01  1.07031137e-06  0.00000000e+00  1.07031137e-06 -6.71685181e-04 
 1.07041309e-06  3.47157736e+00  1.07041309e-06  1.28394056e+00  1.07041309e-06  0.00000000e+00  1.07041309e-06 -4.79523952e-04 
 1.07050811e-06  3.51468830e+00  1.07050811e-06  1.93295722e+00  1.07050811e-06  0.00000000e+00  1.07050811e-06 -2.74038550e-04 
 1.07062789e-06  3.47161883e+00  1.07062789e-06  2.50115727e+00  1.07062789e-06  0.00000000e+00  1.07062789e-06 -1.30885966e-04 
 1.07073894e-06  3.42540258e+00  1.07073894e-06  2.82560856e+00  1.07073894e-06  0.00000000e+00  1.07073894e-06 -5.79440424e-05 
 1.07088002e-06  3.36891972e+00  1.07088002e-06  3.08815414e+00  1.07088002e-06  0.00000000e+00  1.07088002e-06 -2.61757300e-05 
 1.07104783e-06  3.32971731e+00  1.07104783e-06  3.22668893e+00  1.07104783e-06  0.00000000e+00  1.07104783e-06 -1.23111428e-05 
 1.07124260e-06  3.31007982e+00  1.07124260e-06  3.28007277e+00  1.07124260e-06  0.00000000e+00  1.07124260e-06 -5.17218266e-07 
 1.07158116e-06  3.30057362e+00  1.07158116e-06  3.29992890e+00  1.07158116e-06  0.00000000e+00  1.07158116e-06 -3.66896497e-06 
 1.07204233e-06  3.29988933e+00  1.07204233e-06  3.29998997e+00  1.07204233e-06  0.00000000e+00  1.07204233e-06  2.28950001e-06 
 1.07254233e-06  3.30003709e+00  1.07254233e-06  3.30000994e+00  1.07254233e-06  0.00000000e+00  1.07254233e-06 -3.28415549e-06 
 1.07304233e-06  3.29998654e+00  1.07304233e-06  3.29999766e+00  1.07304233e-06  0.00000000e+00  1.07304233e-06  2.62956086e-06 
 1.07354233e-06  3.30000860e+00  1.07354233e-06  3.30000188e+00  1.07354233e-06  0.00000000e+00  1.07354233e-06 -3.17021055e-06 
 1.07404233e-06  3.29999559e+00  1.07404233e-06  3.29999990e+00  1.07404233e-06  0.00000000e+00  1.07404233e-06  2.75776715e-06 
 1.07454233e-06  3.30000382e+00  1.07454233e-06  3.30000059e+00  1.07454233e-06  0.00000000e+00  1.07454233e-06 -3.11835739e-06 
 1.07504233e-06  3.29999797e+00  1.07504233e-06  3.30000008e+00  1.07504233e-06  0.00000000e+00  1.07504233e-06  2.82275914e-06 
 1.07554233e-06  3.30000193e+00  1.07554233e-06  3.30000028e+00  1.07554233e-06  0.00000000e+00  1.07554233e-06 -3.08847956e-06 
 1.07604233e-06  3.29999900e+00  1.07604233e-06  3.30000007e+00  1.07604233e-06  0.00000000e+00  1.07604233e-06  2.85978505e-06 
 1.07654233e-06  3.30000104e+00  1.07654233e-06  3.30000016e+00  1.07654233e-06  0.00000000e+00  1.07654233e-06 -3.06874851e-06 
 1.07704233e-06  3.29999952e+00  1.07704233e-06  3.30000006e+00  1.07704233e-06  0.00000000e+00  1.07704233e-06  2.88319184e-06 
 1.07754233e-06  3.30000057e+00  1.07754233e-06  3.30000010e+00  1.07754233e-06  0.00000000e+00  1.07754233e-06 -3.05456026e-06 
 1.07804233e-06  3.29999978e+00  1.07804233e-06  3.30000004e+00  1.07804233e-06  0.00000000e+00  1.07804233e-06  2.89901777e-06 
 1.07854233e-06  3.30000032e+00  1.07854233e-06  3.30000007e+00  1.07854233e-06  0.00000000e+00  1.07854233e-06 -3.04383442e-06 
 1.07904233e-06  3.29999991e+00  1.07904233e-06  3.30000003e+00  1.07904233e-06  0.00000000e+00  1.07904233e-06  2.91031406e-06 
 1.07954233e-06  3.30000019e+00  1.07954233e-06  3.30000004e+00  1.07954233e-06  0.00000000e+00  1.07954233e-06 -3.03546238e-06 
 1.08004233e-06  3.29999997e+00  1.08004233e-06  3.30000003e+00  1.08004233e-06  0.00000000e+00  1.08004233e-06  2.91874322e-06 
 1.08054233e-06  3.30000012e+00  1.08054233e-06  3.30000003e+00  1.08054233e-06  0.00000000e+00  1.08054233e-06 -3.02877595e-06 
 1.08104233e-06  3.30000000e+00  1.08104233e-06  3.30000002e+00  1.08104233e-06  0.00000000e+00  1.08104233e-06  2.92526482e-06 
 1.08154233e-06  3.30000007e+00  1.08154233e-06  3.30000002e+00  1.08154233e-06  0.00000000e+00  1.08154233e-06 -3.02333782e-06 
 1.08204233e-06  3.30000001e+00  1.08204233e-06  3.30000001e+00  1.08204233e-06  0.00000000e+00  1.08204233e-06  2.93046116e-06 
 1.08254233e-06  3.30000005e+00  1.08254233e-06  3.30000001e+00  1.08254233e-06  0.00000000e+00  1.08254233e-06 -3.01884645e-06 
 1.08304233e-06  3.30000001e+00  1.08304233e-06  3.30000001e+00  1.08304233e-06  0.00000000e+00  1.08304233e-06  2.93470130e-06 
 1.08354233e-06  3.30000003e+00  1.08354233e-06  3.30000001e+00  1.08354233e-06  0.00000000e+00  1.08354233e-06 -3.01508656e-06 
 1.08404233e-06  3.30000001e+00  1.08404233e-06  3.30000001e+00  1.08404233e-06  0.00000000e+00  1.08404233e-06  2.93822889e-06 
 1.08454233e-06  3.30000002e+00  1.08454233e-06  3.30000001e+00  1.08454233e-06  0.00000000e+00  1.08454233e-06 -3.01190087e-06 
 1.08504233e-06  3.30000001e+00  1.08504233e-06  3.30000000e+00  1.08504233e-06  0.00000000e+00  1.08504233e-06  2.94121074e-06 
 1.08554233e-06  3.30000002e+00  1.08554233e-06  3.30000000e+00  1.08554233e-06  0.00000000e+00  1.08554233e-06 -3.00917232e-06 
 1.08604233e-06  3.30000001e+00  1.08604233e-06  3.30000000e+00  1.08604233e-06  0.00000000e+00  1.08604233e-06  2.94376490e-06 
 1.08654233e-06  3.30000001e+00  1.08654233e-06  3.30000000e+00  1.08654233e-06  0.00000000e+00  1.08654233e-06 -3.00681240e-06 
 1.08704233e-06  3.30000001e+00  1.08704233e-06  3.30000000e+00  1.08704233e-06  0.00000000e+00  1.08704233e-06  2.94597717e-06 
 1.08754233e-06  3.30000001e+00  1.08754233e-06  3.30000000e+00  1.08754233e-06  0.00000000e+00  1.08754233e-06 -3.00475326e-06 
 1.08804233e-06  3.30000001e+00  1.08804233e-06  3.30000000e+00  1.08804233e-06  0.00000000e+00  1.08804233e-06  2.94791173e-06 
 1.08854233e-06  3.30000001e+00  1.08854233e-06  3.30000000e+00  1.08854233e-06  0.00000000e+00  1.08854233e-06 -3.00294228e-06 
 1.08904233e-06  3.30000000e+00  1.08904233e-06  3.30000000e+00  1.08904233e-06  0.00000000e+00  1.08904233e-06  2.94961747e-06 
 1.08954233e-06  3.30000000e+00  1.08954233e-06  3.30000000e+00  1.08954233e-06  0.00000000e+00  1.08954233e-06 -3.00133813e-06 
 1.09004233e-06  3.30000000e+00  1.09004233e-06  3.30000000e+00  1.09004233e-06  0.00000000e+00  1.09004233e-06  2.95113241e-06 
 1.09054233e-06  3.30000000e+00  1.09054233e-06  3.30000000e+00  1.09054233e-06  0.00000000e+00  1.09054233e-06 -2.99990797e-06 
 1.09104233e-06  3.30000000e+00  1.09104233e-06  3.30000000e+00  1.09104233e-06  0.00000000e+00  1.09104233e-06  2.95248656e-06 
 1.09154233e-06  3.30000000e+00  1.09154233e-06  3.29999999e+00  1.09154233e-06  0.00000000e+00  1.09154233e-06 -2.99862544e-06 
 1.09204233e-06  3.30000000e+00  1.09204233e-06  3.29999999e+00  1.09204233e-06  0.00000000e+00  1.09204233e-06  2.95370394e-06 
 1.09254233e-06  3.30000000e+00  1.09254233e-06  3.29999999e+00  1.09254233e-06  0.00000000e+00  1.09254233e-06 -2.99746917e-06 
 1.09304233e-06  3.30000000e+00  1.09304233e-06  3.29999999e+00  1.09304233e-06  0.00000000e+00  1.09304233e-06  2.95480405e-06 
 1.09354233e-06  3.30000000e+00  1.09354233e-06  3.29999999e+00  1.09354233e-06  0.00000000e+00  1.09354233e-06 -2.99642167e-06 
 1.09404233e-06  3.30000000e+00  1.09404233e-06  3.29999999e+00  1.09404233e-06  0.00000000e+00  1.09404233e-06  2.95580285e-06 
 1.09454233e-06  3.30000000e+00  1.09454233e-06  3.29999999e+00  1.09454233e-06  0.00000000e+00  1.09454233e-06 -2.99546850e-06 
 1.09504233e-06  3.30000000e+00  1.09504233e-06  3.29999999e+00  1.09504233e-06  0.00000000e+00  1.09504233e-06  2.95671354e-06 
 1.09554233e-06  3.30000000e+00  1.09554233e-06  3.29999999e+00  1.09554233e-06  0.00000000e+00  1.09554233e-06 -2.99459765e-06 
 1.09604233e-06  3.30000000e+00  1.09604233e-06  3.29999999e+00  1.09604233e-06  0.00000000e+00  1.09604233e-06  2.95754715e-06 
 1.09654233e-06  3.30000000e+00  1.09654233e-06  3.29999999e+00  1.09654233e-06  0.00000000e+00  1.09654233e-06 -2.99379903e-06 
 1.09704233e-06  3.30000000e+00  1.09704233e-06  3.29999999e+00  1.09704233e-06  0.00000000e+00  1.09704233e-06  2.95831294e-06 
 1.09754233e-06  3.29999999e+00  1.09754233e-06  3.29999999e+00  1.09754233e-06  0.00000000e+00  1.09754233e-06 -2.99306414e-06 
 1.09804233e-06  3.29999999e+00  1.09804233e-06  3.29999999e+00  1.09804233e-06  0.00000000e+00  1.09804233e-06  2.95901877e-06 
 1.09854233e-06  3.29999999e+00  1.09854233e-06  3.29999999e+00  1.09854233e-06  0.00000000e+00  1.09854233e-06 -2.99238573e-06 
 1.09904233e-06  3.29999999e+00  1.09904233e-06  3.29999999e+00  1.09904233e-06  0.00000000e+00  1.09904233e-06  2.95967131e-06 
 1.09954233e-06  3.29999999e+00  1.09954233e-06  3.29999999e+00  1.09954233e-06  0.00000000e+00  1.09954233e-06 -2.99175762e-06 
 1.10000000e-06  3.29999999e+00  1.10000000e-06  3.29999999e+00  1.10000000e-06  0.00000000e+00  1.10000000e-06  2.96025160e-06 
 1.10005000e-06  3.29999999e+00  1.10005000e-06  3.29999999e+00  1.10005000e-06  0.00000000e+00  1.10005000e-06 -1.55879230e-08 
 1.10015000e-06  3.29999999e+00  1.10015000e-06  3.29999999e+00  1.10015000e-06  0.00000000e+00  1.10015000e-06 -1.55297006e-08 
 1.10035000e-06  3.29999999e+00  1.10035000e-06  3.29999999e+00  1.10035000e-06  0.00000000e+00  1.10035000e-06 -1.54149316e-08 
 1.10075000e-06  3.29999999e+00  1.10075000e-06  3.29999999e+00  1.10075000e-06  0.00000000e+00  1.10075000e-06 -1.51900689e-08 
 1.10125000e-06  3.29999999e+00  1.10125000e-06  3.29999999e+00  1.10125000e-06  0.00000000e+00  1.10125000e-06 -1.49179959e-08 
 1.10175000e-06  3.29999999e+00  1.10175000e-06  3.29999999e+00  1.10175000e-06  0.00000000e+00  1.10175000e-06 -1.46551627e-08 
 1.10225000e-06  3.29999999e+00  1.10225000e-06  3.29999999e+00  1.10225000e-06  0.00000000e+00  1.10225000e-06 -1.44013432e-08 
 1.10275000e-06  3.29999999e+00  1.10275000e-06  3.29999999e+00  1.10275000e-06  0.00000000e+00  1.10275000e-06 -1.41558596e-08 
 1.10325000e-06  3.29999999e+00  1.10325000e-06  3.29999999e+00  1.10325000e-06  0.00000000e+00  1.10325000e-06 -1.39185393e-08 
 1.10375000e-06  3.29999999e+00  1.10375000e-06  3.29999999e+00  1.10375000e-06  0.00000000e+00  1.10375000e-06 -1.36887622e-08 
 1.10425000e-06  3.29999999e+00  1.10425000e-06  3.29999999e+00  1.10425000e-06  0.00000000e+00  1.10425000e-06 -1.34664027e-08 
 1.10475000e-06  3.29999999e+00  1.10475000e-06  3.29999999e+00  1.10475000e-06  0.00000000e+00  1.10475000e-06 -1.32508887e-08 
 1.10525000e-06  3.29999999e+00  1.10525000e-06  3.29999999e+00  1.10525000e-06  0.00000000e+00  1.10525000e-06 -1.30421357e-08 
 1.10575000e-06  3.29999999e+00  1.10575000e-06  3.29999999e+00  1.10575000e-06  0.00000000e+00  1.10575000e-06 -1.28396118e-08 
 1.10625000e-06  3.29999999e+00  1.10625000e-06  3.29999999e+00  1.10625000e-06  0.00000000e+00  1.10625000e-06 -1.26432684e-08 
 1.10675000e-06  3.29999999e+00  1.10675000e-06  3.29999999e+00  1.10675000e-06  0.00000000e+00  1.10675000e-06 -1.24526078e-08 
 1.10725000e-06  3.29999999e+00  1.10725000e-06  3.29999999e+00  1.10725000e-06  0.00000000e+00  1.10725000e-06 -1.22676124e-08 
 1.10775000e-06  3.29999999e+00  1.10775000e-06  3.29999999e+00  1.10775000e-06  0.00000000e+00  1.10775000e-06 -1.20878141e-08 
 1.10825000e-06  3.29999999e+00  1.10825000e-06  3.29999999e+00  1.10825000e-06  0.00000000e+00  1.10825000e-06 -1.19132221e-08 
 1.10875000e-06  3.29999999e+00  1.10875000e-06  3.29999999e+00  1.10875000e-06  0.00000000e+00  1.10875000e-06 -1.17433937e-08 
 1.10925000e-06  3.29999999e+00  1.10925000e-06  3.29999999e+00  1.10925000e-06  0.00000000e+00  1.10925000e-06 -1.15783617e-08 
 1.10975000e-06  3.29999999e+00  1.10975000e-06  3.29999999e+00  1.10975000e-06  0.00000000e+00  1.10975000e-06 -1.14177055e-08 
 1.11025000e-06  3.29999999e+00  1.11025000e-06  3.29999999e+00  1.11025000e-06  0.00000000e+00  1.11025000e-06 -1.12614783e-08 
 1.11075000e-06  3.29999999e+00  1.11075000e-06  3.29999999e+00  1.11075000e-06  0.00000000e+00  1.11075000e-06 -1.11092788e-08 
 1.11125000e-06  3.29999999e+00  1.11125000e-06  3.29999999e+00  1.11125000e-06  0.00000000e+00  1.11125000e-06 -1.09611782e-08 
 1.11175000e-06  3.29999999e+00  1.11175000e-06  3.29999999e+00  1.11175000e-06  0.00000000e+00  1.11175000e-06 -1.08167919e-08 
 1.11225000e-06  3.29999999e+00  1.11225000e-06  3.29999999e+00  1.11225000e-06  0.00000000e+00  1.11225000e-06 -1.06762071e-08 
 1.11275000e-06  3.29999999e+00  1.11275000e-06  3.29999999e+00  1.11275000e-06  0.00000000e+00  1.11275000e-06 -1.05390538e-08 
 1.11325000e-06  3.29999999e+00  1.11325000e-06  3.29999999e+00  1.11325000e-06  0.00000000e+00  1.11325000e-06 -1.04054333e-08 
 1.11375000e-06  3.29999999e+00  1.11375000e-06  3.29999999e+00  1.11375000e-06  0.00000000e+00  1.11375000e-06 -1.02749886e-08 
 1.11425000e-06  3.29999999e+00  1.11425000e-06  3.29999999e+00  1.11425000e-06  0.00000000e+00  1.11425000e-06 -1.01478331e-08 
 1.11475000e-06  3.29999999e+00  1.11475000e-06  3.29999999e+00  1.11475000e-06  0.00000000e+00  1.11475000e-06 -1.00236217e-08 
 1.11525000e-06  3.29999999e+00  1.11525000e-06  3.29999999e+00  1.11525000e-06  0.00000000e+00  1.11525000e-06 -9.90247848e-09 
 1.11575000e-06  3.29999999e+00  1.11575000e-06  3.29999999e+00  1.11575000e-06  0.00000000e+00  1.11575000e-06 -9.78406854e-09 
 1.11625000e-06  3.29999999e+00  1.11625000e-06  3.29999999e+00  1.11625000e-06  0.00000000e+00  1.11625000e-06 -9.66852571e-09 
 1.11675000e-06  3.29999999e+00  1.11675000e-06  3.29999999e+00  1.11675000e-06  0.00000000e+00  1.11675000e-06 -9.55552423e-09 
 1.11725000e-06  3.29999999e+00  1.11725000e-06  3.29999999e+00  1.11725000e-06  0.00000000e+00  1.11725000e-06 -9.44520653e-09 
 1.11775000e-06  3.29999999e+00  1.11775000e-06  3.29999999e+00  1.11775000e-06  0.00000000e+00  1.11775000e-06 -9.33725496e-09 
 1.11825000e-06  3.29999999e+00  1.11825000e-06  3.29999999e+00  1.11825000e-06  0.00000000e+00  1.11825000e-06 -9.23181969e-09 
 1.11875000e-06  3.29999999e+00  1.11875000e-06  3.29999999e+00  1.11875000e-06  0.00000000e+00  1.11875000e-06 -9.12859033e-09 
 1.11925000e-06  3.29999999e+00  1.11925000e-06  3.29999999e+00  1.11925000e-06  0.00000000e+00  1.11925000e-06 -9.02772392e-09 
 1.11975000e-06  3.29999999e+00  1.11975000e-06  3.29999999e+00  1.11975000e-06  0.00000000e+00  1.11975000e-06 -8.92891662e-09 
 1.12000000e-06  3.29999999e+00  1.12000000e-06  3.29999999e+00  1.12000000e-06  0.00000000e+00  1.12000000e-06 -8.88039899e-09 
 1.12000552e-06  3.31272365e+00  1.12000552e-06  3.31271918e+00  1.12000552e-06  1.82136084e-01  1.12000552e-06  3.98160805e-04 
 1.12001656e-06  3.33707475e+00  1.12001656e-06  3.33706178e+00  1.12001656e-06  5.46408253e-01  1.12001656e-06  4.36238829e-04 
 1.12003863e-06  3.38145956e+00  1.12003863e-06  3.38143488e+00  1.12003863e-06  1.27495259e+00  1.12003863e-06  4.69337846e-04 
 1.12006108e-06  3.42633669e+00  1.12006108e-06  3.42613076e+00  1.12006108e-06  2.01573903e+00  1.12006108e-06  4.81750443e-04 
 1.12010000e-06  3.48120409e+00  1.12010000e-06  3.48110717e+00  1.12010000e-06  3.30000000e+00  1.12010000e-06  2.98504726e-04 
 1.12010449e-06  3.48027475e+00  1.12010449e-06  3.48027018e+00  1.12010449e-06  3.30000000e+00  1.12010449e-06 -1.33418202e-05 
 1.12011347e-06  3.47734395e+00  1.12011347e-06  3.47760608e+00  1.12011347e-06  3.30000000e+00  1.12011347e-06 -3.95300097e-05 
 1.12013143e-06  3.46497424e+00  1.12013143e-06  3.46609571e+00  1.12013143e-06  3.30000000e+00  1.12013143e-06 -5.26896425e-05 
 1.12016734e-06  3.43241890e+00  1.12016734e-06  3.43543884e+00  1.12016734e-06  3.30000000e+00  1.12016734e-06 -7.17931125e-05 
 1.12021812e-06  3.26222347e+00  1.12021812e-06  3.25553176e+00  1.12021812e-06  3.30000000e+00  1.12021812e-06 -1.01315141e-04 
 1.12026973e-06  3.00245240e+00  1.12026973e-06  2.95959731e+00  1.12026973e-06  3.30000000e+00  1.12026973e-06 -1.25131133e-04 
 1.12033456e-06  2.64375848e+00  1.12033456e-06  2.58326355e+00  1.12033456e-06  3.30000000e+00  1.12033456e-06 -1.01167542e-04 
 1.12041920e-06  2.23374607e+00  1.12041920e-06  2.14271184e+00  1.12041920e-06  3.30000000e+00  1.12041920e-06 -1.71148500e-04 
 1.12053125e-06  1.93601582e+00  1.12053125e-06  1.71502512e+00  1.12053125e-06  3.30000000e+00  1.12053125e-06 -2.18039440e-04 
 1.12067187e-06  2.15235266e+00  1.12067187e-06  1.21715522e+00  1.12067187e-06  3.30000000e+00  1.12067187e-06 -3.24197726e-04 
 1.12081150e-06  2.71331903e+00  1.12081150e-06  7.69312816e-01  1.12081150e-06  3.30000000e+00  1.12081150e-06 -2.46503409e-04 
 1.12092856e-06  3.06681519e+00  1.12092856e-06  4.94392386e-01  1.12092856e-06  3.30000000e+00  1.12092856e-06 -1.74645815e-04 
 1.12105662e-06  3.21573454e+00  1.12105662e-06  2.63532769e-01  1.12105662e-06  3.30000000e+00  1.12105662e-06 -4.66937844e-05 
 1.12125970e-06  3.27998091e+00  1.12125970e-06  7.89463249e-02  1.12125970e-06  3.30000000e+00  1.12125970e-06 -4.14277120e-05 
 1.12148468e-06  3.29472304e+00  1.12148468e-06  1.63781349e-02  1.12148468e-06  3.30000000e+00  1.12148468e-06  1.74595613e-05 
 1.12177575e-06  3.29981892e+00  1.12177575e-06  1.85797942e-03  1.12177575e-06  3.30000000e+00  1.12177575e-06 -2.24075531e-05 
 1.12209292e-06  3.29987285e+00  1.12209292e-06 -3.55062304e-04  1.12209292e-06  3.30000000e+00  1.12209292e-06  2.20248052e-05 
 1.12259292e-06  3.30008471e+00  1.12259292e-06  3.62552015e-04  1.12259292e-06  3.30000000e+00  1.12259292e-06 -2.20216968e-05 
 1.12309292e-06  3.29993698e+00  1.12309292e-06 -3.41969426e-04  1.12309292e-06  3.30000000e+00  1.12309292e-06  2.20055803e-05 
 1.12359292e-06  3.30004968e+00  1.12359292e-06  3.22703198e-04  1.12359292e-06  3.30000000e+00  1.12359292e-06 -2.19859051e-05 
 1.12409292e-06  3.29995866e+00  1.12409292e-06 -3.00620717e-04  1.12409292e-06  3.30000000e+00  1.12409292e-06  2.19648753e-05 
 1.12459292e-06  3.30003540e+00  1.12459292e-06  2.83499318e-04  1.12459292e-06  3.30000000e+00  1.12459292e-06 -2.19441457e-05 
 1.12509292e-06  3.29996871e+00  1.12509292e-06 -2.64243770e-04  1.12509292e-06  3.30000000e+00  1.12509292e-06  2.19238060e-05 
 1.12559292e-06  3.30002795e+00  1.12559292e-06  2.49450804e-04  1.12559292e-06  3.30000000e+00  1.12559292e-06 -2.19045599e-05 
 1.12609292e-06  3.29997458e+00  1.12609292e-06 -2.32531183e-04  1.12609292e-06  3.30000000e+00  1.12609292e-06  2.18861257e-05 
 1.12659292e-06  3.30002312e+00  1.12659292e-06  2.19665932e-04  1.12659292e-06  3.30000000e+00  1.12659292e-06 -2.18689281e-05 
 1.12709292e-06  3.29997874e+00  1.12709292e-06 -2.04724604e-04  1.12709292e-06  3.30000000e+00  1.12709292e-06  2.18525923e-05 
 1.12759292e-06  3.30001945e+00  1.12759292e-06  1.93531943e-04  1.12759292e-06  3.30000000e+00  1.12759292e-06 -2.18374369e-05 
 1.12809292e-06  3.29998204e+00  1.12809292e-06 -1.80319933e-04  1.12809292e-06  3.30000000e+00  1.12809292e-06  2.18230773e-05 
 1.12859292e-06  3.30001645e+00  1.12859292e-06  1.70603467e-04  1.12859292e-06  3.30000000e+00  1.12859292e-06 -2.18097861e-05 
 1.12909292e-06  3.29998481e+00  1.12909292e-06 -1.58914246e-04  1.12909292e-06  3.30000000e+00  1.12909292e-06  2.17971956e-05 
 1.12959292e-06  3.30001390e+00  1.12959292e-06  1.50501624e-04  1.12959292e-06  3.30000000e+00  1.12959292e-06 -2.17855545e-05 
 1.13009292e-06  3.29998717e+00  1.13009292e-06 -1.40151540e-04  1.13009292e-06  3.30000000e+00  1.13009292e-06  2.17745186e-05 
 1.13059292e-06  3.30001172e+00  1.13059292e-06  1.32886511e-04  1.13059292e-06  3.30000000e+00  1.13059292e-06 -2.17643215e-05 
 1.13109292e-06  3.29998919e+00  1.13109292e-06 -1.23710483e-04  1.13109292e-06  3.30000000e+00  1.13109292e-06  2.17546429e-05 
 1.13159292e-06  3.30000986e+00  1.13159292e-06  1.17451932e-04  1.13159292e-06  3.30000000e+00  1.13159292e-06 -2.17457047e-05 
 1.13209292e-06  3.29999092e+00  1.13209292e-06 -1.09302573e-04  1.13209292e-06  3.30000000e+00  1.13209292e-06  2.17372085e-05 
 1.13259292e-06  3.30000827e+00  1.13259292e-06  1.03924458e-04  1.13259292e-06  3.30000000e+00  1.13259292e-06 -2.17293669e-05 
 1.13309292e-06  3.29999239e+00  1.13309292e-06 -9.66713522e-05  1.13309292e-06  3.30000000e+00  1.13309292e-06  2.17219007e-05 
 1.13359292e-06  3.30000692e+00  1.13359292e-06  9.20622031e-05  1.13359292e-06  3.30000000e+00  1.13359292e-06 -2.17150145e-05 
 1.13409292e-06  3.29999364e+00  1.13409292e-06 -8.55907916e-05  1.13409292e-06  3.30000000e+00  1.13409292e-06  2.17084460e-05 
 1.13459292e-06  3.30000577e+00  1.13459292e-06  8.16527213e-05  1.13459292e-06  3.30000000e+00  1.13459292e-06 -2.17023926e-05 
 1.13509292e-06  3.29999471e+00  1.13509292e-06 -7.58628738e-05  1.13509292e-06  3.30000000e+00  1.13509292e-06  2.16966071e-05 
 1.13559292e-06  3.30000479e+00  1.13559292e-06  7.25103230e-05  1.13559292e-06  3.30000000e+00  1.13559292e-06 -2.16912804e-05 
 1.13609292e-06  3.29999561e+00  1.13609292e-06 -6.73147972e-05  1.13609292e-06  3.30000000e+00  1.13609292e-06  2.16861783e-05 
 1.13659292e-06  3.30000396e+00  1.13659292e-06  6.44731930e-05  1.13659292e-06  3.30000000e+00  1.13659292e-06 -2.16814862e-05 
 1.13709292e-06  3.29999637e+00  1.13709292e-06 -5.97961159e-05  1.13709292e-06  3.30000000e+00  1.13709292e-06  2.16769813e-05 
 1.13759292e-06  3.30000326e+00  1.13759292e-06  5.73965140e-05  1.13759292e-06  3.30000000e+00  1.13759292e-06 -2.16728444e-05 
 1.13809292e-06  3.29999702e+00  1.13809292e-06 -5.31810738e-05  1.13809292e-06  3.30000000e+00  1.13809292e-06  2.16688615e-05 
 1.13859292e-06  3.30000267e+00  1.13859292e-06  5.11659813e-05  1.13859292e-06  3.30000000e+00  1.13859292e-06 -2.16652094e-05 
 1.13909292e-06  3.29999756e+00  1.13909292e-06 -4.73445983e-05  1.13909292e-06  3.30000000e+00  1.13909292e-06  2.16616839e-05 
 1.13959292e-06  3.30000218e+00  1.13959292e-06  4.56723050e-05  1.13959292e-06  3.30000000e+00  1.13959292e-06 -2.16584569e-05 
 1.14009292e-06  3.29999802e+00  1.14009292e-06 -4.21946504e-05  1.14009292e-06  3.30000000e+00  1.14009292e-06  2.16553319e-05 
 1.14059292e-06  3.30000176e+00  1.14059292e-06  4.08219803e-05  1.14059292e-06  3.30000000e+00  1.14059292e-06 -2.16524776e-05 
 1.14109292e-06  3.29999840e+00  1.14109292e-06 -3.76451233e-05  1.14109292e-06  3.30000000e+00  1.14109292e-06  2.16497039e-05 
 1.14159292e-06  3.30000141e+00  1.14159292e-06  3.65311379e-05  1.14159292e-06  3.30000000e+00  1.14159292e-06 -2.16471770e-05 
 1.14209292e-06  3.29999872e+00  1.14209292e-06 -3.36235638e-05  1.14209292e-06  3.30000000e+00  1.14209292e-06  2.16447120e-05 
 1.14259292e-06  3.30000112e+00  1.14259292e-06  3.27360669e-05  1.14259292e-06  3.30000000e+00  1.14259292e-06 -2.16424722e-05 
 1.14309292e-06  3.29999899e+00  1.14309292e-06 -3.00602534e-05  1.14309292e-06  3.30000000e+00  1.14309292e-06  2.16402784e-05 
 1.14359292e-06  3.30000087e+00  1.14359292e-06  2.93760382e-05  1.14359292e-06  3.30000000e+00  1.14359292e-06 -2.16382911e-05 
 1.14409292e-06  3.29999922e+00  1.14409292e-06 -2.69015324e-05  1.14409292e-06  3.30000000e+00  1.14409292e-06  2.16363357e-05 
 1.14459292e-06  3.30000067e+00  1.14459292e-06  2.63952781e-05  1.14459292e-06  3.30000000e+00  1.14459292e-06 -2.16345707e-05 
 1.14509292e-06  3.29999940e+00  1.14509292e-06 -2.40977023e-05  1.14509292e-06  3.30000000e+00  1.14509292e-06  2.16328254e-05 
 1.14559292e-06  3.30000050e+00  1.14559292e-06  2.37477740e-05  1.14559292e-06  3.30000000e+00  1.14559292e-06 -2.16312564e-05 
 1.14609292e-06  3.29999956e+00  1.14609292e-06 -2.16059403e-05  1.14609292e-06  3.30000000e+00  1.14609292e-06  2.16296964e-05 
 1.14659292e-06  3.30000036e+00  1.14659292e-06  2.13926024e-05  1.14659292e-06  3.30000000e+00  1.14659292e-06 -2.16283004e-05 
 1.14709292e-06  3.29999968e+00  1.14709292e-06 -1.93883408e-05  1.14709292e-06  3.30000000e+00  1.14709292e-06  2.16269042e-05 
 1.14759292e-06  3.30000025e+00  1.14759292e-06  1.92958149e-05  1.14759292e-06  3.30000000e+00  1.14759292e-06 -2.16256611e-05 
 1.14809292e-06  3.29999979e+00  1.14809292e-06 -1.74138730e-05  1.14809292e-06  3.30000000e+00  1.14809292e-06  2.16244096e-05 
 1.14859292e-06  3.30000009e+00  1.14859292e-06  1.84095267e-05  1.14859292e-06  3.30000000e+00  1.14859292e-06 -2.16233162e-05 
 1.14909292e-06  3.29999967e+00  1.14909292e-06 -1.39140158e-05  1.14909292e-06  3.30000000e+00  1.14909292e-06  2.16220054e-05 
 1.14959292e-06  3.29999988e+00  1.14959292e-06  1.72844703e-05  1.14959292e-06  3.30000000e+00  1.14959292e-06 -2.16213431e-05 
 1.15009292e-06  3.29999977e+00  1.15009292e-06 -1.26052699e-05  1.15009292e-06  3.30000000e+00  1.15009292e-06  2.16200382e-05 
 1.15059292e-06  3.29999984e+00  1.15059292e-06  1.57002469e-05  1.15059292e-06  3.30000000e+00  1.15059292e-06 -2.16194308e-05 
 1.15109292e-06  3.29999983e+00  1.15109292e-06 -1.13180663e-05  1.15109292e-06  3.30000000e+00  1.15109292e-06  2.16182515e-05 
 1.15159292e-06  3.29999982e+00  1.15159292e-06  1.42547476e-05  1.15159292e-06  3.30000000e+00  1.15159292e-06 -2.16177139e-05 
 1.15209292e-06  3.29999988e+00  1.15209292e-06 -1.01630646e-05  1.15209292e-06  3.30000000e+00  1.15209292e-06  2.16166495e-05 
 1.15259292e-06  3.29999980e+00  1.15259292e-06  1.29565320e-05  1.15259292e-06  3.30000000e+00  1.15259292e-06 -2.16161744e-05 
 1.15309292e-06  3.29999993e+00  1.15309292e-06 -9.13070989e-06  1.15309292e-06  3.30000000e+00  1.15309292e-06  2.16152119e-05 
 1.15359292e-06  3.29999978e+00  1.15359292e-06  1.17903514e-05  1.15359292e-06  3.30000000e+00  1.15359292e-06 -2.16147919e-05 
 1.15409292e-06  3.29999996e+00  1.15409292e-06 -8.20635532e-06  1.15409292e-06  3.30000000e+00  1.15409292e-06  2.16139190e-05 
 1.15459292e-06  3.29999977e+00  1.15459292e-06  1.07406164e-05  1.15459292e-06  3.30000000e+00  1.15459292e-06 -2.16135476e-05 
 1.15509292e-06  3.29999999e+00  1.15509292e-06 -7.37927012e-06  1.15509292e-06  3.30000000e+00  1.15509292e-06  2.16127559e-05 
 1.15559292e-06  3.29999976e+00  1.15559292e-06  9.79535848e-06  1.15559292e-06  3.30000000e+00  1.15559292e-06 -2.16124273e-05 
 1.15609292e-06  3.30000002e+00  1.15609292e-06 -6.63772565e-06  1.15609292e-06  3.30000000e+00  1.15609292e-06  2.16117080e-05 
 1.15659292e-06  3.29999976e+00  1.15659292e-06  8.94330444e-06  1.15659292e-06  3.30000000e+00  1.15659292e-06 -2.16114173e-05 
 1.15709292e-06  3.30000004e+00  1.15709292e-06 -5.97209480e-06  1.15709292e-06  3.30000000e+00  1.15709292e-06  2.16107629e-05 
 1.15759292e-06  3.29999976e+00  1.15759292e-06  8.17439908e-06  1.15759292e-06  3.30000000e+00  1.15759292e-06 -2.16105057e-05 
 1.15809292e-06  3.30000005e+00  1.15809292e-06 -5.37393981e-06  1.15809292e-06  3.30000000e+00  1.15809292e-06  2.16099094e-05 
 1.15859292e-06  3.29999977e+00  1.15859292e-06  7.47982582e-06  1.15859292e-06  3.30000000e+00  1.15859292e-06 -2.16096820e-05 
 1.15909292e-06  3.30000006e+00  1.15909292e-06 -4.83584840e-06  1.15909292e-06  3.30000000e+00  1.15909292e-06  2.16091380e-05 
 1.15959292e-06  3.29999977e+00  1.15959292e-06  6.85181572e-06  1.15959292e-06  3.30000000e+00  1.15959292e-06 -2.16089370e-05 
 1.16009292e-06  3.30000007e+00  1.16009292e-06 -4.35128144e-06  1.16009292e-06  3.30000000e+00  1.16009292e-06  2.16084400e-05 
 1.16059292e-06  3.29999978e+00  1.16059292e-06  6.28347218e-06  1.16059292e-06  3.30000000e+00  1.16059292e-06 -2.16082626e-05 
 1.16109292e-06  3.30000007e+00  1.16109292e-06 -3.91446282e-06  1.16109292e-06  3.30000000e+00  1.16109292e-06  2.16078079e-05 
 1.16159292e-06  3.29999978e+00  1.16159292e-06  5.76866992e-06  1.16159292e-06  3.30000000e+00  1.16159292e-06 -2.16076515e-05 
 1.16209292e-06  3.30000008e+00  1.16209292e-06 -3.52028827e-06  1.16209292e-06  3.30000000e+00  1.16209292e-06  2.16072351e-05 
 1.16259292e-06  3.29999979e+00  1.16259292e-06  5.30196458e-06  1.16259292e-06  3.30000000e+00  1.16259292e-06 -2.16070974e-05 
 1.16309292e-06  3.30000008e+00  1.16309292e-06 -3.16424352e-06  1.16309292e-06  3.30000000e+00  1.16309292e-06  2.16067154e-05 
 1.16359292e-06  3.29999980e+00  1.16359292e-06  4.87851220e-06  1.16359292e-06  3.30000000e+00  1.16359292e-06 -2.16065945e-05 
 1.16409292e-06  3.30000008e+00  1.16409292e-06 -2.84233204e-06  1.16409292e-06  3.30000000e+00  1.16409292e-06  2.16062436e-05 
 1.16459292e-06  3.29999981e+00  1.16459292e-06  4.49399816e-06  1.16459292e-06  3.30000000e+00  1.16459292e-06 -2.16061377e-05 
 1.16509292e-06  3.30000008e+00  1.16509292e-06 -2.55101157e-06  1.16509292e-06  3.30000000e+00  1.16509292e-06  2.16058150e-05 
 1.16559292e-06  3.29999982e+00  1.16559292e-06  4.14457488e-06  1.16559292e-06  3.30000000e+00  1.16559292e-06 -2.16057225e-05 
 1.16609292e-06  3.30000008e+00  1.16609292e-06 -2.28713884e-06  1.16609292e-06  3.30000000e+00  1.16609292e-06  2.16054253e-05 
 1.16659292e-06  3.29999983e+00  1.16659292e-06  3.82680725e-06  1.16659292e-06  3.30000000e+00  1.16659292e-06 -2.16053448e-05 
 1.16709292e-06  3.30000008e+00  1.16709292e-06 -2.04792128e-06  1.16709292e-06  3.30000000e+00  1.16709292e-06  2.16050707e-05 
 1.16759292e-06  3.29999984e+00  1.16759292e-06  3.53762478e-06  1.16759292e-06  3.30000000e+00  1.16759292e-06 -2.16050011e-05 
 1.16809292e-06  3.30000007e+00  1.16809292e-06 -1.83087488e-06  1.16809292e-06  3.30000000e+00  1.16809292e-06  2.16047479e-05 
 1.16859292e-06  3.29999985e+00  1.16859292e-06  3.27427967e-06  1.16859292e-06  3.30000000e+00  1.16859292e-06 -2.16046880e-05 
 1.16909292e-06  3.30000007e+00  1.16909292e-06 -1.63378743e-06  1.16909292e-06  3.30000000e+00  1.16909292e-06  2.16044539e-05 
 1.16959292e-06  3.29999986e+00  1.16959292e-06  3.03431009e-06  1.16959292e-06  3.30000000e+00  1.16959292e-06 -2.16044027e-05 
 1.17009292e-06  3.30000007e+00  1.17009292e-06 -1.45468638e-06  1.17009292e-06  3.30000000e+00  1.17009292e-06  2.16041858e-05 
 1.17010000e-06  3.29999998e+00  1.17010000e-06  3.51292918e-07  1.17010000e-06  3.30000000e+00  1.17010000e-06 -2.16003786e-05 
 1.17010216e-06  3.29953513e+00  1.17010216e-06 -4.22591615e-04  1.17010216e-06  3.22873271e+00  1.17010216e-06 -2.86928526e-04 
 1.17010648e-06  3.29839258e+00  1.17010648e-06 -1.30148219e-03  1.17010648e-06  3.08619813e+00  1.17010648e-06 -2.70582957e-04 
 1.17011512e-06  3.29482464e+00  1.17011512e-06 -4.51026781e-03  1.17011512e-06  2.80112897e+00  1.17011512e-06 -2.72154597e-04 
 1.17013239e-06  3.27264682e+00  1.17013239e-06 -2.53161776e-02  1.17013239e-06  2.23099064e+00  1.17013239e-06 -4.31404690e-04 
 1.17015993e-06  3.24647470e+00  1.17015993e-06 -4.16102682e-02  1.17015993e-06  1.32245644e+00  1.17015993e-06 -6.17016569e-04 
 1.17019530e-06  3.25447842e+00  1.17019530e-06  2.83721618e-02  1.17019530e-06  1.54978339e-01  1.17019530e-06 -1.12556830e-03 
 1.17020000e-06  3.25848763e+00  1.17020000e-06  4.62351123e-02  1.17020000e-06  0.00000000e+00  1.17020000e-06 -1.14473237e-03 
 1.17020138e-06  3.26231696e+00  1.17020138e-06  5.36836617e-02  1.17020138e-06  0.00000000e+00  1.17020138e-06 -7.95775877e-04 
 1.17020414e-06  3.26974744e+00  1.17020414e-06  6.85382241e-02  1.17020414e-06  0.00000000e+00  1.17020414e-06 -7.90118424e-04 
 1.17020965e-06  3.28334149e+00  1.17020965e-06  9.78758505e-02  1.17020965e-06  0.00000000e+00  1.17020965e-06 -7.80088078e-04 
 1.17022069e-06  3.30669514e+00  1.17022069e-06  1.55025784e-01  1.17022069e-06  0.00000000e+00  1.17022069e-06 -7.63578973e-04 
 1.17024276e-06  3.34220141e+00  1.17024276e-06  2.65647848e-01  1.17024276e-06  0.00000000e+00  1.17024276e-06 -7.35428487e-04 
 1.17028689e-06  3.38376472e+00  1.17028689e-06  4.85710040e-01  1.17028689e-06  0.00000000e+00  1.17028689e-06 -6.92802994e-04 
 1.17037517e-06  3.44661190e+00  1.17037517e-06  1.02376573e+00  1.17037517e-06  0.00000000e+00  1.17037517e-06 -5.64346981e-04 
 1.17046409e-06  3.49776626e+00  1.17046409e-06  1.64772354e+00  1.17046409e-06  0.00000000e+00  1.17046409e-06 -3.50516147e-04 
 1.17056840e-06  3.49953550e+00  1.17056840e-06  2.21805483e+00  1.17056840e-06  0.00000000e+00  1.17056840e-06 -1.96949821e-04 
 1.17066669e-06  3.44768537e+00  1.17066669e-06  2.58235617e+00  1.17066669e-06  0.00000000e+00  1.17066669e-06 -9.01522503e-05 
 1.17079404e-06  3.40172524e+00  1.17079404e-06  2.92096506e+00  1.17079404e-06  0.00000000e+00  1.17079404e-06 -5.17288367e-05 
 1.17091399e-06  3.35983647e+00  1.17091399e-06  3.11195378e+00  1.17091399e-06  0.00000000e+00  1.17091399e-06 -2.26861152e-05 
 1.17109135e-06  3.32450593e+00  1.17109135e-06  3.23994796e+00  1.17109135e-06  0.00000000e+00  1.17109135e-06 -1.10978938e-05 
 1.17129592e-06  3.30781094e+00  1.17129592e-06  3.28509950e+00  1.17129592e-06  0.00000000e+00  1.17129592e-06  4.10894626e-08 
 1.17169299e-06  3.29978850e+00  1.17169299e-06  3.30114828e+00  1.17169299e-06  0.00000000e+00  1.17169299e-06 -3.42957062e-06 
 1.17216356e-06  3.29999004e+00  1.17216356e-06  3.29978243e+00  1.17216356e-06  0.00000000e+00  1.17216356e-06  2.22337160e-06 
 1.17266356e-06  3.30001794e+00  1.17266356e-06  3.30005065e+00  1.17266356e-06  0.00000000e+00  1.17266356e-06 -3.14438199e-06 
 1.17316356e-06  3.29999439e+00  1.17316356e-06  3.29998800e+00  1.17316356e-06  0.00000000e+00  1.17316356e-06  2.51728229e-06 
 1.17366356e-06  3.30000388e+00  1.17366356e-06  3.30000376e+00  1.17366356e-06  0.00000000e+00  1.17366356e-06 -3.02310866e-06 
 1.17416356e-06  3.29999924e+00  1.17416356e-06  3.29999924e+00  1.17416356e-06  0.00000000e+00  1.17416356e-06  2.62011839e-06 
 1.17466356e-06  3.30000130e+00  1.17466356e-06  3.30000073e+00  1.17466356e-06  0.00000000e+00  1.17466356e-06 -2.96284152e-06 
 1.17516356e-06  3.29999987e+00  1.17516356e-06  3.29999995e+00  1.17516356e-06  0.00000000e+00  1.17516356e-06  2.67212427e-06 
 1.17566356e-06  3.30000065e+00  1.17566356e-06  3.30000032e+00  1.17566356e-06  0.00000000e+00  1.17566356e-06 -2.92836505e-06 
 1.17616356e-06  3.29999999e+00  1.17616356e-06  3.30000001e+00  1.17616356e-06  0.00000000e+00  1.17616356e-06  2.70300392e-06 
 1.17666356e-06  3.30000037e+00  1.17666356e-06  3.30000018e+00  1.17666356e-06  0.00000000e+00  1.17666356e-06 -2.90621248e-06 
 1.17716356e-06  3.30000003e+00  1.17716356e-06  3.30000002e+00  1.17716356e-06  0.00000000e+00  1.17716356e-06  2.72317464e-06 
 1.17766356e-06  3.30000023e+00  1.17766356e-06  3.30000011e+00  1.17766356e-06  0.00000000e+00  1.17766356e-06 -2.89081307e-06 
 1.17816356e-06  3.30000004e+00  1.17816356e-06  3.30000003e+00  1.17816356e-06  0.00000000e+00  1.17816356e-06  2.73725470e-06 
 1.17866356e-06  3.30000014e+00  1.17866356e-06  3.30000007e+00  1.17866356e-06  0.00000000e+00  1.17866356e-06 -2.87951326e-06 
 1.17916356e-06  3.30000005e+00  1.17916356e-06  3.30000002e+00  1.17916356e-06  0.00000000e+00  1.17916356e-06  2.74758581e-06 
 1.17966356e-06  3.30000010e+00  1.17966356e-06  3.30000004e+00  1.17966356e-06  0.00000000e+00  1.17966356e-06 -2.87089166e-06 
 1.18016356e-06  3.30000004e+00  1.18016356e-06  3.30000002e+00  1.18016356e-06  0.00000000e+00  1.18016356e-06  2.75546612e-06 
 1.18066356e-06  3.30000007e+00  1.18066356e-06  3.30000003e+00  1.18066356e-06  0.00000000e+00  1.18066356e-06 -2.86411551e-06 
 1.18116356e-06  3.30000004e+00  1.18116356e-06  3.30000001e+00  1.18116356e-06  0.00000000e+00  1.18116356e-06  2.76166508e-06 
 1.18166356e-06  3.30000005e+00  1.18166356e-06  3.30000002e+00  1.18166356e-06  0.00000000e+00  1.18166356e-06 -2.85866301e-06 
 1.18216356e-06  3.30000003e+00  1.18216356e-06  3.30000001e+00  1.18216356e-06  0.00000000e+00  1.18216356e-06  2.76666416e-06 
 1.18266356e-06  3.30000004e+00  1.18266356e-06  3.30000001e+00  1.18266356e-06  0.00000000e+00  1.18266356e-06 -2.85419006e-06 
 1.18316356e-06  3.30000003e+00  1.18316356e-06  3.30000001e+00  1.18316356e-06  0.00000000e+00  1.18316356e-06  2.77077796e-06 
 1.18366356e-06  3.30000003e+00  1.18366356e-06  3.30000001e+00  1.18366356e-06  0.00000000e+00  1.18366356e-06 -2.85046069e-06 
 1.18416356e-06  3.30000002e+00  1.18416356e-06  3.30000000e+00  1.18416356e-06  0.00000000e+00  1.18416356e-06  2.77422076e-06 
 1.18466356e-06  3.30000002e+00  1.18466356e-06  3.30000000e+00  1.18466356e-06  0.00000000e+00  1.18466356e-06 -2.84730795e-06 
 1.18516356e-06  3.30000002e+00  1.18516356e-06  3.30000000e+00  1.18516356e-06  0.00000000e+00  1.18516356e-06  2.77714298e-06 
 1.18566356e-06  3.30000002e+00  1.18566356e-06  3.30000000e+00  1.18566356e-06  0.00000000e+00  1.18566356e-06 -2.84461055e-06 
 1.18616356e-06  3.30000001e+00  1.18616356e-06  3.30000000e+00  1.18616356e-06  0.00000000e+00  1.18616356e-06  2.77965327e-06 
 1.18666356e-06  3.30000001e+00  1.18666356e-06  3.30000000e+00  1.18666356e-06  0.00000000e+00  1.18666356e-06 -2.84227846e-06 
 1.18716356e-06  3.30000001e+00  1.18716356e-06  3.30000000e+00  1.18716356e-06  0.00000000e+00  1.18716356e-06  2.78183211e-06 
 1.18766356e-06  3.30000001e+00  1.18766356e-06  3.30000000e+00  1.18766356e-06  0.00000000e+00  1.18766356e-06 -2.84024353e-06 
 1.18816356e-06  3.30000001e+00  1.18816356e-06  3.30000000e+00  1.18816356e-06  0.00000000e+00  1.18816356e-06  2.78374034e-06 
 1.18866356e-06  3.30000001e+00  1.18866356e-06  3.30000000e+00  1.18866356e-06  0.00000000e+00  1.18866356e-06 -2.83845335e-06 
 1.18916356e-06  3.30000000e+00  1.18916356e-06  3.30000000e+00  1.18916356e-06  0.00000000e+00  1.18916356e-06  2.78542483e-06 
 1.18966356e-06  3.30000000e+00  1.18966356e-06  3.30000000e+00  1.18966356e-06  0.00000000e+00  1.18966356e-06 -2.83686699e-06 
 1.19016356e-06  3.30000000e+00  1.19016356e-06  3.30000000e+00  1.19016356e-06  0.00000000e+00  1.19016356e-06  2.78692226e-06 
 1.19066356e-06  3.30000000e+00  1.19066356e-06  3.29999999e+00  1.19066356e-06  0.00000000e+00  1.19066356e-06 -2.83545205e-06 
 1.19116356e-06  3.30000000e+00  1.19116356e-06  3.29999999e+00  1.19116356e-06  0.00000000e+00  1.19116356e-06  2.78826176e-06 
 1.19166356e-06  3.30000000e+00  1.19166356e-06  3.29999999e+00  1.19166356e-06  0.00000000e+00  1.19166356e-06 -2.83418257e-06 
 1.19216356e-06  3.30000000e+00  1.19216356e-06  3.29999999e+00  1.19216356e-06  0.00000000e+00  1.19216356e-06  2.78946675e-06 
 1.19266356e-06  3.30000000e+00  1.19266356e-06  3.29999999e+00  1.19266356e-06  0.00000000e+00  1.19266356e-06 -2.83303756e-06 
 1.19316356e-06  3.30000000e+00  1.19316356e-06  3.29999999e+00  1.19316356e-06  0.00000000e+00  1.19316356e-06  2.79055625e-06 
 1.19366356e-06  3.30000000e+00  1.19366356e-06  3.29999999e+00  1.19366356e-06  0.00000000e+00  1.19366356e-06 -2.83199980e-06 
 1.19416356e-06  3.30000000e+00  1.19416356e-06  3.29999999e+00  1.19416356e-06  0.00000000e+00  1.19416356e-06  2.79154588e-06 
 1.19466356e-06  3.30000000e+00  1.19466356e-06  3.29999999e+00  1.19466356e-06  0.00000000e+00  1.19466356e-06 -2.83105511e-06 
 1.19516356e-06  3.30000000e+00  1.19516356e-06  3.29999999e+00  1.19516356e-06  0.00000000e+00  1.19516356e-06  2.79244861e-06 
 1.19566356e-06  3.30000000e+00  1.19566356e-06  3.29999999e+00  1.19566356e-06  0.00000000e+00  1.19566356e-06 -2.83019168e-06 
 1.19616356e-06  3.30000000e+00  1.19616356e-06  3.29999999e+00  1.19616356e-06  0.00000000e+00  1.19616356e-06  2.79327525e-06 
 1.19666356e-06  3.30000000e+00  1.19666356e-06  3.29999999e+00  1.19666356e-06  0.00000000e+00  1.19666356e-06 -2.82939958e-06 
 1.19716356e-06  3.30000000e+00  1.19716356e-06  3.29999999e+00  1.19716356e-06  0.00000000e+00  1.19716356e-06  2.79403490e-06 
 1.19766356e-06  3.30000000e+00  1.19766356e-06  3.29999999e+00  1.19766356e-06  0.00000000e+00  1.19766356e-06 -2.82867045e-06 
 1.19816356e-06  3.29999999e+00  1.19816356e-06  3.29999999e+00  1.19816356e-06  0.00000000e+00  1.19816356e-06  2.79473530e-06 
 1.19866356e-06  3.29999999e+00  1.19866356e-06  3.29999999e+00  1.19866356e-06  0.00000000e+00  1.19866356e-06 -2.82799715e-06 
 1.19916356e-06  3.29999999e+00  1.19916356e-06  3.29999999e+00  1.19916356e-06  0.00000000e+00  1.19916356e-06  2.79538302e-06 
 1.19966356e-06  3.29999999e+00  1.19966356e-06  3.29999999e+00  1.19966356e-06  0.00000000e+00  1.19966356e-06 -2.82737359e-06 
 1.20000000e-06  3.29999999e+00  1.20000000e-06  3.29999999e+00  1.20000000e-06  0.00000000e+00  1.20000000e-06  2.79588845e-06 
 1.20005000e-06  3.29999999e+00  1.20005000e-06  3.29999999e+00  1.20005000e-06  0.00000000e+00  1.20005000e-06 -1.56146659e-08 
 1.20015000e-06  3.29999999e+00  1.20015000e-06  3.29999999e+00  1.20015000e-06  0.00000000e+00  1.20015000e-06 -1.55567178e-08 
 1.20035000e-06  3.29999999e+00  1.20035000e-06  3.29999999e+00  1.20035000e-06  0.00000000e+00  1.20035000e-06 -1.54408365e-08 
 1.20075000e-06  3.29999999e+00  1.20075000e-06  3.29999999e+00  1.20075000e-06  0.00000000e+00  1.20075000e-06 -1.52141291e-08 
 1.20125000e-06  3.29999999e+00  1.20125000e-06  3.29999999e+00  1.20125000e-06  0.00000000e+00  1.20125000e-06 -1.49397518e-08 
 1.20175000e-06  3.29999999e+00  1.20175000e-06  3.29999999e+00  1.20175000e-06  0.00000000e+00  1.20175000e-06 -1.46747925e-08 
 1.20225000e-06  3.29999999e+00  1.20225000e-06  3.29999999e+00  1.20225000e-06  0.00000000e+00  1.20225000e-06 -1.44189013e-08 
 1.20275000e-06  3.29999999e+00  1.20275000e-06  3.29999999e+00  1.20275000e-06  0.00000000e+00  1.20275000e-06 -1.41714789e-08 
 1.20325000e-06  3.29999999e+00  1.20325000e-06  3.29999999e+00  1.20325000e-06  0.00000000e+00  1.20325000e-06 -1.39322850e-08 
 1.20375000e-06  3.29999999e+00  1.20375000e-06  3.29999999e+00  1.20375000e-06  0.00000000e+00  1.20375000e-06 -1.37007380e-08 
 1.20425000e-06  3.29999999e+00  1.20425000e-06  3.29999999e+00  1.20425000e-06  0.00000000e+00  1.20425000e-06 -1.34766756e-08 
 1.20475000e-06  3.29999999e+00  1.20475000e-06  3.29999999e+00  1.20475000e-06  0.00000000e+00  1.20475000e-06 -1.32595433e-08 
 1.20525000e-06  3.29999999e+00  1.20525000e-06  3.29999999e+00  1.20525000e-06  0.00000000e+00  1.20525000e-06 -1.30492362e-08 
 1.20575000e-06  3.29999999e+00  1.20575000e-06  3.29999999e+00  1.20575000e-06  0.00000000e+00  1.20575000e-06 -1.28452296e-08 
 1.20625000e-06  3.29999999e+00  1.20625000e-06  3.29999999e+00  1.20625000e-06  0.00000000e+00  1.20625000e-06 -1.26474630e-08 
 1.20675000e-06  3.29999999e+00  1.20675000e-06  3.29999999e+00  1.20675000e-06  0.00000000e+00  1.20675000e-06 -1.24554407e-08 
 1.20725000e-06  3.29999999e+00  1.20725000e-06  3.29999999e+00  1.20725000e-06  0.00000000e+00  1.20725000e-06 -1.22691382e-08 
 1.20775000e-06  3.29999999e+00  1.20775000e-06  3.29999999e+00  1.20775000e-06  0.00000000e+00  1.20775000e-06 -1.20880864e-08 
 1.20825000e-06  3.29999999e+00  1.20825000e-06  3.29999999e+00  1.20825000e-06  0.00000000e+00  1.20825000e-06 -1.19122905e-08 
 1.20875000e-06  3.29999999e+00  1.20875000e-06  3.29999999e+00  1.20875000e-06  0.00000000e+00  1.20875000e-06 -1.17413057e-08 
 1.20925000e-06  3.29999999e+00  1.20925000e-06  3.29999999e+00  1.20925000e-06  0.00000000e+00  1.20925000e-06 -1.15751621e-08 
 1.20975000e-06  3.29999999e+00  1.20975000e-06  3.29999999e+00  1.20975000e-06  0.00000000e+00  1.20975000e-06 -1.14134365e-08 
 1.21025000e-06  3.29999999e+00  1.21025000e-06  3.29999999e+00  1.21025000e-06  0.00000000e+00  1.21025000e-06 -1.12561805e-08 
 1.21075000e-06  3.29999999e+00  1.21075000e-06  3.29999999e+00  1.21075000e-06  0.00000000e+00  1.21075000e-06 -1.11029900e-08 
 1.21125000e-06  3.29999999e+00  1.21125000e-06  3.29999999e+00  1.21125000e-06  0.00000000e+00  1.21125000e-06 -1.09539351e-08 
 1.21175000e-06  3.29999999e+00  1.21175000e-06  3.29999999e+00  1.21175000e-06  0.00000000e+00  1.21175000e-06 -1.08086285e-08 
 1.21225000e-06  3.29999999e+00  1.21225000e-06  3.29999999e+00  1.21225000e-06  0.00000000e+00  1.21225000e-06 -1.06671566e-08 
 1.21275000e-06  3.29999999e+00  1.21275000e-06  3.29999999e+00  1.21275000e-06  0.00000000e+00  1.21275000e-06 -1.05291470e-08 
 1.21325000e-06  3.29999999e+00  1.21325000e-06  3.29999999e+00  1.21325000e-06  0.00000000e+00  1.21325000e-06 -1.03947002e-08 
 1.21375000e-06  3.29999999e+00  1.21375000e-06  3.29999999e+00  1.21375000e-06  0.00000000e+00  1.21375000e-06 -1.02634571e-08 
 1.21425000e-06  3.29999999e+00  1.21425000e-06  3.29999999e+00  1.21425000e-06  0.00000000e+00  1.21425000e-06 -1.01355307e-08 
 1.21475000e-06  3.29999999e+00  1.21475000e-06  3.29999999e+00  1.21475000e-06  0.00000000e+00  1.21475000e-06 -1.00105735e-08 
 1.21525000e-06  3.29999999e+00  1.21525000e-06  3.29999999e+00  1.21525000e-06  0.00000000e+00  1.21525000e-06 -9.88870952e-09 
 1.21575000e-06  3.29999999e+00  1.21575000e-06  3.29999999e+00  1.21575000e-06  0.00000000e+00  1.21575000e-06 -9.76960171e-09 
 1.21625000e-06  3.29999999e+00  1.21625000e-06  3.29999999e+00  1.21625000e-06  0.00000000e+00  1.21625000e-06 -9.65338393e-09 
 1.21675000e-06  3.29999999e+00  1.21675000e-06  3.29999999e+00  1.21675000e-06  0.00000000e+00  1.21675000e-06 -9.53972831e-09 
 1.21725000e-06  3.29999999e+00  1.21725000e-06  3.29999999e+00  1.21725000e-06  0.00000000e+00  1.21725000e-06 -9.42877747e-09 
 1.21775000e-06  3.29999999e+00  1.21775000e-06  3.29999999e+00  1.21775000e-06  0.00000000e+00  1.21775000e-06 -9.32021176e-09 
 1.21825000e-06  3.29999999e+00  1.21825000e-06  3.29999999e+00  1.21825000e-06  0.00000000e+00  1.21825000e-06 -9.21418160e-09 
 1.21875000e-06  3.29999999e+00  1.21875000e-06  3.29999999e+00  1.21875000e-06  0.00000000e+00  1.21875000e-06 -9.11037472e-09 
 1.21925000e-06  3.29999999e+00  1.21925000e-06  3.29999999e+00  1.21925000e-06  0.00000000e+00  1.21925000e-06 -9.00894851e-09 
 1.21975000e-06  3.29999999e+00  1.21975000e-06  3.29999999e+00  1.21975000e-06  0.00000000e+00  1.21975000e-06 -8.90959732e-09 
 1.22000000e-06  3.29999999e+00  1.22000000e-06  3.29999999e+00  1.22000000e-06  0.00000000e+00  1.22000000e-06 -8.86081413e-09 
 1.22001000e-06  3.32225890e+00  1.22001000e-06  3.32225205e+00  1.22001000e-06  3.30000000e-01  1.22001000e-06  4.12711226e-04 
 1.22003000e-06  3.36412758e+00  1.22003000e-06  3.36410929e+00  1.22003000e-06  9.90000000e-01  1.22003000e-06  4.61721473e-04 
 1.22007000e-06  3.44578283e+00  1.22007000e-06  3.44563318e+00  1.22007000e-06  2.31000000e+00  1.22007000e-06  4.58388925e-04 
 1.22010000e-06  3.48372330e+00  1.22010000e-06  3.48368568e+00  1.22010000e-06  3.30000000e+00  1.22010000e-06  2.92584836e-04 
 1.22010413e-06  3.48283496e+00  1.22010413e-06  3.48289010e+00  1.22010413e-06  3.30000000e+00  1.22010413e-06 -1.07806648e-05 
 1.22011240e-06  3.48017743e+00  1.22011240e-06  3.48050333e+00  1.22011240e-06  3.30000000e+00  1.22011240e-06 -3.84066921e-05 
 1.22012892e-06  3.46924196e+00  1.22012892e-06  3.47051316e+00  1.22012892e-06  3.30000000e+00  1.22012892e-06 -5.26183699e-05 
 1.22016198e-06  3.43973781e+00  1.22016198e-06  3.44249769e+00  1.22016198e-06  3.30000000e+00  1.22016198e-06 -7.08931685e-05 
 1.22021264e-06  3.28645167e+00  1.22021264e-06  3.28002572e+00  1.22021264e-06  3.30000000e+00  1.22021264e-06 -9.41397112e-05 
 1.22026451e-06  3.03730395e+00  1.22026451e-06  2.98917192e+00  1.22026451e-06  3.30000000e+00  1.22026451e-06 -1.28793097e-04 
 1.22033259e-06  2.66102713e+00  1.22033259e-06  2.58943722e+00  1.22033259e-06  3.30000000e+00  1.22033259e-06 -9.82468609e-05 
 1.22041363e-06  2.26615956e+00  1.22041363e-06  2.16172588e+00  1.22041363e-06  3.30000000e+00  1.22041363e-06 -1.69124116e-04 
 1.22055251e-06  1.96412877e+00  1.22055251e-06  1.60980284e+00  1.22055251e-06  3.30000000e+00  1.22055251e-06 -2.29168131e-04 
 1.22067791e-06  2.26732447e+00  1.22067791e-06  1.13069331e+00  1.22067791e-06  3.30000000e+00  1.22067791e-06 -3.30090361e-04 
 1.22079335e-06  2.74377847e+00  1.22079335e-06  7.65073464e-01  1.22079335e-06  3.30000000e+00  1.22079335e-06 -2.34720411e-04 
 1.22091337e-06  3.08323817e+00  1.22091337e-06  4.84749684e-01  1.22091337e-06  3.30000000e+00  1.22091337e-06 -1.70618190e-04 
 1.22104066e-06  3.21898387e+00  1.22104066e-06  2.54515490e-01  1.22104066e-06  3.30000000e+00  1.22104066e-06 -4.15094351e-05 
 1.22122316e-06  3.27671701e+00  1.22122316e-06  8.92625728e-02  1.22122316e-06  3.30000000e+00  1.22122316e-06 -4.68998551e-05 
 1.22146858e-06  3.29517923e+00  1.22146858e-06  1.40203584e-02  1.22146858e-06  3.30000000e+00  1.22146858e-06  2.04938063e-05 
 1.22171890e-06  3.29953123e+00  1.22171890e-06  3.64384982e-03  1.22171890e-06  3.30000000e+00  1.22171890e-06 -2.51628612e-05 
 1.22208166e-06  3.29987441e+00  1.22208166e-06 -1.19023162e-03  1.22208166e-06  3.30000000e+00  1.22208166e-06  2.44528128e-05 
 1.22253253e-06  3.30011061e+00  1.22253253e-06  1.02872461e-03  1.22253253e-06  3.30000000e+00  1.22253253e-06 -2.43640497e-05 
 1.22303253e-06  3.29990881e+00  1.22303253e-06 -9.46884531e-04  1.22303253e-06  3.30000000e+00  1.22303253e-06  2.42997607e-05 
 1.22353253e-06  3.30007521e+00  1.22353253e-06  8.90602762e-04  1.22353253e-06  3.30000000e+00  1.22353253e-06 -2.42394950e-05 
 1.22403253e-06  3.29993619e+00  1.22403253e-06 -8.32154065e-04  1.22403253e-06  3.30000000e+00  1.22403253e-06  2.41810619e-05 
 1.22453253e-06  3.30005459e+00  1.22453253e-06  7.86702695e-04  1.22453253e-06  3.30000000e+00  1.22453253e-06 -2.41256888e-05 
 1.22503253e-06  3.29995216e+00  1.22503253e-06 -7.37189649e-04  1.22503253e-06  3.30000000e+00  1.22503253e-06  2.40725398e-05 
 1.22553253e-06  3.30004187e+00  1.22553253e-06  6.97993496e-04  1.22553253e-06  3.30000000e+00  1.22553253e-06 -2.40226351e-05 
 1.22603253e-06  3.29996266e+00  1.22603253e-06 -6.55217091e-04  1.22603253e-06  3.30000000e+00  1.22603253e-06  2.39750403e-05 
 1.22653253e-06  3.30003303e+00  1.22653253e-06  6.20909835e-04  1.22653253e-06  3.30000000e+00  1.22653253e-06 -2.39305267e-05 
 1.22703253e-06  3.29997032e+00  1.22703253e-06 -5.83542066e-04  1.22703253e-06  3.30000000e+00  1.22703253e-06  2.38881847e-05 
 1.22753253e-06  3.30002633e+00  1.22753253e-06  5.53382102e-04  1.22753253e-06  3.30000000e+00  1.22753253e-06 -2.38486420e-05 
 1.22803253e-06  3.29997629e+00  1.22803253e-06 -5.20579606e-04  1.22803253e-06  3.30000000e+00  1.22803253e-06  2.38110486e-05 
 1.22853253e-06  3.30002101e+00  1.22853253e-06  4.93964497e-04  1.22853253e-06  3.30000000e+00  1.22853253e-06 -2.37759560e-05 
 1.22903253e-06  3.29998110e+00  1.22903253e-06 -4.65098749e-04  1.22903253e-06  3.30000000e+00  1.22903253e-06  2.37425825e-05 
 1.22953253e-06  3.30001668e+00  1.22953253e-06  4.41486030e-04  1.22953253e-06  3.30000000e+00  1.22953253e-06 -2.37114360e-05 
 1.23003253e-06  3.29998505e+00  1.23003253e-06 -4.16092473e-04  1.23003253e-06  3.30000000e+00  1.23003253e-06  2.36817952e-05 
 1.23053253e-06  3.30001312e+00  1.23053253e-06  3.95149270e-04  1.23053253e-06  3.30000000e+00  1.23053253e-06 -2.36541197e-05 
 1.23103253e-06  3.29998830e+00  1.23103253e-06 -3.72682125e-04  1.23103253e-06  3.30000000e+00  1.23103253e-06  2.36277663e-05 
 1.23153253e-06  3.30001017e+00  1.23153253e-06  3.54105579e-04  1.23153253e-06  3.30000000e+00  1.23153253e-06 -2.36031557e-05 
 1.23203253e-06  3.29999099e+00  1.23203253e-06 -3.34199573e-04  1.23203253e-06  3.30000000e+00  1.23203253e-06  2.35796998e-05 
 1.23253253e-06  3.30000774e+00  1.23253253e-06  3.17702751e-04  1.23253253e-06  3.30000000e+00  1.23253253e-06 -2.35577902e-05 
 1.23303253e-06  3.29999321e+00  1.23303253e-06 -3.00038933e-04  1.23303253e-06  3.30000000e+00  1.23303253e-06  2.35368885e-05 
 1.23353253e-06  3.30000573e+00  1.23353253e-06  2.85372060e-04  1.23353253e-06  3.30000000e+00  1.23353253e-06 -2.35173608e-05 
 1.23403253e-06  3.29999504e+00  1.23403253e-06 -2.69674262e-04  1.23403253e-06  3.30000000e+00  1.23403253e-06  2.34987127e-05 
 1.23453253e-06  3.30000408e+00  1.23453253e-06  2.56620981e-04  1.23453253e-06  3.30000000e+00  1.23453253e-06 -2.34812876e-05 
 1.23503253e-06  3.29999654e+00  1.23503253e-06 -2.42650913e-04  1.23503253e-06  3.30000000e+00  1.23503253e-06  2.34646296e-05 
 1.23553253e-06  3.30000273e+00  1.23553253e-06  2.31011887e-04  1.23553253e-06  3.30000000e+00  1.23553253e-06 -2.34490635e-05 
 1.23603253e-06  3.29999777e+00  1.23603253e-06 -2.18577092e-04  1.23603253e-06  3.30000000e+00  1.23603253e-06  2.34341653e-05 
 1.23653253e-06  3.30000164e+00  1.23653253e-06  2.08189391e-04  1.23653253e-06  3.30000000e+00  1.23653253e-06 -2.34202416e-05 
 1.23703253e-06  3.29999876e+00  1.23703253e-06 -1.97089457e-04  1.23703253e-06  3.30000000e+00  1.23703253e-06  2.34069014e-05 
 1.23753253e-06  3.30000074e+00  1.23753253e-06  1.87817560e-04  1.23753253e-06  3.30000000e+00  1.23753253e-06 -2.33944349e-05 
 1.23803253e-06  3.29999956e+00  1.23803253e-06 -1.77892249e-04  1.23803253e-06  3.30000000e+00  1.23803253e-06  2.33824721e-05 
 1.23853253e-06  3.30000004e+00  1.23853253e-06  1.69606456e-04  1.23853253e-06  3.30000000e+00  1.23853253e-06 -2.33712972e-05 
 1.23903253e-06  3.30000020e+00  1.23903253e-06 -1.60728435e-04  1.23903253e-06  3.30000000e+00  1.23903253e-06  2.33605631e-05 
 1.23953253e-06  3.29999948e+00  1.23953253e-06  1.53312970e-04  1.23953253e-06  3.30000000e+00  1.23953253e-06 -2.33505334e-05 
 1.24003253e-06  3.30000070e+00  1.24003253e-06 -1.45358248e-04  1.24003253e-06  3.30000000e+00  1.24003253e-06  2.33408882e-05 
 1.24053253e-06  3.29999904e+00  1.24053253e-06  1.38715878e-04  1.24053253e-06  3.30000000e+00  1.24053253e-06 -2.33318766e-05 
 1.24103253e-06  3.30000109e+00  1.24103253e-06 -1.31578829e-04  1.24103253e-06  3.30000000e+00  1.24103253e-06  2.33231995e-05 
 1.24153253e-06  3.29999870e+00  1.24153253e-06  1.25624212e-04  1.24153253e-06  3.30000000e+00  1.24153253e-06 -2.33150951e-05 
 1.24203253e-06  3.30000139e+00  1.24203253e-06 -1.19212208e-04  1.24203253e-06  3.30000000e+00  1.24203253e-06  2.33072800e-05 
 1.24253253e-06  3.29999845e+00  1.24253253e-06  1.13868681e-04  1.24253253e-06  3.30000000e+00  1.24253253e-06 -2.32999839e-05 
 1.24303253e-06  3.30000161e+00  1.24303253e-06 -1.08100928e-04  1.24303253e-06  3.30000000e+00  1.24303253e-06  2.32929373e-05 
 1.24353253e-06  3.29999827e+00  1.24353253e-06  1.03301057e-04  1.24353253e-06  3.30000000e+00  1.24353253e-06 -2.32863622e-05 
 1.24403253e-06  3.30000176e+00  1.24403253e-06 -9.81065439e-05  1.24403253e-06  3.30000000e+00  1.24403253e-06  2.32800018e-05 
 1.24453253e-06  3.29999814e+00  1.24453253e-06  9.37908729e-05  1.24453253e-06  3.30000000e+00  1.24453253e-06 -2.32740707e-05 
 1.24503253e-06  3.30000187e+00  1.24503253e-06 -8.91070852e-05  1.24503253e-06  3.30000000e+00  1.24503253e-06  2.32683235e-05 
 1.24553253e-06  3.29999806e+00  1.24553253e-06  8.52231382e-05  1.24553253e-06  3.30000000e+00  1.24553253e-06 -2.32629684e-05 
 1.24603253e-06  3.30000193e+00  1.24603253e-06 -8.09949732e-05  1.24603253e-06  3.30000000e+00  1.24603253e-06  2.32577699e-05 
 1.24653253e-06  3.29999802e+00  1.24653253e-06  7.74963906e-05  1.24653253e-06  3.30000000e+00  1.24653253e-06 -2.32529305e-05 
 1.24703253e-06  3.30000195e+00  1.24703253e-06 -7.36752134e-05  1.24703253e-06  3.30000000e+00  1.24703253e-06  2.32482237e-05 
 1.24753253e-06  3.29999801e+00  1.24753253e-06  7.05209976e-05  1.24753253e-06  3.30000000e+00  1.24753253e-06 -2.32438465e-05 
 1.24803253e-06  3.30000195e+00  1.24803253e-06 -6.70638259e-05  1.24803253e-06  3.30000000e+00  1.24803253e-06  2.32395807e-05 
 1.24853253e-06  3.29999803e+00  1.24853253e-06  6.42176838e-05  1.24853253e-06  3.30000000e+00  1.24853253e-06 -2.32356183e-05 
 1.24903253e-06  3.30000193e+00  1.24903253e-06 -6.10864803e-05  1.24903253e-06  3.30000000e+00  1.24903253e-06  2.32317484e-05 
 1.24953253e-06  3.29999806e+00  1.24953253e-06  5.85162493e-05  1.24953253e-06  3.30000000e+00  1.24953253e-06 -2.32281587e-05 
 1.25003253e-06  3.30000189e+00  1.25003253e-06 -5.56773089e-05  1.25003253e-06  3.30000000e+00  1.25003253e-06  2.32246448e-05 
 1.25053253e-06  3.29999811e+00  1.25053253e-06  5.33544561e-05  1.25053253e-06  3.30000000e+00  1.25053253e-06 -2.32213903e-05 
 1.25103253e-06  3.30000184e+00  1.25103253e-06 -5.07778723e-05  1.25103253e-06  3.30000000e+00  1.25103253e-06  2.32181968e-05 
 1.25153253e-06  3.29999817e+00  1.25153253e-06  4.86770572e-05  1.25153253e-06  3.30000000e+00  1.25153253e-06 -2.32152441e-05 
 1.25203253e-06  3.30000178e+00  1.25203253e-06 -4.63362599e-05  1.25203253e-06  3.30000000e+00  1.25203253e-06  2.32123392e-05 
 1.25253253e-06  3.29999823e+00  1.25253253e-06  4.44349522e-05  1.25253253e-06  3.30000000e+00  1.25253253e-06 -2.32096585e-05 
 1.25303253e-06  3.30000171e+00  1.25303253e-06 -4.23063038e-05  1.25303253e-06  3.30000000e+00  1.25303253e-06  2.32070139e-05 
 1.25353253e-06  3.29999830e+00  1.25353253e-06  4.05844493e-05  1.25353253e-06  3.30000000e+00  1.25353253e-06 -2.32045786e-05 
 1.25403253e-06  3.30000164e+00  1.25403253e-06 -3.86468943e-05  1.25403253e-06  3.30000000e+00  1.25403253e-06  2.32021690e-05 
 1.25453253e-06  3.29999838e+00  1.25453253e-06  3.70866229e-05  1.25453253e-06  3.30000000e+00  1.25453253e-06 -2.31999555e-05 
 1.25503253e-06  3.30000156e+00  1.25503253e-06 -3.53213813e-05  1.25503253e-06  3.30000000e+00  1.25503253e-06  2.31977581e-05 
 1.25553253e-06  3.29999846e+00  1.25553253e-06  3.39067506e-05  1.25553253e-06  3.30000000e+00  1.25553253e-06 -2.31957450e-05 
 1.25603253e-06  3.30000148e+00  1.25603253e-06 -3.22970511e-05  1.25603253e-06  3.30000000e+00  1.25603253e-06  2.31937398e-05 
 1.25653253e-06  3.29999854e+00  1.25653253e-06  3.10138227e-05  1.25653253e-06  3.30000000e+00  1.25653253e-06 -2.31919080e-05 
 1.25703253e-06  3.30000141e+00  1.25703253e-06 -2.95446684e-05  1.25703253e-06  3.30000000e+00  1.25703253e-06  2.31900766e-05 
 1.25753253e-06  3.29999862e+00  1.25753253e-06  2.83801113e-05  1.25753253e-06  3.30000000e+00  1.25753253e-06 -2.31884091e-05 
 1.25803253e-06  3.30000133e+00  1.25803253e-06 -2.70380761e-05  1.25803253e-06  3.30000000e+00  1.25803253e-06  2.31867353e-05 
 1.25853253e-06  3.29999869e+00  1.25853253e-06  2.59807943e-05  1.25853253e-06  3.30000000e+00  1.25853253e-06 -2.31852166e-05 
 1.25903253e-06  3.30000125e+00  1.25903253e-06 -2.47538430e-05  1.25903253e-06  3.30000000e+00  1.25903253e-06  2.31836858e-05 
 1.25953253e-06  3.29999877e+00  1.25953253e-06  2.37936241e-05  1.25953253e-06  3.30000000e+00  1.25953253e-06 -2.31823022e-05 
 1.26003253e-06  3.30000118e+00  1.26003253e-06 -2.26709562e-05  1.26003253e-06  3.30000000e+00  1.26003253e-06  2.31809010e-05 
 1.26053253e-06  3.29999884e+00  1.26053253e-06  2.17986382e-05  1.26053253e-06  3.30000000e+00  1.26053253e-06 -2.31796401e-05 
 1.26103253e-06  3.30000111e+00  1.26103253e-06 -2.07705492e-05  1.26103253e-06  3.30000000e+00  1.26103253e-06  2.31783568e-05 
 1.26153253e-06  3.29999891e+00  1.26153253e-06  1.99779037e-05  1.26153253e-06  3.30000000e+00  1.26153253e-06 -2.31772073e-05 
 1.26203253e-06  3.30000104e+00  1.26203253e-06 -1.90356647e-05  1.26203253e-06  3.30000000e+00  1.26203253e-06  2.31760311e-05 
 1.26253253e-06  3.29999898e+00  1.26253253e-06  1.83152937e-05  1.26253253e-06  3.30000000e+00  1.26253253e-06 -2.31749830e-05 
 1.26303253e-06  3.30000097e+00  1.26303253e-06 -1.74510438e-05  1.26303253e-06  3.30000000e+00  1.26303253e-06  2.31739043e-05 
 1.26353253e-06  3.29999905e+00  1.26353253e-06  1.67962888e-05  1.26353253e-06  3.30000000e+00  1.26353253e-06 -2.31729484e-05 
 1.26403253e-06  3.30000091e+00  1.26403253e-06 -1.60029418e-05  1.26403253e-06  3.30000000e+00  1.26403253e-06  2.31719584e-05 
 1.26453253e-06  3.29999911e+00  1.26453253e-06  1.54078039e-05  1.26453253e-06  3.30000000e+00  1.26453253e-06 -2.31710866e-05 
 1.26503253e-06  3.30000085e+00  1.26503253e-06 -1.46789647e-05  1.26503253e-06  3.30000000e+00  1.26503253e-06  2.31701774e-05 
 1.26553253e-06  3.29999917e+00  1.26553253e-06  1.41380335e-05  1.26553253e-06  3.30000000e+00  1.26553253e-06 -2.31693821e-05 
 1.26603253e-06  3.30000079e+00  1.26603253e-06 -1.34679253e-05  1.26603253e-06  3.30000000e+00  1.26603253e-06  2.31685466e-05 
 1.26653253e-06  3.29999922e+00  1.26653253e-06  1.29763165e-05  1.26653253e-06  3.30000000e+00  1.26653253e-06 -2.31678211e-05 
 1.26703253e-06  3.30000069e+00  1.26703253e-06 -1.13726067e-05  1.26703253e-06  3.30000000e+00  1.26703253e-06  2.31670602e-05 
 1.26753253e-06  3.29999910e+00  1.26753253e-06  1.37057170e-05  1.26753253e-06  3.30000000e+00  1.26753253e-06 -2.31665369e-05 
 1.26803253e-06  3.30000050e+00  1.26803253e-06 -9.80974987e-06  1.26803253e-06  3.30000000e+00  1.26803253e-06  2.31655414e-05 
 1.26853253e-06  3.29999918e+00  1.26853253e-06  1.24660483e-05  1.26853253e-06  3.30000000e+00  1.26853253e-06 -2.31651904e-05 
 1.26903253e-06  3.30000047e+00  1.26903253e-06 -8.97226164e-06  1.26903253e-06  3.30000000e+00  1.26903253e-06  2.31642966e-05 
 1.26953253e-06  3.29999924e+00  1.26953253e-06  1.14461149e-05  1.26953253e-06  3.30000000e+00  1.26953253e-06 -2.31639816e-05 
 1.27003253e-06  3.30000044e+00  1.27003253e-06 -8.23087051e-06  1.27003253e-06  3.30000000e+00  1.27003253e-06  2.31631581e-05 
 1.27010000e-06  3.29999941e+00  1.27010000e-06  8.34954105e-06  1.27010000e-06  3.30000000e+00  1.27010000e-06 -2.31598997e-05 
 1.27011000e-06  3.29704996e+00  1.27011000e-06 -3.04289707e-03  1.27011000e-06  2.97000000e+00  1.27011000e-06 -2.80536573e-04 
 1.27013000e-06  3.27693585e+00  1.27013000e-06 -2.17936881e-02  1.27013000e-06  2.31000000e+00  1.27013000e-06 -3.68237497e-04 
 1.27017000e-06  3.24423593e+00  1.27017000e-06 -3.02249112e-02  1.27017000e-06  9.90000000e-01  1.27017000e-06 -7.89997192e-04 
 1.27020000e-06  3.25835307e+00  1.27020000e-06  4.73918575e-02  1.27020000e-06  1.28119737e-12  1.27020000e-06 -1.14006435e-03 
 1.27020359e-06  3.26789055e+00  1.27020359e-06  6.67542829e-02  1.27020359e-06  0.00000000e+00  1.27020359e-06 -7.91360857e-04 
 1.27021078e-06  3.28559805e+00  1.27021078e-06  1.05041150e-01  1.27021078e-06  0.00000000e+00  1.27021078e-06 -7.77951493e-04 
 1.27022515e-06  3.31489530e+00  1.27022515e-06  1.79095451e-01  1.27022515e-06  0.00000000e+00  1.27022515e-06 -7.58341150e-04 
 1.27025388e-06  3.35535135e+00  1.27025388e-06  3.22124312e-01  1.27025388e-06  0.00000000e+00  1.27025388e-06 -7.22052426e-04 
 1.27031136e-06  3.40015708e+00  1.27031136e-06  6.17293510e-01  1.27031136e-06  0.00000000e+00  1.27031136e-06 -6.71762129e-04 
 1.27041280e-06  3.47108383e+00  1.27041280e-06  1.28030349e+00  1.27041280e-06  0.00000000e+00  1.27041280e-06 -4.79310261e-04 
 1.27050745e-06  3.51429862e+00  1.27050745e-06  1.92721959e+00  1.27050745e-06  0.00000000e+00  1.27050745e-06 -2.74916092e-04 
 1.27062760e-06  3.47194746e+00  1.27062760e-06  2.49859435e+00  1.27062760e-06  0.00000000e+00  1.27062760e-06 -1.31533366e-04 
 1.27073846e-06  3.42573733e+00  1.27073846e-06  2.82330277e+00  1.27073846e-06  0.00000000e+00  1.27073846e-06 -5.83336517e-05 
 1.27087992e-06  3.36911514e+00  1.27087992e-06  3.08746725e+00  1.27087992e-06  0.00000000e+00  1.27087992e-06 -2.62082448e-05 
 1.27104648e-06  3.33001512e+00  1.27104648e-06  3.22574801e+00  1.27104648e-06  0.00000000e+00  1.27104648e-06 -1.24707087e-05 
 1.27124167e-06  3.31016539e+00  1.27124167e-06  3.27988660e+00  1.27124167e-06  0.00000000e+00  1.27124167e-06 -5.20511147e-07 
 1.27157785e-06  3.30061498e+00  1.27157785e-06  3.29985524e+00  1.27157785e-06  0.00000000e+00  1.27157785e-06 -3.69724765e-06 
 1.27203946e-06  3.29988547e+00  1.27203946e-06  3.29999918e+00  1.27203946e-06  0.00000000e+00  1.27203946e-06  2.30342716e-06 
 1.27253946e-06  3.30003747e+00  1.27253946e-06  3.30000798e+00  1.27253946e-06  0.00000000e+00  1.27253946e-06 -3.29951582e-06 
 1.27303946e-06  3.29998690e+00  1.27303946e-06  3.29999805e+00  1.27303946e-06  0.00000000e+00  1.27303946e-06  2.64190784e-06 
 1.27353946e-06  3.30000844e+00  1.27353946e-06  3.30000166e+00  1.27353946e-06  0.00000000e+00  1.27353946e-06 -3.18308579e-06 
 1.27403946e-06  3.29999581e+00  1.27403946e-06  3.29999995e+00  1.27403946e-06  0.00000000e+00  1.27403946e-06  2.76924736e-06 
 1.27453946e-06  3.30000374e+00  1.27453946e-06  3.30000051e+00  1.27453946e-06  0.00000000e+00  1.27453946e-06 -3.13010906e-06 
 1.27503946e-06  3.29999809e+00  1.27503946e-06  3.30000009e+00  1.27503946e-06  0.00000000e+00  1.27503946e-06  2.83377350e-06 
 1.27553946e-06  3.30000189e+00  1.27553946e-06  3.30000024e+00  1.27553946e-06  0.00000000e+00  1.27553946e-06 -3.09965244e-06 
 1.27603946e-06  3.29999907e+00  1.27603946e-06  3.30000008e+00  1.27603946e-06  0.00000000e+00  1.27603946e-06  2.87053336e-06 
 1.27653946e-06  3.30000102e+00  1.27653946e-06  3.30000014e+00  1.27653946e-06  0.00000000e+00  1.27653946e-06 -3.07961761e-06 
 1.27703946e-06  3.29999955e+00  1.27703946e-06  3.30000006e+00  1.27703946e-06  0.00000000e+00  1.27703946e-06  2.89380537e-06 
 1.27753946e-06  3.30000057e+00  1.27753946e-06  3.30000008e+00  1.27753946e-06  0.00000000e+00  1.27753946e-06 -3.06526617e-06 
 1.27803946e-06  3.29999980e+00  1.27803946e-06  3.30000004e+00  1.27803946e-06  0.00000000e+00  1.27803946e-06  2.90956587e-06 
 1.27853946e-06  3.30000032e+00  1.27853946e-06  3.30000006e+00  1.27853946e-06  0.00000000e+00  1.27853946e-06 -3.05445060e-06 
 1.27903946e-06  3.29999992e+00  1.27903946e-06  3.30000003e+00  1.27903946e-06  0.00000000e+00  1.27903946e-06  2.92083235e-06 
 1.27953946e-06  3.30000019e+00  1.27953946e-06  3.30000004e+00  1.27953946e-06  0.00000000e+00  1.27953946e-06 -3.04602784e-06 
 1.28003946e-06  3.29999998e+00  1.28003946e-06  3.30000002e+00  1.28003946e-06  0.00000000e+00  1.28003946e-06  2.92924955e-06 
 1.28053946e-06  3.30000012e+00  1.28053946e-06  3.30000003e+00  1.28053946e-06  0.00000000e+00  1.28053946e-06 -3.03931170e-06 
 1.28103946e-06  3.30000000e+00  1.28103946e-06  3.30000002e+00  1.28103946e-06  0.00000000e+00  1.28103946e-06  2.93576788e-06 
 1.28153946e-06  3.30000008e+00  1.28153946e-06  3.30000002e+00  1.28153946e-06  0.00000000e+00  1.28153946e-06 -3.03385542e-06 
 1.28203946e-06  3.30000001e+00  1.28203946e-06  3.30000001e+00  1.28203946e-06  0.00000000e+00  1.28203946e-06  2.94096494e-06 
 1.28253946e-06  3.30000005e+00  1.28253946e-06  3.30000001e+00  1.28253946e-06  0.00000000e+00  1.28253946e-06 -3.02935236e-06 
 1.28303946e-06  3.30000002e+00  1.28303946e-06  3.30000001e+00  1.28303946e-06  0.00000000e+00  1.28303946e-06  2.94520746e-06 
 1.28353946e-06  3.30000003e+00  1.28353946e-06  3.30000001e+00  1.28353946e-06  0.00000000e+00  1.28353946e-06 -3.02558453e-06 
 1.28403946e-06  3.30000002e+00  1.28403946e-06  3.30000000e+00  1.28403946e-06  0.00000000e+00  1.28403946e-06  2.94873797e-06 
 1.28453946e-06  3.30000002e+00  1.28453946e-06  3.30000000e+00  1.28453946e-06  0.00000000e+00  1.28453946e-06 -3.02239316e-06 
 1.28503946e-06  3.30000001e+00  1.28503946e-06  3.30000000e+00  1.28503946e-06  0.00000000e+00  1.28503946e-06  2.95172277e-06 
 1.28553946e-06  3.30000002e+00  1.28553946e-06  3.30000000e+00  1.28553946e-06  0.00000000e+00  1.28553946e-06 -3.01966033e-06 
 1.28603946e-06  3.30000001e+00  1.28603946e-06  3.30000000e+00  1.28603946e-06  0.00000000e+00  1.28603946e-06  2.95427968e-06 
 1.28653946e-06  3.30000001e+00  1.28653946e-06  3.30000000e+00  1.28653946e-06  0.00000000e+00  1.28653946e-06 -3.01729704e-06 
 1.28703946e-06  3.30000001e+00  1.28703946e-06  3.30000000e+00  1.28703946e-06  0.00000000e+00  1.28703946e-06  2.95649444e-06 
 1.28753946e-06  3.30000001e+00  1.28753946e-06  3.30000000e+00  1.28753946e-06  0.00000000e+00  1.28753946e-06 -3.01523518e-06 
 1.28803946e-06  3.30000001e+00  1.28803946e-06  3.30000000e+00  1.28803946e-06  0.00000000e+00  1.28803946e-06  2.95843120e-06 
 1.28853946e-06  3.30000001e+00  1.28853946e-06  3.30000000e+00  1.28853946e-06  0.00000000e+00  1.28853946e-06 -3.01342193e-06 
 1.28903946e-06  3.30000000e+00  1.28903946e-06  3.30000000e+00  1.28903946e-06  0.00000000e+00  1.28903946e-06  2.96013888e-06 
 1.28953946e-06  3.30000000e+00  1.28953946e-06  3.30000000e+00  1.28953946e-06  0.00000000e+00  1.28953946e-06 -3.01181585e-06 
 1.29003946e-06  3.30000000e+00  1.29003946e-06  3.30000000e+00  1.29003946e-06  0.00000000e+00  1.29003946e-06  2.96165553e-06 
 1.29053946e-06  3.30000000e+00  1.29053946e-06  3.29999999e+00  1.29053946e-06  0.00000000e+00  1.29053946e-06 -3.01038403e-06 
 1.29103946e-06  3.30000000e+00  1.29103946e-06  3.29999999e+00  1.29103946e-06  0.00000000e+00  1.29103946e-06  2.96301119e-06 
 1.29153946e-06  3.30000000e+00  1.29153946e-06  3.29999999e+00  1.29153946e-06  0.00000000e+00  1.29153946e-06 -3.00910004e-06 
 1.29203946e-06  3.30000000e+00  1.29203946e-06  3.29999999e+00  1.29203946e-06  0.00000000e+00  1.29203946e-06  2.96422992e-06 
 1.29253946e-06  3.30000000e+00  1.29253946e-06  3.29999999e+00  1.29253946e-06  0.00000000e+00  1.29253946e-06 -3.00794249e-06 
 1.29303946e-06  3.30000000e+00  1.29303946e-06  3.29999999e+00  1.29303946e-06  0.00000000e+00  1.29303946e-06  2.96533123e-06 
 1.29353946e-06  3.30000000e+00  1.29353946e-06  3.29999999e+00  1.29353946e-06  0.00000000e+00  1.29353946e-06 -3.00689385e-06 
 1.29403946e-06  3.30000000e+00  1.29403946e-06  3.29999999e+00  1.29403946e-06  0.00000000e+00  1.29403946e-06  2.96633110e-06 
 1.29453946e-06  3.30000000e+00  1.29453946e-06  3.29999999e+00  1.29453946e-06  0.00000000e+00  1.29453946e-06 -3.00593966e-06 
 1.29503946e-06  3.30000000e+00  1.29503946e-06  3.29999999e+00  1.29503946e-06  0.00000000e+00  1.29503946e-06  2.96724276e-06 
 1.29553946e-06  3.30000000e+00  1.29553946e-06  3.29999999e+00  1.29553946e-06  0.00000000e+00  1.29553946e-06 -3.00506789e-06 
 1.29603946e-06  3.30000000e+00  1.29603946e-06  3.29999999e+00  1.29603946e-06  0.00000000e+00  1.29603946e-06  2.96807724e-06 
 1.29653946e-06  3.30000000e+00  1.29653946e-06  3.29999999e+00  1.29653946e-06  0.00000000e+00  1.29653946e-06 -3.00426844e-06 
 1.29703946e-06  3.30000000e+00  1.29703946e-06  3.29999999e+00  1.29703946e-06  0.00000000e+00  1.29703946e-06  2.96884383e-06 
 1.29753946e-06  3.30000000e+00  1.29753946e-06  3.29999999e+00  1.29753946e-06  0.00000000e+00  1.29753946e-06 -3.00353279e-06 
 1.29803946e-06  3.29999999e+00  1.29803946e-06  3.29999999e+00  1.29803946e-06  0.00000000e+00  1.29803946e-06  2.96955038e-06 
 1.29853946e-06  3.29999999e+00  1.29853946e-06  3.29999999e+00  1.29853946e-06  0.00000000e+00  1.29853946e-06 -3.00285369e-06 
 1.29903946e-06  3.29999999e+00  1.29903946e-06  3.29999999e+00  1.29903946e-06  0.00000000e+00  1.29903946e-06  2.97020359e-06 
 1.29953946e-06  3.29999999e+00  1.29953946e-06  3.29999999e+00  1.29953946e-06  0.00000000e+00  1.29953946e-06 -3.00222494e-06 
 1.30000000e-06  3.29999999e+00  1.30000000e-06  3.29999999e+00  1.30000000e-06  0.00000000e+00  1.30000000e-06  2.97078614e-06 
