 0.00000000e+00  3.29999999e+00  0.00000000e+00  3.29999999e+00  0.00000000e+00  0.00000000e+00  0.00000000e+00 -2.34182061e-11 
 5.00000000e-12  3.29999999e+00  5.00000000e-12  3.29999999e+00  5.00000000e-12  0.00000000e+00  5.00000000e-12 -2.34030191e-11 
 1.00000000e-11  3.29999999e+00  1.00000000e-11  3.29999999e+00  1.00000000e-11  0.00000000e+00  1.00000000e-11 -2.35617567e-11 
 2.00000000e-11  3.29999999e+00  2.00000000e-11  3.29999999e+00  2.00000000e-11  0.00000000e+00  2.00000000e-11 -2.52197117e-11 
 4.00000000e-11  3.29999999e+00  4.00000000e-11  3.29999999e+00  4.00000000e-11  0.00000000e+00  4.00000000e-11 -2.21817781e-11 
 8.00000000e-11  3.29999999e+00  8.00000000e-11  3.29999998e+00  8.00000000e-11  0.00000000e+00  8.00000000e-11 -2.39806439e-11 
 1.60000000e-10  3.29999999e+00  1.60000000e-10  3.29999998e+00  1.60000000e-10  0.00000000e+00  1.60000000e-10 -2.19726481e-11 
 3.20000000e-10  3.29999999e+00  3.20000000e-10  3.29999999e+00  3.20000000e-10  0.00000000e+00  3.20000000e-10 -2.47260916e-11 
 6.40000000e-10  3.29999999e+00  6.40000000e-10  3.29999999e+00  6.40000000e-10  0.00000000e+00  6.40000000e-10 -2.23871303e-11 
 1.14000000e-09  3.29999999e+00  1.14000000e-09  3.29999999e+00  1.14000000e-09  0.00000000e+00  1.14000000e-09 -2.46823733e-11 
 1.64000000e-09  3.29999999e+00  1.64000000e-09  3.29999999e+00  1.64000000e-09  0.00000000e+00  1.64000000e-09 -2.23971061e-11 
 2.14000000e-09  3.29999999e+00  2.14000000e-09  3.29999999e+00  2.14000000e-09  0.00000000e+00  2.14000000e-09 -2.46754262e-11 
 2.64000000e-09  3.29999999e+00  2.64000000e-09  3.29999999e+00  2.64000000e-09  0.00000000e+00  2.64000000e-09 -2.23983631e-11 
 3.14000000e-09  3.29999999e+00  3.14000000e-09  3.29999999e+00  3.14000000e-09  0.00000000e+00  3.14000000e-09 -2.46731622e-11 
 3.64000000e-09  3.29999999e+00  3.64000000e-09  3.29999999e+00  3.64000000e-09  0.00000000e+00  3.64000000e-09 -2.23972197e-11 
 4.14000000e-09  3.29999999e+00  4.14000000e-09  3.29999999e+00  4.14000000e-09  0.00000000e+00  4.14000000e-09 -2.46720483e-11 
 4.64000000e-09  3.29999999e+00  4.64000000e-09  3.29999999e+00  4.64000000e-09  0.00000000e+00  4.64000000e-09 -2.23956034e-11 
 5.14000000e-09  3.29999999e+00  5.14000000e-09  3.29999999e+00  5.14000000e-09  0.00000000e+00  5.14000000e-09 -2.46710723e-11 
 5.64000000e-09  3.29999999e+00  5.64000000e-09  3.29999999e+00  5.64000000e-09  0.00000000e+00  5.64000000e-09 -2.23940116e-11 
 6.14000000e-09  3.29999999e+00  6.14000000e-09  3.29999999e+00  6.14000000e-09  0.00000000e+00  6.14000000e-09 -2.46700149e-11 
 6.64000000e-09  3.29999999e+00  6.64000000e-09  3.29999999e+00  6.64000000e-09  0.00000000e+00  6.64000000e-09 -2.23925216e-11 
 7.14000000e-09  3.29999999e+00  7.14000000e-09  3.29999999e+00  7.14000000e-09  0.00000000e+00  7.14000000e-09 -2.46688609e-11 
 7.64000000e-09  3.29999999e+00  7.64000000e-09  3.29999999e+00  7.64000000e-09  0.00000000e+00  7.64000000e-09 -2.23911157e-11 
 8.14000000e-09  3.29999999e+00  8.14000000e-09  3.29999999e+00  8.14000000e-09  0.00000000e+00  8.14000000e-09 -2.46676436e-11 
 8.64000000e-09  3.29999999e+00  8.64000000e-09  3.29999999e+00  8.64000000e-09  0.00000000e+00  8.64000000e-09 -2.23897647e-11 
 9.14000000e-09  3.29999999e+00  9.14000000e-09  3.29999999e+00  9.14000000e-09  0.00000000e+00  9.14000000e-09 -2.46663915e-11 
 9.64000000e-09  3.29999999e+00  9.64000000e-09  3.29999999e+00  9.64000000e-09  0.00000000e+00  9.64000000e-09 -2.23884442e-11 
 1.01400000e-08  3.29999999e+00  1.01400000e-08  3.29999999e+00  1.01400000e-08  0.00000000e+00  1.01400000e-08 -2.46651235e-11 
 1.06400000e-08  3.29999999e+00  1.06400000e-08  3.29999999e+00  1.06400000e-08  0.00000000e+00  1.06400000e-08 -2.23871399e-11 
 1.11400000e-08  3.29999999e+00  1.11400000e-08  3.29999999e+00  1.11400000e-08  0.00000000e+00  1.11400000e-08 -2.46638426e-11 
 1.16400000e-08  3.29999999e+00  1.16400000e-08  3.29999999e+00  1.16400000e-08  0.00000000e+00  1.16400000e-08 -2.23858451e-11 
 1.21400000e-08  3.29999999e+00  1.21400000e-08  3.29999999e+00  1.21400000e-08  0.00000000e+00  1.21400000e-08 -2.46625600e-11 
 1.26400000e-08  3.29999999e+00  1.26400000e-08  3.29999999e+00  1.26400000e-08  0.00000000e+00  1.26400000e-08 -2.23845545e-11 
 1.31400000e-08  3.29999999e+00  1.31400000e-08  3.29999999e+00  1.31400000e-08  0.00000000e+00  1.31400000e-08 -2.46612769e-11 
 1.36400000e-08  3.29999999e+00  1.36400000e-08  3.29999999e+00  1.36400000e-08  0.00000000e+00  1.36400000e-08 -2.23832693e-11 
 1.41400000e-08  3.29999999e+00  1.41400000e-08  3.29999999e+00  1.41400000e-08  0.00000000e+00  1.41400000e-08 -2.46599950e-11 
 1.46400000e-08  3.29999999e+00  1.46400000e-08  3.29999999e+00  1.46400000e-08  0.00000000e+00  1.46400000e-08 -2.23819854e-11 
 1.51400000e-08  3.29999999e+00  1.51400000e-08  3.29999999e+00  1.51400000e-08  0.00000000e+00  1.51400000e-08 -2.46587145e-11 
 1.56400000e-08  3.29999999e+00  1.56400000e-08  3.29999999e+00  1.56400000e-08  0.00000000e+00  1.56400000e-08 -2.23807045e-11 
 1.61400000e-08  3.29999999e+00  1.61400000e-08  3.29999999e+00  1.61400000e-08  0.00000000e+00  1.61400000e-08 -2.46574349e-11 
 1.66400000e-08  3.29999999e+00  1.66400000e-08  3.29999999e+00  1.66400000e-08  0.00000000e+00  1.66400000e-08 -2.23794256e-11 
 1.71400000e-08  3.29999999e+00  1.71400000e-08  3.29999999e+00  1.71400000e-08  0.00000000e+00  1.71400000e-08 -2.46561601e-11 
 1.76400000e-08  3.29999999e+00  1.76400000e-08  3.29999999e+00  1.76400000e-08  0.00000000e+00  1.76400000e-08 -2.23781503e-11 
 1.81400000e-08  3.29999999e+00  1.81400000e-08  3.29999999e+00  1.81400000e-08  0.00000000e+00  1.81400000e-08 -2.46548836e-11 
 1.86400000e-08  3.29999999e+00  1.86400000e-08  3.29999999e+00  1.86400000e-08  0.00000000e+00  1.86400000e-08 -2.23768764e-11 
 1.91400000e-08  3.29999999e+00  1.91400000e-08  3.29999999e+00  1.91400000e-08  0.00000000e+00  1.91400000e-08 -2.46536112e-11 
 1.96400000e-08  3.29999999e+00  1.96400000e-08  3.29999999e+00  1.96400000e-08  0.00000000e+00  1.96400000e-08 -2.23756042e-11 
 2.00000000e-08  3.29999999e+00  2.00000000e-08  3.29999999e+00  2.00000000e-08  0.00000000e+00  2.00000000e-08 -2.46525177e-11 
 2.00100000e-08  3.32180787e+00  2.00100000e-08  3.32181745e+00  2.00100000e-08  3.30000000e-01  2.00100000e-08  4.01872527e-04 
 2.00300000e-08  3.36309453e+00  2.00300000e-08  3.36312833e+00  2.00300000e-08  9.90000000e-01  2.00300000e-08  4.43955310e-04 
 2.00700000e-08  3.44244889e+00  2.00700000e-08  3.44251384e+00  2.00700000e-08  2.31000000e+00  2.00700000e-08  4.18047644e-04 
 2.01000000e-08  3.48087775e+00  2.01000000e-08  3.48122599e+00  2.01000000e-08  3.30000000e+00  2.01000000e-08  2.59430563e-04 
 2.01055029e-08  3.48099226e+00  2.01055029e-08  3.48125984e+00  2.01055029e-08  3.30000000e+00  2.01055029e-08  1.81597368e-06 
 2.01165088e-08  3.48064344e+00  2.01165088e-08  3.48062653e+00  2.01165088e-08  3.30000000e+00  2.01165088e-08 -9.31738988e-06 
 2.01385206e-08  3.47638149e+00  2.01385206e-08  3.47525502e+00  2.01385206e-08  3.30000000e+00  2.01385206e-08 -2.51314624e-05 
 2.01825441e-08  3.45934567e+00  2.01825441e-08  3.45558447e+00  2.01825441e-08  3.30000000e+00  2.01825441e-08 -3.31148818e-05 
 2.02550549e-08  3.39860000e+00  2.02550549e-08  3.39670980e+00  2.02550549e-08  3.30000000e+00  2.02550549e-08 -3.90522743e-05 
 2.03426264e-08  3.09375794e+00  2.03426264e-08  3.19898755e+00  2.03426264e-08  3.30000000e+00  2.03426264e-08 -8.94812207e-05 
 2.04389146e-08  2.65704778e+00  2.04389146e-08  2.87909528e+00  2.04389146e-08  3.30000000e+00  2.04389146e-08 -6.78646913e-05 
 2.05321794e-08  2.29311684e+00  2.05321794e-08  2.56950270e+00  2.05321794e-08  3.30000000e+00  2.05321794e-08 -9.70949797e-05 
 2.06586116e-08  1.79972266e+00  2.06586116e-08  2.34919915e+00  2.06586116e-08  3.30000000e+00  2.06586116e-08 -1.48402718e-04 
 2.08176818e-08  1.15657475e+00  2.08176818e-08  2.62922454e+00  2.08176818e-08  3.30000000e+00  2.08176818e-08 -2.50125529e-04 
 2.09468986e-08  7.53148533e-01  2.09468986e-08  2.98478030e+00  2.09468986e-08  3.30000000e+00  2.09468986e-08 -1.76082239e-04 
 2.10922296e-08  4.60538606e-01  2.10922296e-08  3.19315428e+00  2.10922296e-08  3.30000000e+00  2.10922296e-08 -8.39133965e-05 
 2.12425607e-08  2.81560353e-01  2.12425607e-08  3.25969597e+00  2.12425607e-08  3.30000000e+00  2.12425607e-08 -3.35788002e-05 
 2.14154997e-08  1.64838820e-01  2.14154997e-08  3.28018708e+00  2.14154997e-08  3.30000000e+00  2.14154997e-08 -2.30485806e-05 
 2.16907007e-08  6.24017658e-02  2.16907007e-08  3.29203555e+00  2.16907007e-08  3.30000000e+00  2.16907007e-08 -5.29539690e-06 
 2.20058564e-08  2.21079993e-02  2.20058564e-08  3.29765496e+00  2.20058564e-08  3.30000000e+00  2.20058564e-08 -5.20199047e-06 
 2.25058564e-08  9.93227183e-04  2.25058564e-08  3.29960350e+00  2.25058564e-08  3.30000000e+00  2.25058564e-08  2.22543128e-06 
 2.30058564e-08  1.24015615e-03  2.30058564e-08  3.30007872e+00  2.30058564e-08  3.30000000e+00  2.30058564e-08 -2.46736836e-06 
 2.35058564e-08 -9.18633722e-04  2.35058564e-08  3.29992067e+00  2.35058564e-08  3.30000000e+00  2.35058564e-08  2.38603028e-06 
 2.40058564e-08  8.64241787e-04  2.40058564e-08  3.30005355e+00  2.40058564e-08  3.30000000e+00  2.40058564e-08 -2.34191793e-06 
 2.45058564e-08 -7.89989014e-04  2.45058564e-08  3.29996474e+00  2.45058564e-08  3.30000000e+00  2.45058564e-08  2.29832292e-06 
 2.50058564e-08  7.34674675e-04  2.50058564e-08  3.30001945e+00  2.50058564e-08  3.30000000e+00  2.50058564e-08 -2.25884211e-06 
 2.55058564e-08 -6.78494955e-04  2.55058564e-08  3.29999283e+00  2.55058564e-08  3.30000000e+00  2.55058564e-08  2.22179971e-06 
 2.60058564e-08  6.35821440e-04  2.60058564e-08  3.29999670e+00  2.60058564e-08  3.30000000e+00  2.60058564e-08 -2.18782135e-06 
 2.65058564e-08 -5.91369009e-04  2.65058564e-08  3.30001140e+00  2.65058564e-08  3.30000000e+00  2.65058564e-08  2.15579524e-06 
 2.70058564e-08  5.57732044e-04  2.70058564e-08  3.29998182e+00  2.70058564e-08  3.30000000e+00  2.70058564e-08 -2.12622402e-06 
 2.75058564e-08 -5.21758739e-04  2.75058564e-08  3.30002335e+00  2.75058564e-08  3.30000000e+00  2.75058564e-08  2.09825185e-06 
 2.80058564e-08  4.94670179e-04  2.80058564e-08  3.29997229e+00  2.80058564e-08  3.30000000e+00  2.80058564e-08 -2.07233616e-06 
 2.85058564e-08 -4.64932358e-04  2.85058564e-08  3.30003090e+00  2.85058564e-08  3.30000000e+00  2.85058564e-08  2.04772296e-06 
 2.90058564e-08  4.42640198e-04  2.90058564e-08  3.29996638e+00  2.90058564e-08  3.30000000e+00  2.90058564e-08 -2.02486622e-06 
 2.95058564e-08 -4.17595763e-04  2.95058564e-08  3.30003546e+00  2.95058564e-08  3.30000000e+00  2.95058564e-08  2.00308723e-06 
 3.00058564e-08  3.98884676e-04  3.00058564e-08  3.29996293e+00  3.00058564e-08  3.30000000e+00  3.00058564e-08 -1.98282939e-06 
 3.05058564e-08 -3.77448250e-04  3.05058564e-08  3.30003802e+00  3.05058564e-08  3.30000000e+00  3.05058564e-08  1.96347459e-06 
 3.10058564e-08  3.61468574e-04  3.10058564e-08  3.29996112e+00  3.10058564e-08  3.30000000e+00  3.10058564e-08 -1.94545180e-06 
 3.15058564e-08 -3.42866693e-04  3.15058564e-08  3.30003923e+00  3.15058564e-08  3.30000000e+00  3.15058564e-08  1.92819308e-06 
 3.20058564e-08  3.29017450e-04  3.20058564e-08  3.29996041e+00  3.20058564e-08  3.30000000e+00  3.20058564e-08 -1.91211121e-06 
 3.25058564e-08 -3.12690825e-04  3.25058564e-08  3.30003953e+00  3.25058564e-08  3.30000000e+00  3.25058564e-08  1.89668059e-06 
 3.30058564e-08  3.00540861e-04  3.30058564e-08  3.29996045e+00  3.30058564e-08  3.30000000e+00  3.30058564e-08 -1.88229729e-06 
 3.35058564e-08 -2.86078205e-04  3.35058564e-08  3.30003924e+00  3.35058564e-08  3.30000000e+00  3.35058564e-08  1.86847201e-06 
 3.40058564e-08  2.75312980e-04  3.40058564e-08  3.29996097e+00  3.40058564e-08  3.30000000e+00  3.40058564e-08 -1.85558429e-06 
 3.45058564e-08 -2.62406106e-04  3.45058564e-08  3.30003854e+00  3.45058564e-08  3.30000000e+00  3.45058564e-08  1.84317635e-06 
 3.50058564e-08  2.52791738e-04  3.50058564e-08  3.29996181e+00  3.50058564e-08  3.30000000e+00  3.50058564e-08 -1.83161175e-06 
 3.55058564e-08 -2.41204988e-04  3.55058564e-08  3.30003759e+00  3.55058564e-08  3.30000000e+00  3.55058564e-08  1.82046046e-06 
 3.60058564e-08  2.32563892e-04  3.60058564e-08  3.29996286e+00  3.60058564e-08  3.30000000e+00  3.60058564e-08 -1.81007083e-06 
 3.65058564e-08 -2.22113253e-04  3.65058564e-08  3.30003648e+00  3.65058564e-08  3.30000000e+00  3.65058564e-08  1.80003738e-06 
 3.70058564e-08  2.14307589e-04  3.70058564e-08  3.29996404e+00  3.70058564e-08  3.30000000e+00  3.70058564e-08 -1.79069416e-06 
 3.75058564e-08 -2.04846346e-04  3.75058564e-08  3.30003526e+00  3.75058564e-08  3.30000000e+00  3.75058564e-08  1.78165763e-06 
 3.80058564e-08  1.97766727e-04  3.80058564e-08  3.29996529e+00  3.80058564e-08  3.30000000e+00  3.80058564e-08 -1.77324847e-06 
 3.85058564e-08 -1.89175545e-04  3.85058564e-08  3.30003399e+00  3.85058564e-08  3.30000000e+00  3.85058564e-08  1.76510282e-06 
 3.90058564e-08  1.82733285e-04  3.90058564e-08  3.29996658e+00  3.90058564e-08  3.30000000e+00  3.90058564e-08 -1.75752891e-06 
 3.95058564e-08 -1.74913300e-04  3.95058564e-08  3.30003270e+00  3.95058564e-08  3.30000000e+00  3.95058564e-08  1.75018062e-06 
 4.00058564e-08  1.69035062e-04  4.00058564e-08  3.29996788e+00  4.00058564e-08  3.30000000e+00  4.00058564e-08 -1.74335466e-06 
 4.05058564e-08 -1.61903020e-04  4.05058564e-08  3.30003141e+00  4.05058564e-08  3.30000000e+00  4.05058564e-08  1.73672095e-06 
 4.10058564e-08  1.56527083e-04  4.10058564e-08  3.29996918e+00  4.10058564e-08  3.30000000e+00  4.10058564e-08 -1.73056552e-06 
 4.15058564e-08 -1.50011877e-04  4.15058564e-08  3.30003012e+00  4.15058564e-08  3.30000000e+00  4.15058564e-08  1.72457285e-06 
 4.20058564e-08  1.45085508e-04  4.20058564e-08  3.29997045e+00  4.20058564e-08  3.30000000e+00  4.20058564e-08 -1.71901908e-06 
 4.25058564e-08 -1.39125675e-04  4.25058564e-08  3.30002886e+00  4.25058564e-08  3.30000000e+00  4.25058564e-08  1.71360198e-06 
 4.30058564e-08  1.34603247e-04  4.30058564e-08  3.29997171e+00  4.30058564e-08  3.30000000e+00  4.30058564e-08 -1.70858850e-06 
 4.35058564e-08 -1.29145138e-04  4.35058564e-08  3.30002763e+00  4.35058564e-08  3.30000000e+00  4.35058564e-08  1.70368853e-06 
 4.40058564e-08  1.24986767e-04  4.40058564e-08  3.29997293e+00  4.40058564e-08  3.30000000e+00  4.40058564e-08 -1.69916055e-06 
 4.45058564e-08 -1.19983170e-04  4.45058564e-08  3.30002642e+00  4.45058564e-08  3.30000000e+00  4.45058564e-08  1.69472549e-06 
 4.50058564e-08  1.16153705e-04  4.50058564e-08  3.29997411e+00  4.50058564e-08  3.30000000e+00  4.50058564e-08 -1.69063401e-06 
 4.55058564e-08 -1.11562807e-04  4.55058564e-08  3.30002526e+00  4.55058564e-08  3.30000000e+00  4.55058564e-08  1.68661717e-06 
 4.60058564e-08  1.08031068e-04  4.60058564e-08  3.29997526e+00  4.60058564e-08  3.30000000e+00  4.60058564e-08 -1.68291834e-06 
 4.65058564e-08 -1.03815640e-04  4.65058564e-08  3.30002413e+00  4.65058564e-08  3.30000000e+00  4.65058564e-08  1.67927787e-06 
 4.70058564e-08  1.00553827e-04  4.70058564e-08  3.29997638e+00  4.70058564e-08  3.30000000e+00  4.70058564e-08 -1.67593243e-06 
 4.75058564e-08 -9.66805836e-05  4.75058564e-08  3.30002304e+00  4.75058564e-08  3.30000000e+00  4.75058564e-08  1.67263084e-06 
 4.80058564e-08  9.36638179e-05  4.80058564e-08  3.29997745e+00  4.80058564e-08  3.30000000e+00  4.80058564e-08 -1.66960356e-06 
 4.85058564e-08 -9.01028943e-05  4.85058564e-08  3.30002199e+00  4.85058564e-08  3.30000000e+00  4.85058564e-08  1.66660725e-06 
 4.90058564e-08  8.73088403e-05  4.90058564e-08  3.29997848e+00  4.90058564e-08  3.30000000e+00  4.90058564e-08 -1.66386656e-06 
 4.95058564e-08 -8.40333690e-05  4.95058564e-08  3.30002098e+00  4.95058564e-08  3.30000000e+00  4.95058564e-08  1.66114536e-06 
 5.00058564e-08  8.14419283e-05  5.00058564e-08  3.29997948e+00  5.00058564e-08  3.30000000e+00  5.00058564e-08 -1.65866292e-06 
 5.05058564e-08 -7.84276803e-05  5.05058564e-08  3.30002000e+00  5.05058564e-08  3.30000000e+00  5.05058564e-08  1.65618975e-06 
 5.10058564e-08  7.60207335e-05  5.10058564e-08  3.29998043e+00  5.10058564e-08  3.30000000e+00  5.10058564e-08 -1.65394013e-06 
 5.15058564e-08 -7.32458174e-05  5.15058564e-08  3.30001907e+00  5.15058564e-08  3.30000000e+00  5.15058564e-08  1.65169068e-06 
 5.20058564e-08  7.10070052e-05  5.20058564e-08  3.29998135e+00  5.20058564e-08  3.30000000e+00  5.20058564e-08 -1.64965103e-06 
 5.25058564e-08 -6.84516076e-05  5.25058564e-08  3.30001817e+00  5.25058564e-08  3.30000000e+00  5.25058564e-08  1.64760346e-06 
 5.30058564e-08  6.63661421e-05  5.30058564e-08  3.29998223e+00  5.30058564e-08  3.30000000e+00  5.30058564e-08 -1.64575327e-06 
 5.35058564e-08 -6.40123043e-05  5.35058564e-08  3.30001731e+00  5.35058564e-08  3.30000000e+00  5.35058564e-08  1.64388795e-06 
 5.40058564e-08  6.20668048e-05  5.40058564e-08  3.29998307e+00  5.40058564e-08  3.30000000e+00  5.40058564e-08 -1.64220877e-06 
 5.45058564e-08 -5.98982272e-05  5.45058564e-08  3.30001649e+00  5.45058564e-08  3.30000000e+00  5.45058564e-08  1.64050806e-06 
 5.50058564e-08  5.80805760e-05  5.50058564e-08  3.29998388e+00  5.50058564e-08  3.30000000e+00  5.50058564e-08 -1.63898332e-06 
 5.55058564e-08 -5.60824470e-05  5.55058564e-08  3.30001570e+00  5.55058564e-08  3.30000000e+00  5.55058564e-08  1.63743135e-06 
 5.60058564e-08  5.43816618e-05  5.60058564e-08  3.29998465e+00  5.60058564e-08  3.30000000e+00  5.60058564e-08 -1.63604615e-06 
 5.65058564e-08 -5.25405070e-05  5.65058564e-08  3.30001495e+00  5.65058564e-08  3.30000000e+00  5.65058564e-08  1.63462866e-06 
 5.70058564e-08  5.09466276e-05  5.70058564e-08  3.29998539e+00  5.70058564e-08  3.30000000e+00  5.70058564e-08 -1.63336958e-06 
 5.75058564e-08 -4.92501755e-05  5.75058564e-08  3.30001422e+00  5.75058564e-08  3.30000000e+00  5.75058564e-08  1.63207372e-06 
 5.80058564e-08  4.77541633e-05  5.80058564e-08  3.29998610e+00  5.80058564e-08  3.30000000e+00  5.80058564e-08 -1.63092872e-06 
 5.85058564e-08 -4.61912268e-05  5.85058564e-08  3.30001353e+00  5.85058564e-08  3.30000000e+00  5.85058564e-08  1.62974294e-06 
 5.90058564e-08  4.47848740e-05  5.90058564e-08  3.29998677e+00  5.90058564e-08  3.30000000e+00  5.90058564e-08 -1.62870115e-06 
 5.95058564e-08 -4.33452441e-05  5.95058564e-08  3.30001288e+00  5.95058564e-08  3.30000000e+00  5.95058564e-08  1.62761503e-06 
 6.00058564e-08  4.20210935e-05  6.00058564e-08  3.29998742e+00  6.00058564e-08  3.30000000e+00  6.00058564e-08 -1.62666669e-06 
 6.05058564e-08 -4.06954450e-05  6.05058564e-08  3.30001225e+00  6.05058564e-08  3.30000000e+00  6.05058564e-08  1.62567087e-06 
 6.10058564e-08  3.94467167e-05  6.10058564e-08  3.29998803e+00  6.10058564e-08  3.30000000e+00  6.10058564e-08 -1.62480717e-06 
 6.15058564e-08 -3.82265232e-05  6.15058564e-08  3.30001165e+00  6.15058564e-08  3.30000000e+00  6.15058564e-08  1.62389321e-06 
 6.20058564e-08  3.70470500e-05  6.20058564e-08  3.29998862e+00  6.20058564e-08  3.30000000e+00  6.20058564e-08 -1.62310622e-06 
 6.25058564e-08 -3.59245083e-05  6.25058564e-08  3.30001107e+00  6.25058564e-08  3.30000000e+00  6.25058564e-08  1.62226650e-06 
 6.30058564e-08  3.48086765e-05  6.30058564e-08  3.29998918e+00  6.30058564e-08  3.30000000e+00  6.30058564e-08 -1.62154908e-06 
 6.35058564e-08 -3.37766386e-05  6.35058564e-08  3.30001053e+00  6.35058564e-08  3.30000000e+00  6.35058564e-08  1.62077674e-06 
 6.40058564e-08  3.27193352e-05  6.40058564e-08  3.29998972e+00  6.40058564e-08  3.30000000e+00  6.40058564e-08 -1.62012245e-06 
 6.45058564e-08 -3.17712471e-05  6.45058564e-08  3.30001001e+00  6.45058564e-08  3.30000000e+00  6.45058564e-08  1.61941131e-06 
 6.50058564e-08  3.07678127e-05  6.50058564e-08  3.29999022e+00  6.50058564e-08  3.30000000e+00  6.50058564e-08 -1.61881433e-06 
 6.55058564e-08 -2.98976594e-05  6.55058564e-08  3.30000951e+00  6.55058564e-08  3.30000000e+00  6.55058564e-08  1.61815879e-06 
 6.60058564e-08  2.89438444e-05  6.60058564e-08  3.29999071e+00  6.60058564e-08  3.30000000e+00  6.60058564e-08 -1.61761389e-06 
 6.65058564e-08 -2.81461007e-05  6.65058564e-08  3.30000904e+00  6.65058564e-08  3.30000000e+00  6.65058564e-08  1.61700891e-06 
 6.70058564e-08  2.72380276e-05  6.70058564e-08  3.29999117e+00  6.70058564e-08  3.30000000e+00  6.70058564e-08 -1.61651135e-06 
 6.75058564e-08 -2.65076133e-05  6.75058564e-08  3.30000859e+00  6.75058564e-08  3.30000000e+00  6.75058564e-08  1.61595239e-06 
 6.80058564e-08  2.56417411e-05  6.80058564e-08  3.29999161e+00  6.80058564e-08  3.30000000e+00  6.80058564e-08 -1.61549790e-06 
 6.85058564e-08 -2.49739810e-05  6.85058564e-08  3.30000816e+00  6.85058564e-08  3.30000000e+00  6.85058564e-08  1.61498083e-06 
 6.90058564e-08  2.41470739e-05  6.90058564e-08  3.29999203e+00  6.90058564e-08  3.30000000e+00  6.90058564e-08 -1.61456555e-06 
 6.95058564e-08 -2.35376618e-05  6.95058564e-08  3.30000775e+00  6.95058564e-08  3.30000000e+00  6.95058564e-08  1.61408666e-06 
 7.00058564e-08  2.27467608e-05  7.00058564e-08  3.29999243e+00  7.00058564e-08  3.30000000e+00  7.00058564e-08 -1.61370710e-06 
 7.01000000e-08 -1.90762242e-05  7.01000000e-08  3.30000663e+00  7.01000000e-08  3.30000000e+00  7.01000000e-08  1.61187282e-06 
 7.01100000e-08 -2.87637651e-03  7.01100000e-08  3.29714413e+00  7.01100000e-08  2.97000000e+00  7.01100000e-08 -2.80002288e-04 
 7.01300000e-08 -1.85650362e-02  7.01300000e-08  3.27848336e+00  7.01300000e-08  2.31000000e+00  7.01300000e-08 -3.61787137e-04 
 7.01700000e-08 -1.68440876e-02  7.01700000e-08  3.24804458e+00  7.01700000e-08  9.90000000e-01  7.01700000e-08 -7.85110487e-04 
 7.02000000e-08  5.93701253e-02  7.02000000e-08  3.25930611e+00  7.02000000e-08  0.00000000e+00  7.02000000e-08 -1.14592728e-03 
 7.02046545e-08  8.24062565e-02  7.02046545e-08  3.27035206e+00  7.02046545e-08  0.00000000e+00  7.02046545e-08 -7.98622036e-04 
 7.02139636e-08  1.26777181e-01  7.02139636e-08  3.29016154e+00  7.02139636e-08  0.00000000e+00  7.02139636e-08 -7.86688558e-04 
 7.02325818e-08  2.08122853e-01  7.02325818e-08  3.32041909e+00  7.02325818e-08  0.00000000e+00  7.02325818e-08 -7.68487650e-04 
 7.02698181e-08  3.60429390e-01  7.02698181e-08  3.35685633e+00  7.02698181e-08  0.00000000e+00  7.02698181e-08 -7.34160061e-04 
 7.03442906e-08  6.78941576e-01  7.03442906e-08  3.39287407e+00  7.03442906e-08  0.00000000e+00  7.03442906e-08 -6.94267500e-04 
 7.04666710e-08  1.41227346e+00  7.04666710e-08  3.46875986e+00  7.04666710e-08  0.00000000e+00  7.04666710e-08 -5.08888988e-04 
 7.05922556e-08  2.15447839e+00  7.05922556e-08  3.50334120e+00  7.05922556e-08  0.00000000e+00  7.05922556e-08 -2.46410020e-04 
 7.07305007e-08  2.67805412e+00  7.07305007e-08  3.43479987e+00  7.07305007e-08  0.00000000e+00  7.07305007e-08 -8.40761022e-05 
 7.08619865e-08  2.99160842e+00  7.08619865e-08  3.39011758e+00  7.08619865e-08  0.00000000e+00  7.08619865e-08 -3.79457790e-05 
 7.10045955e-08  3.17076136e+00  7.10045955e-08  3.34569674e+00  7.10045955e-08  0.00000000e+00  7.10045955e-08 -1.35833123e-05 
 7.12000894e-08  3.26517684e+00  7.12000894e-08  3.31617870e+00  7.12000894e-08  0.00000000e+00  7.12000894e-08 -5.79520830e-06 
 7.14420137e-08  3.29422411e+00  7.14420137e-08  3.30366046e+00  7.14420137e-08  0.00000000e+00  7.14420137e-08  7.81452350e-07 
 7.18748176e-08  3.30068667e+00  7.18748176e-08  3.29968448e+00  7.18748176e-08  0.00000000e+00  7.18748176e-08 -2.18788395e-06 
 7.23748176e-08  3.29986299e+00  7.23748176e-08  3.30004246e+00  7.23748176e-08  0.00000000e+00  7.23748176e-08  1.41926825e-06 
 7.28748176e-08  3.30003542e+00  7.28748176e-08  3.30000297e+00  7.28748176e-08  0.00000000e+00  7.28748176e-08 -2.07238419e-06 
 7.33748176e-08  3.29999188e+00  7.33748176e-08  3.29999853e+00  7.33748176e-08  0.00000000e+00  7.33748176e-08  1.55676713e-06 
 7.38748176e-08  3.30000213e+00  7.38748176e-08  3.30000179e+00  7.38748176e-08  0.00000000e+00  7.38748176e-08 -1.99893079e-06 
 7.43748176e-08  3.29999978e+00  7.43748176e-08  3.30000000e+00  7.43748176e-08  0.00000000e+00  7.43748176e-08  1.61967120e-06 
 7.48748176e-08  3.30000029e+00  7.48748176e-08  3.30000061e+00  7.48748176e-08  0.00000000e+00  7.48748176e-08 -1.95407595e-06 
 7.53748176e-08  3.30000013e+00  7.53748176e-08  3.30000020e+00  7.53748176e-08  0.00000000e+00  7.53748176e-08  1.65661260e-06 
 7.58748176e-08  3.30000012e+00  7.58748176e-08  3.30000032e+00  7.58748176e-08  0.00000000e+00  7.58748176e-08 -1.92499576e-06 
 7.63748176e-08  3.30000010e+00  7.63748176e-08  3.30000018e+00  7.63748176e-08  0.00000000e+00  7.63748176e-08  1.68106440e-06 
 7.68748176e-08  3.30000008e+00  7.68748176e-08  3.30000020e+00  7.68748176e-08  0.00000000e+00  7.68748176e-08 -1.90477881e-06 
 7.73748176e-08  3.30000007e+00  7.73748176e-08  3.30000014e+00  7.73748176e-08  0.00000000e+00  7.73748176e-08  1.69842785e-06 
 7.78748176e-08  3.30000006e+00  7.78748176e-08  3.30000014e+00  7.78748176e-08  0.00000000e+00  7.78748176e-08 -1.88995813e-06 
 7.83748176e-08  3.30000005e+00  7.83748176e-08  3.30000011e+00  7.83748176e-08  0.00000000e+00  7.83748176e-08  1.71137741e-06 
 7.88748176e-08  3.30000004e+00  7.88748176e-08  3.30000010e+00  7.88748176e-08  0.00000000e+00  7.88748176e-08 -1.87865142e-06 
 7.93748176e-08  3.30000004e+00  7.93748176e-08  3.30000008e+00  7.93748176e-08  0.00000000e+00  7.93748176e-08  1.72139698e-06 
 7.98748176e-08  3.30000003e+00  7.98748176e-08  3.30000008e+00  7.98748176e-08  0.00000000e+00  7.98748176e-08 -1.86975508e-06 
 8.03748176e-08  3.30000003e+00  8.03748176e-08  3.30000007e+00  8.03748176e-08  0.00000000e+00  8.03748176e-08  1.72937397e-06 
 8.08748176e-08  3.30000002e+00  8.08748176e-08  3.30000006e+00  8.08748176e-08  0.00000000e+00  8.08748176e-08 -1.86258062e-06 
 8.13748176e-08  3.30000002e+00  8.13748176e-08  3.30000005e+00  8.13748176e-08  0.00000000e+00  8.13748176e-08  1.73587115e-06 
 8.18748176e-08  3.30000002e+00  8.18748176e-08  3.30000005e+00  8.18748176e-08  0.00000000e+00  8.18748176e-08 -1.85667717e-06 
 8.23748176e-08  3.30000001e+00  8.23748176e-08  3.30000004e+00  8.23748176e-08  0.00000000e+00  8.23748176e-08  1.74126251e-06 
 8.28748176e-08  3.30000001e+00  8.28748176e-08  3.30000004e+00  8.28748176e-08  0.00000000e+00  8.28748176e-08 -1.85173758e-06 
 8.33748176e-08  3.30000001e+00  8.33748176e-08  3.30000003e+00  8.33748176e-08  0.00000000e+00  8.33748176e-08  1.74580618e-06 
 8.38748176e-08  3.30000001e+00  8.38748176e-08  3.30000003e+00  8.38748176e-08  0.00000000e+00  8.38748176e-08 -1.84754570e-06 
 8.43748176e-08  3.30000001e+00  8.43748176e-08  3.30000003e+00  8.43748176e-08  0.00000000e+00  8.43748176e-08  1.74968600e-06 
 8.48748176e-08  3.30000001e+00  8.48748176e-08  3.30000002e+00  8.48748176e-08  0.00000000e+00  8.48748176e-08 -1.84394514e-06 
 8.53748176e-08  3.30000000e+00  8.53748176e-08  3.30000002e+00  8.53748176e-08  0.00000000e+00  8.53748176e-08  1.75303645e-06 
 8.58748176e-08  3.30000000e+00  8.58748176e-08  3.30000002e+00  8.58748176e-08  0.00000000e+00  8.58748176e-08 -1.84082005e-06 
 8.63748176e-08  3.30000000e+00  8.63748176e-08  3.30000002e+00  8.63748176e-08  0.00000000e+00  8.63748176e-08  1.75595812e-06 
 8.68748176e-08  3.30000000e+00  8.68748176e-08  3.30000002e+00  8.68748176e-08  0.00000000e+00  8.68748176e-08 -1.83808283e-06 
 8.73748176e-08  3.30000000e+00  8.73748176e-08  3.30000001e+00  8.73748176e-08  0.00000000e+00  8.73748176e-08  1.75852773e-06 
 8.78748176e-08  3.30000000e+00  8.78748176e-08  3.30000001e+00  8.78748176e-08  0.00000000e+00  8.78748176e-08 -1.83566605e-06 
 8.83748176e-08  3.30000000e+00  8.83748176e-08  3.30000001e+00  8.83748176e-08  0.00000000e+00  8.83748176e-08  1.76080482e-06 
 8.88748176e-08  3.30000000e+00  8.88748176e-08  3.30000001e+00  8.88748176e-08  0.00000000e+00  8.88748176e-08 -1.83351699e-06 
 8.93748176e-08  3.30000000e+00  8.93748176e-08  3.30000001e+00  8.93748176e-08  0.00000000e+00  8.93748176e-08  1.76283627e-06 
 8.98748176e-08  3.30000000e+00  8.98748176e-08  3.30000001e+00  8.98748176e-08  0.00000000e+00  8.98748176e-08 -1.83159384e-06 
 9.03748176e-08  3.30000000e+00  9.03748176e-08  3.30000001e+00  9.03748176e-08  0.00000000e+00  9.03748176e-08  1.76465950e-06 
 9.08748176e-08  3.30000000e+00  9.08748176e-08  3.30000001e+00  9.08748176e-08  0.00000000e+00  9.08748176e-08 -1.82986301e-06 
 9.13748176e-08  3.30000000e+00  9.13748176e-08  3.30000000e+00  9.13748176e-08  0.00000000e+00  9.13748176e-08  1.76630472e-06 
 9.18748176e-08  3.30000000e+00  9.18748176e-08  3.30000000e+00  9.18748176e-08  0.00000000e+00  9.18748176e-08 -1.82829725e-06 
 9.23748176e-08  3.30000000e+00  9.23748176e-08  3.30000000e+00  9.23748176e-08  0.00000000e+00  9.23748176e-08  1.76779659e-06 
 9.28748176e-08  3.29999999e+00  9.28748176e-08  3.30000000e+00  9.28748176e-08  0.00000000e+00  9.28748176e-08 -1.82687419e-06 
 9.33748176e-08  3.29999999e+00  9.33748176e-08  3.30000000e+00  9.33748176e-08  0.00000000e+00  9.33748176e-08  1.76915546e-06 
 9.38748176e-08  3.29999999e+00  9.38748176e-08  3.30000000e+00  9.38748176e-08  0.00000000e+00  9.38748176e-08 -1.82557531e-06 
 9.43748176e-08  3.29999999e+00  9.43748176e-08  3.30000000e+00  9.43748176e-08  0.00000000e+00  9.43748176e-08  1.77039821e-06 
 9.48748176e-08  3.29999999e+00  9.48748176e-08  3.30000000e+00  9.48748176e-08  0.00000000e+00  9.48748176e-08 -1.82438516e-06 
 9.53748176e-08  3.29999999e+00  9.53748176e-08  3.30000000e+00  9.53748176e-08  0.00000000e+00  9.53748176e-08  1.77153901e-06 
 9.58748176e-08  3.29999999e+00  9.58748176e-08  3.30000000e+00  9.58748176e-08  0.00000000e+00  9.58748176e-08 -1.82329072e-06 
 9.63748176e-08  3.29999999e+00  9.63748176e-08  3.30000000e+00  9.63748176e-08  0.00000000e+00  9.63748176e-08  1.77258983e-06 
 9.68748176e-08  3.29999999e+00  9.68748176e-08  3.30000000e+00  9.68748176e-08  0.00000000e+00  9.68748176e-08 -1.82228097e-06 
 9.73748176e-08  3.29999999e+00  9.73748176e-08  3.30000000e+00  9.73748176e-08  0.00000000e+00  9.73748176e-08  1.77356084e-06 
 9.78748176e-08  3.29999999e+00  9.78748176e-08  3.30000000e+00  9.78748176e-08  0.00000000e+00  9.78748176e-08 -1.82134653e-06 
 9.83748176e-08  3.29999999e+00  9.83748176e-08  3.30000000e+00  9.83748176e-08  0.00000000e+00  9.83748176e-08  1.77446073e-06 
 9.88748176e-08  3.29999999e+00  9.88748176e-08  3.30000000e+00  9.88748176e-08  0.00000000e+00  9.88748176e-08 -1.82047932e-06 
 9.93748176e-08  3.29999999e+00  9.93748176e-08  3.30000000e+00  9.93748176e-08  0.00000000e+00  9.93748176e-08  1.77529699e-06 
 9.98748176e-08  3.29999999e+00  9.98748176e-08  3.30000000e+00  9.98748176e-08  0.00000000e+00  9.98748176e-08 -1.81967240e-06 
 1.00000000e-07  3.29999999e+00  1.00000000e-07  3.30000000e+00  1.00000000e-07  0.00000000e+00  1.00000000e-07  1.77579037e-06 
 1.00050000e-07  3.29999999e+00  1.00050000e-07  3.30000000e+00  1.00050000e-07  0.00000000e+00  1.00050000e-07 -2.18540576e-08 
 1.00150000e-07  3.29999999e+00  1.00150000e-07  3.30000000e+00  1.00150000e-07  0.00000000e+00  1.00150000e-07 -2.17772902e-08 
 1.00350000e-07  3.29999999e+00  1.00350000e-07  3.30000000e+00  1.00350000e-07  0.00000000e+00  1.00350000e-07 -2.16255271e-08 
 1.00750000e-07  3.29999999e+00  1.00750000e-07  3.30000000e+00  1.00750000e-07  0.00000000e+00  1.00750000e-07 -2.13280746e-08 
 1.01250000e-07  3.29999999e+00  1.01250000e-07  3.30000000e+00  1.01250000e-07  0.00000000e+00  1.01250000e-07 -2.09674314e-08 
 1.01750000e-07  3.29999999e+00  1.01750000e-07  3.29999999e+00  1.01750000e-07  0.00000000e+00  1.01750000e-07 -2.06185331e-08 
 1.02250000e-07  3.29999999e+00  1.02250000e-07  3.29999999e+00  1.02250000e-07  0.00000000e+00  1.02250000e-07 -2.02809057e-08 
 1.02750000e-07  3.29999999e+00  1.02750000e-07  3.29999999e+00  1.02750000e-07  0.00000000e+00  1.02750000e-07 -1.99539262e-08 
 1.03250000e-07  3.29999999e+00  1.03250000e-07  3.29999999e+00  1.03250000e-07  0.00000000e+00  1.03250000e-07 -1.96371932e-08 
 1.03750000e-07  3.29999999e+00  1.03750000e-07  3.29999999e+00  1.03750000e-07  0.00000000e+00  1.03750000e-07 -1.93301437e-08 
 1.04250000e-07  3.29999999e+00  1.04250000e-07  3.29999999e+00  1.04250000e-07  0.00000000e+00  1.04250000e-07 -1.90324363e-08 
 1.04750000e-07  3.29999999e+00  1.04750000e-07  3.29999999e+00  1.04750000e-07  0.00000000e+00  1.04750000e-07 -1.87435606e-08 
 1.05250000e-07  3.29999999e+00  1.05250000e-07  3.29999999e+00  1.05250000e-07  0.00000000e+00  1.05250000e-07 -1.84632257e-08 
 1.05750000e-07  3.29999999e+00  1.05750000e-07  3.29999999e+00  1.05750000e-07  0.00000000e+00  1.05750000e-07 -1.81909670e-08 
 1.06250000e-07  3.29999999e+00  1.06250000e-07  3.29999999e+00  1.06250000e-07  0.00000000e+00  1.06250000e-07 -1.79265369e-08 
 1.06750000e-07  3.29999999e+00  1.06750000e-07  3.29999999e+00  1.06750000e-07  0.00000000e+00  1.06750000e-07 -1.76695106e-08 
 1.07250000e-07  3.29999999e+00  1.07250000e-07  3.29999999e+00  1.07250000e-07  0.00000000e+00  1.07250000e-07 -1.74196779e-08 
 1.07750000e-07  3.29999999e+00  1.07750000e-07  3.29999999e+00  1.07750000e-07  0.00000000e+00  1.07750000e-07 -1.71766485e-08 
 1.08250000e-07  3.29999999e+00  1.08250000e-07  3.29999999e+00  1.08250000e-07  0.00000000e+00  1.08250000e-07 -1.69402447e-08 
 1.08750000e-07  3.29999999e+00  1.08750000e-07  3.29999999e+00  1.08750000e-07  0.00000000e+00  1.08750000e-07 -1.67101063e-08 
 1.09250000e-07  3.29999999e+00  1.09250000e-07  3.29999999e+00  1.09250000e-07  0.00000000e+00  1.09250000e-07 -1.64860838e-08 
 1.09750000e-07  3.29999999e+00  1.09750000e-07  3.29999999e+00  1.09750000e-07  0.00000000e+00  1.09750000e-07 -1.62678436e-08 
 1.10250000e-07  3.29999999e+00  1.10250000e-07  3.29999999e+00  1.10250000e-07  0.00000000e+00  1.10250000e-07 -1.60552609e-08 
 1.10750000e-07  3.29999999e+00  1.10750000e-07  3.29999999e+00  1.10750000e-07  0.00000000e+00  1.10750000e-07 -1.58480250e-08 
 1.11250000e-07  3.29999999e+00  1.11250000e-07  3.29999999e+00  1.11250000e-07  0.00000000e+00  1.11250000e-07 -1.56460331e-08 
 1.11750000e-07  3.29999999e+00  1.11750000e-07  3.29999999e+00  1.11750000e-07  0.00000000e+00  1.11750000e-07 -1.54489949e-08 
 1.12250000e-07  3.29999999e+00  1.12250000e-07  3.29999999e+00  1.12250000e-07  0.00000000e+00  1.12250000e-07 -1.52568265e-08 
 1.12750000e-07  3.29999999e+00  1.12750000e-07  3.29999999e+00  1.12750000e-07  0.00000000e+00  1.12750000e-07 -1.50692558e-08 
 1.13250000e-07  3.29999999e+00  1.13250000e-07  3.29999999e+00  1.13250000e-07  0.00000000e+00  1.13250000e-07 -1.48862159e-08 
 1.13750000e-07  3.29999999e+00  1.13750000e-07  3.29999999e+00  1.13750000e-07  0.00000000e+00  1.13750000e-07 -1.47074505e-08 
 1.14250000e-07  3.29999999e+00  1.14250000e-07  3.29999999e+00  1.14250000e-07  0.00000000e+00  1.14250000e-07 -1.45329077e-08 
 1.14750000e-07  3.29999999e+00  1.14750000e-07  3.29999999e+00  1.14750000e-07  0.00000000e+00  1.14750000e-07 -1.43623454e-08 
 1.15250000e-07  3.29999999e+00  1.15250000e-07  3.29999999e+00  1.15250000e-07  0.00000000e+00  1.15250000e-07 -1.41957252e-08 
 1.15750000e-07  3.29999999e+00  1.15750000e-07  3.29999999e+00  1.15750000e-07  0.00000000e+00  1.15750000e-07 -1.40328175e-08 
 1.16250000e-07  3.29999999e+00  1.16250000e-07  3.29999999e+00  1.16250000e-07  0.00000000e+00  1.16250000e-07 -1.38735956e-08 
 1.16750000e-07  3.29999999e+00  1.16750000e-07  3.29999999e+00  1.16750000e-07  0.00000000e+00  1.16750000e-07 -1.37178415e-08 
 1.17250000e-07  3.29999999e+00  1.17250000e-07  3.29999999e+00  1.17250000e-07  0.00000000e+00  1.17250000e-07 -1.35655391e-08 
 1.17750000e-07  3.29999999e+00  1.17750000e-07  3.29999999e+00  1.17750000e-07  0.00000000e+00  1.17750000e-07 -1.34164802e-08 
 1.18250000e-07  3.29999999e+00  1.18250000e-07  3.29999999e+00  1.18250000e-07  0.00000000e+00  1.18250000e-07 -1.32706585e-08 
 1.18750000e-07  3.29999999e+00  1.18750000e-07  3.29999999e+00  1.18750000e-07  0.00000000e+00  1.18750000e-07 -1.31278748e-08 
 1.19250000e-07  3.29999999e+00  1.19250000e-07  3.29999999e+00  1.19250000e-07  0.00000000e+00  1.19250000e-07 -1.29881312e-08 
 1.19750000e-07  3.29999999e+00  1.19750000e-07  3.29999999e+00  1.19750000e-07  0.00000000e+00  1.19750000e-07 -1.28512369e-08 
 1.20000000e-07  3.29999999e+00  1.20000000e-07  3.29999999e+00  1.20000000e-07  0.00000000e+00  1.20000000e-07 -1.27838892e-08 
 1.20010000e-07  3.32180716e+00  1.20010000e-07  3.32181654e+00  1.20010000e-07  3.30000000e-01  1.20010000e-07  4.01841641e-04 
 1.20030000e-07  3.36309259e+00  1.20030000e-07  3.36312587e+00  1.20030000e-07  9.90000000e-01  1.20030000e-07  4.43901175e-04 
 1.20070000e-07  3.44258069e+00  1.20070000e-07  3.44266647e+00  1.20070000e-07  2.31000000e+00  1.20070000e-07  4.19756438e-04 
 1.20100000e-07  3.48072068e+00  1.20100000e-07  3.48092232e+00  1.20100000e-07  3.30000000e+00  1.20100000e-07  2.56687480e-04 
 1.20105671e-07  3.48039207e+00  1.20105671e-07  3.48045694e+00  1.20105671e-07  3.30000000e+00  1.20105671e-07 -6.22524142e-06 
 1.20117012e-07  3.47907190e+00  1.20117012e-07  3.47876905e+00  1.20117012e-07  3.30000000e+00  1.20117012e-07 -1.64236653e-05 
 1.20139694e-07  3.47284152e+00  1.20139694e-07  3.47143529e+00  1.20139694e-07  3.30000000e+00  1.20139694e-07 -2.56776863e-05 
 1.20185058e-07  3.45408584e+00  1.20185058e-07  3.45054068e+00  1.20185058e-07  3.30000000e+00  1.20185058e-07 -3.63954123e-05 
 1.20266300e-07  3.34214875e+00  1.20266300e-07  3.35778792e+00  1.20266300e-07  3.30000000e+00  1.20266300e-07 -4.60917680e-05 
 1.20351532e-07  3.02344787e+00  1.20351532e-07  3.13781384e+00  1.20351532e-07  3.30000000e+00  1.20351532e-07 -9.20492109e-05 
 1.20441087e-07  2.63479596e+00  1.20441087e-07  2.82081312e+00  1.20441087e-07  3.30000000e+00  1.20441087e-07 -6.46521799e-05 
 1.20542599e-07  2.24430564e+00  1.20542599e-07  2.48860411e+00  1.20542599e-07  3.30000000e+00  1.20542599e-07 -1.06383125e-04 
 1.20687851e-07  1.68255952e+00  1.20687851e-07  2.32144832e+00  1.20687851e-07  3.30000000e+00  1.20687851e-07 -1.64020872e-04 
 1.20850115e-07  1.04740687e+00  1.20850115e-07  2.68862200e+00  1.20850115e-07  3.30000000e+00  1.20850115e-07 -2.59636636e-04 
 1.20969355e-07  6.97592473e-01  1.20969355e-07  3.01461028e+00  1.20969355e-07  3.30000000e+00  1.20969355e-07 -1.59436530e-04 
 1.21118675e-07  4.24219854e-01  1.21118675e-07  3.21048286e+00  1.21118675e-07  3.30000000e+00  1.21118675e-07 -7.79875990e-05 
 1.21275648e-07  2.55623666e-01  1.21275648e-07  3.26575394e+00  1.21275648e-07  3.30000000e+00  1.21275648e-07 -2.42619774e-05 
 1.21460698e-07  1.42630627e-01  1.21460698e-07  3.28280109e+00  1.21460698e-07  3.30000000e+00  1.21460698e-07 -2.54286390e-05 
 1.21755439e-07  5.00217246e-02  1.21755439e-07  3.29369864e+00  1.21755439e-07  3.30000000e+00  1.21755439e-07  1.37659043e-06 
 1.22106270e-07  1.50452578e-02  1.22106270e-07  3.29839654e+00  1.22106270e-07  3.30000000e+00  1.22106270e-07 -9.48160679e-06 
 1.22606270e-07  6.06423030e-04  1.22606270e-07  3.29974490e+00  1.22606270e-07  3.30000000e+00  1.22606270e-07  7.45899991e-06 
 1.23106270e-07  8.93547781e-04  1.23106270e-07  3.30004174e+00  1.23106270e-07  3.30000000e+00  1.23106270e-07 -7.61899168e-06 
 1.23606270e-07 -6.77419809e-04  1.23606270e-07  3.29995730e+00  1.23606270e-07  3.30000000e+00  1.23606270e-07  7.56138901e-06 
 1.24106270e-07  6.38758665e-04  1.24106270e-07  3.30002595e+00  1.24106270e-07  3.30000000e+00  1.24106270e-07 -7.52878304e-06 
 1.24606270e-07 -5.86966198e-04  1.24606270e-07  3.29998584e+00  1.24606270e-07  3.30000000e+00  1.24606270e-07  7.49666199e-06 
 1.25106270e-07  5.47854497e-04  1.25106270e-07  3.30000392e+00  1.25106270e-07  3.30000000e+00  1.25106270e-07 -7.46749517e-06 
 1.25606270e-07 -5.08229406e-04  1.25606270e-07  3.30000401e+00  1.25606270e-07  3.30000000e+00  1.25606270e-07  7.44006035e-06 
 1.26106270e-07  4.77662471e-04  1.26106270e-07  3.29998932e+00  1.26106270e-07  3.30000000e+00  1.26106270e-07 -7.41482995e-06 
 1.26606270e-07 -4.45991831e-04  1.26606270e-07  3.30001585e+00  1.26606270e-07  3.30000000e+00  1.26606270e-07  7.39101085e-06 
 1.27106270e-07  4.21623055e-04  1.27106270e-07  3.29997982e+00  1.27106270e-07  3.30000000e+00  1.27106270e-07 -7.36899233e-06 
 1.27606270e-07 -3.95722172e-04  1.27606270e-07  3.30002342e+00  1.27606270e-07  3.30000000e+00  1.27606270e-07  7.34810829e-06 
 1.28106270e-07  3.75867508e-04  1.28106270e-07  3.29997384e+00  1.28106270e-07  3.30000000e+00  1.28106270e-07 -7.32874960e-06 
 1.28606270e-07 -3.54259441e-04  1.28606270e-07  3.30002808e+00  1.28606270e-07  3.30000000e+00  1.28606270e-07  7.31031865e-06 
 1.29106270e-07  3.37743082e-04  1.29106270e-07  3.29997026e+00  1.29106270e-07  3.30000000e+00  1.29106270e-07 -7.29320137e-06 
 1.29606270e-07 -3.19396024e-04  1.29606270e-07  3.30003079e+00  1.29606270e-07  3.30000000e+00  1.29606270e-07  7.27685371e-06 
 1.30106270e-07  3.05399421e-04  1.30106270e-07  3.29996828e+00  1.30106270e-07  3.30000000e+00  1.30106270e-07 -7.26165198e-06 
 1.30606270e-07 -2.89583788e-04  1.30606270e-07  3.30003218e+00  1.30606270e-07  3.30000000e+00  1.30606270e-07  7.24709575e-06 
 1.31106270e-07  2.77531177e-04  1.31106270e-07  3.29996738e+00  1.31106270e-07  3.30000000e+00  1.31106270e-07 -7.23354938e-06 
 1.31606270e-07 -2.63724187e-04  1.31606270e-07  3.30003269e+00  1.31606270e-07  3.30000000e+00  1.31606270e-07  7.22054888e-06 
 1.32106270e-07  2.53205305e-04  1.32106270e-07  3.29996721e+00  1.32106270e-07  3.30000000e+00  1.32106270e-07 -7.20844569e-06 
 1.32606270e-07 -2.41026459e-04  1.32606270e-07  3.30003260e+00  1.32606270e-07  3.30000000e+00  1.32606270e-07  7.19680681e-06 
 1.33106270e-07  2.31744421e-04  1.33106270e-07  3.29996751e+00  1.33106270e-07  3.30000000e+00  1.33106270e-07 -7.18597060e-06 
 1.33606270e-07 -2.20911792e-04  1.33606270e-07  3.30003213e+00  1.33606270e-07  3.30000000e+00  1.33606270e-07  7.17553081e-06 
 1.34106270e-07  2.12647871e-04  1.34106270e-07  3.29996813e+00  1.34106270e-07  3.30000000e+00  1.34106270e-07 -7.16581298e-06 
 1.34606270e-07 -2.02948426e-04  1.34606270e-07  3.30003141e+00  1.34606270e-07  3.30000000e+00  1.34606270e-07  7.15643426e-06 
 1.35106270e-07  1.95538223e-04  1.35106270e-07  3.29996895e+00  1.35106270e-07  3.30000000e+00  1.35106270e-07 -7.14770786e-06 
 1.35606270e-07 -1.86807596e-04  1.35606270e-07  3.30003052e+00  1.35606270e-07  3.30000000e+00  1.35606270e-07  7.13927162e-06 
 1.36106270e-07  1.80124866e-04  1.36106270e-07  3.29996989e+00  1.36106270e-07  3.30000000e+00  1.36106270e-07 -7.13142705e-06 
 1.36606270e-07 -1.72233516e-04  1.36606270e-07  3.30002953e+00  1.36606270e-07  3.30000000e+00  1.36606270e-07  7.12383041e-06 
 1.37106270e-07  1.66179147e-04  1.37106270e-07  3.29997092e+00  1.37106270e-07  3.30000000e+00  1.37106270e-07 -7.11677223e-06 
 1.37606270e-07 -1.59022840e-04  1.37606270e-07  3.30002849e+00  1.37606270e-07  3.30000000e+00  1.37606270e-07  7.10992525e-06 
 1.38106270e-07  1.53517313e-04  1.38106270e-07  3.29997198e+00  1.38106270e-07  3.30000000e+00  1.38106270e-07 -7.10356976e-06 
 1.38606270e-07 -1.47010522e-04  1.38606270e-07  3.30002742e+00  1.38606270e-07  3.30000000e+00  1.38606270e-07  7.09739336e-06 
 1.39106270e-07  1.41988712e-04  1.39106270e-07  3.29997306e+00  1.39106270e-07  3.30000000e+00  1.39106270e-07 -7.09166679e-06 
 1.39606270e-07 -1.36060006e-04  1.39606270e-07  3.30002634e+00  1.39606270e-07  3.30000000e+00  1.39606270e-07  7.08609107e-06 
 1.40106270e-07  1.31467579e-04  1.40106270e-07  3.29997414e+00  1.40106270e-07  3.30000000e+00  1.40106270e-07 -7.08092809e-06 
 1.40606270e-07 -1.26056363e-04  1.40606270e-07  3.30002527e+00  1.40606270e-07  3.30000000e+00  1.40606270e-07  7.07589107e-06 
 1.41106270e-07  1.21847245e-04  1.41106270e-07  3.29997521e+00  1.41106270e-07  3.30000000e+00  1.41106270e-07 -7.07123366e-06 
 1.41606270e-07 -1.16901431e-04  1.41606270e-07  3.30002421e+00  1.41606270e-07  3.30000000e+00  1.41606270e-07  7.06668019e-06 
 1.42106270e-07  1.13036009e-04  1.42106270e-07  3.29997626e+00  1.42106270e-07  3.30000000e+00  1.42106270e-07 -7.06247670e-06 
 1.42606270e-07 -1.08510326e-04  1.42606270e-07  3.30002318e+00  1.42606270e-07  3.30000000e+00  1.42606270e-07  7.05835763e-06 
 1.43106270e-07  1.04954154e-04  1.43106270e-07  3.29997728e+00  1.43106270e-07  3.30000000e+00  1.43106270e-07 -7.05456195e-06 
 1.43606270e-07 -1.00808894e-04  1.43606270e-07  3.30002217e+00  1.43606270e-07  3.30000000e+00  1.43606270e-07  7.05083337e-06 
 1.44106270e-07  9.75317443e-05  1.44106270e-07  3.29997828e+00  1.44106270e-07  3.30000000e+00  1.44106270e-07 -7.04740433e-06 
 1.44606270e-07 -9.37318227e-05  1.44606270e-07  3.30002120e+00  1.44606270e-07  3.30000000e+00  1.44606270e-07  7.04402698e-06 
 1.45106270e-07  9.07069754e-05  1.45106270e-07  3.29997924e+00  1.45106270e-07  3.30000000e+00  1.45106270e-07 -7.04092771e-06 
 1.45606270e-07 -8.72212079e-05  1.45606270e-07  3.30002025e+00  1.45606270e-07  3.30000000e+00  1.45606270e-07  7.03786644e-06 
 1.46106270e-07  8.44249081e-05  1.46106270e-07  3.29998017e+00  1.46106270e-07  3.30000000e+00  1.46106270e-07 -7.03506395e-06 
 1.46606270e-07 -8.12254462e-05  1.46606270e-07  3.30001933e+00  1.46606270e-07  3.30000000e+00  1.46606270e-07  7.03228727e-06 
 1.47106270e-07  7.86364803e-05  1.47106270e-07  3.29998108e+00  1.47106270e-07  3.30000000e+00  1.47106270e-07 -7.02975197e-06 
 1.47606270e-07 -7.56983585e-05  1.47606270e-07  3.30001845e+00  1.47606270e-07  3.30000000e+00  1.47606270e-07  7.02723165e-06 
 1.48106270e-07  7.32977168e-05  1.48106270e-07  3.29998194e+00  1.48106270e-07  3.30000000e+00  1.48106270e-07 -7.02493702e-06 
 1.48606270e-07 -7.05984847e-05  1.48606270e-07  3.30001760e+00  1.48606270e-07  3.30000000e+00  1.48606270e-07  7.02264772e-06 
 1.49106270e-07  6.83690858e-05  1.49106270e-07  3.29998278e+00  1.49106270e-07  3.30000000e+00  1.49106270e-07 -7.02056997e-06 
 1.49606270e-07 -6.58885031e-05  1.49606270e-07  3.30001679e+00  1.49606270e-07  3.30000000e+00  1.49606270e-07  7.01848895e-06 
 1.50106270e-07  6.38149659e-05  1.50106270e-07  3.29998358e+00  1.50106270e-07  3.30000000e+00  1.50106270e-07 -7.01660672e-06 
 1.50606270e-07 -6.15347459e-05  1.50606270e-07  3.30001600e+00  1.50606270e-07  3.30000000e+00  1.50606270e-07  7.01471356e-06 
 1.51106270e-07  5.96031969e-05  1.51106270e-07  3.29998435e+00  1.51106270e-07  3.30000000e+00  1.51106270e-07 -7.01300765e-06 
 1.51606270e-07 -5.75067883e-05  1.51606270e-07  3.30001525e+00  1.51606270e-07  3.30000000e+00  1.51606270e-07  7.01128402e-06 
 1.52106270e-07  5.57046966e-05  1.52106270e-07  3.29998509e+00  1.52106270e-07  3.30000000e+00  1.52106270e-07 -7.00973720e-06 
 1.52606270e-07 -5.37770953e-05  1.52606270e-07  3.30001453e+00  1.52606270e-07  3.30000000e+00  1.52606270e-07  7.00816661e-06 
 1.53106270e-07  5.20931299e-05  1.53106270e-07  3.29998580e+00  1.53106270e-07  3.30000000e+00  1.53106270e-07 -7.00676341e-06 
 1.53606270e-07 -5.03207157e-05  1.53606270e-07  3.30001383e+00  1.53606270e-07  3.30000000e+00  1.53606270e-07  7.00533104e-06 
 1.54106270e-07  4.87446209e-05  1.54106270e-07  3.29998647e+00  1.54106270e-07  3.30000000e+00  1.54106270e-07 -7.00405752e-06 
 1.54606270e-07 -4.71150140e-05  1.54606270e-07  3.30001317e+00  1.54606270e-07  3.30000000e+00  1.54606270e-07  7.00275005e-06 
 1.55106270e-07  4.56374996e-05  1.55106270e-07  3.29998712e+00  1.55106270e-07  3.30000000e+00  1.55106270e-07 -7.00159370e-06 
 1.55606270e-07 -4.41394349e-05  1.55606270e-07  3.30001254e+00  1.55606270e-07  3.30000000e+00  1.55606270e-07  7.00039914e-06 
 1.56106270e-07  4.27520790e-05  1.56106270e-07  3.29998774e+00  1.56106270e-07  3.30000000e+00  1.56106270e-07 -6.99934870e-06 
 1.56606270e-07 -4.13752946e-05  1.56606270e-07  3.30001193e+00  1.56606270e-07  3.30000000e+00  1.56606270e-07  6.99825628e-06 
 1.57106270e-07  4.00704574e-05  1.57106270e-07  3.29998834e+00  1.57106270e-07  3.30000000e+00  1.57106270e-07 -6.99730162e-06 
 1.57606270e-07 -3.88055955e-05  1.57606270e-07  3.30001136e+00  1.57606270e-07  3.30000000e+00  1.57606270e-07  6.99630162e-06 
 1.58106270e-07  3.75763416e-05  1.58106270e-07  3.29998890e+00  1.58106270e-07  3.30000000e+00  1.58106270e-07 -6.99543363e-06 
 1.58606270e-07 -3.64148606e-05  1.58606270e-07  3.30001080e+00  1.58606270e-07  3.30000000e+00  1.58606270e-07  6.99451731e-06 
 1.59106270e-07  3.52548907e-05  1.59106270e-07  3.29998944e+00  1.59106270e-07  3.30000000e+00  1.59106270e-07 -6.99372777e-06 
 1.59606270e-07 -3.41889860e-05  1.59606270e-07  3.30001027e+00  1.59606270e-07  3.30000000e+00  1.59606270e-07  6.99288727e-06 
 1.60106270e-07  3.30925746e-05  1.60106270e-07  3.29998996e+00  1.60106270e-07  3.30000000e+00  1.60106270e-07 -6.99216879e-06 
 1.60606270e-07 -3.21151088e-05  1.60606270e-07  3.30000977e+00  1.60606270e-07  3.30000000e+00  1.60606270e-07  6.99139701e-06 
 1.61106270e-07  3.10770490e-05  1.61106270e-07  3.29999045e+00  1.61106270e-07  3.30000000e+00  1.61106270e-07 -6.99074294e-06 
 1.61606270e-07 -3.01814883e-05  1.61606270e-07  3.30000929e+00  1.61606270e-07  3.30000000e+00  1.61606270e-07  6.99003348e-06 
 1.62106270e-07  2.91970415e-05  1.62106270e-07  3.29999092e+00  1.62106270e-07  3.30000000e+00  1.62106270e-07 -6.98943781e-06 
 1.62606270e-07 -2.83773992e-05  1.62606270e-07  3.30000883e+00  1.62606270e-07  3.30000000e+00  1.62606270e-07  6.98878491e-06 
 1.63106270e-07  2.74422507e-05  1.63106270e-07  3.29999137e+00  1.63106270e-07  3.30000000e+00  1.63106270e-07 -6.98824223e-06 
 1.63606270e-07 -2.66930366e-05  1.63606270e-07  3.30000840e+00  1.63606270e-07  3.30000000e+00  1.63606270e-07  6.98764070e-06 
 1.64106270e-07  2.58032548e-05  1.64106270e-07  3.29999180e+00  1.64106270e-07  3.30000000e+00  1.64106270e-07 -6.98714613e-06 
 1.64606270e-07 -2.51194291e-05  1.64606270e-07  3.30000798e+00  1.64606270e-07  3.30000000e+00  1.64606270e-07  6.98659127e-06 
 1.65106270e-07  2.42714293e-05  1.65106270e-07  3.29999220e+00  1.65106270e-07  3.30000000e+00  1.65106270e-07 -6.98614040e-06 
 1.65606270e-07 -2.36483615e-05  1.65606270e-07  3.30000758e+00  1.65606270e-07  3.30000000e+00  1.65606270e-07  6.98562798e-06 
 1.66106270e-07  2.28388731e-05  1.66106270e-07  3.29999259e+00  1.66106270e-07  3.30000000e+00  1.66106270e-07 -6.98521684e-06 
 1.66606270e-07 -2.22723051e-05  1.66606270e-07  3.30000720e+00  1.66606270e-07  3.30000000e+00  1.66606270e-07  6.98474304e-06 
 1.67106270e-07  2.14983419e-05  1.67106270e-07  3.29999296e+00  1.67106270e-07  3.30000000e+00  1.67106270e-07 -6.98436804e-06 
 1.67606270e-07 -2.09843544e-05  1.67606270e-07  3.30000684e+00  1.67606270e-07  3.30000000e+00  1.67606270e-07  6.98392939e-06 
 1.68106270e-07  2.02431882e-05  1.68106270e-07  3.29999331e+00  1.68106270e-07  3.30000000e+00  1.68106270e-07 -6.98358729e-06 
 1.68606270e-07 -1.97781705e-05  1.68606270e-07  3.30000650e+00  1.68606270e-07  3.30000000e+00  1.68606270e-07  6.98318067e-06 
 1.69106270e-07  1.90673068e-05  1.69106270e-07  3.29999365e+00  1.69106270e-07  3.30000000e+00  1.69106270e-07 -6.98286854e-06 
 1.69606270e-07 -1.86479294e-05  1.69606270e-07  3.30000618e+00  1.69606270e-07  3.30000000e+00  1.69606270e-07  6.98249113e-06 
 1.70100000e-07  1.79599132e-05  1.70100000e-07  3.29999397e+00  1.70100000e-07  3.30000000e+00  1.70100000e-07 -6.98220218e-06 
 1.70110000e-07 -2.86641173e-03  1.70110000e-07  3.29714184e+00  1.70110000e-07  2.97000000e+00  1.70110000e-07 -2.80006063e-04 
 1.70130000e-07 -1.85679590e-02  1.70130000e-07  3.27848539e+00  1.70130000e-07  2.31000000e+00  1.70130000e-07 -3.61784273e-04 
 1.70170000e-07 -1.68344562e-02  1.70170000e-07  3.24804577e+00  1.70170000e-07  9.90000000e-01  1.70170000e-07 -7.85107125e-04 
 1.70200000e-07  5.93895152e-02  1.70200000e-07  3.25931381e+00  1.70200000e-07  4.07229805e-13  1.70200000e-07 -1.14590866e-03 
 1.70204655e-07  8.24312110e-02  1.70204655e-07  3.27036078e+00  1.70204655e-07  0.00000000e+00  1.70204655e-07 -7.98601112e-04 
 1.70213964e-07  1.26813187e-01  1.70213964e-07  3.29017289e+00  1.70213964e-07  0.00000000e+00  1.70213964e-07 -7.86661957e-04 
 1.70232582e-07  2.08183379e-01  1.70232582e-07  3.32043690e+00  1.70232582e-07  0.00000000e+00  1.70232582e-07 -7.68455796e-04 
 1.70269818e-07  3.60550731e-01  1.70269818e-07  3.35688487e+00  1.70269818e-07  0.00000000e+00  1.70269818e-07 -7.34110279e-04 
 1.70344292e-07  6.79524127e-01  1.70344292e-07  3.39301770e+00  1.70344292e-07  0.00000000e+00  1.70344292e-07 -6.94041442e-04 
 1.70466403e-07  1.41219254e+00  1.70466403e-07  3.46888358e+00  1.70466403e-07  0.00000000e+00  1.70466403e-07 -5.09650136e-04 
 1.70591718e-07  2.15358775e+00  1.70591718e-07  3.50345953e+00  1.70591718e-07  0.00000000e+00  1.70591718e-07 -2.47385353e-04 
 1.70729839e-07  2.67734032e+00  1.70729839e-07  3.43500338e+00  1.70729839e-07  0.00000000e+00  1.70729839e-07 -8.44262511e-05 
 1.70860732e-07  2.99005087e+00  1.70860732e-07  3.39050715e+00  1.70860732e-07  0.00000000e+00  1.70860732e-07 -3.81115847e-05 
 1.71003424e-07  3.17013969e+00  1.71003424e-07  3.34589198e+00  1.71003424e-07  0.00000000e+00  1.71003424e-07 -1.37278407e-05 
 1.71198701e-07  3.26493790e+00  1.71198701e-07  3.31627236e+00  1.71198701e-07  0.00000000e+00  1.71198701e-07 -5.77815018e-06 
 1.71440006e-07  3.29414143e+00  1.71440006e-07  3.30370321e+00  1.71440006e-07  0.00000000e+00  1.71440006e-07  7.09256598e-07 
 1.71872046e-07  3.30069195e+00  1.71872046e-07  3.29968454e+00  1.71872046e-07  0.00000000e+00  1.71872046e-07 -2.13586389e-06 
 1.72372046e-07  3.29986216e+00  1.72372046e-07  3.30004226e+00  1.72372046e-07  0.00000000e+00  1.72372046e-07  1.35964563e-06 
 1.72872046e-07  3.30003594e+00  1.72872046e-07  3.30000312e+00  1.72872046e-07  0.00000000e+00  1.72872046e-07 -2.01779955e-06 
 1.73372046e-07  3.29999181e+00  1.73372046e-07  3.29999844e+00  1.73372046e-07  0.00000000e+00  1.73372046e-07  1.49893639e-06 
 1.73872046e-07  3.30000219e+00  1.73872046e-07  3.30000178e+00  1.73872046e-07  0.00000000e+00  1.73872046e-07 -1.94344386e-06 
 1.74372046e-07  3.29999980e+00  1.74372046e-07  3.29999998e+00  1.74372046e-07  0.00000000e+00  1.74372046e-07  1.56243489e-06 
 1.74872046e-07  3.30000031e+00  1.74872046e-07  3.30000060e+00  1.74872046e-07  0.00000000e+00  1.74872046e-07 -1.89816948e-06 
 1.75372046e-07  3.30000015e+00  1.75372046e-07  3.30000019e+00  1.75372046e-07  0.00000000e+00  1.75372046e-07  1.59964249e-06 
 1.75872046e-07  3.30000013e+00  1.75872046e-07  3.30000031e+00  1.75872046e-07  0.00000000e+00  1.75872046e-07 -1.86887705e-06 
 1.76372046e-07  3.30000012e+00  1.76372046e-07  3.30000017e+00  1.76372046e-07  0.00000000e+00  1.76372046e-07  1.62423806e-06 
 1.76872046e-07  3.30000009e+00  1.76872046e-07  3.30000020e+00  1.76872046e-07  0.00000000e+00  1.76872046e-07 -1.84854134e-06 
 1.77372046e-07  3.30000008e+00  1.77372046e-07  3.30000013e+00  1.77372046e-07  0.00000000e+00  1.77372046e-07  1.64168773e-06 
 1.77872046e-07  3.30000006e+00  1.77872046e-07  3.30000013e+00  1.77872046e-07  0.00000000e+00  1.77872046e-07 -1.83364850e-06 
 1.78372046e-07  3.30000006e+00  1.78372046e-07  3.30000010e+00  1.78372046e-07  0.00000000e+00  1.78372046e-07  1.65469269e-06 
 1.78872046e-07  3.30000005e+00  1.78872046e-07  3.30000010e+00  1.78872046e-07  0.00000000e+00  1.78872046e-07 -1.82229506e-06 
 1.79372046e-07  3.30000004e+00  1.79372046e-07  3.30000008e+00  1.79372046e-07  0.00000000e+00  1.79372046e-07  1.66474970e-06 
 1.79872046e-07  3.30000004e+00  1.79872046e-07  3.30000007e+00  1.79872046e-07  0.00000000e+00  1.79872046e-07 -1.81336688e-06 
 1.80372046e-07  3.30000003e+00  1.80372046e-07  3.30000006e+00  1.80372046e-07  0.00000000e+00  1.80372046e-07  1.67275299e-06 
 1.80872046e-07  3.30000003e+00  1.80872046e-07  3.30000006e+00  1.80872046e-07  0.00000000e+00  1.80872046e-07 -1.80616986e-06 
 1.81372046e-07  3.30000002e+00  1.81372046e-07  3.30000005e+00  1.81372046e-07  0.00000000e+00  1.81372046e-07  1.67926926e-06 
 1.81872046e-07  3.30000002e+00  1.81872046e-07  3.30000004e+00  1.81872046e-07  0.00000000e+00  1.81872046e-07 -1.80024988e-06 
 1.82372046e-07  3.30000002e+00  1.82372046e-07  3.30000004e+00  1.82372046e-07  0.00000000e+00  1.82372046e-07  1.68467483e-06 
 1.82872046e-07  3.30000001e+00  1.82872046e-07  3.30000004e+00  1.82872046e-07  0.00000000e+00  1.82872046e-07 -1.79529788e-06 
 1.83372046e-07  3.30000001e+00  1.83372046e-07  3.30000003e+00  1.83372046e-07  0.00000000e+00  1.83372046e-07  1.68922933e-06 
 1.83872046e-07  3.30000001e+00  1.83872046e-07  3.30000003e+00  1.83872046e-07  0.00000000e+00  1.83872046e-07 -1.79109646e-06 
 1.84372046e-07  3.30000001e+00  1.84372046e-07  3.30000003e+00  1.84372046e-07  0.00000000e+00  1.84372046e-07  1.69311756e-06 
 1.84872046e-07  3.30000001e+00  1.84872046e-07  3.30000002e+00  1.84872046e-07  0.00000000e+00  1.84872046e-07 -1.78748844e-06 
 1.85372046e-07  3.30000001e+00  1.85372046e-07  3.30000002e+00  1.85372046e-07  0.00000000e+00  1.85372046e-07  1.69647465e-06 
 1.85872046e-07  3.30000000e+00  1.85872046e-07  3.30000002e+00  1.85872046e-07  0.00000000e+00  1.85872046e-07 -1.78435741e-06 
 1.86372046e-07  3.30000000e+00  1.86372046e-07  3.30000002e+00  1.86372046e-07  0.00000000e+00  1.86372046e-07  1.69940164e-06 
 1.86872046e-07  3.30000000e+00  1.86872046e-07  3.30000001e+00  1.86872046e-07  0.00000000e+00  1.86872046e-07 -1.78161540e-06 
 1.87372046e-07  3.30000000e+00  1.87372046e-07  3.30000001e+00  1.87372046e-07  0.00000000e+00  1.87372046e-07  1.70197557e-06 
 1.87872046e-07  3.30000000e+00  1.87872046e-07  3.30000001e+00  1.87872046e-07  0.00000000e+00  1.87872046e-07 -1.77919472e-06 
 1.88372046e-07  3.30000000e+00  1.88372046e-07  3.30000001e+00  1.88372046e-07  0.00000000e+00  1.88372046e-07  1.70425620e-06 
 1.88872046e-07  3.30000000e+00  1.88872046e-07  3.30000001e+00  1.88872046e-07  0.00000000e+00  1.88872046e-07 -1.77704243e-06 
 1.89372046e-07  3.30000000e+00  1.89372046e-07  3.30000001e+00  1.89372046e-07  0.00000000e+00  1.89372046e-07  1.70629059e-06 
 1.89872046e-07  3.30000000e+00  1.89872046e-07  3.30000001e+00  1.89872046e-07  0.00000000e+00  1.89872046e-07 -1.77511659e-06 
 1.90372046e-07  3.30000000e+00  1.90372046e-07  3.30000001e+00  1.90372046e-07  0.00000000e+00  1.90372046e-07  1.70811628e-06 
 1.90872046e-07  3.30000000e+00  1.90872046e-07  3.30000000e+00  1.90872046e-07  0.00000000e+00  1.90872046e-07 -1.77338351e-06 
 1.91372046e-07  3.30000000e+00  1.91372046e-07  3.30000000e+00  1.91372046e-07  0.00000000e+00  1.91372046e-07  1.70976357e-06 
 1.91872046e-07  3.30000000e+00  1.91872046e-07  3.30000000e+00  1.91872046e-07  0.00000000e+00  1.91872046e-07 -1.77181584e-06 
 1.92372046e-07  3.30000000e+00  1.92372046e-07  3.30000000e+00  1.92372046e-07  0.00000000e+00  1.92372046e-07  1.71125721e-06 
 1.92872046e-07  3.30000000e+00  1.92872046e-07  3.30000000e+00  1.92872046e-07  0.00000000e+00  1.92872046e-07 -1.77039115e-06 
 1.93372046e-07  3.30000000e+00  1.93372046e-07  3.30000000e+00  1.93372046e-07  0.00000000e+00  1.93372046e-07  1.71261758e-06 
 1.93872046e-07  3.29999999e+00  1.93872046e-07  3.30000000e+00  1.93872046e-07  0.00000000e+00  1.93872046e-07 -1.76909088e-06 
 1.94372046e-07  3.29999999e+00  1.94372046e-07  3.30000000e+00  1.94372046e-07  0.00000000e+00  1.94372046e-07  1.71386163e-06 
 1.94872046e-07  3.29999999e+00  1.94872046e-07  3.30000000e+00  1.94872046e-07  0.00000000e+00  1.94872046e-07 -1.76789951e-06 
 1.95372046e-07  3.29999999e+00  1.95372046e-07  3.30000000e+00  1.95372046e-07  0.00000000e+00  1.95372046e-07  1.71500356e-06 
 1.95872046e-07  3.29999999e+00  1.95872046e-07  3.30000000e+00  1.95872046e-07  0.00000000e+00  1.95872046e-07 -1.76680403e-06 
 1.96372046e-07  3.29999999e+00  1.96372046e-07  3.30000000e+00  1.96372046e-07  0.00000000e+00  1.96372046e-07  1.71605536e-06 
 1.96872046e-07  3.29999999e+00  1.96872046e-07  3.30000000e+00  1.96872046e-07  0.00000000e+00  1.96872046e-07 -1.76579337e-06 
 1.97372046e-07  3.29999999e+00  1.97372046e-07  3.30000000e+00  1.97372046e-07  0.00000000e+00  1.97372046e-07  1.71702722e-06 
 1.97872046e-07  3.29999999e+00  1.97872046e-07  3.30000000e+00  1.97872046e-07  0.00000000e+00  1.97872046e-07 -1.76485813e-06 
 1.98372046e-07  3.29999999e+00  1.98372046e-07  3.30000000e+00  1.98372046e-07  0.00000000e+00  1.98372046e-07  1.71792786e-06 
 1.98872046e-07  3.29999999e+00  1.98872046e-07  3.30000000e+00  1.98872046e-07  0.00000000e+00  1.98872046e-07 -1.76399022e-06 
 1.99372046e-07  3.29999999e+00  1.99372046e-07  3.30000000e+00  1.99372046e-07  0.00000000e+00  1.99372046e-07  1.71876478e-06 
 1.99872046e-07  3.29999999e+00  1.99872046e-07  3.30000000e+00  1.99872046e-07  0.00000000e+00  1.99872046e-07 -1.76318267e-06 
 2.00000000e-07  3.29999999e+00  2.00000000e-07  3.30000000e+00  2.00000000e-07  0.00000000e+00  2.00000000e-07  1.71926068e-06 
 2.00050000e-07  3.29999999e+00  2.00050000e-07  3.30000000e+00  2.00050000e-07  0.00000000e+00  2.00050000e-07 -2.18729137e-08 
 2.00150000e-07  3.29999999e+00  2.00150000e-07  3.30000000e+00  2.00150000e-07  0.00000000e+00  2.00150000e-07 -2.17961036e-08 
 2.00350000e-07  3.29999999e+00  2.00350000e-07  3.30000000e+00  2.00350000e-07  0.00000000e+00  2.00350000e-07 -2.16442578e-08 
 2.00750000e-07  3.29999999e+00  2.00750000e-07  3.30000000e+00  2.00750000e-07  0.00000000e+00  2.00750000e-07 -2.13466455e-08 
 2.01250000e-07  3.29999999e+00  2.01250000e-07  3.29999999e+00  2.01250000e-07  0.00000000e+00  2.01250000e-07 -2.09858136e-08 
 2.01750000e-07  3.29999999e+00  2.01750000e-07  3.29999999e+00  2.01750000e-07  0.00000000e+00  2.01750000e-07 -2.06367375e-08 
 2.02250000e-07  3.29999999e+00  2.02250000e-07  3.29999999e+00  2.02250000e-07  0.00000000e+00  2.02250000e-07 -2.02989429e-08 
 2.02750000e-07  3.29999999e+00  2.02750000e-07  3.29999999e+00  2.02750000e-07  0.00000000e+00  2.02750000e-07 -1.99718057e-08 
 2.03250000e-07  3.29999999e+00  2.03250000e-07  3.29999999e+00  2.03250000e-07  0.00000000e+00  2.03250000e-07 -1.96549242e-08 
 2.03750000e-07  3.29999999e+00  2.03750000e-07  3.29999999e+00  2.03750000e-07  0.00000000e+00  2.03750000e-07 -1.93477344e-08 
 2.04250000e-07  3.29999999e+00  2.04250000e-07  3.29999999e+00  2.04250000e-07  0.00000000e+00  2.04250000e-07 -1.90498948e-08 
 2.04750000e-07  3.29999999e+00  2.04750000e-07  3.29999999e+00  2.04750000e-07  0.00000000e+00  2.04750000e-07 -1.87608939e-08 
 2.05250000e-07  3.29999999e+00  2.05250000e-07  3.29999999e+00  2.05250000e-07  0.00000000e+00  2.05250000e-07 -1.84804409e-08 
 2.05750000e-07  3.29999999e+00  2.05750000e-07  3.29999999e+00  2.05750000e-07  0.00000000e+00  2.05750000e-07 -1.82080702e-08 
 2.06250000e-07  3.29999999e+00  2.06250000e-07  3.29999999e+00  2.06250000e-07  0.00000000e+00  2.06250000e-07 -1.79435344e-08 
 2.06750000e-07  3.29999999e+00  2.06750000e-07  3.29999999e+00  2.06750000e-07  0.00000000e+00  2.06750000e-07 -1.76864078e-08 
 2.07250000e-07  3.29999999e+00  2.07250000e-07  3.29999999e+00  2.07250000e-07  0.00000000e+00  2.07250000e-07 -1.74364803e-08 
 2.07750000e-07  3.29999999e+00  2.07750000e-07  3.29999999e+00  2.07750000e-07  0.00000000e+00  2.07750000e-07 -1.71933607e-08 
 2.08250000e-07  3.29999999e+00  2.08250000e-07  3.29999999e+00  2.08250000e-07  0.00000000e+00  2.08250000e-07 -1.69568717e-08 
 2.08750000e-07  3.29999999e+00  2.08750000e-07  3.29999999e+00  2.08750000e-07  0.00000000e+00  2.08750000e-07 -1.67266522e-08 
 2.09250000e-07  3.29999999e+00  2.09250000e-07  3.29999999e+00  2.09250000e-07  0.00000000e+00  2.09250000e-07 -1.65025531e-08 
 2.09750000e-07  3.29999999e+00  2.09750000e-07  3.29999999e+00  2.09750000e-07  0.00000000e+00  2.09750000e-07 -1.62842398e-08 
 2.10250000e-07  3.29999999e+00  2.10250000e-07  3.29999999e+00  2.10250000e-07  0.00000000e+00  2.10250000e-07 -1.60715879e-08 
 2.10750000e-07  3.29999999e+00  2.10750000e-07  3.29999999e+00  2.10750000e-07  0.00000000e+00  2.10750000e-07 -1.58642861e-08 
 2.11250000e-07  3.29999999e+00  2.11250000e-07  3.29999999e+00  2.11250000e-07  0.00000000e+00  2.11250000e-07 -1.56622317e-08 
 2.11750000e-07  3.29999999e+00  2.11750000e-07  3.29999999e+00  2.11750000e-07  0.00000000e+00  2.11750000e-07 -1.54651338e-08 
 2.12250000e-07  3.29999999e+00  2.12250000e-07  3.29999999e+00  2.12250000e-07  0.00000000e+00  2.12250000e-07 -1.52729090e-08 
 2.12750000e-07  3.29999999e+00  2.12750000e-07  3.29999999e+00  2.12750000e-07  0.00000000e+00  2.12750000e-07 -1.50852842e-08 
 2.13250000e-07  3.29999999e+00  2.13250000e-07  3.29999999e+00  2.13250000e-07  0.00000000e+00  2.13250000e-07 -1.49021931e-08 
 2.13750000e-07  3.29999999e+00  2.13750000e-07  3.29999999e+00  2.13750000e-07  0.00000000e+00  2.13750000e-07 -1.47233787e-08 
 2.14250000e-07  3.29999999e+00  2.14250000e-07  3.29999999e+00  2.14250000e-07  0.00000000e+00  2.14250000e-07 -1.45487895e-08 
 2.14750000e-07  3.29999999e+00  2.14750000e-07  3.29999999e+00  2.14750000e-07  0.00000000e+00  2.14750000e-07 -1.43781828e-08 
 2.15250000e-07  3.29999999e+00  2.15250000e-07  3.29999999e+00  2.15250000e-07  0.00000000e+00  2.15250000e-07 -1.42115204e-08 
 2.15750000e-07  3.29999999e+00  2.15750000e-07  3.29999999e+00  2.15750000e-07  0.00000000e+00  2.15750000e-07 -1.40485723e-08 
 2.16250000e-07  3.29999999e+00  2.16250000e-07  3.29999999e+00  2.16250000e-07  0.00000000e+00  2.16250000e-07 -1.38893122e-08 
 2.16750000e-07  3.29999999e+00  2.16750000e-07  3.29999999e+00  2.16750000e-07  0.00000000e+00  2.16750000e-07 -1.37335213e-08 
 2.17250000e-07  3.29999999e+00  2.17250000e-07  3.29999999e+00  2.17250000e-07  0.00000000e+00  2.17250000e-07 -1.35811841e-08 
 2.17750000e-07  3.29999999e+00  2.17750000e-07  3.29999999e+00  2.17750000e-07  0.00000000e+00  2.17750000e-07 -1.34320917e-08 
 2.18250000e-07  3.29999999e+00  2.18250000e-07  3.29999999e+00  2.18250000e-07  0.00000000e+00  2.18250000e-07 -1.32862383e-08 
 2.18750000e-07  3.29999999e+00  2.18750000e-07  3.29999999e+00  2.18750000e-07  0.00000000e+00  2.18750000e-07 -1.31434241e-08 
 2.19250000e-07  3.29999999e+00  2.19250000e-07  3.29999999e+00  2.19250000e-07  0.00000000e+00  2.19250000e-07 -1.30036517e-08 
 2.19750000e-07  3.29999999e+00  2.19750000e-07  3.29999999e+00  2.19750000e-07  0.00000000e+00  2.19750000e-07 -1.28667295e-08 
 2.20000000e-07  3.29999999e+00  2.20000000e-07  3.29999999e+00  2.20000000e-07  0.00000000e+00  2.20000000e-07 -1.27993687e-08 
 2.20010000e-07  3.32180710e+00  2.20010000e-07  3.32181659e+00  2.20010000e-07  3.30000000e-01  2.20010000e-07  4.01841515e-04 
 2.20030000e-07  3.36309246e+00  2.20030000e-07  3.36312598e+00  2.20030000e-07  9.90000000e-01  2.20030000e-07  4.43900912e-04 
 2.20070000e-07  3.44258398e+00  2.20070000e-07  3.44266441e+00  2.20070000e-07  2.31000000e+00  2.20070000e-07  4.19764096e-04 
 2.20100000e-07  3.48076760e+00  2.20100000e-07  3.48099052e+00  2.20100000e-07  3.30000000e+00  2.20100000e-07  2.56682895e-04 
 2.20105681e-07  3.48041659e+00  2.20105681e-07  3.48053200e+00  2.20105681e-07  3.30000000e+00  2.20105681e-07 -6.34737341e-06 
 2.20117044e-07  3.47903998e+00  2.20117044e-07  3.47886630e+00  2.20117044e-07  3.30000000e+00  2.20117044e-07 -1.65427384e-05 
 2.20139770e-07  3.47264857e+00  2.20139770e-07  3.47161175e+00  2.20139770e-07  3.30000000e+00  2.20139770e-07 -2.57021833e-05 
 2.20185221e-07  3.45359815e+00  2.20185221e-07  3.45089690e+00  2.20185221e-07  3.30000000e+00  2.20185221e-07 -3.64511671e-05 
 2.20276123e-07  3.31115693e+00  2.20276123e-07  3.33133565e+00  2.20276123e-07  3.30000000e+00  2.20276123e-07 -5.06531594e-05 
 2.20359260e-07  3.00164442e+00  2.20359260e-07  3.09846156e+00  2.20359260e-07  3.30000000e+00  2.20359260e-07 -9.11695146e-05 
 2.20448581e-07  2.62585728e+00  2.20448581e-07  2.77331034e+00  2.20448581e-07  3.30000000e+00  2.20448581e-07 -6.45896882e-05 
 2.20556231e-07  2.21945421e+00  2.20556231e-07  2.42181406e+00  2.20556231e-07  3.30000000e+00  2.20556231e-07 -1.11498599e-04 
 2.20707592e-07  1.65330169e+00  2.20707592e-07  2.27182211e+00  2.20707592e-07  3.30000000e+00  2.20707592e-07 -1.71282180e-04 
 2.20866766e-07  1.03459643e+00  2.20866766e-07  2.66876488e+00  2.20866766e-07  3.30000000e+00  2.20866766e-07 -2.67386653e-04 
 2.20982389e-07  6.96937499e-01  2.20982389e-07  3.00171738e+00  2.20982389e-07  3.30000000e+00  2.20982389e-07 -1.62500867e-04 
 2.21128731e-07  4.30052268e-01  2.21128731e-07  3.20631152e+00  2.21128731e-07  3.30000000e+00  2.21128731e-07 -8.22677063e-05 
 2.21281927e-07  2.61681498e-01  2.21281927e-07  3.26411046e+00  2.21281927e-07  3.30000000e+00  2.21281927e-07 -2.37538095e-05 
 2.21461415e-07  1.49104196e-01  2.21461415e-07  3.28206801e+00  2.21461415e-07  3.30000000e+00  2.21461415e-07 -2.78134930e-05 
 2.21753552e-07  5.28300753e-02  2.21753552e-07  3.29330195e+00  2.21753552e-07  3.30000000e+00  2.21753552e-07  2.62124391e-06 
 2.22091375e-07  1.68942496e-02  2.22091375e-07  3.29821588e+00  2.22091375e-07  3.30000000e+00  2.22091375e-07 -1.12967719e-05 
 2.22591375e-07  7.10935521e-04  2.22591375e-07  3.29969561e+00  2.22591375e-07  3.30000000e+00  2.22591375e-07  9.02307493e-06 
 2.23091375e-07  9.81898702e-04  2.23091375e-07  3.30006314e+00  2.23091375e-07  3.30000000e+00  2.23091375e-07 -9.20319198e-06 
 2.23591375e-07 -7.35088134e-04  2.23591375e-07  3.29993656e+00  2.23591375e-07  3.30000000e+00  2.23591375e-07  9.13820988e-06 
 2.24091375e-07  6.91894151e-04  2.24091375e-07  3.30004364e+00  2.24091375e-07  3.30000000e+00  2.24091375e-07 -9.10174917e-06 
 2.24591375e-07 -6.33865670e-04  2.24591375e-07  3.29997038e+00  2.24591375e-07  3.30000000e+00  2.24591375e-07  9.06575194e-06 
 2.25091375e-07  5.89723942e-04  2.25091375e-07  3.30001746e+00  2.25091375e-07  3.30000000e+00  2.25091375e-07 -9.03307496e-06 
 2.25591375e-07 -5.45637402e-04  2.25591375e-07  3.29999200e+00  2.25591375e-07  3.30000000e+00  2.25591375e-07  9.00236878e-06 
 2.26091375e-07  5.11330793e-04  2.26091375e-07  3.29999989e+00  2.26091375e-07  3.30000000e+00  2.26091375e-07 -8.97415949e-06 
 2.26591375e-07 -4.76293597e-04  2.26591375e-07  3.30000638e+00  2.26591375e-07  3.30000000e+00  2.26591375e-07  8.94752506e-06 
 2.27091375e-07  4.49047639e-04  2.27091375e-07  3.29998835e+00  2.27091375e-07  3.30000000e+00  2.27091375e-07 -8.92290806e-06 
 2.27591375e-07 -4.20593090e-04  2.27591375e-07  3.30001568e+00  2.27591375e-07  3.30000000e+00  2.27591375e-07  8.89959731e-06 
 2.28091375e-07  3.98498337e-04  2.28091375e-07  3.29998090e+00  2.28091375e-07  3.30000000e+00  2.28091375e-07 -8.87798405e-06 
 2.28591375e-07 -3.74898992e-04  2.28591375e-07  3.30002162e+00  2.28591375e-07  3.30000000e+00  2.28591375e-07  8.85743948e-06 
 2.29091375e-07  3.56604904e-04  2.29091375e-07  3.29997622e+00  2.29091375e-07  3.30000000e+00  2.29091375e-07 -8.83835163e-06 
 2.29591375e-07 -3.36677377e-04  2.29591375e-07  3.30002527e+00  2.29591375e-07  3.30000000e+00  2.29591375e-07  8.82015146e-06 
 2.30091375e-07  3.21242960e-04  2.30091375e-07  3.29997342e+00  2.30091375e-07  3.30000000e+00  2.30091375e-07 -8.80321817e-06 
 2.30591375e-07 -3.04152266e-04  2.30591375e-07  3.30002738e+00  2.30591375e-07  3.30000000e+00  2.30591375e-07  8.78703087e-06 
 2.31091375e-07  2.90916542e-04  2.31091375e-07  3.29997189e+00  2.31091375e-07  3.30000000e+00  2.31091375e-07 -8.77195698e-06 
 2.31591375e-07 -2.76065778e-04  2.31591375e-07  3.30002844e+00  2.31591375e-07  3.30000000e+00  2.31591375e-07  8.75751552e-06 
 2.32091375e-07  2.64558575e-04  2.32091375e-07  3.29997122e+00  2.32091375e-07  3.30000000e+00  2.32091375e-07 -8.74406089e-06 
 2.32591375e-07 -2.51514493e-04  2.32591375e-07  3.30002881e+00  2.32591375e-07  3.30000000e+00  2.32591375e-07  8.73114584e-06 
 2.33091375e-07  2.41396253e-04  2.33091375e-07  3.29997112e+00  2.33091375e-07  3.30000000e+00  2.33091375e-07 -8.71911138e-06 
 2.33591375e-07 -2.29838860e-04  2.33591375e-07  3.30002870e+00  2.33591375e-07  3.30000000e+00  2.33591375e-07  8.70753931e-06 
 2.34091375e-07  2.20859996e-04  2.34091375e-07  3.29997140e+00  2.34091375e-07  3.30000000e+00  2.34091375e-07 -8.69675740e-06 
 2.34591375e-07 -2.10548339e-04  2.34591375e-07  3.30002828e+00  2.34591375e-07  3.30000000e+00  2.34591375e-07  8.68637272e-06 
 2.35091375e-07  2.02521736e-04  2.35091375e-07  3.29997194e+00  2.35091375e-07  3.30000000e+00  2.35091375e-07 -8.67670032e-06 
 2.35591375e-07 -1.93270608e-04  2.35591375e-07  3.30002765e+00  2.35591375e-07  3.30000000e+00  2.35591375e-07  8.66736951e-06 
 2.36091375e-07  1.86052967e-04  2.36091375e-07  3.29997264e+00  2.36091375e-07  3.30000000e+00  2.36091375e-07 -8.65868325e-06 
 2.36591375e-07 -1.77716970e-04  2.36591375e-07  3.30002689e+00  2.36591375e-07  3.30000000e+00  2.36591375e-07  8.65029060e-06 
 2.37091375e-07  1.71196109e-04  2.37091375e-07  3.29997346e+00  2.37091375e-07  3.30000000e+00  2.37091375e-07 -8.64248314e-06 
 2.37591375e-07 -1.63658706e-04  2.37591375e-07  3.30002605e+00  2.37591375e-07  3.30000000e+00  2.37591375e-07  8.63492756e-06 
 2.38091375e-07  1.57744871e-04  2.38091375e-07  3.29997433e+00  2.38091375e-07  3.30000000e+00  2.38091375e-07 -8.62790485e-06 
 2.38591375e-07 -1.50910800e-04  2.38591375e-07  3.30002516e+00  2.38591375e-07  3.30000000e+00  2.38591375e-07  8.62109751e-06 
 2.39091375e-07  1.45530689e-04  2.39091375e-07  3.29997524e+00  2.39091375e-07  3.30000000e+00  2.39091375e-07 -8.61477668e-06 
 2.39591375e-07 -1.39320675e-04  2.39591375e-07  3.30002424e+00  2.39591375e-07  3.30000000e+00  2.39591375e-07  8.60863914e-06 
 2.40091375e-07  1.34413286e-04  2.40091375e-07  3.29997617e+00  2.40091375e-07  3.30000000e+00  2.40091375e-07 -8.60294687e-06 
 2.40591375e-07 -1.28760307e-04  2.40591375e-07  3.30002331e+00  2.40591375e-07  3.30000000e+00  2.40591375e-07  8.59740957e-06 
 2.41091375e-07  1.24274033e-04  2.41091375e-07  3.29997710e+00  2.41091375e-07  3.30000000e+00  2.41091375e-07 -8.59228078e-06 
 2.41591375e-07 -1.19120655e-04  2.41591375e-07  3.30002239e+00  2.41591375e-07  3.30000000e+00  2.41591375e-07  8.58728190e-06 
 2.42091375e-07  1.15011225e-04  2.42091375e-07  3.29997802e+00  2.42091375e-07  3.30000000e+00  2.42091375e-07 -8.58265864e-06 
 2.42591375e-07 -1.10307671e-04  2.42591375e-07  3.30002148e+00  2.42591375e-07  3.30000000e+00  2.42591375e-07  8.57814308e-06 
 2.43091375e-07  1.06536664e-04  2.43091375e-07  3.29997893e+00  2.43091375e-07  3.30000000e+00  2.43091375e-07 -8.57397369e-06 
 2.43591375e-07 -1.02239387e-04  2.43591375e-07  3.30002058e+00  2.43591375e-07  3.30000000e+00  2.43591375e-07  8.56989226e-06 
 2.44091375e-07  9.87731476e-05  2.44091375e-07  3.29997982e+00  2.44091375e-07  3.30000000e+00  2.44091375e-07 -8.56613059e-06 
 2.44591375e-07 -9.48437659e-05  2.44591375e-07  3.30001971e+00  2.44591375e-07  3.30000000e+00  2.44591375e-07  8.56243932e-06 
 2.45091375e-07  9.16525941e-05  2.45091375e-07  3.29998068e+00  2.45091375e-07  3.30000000e+00  2.45091375e-07 -8.55904410e-06 
 2.45591375e-07 -8.80570705e-05  2.45591375e-07  3.30001885e+00  2.45591375e-07  3.30000000e+00  2.45591375e-07  8.55570366e-06 
 2.46091375e-07  8.51146027e-05  2.46091375e-07  3.29998152e+00  2.46091375e-07  3.30000000e+00  2.46091375e-07 -8.55263793e-06 
 2.46591375e-07 -8.18226062e-05  2.46591375e-07  3.30001803e+00  2.46591375e-07  3.30000000e+00  2.46591375e-07  8.54961309e-06 
 2.47091375e-07  7.91053340e-05  2.47091375e-07  3.29998234e+00  2.47091375e-07  3.30000000e+00  2.47091375e-07 -8.54684376e-06 
 2.47591375e-07 -7.60897304e-05  2.47591375e-07  3.30001723e+00  2.47591375e-07  3.30000000e+00  2.47591375e-07  8.54410293e-06 
 2.48091375e-07  7.35766178e-05  2.48091375e-07  3.29998313e+00  2.48091375e-07  3.30000000e+00  2.48091375e-07 -8.54160034e-06 
 2.48591375e-07 -7.08130556e-05  2.48591375e-07  3.30001645e+00  2.48591375e-07  3.30000000e+00  2.48591375e-07  8.53911522e-06 
 2.49091375e-07  6.84852269e-05  2.49091375e-07  3.29998389e+00  2.49091375e-07  3.30000000e+00  2.49091375e-07 -8.53685275e-06 
 2.49591375e-07 -6.59517959e-05  2.49591375e-07  3.30001571e+00  2.49591375e-07  3.30000000e+00  2.49591375e-07  8.53459792e-06 
 2.50091375e-07  6.37922777e-05  2.50091375e-07  3.29998462e+00  2.50091375e-07  3.30000000e+00  2.50091375e-07 -8.53255172e-06 
 2.50591375e-07 -6.14692217e-05  2.50591375e-07  3.30001499e+00  2.50591375e-07  3.30000000e+00  2.50591375e-07  8.53050439e-06 
 2.51091375e-07  5.94627256e-05  2.51091375e-07  3.29998533e+00  2.51091375e-07  3.30000000e+00  2.51091375e-07 -8.52865301e-06 
 2.51591375e-07 -5.73321988e-05  2.51591375e-07  3.30001430e+00  2.51591375e-07  3.30000000e+00  2.51591375e-07  8.52679272e-06 
 2.52091375e-07  5.54649351e-05  2.52091375e-07  3.29998601e+00  2.52091375e-07  3.30000000e+00  2.52091375e-07 -8.52511694e-06 
 2.52591375e-07 -5.35107923e-05  2.52591375e-07  3.30001363e+00  2.52591375e-07  3.30000000e+00  2.52591375e-07  8.52342529e-06 
 2.53091375e-07  5.17703098e-05  2.53091375e-07  3.29998666e+00  2.53091375e-07  3.30000000e+00  2.53091375e-07 -8.52190783e-06 
 2.53591375e-07 -4.99779244e-05  2.53591375e-07  3.30001299e+00  2.53591375e-07  3.30000000e+00  2.53591375e-07  8.52036832e-06 
 2.54091375e-07  4.83529697e-05  2.54091375e-07  3.29998729e+00  2.54091375e-07  3.30000000e+00  2.54091375e-07 -8.51899365e-06 
 2.54591375e-07 -4.67090746e-05  2.54591375e-07  3.30001238e+00  2.54591375e-07  3.30000000e+00  2.54591375e-07  8.51759144e-06 
 2.55091375e-07  4.51894692e-05  2.55091375e-07  3.29998789e+00  2.55091375e-07  3.30000000e+00  2.55091375e-07 -8.51634563e-06 
 2.55591375e-07 -4.36820170e-05  2.55591375e-07  3.30001180e+00  2.55591375e-07  3.30000000e+00  2.55591375e-07  8.51506736e-06 
 2.56091375e-07  4.22585479e-05  2.56091375e-07  3.29998846e+00  2.56091375e-07  3.30000000e+00  2.56091375e-07 -8.51393787e-06 
 2.56591375e-07 -4.08765873e-05  2.56591375e-07  3.30001123e+00  2.56591375e-07  3.30000000e+00  2.56591375e-07  8.51277156e-06 
 2.57091375e-07  3.95409100e-05  2.57091375e-07  3.29998902e+00  2.57091375e-07  3.30000000e+00  2.57091375e-07 -8.51174712e-06 
 2.57591375e-07 -3.82744761e-05  2.57591375e-07  3.30001070e+00  2.57591375e-07  3.30000000e+00  2.57591375e-07  8.51068199e-06 
 2.58091375e-07  3.70190285e-05  2.58091375e-07  3.29998954e+00  2.58091375e-07  3.30000000e+00  2.58091375e-07 -8.50975246e-06 
 2.58591375e-07 -3.58590452e-05  2.58591375e-07  3.30001018e+00  2.58591375e-07  3.30000000e+00  2.58591375e-07  8.50877879e-06 
 2.59091375e-07  3.46769699e-05  2.59091375e-07  3.29999005e+00  2.59091375e-07  3.30000000e+00  2.59091375e-07 -8.50793505e-06 
 2.59591375e-07 -3.36151630e-05  2.59591375e-07  3.30000969e+00  2.59591375e-07  3.30000000e+00  2.59591375e-07  8.50704411e-06 
 2.60091375e-07  3.25002383e-05  2.60091375e-07  3.29999053e+00  2.60091375e-07  3.30000000e+00  2.60091375e-07 -8.50627796e-06 
 2.60591375e-07 -3.15290577e-05  2.60591375e-07  3.30000922e+00  2.60591375e-07  3.30000000e+00  2.60591375e-07  8.50546190e-06 
 2.61091375e-07  3.04756353e-05  2.61091375e-07  3.29999099e+00  2.61091375e-07  3.30000000e+00  2.61091375e-07 -8.50476595e-06 
 2.61591375e-07 -2.95881854e-05  2.61591375e-07  3.30000877e+00  2.61591375e-07  3.30000000e+00  2.61591375e-07  8.50401767e-06 
 2.62091375e-07  2.85911349e-05  2.62091375e-07  3.29999143e+00  2.62091375e-07  3.30000000e+00  2.62091375e-07 -8.50338528e-06 
 2.62591375e-07 -2.77811121e-05  2.62591375e-07  3.30000834e+00  2.62591375e-07  3.30000000e+00  2.62591375e-07  8.50269842e-06 
 2.63091375e-07  2.68357706e-05  2.63091375e-07  3.29999185e+00  2.63091375e-07  3.30000000e+00  2.63091375e-07 -8.50212360e-06 
 2.63591375e-07 -2.60974076e-05  2.63591375e-07  3.30000793e+00  2.63591375e-07  3.30000000e+00  2.63591375e-07  8.50149240e-06 
 2.64091375e-07  2.51995345e-05  2.64091375e-07  3.29999225e+00  2.64091375e-07  3.30000000e+00  2.64091375e-07 -8.50096974e-06 
 2.64591375e-07 -2.45275497e-05  2.64591375e-07  3.30000754e+00  2.64591375e-07  3.30000000e+00  2.64591375e-07  8.50038904e-06 
 2.65091375e-07  2.36732865e-05  2.65091375e-07  3.29999263e+00  2.65091375e-07  3.30000000e+00  2.65091375e-07 -8.49991369e-06 
 2.65591375e-07 -2.30628388e-05  2.65591375e-07  3.30000717e+00  2.65591375e-07  3.30000000e+00  2.65591375e-07  8.49937880e-06 
 2.66091375e-07  2.22486722e-05  2.66091375e-07  3.29999299e+00  2.66091375e-07  3.30000000e+00  2.66091375e-07 -8.49894637e-06 
 2.66591375e-07 -2.16953205e-05  2.66591375e-07  3.30000681e+00  2.66591375e-07  3.30000000e+00  2.66591375e-07  8.49845309e-06 
 2.67091375e-07  2.09180495e-05  2.67091375e-07  3.29999334e+00  2.67091375e-07  3.30000000e+00  2.67091375e-07 -8.49805962e-06 
 2.67591375e-07 -2.04177160e-05  2.67591375e-07  3.30000648e+00  2.67591375e-07  3.30000000e+00  2.67591375e-07  8.49760414e-06 
 2.68091375e-07  1.96744223e-05  2.68091375e-07  3.29999367e+00  2.68091375e-07  3.30000000e+00  2.68091375e-07 -8.49724608e-06 
 2.68591375e-07 -1.92233591e-05  2.68591375e-07  3.30000615e+00  2.68591375e-07  3.30000000e+00  2.68591375e-07  8.49682497e-06 
 2.69091375e-07  1.85113804e-05  2.69091375e-07  3.29999399e+00  2.69091375e-07  3.30000000e+00  2.69091375e-07 -8.49649909e-06 
 2.69591375e-07 -1.81061404e-05  2.69591375e-07  3.30000585e+00  2.69591375e-07  3.30000000e+00  2.69591375e-07  8.49610925e-06 
 2.70091375e-07  1.74230462e-05  2.70091375e-07  3.29999429e+00  2.70091375e-07  3.30000000e+00  2.70091375e-07 -8.49581264e-06 
 2.70100000e-07 -2.74532867e-07  2.70100000e-07  3.30000107e+00  2.70100000e-07  3.30000000e+00  2.70100000e-07  8.49290250e-06 
 2.70102610e-07 -6.22450841e-04  2.70102610e-07  3.29928382e+00  2.70102610e-07  3.21386427e+00  2.70102610e-07 -2.87965504e-04 
 2.70107831e-07 -1.97373554e-03  2.70107831e-07  3.29775001e+00  2.70107831e-07  3.04159280e+00  2.70107831e-07 -2.67401513e-04 
 2.70118271e-07 -6.57144326e-03  2.70118271e-07  3.29284704e+00  2.70118271e-07  2.69704988e+00  2.70118271e-07 -2.80359121e-04 
 2.70139153e-07 -2.70818409e-02  2.70139153e-07  3.26629319e+00  2.70139153e-07  2.00796402e+00  2.70139153e-07 -4.91734594e-04 
 2.70169837e-07 -1.95144164e-02  2.70169837e-07  3.24804689e+00  2.70169837e-07  9.95363293e-01  2.70169837e-07 -7.04928164e-04 
 2.70200000e-07  5.69456400e-02  2.70200000e-07  3.25923601e+00  2.70200000e-07  0.00000000e+00  2.70200000e-07 -1.22438376e-03 
 2.70203521e-07  7.45242176e-02  2.70203521e-07  3.26784126e+00  2.70203521e-07  0.00000000e+00  2.70203521e-07 -8.00008720e-04 
 2.70210563e-07  1.08670574e-01  2.70210563e-07  3.28361357e+00  2.70210563e-07  0.00000000e+00  2.70210563e-07 -7.90888599e-04 
 2.70224648e-07  1.71951764e-01  2.70224648e-07  3.30885687e+00  2.70224648e-07  0.00000000e+00  2.70224648e-07 -7.75876236e-04 
 2.70252816e-07  2.89093941e-01  2.70252816e-07  3.34320301e+00  2.70252816e-07  0.00000000e+00  2.70252816e-07 -7.48286310e-04 
 2.70309154e-07  5.19811478e-01  2.70309154e-07  3.37811199e+00  2.70309154e-07  0.00000000e+00  2.70309154e-07 -7.13401088e-04 
 2.70412420e-07  1.07694358e+00  2.70412420e-07  3.43686529e+00  2.70412420e-07  0.00000000e+00  2.70412420e-07 -6.02406368e-04 
 2.70537672e-07  1.87971315e+00  2.70537672e-07  3.50218997e+00  2.70537672e-07  0.00000000e+00  2.70537672e-07 -3.46437944e-04 
 2.70660314e-07  2.47501087e+00  2.70660314e-07  3.47193976e+00  2.70660314e-07  0.00000000e+00  2.70660314e-07 -1.68423927e-04 
 2.70780899e-07  2.83288952e+00  2.70780899e-07  3.42321953e+00  2.70780899e-07  0.00000000e+00  2.70780899e-07 -5.53186703e-05 
 2.70934722e-07  3.10987846e+00  2.70934722e-07  3.36421040e+00  2.70934722e-07  0.00000000e+00  2.70934722e-07 -2.77380803e-05 
 2.71095584e-07  3.23146368e+00  2.71095584e-07  3.32830668e+00  2.71095584e-07  0.00000000e+00  2.71095584e-07 -4.29858240e-06 
 2.71299152e-07  3.28297918e+00  2.71299152e-07  3.30903791e+00  2.71299152e-07  0.00000000e+00  2.71299152e-07 -7.03441421e-06 
 2.71637073e-07  3.29996139e+00  2.71637073e-07  3.30045374e+00  2.71637073e-07  0.00000000e+00  2.71637073e-07  3.70544766e-06 
 2.72123162e-07  3.29999036e+00  2.72123162e-07  3.29990997e+00  2.72123162e-07  0.00000000e+00  2.72123162e-07 -4.99768827e-06 
 2.72623162e-07  3.30000851e+00  2.72623162e-07  3.30002298e+00  2.72623162e-07  0.00000000e+00  2.72623162e-07  4.05802563e-06 
 2.73123162e-07  3.29999837e+00  2.73123162e-07  3.29999618e+00  2.73123162e-07  0.00000000e+00  2.73123162e-07 -4.75897466e-06 
 2.73623162e-07  3.30000134e+00  2.73623162e-07  3.30000198e+00  2.73623162e-07  0.00000000e+00  2.73623162e-07  4.19335620e-06 
 2.74123162e-07  3.30000027e+00  2.74123162e-07  3.30000050e+00  2.74123162e-07  0.00000000e+00  2.74123162e-07 -4.66560915e-06 
 2.74623162e-07  3.30000035e+00  2.74623162e-07  3.30000049e+00  2.74623162e-07  0.00000000e+00  2.74623162e-07  4.26239708e-06 
 2.75123162e-07  3.30000027e+00  2.75123162e-07  3.30000044e+00  2.75123162e-07  0.00000000e+00  2.75123162e-07 -4.61496449e-06 
 2.75623162e-07  3.30000019e+00  2.75623162e-07  3.30000027e+00  2.75623162e-07  0.00000000e+00  2.75623162e-07  4.30300828e-06 
 2.76123162e-07  3.30000018e+00  2.76123162e-07  3.30000028e+00  2.76123162e-07  0.00000000e+00  2.76123162e-07 -4.58318570e-06 
 2.76623162e-07  3.30000012e+00  2.76623162e-07  3.30000019e+00  2.76623162e-07  0.00000000e+00  2.76623162e-07  4.32950988e-06 
 2.77123162e-07  3.30000012e+00  2.77123162e-07  3.30000019e+00  2.77123162e-07  0.00000000e+00  2.77123162e-07 -4.56144132e-06 
 2.77623162e-07  3.30000009e+00  2.77623162e-07  3.30000014e+00  2.77623162e-07  0.00000000e+00  2.77623162e-07  4.34809926e-06 
 2.78123162e-07  3.30000008e+00  2.78123162e-07  3.30000013e+00  2.78123162e-07  0.00000000e+00  2.78123162e-07 -4.54566736e-06 
 2.78623162e-07  3.30000006e+00  2.78623162e-07  3.30000010e+00  2.78623162e-07  0.00000000e+00  2.78623162e-07  4.36183491e-06 
 2.79123162e-07  3.30000006e+00  2.79123162e-07  3.30000010e+00  2.79123162e-07  0.00000000e+00  2.79123162e-07 -4.53372697e-06 
 2.79623162e-07  3.30000005e+00  2.79623162e-07  3.30000008e+00  2.79623162e-07  0.00000000e+00  2.79623162e-07  4.37238683e-06 
 2.80123162e-07  3.30000004e+00  2.80123162e-07  3.30000007e+00  2.80123162e-07  0.00000000e+00  2.80123162e-07 -4.52438903e-06 
 2.80623162e-07  3.30000004e+00  2.80623162e-07  3.30000006e+00  2.80623162e-07  0.00000000e+00  2.80623162e-07  4.38074036e-06 
 2.81123162e-07  3.30000003e+00  2.81123162e-07  3.30000006e+00  2.81123162e-07  0.00000000e+00  2.81123162e-07 -4.51689522e-06 
 2.81623162e-07  3.30000003e+00  2.81623162e-07  3.30000005e+00  2.81623162e-07  0.00000000e+00  2.81623162e-07  4.38751338e-06 
 2.82123162e-07  3.30000002e+00  2.82123162e-07  3.30000004e+00  2.82123162e-07  0.00000000e+00  2.82123162e-07 -4.51075377e-06 
 2.82623162e-07  3.30000002e+00  2.82623162e-07  3.30000004e+00  2.82623162e-07  0.00000000e+00  2.82623162e-07  4.39311265e-06 
 2.83123162e-07  3.30000002e+00  2.83123162e-07  3.30000003e+00  2.83123162e-07  0.00000000e+00  2.83123162e-07 -4.50563232e-06 
 2.83623162e-07  3.30000002e+00  2.83623162e-07  3.30000003e+00  2.83623162e-07  0.00000000e+00  2.83623162e-07  4.39781678e-06 
 2.84123162e-07  3.30000001e+00  2.84123162e-07  3.30000003e+00  2.84123162e-07  0.00000000e+00  2.84123162e-07 -4.50129850e-06 
 2.84623162e-07  3.30000001e+00  2.84623162e-07  3.30000002e+00  2.84623162e-07  0.00000000e+00  2.84623162e-07  4.40182296e-06 
 2.85123162e-07  3.30000001e+00  2.85123162e-07  3.30000002e+00  2.85123162e-07  0.00000000e+00  2.85123162e-07 -4.49758514e-06 
 2.85623162e-07  3.30000001e+00  2.85623162e-07  3.30000002e+00  2.85623162e-07  0.00000000e+00  2.85623162e-07  4.40527461e-06 
 2.86123162e-07  3.30000001e+00  2.86123162e-07  3.30000002e+00  2.86123162e-07  0.00000000e+00  2.86123162e-07 -4.49436898e-06 
 2.86623162e-07  3.30000001e+00  2.86623162e-07  3.30000002e+00  2.86623162e-07  0.00000000e+00  2.86623162e-07  4.40827854e-06 
 2.87123162e-07  3.30000000e+00  2.87123162e-07  3.30000001e+00  2.87123162e-07  0.00000000e+00  2.87123162e-07 -4.49155723e-06 
 2.87623162e-07  3.30000000e+00  2.87623162e-07  3.30000001e+00  2.87623162e-07  0.00000000e+00  2.87623162e-07  4.41091590e-06 
 2.88123162e-07  3.30000000e+00  2.88123162e-07  3.30000001e+00  2.88123162e-07  0.00000000e+00  2.88123162e-07 -4.48907872e-06 
 2.88623162e-07  3.30000000e+00  2.88623162e-07  3.30000001e+00  2.88623162e-07  0.00000000e+00  2.88623162e-07  4.41324941e-06 
 2.89123162e-07  3.30000000e+00  2.89123162e-07  3.30000001e+00  2.89123162e-07  0.00000000e+00  2.89123162e-07 -4.48687797e-06 
 2.89623162e-07  3.30000000e+00  2.89623162e-07  3.30000001e+00  2.89623162e-07  0.00000000e+00  2.89623162e-07  4.41532833e-06 
 2.90123162e-07  3.30000000e+00  2.90123162e-07  3.30000001e+00  2.90123162e-07  0.00000000e+00  2.90123162e-07 -4.48491112e-06 
 2.90623162e-07  3.30000000e+00  2.90623162e-07  3.30000001e+00  2.90623162e-07  0.00000000e+00  2.90623162e-07  4.41719186e-06 
 2.91123162e-07  3.30000000e+00  2.91123162e-07  3.30000000e+00  2.91123162e-07  0.00000000e+00  2.91123162e-07 -4.48314304e-06 
 2.91623162e-07  3.30000000e+00  2.91623162e-07  3.30000000e+00  2.91623162e-07  0.00000000e+00  2.91623162e-07  4.41887158e-06 
 2.92123162e-07  3.30000000e+00  2.92123162e-07  3.30000000e+00  2.92123162e-07  0.00000000e+00  2.92123162e-07 -4.48154528e-06 
 2.92623162e-07  3.30000000e+00  2.92623162e-07  3.30000000e+00  2.92623162e-07  0.00000000e+00  2.92623162e-07  4.42039320e-06 
 2.93123162e-07  3.30000000e+00  2.93123162e-07  3.30000000e+00  2.93123162e-07  0.00000000e+00  2.93123162e-07 -4.48009453e-06 
 2.93623162e-07  3.30000000e+00  2.93623162e-07  3.30000000e+00  2.93623162e-07  0.00000000e+00  2.93623162e-07  4.42177788e-06 
 2.94123162e-07  3.30000000e+00  2.94123162e-07  3.30000000e+00  2.94123162e-07  0.00000000e+00  2.94123162e-07 -4.47877153e-06 
 2.94623162e-07  3.30000000e+00  2.94623162e-07  3.30000000e+00  2.94623162e-07  0.00000000e+00  2.94623162e-07  4.42304319e-06 
 2.95123162e-07  3.29999999e+00  2.95123162e-07  3.30000000e+00  2.95123162e-07  0.00000000e+00  2.95123162e-07 -4.47756025e-06 
 2.95623162e-07  3.29999999e+00  2.95623162e-07  3.30000000e+00  2.95623162e-07  0.00000000e+00  2.95623162e-07  4.42420380e-06 
 2.96123162e-07  3.29999999e+00  2.96123162e-07  3.30000000e+00  2.96123162e-07  0.00000000e+00  2.96123162e-07 -4.47644721e-06 
 2.96623162e-07  3.29999999e+00  2.96623162e-07  3.30000000e+00  2.96623162e-07  0.00000000e+00  2.96623162e-07  4.42527212e-06 
 2.97123162e-07  3.29999999e+00  2.97123162e-07  3.30000000e+00  2.97123162e-07  0.00000000e+00  2.97123162e-07 -4.47542100e-06 
 2.97623162e-07  3.29999999e+00  2.97623162e-07  3.30000000e+00  2.97623162e-07  0.00000000e+00  2.97623162e-07  4.42625864e-06 
 2.98123162e-07  3.29999999e+00  2.98123162e-07  3.30000000e+00  2.98123162e-07  0.00000000e+00  2.98123162e-07 -4.47447192e-06 
 2.98623162e-07  3.29999999e+00  2.98623162e-07  3.30000000e+00  2.98623162e-07  0.00000000e+00  2.98623162e-07  4.42717236e-06 
 2.99123162e-07  3.29999999e+00  2.99123162e-07  3.30000000e+00  2.99123162e-07  0.00000000e+00  2.99123162e-07 -4.47359164e-06 
 2.99623162e-07  3.29999999e+00  2.99623162e-07  3.30000000e+00  2.99623162e-07  0.00000000e+00  2.99623162e-07  4.42802099e-06 
 3.00000000e-07  3.29999999e+00  3.00000000e-07  3.30000000e+00  3.00000000e-07  0.00000000e+00  3.00000000e-07 -4.47287073e-06 
 3.00050000e-07  3.29999999e+00  3.00050000e-07  3.30000000e+00  3.00050000e-07  0.00000000e+00  3.00050000e-07 -2.22330774e-08 
 3.00150000e-07  3.29999999e+00  3.00150000e-07  3.30000000e+00  3.00150000e-07  0.00000000e+00  3.00150000e-07 -2.21538637e-08 
 3.00350000e-07  3.29999999e+00  3.00350000e-07  3.30000000e+00  3.00350000e-07  0.00000000e+00  3.00350000e-07 -2.19972881e-08 
 3.00750000e-07  3.29999999e+00  3.00750000e-07  3.29999999e+00  3.00750000e-07  0.00000000e+00  3.00750000e-07 -2.16904993e-08 
 3.01250000e-07  3.29999999e+00  3.01250000e-07  3.29999999e+00  3.01250000e-07  0.00000000e+00  3.01250000e-07 -2.13187118e-08 
 3.01750000e-07  3.29999999e+00  3.01750000e-07  3.29999999e+00  3.01750000e-07  0.00000000e+00  3.01750000e-07 -2.09592127e-08 
 3.02250000e-07  3.29999999e+00  3.02250000e-07  3.29999999e+00  3.02250000e-07  0.00000000e+00  3.02250000e-07 -2.06114979e-08 
 3.02750000e-07  3.29999999e+00  3.02750000e-07  3.29999999e+00  3.02750000e-07  0.00000000e+00  3.02750000e-07 -2.02749076e-08 
 3.03250000e-07  3.29999999e+00  3.03250000e-07  3.29999999e+00  3.03250000e-07  0.00000000e+00  3.03250000e-07 -1.99490154e-08 
 3.03750000e-07  3.29999999e+00  3.03750000e-07  3.29999999e+00  3.03750000e-07  0.00000000e+00  3.03750000e-07 -1.96332263e-08 
 3.04250000e-07  3.29999999e+00  3.04250000e-07  3.29999999e+00  3.04250000e-07  0.00000000e+00  3.04250000e-07 -1.93271782e-08 
 3.04750000e-07  3.29999999e+00  3.04750000e-07  3.29999999e+00  3.04750000e-07  0.00000000e+00  3.04750000e-07 -1.90303325e-08 
 3.05250000e-07  3.29999999e+00  3.05250000e-07  3.29999999e+00  3.05250000e-07  0.00000000e+00  3.05250000e-07 -1.87423813e-08 
 3.05750000e-07  3.29999999e+00  3.05750000e-07  3.29999999e+00  3.05750000e-07  0.00000000e+00  3.05750000e-07 -1.84628349e-08 
 3.06250000e-07  3.29999999e+00  3.06250000e-07  3.29999999e+00  3.06250000e-07  0.00000000e+00  3.06250000e-07 -1.81914320e-08 
 3.06750000e-07  3.29999999e+00  3.06750000e-07  3.29999999e+00  3.06750000e-07  0.00000000e+00  3.06750000e-07 -1.79277252e-08 
 3.07250000e-07  3.29999999e+00  3.07250000e-07  3.29999999e+00  3.07250000e-07  0.00000000e+00  3.07250000e-07 -1.76714929e-08 
 3.07750000e-07  3.29999999e+00  3.07750000e-07  3.29999999e+00  3.07750000e-07  0.00000000e+00  3.07750000e-07 -1.74223250e-08 
 3.08250000e-07  3.29999999e+00  3.08250000e-07  3.29999999e+00  3.08250000e-07  0.00000000e+00  3.08250000e-07 -1.71800343e-08 
 3.08750000e-07  3.29999999e+00  3.08750000e-07  3.29999999e+00  3.08750000e-07  0.00000000e+00  3.08750000e-07 -1.69442426e-08 
 3.09250000e-07  3.29999999e+00  3.09250000e-07  3.29999999e+00  3.09250000e-07  0.00000000e+00  3.09250000e-07 -1.67147929e-08 
 3.09750000e-07  3.29999999e+00  3.09750000e-07  3.29999999e+00  3.09750000e-07  0.00000000e+00  3.09750000e-07 -1.64913351e-08 
 3.10250000e-07  3.29999999e+00  3.10250000e-07  3.29999999e+00  3.10250000e-07  0.00000000e+00  3.10250000e-07 -1.62737385e-08 
 3.10750000e-07  3.29999999e+00  3.10750000e-07  3.29999999e+00  3.10750000e-07  0.00000000e+00  3.10750000e-07 -1.60616775e-08 
 3.11250000e-07  3.29999999e+00  3.11250000e-07  3.29999999e+00  3.11250000e-07  0.00000000e+00  3.11250000e-07 -1.58550443e-08 
 3.11750000e-07  3.29999999e+00  3.11750000e-07  3.29999999e+00  3.11750000e-07  0.00000000e+00  3.11750000e-07 -1.56535351e-08 
 3.12250000e-07  3.29999999e+00  3.12250000e-07  3.29999999e+00  3.12250000e-07  0.00000000e+00  3.12250000e-07 -1.54570624e-08 
 3.12750000e-07  3.29999999e+00  3.12750000e-07  3.29999999e+00  3.12750000e-07  0.00000000e+00  3.12750000e-07 -1.52653414e-08 
 3.13250000e-07  3.29999999e+00  3.13250000e-07  3.29999999e+00  3.13250000e-07  0.00000000e+00  3.13250000e-07 -1.50783024e-08 
 3.13750000e-07  3.29999999e+00  3.13750000e-07  3.29999999e+00  3.13750000e-07  0.00000000e+00  3.13750000e-07 -1.48956775e-08 
 3.14250000e-07  3.29999999e+00  3.14250000e-07  3.29999999e+00  3.14250000e-07  0.00000000e+00  3.14250000e-07 -1.47174129e-08 
 3.14750000e-07  3.29999999e+00  3.14750000e-07  3.29999999e+00  3.14750000e-07  0.00000000e+00  3.14750000e-07 -1.45432556e-08 
 3.15250000e-07  3.29999999e+00  3.15250000e-07  3.29999999e+00  3.15250000e-07  0.00000000e+00  3.15250000e-07 -1.43731660e-08 
 3.15750000e-07  3.29999999e+00  3.15750000e-07  3.29999999e+00  3.15750000e-07  0.00000000e+00  3.15750000e-07 -1.42069043e-08 
 3.16250000e-07  3.29999999e+00  3.16250000e-07  3.29999999e+00  3.16250000e-07  0.00000000e+00  3.16250000e-07 -1.40444433e-08 
 3.16750000e-07  3.29999999e+00  3.16750000e-07  3.29999999e+00  3.16750000e-07  0.00000000e+00  3.16750000e-07 -1.38855552e-08 
 3.17250000e-07  3.29999999e+00  3.17250000e-07  3.29999999e+00  3.17250000e-07  0.00000000e+00  3.17250000e-07 -1.37302241e-08 
 3.17750000e-07  3.29999999e+00  3.17750000e-07  3.29999999e+00  3.17750000e-07  0.00000000e+00  3.17750000e-07 -1.35782327e-08 
 3.18250000e-07  3.29999999e+00  3.18250000e-07  3.29999999e+00  3.18250000e-07  0.00000000e+00  3.18250000e-07 -1.34295750e-08 
 3.18750000e-07  3.29999999e+00  3.18750000e-07  3.29999999e+00  3.18750000e-07  0.00000000e+00  3.18750000e-07 -1.32840433e-08 
 3.19250000e-07  3.29999999e+00  3.19250000e-07  3.29999999e+00  3.19250000e-07  0.00000000e+00  3.19250000e-07 -1.31416407e-08 
 3.19750000e-07  3.29999999e+00  3.19750000e-07  3.29999999e+00  3.19750000e-07  0.00000000e+00  3.19750000e-07 -1.30021678e-08 
 3.20000000e-07  3.29999999e+00  3.20000000e-07  3.29999999e+00  3.20000000e-07  0.00000000e+00  3.20000000e-07 -1.29335630e-08 
 3.20010000e-07  3.32180705e+00  3.20010000e-07  3.32181663e+00  3.20010000e-07  3.30000000e-01  3.20010000e-07  4.01841226e-04 
 3.20030000e-07  3.36309232e+00  3.20030000e-07  3.36312608e+00  3.20030000e-07  9.90000000e-01  3.20030000e-07  4.43900394e-04 
 3.20070000e-07  3.44258737e+00  3.20070000e-07  3.44266244e+00  3.20070000e-07  2.31000000e+00  3.20070000e-07  4.19772938e-04 
 3.20100000e-07  3.48075475e+00  3.20100000e-07  3.48100223e+00  3.20100000e-07  3.30000000e+00  3.20100000e-07  2.56674068e-04 
 3.20105688e-07  3.48038712e+00  3.20105688e-07  3.48055725e+00  3.20105688e-07  3.30000000e+00  3.20105688e-07 -6.36957790e-06 
 3.20117063e-07  3.47896594e+00  3.20117063e-07  3.47892752e+00  3.20117063e-07  3.30000000e+00  3.20117063e-07 -1.65758467e-05 
 3.20139814e-07  3.47243688e+00  3.20139814e-07  3.47177867e+00  3.20139814e-07  3.30000000e+00  3.20139814e-07 -2.57089039e-05 
 3.20185315e-07  3.45311768e+00  3.20185315e-07  3.45127183e+00  3.20185315e-07  3.30000000e+00  3.20185315e-07 -3.64800140e-05 
 3.20276318e-07  3.31347708e+00  3.20276318e-07  3.32835196e+00  3.20276318e-07  3.30000000e+00  3.20276318e-07 -5.06391043e-05 
 3.20361440e-07  3.00672203e+00  3.20361440e-07  3.07790009e+00  3.20361440e-07  3.30000000e+00  3.20361440e-07 -9.14837487e-05 
 3.20452192e-07  2.63220131e+00  3.20452192e-07  2.73907670e+00  3.20452192e-07  3.30000000e+00  3.20452192e-07 -6.42495375e-05 
 3.20562272e-07  2.22573437e+00  3.20562272e-07  2.37500613e+00  3.20562272e-07  3.30000000e+00  3.20562272e-07 -1.13631321e-04 
 3.20716522e-07  1.68429946e+00  3.20716522e-07  2.19413187e+00  3.20716522e-07  3.30000000e+00  3.20716522e-07 -1.71992668e-04 
 3.20881363e-07  1.04914436e+00  3.20881363e-07  2.61156948e+00  3.20881363e-07  3.30000000e+00  3.20881363e-07 -2.78152105e-04 
 3.20997974e-07  7.05148398e-01  3.20997974e-07  2.97552423e+00  3.20997974e-07  3.30000000e+00  3.20997974e-07 -1.70798665e-04 
 3.21144716e-07  4.37884569e-01  3.21144716e-07  3.20127239e+00  3.21144716e-07  3.30000000e+00  3.21144716e-07 -8.66793907e-05 
 3.21291510e-07  2.70539845e-01  3.21291510e-07  3.26140707e+00  3.21291510e-07  3.30000000e+00  3.21291510e-07 -2.45242673e-05 
 3.21462449e-07  1.59507663e-01  3.21462449e-07  3.28087334e+00  3.21462449e-07  3.30000000e+00  3.21462449e-07 -3.00021594e-05 
 3.21749205e-07  5.74545470e-02  3.21749205e-07  3.29263046e+00  3.21749205e-07  3.30000000e+00  3.21749205e-07  2.91896995e-06 
 3.22062497e-07  2.07070232e-02  3.22062497e-07  3.29784443e+00  3.22062497e-07  3.30000000e+00  3.22062497e-07 -1.26055001e-05 
 3.22562497e-07  7.93910656e-04  3.22562497e-07  3.29960694e+00  3.22562497e-07  3.30000000e+00  3.22562497e-07  9.82364149e-06 
 3.23062497e-07  1.27332642e-03  3.23062497e-07  3.30009661e+00  3.23062497e-07  3.30000000e+00  3.23062497e-07 -1.00369808e-05 
 3.23562497e-07 -9.62384092e-04  3.23562497e-07  3.29990427e+00  3.23562497e-07  3.30000000e+00  3.23562497e-07  9.95104450e-06 
 3.24062497e-07  9.04045011e-04  3.24062497e-07  3.30007000e+00  3.24062497e-07  3.30000000e+00  3.24062497e-07 -9.90089207e-06 
 3.24562497e-07 -8.26853682e-04  3.24562497e-07  3.29994856e+00  3.24562497e-07  3.30000000e+00  3.24562497e-07  9.85182811e-06 
 3.25062497e-07  7.68516394e-04  3.25062497e-07  3.30003521e+00  3.25062497e-07  3.30000000e+00  3.25062497e-07 -9.80729897e-06 
 3.25562497e-07 -7.09786569e-04  3.25562497e-07  3.29997755e+00  3.25562497e-07  3.30000000e+00  3.25562497e-07  9.76553506e-06 
 3.26062497e-07  6.64482687e-04  3.26062497e-07  3.30001144e+00  3.26062497e-07  3.30000000e+00  3.26062497e-07 -9.72715030e-06 
 3.26562497e-07 -6.17811579e-04  3.26562497e-07  3.29999706e+00  3.26562497e-07  3.30000000e+00  3.26562497e-07  9.69094398e-06 
 3.27062497e-07  5.81895485e-04  3.27062497e-07  3.29999560e+00  3.27062497e-07  3.30000000e+00  3.27062497e-07 -9.65749093e-06 
 3.27562497e-07 -5.44034196e-04  3.27562497e-07  3.30001005e+00  3.27562497e-07  3.30000000e+00  3.27562497e-07  9.62582729e-06 
 3.28062497e-07  5.14905672e-04  3.28062497e-07  3.29998513e+00  3.28062497e-07  3.30000000e+00  3.28062497e-07 -9.59643638e-06 
 3.28562497e-07 -4.83557524e-04  3.28562497e-07  3.30001850e+00  3.28562497e-07  3.30000000e+00  3.28562497e-07  9.56853608e-06 
 3.29062497e-07  4.59465075e-04  3.29062497e-07  3.29997836e+00  3.29062497e-07  3.30000000e+00  3.29062497e-07 -9.54258099e-06 
 3.29562497e-07 -4.33036942e-04  3.29562497e-07  3.30002390e+00  3.29562497e-07  3.30000000e+00  3.29562497e-07  9.51787153e-06 
 3.30062497e-07  4.12736047e-04  3.30062497e-07  3.29997411e+00  3.30062497e-07  3.30000000e+00  3.30062497e-07 -9.49485055e-06 
 3.30562497e-07 -3.90111732e-04  3.30562497e-07  3.30002722e+00  3.30562497e-07  3.30000000e+00  3.30562497e-07  9.47288302e-06 
 3.31062497e-07  3.72727426e-04  3.31062497e-07  3.29997157e+00  3.31062497e-07  3.30000000e+00  3.31062497e-07 -9.45239624e-06 
 3.31562497e-07 -3.53107708e-04  3.31562497e-07  3.30002913e+00  3.31562497e-07  3.30000000e+00  3.31562497e-07  9.43280852e-06 
 3.32062497e-07  3.38017532e-04  3.32062497e-07  3.29997019e+00  3.32062497e-07  3.30000000e+00  3.32062497e-07 -9.41452998e-06 
 3.32562497e-07 -3.20821241e-04  3.32562497e-07  3.30003008e+00  3.32562497e-07  3.30000000e+00  3.32562497e-07  9.39702396e-06 
 3.33062497e-07  3.07575524e-04  3.33062497e-07  3.29996960e+00  3.33062497e-07  3.30000000e+00  3.33062497e-07 -9.38068295e-06 
 3.33562497e-07 -2.92372590e-04  3.33562497e-07  3.30003038e+00  3.33562497e-07  3.30000000e+00  3.33562497e-07  9.36500897e-06 
 3.34062497e-07  2.80640641e-04  3.34062497e-07  3.29996955e+00  3.34062497e-07  3.30000000e+00  3.34062497e-07 -9.35037719e-06 
 3.34562497e-07 -2.67106613e-04  3.34562497e-07  3.30003024e+00  3.34562497e-07  3.30000000e+00  3.34562497e-07  9.33632320e-06 
 3.35062497e-07  2.56640333e-04  3.35062497e-07  3.29996985e+00  3.35062497e-07  3.30000000e+00  3.35062497e-07 -9.32320556e-06 
 3.35562497e-07 -2.44525387e-04  3.35562497e-07  3.30002981e+00  3.35562497e-07  3.30000000e+00  3.35562497e-07  9.31058935e-06 
 3.36062497e-07  2.35134599e-04  3.36062497e-07  3.29997041e+00  3.36062497e-07  3.30000000e+00  3.36062497e-07 -9.29881743e-06 
 3.36562497e-07 -2.24242325e-04  3.36562497e-07  3.30002917e+00  3.36562497e-07  3.30000000e+00  3.36562497e-07  9.28748093e-06 
 3.37062497e-07  2.15777992e-04  3.37062497e-07  3.29997112e+00  3.37062497e-07  3.30000000e+00  3.37062497e-07 -9.27690802e-06 
 3.37562497e-07 -2.05950790e-04  3.37562497e-07  3.30002840e+00  3.37562497e-07  3.30000000e+00  3.37562497e-07  9.26671307e-06 
 3.38062497e-07  1.98293534e-04  3.38062497e-07  3.29997194e+00  3.38062497e-07  3.30000000e+00  3.38062497e-07 -9.25721058e-06 
 3.38562497e-07 -1.89402490e-04  3.38562497e-07  3.30002755e+00  3.38562497e-07  3.30000000e+00  3.38562497e-07  9.24803569e-06 
 3.39062497e-07  1.82454699e-04  3.39062497e-07  3.29997283e+00  3.39062497e-07  3.30000000e+00  3.39062497e-07 -9.23949026e-06 
 3.39562497e-07 -1.74392509e-04  3.39562497e-07  3.30002665e+00  3.39562497e-07  3.30000000e+00  3.39562497e-07  9.23122811e-06 
 3.40062497e-07  1.68072864e-04  3.40062497e-07  3.29997375e+00  3.40062497e-07  3.30000000e+00  3.40062497e-07 -9.22353941e-06 
 3.40562497e-07 -1.60748827e-04  3.40562497e-07  3.30002572e+00  3.40562497e-07  3.30000000e+00  3.40562497e-07  9.21609484e-06 
 3.41062497e-07  1.54988465e-04  3.41062497e-07  3.29997470e+00  3.41062497e-07  3.30000000e+00  3.41062497e-07 -9.20917379e-06 
 3.41562497e-07 -1.48324902e-04  3.41562497e-07  3.30002477e+00  3.41562497e-07  3.30000000e+00  3.41562497e-07  9.20246219e-06 
 3.42062497e-07  1.43064699e-04  3.42062497e-07  3.29997565e+00  3.42062497e-07  3.30000000e+00  3.42062497e-07 -9.19622950e-06 
 3.42562497e-07 -1.36994347e-04  3.42562497e-07  3.30002383e+00  3.42562497e-07  3.30000000e+00  3.42562497e-07  9.19017548e-06 
 3.43062497e-07  1.32182959e-04  3.43062497e-07  3.29997659e+00  3.43062497e-07  3.30000000e+00  3.43062497e-07 -9.18456044e-06 
 3.43562497e-07 -1.26647049e-04  3.43562497e-07  3.30002289e+00  3.43562497e-07  3.30000000e+00  3.43562497e-07  9.17909671e-06 
 3.44062497e-07  1.22239478e-04  3.44062497e-07  3.29997753e+00  3.44062497e-07  3.30000000e+00  3.44062497e-07 -9.17403616e-06 
 3.44562497e-07 -1.17186284e-04  3.44562497e-07  3.30002196e+00  3.44562497e-07  3.30000000e+00  3.44562497e-07  9.16910257e-06 
 3.45062497e-07  1.13142808e-04  3.45062497e-07  3.29997845e+00  3.45062497e-07  3.30000000e+00  3.45062497e-07 -9.16454005e-06 
 3.45562497e-07 -1.08526535e-04  3.45562497e-07  3.30002106e+00  3.45562497e-07  3.30000000e+00  3.45562497e-07  9.16008280e-06 
 3.46062497e-07  1.04811889e-04  3.46062497e-07  3.29997935e+00  3.46062497e-07  3.30000000e+00  3.46062497e-07 -9.15596777e-06 
 3.46562497e-07 -1.00591800e-04  3.46562497e-07  3.30002017e+00  3.46562497e-07  3.30000000e+00  3.46562497e-07  9.15193869e-06 
 3.47062497e-07  9.71745402e-05  3.47062497e-07  3.29998022e+00  3.47062497e-07  3.30000000e+00  3.47062497e-07 -9.14822589e-06 
 3.47562497e-07 -9.33142600e-05  3.47562497e-07  3.30001931e+00  3.47562497e-07  3.30000000e+00  3.47562497e-07  9.14458182e-06 
 3.48062497e-07  9.01662528e-05  3.48062497e-07  3.29998108e+00  3.48062497e-07  3.30000000e+00  3.48062497e-07 -9.14123070e-06 
 3.48562497e-07 -8.66332025e-05  3.48562497e-07  3.30001847e+00  3.48562497e-07  3.30000000e+00  3.48562497e-07  9.13793295e-06 
 3.49062497e-07  8.37292109e-05  3.49062497e-07  3.29998190e+00  3.49062497e-07  3.30000000e+00  3.49062497e-07 -9.13490716e-06 
 3.49562497e-07 -8.04941372e-05  3.49562497e-07  3.30001766e+00  3.49562497e-07  3.30000000e+00  3.49562497e-07  9.13192103e-06 
 3.50062497e-07  7.78114769e-05  3.50062497e-07  3.29998270e+00  3.50062497e-07  3.30000000e+00  3.50062497e-07 -9.12918796e-06 
 3.50562497e-07 -7.48480587e-05  3.50562497e-07  3.30001687e+00  3.50562497e-07  3.30000000e+00  3.50562497e-07  9.12648234e-06 
 3.51062497e-07  7.23663083e-05  3.51062497e-07  3.29998348e+00  3.51062497e-07  3.30000000e+00  3.51062497e-07 -9.12401272e-06 
 3.51562497e-07 -6.96508210e-05  3.51562497e-07  3.30001611e+00  3.51562497e-07  3.30000000e+00  3.51562497e-07  9.12155968e-06 
 3.52062497e-07  6.73515728e-05  3.52062497e-07  3.29998422e+00  3.52062497e-07  3.30000000e+00  3.52062497e-07 -9.11932727e-06 
 3.52562497e-07 -6.48626007e-05  3.52562497e-07  3.30001538e+00  3.52562497e-07  3.30000000e+00  3.52562497e-07  9.11710174e-06 
 3.53062497e-07  6.27292457e-05  3.53062497e-07  3.29998494e+00  3.53062497e-07  3.30000000e+00  3.53062497e-07 -9.11508298e-06 
 3.53562497e-07 -6.04474313e-05  3.53562497e-07  3.30001468e+00  3.53562497e-07  3.30000000e+00  3.53562497e-07  9.11306244e-06 
 3.54062497e-07  5.84649712e-05  3.54062497e-07  3.29998563e+00  3.54062497e-07  3.30000000e+00  3.54062497e-07 -9.11123617e-06 
 3.54562497e-07 -5.63727969e-05  3.54562497e-07  3.30001400e+00  3.54562497e-07  3.30000000e+00  3.54562497e-07  9.10940041e-06 
 3.55062497e-07  5.45276781e-05  3.55062497e-07  3.29998630e+00  3.55062497e-07  3.30000000e+00  3.55062497e-07 -9.10774763e-06 
 3.55562497e-07 -5.26092743e-05  3.55562497e-07  3.30001335e+00  3.55562497e-07  3.30000000e+00  3.55562497e-07  9.10607848e-06 
 3.56062497e-07  5.08892416e-05  3.56062497e-07  3.29998694e+00  3.56062497e-07  3.30000000e+00  3.56062497e-07 -9.10458212e-06 
 3.56562497e-07 -4.91302169e-05  3.56562497e-07  3.30001273e+00  3.56562497e-07  3.30000000e+00  3.56562497e-07  9.10306328e-06 
 3.57062497e-07  4.75241827e-05  3.57062497e-07  3.29998755e+00  3.57062497e-07  3.30000000e+00  3.57062497e-07 -9.10170800e-06 
 3.57562497e-07 -4.59114739e-05  3.57562497e-07  3.30001213e+00  3.57562497e-07  3.30000000e+00  3.57562497e-07  9.10032479e-06 
 3.58062497e-07  4.44094017e-05  3.58062497e-07  3.29998814e+00  3.58062497e-07  3.30000000e+00  3.58062497e-07 -9.09909681e-06 
 3.58562497e-07 -4.29311401e-05  3.58562497e-07  3.30001155e+00  3.58562497e-07  3.30000000e+00  3.58562497e-07  9.09783604e-06 
 3.59062497e-07  4.15239406e-05  3.59062497e-07  3.29998870e+00  3.59062497e-07  3.30000000e+00  3.59062497e-07 -9.09672297e-06 
 3.59562497e-07 -4.01693332e-05  3.59562497e-07  3.30001100e+00  3.59562497e-07  3.30000000e+00  3.59562497e-07  9.09557280e-06 
 3.60062497e-07  3.88487706e-05  3.60062497e-07  3.29998924e+00  3.60062497e-07  3.30000000e+00  3.60062497e-07 -9.09456350e-06 
 3.60562497e-07 -3.76079940e-05  3.60562497e-07  3.30001048e+00  3.60562497e-07  3.30000000e+00  3.60562497e-07  9.09351326e-06 
 3.61062497e-07  3.63666023e-05  3.61062497e-07  3.29998976e+00  3.61062497e-07  3.30000000e+00  3.61062497e-07 -9.09259770e-06 
 3.61562497e-07 -3.52307075e-05  3.61562497e-07  3.30000997e+00  3.61562497e-07  3.30000000e+00  3.61562497e-07  9.09163780e-06 
 3.62062497e-07  3.40617155e-05  3.62062497e-07  3.29999025e+00  3.62062497e-07  3.30000000e+00  3.62062497e-07 -9.09080697e-06 
 3.62562497e-07 -3.30225431e-05  3.62562497e-07  3.30000949e+00  3.62562497e-07  3.30000000e+00  3.62562497e-07  9.08992877e-06 
 3.63062497e-07  3.19198063e-05  3.63062497e-07  3.29999072e+00  3.63062497e-07  3.30000000e+00  3.63062497e-07 -9.08917457e-06 
 3.63562497e-07 -3.09699106e-05  3.63562497e-07  3.30000903e+00  3.63562497e-07  3.30000000e+00  3.63562497e-07  9.08837030e-06 
 3.64062497e-07  2.99278505e-05  3.64062497e-07  3.29999117e+00  3.64062497e-07  3.30000000e+00  3.64062497e-07 -9.08768542e-06 
 3.64562497e-07 -2.90604308e-05  3.64562497e-07  3.30000859e+00  3.64562497e-07  3.30000000e+00  3.64562497e-07  9.08694808e-06 
 3.65062497e-07  2.80739799e-05  3.65062497e-07  3.29999160e+00  3.65062497e-07  3.30000000e+00  3.65062497e-07 -9.08632596e-06 
 3.65562497e-07 -2.72828197e-05  3.65562497e-07  3.30000817e+00  3.65562497e-07  3.30000000e+00  3.65562497e-07  9.08564925e-06 
 3.66062497e-07  2.63473723e-05  3.66062497e-07  3.29999202e+00  3.66062497e-07  3.30000000e+00  3.66062497e-07 -9.08508395e-06 
 3.66562497e-07 -2.56267838e-05  3.66562497e-07  3.30000777e+00  3.66562497e-07  3.30000000e+00  3.66562497e-07  9.08446218e-06 
 3.67062497e-07  2.47381516e-05  3.67062497e-07  3.29999241e+00  3.67062497e-07  3.30000000e+00  3.67062497e-07 -9.08394838e-06 
 3.67562497e-07 -2.40829262e-05  3.67562497e-07  3.30000739e+00  3.67562497e-07  3.30000000e+00  3.67562497e-07  9.08337645e-06 
 3.68062497e-07  2.32372982e-05  3.68062497e-07  3.29999278e+00  3.68062497e-07  3.30000000e+00  3.68062497e-07 -9.08290933e-06 
 3.68562497e-07 -2.26426620e-05  3.68562497e-07  3.30000702e+00  3.68562497e-07  3.30000000e+00  3.68562497e-07  9.08238261e-06 
 3.69062497e-07  2.18365684e-05  3.69062497e-07  3.29999314e+00  3.69062497e-07  3.30000000e+00  3.69062497e-07 -9.08195784e-06 
 3.69562497e-07 -2.12981423e-05  3.69562497e-07  3.30000667e+00  3.69562497e-07  3.30000000e+00  3.69562497e-07  9.08147217e-06 
 3.70062497e-07  2.05284220e-05  3.70062497e-07  3.29999348e+00  3.70062497e-07  3.30000000e+00  3.70062497e-07 -9.08108585e-06 
 3.70100000e-07 -1.29193702e-05  3.70100000e-07  3.30000473e+00  3.70100000e-07  3.30000000e+00  3.70100000e-07  9.07750624e-06 
 3.70106657e-07 -1.76877739e-03  3.70106657e-07  3.29812091e+00  3.70106657e-07  3.08030842e+00  3.70106657e-07 -2.83350046e-04 
 3.70119972e-07 -7.98275578e-03  3.70119972e-07  3.29137782e+00  3.70119972e-07  2.64092525e+00  3.70119972e-07 -2.71850876e-04 
 3.70146601e-07 -2.99714150e-02  3.70146601e-07  3.25909812e+00  3.70146601e-07  1.76215893e+00  3.70146601e-07 -5.76856704e-04 
 3.70181295e-07  2.09591669e-03  3.70181295e-07  3.24939182e+00  3.70181295e-07  6.17249740e-01  3.70181295e-07 -8.30587981e-04 
 3.70200000e-07  5.76065964e-02  3.70200000e-07  3.25934093e+00  3.70200000e-07  0.00000000e+00  3.70200000e-07 -1.25052900e-03 
 3.70204076e-07  7.78280058e-02  3.70204076e-07  3.26919075e+00  3.70204076e-07  0.00000000e+00  3.70204076e-07 -7.99100096e-04 
 3.70212228e-07  1.17009463e-01  3.70212228e-07  3.28701696e+00  3.70212228e-07  0.00000000e+00  3.70212228e-07 -7.88637767e-04 
 3.70228532e-07  1.89272712e-01  3.70228532e-07  3.31486054e+00  3.70228532e-07  0.00000000e+00  3.70228532e-07 -7.72201217e-04 
 3.70261140e-07  3.23605079e-01  3.70261140e-07  3.35044159e+00  3.70261140e-07  0.00000000e+00  3.70261140e-07 -7.40784666e-04 
 3.70326355e-07  5.94945847e-01  3.70326355e-07  3.38528476e+00  3.70326355e-07  0.00000000e+00  3.70326355e-07 -7.05016001e-04 
 3.70439670e-07  1.24780102e+00  3.70439670e-07  3.45417240e+00  3.70439670e-07  0.00000000e+00  3.70439670e-07 -5.56657457e-04 
 3.70560807e-07  2.01646199e+00  3.70560807e-07  3.50825044e+00  3.70560807e-07  0.00000000e+00  3.70560807e-07 -2.98003978e-04 
 3.70690087e-07  2.58784753e+00  3.70690087e-07  3.45576912e+00  3.70690087e-07  0.00000000e+00  3.70690087e-07 -1.33752019e-04 
 3.70808163e-07  2.90482083e+00  3.70808163e-07  3.41321471e+00  3.70808163e-07  0.00000000e+00  3.70808163e-07 -4.70050934e-05 
 3.70974986e-07  3.15660040e+00  3.70974986e-07  3.35192800e+00  3.70974986e-07  0.00000000e+00  3.70974986e-07 -2.01463655e-05 
 3.71150213e-07  3.25404615e+00  3.71150213e-07  3.32066707e+00  3.71150213e-07  0.00000000e+00  3.71150213e-07 -3.59220111e-06 
 3.71372164e-07  3.29047280e+00  3.71372164e-07  3.30559696e+00  3.71372164e-07  0.00000000e+00  3.71372164e-07 -4.23914969e-06 
 3.71755268e-07  3.30056940e+00  3.71755268e-07  3.29988625e+00  3.71755268e-07  0.00000000e+00  3.71755268e-07  1.77760949e-06 
 3.72255268e-07  3.29990009e+00  3.72255268e-07  3.30001463e+00  3.72255268e-07  0.00000000e+00  3.72255268e-07 -2.94946991e-06 
 3.72755268e-07  3.30004606e+00  3.72755268e-07  3.30001532e+00  3.72755268e-07  0.00000000e+00  3.72755268e-07  2.07190525e-06 
 3.73255268e-07  3.29998921e+00  3.73255268e-07  3.29999588e+00  3.73255268e-07  0.00000000e+00  3.73255268e-07 -2.73337039e-06 
 3.73755268e-07  3.30000321e+00  3.73755268e-07  3.30000246e+00  3.73755268e-07  0.00000000e+00  3.73755268e-07  2.18876538e-06 
 3.74255268e-07  3.29999977e+00  3.74255268e-07  3.30000007e+00  3.74255268e-07  0.00000000e+00  3.74255268e-07 -2.64376511e-06 
 3.74755268e-07  3.30000049e+00  3.74755268e-07  3.30000060e+00  3.74755268e-07  0.00000000e+00  3.74755268e-07  2.25235909e-06 
 3.75255268e-07  3.30000024e+00  3.75255268e-07  3.30000031e+00  3.75255268e-07  0.00000000e+00  3.75255268e-07 -2.59523143e-06 
 3.75755268e-07  3.30000021e+00  3.75755268e-07  3.30000029e+00  3.75755268e-07  0.00000000e+00  3.75755268e-07  2.29063617e-06 
 3.76255268e-07  3.30000018e+00  3.76255268e-07  3.30000023e+00  3.76255268e-07  0.00000000e+00  3.76255268e-07 -2.56461961e-06 
 3.76755268e-07  3.30000013e+00  3.76755268e-07  3.30000019e+00  3.76755268e-07  0.00000000e+00  3.76755268e-07  2.31593835e-06 
 3.77255268e-07  3.30000012e+00  3.77255268e-07  3.30000016e+00  3.77255268e-07  0.00000000e+00  3.77255268e-07 -2.54358356e-06 
 3.77755268e-07  3.30000009e+00  3.77755268e-07  3.30000013e+00  3.77755268e-07  0.00000000e+00  3.77755268e-07  2.33383899e-06 
 3.78255268e-07  3.30000009e+00  3.78255268e-07  3.30000011e+00  3.78255268e-07  0.00000000e+00  3.78255268e-07 -2.52827166e-06 
 3.78755268e-07  3.30000007e+00  3.78755268e-07  3.30000010e+00  3.78755268e-07  0.00000000e+00  3.78755268e-07  2.34714523e-06 
 3.79255268e-07  3.30000006e+00  3.79255268e-07  3.30000009e+00  3.79255268e-07  0.00000000e+00  3.79255268e-07 -2.51664777e-06 
 3.79755268e-07  3.30000005e+00  3.79755268e-07  3.30000007e+00  3.79755268e-07  0.00000000e+00  3.79755268e-07  2.35741146e-06 
 3.80255268e-07  3.30000005e+00  3.80255268e-07  3.30000006e+00  3.80255268e-07  0.00000000e+00  3.80255268e-07 -2.50753480e-06 
 3.80755268e-07  3.30000004e+00  3.80755268e-07  3.30000006e+00  3.80755268e-07  0.00000000e+00  3.80755268e-07  2.36556497e-06 
 3.81255268e-07  3.30000003e+00  3.81255268e-07  3.30000005e+00  3.81255268e-07  0.00000000e+00  3.81255268e-07 -2.50020582e-06 
 3.81755268e-07  3.30000003e+00  3.81755268e-07  3.30000004e+00  3.81755268e-07  0.00000000e+00  3.81755268e-07  2.37219218e-06 
 3.82255268e-07  3.30000003e+00  3.82255268e-07  3.30000004e+00  3.82255268e-07  0.00000000e+00  3.82255268e-07 -2.49418829e-06 
 3.82755268e-07  3.30000002e+00  3.82755268e-07  3.30000003e+00  3.82755268e-07  0.00000000e+00  3.82755268e-07  2.37768172e-06 
 3.83255268e-07  3.30000002e+00  3.83255268e-07  3.30000003e+00  3.83255268e-07  0.00000000e+00  3.83255268e-07 -2.48916212e-06 
 3.83755268e-07  3.30000002e+00  3.83755268e-07  3.30000003e+00  3.83755268e-07  0.00000000e+00  3.83755268e-07  2.38230113e-06 
 3.84255268e-07  3.30000002e+00  3.84255268e-07  3.30000002e+00  3.84255268e-07  0.00000000e+00  3.84255268e-07 -2.48490301e-06 
 3.84755268e-07  3.30000001e+00  3.84755268e-07  3.30000002e+00  3.84755268e-07  0.00000000e+00  3.84755268e-07  2.38624048e-06 
 3.85255268e-07  3.30000001e+00  3.85255268e-07  3.30000002e+00  3.85255268e-07  0.00000000e+00  3.85255268e-07 -2.48124926e-06 
 3.85755268e-07  3.30000001e+00  3.85755268e-07  3.30000002e+00  3.85755268e-07  0.00000000e+00  3.85755268e-07  2.38963849e-06 
 3.86255268e-07  3.30000001e+00  3.86255268e-07  3.30000002e+00  3.86255268e-07  0.00000000e+00  3.86255268e-07 -2.47808138e-06 
 3.86755268e-07  3.30000001e+00  3.86755268e-07  3.30000001e+00  3.86755268e-07  0.00000000e+00  3.86755268e-07  2.39259870e-06 
 3.87255268e-07  3.30000001e+00  3.87255268e-07  3.30000001e+00  3.87255268e-07  0.00000000e+00  3.87255268e-07 -2.47530927e-06 
 3.87755268e-07  3.30000000e+00  3.87755268e-07  3.30000001e+00  3.87755268e-07  0.00000000e+00  3.87755268e-07  2.39519996e-06 
 3.88255268e-07  3.30000000e+00  3.88255268e-07  3.30000001e+00  3.88255268e-07  0.00000000e+00  3.88255268e-07 -2.47286369e-06 
 3.88755268e-07  3.30000000e+00  3.88755268e-07  3.30000001e+00  3.88755268e-07  0.00000000e+00  3.88755268e-07  2.39750332e-06 
 3.89255268e-07  3.30000000e+00  3.89255268e-07  3.30000001e+00  3.89255268e-07  0.00000000e+00  3.89255268e-07 -2.47069060e-06 
 3.89755268e-07  3.30000000e+00  3.89755268e-07  3.30000001e+00  3.89755268e-07  0.00000000e+00  3.89755268e-07  2.39955681e-06 
 3.90255268e-07  3.30000000e+00  3.90255268e-07  3.30000000e+00  3.90255268e-07  0.00000000e+00  3.90255268e-07 -2.46874720e-06 
 3.90755268e-07  3.30000000e+00  3.90755268e-07  3.30000000e+00  3.90755268e-07  0.00000000e+00  3.90755268e-07  2.40139868e-06 
 3.91255268e-07  3.30000000e+00  3.91255268e-07  3.30000000e+00  3.91255268e-07  0.00000000e+00  3.91255268e-07 -2.46699916e-06 
 3.91755268e-07  3.30000000e+00  3.91755268e-07  3.30000000e+00  3.91755268e-07  0.00000000e+00  3.91755268e-07  2.40305981e-06 
 3.92255268e-07  3.30000000e+00  3.92255268e-07  3.30000000e+00  3.92255268e-07  0.00000000e+00  3.92255268e-07 -2.46541867e-06 
 3.92755268e-07  3.30000000e+00  3.92755268e-07  3.30000000e+00  3.92755268e-07  0.00000000e+00  3.92755268e-07  2.40456536e-06 
 3.93255268e-07  3.30000000e+00  3.93255268e-07  3.30000000e+00  3.93255268e-07  0.00000000e+00  3.93255268e-07 -2.46398290e-06 
 3.93755268e-07  3.30000000e+00  3.93755268e-07  3.30000000e+00  3.93755268e-07  0.00000000e+00  3.93755268e-07  2.40593605e-06 
 3.94255268e-07  3.30000000e+00  3.94255268e-07  3.30000000e+00  3.94255268e-07  0.00000000e+00  3.94255268e-07 -2.46267299e-06 
 3.94755268e-07  3.30000000e+00  3.94755268e-07  3.30000000e+00  3.94755268e-07  0.00000000e+00  3.94755268e-07  2.40718910e-06 
 3.95255268e-07  3.30000000e+00  3.95255268e-07  3.30000000e+00  3.95255268e-07  0.00000000e+00  3.95255268e-07 -2.46147320e-06 
 3.95755268e-07  3.30000000e+00  3.95755268e-07  3.30000000e+00  3.95755268e-07  0.00000000e+00  3.95755268e-07  2.40833893e-06 
 3.96255268e-07  3.29999999e+00  3.96255268e-07  3.30000000e+00  3.96255268e-07  0.00000000e+00  3.96255268e-07 -2.46037030e-06 
 3.96755268e-07  3.29999999e+00  3.96755268e-07  3.30000000e+00  3.96755268e-07  0.00000000e+00  3.96755268e-07  2.40939769e-06 
 3.97255268e-07  3.29999999e+00  3.97255268e-07  3.30000000e+00  3.97255268e-07  0.00000000e+00  3.97255268e-07 -2.45935310e-06 
 3.97755268e-07  3.29999999e+00  3.97755268e-07  3.30000000e+00  3.97755268e-07  0.00000000e+00  3.97755268e-07  2.41037572e-06 
 3.98255268e-07  3.29999999e+00  3.98255268e-07  3.30000000e+00  3.98255268e-07  0.00000000e+00  3.98255268e-07 -2.45841204e-06 
 3.98755268e-07  3.29999999e+00  3.98755268e-07  3.30000000e+00  3.98755268e-07  0.00000000e+00  3.98755268e-07  2.41128185e-06 
 3.99255268e-07  3.29999999e+00  3.99255268e-07  3.30000000e+00  3.99255268e-07  0.00000000e+00  3.99255268e-07 -2.45753895e-06 
 3.99755268e-07  3.29999999e+00  3.99755268e-07  3.30000000e+00  3.99755268e-07  0.00000000e+00  3.99755268e-07  2.41212367e-06 
 4.00000000e-07  3.29999999e+00  4.00000000e-07  3.29999999e+00  4.00000000e-07  0.00000000e+00  4.00000000e-07 -2.45692867e-06 
 4.00050000e-07  3.29999999e+00  4.00050000e-07  3.29999999e+00  4.00050000e-07  0.00000000e+00  4.00050000e-07 -2.22643077e-08 
 4.00150000e-07  3.29999999e+00  4.00150000e-07  3.29999999e+00  4.00150000e-07  0.00000000e+00  4.00150000e-07 -2.21849749e-08 
 4.00350000e-07  3.29999999e+00  4.00350000e-07  3.29999999e+00  4.00350000e-07  0.00000000e+00  4.00350000e-07 -2.20281716e-08 
 4.00750000e-07  3.29999999e+00  4.00750000e-07  3.29999999e+00  4.00750000e-07  0.00000000e+00  4.00750000e-07 -2.17209420e-08 
 4.01250000e-07  3.29999999e+00  4.01250000e-07  3.29999999e+00  4.01250000e-07  0.00000000e+00  4.01250000e-07 -2.13486295e-08 
 4.01750000e-07  3.29999999e+00  4.01750000e-07  3.29999999e+00  4.01750000e-07  0.00000000e+00  4.01750000e-07 -2.09886324e-08 
 4.02250000e-07  3.29999999e+00  4.02250000e-07  3.29999999e+00  4.02250000e-07  0.00000000e+00  4.02250000e-07 -2.06404450e-08 
 4.02750000e-07  3.29999999e+00  4.02750000e-07  3.29999999e+00  4.02750000e-07  0.00000000e+00  4.02750000e-07 -2.03034056e-08 
 4.03250000e-07  3.29999999e+00  4.03250000e-07  3.29999999e+00  4.03250000e-07  0.00000000e+00  4.03250000e-07 -1.99770867e-08 
 4.03750000e-07  3.29999999e+00  4.03750000e-07  3.29999999e+00  4.03750000e-07  0.00000000e+00  4.03750000e-07 -1.96608913e-08 
 4.04250000e-07  3.29999999e+00  4.04250000e-07  3.29999999e+00  4.04250000e-07  0.00000000e+00  4.04250000e-07 -1.93544566e-08 
 4.04750000e-07  3.29999999e+00  4.04750000e-07  3.29999999e+00  4.04750000e-07  0.00000000e+00  4.04750000e-07 -1.90572423e-08 
 4.05250000e-07  3.29999999e+00  4.05250000e-07  3.29999999e+00  4.05250000e-07  0.00000000e+00  4.05250000e-07 -1.87689398e-08 
 4.05750000e-07  3.29999999e+00  4.05750000e-07  3.29999999e+00  4.05750000e-07  0.00000000e+00  4.05750000e-07 -1.84890582e-08 
 4.06250000e-07  3.29999999e+00  4.06250000e-07  3.29999999e+00  4.06250000e-07  0.00000000e+00  4.06250000e-07 -1.82173353e-08 
 4.06750000e-07  3.29999999e+00  4.06750000e-07  3.29999999e+00  4.06750000e-07  0.00000000e+00  4.06750000e-07 -1.79533227e-08 
 4.07250000e-07  3.29999999e+00  4.07250000e-07  3.29999999e+00  4.07250000e-07  0.00000000e+00  4.07250000e-07 -1.76967983e-08 
 4.07750000e-07  3.29999999e+00  4.07750000e-07  3.29999999e+00  4.07750000e-07  0.00000000e+00  4.07750000e-07 -1.74473508e-08 
 4.08250000e-07  3.29999999e+00  4.08250000e-07  3.29999999e+00  4.08250000e-07  0.00000000e+00  4.08250000e-07 -1.72047927e-08 
 4.08750000e-07  3.29999999e+00  4.08750000e-07  3.29999999e+00  4.08750000e-07  0.00000000e+00  4.08750000e-07 -1.69687447e-08 
 4.09250000e-07  3.29999999e+00  4.09250000e-07  3.29999999e+00  4.09250000e-07  0.00000000e+00  4.09250000e-07 -1.67390497e-08 
 4.09750000e-07  3.29999999e+00  4.09750000e-07  3.29999999e+00  4.09750000e-07  0.00000000e+00  4.09750000e-07 -1.65153566e-08 
 4.10250000e-07  3.29999999e+00  4.10250000e-07  3.29999999e+00  4.10250000e-07  0.00000000e+00  4.10250000e-07 -1.62975344e-08 
 4.10750000e-07  3.29999999e+00  4.10750000e-07  3.29999999e+00  4.10750000e-07  0.00000000e+00  4.10750000e-07 -1.60852568e-08 
 4.11250000e-07  3.29999999e+00  4.11250000e-07  3.29999999e+00  4.11250000e-07  0.00000000e+00  4.11250000e-07 -1.58784159e-08 
 4.11750000e-07  3.29999999e+00  4.11750000e-07  3.29999999e+00  4.11750000e-07  0.00000000e+00  4.11750000e-07 -1.56767069e-08 
 4.12250000e-07  3.29999999e+00  4.12250000e-07  3.29999999e+00  4.12250000e-07  0.00000000e+00  4.12250000e-07 -1.54800425e-08 
 4.12750000e-07  3.29999999e+00  4.12750000e-07  3.29999999e+00  4.12750000e-07  0.00000000e+00  4.12750000e-07 -1.52881369e-08 
 4.13250000e-07  3.29999999e+00  4.13250000e-07  3.29999999e+00  4.13250000e-07  0.00000000e+00  4.13250000e-07 -1.51009206e-08 
 4.13750000e-07  3.29999999e+00  4.13750000e-07  3.29999999e+00  4.13750000e-07  0.00000000e+00  4.13750000e-07 -1.49181248e-08 
 4.14250000e-07  3.29999999e+00  4.14250000e-07  3.29999999e+00  4.14250000e-07  0.00000000e+00  4.14250000e-07 -1.47396960e-08 
 4.14750000e-07  3.29999999e+00  4.14750000e-07  3.29999999e+00  4.14750000e-07  0.00000000e+00  4.14750000e-07 -1.45653804e-08 
 4.15250000e-07  3.29999999e+00  4.15250000e-07  3.29999999e+00  4.15250000e-07  0.00000000e+00  4.15250000e-07 -1.43951384e-08 
 4.15750000e-07  3.29999999e+00  4.15750000e-07  3.29999999e+00  4.15750000e-07  0.00000000e+00  4.15750000e-07 -1.42287295e-08 
 4.16250000e-07  3.29999999e+00  4.16250000e-07  3.29999999e+00  4.16250000e-07  0.00000000e+00  4.16250000e-07 -1.40661270e-08 
 4.16750000e-07  3.29999999e+00  4.16750000e-07  3.29999999e+00  4.16750000e-07  0.00000000e+00  4.16750000e-07 -1.39071021e-08 
 4.17250000e-07  3.29999999e+00  4.17250000e-07  3.29999999e+00  4.17250000e-07  0.00000000e+00  4.17250000e-07 -1.37516392e-08 
 4.17750000e-07  3.29999999e+00  4.17750000e-07  3.29999999e+00  4.17750000e-07  0.00000000e+00  4.17750000e-07 -1.35995203e-08 
 4.18250000e-07  3.29999999e+00  4.18250000e-07  3.29999999e+00  4.18250000e-07  0.00000000e+00  4.18250000e-07 -1.34507398e-08 
 4.18750000e-07  3.29999999e+00  4.18750000e-07  3.29999999e+00  4.18750000e-07  0.00000000e+00  4.18750000e-07 -1.33050892e-08 
 4.19250000e-07  3.29999999e+00  4.19250000e-07  3.29999999e+00  4.19250000e-07  0.00000000e+00  4.19250000e-07 -1.31625719e-08 
 4.19750000e-07  3.29999999e+00  4.19750000e-07  3.29999999e+00  4.19750000e-07  0.00000000e+00  4.19750000e-07 -1.30229880e-08 
 4.20000000e-07  3.29999999e+00  4.20000000e-07  3.29999999e+00  4.20000000e-07  0.00000000e+00  4.20000000e-07 -1.29543292e-08 
 4.20010000e-07  3.32180699e+00  4.20010000e-07  3.32181668e+00  4.20010000e-07  3.30000000e-01  4.20010000e-07  4.01841138e-04 
 4.20030000e-07  3.36309219e+00  4.20030000e-07  3.36312619e+00  4.20030000e-07  9.90000000e-01  4.20030000e-07  4.43900221e-04 
 4.20070000e-07  3.44259041e+00  4.20070000e-07  3.44266009e+00  4.20070000e-07  2.31000000e+00  4.20070000e-07  4.19777285e-04 
 4.20100000e-07  3.48074236e+00  4.20100000e-07  3.48101501e+00  4.20100000e-07  3.30000000e+00  4.20100000e-07  2.56673412e-04 
 4.20105694e-07  3.48035861e+00  4.20105694e-07  3.48058429e+00  4.20105694e-07  3.30000000e+00  4.20105694e-07 -6.38095098e-06 
 4.20117081e-07  3.47889376e+00  4.20117081e-07  3.47899199e+00  4.20117081e-07  3.30000000e+00  4.20117081e-07 -1.65990276e-05 
 4.20139856e-07  3.47222882e+00  4.20139856e-07  3.47195181e+00  4.20139856e-07  3.30000000e+00  4.20139856e-07 -2.57149852e-05 
 4.20185406e-07  3.45264305e+00  4.20185406e-07  3.45165604e+00  4.20185406e-07  3.30000000e+00  4.20185406e-07 -3.65012547e-05 
 4.20276505e-07  3.31583032e+00  4.20276505e-07  3.32524817e+00  4.20276505e-07  3.30000000e+00  4.20276505e-07 -5.06549115e-05 
 4.20363716e-07  3.01192070e+00  4.20363716e-07  3.05639508e+00  4.20363716e-07  3.30000000e+00  4.20363716e-07 -9.17392312e-05 
 4.20455790e-07  2.63903614e+00  4.20455790e-07  2.70470022e+00  4.20455790e-07  3.30000000e+00  4.20455790e-07 -6.40044496e-05 
 4.20568557e-07  2.23337127e+00  4.20568557e-07  2.32660729e+00  4.20568557e-07  3.30000000e+00  4.20568557e-07 -1.16304570e-04 
 4.20726686e-07  1.73202443e+00  4.20726686e-07  2.09931916e+00  4.20726686e-07  3.30000000e+00  4.20726686e-07 -1.73057750e-04 
 4.20902183e-07  1.07465489e+00  4.20902183e-07  2.53590374e+00  4.20902183e-07  3.30000000e+00  4.20902183e-07 -2.89273137e-04 
 4.21026663e-07  7.03205336e-01  4.21026663e-07  2.95314174e+00  4.21026663e-07  3.30000000e+00  4.21026663e-07 -1.77016010e-04 
 4.21181022e-07  4.30160252e-01  4.21181022e-07  3.20537260e+00  4.21181022e-07  3.30000000e+00  4.21181022e-07 -8.59902326e-05 
 4.21324756e-07  2.67151507e-01  4.21324756e-07  3.26160305e+00  4.21324756e-07  3.30000000e+00  4.21324756e-07 -2.28228395e-05 
 4.21495163e-07  1.58594478e-01  4.21495163e-07  3.28112189e+00  4.21495163e-07  3.30000000e+00  4.21495163e-07 -3.11364054e-05 
 4.21779006e-07  5.72251718e-02  4.21779006e-07  3.29255040e+00  4.21779006e-07  3.30000000e+00  4.21779006e-07  4.14146712e-06 
 4.22081649e-07  2.19900016e-02  4.22081649e-07  3.29777487e+00  4.22081649e-07  3.30000000e+00  4.22081649e-07 -1.39213628e-05 
 4.22581649e-07  5.98104435e-04  4.22581649e-07  3.29955570e+00  4.22581649e-07  3.30000000e+00  4.22581649e-07  1.09849895e-05 
 4.23081649e-07  1.55423598e-03  4.23081649e-07  3.30012856e+00  4.23081649e-07  3.30000000e+00  4.23081649e-07 -1.11932704e-05 
 4.23581649e-07 -1.20870984e-03  4.23581649e-07  3.29987632e+00  4.23581649e-07  3.30000000e+00  4.23581649e-07  1.10886644e-05 
 4.24081649e-07  1.13509778e-03  4.24081649e-07  3.30009318e+00  4.24081649e-07  3.30000000e+00  4.24081649e-07 -1.10227533e-05 
 4.24581649e-07 -1.03829682e-03  4.24581649e-07  3.29992919e+00  4.24581649e-07  3.30000000e+00  4.24581649e-07  1.09588221e-05 
 4.25081649e-07  9.66276285e-04  4.25081649e-07  3.30005110e+00  4.25081649e-07  3.30000000e+00  4.25081649e-07 -1.09007257e-05 
 4.25581649e-07 -8.92254594e-04  4.25581649e-07  3.29996449e+00  4.25581649e-07  3.30000000e+00  4.25581649e-07  1.08462378e-05 
 4.26081649e-07  8.36164120e-04  4.26081649e-07  3.30002199e+00  4.26081649e-07  3.30000000e+00  4.26081649e-07 -1.07960747e-05 
 4.26581649e-07 -7.76691360e-04  4.26581649e-07  3.29998855e+00  4.26581649e-07  3.30000000e+00  4.26581649e-07  1.07487929e-05 
 4.27081649e-07  7.32781831e-04  4.27081649e-07  3.30000227e+00  4.27081649e-07  3.30000000e+00  4.27081649e-07 -1.07049981e-05 
 4.27581649e-07 -6.83938912e-04  4.27581649e-07  3.30000470e+00  4.27581649e-07  3.30000000e+00  4.27581649e-07  1.06634979e-05 
 4.28081649e-07  6.47987148e-04  4.28081649e-07  3.29998921e+00  4.28081649e-07  3.30000000e+00  4.28081649e-07 -1.06249872e-05 
 4.28581649e-07 -6.07766968e-04  4.28581649e-07  3.30001540e+00  4.28581649e-07  3.30000000e+00  4.28581649e-07  1.05884108e-05 
 4.29081649e-07  5.77702810e-04  4.29081649e-07  3.29998056e+00  4.29081649e-07  3.30000000e+00  4.29081649e-07 -1.05543517e-05 
 4.29581649e-07 -5.43577806e-04  4.29581649e-07  3.30002240e+00  4.29581649e-07  3.30000000e+00  4.29581649e-07  1.05219673e-05 
 4.30081649e-07  5.18241008e-04  4.30081649e-07  3.29997494e+00  4.30081649e-07  3.30000000e+00  4.30081649e-07 -1.04917714e-05 
 4.30581649e-07 -4.89295276e-04  4.30581649e-07  3.30002687e+00  4.30581649e-07  3.30000000e+00  4.30581649e-07  1.04629498e-05 
 4.31081649e-07  4.67330596e-04  4.31081649e-07  3.29997145e+00  4.31081649e-07  3.30000000e+00  4.31081649e-07 -1.04360415e-05 
 4.31581649e-07 -4.42227729e-04  4.31581649e-07  3.30002958e+00  4.31581649e-07  3.30000000e+00  4.31581649e-07  1.04103428e-05 
 4.32081649e-07  4.23128267e-04  4.32081649e-07  3.29996939e+00  4.32081649e-07  3.30000000e+00  4.32081649e-07 -1.03863314e-05 
 4.32581649e-07 -4.01121582e-04  4.32581649e-07  3.30003112e+00  4.32581649e-07  3.30000000e+00  4.32581649e-07  1.03633656e-05 
 4.33081649e-07  3.84339467e-04  4.33081649e-07  3.29996831e+00  4.33081649e-07  3.30000000e+00  4.33081649e-07 -1.03418997e-05 
 4.33581649e-07 -3.64889426e-04  4.33581649e-07  3.30003184e+00  4.33581649e-07  3.30000000e+00  4.33581649e-07  1.03213421e-05 
 4.34081649e-07  3.50018514e-04  4.34081649e-07  3.29996791e+00  4.34081649e-07  3.30000000e+00  4.34081649e-07 -1.03021243e-05 
 4.34581649e-07 -3.32715537e-04  4.34581649e-07  3.30003200e+00  4.34581649e-07  3.30000000e+00  4.34581649e-07  1.02836981e-05 
 4.35081649e-07  3.19449552e-04  4.35081649e-07  3.29996796e+00  4.35081649e-07  3.30000000e+00  4.35081649e-07 -1.02664736e-05 
 4.35581649e-07 -3.03976215e-04  4.35581649e-07  3.30003178e+00  4.35581649e-07  3.30000000e+00  4.35581649e-07  1.02499404e-05 
 4.36081649e-07  2.92079077e-04  4.36081649e-07  3.29996833e+00  4.36081649e-07  3.30000000e+00  4.36081649e-07 -1.02344884e-05 
 4.36581649e-07 -2.78184281e-04  4.36581649e-07  3.30003129e+00  4.36581649e-07  3.30000000e+00  4.36581649e-07  1.02196409e-05 
 4.37081649e-07  2.67469908e-04  4.37081649e-07  3.29996892e+00  4.37081649e-07  3.30000000e+00  4.37081649e-07 -1.02057688e-05 
 4.37581649e-07 -2.54951047e-04  4.37581649e-07  3.30003063e+00  4.37581649e-07  3.30000000e+00  4.37581649e-07  1.01924252e-05 
 4.38081649e-07  2.45269534e-04  4.38081649e-07  3.29996966e+00  4.38081649e-07  3.30000000e+00  4.38081649e-07 -1.01799639e-05 
 4.38581649e-07 -2.33960088e-04  4.38581649e-07  3.30002985e+00  4.38581649e-07  3.30000000e+00  4.38581649e-07  1.01679644e-05 
 4.39081649e-07  2.25188194e-04  4.39081649e-07  3.29997050e+00  4.39081649e-07  3.30000000e+00  4.39081649e-07 -1.01567644e-05 
 4.39581649e-07 -2.14949017e-04  4.39581649e-07  3.30002898e+00  4.39581649e-07  3.30000000e+00  4.39581649e-07  1.01459675e-05 
 4.40081649e-07  2.06983560e-04  4.40081649e-07  3.29997140e+00  4.40081649e-07  3.30000000e+00  4.40081649e-07 -1.01358965e-05 
 4.40581649e-07 -1.97696686e-04  4.40581649e-07  3.30002806e+00  4.40581649e-07  3.30000000e+00  4.40581649e-07  1.01261767e-05 
 4.41081649e-07  1.90449911e-04  4.41081649e-07  3.29997234e+00  4.41081649e-07  3.30000000e+00  4.41081649e-07 -1.01171173e-05 
 4.41581649e-07 -1.82014098e-04  4.41581649e-07  3.30002711e+00  4.41581649e-07  3.30000000e+00  4.41581649e-07  1.01083628e-05 
 4.42081649e-07  1.75410376e-04  4.42081649e-07  3.29997330e+00  4.42081649e-07  3.30000000e+00  4.42081649e-07 -1.01002102e-05 
 4.42581649e-07 -1.67737845e-04  4.42581649e-07  3.30002615e+00  4.42581649e-07  3.30000000e+00  4.42581649e-07  1.00923215e-05 
 4.43081649e-07  1.61711298e-04  4.43081649e-07  3.29997427e+00  4.43081649e-07  3.30000000e+00  4.43081649e-07 -1.00849823e-05 
 4.43581649e-07 -1.54725300e-04  4.43581649e-07  3.30002519e+00  4.43581649e-07  3.30000000e+00  4.43581649e-07  1.00778705e-05 
 4.44081649e-07  1.49218051e-04  4.44081649e-07  3.29997524e+00  4.44081649e-07  3.30000000e+00  4.44081649e-07 -1.00712612e-05 
 4.44581649e-07 -1.42851030e-04  4.44581649e-07  3.30002422e+00  4.44581649e-07  3.30000000e+00  4.44581649e-07  1.00648469e-05 
 4.45081649e-07  1.37811885e-04  4.45081649e-07  3.29997620e+00  4.45081649e-07  3.30000000e+00  4.45081649e-07 -1.00588929e-05 
 4.45581649e-07 -1.32004051e-04  4.45581649e-07  3.30002327e+00  4.45581649e-07  3.30000000e+00  4.45581649e-07  1.00531051e-05 
 4.46081649e-07  1.27387495e-04  4.46081649e-07  3.29997715e+00  4.46081649e-07  3.30000000e+00  4.46081649e-07 -1.00477396e-05 
 4.46581649e-07 -1.22085697e-04  4.46581649e-07  3.30002234e+00  4.46581649e-07  3.30000000e+00  4.46581649e-07  1.00425145e-05 
 4.47081649e-07  1.17851099e-04  4.47081649e-07  3.29997808e+00  4.47081649e-07  3.30000000e+00  4.47081649e-07 -1.00376778e-05 
 4.47581649e-07 -1.13007926e-04  4.47581649e-07  3.30002142e+00  4.47581649e-07  3.30000000e+00  4.47581649e-07  1.00329584e-05 
 4.48081649e-07  1.09118903e-04  4.48081649e-07  3.29997899e+00  4.48081649e-07  3.30000000e+00  4.48081649e-07 -1.00285969e-05 
 4.48581649e-07 -1.04691939e-04  4.48581649e-07  3.30002052e+00  4.48581649e-07  3.30000000e+00  4.48581649e-07  1.00243321e-05 
 4.49081649e-07  1.01115841e-04  4.49081649e-07  3.29997987e+00  4.49081649e-07  3.30000000e+00  4.49081649e-07 -1.00203978e-05 
 4.49581649e-07 -9.70670533e-05  4.49581649e-07  3.30001965e+00  4.49581649e-07  3.30000000e+00  4.49581649e-07  1.00165418e-05 
 4.50081649e-07  9.37745212e-05  4.50081649e-07  3.29998073e+00  4.50081649e-07  3.30000000e+00  4.50081649e-07 -1.00129915e-05 
 4.50581649e-07 -9.00697396e-05  4.50581649e-07  3.30001880e+00  4.50581649e-07  3.30000000e+00  4.50581649e-07  1.00095033e-05 
 4.51081649e-07  8.70343411e-05  4.51081649e-07  3.29998157e+00  4.51081649e-07  3.30000000e+00  4.51081649e-07 -1.00062985e-05 
 4.51581649e-07 -8.36428160e-05  4.51581649e-07  3.30001798e+00  4.51581649e-07  3.30000000e+00  4.51581649e-07  1.00031412e-05 
 4.52081649e-07  8.08407270e-05  4.52081649e-07  3.29998238e+00  4.52081649e-07  3.30000000e+00  4.52081649e-07 -1.00002473e-05 
 4.52581649e-07 -7.77347476e-05  4.52581649e-07  3.30001719e+00  4.52581649e-07  3.30000000e+00  4.52581649e-07  9.99738770e-06 
 4.53081649e-07  7.51444765e-05  4.53081649e-07  3.29998316e+00  4.53081649e-07  3.30000000e+00  4.53081649e-07 -9.99477350e-06 
 4.53581649e-07 -7.22990395e-05  4.53581649e-07  3.30001642e+00  4.53581649e-07  3.30000000e+00  4.53581649e-07  9.99218206e-06 
 4.54081649e-07  6.99011854e-05  4.54081649e-07  3.29998392e+00  4.54081649e-07  3.30000000e+00  4.54081649e-07 -9.98981970e-06 
 4.54581649e-07 -6.72937051e-05  4.54581649e-07  3.30001568e+00  4.54581649e-07  3.30000000e+00  4.54581649e-07  9.98746973e-06 
 4.55081649e-07  6.50707439e-05  4.55081649e-07  3.29998465e+00  4.55081649e-07  3.30000000e+00  4.55081649e-07 -9.98533413e-06 
 4.55581649e-07 -6.26807975e-05  4.55581649e-07  3.30001497e+00  4.55581649e-07  3.30000000e+00  4.55581649e-07  9.98320170e-06 
 4.56081649e-07  6.06168926e-05  4.56081649e-07  3.29998535e+00  4.56081649e-07  3.30000000e+00  4.56081649e-07 -9.98127039e-06 
 4.56581649e-07 -5.84259953e-05  4.56581649e-07  3.30001428e+00  4.56581649e-07  3.30000000e+00  4.56581649e-07  9.97933400e-06 
 4.57081649e-07  5.65068281e-05  4.57081649e-07  3.29998603e+00  4.57081649e-07  3.30000000e+00  4.57081649e-07 -9.97758677e-06 
 4.57581649e-07 -5.44982338e-05  4.57581649e-07  3.30001362e+00  4.57581649e-07  3.30000000e+00  4.57581649e-07  9.97582711e-06 
 4.58081649e-07  5.27108528e-05  4.58081649e-07  3.29998668e+00  4.58081649e-07  3.30000000e+00  4.58081649e-07 -9.97424581e-06 
 4.58581649e-07 -5.08693772e-05  4.58581649e-07  3.30001298e+00  4.58581649e-07  3.30000000e+00  4.58581649e-07  9.97264554e-06 
 4.59081649e-07  4.92020628e-05  4.59081649e-07  3.29998730e+00  4.59081649e-07  3.30000000e+00  4.59081649e-07 -9.97121387e-06 
 4.59581649e-07 -4.75139260e-05  4.59581649e-07  3.30001237e+00  4.59581649e-07  3.30000000e+00  4.59581649e-07  9.96975740e-06 
 4.60081649e-07  4.59560686e-05  4.60081649e-07  3.29998790e+00  4.60081649e-07  3.30000000e+00  4.60081649e-07 -9.96846069e-06 
 4.60581649e-07 -4.44087542e-05  4.60581649e-07  3.30001179e+00  4.60581649e-07  3.30000000e+00  4.60581649e-07  9.96713400e-06 
 4.61081649e-07  4.29507455e-05  4.61081649e-07  3.29998847e+00  4.61081649e-07  3.30000000e+00  4.61081649e-07 -9.96595910e-06 
 4.61581649e-07 -4.15328756e-05  4.61581649e-07  3.30001123e+00  4.61581649e-07  3.30000000e+00  4.61581649e-07  9.96474959e-06 
 4.62081649e-07  4.01660104e-05  4.62081649e-07  3.29998902e+00  4.62081649e-07  3.30000000e+00  4.62081649e-07 -9.96368465e-06 
 4.62581649e-07 -3.88672332e-05  4.62581649e-07  3.30001069e+00  4.62581649e-07  3.30000000e+00  4.62581649e-07  9.96258099e-06 
 4.63081649e-07  3.75836208e-05  4.63081649e-07  3.29998954e+00  4.63081649e-07  3.30000000e+00  4.63081649e-07 -9.96161535e-06 
 4.63581649e-07 -3.63945101e-05  4.63581649e-07  3.30001018e+00  4.63581649e-07  3.30000000e+00  4.63581649e-07  9.96060735e-06 
 4.64081649e-07  3.51869954e-05  4.64081649e-07  3.29999005e+00  4.64081649e-07  3.30000000e+00  4.64081649e-07 -9.95973145e-06 
 4.64581649e-07 -3.40989607e-05  4.64581649e-07  3.30000969e+00  4.64581649e-07  3.30000000e+00  4.64581649e-07  9.95880992e-06 
 4.65081649e-07  3.29610523e-05  4.65081649e-07  3.29999053e+00  4.65081649e-07  3.30000000e+00  4.65081649e-07 -9.95801513e-06 
 4.65581649e-07 -3.19662581e-05  4.65581649e-07  3.30000922e+00  4.65581649e-07  3.30000000e+00  4.65581649e-07  9.95717183e-06 
 4.66081649e-07  3.08920640e-05  4.66081649e-07  3.29999099e+00  4.66081649e-07  3.30000000e+00  4.66081649e-07 -9.95645040e-06 
 4.66581649e-07 -2.99833574e-05  4.66581649e-07  3.30000877e+00  4.66581649e-07  3.30000000e+00  4.66581649e-07  9.95567790e-06 
 4.67081649e-07  2.89675268e-05  4.67081649e-07  3.29999142e+00  4.67081649e-07  3.30000000e+00  4.67081649e-07 -9.95502284e-06 
 4.67581649e-07 -2.81383727e-05  4.67581649e-07  3.30000834e+00  4.67581649e-07  3.30000000e+00  4.67581649e-07  9.95431444e-06 
 4.68081649e-07  2.71760440e-05  4.68081649e-07  3.29999184e+00  4.68081649e-07  3.30000000e+00  4.68081649e-07 -9.95371947e-06 
 4.68581649e-07 -2.64204660e-05  4.68581649e-07  3.30000794e+00  4.68581649e-07  3.30000000e+00  4.68581649e-07  9.95306913e-06 
 4.69081649e-07  2.55072196e-05  4.69081649e-07  3.29999224e+00  4.69081649e-07  3.30000000e+00  4.69081649e-07 -9.95252859e-06 
 4.69581649e-07 -2.48197481e-05  4.69581649e-07  3.30000755e+00  4.69581649e-07  3.30000000e+00  4.69581649e-07  9.95193089e-06 
 4.70081649e-07  2.39515641e-05  4.70081649e-07  3.29999262e+00  4.70081649e-07  3.30000000e+00  4.70081649e-07 -9.95143967e-06 
 4.70100000e-07 -8.61544300e-06  4.70100000e-07  3.30000379e+00  4.70100000e-07  3.30000000e+00  4.70100000e-07  9.94520726e-06 
 4.70103973e-07 -9.84674412e-04  4.70103973e-07  3.29889399e+00  4.70103973e-07  3.16888667e+00  4.70103973e-07 -2.86368987e-04 
 4.70111919e-07 -3.30298715e-03  4.70111919e-07  3.29639563e+00  4.70111919e-07  2.90666001e+00  4.70111919e-07 -2.58745382e-04 
 4.70127812e-07 -1.64621113e-02  4.70127812e-07  3.28106412e+00  4.70127812e-07  2.38220669e+00  4.70127812e-07 -3.73833641e-04 
 4.70156999e-07 -3.01993645e-02  4.70156999e-07  3.25169757e+00  4.70156999e-07  1.41903213e+00  4.70156999e-07 -6.08785985e-04 
 4.70200000e-07  5.91910087e-02  4.70200000e-07  3.25860427e+00  4.70200000e-07  0.00000000e+00  4.70200000e-07 -1.16893391e-03 
 4.70204527e-07  8.16662387e-02  4.70204527e-07  3.26941875e+00  4.70204527e-07  0.00000000e+00  4.70204527e-07 -7.99347840e-04 
 4.70213580e-07  1.24957584e-01  4.70213580e-07  3.28888848e+00  4.70213580e-07  0.00000000e+00  4.70213580e-07 -7.87558380e-04 
 4.70231686e-07  2.04382780e-01  4.70231686e-07  3.31882451e+00  4.70231686e-07  0.00000000e+00  4.70231686e-07 -7.69466623e-04 
 4.70267899e-07  3.52952381e-01  4.70267899e-07  3.35538907e+00  4.70267899e-07  0.00000000e+00  4.70267899e-07 -7.35650063e-04 
 4.70340324e-07  6.61747354e-01  4.70340324e-07  3.39150412e+00  4.70340324e-07  0.00000000e+00  4.70340324e-07 -6.96243998e-04 
 4.70460747e-07  1.38152611e+00  4.70460747e-07  3.46661865e+00  4.70460747e-07  0.00000000e+00  4.70460747e-07 -5.20335994e-04 
 4.70583819e-07  2.12443606e+00  4.70583819e-07  3.50545575e+00  4.70583819e-07  0.00000000e+00  4.70583819e-07 -2.59554739e-04 
 4.70709739e-07  2.62588217e+00  4.70709739e-07  3.44479567e+00  4.70709739e-07  0.00000000e+00  4.70709739e-07 -1.04467173e-04 
 4.70838384e-07  2.95305345e+00  4.70838384e-07  3.40015470e+00  4.70838384e-07  0.00000000e+00  4.70838384e-07 -4.11933061e-05 
 4.70979790e-07  3.15206303e+00  4.70979790e-07  3.35152955e+00  4.70979790e-07  0.00000000e+00  4.70979790e-07 -1.73454399e-05 
 4.71177739e-07  3.26080503e+00  4.71177739e-07  3.31803310e+00  4.71177739e-07  0.00000000e+00  4.71177739e-07 -5.39179312e-06 
 4.71396244e-07  3.29158058e+00  4.71396244e-07  3.30496288e+00  4.71396244e-07  0.00000000e+00  4.71396244e-07 -7.72404300e-07 
 4.71822107e-07  3.30095048e+00  4.71822107e-07  3.29963874e+00  4.71822107e-07  0.00000000e+00  4.71822107e-07 -1.14714874e-06 
 4.72322107e-07  3.29979812e+00  4.72322107e-07  3.30003603e+00  4.72322107e-07  0.00000000e+00  4.72322107e-07  2.40269575e-07 
 4.72822107e-07  3.30004431e+00  4.72822107e-07  3.30000375e+00  4.72822107e-07  0.00000000e+00  4.72822107e-07 -1.00318095e-06 
 4.73322107e-07  3.29999015e+00  4.73322107e-07  3.29999791e+00  4.73322107e-07  0.00000000e+00  4.73322107e-07  4.24213447e-07 
 4.73822107e-07  3.30000286e+00  4.73822107e-07  3.30000203e+00  4.73822107e-07  0.00000000e+00  4.73822107e-07 -9.13353508e-07 
 4.74322107e-07  3.29999977e+00  4.74322107e-07  3.29999986e+00  4.74322107e-07  0.00000000e+00  4.74322107e-07  5.00072040e-07 
 4.74822107e-07  3.30000048e+00  4.74822107e-07  3.30000063e+00  4.74822107e-07  0.00000000e+00  4.74822107e-07 -8.61155566e-07 
 4.75322107e-07  3.30000020e+00  4.75322107e-07  3.30000015e+00  4.75322107e-07  0.00000000e+00  4.75322107e-07  5.42808073e-07 
 4.75822107e-07  3.30000021e+00  4.75822107e-07  3.30000030e+00  4.75822107e-07  0.00000000e+00  4.75822107e-07 -8.28303976e-07 
 4.76322107e-07  3.30000016e+00  4.76322107e-07  3.30000014e+00  4.76322107e-07  0.00000000e+00  4.76322107e-07  5.70323966e-07 
 4.76822107e-07  3.30000014e+00  4.76822107e-07  3.30000018e+00  4.76822107e-07  0.00000000e+00  4.76822107e-07 -8.05911068e-07 
 4.77322107e-07  3.30000011e+00  4.77322107e-07  3.30000011e+00  4.77322107e-07  0.00000000e+00  4.77322107e-07  5.89489589e-07 
 4.77822107e-07  3.30000010e+00  4.77822107e-07  3.30000012e+00  4.77822107e-07  0.00000000e+00  4.77822107e-07 -7.89726132e-07 
 4.78322107e-07  3.30000008e+00  4.78322107e-07  3.30000009e+00  4.78322107e-07  0.00000000e+00  4.78322107e-07  6.03584264e-07 
 4.78822107e-07  3.30000007e+00  4.78822107e-07  3.30000009e+00  4.78822107e-07  0.00000000e+00  4.78822107e-07 -7.77510977e-07 
 4.79322107e-07  3.30000006e+00  4.79322107e-07  3.30000007e+00  4.79322107e-07  0.00000000e+00  4.79322107e-07  6.14374486e-07 
 4.79822107e-07  3.30000005e+00  4.79822107e-07  3.30000007e+00  4.79822107e-07  0.00000000e+00  4.79822107e-07 -7.67981213e-07 
 4.80322107e-07  3.30000005e+00  4.80322107e-07  3.30000005e+00  4.80322107e-07  0.00000000e+00  4.80322107e-07  6.22894351e-07 
 4.80822107e-07  3.30000004e+00  4.80822107e-07  3.30000005e+00  4.80822107e-07  0.00000000e+00  4.80822107e-07 -7.60348801e-07 
 4.81322107e-07  3.30000004e+00  4.81322107e-07  3.30000004e+00  4.81322107e-07  0.00000000e+00  4.81322107e-07  6.29788073e-07 
 4.81822107e-07  3.30000003e+00  4.81822107e-07  3.30000004e+00  4.81822107e-07  0.00000000e+00  4.81822107e-07 -7.54104273e-07 
 4.82322107e-07  3.30000003e+00  4.82322107e-07  3.30000003e+00  4.82322107e-07  0.00000000e+00  4.82322107e-07  6.35477701e-07 
 4.82822107e-07  3.30000002e+00  4.82822107e-07  3.30000003e+00  4.82822107e-07  0.00000000e+00  4.82822107e-07 -7.48904278e-07 
 4.83322107e-07  3.30000002e+00  4.83322107e-07  3.30000003e+00  4.83322107e-07  0.00000000e+00  4.83322107e-07  6.40251209e-07 
 4.83822107e-07  3.30000002e+00  4.83822107e-07  3.30000002e+00  4.83822107e-07  0.00000000e+00  4.83822107e-07 -7.44509337e-07 
 4.84322107e-07  3.30000002e+00  4.84322107e-07  3.30000002e+00  4.84322107e-07  0.00000000e+00  4.84322107e-07  6.44311783e-07 
 4.84822107e-07  3.30000001e+00  4.84822107e-07  3.30000002e+00  4.84822107e-07  0.00000000e+00  4.84822107e-07 -7.40747535e-07 
 4.85322107e-07  3.30000001e+00  4.85322107e-07  3.30000002e+00  4.85322107e-07  0.00000000e+00  4.85322107e-07  6.47806856e-07 
 4.85822107e-07  3.30000001e+00  4.85822107e-07  3.30000001e+00  4.85822107e-07  0.00000000e+00  4.85822107e-07 -7.37492380e-07 
 4.86322107e-07  3.30000001e+00  4.86322107e-07  3.30000001e+00  4.86322107e-07  0.00000000e+00  4.86322107e-07  6.50845981e-07 
 4.86822107e-07  3.30000001e+00  4.86822107e-07  3.30000001e+00  4.86822107e-07  0.00000000e+00  4.86822107e-07 -7.34648794e-07 
 4.87322107e-07  3.30000001e+00  4.87322107e-07  3.30000001e+00  4.87322107e-07  0.00000000e+00  4.87322107e-07  6.53512240e-07 
 4.87822107e-07  3.30000001e+00  4.87822107e-07  3.30000001e+00  4.87822107e-07  0.00000000e+00  4.87822107e-07 -7.32143972e-07 
 4.88322107e-07  3.30000000e+00  4.88322107e-07  3.30000001e+00  4.88322107e-07  0.00000000e+00  4.88322107e-07  6.55869770e-07 
 4.88822107e-07  3.30000000e+00  4.88822107e-07  3.30000001e+00  4.88822107e-07  0.00000000e+00  4.88822107e-07 -7.29921244e-07 
 4.89322107e-07  3.30000000e+00  4.89322107e-07  3.30000000e+00  4.89322107e-07  0.00000000e+00  4.89322107e-07  6.57968857e-07 
 4.89822107e-07  3.30000000e+00  4.89822107e-07  3.30000000e+00  4.89822107e-07  0.00000000e+00  4.89822107e-07 -7.27935856e-07 
 4.90322107e-07  3.30000000e+00  4.90322107e-07  3.30000000e+00  4.90322107e-07  0.00000000e+00  4.90322107e-07  6.59849473e-07 
 4.90822107e-07  3.30000000e+00  4.90822107e-07  3.30000000e+00  4.90822107e-07  0.00000000e+00  4.90822107e-07 -7.26152001e-07 
 4.91322107e-07  3.30000000e+00  4.91322107e-07  3.30000000e+00  4.91322107e-07  0.00000000e+00  4.91322107e-07  6.61543788e-07 
 4.91822107e-07  3.30000000e+00  4.91822107e-07  3.30000000e+00  4.91822107e-07  0.00000000e+00  4.91822107e-07 -7.24540702e-07 
 4.92322107e-07  3.30000000e+00  4.92322107e-07  3.30000000e+00  4.92322107e-07  0.00000000e+00  4.92322107e-07  6.63077980e-07 
 4.92822107e-07  3.30000000e+00  4.92822107e-07  3.30000000e+00  4.92822107e-07  0.00000000e+00  4.92822107e-07 -7.23078258e-07 
 4.93322107e-07  3.30000000e+00  4.93322107e-07  3.30000000e+00  4.93322107e-07  0.00000000e+00  4.93322107e-07  6.64473558e-07 
 4.93822107e-07  3.30000000e+00  4.93822107e-07  3.30000000e+00  4.93822107e-07  0.00000000e+00  4.93822107e-07 -7.21745098e-07 
 4.94322107e-07  3.30000000e+00  4.94322107e-07  3.30000000e+00  4.94322107e-07  0.00000000e+00  4.94322107e-07  6.65748362e-07 
 4.94822107e-07  3.30000000e+00  4.94822107e-07  3.30000000e+00  4.94822107e-07  0.00000000e+00  4.94822107e-07 -7.20524928e-07 
 4.95322107e-07  3.30000000e+00  4.95322107e-07  3.30000000e+00  4.95322107e-07  0.00000000e+00  4.95322107e-07  6.66917311e-07 
 4.95822107e-07  3.30000000e+00  4.95822107e-07  3.30000000e+00  4.95822107e-07  0.00000000e+00  4.95822107e-07 -7.19404066e-07 
 4.96322107e-07  3.30000000e+00  4.96322107e-07  3.30000000e+00  4.96322107e-07  0.00000000e+00  4.96322107e-07  6.67992971e-07 
 4.96822107e-07  3.29999999e+00  4.96822107e-07  3.30000000e+00  4.96822107e-07  0.00000000e+00  4.96822107e-07 -7.18370947e-07 
 4.97322107e-07  3.29999999e+00  4.97322107e-07  3.30000000e+00  4.97322107e-07  0.00000000e+00  4.97322107e-07  6.68986005e-07 
 4.97822107e-07  3.29999999e+00  4.97822107e-07  3.30000000e+00  4.97822107e-07  0.00000000e+00  4.97822107e-07 -7.17415727e-07 
 4.98322107e-07  3.29999999e+00  4.98322107e-07  3.30000000e+00  4.98322107e-07  0.00000000e+00  4.98322107e-07  6.69905516e-07 
 4.98822107e-07  3.29999999e+00  4.98822107e-07  3.29999999e+00  4.98822107e-07  0.00000000e+00  4.98822107e-07 -7.16529975e-07 
 4.99322107e-07  3.29999999e+00  4.99322107e-07  3.29999999e+00  4.99322107e-07  0.00000000e+00  4.99322107e-07  6.70759322e-07 
 4.99822107e-07  3.29999999e+00  4.99822107e-07  3.29999999e+00  4.99822107e-07  0.00000000e+00  4.99822107e-07 -7.15706429e-07 
 5.00000000e-07  3.29999999e+00  5.00000000e-07  3.29999999e+00  5.00000000e-07  0.00000000e+00  5.00000000e-07  6.71304184e-07 
 5.00050000e-07  3.29999999e+00  5.00050000e-07  3.29999999e+00  5.00050000e-07  0.00000000e+00  5.00050000e-07 -2.20918427e-08 
 5.00150000e-07  3.29999999e+00  5.00150000e-07  3.29999999e+00  5.00150000e-07  0.00000000e+00  5.00150000e-07 -2.20138212e-08 
 5.00350000e-07  3.29999999e+00  5.00350000e-07  3.29999999e+00  5.00350000e-07  0.00000000e+00  5.00350000e-07 -2.18595965e-08 
 5.00750000e-07  3.29999999e+00  5.00750000e-07  3.29999999e+00  5.00750000e-07  0.00000000e+00  5.00750000e-07 -2.15573695e-08 
 5.01250000e-07  3.29999999e+00  5.01250000e-07  3.29999999e+00  5.01250000e-07  0.00000000e+00  5.01250000e-07 -2.11910305e-08 
 5.01750000e-07  3.29999999e+00  5.01750000e-07  3.29999999e+00  5.01750000e-07  0.00000000e+00  5.01750000e-07 -2.08367168e-08 
 5.02250000e-07  3.29999999e+00  5.02250000e-07  3.29999999e+00  5.02250000e-07  0.00000000e+00  5.02250000e-07 -2.04939393e-08 
 5.02750000e-07  3.29999999e+00  5.02750000e-07  3.29999999e+00  5.02750000e-07  0.00000000e+00  5.02750000e-07 -2.01620555e-08 
 5.03250000e-07  3.29999999e+00  5.03250000e-07  3.29999999e+00  5.03250000e-07  0.00000000e+00  5.03250000e-07 -1.98406516e-08 
 5.03750000e-07  3.29999999e+00  5.03750000e-07  3.29999999e+00  5.03750000e-07  0.00000000e+00  5.03750000e-07 -1.95291472e-08 
 5.04250000e-07  3.29999999e+00  5.04250000e-07  3.29999999e+00  5.04250000e-07  0.00000000e+00  5.04250000e-07 -1.92271910e-08 
 5.04750000e-07  3.29999999e+00  5.04750000e-07  3.29999999e+00  5.04750000e-07  0.00000000e+00  5.04750000e-07 -1.89342571e-08 
 5.05250000e-07  3.29999999e+00  5.05250000e-07  3.29999999e+00  5.05250000e-07  0.00000000e+00  5.05250000e-07 -1.86500467e-08 
 5.05750000e-07  3.29999999e+00  5.05750000e-07  3.29999999e+00  5.05750000e-07  0.00000000e+00  5.05750000e-07 -1.83740813e-08 
 5.06250000e-07  3.29999999e+00  5.06250000e-07  3.29999999e+00  5.06250000e-07  0.00000000e+00  5.06250000e-07 -1.81061071e-08 
 5.06750000e-07  3.29999999e+00  5.06750000e-07  3.29999999e+00  5.06750000e-07  0.00000000e+00  5.06750000e-07 -1.78456867e-08 
 5.07250000e-07  3.29999999e+00  5.07250000e-07  3.29999999e+00  5.07250000e-07  0.00000000e+00  5.07250000e-07 -1.75926048e-08 
 5.07750000e-07  3.29999999e+00  5.07750000e-07  3.29999999e+00  5.07750000e-07  0.00000000e+00  5.07750000e-07 -1.73464601e-08 
 5.08250000e-07  3.29999999e+00  5.08250000e-07  3.29999999e+00  5.08250000e-07  0.00000000e+00  5.08250000e-07 -1.71070707e-08 
 5.08750000e-07  3.29999999e+00  5.08750000e-07  3.29999999e+00  5.08750000e-07  0.00000000e+00  5.08750000e-07 -1.68740664e-08 
 5.09250000e-07  3.29999999e+00  5.09250000e-07  3.29999999e+00  5.09250000e-07  0.00000000e+00  5.09250000e-07 -1.66472946e-08 
 5.09750000e-07  3.29999999e+00  5.09750000e-07  3.29999999e+00  5.09750000e-07  0.00000000e+00  5.09750000e-07 -1.64264123e-08 
 5.10250000e-07  3.29999999e+00  5.10250000e-07  3.29999999e+00  5.10250000e-07  0.00000000e+00  5.10250000e-07 -1.62112924e-08 
 5.10750000e-07  3.29999999e+00  5.10750000e-07  3.29999999e+00  5.10750000e-07  0.00000000e+00  5.10750000e-07 -1.60016159e-08 
 5.11250000e-07  3.29999999e+00  5.11250000e-07  3.29999999e+00  5.11250000e-07  0.00000000e+00  5.11250000e-07 -1.57972780e-08 
 5.11750000e-07  3.29999999e+00  5.11750000e-07  3.29999999e+00  5.11750000e-07  0.00000000e+00  5.11750000e-07 -1.55979807e-08 
 5.12250000e-07  3.29999999e+00  5.12250000e-07  3.29999999e+00  5.12250000e-07  0.00000000e+00  5.12250000e-07 -1.54036391e-08 
 5.12750000e-07  3.29999999e+00  5.12750000e-07  3.29999999e+00  5.12750000e-07  0.00000000e+00  5.12750000e-07 -1.52139737e-08 
 5.13250000e-07  3.29999999e+00  5.13250000e-07  3.29999999e+00  5.13250000e-07  0.00000000e+00  5.13250000e-07 -1.50289169e-08 
 5.13750000e-07  3.29999999e+00  5.13750000e-07  3.29999999e+00  5.13750000e-07  0.00000000e+00  5.13750000e-07 -1.48482056e-08 
 5.14250000e-07  3.29999999e+00  5.14250000e-07  3.29999999e+00  5.14250000e-07  0.00000000e+00  5.14250000e-07 -1.46717879e-08 
 5.14750000e-07  3.29999999e+00  5.14750000e-07  3.29999999e+00  5.14750000e-07  0.00000000e+00  5.14750000e-07 -1.44994152e-08 
 5.15250000e-07  3.29999999e+00  5.15250000e-07  3.29999999e+00  5.15250000e-07  0.00000000e+00  5.15250000e-07 -1.43310491e-08 
 5.15750000e-07  3.29999999e+00  5.15750000e-07  3.29999999e+00  5.15750000e-07  0.00000000e+00  5.15750000e-07 -1.41664541e-08 
 5.16250000e-07  3.29999999e+00  5.16250000e-07  3.29999999e+00  5.16250000e-07  0.00000000e+00  5.16250000e-07 -1.40056042e-08 
 5.16750000e-07  3.29999999e+00  5.16750000e-07  3.29999999e+00  5.16750000e-07  0.00000000e+00  5.16750000e-07 -1.38482752e-08 
 5.17250000e-07  3.29999999e+00  5.17250000e-07  3.29999999e+00  5.17250000e-07  0.00000000e+00  5.17250000e-07 -1.36944522e-08 
 5.17750000e-07  3.29999999e+00  5.17750000e-07  3.29999999e+00  5.17750000e-07  0.00000000e+00  5.17750000e-07 -1.35439213e-08 
 5.18250000e-07  3.29999999e+00  5.18250000e-07  3.29999999e+00  5.18250000e-07  0.00000000e+00  5.18250000e-07 -1.33966772e-08 
 5.18750000e-07  3.29999999e+00  5.18750000e-07  3.29999999e+00  5.18750000e-07  0.00000000e+00  5.18750000e-07 -1.32525157e-08 
 5.19250000e-07  3.29999999e+00  5.19250000e-07  3.29999999e+00  5.19250000e-07  0.00000000e+00  5.19250000e-07 -1.31114400e-08 
 5.19750000e-07  3.29999999e+00  5.19750000e-07  3.29999999e+00  5.19750000e-07  0.00000000e+00  5.19750000e-07 -1.29732542e-08 
 5.20000000e-07  3.29999999e+00  5.20000000e-07  3.29999999e+00  5.20000000e-07  0.00000000e+00  5.20000000e-07 -1.29052775e-08 
 5.20010000e-07  3.32180695e+00  5.20010000e-07  3.32181673e+00  5.20010000e-07  3.30000000e-01  5.20010000e-07  4.01841185e-04 
 5.20030000e-07  3.36309207e+00  5.20030000e-07  3.36312631e+00  5.20030000e-07  9.90000000e-01  5.20030000e-07  4.43900283e-04 
 5.20070000e-07  3.44259316e+00  5.20070000e-07  3.44265744e+00  5.20070000e-07  2.31000000e+00  5.20070000e-07  4.19778135e-04 
 5.20100000e-07  3.48073026e+00  5.20100000e-07  3.48102831e+00  5.20100000e-07  3.30000000e+00  5.20100000e-07  2.56677735e-04 
 5.20105700e-07  3.48033072e+00  5.20105700e-07  3.48061234e+00  5.20105700e-07  3.30000000e+00  5.20105700e-07 -6.38461523e-06 
 5.20117099e-07  3.47882276e+00  5.20117099e-07  3.47905842e+00  5.20117099e-07  3.30000000e+00  5.20117099e-07 -1.66143026e-05 
 5.20139897e-07  3.47202316e+00  5.20139897e-07  3.47212904e+00  5.20139897e-07  3.30000000e+00  5.20139897e-07 -2.57205554e-05 
 5.20185494e-07  3.45217272e+00  5.20185494e-07  3.45204708e+00  5.20185494e-07  3.30000000e+00  5.20185494e-07 -3.65159835e-05 
 5.20276687e-07  3.31818656e+00  5.20276687e-07  3.32203387e+00  5.20276687e-07  3.30000000e+00  5.20276687e-07 -5.07010745e-05 
 5.20366096e-07  3.01719868e+00  5.20366096e-07  3.03390995e+00  5.20366096e-07  3.30000000e+00  5.20366096e-07 -9.19370322e-05 
 5.20459642e-07  2.64523679e+00  5.20459642e-07  2.66908825e+00  5.20459642e-07  3.30000000e+00  5.20459642e-07 -6.39166209e-05 
 5.20575261e-07  2.24208734e+00  5.20575261e-07  2.27583677e+00  5.20575261e-07  3.30000000e+00  5.20575261e-07 -1.19571435e-04 
 5.20738337e-07  1.81405750e+00  5.20738337e-07  1.97206491e+00  5.20738337e-07  3.30000000e+00  5.20738337e-07 -1.74684801e-04 
 5.20936092e-07  1.13484314e+00  5.20936092e-07  2.41048032e+00  5.20936092e-07  3.30000000e+00  5.20936092e-07 -2.99201718e-04 
 5.21081586e-07  6.90736334e-01  5.21081586e-07  2.93031408e+00  5.21081586e-07  3.30000000e+00  5.21081586e-07 -1.83330204e-04 
 5.21233953e-07  4.28926993e-01  5.21233953e-07  3.20199902e+00  5.21233953e-07  3.30000000e+00  5.21233953e-07 -8.99053792e-05 
 5.21385594e-07  2.58772945e-01  5.21385594e-07  3.26350696e+00  5.21385594e-07  3.30000000e+00  5.21385594e-07 -1.92809181e-05 
 5.21552724e-07  1.56022859e-01  5.21552724e-07  3.28152084e+00  5.21552724e-07  3.30000000e+00  5.21552724e-07 -3.27568477e-05 
 5.21835268e-07  5.60675595e-02  5.21835268e-07  3.29260855e+00  5.21835268e-07  3.30000000e+00  5.21835268e-07  6.15453328e-06 
 5.22132619e-07  2.24047461e-02  5.22132619e-07  3.29779974e+00  5.22132619e-07  3.30000000e+00  5.22132619e-07 -1.58016457e-05 
 5.22632619e-07  3.84069416e-04  5.22632619e-07  3.29951379e+00  5.22632619e-07  3.30000000e+00  5.22632619e-07  1.28236684e-05 
 5.23132619e-07  1.77004837e-03  5.23132619e-07  3.30016464e+00  5.23132619e-07  3.30000000e+00  5.23132619e-07 -1.30166731e-05 
 5.23632619e-07 -1.40208133e-03  5.23632619e-07  3.29984356e+00  5.23632619e-07  3.30000000e+00  5.23632619e-07  1.28958489e-05 
 5.24132619e-07  1.31246455e-03  5.24132619e-07  3.30012214e+00  5.24132619e-07  3.30000000e+00  5.24132619e-07 -1.28159085e-05 
 5.24632619e-07 -1.20042244e-03  5.24632619e-07  3.29990364e+00  5.24632619e-07  3.30000000e+00  5.24632619e-07  1.27391395e-05 
 5.25132619e-07  1.11657506e-03  5.25132619e-07  3.30007355e+00  5.25132619e-07  3.30000000e+00  5.25132619e-07 -1.26692715e-05 
 5.25632619e-07 -1.03005182e-03  5.25632619e-07  3.29994467e+00  5.25632619e-07  3.30000000e+00  5.25632619e-07  1.26038206e-05 
 5.26132619e-07  9.64719185e-04  5.26132619e-07  3.30003943e+00  5.26132619e-07  3.30000000e+00  5.26132619e-07 -1.25435385e-05 
 5.26632619e-07 -8.95457962e-04  5.26632619e-07  3.29997305e+00  5.26632619e-07  3.30000000e+00  5.26632619e-07  1.24867080e-05 
 5.27132619e-07  8.43481442e-04  5.27132619e-07  3.30001602e+00  5.27132619e-07  3.30000000e+00  5.27132619e-07 -1.24340877e-05 
 5.27632619e-07 -7.86917667e-04  5.27632619e-07  3.29999240e+00  5.27632619e-07  3.30000000e+00  5.27632619e-07  1.23842706e-05 
 5.28132619e-07  7.44650137e-04  5.28132619e-07  3.30000013e+00  5.28132619e-07  3.30000000e+00  5.28132619e-07 -1.23379856e-05 
 5.28632619e-07 -6.97619489e-04  5.28632619e-07  3.30000555e+00  5.28632619e-07  3.30000000e+00  5.28632619e-07  1.22940435e-05 
 5.29132619e-07  6.62510026e-04  5.29132619e-07  3.29998946e+00  5.29132619e-07  3.30000000e+00  5.29132619e-07 -1.22530903e-05 
 5.29632619e-07 -6.22776385e-04  5.29632619e-07  3.30001429e+00  5.29632619e-07  3.30000000e+00  5.29632619e-07  1.22141536e-05 
 5.30132619e-07  5.93112617e-04  5.30132619e-07  3.29998234e+00  5.30132619e-07  3.30000000e+00  5.30132619e-07 -1.21778061e-05 
 5.30632619e-07 -5.59053526e-04  5.30632619e-07  3.30002008e+00  5.30632619e-07  3.30000000e+00  5.30632619e-07  1.21431800e-05 
 5.31132619e-07  5.33602820e-04  5.31132619e-07  3.29997767e+00  5.31132619e-07  3.30000000e+00  5.31132619e-07 -1.21108239e-05 
 5.31632619e-07 -5.03958968e-04  5.31632619e-07  3.30002385e+00  5.31632619e-07  3.30000000e+00  5.31632619e-07  1.20799643e-05 
 5.32132619e-07  4.82094650e-04  5.32132619e-07  3.29997468e+00  5.32132619e-07  3.30000000e+00  5.32132619e-07 -1.20510897e-05 
 5.32632619e-07 -4.56160178e-04  5.32632619e-07  3.30002618e+00  5.32632619e-07  3.30000000e+00  5.32632619e-07  1.20234810e-05 
 5.33132619e-07  4.36715803e-04  5.33132619e-07  3.29997288e+00  5.33132619e-07  3.30000000e+00  5.33132619e-07 -1.19976699e-05 
 5.33632619e-07 -4.13725120e-04  5.33632619e-07  3.30002758e+00  5.33632619e-07  3.30000000e+00  5.33632619e-07  1.19730045e-05 
 5.34132619e-07  3.96571751e-04  5.34132619e-07  3.29997184e+00  5.34132619e-07  3.30000000e+00  5.34132619e-07 -1.19499405e-05 
 5.34632619e-07 -3.76488343e-04  5.34632619e-07  3.30002831e+00  5.34632619e-07  3.30000000e+00  5.34632619e-07  1.19278252e-05 
 5.35132619e-07  3.60972169e-04  5.35132619e-07  3.29997141e+00  5.35132619e-07  3.30000000e+00  5.35132619e-07 -1.19071370e-05 
 5.35632619e-07 -3.43069081e-04  5.35632619e-07  3.30002854e+00  5.35632619e-07  3.30000000e+00  5.35632619e-07  1.18873105e-05 
 5.36132619e-07  3.29169430e-04  5.36132619e-07  3.29997136e+00  5.36132619e-07  3.30000000e+00  5.36132619e-07 -1.18687621e-05 
 5.36632619e-07 -3.13126890e-04  5.36632619e-07  3.30002844e+00  5.36632619e-07  3.30000000e+00  5.36632619e-07  1.18509697e-05 
 5.37132619e-07  3.00627135e-04  5.37132619e-07  3.29997160e+00  5.37132619e-07  3.30000000e+00  5.37132619e-07 -1.18343279e-05 
 5.37632619e-07 -2.86204837e-04  5.37632619e-07  3.30002811e+00  5.37632619e-07  3.30000000e+00  5.37632619e-07  1.18183498e-05 
 5.38132619e-07  2.74928341e-04  5.38132619e-07  3.29997203e+00  5.38132619e-07  3.30000000e+00  5.38132619e-07 -1.18034101e-05 
 5.38632619e-07 -2.61928601e-04  5.38632619e-07  3.30002761e+00  5.38632619e-07  3.30000000e+00  5.38632619e-07  1.17890530e-05 
 5.39132619e-07  2.51729732e-04  5.39132619e-07  3.29997260e+00  5.39132619e-07  3.30000000e+00  5.39132619e-07 -1.17756348e-05 
 5.39632619e-07 -2.39987177e-04  5.39632619e-07  3.30002700e+00  5.39632619e-07  3.30000000e+00  5.39632619e-07  1.17627277e-05 
 5.40132619e-07  2.30743714e-04  5.40132619e-07  3.29997326e+00  5.40132619e-07  3.30000000e+00  5.40132619e-07 -1.17506711e-05 
 5.40632619e-07 -2.20118055e-04  5.40632619e-07  3.30002630e+00  5.40632619e-07  3.30000000e+00  5.40632619e-07  1.17390622e-05 
 5.41132619e-07  2.11725841e-04  5.41132619e-07  3.29997400e+00  5.41132619e-07  3.30000000e+00  5.41132619e-07 -1.17282251e-05 
 5.41632619e-07 -2.02096648e-04  5.41632619e-07  3.30002554e+00  5.41632619e-07  3.30000000e+00  5.41632619e-07  1.17177794e-05 
 5.42132619e-07  1.94465777e-04  5.42132619e-07  3.29997478e+00  5.42132619e-07  3.30000000e+00  5.42132619e-07 -1.17080352e-05 
 5.42632619e-07 -1.85728647e-04  5.42632619e-07  3.30002475e+00  5.42632619e-07  3.30000000e+00  5.42632619e-07  1.16986323e-05 
 5.43132619e-07  1.78780709e-04  5.43132619e-07  3.29997559e+00  5.43132619e-07  3.30000000e+00  5.43132619e-07 -1.16898680e-05 
 5.43632619e-07 -1.70844401e-04  5.43632619e-07  3.30002394e+00  5.43632619e-07  3.30000000e+00  5.43632619e-07  1.16814004e-05 
 5.44132619e-07  1.64510446e-04  5.44132619e-07  3.29997641e+00  5.44132619e-07  3.30000000e+00  5.44132619e-07 -1.16735151e-05 
 5.44632619e-07 -1.57294703e-04  5.44632619e-07  3.30002311e+00  5.44632619e-07  3.30000000e+00  5.44632619e-07  1.16658868e-05 
 5.45132619e-07  1.51513708e-04  5.45132619e-07  3.29997725e+00  5.45132619e-07  3.30000000e+00  5.45132619e-07 -1.16587903e-05 
 5.45632619e-07 -1.44947562e-04  5.45632619e-07  3.30002228e+00  5.45632619e-07  3.30000000e+00  5.45632619e-07  1.16519154e-05 
 5.46132619e-07  1.39665256e-04  5.46132619e-07  3.29997808e+00  5.46132619e-07  3.30000000e+00  5.46132619e-07 -1.16455268e-05 
 5.46632619e-07 -1.33685692e-04  5.46632619e-07  3.30002145e+00  5.46632619e-07  3.30000000e+00  5.46632619e-07  1.16393283e-05 
 5.47132619e-07  1.28853621e-04  5.47132619e-07  3.29997891e+00  5.47132619e-07  3.30000000e+00  5.47132619e-07 -1.16335755e-05 
 5.47632619e-07 -1.23404496e-04  5.47632619e-07  3.30002063e+00  5.47632619e-07  3.30000000e+00  5.47632619e-07  1.16279845e-05 
 5.48132619e-07  1.18979278e-04  5.48132619e-07  3.29997973e+00  5.48132619e-07  3.30000000e+00  5.48132619e-07 -1.16228027e-05 
 5.48632619e-07 -1.14010432e-04  5.48632619e-07  3.30001982e+00  5.48632619e-07  3.30000000e+00  5.48632619e-07  1.16177575e-05 
 5.49132619e-07  1.09953143e-04  5.49132619e-07  3.29998054e+00  5.49132619e-07  3.30000000e+00  5.49132619e-07 -1.16130886e-05 
 5.49632619e-07 -1.05419666e-04  5.49632619e-07  3.30001902e+00  5.49632619e-07  3.30000000e+00  5.49632619e-07  1.16085339e-05 
 5.50132619e-07  1.01695320e-04  5.50132619e-07  3.29998133e+00  5.50132619e-07  3.30000000e+00  5.50132619e-07 -1.16043259e-05 
 5.50632619e-07 -9.75569240e-05  5.50632619e-07  3.30001824e+00  5.50632619e-07  3.30000000e+00  5.50632619e-07  1.16002120e-05 
 5.51132619e-07  9.41340399e-05  5.51132619e-07  3.29998210e+00  5.51132619e-07  3.30000000e+00  5.51132619e-07 -1.15964183e-05 
 5.51632619e-07 -9.03545292e-05  5.51632619e-07  3.30001748e+00  5.51632619e-07  3.30000000e+00  5.51632619e-07  1.15927007e-05 
 5.52132619e-07  8.72047482e-05  5.52132619e-07  3.29998285e+00  5.52132619e-07  3.30000000e+00  5.52132619e-07 -1.15892795e-05 
 5.52632619e-07 -8.37515597e-05  5.52632619e-07  3.30001674e+00  5.52632619e-07  3.30000000e+00  5.52632619e-07  1.15859183e-05 
 5.53132619e-07  8.08493183e-05  5.53132619e-07  3.29998358e+00  5.53132619e-07  3.30000000e+00  5.53132619e-07 -1.15828320e-05 
 5.53632619e-07 -7.76931219e-05  5.53632619e-07  3.30001602e+00  5.53632619e-07  3.30000000e+00  5.53632619e-07  1.15797914e-05 
 5.54132619e-07  7.50153618e-05  5.54132619e-07  3.29998429e+00  5.54132619e-07  3.30000000e+00  5.54132619e-07 -1.15770063e-05 
 5.54632619e-07 -7.21297120e-05  5.54632619e-07  3.30001533e+00  5.54632619e-07  3.30000000e+00  5.54632619e-07  1.15742542e-05 
 5.55132619e-07  6.96556242e-05  5.55132619e-07  3.29998498e+00  5.55132619e-07  3.30000000e+00  5.55132619e-07 -1.15717402e-05 
 5.55632619e-07 -6.70166530e-05  5.55632619e-07  3.30001465e+00  5.55632619e-07  3.30000000e+00  5.55632619e-07  1.15692477e-05 
 5.56132619e-07  6.47274502e-05  5.56132619e-07  3.29998565e+00  5.56132619e-07  3.30000000e+00  5.56132619e-07 -1.15669776e-05 
 5.56632619e-07 -6.23135967e-05  5.56632619e-07  3.30001400e+00  5.56632619e-07  3.30000000e+00  5.56632619e-07  1.15647189e-05 
 5.57132619e-07  6.01923103e-05  5.57132619e-07  3.29998629e+00  5.57132619e-07  3.30000000e+00  5.57132619e-07 -1.15626684e-05 
 5.57632619e-07 -5.79840809e-05  5.57632619e-07  3.30001337e+00  5.57632619e-07  3.30000000e+00  5.57632619e-07  1.15606202e-05 
 5.58132619e-07  5.60153797e-05  5.58132619e-07  3.29998691e+00  5.58132619e-07  3.30000000e+00  5.58132619e-07 -1.15587673e-05 
 5.58632619e-07 -5.39951353e-05  5.58632619e-07  3.30001276e+00  5.58632619e-07  3.30000000e+00  5.58632619e-07  1.15569087e-05 
 5.59132619e-07  5.21651625e-05  5.59132619e-07  3.29998751e+00  5.59132619e-07  3.30000000e+00  5.59132619e-07 -1.15552340e-05 
 5.59632619e-07 -5.03169293e-05  5.59632619e-07  3.30001218e+00  5.59632619e-07  3.30000000e+00  5.59632619e-07  1.15535463e-05 
 5.60132619e-07  4.86131567e-05  5.60132619e-07  3.29998808e+00  5.60132619e-07  3.30000000e+00  5.60132619e-07 -1.15520320e-05 
 5.60632619e-07 -4.69224576e-05  5.60632619e-07  3.30001161e+00  5.60632619e-07  3.30000000e+00  5.60632619e-07  1.15504983e-05 
 5.61132619e-07  4.53335541e-05  5.61132619e-07  3.29998864e+00  5.61132619e-07  3.30000000e+00  5.61132619e-07 -1.15491286e-05 
 5.61632619e-07 -4.37872580e-05  5.61632619e-07  3.30001107e+00  5.61632619e-07  3.30000000e+00  5.61632619e-07  1.15477339e-05 
 5.62132619e-07  4.23029720e-05  5.62132619e-07  3.29998917e+00  5.62132619e-07  3.30000000e+00  5.62132619e-07 -1.15464946e-05 
 5.62632619e-07 -4.08891594e-05  5.62632619e-07  3.30001055e+00  5.62632619e-07  3.30000000e+00  5.62632619e-07  1.15452251e-05 
 5.63132619e-07  3.95002123e-05  5.63132619e-07  3.29998967e+00  5.63132619e-07  3.30000000e+00  5.63132619e-07 -1.15441034e-05 
 5.63632619e-07 -3.82080550e-05  5.63632619e-07  3.30001006e+00  5.63632619e-07  3.30000000e+00  5.63632619e-07  1.15429470e-05 
 5.64132619e-07  3.69060458e-05  5.64132619e-07  3.29999016e+00  5.64132619e-07  3.30000000e+00  5.64132619e-07 -1.15419315e-05 
 5.64632619e-07 -3.57256992e-05  5.64632619e-07  3.30000958e+00  5.64632619e-07  3.30000000e+00  5.64632619e-07  1.15408771e-05 
 5.65132619e-07  3.45030187e-05  5.65132619e-07  3.29999063e+00  5.65132619e-07  3.30000000e+00  5.65132619e-07 -1.15399573e-05 
 5.65632619e-07 -3.34255255e-05  5.65632619e-07  3.30000912e+00  5.65632619e-07  3.30000000e+00  5.65632619e-07  1.15389952e-05 
 5.66132619e-07  3.22752785e-05  5.66132619e-07  3.29999108e+00  5.66132619e-07  3.30000000e+00  5.66132619e-07 -1.15381619e-05 
 5.66632619e-07 -3.12924819e-05  5.66632619e-07  3.30000869e+00  5.66632619e-07  3.30000000e+00  5.66632619e-07  1.15372830e-05 
 5.67132619e-07  3.02084177e-05  5.67132619e-07  3.29999151e+00  5.67132619e-07  3.30000000e+00  5.67132619e-07 -1.15365279e-05 
 5.67632619e-07 -2.93128843e-05  5.67632619e-07  3.30000827e+00  5.67632619e-07  3.30000000e+00  5.67632619e-07  1.15357243e-05 
 5.68132619e-07  2.82893338e-05  5.68132619e-07  3.29999192e+00  5.68132619e-07  3.30000000e+00  5.68132619e-07 -1.15350398e-05 
 5.68632619e-07 -2.74742834e-05  5.68632619e-07  3.30000787e+00  5.68632619e-07  3.30000000e+00  5.68632619e-07  1.15343043e-05 
 5.69132619e-07  2.65061027e-05  5.69132619e-07  3.29999231e+00  5.69132619e-07  3.30000000e+00  5.69132619e-07 -1.15336837e-05 
 5.69632619e-07 -2.57653463e-05  5.69632619e-07  3.30000749e+00  5.69632619e-07  3.30000000e+00  5.69632619e-07  1.15330098e-05 
 5.70100000e-07  2.48031529e-05  5.70100000e-07  3.29999269e+00  5.70100000e-07  3.30000000e+00  5.70100000e-07 -1.15324050e-05 
 5.70110000e-07 -2.86042762e-03  5.70110000e-07  3.29714357e+00  5.70110000e-07  2.97000000e+00  5.70110000e-07 -2.80000494e-04 
 5.70130000e-07 -1.85593162e-02  5.70130000e-07  3.27848840e+00  5.70130000e-07  2.31000000e+00  5.70130000e-07 -3.61781124e-04 
 5.70170000e-07 -1.68036525e-02  5.70170000e-07  3.24805477e+00  5.70170000e-07  9.90000000e-01  5.70170000e-07 -7.85085756e-04 
 5.70200000e-07  5.94774327e-02  5.70200000e-07  3.25934140e+00  5.70200000e-07  1.28119737e-12  5.70200000e-07 -1.14584302e-03 
 5.70204655e-07  8.25363593e-02  5.70204655e-07  3.27039390e+00  5.70204655e-07  0.00000000e+00  5.70204655e-07 -7.98518908e-04 
 5.70213964e-07  1.26958078e-01  5.70213964e-07  3.29021784e+00  5.70213964e-07  0.00000000e+00  5.70213964e-07 -7.86554115e-04 
 5.70232582e-07  2.08426797e-01  5.70232582e-07  3.32050753e+00  5.70232582e-07  0.00000000e+00  5.70232582e-07 -7.68328116e-04 
 5.70269819e-07  3.61037464e-01  5.70269819e-07  3.35699948e+00  5.70269819e-07  0.00000000e+00  5.70269819e-07 -7.33908366e-04 
 5.70344292e-07  6.81938465e-01  5.70344292e-07  3.39361820e+00  5.70344292e-07  0.00000000e+00  5.70344292e-07 -6.93063594e-04 
 5.70465266e-07  1.41154569e+00  5.70465266e-07  3.46934512e+00  5.70465266e-07  0.00000000e+00  5.70465266e-07 -5.12765350e-04 
 5.70589652e-07  2.15034742e+00  5.70589652e-07  3.50390251e+00  5.70589652e-07  0.00000000e+00  5.70589652e-07 -2.51205284e-04 
 5.70727177e-07  2.67430880e+00  5.70727177e-07  3.43582871e+00  5.70727177e-07  0.00000000e+00  5.70727177e-07 -8.59520899e-05 
 5.70855934e-07  2.98411220e+00  5.70855934e-07  3.39200035e+00  5.70855934e-07  0.00000000e+00  5.70855934e-07 -3.87607994e-05 
 5.70998906e-07  3.16773462e+00  5.70998906e-07  3.34665051e+00  5.70998906e-07  0.00000000e+00  5.70998906e-07 -1.43414956e-05 
 5.71193467e-07  3.26404572e+00  5.71193467e-07  3.31662408e+00  5.71193467e-07  0.00000000e+00  5.71193467e-07 -5.70285935e-06 
 5.71432310e-07  3.29381558e+00  5.71432310e-07  3.30387048e+00  5.71432310e-07  0.00000000e+00  5.71432310e-07  3.92848423e-07 
 5.71861619e-07  3.30071369e+00  5.71861619e-07  3.29968448e+00  5.71861619e-07  0.00000000e+00  5.71861619e-07 -1.91830126e-06 
 5.72361619e-07  3.29985882e+00  5.72361619e-07  3.30004145e+00  5.72361619e-07  0.00000000e+00  5.72361619e-07  1.10240219e-06 
 5.72861619e-07  3.30003817e+00  5.72861619e-07  3.30000370e+00  5.72861619e-07  0.00000000e+00  5.72861619e-07 -1.78669223e-06 
 5.73361619e-07  3.29999151e+00  5.73361619e-07  3.29999805e+00  5.73361619e-07  0.00000000e+00  5.73361619e-07  1.25103278e-06 
 5.73861619e-07  3.30000248e+00  5.73861619e-07  3.30000174e+00  5.73861619e-07  0.00000000e+00  5.73861619e-07 -1.70788994e-06 
 5.74361619e-07  3.29999988e+00  5.74361619e-07  3.29999988e+00  5.74361619e-07  0.00000000e+00  5.74361619e-07  1.31773793e-06 
 5.74861619e-07  3.30000042e+00  5.74861619e-07  3.30000053e+00  5.74861619e-07  0.00000000e+00  5.74861619e-07 -1.66057352e-06 
 5.75361619e-07  3.30000022e+00  5.75361619e-07  3.30000013e+00  5.75361619e-07  0.00000000e+00  5.75361619e-07  1.35639489e-06 
 5.75861619e-07  3.30000020e+00  5.75861619e-07  3.30000026e+00  5.75861619e-07  0.00000000e+00  5.75861619e-07 -1.63023334e-06 
 5.76361619e-07  3.30000017e+00  5.76361619e-07  3.30000013e+00  5.76361619e-07  0.00000000e+00  5.76361619e-07  1.38177105e-06 
 5.76861619e-07  3.30000013e+00  5.76861619e-07  3.30000016e+00  5.76861619e-07  0.00000000e+00  5.76861619e-07 -1.60929862e-06 
 5.77361619e-07  3.30000012e+00  5.77361619e-07  3.30000010e+00  5.77361619e-07  0.00000000e+00  5.77361619e-07  1.39968612e-06 
 5.77861619e-07  3.30000010e+00  5.77861619e-07  3.30000011e+00  5.77861619e-07  0.00000000e+00  5.77861619e-07 -1.59403394e-06 
 5.78361619e-07  3.30000008e+00  5.78361619e-07  3.30000008e+00  5.78361619e-07  0.00000000e+00  5.78361619e-07  1.41299077e-06 
 5.78861619e-07  3.30000007e+00  5.78861619e-07  3.30000008e+00  5.78861619e-07  0.00000000e+00  5.78861619e-07 -1.58243513e-06 
 5.79361619e-07  3.30000006e+00  5.79361619e-07  3.30000006e+00  5.79361619e-07  0.00000000e+00  5.79361619e-07  1.42325079e-06 
 5.79861619e-07  3.30000005e+00  5.79861619e-07  3.30000006e+00  5.79861619e-07  0.00000000e+00  5.79861619e-07 -1.57333693e-06 
 5.80361619e-07  3.30000005e+00  5.80361619e-07  3.30000005e+00  5.80361619e-07  0.00000000e+00  5.80361619e-07  1.43139760e-06 
 5.80861619e-07  3.30000004e+00  5.80861619e-07  3.30000004e+00  5.80861619e-07  0.00000000e+00  5.80861619e-07 -1.56601758e-06 
 5.81361619e-07  3.30000004e+00  5.81361619e-07  3.30000004e+00  5.81361619e-07  0.00000000e+00  5.81361619e-07  1.43801884e-06 
 5.81861619e-07  3.30000003e+00  5.81861619e-07  3.30000003e+00  5.81861619e-07  0.00000000e+00  5.81861619e-07 -1.56000684e-06 
 5.82361619e-07  3.30000003e+00  5.82361619e-07  3.30000003e+00  5.82361619e-07  0.00000000e+00  5.82361619e-07  1.44350336e-06 
 5.82861619e-07  3.30000003e+00  5.82861619e-07  3.30000003e+00  5.82861619e-07  0.00000000e+00  5.82861619e-07 -1.55498575e-06 
 5.83361619e-07  3.30000002e+00  5.83361619e-07  3.30000002e+00  5.83361619e-07  0.00000000e+00  5.83361619e-07  1.44811862e-06 
 5.83861619e-07  3.30000002e+00  5.83861619e-07  3.30000002e+00  5.83861619e-07  0.00000000e+00  5.83861619e-07 -1.55073062e-06 
 5.84361619e-07  3.30000002e+00  5.84361619e-07  3.30000002e+00  5.84361619e-07  0.00000000e+00  5.84361619e-07  1.45205455e-06 
 5.84861619e-07  3.30000002e+00  5.84861619e-07  3.30000002e+00  5.84861619e-07  0.00000000e+00  5.84861619e-07 -1.54708006e-06 
 5.85361619e-07  3.30000001e+00  5.85361619e-07  3.30000001e+00  5.85361619e-07  0.00000000e+00  5.85361619e-07  1.45544972e-06 
 5.85861619e-07  3.30000001e+00  5.85861619e-07  3.30000001e+00  5.85861619e-07  0.00000000e+00  5.85861619e-07 -1.54391481e-06 
 5.86361619e-07  3.30000001e+00  5.86361619e-07  3.30000001e+00  5.86361619e-07  0.00000000e+00  5.86361619e-07  1.45840756e-06 
 5.86861619e-07  3.30000001e+00  5.86861619e-07  3.30000001e+00  5.86861619e-07  0.00000000e+00  5.86861619e-07 -1.54114489e-06 
 5.87361619e-07  3.30000001e+00  5.87361619e-07  3.30000001e+00  5.87361619e-07  0.00000000e+00  5.87361619e-07  1.46100682e-06 
 5.87861619e-07  3.30000001e+00  5.87861619e-07  3.30000001e+00  5.87861619e-07  0.00000000e+00  5.87861619e-07 -1.53870116e-06 
 5.88361619e-07  3.30000001e+00  5.88361619e-07  3.30000001e+00  5.88361619e-07  0.00000000e+00  5.88361619e-07  1.46330848e-06 
 5.88861619e-07  3.30000000e+00  5.88861619e-07  3.30000000e+00  5.88861619e-07  0.00000000e+00  5.88861619e-07 -1.53652965e-06 
 5.89361619e-07  3.30000000e+00  5.89361619e-07  3.30000000e+00  5.89361619e-07  0.00000000e+00  5.89361619e-07  1.46536050e-06 
 5.89861619e-07  3.30000000e+00  5.89861619e-07  3.30000000e+00  5.89861619e-07  0.00000000e+00  5.89861619e-07 -1.53458761e-06 
 5.90361619e-07  3.30000000e+00  5.90361619e-07  3.30000000e+00  5.90361619e-07  0.00000000e+00  5.90361619e-07  1.46720110e-06 
 5.90861619e-07  3.30000000e+00  5.90861619e-07  3.30000000e+00  5.90861619e-07  0.00000000e+00  5.90861619e-07 -1.53284076e-06 
 5.91361619e-07  3.30000000e+00  5.91361619e-07  3.30000000e+00  5.91361619e-07  0.00000000e+00  5.91361619e-07  1.46886112e-06 
 5.91861619e-07  3.30000000e+00  5.91861619e-07  3.30000000e+00  5.91861619e-07  0.00000000e+00  5.91861619e-07 -1.53126130e-06 
 5.92361619e-07  3.30000000e+00  5.92361619e-07  3.30000000e+00  5.92361619e-07  0.00000000e+00  5.92361619e-07  1.47036570e-06 
 5.92861619e-07  3.30000000e+00  5.92861619e-07  3.30000000e+00  5.92861619e-07  0.00000000e+00  5.92861619e-07 -1.52982645e-06 
 5.93361619e-07  3.30000000e+00  5.93361619e-07  3.30000000e+00  5.93361619e-07  0.00000000e+00  5.93361619e-07  1.47173554e-06 
 5.93861619e-07  3.30000000e+00  5.93861619e-07  3.30000000e+00  5.93861619e-07  0.00000000e+00  5.93861619e-07 -1.52851734e-06 
 5.94361619e-07  3.30000000e+00  5.94361619e-07  3.30000000e+00  5.94361619e-07  0.00000000e+00  5.94361619e-07  1.47298783e-06 
 5.94861619e-07  3.30000000e+00  5.94861619e-07  3.30000000e+00  5.94861619e-07  0.00000000e+00  5.94861619e-07 -1.52731827e-06 
 5.95361619e-07  3.30000000e+00  5.95361619e-07  3.30000000e+00  5.95361619e-07  0.00000000e+00  5.95361619e-07  1.47413697e-06 
 5.95861619e-07  3.30000000e+00  5.95861619e-07  3.30000000e+00  5.95861619e-07  0.00000000e+00  5.95861619e-07 -1.52621602e-06 
 5.96361619e-07  3.30000000e+00  5.96361619e-07  3.30000000e+00  5.96361619e-07  0.00000000e+00  5.96361619e-07  1.47519512e-06 
 5.96861619e-07  3.30000000e+00  5.96861619e-07  3.30000000e+00  5.96861619e-07  0.00000000e+00  5.96861619e-07 -1.52519940e-06 
 5.97361619e-07  3.30000000e+00  5.97361619e-07  3.30000000e+00  5.97361619e-07  0.00000000e+00  5.97361619e-07  1.47617260e-06 
 5.97861619e-07  3.29999999e+00  5.97861619e-07  3.29999999e+00  5.97861619e-07  0.00000000e+00  5.97861619e-07 -1.52425886e-06 
 5.98361619e-07  3.29999999e+00  5.98361619e-07  3.29999999e+00  5.98361619e-07  0.00000000e+00  5.98361619e-07  1.47707823e-06 
 5.98861619e-07  3.29999999e+00  5.98861619e-07  3.29999999e+00  5.98861619e-07  0.00000000e+00  5.98861619e-07 -1.52338624e-06 
 5.99361619e-07  3.29999999e+00  5.99361619e-07  3.29999999e+00  5.99361619e-07  0.00000000e+00  5.99361619e-07  1.47791960e-06 
 5.99861619e-07  3.29999999e+00  5.99861619e-07  3.29999999e+00  5.99861619e-07  0.00000000e+00  5.99861619e-07 -1.52257448e-06 
 6.00000000e-07  3.29999999e+00  6.00000000e-07  3.29999999e+00  6.00000000e-07  0.00000000e+00  6.00000000e-07  1.47842614e-06 
 6.00050000e-07  3.29999999e+00  6.00050000e-07  3.29999999e+00  6.00050000e-07  0.00000000e+00  6.00050000e-07 -2.19816224e-08 
 6.00150000e-07  3.29999999e+00  6.00150000e-07  3.29999999e+00  6.00150000e-07  0.00000000e+00  6.00150000e-07 -2.19044781e-08 
 6.00350000e-07  3.29999999e+00  6.00350000e-07  3.29999999e+00  6.00350000e-07  0.00000000e+00  6.00350000e-07 -2.17519776e-08 
 6.00750000e-07  3.29999999e+00  6.00750000e-07  3.29999999e+00  6.00750000e-07  0.00000000e+00  6.00750000e-07 -2.14530963e-08 
 6.01250000e-07  3.29999999e+00  6.01250000e-07  3.29999999e+00  6.01250000e-07  0.00000000e+00  6.01250000e-07 -2.10907531e-08 
 6.01750000e-07  3.29999999e+00  6.01750000e-07  3.29999999e+00  6.01750000e-07  0.00000000e+00  6.01750000e-07 -2.07402421e-08 
 6.02250000e-07  3.29999999e+00  6.02250000e-07  3.29999999e+00  6.02250000e-07  0.00000000e+00  6.02250000e-07 -2.04010853e-08 
 6.02750000e-07  3.29999999e+00  6.02750000e-07  3.29999999e+00  6.02750000e-07  0.00000000e+00  6.02750000e-07 -2.00726526e-08 
 6.03250000e-07  3.29999999e+00  6.03250000e-07  3.29999999e+00  6.03250000e-07  0.00000000e+00  6.03250000e-07 -1.97545396e-08 
 6.03750000e-07  3.29999999e+00  6.03750000e-07  3.29999999e+00  6.03750000e-07  0.00000000e+00  6.03750000e-07 -1.94461767e-08 
 6.04250000e-07  3.29999999e+00  6.04250000e-07  3.29999999e+00  6.04250000e-07  0.00000000e+00  6.04250000e-07 -1.91472203e-08 
 6.04750000e-07  3.29999999e+00  6.04750000e-07  3.29999999e+00  6.04750000e-07  0.00000000e+00  6.04750000e-07 -1.88571542e-08 
 6.05250000e-07  3.29999999e+00  6.05250000e-07  3.29999999e+00  6.05250000e-07  0.00000000e+00  6.05250000e-07 -1.85756858e-08 
 6.05750000e-07  3.29999999e+00  6.05750000e-07  3.29999999e+00  6.05750000e-07  0.00000000e+00  6.05750000e-07 -1.83023452e-08 
 6.06250000e-07  3.29999999e+00  6.06250000e-07  3.29999999e+00  6.06250000e-07  0.00000000e+00  6.06250000e-07 -1.80368837e-08 
 6.06750000e-07  3.29999999e+00  6.06750000e-07  3.29999999e+00  6.06750000e-07  0.00000000e+00  6.06750000e-07 -1.77788717e-08 
 6.07250000e-07  3.29999999e+00  6.07250000e-07  3.29999999e+00  6.07250000e-07  0.00000000e+00  6.07250000e-07 -1.75280982e-08 
 6.07750000e-07  3.29999999e+00  6.07750000e-07  3.29999999e+00  6.07750000e-07  0.00000000e+00  6.07750000e-07 -1.72841686e-08 
 6.08250000e-07  3.29999999e+00  6.08250000e-07  3.29999999e+00  6.08250000e-07  0.00000000e+00  6.08250000e-07 -1.70469046e-08 
 6.08750000e-07  3.29999999e+00  6.08750000e-07  3.29999999e+00  6.08750000e-07  0.00000000e+00  6.08750000e-07 -1.68159422e-08 
 6.09250000e-07  3.29999999e+00  6.09250000e-07  3.29999999e+00  6.09250000e-07  0.00000000e+00  6.09250000e-07 -1.65911317e-08 
 6.09750000e-07  3.29999999e+00  6.09750000e-07  3.29999999e+00  6.09750000e-07  0.00000000e+00  6.09750000e-07 -1.63721355e-08 
 6.10250000e-07  3.29999999e+00  6.10250000e-07  3.29999999e+00  6.10250000e-07  0.00000000e+00  6.10250000e-07 -1.61588292e-08 
 6.10750000e-07  3.29999999e+00  6.10750000e-07  3.29999999e+00  6.10750000e-07  0.00000000e+00  6.10750000e-07 -1.59508985e-08 
 6.11250000e-07  3.29999999e+00  6.11250000e-07  3.29999999e+00  6.11250000e-07  0.00000000e+00  6.11250000e-07 -1.57482409e-08 
 6.11750000e-07  3.29999999e+00  6.11750000e-07  3.29999999e+00  6.11750000e-07  0.00000000e+00  6.11750000e-07 -1.55505628e-08 
 6.12250000e-07  3.29999999e+00  6.12250000e-07  3.29999999e+00  6.12250000e-07  0.00000000e+00  6.12250000e-07 -1.53577808e-08 
 6.12750000e-07  3.29999999e+00  6.12750000e-07  3.29999999e+00  6.12750000e-07  0.00000000e+00  6.12750000e-07 -1.51696197e-08 
 6.13250000e-07  3.29999999e+00  6.13250000e-07  3.29999999e+00  6.13250000e-07  0.00000000e+00  6.13250000e-07 -1.49860132e-08 
 6.13750000e-07  3.29999999e+00  6.13750000e-07  3.29999999e+00  6.13750000e-07  0.00000000e+00  6.13750000e-07 -1.48067020e-08 
 6.14250000e-07  3.29999999e+00  6.14250000e-07  3.29999999e+00  6.14250000e-07  0.00000000e+00  6.14250000e-07 -1.46316352e-08 
 6.14750000e-07  3.29999999e+00  6.14750000e-07  3.29999999e+00  6.14750000e-07  0.00000000e+00  6.14750000e-07 -1.44605677e-08 
 6.15250000e-07  3.29999999e+00  6.15250000e-07  3.29999999e+00  6.15250000e-07  0.00000000e+00  6.15250000e-07 -1.42934619e-08 
 6.15750000e-07  3.29999999e+00  6.15750000e-07  3.29999999e+00  6.15750000e-07  0.00000000e+00  6.15750000e-07 -1.41300857e-08 
 6.16250000e-07  3.29999999e+00  6.16250000e-07  3.29999999e+00  6.16250000e-07  0.00000000e+00  6.16250000e-07 -1.39704134e-08 
 6.16750000e-07  3.29999999e+00  6.16750000e-07  3.29999999e+00  6.16750000e-07  0.00000000e+00  6.16750000e-07 -1.38142241e-08 
 6.17250000e-07  3.29999999e+00  6.17250000e-07  3.29999999e+00  6.17250000e-07  0.00000000e+00  6.17250000e-07 -1.36615031e-08 
 6.17750000e-07  3.29999999e+00  6.17750000e-07  3.29999999e+00  6.17750000e-07  0.00000000e+00  6.17750000e-07 -1.35120395e-08 
 6.18250000e-07  3.29999999e+00  6.18250000e-07  3.29999999e+00  6.18250000e-07  0.00000000e+00  6.18250000e-07 -1.33658283e-08 
 6.18750000e-07  3.29999999e+00  6.18750000e-07  3.29999999e+00  6.18750000e-07  0.00000000e+00  6.18750000e-07 -1.32226676e-08 
 6.19250000e-07  3.29999999e+00  6.19250000e-07  3.29999999e+00  6.19250000e-07  0.00000000e+00  6.19250000e-07 -1.30825611e-08 
 6.19750000e-07  3.29999999e+00  6.19750000e-07  3.29999999e+00  6.19750000e-07  0.00000000e+00  6.19750000e-07 -1.29453152e-08 
 6.20000000e-07  3.29999999e+00  6.20000000e-07  3.29999999e+00  6.20000000e-07  0.00000000e+00  6.20000000e-07 -1.28777971e-08 
 6.20010000e-07  3.32180690e+00  6.20010000e-07  3.32181678e+00  6.20010000e-07  3.30000000e-01  6.20010000e-07  4.01841225e-04 
 6.20030000e-07  3.36309195e+00  6.20030000e-07  3.36312644e+00  6.20030000e-07  9.90000000e-01  6.20030000e-07  4.43900348e-04 
 6.20070000e-07  3.44259581e+00  6.20070000e-07  3.44265467e+00  6.20070000e-07  2.31000000e+00  6.20070000e-07  4.19777655e-04 
 6.20100000e-07  3.48071780e+00  6.20100000e-07  3.48104127e+00  6.20100000e-07  3.30000000e+00  6.20100000e-07  2.56680266e-04 
 6.20105705e-07  3.48030240e+00  6.20105705e-07  3.48064005e+00  6.20105705e-07  3.30000000e+00  6.20105705e-07 -6.38721794e-06 
 6.20117116e-07  3.47875110e+00  6.20117116e-07  3.47912454e+00  6.20117116e-07  3.30000000e+00  6.20117116e-07 -1.66259164e-05 
 6.20139937e-07  3.47181677e+00  6.20139937e-07  3.47230659e+00  6.20139937e-07  3.30000000e+00  6.20139937e-07 -2.57256725e-05 
 6.20185580e-07  3.45170302e+00  6.20185580e-07  3.45244060e+00  6.20185580e-07  3.30000000e+00  6.20185580e-07 -3.65265985e-05 
 6.20276865e-07  3.32050451e+00  6.20276865e-07  3.31870292e+00  6.20276865e-07  3.30000000e+00  6.20276865e-07 -5.07797794e-05 
 6.20366177e-07  3.03115956e+00  6.20366177e-07  3.01927997e+00  6.20366177e-07  3.30000000e+00  6.20366177e-07 -9.19193145e-05 
 6.20459951e-07  2.66521198e+00  6.20459951e-07  2.64682074e+00  6.20459951e-07  3.30000000e+00  6.20459951e-07 -6.39220326e-05 
 6.20575914e-07  2.27139090e+00  6.20575914e-07  2.24257389e+00  6.20575914e-07  3.30000000e+00  6.20575914e-07 -1.19938663e-04 
 6.20740297e-07  1.96294354e+00  6.20740297e-07  1.81758750e+00  6.20740297e-07  3.30000000e+00  6.20740297e-07 -1.75392270e-04 
 6.20939985e-07  2.40309990e+00  6.20939985e-07  1.13967366e+00  6.20939985e-07  3.30000000e+00  6.20939985e-07 -2.99898635e-04 
 6.21087689e-07  2.93231697e+00  6.21087689e-07  6.88090119e-01  6.21087689e-07  3.30000000e+00  6.21087689e-07 -1.82897175e-04 
 6.21240097e-07  3.20310339e+00  6.21240097e-07  4.27158505e-01  6.21240097e-07  3.30000000e+00  6.21240097e-07 -8.92948211e-05 
 6.21392911e-07  3.26410572e+00  6.21392911e-07  2.56798161e-01  6.21392911e-07  3.30000000e+00  6.21392911e-07 -1.88582179e-05 
 6.21560410e-07  3.28171430e+00  6.21560410e-07  1.54601640e-01  6.21560410e-07  3.30000000e+00  6.21560410e-07 -3.26062685e-05 
 6.21843053e-07  3.29269202e+00  6.21843053e-07  5.55406526e-02  6.21843053e-07  3.30000000e+00  6.21843053e-07  6.25656686e-06 
 6.22142560e-07  3.29784398e+00  6.22142560e-07  2.20023532e-02  6.22142560e-07  3.30000000e+00  6.22142560e-07 -1.57872670e-05 
 6.22642560e-07  3.29952279e+00  6.22642560e-07  3.69161530e-04  6.22642560e-07  3.30000000e+00  6.22642560e-07  1.28645997e-05 
 6.23142560e-07  3.30016159e+00  6.23142560e-07  1.74538080e-03  6.23142560e-07  3.30000000e+00  6.23142560e-07 -1.30535345e-05 
 6.23642560e-07  3.29984663e+00  6.23642560e-07 -1.38237512e-03  6.23642560e-07  3.30000000e+00  6.23642560e-07  1.29344791e-05 
 6.24142560e-07  3.30011959e+00  6.24142560e-07  1.29416694e-03  6.24142560e-07  3.30000000e+00  6.24142560e-07 -1.28556224e-05 
 6.24642560e-07  3.29990580e+00  6.24642560e-07 -1.18271889e-03  6.24642560e-07  3.30000000e+00  6.24642560e-07  1.27799204e-05 
 6.25142560e-07  3.30007175e+00  6.25142560e-07  1.10040912e-03  6.25142560e-07  3.30000000e+00  6.25142560e-07 -1.27110433e-05 
 6.25642560e-07  3.29994617e+00  6.25642560e-07 -1.01422998e-03  6.25642560e-07  3.30000000e+00  6.25642560e-07  1.26465303e-05 
 6.26142560e-07  3.30003820e+00  6.26142560e-07  9.50258496e-04  6.26142560e-07  3.30000000e+00  6.26142560e-07 -1.25871288e-05 
 6.26642560e-07  3.29997405e+00  6.26642560e-07 -8.81168585e-04  6.26642560e-07  3.30000000e+00  6.26642560e-07  1.25311367e-05 
 6.27142560e-07  3.30001521e+00  6.27142560e-07  8.30418418e-04  6.27142560e-07  3.30000000e+00  6.27142560e-07 -1.24793082e-05 
 6.27642560e-07  3.29999304e+00  6.27642560e-07 -7.73891877e-04  6.27642560e-07  3.30000000e+00  6.27642560e-07  1.24302488e-05 
 6.28142560e-07  3.29999965e+00  6.28142560e-07  7.32748595e-04  6.28142560e-07  3.30000000e+00  6.28142560e-07 -1.23846817e-05 
 6.28642560e-07  3.30000591e+00  6.28642560e-07 -6.85653107e-04  6.28642560e-07  3.30000000e+00  6.28642560e-07  1.23414318e-05 
 6.29142560e-07  3.29998921e+00  6.29142560e-07  6.51593358e-04  6.29142560e-07  3.30000000e+00  6.29142560e-07 -1.23011360e-05 
 6.29642560e-07  3.30001445e+00  6.29642560e-07 -6.11710923e-04  6.29642560e-07  3.30000000e+00  6.29642560e-07  1.22628325e-05 
 6.30142560e-07  3.29998226e+00  6.30142560e-07  5.83041549e-04  6.30142560e-07  3.30000000e+00  6.30142560e-07 -1.22270896e-05 
 6.30642560e-07  3.30002009e+00  6.30642560e-07 -5.48769709e-04  6.30642560e-07  3.30000000e+00  6.30642560e-07  1.21930471e-05 
 6.31142560e-07  3.29997772e+00  6.31142560e-07  5.24270799e-04  6.31142560e-07  3.30000000e+00  6.31142560e-07 -1.21612494e-05 
 6.31642560e-07  3.30002376e+00  6.31642560e-07 -4.94303557e-04  6.31642560e-07  3.30000000e+00  6.31642560e-07  1.21309372e-05 
 6.32142560e-07  3.29997482e+00  6.32142560e-07  4.73498951e-04  6.32142560e-07  3.30000000e+00  6.32142560e-07 -1.21025762e-05 
 6.32642560e-07  3.30002600e+00  6.32642560e-07 -4.47112000e-04  6.32642560e-07  3.30000000e+00  6.32642560e-07  1.20754668e-05 
 6.33142560e-07  3.29997309e+00  6.33142560e-07  4.28592188e-04  6.33142560e-07  3.30000000e+00  6.33142560e-07 -1.20501494e-05 
 6.33642560e-07  3.30002735e+00  6.33642560e-07 -4.05375620e-04  6.33642560e-07  3.30000000e+00  6.33642560e-07  1.20259432e-05 
 6.34142560e-07  3.29997211e+00  6.34142560e-07  3.89015161e-04  6.34142560e-07  3.30000000e+00  6.34142560e-07 -1.20033176e-05 
 6.34642560e-07  3.30002802e+00  6.34642560e-07 -3.68574325e-04  6.34642560e-07  3.30000000e+00  6.34642560e-07  1.19816378e-05 
 6.35142560e-07  3.29997171e+00  6.35142560e-07  3.53911534e-04  6.35142560e-07  3.30000000e+00  6.35142560e-07 -1.19613664e-05 
 6.35642560e-07  3.30002823e+00  6.35642560e-07 -3.35619931e-04  6.35642560e-07  3.30000000e+00  6.35642560e-07  1.19419448e-05 
 6.36142560e-07  3.29997169e+00  6.36142560e-07  3.22561204e-04  6.36142560e-07  3.30000000e+00  6.36142560e-07 -1.19237848e-05 
 6.36642560e-07  3.30002811e+00  6.36642560e-07 -3.06108986e-04  6.36642560e-07  3.30000000e+00  6.36642560e-07  1.19063699e-05 
 6.37142560e-07  3.29997194e+00  6.37142560e-07  2.94438932e-04  6.37142560e-07  3.30000000e+00  6.37142560e-07 -1.18900906e-05 
 6.37642560e-07  3.30002776e+00  6.37642560e-07 -2.79588353e-04  6.37642560e-07  3.30000000e+00  6.37642560e-07  1.18744647e-05 
 6.38142560e-07  3.29997238e+00  6.38142560e-07  2.69131663e-04  6.38142560e-07  3.30000000e+00  6.38142560e-07 -1.18598632e-05 
 6.38642560e-07  3.30002726e+00  6.38642560e-07 -2.55687037e-04  6.38642560e-07  3.30000000e+00  6.38642560e-07  1.18458349e-05 
 6.39142560e-07  3.29997295e+00  6.39142560e-07  2.46299070e-04  6.39142560e-07  3.30000000e+00  6.39142560e-07 -1.18327325e-05 
 6.39642560e-07  3.30002664e+00  6.39642560e-07 -2.34096642e-04  6.39642560e-07  3.30000000e+00  6.39642560e-07  1.18201323e-05 
 6.40142560e-07  3.29997362e+00  6.40142560e-07  2.25655934e-04  6.40142560e-07  3.30000000e+00  6.40142560e-07 -1.18083705e-05 
 6.40642560e-07  3.30002594e+00  6.40642560e-07 -2.14556749e-04  6.40642560e-07  3.30000000e+00  6.40642560e-07  1.17970483e-05 
 6.41142560e-07  3.29997436e+00  6.41142560e-07  2.06959736e-04  6.41142560e-07  3.30000000e+00  6.41142560e-07 -1.17864864e-05 
 6.41642560e-07  3.30002518e+00  6.41642560e-07 -1.96844491e-04  6.41642560e-07  3.30000000e+00  6.41642560e-07  1.17763083e-05 
 6.42142560e-07  3.29997514e+00  6.42142560e-07  1.90001751e-04  6.42142560e-07  3.30000000e+00  6.42142560e-07 -1.17668210e-05 
 6.42642560e-07  3.30002440e+00  6.42642560e-07 -1.80767010e-04  6.42642560e-07  3.30000000e+00  6.42642560e-07  1.17576680e-05 
 6.43142560e-07  3.29997594e+00  6.43142560e-07  1.74600541e-04  6.43142560e-07  3.30000000e+00  6.43142560e-07 -1.17491435e-05 
 6.43642560e-07  3.30002359e+00  6.43642560e-07 -1.66155908e-04  6.43642560e-07  3.30000000e+00  6.43642560e-07  1.17409093e-05 
 6.44142560e-07  3.29997676e+00  6.44142560e-07  1.60597118e-04  6.44142560e-07  3.30000000e+00  6.44142560e-07 -1.17332479e-05 
 6.44642560e-07  3.30002276e+00  6.44642560e-07 -1.52863087e-04  6.44642560e-07  3.30000000e+00  6.44642560e-07  1.17258375e-05 
 6.45142560e-07  3.29997759e+00  6.45142560e-07  1.47851276e-04  6.45142560e-07  3.30000000e+00  6.45142560e-07 -1.17189500e-05 
 6.45642560e-07  3.30002194e+00  6.45642560e-07 -1.40757556e-04  6.45642560e-07  3.30000000e+00  6.45642560e-07  1.17122785e-05 
 6.46142560e-07  3.29997842e+00  6.46142560e-07  1.36238752e-04  6.46142560e-07  3.30000000e+00  6.46142560e-07 -1.17060852e-05 
 6.46642560e-07  3.30002112e+00  6.46642560e-07 -1.29722941e-04  6.46642560e-07  3.30000000e+00  6.46642560e-07  1.17000765e-05 
 6.47142560e-07  3.29997924e+00  6.47142560e-07  1.25648971e-04  6.47142560e-07  3.30000000e+00  6.47142560e-07 -1.16945060e-05 
 6.47642560e-07  3.30002031e+00  6.47642560e-07 -1.19655488e-04  6.47642560e-07  3.30000000e+00  6.47642560e-07  1.16890922e-05 
 6.48142560e-07  3.29998005e+00  6.48142560e-07  1.15983239e-04  6.48142560e-07  3.30000000e+00  6.48142560e-07 -1.16840805e-05 
 6.48642560e-07  3.30001950e+00  6.48642560e-07 -1.10462445e-04  6.48642560e-07  3.30000000e+00  6.48642560e-07  1.16792008e-05 
 6.49142560e-07  3.29998085e+00  6.49142560e-07  1.07153250e-04  6.49142560e-07  3.30000000e+00  6.49142560e-07 -1.16746908e-05 
 6.49642560e-07  3.30001872e+00  6.49642560e-07 -1.02060716e-04  6.49642560e-07  3.30000000e+00  6.49642560e-07  1.16702905e-05 
 6.50142560e-07  3.29998163e+00  6.50142560e-07  9.90798383e-05  6.50142560e-07  3.30000000e+00  6.50142560e-07 -1.16662308e-05 
 6.50642560e-07  3.30001795e+00  6.50642560e-07 -9.43757235e-05  6.50642560e-07  3.30000000e+00  6.50642560e-07  1.16622612e-05 
 6.51142560e-07  3.29998239e+00  6.51142560e-07  9.16919208e-05  6.51142560e-07  3.30000000e+00  6.51142560e-07 -1.16586059e-05 
 6.51642560e-07  3.30001720e+00  6.51642560e-07 -8.73404476e-05  6.51642560e-07  3.30000000e+00  6.51642560e-07  1.16550230e-05 
 6.52142560e-07  3.29998314e+00  6.52142560e-07  8.49255927e-05  6.52142560e-07  3.30000000e+00  6.52142560e-07 -1.16517310e-05 
 6.52642560e-07  3.30001646e+00  6.52642560e-07 -8.08945880e-05  6.52642560e-07  3.30000000e+00  6.52642560e-07  1.16484957e-05 
 6.53142560e-07  3.29998386e+00  6.53142560e-07  7.87233404e-05  6.53142560e-07  3.30000000e+00  6.53142560e-07 -1.16455300e-05 
 6.53642560e-07  3.30001575e+00  6.53642560e-07 -7.49838391e-05  6.53642560e-07  3.30000000e+00  6.53642560e-07  1.16426069e-05 
 6.54142560e-07  3.29998456e+00  6.54142560e-07  7.30333551e-05  6.54142560e-07  3.30000000e+00  6.54142560e-07 -1.16399346e-05 
 6.54642560e-07  3.30001507e+00  6.54642560e-07 -6.95592533e-05  6.54642560e-07  3.30000000e+00  6.54642560e-07  1.16372922e-05 
 6.55142560e-07  3.29998524e+00  6.55142560e-07  6.78089300e-05  6.55142560e-07  3.30000000e+00  6.55142560e-07 -1.16348834e-05 
 6.55642560e-07  3.30001440e+00  6.55642560e-07 -6.45766799e-05  6.55642560e-07  3.30000000e+00  6.55642560e-07  1.16324935e-05 
 6.56142560e-07  3.29998590e+00  6.56142560e-07  6.30079275e-05  6.56142560e-07  3.30000000e+00  6.56142560e-07 -1.16303217e-05 
 6.56642560e-07  3.30001376e+00  6.56642560e-07 -5.99962683e-05  6.56642560e-07  3.30000000e+00  6.56642560e-07  1.16281587e-05 
 6.57142560e-07  3.29998653e+00  6.57142560e-07  5.85923071e-05  6.57142560e-07  3.30000000e+00  6.57142560e-07 -1.16262000e-05 
 6.57642560e-07  3.30001313e+00  6.57642560e-07 -5.57820263e-05  6.57642560e-07  3.30000000e+00  6.57642560e-07  1.16242413e-05 
 6.58142560e-07  3.29998714e+00  6.58142560e-07  5.45277054e-05  6.58142560e-07  3.30000000e+00  6.58142560e-07 -1.16224743e-05 
 6.58642560e-07  3.30001254e+00  6.58642560e-07 -5.19014275e-05  6.58642560e-07  3.30000000e+00  6.58642560e-07  1.16206993e-05 
 6.59142560e-07  3.29998773e+00  6.59142560e-07  5.07830619e-05  6.59142560e-07  3.30000000e+00  6.59142560e-07 -1.16191048e-05 
 6.59642560e-07  3.30001196e+00  6.59642560e-07 -4.83250602e-05  6.59642560e-07  3.30000000e+00  6.59642560e-07  1.16174952e-05 
 6.60142560e-07  3.29998829e+00  6.60142560e-07  4.73302850e-05  6.60142560e-07  3.30000000e+00  6.60142560e-07 -1.16160559e-05 
 6.60642560e-07  3.30001141e+00  6.60642560e-07 -4.50263138e-05  6.60642560e-07  3.30000000e+00  6.60642560e-07  1.16145953e-05 
 6.61142560e-07  3.29998884e+00  6.61142560e-07  4.41439530e-05  6.61142560e-07  3.30000000e+00  6.61142560e-07 -1.16132957e-05 
 6.61642560e-07  3.30001087e+00  6.61642560e-07 -4.19810981e-05  6.61642560e-07  3.30000000e+00  6.61642560e-07  1.16119692e-05 
 6.62142560e-07  3.29998936e+00  6.62142560e-07  4.12010471e-05  6.62142560e-07  3.30000000e+00  6.62142560e-07 -1.16107955e-05 
 6.62642560e-07  3.30001036e+00  6.62642560e-07 -3.91675924e-05  6.62642560e-07  3.30000000e+00  6.62642560e-07  1.16095899e-05 
 6.63142560e-07  3.29998986e+00  6.63142560e-07  3.84807116e-05  6.63142560e-07  3.30000000e+00  6.63142560e-07 -1.16085295e-05 
 6.63642560e-07  3.30000987e+00  6.63642560e-07 -3.65660194e-05  6.63642560e-07  3.30000000e+00  6.63642560e-07  1.16074328e-05 
 6.64142560e-07  3.29999034e+00  6.64142560e-07  3.59640394e-05  6.64142560e-07  3.30000000e+00  6.64142560e-07 -1.16064746e-05 
 6.64642560e-07  3.30000941e+00  6.64642560e-07 -3.41584437e-05  6.64642560e-07  3.30000000e+00  6.64642560e-07  1.16054762e-05 
 6.65142560e-07  3.29999080e+00  6.65142560e-07  3.36338792e-05  6.65142560e-07  3.30000000e+00  6.65142560e-07 -1.16046100e-05 
 6.65642560e-07  3.30000896e+00  6.65642560e-07 -3.19285898e-05  6.65642560e-07  3.30000000e+00  6.65642560e-07  1.16037002e-05 
 6.66142560e-07  3.29999124e+00  6.66142560e-07  3.14746628e-05  6.66142560e-07  3.30000000e+00  6.66142560e-07 -1.16029171e-05 
 6.66642560e-07  3.30000853e+00  6.66642560e-07 -2.98616796e-05  6.66642560e-07  3.30000000e+00  6.66642560e-07  1.16020872e-05 
 6.67142560e-07  3.29999166e+00  6.67142560e-07  2.94722497e-05  6.67142560e-07  3.30000000e+00  6.67142560e-07 -1.16013791e-05 
 6.67642560e-07  3.30000811e+00  6.67642560e-07 -2.79442859e-05  6.67642560e-07  3.30000000e+00  6.67642560e-07  1.16006214e-05 
 6.68142560e-07  3.29999207e+00  6.68142560e-07  2.76137878e-05  6.68142560e-07  3.30000000e+00  6.68142560e-07 -1.15999809e-05 
 6.68642560e-07  3.30000772e+00  6.68642560e-07 -2.61642008e-05  6.68642560e-07  3.30000000e+00  6.68642560e-07  1.15992883e-05 
 6.69142560e-07  3.29999245e+00  6.69142560e-07  2.58875883e-05  6.69142560e-07  3.30000000e+00  6.69142560e-07 -1.15987089e-05 
 6.69642560e-07  3.30000735e+00  6.69642560e-07 -2.45103178e-05  6.69642560e-07  3.30000000e+00  6.69642560e-07  1.15980752e-05 
 6.70100000e-07  3.29999283e+00  6.70100000e-07  2.42249566e-05  6.70100000e-07  3.30000000e+00  6.70100000e-07 -1.15974988e-05 
 6.70110000e-07  3.29714847e+00  6.70110000e-07 -2.86253569e-03  6.70110000e-07  2.97000000e+00  6.70110000e-07 -2.79999742e-04 
 6.70130000e-07  3.27865251e+00  6.70130000e-07 -1.86085146e-02  6.70130000e-07  2.31000000e+00  6.70130000e-07 -3.61781928e-04 
 6.70170000e-07  3.24827702e+00  6.70170000e-07 -1.65548092e-02  6.70170000e-07  9.90000000e-01  6.70170000e-07 -7.85007161e-04 
 6.70200000e-07  3.25957461e+00  6.70200000e-07  6.00067896e-02  6.70200000e-07  1.28119737e-12  6.70200000e-07 -1.14523936e-03 
 6.70204714e-07  3.27074718e+00  6.70204714e-07  8.33764558e-02  6.70204714e-07  0.00000000e+00  6.70204714e-07 -7.97848605e-04 
 6.70214142e-07  3.29075965e+00  6.70214142e-07  1.28388124e-01  6.70214142e-07  0.00000000e+00  6.70214142e-07 -7.85722100e-04 
 6.70232998e-07  3.32124868e+00  6.70232998e-07  2.10908390e-01  6.70232998e-07  0.00000000e+00  6.70232998e-07 -7.67368388e-04 
 6.70270710e-07  3.35771213e+00  6.70270710e-07  3.65533243e-01  6.70270710e-07  0.00000000e+00  6.70270710e-07 -7.32689306e-04 
 6.70346134e-07  3.39455215e+00  6.70346134e-07  6.92329362e-01  6.70346134e-07  0.00000000e+00  6.70346134e-07 -6.91083535e-04 
 6.70467243e-07  3.47061704e+00  6.70467243e-07  1.42654372e+00  6.70467243e-07  0.00000000e+00  6.70467243e-07 -5.10263866e-04 
 6.70593106e-07  3.50187570e+00  6.70593106e-07  2.16593284e+00  6.70593106e-07  0.00000000e+00  6.70593106e-07 -2.46769345e-04 
 6.70727791e-07  3.43396109e+00  6.70727791e-07  2.66968077e+00  6.70727791e-07  0.00000000e+00  6.70727791e-07 -8.28114632e-05 
 6.70858859e-07  3.39010880e+00  6.70858859e-07  2.98480030e+00  6.70858859e-07  0.00000000e+00  6.70858859e-07 -3.90011817e-05 
 6.70999054e-07  3.34642241e+00  6.70999054e-07  3.16509719e+00  6.70999054e-07  0.00000000e+00  6.70999054e-07 -1.41821822e-05 
 6.71200273e-07  3.31588991e+00  6.71200273e-07  3.26520635e+00  6.71200273e-07  0.00000000e+00  6.71200273e-07 -5.94730290e-06 
 6.71434832e-07  3.30382172e+00  6.71434832e-07  3.29365771e+00  6.71434832e-07  0.00000000e+00  6.71434832e-07  8.38536297e-07 
 6.71873580e-07  3.29965082e+00  6.71873580e-07  3.30079488e+00  6.71873580e-07  0.00000000e+00  6.71873580e-07 -2.31188598e-06 
 6.72373580e-07  3.30004535e+00  6.72373580e-07  3.29984258e+00  6.72373580e-07  0.00000000e+00  6.72373580e-07  1.54750027e-06 
 6.72873580e-07  3.30000322e+00  6.72873580e-07  3.30004128e+00  6.72873580e-07  0.00000000e+00  6.72873580e-07 -2.20647469e-06 
 6.73373580e-07  3.29999800e+00  6.73373580e-07  3.29999071e+00  6.73373580e-07  0.00000000e+00  6.73373580e-07  1.68975717e-06 
 6.73873580e-07  3.30000179e+00  6.73873580e-07  3.30000257e+00  6.73873580e-07  0.00000000e+00  6.73873580e-07 -2.13365331e-06 
 6.74373580e-07  3.29999985e+00  6.74373580e-07  3.29999978e+00  6.74373580e-07  0.00000000e+00  6.74373580e-07  1.75350339e-06 
 6.74873580e-07  3.30000054e+00  6.74873580e-07  3.30000041e+00  6.74873580e-07  0.00000000e+00  6.74873580e-07 -2.08874045e-06 
 6.75373580e-07  3.30000013e+00  6.75373580e-07  3.30000018e+00  6.75373580e-07  0.00000000e+00  6.75373580e-07  1.79071332e-06 
 6.75873580e-07  3.30000026e+00  6.75873580e-07  3.30000019e+00  6.75873580e-07  0.00000000e+00  6.75873580e-07 -2.05960530e-06 
 6.76373580e-07  3.30000013e+00  6.76373580e-07  3.30000014e+00  6.76373580e-07  0.00000000e+00  6.76373580e-07  1.81528521e-06 
 6.76873580e-07  3.30000016e+00  6.76873580e-07  3.30000012e+00  6.76873580e-07  0.00000000e+00  6.76873580e-07 -2.03935409e-06 
 6.77373580e-07  3.30000010e+00  6.77373580e-07  3.30000010e+00  6.77373580e-07  0.00000000e+00  6.77373580e-07  1.83270869e-06 
 6.77873580e-07  3.30000011e+00  6.77873580e-07  3.30000009e+00  6.77873580e-07  0.00000000e+00  6.77873580e-07 -2.02451150e-06 
 6.78373580e-07  3.30000008e+00  6.78373580e-07  3.30000008e+00  6.78373580e-07  0.00000000e+00  6.78373580e-07  1.84569085e-06 
 6.78873580e-07  3.30000008e+00  6.78873580e-07  3.30000007e+00  6.78873580e-07  0.00000000e+00  6.78873580e-07 -2.01319054e-06 
 6.79373580e-07  3.30000006e+00  6.79373580e-07  3.30000006e+00  6.79373580e-07  0.00000000e+00  6.79373580e-07  1.85572852e-06 
 6.79873580e-07  3.30000006e+00  6.79873580e-07  3.30000005e+00  6.79873580e-07  0.00000000e+00  6.79873580e-07 -2.00428474e-06 
 6.80373580e-07  3.30000005e+00  6.80373580e-07  3.30000004e+00  6.80373580e-07  0.00000000e+00  6.80373580e-07  1.86371598e-06 
 6.80873580e-07  3.30000005e+00  6.80873580e-07  3.30000004e+00  6.80873580e-07  0.00000000e+00  6.80873580e-07 -1.99710407e-06 
 6.81373580e-07  3.30000004e+00  6.81373580e-07  3.30000003e+00  6.81373580e-07  0.00000000e+00  6.81373580e-07  1.87021938e-06 
 6.81873580e-07  3.30000004e+00  6.81873580e-07  3.30000003e+00  6.81873580e-07  0.00000000e+00  6.81873580e-07 -1.99119660e-06 
 6.82373580e-07  3.30000003e+00  6.82373580e-07  3.30000003e+00  6.82373580e-07  0.00000000e+00  6.82373580e-07  1.87561448e-06 
 6.82873580e-07  3.30000003e+00  6.82873580e-07  3.30000002e+00  6.82873580e-07  0.00000000e+00  6.82873580e-07 -1.98625447e-06 
 6.83373580e-07  3.30000002e+00  6.83373580e-07  3.30000002e+00  6.83373580e-07  0.00000000e+00  6.83373580e-07  1.88016037e-06 
 6.83873580e-07  3.30000002e+00  6.83873580e-07  3.30000002e+00  6.83873580e-07  0.00000000e+00  6.83873580e-07 -1.98206105e-06 
 6.84373580e-07  3.30000002e+00  6.84373580e-07  3.30000002e+00  6.84373580e-07  0.00000000e+00  6.84373580e-07  1.88404146e-06 
 6.84873580e-07  3.30000002e+00  6.84873580e-07  3.30000001e+00  6.84873580e-07  0.00000000e+00  6.84873580e-07 -1.97845963e-06 
 6.85373580e-07  3.30000001e+00  6.85373580e-07  3.30000001e+00  6.85373580e-07  0.00000000e+00  6.85373580e-07  1.88739256e-06 
 6.85873580e-07  3.30000001e+00  6.85873580e-07  3.30000001e+00  6.85873580e-07  0.00000000e+00  6.85873580e-07 -1.97533414e-06 
 6.86373580e-07  3.30000001e+00  6.86373580e-07  3.30000001e+00  6.86373580e-07  0.00000000e+00  6.86373580e-07  1.89031448e-06 
 6.86873580e-07  3.30000001e+00  6.86873580e-07  3.30000001e+00  6.86873580e-07  0.00000000e+00  6.86873580e-07 -1.97259682e-06 
 6.87373580e-07  3.30000001e+00  6.87373580e-07  3.30000001e+00  6.87373580e-07  0.00000000e+00  6.87373580e-07  1.89288407e-06 
 6.87873580e-07  3.30000001e+00  6.87873580e-07  3.30000000e+00  6.87873580e-07  0.00000000e+00  6.87873580e-07 -1.97018017e-06 
 6.88373580e-07  3.30000001e+00  6.88373580e-07  3.30000000e+00  6.88373580e-07  0.00000000e+00  6.88373580e-07  1.89516097e-06 
 6.88873580e-07  3.30000001e+00  6.88873580e-07  3.30000000e+00  6.88873580e-07  0.00000000e+00  6.88873580e-07 -1.96803137e-06 
 6.89373580e-07  3.30000000e+00  6.89373580e-07  3.30000000e+00  6.89373580e-07  0.00000000e+00  6.89373580e-07  1.89719211e-06 
 6.89873580e-07  3.30000000e+00  6.89873580e-07  3.30000000e+00  6.89873580e-07  0.00000000e+00  6.89873580e-07 -1.96610857e-06 
 6.90373580e-07  3.30000000e+00  6.90373580e-07  3.30000000e+00  6.90373580e-07  0.00000000e+00  6.90373580e-07  1.89901495e-06 
 6.90873580e-07  3.30000000e+00  6.90873580e-07  3.30000000e+00  6.90873580e-07  0.00000000e+00  6.90873580e-07 -1.96437816e-06 
 6.91373580e-07  3.30000000e+00  6.91373580e-07  3.30000000e+00  6.91373580e-07  0.00000000e+00  6.91373580e-07  1.90065973e-06 
 6.91873580e-07  3.30000000e+00  6.91873580e-07  3.30000000e+00  6.91873580e-07  0.00000000e+00  6.91873580e-07 -1.96281284e-06 
 6.92373580e-07  3.30000000e+00  6.92373580e-07  3.30000000e+00  6.92373580e-07  0.00000000e+00  6.92373580e-07  1.90215115e-06 
 6.92873580e-07  3.30000000e+00  6.92873580e-07  3.30000000e+00  6.92873580e-07  0.00000000e+00  6.92873580e-07 -1.96139025e-06 
 6.93373580e-07  3.30000000e+00  6.93373580e-07  3.30000000e+00  6.93373580e-07  0.00000000e+00  6.93373580e-07  1.90350954e-06 
 6.93873580e-07  3.30000000e+00  6.93873580e-07  3.30000000e+00  6.93873580e-07  0.00000000e+00  6.93873580e-07 -1.96009185e-06 
 6.94373580e-07  3.30000000e+00  6.94373580e-07  3.30000000e+00  6.94373580e-07  0.00000000e+00  6.94373580e-07  1.90475181e-06 
 6.94873580e-07  3.30000000e+00  6.94873580e-07  3.30000000e+00  6.94873580e-07  0.00000000e+00  6.94873580e-07 -1.95890217e-06 
 6.95373580e-07  3.30000000e+00  6.95373580e-07  3.30000000e+00  6.95373580e-07  0.00000000e+00  6.95373580e-07  1.90589214e-06 
 6.95873580e-07  3.30000000e+00  6.95873580e-07  3.30000000e+00  6.95873580e-07  0.00000000e+00  6.95873580e-07 -1.95780821e-06 
 6.96373580e-07  3.30000000e+00  6.96373580e-07  3.30000000e+00  6.96373580e-07  0.00000000e+00  6.96373580e-07  1.90694249e-06 
 6.96873580e-07  3.30000000e+00  6.96873580e-07  3.29999999e+00  6.96873580e-07  0.00000000e+00  6.96873580e-07 -1.95679893e-06 
 6.97373580e-07  3.30000000e+00  6.97373580e-07  3.29999999e+00  6.97373580e-07  0.00000000e+00  6.97373580e-07  1.90791305e-06 
 6.97873580e-07  3.30000000e+00  6.97873580e-07  3.29999999e+00  6.97873580e-07  0.00000000e+00  6.97873580e-07 -1.95586493e-06 
 6.98373580e-07  3.30000000e+00  6.98373580e-07  3.29999999e+00  6.98373580e-07  0.00000000e+00  6.98373580e-07  1.90881249e-06 
 6.98873580e-07  3.29999999e+00  6.98873580e-07  3.29999999e+00  6.98873580e-07  0.00000000e+00  6.98873580e-07 -1.95499816e-06 
 6.99373580e-07  3.29999999e+00  6.99373580e-07  3.29999999e+00  6.99373580e-07  0.00000000e+00  6.99373580e-07  1.90964833e-06 
 6.99873580e-07  3.29999999e+00  6.99873580e-07  3.29999999e+00  6.99873580e-07  0.00000000e+00  6.99873580e-07 -1.95419166e-06 
 7.00000000e-07  3.29999999e+00  7.00000000e-07  3.29999999e+00  7.00000000e-07  0.00000000e+00  7.00000000e-07  1.91014240e-06 
 7.00050000e-07  3.29999999e+00  7.00050000e-07  3.29999999e+00  7.00050000e-07  0.00000000e+00  7.00050000e-07 -2.19372465e-08 
 7.00150000e-07  3.29999999e+00  7.00150000e-07  3.29999999e+00  7.00150000e-07  0.00000000e+00  7.00150000e-07 -2.18605258e-08 
 7.00350000e-07  3.29999999e+00  7.00350000e-07  3.29999999e+00  7.00350000e-07  0.00000000e+00  7.00350000e-07 -2.17088575e-08 
 7.00750000e-07  3.29999999e+00  7.00750000e-07  3.29999999e+00  7.00750000e-07  0.00000000e+00  7.00750000e-07 -2.14115910e-08 
 7.01250000e-07  3.29999999e+00  7.01250000e-07  3.29999999e+00  7.01250000e-07  0.00000000e+00  7.01250000e-07 -2.10511763e-08 
 7.01750000e-07  3.29999999e+00  7.01750000e-07  3.29999999e+00  7.01750000e-07  0.00000000e+00  7.01750000e-07 -2.07025005e-08 
 7.02250000e-07  3.29999999e+00  7.02250000e-07  3.29999999e+00  7.02250000e-07  0.00000000e+00  7.02250000e-07 -2.03650911e-08 
 7.02750000e-07  3.29999999e+00  7.02750000e-07  3.29999999e+00  7.02750000e-07  0.00000000e+00  7.02750000e-07 -2.00383239e-08 
 7.03250000e-07  3.29999999e+00  7.03250000e-07  3.29999999e+00  7.03250000e-07  0.00000000e+00  7.03250000e-07 -1.97217989e-08 
 7.03750000e-07  3.29999999e+00  7.03750000e-07  3.29999999e+00  7.03750000e-07  0.00000000e+00  7.03750000e-07 -1.94149520e-08 
 7.04250000e-07  3.29999999e+00  7.04250000e-07  3.29999999e+00  7.04250000e-07  0.00000000e+00  7.04250000e-07 -1.91174430e-08 
 7.04750000e-07  3.29999999e+00  7.04750000e-07  3.29999999e+00  7.04750000e-07  0.00000000e+00  7.04750000e-07 -1.88287605e-08 
 7.05250000e-07  3.29999999e+00  7.05250000e-07  3.29999999e+00  7.05250000e-07  0.00000000e+00  7.05250000e-07 -1.85486150e-08 
 7.05750000e-07  3.29999999e+00  7.05750000e-07  3.29999999e+00  7.05750000e-07  0.00000000e+00  7.05750000e-07 -1.82765406e-08 
 7.06250000e-07  3.29999999e+00  7.06250000e-07  3.29999999e+00  7.06250000e-07  0.00000000e+00  7.06250000e-07 -1.80122913e-08 
 7.06750000e-07  3.29999999e+00  7.06750000e-07  3.29999999e+00  7.06750000e-07  0.00000000e+00  7.06750000e-07 -1.77554409e-08 
 7.07250000e-07  3.29999999e+00  7.07250000e-07  3.29999999e+00  7.07250000e-07  0.00000000e+00  7.07250000e-07 -1.75057808e-08 
 7.07750000e-07  3.29999999e+00  7.07750000e-07  3.29999999e+00  7.07750000e-07  0.00000000e+00  7.07750000e-07 -1.72629194e-08 
 7.08250000e-07  3.29999999e+00  7.08250000e-07  3.29999999e+00  7.08250000e-07  0.00000000e+00  7.08250000e-07 -1.70266804e-08 
 7.08750000e-07  3.29999999e+00  7.08750000e-07  3.29999999e+00  7.08750000e-07  0.00000000e+00  7.08750000e-07 -1.67967026e-08 
 7.09250000e-07  3.29999999e+00  7.09250000e-07  3.29999999e+00  7.09250000e-07  0.00000000e+00  7.09250000e-07 -1.65728377e-08 
 7.09750000e-07  3.29999999e+00  7.09750000e-07  3.29999999e+00  7.09750000e-07  0.00000000e+00  7.09750000e-07 -1.63547509e-08 
 7.10250000e-07  3.29999999e+00  7.10250000e-07  3.29999999e+00  7.10250000e-07  0.00000000e+00  7.10250000e-07 -1.61423188e-08 
 7.10750000e-07  3.29999999e+00  7.10750000e-07  3.29999999e+00  7.10750000e-07  0.00000000e+00  7.10750000e-07 -1.59352297e-08 
 7.11250000e-07  3.29999999e+00  7.11250000e-07  3.29999999e+00  7.11250000e-07  0.00000000e+00  7.11250000e-07 -1.57333819e-08 
 7.11750000e-07  3.29999999e+00  7.11750000e-07  3.29999999e+00  7.11750000e-07  0.00000000e+00  7.11750000e-07 -1.55364840e-08 
 7.12250000e-07  3.29999999e+00  7.12250000e-07  3.29999999e+00  7.12250000e-07  0.00000000e+00  7.12250000e-07 -1.53444536e-08 
 7.12750000e-07  3.29999999e+00  7.12750000e-07  3.29999999e+00  7.12750000e-07  0.00000000e+00  7.12750000e-07 -1.51570173e-08 
 7.13250000e-07  3.29999999e+00  7.13250000e-07  3.29999999e+00  7.13250000e-07  0.00000000e+00  7.13250000e-07 -1.49741095e-08 
 7.13750000e-07  3.29999999e+00  7.13750000e-07  3.29999999e+00  7.13750000e-07  0.00000000e+00  7.13750000e-07 -1.47954729e-08 
 7.14250000e-07  3.29999999e+00  7.14250000e-07  3.29999999e+00  7.14250000e-07  0.00000000e+00  7.14250000e-07 -1.46210567e-08 
 7.14750000e-07  3.29999999e+00  7.14750000e-07  3.29999999e+00  7.14750000e-07  0.00000000e+00  7.14750000e-07 -1.44506178e-08 
 7.15250000e-07  3.29999999e+00  7.15250000e-07  3.29999999e+00  7.15250000e-07  0.00000000e+00  7.15250000e-07 -1.42841190e-08 
 7.15750000e-07  3.29999999e+00  7.15750000e-07  3.29999999e+00  7.15750000e-07  0.00000000e+00  7.15750000e-07 -1.41213296e-08 
 7.16250000e-07  3.29999999e+00  7.16250000e-07  3.29999999e+00  7.16250000e-07  0.00000000e+00  7.16250000e-07 -1.39622243e-08 
 7.16750000e-07  3.29999999e+00  7.16750000e-07  3.29999999e+00  7.16750000e-07  0.00000000e+00  7.16750000e-07 -1.38065837e-08 
 7.17250000e-07  3.29999999e+00  7.17250000e-07  3.29999999e+00  7.17250000e-07  0.00000000e+00  7.17250000e-07 -1.36543931e-08 
 7.17750000e-07  3.29999999e+00  7.17750000e-07  3.29999999e+00  7.17750000e-07  0.00000000e+00  7.17750000e-07 -1.35054432e-08 
 7.18250000e-07  3.29999999e+00  7.18250000e-07  3.29999999e+00  7.18250000e-07  0.00000000e+00  7.18250000e-07 -1.33597289e-08 
 7.18750000e-07  3.29999999e+00  7.18750000e-07  3.29999999e+00  7.18750000e-07  0.00000000e+00  7.18750000e-07 -1.32170499e-08 
 7.19250000e-07  3.29999999e+00  7.19250000e-07  3.29999999e+00  7.19250000e-07  0.00000000e+00  7.19250000e-07 -1.30774096e-08 
 7.19750000e-07  3.29999999e+00  7.19750000e-07  3.29999999e+00  7.19750000e-07  0.00000000e+00  7.19750000e-07 -1.29406159e-08 
 7.20000000e-07  3.29999999e+00  7.20000000e-07  3.29999999e+00  7.20000000e-07  0.00000000e+00  7.20000000e-07 -1.28733184e-08 
 7.20010000e-07  3.32180685e+00  7.20010000e-07  3.32181683e+00  7.20010000e-07  3.30000000e-01  7.20010000e-07  4.01841254e-04 
 7.20030000e-07  3.36309183e+00  7.20030000e-07  3.36312656e+00  7.20030000e-07  9.90000000e-01  7.20030000e-07  4.43900412e-04 
 7.20070000e-07  3.44259834e+00  7.20070000e-07  3.44265180e+00  7.20070000e-07  2.31000000e+00  7.20070000e-07  4.19775886e-04 
 7.20100000e-07  3.48070500e+00  7.20100000e-07  3.48105380e+00  7.20100000e-07  3.30000000e+00  7.20100000e-07  2.56680883e-04 
 7.20105707e-07  3.48027426e+00  7.20105707e-07  3.48066787e+00  7.20105707e-07  3.30000000e+00  7.20105707e-07 -6.38502984e-06 
 7.20117120e-07  3.47868159e+00  7.20117120e-07  3.47919281e+00  7.20117120e-07  3.30000000e+00  7.20117120e-07 -1.66251996e-05 
 7.20139947e-07  3.47162155e+00  7.20139947e-07  3.47249546e+00  7.20139947e-07  3.30000000e+00  7.20139947e-07 -2.57259677e-05 
 7.20185600e-07  3.45126377e+00  7.20185600e-07  3.45286503e+00  7.20185600e-07  3.30000000e+00  7.20185600e-07 -3.65252671e-05 
 7.20276906e-07  3.32314234e+00  7.20276906e-07  3.31567676e+00  7.20276906e-07  3.30000000e+00  7.20276906e-07 -5.08284213e-05 
 7.20363978e-07  3.05301858e+00  7.20363978e-07  3.01325054e+00  7.20363978e-07  3.30000000e+00  7.20363978e-07 -9.17115958e-05 
 7.20455864e-07  2.70175594e+00  7.20455864e-07  2.64155320e+00  7.20455864e-07  3.30000000e+00  7.20455864e-07 -6.40121195e-05 
 7.20569222e-07  2.32224228e+00  7.20569222e-07  2.23373223e+00  7.20569222e-07  3.30000000e+00  7.20569222e-07 -1.16679683e-04 
 7.20728359e-07  2.09474901e+00  7.20728359e-07  1.73149769e+00  7.20728359e-07  3.30000000e+00  7.20728359e-07 -1.73933040e-04 
 7.20904376e-07  2.53507968e+00  7.20904376e-07  1.07467831e+00  7.20904376e-07  3.30000000e+00  7.20904376e-07 -2.90028890e-04 
 7.21029362e-07  2.95510824e+00  7.21029362e-07  7.01783151e-01  7.21029362e-07  3.30000000e+00  7.21029362e-07 -1.76523704e-04 
 7.21183529e-07  3.20602355e+00  7.21183529e-07  4.29611817e-01  7.21183529e-07  3.30000000e+00  7.21183529e-07 -8.56423413e-05 
 7.21327282e-07  3.26177806e+00  7.21327282e-07  2.66780355e-01  7.21327282e-07  3.30000000e+00  7.21327282e-07 -2.27593348e-05 
 7.21497492e-07  3.28115815e+00  7.21497492e-07  1.58469881e-01  7.21497492e-07  3.30000000e+00  7.21497492e-07 -3.10829912e-05 
 7.21781442e-07  3.29257130e+00  7.21781442e-07  5.71728663e-02  7.21781442e-07  3.30000000e+00  7.21781442e-07  4.12280557e-06 
 7.22084112e-07  3.29777792e+00  7.22084112e-07  2.19595088e-02  7.22084112e-07  3.30000000e+00  7.22084112e-07 -1.38885855e-05 
 7.22584112e-07  3.29955858e+00  7.22584112e-07  6.07067845e-04  7.22584112e-07  3.30000000e+00  7.22584112e-07  1.09570254e-05 
 7.23084112e-07  3.30012631e+00  7.23084112e-07  1.54556190e-03  7.23084112e-07  3.30000000e+00  7.23084112e-07 -1.11657983e-05 
 7.23584112e-07  3.29987838e+00  7.23584112e-07 -1.20002958e-03  7.23584112e-07  3.30000000e+00  7.23584112e-07  1.10618216e-05 
 7.24084112e-07  3.30009126e+00  7.24084112e-07  1.12646432e-03  7.24084112e-07  3.30000000e+00  7.24084112e-07 -1.09965806e-05 
 7.24584112e-07  3.29993100e+00  7.24584112e-07 -1.02990883e-03  7.24584112e-07  3.30000000e+00  7.24584112e-07  1.09333250e-05 
 7.25084112e-07  3.30004946e+00  7.25084112e-07  9.58771026e-04  7.25084112e-07  3.30000000e+00  7.25084112e-07 -1.08758014e-05 
 7.25584112e-07  3.29996598e+00  7.25584112e-07 -8.84387888e-04  7.25584112e-07  3.30000000e+00  7.25584112e-07  1.08218745e-05 
 7.26084112e-07  3.30002062e+00  7.26084112e-07  8.29211479e-04  7.26084112e-07  3.30000000e+00  7.26084112e-07 -1.07722503e-05 
 7.26584112e-07  3.29998980e+00  7.26584112e-07 -7.69320397e-04  7.26584112e-07  3.30000000e+00  7.26584112e-07  1.07254915e-05 
 7.27084112e-07  3.30000114e+00  7.27084112e-07  7.26366067e-04  7.27084112e-07  3.30000000e+00  7.27084112e-07 -1.06821925e-05 
 7.27584112e-07  3.30000576e+00  7.27584112e-07 -6.77047966e-04  7.27584112e-07  3.30000000e+00  7.27584112e-07  1.06411789e-05 
 7.28084112e-07  3.29998825e+00  7.28084112e-07  6.42014445e-04  7.28084112e-07  3.30000000e+00  7.28084112e-07 -1.06031263e-05 
 7.28584112e-07  3.30001628e+00  7.28584112e-07 -6.01296600e-04  7.28584112e-07  3.30000000e+00  7.28584112e-07  1.05669946e-05 
 7.29084112e-07  3.29997976e+00  7.29084112e-07  5.72085119e-04  7.29084112e-07  3.30000000e+00  7.29084112e-07 -1.05333716e-05 
 7.29584112e-07  3.30002314e+00  7.29584112e-07 -5.37539000e-04  7.29584112e-07  3.30000000e+00  7.29584112e-07  1.05014026e-05 
 7.30084112e-07  3.29997426e+00  7.30084112e-07  5.12996961e-04  7.30084112e-07  3.30000000e+00  7.30084112e-07 -1.04716076e-05 
 7.30584112e-07  3.30002749e+00  7.30584112e-07 -4.83578819e-04  7.30584112e-07  3.30000000e+00  7.30584112e-07  1.04431777e-05 
 7.31084112e-07  3.29997088e+00  7.31084112e-07  4.62417889e-04  7.31084112e-07  3.30000000e+00  7.31084112e-07 -1.04166478e-05 
 7.31584112e-07  3.30003011e+00  7.31584112e-07 -4.36824057e-04  7.31584112e-07  3.30000000e+00  7.31584112e-07  1.03913164e-05 
 7.32084112e-07  3.29996891e+00  7.32084112e-07  4.18516736e-04  7.32084112e-07  3.30000000e+00  7.32084112e-07 -1.03676604e-05 
 7.32584112e-07  3.30003156e+00  7.32584112e-07 -3.96005181e-04  7.32584112e-07  3.30000000e+00  7.32584112e-07  1.03450399e-05 
 7.33084112e-07  3.29996790e+00  7.33084112e-07  3.80005677e-04  7.33084112e-07  3.30000000e+00  7.33084112e-07 -1.03239083e-05 
 7.33584112e-07  3.30003222e+00  7.33584112e-07 -3.60038971e-04  7.33584112e-07  3.30000000e+00  7.33584112e-07  1.03036755e-05 
 7.34084112e-07  3.29996755e+00  7.34084112e-07  3.45942869e-04  7.34084112e-07  3.30000000e+00  7.34084112e-07 -1.02847722e-05 
 7.34584112e-07  3.30003233e+00  7.34584112e-07 -3.28113093e-04  7.34584112e-07  3.30000000e+00  7.34584112e-07  1.02666519e-05 
 7.35084112e-07  3.29996766e+00  7.35084112e-07  3.15615408e-04  7.35084112e-07  3.30000000e+00  7.35084112e-07 -1.02497235e-05 
 7.35584112e-07  3.30003206e+00  7.35584112e-07 -2.99606429e-04  7.35584112e-07  3.30000000e+00  7.35584112e-07  1.02334783e-05 
 7.36084112e-07  3.29996807e+00  7.36084112e-07  2.88472025e-04  7.36084112e-07  3.30000000e+00  7.36084112e-07 -1.02183052e-05 
 7.36584112e-07  3.30003154e+00  7.36584112e-07 -2.74033740e-04  7.36584112e-07  3.30000000e+00  7.36584112e-07  1.02037289e-05 
 7.37084112e-07  3.29996870e+00  7.37084112e-07  2.64077213e-04  7.37084112e-07  3.30000000e+00  7.37084112e-07 -1.01901193e-05 
 7.37584112e-07  3.30003084e+00  7.37584112e-07 -2.51007788e-04  7.37584112e-07  3.30000000e+00  7.37584112e-07  1.01770312e-05 
 7.38084112e-07  3.29996947e+00  7.38084112e-07  2.42079717e-04  7.38084112e-07  3.30000000e+00  7.38084112e-07 -1.01648169e-05 
 7.38584112e-07  3.30003002e+00  7.38584112e-07 -2.30213234e-04  7.38584112e-07  3.30000000e+00  7.38584112e-07  1.01530579e-05 
 7.39084112e-07  3.29997033e+00  7.39084112e-07  2.22190723e-04  7.39084112e-07  3.30000000e+00  7.39084112e-07 -1.01420905e-05 
 7.39584112e-07  3.30002913e+00  7.39584112e-07 -2.11388515e-04  7.39584112e-07  3.30000000e+00  7.39584112e-07  1.01315199e-05 
 7.40084112e-07  3.29997126e+00  7.40084112e-07  2.04168632e-04  7.40084112e-07  3.30000000e+00  7.40084112e-07 -1.01216678e-05 
 7.40584112e-07  3.30002819e+00  7.40584112e-07 -1.94313125e-04  7.40584112e-07  3.30000000e+00  7.40584112e-07  1.01121609e-05 
 7.41084112e-07  3.29997222e+00  7.41084112e-07  1.87808301e-04  7.41084112e-07  3.30000000e+00  7.41084112e-07 -1.01033073e-05 
 7.41584112e-07  3.30002723e+00  7.41584112e-07 -1.78798579e-04  7.41584112e-07  3.30000000e+00  7.41584112e-07  1.00947531e-05 
 7.42084112e-07  3.29997320e+00  7.42084112e-07  1.72933332e-04  7.42084112e-07  3.30000000e+00  7.42084112e-07 -1.00867939e-05 
 7.42584112e-07  3.30002625e+00  7.42584112e-07 -1.64681898e-04  7.42584112e-07  3.30000000e+00  7.42584112e-07  1.00790935e-05 
 7.43084112e-07  3.29997418e+00  7.43084112e-07  1.59390473e-04  7.43084112e-07  3.30000000e+00  7.43084112e-07 -1.00719361e-05 
 7.43584112e-07  3.30002526e+00  7.43584112e-07 -1.51820832e-04  7.43584112e-07  3.30000000e+00  7.43584112e-07  1.00650013e-05 
 7.44084112e-07  3.29997517e+00  7.44084112e-07  1.47045457e-04  7.44084112e-07  3.30000000e+00  7.44084112e-07 -1.00585629e-05 
 7.44584112e-07  3.30002429e+00  7.44584112e-07 -1.40090282e-04  7.44584112e-07  3.30000000e+00  7.44584112e-07  1.00523148e-05 
 7.45084112e-07  3.29997614e+00  7.45084112e-07  1.35779866e-04  7.45084112e-07  3.30000000e+00  7.45084112e-07 -1.00465213e-05 
 7.45584112e-07  3.30002333e+00  7.45584112e-07 -1.29379581e-04  7.45584112e-07  3.30000000e+00  7.45584112e-07  1.00408895e-05 
 7.46084112e-07  3.29997710e+00  7.46084112e-07  1.25488707e-04  7.46084112e-07  3.30000000e+00  7.46084112e-07 -1.00356748e-05 
 7.46584112e-07  3.30002238e+00  7.46584112e-07 -1.19590366e-04  7.46584112e-07  3.30000000e+00  7.46584112e-07  1.00305962e-05 
 7.47084112e-07  3.29997804e+00  7.47084112e-07  1.16078502e-04  7.47084112e-07  3.30000000e+00  7.47084112e-07 -1.00259010e-05 
 7.47584112e-07  3.30002145e+00  7.47584112e-07 -1.10634887e-04  7.47584112e-07  3.30000000e+00  7.47584112e-07  1.00213192e-05 
 7.48084112e-07  3.29997896e+00  7.48084112e-07  1.07465751e-04  7.48084112e-07  3.30000000e+00  7.48084112e-07 -1.00170905e-05 
 7.48584112e-07  3.30002055e+00  7.48584112e-07 -1.02434635e-04  7.48584112e-07  3.30000000e+00  7.48584112e-07  1.00129549e-05 
 7.49084112e-07  3.29997985e+00  7.49084112e-07  9.95756769e-05  7.49084112e-07  3.30000000e+00  7.49084112e-07 -1.00091451e-05 
 7.49584112e-07  3.30001967e+00  7.49584112e-07 -9.49192075e-05  7.49584112e-07  3.30000000e+00  7.49584112e-07  1.00054103e-05 
 7.50084112e-07  3.29998072e+00  7.50084112e-07  9.23411739e-05  7.50084112e-07  3.30000000e+00  7.50084112e-07 -1.00019770e-05 
 7.50584112e-07  3.30001882e+00  7.50584112e-07 -8.80253558e-05  7.50584112e-07  3.30000000e+00  7.50584112e-07  9.99860246e-06 
 7.51084112e-07  3.29998156e+00  7.51084112e-07  8.57019195e-05  7.51084112e-07  3.30000000e+00  7.51084112e-07 -9.99550738e-06 
 7.51584112e-07  3.30001799e+00  7.51584112e-07 -8.16961723e-05  7.51584112e-07  3.30000000e+00  7.51584112e-07  9.99245667e-06 
 7.52084112e-07  3.29998238e+00  7.52084112e-07  7.96036151e-05  7.52084112e-07  3.30000000e+00  7.52084112e-07 -9.98966562e-06 
 7.52584112e-07  3.30001719e+00  7.52584112e-07 -7.58803916e-05  7.52584112e-07  3.30000000e+00  7.52584112e-07  9.98690610e-06 
 7.53084112e-07  3.29998316e+00  7.53084112e-07  7.39973281e-05  7.53084112e-07  3.30000000e+00  7.53084112e-07 -9.98438839e-06 
 7.53584112e-07  3.30001642e+00  7.53584112e-07 -7.05317825e-05  7.53584112e-07  3.30000000e+00  7.53584112e-07  9.98189078e-06 
 7.54084112e-07  3.29998392e+00  7.54084112e-07  6.88389174e-05  7.54084112e-07  3.30000000e+00  7.54084112e-07 -9.97961891e-06 
 7.54584112e-07  3.30001568e+00  7.54584112e-07 -6.56086158e-05  7.54584112e-07  3.30000000e+00  7.54584112e-07  9.97735694e-06 
 7.55084112e-07  3.29998466e+00  7.55084112e-07  6.40885294e-05  7.55084112e-07  3.30000000e+00  7.55084112e-07 -9.97530622e-06 
 7.55584112e-07  3.30001496e+00  7.55584112e-07 -6.10731949e-05  7.55584112e-07  3.30000000e+00  7.55584112e-07  9.97325632e-06 
 7.56084112e-07  3.29998536e+00  7.56084112e-07  5.97101530e-05  7.56084112e-07  3.30000000e+00  7.56084112e-07 -9.97140460e-06 
 7.56584112e-07  3.30001427e+00  7.56584112e-07 -5.68914406e-05  7.56584112e-07  3.30000000e+00  7.56584112e-07  9.96954561e-06 
 7.57084112e-07  3.29998604e+00  7.57084112e-07  5.56712251e-05  7.57084112e-07  3.30000000e+00  7.57084112e-07 -9.96787302e-06 
 7.57584112e-07  3.30001361e+00  7.57584112e-07 -5.30325227e-05  7.57584112e-07  3.30000000e+00  7.57584112e-07  9.96618596e-06 
 7.58084112e-07  3.29998669e+00  7.58084112e-07  5.19422799e-05  7.58084112e-07  3.30000000e+00  7.58084112e-07 -9.96467466e-06 
 7.58584112e-07  3.30001297e+00  7.58584112e-07 -4.94685310e-05  7.58584112e-07  3.30000000e+00  7.58584112e-07  9.96314247e-06 
 7.59084112e-07  3.29998731e+00  7.59084112e-07  4.84966362e-05  7.59084112e-07  3.30000000e+00  7.59084112e-07 -9.96177645e-06 
 7.59584112e-07  3.30001236e+00  7.59584112e-07 -4.61741825e-05  7.59584112e-07  3.30000000e+00  7.59584112e-07  9.96038384e-06 
 7.60084112e-07  3.29998791e+00  7.60084112e-07  4.53101179e-05  7.60084112e-07  3.30000000e+00  7.60084112e-07 -9.95914871e-06 
 7.60584112e-07  3.30001177e+00  7.60584112e-07 -4.31265594e-05  7.60584112e-07  3.30000000e+00  7.60584112e-07  9.95788192e-06 
 7.61084112e-07  3.29998849e+00  7.61084112e-07  4.23608049e-05  7.61084112e-07  3.30000000e+00  7.61084112e-07 -9.95676478e-06 
 7.61584112e-07  3.30001121e+00  7.61584112e-07 -4.03048738e-05  7.61584112e-07  3.30000000e+00  7.61584112e-07  9.95561145e-06 
 7.62084112e-07  3.29998904e+00  7.62084112e-07  3.96288090e-05  7.62084112e-07  3.30000000e+00  7.62084112e-07 -9.95460070e-06 
 7.62584112e-07  3.30001068e+00  7.62584112e-07 -3.76902582e-05  7.62584112e-07  3.30000000e+00  7.62584112e-07  9.95354975e-06 
 7.63084112e-07  3.29998956e+00  7.63084112e-07  3.70960739e-05  7.63084112e-07  3.30000000e+00  7.63084112e-07 -9.95263495e-06 
 7.63584112e-07  3.30001016e+00  7.63584112e-07 -3.52655765e-05  7.63584112e-07  3.30000000e+00  7.63584112e-07  9.95167640e-06 
 7.64084112e-07  3.29999007e+00  7.64084112e-07  3.47461951e-05  7.64084112e-07  3.30000000e+00  7.64084112e-07 -9.95084820e-06 
 7.64584112e-07  3.30000967e+00  7.64584112e-07 -3.30152545e-05  7.64584112e-07  3.30000000e+00  7.64584112e-07  9.94997308e-06 
 7.65084112e-07  3.29999055e+00  7.65084112e-07  3.25642587e-05  7.65084112e-07  3.30000000e+00  7.65084112e-07 -9.94922305e-06 
 7.65584112e-07  3.30000920e+00  7.65584112e-07 -3.09251284e-05  7.65584112e-07  3.30000000e+00  7.65584112e-07  9.94842330e-06 
 7.66084112e-07  3.29999101e+00  7.66084112e-07  3.05366966e-05  7.66084112e-07  3.30000000e+00  7.66084112e-07 -9.94774388e-06 
 7.66584112e-07  3.30000875e+00  7.66584112e-07 -2.89823078e-05  7.66584112e-07  3.30000000e+00  7.66584112e-07  9.94701225e-06 
 7.67084112e-07  3.29999144e+00  7.67084112e-07  2.86511563e-05  7.67084112e-07  3.30000000e+00  7.67084112e-07 -9.94639663e-06 
 7.67584112e-07  3.30000832e+00  7.67584112e-07 -2.71750528e-05  7.67584112e-07  3.30000000e+00  7.67584112e-07  9.94572660e-06 
 7.68084112e-07  3.29999186e+00  7.68084112e-07  2.68963836e-05  7.68084112e-07  3.30000000e+00  7.68084112e-07 -9.94516865e-06 
 7.68584112e-07  3.30000792e+00  7.68584112e-07 -2.54926642e-05  7.68584112e-07  3.30000000e+00  7.68584112e-07  9.94455434e-06 
 7.69084112e-07  3.29999226e+00  7.69084112e-07  2.52621179e-05  7.69084112e-07  3.30000000e+00  7.69084112e-07 -9.94404856e-06 
 7.69584112e-07  3.30000753e+00  7.69584112e-07 -2.39253834e-05  7.69584112e-07  3.30000000e+00  7.69584112e-07  9.94348469e-06 
 7.70084112e-07  3.29999264e+00  7.70084112e-07  2.37389969e-05  7.70084112e-07  3.30000000e+00  7.70084112e-07 -9.94302611e-06 
 7.70100000e-07  3.30000338e+00  7.70100000e-07 -6.56707931e-06  7.70100000e-07  3.30000000e+00  7.70100000e-07  9.93725316e-06 
 7.70103628e-07  3.29899358e+00  7.70103628e-07 -8.90461285e-04  7.70103628e-07  3.18027784e+00  7.70103628e-07 -2.86772773e-04 
 7.70110884e-07  3.29677043e+00  7.70110884e-07 -2.93815384e-03  7.70110884e-07  2.94083353e+00  7.70110884e-07 -2.60492926e-04 
 7.70125396e-07  3.28459435e+00  7.70125396e-07 -1.37907171e-02  7.70125396e-07  2.46194491e+00  7.70125396e-07 -3.45600097e-04 
 7.70154419e-07  3.25335015e+00  7.70154419e-07 -3.06165935e-02  7.70154419e-07  1.50416766e+00  7.70154419e-07 -6.01021984e-04 
 7.70200000e-07  3.25863030e+00  7.70200000e-07  6.05329744e-02  7.70200000e-07  1.28119737e-12  7.70200000e-07 -1.14881735e-03 
 7.70205306e-07  3.27109430e+00  7.70205306e-07  8.67627229e-02  7.70205306e-07  0.00000000e+00  7.70205306e-07 -7.97924936e-04 
 7.70215917e-07  3.29320449e+00  7.70215917e-07  1.37051814e-01  7.70215917e-07  0.00000000e+00  7.70215917e-07 -7.84199749e-04 
 7.70237140e-07  3.32603686e+00  7.70237140e-07  2.28883666e-01  7.70237140e-07  0.00000000e+00  7.70237140e-07 -7.63897056e-04 
 7.70279586e-07  3.36322554e+00  7.70279586e-07  4.02345335e-01  7.70279586e-07  0.00000000e+00  7.70279586e-07 -7.26923065e-04 
 7.70364478e-07  3.40535759e+00  7.70364478e-07  7.92987633e-01  7.70364478e-07  0.00000000e+00  7.70364478e-07 -6.71122939e-04 
 7.70486575e-07  3.48052451e+00  7.70486575e-07  1.55443835e+00  7.70486575e-07  0.00000000e+00  7.70486575e-07 -4.71325462e-04 
 7.70611685e-07  3.49528634e+00  7.70611685e-07  2.25187320e+00  7.70611685e-07  0.00000000e+00  7.70611685e-07 -2.21482848e-04 
 7.70740336e-07  3.42996297e+00  7.70740336e-07  2.69956684e+00  7.70740336e-07  0.00000000e+00  7.70740336e-07 -7.08012792e-05 
 7.70870985e-07  3.38557365e+00  7.70870985e-07  3.00240914e+00  7.70870985e-07  0.00000000e+00  7.70870985e-07 -3.92463985e-05 
 7.71007653e-07  3.34480834e+00  7.71007653e-07  3.17002499e+00  7.71007653e-07  0.00000000e+00  7.71007653e-07 -1.09465510e-05 
 7.71210160e-07  3.31519499e+00  7.71210160e-07  3.26690961e+00  7.71210160e-07  0.00000000e+00  7.71210160e-07 -7.76527858e-06 
 7.71453901e-07  3.30336833e+00  7.71453901e-07  3.29457995e+00  7.71453901e-07  0.00000000e+00  7.71453901e-07  3.37429892e-06 
 7.71898365e-07  3.29966116e+00  7.71898365e-07  3.30070886e+00  7.71898365e-07  0.00000000e+00  7.71898365e-07 -4.46109917e-06 
 7.72398365e-07  3.30004551e+00  7.72398365e-07  3.29985829e+00  7.72398365e-07  0.00000000e+00  7.72398365e-07  3.87721931e-06 
 7.72898365e-07  3.30000055e+00  7.72898365e-07  3.30003480e+00  7.72898365e-07  0.00000000e+00  7.72898365e-07 -4.40977984e-06 
 7.73398365e-07  3.29999884e+00  7.73398365e-07  3.29999204e+00  7.73398365e-07  0.00000000e+00  7.73398365e-07  3.97773818e-06 
 7.73898365e-07  3.30000127e+00  7.73898365e-07  3.30000210e+00  7.73898365e-07  0.00000000e+00  7.73898365e-07 -4.35730418e-06 
 7.74398365e-07  3.29999997e+00  7.74398365e-07  3.29999976e+00  7.74398365e-07  0.00000000e+00  7.74398365e-07  4.02563488e-06 
 7.74898365e-07  3.30000040e+00  7.74898365e-07  3.30000032e+00  7.74898365e-07  0.00000000e+00  7.74898365e-07 -4.32219098e-06 
 7.75398365e-07  3.30000015e+00  7.75398365e-07  3.30000012e+00  7.75398365e-07  0.00000000e+00  7.75398365e-07  4.05520446e-06 
 7.75898365e-07  3.30000021e+00  7.75898365e-07  3.30000015e+00  7.75898365e-07  0.00000000e+00  7.75898365e-07 -4.29835967e-06 
 7.76398365e-07  3.30000013e+00  7.76398365e-07  3.30000011e+00  7.76398365e-07  0.00000000e+00  7.76398365e-07  4.07551776e-06 
 7.76898365e-07  3.30000014e+00  7.76898365e-07  3.30000010e+00  7.76898365e-07  0.00000000e+00  7.76898365e-07 -4.28128013e-06 
 7.77398365e-07  3.30000010e+00  7.77398365e-07  3.30000008e+00  7.77398365e-07  0.00000000e+00  7.77398365e-07  4.09033575e-06 
 7.77898365e-07  3.30000010e+00  7.77898365e-07  3.30000007e+00  7.77898365e-07  0.00000000e+00  7.77898365e-07 -4.26847844e-06 
 7.78398365e-07  3.30000008e+00  7.78398365e-07  3.30000006e+00  7.78398365e-07  0.00000000e+00  7.78398365e-07  4.10161158e-06 
 7.78898365e-07  3.30000007e+00  7.78898365e-07  3.30000005e+00  7.78898365e-07  0.00000000e+00  7.78898365e-07 -4.25854445e-06 
 7.79398365e-07  3.30000006e+00  7.79398365e-07  3.30000004e+00  7.79398365e-07  0.00000000e+00  7.79398365e-07  4.11047294e-06 
 7.79898365e-07  3.30000006e+00  7.79898365e-07  3.30000004e+00  7.79898365e-07  0.00000000e+00  7.79898365e-07 -4.25062207e-06 
 7.80398365e-07  3.30000005e+00  7.80398365e-07  3.30000003e+00  7.80398365e-07  0.00000000e+00  7.80398365e-07  4.11761569e-06 
 7.80898365e-07  3.30000004e+00  7.80898365e-07  3.30000003e+00  7.80898365e-07  0.00000000e+00  7.80898365e-07 -4.24416268e-06 
 7.81398365e-07  3.30000004e+00  7.81398365e-07  3.30000003e+00  7.81398365e-07  0.00000000e+00  7.81398365e-07  4.12349235e-06 
 7.81898365e-07  3.30000003e+00  7.81898365e-07  3.30000002e+00  7.81898365e-07  0.00000000e+00  7.81898365e-07 -4.23879917e-06 
 7.82398365e-07  3.30000003e+00  7.82398365e-07  3.30000002e+00  7.82398365e-07  0.00000000e+00  7.82398365e-07  4.12840981e-06 
 7.82898365e-07  3.30000003e+00  7.82898365e-07  3.30000002e+00  7.82898365e-07  0.00000000e+00  7.82898365e-07 -4.23427699e-06 
 7.83398365e-07  3.30000002e+00  7.83398365e-07  3.30000001e+00  7.83398365e-07  0.00000000e+00  7.83398365e-07  4.13258349e-06 
 7.83898365e-07  3.30000002e+00  7.83898365e-07  3.30000001e+00  7.83898365e-07  0.00000000e+00  7.83898365e-07 -4.23041428e-06 
 7.84398365e-07  3.30000002e+00  7.84398365e-07  3.30000001e+00  7.84398365e-07  0.00000000e+00  7.84398365e-07  4.13616901e-06 
 7.84898365e-07  3.30000002e+00  7.84898365e-07  3.30000001e+00  7.84898365e-07  0.00000000e+00  7.84898365e-07 -4.22707778e-06 
 7.85398365e-07  3.30000001e+00  7.85398365e-07  3.30000001e+00  7.85398365e-07  0.00000000e+00  7.85398365e-07  4.13928158e-06 
 7.85898365e-07  3.30000001e+00  7.85898365e-07  3.30000001e+00  7.85898365e-07  0.00000000e+00  7.85898365e-07 -4.22416768e-06 
 7.86398365e-07  3.30000001e+00  7.86398365e-07  3.30000001e+00  7.86398365e-07  0.00000000e+00  7.86398365e-07  4.14200827e-06 
 7.86898365e-07  3.30000001e+00  7.86898365e-07  3.30000000e+00  7.86898365e-07  0.00000000e+00  7.86898365e-07 -4.22160780e-06 
 7.87398365e-07  3.30000001e+00  7.87398365e-07  3.30000000e+00  7.87398365e-07  0.00000000e+00  7.87398365e-07  4.14441611e-06 
 7.87898365e-07  3.30000001e+00  7.87898365e-07  3.30000000e+00  7.87898365e-07  0.00000000e+00  7.87898365e-07 -4.21933898e-06 
 7.88398365e-07  3.30000001e+00  7.88398365e-07  3.30000000e+00  7.88398365e-07  0.00000000e+00  7.88398365e-07  4.14655752e-06 
 7.88898365e-07  3.30000001e+00  7.88898365e-07  3.30000000e+00  7.88898365e-07  0.00000000e+00  7.88898365e-07 -4.21731464e-06 
 7.89398365e-07  3.30000000e+00  7.89398365e-07  3.30000000e+00  7.89398365e-07  0.00000000e+00  7.89398365e-07  4.14847407e-06 
 7.89898365e-07  3.30000000e+00  7.89898365e-07  3.30000000e+00  7.89898365e-07  0.00000000e+00  7.89898365e-07 -4.21549757e-06 
 7.90398365e-07  3.30000000e+00  7.90398365e-07  3.30000000e+00  7.90398365e-07  0.00000000e+00  7.90398365e-07  4.15019915e-06 
 7.90898365e-07  3.30000000e+00  7.90898365e-07  3.30000000e+00  7.90898365e-07  0.00000000e+00  7.90898365e-07 -4.21385772e-06 
 7.91398365e-07  3.30000000e+00  7.91398365e-07  3.30000000e+00  7.91398365e-07  0.00000000e+00  7.91398365e-07  4.15175988e-06 
 7.91898365e-07  3.30000000e+00  7.91898365e-07  3.30000000e+00  7.91898365e-07  0.00000000e+00  7.91898365e-07 -4.21237056e-06 
 7.92398365e-07  3.30000000e+00  7.92398365e-07  3.30000000e+00  7.92398365e-07  0.00000000e+00  7.92398365e-07  4.15317851e-06 
 7.92898365e-07  3.30000000e+00  7.92898365e-07  3.30000000e+00  7.92898365e-07  0.00000000e+00  7.92898365e-07 -4.21101586e-06 
 7.93398365e-07  3.30000000e+00  7.93398365e-07  3.30000000e+00  7.93398365e-07  0.00000000e+00  7.93398365e-07  4.15447347e-06 
 7.93898365e-07  3.30000000e+00  7.93898365e-07  3.30000000e+00  7.93898365e-07  0.00000000e+00  7.93898365e-07 -4.20977682e-06 
 7.94398365e-07  3.30000000e+00  7.94398365e-07  3.30000000e+00  7.94398365e-07  0.00000000e+00  7.94398365e-07  4.15566013e-06 
 7.94898365e-07  3.30000000e+00  7.94898365e-07  3.30000000e+00  7.94898365e-07  0.00000000e+00  7.94898365e-07 -4.20863932e-06 
 7.95398365e-07  3.30000000e+00  7.95398365e-07  3.29999999e+00  7.95398365e-07  0.00000000e+00  7.95398365e-07  4.15675143e-06 
 7.95898365e-07  3.30000000e+00  7.95898365e-07  3.29999999e+00  7.95898365e-07  0.00000000e+00  7.95898365e-07 -4.20759146e-06 
 7.96398365e-07  3.30000000e+00  7.96398365e-07  3.29999999e+00  7.96398365e-07  0.00000000e+00  7.96398365e-07  4.15775836e-06 
 7.96898365e-07  3.30000000e+00  7.96898365e-07  3.29999999e+00  7.96898365e-07  0.00000000e+00  7.96898365e-07 -4.20662313e-06 
 7.97398365e-07  3.30000000e+00  7.97398365e-07  3.29999999e+00  7.97398365e-07  0.00000000e+00  7.97398365e-07  4.15869027e-06 
 7.97898365e-07  3.30000000e+00  7.97898365e-07  3.29999999e+00  7.97898365e-07  0.00000000e+00  7.97898365e-07 -4.20572565e-06 
 7.98398365e-07  3.30000000e+00  7.98398365e-07  3.29999999e+00  7.98398365e-07  0.00000000e+00  7.98398365e-07  4.15955517e-06 
 7.98898365e-07  3.29999999e+00  7.98898365e-07  3.29999999e+00  7.98898365e-07  0.00000000e+00  7.98898365e-07 -4.20489159e-06 
 7.99398365e-07  3.29999999e+00  7.99398365e-07  3.29999999e+00  7.99398365e-07  0.00000000e+00  7.99398365e-07  4.16036001e-06 
 7.99898365e-07  3.29999999e+00  7.99898365e-07  3.29999999e+00  7.99898365e-07  0.00000000e+00  7.99898365e-07 -4.20411449e-06 
 8.00000000e-07  3.29999999e+00  8.00000000e-07  3.29999999e+00  8.00000000e-07  0.00000000e+00  8.00000000e-07  4.16081780e-06 
 8.00050000e-07  3.29999999e+00  8.00050000e-07  3.29999999e+00  8.00050000e-07  0.00000000e+00  8.00050000e-07 -2.15732460e-08 
 8.00150000e-07  3.29999999e+00  8.00150000e-07  3.29999999e+00  8.00150000e-07  0.00000000e+00  8.00150000e-07 -2.14991315e-08 
 8.00350000e-07  3.29999999e+00  8.00350000e-07  3.29999999e+00  8.00350000e-07  0.00000000e+00  8.00350000e-07 -2.13525870e-08 
 8.00750000e-07  3.29999999e+00  8.00750000e-07  3.29999999e+00  8.00750000e-07  0.00000000e+00  8.00750000e-07 -2.10652661e-08 
 8.01250000e-07  3.29999999e+00  8.01250000e-07  3.29999999e+00  8.01250000e-07  0.00000000e+00  8.01250000e-07 -2.07167352e-08 
 8.01750000e-07  3.29999999e+00  8.01750000e-07  3.29999999e+00  8.01750000e-07  0.00000000e+00  8.01750000e-07 -2.03793751e-08 
 8.02250000e-07  3.29999999e+00  8.02250000e-07  3.29999999e+00  8.02250000e-07  0.00000000e+00  8.02250000e-07 -2.00527448e-08 
 8.02750000e-07  3.29999999e+00  8.02750000e-07  3.29999999e+00  8.02750000e-07  0.00000000e+00  8.02750000e-07 -1.97362574e-08 
 8.03250000e-07  3.29999999e+00  8.03250000e-07  3.29999999e+00  8.03250000e-07  0.00000000e+00  8.03250000e-07 -1.94295391e-08 
 8.03750000e-07  3.29999999e+00  8.03750000e-07  3.29999999e+00  8.03750000e-07  0.00000000e+00  8.03750000e-07 -1.91320583e-08 
 8.04250000e-07  3.29999999e+00  8.04250000e-07  3.29999999e+00  8.04250000e-07  0.00000000e+00  8.04250000e-07 -1.88434966e-08 
 8.04750000e-07  3.29999999e+00  8.04750000e-07  3.29999999e+00  8.04750000e-07  0.00000000e+00  8.04750000e-07 -1.85633712e-08 
 8.05250000e-07  3.29999999e+00  8.05250000e-07  3.29999999e+00  8.05250000e-07  0.00000000e+00  8.05250000e-07 -1.82914107e-08 
 8.05750000e-07  3.29999999e+00  8.05750000e-07  3.29999999e+00  8.05750000e-07  0.00000000e+00  8.05750000e-07 -1.80271745e-08 
 8.06250000e-07  3.29999999e+00  8.06250000e-07  3.29999999e+00  8.06250000e-07  0.00000000e+00  8.06250000e-07 -1.77704318e-08 
 8.06750000e-07  3.29999999e+00  8.06750000e-07  3.29999999e+00  8.06750000e-07  0.00000000e+00  8.06750000e-07 -1.75207788e-08 
 8.07250000e-07  3.29999999e+00  8.07250000e-07  3.29999999e+00  8.07250000e-07  0.00000000e+00  8.07250000e-07 -1.72780195e-08 
 8.07750000e-07  3.29999999e+00  8.07750000e-07  3.29999999e+00  8.07750000e-07  0.00000000e+00  8.07750000e-07 -1.70417823e-08 
 8.08250000e-07  3.29999999e+00  8.08250000e-07  3.29999999e+00  8.08250000e-07  0.00000000e+00  8.08250000e-07 -1.68119015e-08 
 8.08750000e-07  3.29999999e+00  8.08750000e-07  3.29999999e+00  8.08750000e-07  0.00000000e+00  8.08750000e-07 -1.65880338e-08 
 8.09250000e-07  3.29999999e+00  8.09250000e-07  3.29999999e+00  8.09250000e-07  0.00000000e+00  8.09250000e-07 -1.63700396e-08 
 8.09750000e-07  3.29999999e+00  8.09750000e-07  3.29999999e+00  8.09750000e-07  0.00000000e+00  8.09750000e-07 -1.61576004e-08 
 8.10250000e-07  3.29999999e+00  8.10250000e-07  3.29999999e+00  8.10250000e-07  0.00000000e+00  8.10250000e-07 -1.59506000e-08 
 8.10750000e-07  3.29999999e+00  8.10750000e-07  3.29999999e+00  8.10750000e-07  0.00000000e+00  8.10750000e-07 -1.57487414e-08 
 8.11250000e-07  3.29999999e+00  8.11250000e-07  3.29999999e+00  8.11250000e-07  0.00000000e+00  8.11250000e-07 -1.55519287e-08 
 8.11750000e-07  3.29999999e+00  8.11750000e-07  3.29999999e+00  8.11750000e-07  0.00000000e+00  8.11750000e-07 -1.53598842e-08 
 8.12250000e-07  3.29999999e+00  8.12250000e-07  3.29999999e+00  8.12250000e-07  0.00000000e+00  8.12250000e-07 -1.51725298e-08 
 8.12750000e-07  3.29999999e+00  8.12750000e-07  3.29999999e+00  8.12750000e-07  0.00000000e+00  8.12750000e-07 -1.49896049e-08 
 8.13250000e-07  3.29999999e+00  8.13250000e-07  3.29999999e+00  8.13250000e-07  0.00000000e+00  8.13250000e-07 -1.48110473e-08 
 8.13750000e-07  3.29999999e+00  8.13750000e-07  3.29999999e+00  8.13750000e-07  0.00000000e+00  8.13750000e-07 -1.46366113e-08 
 8.14250000e-07  3.29999999e+00  8.14250000e-07  3.29999999e+00  8.14250000e-07  0.00000000e+00  8.14250000e-07 -1.44662490e-08 
 8.14750000e-07  3.29999999e+00  8.14750000e-07  3.29999999e+00  8.14750000e-07  0.00000000e+00  8.14750000e-07 -1.42997279e-08 
 8.15250000e-07  3.29999999e+00  8.15250000e-07  3.29999999e+00  8.15250000e-07  0.00000000e+00  8.15250000e-07 -1.41370128e-08 
 8.15750000e-07  3.29999999e+00  8.15750000e-07  3.29999999e+00  8.15750000e-07  0.00000000e+00  8.15750000e-07 -1.39778830e-08 
 8.16250000e-07  3.29999999e+00  8.16250000e-07  3.29999999e+00  8.16250000e-07  0.00000000e+00  8.16250000e-07 -1.38223145e-08 
 8.16750000e-07  3.29999999e+00  8.16750000e-07  3.29999999e+00  8.16750000e-07  0.00000000e+00  8.16750000e-07 -1.36700975e-08 
 8.17250000e-07  3.29999999e+00  8.17250000e-07  3.29999999e+00  8.17250000e-07  0.00000000e+00  8.17250000e-07 -1.35212179e-08 
 8.17750000e-07  3.29999999e+00  8.17750000e-07  3.29999999e+00  8.17750000e-07  0.00000000e+00  8.17750000e-07 -1.33754754e-08 
 8.18250000e-07  3.29999999e+00  8.18250000e-07  3.29999999e+00  8.18250000e-07  0.00000000e+00  8.18250000e-07 -1.32328649e-08 
 8.18750000e-07  3.29999999e+00  8.18750000e-07  3.29999999e+00  8.18750000e-07  0.00000000e+00  8.18750000e-07 -1.30931948e-08 
 8.19250000e-07  3.29999999e+00  8.19250000e-07  3.29999999e+00  8.19250000e-07  0.00000000e+00  8.19250000e-07 -1.29564680e-08 
 8.19750000e-07  3.29999999e+00  8.19750000e-07  3.29999999e+00  8.19750000e-07  0.00000000e+00  8.19750000e-07 -1.28225007e-08 
 8.20000000e-07  3.29999999e+00  8.20000000e-07  3.29999999e+00  8.20000000e-07  0.00000000e+00  8.20000000e-07 -1.27565822e-08 
 8.20010000e-07  3.32180680e+00  8.20010000e-07  3.32181688e+00  8.20010000e-07  3.30000000e-01  8.20010000e-07  4.01841485e-04 
 8.20030000e-07  3.36309172e+00  8.20030000e-07  3.36312670e+00  8.20030000e-07  9.90000000e-01  8.20030000e-07  4.43900820e-04 
 8.20070000e-07  3.44260050e+00  8.20070000e-07  3.44264857e+00  8.20070000e-07  2.31000000e+00  8.20070000e-07  4.19769580e-04 
 8.20100000e-07  3.48069318e+00  8.20100000e-07  3.48106692e+00  8.20100000e-07  3.30000000e+00  8.20100000e-07  2.56689684e-04 
 8.20105701e-07  3.48024867e+00  8.20105701e-07  3.48069766e+00  8.20105701e-07  3.30000000e+00  8.20105701e-07 -6.36569191e-06 
 8.20117103e-07  3.47861949e+00  8.20117103e-07  3.47926742e+00  8.20117103e-07  3.30000000e+00  8.20117103e-07 -1.66003006e-05 
 8.20139906e-07  3.47145103e+00  8.20139906e-07  3.47270683e+00  8.20139906e-07  3.30000000e+00  8.20139906e-07 -2.57186959e-05 
 8.20185513e-07  3.45088109e+00  8.20185513e-07  3.45334278e+00  8.20185513e-07  3.30000000e+00  8.20185513e-07 -3.65034191e-05 
 8.20276726e-07  3.32631035e+00  8.20276726e-07  3.31330612e+00  8.20276726e-07  3.30000000e+00  8.20276726e-07 -5.08042998e-05 
 8.20361719e-07  3.07457313e+00  8.20361719e-07  3.00798752e+00  8.20361719e-07  3.30000000e+00  8.20361719e-07 -9.14686467e-05 
 8.20452340e-07  2.73589989e+00  8.20452340e-07  2.63446254e+00  8.20452340e-07  3.30000000e+00  8.20452340e-07 -6.42562334e-05 
 8.20562949e-07  2.37067839e+00  8.20562949e-07  2.22598576e+00  8.20562949e-07  3.30000000e+00  8.20562949e-07 -1.14017257e-04 
 8.20718075e-07  2.19150094e+00  8.20718075e-07  1.68206331e+00  8.20718075e-07  3.30000000e+00  8.20718075e-07 -1.73083737e-04 
 8.20882958e-07  2.61251938e+00  8.20882958e-07  1.04795160e+00  8.20882958e-07  3.30000000e+00  8.20882958e-07 -2.78671428e-04 
 8.20999757e-07  2.97765357e+00  8.20999757e-07  7.03834737e-01  8.20999757e-07  3.30000000e+00  8.20999757e-07 -1.70206548e-04 
 8.21146054e-07  3.20171130e+00  8.21146054e-07  4.37757784e-01  8.21146054e-07  3.30000000e+00  8.21146054e-07 -8.64599968e-05 
 8.21292842e-07  3.26151832e+00  8.21292842e-07  2.70441653e-01  8.21292842e-07  3.30000000e+00  8.21292842e-07 -2.45125531e-05 
 8.21463447e-07  3.28087981e+00  8.21463447e-07  1.59623837e-01  8.21463447e-07  3.30000000e+00  8.21463447e-07 -2.99727609e-05 
 8.21750676e-07  3.29265034e+00  8.21750676e-07  5.74058930e-02  8.21750676e-07  3.30000000e+00  8.21750676e-07  2.89475427e-06 
 8.22063527e-07  3.29784235e+00  8.22063527e-07  2.07224966e-02  8.22063527e-07  3.30000000e+00  8.22063527e-07 -1.25727276e-05 
 8.22563527e-07  3.29960891e+00  8.22563527e-07  8.05425400e-04  8.22563527e-07  3.30000000e+00  8.22563527e-07  9.78934722e-06 
 8.23063527e-07  3.30009464e+00  8.23063527e-07  1.26686570e-03  8.23063527e-07  3.30000000e+00  8.23063527e-07 -1.00036939e-05 
 8.23563527e-07  3.29990606e+00  8.23563527e-07 -9.54889510e-04  8.23563527e-07  3.30000000e+00  8.23563527e-07  9.91828784e-06 
 8.24063527e-07  3.30006833e+00  8.24063527e-07  8.97489425e-04  8.24063527e-07  3.30000000e+00  8.24063527e-07 -9.86871744e-06 
 8.24563527e-07  3.29995012e+00  8.24563527e-07 -8.19852148e-04  8.24563527e-07  3.30000000e+00  8.24563527e-07  9.82020751e-06 
 8.25063527e-07  3.30003376e+00  8.25063527e-07  7.62388230e-04  8.25063527e-07  3.30000000e+00  8.25063527e-07 -9.77621316e-06 
 8.25563527e-07  3.29997890e+00  8.25563527e-07 -7.03226397e-04  8.25563527e-07  3.30000000e+00  8.25563527e-07  9.73496372e-06 
 8.26063527e-07  3.30001018e+00  8.26063527e-07  6.58789673e-04  8.26063527e-07  3.30000000e+00  8.26063527e-07 -9.69707260e-06 
 8.26563527e-07  3.29999824e+00  8.26563527e-07 -6.11677150e-04  8.26563527e-07  3.30000000e+00  8.26563527e-07  9.66134101e-06 
 8.27063527e-07  3.29999452e+00  8.27063527e-07  5.76611549e-04  8.27063527e-07  3.30000000e+00  8.27063527e-07 -9.62834206e-06 
 8.27563527e-07  3.30001106e+00  8.27563527e-07 -5.38296790e-04  8.27563527e-07  3.30000000e+00  8.27563527e-07  9.59712048e-06 
 8.28063527e-07  3.29998418e+00  8.28063527e-07  5.10005102e-04  8.28063527e-07  3.30000000e+00  8.28063527e-07 -9.56815298e-06 
 8.28563527e-07  3.30001938e+00  8.28563527e-07 -4.78181863e-04  8.28563527e-07  3.30000000e+00  8.28563527e-07  9.54066019e-06 
 8.29063527e-07  3.29997753e+00  8.29063527e-07  4.54910675e-04  8.29063527e-07  3.30000000e+00  8.29063527e-07 -9.51509718e-06 
 8.29563527e-07  3.30002466e+00  8.29563527e-07 -4.27990706e-04  8.29563527e-07  3.30000000e+00  8.29563527e-07  9.49076611e-06 
 8.30063527e-07  3.29997339e+00  8.30063527e-07  4.08496566e-04  8.30063527e-07  3.30000000e+00  8.30063527e-07 -9.46810987e-06 
 8.30563527e-07  3.30002789e+00  8.30563527e-07 -3.85365223e-04  8.30563527e-07  3.30000000e+00  8.30563527e-07  9.44649499e-06 
 8.31063527e-07  3.29997094e+00  8.31063527e-07  3.68775039e-04  8.31063527e-07  3.30000000e+00  8.31063527e-07 -9.42634853e-06 
 8.31563527e-07  3.30002971e+00  8.31563527e-07 -3.48634903e-04  8.31563527e-07  3.30000000e+00  8.31563527e-07  9.40709029e-06 
 8.32063527e-07  3.29996964e+00  8.32063527e-07  3.34328062e-04  8.32063527e-07  3.30000000e+00  8.32063527e-07 -9.38912992e-06 
 8.32563527e-07  3.30003060e+00  8.32563527e-07 -3.16599700e-04  8.32563527e-07  3.30000000e+00  8.32563527e-07  9.37193222e-06 
 8.33063527e-07  3.29996911e+00  8.33063527e-07  3.04128156e-04  8.33063527e-07  3.30000000e+00  8.33063527e-07 -9.35588910e-06 
 8.33563527e-07  3.30003084e+00  8.33563527e-07 -2.88383027e-04  8.33563527e-07  3.30000000e+00  8.33563527e-07  9.34050398e-06 
 8.34063527e-07  3.29996912e+00  8.34063527e-07  2.77417435e-04  8.34063527e-07  3.30000000e+00  8.34063527e-07 -9.32615135e-06 
 8.34563527e-07  3.30003065e+00  8.34563527e-07 -2.63332371e-04  8.34563527e-07  3.30000000e+00  8.34563527e-07  9.31236818e-06 
 8.35063527e-07  3.29996947e+00  8.35063527e-07  2.53625711e-04  8.35063527e-07  3.30000000e+00  8.35063527e-07 -9.29951230e-06 
 8.35563527e-07  3.30003017e+00  8.35563527e-07 -2.40951937e-04  8.35563527e-07  3.30000000e+00  8.35563527e-07  9.28715012e-06 
 8.36063527e-07  3.29997007e+00  8.36063527e-07  2.32314876e-04  8.36063527e-07  3.30000000e+00  8.36063527e-07 -9.27562372e-06 
 8.36563527e-07  3.30002949e+00  8.36563527e-07 -2.20856829e-04  8.36563527e-07  3.30000000e+00  8.36563527e-07  9.26452555e-06 
 8.37063527e-07  3.29997082e+00  8.37063527e-07  2.13140985e-04  8.37063527e-07  3.30000000e+00  8.37063527e-07 -9.25418299e-06 
 8.37563527e-07  3.30002869e+00  8.37563527e-07 -2.02741746e-04  8.37563527e-07  3.30000000e+00  8.37563527e-07  9.24421167e-06 
 8.38063527e-07  3.29997167e+00  8.38063527e-07  1.95828250e-04  8.38063527e-07  3.30000000e+00  8.38063527e-07 -9.23492529e-06 
 8.38563527e-07  3.30002781e+00  8.38563527e-07 -1.86359460e-04  8.38563527e-07  3.30000000e+00  8.38563527e-07  9.22596022e-06 
 8.39063527e-07  3.29997258e+00  8.39063527e-07  1.80151098e-04  8.39063527e-07  3.30000000e+00  8.39063527e-07 -9.21761754e-06 
 8.39563527e-07  3.30002688e+00  8.39563527e-07 -1.71505906e-04  8.39563527e-07  3.30000000e+00  8.39563527e-07  9.20955225e-06 
 8.40063527e-07  3.29997353e+00  8.40063527e-07  1.65921676e-04  8.40063527e-07  3.30000000e+00  8.40063527e-07 -9.20205375e-06 
 8.40563527e-07  3.30002592e+00  8.40563527e-07 -1.58009761e-04  8.40563527e-07  3.30000000e+00  8.40563527e-07  9.19479385e-06 
 8.41063527e-07  3.29997450e+00  8.41063527e-07  1.52981059e-04  8.41063527e-07  3.30000000e+00  8.41063527e-07 -9.18805120e-06 
 8.41563527e-07  3.30002496e+00  8.41563527e-07 -1.45725064e-04  8.41563527e-07  3.30000000e+00  8.41563527e-07  9.18151282e-06 
 8.42063527e-07  3.29997547e+00  8.42063527e-07  1.41192982e-04  8.42063527e-07  3.30000000e+00  8.42063527e-07 -9.17544743e-06 
 8.42563527e-07  3.30002399e+00  8.42563527e-07 -1.34525927e-04  8.42563527e-07  3.30000000e+00  8.42563527e-07  9.16955586e-06 
 8.43063527e-07  3.29997643e+00  8.43063527e-07  1.30439309e-04  8.43063527e-07  3.30000000e+00  8.43063527e-07 -9.16409770e-06 
 8.43563527e-07  3.30002304e+00  8.43563527e-07 -1.24302677e-04  8.43563527e-07  3.30000000e+00  8.43563527e-07  9.15878629e-06 
 8.44063527e-07  3.29997739e+00  8.44063527e-07  1.20616692e-04  8.44063527e-07  3.30000000e+00  8.44063527e-07 -9.15387283e-06 
 8.44563527e-07  3.30002210e+00  8.44563527e-07 -1.14958985e-04  8.44563527e-07  3.30000000e+00  8.44563527e-07  9.14908205e-06 
 8.45063527e-07  3.29997832e+00  8.45063527e-07  1.11634065e-04  8.45063527e-07  3.30000000e+00  8.45063527e-07 -9.14465741e-06 
 8.45563527e-07  3.30002118e+00  8.45563527e-07 -1.06409698e-04  8.45563527e-07  3.30000000e+00  8.45563527e-07  9.14033403e-06 
 8.46063527e-07  3.29997923e+00  8.46063527e-07  1.03410722e-04  8.46063527e-07  3.30000000e+00  8.46063527e-07 -9.13634824e-06 
 8.46563527e-07  3.30002028e+00  8.46563527e-07 -9.85791532e-05  8.46563527e-07  3.30000000e+00  8.46563527e-07  9.13244464e-06 
 8.47063527e-07  3.29998012e+00  8.47063527e-07  9.58748127e-05  8.47063527e-07  3.30000000e+00  8.47063527e-07 -9.12885297e-06 
 8.47563527e-07  3.30001941e+00  8.47563527e-07 -9.13998523e-05  8.47563527e-07  3.30000000e+00  8.47563527e-07  9.12532651e-06 
 8.48063527e-07  3.29998098e+00  8.48063527e-07  8.89621448e-05  8.48063527e-07  3.30000000e+00  8.48063527e-07 -9.12208890e-06 
 8.48563527e-07  3.30001856e+00  8.48563527e-07 -8.48113879e-05  8.48563527e-07  3.30000000e+00  8.48563527e-07  9.11890136e-06 
 8.49063527e-07  3.29998182e+00  8.49063527e-07  8.26152030e-05  8.49063527e-07  3.30000000e+00  8.49063527e-07 -9.11598194e-06 
 8.49563527e-07  3.30001774e+00  8.49563527e-07 -7.87595621e-05  8.49563527e-07  3.30000000e+00  8.49563527e-07  9.11309910e-06 
 8.50063527e-07  3.29998263e+00  8.50063527e-07  7.67823381e-05  8.50063527e-07  3.30000000e+00  8.50063527e-07 -9.11046570e-06 
 8.50563527e-07  3.30001694e+00  8.50563527e-07 -7.31956497e-05  8.50563527e-07  3.30000000e+00  8.50563527e-07  9.10785687e-06 
 8.51063527e-07  3.29998341e+00  8.51063527e-07  7.14170840e-05  8.51063527e-07  3.30000000e+00  8.51063527e-07 -9.10548065e-06 
 8.51563527e-07  3.30001618e+00  8.51563527e-07 -6.80757742e-05  8.51563527e-07  3.30000000e+00  8.51563527e-07  9.10311830e-06 
 8.52063527e-07  3.29998416e+00  8.52063527e-07  6.64775741e-05  8.52063527e-07  3.30000000e+00  8.52063527e-07 -9.10097342e-06 
 8.52563527e-07  3.30001544e+00  8.52563527e-07 -6.33603703e-05  8.52563527e-07  3.30000000e+00  8.52563527e-07  9.09883287e-06 
 8.53063527e-07  3.29998489e+00  8.53063527e-07  6.19260384e-05  8.53063527e-07  3.30000000e+00  8.53063527e-07 -9.09689612e-06 
 8.53563527e-07  3.30001473e+00  8.53563527e-07 -5.90137200e-05  8.53563527e-07  3.30000000e+00  8.53563527e-07  9.09495522e-06 
 8.54063527e-07  3.29998559e+00  8.54063527e-07  5.77283654e-05  8.54063527e-07  3.30000000e+00  8.54063527e-07 -9.09320580e-06 
 8.54563527e-07  3.30001405e+00  8.54563527e-07 -5.50035449e-05  8.54563527e-07  3.30000000e+00  8.54563527e-07  9.09144467e-06 
 8.55063527e-07  3.29998626e+00  8.55063527e-07  5.38537181e-05  8.55063527e-07  3.30000000e+00  8.55063527e-07 -9.08986391e-06 
 8.55563527e-07  3.30001339e+00  8.55563527e-07 -5.13006496e-05  8.55563527e-07  3.30000000e+00  8.55563527e-07  9.08826471e-06 
 8.56063527e-07  3.29998690e+00  8.56063527e-07  5.02741949e-05  8.56063527e-07  3.30000000e+00  8.56063527e-07 -9.08683585e-06 
 8.56563527e-07  3.30001276e+00  8.56563527e-07 -4.78786047e-05  8.56563527e-07  3.30000000e+00  8.56563527e-07  9.08538256e-06 
 8.57063527e-07  3.29998752e+00  8.57063527e-07  4.69645305e-05  8.57063527e-07  3.30000000e+00  8.57063527e-07 -9.08409054e-06 
 8.57563527e-07  3.30001216e+00  8.57563527e-07 -4.47134669e-05  8.57563527e-07  3.30000000e+00  8.57563527e-07  9.08276878e-06 
 8.58063527e-07  3.29998811e+00  8.58063527e-07  4.39018283e-05  8.58063527e-07  3.30000000e+00  8.58063527e-07 -9.08160010e-06 
 8.58563527e-07  3.30001158e+00  8.58563527e-07 -4.17835284e-05  8.58563527e-07  3.30000000e+00  8.58563527e-07  9.08039694e-06 
 8.59063527e-07  3.29998868e+00  8.59063527e-07  4.10653237e-05  8.59063527e-07  3.30000000e+00  8.59063527e-07 -9.07933946e-06 
 8.59563527e-07  3.30001103e+00  8.59563527e-07 -3.90690946e-05  8.59563527e-07  3.30000000e+00  8.59563527e-07  9.07824329e-06 
 8.60063527e-07  3.29998922e+00  8.60063527e-07  3.84361715e-05  8.60063527e-07  3.30000000e+00  8.60063527e-07 -9.07728611e-06 
 8.60563527e-07  3.30001050e+00  8.60563527e-07 -3.65522844e-05  8.60563527e-07  3.30000000e+00  8.60563527e-07  9.07628651e-06 
 8.61063527e-07  3.29998974e+00  8.61063527e-07  3.59972567e-05  8.61063527e-07  3.30000000e+00  8.61063527e-07 -9.07541983e-06 
 8.61563527e-07  3.30000999e+00  8.61563527e-07 -3.42168520e-05  8.61563527e-07  3.30000000e+00  8.61563527e-07  9.07450742e-06 
 8.62063527e-07  3.29999023e+00  8.62063527e-07  3.37330237e-05  8.62063527e-07  3.30000000e+00  8.62063527e-07 -9.07372243e-06 
 8.62563527e-07  3.30000951e+00  8.62563527e-07 -3.20480266e-05  8.62563527e-07  3.30000000e+00  8.62563527e-07  9.07288877e-06 
 8.63063527e-07  3.29999071e+00  8.63063527e-07  3.16293248e-05  8.63063527e-07  3.30000000e+00  8.63063527e-07 -9.07217757e-06 
 8.63563527e-07  3.30000904e+00  8.63563527e-07 -3.00323692e-05  8.63563527e-07  3.30000000e+00  8.63563527e-07  9.07141508e-06 
 8.64063527e-07  3.29999116e+00  8.64063527e-07  2.96732832e-05  8.64063527e-07  3.30000000e+00  8.64063527e-07 -9.07077054e-06 
 8.64563527e-07  3.30000860e+00  8.64563527e-07 -2.81576434e-05  8.64563527e-07  3.30000000e+00  8.64563527e-07  9.07007240e-06 
 8.65063527e-07  3.29999159e+00  8.65063527e-07  2.78531700e-05  8.65063527e-07  3.30000000e+00  8.65063527e-07 -9.06948812e-06 
 8.65563527e-07  3.30000818e+00  8.65563527e-07 -2.64126999e-05  8.65563527e-07  3.30000000e+00  8.65563527e-07  9.06884820e-06 
 8.66063527e-07  3.29999201e+00  8.66063527e-07  2.61582940e-05  8.66063527e-07  3.30000000e+00  8.66063527e-07 -9.06831842e-06 
 8.66563527e-07  3.30000778e+00  8.66563527e-07 -2.47873723e-05  8.66563527e-07  3.30000000e+00  8.66563527e-07  9.06773118e-06 
 8.67063527e-07  3.29999240e+00  8.67063527e-07  2.45789027e-05  8.67063527e-07  3.30000000e+00  8.67063527e-07 -9.06725072e-06 
 8.67563527e-07  3.30000739e+00  8.67563527e-07 -2.32723833e-05  8.67563527e-07  3.30000000e+00  8.67563527e-07  9.06671120e-06 
 8.68063527e-07  3.29999277e+00  8.68063527e-07  2.31060930e-05  8.68063527e-07  3.30000000e+00  8.68063527e-07 -9.06627538e-06 
 8.68563527e-07  3.30000703e+00  8.68563527e-07 -2.18592607e-05  8.68563527e-07  3.30000000e+00  8.68563527e-07  9.06577909e-06 
 8.69063527e-07  3.29999313e+00  8.69063527e-07  2.17317306e-05  8.69063527e-07  3.30000000e+00  8.69063527e-07 -9.06538372e-06 
 8.69563527e-07  3.30000668e+00  8.69563527e-07 -2.05402615e-05  8.69563527e-07  3.30000000e+00  8.69563527e-07  9.06492663e-06 
 8.70063527e-07  3.29999347e+00  8.70063527e-07  2.04483782e-05  8.70063527e-07  3.30000000e+00  8.70063527e-07 -9.06456792e-06 
 8.70100000e-07  3.30000469e+00  8.70100000e-07 -1.21378007e-05  8.70100000e-07  3.30000000e+00  8.70100000e-07  9.06123932e-06 
 8.70106513e-07  3.29816391e+00  8.70106513e-07 -1.72437934e-03  8.70106513e-07  3.08507171e+00  8.70106513e-07 -2.83509063e-04 
 8.70119539e-07  3.29188551e+00  8.70119539e-07 -7.65504374e-03  8.70119539e-07  2.65521513e+00  8.70119539e-07 -2.69360906e-04 
 8.70145591e-07  3.26018576e+00  8.70145591e-07 -2.96887132e-02  8.70145591e-07  1.79550196e+00  8.70145591e-07 -5.67737080e-04 
 8.70178696e-07  3.24902770e+00  8.70178696e-07 -3.43375851e-03  8.70178696e-07  7.03047205e-01  8.70178696e-07 -7.95413168e-04 
 8.70200000e-07  3.25959875e+00  8.70200000e-07  5.77519116e-02  8.70200000e-07  1.28119737e-12  8.70200000e-07 -1.24943086e-03 
 8.70204062e-07  3.26941315e+00  8.70204062e-07  7.79412359e-02  8.70204062e-07  0.00000000e+00  8.70204062e-07 -7.98472943e-04 
 8.70212185e-07  3.28717636e+00  8.70212185e-07  1.17064028e-01  8.70212185e-07  0.00000000e+00  8.70212185e-07 -7.88046794e-04 
 8.70228432e-07  3.31493133e+00  8.70228432e-07  1.89214789e-01  8.70228432e-07  0.00000000e+00  8.70228432e-07 -7.71706558e-04 
 8.70260927e-07  3.35039383e+00  8.70260927e-07  3.23242537e-01  8.70260927e-07  0.00000000e+00  8.70260927e-07 -7.40367072e-04 
 8.70325915e-07  3.38510323e+00  8.70325915e-07  5.93682178e-01  8.70325915e-07  0.00000000e+00  8.70325915e-07 -7.04791327e-04 
 8.70438681e-07  3.45370413e+00  8.70438681e-07  1.24335743e+00  8.70438681e-07  0.00000000e+00  8.70438681e-07 -5.58962931e-04 
 8.70560237e-07  3.50773242e+00  8.70560237e-07  2.01485033e+00  8.70560237e-07  0.00000000e+00  8.70560237e-07 -3.00966526e-04 
 8.70689891e-07  3.45416426e+00  8.70689891e-07  2.58738561e+00  8.70689891e-07  0.00000000e+00  8.70689891e-07 -1.32569712e-04 
 8.70807771e-07  3.41212434e+00  8.70807771e-07  2.90309099e+00  8.70807771e-07  0.00000000e+00  8.70807771e-07 -4.68160614e-05 
 8.70974132e-07  3.35160962e+00  8.70974132e-07  3.15480809e+00  8.70974132e-07  0.00000000e+00  8.70974132e-07 -2.05758459e-05 
 8.71149836e-07  3.32049349e+00  8.71149836e-07  3.25342206e+00  8.71149836e-07  0.00000000e+00  8.71149836e-07 -3.58141166e-06 
 8.71371246e-07  3.30557575e+00  8.71371246e-07  3.29022088e+00  8.71371246e-07  0.00000000e+00  8.71371246e-07 -4.39511089e-06 
 8.71754738e-07  3.29988679e+00  8.71754738e-07  3.30057768e+00  8.71754738e-07  0.00000000e+00  8.71754738e-07  1.88353777e-06 
 8.72254738e-07  3.30001453e+00  8.72254738e-07  3.29990001e+00  8.72254738e-07  0.00000000e+00  8.72254738e-07 -3.05831070e-06 
 8.72754738e-07  3.30001556e+00  8.72754738e-07  3.30004690e+00  8.72754738e-07  0.00000000e+00  8.72754738e-07  2.17742682e-06 
 8.73254738e-07  3.29999578e+00  8.73254738e-07  3.29998897e+00  8.73254738e-07  0.00000000e+00  8.73254738e-07 -2.84013179e-06 
 8.73754738e-07  3.30000260e+00  8.73754738e-07  3.30000320e+00  8.73754738e-07  0.00000000e+00  8.73754738e-07  2.29392798e-06 
 8.74254738e-07  3.30000005e+00  8.74254738e-07  3.29999972e+00  8.74254738e-07  0.00000000e+00  8.74254738e-07 -2.74975122e-06 
 8.74754738e-07  3.30000066e+00  8.74754738e-07  3.30000048e+00  8.74754738e-07  0.00000000e+00  8.74754738e-07  2.35741358e-06 
 8.75254738e-07  3.30000031e+00  8.75254738e-07  3.30000021e+00  8.75254738e-07  0.00000000e+00  8.75254738e-07 -2.70089737e-06 
 8.75754738e-07  3.30000032e+00  8.75754738e-07  3.30000020e+00  8.75754738e-07  0.00000000e+00  8.75754738e-07  2.39566264e-06 
 8.76254738e-07  3.30000023e+00  8.76254738e-07  3.30000016e+00  8.76254738e-07  0.00000000e+00  8.76254738e-07 -2.67013841e-06 
 8.76754738e-07  3.30000020e+00  8.76754738e-07  3.30000013e+00  8.76754738e-07  0.00000000e+00  8.76754738e-07  2.42096758e-06 
 8.77254738e-07  3.30000016e+00  8.77254738e-07  3.30000011e+00  8.77254738e-07  0.00000000e+00  8.77254738e-07 -2.64902768e-06 
 8.77754738e-07  3.30000014e+00  8.77754738e-07  3.30000009e+00  8.77754738e-07  0.00000000e+00  8.77754738e-07  2.43888044e-06 
 8.78254738e-07  3.30000012e+00  8.78254738e-07  3.30000008e+00  8.78254738e-07  0.00000000e+00  8.78254738e-07 -2.63367527e-06 
 8.78754738e-07  3.30000010e+00  8.78754738e-07  3.30000006e+00  8.78754738e-07  0.00000000e+00  8.78754738e-07  2.45220033e-06 
 8.79254738e-07  3.30000009e+00  8.79254738e-07  3.30000006e+00  8.79254738e-07  0.00000000e+00  8.79254738e-07 -2.62202718e-06 
 8.79754738e-07  3.30000008e+00  8.79754738e-07  3.30000005e+00  8.79754738e-07  0.00000000e+00  8.79754738e-07  2.46247873e-06 
 8.80254738e-07  3.30000007e+00  8.80254738e-07  3.30000004e+00  8.80254738e-07  0.00000000e+00  8.80254738e-07 -2.61289848e-06 
 8.80754738e-07  3.30000006e+00  8.80754738e-07  3.30000004e+00  8.80754738e-07  0.00000000e+00  8.80754738e-07  2.47064231e-06 
 8.81254738e-07  3.30000005e+00  8.81254738e-07  3.30000003e+00  8.81254738e-07  0.00000000e+00  8.81254738e-07 -2.60555852e-06 
 8.81754738e-07  3.30000005e+00  8.81754738e-07  3.30000003e+00  8.81754738e-07  0.00000000e+00  8.81754738e-07  2.47727768e-06 
 8.82254738e-07  3.30000004e+00  8.82254738e-07  3.30000002e+00  8.82254738e-07  0.00000000e+00  8.82254738e-07 -2.59953289e-06 
 8.82754738e-07  3.30000004e+00  8.82754738e-07  3.30000002e+00  8.82754738e-07  0.00000000e+00  8.82754738e-07  2.48277379e-06 
 8.83254738e-07  3.30000003e+00  8.83254738e-07  3.30000002e+00  8.83254738e-07  0.00000000e+00  8.83254738e-07 -2.59450049e-06 
 8.83754738e-07  3.30000003e+00  8.83754738e-07  3.30000002e+00  8.83754738e-07  0.00000000e+00  8.83754738e-07  2.48739851e-06 
 8.84254738e-07  3.30000003e+00  8.84254738e-07  3.30000001e+00  8.84254738e-07  0.00000000e+00  8.84254738e-07 -2.59023645e-06 
 8.84754738e-07  3.30000002e+00  8.84754738e-07  3.30000001e+00  8.84754738e-07  0.00000000e+00  8.84754738e-07  2.49134220e-06 
 8.85254738e-07  3.30000002e+00  8.85254738e-07  3.30000001e+00  8.85254738e-07  0.00000000e+00  8.85254738e-07 -2.58657869e-06 
 8.85754738e-07  3.30000002e+00  8.85754738e-07  3.30000001e+00  8.85754738e-07  0.00000000e+00  8.85754738e-07  2.49474380e-06 
 8.86254738e-07  3.30000002e+00  8.86254738e-07  3.30000001e+00  8.86254738e-07  0.00000000e+00  8.86254738e-07 -2.58340752e-06 
 8.86754738e-07  3.30000001e+00  8.86754738e-07  3.30000001e+00  8.86754738e-07  0.00000000e+00  8.86754738e-07  2.49770701e-06 
 8.87254738e-07  3.30000001e+00  8.87254738e-07  3.30000000e+00  8.87254738e-07  0.00000000e+00  8.87254738e-07 -2.58063265e-06 
 8.87754738e-07  3.30000001e+00  8.87754738e-07  3.30000000e+00  8.87754738e-07  0.00000000e+00  8.87754738e-07  2.50031080e-06 
 8.88254738e-07  3.30000001e+00  8.88254738e-07  3.30000000e+00  8.88254738e-07  0.00000000e+00  8.88254738e-07 -2.57818473e-06 
 8.88754738e-07  3.30000001e+00  8.88754738e-07  3.30000000e+00  8.88754738e-07  0.00000000e+00  8.88754738e-07  2.50261632e-06 
 8.89254738e-07  3.30000001e+00  8.89254738e-07  3.30000000e+00  8.89254738e-07  0.00000000e+00  8.89254738e-07 -2.57600964e-06 
 8.89754738e-07  3.30000001e+00  8.89754738e-07  3.30000000e+00  8.89754738e-07  0.00000000e+00  8.89754738e-07  2.50467166e-06 
 8.90254738e-07  3.30000001e+00  8.90254738e-07  3.30000000e+00  8.90254738e-07  0.00000000e+00  8.90254738e-07 -2.57406451e-06 
 8.90754738e-07  3.30000000e+00  8.90754738e-07  3.30000000e+00  8.90754738e-07  0.00000000e+00  8.90754738e-07  2.50651515e-06 
 8.91254738e-07  3.30000000e+00  8.91254738e-07  3.30000000e+00  8.91254738e-07  0.00000000e+00  8.91254738e-07 -2.57231497e-06 
 8.91754738e-07  3.30000000e+00  8.91754738e-07  3.30000000e+00  8.91754738e-07  0.00000000e+00  8.91754738e-07  2.50817768e-06 
 8.92254738e-07  3.30000000e+00  8.92254738e-07  3.30000000e+00  8.92254738e-07  0.00000000e+00  8.92254738e-07 -2.57073316e-06 
 8.92754738e-07  3.30000000e+00  8.92754738e-07  3.30000000e+00  8.92754738e-07  0.00000000e+00  8.92754738e-07  2.50968446e-06 
 8.93254738e-07  3.30000000e+00  8.93254738e-07  3.30000000e+00  8.93254738e-07  0.00000000e+00  8.93254738e-07 -2.56929623e-06 
 8.93754738e-07  3.30000000e+00  8.93754738e-07  3.30000000e+00  8.93754738e-07  0.00000000e+00  8.93754738e-07  2.51105625e-06 
 8.94254738e-07  3.30000000e+00  8.94254738e-07  3.30000000e+00  8.94254738e-07  0.00000000e+00  8.94254738e-07 -2.56798529e-06 
 8.94754738e-07  3.30000000e+00  8.94754738e-07  3.30000000e+00  8.94754738e-07  0.00000000e+00  8.94754738e-07  2.51231027e-06 
 8.95254738e-07  3.30000000e+00  8.95254738e-07  3.29999999e+00  8.95254738e-07  0.00000000e+00  8.95254738e-07 -2.56678458e-06 
 8.95754738e-07  3.30000000e+00  8.95754738e-07  3.29999999e+00  8.95754738e-07  0.00000000e+00  8.95754738e-07  2.51346097e-06 
 8.96254738e-07  3.30000000e+00  8.96254738e-07  3.29999999e+00  8.96254738e-07  0.00000000e+00  8.96254738e-07 -2.56568086e-06 
 8.96754738e-07  3.30000000e+00  8.96754738e-07  3.29999999e+00  8.96754738e-07  0.00000000e+00  8.96754738e-07  2.51452051e-06 
 8.97254738e-07  3.30000000e+00  8.97254738e-07  3.29999999e+00  8.97254738e-07  0.00000000e+00  8.97254738e-07 -2.56466292e-06 
 8.97754738e-07  3.30000000e+00  8.97754738e-07  3.29999999e+00  8.97754738e-07  0.00000000e+00  8.97754738e-07  2.51549924e-06 
 8.98254738e-07  3.30000000e+00  8.98254738e-07  3.29999999e+00  8.98254738e-07  0.00000000e+00  8.98254738e-07 -2.56372119e-06 
 8.98754738e-07  3.30000000e+00  8.98754738e-07  3.29999999e+00  8.98754738e-07  0.00000000e+00  8.98754738e-07  2.51640601e-06 
 8.99254738e-07  3.30000000e+00  8.99254738e-07  3.29999999e+00  8.99254738e-07  0.00000000e+00  8.99254738e-07 -2.56284749e-06 
 8.99754738e-07  3.30000000e+00  8.99754738e-07  3.29999999e+00  8.99754738e-07  0.00000000e+00  8.99754738e-07  2.51724841e-06 
 9.00000000e-07  3.30000000e+00  9.00000000e-07  3.29999999e+00  9.00000000e-07  0.00000000e+00  9.00000000e-07 -2.56223638e-06 
 9.00050000e-07  3.30000000e+00  9.00050000e-07  3.29999999e+00  9.00050000e-07  0.00000000e+00  9.00050000e-07 -2.23554891e-08 
 9.00150000e-07  3.30000000e+00  9.00150000e-07  3.29999999e+00  9.00150000e-07  0.00000000e+00  9.00150000e-07 -2.22761058e-08 
 9.00350000e-07  3.30000000e+00  9.00350000e-07  3.29999999e+00  9.00350000e-07  0.00000000e+00  9.00350000e-07 -2.21192029e-08 
 9.00750000e-07  3.29999999e+00  9.00750000e-07  3.29999999e+00  9.00750000e-07  0.00000000e+00  9.00750000e-07 -2.18117791e-08 
 9.01250000e-07  3.29999999e+00  9.01250000e-07  3.29999999e+00  9.01250000e-07  0.00000000e+00  9.01250000e-07 -2.14392333e-08 
 9.01750000e-07  3.29999999e+00  9.01750000e-07  3.29999999e+00  9.01750000e-07  0.00000000e+00  9.01750000e-07 -2.10790129e-08 
 9.02250000e-07  3.29999999e+00  9.02250000e-07  3.29999999e+00  9.02250000e-07  0.00000000e+00  9.02250000e-07 -2.07306113e-08 
 9.02750000e-07  3.29999999e+00  9.02750000e-07  3.29999999e+00  9.02750000e-07  0.00000000e+00  9.02750000e-07 -2.03933667e-08 
 9.03250000e-07  3.29999999e+00  9.03250000e-07  3.29999999e+00  9.03250000e-07  0.00000000e+00  9.03250000e-07 -2.00668507e-08 
 9.03750000e-07  3.29999999e+00  9.03750000e-07  3.29999999e+00  9.03750000e-07  0.00000000e+00  9.03750000e-07 -1.97504662e-08 
 9.04250000e-07  3.29999999e+00  9.04250000e-07  3.29999999e+00  9.04250000e-07  0.00000000e+00  9.04250000e-07 -1.94438496e-08 
 9.04750000e-07  3.29999999e+00  9.04750000e-07  3.29999999e+00  9.04750000e-07  0.00000000e+00  9.04750000e-07 -1.91464606e-08 
 9.05250000e-07  3.29999999e+00  9.05250000e-07  3.29999999e+00  9.05250000e-07  0.00000000e+00  9.05250000e-07 -1.88579900e-08 
 9.05750000e-07  3.29999999e+00  9.05750000e-07  3.29999999e+00  9.05750000e-07  0.00000000e+00  9.05750000e-07 -1.85779465e-08 
 9.06250000e-07  3.29999999e+00  9.06250000e-07  3.29999999e+00  9.06250000e-07  0.00000000e+00  9.06250000e-07 -1.83060677e-08 
 9.06750000e-07  3.29999999e+00  9.06750000e-07  3.29999999e+00  9.06750000e-07  0.00000000e+00  9.06750000e-07 -1.80419049e-08 
 9.07250000e-07  3.29999999e+00  9.07250000e-07  3.29999999e+00  9.07250000e-07  0.00000000e+00  9.07250000e-07 -1.77852356e-08 
 9.07750000e-07  3.29999999e+00  9.07750000e-07  3.29999999e+00  9.07750000e-07  0.00000000e+00  9.07750000e-07 -1.75356483e-08 
 9.08250000e-07  3.29999999e+00  9.08250000e-07  3.29999999e+00  9.08250000e-07  0.00000000e+00  9.08250000e-07 -1.72929552e-08 
 9.08750000e-07  3.29999999e+00  9.08750000e-07  3.29999999e+00  9.08750000e-07  0.00000000e+00  9.08750000e-07 -1.70567770e-08 
 9.09250000e-07  3.29999999e+00  9.09250000e-07  3.29999999e+00  9.09250000e-07  0.00000000e+00  9.09250000e-07 -1.68269561e-08 
 9.09750000e-07  3.29999999e+00  9.09750000e-07  3.29999999e+00  9.09750000e-07  0.00000000e+00  9.09750000e-07 -1.66031413e-08 
 9.10250000e-07  3.29999999e+00  9.10250000e-07  3.29999999e+00  9.10250000e-07  0.00000000e+00  9.10250000e-07 -1.63852014e-08 
 9.10750000e-07  3.29999999e+00  9.10750000e-07  3.29999999e+00  9.10750000e-07  0.00000000e+00  9.10750000e-07 -1.61728100e-08 
 9.11250000e-07  3.29999999e+00  9.11250000e-07  3.29999999e+00  9.11250000e-07  0.00000000e+00  9.11250000e-07 -1.59658588e-08 
 9.11750000e-07  3.29999999e+00  9.11750000e-07  3.29999999e+00  9.11750000e-07  0.00000000e+00  9.11750000e-07 -1.57640431e-08 
 9.12250000e-07  3.29999999e+00  9.12250000e-07  3.29999999e+00  9.12250000e-07  0.00000000e+00  9.12250000e-07 -1.55672752e-08 
 9.12750000e-07  3.29999999e+00  9.12750000e-07  3.29999999e+00  9.12750000e-07  0.00000000e+00  9.12750000e-07 -1.53752694e-08 
 9.13250000e-07  3.29999999e+00  9.13250000e-07  3.29999999e+00  9.13250000e-07  0.00000000e+00  9.13250000e-07 -1.51879559e-08 
 9.13750000e-07  3.29999999e+00  9.13750000e-07  3.29999999e+00  9.13750000e-07  0.00000000e+00  9.13750000e-07 -1.50050659e-08 
 9.14250000e-07  3.29999999e+00  9.14250000e-07  3.29999999e+00  9.14250000e-07  0.00000000e+00  9.14250000e-07 -1.48265456e-08 
 9.14750000e-07  3.29999999e+00  9.14750000e-07  3.29999999e+00  9.14750000e-07  0.00000000e+00  9.14750000e-07 -1.46521412e-08 
 9.15250000e-07  3.29999999e+00  9.15250000e-07  3.29999999e+00  9.15250000e-07  0.00000000e+00  9.15250000e-07 -1.44818129e-08 
 9.15750000e-07  3.29999999e+00  9.15750000e-07  3.29999999e+00  9.15750000e-07  0.00000000e+00  9.15750000e-07 -1.43153204e-08 
 9.16250000e-07  3.29999999e+00  9.16250000e-07  3.29999999e+00  9.16250000e-07  0.00000000e+00  9.16250000e-07 -1.41526364e-08 
 9.16750000e-07  3.29999999e+00  9.16750000e-07  3.29999999e+00  9.16750000e-07  0.00000000e+00  9.16750000e-07 -1.39935324e-08 
 9.17250000e-07  3.29999999e+00  9.17250000e-07  3.29999999e+00  9.17250000e-07  0.00000000e+00  9.17250000e-07 -1.38379925e-08 
 9.17750000e-07  3.29999999e+00  9.17750000e-07  3.29999999e+00  9.17750000e-07  0.00000000e+00  9.17750000e-07 -1.36857988e-08 
 9.18250000e-07  3.29999999e+00  9.18250000e-07  3.29999999e+00  9.18250000e-07  0.00000000e+00  9.18250000e-07 -1.35369455e-08 
 9.18750000e-07  3.29999999e+00  9.18750000e-07  3.29999999e+00  9.18750000e-07  0.00000000e+00  9.18750000e-07 -1.33912240e-08 
 9.19250000e-07  3.29999999e+00  9.19250000e-07  3.29999999e+00  9.19250000e-07  0.00000000e+00  9.19250000e-07 -1.32486377e-08 
 9.19750000e-07  3.29999999e+00  9.19750000e-07  3.29999999e+00  9.19750000e-07  0.00000000e+00  9.19750000e-07 -1.31089866e-08 
 9.20000000e-07  3.29999999e+00  9.20000000e-07  3.29999999e+00  9.20000000e-07  0.00000000e+00  9.20000000e-07 -1.30402947e-08 
 9.20010000e-07  3.32180675e+00  9.20010000e-07  3.32181693e+00  9.20010000e-07  3.30000000e-01  9.20010000e-07  4.01841116e-04 
 9.20030000e-07  3.36309159e+00  9.20030000e-07  3.36312681e+00  9.20030000e-07  9.90000000e-01  9.20030000e-07  4.43900256e-04 
 9.20070000e-07  3.44260330e+00  9.20070000e-07  3.44264599e+00  9.20070000e-07  2.31000000e+00  9.20070000e-07  4.19771159e-04 
 9.20100000e-07  3.48067756e+00  9.20100000e-07  3.48107665e+00  9.20100000e-07  3.30000000e+00  9.20100000e-07  2.56668206e-04 
 9.20105695e-07  3.48021750e+00  9.20105695e-07  3.48072227e+00  9.20105695e-07  3.30000000e+00  9.20105695e-07 -6.37346956e-06 
 9.20117085e-07  3.47854810e+00  9.20117085e-07  3.47933303e+00  9.20117085e-07  3.30000000e+00  9.20117085e-07 -1.65897874e-05 
 9.20139866e-07  3.47126594e+00  9.20139866e-07  3.47290320e+00  9.20139866e-07  3.30000000e+00  9.20139866e-07 -2.57109297e-05 
 9.20185426e-07  3.45048380e+00  9.20185426e-07  3.45380441e+00  9.20185426e-07  3.30000000e+00  9.20185426e-07 -3.64878321e-05 
 9.20276547e-07  3.32922687e+00  9.20276547e-07  3.31080631e+00  9.20276547e-07  3.30000000e+00  9.20276547e-07 -5.08264396e-05 
 9.20359568e-07  3.09499036e+00  9.20359568e-07  3.00259125e+00  9.20359568e-07  3.30000000e+00  9.20359568e-07 -9.11753729e-05 
 9.20448777e-07  2.76983765e+00  9.20448777e-07  2.62778051e+00  9.20448777e-07  3.30000000e+00  9.20448777e-07 -6.45844083e-05 
 9.20556919e-07  2.41739123e+00  9.20556919e-07  2.21944929e+00  9.20556919e-07  3.30000000e+00  9.20556919e-07 -1.11927965e-04 
 9.20709078e-07  2.27013736e+00  9.20709078e-07  1.65016788e+00  9.20709078e-07  3.30000000e+00  9.20709078e-07 -1.72535312e-04 
 9.20868052e-07  2.67038325e+00  9.20868052e-07  1.03295535e+00  9.20868052e-07  3.30000000e+00  9.20868052e-07 -2.67738717e-04 
 9.20983554e-07  3.00341345e+00  9.20983554e-07  6.96153685e-01  9.20983554e-07  3.30000000e+00  9.20983554e-07 -1.61986080e-04 
 9.21129865e-07  3.20694396e+00  9.21129865e-07  4.29659761e-01  9.21129865e-07  3.30000000e+00  9.21129865e-07 -8.19700691e-05 
 9.21282908e-07  3.26420702e+00  9.21282908e-07  2.61557678e-01  9.21282908e-07  3.30000000e+00  9.21282908e-07 -2.37100944e-05 
 9.21462375e-07  3.28209874e+00  9.21462375e-07  1.49038854e-01  9.21462375e-07  3.30000000e+00  9.21462375e-07 -2.77994156e-05 
 9.21755120e-07  3.29333088e+00  9.21755120e-07  5.26909907e-02  9.21755120e-07  3.30000000e+00  9.21755120e-07  2.64598035e-06 
 9.22092714e-07  3.29821910e+00  9.22092714e-07  1.68634420e-02  9.22092714e-07  3.30000000e+00  9.22092714e-07 -1.12970856e-05 
 9.22592714e-07  3.29969796e+00  9.22592714e-07  7.16830714e-04  9.22592714e-07  3.30000000e+00  9.22592714e-07  9.02817273e-06 
 9.23092714e-07  3.30006135e+00  9.23092714e-07  9.75169390e-04  9.23092714e-07  3.30000000e+00  9.23092714e-07 -9.20861557e-06 
 9.23592714e-07  3.29993823e+00  9.23592714e-07 -7.28758115e-04  9.23592714e-07  3.30000000e+00  9.23592714e-07  9.14417651e-06 
 9.24092714e-07  3.30004213e+00  9.24092714e-07  6.85995067e-04  9.24092714e-07  3.30000000e+00  9.24092714e-07 -9.10819354e-06 
 9.24592714e-07  3.29997179e+00  9.24592714e-07 -6.27603227e-04  9.24592714e-07  3.30000000e+00  9.24592714e-07  9.07271547e-06 
 9.25092714e-07  3.30001614e+00  9.25092714e-07  5.84358312e-04  9.25092714e-07  3.30000000e+00  9.25092714e-07 -9.04052518e-06 
 9.25592714e-07  3.29999323e+00  9.25592714e-07 -5.39849522e-04  9.25592714e-07  3.30000000e+00  9.25592714e-07  9.01028353e-06 
 9.26092714e-07  3.29999876e+00  9.26092714e-07  5.06418855e-04  9.26092714e-07  3.30000000e+00  9.26092714e-07 -8.98251510e-06 
 9.26592714e-07  3.30000744e+00  9.26592714e-07 -4.70940602e-04  9.26592714e-07  3.30000000e+00  9.26592714e-07  8.95630764e-06 
 9.27092714e-07  3.29998737e+00  9.27092714e-07  4.44550385e-04  9.27092714e-07  3.30000000e+00  9.27092714e-07 -8.93209719e-06 
 9.27592714e-07  3.30001660e+00  9.27592714e-07 -4.15627537e-04  9.27592714e-07  3.30000000e+00  9.27592714e-07  8.90917576e-06 
 9.28092714e-07  3.29998004e+00  9.28092714e-07  3.94367422e-04  9.28092714e-07  3.30000000e+00  9.28092714e-07 -8.88793538e-06 
 9.28592714e-07  3.30002241e+00  9.28592714e-07 -3.70278668e-04  9.28592714e-07  3.30000000e+00  9.28592714e-07  8.86774918e-06 
 9.29092714e-07  3.29997547e+00  9.29092714e-07  3.52800187e-04  9.29092714e-07  3.30000000e+00  9.29092714e-07 -8.84900546e-06 
 9.29592714e-07  3.30002597e+00  9.29592714e-07 -3.32364662e-04  9.29592714e-07  3.30000000e+00  9.29592714e-07  8.83113684e-06 
 9.30092714e-07  3.29997277e+00  9.30092714e-07  3.17729586e-04  9.30092714e-07  3.30000000e+00  9.30092714e-07 -8.81452248e-06 
 9.30592714e-07  3.30002799e+00  9.30592714e-07 -3.00114919e-04  9.30592714e-07  3.30000000e+00  9.30592714e-07  8.79864299e-06 
 9.31092714e-07  3.29997132e+00  9.31092714e-07  2.87664871e-04  9.31092714e-07  3.30000000e+00  9.31092714e-07 -8.78386556e-06 
 9.31592714e-07  3.30002898e+00  9.31592714e-07 -2.72276561e-04  9.31592714e-07  3.30000000e+00  9.31592714e-07  8.76971061e-06 
 9.32092714e-07  3.29997071e+00  9.32092714e-07  2.61543613e-04  9.32092714e-07  3.30000000e+00  9.32092714e-07 -8.75653214e-06 
 9.32592714e-07  3.30002929e+00  9.32592714e-07 -2.47950472e-04  9.32592714e-07  3.30000000e+00  9.32592714e-07  8.74388425e-06 
 9.33092714e-07  3.29997066e+00  9.33092714e-07  2.38596916e-04  9.33092714e-07  3.30000000e+00  9.33092714e-07 -8.73210746e-06 
 9.33592714e-07  3.30002913e+00  9.33592714e-07 -2.26480653e-04  9.33592714e-07  3.30000000e+00  9.33592714e-07  8.72078484e-06 
 9.34092714e-07  3.29997100e+00  9.34092714e-07  2.18258384e-04  9.34092714e-07  3.30000000e+00  9.34092714e-07 -8.71024361e-06 
 9.34592714e-07  3.30002866e+00  9.34592714e-07 -2.07379424e-04  9.34592714e-07  3.30000000e+00  9.34592714e-07  8.70009208e-06 
 9.35092714e-07  3.29997158e+00  9.35092714e-07  2.00102495e-04  9.35092714e-07  3.30000000e+00  9.35092714e-07 -8.69064468e-06 
 9.35592714e-07  3.30002800e+00  9.35592714e-07 -1.90276729e-04  9.35592714e-07  3.30000000e+00  9.35592714e-07  8.68153192e-06 
 9.36092714e-07  3.29997232e+00  9.36092714e-07  1.83802756e-04  9.36092714e-07  3.30000000e+00  9.36092714e-07 -8.67305614e-06 
 9.36592714e-07  3.30002720e+00  9.36592714e-07 -1.74885665e-04  9.36592714e-07  3.30000000e+00  9.36592714e-07  8.66486750e-06 
 9.37092714e-07  3.29997316e+00  9.37092714e-07  1.69103179e-04  9.37092714e-07  3.30000000e+00  9.37092714e-07 -8.65725699e-06 
 9.37592714e-07  3.30002633e+00  9.37592714e-07 -1.60978927e-04  9.37592714e-07  3.30000000e+00  9.37592714e-07  8.64989237e-06 
 9.38092714e-07  3.29997407e+00  9.38092714e-07  1.55798738e-04  9.38092714e-07  3.30000000e+00  9.38092714e-07 -8.64305400e-06 
 9.38592714e-07  3.30002541e+00  9.38592714e-07 -1.48372631e-04  9.38592714e-07  3.30000000e+00  9.38592714e-07  8.63642542e-06 
 9.39092714e-07  3.29997500e+00  9.39092714e-07  1.43721884e-04  9.39092714e-07  3.30000000e+00  9.39092714e-07 -8.63027717e-06 
 9.39592714e-07  3.30002447e+00  9.39592714e-07 -1.36915111e-04  9.39592714e-07  3.30000000e+00  9.39592714e-07  8.62430698e-06 
 9.40092714e-07  3.29997595e+00  9.40092714e-07  1.32733165e-04  9.40092714e-07  3.30000000e+00  9.40092714e-07 -8.61877629e-06 
 9.40592714e-07  3.30002352e+00  9.40592714e-07 -1.26479092e-04  9.40592714e-07  3.30000000e+00  9.40592714e-07  8.61339569e-06 
 9.41092714e-07  3.29997690e+00  9.41092714e-07  1.22714640e-04  9.41092714e-07  3.30000000e+00  9.41092714e-07 -8.60841817e-06 
 9.41592714e-07  3.30002258e+00  9.41592714e-07 -1.16956160e-04  9.41592714e-07  3.30000000e+00  9.41592714e-07  8.60356601e-06 
 9.42092714e-07  3.29997784e+00  9.42092714e-07  1.13565184e-04  9.42092714e-07  3.30000000e+00  9.42092714e-07 -8.59908439e-06 
 9.42592714e-07  3.30002165e+00  9.42592714e-07 -1.08252805e-04  9.42592714e-07  3.30000000e+00  9.42592714e-07  8.59470621e-06 
 9.43092714e-07  3.29997876e+00  9.43092714e-07  1.05197103e-04  9.43092714e-07  3.30000000e+00  9.43092714e-07 -8.59066944e-06 
 9.43592714e-07  3.30002074e+00  9.43592714e-07 -1.00287528e-04  9.43592714e-07  3.30000000e+00  9.43592714e-07  8.58671664e-06 
 9.44092714e-07  3.29997967e+00  9.44092714e-07  9.75336392e-05  9.44092714e-07  3.30000000e+00  9.44092714e-07 -8.58307914e-06 
 9.44592714e-07  3.30001985e+00  9.44592714e-07 -9.29887113e-05  9.44592714e-07  3.30000000e+00  9.44592714e-07  8.57950832e-06 
 9.45092714e-07  3.29998055e+00  9.45092714e-07  9.05071105e-05  9.45092714e-07  3.30000000e+00  9.45092714e-07 -8.57622936e-06 
 9.45592714e-07  3.30001898e+00  9.45592714e-07 -8.62929962e-05  9.45592714e-07  3.30000000e+00  9.45592714e-07  8.57300170e-06 
 9.46092714e-07  3.29998140e+00  9.46092714e-07  8.40574801e-05  9.46092714e-07  3.30000000e+00  9.46092714e-07 -8.57004484e-06 
 9.46592714e-07  3.30001815e+00  9.46592714e-07 -8.01440358e-05  9.46592714e-07  3.30000000e+00  9.46592714e-07  8.56712560e-06 
 9.47092714e-07  3.29998223e+00  9.47092714e-07  7.81312453e-05  9.47092714e-07  3.30000000e+00  9.47092714e-07 -8.56445820e-06 
 9.47592714e-07  3.30001734e+00  9.47592714e-07 -7.44915102e-05  9.47592714e-07  3.30000000e+00  9.47592714e-07  8.56181626e-06 
 9.48092714e-07  3.29998303e+00  9.48092714e-07  7.26805489e-05  9.48092714e-07  3.30000000e+00  9.48092714e-07 -8.55940911e-06 
 9.48592714e-07  3.30001655e+00  9.48592714e-07 -6.92903335e-05  9.48592714e-07  3.30000000e+00  9.48592714e-07  8.55701659e-06 
 9.49092714e-07  3.29998380e+00  9.49092714e-07  6.76624574e-05  9.49092714e-07  3.30000000e+00  9.49092714e-07 -8.55484350e-06 
 9.49592714e-07  3.30001580e+00  9.49592714e-07 -6.45000031e-05  9.49592714e-07  3.30000000e+00  9.49592714e-07  8.55267539e-06 
 9.50092714e-07  3.29998454e+00  9.50092714e-07  6.30383634e-05  9.50092714e-07  3.30000000e+00  9.50092714e-07 -8.55071288e-06 
 9.50592714e-07  3.30001507e+00  9.50592714e-07 -6.00840567e-05  9.50592714e-07  3.30000000e+00  9.50592714e-07  8.54874677e-06 
 9.51092714e-07  3.29998525e+00  9.51092714e-07  5.87734832e-05  9.51092714e-07  3.30000000e+00  9.51092714e-07 -8.54697379e-06 
 9.51592714e-07  3.30001437e+00  9.51592714e-07 -5.60096124e-05  9.51592714e-07  3.30000000e+00  9.51592714e-07  8.54518956e-06 
 9.52092714e-07  3.29998594e+00  9.52092714e-07  5.48364281e-05  9.52092714e-07  3.30000000e+00  9.52092714e-07 -8.54358720e-06 
 9.52592714e-07  3.30001370e+00  9.52592714e-07 -5.22469745e-05  9.52592714e-07  3.30000000e+00  9.52592714e-07  8.54196681e-06 
 9.53092714e-07  3.29998660e+00  9.53092714e-07  5.11988350e-05  9.53092714e-07  3.30000000e+00  9.53092714e-07 -8.54051812e-06 
 9.53592714e-07  3.30001306e+00  9.53592714e-07 -4.87692914e-05  9.53592714e-07  3.30000000e+00  9.53592714e-07  8.53904536e-06 
 9.54092714e-07  3.29998723e+00  9.54092714e-07  4.78350451e-05  9.54092714e-07  3.30000000e+00  9.54092714e-07 -8.53773513e-06 
 9.54592714e-07  3.30001244e+00  9.54592714e-07 -4.55522567e-05  9.54592714e-07  3.30000000e+00  9.54592714e-07  8.53639545e-06 
 9.55092714e-07  3.29998784e+00  9.55092714e-07  4.47218216e-05  9.55092714e-07  3.30000000e+00  9.55092714e-07 -8.53521001e-06 
 9.55592714e-07  3.30001185e+00  9.55592714e-07 -4.25738473e-05  9.55592714e-07  3.30000000e+00  9.55592714e-07  8.53399035e-06 
 9.56092714e-07  3.29998842e+00  9.56092714e-07  4.18381020e-05  9.56092714e-07  3.30000000e+00  9.56092714e-07 -8.53291743e-06 
 9.56592714e-07  3.30001128e+00  9.56592714e-07 -3.98140904e-05  9.56592714e-07  3.30000000e+00  9.56592714e-07  8.53180604e-06 
 9.57092714e-07  3.29998897e+00  9.57092714e-07  3.91647774e-05  9.57092714e-07  3.30000000e+00  9.57092714e-07 -8.53083462e-06 
 9.57592714e-07  3.30001074e+00  9.57592714e-07 -3.72548578e-05  9.57592714e-07  3.30000000e+00  9.57592714e-07  8.52982096e-06 
 9.58092714e-07  3.29998950e+00  9.58092714e-07  3.66844971e-05  9.58092714e-07  3.30000000e+00  9.58092714e-07 -8.52894113e-06 
 9.58592714e-07  3.30001022e+00  9.58592714e-07 -3.48796820e-05  9.58592714e-07  3.30000000e+00  9.58592714e-07  8.52801571e-06 
 9.59092714e-07  3.29999001e+00  9.59092714e-07  3.43814941e-05  9.59092714e-07  3.30000000e+00  9.59092714e-07 -8.52721857e-06 
 9.59592714e-07  3.30000972e+00  9.59592714e-07 -3.26735928e-05  9.59592714e-07  3.30000000e+00  9.59592714e-07  8.52637287e-06 
 9.60092714e-07  3.29999050e+00  9.60092714e-07  3.22414295e-05  9.60092714e-07  3.30000000e+00  9.60092714e-07 -8.52565042e-06 
 9.60592714e-07  3.30000925e+00  9.60592714e-07 -3.06229704e-05  9.60592714e-07  3.30000000e+00  9.60592714e-07  8.52487678e-06 
 9.61092714e-07  3.29999096e+00  9.61092714e-07  3.02512528e-05  9.61092714e-07  3.30000000e+00  9.61092714e-07 -8.52422181e-06 
 9.61592714e-07  3.30000880e+00  9.61592714e-07 -2.87154140e-05  9.61592714e-07  3.30000000e+00  9.61592714e-07  8.52351333e-06 
 9.62092714e-07  3.29999140e+00  9.62092714e-07  2.83990771e-05  9.62092714e-07  3.30000000e+00  9.62092714e-07 -8.52291938e-06 
 9.62592714e-07  3.30000837e+00  9.62592714e-07 -2.69396242e-05  9.62592714e-07  3.30000000e+00  9.62592714e-07  8.52226985e-06 
 9.63092714e-07  3.29999182e+00  9.63092714e-07  2.66740668e-05  9.63092714e-07  3.30000000e+00  9.63092714e-07 -8.52173109e-06 
 9.63592714e-07  3.30000796e+00  9.63592714e-07 -2.52852973e-05  9.63592714e-07  3.30000000e+00  9.63592714e-07  8.52113492e-06 
 9.64092714e-07  3.29999223e+00  9.64092714e-07  2.50663370e-05  9.64092714e-07  3.30000000e+00  9.64092714e-07 -8.52064611e-06 
 9.64592714e-07  3.30000756e+00  9.64592714e-07 -2.37430304e-05  9.64592714e-07  3.30000000e+00  9.64592714e-07  8.52009828e-06 
 9.65092714e-07  3.29999261e+00  9.65092714e-07  2.35668630e-05  9.65092714e-07  3.30000000e+00  9.65092714e-07 -8.51965470e-06 
 9.65592714e-07  3.30000719e+00  9.65592714e-07 -2.23042354e-05  9.65592714e-07  3.30000000e+00  9.65592714e-07  8.51915067e-06 
 9.66092714e-07  3.29999297e+00  9.66092714e-07  2.21673990e-05  9.66092714e-07  3.30000000e+00  9.66092714e-07 -8.51874806e-06 
 9.66592714e-07  3.30000683e+00  9.66592714e-07 -2.09610629e-05  9.66592714e-07  3.30000000e+00  9.66592714e-07  8.51828375e-06 
 9.67092714e-07  3.29999332e+00  9.67092714e-07  2.08604046e-05  9.67092714e-07  3.30000000e+00  9.67092714e-07 -8.51791829e-06 
 9.67592714e-07  3.30000649e+00  9.67592714e-07 -1.97063323e-05  9.67592714e-07  3.30000000e+00  9.67592714e-07  8.51749002e-06 
 9.68092714e-07  3.29999366e+00  9.68092714e-07  1.96389791e-05  9.68092714e-07  3.30000000e+00  9.68092714e-07 -8.51715826e-06 
 9.68592714e-07  3.30000617e+00  9.68592714e-07 -1.85334699e-05  9.68592714e-07  3.30000000e+00  9.68592714e-07  8.51676271e-06 
 9.69092714e-07  3.29999397e+00  9.69092714e-07  1.84968018e-05  9.69092714e-07  3.30000000e+00  9.69092714e-07 -8.51646154e-06 
 9.69592714e-07  3.30000586e+00  9.69592714e-07 -1.74364525e-05  9.69592714e-07  3.30000000e+00  9.69592714e-07  8.51609571e-06 
 9.70092714e-07  3.29999427e+00  9.70092714e-07  1.74280788e-05  9.70092714e-07  3.30000000e+00  9.70092714e-07 -8.51582232e-06 
 9.70100000e-07  3.30000059e+00  9.70100000e-07  1.50940301e-06  9.70100000e-07  3.30000000e+00  9.70100000e-07  8.51429644e-06 
 9.70102423e-07  3.29933743e+00  9.70102423e-07 -5.74375080e-04  9.70102423e-07  3.22005688e+00  9.70102423e-07 -2.88189883e-04 
 9.70107268e-07  3.29792456e+00  9.70107268e-07 -1.81216189e-03  9.70107268e-07  3.06017063e+00  9.70107268e-07 -2.68873630e-04 
 9.70116958e-07  3.29389268e+00  9.70116958e-07 -5.69407598e-03  9.70116958e-07  2.74039813e+00  9.70116958e-07 -2.74293447e-04 
 9.70136338e-07  3.26977719e+00  9.70136338e-07 -2.50224116e-02  9.70136338e-07  2.10085315e+00  9.70136338e-07 -4.65444370e-04 
 9.70164873e-07  3.24904026e+00  9.70164873e-07 -2.51919169e-02  9.70164873e-07  1.15918388e+00  9.70164873e-07 -6.50803306e-04 
 9.70199486e-07  3.25896268e+00  9.70199486e-07  5.58615560e-02  9.70199486e-07  1.69724177e-02  9.70199486e-07 -1.20895404e-03 
 9.70200000e-07  3.25936499e+00  9.70200000e-07  5.77892321e-02  9.70200000e-07  0.00000000e+00  9.70200000e-07 -1.12912537e-03 
 9.70201029e-07  3.26204145e+00  9.70201029e-07  6.30515195e-02  9.70201029e-07  0.00000000e+00  9.70201029e-07 -8.02705969e-04 
 9.70203086e-07  3.26723976e+00  9.70203086e-07  7.34860298e-02  9.70203086e-07  0.00000000e+00  9.70203086e-07 -8.00002589e-04 
 9.70207200e-07  3.27681066e+00  9.70207200e-07  9.37721723e-02  9.70207200e-07  0.00000000e+00  9.70207200e-07 -7.94786431e-04 
 9.70215429e-07  3.29333491e+00  9.70215429e-07  1.32244280e-01  9.70215429e-07  0.00000000e+00  9.70215429e-07 -7.84385288e-04 
 9.70231888e-07  3.31974421e+00  9.70231888e-07  2.03817288e-01  9.70231888e-07  0.00000000e+00  9.70231888e-07 -7.68713363e-04 
 9.70264804e-07  3.35319091e+00  9.70264804e-07  3.38822032e-01  9.70264804e-07  0.00000000e+00  9.70264804e-07 -7.36937724e-04 
 9.70330636e-07  3.38679556e+00  9.70330636e-07  6.14350169e-01  9.70330636e-07  0.00000000e+00  9.70330636e-07 -7.03134690e-04 
 9.70454796e-07  3.46268562e+00  9.70454796e-07  1.34190946e+00  9.70454796e-07  0.00000000e+00  9.70454796e-07 -5.31804387e-04 
 9.70578273e-07  3.50556566e+00  9.70578273e-07  2.09586044e+00  9.70578273e-07  0.00000000e+00  9.70578273e-07 -2.69274229e-04 
 9.70702493e-07  3.44711762e+00  9.70702493e-07  2.60563186e+00  9.70702493e-07  0.00000000e+00  9.70702493e-07 -1.14305594e-04 
 9.70829071e-07  3.40323442e+00  9.70829071e-07  2.93456211e+00  9.70829071e-07  0.00000000e+00  9.70829071e-07 -4.29729233e-05 
 9.70974761e-07  3.35230931e+00  9.70974761e-07  3.14739153e+00  9.70974761e-07  0.00000000e+00  9.70974761e-07 -1.95328730e-05 
 9.71169351e-07  3.31870529e+00  9.71169351e-07  3.25808392e+00  9.71169351e-07  0.00000000e+00  9.71169351e-07 -4.88225314e-06 
 9.71383713e-07  3.30533632e+00  9.71383713e-07  3.29055715e+00  9.71383713e-07  0.00000000e+00  9.71383713e-07 -2.17290984e-06 
 9.71800154e-07  3.29968055e+00  9.71800154e-07  3.30095197e+00  9.71800154e-07  0.00000000e+00  9.71800154e-07 -1.15255501e-07 
 9.72300154e-07  3.30002900e+00  9.72300154e-07  3.29979769e+00  9.72300154e-07  0.00000000e+00  9.72300154e-07 -9.20770075e-07 
 9.72800154e-07  3.30000620e+00  9.72800154e-07  3.30004471e+00  9.72800154e-07  0.00000000e+00  9.72800154e-07  8.10625989e-08 
 9.73300154e-07  3.29999772e+00  9.73300154e-07  3.29999029e+00  9.73300154e-07  0.00000000e+00  9.73300154e-07 -7.07098071e-07 
 9.73800154e-07  3.30000238e+00  9.73800154e-07  3.30000278e+00  9.73800154e-07  0.00000000e+00  9.73800154e-07  1.85300719e-07 
 9.74300154e-07  3.29999993e+00  9.74300154e-07  3.29999971e+00  9.74300154e-07  0.00000000e+00  9.74300154e-07 -6.22071637e-07 
 9.74800154e-07  3.30000077e+00  9.74800154e-07  3.30000045e+00  9.74800154e-07  0.00000000e+00  9.74800154e-07  2.42747290e-07 
 9.75300154e-07  3.30000020e+00  9.75300154e-07  3.30000015e+00  9.75300154e-07  0.00000000e+00  9.75300154e-07 -5.75274744e-07 
 9.75800154e-07  3.30000038e+00  9.75800154e-07  3.30000019e+00  9.75800154e-07  0.00000000e+00  9.75800154e-07  2.78181882e-07 
 9.76300154e-07  3.30000018e+00  9.76300154e-07  3.30000013e+00  9.76300154e-07  0.00000000e+00  9.76300154e-07 -5.45649287e-07 
 9.76800154e-07  3.30000023e+00  9.76800154e-07  3.30000012e+00  9.76800154e-07  0.00000000e+00  9.76800154e-07  3.02036940e-07 
 9.77300154e-07  3.30000015e+00  9.77300154e-07  3.30000009e+00  9.77300154e-07  0.00000000e+00  9.77300154e-07 -5.25260485e-07 
 9.77800154e-07  3.30000016e+00  9.77800154e-07  3.30000008e+00  9.77800154e-07  0.00000000e+00  9.77800154e-07  3.19130004e-07 
 9.78300154e-07  3.30000011e+00  9.78300154e-07  3.30000007e+00  9.78300154e-07  0.00000000e+00  9.78300154e-07 -5.10396881e-07 
 9.78800154e-07  3.30000011e+00  9.78800154e-07  3.30000006e+00  9.78800154e-07  0.00000000e+00  9.78800154e-07  3.31946995e-07 
 9.79300154e-07  3.30000009e+00  9.79300154e-07  3.30000005e+00  9.79300154e-07  0.00000000e+00  9.79300154e-07 -4.99092747e-07 
 9.79800154e-07  3.30000008e+00  9.79800154e-07  3.30000004e+00  9.79800154e-07  0.00000000e+00  9.79800154e-07  3.41895342e-07 
 9.80300154e-07  3.30000007e+00  9.80300154e-07  3.30000004e+00  9.80300154e-07  0.00000000e+00  9.80300154e-07 -4.90212482e-07 
 9.80800154e-07  3.30000006e+00  9.80800154e-07  3.30000003e+00  9.80800154e-07  0.00000000e+00  9.80800154e-07  3.49830059e-07 
 9.81300154e-07  3.30000005e+00  9.81300154e-07  3.30000003e+00  9.81300154e-07  0.00000000e+00  9.81300154e-07 -4.83056195e-07 
 9.81800154e-07  3.30000005e+00  9.81800154e-07  3.30000002e+00  9.81800154e-07  0.00000000e+00  9.81800154e-07  3.56299695e-07 
 9.82300154e-07  3.30000004e+00  9.82300154e-07  3.30000002e+00  9.82300154e-07  0.00000000e+00  9.82300154e-07 -4.77169303e-07 
 9.82800154e-07  3.30000004e+00  9.82800154e-07  3.30000002e+00  9.82800154e-07  0.00000000e+00  9.82800154e-07  3.61671639e-07 
 9.83300154e-07  3.30000003e+00  9.83300154e-07  3.30000001e+00  9.83300154e-07  0.00000000e+00  9.83300154e-07 -4.72243801e-07 
 9.83800154e-07  3.30000003e+00  9.83800154e-07  3.30000001e+00  9.83800154e-07  0.00000000e+00  9.83800154e-07  3.66200786e-07 
 9.84300154e-07  3.30000003e+00  9.84300154e-07  3.30000001e+00  9.84300154e-07  0.00000000e+00  9.84300154e-07 -4.68063623e-07 
 9.84800154e-07  3.30000002e+00  9.84800154e-07  3.30000001e+00  9.84800154e-07  0.00000000e+00  9.84800154e-07  3.70069291e-07 
 9.85300154e-07  3.30000002e+00  9.85300154e-07  3.30000001e+00  9.85300154e-07  0.00000000e+00  9.85300154e-07 -4.64472737e-07 
 9.85800154e-07  3.30000002e+00  9.85800154e-07  3.30000001e+00  9.85800154e-07  0.00000000e+00  9.85800154e-07  3.73410654e-07 
 9.86300154e-07  3.30000002e+00  9.86300154e-07  3.30000000e+00  9.86300154e-07  0.00000000e+00  9.86300154e-07 -4.61355674e-07 
 9.86800154e-07  3.30000002e+00  9.86800154e-07  3.30000000e+00  9.86800154e-07  0.00000000e+00  9.86800154e-07  3.76324871e-07 
 9.87300154e-07  3.30000001e+00  9.87300154e-07  3.30000000e+00  9.87300154e-07  0.00000000e+00  9.87300154e-07 -4.58625165e-07 
 9.87800154e-07  3.30000001e+00  9.87800154e-07  3.30000000e+00  9.87800154e-07  0.00000000e+00  9.87800154e-07  3.78888280e-07 
 9.88300154e-07  3.30000001e+00  9.88300154e-07  3.30000000e+00  9.88300154e-07  0.00000000e+00  9.88300154e-07 -4.56214048e-07 
 9.88800154e-07  3.30000001e+00  9.88800154e-07  3.30000000e+00  9.88800154e-07  0.00000000e+00  9.88800154e-07  3.81160136e-07 
 9.89300154e-07  3.30000001e+00  9.89300154e-07  3.30000000e+00  9.89300154e-07  0.00000000e+00  9.89300154e-07 -4.54069803e-07 
 9.89800154e-07  3.30000001e+00  9.89800154e-07  3.30000000e+00  9.89800154e-07  0.00000000e+00  9.89800154e-07  3.83187127e-07 
 9.90300154e-07  3.30000001e+00  9.90300154e-07  3.30000000e+00  9.90300154e-07  0.00000000e+00  9.90300154e-07 -4.52150777e-07 
 9.90800154e-07  3.30000001e+00  9.90800154e-07  3.30000000e+00  9.90800154e-07  0.00000000e+00  9.90800154e-07  3.85006516e-07 
 9.91300154e-07  3.30000000e+00  9.91300154e-07  3.30000000e+00  9.91300154e-07  0.00000000e+00  9.91300154e-07 -4.50423519e-07 
 9.91800154e-07  3.30000000e+00  9.91800154e-07  3.30000000e+00  9.91800154e-07  0.00000000e+00  9.91800154e-07  3.86648409e-07 
 9.92300154e-07  3.30000000e+00  9.92300154e-07  3.30000000e+00  9.92300154e-07  0.00000000e+00  9.92300154e-07 -4.48860864e-07 
 9.92800154e-07  3.30000000e+00  9.92800154e-07  3.30000000e+00  9.92800154e-07  0.00000000e+00  9.92800154e-07  3.88137382e-07 
 9.93300154e-07  3.30000000e+00  9.93300154e-07  3.30000000e+00  9.93300154e-07  0.00000000e+00  9.93300154e-07 -4.47440523e-07 
 9.93800154e-07  3.30000000e+00  9.93800154e-07  3.30000000e+00  9.93800154e-07  0.00000000e+00  9.93800154e-07  3.89493693e-07 
 9.94300154e-07  3.30000000e+00  9.94300154e-07  3.29999999e+00  9.94300154e-07  0.00000000e+00  9.94300154e-07 -4.46144041e-07 
 9.94800154e-07  3.30000000e+00  9.94800154e-07  3.29999999e+00  9.94800154e-07  0.00000000e+00  9.94800154e-07  3.90734189e-07 
 9.95300154e-07  3.30000000e+00  9.95300154e-07  3.29999999e+00  9.95300154e-07  0.00000000e+00  9.95300154e-07 -4.44956007e-07 
 9.95800154e-07  3.30000000e+00  9.95800154e-07  3.29999999e+00  9.95800154e-07  0.00000000e+00  9.95800154e-07  3.91872993e-07 
 9.96300154e-07  3.30000000e+00  9.96300154e-07  3.29999999e+00  9.96300154e-07  0.00000000e+00  9.96300154e-07 -4.43863458e-07 
 9.96800154e-07  3.30000000e+00  9.96800154e-07  3.29999999e+00  9.96800154e-07  0.00000000e+00  9.96800154e-07  3.92922030e-07 
 9.97300154e-07  3.30000000e+00  9.97300154e-07  3.29999999e+00  9.97300154e-07  0.00000000e+00  9.97300154e-07 -4.42855406e-07 
 9.97800154e-07  3.30000000e+00  9.97800154e-07  3.29999999e+00  9.97800154e-07  0.00000000e+00  9.97800154e-07  3.93891436e-07 
 9.98300154e-07  3.30000000e+00  9.98300154e-07  3.29999999e+00  9.98300154e-07  0.00000000e+00  9.98300154e-07 -4.41922480e-07 
 9.98800154e-07  3.30000000e+00  9.98800154e-07  3.29999999e+00  9.98800154e-07  0.00000000e+00  9.98800154e-07  3.94789887e-07 
 9.99300154e-07  3.30000000e+00  9.99300154e-07  3.29999999e+00  9.99300154e-07  0.00000000e+00  9.99300154e-07 -4.41056643e-07 
 9.99800154e-07  3.30000000e+00  9.99800154e-07  3.29999999e+00  9.99800154e-07  0.00000000e+00  9.99800154e-07  3.95624843e-07 
 1.00000000e-06  3.30000000e+00  1.00000000e-06  3.29999999e+00  1.00000000e-06  0.00000000e+00  1.00000000e-06 -4.40486869e-07 
 1.00005000e-06  3.30000000e+00  1.00005000e-06  3.29999999e+00  1.00005000e-06  0.00000000e+00  1.00005000e-06 -2.23115879e-08 
 1.00015000e-06  3.30000000e+00  1.00015000e-06  3.29999999e+00  1.00015000e-06  0.00000000e+00  1.00015000e-06 -2.22326347e-08 
 1.00035000e-06  3.30000000e+00  1.00035000e-06  3.29999999e+00  1.00035000e-06  0.00000000e+00  1.00035000e-06 -2.20765766e-08 
 1.00075000e-06  3.30000000e+00  1.00075000e-06  3.29999999e+00  1.00075000e-06  0.00000000e+00  1.00075000e-06 -2.17707912e-08 
 1.00125000e-06  3.30000000e+00  1.00125000e-06  3.29999999e+00  1.00125000e-06  0.00000000e+00  1.00125000e-06 -2.14001990e-08 
 1.00175000e-06  3.29999999e+00  1.00175000e-06  3.29999999e+00  1.00175000e-06  0.00000000e+00  1.00175000e-06 -2.10418353e-08 
 1.00225000e-06  3.29999999e+00  1.00225000e-06  3.29999999e+00  1.00225000e-06  0.00000000e+00  1.00225000e-06 -2.06951986e-08 
 1.00275000e-06  3.29999999e+00  1.00275000e-06  3.29999999e+00  1.00275000e-06  0.00000000e+00  1.00275000e-06 -2.03596339e-08 
 1.00325000e-06  3.29999999e+00  1.00325000e-06  3.29999999e+00  1.00325000e-06  0.00000000e+00  1.00325000e-06 -2.00347173e-08 
 1.00375000e-06  3.29999999e+00  1.00375000e-06  3.29999999e+00  1.00375000e-06  0.00000000e+00  1.00375000e-06 -1.97198576e-08 
 1.00425000e-06  3.29999999e+00  1.00425000e-06  3.29999999e+00  1.00425000e-06  0.00000000e+00  1.00425000e-06 -1.94146949e-08 
 1.00475000e-06  3.29999999e+00  1.00475000e-06  3.29999999e+00  1.00475000e-06  0.00000000e+00  1.00475000e-06 -1.91186938e-08 
 1.00525000e-06  3.29999999e+00  1.00525000e-06  3.29999999e+00  1.00525000e-06  0.00000000e+00  1.00525000e-06 -1.88315482e-08 
 1.00575000e-06  3.29999999e+00  1.00575000e-06  3.29999999e+00  1.00575000e-06  0.00000000e+00  1.00575000e-06 -1.85527716e-08 
 1.00625000e-06  3.29999999e+00  1.00625000e-06  3.29999999e+00  1.00625000e-06  0.00000000e+00  1.00625000e-06 -1.82821038e-08 
 1.00675000e-06  3.29999999e+00  1.00675000e-06  3.29999999e+00  1.00675000e-06  0.00000000e+00  1.00675000e-06 -1.80191002e-08 
 1.00725000e-06  3.29999999e+00  1.00725000e-06  3.29999999e+00  1.00725000e-06  0.00000000e+00  1.00725000e-06 -1.77635404e-08 
 1.00775000e-06  3.29999999e+00  1.00775000e-06  3.29999999e+00  1.00775000e-06  0.00000000e+00  1.00775000e-06 -1.75150165e-08 
 1.00825000e-06  3.29999999e+00  1.00825000e-06  3.29999999e+00  1.00825000e-06  0.00000000e+00  1.00825000e-06 -1.72733423e-08 
 1.00875000e-06  3.29999999e+00  1.00875000e-06  3.29999999e+00  1.00875000e-06  0.00000000e+00  1.00875000e-06 -1.70381418e-08 
 1.00925000e-06  3.29999999e+00  1.00925000e-06  3.29999999e+00  1.00925000e-06  0.00000000e+00  1.00925000e-06 -1.68092586e-08 
 1.00975000e-06  3.29999999e+00  1.00975000e-06  3.29999999e+00  1.00975000e-06  0.00000000e+00  1.00975000e-06 -1.65863446e-08 
 1.01025000e-06  3.29999999e+00  1.01025000e-06  3.29999999e+00  1.01025000e-06  0.00000000e+00  1.01025000e-06 -1.63692696e-08 
 1.01075000e-06  3.29999999e+00  1.01075000e-06  3.29999999e+00  1.01075000e-06  0.00000000e+00  1.01075000e-06 -1.61577099e-08 
 1.01125000e-06  3.29999999e+00  1.01125000e-06  3.29999999e+00  1.01125000e-06  0.00000000e+00  1.01125000e-06 -1.59515580e-08 
 1.01175000e-06  3.29999999e+00  1.01175000e-06  3.29999999e+00  1.01175000e-06  0.00000000e+00  1.01175000e-06 -1.57505118e-08 
 1.01225000e-06  3.29999999e+00  1.01225000e-06  3.29999999e+00  1.01225000e-06  0.00000000e+00  1.01225000e-06 -1.55544840e-08 
 1.01275000e-06  3.29999999e+00  1.01275000e-06  3.29999999e+00  1.01275000e-06  0.00000000e+00  1.01275000e-06 -1.53631913e-08 
 1.01325000e-06  3.29999999e+00  1.01325000e-06  3.29999999e+00  1.01325000e-06  0.00000000e+00  1.01325000e-06 -1.51765643e-08 
 1.01375000e-06  3.29999999e+00  1.01375000e-06  3.29999999e+00  1.01375000e-06  0.00000000e+00  1.01375000e-06 -1.49943365e-08 
 1.01425000e-06  3.29999999e+00  1.01425000e-06  3.29999999e+00  1.01425000e-06  0.00000000e+00  1.01425000e-06 -1.48164541e-08 
 1.01475000e-06  3.29999999e+00  1.01475000e-06  3.29999999e+00  1.01475000e-06  0.00000000e+00  1.01475000e-06 -1.46426655e-08 
 1.01525000e-06  3.29999999e+00  1.01525000e-06  3.29999999e+00  1.01525000e-06  0.00000000e+00  1.01525000e-06 -1.44729310e-08 
 1.01575000e-06  3.29999999e+00  1.01575000e-06  3.29999999e+00  1.01575000e-06  0.00000000e+00  1.01575000e-06 -1.43070122e-08 
 1.01625000e-06  3.29999999e+00  1.01625000e-06  3.29999999e+00  1.01625000e-06  0.00000000e+00  1.01625000e-06 -1.41448817e-08 
 1.01675000e-06  3.29999999e+00  1.01675000e-06  3.29999999e+00  1.01675000e-06  0.00000000e+00  1.01675000e-06 -1.39863129e-08 
 1.01725000e-06  3.29999999e+00  1.01725000e-06  3.29999999e+00  1.01725000e-06  0.00000000e+00  1.01725000e-06 -1.38312898e-08 
 1.01775000e-06  3.29999999e+00  1.01775000e-06  3.29999999e+00  1.01775000e-06  0.00000000e+00  1.01775000e-06 -1.36795963e-08 
 1.01825000e-06  3.29999999e+00  1.01825000e-06  3.29999999e+00  1.01825000e-06  0.00000000e+00  1.01825000e-06 -1.35312260e-08 
 1.01875000e-06  3.29999999e+00  1.01875000e-06  3.29999999e+00  1.01875000e-06  0.00000000e+00  1.01875000e-06 -1.33859726e-08 
 1.01925000e-06  3.29999999e+00  1.01925000e-06  3.29999999e+00  1.01925000e-06  0.00000000e+00  1.01925000e-06 -1.32438386e-08 
 1.01975000e-06  3.29999999e+00  1.01975000e-06  3.29999999e+00  1.01975000e-06  0.00000000e+00  1.01975000e-06 -1.31046260e-08 
 1.02000000e-06  3.29999999e+00  1.02000000e-06  3.29999999e+00  1.02000000e-06  0.00000000e+00  1.02000000e-06 -1.30361477e-08 
 1.02001000e-06  3.32180670e+00  1.02001000e-06  3.32181698e+00  1.02001000e-06  3.30000000e-01  1.02001000e-06  4.01841219e-04 
 1.02003000e-06  3.36309148e+00  1.02003000e-06  3.36312694e+00  1.02003000e-06  9.90000000e-01  1.02003000e-06  4.43900481e-04 
 1.02007000e-06  3.44260537e+00  1.02007000e-06  3.44264272e+00  1.02007000e-06  2.31000000e+00  1.02007000e-06  4.19764130e-04 
 1.02010000e-06  3.48060575e+00  1.02010000e-06  3.48103368e+00  1.02010000e-06  3.30000000e+00  1.02010000e-06  2.56671524e-04 
 1.02010568e-06  3.48013871e+00  1.02010568e-06  3.48070175e+00  1.02010568e-06  3.30000000e+00  1.02010568e-06 -6.25218861e-06 
 1.02011705e-06  3.47844672e+00  1.02011705e-06  3.47936910e+00  1.02011705e-06  3.30000000e+00  1.02011705e-06 -1.64749806e-05 
 1.02013979e-06  3.47108340e+00  1.02013979e-06  3.47309917e+00  1.02013979e-06  3.30000000e+00  1.02013979e-06 -2.56861815e-05 
 1.02018527e-06  3.45011890e+00  1.02018527e-06  3.45429346e+00  1.02018527e-06  3.30000000e+00  1.02018527e-06 -3.64344817e-05 
 1.02026640e-06  3.35676513e+00  1.02026640e-06  3.34276843e+00  1.02026640e-06  3.30000000e+00  1.02026640e-06 -4.61053932e-05 
 1.02035165e-06  3.13518927e+00  1.02035165e-06  3.02517668e+00  1.02035165e-06  3.30000000e+00  1.02035165e-06 -9.21105271e-05 
 1.02044121e-06  2.81755692e+00  1.02044121e-06  2.63696857e+00  1.02044121e-06  3.30000000e+00  1.02044121e-06 -6.46350045e-05 
 1.02054301e-06  2.48490187e+00  1.02054301e-06  2.24531187e+00  1.02054301e-06  3.30000000e+00  1.02054301e-06 -1.06664946e-04 
 1.02068854e-06  2.31818018e+00  1.02068854e-06  1.68265566e+00  1.02068854e-06  3.30000000e+00  1.02068854e-06 -1.64872529e-04 
 1.02085148e-06  2.68909292e+00  1.02085148e-06  1.04560403e+00  1.02085148e-06  3.30000000e+00  1.02085148e-06 -2.60202852e-04 
 1.02097072e-06  3.01609507e+00  1.02097072e-06  6.96521005e-01  1.02097072e-06  3.30000000e+00  1.02097072e-06 -1.58967901e-04 
 1.02112020e-06  3.21125739e+00  1.02112020e-06  4.23533542e-01  1.02112020e-06  3.30000000e+00  1.02112020e-06 -7.75949763e-05 
 1.02127704e-06  3.26587820e+00  1.02127704e-06  2.55259296e-01  1.02127704e-06  3.30000000e+00  1.02127704e-06 -2.42041264e-05 
 1.02146200e-06  3.28284310e+00  1.02146200e-06  1.42497504e-01  1.02146200e-06  3.30000000e+00  1.02146200e-06 -2.53865959e-05 
 1.02175771e-06  3.29373760e+00  1.02175771e-06  4.97636843e-02  1.02175771e-06  3.30000000e+00  1.02175771e-06  1.39352718e-06 
 1.02210765e-06  3.29839908e+00  1.02210765e-06  1.50465556e-02  1.02210765e-06  3.30000000e+00  1.02210765e-06 -9.46194016e-06 
 1.02260765e-06  3.29974561e+00  1.02260765e-06  6.00124232e-04  1.02260765e-06  3.30000000e+00  1.02260765e-06  7.44067353e-06 
 1.02310765e-06  3.30004114e+00  1.02310765e-06  8.99813901e-04  1.02310765e-06  3.30000000e+00  1.02310765e-06 -7.60034618e-06 
 1.02360765e-06  3.29995800e+00  1.02360765e-06 -6.82194669e-04  1.02360765e-06  3.30000000e+00  1.02360765e-06  7.54253959e-06 
 1.02410765e-06  3.30002517e+00  1.02410765e-06  6.43637625e-04  1.02410765e-06  3.30000000e+00  1.02410765e-06 -7.50977948e-06 
 1.02460765e-06  3.29998669e+00  1.02460765e-06 -5.90582436e-04  1.02460765e-06  3.30000000e+00  1.02460765e-06  7.47753543e-06 
 1.02510765e-06  3.30000302e+00  1.02510765e-06  5.51734481e-04  1.02510765e-06  3.30000000e+00  1.02510765e-06 -7.44827794e-06 
 1.02560765e-06  3.30000495e+00  1.02560765e-06 -5.11006895e-04  1.02560765e-06  3.30000000e+00  1.02560765e-06  7.42077043e-06 
 1.02610765e-06  3.29998835e+00  1.02610765e-06  4.80811039e-04  1.02610765e-06  3.30000000e+00  1.02610765e-06 -7.39548398e-06 
 1.02660765e-06  3.30001682e+00  1.02660765e-06 -4.48141515e-04  1.02660765e-06  3.30000000e+00  1.02660765e-06  7.37162106e-06 
 1.02710765e-06  3.29997884e+00  1.02710765e-06  4.24220982e-04  1.02710765e-06  3.30000000e+00  1.02710765e-06 -7.34957444e-06 
 1.02760765e-06  3.30002438e+00  1.02760765e-06 -3.97393523e-04  1.02760765e-06  3.30000000e+00  1.02760765e-06  7.32867020e-06 
 1.02810765e-06  3.29997289e+00  1.02810765e-06  3.78037292e-04  1.02810765e-06  3.30000000e+00  1.02810765e-06 -7.30930348e-06 
 1.02860765e-06  3.30002902e+00  1.02860765e-06 -3.55554285e-04  1.02860765e-06  3.30000000e+00  1.02860765e-06  7.29087031e-06 
 1.02910765e-06  3.29996934e+00  1.02910765e-06  3.39571467e-04  1.02910765e-06  3.30000000e+00  1.02910765e-06 -7.27376066e-06 
 1.02960765e-06  3.30003169e+00  1.02960765e-06 -3.20387359e-04  1.02960765e-06  3.30000000e+00  1.02960765e-06  7.25742510e-06 
 1.03010765e-06  3.29996740e+00  1.03010765e-06  3.06949716e-04  1.03010765e-06  3.30000000e+00  1.03010765e-06 -7.24224359e-06 
 1.03060765e-06  3.30003304e+00  1.03060765e-06 -2.90325760e-04  1.03060765e-06  3.30000000e+00  1.03060765e-06  7.22771106e-06 
 1.03110765e-06  3.29996655e+00  1.03110765e-06  2.78851193e-04  1.03110765e-06  3.30000000e+00  1.03110765e-06 -7.21419516e-06 
 1.03160765e-06  3.30003350e+00  1.03160765e-06 -2.64258353e-04  1.03160765e-06  3.30000000e+00  1.03160765e-06  7.20122779e-06 
 1.03210765e-06  3.29996642e+00  1.03210765e-06  2.54332361e-04  1.03210765e-06  3.30000000e+00  1.03210765e-06 -7.18916336e-06 
 1.03260765e-06  3.30003337e+00  1.03260765e-06 -2.41385744e-04  1.03260765e-06  3.30000000e+00  1.03260765e-06  7.17756526e-06 
 1.03310765e-06  3.29996676e+00  1.03310765e-06  2.32708513e-04  1.03310765e-06  3.30000000e+00  1.03310765e-06 -7.16677447e-06 
 1.03360765e-06  3.30003286e+00  1.03360765e-06 -2.21122998e-04  1.03360765e-06  3.30000000e+00  1.03360765e-06  7.15638157e-06 
 1.03410765e-06  3.29996742e+00  1.03410765e-06  2.13473701e-04  1.03410765e-06  3.30000000e+00  1.03410765e-06 -7.14671443e-06 
 1.03460765e-06  3.30003209e+00  1.03460765e-06 -2.03033847e-04  1.03460765e-06  3.30000000e+00  1.03460765e-06  7.13738740e-06 
 1.03510765e-06  3.29996828e+00  1.03510765e-06  1.96246512e-04  1.03510765e-06  3.30000000e+00  1.03510765e-06 -7.12871576e-06 
 1.03560765e-06  3.30003116e+00  1.03560765e-06 -1.86786078e-04  1.03560765e-06  3.30000000e+00  1.03560765e-06  7.12033487e-06 
 1.03610765e-06  3.29996927e+00  1.03610765e-06  1.80733233e-04  1.03610765e-06  3.30000000e+00  1.03610765e-06 -7.11254811e-06 
 1.03660765e-06  3.30003014e+00  1.03660765e-06 -1.72121169e-04  1.03660765e-06  3.30000000e+00  1.03660765e-06  7.10500951e-06 
 1.03710765e-06  3.29997033e+00  1.03710765e-06  1.66702710e-04  1.03710765e-06  3.30000000e+00  1.03710765e-06 -7.09801128e-06 
 1.03760765e-06  3.30002906e+00  1.03760765e-06 -1.58833537e-04  1.03760765e-06  3.30000000e+00  1.03760765e-06  7.09122422e-06 
 1.03810765e-06  3.29997143e+00  1.03810765e-06  1.53969117e-04  1.03810765e-06  3.30000000e+00  1.03810765e-06 -7.08493009e-06 
 1.03860765e-06  3.30002796e+00  1.03860765e-06 -1.46756258e-04  1.03860765e-06  3.30000000e+00  1.03860765e-06  7.07881475e-06 
 1.03910765e-06  3.29997254e+00  1.03910765e-06  1.42380048e-04  1.03910765e-06  3.30000000e+00  1.03910765e-06 -7.07315028e-06 
 1.03960765e-06  3.30002685e+00  1.03960765e-06 -1.35751178e-04  1.03960765e-06  3.30000000e+00  1.03960765e-06  7.06763618e-06 
 1.04010765e-06  3.29997365e+00  1.04010765e-06  1.31808235e-04  1.04010765e-06  3.30000000e+00  1.04010765e-06 -7.06253552e-06 
 1.04060765e-06  3.30002575e+00  1.04060765e-06 -1.25701985e-04  1.04060765e-06  3.30000000e+00  1.04060765e-06  7.05756015e-06 
 1.04110765e-06  3.29997475e+00  1.04110765e-06  1.22145701e-04  1.04110765e-06  3.30000000e+00  1.04110765e-06 -7.05296483e-06 
 1.04160765e-06  3.30002466e+00  1.04160765e-06 -1.16509315e-04  1.04160765e-06  3.30000000e+00  1.04160765e-06  7.04847262e-06 
 1.04210765e-06  3.29997582e+00  1.04210765e-06  1.13299611e-04  1.04210765e-06  3.30000000e+00  1.04210765e-06 -7.04433059e-06 
 1.04260765e-06  3.30002360e+00  1.04260765e-06 -1.08087230e-04  1.04260765e-06  3.30000000e+00  1.04260765e-06  7.04027205e-06 
 1.04310765e-06  3.29997687e+00  1.04310765e-06  1.05189250e-04  1.04310765e-06  3.30000000e+00  1.04310765e-06 -7.03653689e-06 
 1.04360765e-06  3.30002257e+00  1.04360765e-06 -1.00360656e-04  1.04360765e-06  3.30000000e+00  1.04360765e-06  7.03286782e-06 
 1.04410765e-06  3.29997789e+00  1.04410765e-06  9.77438114e-05  1.04410765e-06  3.30000000e+00  1.04410765e-06 -7.02949810e-06 
 1.04460765e-06  3.30002157e+00  1.04460765e-06 -9.32634719e-05  1.04460765e-06  3.30000000e+00  1.04460765e-06  7.02617900e-06 
 1.04510765e-06  3.29997888e+00  1.04510765e-06  9.09007246e-05  1.04510765e-06  3.30000000e+00  1.04510765e-06 -7.02313766e-06 
 1.04560765e-06  3.30002060e+00  1.04560765e-06 -8.67370644e-05  1.04560765e-06  3.30000000e+00  1.04560765e-06  7.02013320e-06 
 1.04610765e-06  3.29997983e+00  1.04610765e-06  8.46043809e-05  1.04610765e-06  3.30000000e+00  1.04610765e-06 -7.01738708e-06 
 1.04660765e-06  3.30001967e+00  1.04660765e-06 -8.07292093e-05  1.04660765e-06  3.30000000e+00  1.04660765e-06  7.01466562e-06 
 1.04710765e-06  3.29998075e+00  1.04710765e-06  7.88051323e-05  1.04710765e-06  3.30000000e+00  1.04710765e-06 -7.01218502e-06 
 1.04760765e-06  3.30001877e+00  1.04760765e-06 -7.51931847e-05  1.04760765e-06  3.30000000e+00  1.04760765e-06  7.00971822e-06 
 1.04810765e-06  3.29998164e+00  1.04810765e-06  7.34584912e-05  1.04810765e-06  3.30000000e+00  1.04810765e-06 -7.00747653e-06 
 1.04860765e-06  3.30001790e+00  1.04860765e-06 -7.00870560e-05  1.04860765e-06  3.30000000e+00  1.04860765e-06  7.00523897e-06 
 1.04910765e-06  3.29998249e+00  1.04910765e-06  6.85244793e-05  1.04910765e-06  3.30000000e+00  1.04910765e-06 -7.00321232e-06 
 1.04960765e-06  3.30001707e+00  1.04960765e-06 -6.53730884e-05  1.04960765e-06  3.30000000e+00  1.04960765e-06  7.00118122e-06 
 1.05010765e-06  3.29998331e+00  1.05010765e-06  6.39670862e-05  1.05010765e-06  3.30000000e+00  1.05010765e-06 -6.99934821e-06 
 1.05060765e-06  3.30001627e+00  1.05060765e-06 -6.10172545e-05  1.05060765e-06  3.30000000e+00  1.05060765e-06  6.99750311e-06 
 1.05110765e-06  3.29998409e+00  1.05110765e-06  5.97538140e-05  1.05110765e-06  3.30000000e+00  1.05110765e-06 -6.99584454e-06 
 1.05160765e-06  3.30001550e+00  1.05160765e-06 -5.69888173e-05  1.05160765e-06  3.30000000e+00  1.05160765e-06  6.99416709e-06 
 1.05210765e-06  3.29998485e+00  1.05210765e-06  5.58552873e-05  1.05210765e-06  3.30000000e+00  1.05210765e-06 -6.99266573e-06 
 1.05260765e-06  3.30001476e+00  1.05260765e-06 -5.32599713e-05  1.05260765e-06  3.30000000e+00  1.05260765e-06  6.99113945e-06 
 1.05310765e-06  3.29998557e+00  1.05310765e-06  5.22449176e-05  1.05310765e-06  3.30000000e+00  1.05310765e-06 -6.98977981e-06 
 1.05360765e-06  3.30001406e+00  1.05360765e-06 -4.98055316e-05  1.05360765e-06  3.30000000e+00  1.05360765e-06  6.98838990e-06 
 1.05410765e-06  3.29998626e+00  1.05410765e-06  4.88986100e-05  1.05410765e-06  3.30000000e+00  1.05410765e-06 -6.98715810e-06 
 1.05460765e-06  3.30001338e+00  1.05460765e-06 -4.66026612e-05  1.05460765e-06  3.30000000e+00  1.05460765e-06  6.98589125e-06 
 1.05510765e-06  3.29998692e+00  1.05510765e-06  4.57945059e-05  1.05510765e-06  3.30000000e+00  1.05510765e-06 -6.98477479e-06 
 1.05560765e-06  3.30001274e+00  1.05560765e-06 -4.36306313e-05  1.05560765e-06  3.30000000e+00  1.05560765e-06  6.98361907e-06 
 1.05610765e-06  3.29998755e+00  1.05610765e-06  4.29127566e-05  1.05610765e-06  3.30000000e+00  1.05610765e-06 -6.98260673e-06 
 1.05660765e-06  3.30001212e+00  1.05660765e-06 -4.08706095e-05  1.05660765e-06  3.30000000e+00  1.05660765e-06  6.98155138e-06 
 1.05710765e-06  3.29998815e+00  1.05710765e-06  4.02353214e-05  1.05710765e-06  3.30000000e+00  1.05710765e-06 -6.98063308e-06 
 1.05760765e-06  3.30001153e+00  1.05760765e-06 -3.83054709e-05  1.05760765e-06  3.30000000e+00  1.05760765e-06  6.97966844e-06 
 1.05810765e-06  3.29998873e+00  1.05810765e-06  3.77457887e-05  1.05810765e-06  3.30000000e+00  1.05810765e-06 -6.97883511e-06 
 1.05860765e-06  3.30001097e+00  1.05860765e-06 -3.59196301e-05  1.05860765e-06  3.30000000e+00  1.05860765e-06  6.97795250e-06 
 1.05910765e-06  3.29998928e+00  1.05910765e-06  3.54292167e-05  1.05910765e-06  3.30000000e+00  1.05910765e-06 -6.97719599e-06 
 1.05960765e-06  3.30001043e+00  1.05960765e-06 -3.36988912e-05  1.05960765e-06  3.30000000e+00  1.05960765e-06  6.97638759e-06 
 1.06010765e-06  3.29998981e+00  1.06010765e-06  3.32719900e-05  1.06010765e-06  3.30000000e+00  1.06010765e-06 -6.97570055e-06 
 1.06060765e-06  3.30000992e+00  1.06060765e-06 -3.16303134e-05  1.06060765e-06  3.30000000e+00  1.06060765e-06  6.97495931e-06 
 1.06110765e-06  3.29999031e+00  1.06110765e-06  3.12616917e-05  1.06110765e-06  3.30000000e+00  1.06110765e-06 -6.97433515e-06 
 1.06160765e-06  3.30000943e+00  1.06160765e-06 -2.97020903e-05  1.06160765e-06  3.30000000e+00  1.06160765e-06  6.97365475e-06 
 1.06210765e-06  3.29999079e+00  1.06210765e-06  2.93869891e-05  1.06210765e-06  3.30000000e+00  1.06210765e-06 -6.97308752e-06 
 1.06260765e-06  3.30000896e+00  1.06260765e-06 -2.79034420e-05  1.06260765e-06  3.30000000e+00  1.06260765e-06  6.97246225e-06 
 1.06310765e-06  3.29999124e+00  1.06310765e-06  2.76375299e-05  1.06310765e-06  3.30000000e+00  1.06310765e-06 -6.97194659e-06 
 1.06360765e-06  3.30000852e+00  1.06360765e-06 -2.62245177e-05  1.06360765e-06  3.30000000e+00  1.06360765e-06  6.97137130e-06 
 1.06410765e-06  3.29999168e+00  1.06410765e-06  2.60038502e-05  1.06410765e-06  3.30000000e+00  1.06410765e-06 -6.97090240e-06 
 1.06460765e-06  3.30000810e+00  1.06460765e-06 -2.46563084e-05  1.06460765e-06  3.30000000e+00  1.06460765e-06  6.97037246e-06 
 1.06510765e-06  3.29999209e+00  1.06510765e-06  2.44772910e-05  1.06510765e-06  3.30000000e+00  1.06510765e-06 -6.96994597e-06 
 1.06560765e-06  3.30000769e+00  1.06560765e-06 -2.31905680e-05  1.06560765e-06  3.30000000e+00  1.06560765e-06  6.96945721e-06 
 1.06610765e-06  3.29999248e+00  1.06610765e-06  2.30499231e-05  1.06610765e-06  3.30000000e+00  1.06610765e-06 -6.96906920e-06 
 1.06660765e-06  3.30000731e+00  1.06660765e-06 -2.18197429e-05  1.06660765e-06  3.30000000e+00  1.06660765e-06  6.96861784e-06 
 1.06710765e-06  3.29999286e+00  1.06710765e-06  2.17144793e-05  1.06710765e-06  3.30000000e+00  1.06710765e-06 -6.96826479e-06 
 1.06760765e-06  3.30000694e+00  1.06760765e-06 -2.05369077e-05  1.06760765e-06  3.30000000e+00  1.06760765e-06  6.96784744e-06 
 1.06810765e-06  3.29999322e+00  1.06810765e-06  2.04642940e-05  1.06810765e-06  3.30000000e+00  1.06810765e-06 -6.96752615e-06 
 1.06860765e-06  3.30000659e+00  1.06860765e-06 -1.93357077e-05  1.06860765e-06  3.30000000e+00  1.06860765e-06  6.96713973e-06 
 1.06910765e-06  3.29999356e+00  1.06910765e-06  1.92932481e-05  1.06910765e-06  3.30000000e+00  1.06910765e-06 -6.96684734e-06 
 1.06960765e-06  3.30000626e+00  1.06960765e-06 -1.82103072e-05  1.06960765e-06  3.30000000e+00  1.06960765e-06  6.96648907e-06 
 1.07010000e-06  3.29999388e+00  1.07010000e-06  1.81893730e-05  1.07010000e-06  3.30000000e+00  1.07010000e-06 -6.96621821e-06 
 1.07011000e-06  3.29714672e+00  1.07011000e-06 -2.86818325e-03  1.07011000e-06  2.97000000e+00  1.07011000e-06 -2.80005257e-04 
 1.07013000e-06  3.27864959e+00  1.07013000e-06 -1.86169789e-02  1.07013000e-06  2.31000000e+00  1.07013000e-06 -3.61784936e-04 
 1.07017000e-06  3.24826786e+00  1.07017000e-06 -1.65856835e-02  1.07017000e-06  9.90000000e-01  1.07017000e-06 -7.85029189e-04 
 1.07020000e-06  3.25954672e+00  1.07020000e-06  5.99180331e-02  1.07020000e-06  1.28119737e-12  1.07020000e-06 -1.14530565e-03 
 1.07020471e-06  3.27071367e+00  1.07020471e-06  8.32701622e-02  1.07020471e-06  0.00000000e+00  1.07020471e-06 -7.97931659e-04 
 1.07021414e-06  3.29071415e+00  1.07021414e-06  1.28241359e-01  1.07021414e-06  0.00000000e+00  1.07021414e-06 -7.85831052e-04 
 1.07023300e-06  3.32117724e+00  1.07023300e-06  2.10661342e-01  1.07023300e-06  0.00000000e+00  1.07023300e-06 -7.67497416e-04 
 1.07027071e-06  3.35759579e+00  1.07027071e-06  3.65037281e-01  1.07027071e-06  0.00000000e+00  1.07027071e-06 -7.32894726e-04 
 1.07034613e-06  3.39391074e+00  1.07034613e-06  6.89763432e-01  1.07034613e-06  0.00000000e+00  1.07034613e-06 -6.92127349e-04 
 1.07046845e-06  3.47017244e+00  1.07046845e-06  1.42739791e+00  1.07046845e-06  0.00000000e+00  1.07046845e-06 -5.07000643e-04 
 1.07059506e-06  3.50147910e+00  1.07059506e-06  2.16873736e+00  1.07059506e-06  0.00000000e+00  1.07059506e-06 -2.43301704e-04 
 1.07073075e-06  3.43302438e+00  1.07073075e-06  2.67392578e+00  1.07073075e-06  0.00000000e+00  1.07073075e-06 -8.10575489e-05 
 1.07086393e-06  3.38851957e+00  1.07086393e-06  2.99139143e+00  1.07086393e-06  0.00000000e+00  1.07086393e-06 -3.83582425e-05 
 1.07100400e-06  3.34555965e+00  1.07100400e-06  3.16798706e+00  1.07100400e-06  0.00000000e+00  1.07100400e-06 -1.34773934e-05 
 1.07120549e-06  3.31555327e+00  1.07120549e-06  3.26605724e+00  1.07120549e-06  0.00000000e+00  1.07120549e-06 -6.04264838e-06 
 1.07144317e-06  3.30363830e+00  1.07144317e-06  3.29402804e+00  1.07144317e-06  0.00000000e+00  1.07144317e-06  1.17561790e-06 
 1.07188433e-06  3.29965515e+00  1.07188433e-06  3.30076213e+00  1.07188433e-06  0.00000000e+00  1.07188433e-06 -2.54156317e-06 
 1.07238433e-06  3.30004571e+00  1.07238433e-06  3.29984815e+00  1.07238433e-06  0.00000000e+00  1.07238433e-06  1.81906562e-06 
 1.07288433e-06  3.30000251e+00  1.07288433e-06  3.30003852e+00  1.07288433e-06  0.00000000e+00  1.07288433e-06 -2.44899700e-06 
 1.07338433e-06  3.29999844e+00  1.07338433e-06  3.29999114e+00  1.07338433e-06  0.00000000e+00  1.07338433e-06  1.95071358e-06 
 1.07388433e-06  3.30000177e+00  1.07388433e-06  3.30000227e+00  1.07388433e-06  0.00000000e+00  1.07388433e-06 -2.38084006e-06 
 1.07438433e-06  3.29999997e+00  1.07438433e-06  3.29999972e+00  1.07438433e-06  0.00000000e+00  1.07438433e-06  2.01077721e-06 
 1.07488433e-06  3.30000059e+00  1.07488433e-06  3.30000031e+00  1.07488433e-06  0.00000000e+00  1.07488433e-06 -2.33814366e-06 
 1.07538433e-06  3.30000019e+00  1.07538433e-06  3.30000012e+00  1.07538433e-06  0.00000000e+00  1.07538433e-06  2.04630663e-06 
 1.07588433e-06  3.30000030e+00  1.07588433e-06  3.30000013e+00  1.07588433e-06  0.00000000e+00  1.07588433e-06 -2.31016917e-06 
 1.07638433e-06  3.30000017e+00  1.07638433e-06  3.30000010e+00  1.07638433e-06  0.00000000e+00  1.07638433e-06  2.06997131e-06 
 1.07688433e-06  3.30000020e+00  1.07688433e-06  3.30000008e+00  1.07688433e-06  0.00000000e+00  1.07688433e-06 -2.29059154e-06 
 1.07738433e-06  3.30000013e+00  1.07738433e-06  3.30000007e+00  1.07738433e-06  0.00000000e+00  1.07738433e-06  2.08685304e-06 
 1.07788433e-06  3.30000013e+00  1.07788433e-06  3.30000006e+00  1.07788433e-06  0.00000000e+00  1.07788433e-06 -2.27617166e-06 
 1.07838433e-06  3.30000010e+00  1.07838433e-06  3.30000005e+00  1.07838433e-06  0.00000000e+00  1.07838433e-06  2.09948692e-06 
 1.07888433e-06  3.30000010e+00  1.07888433e-06  3.30000004e+00  1.07888433e-06  0.00000000e+00  1.07888433e-06 -2.26513192e-06 
 1.07938433e-06  3.30000008e+00  1.07938433e-06  3.30000004e+00  1.07938433e-06  0.00000000e+00  1.07938433e-06  2.10928879e-06 
 1.07988433e-06  3.30000007e+00  1.07988433e-06  3.30000003e+00  1.07988433e-06  0.00000000e+00  1.07988433e-06 -2.25642202e-06 
 1.08038433e-06  3.30000006e+00  1.08038433e-06  3.30000003e+00  1.08038433e-06  0.00000000e+00  1.08038433e-06  2.11710956e-06 
 1.08088433e-06  3.30000006e+00  1.08088433e-06  3.30000002e+00  1.08088433e-06  0.00000000e+00  1.08088433e-06 -2.24938278e-06 
 1.08138433e-06  3.30000005e+00  1.08138433e-06  3.30000002e+00  1.08138433e-06  0.00000000e+00  1.08138433e-06  2.12349106e-06 
 1.08188433e-06  3.30000005e+00  1.08188433e-06  3.30000002e+00  1.08188433e-06  0.00000000e+00  1.08188433e-06 -2.24358047e-06 
 1.08238433e-06  3.30000004e+00  1.08238433e-06  3.30000001e+00  1.08238433e-06  0.00000000e+00  1.08238433e-06  2.12879446e-06 
 1.08288433e-06  3.30000004e+00  1.08288433e-06  3.30000001e+00  1.08288433e-06  0.00000000e+00  1.08288433e-06 -2.23871848e-06 
 1.08338433e-06  3.30000003e+00  1.08338433e-06  3.30000001e+00  1.08338433e-06  0.00000000e+00  1.08338433e-06  2.13326976e-06 
 1.08388433e-06  3.30000003e+00  1.08388433e-06  3.30000001e+00  1.08388433e-06  0.00000000e+00  1.08388433e-06 -2.23458742e-06 
 1.08438433e-06  3.30000003e+00  1.08438433e-06  3.30000001e+00  1.08438433e-06  0.00000000e+00  1.08438433e-06  2.13709545e-06 
 1.08488433e-06  3.30000002e+00  1.08488433e-06  3.30000001e+00  1.08488433e-06  0.00000000e+00  1.08488433e-06 -2.23103539e-06 
 1.08538433e-06  3.30000002e+00  1.08538433e-06  3.30000000e+00  1.08538433e-06  0.00000000e+00  1.08538433e-06  2.14040232e-06 
 1.08588433e-06  3.30000002e+00  1.08588433e-06  3.30000000e+00  1.08588433e-06  0.00000000e+00  1.08588433e-06 -2.22794962e-06 
 1.08638433e-06  3.30000002e+00  1.08638433e-06  3.30000000e+00  1.08638433e-06  0.00000000e+00  1.08638433e-06  2.14328840e-06 
 1.08688433e-06  3.30000002e+00  1.08688433e-06  3.30000000e+00  1.08688433e-06  0.00000000e+00  1.08688433e-06 -2.22524471e-06 
 1.08738433e-06  3.30000001e+00  1.08738433e-06  3.30000000e+00  1.08738433e-06  0.00000000e+00  1.08738433e-06  2.14582860e-06 
 1.08788433e-06  3.30000001e+00  1.08788433e-06  3.30000000e+00  1.08788433e-06  0.00000000e+00  1.08788433e-06 -2.22285480e-06 
 1.08838433e-06  3.30000001e+00  1.08838433e-06  3.30000000e+00  1.08838433e-06  0.00000000e+00  1.08838433e-06  2.14808111e-06 
 1.08888433e-06  3.30000001e+00  1.08888433e-06  3.30000000e+00  1.08888433e-06  0.00000000e+00  1.08888433e-06 -2.22072830e-06 
 1.08938433e-06  3.30000001e+00  1.08938433e-06  3.30000000e+00  1.08938433e-06  0.00000000e+00  1.08938433e-06  2.15009181e-06 
 1.08988433e-06  3.30000001e+00  1.08988433e-06  3.30000000e+00  1.08988433e-06  0.00000000e+00  1.08988433e-06 -2.21882428e-06 
 1.09038433e-06  3.30000001e+00  1.09038433e-06  3.30000000e+00  1.09038433e-06  0.00000000e+00  1.09038433e-06  2.15189736e-06 
 1.09088433e-06  3.30000001e+00  1.09088433e-06  3.30000000e+00  1.09088433e-06  0.00000000e+00  1.09088433e-06 -2.21710981e-06 
 1.09138433e-06  3.30000000e+00  1.09138433e-06  3.30000000e+00  1.09138433e-06  0.00000000e+00  1.09138433e-06  2.15352741e-06 
 1.09188433e-06  3.30000000e+00  1.09188433e-06  3.30000000e+00  1.09188433e-06  0.00000000e+00  1.09188433e-06 -2.21555815e-06 
 1.09238433e-06  3.30000000e+00  1.09238433e-06  3.30000000e+00  1.09238433e-06  0.00000000e+00  1.09238433e-06  2.15500616e-06 
 1.09288433e-06  3.30000000e+00  1.09288433e-06  3.29999999e+00  1.09288433e-06  0.00000000e+00  1.09288433e-06 -2.21414732e-06 
 1.09338433e-06  3.30000000e+00  1.09338433e-06  3.29999999e+00  1.09338433e-06  0.00000000e+00  1.09338433e-06  2.15635361e-06 
 1.09388433e-06  3.30000000e+00  1.09388433e-06  3.29999999e+00  1.09388433e-06  0.00000000e+00  1.09388433e-06 -2.21285912e-06 
 1.09438433e-06  3.30000000e+00  1.09438433e-06  3.29999999e+00  1.09438433e-06  0.00000000e+00  1.09438433e-06  2.15758636e-06 
 1.09488433e-06  3.30000000e+00  1.09488433e-06  3.29999999e+00  1.09488433e-06  0.00000000e+00  1.09488433e-06 -2.21167834e-06 
 1.09538433e-06  3.30000000e+00  1.09538433e-06  3.29999999e+00  1.09538433e-06  0.00000000e+00  1.09538433e-06  2.15871836e-06 
 1.09588433e-06  3.30000000e+00  1.09588433e-06  3.29999999e+00  1.09588433e-06  0.00000000e+00  1.09588433e-06 -2.21059217e-06 
 1.09638433e-06  3.30000000e+00  1.09638433e-06  3.29999999e+00  1.09638433e-06  0.00000000e+00  1.09638433e-06  2.15976140e-06 
 1.09688433e-06  3.30000000e+00  1.09688433e-06  3.29999999e+00  1.09688433e-06  0.00000000e+00  1.09688433e-06 -2.20958977e-06 
 1.09738433e-06  3.30000000e+00  1.09738433e-06  3.29999999e+00  1.09738433e-06  0.00000000e+00  1.09738433e-06  2.16072548e-06 
 1.09788433e-06  3.30000000e+00  1.09788433e-06  3.29999999e+00  1.09788433e-06  0.00000000e+00  1.09788433e-06 -2.20866187e-06 
 1.09838433e-06  3.30000000e+00  1.09838433e-06  3.29999999e+00  1.09838433e-06  0.00000000e+00  1.09838433e-06  2.16161919e-06 
 1.09888433e-06  3.30000000e+00  1.09888433e-06  3.29999999e+00  1.09888433e-06  0.00000000e+00  1.09888433e-06 -2.20780051e-06 
 1.09938433e-06  3.30000000e+00  1.09938433e-06  3.29999999e+00  1.09938433e-06  0.00000000e+00  1.09938433e-06  2.16244990e-06 
 1.09988433e-06  3.30000000e+00  1.09988433e-06  3.29999999e+00  1.09988433e-06  0.00000000e+00  1.09988433e-06 -2.20699884e-06 
 1.10000000e-06  3.30000000e+00  1.10000000e-06  3.29999999e+00  1.10000000e-06  0.00000000e+00  1.10000000e-06  2.16293281e-06 
 1.10005000e-06  3.30000000e+00  1.10005000e-06  3.29999999e+00  1.10005000e-06  0.00000000e+00  1.10005000e-06 -2.19502396e-08 
 1.10015000e-06  3.30000000e+00  1.10015000e-06  3.29999999e+00  1.10015000e-06  0.00000000e+00  1.10015000e-06 -2.18739102e-08 
 1.10035000e-06  3.30000000e+00  1.10035000e-06  3.29999999e+00  1.10035000e-06  0.00000000e+00  1.10035000e-06 -2.17230080e-08 
 1.10075000e-06  3.30000000e+00  1.10075000e-06  3.29999999e+00  1.10075000e-06  0.00000000e+00  1.10075000e-06 -2.14272257e-08 
 1.10125000e-06  3.30000000e+00  1.10125000e-06  3.29999999e+00  1.10125000e-06  0.00000000e+00  1.10125000e-06 -2.10685777e-08 
 1.10175000e-06  3.29999999e+00  1.10175000e-06  3.29999999e+00  1.10175000e-06  0.00000000e+00  1.10175000e-06 -2.07215782e-08 
 1.10225000e-06  3.29999999e+00  1.10225000e-06  3.29999999e+00  1.10225000e-06  0.00000000e+00  1.10225000e-06 -2.03857589e-08 
 1.10275000e-06  3.29999999e+00  1.10275000e-06  3.29999999e+00  1.10275000e-06  0.00000000e+00  1.10275000e-06 -2.00605030e-08 
 1.10325000e-06  3.29999999e+00  1.10325000e-06  3.29999999e+00  1.10325000e-06  0.00000000e+00  1.10325000e-06 -1.97454136e-08 
 1.10375000e-06  3.29999999e+00  1.10375000e-06  3.29999999e+00  1.10375000e-06  0.00000000e+00  1.10375000e-06 -1.94399333e-08 
 1.10425000e-06  3.29999999e+00  1.10425000e-06  3.29999999e+00  1.10425000e-06  0.00000000e+00  1.10425000e-06 -1.91437243e-08 
 1.10475000e-06  3.29999999e+00  1.10475000e-06  3.29999999e+00  1.10475000e-06  0.00000000e+00  1.10475000e-06 -1.88562811e-08 
 1.10525000e-06  3.29999999e+00  1.10525000e-06  3.29999999e+00  1.10525000e-06  0.00000000e+00  1.10525000e-06 -1.85773159e-08 
 1.10575000e-06  3.29999999e+00  1.10575000e-06  3.29999999e+00  1.10575000e-06  0.00000000e+00  1.10575000e-06 -1.83063683e-08 
 1.10625000e-06  3.29999999e+00  1.10625000e-06  3.29999999e+00  1.10625000e-06  0.00000000e+00  1.10625000e-06 -1.80431935e-08 
 1.10675000e-06  3.29999999e+00  1.10675000e-06  3.29999999e+00  1.10675000e-06  0.00000000e+00  1.10675000e-06 -1.77873702e-08 
 1.10725000e-06  3.29999999e+00  1.10725000e-06  3.29999999e+00  1.10725000e-06  0.00000000e+00  1.10725000e-06 -1.75386905e-08 
 1.10775000e-06  3.29999999e+00  1.10775000e-06  3.29999999e+00  1.10775000e-06  0.00000000e+00  1.10775000e-06 -1.72967676e-08 
 1.10825000e-06  3.29999999e+00  1.10825000e-06  3.29999999e+00  1.10825000e-06  0.00000000e+00  1.10825000e-06 -1.70614253e-08 
 1.10875000e-06  3.29999999e+00  1.10875000e-06  3.29999999e+00  1.10875000e-06  0.00000000e+00  1.10875000e-06 -1.68323068e-08 
 1.10925000e-06  3.29999999e+00  1.10925000e-06  3.29999999e+00  1.10925000e-06  0.00000000e+00  1.10925000e-06 -1.66092639e-08 
 1.10975000e-06  3.29999999e+00  1.10975000e-06  3.29999999e+00  1.10975000e-06  0.00000000e+00  1.10975000e-06 -1.63919656e-08 
 1.11025000e-06  3.29999999e+00  1.11025000e-06  3.29999999e+00  1.11025000e-06  0.00000000e+00  1.11025000e-06 -1.61802885e-08 
 1.11075000e-06  3.29999999e+00  1.11075000e-06  3.29999999e+00  1.11075000e-06  0.00000000e+00  1.11075000e-06 -1.59739244e-08 
 1.11125000e-06  3.29999999e+00  1.11125000e-06  3.29999999e+00  1.11125000e-06  0.00000000e+00  1.11125000e-06 -1.57727714e-08 
 1.11175000e-06  3.29999999e+00  1.11175000e-06  3.29999999e+00  1.11175000e-06  0.00000000e+00  1.11175000e-06 -1.55765415e-08 
 1.11225000e-06  3.29999999e+00  1.11225000e-06  3.29999999e+00  1.11225000e-06  0.00000000e+00  1.11225000e-06 -1.53851517e-08 
 1.11275000e-06  3.29999999e+00  1.11275000e-06  3.29999999e+00  1.11275000e-06  0.00000000e+00  1.11275000e-06 -1.51983319e-08 
 1.11325000e-06  3.29999999e+00  1.11325000e-06  3.29999999e+00  1.11325000e-06  0.00000000e+00  1.11325000e-06 -1.50160158e-08 
 1.11375000e-06  3.29999999e+00  1.11375000e-06  3.29999999e+00  1.11375000e-06  0.00000000e+00  1.11375000e-06 -1.48379490e-08 
 1.11425000e-06  3.29999999e+00  1.11425000e-06  3.29999999e+00  1.11425000e-06  0.00000000e+00  1.11425000e-06 -1.46640803e-08 
 1.11475000e-06  3.29999999e+00  1.11475000e-06  3.29999999e+00  1.11475000e-06  0.00000000e+00  1.11475000e-06 -1.44941692e-08 
 1.11525000e-06  3.29999999e+00  1.11525000e-06  3.29999999e+00  1.11525000e-06  0.00000000e+00  1.11525000e-06 -1.43281776e-08 
 1.11575000e-06  3.29999999e+00  1.11575000e-06  3.29999999e+00  1.11575000e-06  0.00000000e+00  1.11575000e-06 -1.41658777e-08 
 1.11625000e-06  3.29999999e+00  1.11625000e-06  3.29999999e+00  1.11625000e-06  0.00000000e+00  1.11625000e-06 -1.40072431e-08 
 1.11675000e-06  3.29999999e+00  1.11675000e-06  3.29999999e+00  1.11675000e-06  0.00000000e+00  1.11675000e-06 -1.38520572e-08 
 1.11725000e-06  3.29999999e+00  1.11725000e-06  3.29999999e+00  1.11725000e-06  0.00000000e+00  1.11725000e-06 -1.37003042e-08 
 1.11775000e-06  3.29999999e+00  1.11775000e-06  3.29999999e+00  1.11775000e-06  0.00000000e+00  1.11775000e-06 -1.35517773e-08 
 1.11825000e-06  3.29999999e+00  1.11825000e-06  3.29999999e+00  1.11825000e-06  0.00000000e+00  1.11825000e-06 -1.34064702e-08 
 1.11875000e-06  3.29999999e+00  1.11875000e-06  3.29999999e+00  1.11875000e-06  0.00000000e+00  1.11875000e-06 -1.32641852e-08 
 1.11925000e-06  3.29999999e+00  1.11925000e-06  3.29999999e+00  1.11925000e-06  0.00000000e+00  1.11925000e-06 -1.31249244e-08 
 1.11975000e-06  3.29999999e+00  1.11975000e-06  3.29999999e+00  1.11975000e-06  0.00000000e+00  1.11975000e-06 -1.29884981e-08 
 1.12000000e-06  3.29999999e+00  1.12000000e-06  3.29999999e+00  1.12000000e-06  0.00000000e+00  1.12000000e-06 -1.29213789e-08 
 1.12000845e-06  3.31862334e+00  1.12000845e-06  3.31863162e+00  1.12000845e-06  2.78880360e-01  1.12000845e-06  3.97815351e-04 
 1.12002535e-06  3.35401557e+00  1.12002535e-06  3.35404479e+00  1.12002535e-06  8.36641080e-01  1.12002535e-06  4.37745581e-04 
 1.12005916e-06  3.42025000e+00  1.12005916e-06  3.42029758e+00  1.12005916e-06  1.95216252e+00  1.12005916e-06  4.42233158e-04 
 1.12010000e-06  3.47818173e+00  1.12010000e-06  3.47871132e+00  1.12010000e-06  3.30000000e+00  1.12010000e-06  2.79051518e-04 
 1.12010443e-06  3.47793872e+00  1.12010443e-06  3.47858289e+00  1.12010443e-06  3.30000000e+00  1.12010443e-06 -3.60810494e-06 
 1.12011328e-06  3.47696737e+00  1.12011328e-06  3.47791185e+00  1.12011328e-06  3.30000000e+00  1.12011328e-06 -1.22228037e-05 
 1.12013099e-06  3.47231292e+00  1.12013099e-06  3.47419069e+00  1.12013099e-06  3.30000000e+00  1.12013099e-06 -2.31446110e-05 
 1.12016642e-06  3.45694026e+00  1.12016642e-06  3.46093833e+00  1.12016642e-06  3.30000000e+00  1.12016642e-06 -3.26698355e-05 
 1.12023726e-06  3.40852494e+00  1.12023726e-06  3.41821312e+00  1.12023726e-06  3.30000000e+00  1.12023726e-06 -3.50524780e-05 
 1.12031977e-06  3.23150724e+00  1.12031977e-06  3.15810937e+00  1.12031977e-06  3.30000000e+00  1.12031977e-06 -8.65254641e-05 
 1.12040334e-06  2.96927016e+00  1.12040334e-06  2.77420269e+00  1.12040334e-06  3.30000000e+00  1.12040334e-06 -7.02133888e-05 
 1.12050419e-06  2.62546655e+00  1.12050419e-06  2.37060574e+00  1.12050419e-06  3.30000000e+00  1.12050419e-06 -8.91015291e-05 
 1.12060800e-06  2.36774212e+00  1.12060800e-06  1.96847714e+00  1.12060800e-06  3.30000000e+00  1.12060800e-06 -1.27021519e-04 
 1.12073987e-06  2.45406838e+00  1.12073987e-06  1.43121079e+00  1.12073987e-06  3.30000000e+00  1.12073987e-06 -2.17295483e-04 
 1.12088064e-06  2.84635924e+00  1.12088064e-06  9.18497240e-01  1.12088064e-06  3.30000000e+00  1.12088064e-06 -2.19382117e-04 
 1.12103478e-06  3.14565623e+00  1.12103478e-06  5.40470796e-01  1.12103478e-06  3.30000000e+00  1.12103478e-06 -1.10119399e-04 
 1.12118280e-06  3.24641051e+00  1.12118280e-06  3.30529481e-01  1.12118280e-06  3.30000000e+00  1.12118280e-06 -4.36800865e-05 
 1.12136888e-06  3.27831181e+00  1.12136888e-06  1.84699412e-01  1.12136888e-06  3.30000000e+00  1.12136888e-06 -2.44515728e-05 
 1.12163788e-06  3.29060571e+00  1.12163788e-06  7.30624526e-02  1.12163788e-06  3.30000000e+00  1.12163788e-06 -7.23457888e-06 
 1.12193187e-06  3.29705275e+00  1.12193187e-06  2.70982833e-02  1.12193187e-06  3.30000000e+00  1.12193187e-06 -5.34555388e-06 
 1.12243187e-06  3.29948862e+00  1.12243187e-06  2.17079499e-03  1.12243187e-06  3.30000000e+00  1.12243187e-06  1.64645148e-06 
 1.12293187e-06  3.30010374e+00  1.12293187e-06  7.85182403e-04  1.12293187e-06  3.30000000e+00  1.12293187e-06 -2.01254005e-06 
 1.12343187e-06  3.29989071e+00  1.12343187e-06 -4.17869181e-04  1.12343187e-06  3.30000000e+00  1.12343187e-06  1.95482158e-06 
 1.12393187e-06  3.30008115e+00  1.12393187e-06  3.94950582e-04  1.12393187e-06  3.30000000e+00  1.12393187e-06 -1.94112638e-06 
 1.12443187e-06  3.29993730e+00  1.12443187e-06 -3.48273266e-04  1.12443187e-06  3.30000000e+00  1.12443187e-06  1.92418480e-06 
 1.12493187e-06  3.30004759e+00  1.12493187e-06  3.13501739e-04  1.12493187e-06  3.30000000e+00  1.12493187e-06 -1.90895971e-06 
 1.12543187e-06  3.29996402e+00  1.12543187e-06 -2.81304986e-04  1.12543187e-06  3.30000000e+00  1.12543187e-06  1.89456947e-06 
 1.12593187e-06  3.30002641e+00  1.12593187e-06  2.56134086e-04  1.12593187e-06  3.30000000e+00  1.12593187e-06 -1.88152713e-06 
 1.12643187e-06  3.29998101e+00  1.12643187e-06 -2.32280466e-04  1.12643187e-06  3.30000000e+00  1.12643187e-06  1.86928925e-06 
 1.12693187e-06  3.30001279e+00  1.12693187e-06  2.13842445e-04  1.12693187e-06  3.30000000e+00  1.12693187e-06 -1.85819909e-06 
 1.12743187e-06  3.29999202e+00  1.12743187e-06 -1.95758086e-04  1.12743187e-06  3.30000000e+00  1.12743187e-06  1.84776955e-06 
 1.12793187e-06  3.30000393e+00  1.12793187e-06  1.81991097e-04  1.12793187e-06  3.30000000e+00  1.12793187e-06 -1.83828856e-06 
 1.12843187e-06  3.29999917e+00  1.12843187e-06 -1.67949358e-04  1.12843187e-06  3.30000000e+00  1.12843187e-06  1.82933046e-06 
 1.12893187e-06  3.29999820e+00  1.12893187e-06  1.57452681e-04  1.12893187e-06  3.30000000e+00  1.12893187e-06 -1.82115470e-06 
 1.12943187e-06  3.30000382e+00  1.12943187e-06 -1.46292260e-04  1.12943187e-06  3.30000000e+00  1.12943187e-06  1.81340062e-06 
 1.12993187e-06  3.29999449e+00  1.12993187e-06  1.38113673e-04  1.12993187e-06  3.30000000e+00  1.12993187e-06 -1.80628979e-06 
 1.13043187e-06  3.30000678e+00  1.13043187e-06 -1.29020068e-04  1.13043187e-06  3.30000000e+00  1.13043187e-06  1.79951464e-06 
 1.13093187e-06  3.29999215e+00  1.13093187e-06  1.22522575e-04  1.13093187e-06  3.30000000e+00  1.13093187e-06 -1.79328977e-06 
 1.13143187e-06  3.30000861e+00  1.13143187e-06 -1.14942295e-04  1.13143187e-06  3.30000000e+00  1.13143187e-06  1.78732955e-06 
 1.13193187e-06  3.29999073e+00  1.13193187e-06  1.09678030e-04  1.13193187e-06  3.30000000e+00  1.13193187e-06 -1.78184753e-06 
 1.13243187e-06  3.30000970e+00  1.13243187e-06 -1.03230262e-04  1.13243187e-06  3.30000000e+00  1.13243187e-06  1.77657536e-06 
 1.13293187e-06  3.29998992e+00  1.13293187e-06  9.88883255e-05  1.13293187e-06  3.30000000e+00  1.13293187e-06 -1.77172432e-06 
 1.13343187e-06  3.30001029e+00  1.13343187e-06 -9.33065164e-05  1.13343187e-06  3.30000000e+00  1.13343187e-06  1.76704026e-06 
 1.13393187e-06  3.29998952e+00  1.13393187e-06  8.96691151e-05  1.13393187e-06  3.30000000e+00  1.13393187e-06 -1.76273136e-06 
 1.13443187e-06  3.30001054e+00  1.13443187e-06 -8.47644472e-05  1.13443187e-06  3.30000000e+00  1.13443187e-06  1.75855527e-06 
 1.13493187e-06  3.29998939e+00  1.13493187e-06  8.16771551e-05  1.13493187e-06  3.30000000e+00  1.13493187e-06 -1.75471664e-06 
 1.13543187e-06  3.30001057e+00  1.13543187e-06 -7.73139587e-05  1.13543187e-06  3.30000000e+00  1.13543187e-06  1.75098310e-06 
 1.13593187e-06  3.29998945e+00  1.13593187e-06  7.46656855e-05  1.13593187e-06  3.30000000e+00  1.13593187e-06 -1.74755557e-06 
 1.13643187e-06  3.30001045e+00  1.13643187e-06 -7.07448430e-05  1.13643187e-06  3.30000000e+00  1.13643187e-06  1.74421026e-06 
 1.13693187e-06  3.29998962e+00  1.13693187e-06  6.84543154e-05  1.13693187e-06  3.30000000e+00  1.13693187e-06 -1.74114434e-06 
 1.13743187e-06  3.30001023e+00  1.13743187e-06 -6.49020357e-05  1.13743187e-06  3.30000000e+00  1.13743187e-06  1.73814149e-06 
 1.13793187e-06  3.29998987e+00  1.13793187e-06  6.29086539e-05  1.13793187e-06  3.30000000e+00  1.13793187e-06 -1.73539521e-06 
 1.13843187e-06  3.30000996e+00  1.13843187e-06 -5.96688581e-05  1.13843187e-06  3.30000000e+00  1.13843187e-06  1.73269574e-06 
 1.13893187e-06  3.29999017e+00  1.13893187e-06  5.79264958e-05  1.13893187e-06  3.30000000e+00  1.13893187e-06 -1.73023305e-06 
 1.13943187e-06  3.30000964e+00  1.13943187e-06 -5.49556345e-05  1.13943187e-06  3.30000000e+00  1.13943187e-06  1.72780325e-06 
 1.13993187e-06  3.29999050e+00  1.13993187e-06  5.34284182e-05  1.13993187e-06  3.30000000e+00  1.13993187e-06 -1.72559295e-06 
 1.14043187e-06  3.30000930e+00  1.14043187e-06 -5.06919280e-05  1.14043187e-06  3.30000000e+00  1.14043187e-06  1.72340348e-06 
 1.14093187e-06  3.29999084e+00  1.14093187e-06  4.93513512e-05  1.14093187e-06  3.30000000e+00  1.14093187e-06 -1.72141831e-06 
 1.14143187e-06  3.30000896e+00  1.14143187e-06 -4.68212180e-05  1.14143187e-06  3.30000000e+00  1.14143187e-06  1.71944346e-06 
 1.14193187e-06  3.29999120e+00  1.14193187e-06  4.56441559e-05  1.14193187e-06  3.30000000e+00  1.14193187e-06 -1.71765946e-06 
 1.14243187e-06  3.30000861e+00  1.14243187e-06 -4.32972265e-05  1.14243187e-06  3.30000000e+00  1.14243187e-06  1.71587658e-06 
 1.14293187e-06  3.29999155e+00  1.14293187e-06  4.22645601e-05  1.14293187e-06  3.30000000e+00  1.14293187e-06 -1.71427261e-06 
 1.14343187e-06  3.30000825e+00  1.14343187e-06 -4.00813623e-05  1.14343187e-06  3.30000000e+00  1.14343187e-06  1.71266167e-06 
 1.14393187e-06  3.29999190e+00  1.14393187e-06  3.91770151e-05  1.14393187e-06  3.30000000e+00  1.14393187e-06 -1.71121898e-06 
 1.14443187e-06  3.30000791e+00  1.14443187e-06 -3.71409234e-05  1.14443187e-06  3.30000000e+00  1.14443187e-06  1.70976218e-06 
 1.14493187e-06  3.29999224e+00  1.14493187e-06  3.63511794e-05  1.14493187e-06  3.30000000e+00  1.14493187e-06 -1.70846413e-06 
 1.14543187e-06  3.30000757e+00  1.14543187e-06 -3.44478171e-05  1.14543187e-06  3.30000000e+00  1.14543187e-06  1.70714565e-06 
 1.14593187e-06  3.29999258e+00  1.14593187e-06  3.37608318e-05  1.14593187e-06  3.30000000e+00  1.14593187e-06 -1.70597738e-06 
 1.14643187e-06  3.30000724e+00  1.14643187e-06 -3.19776355e-05  1.14643187e-06  3.30000000e+00  1.14643187e-06  1.70478310e-06 
 1.14693187e-06  3.29999290e+00  1.14693187e-06  3.13830779e-05  1.14693187e-06  3.30000000e+00  1.14693187e-06 -1.70373139e-06 
 1.14743187e-06  3.30000692e+00  1.14743187e-06 -2.97089753e-05  1.14743187e-06  3.30000000e+00  1.14743187e-06  1.70264870e-06 
 1.14793187e-06  3.29999322e+00  1.14793187e-06  2.91977626e-05  1.14793187e-06  3.30000000e+00  1.14793187e-06 -1.70170171e-06 
 1.14843187e-06  3.30000661e+00  1.14843187e-06 -2.76229285e-05  1.14843187e-06  3.30000000e+00  1.14843187e-06  1.70071934e-06 
 1.14893187e-06  3.29999353e+00  1.14893187e-06  2.71870240e-05  1.14893187e-06  3.30000000e+00  1.14893187e-06 -1.69986649e-06 
 1.14943187e-06  3.30000631e+00  1.14943187e-06 -2.57026922e-05  1.14943187e-06  3.30000000e+00  1.14943187e-06  1.69897435e-06 
 1.14993187e-06  3.29999382e+00  1.14993187e-06  2.53349497e-05  1.14993187e-06  3.30000000e+00  1.14993187e-06 -1.69820616e-06 
 1.15043187e-06  3.30000602e+00  1.15043187e-06 -2.39332647e-05  1.15043187e-06  3.30000000e+00  1.15043187e-06  1.69739521e-06 
 1.15093187e-06  3.29999410e+00  1.15093187e-06  2.36273042e-05  1.15093187e-06  3.30000000e+00  1.15093187e-06 -1.69670320e-06 
 1.15143187e-06  3.30000574e+00  1.15143187e-06 -2.23012023e-05  1.15143187e-06  3.30000000e+00  1.15143187e-06  1.69596533e-06 
 1.15193187e-06  3.29999438e+00  1.15193187e-06  2.20513107e-05  1.15193187e-06  3.30000000e+00  1.15193187e-06 -1.69534189e-06 
 1.15243187e-06  3.30000547e+00  1.15243187e-06 -2.07944218e-05  1.15243187e-06  3.30000000e+00  1.15243187e-06  1.69466985e-06 
 1.15293187e-06  3.29999464e+00  1.15293187e-06  2.05954703e-05  1.15293187e-06  3.30000000e+00  1.15293187e-06 -1.69410816e-06 
 1.15343187e-06  3.30000522e+00  1.15343187e-06 -1.94020371e-05  1.15343187e-06  3.30000000e+00  1.15343187e-06  1.69349541e-06 
 1.15393187e-06  3.29999489e+00  1.15393187e-06  1.92494124e-05  1.15393187e-06  3.30000000e+00  1.15393187e-06 -1.69298935e-06 
 1.15443187e-06  3.30000497e+00  1.15443187e-06 -1.81142211e-05  1.15443187e-06  3.30000000e+00  1.15443187e-06  1.69243006e-06 
 1.15493187e-06  3.29999513e+00  1.15493187e-06  1.80037671e-05  1.15493187e-06  3.30000000e+00  1.15493187e-06 -1.69197413e-06 
 1.15543187e-06  3.30000473e+00  1.15543187e-06 -1.69220886e-05  1.15543187e-06  3.30000000e+00  1.15543187e-06  1.69146305e-06 
 1.15593187e-06  3.29999537e+00  1.15593187e-06  1.68500561e-05  1.15593187e-06  3.30000000e+00  1.15593187e-06 -1.69105231e-06 
 1.15643187e-06  3.30000451e+00  1.15643187e-06 -1.58175945e-05  1.15643187e-06  3.30000000e+00  1.15643187e-06  1.69058471e-06 
 1.15693187e-06  3.29999559e+00  1.15693187e-06  1.57805975e-05  1.15693187e-06  3.30000000e+00  1.15693187e-06 -1.69021475e-06 
 1.15743187e-06  3.30000429e+00  1.15743187e-06 -1.47934460e-05  1.15743187e-06  3.30000000e+00  1.15743187e-06  1.68978640e-06 
 1.15793187e-06  3.29999580e+00  1.15793187e-06  1.47884235e-05  1.15793187e-06  3.30000000e+00  1.15793187e-06 -1.68945322e-06 
 1.15843187e-06  3.30000408e+00  1.15843187e-06 -1.38430246e-05  1.15843187e-06  3.30000000e+00  1.15843187e-06  1.68906032e-06 
 1.15893187e-06  3.29999600e+00  1.15893187e-06  1.38672073e-05  1.15893187e-06  3.30000000e+00  1.15893187e-06 -1.68876036e-06 
 1.15943187e-06  3.30000389e+00  1.15943187e-06 -1.29603184e-05  1.15943187e-06  3.30000000e+00  1.15943187e-06  1.68839946e-06 
 1.15993187e-06  3.29999620e+00  1.15993187e-06  1.30111985e-05  1.15993187e-06  3.30000000e+00  1.15993187e-06 -1.68812950e-06 
 1.16043187e-06  3.30000370e+00  1.16043187e-06 -1.21398607e-05  1.16043187e-06  3.30000000e+00  1.16043187e-06  1.68779755e-06 
 1.16093187e-06  3.29999638e+00  1.16093187e-06  1.22151659e-05  1.16093187e-06  3.30000000e+00  1.16093187e-06 -1.68755470e-06 
 1.16143187e-06  3.30000352e+00  1.16143187e-06 -1.13766771e-05  1.16143187e-06  3.30000000e+00  1.16143187e-06  1.68724892e-06 
 1.16193187e-06  3.29999656e+00  1.16193187e-06  1.14743466e-05  1.16193187e-06  3.30000000e+00  1.16193187e-06 -1.68703058e-06 
 1.16243187e-06  3.30000334e+00  1.16243187e-06 -1.06662365e-05  1.16243187e-06  3.30000000e+00  1.16243187e-06  1.68674847e-06 
 1.16293187e-06  3.29999673e+00  1.16293187e-06  1.07844002e-05  1.16293187e-06  3.30000000e+00  1.16293187e-06 -1.68655230e-06 
 1.16343187e-06  3.30000318e+00  1.16343187e-06 -1.00044085e-05  1.16343187e-06  3.30000000e+00  1.16343187e-06  1.68629163e-06 
 1.16393187e-06  3.29999689e+00  1.16393187e-06  1.01413683e-05  1.16393187e-06  3.30000000e+00  1.16393187e-06 -1.68611553e-06 
 1.16443187e-06  3.30000302e+00  1.16443187e-06 -9.38742479e-06  1.16443187e-06  3.30000000e+00  1.16443187e-06  1.68587428e-06 
 1.16493187e-06  3.29999704e+00  1.16493187e-06  9.54163755e-06  1.16493187e-06  3.30000000e+00  1.16493187e-06 -1.68571635e-06 
 1.16543187e-06  3.30000287e+00  1.16543187e-06 -8.81184470e-06  1.16543187e-06  3.30000000e+00  1.16543187e-06  1.68549269e-06 
 1.16593187e-06  3.29999719e+00  1.16593187e-06  8.98190717e-06  1.16593187e-06  3.30000000e+00  1.16593187e-06 -1.68535123e-06 
 1.16643187e-06  3.30000273e+00  1.16643187e-06 -8.27452396e-06  1.16643187e-06  3.30000000e+00  1.16643187e-06  1.68514353e-06 
 1.16693187e-06  3.29999733e+00  1.16693187e-06  8.45915921e-06  1.16693187e-06  3.30000000e+00  1.16693187e-06 -1.68501699e-06 
 1.16743187e-06  3.30000259e+00  1.16743187e-06 -7.77258688e-06  1.16743187e-06  3.30000000e+00  1.16743187e-06  1.68482378e-06 
 1.16793187e-06  3.29999746e+00  1.16793187e-06  7.97063209e-06  1.16793187e-06  3.30000000e+00  1.16793187e-06 -1.68471079e-06 
 1.16843187e-06  3.30000247e+00  1.16843187e-06 -7.30340123e-06  1.16843187e-06  3.30000000e+00  1.16843187e-06  1.68453072e-06 
 1.16893187e-06  3.29999759e+00  1.16893187e-06  7.51379673e-06  1.16893187e-06  3.30000000e+00  1.16893187e-06 -1.68443002e-06 
 1.16943187e-06  3.30000234e+00  1.16943187e-06 -6.86455562e-06  1.16943187e-06  3.30000000e+00  1.16943187e-06  1.68426190e-06 
 1.16993187e-06  3.29999771e+00  1.16993187e-06  7.08633504e-06  1.16993187e-06  3.30000000e+00  1.16993187e-06 -1.68417237e-06 
 1.17010000e-06  3.30000212e+00  1.17010000e-06 -5.99587523e-06  1.17010000e-06  3.30000000e+00  1.17010000e-06  1.68380723e-06 
 1.17011000e-06  3.29714776e+00  1.17011000e-06 -2.87682779e-03  1.17011000e-06  2.97000000e+00  1.17011000e-06 -2.80006524e-04 
 1.17013000e-06  3.27864767e+00  1.17013000e-06 -1.86187707e-02  1.17013000e-06  2.31000000e+00  1.17013000e-06 -3.61785518e-04 
 1.17017000e-06  3.24826605e+00  1.17017000e-06 -1.65975555e-02  1.17017000e-06  9.90000000e-01  1.17017000e-06 -7.85035338e-04 
 1.17020000e-06  3.25953918e+00  1.17020000e-06  5.98946880e-02  1.17020000e-06  0.00000000e+00  1.17020000e-06 -1.14532190e-03 
 1.17020471e-06  3.27070497e+00  1.17020471e-06  8.32416187e-02  1.17020471e-06  0.00000000e+00  1.17020471e-06 -7.97952691e-04 
 1.17021414e-06  3.29070264e+00  1.17021414e-06  1.28201962e-01  1.17021414e-06  0.00000000e+00  1.17021414e-06 -7.85858116e-04 
 1.17023300e-06  3.32115923e+00  1.17023300e-06  2.10596896e-01  1.17023300e-06  0.00000000e+00  1.17023300e-06 -7.67529661e-04 
 1.17027071e-06  3.35756679e+00  1.17027071e-06  3.64910638e-01  1.17027071e-06  0.00000000e+00  1.17027071e-06 -7.32945507e-04 
 1.17034613e-06  3.39375707e+00  1.17034613e-06  6.89140908e-01  1.17034613e-06  0.00000000e+00  1.17034613e-06 -6.92368989e-04 
 1.17046874e-06  3.47005312e+00  1.17046874e-06  1.42753461e+00  1.17046874e-06  0.00000000e+00  1.17046874e-06 -5.06198828e-04 
 1.17059558e-06  3.50137141e+00  1.17059558e-06  2.16953442e+00  1.17059558e-06  0.00000000e+00  1.17059558e-06 -2.42404012e-04 
 1.17073151e-06  3.43278209e+00  1.17073151e-06  2.67500783e+00  1.17073151e-06  0.00000000e+00  1.17073151e-06 -8.06351826e-05 
 1.17086528e-06  3.38809654e+00  1.17086528e-06  2.99315379e+00  1.17086528e-06  0.00000000e+00  1.17086528e-06 -3.81984564e-05 
 1.17100531e-06  3.34533280e+00  1.17100531e-06  3.16875417e+00  1.17100531e-06  0.00000000e+00  1.17100531e-06 -1.33004344e-05 
 1.17120689e-06  3.31546113e+00  1.17120689e-06  3.26629030e+00  1.17120689e-06  0.00000000e+00  1.17120689e-06 -6.06639993e-06 
 1.17144540e-06  3.30359016e+00  1.17144540e-06  3.29412508e+00  1.17144540e-06  0.00000000e+00  1.17144540e-06  1.25288232e-06 
 1.17188724e-06  3.29965619e+00  1.17188724e-06  3.30075364e+00  1.17188724e-06  0.00000000e+00  1.17188724e-06 -2.59636473e-06 
 1.17238724e-06  3.30004585e+00  1.17238724e-06  3.29984964e+00  1.17238724e-06  0.00000000e+00  1.17238724e-06  1.88146345e-06 
 1.17288724e-06  3.30000229e+00  1.17288724e-06  3.30003783e+00  1.17288724e-06  0.00000000e+00  1.17288724e-06 -2.50566530e-06 
 1.17338724e-06  3.29999857e+00  1.17338724e-06  3.29999126e+00  1.17338724e-06  0.00000000e+00  1.17338724e-06  2.01081573e-06 
 1.17388724e-06  3.30000174e+00  1.17388724e-06  3.30000220e+00  1.17388724e-06  0.00000000e+00  1.17388724e-06 -2.43827098e-06 
 1.17438724e-06  3.30000000e+00  1.17438724e-06  3.29999970e+00  1.17438724e-06  0.00000000e+00  1.17438724e-06  2.07009253e-06 
 1.17488724e-06  3.30000059e+00  1.17488724e-06  3.30000029e+00  1.17488724e-06  0.00000000e+00  1.17488724e-06 -2.39595871e-06 
 1.17538724e-06  3.30000021e+00  1.17538724e-06  3.30000010e+00  1.17538724e-06  0.00000000e+00  1.17538724e-06  2.10526965e-06 
 1.17588724e-06  3.30000031e+00  1.17588724e-06  3.30000011e+00  1.17588724e-06  0.00000000e+00  1.17588724e-06 -2.36819067e-06 
 1.17638724e-06  3.30000018e+00  1.17638724e-06  3.30000009e+00  1.17638724e-06  0.00000000e+00  1.17638724e-06  2.12874857e-06 
 1.17688724e-06  3.30000020e+00  1.17688724e-06  3.30000007e+00  1.17688724e-06  0.00000000e+00  1.17688724e-06 -2.34873517e-06 
 1.17738724e-06  3.30000014e+00  1.17738724e-06  3.30000006e+00  1.17738724e-06  0.00000000e+00  1.17738724e-06  2.14552196e-06 
 1.17788724e-06  3.30000014e+00  1.17788724e-06  3.30000005e+00  1.17788724e-06  0.00000000e+00  1.17788724e-06 -2.33439297e-06 
 1.17838724e-06  3.30000011e+00  1.17838724e-06  3.30000004e+00  1.17838724e-06  0.00000000e+00  1.17838724e-06  2.15808780e-06 
 1.17888724e-06  3.30000010e+00  1.17888724e-06  3.30000004e+00  1.17888724e-06  0.00000000e+00  1.17888724e-06 -2.32340530e-06 
 1.17938724e-06  3.30000009e+00  1.17938724e-06  3.30000003e+00  1.17938724e-06  0.00000000e+00  1.17938724e-06  2.16784439e-06 
 1.17988724e-06  3.30000008e+00  1.17988724e-06  3.30000003e+00  1.17988724e-06  0.00000000e+00  1.17988724e-06 -2.31473172e-06 
 1.18038724e-06  3.30000007e+00  1.18038724e-06  3.30000002e+00  1.18038724e-06  0.00000000e+00  1.18038724e-06  2.17563364e-06 
 1.18088724e-06  3.30000006e+00  1.18088724e-06  3.30000002e+00  1.18088724e-06  0.00000000e+00  1.18088724e-06 -2.30771866e-06 
 1.18138724e-06  3.30000005e+00  1.18138724e-06  3.30000002e+00  1.18138724e-06  0.00000000e+00  1.18138724e-06  2.18199235e-06 
 1.18188724e-06  3.30000005e+00  1.18188724e-06  3.30000001e+00  1.18188724e-06  0.00000000e+00  1.18188724e-06 -2.30193571e-06 
 1.18238724e-06  3.30000004e+00  1.18238724e-06  3.30000001e+00  1.18238724e-06  0.00000000e+00  1.18238724e-06  2.18727880e-06 
 1.18288724e-06  3.30000004e+00  1.18288724e-06  3.30000001e+00  1.18288724e-06  0.00000000e+00  1.18288724e-06 -2.29708839e-06 
 1.18338724e-06  3.30000003e+00  1.18338724e-06  3.30000001e+00  1.18338724e-06  0.00000000e+00  1.18338724e-06  2.19174119e-06 
 1.18388724e-06  3.30000003e+00  1.18388724e-06  3.30000001e+00  1.18388724e-06  0.00000000e+00  1.18388724e-06 -2.29296866e-06 
 1.18438724e-06  3.30000003e+00  1.18438724e-06  3.30000001e+00  1.18438724e-06  0.00000000e+00  1.18438724e-06  2.19555683e-06 
 1.18488724e-06  3.30000003e+00  1.18488724e-06  3.30000000e+00  1.18488724e-06  0.00000000e+00  1.18488724e-06 -2.28942553e-06 
 1.18538724e-06  3.30000002e+00  1.18538724e-06  3.30000000e+00  1.18538724e-06  0.00000000e+00  1.18538724e-06  2.19885575e-06 
 1.18588724e-06  3.30000002e+00  1.18588724e-06  3.30000000e+00  1.18588724e-06  0.00000000e+00  1.18588724e-06 -2.28634687e-06 
 1.18638724e-06  3.30000002e+00  1.18638724e-06  3.30000000e+00  1.18638724e-06  0.00000000e+00  1.18638724e-06  2.20173545e-06 
 1.18688724e-06  3.30000002e+00  1.18688724e-06  3.30000000e+00  1.18688724e-06  0.00000000e+00  1.18688724e-06 -2.28364771e-06 
 1.18738724e-06  3.30000001e+00  1.18738724e-06  3.30000000e+00  1.18738724e-06  0.00000000e+00  1.18738724e-06  2.20427046e-06 
 1.18788724e-06  3.30000001e+00  1.18788724e-06  3.30000000e+00  1.18788724e-06  0.00000000e+00  1.18788724e-06 -2.28126249e-06 
 1.18838724e-06  3.30000001e+00  1.18838724e-06  3.30000000e+00  1.18838724e-06  0.00000000e+00  1.18838724e-06  2.20651869e-06 
 1.18888724e-06  3.30000001e+00  1.18888724e-06  3.30000000e+00  1.18888724e-06  0.00000000e+00  1.18888724e-06 -2.27913988e-06 
 1.18938724e-06  3.30000001e+00  1.18938724e-06  3.30000000e+00  1.18938724e-06  0.00000000e+00  1.18938724e-06  2.20852584e-06 
 1.18988724e-06  3.30000001e+00  1.18988724e-06  3.30000000e+00  1.18988724e-06  0.00000000e+00  1.18988724e-06 -2.27723911e-06 
 1.19038724e-06  3.30000001e+00  1.19038724e-06  3.30000000e+00  1.19038724e-06  0.00000000e+00  1.19038724e-06  2.21032842e-06 
 1.19088724e-06  3.30000001e+00  1.19088724e-06  3.30000000e+00  1.19088724e-06  0.00000000e+00  1.19088724e-06 -2.27552737e-06 
 1.19138724e-06  3.30000001e+00  1.19138724e-06  3.30000000e+00  1.19138724e-06  0.00000000e+00  1.19138724e-06  2.21195595e-06 
 1.19188724e-06  3.30000000e+00  1.19188724e-06  3.29999999e+00  1.19188724e-06  0.00000000e+00  1.19188724e-06 -2.27397803e-06 
 1.19238724e-06  3.30000000e+00  1.19238724e-06  3.29999999e+00  1.19238724e-06  0.00000000e+00  1.19238724e-06  2.21343257e-06 
 1.19288724e-06  3.30000000e+00  1.19288724e-06  3.29999999e+00  1.19288724e-06  0.00000000e+00  1.19288724e-06 -2.27256918e-06 
 1.19338724e-06  3.30000000e+00  1.19338724e-06  3.29999999e+00  1.19338724e-06  0.00000000e+00  1.19338724e-06  2.21477818e-06 
 1.19388724e-06  3.30000000e+00  1.19388724e-06  3.29999999e+00  1.19388724e-06  0.00000000e+00  1.19388724e-06 -2.27128268e-06 
 1.19438724e-06  3.30000000e+00  1.19438724e-06  3.29999999e+00  1.19438724e-06  0.00000000e+00  1.19438724e-06  2.21600935e-06 
 1.19488724e-06  3.30000000e+00  1.19488724e-06  3.29999999e+00  1.19488724e-06  0.00000000e+00  1.19488724e-06 -2.27010337e-06 
 1.19538724e-06  3.30000000e+00  1.19538724e-06  3.29999999e+00  1.19538724e-06  0.00000000e+00  1.19538724e-06  2.21713998e-06 
 1.19588724e-06  3.30000000e+00  1.19588724e-06  3.29999999e+00  1.19588724e-06  0.00000000e+00  1.19588724e-06 -2.26901848e-06 
 1.19638724e-06  3.30000000e+00  1.19638724e-06  3.29999999e+00  1.19638724e-06  0.00000000e+00  1.19638724e-06  2.21818182e-06 
 1.19688724e-06  3.30000000e+00  1.19688724e-06  3.29999999e+00  1.19688724e-06  0.00000000e+00  1.19688724e-06 -2.26801719e-06 
 1.19738724e-06  3.30000000e+00  1.19738724e-06  3.29999999e+00  1.19738724e-06  0.00000000e+00  1.19738724e-06  2.21914486e-06 
 1.19788724e-06  3.30000000e+00  1.19788724e-06  3.29999999e+00  1.19788724e-06  0.00000000e+00  1.19788724e-06 -2.26709027e-06 
 1.19838724e-06  3.30000000e+00  1.19838724e-06  3.29999999e+00  1.19838724e-06  0.00000000e+00  1.19838724e-06  2.22003765e-06 
 1.19888724e-06  3.30000000e+00  1.19888724e-06  3.29999999e+00  1.19888724e-06  0.00000000e+00  1.19888724e-06 -2.26622978e-06 
 1.19938724e-06  3.30000000e+00  1.19938724e-06  3.29999999e+00  1.19938724e-06  0.00000000e+00  1.19938724e-06  2.22086755e-06 
 1.19988724e-06  3.30000000e+00  1.19988724e-06  3.29999999e+00  1.19988724e-06  0.00000000e+00  1.19988724e-06 -2.26542887e-06 
 1.20000000e-06  3.30000000e+00  1.20000000e-06  3.29999999e+00  1.20000000e-06  0.00000000e+00  1.20000000e-06  2.22134777e-06 
 1.20005000e-06  3.29999999e+00  1.20005000e-06  3.29999999e+00  1.20005000e-06  0.00000000e+00  1.20005000e-06 -2.19596381e-08 
 1.20015000e-06  3.29999999e+00  1.20015000e-06  3.29999999e+00  1.20015000e-06  0.00000000e+00  1.20015000e-06 -2.18834817e-08 
 1.20035000e-06  3.30000000e+00  1.20035000e-06  3.29999999e+00  1.20035000e-06  0.00000000e+00  1.20035000e-06 -2.17312229e-08 
 1.20075000e-06  3.30000000e+00  1.20075000e-06  3.29999999e+00  1.20075000e-06  0.00000000e+00  1.20075000e-06 -2.14330677e-08 
 1.20125000e-06  3.30000000e+00  1.20125000e-06  3.29999999e+00  1.20125000e-06  0.00000000e+00  1.20125000e-06 -2.10715334e-08 
 1.20175000e-06  3.30000000e+00  1.20175000e-06  3.29999999e+00  1.20175000e-06  0.00000000e+00  1.20175000e-06 -2.07218047e-08 
 1.20225000e-06  3.30000000e+00  1.20225000e-06  3.29999999e+00  1.20225000e-06  0.00000000e+00  1.20225000e-06 -2.03833670e-08 
 1.20275000e-06  3.29999999e+00  1.20275000e-06  3.29999999e+00  1.20275000e-06  0.00000000e+00  1.20275000e-06 -2.00556181e-08 
 1.20325000e-06  3.29999999e+00  1.20325000e-06  3.29999999e+00  1.20325000e-06  0.00000000e+00  1.20325000e-06 -1.97381415e-08 
 1.20375000e-06  3.29999999e+00  1.20375000e-06  3.29999999e+00  1.20375000e-06  0.00000000e+00  1.20375000e-06 -1.94303801e-08 
 1.20425000e-06  3.29999999e+00  1.20425000e-06  3.29999999e+00  1.20425000e-06  0.00000000e+00  1.20425000e-06 -1.91319863e-08 
 1.20475000e-06  3.29999999e+00  1.20475000e-06  3.29999999e+00  1.20475000e-06  0.00000000e+00  1.20475000e-06 -1.88424509e-08 
 1.20525000e-06  3.29999999e+00  1.20525000e-06  3.29999999e+00  1.20525000e-06  0.00000000e+00  1.20525000e-06 -1.85614800e-08 
 1.20575000e-06  3.29999999e+00  1.20575000e-06  3.29999999e+00  1.20575000e-06  0.00000000e+00  1.20575000e-06 -1.82886087e-08 
 1.20625000e-06  3.29999999e+00  1.20625000e-06  3.29999999e+00  1.20625000e-06  0.00000000e+00  1.20625000e-06 -1.80235876e-08 
 1.20675000e-06  3.29999999e+00  1.20675000e-06  3.29999999e+00  1.20675000e-06  0.00000000e+00  1.20675000e-06 -1.77659912e-08 
 1.20725000e-06  3.29999999e+00  1.20725000e-06  3.29999999e+00  1.20725000e-06  0.00000000e+00  1.20725000e-06 -1.75156077e-08 
 1.20775000e-06  3.29999999e+00  1.20775000e-06  3.29999999e+00  1.20775000e-06  0.00000000e+00  1.20775000e-06 -1.72720463e-08 
 1.20825000e-06  3.29999999e+00  1.20825000e-06  3.29999999e+00  1.20825000e-06  0.00000000e+00  1.20825000e-06 -1.70351280e-08 
 1.20875000e-06  3.29999999e+00  1.20875000e-06  3.29999999e+00  1.20875000e-06  0.00000000e+00  1.20875000e-06 -1.68044921e-08 
 1.20925000e-06  3.29999999e+00  1.20925000e-06  3.29999999e+00  1.20925000e-06  0.00000000e+00  1.20925000e-06 -1.65799880e-08 
 1.20975000e-06  3.29999999e+00  1.20975000e-06  3.29999999e+00  1.20975000e-06  0.00000000e+00  1.20975000e-06 -1.63612815e-08 
 1.21025000e-06  3.29999999e+00  1.21025000e-06  3.29999999e+00  1.21025000e-06  0.00000000e+00  1.21025000e-06 -1.61482467e-08 
 1.21075000e-06  3.29999999e+00  1.21075000e-06  3.29999999e+00  1.21075000e-06  0.00000000e+00  1.21075000e-06 -1.59405729e-08 
 1.21125000e-06  3.29999999e+00  1.21125000e-06  3.29999999e+00  1.21125000e-06  0.00000000e+00  1.21125000e-06 -1.57381559e-08 
 1.21175000e-06  3.29999999e+00  1.21175000e-06  3.29999999e+00  1.21175000e-06  0.00000000e+00  1.21175000e-06 -1.55407053e-08 
 1.21225000e-06  3.29999999e+00  1.21225000e-06  3.29999999e+00  1.21225000e-06  0.00000000e+00  1.21225000e-06 -1.53481365e-08 
 1.21275000e-06  3.29999999e+00  1.21275000e-06  3.29999999e+00  1.21275000e-06  0.00000000e+00  1.21275000e-06 -1.51601769e-08 
 1.21325000e-06  3.29999999e+00  1.21325000e-06  3.29999999e+00  1.21325000e-06  0.00000000e+00  1.21325000e-06 -1.49767589e-08 
 1.21375000e-06  3.29999999e+00  1.21375000e-06  3.29999999e+00  1.21375000e-06  0.00000000e+00  1.21375000e-06 -1.47976260e-08 
 1.21425000e-06  3.29999999e+00  1.21425000e-06  3.29999999e+00  1.21425000e-06  0.00000000e+00  1.21425000e-06 -1.46227256e-08 
 1.21475000e-06  3.29999999e+00  1.21475000e-06  3.29999999e+00  1.21475000e-06  0.00000000e+00  1.21475000e-06 -1.44518155e-08 
 1.21525000e-06  3.29999999e+00  1.21525000e-06  3.29999999e+00  1.21525000e-06  0.00000000e+00  1.21525000e-06 -1.42848563e-08 
 1.21575000e-06  3.29999999e+00  1.21575000e-06  3.29999999e+00  1.21575000e-06  0.00000000e+00  1.21575000e-06 -1.41216187e-08 
 1.21625000e-06  3.29999999e+00  1.21625000e-06  3.29999999e+00  1.21625000e-06  0.00000000e+00  1.21625000e-06 -1.39620753e-08 
 1.21675000e-06  3.29999999e+00  1.21675000e-06  3.29999999e+00  1.21675000e-06  0.00000000e+00  1.21675000e-06 -1.38060078e-08 
 1.21725000e-06  3.29999999e+00  1.21725000e-06  3.29999999e+00  1.21725000e-06  0.00000000e+00  1.21725000e-06 -1.36533995e-08 
 1.21775000e-06  3.29999999e+00  1.21775000e-06  3.29999999e+00  1.21775000e-06  0.00000000e+00  1.21775000e-06 -1.35040426e-08 
 1.21825000e-06  3.29999999e+00  1.21825000e-06  3.29999999e+00  1.21825000e-06  0.00000000e+00  1.21825000e-06 -1.33579296e-08 
 1.21875000e-06  3.29999999e+00  1.21875000e-06  3.29999999e+00  1.21875000e-06  0.00000000e+00  1.21875000e-06 -1.32148618e-08 
 1.21925000e-06  3.29999999e+00  1.21925000e-06  3.29999999e+00  1.21925000e-06  0.00000000e+00  1.21925000e-06 -1.30748406e-08 
 1.21975000e-06  3.29999999e+00  1.21975000e-06  3.29999999e+00  1.21975000e-06  0.00000000e+00  1.21975000e-06 -1.29376751e-08 
 1.22000000e-06  3.29999999e+00  1.22000000e-06  3.29999999e+00  1.22000000e-06  0.00000000e+00  1.22000000e-06 -1.28701940e-08 
 1.22001000e-06  3.32180663e+00  1.22001000e-06  3.32181708e+00  1.22001000e-06  3.30000000e-01  1.22001000e-06  4.01841701e-04 
 1.22003000e-06  3.36309131e+00  1.22003000e-06  3.36312719e+00  1.22003000e-06  9.90000000e-01  1.22003000e-06  4.43901402e-04 
 1.22007000e-06  3.44260839e+00  1.22007000e-06  3.44263625e+00  1.22007000e-06  2.31000000e+00  1.22007000e-06  4.19743798e-04 
 1.22010000e-06  3.48058349e+00  1.22010000e-06  3.48105361e+00  1.22010000e-06  3.30000000e+00  1.22010000e-06  2.56680255e-04 
 1.22010567e-06  3.48009290e+00  1.22010567e-06  3.48075124e+00  1.22010567e-06  3.30000000e+00  1.22010567e-06 -6.20339835e-06 
 1.22011702e-06  3.47833754e+00  1.22011702e-06  3.47949772e+00  1.22011702e-06  3.30000000e+00  1.22011702e-06 -1.64020454e-05 
 1.22013971e-06  3.47078694e+00  1.22013971e-06  3.47347389e+00  1.22013971e-06  3.30000000e+00  1.22013971e-06 -2.56677147e-05 
 1.22018510e-06  3.44945563e+00  1.22018510e-06  3.45515454e+00  1.22018510e-06  3.30000000e+00  1.22018510e-06 -3.63700960e-05 
 1.22026308e-06  3.36530385e+00  1.22026308e-06  3.35061214e+00  1.22026308e-06  3.30000000e+00  1.22026308e-06 -4.48964972e-05 
 1.22034625e-06  3.17194835e+00  1.22034625e-06  3.02702900e+00  1.22034625e-06  3.30000000e+00  1.22034625e-06 -9.14516024e-05 
 1.22043305e-06  2.88259652e+00  1.22043305e-06  2.63471643e+00  1.22043305e-06  3.30000000e+00  1.22043305e-06 -6.55235003e-05 
 1.22053081e-06  2.56874959e+00  1.22053081e-06  2.24781813e+00  1.22053081e-06  3.30000000e+00  1.22053081e-06 -1.04067111e-04 
 1.22067402e-06  2.42223643e+00  1.22067402e-06  1.66478560e+00  1.22067402e-06  3.30000000e+00  1.22067402e-06 -1.63946666e-04 
 1.22082720e-06  2.74451956e+00  1.22082720e-06  1.06257587e+00  1.22082720e-06  3.30000000e+00  1.22082720e-06 -2.44040447e-04 
 1.22095247e-06  3.04480228e+00  1.22095247e-06  6.92498125e-01  1.22095247e-06  3.30000000e+00  1.22095247e-06 -1.49908261e-04 
 1.22110536e-06  3.21797572e+00  1.22110536e-06  4.11412882e-01  1.22110536e-06  3.30000000e+00  1.22110536e-06 -7.14948546e-05 
 1.22126233e-06  3.26739478e+00  1.22126233e-06  2.50103565e-01  1.22126233e-06  3.30000000e+00  1.22126233e-06 -2.47734642e-05 
 1.22146432e-06  3.28412417e+00  1.22146432e-06  1.30456475e-01  1.22146432e-06  3.30000000e+00  1.22146432e-06 -2.25957407e-05 
 1.22173966e-06  3.29387884e+00  1.22173966e-06  5.01051549e-02  1.22173966e-06  3.30000000e+00  1.22173966e-06  8.09669741e-08 
 1.22214705e-06  3.29874345e+00  1.22214705e-06  1.08989378e-02  1.22214705e-06  3.30000000e+00  1.22214705e-06 -7.72086436e-06 
 1.22264705e-06  3.29987793e+00  1.22264705e-06  6.43913317e-04  1.22264705e-06  3.30000000e+00  1.22264705e-06  6.24364744e-06 
 1.22314705e-06  3.29997129e+00  1.22314705e-06  4.87063042e-04  1.22314705e-06  3.30000000e+00  1.22314705e-06 -6.37721148e-06 
 1.22364705e-06  3.30002167e+00  1.22364705e-06 -3.52897596e-04  1.22364705e-06  3.30000000e+00  1.22364705e-06  6.34773188e-06 
 1.22414705e-06  3.29997239e+00  1.22414705e-06  3.42774082e-04  1.22414705e-06  3.30000000e+00  1.22414705e-06 -6.33443902e-06 
 1.22464705e-06  3.30003081e+00  1.22464705e-06 -3.20623720e-04  1.22464705e-06  3.30000000e+00  1.22464705e-06  6.32029426e-06 
 1.22514705e-06  3.29996665e+00  1.22514705e-06  3.05223468e-04  1.22514705e-06  3.30000000e+00  1.22514705e-06 -6.30721149e-06 
 1.22564705e-06  3.30003500e+00  1.22564705e-06 -2.87547499e-04  1.22564705e-06  3.30000000e+00  1.22564705e-06  6.29463578e-06 
 1.22614705e-06  3.29996371e+00  1.22614705e-06  2.74915227e-04  1.22614705e-06  3.30000000e+00  1.22614705e-06 -6.28297001e-06 
 1.22664705e-06  3.30003699e+00  1.22664705e-06 -2.59966191e-04  1.22664705e-06  3.30000000e+00  1.22664705e-06  6.27177177e-06 
 1.22714705e-06  3.29996244e+00  1.22714705e-06  2.49428366e-04  1.22714705e-06  3.30000000e+00  1.22714705e-06 -6.26139703e-06 
 1.22764705e-06  3.30003769e+00  1.22764705e-06 -2.36553328e-04  1.22764705e-06  3.30000000e+00  1.22764705e-06  6.25142010e-06 
 1.22814705e-06  3.29996220e+00  1.22814705e-06  2.27597402e-04  1.22814705e-06  3.30000000e+00  1.22814705e-06 -6.24217851e-06 
 1.22864705e-06  3.30003758e+00  1.22864705e-06 -2.16341022e-04  1.22864705e-06  3.30000000e+00  1.22864705e-06  6.23326916e-06 
 1.22914705e-06  3.29996260e+00  1.22914705e-06  2.08607723e-04  1.22914705e-06  3.30000000e+00  1.22914705e-06 -6.22501667e-06 
 1.22964705e-06  3.30003696e+00  1.22964705e-06 -1.98644357e-04  1.22964705e-06  3.30000000e+00  1.22964705e-06  6.21704030e-06 
 1.23014705e-06  3.29996340e+00  1.23014705e-06  1.91878282e-04  1.23014705e-06  3.30000000e+00  1.23014705e-06 -6.20965346e-06 
 1.23064705e-06  3.30003602e+00  1.23064705e-06 -1.82970977e-04  1.23064705e-06  3.30000000e+00  1.23064705e-06  6.20249579e-06 
 1.23114705e-06  3.29996445e+00  1.23114705e-06  1.76987519e-04  1.23114705e-06  3.30000000e+00  1.23114705e-06 -6.19587018e-06 
 1.23164705e-06  3.30003489e+00  1.23164705e-06 -1.68960550e-04  1.23164705e-06  3.30000000e+00  1.23164705e-06  6.18943444e-06 
 1.23214705e-06  3.29996565e+00  1.23214705e-06  1.63623768e-04  1.23214705e-06  3.30000000e+00  1.23214705e-06 -6.18348143e-06 
 1.23264705e-06  3.30003365e+00  1.23264705e-06 -1.56344095e-04  1.23264705e-06  3.30000000e+00  1.23264705e-06  6.17768512e-06 
 1.23314705e-06  3.29996694e+00  1.23314705e-06  1.51551810e-04  1.23314705e-06  3.30000000e+00  1.23314705e-06 -6.17232884e-06 
 1.23364705e-06  3.30003235e+00  1.23364705e-06 -1.44916496e-04  1.23364705e-06  3.30000000e+00  1.23364705e-06  6.16710102e-06 
 1.23414705e-06  3.29996826e+00  1.23414705e-06  1.40590206e-04  1.23414705e-06  3.30000000e+00  1.23414705e-06 -6.16227596e-06 
 1.23464705e-06  3.30003102e+00  1.23464705e-06 -1.34517827e-04  1.23464705e-06  3.30000000e+00  1.23464705e-06  6.15755507e-06 
 1.23514705e-06  3.29996958e+00  1.23514705e-06  1.30595847e-04  1.23514705e-06  3.30000000e+00  1.23514705e-06 -6.15320417e-06 
 1.23564705e-06  3.30002971e+00  1.23564705e-06 -1.25020596e-04  1.23564705e-06  3.30000000e+00  1.23564705e-06  6.14893642e-06 
 1.23614705e-06  3.29997090e+00  1.23614705e-06  1.21453375e-04  1.23614705e-06  3.30000000e+00  1.23614705e-06 -6.14500967e-06 
 1.23664705e-06  3.30002841e+00  1.23664705e-06 -1.16320985e-04  1.23664705e-06  3.30000000e+00  1.23664705e-06  6.14114776e-06 
 1.23714705e-06  3.29997218e+00  1.23714705e-06  1.13067877e-04  1.23714705e-06  3.30000000e+00  1.23714705e-06 -6.13760106e-06 
 1.23764705e-06  3.30002714e+00  1.23764705e-06 -1.08332778e-04  1.23764705e-06  3.30000000e+00  1.23764705e-06  6.13410317e-06 
 1.23814705e-06  3.29997344e+00  1.23814705e-06  1.05359807e-04  1.23814705e-06  3.30000000e+00  1.23814705e-06 -6.13089750e-06 
 1.23864705e-06  3.30002590e+00  1.23864705e-06 -1.00983117e-04  1.23864705e-06  3.30000000e+00  1.23864705e-06  6.12772654e-06 
 1.23914705e-06  3.29997466e+00  1.23914705e-06  9.82614108e-05  1.23914705e-06  3.30000000e+00  1.23914705e-06 -6.12482722e-06 
 1.23964705e-06  3.30002471e+00  1.23964705e-06 -9.42095109e-05  1.23964705e-06  3.30000000e+00  1.23964705e-06  6.12195020e-06 
 1.24014705e-06  3.29997583e+00  1.24014705e-06  9.17141860e-05  1.24014705e-06  3.30000000e+00  1.24014705e-06 -6.11932634e-06 
 1.24064705e-06  3.30002356e+00  1.24064705e-06 -8.79576761e-05  1.24064705e-06  3.30000000e+00  1.24064705e-06  6.11671382e-06 
 1.24114705e-06  3.29997696e+00  1.24114705e-06  8.56670410e-05  1.24114705e-06  3.30000000e+00  1.24114705e-06 -6.11433785e-06 
 1.24164705e-06  3.30002245e+00  1.24164705e-06 -8.21799770e-05  1.24164705e-06  3.30000000e+00  1.24164705e-06  6.11196352e-06 
 1.24214705e-06  3.29997805e+00  1.24214705e-06  8.00749440e-05  1.24214705e-06  3.30000000e+00  1.24214705e-06 -6.10981079e-06 
 1.24264705e-06  3.30002139e+00  1.24264705e-06 -7.68342619e-05  1.24264705e-06  3.30000000e+00  1.24264705e-06  6.10765113e-06 
 1.24314705e-06  3.29997909e+00  1.24314705e-06  7.48979096e-05  1.24314705e-06  3.30000000e+00  1.24314705e-06 -6.10569957e-06 
 1.24364705e-06  3.30002037e+00  1.24364705e-06 -7.18829836e-05  1.24364705e-06  3.30000000e+00  1.24364705e-06  6.10373349e-06 
 1.24414705e-06  3.29998009e+00  1.24414705e-06  7.01002229e-05  1.24414705e-06  3.30000000e+00  1.24414705e-06 -6.10196333e-06 
 1.24464705e-06  3.30001939e+00  1.24464705e-06 -6.72925199e-05  1.24464705e-06  3.30000000e+00  1.24464705e-06  6.10017191e-06 
 1.24514705e-06  3.29998105e+00  1.24514705e-06  6.56498336e-05  1.24514705e-06  3.30000000e+00  1.24514705e-06 -6.09856541e-06 
 1.24564705e-06  3.30001846e+00  1.24564705e-06 -6.30326363e-05  1.24564705e-06  3.30000000e+00  1.24564705e-06  6.09693169e-06 
 1.24614705e-06  3.29998196e+00  1.24614705e-06  6.15178714e-05  1.24614705e-06  3.30000000e+00  1.24614705e-06 -6.09547293e-06 
 1.24664705e-06  3.30001756e+00  1.24664705e-06 -5.90760538e-05  1.24664705e-06  3.30000000e+00  1.24664705e-06  6.09398167e-06 
 1.24714705e-06  3.29998284e+00  1.24714705e-06  5.76782526e-05  1.24714705e-06  3.30000000e+00  1.24714705e-06 -6.09265636e-06 
 1.24764705e-06  3.30001671e+00  1.24764705e-06 -5.53980925e-05  1.24764705e-06  3.30000000e+00  1.24764705e-06  6.09129386e-06 
 1.24814705e-06  3.29998368e+00  1.24814705e-06  5.41073525e-05  1.24814705e-06  3.30000000e+00  1.24814705e-06 -6.09008914e-06 
 1.24864705e-06  3.30001589e+00  1.24864705e-06 -5.19763746e-05  1.24864705e-06  3.30000000e+00  1.24864705e-06  6.08884309e-06 
 1.24914705e-06  3.29998447e+00  1.24914705e-06  5.07837305e-05  1.24914705e-06  3.30000000e+00  1.24914705e-06 -6.08774742e-06 
 1.24964705e-06  3.30001511e+00  1.24964705e-06 -4.87905717e-05  1.24964705e-06  3.30000000e+00  1.24964705e-06  6.08660675e-06 
 1.25014705e-06  3.29998524e+00  1.25014705e-06  4.76878943e-05  1.25014705e-06  3.30000000e+00  1.25014705e-06 -6.08560973e-06 
 1.25064705e-06  3.30001437e+00  1.25064705e-06 -4.58221880e-05  1.25064705e-06  3.30000000e+00  1.25064705e-06  6.08456448e-06 
 1.25114705e-06  3.29998596e+00  1.25114705e-06  4.48020965e-05  1.25114705e-06  3.30000000e+00  1.25114705e-06 -6.08365676e-06 
 1.25164705e-06  3.30001366e+00  1.25164705e-06 -4.30543713e-05  1.25164705e-06  3.30000000e+00  1.25164705e-06  6.08269795e-06 
 1.25214705e-06  3.29998666e+00  1.25214705e-06  4.21101574e-05  1.25214705e-06  3.30000000e+00  1.25214705e-06 -6.08187112e-06 
 1.25264705e-06  3.30001299e+00  1.25264705e-06 -4.04717485e-05  1.25264705e-06  3.30000000e+00  1.25264705e-06  6.08099068e-06 
 1.25314705e-06  3.29998732e+00  1.25314705e-06  3.95973086e-05  1.25314705e-06  3.30000000e+00  1.25314705e-06 -6.08023717e-06 
 1.25364705e-06  3.30001234e+00  1.25364705e-06 -3.80602794e-05  1.25364705e-06  3.30000000e+00  1.25364705e-06  6.07942781e-06 
 1.25414705e-06  3.29998795e+00  1.25414705e-06  3.72500552e-05  1.25414705e-06  3.30000000e+00  1.25414705e-06 -6.07874078e-06 
 1.25464705e-06  3.30001173e+00  1.25464705e-06 -3.58071280e-05  1.25464705e-06  3.30000000e+00  1.25464705e-06  6.07799594e-06 
 1.25514705e-06  3.29998855e+00  1.25514705e-06  3.50560534e-05  1.25514705e-06  3.30000000e+00  1.25514705e-06 -6.07736924e-06 
 1.25564705e-06  3.30001114e+00  1.25564705e-06 -3.37005472e-05  1.25564705e-06  3.30000000e+00  1.25564705e-06  6.07668300e-06 
 1.25614705e-06  3.29998912e+00  1.25614705e-06  3.30040012e-05  1.25614705e-06  3.30000000e+00  1.25614705e-06 -6.07611109e-06 
 1.25664705e-06  3.30001059e+00  1.25664705e-06 -3.17297761e-05  1.25664705e-06  3.30000000e+00  1.25664705e-06  6.07547811e-06 
 1.25714705e-06  3.29998966e+00  1.25714705e-06  3.10835401e-05  1.25714705e-06  3.30000000e+00  1.25714705e-06 -6.07495598e-06 
 1.25764705e-06  3.30001006e+00  1.25764705e-06 -2.98849484e-05  1.25764705e-06  3.30000000e+00  1.25764705e-06  6.07437145e-06 
 1.25814705e-06  3.29999018e+00  1.25814705e-06  2.92851682e-05  1.25814705e-06  3.30000000e+00  1.25814705e-06 -6.07389457e-06 
 1.25864705e-06  3.30000955e+00  1.25864705e-06 -2.81570093e-05  1.25864705e-06  3.30000000e+00  1.25864705e-06  6.07335413e-06 
 1.25914705e-06  3.29999067e+00  1.25914705e-06  2.76001609e-05  1.25914705e-06  3.30000000e+00  1.25914705e-06 -6.07291844e-06 
 1.25964705e-06  3.30000907e+00  1.25964705e-06 -2.65376416e-05  1.25964705e-06  3.30000000e+00  1.25964705e-06  6.07241816e-06 
 1.26014705e-06  3.29999114e+00  1.26014705e-06  2.60205006e-05  1.26014705e-06  3.30000000e+00  1.26014705e-06 -6.07201996e-06 
 1.26064705e-06  3.30000862e+00  1.26064705e-06 -2.50191986e-05  1.26064705e-06  3.30000000e+00  1.26064705e-06  6.07155628e-06 
 1.26114705e-06  3.29999159e+00  1.26114705e-06  2.45388123e-05  1.26114705e-06  3.30000000e+00  1.26114705e-06 -6.07119226e-06 
 1.26164705e-06  3.30000818e+00  1.26164705e-06 -2.35946442e-05  1.26164705e-06  3.30000000e+00  1.26164705e-06  6.07076197e-06 
 1.26214705e-06  3.29999201e+00  1.26214705e-06  2.31483064e-05  1.26214705e-06  3.30000000e+00  1.26214705e-06 -6.07042910e-06 
 1.26264705e-06  3.30000777e+00  1.26264705e-06 -2.22574980e-05  1.26264705e-06  3.30000000e+00  1.26264705e-06  6.07002930e-06 
 1.26314705e-06  3.29999241e+00  1.26314705e-06  2.18427269e-05  1.26314705e-06  3.30000000e+00  1.26314705e-06 -6.06972487e-06 
 1.26364705e-06  3.30000738e+00  1.26364705e-06 -2.10017866e-05  1.26364705e-06  3.30000000e+00  1.26364705e-06  6.06935291e-06 
 1.26414705e-06  3.29999280e+00  1.26414705e-06  2.06163041e-05  1.26414705e-06  3.30000000e+00  1.26414705e-06 -6.06907444e-06 
 1.26464705e-06  3.30000700e+00  1.26464705e-06 -1.98219992e-05  1.26464705e-06  3.30000000e+00  1.26464705e-06  6.06872794e-06 
 1.26514705e-06  3.29999316e+00  1.26514705e-06  1.94637125e-05  1.26514705e-06  3.30000000e+00  1.26514705e-06 -6.06847322e-06 
 1.26564705e-06  3.30000665e+00  1.26564705e-06 -1.87130471e-05  1.26564705e-06  3.30000000e+00  1.26564705e-06  6.06815002e-06 
 1.26614705e-06  3.29999351e+00  1.26614705e-06  1.83800323e-05  1.26614705e-06  3.30000000e+00  1.26614705e-06 -6.06791701e-06 
 1.26664705e-06  3.30000631e+00  1.26664705e-06 -1.76702278e-05  1.26664705e-06  3.30000000e+00  1.26664705e-06  6.06761514e-06 
 1.26714705e-06  3.29999384e+00  1.26714705e-06  1.73607145e-05  1.26714705e-06  3.30000000e+00  1.26714705e-06 -6.06740201e-06 
 1.26764705e-06  3.30000599e+00  1.26764705e-06 -1.66891914e-05  1.26764705e-06  3.30000000e+00  1.26764705e-06  6.06711970e-06 
 1.26814705e-06  3.29999415e+00  1.26814705e-06  1.64015496e-05  1.26814705e-06  3.30000000e+00  1.26814705e-06 -6.06692478e-06 
 1.26864705e-06  3.30000569e+00  1.26864705e-06 -1.57659116e-05  1.26864705e-06  3.30000000e+00  1.26864705e-06  6.06666040e-06 
 1.26914705e-06  3.29999445e+00  1.26914705e-06  1.54986389e-05  1.26914705e-06  3.30000000e+00  1.26914705e-06 -6.06648219e-06 
 1.26964705e-06  3.30000540e+00  1.26964705e-06 -1.48966581e-05  1.26964705e-06  3.30000000e+00  1.26964705e-06  6.06623428e-06 
 1.27010000e-06  3.29999474e+00  1.27010000e-06  1.46164727e-05  1.27010000e-06  3.30000000e+00  1.27010000e-06 -6.06605011e-06 
 1.27011000e-06  3.29714623e+00  1.27011000e-06 -2.87073744e-03  1.27011000e-06  2.97000000e+00  1.27011000e-06 -2.80007231e-04 
 1.27013000e-06  3.27864855e+00  1.27013000e-06 -1.86200251e-02  1.27013000e-06  2.31000000e+00  1.27013000e-06 -3.61785807e-04 
 1.27017000e-06  3.24826492e+00  1.27017000e-06 -1.65962508e-02  1.27017000e-06  9.90000000e-01  1.27017000e-06 -7.85036447e-04 
 1.27020000e-06  3.25953768e+00  1.27020000e-06  5.98890151e-02  1.27020000e-06  1.28119737e-12  1.27020000e-06 -1.14532686e-03 
 1.27020471e-06  3.27070285e+00  1.27020471e-06  8.32354412e-02  1.27020471e-06  0.00000000e+00  1.27020471e-06 -7.97958399e-04 
 1.27021414e-06  3.29069948e+00  1.27021414e-06  1.28193557e-01  1.27021414e-06  0.00000000e+00  1.27021414e-06 -7.85866072e-04 
 1.27023300e-06  3.32115426e+00  1.27023300e-06  2.10581301e-01  1.27023300e-06  0.00000000e+00  1.27023300e-06 -7.67538807e-04 
 1.27027071e-06  3.35755857e+00  1.27027071e-06  3.64877677e-01  1.27027071e-06  0.00000000e+00  1.27027071e-06 -7.32960112e-04 
 1.27034613e-06  3.39371272e+00  1.27034613e-06  6.88965978e-01  1.27034613e-06  0.00000000e+00  1.27034613e-06 -6.92437730e-04 
 1.27046882e-06  3.47001925e+00  1.27046882e-06  1.42759565e+00  1.27046882e-06  0.00000000e+00  1.27046882e-06 -5.05954770e-04 
 1.27059574e-06  3.50133773e+00  1.27059574e-06  2.16979412e+00  1.27059574e-06  0.00000000e+00  1.27059574e-06 -2.42130472e-04 
 1.27073174e-06  3.43270841e+00  1.27073174e-06  2.67533537e+00  1.27073174e-06  0.00000000e+00  1.27073174e-06 -8.05075615e-05 
 1.27086569e-06  3.38796752e+00  1.27086569e-06  2.99369282e+00  1.27086569e-06  0.00000000e+00  1.27086569e-06 -3.81520799e-05 
 1.27100570e-06  3.34526452e+00  1.27100570e-06  3.16898648e+00  1.27100570e-06  0.00000000e+00  1.27100570e-06 -1.32451652e-05 
 1.27120733e-06  3.31543262e+00  1.27120733e-06  3.26636232e+00  1.27120733e-06  0.00000000e+00  1.27120733e-06 -6.07404228e-06 
 1.27144608e-06  3.30357559e+00  1.27144608e-06  3.29415450e+00  1.27144608e-06  0.00000000e+00  1.27144608e-06  1.27622893e-06 
 1.27188814e-06  3.29965646e+00  1.27188814e-06  3.30075109e+00  1.27188814e-06  0.00000000e+00  1.27188814e-06 -2.61289625e-06 
 1.27238814e-06  3.30004591e+00  1.27238814e-06  3.29985009e+00  1.27238814e-06  0.00000000e+00  1.27238814e-06  1.90028473e-06 
 1.27288814e-06  3.30000221e+00  1.27288814e-06  3.30003762e+00  1.27288814e-06  0.00000000e+00  1.27288814e-06 -2.52261427e-06 
 1.27338814e-06  3.29999862e+00  1.27338814e-06  3.29999129e+00  1.27338814e-06  0.00000000e+00  1.27338814e-06  2.02891601e-06 
 1.27388814e-06  3.30000173e+00  1.27388814e-06  3.30000218e+00  1.27388814e-06  0.00000000e+00  1.27388814e-06 -2.45539668e-06 
 1.27438814e-06  3.30000002e+00  1.27438814e-06  3.29999970e+00  1.27438814e-06  0.00000000e+00  1.27438814e-06  2.08794281e-06 
 1.27488814e-06  3.30000059e+00  1.27488814e-06  3.30000028e+00  1.27488814e-06  0.00000000e+00  1.27488814e-06 -2.41317796e-06 
 1.27538814e-06  3.30000021e+00  1.27538814e-06  3.30000010e+00  1.27538814e-06  0.00000000e+00  1.27538814e-06  2.12300914e-06 
 1.27588814e-06  3.30000031e+00  1.27588814e-06  3.30000011e+00  1.27588814e-06  0.00000000e+00  1.27588814e-06 -2.38546213e-06 
 1.27638814e-06  3.30000018e+00  1.27638814e-06  3.30000008e+00  1.27638814e-06  0.00000000e+00  1.27638814e-06  2.14643093e-06 
 1.27688814e-06  3.30000020e+00  1.27688814e-06  3.30000007e+00  1.27688814e-06  0.00000000e+00  1.27688814e-06 -2.36603866e-06 
 1.27738814e-06  3.30000014e+00  1.27738814e-06  3.30000006e+00  1.27738814e-06  0.00000000e+00  1.27738814e-06  2.16317181e-06 
 1.27788814e-06  3.30000014e+00  1.27788814e-06  3.30000005e+00  1.27788814e-06  0.00000000e+00  1.27788814e-06 -2.35171738e-06 
 1.27838814e-06  3.30000011e+00  1.27838814e-06  3.30000004e+00  1.27838814e-06  0.00000000e+00  1.27838814e-06  2.17571767e-06 
 1.27888814e-06  3.30000010e+00  1.27888814e-06  3.30000004e+00  1.27888814e-06  0.00000000e+00  1.27888814e-06 -2.34074397e-06 
 1.27938814e-06  3.30000009e+00  1.27938814e-06  3.30000003e+00  1.27938814e-06  0.00000000e+00  1.27938814e-06  2.18546121e-06 
 1.27988814e-06  3.30000008e+00  1.27988814e-06  3.30000003e+00  1.27988814e-06  0.00000000e+00  1.27988814e-06 -2.33208042e-06 
 1.28038814e-06  3.30000007e+00  1.28038814e-06  3.30000002e+00  1.28038814e-06  0.00000000e+00  1.28038814e-06  2.19324147e-06 
 1.28088814e-06  3.30000006e+00  1.28088814e-06  3.30000002e+00  1.28088814e-06  0.00000000e+00  1.28088814e-06 -2.32507461e-06 
 1.28138814e-06  3.30000005e+00  1.28138814e-06  3.30000002e+00  1.28138814e-06  0.00000000e+00  1.28138814e-06  2.19959377e-06 
 1.28188814e-06  3.30000005e+00  1.28188814e-06  3.30000001e+00  1.28188814e-06  0.00000000e+00  1.28188814e-06 -2.31929702e-06 
 1.28238814e-06  3.30000004e+00  1.28238814e-06  3.30000001e+00  1.28238814e-06  0.00000000e+00  1.28238814e-06  2.20487551e-06 
 1.28288814e-06  3.30000004e+00  1.28288814e-06  3.30000001e+00  1.28288814e-06  0.00000000e+00  1.28288814e-06 -2.31445374e-06 
 1.28338814e-06  3.30000004e+00  1.28338814e-06  3.30000001e+00  1.28338814e-06  0.00000000e+00  1.28338814e-06  2.20933433e-06 
 1.28388814e-06  3.30000003e+00  1.28388814e-06  3.30000001e+00  1.28388814e-06  0.00000000e+00  1.28388814e-06 -2.31033711e-06 
 1.28438814e-06  3.30000003e+00  1.28438814e-06  3.30000000e+00  1.28438814e-06  0.00000000e+00  1.28438814e-06  2.21314721e-06 
 1.28488814e-06  3.30000003e+00  1.28488814e-06  3.30000000e+00  1.28488814e-06  0.00000000e+00  1.28488814e-06 -2.30679640e-06 
 1.28538814e-06  3.30000002e+00  1.28538814e-06  3.30000000e+00  1.28538814e-06  0.00000000e+00  1.28538814e-06  2.21644398e-06 
 1.28588814e-06  3.30000002e+00  1.28588814e-06  3.30000000e+00  1.28588814e-06  0.00000000e+00  1.28588814e-06 -2.30371965e-06 
 1.28638814e-06  3.30000002e+00  1.28638814e-06  3.30000000e+00  1.28638814e-06  0.00000000e+00  1.28638814e-06  2.21932198e-06 
 1.28688814e-06  3.30000002e+00  1.28688814e-06  3.30000000e+00  1.28688814e-06  0.00000000e+00  1.28688814e-06 -2.30102201e-06 
 1.28738814e-06  3.30000002e+00  1.28738814e-06  3.30000000e+00  1.28738814e-06  0.00000000e+00  1.28738814e-06  2.22185562e-06 
 1.28788814e-06  3.30000001e+00  1.28788814e-06  3.30000000e+00  1.28788814e-06  0.00000000e+00  1.28788814e-06 -2.29863803e-06 
 1.28838814e-06  3.30000001e+00  1.28838814e-06  3.30000000e+00  1.28838814e-06  0.00000000e+00  1.28838814e-06  2.22410275e-06 
 1.28888814e-06  3.30000001e+00  1.28888814e-06  3.30000000e+00  1.28888814e-06  0.00000000e+00  1.28888814e-06 -2.29651642e-06 
 1.28938814e-06  3.30000001e+00  1.28938814e-06  3.30000000e+00  1.28938814e-06  0.00000000e+00  1.28938814e-06  2.22610899e-06 
 1.28988814e-06  3.30000001e+00  1.28988814e-06  3.30000000e+00  1.28988814e-06  0.00000000e+00  1.28988814e-06 -2.29461646e-06 
 1.29038814e-06  3.30000001e+00  1.29038814e-06  3.30000000e+00  1.29038814e-06  0.00000000e+00  1.29038814e-06  2.22791083e-06 
 1.29088814e-06  3.30000001e+00  1.29088814e-06  3.30000000e+00  1.29088814e-06  0.00000000e+00  1.29088814e-06 -2.29290540e-06 
 1.29138814e-06  3.30000001e+00  1.29138814e-06  3.29999999e+00  1.29138814e-06  0.00000000e+00  1.29138814e-06  2.22953775e-06 
 1.29188814e-06  3.30000000e+00  1.29188814e-06  3.29999999e+00  1.29188814e-06  0.00000000e+00  1.29188814e-06 -2.29135661e-06 
 1.29238814e-06  3.30000000e+00  1.29238814e-06  3.29999999e+00  1.29238814e-06  0.00000000e+00  1.29238814e-06  2.23101386e-06 
 1.29288814e-06  3.30000000e+00  1.29288814e-06  3.29999999e+00  1.29288814e-06  0.00000000e+00  1.29288814e-06 -2.28994822e-06 
 1.29338814e-06  3.30000000e+00  1.29338814e-06  3.29999999e+00  1.29338814e-06  0.00000000e+00  1.29338814e-06  2.23235905e-06 
 1.29388814e-06  3.30000000e+00  1.29388814e-06  3.29999999e+00  1.29388814e-06  0.00000000e+00  1.29388814e-06 -2.28866211e-06 
 1.29438814e-06  3.30000000e+00  1.29438814e-06  3.29999999e+00  1.29438814e-06  0.00000000e+00  1.29438814e-06  2.23358987e-06 
 1.29488814e-06  3.30000000e+00  1.29488814e-06  3.29999999e+00  1.29488814e-06  0.00000000e+00  1.29488814e-06 -2.28748312e-06 
 1.29538814e-06  3.30000000e+00  1.29538814e-06  3.29999999e+00  1.29538814e-06  0.00000000e+00  1.29538814e-06  2.23472021e-06 
 1.29588814e-06  3.30000000e+00  1.29588814e-06  3.29999999e+00  1.29588814e-06  0.00000000e+00  1.29588814e-06 -2.28639850e-06 
 1.29638814e-06  3.30000000e+00  1.29638814e-06  3.29999999e+00  1.29638814e-06  0.00000000e+00  1.29638814e-06  2.23576181e-06 
 1.29688814e-06  3.30000000e+00  1.29688814e-06  3.29999999e+00  1.29688814e-06  0.00000000e+00  1.29688814e-06 -2.28539743e-06 
 1.29738814e-06  3.30000000e+00  1.29738814e-06  3.29999999e+00  1.29738814e-06  0.00000000e+00  1.29738814e-06  2.23672465e-06 
 1.29788814e-06  3.30000000e+00  1.29788814e-06  3.29999999e+00  1.29788814e-06  0.00000000e+00  1.29788814e-06 -2.28447069e-06 
 1.29838814e-06  3.30000000e+00  1.29838814e-06  3.29999999e+00  1.29838814e-06  0.00000000e+00  1.29838814e-06  2.23761727e-06 
 1.29888814e-06  3.30000000e+00  1.29888814e-06  3.29999999e+00  1.29888814e-06  0.00000000e+00  1.29888814e-06 -2.28361035e-06 
 1.29938814e-06  3.30000000e+00  1.29938814e-06  3.29999999e+00  1.29938814e-06  0.00000000e+00  1.29938814e-06  2.23844704e-06 
 1.29988814e-06  3.30000000e+00  1.29988814e-06  3.29999999e+00  1.29988814e-06  0.00000000e+00  1.29988814e-06 -2.28280956e-06 
 1.30000000e-06  3.30000000e+00  1.30000000e-06  3.29999999e+00  1.30000000e-06  0.00000000e+00  1.30000000e-06  2.23892650e-06 
