 0.00000000e+00  3.29999999e+00  0.00000000e+00  3.29999999e+00  0.00000000e+00  0.00000000e+00  0.00000000e+00 -2.33239812e-11 
 5.00000000e-12  3.29999999e+00  5.00000000e-12  3.29999999e+00  5.00000000e-12  0.00000000e+00  5.00000000e-12 -2.33379305e-11 
 1.00000000e-11  3.29999999e+00  1.00000000e-11  3.29999999e+00  1.00000000e-11  0.00000000e+00  1.00000000e-11 -2.33401978e-11 
 2.00000000e-11  3.29999999e+00  2.00000000e-11  3.29999999e+00  2.00000000e-11  0.00000000e+00  2.00000000e-11 -2.39629185e-11 
 4.00000000e-11  3.29999999e+00  4.00000000e-11  3.29999999e+00  4.00000000e-11  0.00000000e+00  4.00000000e-11 -2.31523377e-11 
 8.00000000e-11  3.29999999e+00  8.00000000e-11  3.29999999e+00  8.00000000e-11  0.00000000e+00  8.00000000e-11 -2.32006519e-11 
 1.60000000e-10  3.29999999e+00  1.60000000e-10  3.29999999e+00  1.60000000e-10  0.00000000e+00  1.60000000e-10 -2.31831585e-11 
 3.20000000e-10  3.29999999e+00  3.20000000e-10  3.29999999e+00  3.20000000e-10  0.00000000e+00  3.20000000e-10 -2.35850766e-11 
 6.40000000e-10  3.29999999e+00  6.40000000e-10  3.29999999e+00  6.40000000e-10  0.00000000e+00  6.40000000e-10 -2.32582094e-11 
 1.14000000e-09  3.29999999e+00  1.14000000e-09  3.29999999e+00  1.14000000e-09  0.00000000e+00  1.14000000e-09 -2.35614991e-11 
 1.64000000e-09  3.29999999e+00  1.64000000e-09  3.29999999e+00  1.64000000e-09  0.00000000e+00  1.64000000e-09 -2.32674689e-11 
 2.14000000e-09  3.29999999e+00  2.14000000e-09  3.29999999e+00  2.14000000e-09  0.00000000e+00  2.14000000e-09 -2.35522598e-11 
 2.64000000e-09  3.29999999e+00  2.64000000e-09  3.29999999e+00  2.64000000e-09  0.00000000e+00  2.64000000e-09 -2.32718632e-11 
 3.14000000e-09  3.29999999e+00  3.14000000e-09  3.29999999e+00  3.14000000e-09  0.00000000e+00  3.14000000e-09 -2.35466011e-11 
 3.64000000e-09  3.29999999e+00  3.64000000e-09  3.29999999e+00  3.64000000e-09  0.00000000e+00  3.64000000e-09 -2.32736241e-11 
 4.14000000e-09  3.29999999e+00  4.14000000e-09  3.29999999e+00  4.14000000e-09  0.00000000e+00  4.14000000e-09 -2.35428896e-11 
 4.64000000e-09  3.29999999e+00  4.64000000e-09  3.29999999e+00  4.64000000e-09  0.00000000e+00  4.64000000e-09 -2.32739537e-11 
 5.14000000e-09  3.29999999e+00  5.14000000e-09  3.29999999e+00  5.14000000e-09  0.00000000e+00  5.14000000e-09 -2.35402379e-11 
 5.64000000e-09  3.29999999e+00  5.64000000e-09  3.29999999e+00  5.64000000e-09  0.00000000e+00  5.64000000e-09 -2.32735029e-11 
 6.14000000e-09  3.29999999e+00  6.14000000e-09  3.29999999e+00  6.14000000e-09  0.00000000e+00  6.14000000e-09 -2.35381699e-11 
 6.64000000e-09  3.29999999e+00  6.64000000e-09  3.29999999e+00  6.64000000e-09  0.00000000e+00  6.64000000e-09 -2.32726297e-11 
 7.14000000e-09  3.29999999e+00  7.14000000e-09  3.29999999e+00  7.14000000e-09  0.00000000e+00  7.14000000e-09 -2.35364107e-11 
 7.64000000e-09  3.29999999e+00  7.64000000e-09  3.29999999e+00  7.64000000e-09  0.00000000e+00  7.64000000e-09 -2.32715260e-11 
 8.14000000e-09  3.29999999e+00  8.14000000e-09  3.29999999e+00  8.14000000e-09  0.00000000e+00  8.14000000e-09 -2.35348269e-11 
 8.64000000e-09  3.29999999e+00  8.64000000e-09  3.29999999e+00  8.64000000e-09  0.00000000e+00  8.64000000e-09 -2.32702991e-11 
 9.14000000e-09  3.29999999e+00  9.14000000e-09  3.29999999e+00  9.14000000e-09  0.00000000e+00  9.14000000e-09 -2.35333380e-11 
 9.64000000e-09  3.29999999e+00  9.64000000e-09  3.29999999e+00  9.64000000e-09  0.00000000e+00  9.64000000e-09 -2.32690052e-11 
 1.01400000e-08  3.29999999e+00  1.01400000e-08  3.29999999e+00  1.01400000e-08  0.00000000e+00  1.01400000e-08 -2.35319030e-11 
 1.06400000e-08  3.29999999e+00  1.06400000e-08  3.29999999e+00  1.06400000e-08  0.00000000e+00  1.06400000e-08 -2.32676762e-11 
 1.11400000e-08  3.29999999e+00  1.11400000e-08  3.29999999e+00  1.11400000e-08  0.00000000e+00  1.11400000e-08 -2.35304953e-11 
 1.16400000e-08  3.29999999e+00  1.16400000e-08  3.29999999e+00  1.16400000e-08  0.00000000e+00  1.16400000e-08 -2.32663288e-11 
 1.21400000e-08  3.29999999e+00  1.21400000e-08  3.29999999e+00  1.21400000e-08  0.00000000e+00  1.21400000e-08 -2.35291068e-11 
 1.26400000e-08  3.29999999e+00  1.26400000e-08  3.29999999e+00  1.26400000e-08  0.00000000e+00  1.26400000e-08 -2.32649711e-11 
 1.31400000e-08  3.29999999e+00  1.31400000e-08  3.29999999e+00  1.31400000e-08  0.00000000e+00  1.31400000e-08 -2.35277262e-11 
 1.36400000e-08  3.29999999e+00  1.36400000e-08  3.29999999e+00  1.36400000e-08  0.00000000e+00  1.36400000e-08 -2.32636107e-11 
 1.41400000e-08  3.29999999e+00  1.41400000e-08  3.29999999e+00  1.41400000e-08  0.00000000e+00  1.41400000e-08 -2.35263540e-11 
 1.46400000e-08  3.29999999e+00  1.46400000e-08  3.29999999e+00  1.46400000e-08  0.00000000e+00  1.46400000e-08 -2.32622480e-11 
 1.51400000e-08  3.29999999e+00  1.51400000e-08  3.29999999e+00  1.51400000e-08  0.00000000e+00  1.51400000e-08 -2.35249869e-11 
 1.56400000e-08  3.29999999e+00  1.56400000e-08  3.29999999e+00  1.56400000e-08  0.00000000e+00  1.56400000e-08 -2.32608871e-11 
 1.61400000e-08  3.29999999e+00  1.61400000e-08  3.29999999e+00  1.61400000e-08  0.00000000e+00  1.61400000e-08 -2.35236236e-11 
 1.66400000e-08  3.29999999e+00  1.66400000e-08  3.29999999e+00  1.66400000e-08  0.00000000e+00  1.66400000e-08 -2.32595271e-11 
 1.71400000e-08  3.29999999e+00  1.71400000e-08  3.29999999e+00  1.71400000e-08  0.00000000e+00  1.71400000e-08 -2.35222603e-11 
 1.76400000e-08  3.29999999e+00  1.76400000e-08  3.29999999e+00  1.76400000e-08  0.00000000e+00  1.76400000e-08 -2.32581667e-11 
 1.81400000e-08  3.29999999e+00  1.81400000e-08  3.29999999e+00  1.81400000e-08  0.00000000e+00  1.81400000e-08 -2.35209014e-11 
 1.86400000e-08  3.29999999e+00  1.86400000e-08  3.29999999e+00  1.86400000e-08  0.00000000e+00  1.86400000e-08 -2.32568099e-11 
 1.91400000e-08  3.29999999e+00  1.91400000e-08  3.29999999e+00  1.91400000e-08  0.00000000e+00  1.91400000e-08 -2.35195446e-11 
 1.96400000e-08  3.29999999e+00  1.96400000e-08  3.29999999e+00  1.96400000e-08  0.00000000e+00  1.96400000e-08 -2.32554527e-11 
 2.00000000e-08  3.29999999e+00  2.00000000e-08  3.29999999e+00  2.00000000e-08  0.00000000e+00  2.00000000e-08 -2.35183802e-11 
 2.00100000e-08  3.32224067e+00  2.00100000e-08  3.32225355e+00  2.00100000e-08  3.30000000e-01  2.00100000e-08  4.12937318e-04 
 2.00300000e-08  3.36404695e+00  2.00300000e-08  3.36409181e+00  2.00300000e-08  9.90000000e-01  2.00300000e-08  4.62081087e-04 
 2.00700000e-08  3.44501723e+00  2.00700000e-08  3.44533889e+00  2.00700000e-08  2.31000000e+00  2.00700000e-08  4.54596342e-04 
 2.01000000e-08  3.48450600e+00  2.01000000e-08  3.48427067e+00  2.01000000e-08  3.30000000e+00  2.01000000e-08  3.27150932e-04 
 2.01039453e-08  3.48381687e+00  2.01039453e-08  3.48348072e+00  2.01039453e-08  3.30000000e+00  2.01039453e-08  2.19379085e-06 
 2.01118360e-08  3.48178127e+00  2.01118360e-08  3.48115552e+00  2.01118360e-08  3.30000000e+00  2.01118360e-08 -3.52065701e-05 
 2.01276174e-08  3.47316737e+00  2.01276174e-08  3.47141048e+00  2.01276174e-08  3.30000000e+00  2.01276174e-08 -5.26340507e-05 
 2.01591802e-08  3.44690958e+00  2.01591802e-08  3.44325778e+00  2.01591802e-08  3.30000000e+00  2.01591802e-08 -6.92158928e-05 
 2.02146390e-08  3.27419942e+00  2.02146390e-08  3.28382134e+00  2.02146390e-08  3.30000000e+00  2.02146390e-08 -9.40128781e-05 
 2.02650907e-08  2.98809195e+00  2.02650907e-08  3.05013272e+00  2.02650907e-08  3.30000000e+00  2.02650907e-08 -1.27228849e-04 
 2.03402559e-08  2.54451962e+00  2.03402559e-08  2.64091552e+00  2.03402559e-08  3.30000000e+00  2.03402559e-08 -1.00115241e-04 
 2.04183220e-08  2.13042791e+00  2.04183220e-08  2.27132361e+00  2.04183220e-08  3.30000000e+00  2.04183220e-08 -1.69926700e-04 
 2.05360253e-08  1.63782560e+00  2.05360253e-08  2.01114314e+00  2.05360253e-08  3.30000000e+00  2.05360253e-08 -2.20029259e-04 
 2.06663154e-08  1.11237284e+00  2.06663154e-08  2.31648949e+00  2.06663154e-08  3.30000000e+00  2.06663154e-08 -3.24789656e-04 
 2.07756316e-08  7.65089009e-01  2.07756316e-08  2.76254241e+00  2.07756316e-08  3.30000000e+00  2.07756316e-08 -2.32328106e-04 
 2.08969007e-08  4.79244284e-01  2.08969007e-08  3.09203745e+00  2.08969007e-08  3.30000000e+00  2.08969007e-08 -1.64627800e-04 
 2.10249021e-08  2.48579059e-01  2.10249021e-08  3.22171125e+00  2.10249021e-08  3.30000000e+00  2.10249021e-08 -4.20704183e-05 
 2.12047406e-08  8.84679875e-02  2.12047406e-08  3.27679938e+00  2.12047406e-08  3.30000000e+00  2.12047406e-08 -4.45154522e-05 
 2.14586819e-08  1.22007535e-02  2.14586819e-08  3.29568679e+00  2.14586819e-08  3.30000000e+00  2.14586819e-08  1.86425187e-05 
 2.16995351e-08  3.72598641e-03  2.16995351e-08  3.29952390e+00  2.16995351e-08  3.30000000e+00  2.16995351e-08 -2.28346914e-05 
 2.20773397e-08 -1.34393733e-03  2.20773397e-08  3.29989386e+00  2.20773397e-08  3.30000000e+00  2.20773397e-08  2.21342337e-05 
 2.25175031e-08  1.12904668e-03  2.25175031e-08  3.30010497e+00  2.25175031e-08  3.30000000e+00  2.25175031e-08 -2.20234851e-05 
 2.30175031e-08 -1.03705837e-03  2.30175031e-08  3.29991220e+00  2.30175031e-08  3.30000000e+00  2.30175031e-08  2.19516701e-05 
 2.35175031e-08  9.74843984e-04  2.35175031e-08  3.30007248e+00  2.35175031e-08  3.30000000e+00  2.35175031e-08 -2.18856021e-05 
 2.40175031e-08 -9.11707866e-04  2.40175031e-08  3.29993865e+00  2.40175031e-08  3.30000000e+00  2.40175031e-08  2.18219954e-05 
 2.45175031e-08  8.61653721e-04  2.45175031e-08  3.30005216e+00  2.45175031e-08  3.30000000e+00  2.45175031e-08 -2.17619228e-05 
 2.50175031e-08 -8.08369940e-04  2.50175031e-08  3.29995457e+00  2.50175031e-08  3.30000000e+00  2.50175031e-08  2.17043556e-05 
 2.55175031e-08  7.65129147e-04  2.55175031e-08  3.30003941e+00  2.55175031e-08  3.30000000e+00  2.55175031e-08 -2.16503425e-05 
 2.60175031e-08 -7.19072489e-04  2.60175031e-08  3.29996513e+00  2.60175031e-08  3.30000000e+00  2.60175031e-08  2.15988514e-05 
 2.65175031e-08  6.81166981e-04  2.65175031e-08  3.30003052e+00  2.65175031e-08  3.30000000e+00  2.65175031e-08 -2.15506980e-05 
 2.70175031e-08 -6.41033146e-04  2.70175031e-08  3.29997282e+00  2.70175031e-08  3.30000000e+00  2.70175031e-08  2.15048812e-05 
 2.75175031e-08  6.07516914e-04  2.75175031e-08  3.30002381e+00  2.75175031e-08  3.30000000e+00  2.75175031e-08 -2.14620931e-05 
 2.80175031e-08 -5.72515620e-04  2.80175031e-08  3.29997878e+00  2.80175031e-08  3.30000000e+00  2.80175031e-08  2.14213869e-05 
 2.85175031e-08  5.42742632e-04  2.85175031e-08  3.30001853e+00  2.85175031e-08  3.30000000e+00  2.85175031e-08 -2.13833753e-05 
 2.90175031e-08 -5.12002571e-04  2.90175031e-08  3.29998354e+00  2.90175031e-08  3.30000000e+00  2.90175031e-08  2.13472135e-05 
 2.95175031e-08  4.85550601e-04  2.95175031e-08  3.30001426e+00  2.95175031e-08  3.30000000e+00  2.95175031e-08 -2.13134428e-05 
 3.00175031e-08 -4.58500576e-04  3.00175031e-08  3.29998740e+00  3.00175031e-08  3.30000000e+00  3.00175031e-08  2.12812948e-05 
 3.05175031e-08  4.34947614e-04  3.05175031e-08  3.30001079e+00  3.05175031e-08  3.30000000e+00  3.05175031e-08 -2.12512658e-05 
 3.10175031e-08 -4.11107611e-04  3.10175031e-08  3.29999056e+00  3.10175031e-08  3.30000000e+00  3.10175031e-08  2.12226572e-05 
 3.15175031e-08  3.90095935e-04  3.15175031e-08  3.30000794e+00  3.15175031e-08  3.30000000e+00  3.15175031e-08 -2.11959272e-05 
 3.20175031e-08 -3.69052878e-04  3.20175031e-08  3.29999315e+00  3.20175031e-08  3.30000000e+00  3.20175031e-08  2.11704400e-05 
 3.25175031e-08  3.50287088e-04  3.25175031e-08  3.30000562e+00  3.25175031e-08  3.30000000e+00  3.25175031e-08 -2.11466193e-05 
 3.30175031e-08 -3.31704258e-04  3.30175031e-08  3.29999526e+00  3.30175031e-08  3.30000000e+00  3.30175031e-08  2.11238826e-05 
 3.35175031e-08  3.14875787e-04  3.35175031e-08  3.30000372e+00  3.35175031e-08  3.30000000e+00  3.35175031e-08 -2.11026307e-05 
 3.40175031e-08 -2.98462175e-04  3.40175031e-08  3.29999698e+00  3.40175031e-08  3.30000000e+00  3.40175031e-08  2.10823274e-05 
 3.45175031e-08  2.83371097e-04  3.45175031e-08  3.30000219e+00  3.45175031e-08  3.30000000e+00  3.45175031e-08 -2.10633437e-05 
 3.50175031e-08 -2.68843312e-04  3.50175031e-08  3.29999837e+00  3.50175031e-08  3.30000000e+00  3.50175031e-08  2.10451895e-05 
 3.55175031e-08  2.55292525e-04  3.55175031e-08  3.30000094e+00  3.55175031e-08  3.30000000e+00  3.55175031e-08 -2.10282138e-05 
 3.60175031e-08 -2.42419263e-04  3.60175031e-08  3.29999948e+00  3.60175031e-08  3.30000000e+00  3.60175031e-08  2.10119573e-05 
 3.65175031e-08  2.30228188e-04  3.65175031e-08  3.29999997e+00  3.65175031e-08  3.30000000e+00  3.65175031e-08 -2.09967591e-05 
 3.70175031e-08 -2.18825700e-04  3.70175031e-08  3.30000037e+00  3.70175031e-08  3.30000000e+00  3.70175031e-08  2.09821928e-05 
 3.75175031e-08  2.07834792e-04  3.75175031e-08  3.29999919e+00  3.75175031e-08  3.30000000e+00  3.75175031e-08 -2.09685688e-05 
 3.80175031e-08 -1.97725616e-04  3.80175031e-08  3.30000107e+00  3.80175031e-08  3.30000000e+00  3.80175031e-08  2.09554976e-05 
 3.85175031e-08  1.87798987e-04  3.85175031e-08  3.29999858e+00  3.85175031e-08  3.30000000e+00  3.85175031e-08 -2.09432706e-05 
 3.90175031e-08 -1.78833796e-04  3.90175031e-08  3.30000161e+00  3.90175031e-08  3.30000000e+00  3.90175031e-08  2.09315276e-05 
 3.95175031e-08  1.69853520e-04  3.95175031e-08  3.29999812e+00  3.95175031e-08  3.30000000e+00  3.95175031e-08 -2.09205440e-05 
 4.00175031e-08 -1.61900334e-04  4.00175031e-08  3.30000201e+00  4.00175031e-08  3.30000000e+00  4.00175031e-08  2.09099817e-05 
 4.05175031e-08  1.53760180e-04  4.05175031e-08  3.29999777e+00  4.05175031e-08  3.30000000e+00  4.05175031e-08 -2.09001042e-05 
 4.10175031e-08 -1.46704474e-04  4.10175031e-08  3.30000231e+00  4.10175031e-08  3.30000000e+00  4.10175031e-08  2.08905931e-05 
 4.15175031e-08  1.39311117e-04  4.15175031e-08  3.29999752e+00  4.15175031e-08  3.30000000e+00  4.15175031e-08 -2.08817011e-05 
 4.20175031e-08 -1.33052463e-04  4.20175031e-08  3.30000252e+00  4.20175031e-08  3.30000000e+00  4.20175031e-08  2.08731273e-05 
 4.25175031e-08  1.26323665e-04  4.25175031e-08  3.29999735e+00  4.25175031e-08  3.30000000e+00  4.25175031e-08 -2.08651143e-05 
 4.30175031e-08 -1.20773852e-04  4.30175031e-08  3.30000266e+00  4.30175031e-08  3.30000000e+00  4.30175031e-08  2.08573769e-05 
 4.35175031e-08  1.14637075e-04  4.35175031e-08  3.29999725e+00  4.35175031e-08  3.30000000e+00  4.35175031e-08 -2.08501490e-05 
 4.40175031e-08 -1.09718511e-04  4.40175031e-08  3.30000274e+00  4.40175031e-08  3.30000000e+00  4.40175031e-08  2.08431592e-05 
 4.45175031e-08  1.04109716e-04  4.45175031e-08  3.29999720e+00  4.45175031e-08  3.30000000e+00  4.45175031e-08 -2.08366332e-05 
 4.50175031e-08 -9.97540594e-05  4.50175031e-08  3.30000277e+00  4.50175031e-08  3.30000000e+00  4.50175031e-08  2.08303123e-05 
 4.55175031e-08  9.46166541e-05  4.55175031e-08  3.29999719e+00  4.55175031e-08  3.30000000e+00  4.55175031e-08 -2.08244148e-05 
 4.60175031e-08 -9.07636269e-05  4.60175031e-08  3.30000276e+00  4.60175031e-08  3.30000000e+00  4.60175031e-08  2.08186931e-05 
 4.65175031e-08  8.60475502e-05  4.65175031e-08  3.29999722e+00  4.65175031e-08  3.30000000e+00  4.65175031e-08 -2.08133588e-05 
 4.70175031e-08 -8.26439140e-05  4.70175031e-08  3.30000273e+00  4.70175031e-08  3.30000000e+00  4.70175031e-08  2.08081745e-05 
 4.75175031e-08  7.83048370e-05  4.75175031e-08  3.29999727e+00  4.75175031e-08  3.30000000e+00  4.75175031e-08 -2.08033456e-05 
 4.80175031e-08 -7.53035059e-05  4.80175031e-08  3.30000267e+00  4.80175031e-08  3.30000000e+00  4.80175031e-08  2.07986438e-05 
 4.85175031e-08  7.13021346e-05  4.85175031e-08  3.29999734e+00  4.85175031e-08  3.30000000e+00  4.85175031e-08 -2.07942689e-05 
 4.90175031e-08 -6.86614066e-05  4.90175031e-08  3.30000259e+00  4.90175031e-08  3.30000000e+00  4.90175031e-08  2.07900008e-05 
 4.95175031e-08  6.49628725e-05  4.95175031e-08  3.29999742e+00  4.95175031e-08  3.30000000e+00  4.95175031e-08 -2.07860343e-05 
 5.00175031e-08 -6.26457638e-05  5.00175031e-08  3.30000250e+00  5.00175031e-08  3.30000000e+00  5.00175031e-08  2.07821566e-05 
 5.05175031e-08  5.92190918e-05  5.05175031e-08  3.29999752e+00  5.05175031e-08  3.30000000e+00  5.05175031e-08 -2.07785576e-05 
 5.10175031e-08 -5.71927581e-05  5.10175031e-08  3.30000240e+00  5.10175031e-08  3.30000000e+00  5.10175031e-08  2.07750315e-05 
 5.15175031e-08  5.40104014e-05  5.15175031e-08  3.29999762e+00  5.15175031e-08  3.30000000e+00  5.15175031e-08 -2.07717639e-05 
 5.20175031e-08 -5.22456352e-05  5.20175031e-08  3.30000230e+00  5.20175031e-08  3.30000000e+00  5.20175031e-08  2.07685549e-05 
 5.25175031e-08  4.92830683e-05  5.25175031e-08  3.29999773e+00  5.25175031e-08  3.30000000e+00  5.25175031e-08 -2.07655862e-05 
 5.30175031e-08 -4.77538616e-05  5.30175031e-08  3.30000219e+00  5.30175031e-08  3.30000000e+00  5.30175031e-08  2.07626634e-05 
 5.35175031e-08  4.49892248e-05  5.35175031e-08  3.29999784e+00  5.35175031e-08  3.30000000e+00  5.35175031e-08 -2.07599647e-05 
 5.40175031e-08 -4.36723875e-05  5.40175031e-08  3.30000208e+00  5.40175031e-08  3.30000000e+00  5.40175031e-08  2.07573005e-05 
 5.45175031e-08  4.10861750e-05  5.45175031e-08  3.29999796e+00  5.45175031e-08  3.30000000e+00  5.45175031e-08 -2.07548458e-05 
 5.50175031e-08 -3.99610031e-05  5.50175031e-08  3.30000197e+00  5.50175031e-08  3.30000000e+00  5.50175031e-08  2.07524155e-05 
 5.55175031e-08  3.75357897e-05  5.55175031e-08  3.29999807e+00  5.55175031e-08  3.30000000e+00  5.55175031e-08 -2.07501817e-05 
 5.60175031e-08 -3.65837748e-05  5.60175031e-08  3.30000186e+00  5.60175031e-08  3.30000000e+00  5.60175031e-08  2.07479632e-05 
 5.65175031e-08  3.43039764e-05  5.65175031e-08  3.29999818e+00  5.65175031e-08  3.30000000e+00  5.65175031e-08 -2.07459293e-05 
 5.70175031e-08 -3.35085519e-05  5.70175031e-08  3.30000175e+00  5.70175031e-08  3.30000000e+00  5.70175031e-08  2.07439026e-05 
 5.75175031e-08  3.13602158e-05  5.75175031e-08  3.29999828e+00  5.75175031e-08  3.30000000e+00  5.75175031e-08 -2.07420500e-05 
 5.80175031e-08 -3.07065348e-05  5.80175031e-08  3.30000164e+00  5.80175031e-08  3.30000000e+00  5.80175031e-08  2.07401974e-05 
 5.85175031e-08  2.86771546e-05  5.85175031e-08  3.29999839e+00  5.85175031e-08  3.30000000e+00  5.85175031e-08 -2.07385092e-05 
 5.90175031e-08 -2.81518953e-05  5.90175031e-08  3.30000154e+00  5.90175031e-08  3.30000000e+00  5.90175031e-08  2.07368145e-05 
 5.95175031e-08  2.62302488e-05  5.95175031e-08  3.29999849e+00  5.95175031e-08  3.30000000e+00  5.95175031e-08 -2.07352756e-05 
 6.00175031e-08 -2.58214437e-05  6.00175031e-08  3.30000145e+00  6.00175031e-08  3.30000000e+00  6.00175031e-08  2.07337244e-05 
 6.05175031e-08  2.39974501e-05  6.05175031e-08  3.29999858e+00  6.05175031e-08  3.30000000e+00  6.05175031e-08 -2.07323211e-05 
 6.10175031e-08 -2.36943358e-05  6.10175031e-08  3.30000135e+00  6.10175031e-08  3.30000000e+00  6.10175031e-08  2.07309003e-05 
 6.15175031e-08  2.19589298e-05  6.15175031e-08  3.29999868e+00  6.15175031e-08  3.30000000e+00  6.15175031e-08 -2.07296204e-05 
 6.20175031e-08 -2.17518151e-05  6.20175031e-08  3.30000126e+00  6.20175031e-08  3.30000000e+00  6.20175031e-08  2.07283181e-05 
 6.25175031e-08  2.00968364e-05  6.25175031e-08  3.29999876e+00  6.25175031e-08  3.30000000e+00  6.25175031e-08 -2.07271505e-05 
 6.30175031e-08 -1.99769859e-05  6.30175031e-08  3.30000118e+00  6.30175031e-08  3.30000000e+00  6.30175031e-08  2.07259562e-05 
 6.35175031e-08  1.83950807e-05  6.35175031e-08  3.29999885e+00  6.35175031e-08  3.30000000e+00  6.35175031e-08 -2.07248908e-05 
 6.40175031e-08 -1.83546122e-05  6.40175031e-08  3.30000110e+00  6.40175031e-08  3.30000000e+00  6.40175031e-08  2.07237949e-05 
 6.45175031e-08  1.68391476e-05  6.45175031e-08  3.29999893e+00  6.45175031e-08  3.30000000e+00  6.45175031e-08 -2.07228226e-05 
 6.50175031e-08 -1.68709414e-05  6.50175031e-08  3.30000102e+00  6.50175031e-08  3.30000000e+00  6.50175031e-08  2.07218163e-05 
 6.55175031e-08  1.54159284e-05  6.55175031e-08  3.29999900e+00  6.55175031e-08  3.30000000e+00  6.55175031e-08 -2.07209289e-05 
 6.60175031e-08 -1.55135473e-05  6.60175031e-08  3.30000095e+00  6.60175031e-08  3.30000000e+00  6.60175031e-08  2.07200043e-05 
 6.65175031e-08  1.41135731e-05  6.65175031e-08  3.29999907e+00  6.65175031e-08  3.30000000e+00  6.65175031e-08 -2.07191943e-05 
 6.70175031e-08 -1.42711915e-05  6.70175031e-08  3.30000089e+00  6.70175031e-08  3.30000000e+00  6.70175031e-08  2.07183444e-05 
 6.75175031e-08  1.29213599e-05  6.75175031e-08  3.29999913e+00  6.75175031e-08  3.30000000e+00  6.75175031e-08 -2.07176051e-05 
 6.80175031e-08 -1.31337007e-05  6.80175031e-08  3.30000082e+00  6.80175031e-08  3.30000000e+00  6.80175031e-08  2.07168232e-05 
 6.85175031e-08  1.28239805e-05  6.85175031e-08  3.29999915e+00  6.85175031e-08  3.30000000e+00  6.85175031e-08 -2.07161404e-05 
 6.90175031e-08 -1.03076469e-05  6.90175031e-08  3.30000059e+00  6.90175031e-08  3.30000000e+00  6.90175031e-08  2.07152820e-05 
 6.95175031e-08  1.23922598e-05  6.95175031e-08  3.29999907e+00  6.95175031e-08  3.30000000e+00  6.95175031e-08 -2.07149491e-05 
 7.00175031e-08 -9.62778815e-06  7.00175031e-08  3.30000055e+00  7.00175031e-08  3.30000000e+00  7.00175031e-08  2.07140298e-05 
 7.01000000e-08  9.33792670e-06  7.01000000e-08  3.29999927e+00  7.01000000e-08  3.30000000e+00  7.01000000e-08 -2.07110511e-05 
 7.01100000e-08 -3.05077973e-03  7.01100000e-08  3.29704214e+00  7.01100000e-08  2.97000000e+00  7.01100000e-08 -2.79996086e-04 
 7.01300000e-08 -2.20106444e-02  7.01300000e-08  3.27671198e+00  7.01300000e-08  2.31000000e+00  7.01300000e-08 -3.71675199e-04 
 7.01700000e-08 -2.92236767e-02  7.01700000e-08  3.24447456e+00  7.01700000e-08  9.90000000e-01  7.01700000e-08 -7.90423722e-04 
 7.02000000e-08  4.96558181e-02  7.02000000e-08  3.25890324e+00  7.02000000e-08  0.00000000e+00  7.02000000e-08 -1.14657075e-03 
 7.02036223e-08  6.93284504e-02  7.02036223e-08  3.26853466e+00  7.02036223e-08  0.00000000e+00  7.02036223e-08 -7.95188411e-04 
 7.02108670e-08  1.08216768e-01  7.02108670e-08  3.28640360e+00  7.02108670e-08  0.00000000e+00  7.02108670e-08 -7.81621496e-04 
 7.02253563e-08  1.83404125e-01  7.02253563e-08  3.31595068e+00  7.02253563e-08  0.00000000e+00  7.02253563e-08 -7.61912006e-04 
 7.02543350e-08  3.28643283e-01  7.02543350e-08  3.35652613e+00  7.02543350e-08  0.00000000e+00  7.02543350e-08 -7.24975186e-04 
 7.03122922e-08  6.29554352e-01  7.03122922e-08  3.40166156e+00  7.03122922e-08  0.00000000e+00  7.03122922e-08 -6.73389229e-04 
 7.04152889e-08  1.30940398e+00  7.04152889e-08  3.47390274e+00  7.04152889e-08  0.00000000e+00  7.04152889e-08 -4.72689583e-04 
 7.05115033e-08  1.96311840e+00  7.05115033e-08  3.51564379e+00  7.05115033e-08  0.00000000e+00  7.05115033e-08 -2.67094413e-04 
 7.06292496e-08  2.51625481e+00  7.06292496e-08  3.46915767e+00  7.06292496e-08  0.00000000e+00  7.06292496e-08 -1.27784004e-04 
 7.07412551e-08  2.84176421e+00  7.07412551e-08  3.42316888e+00  7.07412551e-08  0.00000000e+00  7.07412551e-08 -5.71467550e-05 
 7.08833869e-08  3.09979501e+00  7.08833869e-08  3.36631043e+00  7.08833869e-08  0.00000000e+00  7.08833869e-08 -2.44891040e-05 
 7.10580288e-08  3.23528213e+00  7.10580288e-08  3.32719819e+00  7.10580288e-08  0.00000000e+00  7.10580288e-08 -1.16987596e-05 
 7.12504897e-08  3.28235583e+00  7.12504897e-08  3.30919563e+00  7.12504897e-08  0.00000000e+00  7.12504897e-08  1.53630582e-07 
 7.16029467e-08  3.30037956e+00  7.16029467e-08  3.30028991e+00  7.16029467e-08  0.00000000e+00  7.16029467e-08 -4.03735040e-06 
 7.20652177e-08  3.29991652e+00  7.20652177e-08  3.29992130e+00  7.20652177e-08  0.00000000e+00  7.20652177e-08  2.72100955e-06 
 7.25652177e-08  3.30002432e+00  7.25652177e-08  3.30003428e+00  7.25652177e-08  0.00000000e+00  7.25652177e-08 -3.70595799e-06 
 7.30652177e-08  3.29999367e+00  7.30652177e-08  3.29998625e+00  7.30652177e-08  0.00000000e+00  7.30652177e-08  3.06280260e-06 
 7.35652177e-08  3.30000263e+00  7.35652177e-08  3.30000913e+00  7.35652177e-08  0.00000000e+00  7.35652177e-08 -3.59933089e-06 
 7.40652177e-08  3.29999952e+00  7.40652177e-08  3.29999535e+00  7.40652177e-08  0.00000000e+00  7.40652177e-08  3.19129432e-06 
 7.45652177e-08  3.30000064e+00  7.45652177e-08  3.30000403e+00  7.45652177e-08  0.00000000e+00  7.45652177e-08 -3.54977212e-06 
 7.50652177e-08  3.29999997e+00  7.50652177e-08  3.29999789e+00  7.50652177e-08  0.00000000e+00  7.50652177e-08  3.25644111e-06 
 7.55652177e-08  3.30000029e+00  7.55652177e-08  3.30000203e+00  7.55652177e-08  0.00000000e+00  7.55652177e-08 -3.52085574e-06 
 7.60652177e-08  3.30000002e+00  7.60652177e-08  3.29999897e+00  7.60652177e-08  0.00000000e+00  7.60652177e-08  3.29352083e-06 
 7.65652177e-08  3.30000016e+00  7.65652177e-08  3.30000109e+00  7.65652177e-08  0.00000000e+00  7.65652177e-08 -3.50159882e-06 
 7.70652177e-08  3.30000003e+00  7.70652177e-08  3.29999951e+00  7.70652177e-08  0.00000000e+00  7.70652177e-08  3.31694844e-06 
 7.75652177e-08  3.30000009e+00  7.75652177e-08  3.30000060e+00  7.75652177e-08  0.00000000e+00  7.75652177e-08 -3.48766001e-06 
 7.80652177e-08  3.30000002e+00  7.80652177e-08  3.29999977e+00  7.80652177e-08  0.00000000e+00  7.80652177e-08  3.33277381e-06 
 7.85652177e-08  3.30000006e+00  7.85652177e-08  3.30000034e+00  7.85652177e-08  0.00000000e+00  7.85652177e-08 -3.47707145e-06 
 7.90652177e-08  3.30000002e+00  7.90652177e-08  3.29999991e+00  7.90652177e-08  0.00000000e+00  7.90652177e-08  3.34405960e-06 
 7.95652177e-08  3.30000004e+00  7.95652177e-08  3.30000020e+00  7.95652177e-08  0.00000000e+00  7.95652177e-08 -3.46877815e-06 
 8.00652177e-08  3.30000002e+00  8.00652177e-08  3.29999997e+00  8.00652177e-08  0.00000000e+00  8.00652177e-08  3.35247512e-06 
 8.05652177e-08  3.30000002e+00  8.05652177e-08  3.30000012e+00  8.05652177e-08  0.00000000e+00  8.05652177e-08 -3.46213882e-06 
 8.10652177e-08  3.30000001e+00  8.10652177e-08  3.30000000e+00  8.10652177e-08  0.00000000e+00  8.10652177e-08  3.35898352e-06 
 8.15652177e-08  3.30000002e+00  8.15652177e-08  3.30000008e+00  8.15652177e-08  0.00000000e+00  8.15652177e-08 -3.45673016e-06 
 8.20652177e-08  3.30000001e+00  8.20652177e-08  3.30000001e+00  8.20652177e-08  0.00000000e+00  8.20652177e-08  3.36416832e-06 
 8.25652177e-08  3.30000001e+00  8.25652177e-08  3.30000005e+00  8.25652177e-08  0.00000000e+00  8.25652177e-08 -3.45225801e-06 
 8.30652177e-08  3.30000001e+00  8.30652177e-08  3.30000002e+00  8.30652177e-08  0.00000000e+00  8.30652177e-08  3.36839881e-06 
 8.35652177e-08  3.30000001e+00  8.35652177e-08  3.30000004e+00  8.35652177e-08  0.00000000e+00  8.35652177e-08 -3.44851114e-06 
 8.40652177e-08  3.30000000e+00  8.40652177e-08  3.30000002e+00  8.40652177e-08  0.00000000e+00  8.40652177e-08  3.37191857e-06 
 8.45652177e-08  3.30000000e+00  8.45652177e-08  3.30000003e+00  8.45652177e-08  0.00000000e+00  8.45652177e-08 -3.44533463e-06 
 8.50652177e-08  3.30000000e+00  8.50652177e-08  3.30000001e+00  8.50652177e-08  0.00000000e+00  8.50652177e-08  3.37489418e-06 
 8.55652177e-08  3.30000000e+00  8.55652177e-08  3.30000002e+00  8.55652177e-08  0.00000000e+00  8.55652177e-08 -3.44261275e-06 
 8.60652177e-08  3.30000000e+00  8.60652177e-08  3.30000001e+00  8.60652177e-08  0.00000000e+00  8.60652177e-08  3.37744337e-06 
 8.65652177e-08  3.30000000e+00  8.65652177e-08  3.30000001e+00  8.65652177e-08  0.00000000e+00  8.65652177e-08 -3.44025779e-06 
 8.70652177e-08  3.30000000e+00  8.70652177e-08  3.30000001e+00  8.70652177e-08  0.00000000e+00  8.70652177e-08  3.37965170e-06 
 8.75652177e-08  3.30000000e+00  8.75652177e-08  3.30000001e+00  8.75652177e-08  0.00000000e+00  8.75652177e-08 -3.43820245e-06 
 8.80652177e-08  3.30000000e+00  8.80652177e-08  3.30000001e+00  8.80652177e-08  0.00000000e+00  8.80652177e-08  3.38158311e-06 
 8.85652177e-08  3.30000000e+00  8.85652177e-08  3.30000001e+00  8.85652177e-08  0.00000000e+00  8.85652177e-08 -3.43639442e-06 
 8.90652177e-08  3.30000000e+00  8.90652177e-08  3.30000001e+00  8.90652177e-08  0.00000000e+00  8.90652177e-08  3.38328634e-06 
 8.95652177e-08  3.30000000e+00  8.95652177e-08  3.30000000e+00  8.95652177e-08  0.00000000e+00  8.95652177e-08 -3.43479259e-06 
 9.00652177e-08  3.29999999e+00  9.00652177e-08  3.30000000e+00  9.00652177e-08  0.00000000e+00  9.00652177e-08  3.38479926e-06 
 9.05652177e-08  3.29999999e+00  9.05652177e-08  3.30000000e+00  9.05652177e-08  0.00000000e+00  9.05652177e-08 -3.43336427e-06 
 9.10652177e-08  3.29999999e+00  9.10652177e-08  3.30000000e+00  9.10652177e-08  0.00000000e+00  9.10652177e-08  3.38615178e-06 
 9.15652177e-08  3.29999999e+00  9.15652177e-08  3.30000000e+00  9.15652177e-08  0.00000000e+00  9.15652177e-08 -3.43208322e-06 
 9.20652177e-08  3.29999999e+00  9.20652177e-08  3.30000000e+00  9.20652177e-08  0.00000000e+00  9.20652177e-08  3.38736785e-06 
 9.25652177e-08  3.29999999e+00  9.25652177e-08  3.30000000e+00  9.25652177e-08  0.00000000e+00  9.25652177e-08 -3.43092814e-06 
 9.30652177e-08  3.29999999e+00  9.30652177e-08  3.30000000e+00  9.30652177e-08  0.00000000e+00  9.30652177e-08  3.38846689e-06 
 9.35652177e-08  3.29999999e+00  9.35652177e-08  3.30000000e+00  9.35652177e-08  0.00000000e+00  9.35652177e-08 -3.42988161e-06 
 9.40652177e-08  3.29999999e+00  9.40652177e-08  3.30000000e+00  9.40652177e-08  0.00000000e+00  9.40652177e-08  3.38946481e-06 
 9.45652177e-08  3.29999999e+00  9.45652177e-08  3.30000000e+00  9.45652177e-08  0.00000000e+00  9.45652177e-08 -3.42892924e-06 
 9.50652177e-08  3.29999999e+00  9.50652177e-08  3.30000000e+00  9.50652177e-08  0.00000000e+00  9.50652177e-08  3.39037479e-06 
 9.55652177e-08  3.29999999e+00  9.55652177e-08  3.30000000e+00  9.55652177e-08  0.00000000e+00  9.55652177e-08 -3.42805904e-06 
 9.60652177e-08  3.29999999e+00  9.60652177e-08  3.30000000e+00  9.60652177e-08  0.00000000e+00  9.60652177e-08  3.39120781e-06 
 9.65652177e-08  3.29999999e+00  9.65652177e-08  3.30000000e+00  9.65652177e-08  0.00000000e+00  9.65652177e-08 -3.42726096e-06 
 9.70652177e-08  3.29999999e+00  9.70652177e-08  3.30000000e+00  9.70652177e-08  0.00000000e+00  9.70652177e-08  3.39197312e-06 
 9.75652177e-08  3.29999999e+00  9.75652177e-08  3.30000000e+00  9.75652177e-08  0.00000000e+00  9.75652177e-08 -3.42652650e-06 
 9.80652177e-08  3.29999999e+00  9.80652177e-08  3.30000000e+00  9.80652177e-08  0.00000000e+00  9.80652177e-08  3.39267854e-06 
 9.85652177e-08  3.29999999e+00  9.85652177e-08  3.29999999e+00  9.85652177e-08  0.00000000e+00  9.85652177e-08 -3.42584846e-06 
 9.90652177e-08  3.29999999e+00  9.90652177e-08  3.29999999e+00  9.90652177e-08  0.00000000e+00  9.90652177e-08  3.39333076e-06 
 9.95652177e-08  3.29999999e+00  9.95652177e-08  3.29999999e+00  9.95652177e-08  0.00000000e+00  9.95652177e-08 -3.42522064e-06 
 1.00000000e-07  3.29999999e+00  1.00000000e-07  3.29999999e+00  1.00000000e-07  0.00000000e+00  1.00000000e-07  3.39389739e-06 
 1.00050000e-07  3.29999999e+00  1.00050000e-07  3.29999999e+00  1.00050000e-07  0.00000000e+00  1.00050000e-07 -1.55032521e-08 
 1.00150000e-07  3.29999999e+00  1.00150000e-07  3.29999999e+00  1.00150000e-07  0.00000000e+00  1.00150000e-07 -1.54449565e-08 
 1.00350000e-07  3.29999999e+00  1.00350000e-07  3.29999999e+00  1.00350000e-07  0.00000000e+00  1.00350000e-07 -1.53300433e-08 
 1.00750000e-07  3.29999999e+00  1.00750000e-07  3.29999999e+00  1.00750000e-07  0.00000000e+00  1.00750000e-07 -1.51048997e-08 
 1.01250000e-07  3.29999999e+00  1.01250000e-07  3.29999999e+00  1.01250000e-07  0.00000000e+00  1.01250000e-07 -1.48324866e-08 
 1.01750000e-07  3.29999999e+00  1.01750000e-07  3.29999999e+00  1.01750000e-07  0.00000000e+00  1.01750000e-07 -1.45693264e-08 
 1.02250000e-07  3.29999999e+00  1.02250000e-07  3.29999999e+00  1.02250000e-07  0.00000000e+00  1.02250000e-07 -1.43151909e-08 
 1.02750000e-07  3.29999999e+00  1.02750000e-07  3.29999999e+00  1.02750000e-07  0.00000000e+00  1.02750000e-07 -1.40694034e-08 
 1.03250000e-07  3.29999999e+00  1.03250000e-07  3.29999999e+00  1.03250000e-07  0.00000000e+00  1.03250000e-07 -1.38317890e-08 
 1.03750000e-07  3.29999999e+00  1.03750000e-07  3.29999999e+00  1.03750000e-07  0.00000000e+00  1.03750000e-07 -1.36017288e-08 
 1.04250000e-07  3.29999999e+00  1.04250000e-07  3.29999999e+00  1.04250000e-07  0.00000000e+00  1.04250000e-07 -1.33790952e-08 
 1.04750000e-07  3.29999999e+00  1.04750000e-07  3.29999999e+00  1.04750000e-07  0.00000000e+00  1.04750000e-07 -1.31633170e-08 
 1.05250000e-07  3.29999999e+00  1.05250000e-07  3.29999999e+00  1.05250000e-07  0.00000000e+00  1.05250000e-07 -1.29543079e-08 
 1.05750000e-07  3.29999999e+00  1.05750000e-07  3.29999999e+00  1.05750000e-07  0.00000000e+00  1.05750000e-07 -1.27515370e-08 
 1.06250000e-07  3.29999999e+00  1.06250000e-07  3.29999999e+00  1.06250000e-07  0.00000000e+00  1.06250000e-07 -1.25549538e-08 
 1.06750000e-07  3.29999999e+00  1.06750000e-07  3.29999999e+00  1.06750000e-07  0.00000000e+00  1.06750000e-07 -1.23640620e-08 
 1.07250000e-07  3.29999999e+00  1.07250000e-07  3.29999999e+00  1.07250000e-07  0.00000000e+00  1.07250000e-07 -1.21788418e-08 
 1.07750000e-07  3.29999999e+00  1.07750000e-07  3.29999999e+00  1.07750000e-07  0.00000000e+00  1.07750000e-07 -1.19988265e-08 
 1.08250000e-07  3.29999999e+00  1.08250000e-07  3.29999999e+00  1.08250000e-07  0.00000000e+00  1.08250000e-07 -1.18240235e-08 
 1.08750000e-07  3.29999999e+00  1.08750000e-07  3.29999999e+00  1.08750000e-07  0.00000000e+00  1.08750000e-07 -1.16539912e-08 
 1.09250000e-07  3.29999999e+00  1.09250000e-07  3.29999999e+00  1.09250000e-07  0.00000000e+00  1.09250000e-07 -1.14887608e-08 
 1.09750000e-07  3.29999999e+00  1.09750000e-07  3.29999999e+00  1.09750000e-07  0.00000000e+00  1.09750000e-07 -1.13279127e-08 
 1.10250000e-07  3.29999999e+00  1.10250000e-07  3.29999999e+00  1.10250000e-07  0.00000000e+00  1.10250000e-07 -1.11714986e-08 
 1.10750000e-07  3.29999999e+00  1.10750000e-07  3.29999999e+00  1.10750000e-07  0.00000000e+00  1.10750000e-07 -1.10191183e-08 
 1.11250000e-07  3.29999999e+00  1.11250000e-07  3.29999999e+00  1.11250000e-07  0.00000000e+00  1.11250000e-07 -1.08708414e-08 
 1.11750000e-07  3.29999999e+00  1.11750000e-07  3.29999999e+00  1.11750000e-07  0.00000000e+00  1.11750000e-07 -1.07262846e-08 
 1.12250000e-07  3.29999999e+00  1.12250000e-07  3.29999999e+00  1.12250000e-07  0.00000000e+00  1.12250000e-07 -1.05855332e-08 
 1.12750000e-07  3.29999999e+00  1.12750000e-07  3.29999999e+00  1.12750000e-07  0.00000000e+00  1.12750000e-07 -1.04482189e-08 
 1.13250000e-07  3.29999999e+00  1.13250000e-07  3.29999999e+00  1.13250000e-07  0.00000000e+00  1.13250000e-07 -1.03144409e-08 
 1.13750000e-07  3.29999999e+00  1.13750000e-07  3.29999999e+00  1.13750000e-07  0.00000000e+00  1.13750000e-07 -1.01838438e-08 
 1.14250000e-07  3.29999999e+00  1.14250000e-07  3.29999999e+00  1.14250000e-07  0.00000000e+00  1.14250000e-07 -1.00565393e-08 
 1.14750000e-07  3.29999999e+00  1.14750000e-07  3.29999999e+00  1.14750000e-07  0.00000000e+00  1.14750000e-07 -9.93218355e-09 
 1.15250000e-07  3.29999999e+00  1.15250000e-07  3.29999999e+00  1.15250000e-07  0.00000000e+00  1.15250000e-07 -9.81089901e-09 
 1.15750000e-07  3.29999999e+00  1.15750000e-07  3.29999999e+00  1.15750000e-07  0.00000000e+00  1.15750000e-07 -9.69235223e-09 
 1.16250000e-07  3.29999999e+00  1.16250000e-07  3.29999999e+00  1.16250000e-07  0.00000000e+00  1.16250000e-07 -9.57667531e-09 
 1.16750000e-07  3.29999999e+00  1.16750000e-07  3.29999999e+00  1.16750000e-07  0.00000000e+00  1.16750000e-07 -9.46354394e-09 
 1.17250000e-07  3.29999999e+00  1.17250000e-07  3.29999999e+00  1.17250000e-07  0.00000000e+00  1.17250000e-07 -9.35309885e-09 
 1.17750000e-07  3.29999999e+00  1.17750000e-07  3.29999999e+00  1.17750000e-07  0.00000000e+00  1.17750000e-07 -9.24502388e-09 
 1.18250000e-07  3.29999999e+00  1.18250000e-07  3.29999999e+00  1.18250000e-07  0.00000000e+00  1.18250000e-07 -9.13946747e-09 
 1.18750000e-07  3.29999999e+00  1.18750000e-07  3.29999999e+00  1.18750000e-07  0.00000000e+00  1.18750000e-07 -9.03612074e-09 
 1.19250000e-07  3.29999999e+00  1.19250000e-07  3.29999999e+00  1.19250000e-07  0.00000000e+00  1.19250000e-07 -8.93513902e-09 
 1.19750000e-07  3.29999999e+00  1.19750000e-07  3.29999999e+00  1.19750000e-07  0.00000000e+00  1.19750000e-07 -8.83621998e-09 
 1.20000000e-07  3.29999999e+00  1.20000000e-07  3.29999999e+00  1.20000000e-07  0.00000000e+00  1.20000000e-07 -8.78764685e-09 
 1.20010000e-07  3.32223531e+00  1.20010000e-07  3.32224607e+00  1.20010000e-07  3.30000000e-01  1.20010000e-07  4.12766255e-04 
 1.20030000e-07  3.36403352e+00  1.20030000e-07  3.36407453e+00  1.20030000e-07  9.90000000e-01  1.20030000e-07  4.61930441e-04 
 1.20070000e-07  3.44534192e+00  1.20070000e-07  3.44561341e+00  1.20070000e-07  2.31000000e+00  1.20070000e-07  4.59379353e-04 
 1.20100000e-07  3.48410448e+00  1.20100000e-07  3.48378744e+00  1.20100000e-07  3.30000000e+00  1.20100000e-07  2.92358982e-04 
 1.20104202e-07  3.48328744e+00  1.20104202e-07  3.48286217e+00  1.20104202e-07  3.30000000e+00  1.20104202e-07 -1.17616599e-05 
 1.20112606e-07  3.48083213e+00  1.20112606e-07  3.48009070e+00  1.20112606e-07  3.30000000e+00  1.20112606e-07 -3.89247066e-05 
 1.20129415e-07  3.47056939e+00  1.20129415e-07  3.46873446e+00  1.20129415e-07  3.30000000e+00  1.20129415e-07 -5.27025818e-05 
 1.20163031e-07  3.44216953e+00  1.20163031e-07  3.43854220e+00  1.20163031e-07  3.30000000e+00  1.20163031e-07 -7.10804726e-05 
 1.20213293e-07  3.27827788e+00  1.20213293e-07  3.28489714e+00  1.20213293e-07  3.30000000e+00  1.20213293e-07 -9.46953145e-05 
 1.20264752e-07  2.98577986e+00  1.20264752e-07  3.04054860e+00  1.20264752e-07  3.30000000e+00  1.20264752e-07 -1.28374948e-04 
 1.20331355e-07  2.59372046e+00  1.20331355e-07  2.67480634e+00  1.20331355e-07  3.30000000e+00  1.20331355e-07 -9.81244820e-05 
 1.20412638e-07  2.16155869e+00  1.20412638e-07  2.28042013e+00  1.20412638e-07  3.30000000e+00  1.20412638e-07 -1.67610201e-04 
 1.20534314e-07  1.66192259e+00  1.20534314e-07  1.98715801e+00  1.20534314e-07  3.30000000e+00  1.20534314e-07 -2.17687173e-04 
 1.20665395e-07  1.14782173e+00  1.20665395e-07  2.26508944e+00  1.20665395e-07  3.30000000e+00  1.20665395e-07 -3.26363194e-04 
 1.20784753e-07  7.65848985e-01  1.20784753e-07  2.75056533e+00  1.20784753e-07  3.30000000e+00  1.20784753e-07 -2.34208430e-04 
 1.20904177e-07  4.84985382e-01  1.20904177e-07  3.08492642e+00  1.20904177e-07  3.30000000e+00  1.20904177e-07 -1.69310034e-04 
 1.21031440e-07  2.54472862e-01  1.21031440e-07  3.21944938e+00  1.21031440e-07  3.30000000e+00  1.21031440e-07 -4.21398727e-05 
 1.21217181e-07  8.69939700e-02  1.21217181e-07  3.27742615e+00  1.21217181e-07  3.30000000e+00  1.21217181e-07 -4.55722152e-05 
 1.21462580e-07  1.36204444e-02  1.21462580e-07  3.29530918e+00  1.21462580e-07  3.30000000e+00  1.21462580e-07  1.98620603e-05 
 1.21714306e-07  3.45914839e-03  1.21714306e-07  3.29956579e+00  1.21714306e-07  3.30000000e+00  1.21714306e-07 -2.43962437e-05 
 1.22074613e-07 -1.12533477e-03  1.22074613e-07  3.29987631e+00  1.22074613e-07  3.30000000e+00  1.22074613e-07  2.37241386e-05 
 1.22533284e-07  9.78181225e-04  1.22533284e-07  3.30010615e+00  1.22533284e-07  3.30000000e+00  1.22533284e-07 -2.36441176e-05 
 1.23033284e-07 -9.01164487e-04  1.23033284e-07  3.29991346e+00  1.23033284e-07  3.30000000e+00  1.23033284e-07  2.35839369e-05 
 1.23533284e-07  8.46573906e-04  1.23533284e-07  3.30007074e+00  1.23533284e-07  3.30000000e+00  1.23533284e-07 -2.35272353e-05 
 1.24033284e-07 -7.91729720e-04  1.24033284e-07  3.29994039e+00  1.24033284e-07  3.30000000e+00  1.24033284e-07  2.34720741e-05 
 1.24533284e-07  7.47460770e-04  1.24533284e-07  3.30005071e+00  1.24533284e-07  3.30000000e+00  1.24533284e-07 -2.34197221e-05 
 1.25033284e-07 -7.01160523e-04  1.25033284e-07  3.29995574e+00  1.25033284e-07  3.30000000e+00  1.25033284e-07  2.33694136e-05 
 1.25533284e-07  6.62776329e-04  1.25533284e-07  3.30003860e+00  1.25533284e-07  3.30000000e+00  1.25533284e-07 -2.33221706e-05 
 1.26033284e-07 -6.22855365e-04  1.26033284e-07  3.29996568e+00  1.26033284e-07  3.30000000e+00  1.26033284e-07  2.32771110e-05 
 1.26533284e-07  5.89216063e-04  1.26533284e-07  3.30003027e+00  1.26533284e-07  3.30000000e+00  1.26533284e-07 -2.32349778e-05 
 1.27033284e-07 -5.54441776e-04  1.27033284e-07  3.29997287e+00  1.27033284e-07  3.30000000e+00  1.27033284e-07  2.31949017e-05 
 1.27533284e-07  5.24769121e-04  1.27533284e-07  3.30002400e+00  1.27533284e-07  3.30000000e+00  1.27533284e-07 -2.31574927e-05 
 1.28033284e-07 -4.94352180e-04  1.28033284e-07  3.29997845e+00  1.28033284e-07  3.30000000e+00  1.28033284e-07  2.31219334e-05 
 1.28533284e-07  4.68077259e-04  1.28533284e-07  3.30001903e+00  1.28533284e-07  3.30000000e+00  1.28533284e-07 -2.30887582e-05 
 1.29033284e-07 -4.41453773e-04  1.29033284e-07  3.29998293e+00  1.29033284e-07  3.30000000e+00  1.29033284e-07  2.30572099e-05 
 1.29533284e-07  4.18028576e-04  1.29533284e-07  3.30001500e+00  1.29533284e-07  3.30000000e+00  1.29533284e-07 -2.30277846e-05 
 1.30033284e-07 -3.94683490e-04  1.30033284e-07  3.29998660e+00  1.30033284e-07  3.30000000e+00  1.30033284e-07  2.29997917e-05 
 1.30533284e-07  3.73855776e-04  1.30533284e-07  3.30001168e+00  1.30533284e-07  3.30000000e+00  1.30533284e-07 -2.29736712e-05 
 1.31033284e-07 -3.53315507e-04  1.31033284e-07  3.29998963e+00  1.31033284e-07  3.30000000e+00  1.31033284e-07  2.29488018e-05 
 1.31533284e-07  3.34759504e-04  1.31533284e-07  3.30000895e+00  1.31533284e-07  3.30000000e+00  1.31533284e-07 -2.29255913e-05 
 1.32033284e-07 -3.16667650e-04  1.32033284e-07  3.29999212e+00  1.32033284e-07  3.30000000e+00  1.32033284e-07  2.29034724e-05 
 1.32533284e-07  3.00106017e-04  1.32533284e-07  3.30000670e+00  1.32533284e-07  3.30000000e+00  1.32533284e-07 -2.28828249e-05 
 1.33033284e-07 -2.84156819e-04  1.33033284e-07  3.29999417e+00  1.33033284e-07  3.30000000e+00  1.33033284e-07  2.28631290e-05 
 1.33533284e-07  2.69349086e-04  1.33533284e-07  3.30000485e+00  1.33533284e-07  3.30000000e+00  1.33533284e-07 -2.28447402e-05 
 1.34033284e-07 -2.55284718e-04  1.34033284e-07  3.29999585e+00  1.34033284e-07  3.30000000e+00  1.34033284e-07  2.28271797e-05 
 1.34533284e-07  2.42007268e-04  1.34533284e-07  3.30000334e+00  1.34533284e-07  3.30000000e+00  1.34533284e-07 -2.28107833e-05 
 1.35033284e-07 -2.29602111e-04  1.35033284e-07  3.29999723e+00  1.35033284e-07  3.30000000e+00  1.35033284e-07  2.27951089e-05 
 1.35533284e-07  2.17686161e-04  1.35533284e-07  3.30000210e+00  1.35533284e-07  3.30000000e+00  1.35533284e-07 -2.27804711e-05 
 1.36033284e-07 -2.06727538e-04  1.36033284e-07  3.29999835e+00  1.36033284e-07  3.30000000e+00  1.36033284e-07  2.27664623e-05 
 1.36533284e-07  1.96016570e-04  1.36533284e-07  3.30000110e+00  1.36533284e-07  3.30000000e+00  1.36533284e-07 -2.27533798e-05 
 1.37033284e-07 -1.86332659e-04  1.37033284e-07  3.29999925e+00  1.37033284e-07  3.30000000e+00  1.37033284e-07  2.27408444e-05 
 1.37533284e-07  1.76687011e-04  1.37533284e-07  3.30000030e+00  1.37533284e-07  3.30000000e+00  1.37533284e-07 -2.27291387e-05 
 1.38033284e-07 -1.68125423e-04  1.38033284e-07  3.29999997e+00  1.38033284e-07  3.30000000e+00  1.38033284e-07  2.27179067e-05 
 1.38533284e-07  1.59420057e-04  1.38533284e-07  3.29999967e+00  1.38533284e-07  3.30000000e+00  1.38533284e-07 -2.27074203e-05 
 1.39033284e-07 -1.51853737e-04  1.39033284e-07  3.30000054e+00  1.39033284e-07  3.30000000e+00  1.39033284e-07  2.26973474e-05 
 1.39533284e-07  1.43983402e-04  1.39533284e-07  3.29999917e+00  1.39533284e-07  3.30000000e+00  1.39533284e-07 -2.26879448e-05 
 1.40033284e-07 -1.37294449e-04  1.40033284e-07  3.30000099e+00  1.40033284e-07  3.30000000e+00  1.40033284e-07  2.26788983e-05 
 1.40533284e-07  1.30158790e-04  1.40533284e-07  3.29999878e+00  1.40533284e-07  3.30000000e+00  1.40533284e-07 -2.26704542e-05 
 1.41033284e-07 -1.24249088e-04  1.41033284e-07  3.30000133e+00  1.41033284e-07  3.30000000e+00  1.41033284e-07  2.26623211e-05 
 1.41533284e-07  1.17768813e-04  1.41533284e-07  3.29999849e+00  1.41533284e-07  3.30000000e+00  1.41533284e-07 -2.26547322e-05 
 1.42033284e-07 -1.12548635e-04  1.42033284e-07  3.30000158e+00  1.42033284e-07  3.30000000e+00  1.42033284e-07  2.26474114e-05 
 1.42533284e-07  1.06650054e-04  1.42533284e-07  3.29999828e+00  1.42533284e-07  3.30000000e+00  1.42533284e-07 -2.26405839e-05 
 1.43033284e-07 -1.02042185e-04  1.43033284e-07  3.30000177e+00  1.43033284e-07  3.30000000e+00  1.43033284e-07  2.26339869e-05 
 1.43533284e-07  9.66607313e-05  1.43533284e-07  3.29999813e+00  1.43533284e-07  3.30000000e+00  1.43533284e-07 -2.26278381e-05 
 1.44033284e-07 -9.25973762e-05  1.44033284e-07  3.30000189e+00  1.44033284e-07  3.30000000e+00  1.44033284e-07  2.26218867e-05 
 1.44533284e-07  8.76761668e-05  1.44533284e-07  3.29999803e+00  1.44533284e-07  3.30000000e+00  1.44533284e-07 -2.26163437e-05 
 1.45033284e-07 -8.40976791e-05  1.45033284e-07  3.30000197e+00  1.45033284e-07  3.30000000e+00  1.45033284e-07  2.26109691e-05 
 1.45533284e-07  7.95865489e-05  1.45533284e-07  3.29999798e+00  1.45533284e-07  3.30000000e+00  1.45533284e-07 -2.26059676e-05 
 1.46033284e-07 -7.64403816e-05  1.46033284e-07  3.30000201e+00  1.46033284e-07  3.30000000e+00  1.46033284e-07  2.26011088e-05 
 1.46533284e-07  7.22950455e-05  1.46533284e-07  3.29999796e+00  1.46533284e-07  3.30000000e+00  1.46533284e-07 -2.25965917e-05 
 1.47033284e-07 -6.95348456e-05  1.47033284e-07  3.30000201e+00  1.47033284e-07  3.30000000e+00  1.47033284e-07  2.25921946e-05 
 1.47533284e-07  6.57161700e-05  1.47533284e-07  3.29999796e+00  1.47533284e-07  3.30000000e+00  1.47533284e-07 -2.25881115e-05 
 1.48033284e-07 -6.33009946e-05  1.48033284e-07  3.30000200e+00  1.48033284e-07  3.30000000e+00  1.48033284e-07  2.25841284e-05 
 1.48533284e-07  5.97743618e-05  1.48533284e-07  3.29999799e+00  1.48533284e-07  3.30000000e+00  1.48533284e-07 -2.25804346e-05 
 1.49033284e-07 -5.76679985e-05  1.49033284e-07  3.30000196e+00  1.49033284e-07  3.30000000e+00  1.49033284e-07  2.25768229e-05 
 1.49533284e-07  5.44027527e-05  1.49533284e-07  3.29999803e+00  1.49533284e-07  3.30000000e+00  1.49533284e-07 -2.25734786e-05 
 1.50033284e-07 -5.25731305e-05  1.50033284e-07  3.30000191e+00  1.50033284e-07  3.30000000e+00  1.50033284e-07  2.25702007e-05 
 1.50533284e-07  4.95420948e-05  1.50533284e-07  3.29999809e+00  1.50533284e-07  3.30000000e+00  1.50533284e-07 -2.25671705e-05 
 1.51033284e-07 -4.79607725e-05  1.51033284e-07  3.30000185e+00  1.51033284e-07  3.30000000e+00  1.51033284e-07  2.25641928e-05 
 1.51533284e-07  4.51398273e-05  1.51533284e-07  3.29999816e+00  1.51533284e-07  3.30000000e+00  1.51533284e-07 -2.25614452e-05 
 1.52033284e-07 -4.37815495e-05  1.52033284e-07  3.30000178e+00  1.52033284e-07  3.30000000e+00  1.52033284e-07  2.25587378e-05 
 1.52533284e-07  4.11492642e-05  1.52533284e-07  3.29999823e+00  1.52533284e-07  3.30000000e+00  1.52533284e-07 -2.25562449e-05 
 1.53033284e-07 -3.99915748e-05  1.53033284e-07  3.30000171e+00  1.53033284e-07  3.30000000e+00  1.53033284e-07  2.25537812e-05 
 1.53533284e-07  3.75288867e-05  1.53533284e-07  3.29999831e+00  1.53533284e-07  3.30000000e+00  1.53533284e-07 -2.25515179e-05 
 1.54033284e-07 -3.65517926e-05  1.54033284e-07  3.30000163e+00  1.54033284e-07  3.30000000e+00  1.54033284e-07  2.25492740e-05 
 1.54533284e-07  3.42417255e-05  1.54533284e-07  3.29999839e+00  1.54533284e-07  3.30000000e+00  1.54533284e-07 -2.25472180e-05 
 1.55033284e-07 -3.34274030e-05  1.55033284e-07  3.30000155e+00  1.55033284e-07  3.30000000e+00  1.55033284e-07  2.25451726e-05 
 1.55533284e-07  3.12548217e-05  1.55533284e-07  3.29999847e+00  1.55533284e-07  3.30000000e+00  1.55533284e-07 -2.25433039e-05 
 1.56033284e-07 -3.05873613e-05  1.56033284e-07  3.30000147e+00  1.56033284e-07  3.30000000e+00  1.56033284e-07  2.25414380e-05 
 1.56533284e-07  2.85387564e-05  1.56533284e-07  3.29999855e+00  1.56533284e-07  3.30000000e+00  1.56533284e-07 -2.25397387e-05 
 1.57033284e-07 -2.80039387e-05  1.57033284e-07  3.30000139e+00  1.57033284e-07  3.30000000e+00  1.57033284e-07  2.25380352e-05 
 1.57533284e-07  2.60672380e-05  1.57533284e-07  3.29999863e+00  1.57533284e-07  3.30000000e+00  1.57533284e-07 -2.25364893e-05 
 1.58033284e-07 -2.56523387e-05  1.58033284e-07  3.30000131e+00  1.58033284e-07  3.30000000e+00  1.58033284e-07  2.25349329e-05 
 1.58533284e-07  2.38167421e-05  1.58533284e-07  3.29999871e+00  1.58533284e-07  3.30000000e+00  1.58533284e-07 -2.25335259e-05 
 1.59033284e-07 -2.35103606e-05  1.59033284e-07  3.30000123e+00  1.59033284e-07  3.30000000e+00  1.59033284e-07  2.25321028e-05 
 1.59533284e-07  2.17661951e-05  1.59533284e-07  3.29999879e+00  1.59533284e-07  3.30000000e+00  1.59533284e-07 -2.25308218e-05 
 1.60033284e-07 -2.15581048e-05  1.60033284e-07  3.30000116e+00  1.60033284e-07  3.30000000e+00  1.60033284e-07  2.25295197e-05 
 1.60533284e-07  1.98966972e-05  1.60533284e-07  3.29999886e+00  1.60533284e-07  3.30000000e+00  1.60533284e-07 -2.25283530e-05 
 1.61033284e-07 -1.97777135e-05  1.61033284e-07  3.30000109e+00  1.61033284e-07  3.30000000e+00  1.61033284e-07  2.25271607e-05 
 1.61533284e-07  1.81912785e-05  1.61533284e-07  3.29999894e+00  1.61533284e-07  3.30000000e+00  1.61533284e-07 -2.25260980e-05 
 1.62033284e-07 -1.81531434e-05  1.62033284e-07  3.30000102e+00  1.62033284e-07  3.30000000e+00  1.62033284e-07  2.25250055e-05 
 1.62533284e-07  1.66346848e-05  1.62533284e-07  3.29999900e+00  1.62533284e-07  3.30000000e+00  1.62533284e-07 -2.25240371e-05 
 1.63033284e-07 -1.66699652e-05  1.63033284e-07  3.30000095e+00  1.63033284e-07  3.30000000e+00  1.63033284e-07  2.25230353e-05 
 1.63533284e-07  1.52131896e-05  1.63533284e-07  3.29999907e+00  1.63533284e-07  3.30000000e+00  1.63533284e-07 -2.25221528e-05 
 1.64033284e-07 -1.53151873e-05  1.64033284e-07  3.30000089e+00  1.64033284e-07  3.30000000e+00  1.64033284e-07  2.25212337e-05 
 1.64533284e-07  1.39144274e-05  1.64533284e-07  3.29999913e+00  1.64533284e-07  3.30000000e+00  1.64533284e-07 -2.25204293e-05 
 1.65033284e-07 -1.40771004e-05  1.65033284e-07  3.30000083e+00  1.65033284e-07  3.30000000e+00  1.65033284e-07  2.25195853e-05 
 1.65533284e-07  1.27272473e-05  1.65533284e-07  3.29999919e+00  1.65533284e-07  3.30000000e+00  1.65533284e-07 -2.25188522e-05 
 1.66033284e-07 -1.19429384e-05  1.66033284e-07  3.30000072e+00  1.66033284e-07  3.30000000e+00  1.66033284e-07  2.25180840e-05 
 1.66533284e-07  1.34662106e-05  1.66533284e-07  3.29999906e+00  1.66533284e-07  3.30000000e+00  1.66533284e-07 -2.25175564e-05 
 1.67033284e-07 -1.03485076e-05  1.67033284e-07  3.30000052e+00  1.67033284e-07  3.30000000e+00  1.67033284e-07  2.25165498e-05 
 1.67533284e-07  1.22005939e-05  1.67533284e-07  3.29999915e+00  1.67533284e-07  3.30000000e+00  1.67533284e-07 -2.25161977e-05 
 1.68033284e-07 -9.49441457e-06  1.68033284e-07  3.30000049e+00  1.68033284e-07  3.30000000e+00  1.68033284e-07  2.25152949e-05 
 1.68533284e-07  1.11603552e-05  1.68533284e-07  3.29999921e+00  1.68533284e-07  3.30000000e+00  1.68533284e-07 -2.25149791e-05 
 1.69033284e-07 -8.73919737e-06  1.69033284e-07  3.30000046e+00  1.69033284e-07  3.30000000e+00  1.69033284e-07  2.25141479e-05 
 1.69533284e-07  1.02131204e-05  1.69533284e-07  3.29999926e+00  1.69533284e-07  3.30000000e+00  1.69533284e-07 -2.25138617e-05 
 1.70033284e-07 -8.05006426e-06  1.70033284e-07  3.30000043e+00  1.70033284e-07  3.30000000e+00  1.70033284e-07  2.25130958e-05 
 1.70100000e-07  7.30791008e-06  1.70100000e-07  3.29999943e+00  1.70100000e-07  3.30000000e+00  1.70100000e-07 -2.25100613e-05 
 1.70110000e-07 -3.04928968e-03  1.70110000e-07  3.29704361e+00  1.70110000e-07  2.97000000e+00  1.70110000e-07 -2.79990615e-04 
 1.70130000e-07 -2.20013203e-02  1.70130000e-07  3.27671589e+00  1.70130000e-07  2.31000000e+00  1.70130000e-07 -3.71666442e-04 
 1.70170000e-07 -2.91922086e-02  1.70170000e-07  3.24448366e+00  1.70170000e-07  9.90000000e-01  1.70170000e-07 -7.90406974e-04 
 1.70200000e-07  4.97142962e-02  1.70200000e-07  3.25891797e+00  1.70200000e-07  4.07229805e-13  1.70200000e-07 -1.14654279e-03 
 1.70203622e-07  6.93918317e-02  1.70203622e-07  3.26855066e+00  1.70203622e-07  0.00000000e+00  1.70203622e-07 -7.95156755e-04 
 1.70210867e-07  1.08290958e-01  1.70210867e-07  3.28642230e+00  1.70210867e-07  0.00000000e+00  1.70210867e-07 -7.81584224e-04 
 1.70225357e-07  1.83505024e-01  1.70225357e-07  3.31597665e+00  1.70225357e-07  0.00000000e+00  1.70225357e-07 -7.61868878e-04 
 1.70254335e-07  3.28815558e-01  1.70254335e-07  3.35656663e+00  1.70254335e-07  0.00000000e+00  1.70254335e-07 -7.24903342e-04 
 1.70312293e-07  6.30029094e-01  1.70312293e-07  3.40177740e+00  1.70312293e-07  0.00000000e+00  1.70312293e-07 -6.73318786e-04 
 1.70415563e-07  1.31258509e+00  1.70415563e-07  3.47431385e+00  1.70415563e-07  0.00000000e+00  1.70415563e-07 -4.72692922e-04 
 1.70512150e-07  1.96815493e+00  1.70512150e-07  3.51589287e+00  1.70512150e-07  0.00000000e+00  1.70512150e-07 -2.66129489e-04 
 1.70629629e-07  2.51859635e+00  1.70629629e-07  3.46881928e+00  1.70629629e-07  0.00000000e+00  1.70629629e-07 -1.27081678e-04 
 1.70741898e-07  2.84406536e+00  1.70741898e-07  3.42279390e+00  1.70741898e-07  0.00000000e+00  1.70741898e-07 -5.68188908e-05 
 1.70883758e-07  3.10060247e+00  1.70883758e-07  3.36607940e+00  1.70883758e-07  0.00000000e+00  1.70883758e-07 -2.43745199e-05 
 1.71059825e-07  3.23627652e+00  1.71059825e-07  3.32687048e+00  1.71059825e-07  0.00000000e+00  1.71059825e-07 -1.15694763e-05 
 1.71251968e-07  3.28257963e+00  1.71251968e-07  3.30909322e+00  1.71251968e-07  0.00000000e+00  1.71251968e-07  1.91590168e-07 
 1.71607036e-07  3.30044058e+00  1.71607036e-07  3.30025158e+00  1.71607036e-07  0.00000000e+00  1.71607036e-07 -4.03722778e-06 
 1.72069160e-07  3.29990646e+00  1.72069160e-07  3.29992540e+00  1.72069160e-07  0.00000000e+00  1.72069160e-07  2.73389826e-06 
 1.72569160e-07  3.30002658e+00  1.72569160e-07  3.30003376e+00  1.72569160e-07  0.00000000e+00  1.72569160e-07 -3.71623371e-06 
 1.73069160e-07  3.29999317e+00  1.73069160e-07  3.29998609e+00  1.73069160e-07  0.00000000e+00  1.73069160e-07  3.07600546e-06 
 1.73569160e-07  3.30000284e+00  1.73569160e-07  3.30000918e+00  1.73569160e-07  0.00000000e+00  1.73569160e-07 -3.61142104e-06 
 1.74069160e-07  3.29999948e+00  1.74069160e-07  3.29999524e+00  1.74069160e-07  0.00000000e+00  1.74069160e-07  3.20469789e-06 
 1.74569160e-07  3.30000070e+00  1.74569160e-07  3.30000405e+00  1.74569160e-07  0.00000000e+00  1.74569160e-07 -3.56257621e-06 
 1.75069160e-07  3.29999996e+00  1.75069160e-07  3.29999784e+00  1.75069160e-07  0.00000000e+00  1.75069160e-07  3.26996408e-06 
 1.75569160e-07  3.30000032e+00  1.75569160e-07  3.30000204e+00  1.75569160e-07  0.00000000e+00  1.75569160e-07 -3.53401583e-06 
 1.76069160e-07  3.30000002e+00  1.76069160e-07  3.29999894e+00  1.76069160e-07  0.00000000e+00  1.76069160e-07  3.30712685e-06 
 1.76569160e-07  3.30000018e+00  1.76569160e-07  3.30000109e+00  1.76569160e-07  0.00000000e+00  1.76569160e-07 -3.51494549e-06 
 1.77069160e-07  3.30000003e+00  1.77069160e-07  3.29999949e+00  1.77069160e-07  0.00000000e+00  1.77069160e-07  3.33059384e-06 
 1.77569160e-07  3.30000011e+00  1.77569160e-07  3.30000060e+00  1.77569160e-07  0.00000000e+00  1.77569160e-07 -3.50110881e-06 
 1.78069160e-07  3.30000003e+00  1.78069160e-07  3.29999976e+00  1.78069160e-07  0.00000000e+00  1.78069160e-07  3.34643471e-06 
 1.78569160e-07  3.30000007e+00  1.78569160e-07  3.30000034e+00  1.78569160e-07  0.00000000e+00  1.78569160e-07 -3.49057832e-06 
 1.79069160e-07  3.30000002e+00  1.79069160e-07  3.29999990e+00  1.79069160e-07  0.00000000e+00  1.79069160e-07  3.35772409e-06 
 1.79569160e-07  3.30000004e+00  1.79569160e-07  3.30000020e+00  1.79569160e-07  0.00000000e+00  1.79569160e-07 -3.48231942e-06 
 1.80069160e-07  3.30000002e+00  1.80069160e-07  3.29999997e+00  1.80069160e-07  0.00000000e+00  1.80069160e-07  3.36613772e-06 
 1.80569160e-07  3.30000003e+00  1.80569160e-07  3.30000012e+00  1.80569160e-07  0.00000000e+00  1.80569160e-07 -3.47570140e-06 
 1.81069160e-07  3.30000001e+00  1.81069160e-07  3.30000000e+00  1.81069160e-07  0.00000000e+00  1.81069160e-07  3.37264207e-06 
 1.81569160e-07  3.30000002e+00  1.81569160e-07  3.30000008e+00  1.81569160e-07  0.00000000e+00  1.81569160e-07 -3.47030660e-06 
 1.82069160e-07  3.30000001e+00  1.82069160e-07  3.30000001e+00  1.82069160e-07  0.00000000e+00  1.82069160e-07  3.37782227e-06 
 1.82569160e-07  3.30000001e+00  1.82569160e-07  3.30000005e+00  1.82569160e-07  0.00000000e+00  1.82569160e-07 -3.46584394e-06 
 1.83069160e-07  3.30000001e+00  1.83069160e-07  3.30000001e+00  1.83069160e-07  0.00000000e+00  1.83069160e-07  3.38204831e-06 
 1.83569160e-07  3.30000001e+00  1.83569160e-07  3.30000003e+00  1.83569160e-07  0.00000000e+00  1.83569160e-07 -3.46210390e-06 
 1.84069160e-07  3.30000000e+00  1.84069160e-07  3.30000001e+00  1.84069160e-07  0.00000000e+00  1.84069160e-07  3.38556406e-06 
 1.84569160e-07  3.30000000e+00  1.84569160e-07  3.30000002e+00  1.84569160e-07  0.00000000e+00  1.84569160e-07 -3.45893250e-06 
 1.85069160e-07  3.30000000e+00  1.85069160e-07  3.30000001e+00  1.85069160e-07  0.00000000e+00  1.85069160e-07  3.38853613e-06 
 1.85569160e-07  3.30000000e+00  1.85569160e-07  3.30000002e+00  1.85569160e-07  0.00000000e+00  1.85569160e-07 -3.45621460e-06 
 1.86069160e-07  3.30000000e+00  1.86069160e-07  3.30000001e+00  1.86069160e-07  0.00000000e+00  1.86069160e-07  3.39108228e-06 
 1.86569160e-07  3.30000000e+00  1.86569160e-07  3.30000001e+00  1.86569160e-07  0.00000000e+00  1.86569160e-07 -3.45386284e-06 
 1.87069160e-07  3.30000000e+00  1.87069160e-07  3.30000001e+00  1.87069160e-07  0.00000000e+00  1.87069160e-07  3.39328799e-06 
 1.87569160e-07  3.30000000e+00  1.87569160e-07  3.30000001e+00  1.87569160e-07  0.00000000e+00  1.87569160e-07 -3.45181011e-06 
 1.88069160e-07  3.30000000e+00  1.88069160e-07  3.30000001e+00  1.88069160e-07  0.00000000e+00  1.88069160e-07  3.39521715e-06 
 1.88569160e-07  3.30000000e+00  1.88569160e-07  3.30000001e+00  1.88569160e-07  0.00000000e+00  1.88569160e-07 -3.45000427e-06 
 1.89069160e-07  3.30000000e+00  1.89069160e-07  3.30000000e+00  1.89069160e-07  0.00000000e+00  1.89069160e-07  3.39691844e-06 
 1.89569160e-07  3.30000000e+00  1.89569160e-07  3.30000000e+00  1.89569160e-07  0.00000000e+00  1.89569160e-07 -3.44840430e-06 
 1.90069160e-07  3.30000000e+00  1.90069160e-07  3.30000000e+00  1.90069160e-07  0.00000000e+00  1.90069160e-07  3.39842968e-06 
 1.90569160e-07  3.29999999e+00  1.90569160e-07  3.30000000e+00  1.90569160e-07  0.00000000e+00  1.90569160e-07 -3.44697757e-06 
 1.91069160e-07  3.29999999e+00  1.91069160e-07  3.30000000e+00  1.91069160e-07  0.00000000e+00  1.91069160e-07  3.39978073e-06 
 1.91569160e-07  3.29999999e+00  1.91569160e-07  3.30000000e+00  1.91569160e-07  0.00000000e+00  1.91569160e-07 -3.44569791e-06 
 1.92069160e-07  3.29999999e+00  1.92069160e-07  3.30000000e+00  1.92069160e-07  0.00000000e+00  1.92069160e-07  3.40099551e-06 
 1.92569160e-07  3.29999999e+00  1.92569160e-07  3.30000000e+00  1.92569160e-07  0.00000000e+00  1.92569160e-07 -3.44454405e-06 
 1.93069160e-07  3.29999999e+00  1.93069160e-07  3.30000000e+00  1.93069160e-07  0.00000000e+00  1.93069160e-07  3.40209342e-06 
 1.93569160e-07  3.29999999e+00  1.93569160e-07  3.30000000e+00  1.93569160e-07  0.00000000e+00  1.93569160e-07 -3.44349859e-06 
 1.94069160e-07  3.29999999e+00  1.94069160e-07  3.30000000e+00  1.94069160e-07  0.00000000e+00  1.94069160e-07  3.40309034e-06 
 1.94569160e-07  3.29999999e+00  1.94569160e-07  3.30000000e+00  1.94569160e-07  0.00000000e+00  1.94569160e-07 -3.44254717e-06 
 1.95069160e-07  3.29999999e+00  1.95069160e-07  3.30000000e+00  1.95069160e-07  0.00000000e+00  1.95069160e-07  3.40399942e-06 
 1.95569160e-07  3.29999999e+00  1.95569160e-07  3.30000000e+00  1.95569160e-07  0.00000000e+00  1.95569160e-07 -3.44167781e-06 
 1.96069160e-07  3.29999999e+00  1.96069160e-07  3.30000000e+00  1.96069160e-07  0.00000000e+00  1.96069160e-07  3.40483164e-06 
 1.96569160e-07  3.29999999e+00  1.96569160e-07  3.30000000e+00  1.96569160e-07  0.00000000e+00  1.96569160e-07 -3.44088049e-06 
 1.97069160e-07  3.29999999e+00  1.97069160e-07  3.30000000e+00  1.97069160e-07  0.00000000e+00  1.97069160e-07  3.40559623e-06 
 1.97569160e-07  3.29999999e+00  1.97569160e-07  3.30000000e+00  1.97569160e-07  0.00000000e+00  1.97569160e-07 -3.44014671e-06 
 1.98069160e-07  3.29999999e+00  1.98069160e-07  3.29999999e+00  1.98069160e-07  0.00000000e+00  1.98069160e-07  3.40630101e-06 
 1.98569160e-07  3.29999999e+00  1.98569160e-07  3.29999999e+00  1.98569160e-07  0.00000000e+00  1.98569160e-07 -3.43946929e-06 
 1.99069160e-07  3.29999999e+00  1.99069160e-07  3.29999999e+00  1.99069160e-07  0.00000000e+00  1.99069160e-07  3.40695264e-06 
 1.99569160e-07  3.29999999e+00  1.99569160e-07  3.29999999e+00  1.99569160e-07  0.00000000e+00  1.99569160e-07 -3.43884203e-06 
 2.00000000e-07  3.29999999e+00  2.00000000e-07  3.29999999e+00  2.00000000e-07  0.00000000e+00  2.00000000e-07  3.40751646e-06 
 2.00050000e-07  3.29999999e+00  2.00050000e-07  3.29999999e+00  2.00050000e-07  0.00000000e+00  2.00050000e-07 -1.55056963e-08 
 2.00150000e-07  3.29999999e+00  2.00150000e-07  3.29999999e+00  2.00150000e-07  0.00000000e+00  2.00150000e-07 -1.54474340e-08 
 2.00350000e-07  3.29999999e+00  2.00350000e-07  3.29999999e+00  2.00350000e-07  0.00000000e+00  2.00350000e-07 -1.53325885e-08 
 2.00750000e-07  3.29999999e+00  2.00750000e-07  3.29999999e+00  2.00750000e-07  0.00000000e+00  2.00750000e-07 -1.51075762e-08 
 2.01250000e-07  3.29999999e+00  2.01250000e-07  3.29999999e+00  2.01250000e-07  0.00000000e+00  2.01250000e-07 -1.48353218e-08 
 2.01750000e-07  3.29999999e+00  2.01750000e-07  3.29999999e+00  2.01750000e-07  0.00000000e+00  2.01750000e-07 -1.45723136e-08 
 2.02250000e-07  3.29999999e+00  2.02250000e-07  3.29999999e+00  2.02250000e-07  0.00000000e+00  2.02250000e-07 -1.43183247e-08 
 2.02750000e-07  3.29999999e+00  2.02750000e-07  3.29999999e+00  2.02750000e-07  0.00000000e+00  2.02750000e-07 -1.40726776e-08 
 2.03250000e-07  3.29999999e+00  2.03250000e-07  3.29999999e+00  2.03250000e-07  0.00000000e+00  2.03250000e-07 -1.38351989e-08 
 2.03750000e-07  3.29999999e+00  2.03750000e-07  3.29999999e+00  2.03750000e-07  0.00000000e+00  2.03750000e-07 -1.36052688e-08 
 2.04250000e-07  3.29999999e+00  2.04250000e-07  3.29999999e+00  2.04250000e-07  0.00000000e+00  2.04250000e-07 -1.33827610e-08 
 2.04750000e-07  3.29999999e+00  2.04750000e-07  3.29999999e+00  2.04750000e-07  0.00000000e+00  2.04750000e-07 -1.31671036e-08 
 2.05250000e-07  3.29999999e+00  2.05250000e-07  3.29999999e+00  2.05250000e-07  0.00000000e+00  2.05250000e-07 -1.29582114e-08 
 2.05750000e-07  3.29999999e+00  2.05750000e-07  3.29999999e+00  2.05750000e-07  0.00000000e+00  2.05750000e-07 -1.27555530e-08 
 2.06250000e-07  3.29999999e+00  2.06250000e-07  3.29999999e+00  2.06250000e-07  0.00000000e+00  2.06250000e-07 -1.25590788e-08 
 2.06750000e-07  3.29999999e+00  2.06750000e-07  3.29999999e+00  2.06750000e-07  0.00000000e+00  2.06750000e-07 -1.23682917e-08 
 2.07250000e-07  3.29999999e+00  2.07250000e-07  3.29999999e+00  2.07250000e-07  0.00000000e+00  2.07250000e-07 -1.21831733e-08 
 2.07750000e-07  3.29999999e+00  2.07750000e-07  3.29999999e+00  2.07750000e-07  0.00000000e+00  2.07750000e-07 -1.20032559e-08 
 2.08250000e-07  3.29999999e+00  2.08250000e-07  3.29999999e+00  2.08250000e-07  0.00000000e+00  2.08250000e-07 -1.18285480e-08 
 2.08750000e-07  3.29999999e+00  2.08750000e-07  3.29999999e+00  2.08750000e-07  0.00000000e+00  2.08750000e-07 -1.16586074e-08 
 2.09250000e-07  3.29999999e+00  2.09250000e-07  3.29999999e+00  2.09250000e-07  0.00000000e+00  2.09250000e-07 -1.14934660e-08 
 2.09750000e-07  3.29999999e+00  2.09750000e-07  3.29999999e+00  2.09750000e-07  0.00000000e+00  2.09750000e-07 -1.13327039e-08 
 2.10250000e-07  3.29999999e+00  2.10250000e-07  3.29999999e+00  2.10250000e-07  0.00000000e+00  2.10250000e-07 -1.11763734e-08 
 2.10750000e-07  3.29999999e+00  2.10750000e-07  3.29999999e+00  2.10750000e-07  0.00000000e+00  2.10750000e-07 -1.10240738e-08 
 2.11250000e-07  3.29999999e+00  2.11250000e-07  3.29999999e+00  2.11250000e-07  0.00000000e+00  2.11250000e-07 -1.08758755e-08 
 2.11750000e-07  3.29999999e+00  2.11750000e-07  3.29999999e+00  2.11750000e-07  0.00000000e+00  2.11750000e-07 -1.07313945e-08 
 2.12250000e-07  3.29999999e+00  2.12250000e-07  3.29999999e+00  2.12250000e-07  0.00000000e+00  2.12250000e-07 -1.05907172e-08 
 2.12750000e-07  3.29999999e+00  2.12750000e-07  3.29999999e+00  2.12750000e-07  0.00000000e+00  2.12750000e-07 -1.04534743e-08 
 2.13250000e-07  3.29999999e+00  2.13250000e-07  3.29999999e+00  2.13250000e-07  0.00000000e+00  2.13250000e-07 -1.03197661e-08 
 2.13750000e-07  3.29999999e+00  2.13750000e-07  3.29999999e+00  2.13750000e-07  0.00000000e+00  2.13750000e-07 -1.01892364e-08 
 2.14250000e-07  3.29999999e+00  2.14250000e-07  3.29999999e+00  2.14250000e-07  0.00000000e+00  2.14250000e-07 -1.00619977e-08 
 2.14750000e-07  3.29999999e+00  2.14750000e-07  3.29999999e+00  2.14750000e-07  0.00000000e+00  2.14750000e-07 -9.93770559e-09 
 2.15250000e-07  3.29999999e+00  2.15250000e-07  3.29999999e+00  2.15250000e-07  0.00000000e+00  2.15250000e-07 -9.81648335e-09 
 2.15750000e-07  3.29999999e+00  2.15750000e-07  3.29999999e+00  2.15750000e-07  0.00000000e+00  2.15750000e-07 -9.69799672e-09 
 2.16250000e-07  3.29999999e+00  2.16250000e-07  3.29999999e+00  2.16250000e-07  0.00000000e+00  2.16250000e-07 -9.58237878e-09 
 2.16750000e-07  3.29999999e+00  2.16750000e-07  3.29999999e+00  2.16750000e-07  0.00000000e+00  2.16750000e-07 -9.46930436e-09 
 2.17250000e-07  3.29999999e+00  2.17250000e-07  3.29999999e+00  2.17250000e-07  0.00000000e+00  2.17250000e-07 -9.35891517e-09 
 2.17750000e-07  3.29999999e+00  2.17750000e-07  3.29999999e+00  2.17750000e-07  0.00000000e+00  2.17750000e-07 -9.25089419e-09 
 2.18250000e-07  3.29999999e+00  2.18250000e-07  3.29999999e+00  2.18250000e-07  0.00000000e+00  2.18250000e-07 -9.14539082e-09 
 2.18750000e-07  3.29999999e+00  2.18750000e-07  3.29999999e+00  2.18750000e-07  0.00000000e+00  2.18750000e-07 -9.04209533e-09 
 2.19250000e-07  3.29999999e+00  2.19250000e-07  3.29999999e+00  2.19250000e-07  0.00000000e+00  2.19250000e-07 -8.94116400e-09 
 2.19750000e-07  3.29999999e+00  2.19750000e-07  3.29999999e+00  2.19750000e-07  0.00000000e+00  2.19750000e-07 -8.84229363e-09 
 2.20000000e-07  3.29999999e+00  2.20000000e-07  3.29999999e+00  2.20000000e-07  0.00000000e+00  2.20000000e-07 -8.79374474e-09 
 2.20010000e-07  3.32223507e+00  2.20010000e-07  3.32224623e+00  2.20010000e-07  3.30000000e-01  2.20010000e-07  4.12765191e-04 
 2.20030000e-07  3.36403308e+00  2.20030000e-07  3.36407482e+00  2.20030000e-07  9.90000000e-01  2.20030000e-07  4.61929023e-04 
 2.20070000e-07  3.44535510e+00  2.20070000e-07  3.44560361e+00  2.20070000e-07  2.31000000e+00  2.20070000e-07  4.59410689e-04 
 2.20100000e-07  3.48408558e+00  2.20100000e-07  3.48380778e+00  2.20100000e-07  3.30000000e+00  2.20100000e-07  2.92245214e-04 
 2.20104203e-07  3.48325949e+00  2.20104203e-07  3.48289211e+00  2.20104203e-07  3.30000000e+00  2.20104203e-07 -1.18739583e-05 
 2.20112609e-07  3.48077750e+00  2.20112609e-07  3.48014862e+00  2.20112609e-07  3.30000000e+00  2.20112609e-07 -3.89447535e-05 
 2.20129422e-07  3.47041636e+00  2.20129422e-07  3.46888191e+00  2.20129422e-07  3.30000000e+00  2.20129422e-07 -5.27140218e-05 
 2.20163047e-07  3.44185637e+00  2.20163047e-07  3.43883959e+00  2.20163047e-07  3.30000000e+00  2.20163047e-07 -7.10765940e-05 
 2.20213750e-07  3.27671330e+00  2.20213750e-07  3.28235078e+00  2.20213750e-07  3.30000000e+00  2.20213750e-07 -9.51035631e-05 
 2.20265611e-07  2.98553299e+00  2.20265611e-07  3.03124857e+00  2.20265611e-07  3.30000000e+00  2.20265611e-07 -1.28128755e-04 
 2.20332888e-07  2.59208753e+00  2.20332888e-07  2.65954472e+00  2.20332888e-07  3.30000000e+00  2.20332888e-07 -9.83914407e-05 
 2.20414971e-07  2.16051601e+00  2.20414971e-07  2.26030950e+00  2.20414971e-07  3.30000000e+00  2.20414971e-07 -1.69089251e-04 
 2.20538950e-07  1.67235593e+00  2.20538950e-07  1.95520585e+00  2.20538950e-07  3.30000000e+00  2.20538950e-07 -2.19868667e-04 
 2.20671967e-07  1.17495662e+00  2.20671967e-07  2.21749793e+00  2.20671967e-07  3.30000000e+00  2.20671967e-07 -3.27183710e-04 
 2.20799916e-07  7.65183235e-01  2.20799916e-07  2.73795621e+00  2.20799916e-07  3.30000000e+00  2.20799916e-07 -2.37738811e-04 
 2.20918943e-07  4.86714466e-01  2.20918943e-07  3.08043296e+00  2.20918943e-07  3.30000000e+00  2.20918943e-07 -1.71266856e-04 
 2.21046426e-07  2.56760735e-01  2.21046426e-07  3.21874421e+00  2.21046426e-07  3.30000000e+00  2.21046426e-07 -4.25029094e-05 
 2.21238191e-07  8.39473159e-02  2.21238191e-07  3.27841311e+00  2.21238191e-07  3.30000000e+00  2.21238191e-07 -4.49234765e-05 
 2.21475572e-07  1.47131136e-02  2.21475572e-07  3.29506781e+00  2.21475572e-07  3.30000000e+00  2.21475572e-07  1.98494876e-05 
 2.21740136e-07  2.98414868e-03  2.21740136e-07  3.29964144e+00  2.21740136e-07  3.30000000e+00  2.21740136e-07 -2.45788511e-05 
 2.22084704e-07 -8.62511626e-04  2.22084704e-07  3.29986705e+00  2.22084704e-07  3.30000000e+00  2.22084704e-07  2.39830564e-05 
 2.22569913e-07  7.80366641e-04  2.22569913e-07  3.30010353e+00  2.22569913e-07  3.30000000e+00  2.22569913e-07 -2.39338601e-05 
 2.23069913e-07 -7.22584030e-04  2.23069913e-07  3.29991773e+00  2.23069913e-07  3.30000000e+00  2.23069913e-07  2.38880676e-05 
 2.23569913e-07  6.78232330e-04  2.23569913e-07  3.30006670e+00  2.23569913e-07  3.30000000e+00  2.23569913e-07 -2.38432226e-05 
 2.24069913e-07 -6.34370479e-04  2.24069913e-07  3.29994388e+00  2.24069913e-07  3.30000000e+00  2.24069913e-07  2.37989087e-05 
 2.24569913e-07  5.97724118e-04  2.24569913e-07  3.30004790e+00  2.24569913e-07  3.30000000e+00  2.24569913e-07 -2.37565756e-05 
 2.25069913e-07 -5.60568201e-04  2.25069913e-07  3.29995800e+00  2.25069913e-07  3.30000000e+00  2.25069913e-07  2.37157613e-05 
 2.25569913e-07  5.28867111e-04  2.25569913e-07  3.30003692e+00  2.25569913e-07  3.30000000e+00  2.25569913e-07 -2.36773807e-05 
 2.26069913e-07 -4.96772116e-04  2.26069913e-07  3.29996692e+00  2.26069913e-07  3.30000000e+00  2.26069913e-07  2.36407608e-05 
 2.26569913e-07  4.68988149e-04  2.26569913e-07  3.30002947e+00  2.26569913e-07  3.30000000e+00  2.26569913e-07 -2.36065419e-05 
 2.27069913e-07 -4.41061149e-04  2.27069913e-07  3.29997336e+00  2.27069913e-07  3.30000000e+00  2.27069913e-07  2.35740151e-05 
 2.27569913e-07  4.16529900e-04  2.27569913e-07  3.30002384e+00  2.27569913e-07  3.30000000e+00  2.27569913e-07 -2.35436988e-05 
 2.28069913e-07 -3.92218606e-04  2.28069913e-07  3.29997838e+00  2.28069913e-07  3.30000000e+00  2.28069913e-07  2.35149056e-05 
 2.28569913e-07  3.70483942e-04  2.28569913e-07  3.30001935e+00  2.28569913e-07  3.30000000e+00  2.28569913e-07 -2.34880876e-05 
 2.29069913e-07 -3.49213242e-04  2.29069913e-07  3.29998246e+00  2.29069913e-07  3.30000000e+00  2.29069913e-07  2.34626193e-05 
 2.29569913e-07  3.29950539e-04  2.29569913e-07  3.30001565e+00  2.29569913e-07  3.30000000e+00  2.29569913e-07 -2.34389028e-05 
 2.30069913e-07 -3.11318330e-04  2.30069913e-07  3.29998584e+00  2.30069913e-07  3.30000000e+00  2.30069913e-07  2.34163652e-05 
 2.30569913e-07  2.94213771e-04  2.30569913e-07  3.30001259e+00  2.30569913e-07  3.30000000e+00  2.30569913e-07 -2.33953775e-05 
 2.31069913e-07 -2.77879846e-04  2.31069913e-07  3.29998865e+00  2.31069913e-07  3.30000000e+00  2.31069913e-07  2.33754154e-05 
 2.31569913e-07  2.62640107e-04  2.31569913e-07  3.30001003e+00  2.31569913e-07  3.30000000e+00  2.31569913e-07 -2.33568274e-05 
 2.32069913e-07 -2.48368471e-04  2.32069913e-07  3.29999099e+00  2.32069913e-07  3.30000000e+00  2.32069913e-07  2.33391255e-05 
 2.32569913e-07  2.34757435e-04  2.32569913e-07  3.30000790e+00  2.32569913e-07  3.30000000e+00  2.32569913e-07 -2.33226376e-05 
 2.33069913e-07 -2.22225923e-04  2.33069913e-07  3.29999294e+00  2.33069913e-07  3.30000000e+00  2.33069913e-07  2.33069235e-05 
 2.33569913e-07  2.10079487e-04  2.33569913e-07  3.30000613e+00  2.33569913e-07  3.30000000e+00  2.33569913e-07 -2.32922860e-05 
 2.34069913e-07 -1.99073086e-04  2.34069913e-07  3.29999456e+00  2.34069913e-07  3.30000000e+00  2.34069913e-07  2.32783190e-05 
 2.34569913e-07  1.88212712e-04  2.34569913e-07  3.30000466e+00  2.34569913e-07  3.30000000e+00  2.34569913e-07 -2.32653086e-05 
 2.35069913e-07 -1.78543307e-04  2.35069913e-07  3.29999591e+00  2.35069913e-07  3.30000000e+00  2.35069913e-07  2.32528786e-05 
 2.35569913e-07  1.68813017e-04  2.35569913e-07  3.30000345e+00  2.35569913e-07  3.30000000e+00  2.35569913e-07 -2.32413007e-05 
 2.36069913e-07 -1.60315116e-04  2.36069913e-07  3.29999701e+00  2.36069913e-07  3.30000000e+00  2.36069913e-07  2.32302249e-05 
 2.36569913e-07  1.51583159e-04  2.36569913e-07  3.30000245e+00  2.36569913e-07  3.30000000e+00  2.36569913e-07 -2.32199094e-05 
 2.37069913e-07 -1.44121040e-04  2.37069913e-07  3.29999792e+00  2.37069913e-07  3.30000000e+00  2.37069913e-07  2.32100265e-05 
 2.37569913e-07  1.36251147e-04  2.37569913e-07  3.30000164e+00  2.37569913e-07  3.30000000e+00  2.37569913e-07 -2.32008250e-05 
 2.38069913e-07 -1.29702066e-04  2.38069913e-07  3.29999866e+00  2.38069913e-07  3.30000000e+00  2.38069913e-07  2.31919974e-05 
 2.38569913e-07  1.22604572e-04  2.38569913e-07  3.30000097e+00  2.38569913e-07  3.30000000e+00  2.38569913e-07 -2.31837800e-05 
 2.39069913e-07 -1.16853070e-04  2.39069913e-07  3.29999926e+00  2.39069913e-07  3.30000000e+00  2.39069913e-07  2.31758844e-05 
 2.39569913e-07  1.10439257e-04  2.39569913e-07  3.30000043e+00  2.39569913e-07  3.30000000e+00  2.39569913e-07 -2.31685382e-05 
 2.40069913e-07 -1.05388757e-04  2.40069913e-07  3.29999974e+00  2.40069913e-07  3.30000000e+00  2.40069913e-07  2.31614656e-05 
 2.40569913e-07  9.95776807e-05  2.40569913e-07  3.30000001e+00  2.40569913e-07  3.30000000e+00  2.40569913e-07 -2.31548905e-05 
 2.41069913e-07 -9.51519012e-05  2.41069913e-07  3.30000013e+00  2.41069913e-07  3.30000000e+00  2.41069913e-07  2.31485510e-05 
 2.41569913e-07  8.98717768e-05  2.41569913e-07  3.29999967e+00  2.41569913e-07  3.30000000e+00  2.41569913e-07 -2.31426588e-05 
 2.42069913e-07 -8.59963477e-05  2.42069913e-07  3.30000043e+00  2.42069913e-07  3.30000000e+00  2.42069913e-07  2.31369679e-05 
 2.42569913e-07  8.11868270e-05  2.42569913e-07  3.29999941e+00  2.42569913e-07  3.30000000e+00  2.42569913e-07 -2.31316820e-05 
 2.43069913e-07 -7.77987018e-05  2.43069913e-07  3.30000067e+00  2.43069913e-07  3.30000000e+00  2.43069913e-07  2.31265674e-05 
 2.43569913e-07  7.34069602e-05  2.43569913e-07  3.29999921e+00  2.43569913e-07  3.30000000e+00  2.43569913e-07 -2.31218209e-05 
 2.44069913e-07 -7.04506438e-05  2.44069913e-07  3.30000085e+00  2.44069913e-07  3.30000000e+00  2.44069913e-07  2.31172186e-05 
 2.44569913e-07  6.64293694e-05  2.44569913e-07  3.29999906e+00  2.44569913e-07  3.30000000e+00  2.44569913e-07 -2.31129522e-05 
 2.45069913e-07 -6.38565162e-05  2.45069913e-07  3.30000098e+00  2.45069913e-07  3.30000000e+00  2.45069913e-07  2.31088060e-05 
 2.45569913e-07  6.01641932e-05  2.45569913e-07  3.29999895e+00  2.45569913e-07  3.30000000e+00  2.45569913e-07 -2.31049673e-05 
 2.46069913e-07 -5.79323204e-05  2.46069913e-07  3.30000107e+00  2.46069913e-07  3.30000000e+00  2.46069913e-07  2.31012278e-05 
 2.46569913e-07  5.45324227e-05  2.46569913e-07  3.29999887e+00  2.46569913e-07  3.30000000e+00  2.46569913e-07 -2.30977706e-05 
 2.47069913e-07 -5.26041430e-05  2.47069913e-07  3.30000113e+00  2.47069913e-07  3.30000000e+00  2.47069913e-07  2.30943941e-05 
 2.47569913e-07  4.94645014e-05  2.47569913e-07  3.29999883e+00  2.47569913e-07  3.30000000e+00  2.47569913e-07 -2.30912776e-05 
 2.48069913e-07 -4.78068714e-05  2.48069913e-07  3.30000117e+00  2.48069913e-07  3.30000000e+00  2.48069913e-07  2.30882256e-05 
 2.48569913e-07  4.48991244e-05  2.48569913e-07  3.29999880e+00  2.48569913e-07  3.30000000e+00  2.48569913e-07 -2.30854138e-05 
 2.49069913e-07 -4.34830801e-05  2.49069913e-07  3.30000118e+00  2.49069913e-07  3.30000000e+00  2.49069913e-07  2.30826521e-05 
 2.49569913e-07  4.07821973e-05  2.49569913e-07  3.29999880e+00  2.49569913e-07  3.30000000e+00  2.49569913e-07 -2.30801131e-05 
 2.50069913e-07 -3.95820646e-05  2.50069913e-07  3.30000118e+00  2.50069913e-07  3.30000000e+00  2.50069913e-07  2.30776114e-05 
 2.50569913e-07  3.70659313e-05  2.50569913e-07  3.29999881e+00  2.50569913e-07  3.30000000e+00  2.50569913e-07 -2.30753170e-05 
 2.51069913e-07 -3.60590020e-05  2.51069913e-07  3.30000116e+00  2.51069913e-07  3.30000000e+00  2.51069913e-07  2.30730485e-05 
 2.51569913e-07  3.37080580e-05  2.51569913e-07  3.29999883e+00  2.51569913e-07  3.30000000e+00  2.51569913e-07 -2.30709734e-05 
 2.52069913e-07 -3.28742213e-05  2.52069913e-07  3.30000114e+00  2.52069913e-07  3.30000000e+00  2.52069913e-07  2.30689144e-05 
 2.52569913e-07  3.06711464e-05  2.52569913e-07  3.29999886e+00  2.52569913e-07  3.30000000e+00  2.52569913e-07 -2.30670364e-05 
 2.53069913e-07 -2.99925690e-05  2.53069913e-07  3.30000111e+00  2.53069913e-07  3.30000000e+00  2.53069913e-07  2.30651657e-05 
 2.53569913e-07  2.79220089e-05  2.53569913e-07  3.29999889e+00  2.53569913e-07  3.30000000e+00  2.53569913e-07 -2.30634649e-05 
 2.54069913e-07 -2.73828569e-05  2.54069913e-07  3.30000107e+00  2.54069913e-07  3.30000000e+00  2.54069913e-07  2.30617636e-05 
 2.54569913e-07  2.54311843e-05  2.54569913e-07  3.29999893e+00  2.54569913e-07  3.30000000e+00  2.54569913e-07 -2.30602224e-05 
 2.55069913e-07 -2.50173810e-05  2.55069913e-07  3.30000103e+00  2.55069913e-07  3.30000000e+00  2.55069913e-07  2.30586736e-05 
 2.55569913e-07  2.31724875e-05  2.55569913e-07  3.29999898e+00  2.55569913e-07  3.30000000e+00  2.55569913e-07 -2.30572762e-05 
 2.56069913e-07 -2.28715025e-05  2.56069913e-07  3.30000098e+00  2.56069913e-07  3.30000000e+00  2.56069913e-07  2.30558651e-05 
 2.56569913e-07  2.11226163e-05  2.56569913e-07  3.29999903e+00  2.56569913e-07  3.30000000e+00  2.56569913e-07 -2.30545974e-05 
 2.57069913e-07 -2.09232814e-05  2.57069913e-07  3.30000094e+00  2.57069913e-07  3.30000000e+00  2.57069913e-07  2.30533105e-05 
 2.57569913e-07  1.92608090e-05  2.57569913e-07  3.29999907e+00  2.57569913e-07  3.30000000e+00  2.57569913e-07 -2.30521600e-05 
 2.58069913e-07 -1.91531577e-05  2.58069913e-07  3.30000089e+00  2.58069913e-07  3.30000000e+00  2.58069913e-07  2.30509853e-05 
 2.58569913e-07  1.75685447e-05  2.58569913e-07  3.29999912e+00  2.58569913e-07  3.30000000e+00  2.58569913e-07 -2.30499407e-05 
 2.59069913e-07 -1.75436721e-05  2.59069913e-07  3.30000084e+00  2.59069913e-07  3.30000000e+00  2.59069913e-07  2.30488675e-05 
 2.59569913e-07  1.60292817e-05  2.59569913e-07  3.29999917e+00  2.59569913e-07  3.30000000e+00  2.59569913e-07 -2.30479187e-05 
 2.60069913e-07 -1.60792212e-05  2.60069913e-07  3.30000080e+00  2.60069913e-07  3.30000000e+00  2.60069913e-07  2.30469374e-05 
 2.60569913e-07  1.46282279e-05  2.60569913e-07  3.29999921e+00  2.60569913e-07  3.30000000e+00  2.60569913e-07 -2.30460754e-05 
 2.61069913e-07 -1.47458442e-05  2.61069913e-07  3.30000075e+00  2.61069913e-07  3.30000000e+00  2.61069913e-07  2.30451774e-05 
 2.61569913e-07  1.33521405e-05  2.61569913e-07  3.29999926e+00  2.61569913e-07  3.30000000e+00  2.61569913e-07 -2.30443940e-05 
 2.62069913e-07 -1.35310350e-05  2.62069913e-07  3.30000070e+00  2.62069913e-07  3.30000000e+00  2.62069913e-07  2.30435714e-05 
 2.62569913e-07  1.31726125e-05  2.62569913e-07  3.29999925e+00  2.62569913e-07  3.30000000e+00  2.62569913e-07 -2.30428535e-05 
 2.63069913e-07 -1.06612485e-05  2.63069913e-07  3.30000048e+00  2.63069913e-07  3.30000000e+00  2.63069913e-07  2.30419576e-05 
 2.63569913e-07  1.26728280e-05  2.63569913e-07  3.29999917e+00  2.63569913e-07  3.30000000e+00  2.63569913e-07 -2.30415942e-05 
 2.64069913e-07 -9.92170764e-06  2.64069913e-07  3.30000046e+00  2.64069913e-07  3.30000000e+00  2.64069913e-07  2.30406449e-05 
 2.64569913e-07  1.16072525e-05  2.64569913e-07  3.29999923e+00  2.64569913e-07  3.30000000e+00  2.64569913e-07 -2.30402973e-05 
 2.65069913e-07 -9.12089137e-06  2.65069913e-07  3.30000043e+00  2.65069913e-07  3.30000000e+00  2.65069913e-07  2.30394249e-05 
 2.65569913e-07  1.06081175e-05  2.65569913e-07  3.29999929e+00  2.65569913e-07  3.30000000e+00  2.65569913e-07 -2.30391128e-05 
 2.66069913e-07 -8.38511932e-06  2.66069913e-07  3.30000040e+00  2.66069913e-07  3.30000000e+00  2.66069913e-07  2.30383127e-05 
 2.66569913e-07  9.69364776e-06  2.66569913e-07  3.29999934e+00  2.66569913e-07  3.30000000e+00  2.66569913e-07 -2.30380323e-05 
 2.67069913e-07 -7.71370899e-06  2.67069913e-07  3.30000037e+00  2.67069913e-07  3.30000000e+00  2.67069913e-07  2.30372973e-05 
 2.67569913e-07  8.85745282e-06  2.67569913e-07  3.29999939e+00  2.67569913e-07  3.30000000e+00  2.67569913e-07 -2.30370449e-05 
 2.68069913e-07 -7.10103782e-06  2.68069913e-07  3.30000035e+00  2.68069913e-07  3.30000000e+00  2.68069913e-07  2.30363688e-05 
 2.68569913e-07  8.09259489e-06  2.68569913e-07  3.29999943e+00  2.68569913e-07  3.30000000e+00  2.68569913e-07 -2.30361416e-05 
 2.69069913e-07 -6.54169401e-06  2.69069913e-07  3.30000032e+00  2.69069913e-07  3.30000000e+00  2.69069913e-07  2.30355193e-05 
 2.69569913e-07  7.39269598e-06  2.69569913e-07  3.29999947e+00  2.69569913e-07  3.30000000e+00  2.69569913e-07 -2.30353149e-05 
 2.70069913e-07 -6.03076108e-06  2.70069913e-07  3.30000030e+00  2.70069913e-07  3.30000000e+00  2.70069913e-07  2.30347416e-05 
 2.70100000e-07  3.80961079e-06  2.70100000e-07  3.29999970e+00  2.70100000e-07  3.30000000e+00  2.70100000e-07 -2.30301685e-05 
 2.70105077e-07 -1.14760051e-03  2.70105077e-07  3.29868661e+00  2.70105077e-07  3.13246847e+00  2.70105077e-07 -2.83749897e-04 
 2.70115230e-07 -4.84888970e-03  2.70115230e-07  3.29475921e+00  2.70115230e-07  2.79740541e+00  2.70115230e-07 -2.59664357e-04 
 2.70135537e-07 -2.89424869e-02  2.70135537e-07  3.26831463e+00  2.70135537e-07  2.12727929e+00  2.70135537e-07 -4.75258335e-04 
 2.70163689e-07 -3.86083014e-02  2.70163689e-07  3.24555622e+00  2.70163689e-07  1.19826856e+00  2.70163689e-07 -6.38133221e-04 
 2.70200000e-07  4.91427571e-02  2.70200000e-07  3.25906188e+00  2.70200000e-07  0.00000000e+00  2.70200000e-07 -1.22067274e-03 
 2.70203797e-07  6.97583714e-02  2.70203797e-07  3.26911231e+00  2.70203797e-07  0.00000000e+00  2.70203797e-07 -7.94780750e-04 
 2.70211390e-07  1.10493388e-01  2.70211390e-07  3.28770522e+00  2.70211390e-07  0.00000000e+00  2.70211390e-07 -7.80577543e-04 
 2.70226576e-07  1.89229307e-01  2.70226576e-07  3.31827262e+00  2.70226576e-07  0.00000000e+00  2.70226576e-07 -7.60194260e-04 
 2.70256948e-07  3.41569217e-01  2.70256948e-07  3.35946701e+00  2.70256948e-07  0.00000000e+00  2.70256948e-07 -7.21789245e-04 
 2.70317692e-07  6.61567354e-01  2.70317692e-07  3.40569713e+00  2.70317692e-07  0.00000000e+00  2.70317692e-07 -6.66582997e-04 
 2.70439180e-07  1.47151728e+00  2.70439180e-07  3.48767983e+00  2.70439180e-07  0.00000000e+00  2.70439180e-07 -4.22445178e-04 
 2.70548951e-07  2.14169647e+00  2.70548951e-07  3.50979155e+00  2.70548951e-07  0.00000000e+00  2.70548951e-07 -2.10663058e-04 
 2.70660969e-07  2.58581917e+00  2.70660969e-07  3.45045895e+00  2.70660969e-07  0.00000000e+00  2.70660969e-07 -8.93859675e-05 
 2.70797144e-07  2.94436870e+00  2.70797144e-07  3.39904729e+00  2.70797144e-07  0.00000000e+00  2.70797144e-07 -4.97729908e-05 
 2.70920375e-07  3.12932888e+00  2.70920375e-07  3.35623372e+00  2.70920375e-07  0.00000000e+00  2.70920375e-07 -1.66964947e-05 
 2.71109579e-07  3.25141172e+00  2.71109579e-07  3.32110593e+00  2.71109579e-07  0.00000000e+00  2.71109579e-07 -1.28283030e-05 
 2.71314995e-07  3.28824786e+00  2.71314995e-07  3.30647617e+00  2.71314995e-07  0.00000000e+00  2.71314995e-07  4.08618547e-06 
 2.71725827e-07  3.30115883e+00  2.71725827e-07  3.29967280e+00  2.71725827e-07  0.00000000e+00  2.71725827e-07 -6.92364635e-06 
 2.72212164e-07  3.29979201e+00  2.72212164e-07  3.30002780e+00  2.72212164e-07  0.00000000e+00  2.72212164e-07  5.84187693e-06 
 2.72712164e-07  3.30008016e+00  2.72712164e-07  3.30002400e+00  2.72712164e-07  0.00000000e+00  2.72712164e-07 -6.70251761e-06 
 2.73212164e-07  3.29997923e+00  2.73212164e-07  3.29998988e+00  2.73212164e-07  0.00000000e+00  2.73212164e-07  6.12004075e-06 
 2.73712164e-07  3.30000625e+00  2.73712164e-07  3.30000600e+00  2.73712164e-07  0.00000000e+00  2.73712164e-07 -6.61037267e-06 
 2.74212164e-07  3.29999815e+00  2.74212164e-07  3.29999778e+00  2.74212164e-07  0.00000000e+00  2.74212164e-07  6.22645129e-06 
 2.74712164e-07  3.30000126e+00  2.74712164e-07  3.30000207e+00  2.74712164e-07  0.00000000e+00  2.74712164e-07 -6.56084931e-06 
 2.75212164e-07  3.29999960e+00  2.75212164e-07  3.29999923e+00  2.75212164e-07  0.00000000e+00  2.75212164e-07  6.28038498e-06 
 2.75712164e-07  3.30000054e+00  2.75712164e-07  3.30000101e+00  2.75712164e-07  0.00000000e+00  2.75712164e-07 -6.53143497e-06 
 2.76212164e-07  3.29999985e+00  2.76212164e-07  3.29999967e+00  2.76212164e-07  0.00000000e+00  2.76212164e-07  6.31231603e-06 
 2.76712164e-07  3.30000029e+00  2.76712164e-07  3.30000056e+00  2.76712164e-07  0.00000000e+00  2.76712164e-07 -6.51189860e-06 
 2.77212164e-07  3.29999994e+00  2.77212164e-07  3.29999986e+00  2.77212164e-07  0.00000000e+00  2.77212164e-07  6.33299163e-06 
 2.77712164e-07  3.30000017e+00  2.77712164e-07  3.30000032e+00  2.77712164e-07  0.00000000e+00  2.77712164e-07 -6.49791544e-06 
 2.78212164e-07  3.29999998e+00  2.78212164e-07  3.29999996e+00  2.78212164e-07  0.00000000e+00  2.78212164e-07  6.34727547e-06 
 2.78712164e-07  3.30000010e+00  2.78712164e-07  3.30000019e+00  2.78712164e-07  0.00000000e+00  2.78712164e-07 -6.48741121e-06 
 2.79212164e-07  3.30000000e+00  2.79212164e-07  3.30000000e+00  2.79212164e-07  0.00000000e+00  2.79212164e-07  6.35765902e-06 
 2.79712164e-07  3.30000006e+00  2.79712164e-07  3.30000012e+00  2.79712164e-07  0.00000000e+00  2.79712164e-07 -6.47925360e-06 
 2.80212164e-07  3.30000001e+00  2.80212164e-07  3.30000002e+00  2.80212164e-07  0.00000000e+00  2.80212164e-07  6.36552236e-06 
 2.80712164e-07  3.30000004e+00  2.80712164e-07  3.30000008e+00  2.80712164e-07  0.00000000e+00  2.80712164e-07 -6.47275929e-06 
 2.81212164e-07  3.30000001e+00  2.81212164e-07  3.30000002e+00  2.81212164e-07  0.00000000e+00  2.81212164e-07  6.37167677e-06 
 2.81712164e-07  3.30000002e+00  2.81712164e-07  3.30000005e+00  2.81712164e-07  0.00000000e+00  2.81712164e-07 -6.46748556e-06 
 2.82212164e-07  3.30000001e+00  2.82212164e-07  3.30000002e+00  2.82212164e-07  0.00000000e+00  2.82212164e-07  6.37662387e-06 
 2.82712164e-07  3.30000002e+00  2.82712164e-07  3.30000004e+00  2.82712164e-07  0.00000000e+00  2.82712164e-07 -6.46313139e-06 
 2.83212164e-07  3.30000001e+00  2.83212164e-07  3.30000002e+00  2.83212164e-07  0.00000000e+00  2.83212164e-07  6.38068767e-06 
 2.83712164e-07  3.30000001e+00  2.83712164e-07  3.30000003e+00  2.83712164e-07  0.00000000e+00  2.83712164e-07 -6.45948467e-06 
 2.84212164e-07  3.30000000e+00  2.84212164e-07  3.30000002e+00  2.84212164e-07  0.00000000e+00  2.84212164e-07  6.38408580e-06 
 2.84712164e-07  3.30000001e+00  2.84712164e-07  3.30000002e+00  2.84712164e-07  0.00000000e+00  2.84712164e-07 -6.45639190e-06 
 2.85212164e-07  3.30000000e+00  2.85212164e-07  3.30000001e+00  2.85212164e-07  0.00000000e+00  2.85212164e-07  6.38696938e-06 
 2.85712164e-07  3.30000000e+00  2.85712164e-07  3.30000001e+00  2.85712164e-07  0.00000000e+00  2.85712164e-07 -6.45373966e-06 
 2.86212164e-07  3.30000000e+00  2.86212164e-07  3.30000001e+00  2.86212164e-07  0.00000000e+00  2.86212164e-07  6.38944687e-06 
 2.86712164e-07  3.30000000e+00  2.86712164e-07  3.30000001e+00  2.86712164e-07  0.00000000e+00  2.86712164e-07 -6.45144266e-06 
 2.87212164e-07  3.30000000e+00  2.87212164e-07  3.30000001e+00  2.87212164e-07  0.00000000e+00  2.87212164e-07  6.39159803e-06 
 2.87712164e-07  3.30000000e+00  2.87712164e-07  3.30000001e+00  2.87712164e-07  0.00000000e+00  2.87712164e-07 -6.44943572e-06 
 2.88212164e-07  3.30000000e+00  2.88212164e-07  3.30000001e+00  2.88212164e-07  0.00000000e+00  2.88212164e-07  6.39348293e-06 
 2.88712164e-07  3.30000000e+00  2.88712164e-07  3.30000000e+00  2.88712164e-07  0.00000000e+00  2.88712164e-07 -6.44766833e-06 
 2.89212164e-07  3.30000000e+00  2.89212164e-07  3.30000000e+00  2.89212164e-07  0.00000000e+00  2.89212164e-07  6.39514769e-06 
 2.89712164e-07  3.30000000e+00  2.89712164e-07  3.30000000e+00  2.89712164e-07  0.00000000e+00  2.89712164e-07 -6.44610083e-06 
 2.90212164e-07  3.30000000e+00  2.90212164e-07  3.30000000e+00  2.90212164e-07  0.00000000e+00  2.90212164e-07  6.39662837e-06 
 2.90712164e-07  3.30000000e+00  2.90712164e-07  3.30000000e+00  2.90712164e-07  0.00000000e+00  2.90712164e-07 -6.44470172e-06 
 2.91212164e-07  3.29999999e+00  2.91212164e-07  3.30000000e+00  2.91212164e-07  0.00000000e+00  2.91212164e-07  6.39795357e-06 
 2.91712164e-07  3.29999999e+00  2.91712164e-07  3.30000000e+00  2.91712164e-07  0.00000000e+00  2.91712164e-07 -6.44344569e-06 
 2.92212164e-07  3.29999999e+00  2.92212164e-07  3.30000000e+00  2.92212164e-07  0.00000000e+00  2.92212164e-07  6.39914626e-06 
 2.92712164e-07  3.29999999e+00  2.92712164e-07  3.30000000e+00  2.92712164e-07  0.00000000e+00  2.92712164e-07 -6.44231219e-06 
 2.93212164e-07  3.29999999e+00  2.93212164e-07  3.30000000e+00  2.93212164e-07  0.00000000e+00  2.93212164e-07  6.40022513e-06 
 2.93712164e-07  3.29999999e+00  2.93712164e-07  3.30000000e+00  2.93712164e-07  0.00000000e+00  2.93712164e-07 -6.44128438e-06 
 2.94212164e-07  3.29999999e+00  2.94212164e-07  3.30000000e+00  2.94212164e-07  0.00000000e+00  2.94212164e-07  6.40120553e-06 
 2.94712164e-07  3.29999999e+00  2.94712164e-07  3.30000000e+00  2.94712164e-07  0.00000000e+00  2.94712164e-07 -6.44034835e-06 
 2.95212164e-07  3.29999999e+00  2.95212164e-07  3.30000000e+00  2.95212164e-07  0.00000000e+00  2.95212164e-07  6.40210019e-06 
 2.95712164e-07  3.29999999e+00  2.95712164e-07  3.30000000e+00  2.95712164e-07  0.00000000e+00  2.95712164e-07 -6.43949250e-06 
 2.96212164e-07  3.29999999e+00  2.96212164e-07  3.30000000e+00  2.96212164e-07  0.00000000e+00  2.96212164e-07  6.40291973e-06 
 2.96712164e-07  3.29999999e+00  2.96712164e-07  3.30000000e+00  2.96712164e-07  0.00000000e+00  2.96712164e-07 -6.43870707e-06 
 2.97212164e-07  3.29999999e+00  2.97212164e-07  3.29999999e+00  2.97212164e-07  0.00000000e+00  2.97212164e-07  6.40367311e-06 
 2.97712164e-07  3.29999999e+00  2.97712164e-07  3.29999999e+00  2.97712164e-07  0.00000000e+00  2.97712164e-07 -6.43798384e-06 
 2.98212164e-07  3.29999999e+00  2.98212164e-07  3.29999999e+00  2.98212164e-07  0.00000000e+00  2.98212164e-07  6.40436795e-06 
 2.98712164e-07  3.29999999e+00  2.98712164e-07  3.29999999e+00  2.98712164e-07  0.00000000e+00  2.98712164e-07 -6.43731580e-06 
 2.99212164e-07  3.29999999e+00  2.99212164e-07  3.29999999e+00  2.99212164e-07  0.00000000e+00  2.99212164e-07  6.40501071e-06 
 2.99712164e-07  3.29999999e+00  2.99712164e-07  3.29999999e+00  2.99712164e-07  0.00000000e+00  2.99712164e-07 -6.43669693e-06 
 3.00000000e-07  3.29999999e+00  3.00000000e-07  3.29999999e+00  3.00000000e-07  0.00000000e+00  3.00000000e-07  6.40548407e-06 
 3.00050000e-07  3.29999999e+00  3.00050000e-07  3.29999999e+00  3.00050000e-07  0.00000000e+00  3.00050000e-07 -1.54925981e-08 
 3.00150000e-07  3.29999999e+00  3.00150000e-07  3.29999999e+00  3.00150000e-07  0.00000000e+00  3.00150000e-07 -1.54344809e-08 
 3.00350000e-07  3.29999999e+00  3.00350000e-07  3.29999999e+00  3.00350000e-07  0.00000000e+00  3.00350000e-07 -1.53199347e-08 
 3.00750000e-07  3.29999999e+00  3.00750000e-07  3.29999999e+00  3.00750000e-07  0.00000000e+00  3.00750000e-07 -1.50955004e-08 
 3.01250000e-07  3.29999999e+00  3.01250000e-07  3.29999999e+00  3.01250000e-07  0.00000000e+00  3.01250000e-07 -1.48239376e-08 
 3.01750000e-07  3.29999999e+00  3.01750000e-07  3.29999999e+00  3.01750000e-07  0.00000000e+00  3.01750000e-07 -1.45615871e-08 
 3.02250000e-07  3.29999999e+00  3.02250000e-07  3.29999999e+00  3.02250000e-07  0.00000000e+00  3.02250000e-07 -1.43082250e-08 
 3.02750000e-07  3.29999999e+00  3.02750000e-07  3.29999999e+00  3.02750000e-07  0.00000000e+00  3.02750000e-07 -1.40631753e-08 
 3.03250000e-07  3.29999999e+00  3.03250000e-07  3.29999999e+00  3.03250000e-07  0.00000000e+00  3.03250000e-07 -1.38262668e-08 
 3.03750000e-07  3.29999999e+00  3.03750000e-07  3.29999999e+00  3.03750000e-07  0.00000000e+00  3.03750000e-07 -1.35968809e-08 
 3.04250000e-07  3.29999999e+00  3.04250000e-07  3.29999999e+00  3.04250000e-07  0.00000000e+00  3.04250000e-07 -1.33748933e-08 
 3.04750000e-07  3.29999999e+00  3.04750000e-07  3.29999999e+00  3.04750000e-07  0.00000000e+00  3.04750000e-07 -1.31597331e-08 
 3.05250000e-07  3.29999999e+00  3.05250000e-07  3.29999999e+00  3.05250000e-07  0.00000000e+00  3.05250000e-07 -1.29513168e-08 
 3.05750000e-07  3.29999999e+00  3.05750000e-07  3.29999999e+00  3.05750000e-07  0.00000000e+00  3.05750000e-07 -1.27491139e-08 
 3.06250000e-07  3.29999999e+00  3.06250000e-07  3.29999999e+00  3.06250000e-07  0.00000000e+00  3.06250000e-07 -1.25530763e-08 
 3.06750000e-07  3.29999999e+00  3.06750000e-07  3.29999999e+00  3.06750000e-07  0.00000000e+00  3.06750000e-07 -1.23627076e-08 
 3.07250000e-07  3.29999999e+00  3.07250000e-07  3.29999999e+00  3.07250000e-07  0.00000000e+00  3.07250000e-07 -1.21779907e-08 
 3.07750000e-07  3.29999999e+00  3.07750000e-07  3.29999999e+00  3.07750000e-07  0.00000000e+00  3.07750000e-07 -1.19984586e-08 
 3.08250000e-07  3.29999999e+00  3.08250000e-07  3.29999999e+00  3.08250000e-07  0.00000000e+00  3.08250000e-07 -1.18241208e-08 
 3.08750000e-07  3.29999999e+00  3.08750000e-07  3.29999999e+00  3.08750000e-07  0.00000000e+00  3.08750000e-07 -1.16545357e-08 
 3.09250000e-07  3.29999999e+00  3.09250000e-07  3.29999999e+00  3.09250000e-07  0.00000000e+00  3.09250000e-07 -1.14897363e-08 
 3.09750000e-07  3.29999999e+00  3.09750000e-07  3.29999999e+00  3.09750000e-07  0.00000000e+00  3.09750000e-07 -1.13293030e-08 
 3.10250000e-07  3.29999999e+00  3.10250000e-07  3.29999999e+00  3.10250000e-07  0.00000000e+00  3.10250000e-07 -1.11732892e-08 
 3.10750000e-07  3.29999999e+00  3.10750000e-07  3.29999999e+00  3.10750000e-07  0.00000000e+00  3.10750000e-07 -1.10212944e-08 
 3.11250000e-07  3.29999999e+00  3.11250000e-07  3.29999999e+00  3.11250000e-07  0.00000000e+00  3.11250000e-07 -1.08733898e-08 
 3.11750000e-07  3.29999999e+00  3.11750000e-07  3.29999999e+00  3.11750000e-07  0.00000000e+00  3.11750000e-07 -1.07291919e-08 
 3.12250000e-07  3.29999999e+00  3.12250000e-07  3.29999999e+00  3.12250000e-07  0.00000000e+00  3.12250000e-07 -1.05887876e-08 
 3.12750000e-07  3.29999999e+00  3.12750000e-07  3.29999999e+00  3.12750000e-07  0.00000000e+00  3.12750000e-07 -1.04518080e-08 
 3.13250000e-07  3.29999999e+00  3.13250000e-07  3.29999999e+00  3.13250000e-07  0.00000000e+00  3.13250000e-07 -1.03183540e-08 
 3.13750000e-07  3.29999999e+00  3.13750000e-07  3.29999999e+00  3.13750000e-07  0.00000000e+00  3.13750000e-07 -1.01880698e-08 
 3.14250000e-07  3.29999999e+00  3.14250000e-07  3.29999999e+00  3.14250000e-07  0.00000000e+00  3.14250000e-07 -1.00610683e-08 
 3.14750000e-07  3.29999999e+00  3.14750000e-07  3.29999999e+00  3.14750000e-07  0.00000000e+00  3.14750000e-07 -9.93700534e-09 
 3.15250000e-07  3.29999999e+00  3.15250000e-07  3.29999999e+00  3.15250000e-07  0.00000000e+00  3.15250000e-07 -9.81600473e-09 
 3.15750000e-07  3.29999999e+00  3.15750000e-07  3.29999999e+00  3.15750000e-07  0.00000000e+00  3.15750000e-07 -9.69773238e-09 
 3.16250000e-07  3.29999999e+00  3.16250000e-07  3.29999999e+00  3.16250000e-07  0.00000000e+00  3.16250000e-07 -9.58232186e-09 
 3.16750000e-07  3.29999999e+00  3.16750000e-07  3.29999999e+00  3.16750000e-07  0.00000000e+00  3.16750000e-07 -9.46944813e-09 
 3.17250000e-07  3.29999999e+00  3.17250000e-07  3.29999999e+00  3.17250000e-07  0.00000000e+00  3.17250000e-07 -9.35925336e-09 
 3.17750000e-07  3.29999999e+00  3.17750000e-07  3.29999999e+00  3.17750000e-07  0.00000000e+00  3.17750000e-07 -9.25142062e-09 
 3.18250000e-07  3.29999999e+00  3.18250000e-07  3.29999999e+00  3.18250000e-07  0.00000000e+00  3.18250000e-07 -9.14609974e-09 
 3.18750000e-07  3.29999999e+00  3.18750000e-07  3.29999999e+00  3.18750000e-07  0.00000000e+00  3.18750000e-07 -9.04298105e-09 
 3.19250000e-07  3.29999999e+00  3.19250000e-07  3.29999999e+00  3.19250000e-07  0.00000000e+00  3.19250000e-07 -8.94222126e-09 
 3.19750000e-07  3.29999999e+00  3.19750000e-07  3.29999999e+00  3.19750000e-07  0.00000000e+00  3.19750000e-07 -8.84351719e-09 
 3.20000000e-07  3.29999999e+00  3.20000000e-07  3.29999999e+00  3.20000000e-07  0.00000000e+00  3.20000000e-07 -8.79504966e-09 
 3.20010000e-07  3.32223483e+00  3.20010000e-07  3.32224640e+00  3.20010000e-07  3.30000000e-01  3.20010000e-07  4.12764344e-04 
 3.20030000e-07  3.36403263e+00  3.20030000e-07  3.36407514e+00  3.20030000e-07  9.90000000e-01  3.20030000e-07  4.61927892e-04 
 3.20070000e-07  3.44536795e+00  3.20070000e-07  3.44559348e+00  3.20070000e-07  2.31000000e+00  3.20070000e-07  4.59435773e-04 
 3.20100000e-07  3.48406648e+00  3.20100000e-07  3.48382812e+00  3.20100000e-07  3.30000000e+00  3.20100000e-07  2.92154022e-04 
 3.20104204e-07  3.48323129e+00  3.20104204e-07  3.48292202e+00  3.20104204e-07  3.30000000e+00  3.20104204e-07 -1.19645636e-05 
 3.20112612e-07  3.48072248e+00  3.20112612e-07  3.48020646e+00  3.20112612e-07  3.30000000e+00  3.20112612e-07 -3.89607327e-05 
 3.20129428e-07  3.47026369e+00  3.20129428e-07  3.46903042e+00  3.20129428e-07  3.30000000e+00  3.20129428e-07 -5.27232533e-05 
 3.20163059e-07  3.44154618e+00  3.20163059e-07  3.43913732e+00  3.20163059e-07  3.30000000e+00  3.20163059e-07 -7.10734144e-05 
 3.20214215e-07  3.27513773e+00  3.20214215e-07  3.27969705e+00  3.20214215e-07  3.30000000e+00  3.20214215e-07 -9.55200739e-05 
 3.20266486e-07  2.98527533e+00  3.20266486e-07  3.02174183e+00  3.20266486e-07  3.30000000e+00  3.20266486e-07 -1.27869947e-04 
 3.20334460e-07  2.59029855e+00  3.20334460e-07  2.64402370e+00  3.20334460e-07  3.30000000e+00  3.20334460e-07 -9.86993318e-05 
 3.20417362e-07  2.15958560e+00  3.20417362e-07  2.23978865e+00  3.20417362e-07  3.30000000e+00  3.20417362e-07 -1.70627040e-04 
 3.20544336e-07  1.68333357e+00  3.20544336e-07  1.92069789e+00  3.20544336e-07  3.30000000e+00  3.20544336e-07 -2.22513325e-04 
 3.20679596e-07  1.21188176e+00  3.20679596e-07  2.15806639e+00  3.20679596e-07  3.30000000e+00  3.20679596e-07 -3.26888441e-04 
 3.20814879e-07  7.76147337e-01  3.20814879e-07  2.70858862e+00  3.20814879e-07  3.30000000e+00  3.20814879e-07 -2.45390886e-04 
 3.20930977e-07  5.02179232e-01  3.20930977e-07  3.06268529e+00  3.20930977e-07  3.30000000e+00  3.20930977e-07 -1.78977902e-04 
 3.21058181e-07  2.69621970e-01  3.21058181e-07  3.21372332e+00  3.21058181e-07  3.30000000e+00  3.21058181e-07 -4.60967242e-05 
 3.21259745e-07  8.20289791e-02  3.21259745e-07  3.27930621e+00  3.21259745e-07  3.30000000e+00  3.21259745e-07 -4.42400532e-05 
 3.21484045e-07  1.71530577e-02  3.21484045e-07  3.29449229e+00  3.21484045e-07  3.30000000e+00  3.21484045e-07  1.93621969e-05 
 3.21774951e-07  1.95617679e-03  3.21774951e-07  3.29981082e+00  3.21774951e-07  3.30000000e+00  3.21774951e-07 -2.45378886e-05 
 3.22089455e-07 -3.68000535e-04  3.22089455e-07  3.29986438e+00  3.22089455e-07  3.30000000e+00  3.22089455e-07  2.41331550e-05 
 3.22589455e-07  3.78485883e-04  3.22589455e-07  3.30008991e+00  3.22589455e-07  3.30000000e+00  3.22589455e-07 -2.41310317e-05 
 3.23089455e-07 -3.59020756e-04  3.23089455e-07  3.29993310e+00  3.23089455e-07  3.30000000e+00  3.23089455e-07  2.41143380e-05 
 3.23589455e-07  3.36783088e-04  3.23589455e-07  3.30005278e+00  3.23589455e-07  3.30000000e+00  3.23589455e-07 -2.40937933e-05 
 3.24089455e-07 -3.15013106e-04  3.24089455e-07  3.29995607e+00  3.24089455e-07  3.30000000e+00  3.24089455e-07  2.40718422e-05 
 3.24589455e-07  2.95024606e-04  3.24589455e-07  3.30003758e+00  3.24589455e-07  3.30000000e+00  3.24589455e-07 -2.40502263e-05 
 3.25089455e-07 -2.76338776e-04  3.25089455e-07  3.29996682e+00  3.25089455e-07  3.30000000e+00  3.25089455e-07  2.40290370e-05 
 3.25589455e-07  2.58911190e-04  3.25589455e-07  3.30002960e+00  3.25589455e-07  3.30000000e+00  3.25589455e-07 -2.40090011e-05 
 3.26089455e-07 -2.42775252e-04  3.26089455e-07  3.29997312e+00  3.26089455e-07  3.30000000e+00  3.26089455e-07  2.39898240e-05 
 3.26589455e-07  2.27448977e-04  3.26589455e-07  3.30002441e+00  3.26589455e-07  3.30000000e+00  3.26589455e-07 -2.39719433e-05 
 3.27089455e-07 -2.13452392e-04  3.27089455e-07  3.29997758e+00  3.27089455e-07  3.30000000e+00  3.27089455e-07  2.39549702e-05 
 3.27589455e-07  1.99930594e-04  3.27589455e-07  3.30002049e+00  3.27589455e-07  3.30000000e+00  3.27589455e-07 -2.39392317e-05 
 3.28089455e-07 -1.87789082e-04  3.28089455e-07  3.29998111e+00  3.28089455e-07  3.30000000e+00  3.28089455e-07  2.39243305e-05 
 3.28589455e-07  1.75847566e-04  3.28589455e-07  3.30001729e+00  3.28589455e-07  3.30000000e+00  3.28589455e-07 -2.39105453e-05 
 3.29089455e-07 -1.65330045e-04  3.29089455e-07  3.29998405e+00  3.29089455e-07  3.30000000e+00  3.29089455e-07  2.38974968e-05 
 3.29589455e-07  1.54776764e-04  3.29589455e-07  3.30001459e+00  3.29589455e-07  3.30000000e+00  3.29589455e-07 -2.38854387e-05 
 3.30089455e-07 -1.45681464e-04  3.30089455e-07  3.29998654e+00  3.30089455e-07  3.30000000e+00  3.30089455e-07  2.38740169e-05 
 3.30589455e-07  1.36345411e-04  3.30589455e-07  3.30001230e+00  3.30589455e-07  3.30000000e+00  3.30589455e-07 -2.38634688e-05 
 3.31089455e-07 -1.28493252e-04  3.31089455e-07  3.29998867e+00  3.31089455e-07  3.30000000e+00  3.31089455e-07  2.38534657e-05 
 3.31589455e-07  1.20221778e-04  3.31589455e-07  3.30001033e+00  3.31589455e-07  3.30000000e+00  3.31589455e-07 -2.38442328e-05 
 3.32089455e-07 -1.13454185e-04  3.32089455e-07  3.29999049e+00  3.32089455e-07  3.30000000e+00  3.32089455e-07  2.38354644e-05 
 3.32589455e-07  1.06111961e-04  3.32589455e-07  3.30000866e+00  3.32589455e-07  3.30000000e+00  3.32589455e-07 -2.38273757e-05 
 3.33089455e-07 -1.00289386e-04  3.33089455e-07  3.29999203e+00  3.33089455e-07  3.30000000e+00  3.33089455e-07  2.38196816e-05 
 3.33589455e-07  9.37573151e-05  3.33589455e-07  3.30000724e+00  3.33589455e-07  3.30000000e+00  3.33589455e-07 -2.38125887e-05 
 3.34089455e-07 -8.87576262e-05  3.34089455e-07  3.29999335e+00  3.34089455e-07  3.30000000e+00  3.34089455e-07  2.38058297e-05 
 3.34589455e-07  8.29314765e-05  3.34589455e-07  3.30000603e+00  3.34589455e-07  3.30000000e+00  3.34589455e-07 -2.37996039e-05 
 3.35089455e-07 -7.86482118e-05  3.35089455e-07  3.29999447e+00  3.35089455e-07  3.30000000e+00  3.35089455e-07  2.37936595e-05 
 3.35589455e-07  7.34371011e-05  3.35589455e-07  3.30000501e+00  3.35589455e-07  3.30000000e+00  3.35589455e-07 -2.37881892e-05 
 3.36089455e-07 -6.97776908e-05  3.36089455e-07  3.29999541e+00  3.36089455e-07  3.30000000e+00  3.36089455e-07  2.37829550e-05 
 3.36589455e-07  6.51025582e-05  3.36589455e-07  3.30000414e+00  3.36589455e-07  3.30000000e+00  3.36589455e-07 -2.37781436e-05 
 3.37089455e-07 -6.19866301e-05  3.37089455e-07  3.29999621e+00  3.37089455e-07  3.30000000e+00  3.37089455e-07  2.37735291e-05 
 3.37589455e-07  5.77793000e-05  3.37589455e-07  3.30000341e+00  3.37589455e-07  3.30000000e+00  3.37589455e-07 -2.37692930e-05 
 3.38089455e-07 -5.51409691e-05  3.38089455e-07  3.29999688e+00  3.38089455e-07  3.30000000e+00  3.38089455e-07  2.37652191e-05 
 3.38589455e-07  5.13311191e-05  3.38589455e-07  3.30000279e+00  3.38589455e-07  3.30000000e+00  3.38589455e-07 -2.37614859e-05 
 3.39089455e-07 -4.91108374e-05  3.39089455e-07  3.29999745e+00  3.39089455e-07  3.30000000e+00  3.39089455e-07  2.37578860e-05 
 3.39589455e-07  4.56591149e-05  3.39589455e-07  3.30000227e+00  3.39589455e-07  3.30000000e+00  3.39589455e-07 -2.37545922e-05 
 3.40089455e-07 -4.37976895e-05  3.40089455e-07  3.29999793e+00  3.40089455e-07  3.30000000e+00  3.40089455e-07  2.37514062e-05 
 3.40589455e-07  4.06586146e-05  3.40589455e-07  3.30000184e+00  3.40589455e-07  3.30000000e+00  3.40589455e-07 -2.37484972e-05 
 3.41089455e-07 -3.91108123e-05  3.41089455e-07  3.29999833e+00  3.41089455e-07  3.30000000e+00  3.41089455e-07  2.37456737e-05 
 3.41589455e-07  3.62450301e-05  3.41589455e-07  3.30000147e+00  3.41589455e-07  3.30000000e+00  3.41589455e-07 -2.37431019e-05 
 3.42089455e-07 -3.49762677e-05  3.42089455e-07  3.29999867e+00  3.42089455e-07  3.30000000e+00  3.42089455e-07  2.37405958e-05 
 3.42589455e-07  3.23428872e-05  3.42589455e-07  3.30000117e+00  3.42589455e-07  3.30000000e+00  3.42589455e-07 -2.37383196e-05 
 3.43089455e-07 -3.13159859e-05  3.43089455e-07  3.29999895e+00  3.43089455e-07  3.30000000e+00  3.43089455e-07  2.37360928e-05 
 3.43589455e-07  2.88925667e-05  3.43589455e-07  3.30000091e+00  3.43589455e-07  3.30000000e+00  3.43589455e-07 -2.37340764e-05 
 3.44089455e-07 -2.80747959e-05  3.44089455e-07  3.29999918e+00  3.44089455e-07  3.30000000e+00  3.44089455e-07  2.37320950e-05 
 3.44589455e-07  2.58364343e-05  3.44589455e-07  3.30000070e+00  3.44589455e-07  3.30000000e+00  3.44589455e-07 -2.37303070e-05 
 3.45089455e-07 -2.52024172e-05  3.45089455e-07  3.29999938e+00  3.45089455e-07  3.30000000e+00  3.45089455e-07  2.37285413e-05 
 3.45589455e-07  2.31263511e-05  3.45589455e-07  3.30000052e+00  3.45589455e-07  3.30000000e+00  3.45589455e-07 -2.37269544e-05 
 3.46089455e-07 -2.26534016e-05  3.46089455e-07  3.29999954e+00  3.46089455e-07  3.30000000e+00  3.46089455e-07  2.37253786e-05 
 3.46589455e-07  2.07206243e-05  3.46589455e-07  3.30000038e+00  3.46589455e-07  3.30000000e+00  3.46589455e-07 -2.37239687e-05 
 3.47089455e-07 -2.03908114e-05  3.47089455e-07  3.29999967e+00  3.47089455e-07  3.30000000e+00  3.47089455e-07  2.37225600e-05 
 3.47589455e-07  1.85820638e-05  3.47589455e-07  3.30000026e+00  3.47589455e-07  3.30000000e+00  3.47589455e-07 -2.37213061e-05 
 3.48089455e-07 -1.73615311e-05  3.48089455e-07  3.29999970e+00  3.48089455e-07  3.30000000e+00  3.48089455e-07  2.37200276e-05 
 3.48589455e-07  1.85055451e-05  3.48589455e-07  3.29999995e+00  3.48589455e-07  3.30000000e+00  3.48589455e-07 -2.37191096e-05 
 3.49089455e-07 -1.50240897e-05  3.49089455e-07  3.29999965e+00  3.49089455e-07  3.30000000e+00  3.49089455e-07  2.37176312e-05 
 3.49589455e-07  1.65404934e-05  3.49589455e-07  3.29999991e+00  3.49589455e-07  3.30000000e+00  3.49589455e-07 -2.37169414e-05 
 3.50089455e-07 -1.35154237e-05  3.50089455e-07  3.29999974e+00  3.50089455e-07  3.30000000e+00  3.50089455e-07  2.37156321e-05 
 3.50589455e-07  1.48942059e-05  3.50589455e-07  3.29999986e+00  3.50589455e-07  3.30000000e+00  3.50589455e-07 -2.37150256e-05 
 3.51089455e-07 -1.21979384e-05  3.51089455e-07  3.29999982e+00  3.51089455e-07  3.30000000e+00  3.51089455e-07  2.37138458e-05 
 3.51589455e-07  1.34256727e-05  3.51589455e-07  3.29999982e+00  3.51589455e-07  3.30000000e+00  3.51589455e-07 -2.37133085e-05 
 3.52089455e-07 -1.10253189e-05  3.52089455e-07  3.29999988e+00  3.52089455e-07  3.30000000e+00  3.52089455e-07  2.37122437e-05 
 3.52589455e-07  1.21111368e-05  3.52589455e-07  3.29999980e+00  3.52589455e-07  3.30000000e+00  3.52589455e-07 -2.37117689e-05 
 3.53089455e-07 -9.97981102e-06  3.53089455e-07  3.29999993e+00  3.53089455e-07  3.30000000e+00  3.53089455e-07  2.37108065e-05 
 3.53589455e-07  1.09324398e-05  3.53589455e-07  3.29999978e+00  3.53589455e-07  3.30000000e+00  3.53589455e-07 -2.37103871e-05 
 3.54089455e-07 -9.04531481e-06  3.54089455e-07  3.29999997e+00  3.54089455e-07  3.30000000e+00  3.54089455e-07  2.37095152e-05 
 3.54589455e-07  9.87301954e-06  3.54589455e-07  3.29999977e+00  3.54589455e-07  3.30000000e+00  3.54589455e-07 -2.37091448e-05 
 3.55089455e-07 -8.21041665e-06  3.55089455e-07  3.30000000e+00  3.55089455e-07  3.30000000e+00  3.55089455e-07  2.37083547e-05 
 3.55589455e-07  8.92032997e-06  3.55589455e-07  3.29999976e+00  3.55589455e-07  3.30000000e+00  3.55589455e-07 -2.37080275e-05 
 3.56089455e-07 -7.46292241e-06  3.56089455e-07  3.30000002e+00  3.56089455e-07  3.30000000e+00  3.56089455e-07  2.37073104e-05 
 3.56589455e-07  8.06270630e-06  3.56589455e-07  3.29999976e+00  3.56589455e-07  3.30000000e+00  3.56589455e-07 -2.37070214e-05 
 3.57089455e-07 -6.79285238e-06  3.57089455e-07  3.30000004e+00  3.57089455e-07  3.30000000e+00  3.57089455e-07  2.37063696e-05 
 3.57589455e-07  7.28970408e-06  3.57589455e-07  3.29999976e+00  3.57589455e-07  3.30000000e+00  3.57589455e-07 -2.37061144e-05 
 3.58089455e-07 -6.19150081e-06  3.58089455e-07  3.30000006e+00  3.58089455e-07  3.30000000e+00  3.58089455e-07  2.37055210e-05 
 3.58589455e-07  6.59227554e-06  3.58589455e-07  3.29999976e+00  3.58589455e-07  3.30000000e+00  3.58589455e-07 -2.37052957e-05 
 3.59089455e-07 -5.65123457e-06  3.59089455e-07  3.30000007e+00  3.59089455e-07  3.30000000e+00  3.59089455e-07  2.37047548e-05 
 3.59589455e-07  5.96242927e-06  3.59589455e-07  3.29999977e+00  3.59589455e-07  3.30000000e+00  3.59589455e-07 -2.37045560e-05 
 3.60089455e-07 -5.16532651e-06  3.60089455e-07  3.30000007e+00  3.60089455e-07  3.30000000e+00  3.60089455e-07  2.37040623e-05 
 3.60589455e-07  5.39308243e-06  3.60589455e-07  3.29999977e+00  3.60589455e-07  3.30000000e+00  3.60589455e-07 -2.37038871e-05 
 3.61089455e-07 -4.72784412e-06  3.61089455e-07  3.30000008e+00  3.61089455e-07  3.30000000e+00  3.61089455e-07  2.37034358e-05 
 3.61589455e-07  4.87795393e-06  3.61589455e-07  3.29999978e+00  3.61589455e-07  3.30000000e+00  3.61589455e-07 -2.37032816e-05 
 3.62089455e-07 -4.33355265e-06  3.62089455e-07  3.30000008e+00  3.62089455e-07  3.30000000e+00  3.62089455e-07  2.37028685e-05 
 3.62589455e-07  4.41146880e-06  3.62589455e-07  3.29999979e+00  3.62589455e-07  3.30000000e+00  3.62589455e-07 -2.37027331e-05 
 3.63089455e-07 -3.97782888e-06  3.63089455e-07  3.30000008e+00  3.63089455e-07  3.30000000e+00  3.63089455e-07  2.37023544e-05 
 3.63589455e-07  3.98867355e-06  3.63589455e-07  3.29999980e+00  3.63589455e-07  3.30000000e+00  3.63589455e-07 -2.37022357e-05 
 3.64089455e-07 -3.65658528e-06  3.64089455e-07  3.30000008e+00  3.64089455e-07  3.30000000e+00  3.64089455e-07  2.37018881e-05 
 3.64589455e-07  3.60516186e-06  3.64589455e-07  3.29999981e+00  3.64589455e-07  3.30000000e+00  3.64589455e-07 -2.37017844e-05 
 3.65089455e-07 -3.36620377e-06  3.65089455e-07  3.30000008e+00  3.65089455e-07  3.30000000e+00  3.65089455e-07  2.37014648e-05 
 3.65589455e-07  3.25700948e-06  3.65589455e-07  3.29999982e+00  3.65589455e-07  3.30000000e+00  3.65589455e-07 -2.37013744e-05 
 3.66089455e-07 -3.10347799e-06  3.66089455e-07  3.30000008e+00  3.66089455e-07  3.30000000e+00  3.66089455e-07  2.37010803e-05 
 3.66589455e-07  2.94071735e-06  3.66589455e-07  3.29999982e+00  3.66589455e-07  3.30000000e+00  3.66589455e-07 -2.37010019e-05 
 3.67089455e-07 -2.86556304e-06  3.67089455e-07  3.30000008e+00  3.67089455e-07  3.30000000e+00  3.67089455e-07  2.37007307e-05 
 3.67589455e-07  2.65316179e-06  3.67589455e-07  3.29999983e+00  3.67589455e-07  3.30000000e+00  3.67589455e-07 -2.37006630e-05 
 3.68089455e-07 -2.64993165e-06  3.68089455e-07  3.30000008e+00  3.68089455e-07  3.30000000e+00  3.68089455e-07  2.37004126e-05 
 3.68589455e-07  2.39155094e-06  3.68589455e-07  3.29999984e+00  3.68589455e-07  3.30000000e+00  3.68589455e-07 -2.37003546e-05 
 3.69089455e-07 -2.45433598e-06  3.69089455e-07  3.30000007e+00  3.69089455e-07  3.30000000e+00  3.69089455e-07  2.37001231e-05 
 3.69589455e-07  2.15338658e-06  3.69589455e-07  3.29999985e+00  3.69589455e-07  3.30000000e+00  3.69589455e-07 -2.37000737e-05 
 3.70089455e-07 -2.27677428e-06  3.70089455e-07  3.30000007e+00  3.70089455e-07  3.30000000e+00  3.70089455e-07  2.36998593e-05 
 3.70100000e-07 -4.77463778e-08  3.70100000e-07  3.29999997e+00  3.70100000e-07  3.30000000e+00  3.70100000e-07 -2.36967036e-05 
 3.70102602e-07 -5.14789129e-04  3.70102602e-07  3.29941851e+00  3.70102602e-07  3.21414217e+00  3.70102602e-07 -2.85838000e-04 
 3.70107805e-07 -1.65596137e-03  3.70107805e-07  3.29795971e+00  3.70107805e-07  3.04242650e+00  3.70107805e-07 -2.67102983e-04 
 3.70118212e-07 -6.92897336e-03  3.70118212e-07  3.29240940e+00  3.70118212e-07  2.69899517e+00  3.70118212e-07 -2.84990604e-04 
 3.70139026e-07 -3.29957272e-02  3.70139026e-07  3.26360975e+00  3.70139026e-07  2.01213251e+00  3.70139026e-07 -5.00603872e-04 
 3.70169731e-07 -3.25642713e-02  3.70169731e-07  3.24455706e+00  3.70169731e-07  9.98878445e-01  3.70169731e-07 -7.09671583e-04 
 3.70200000e-07  4.77628191e-02  3.70200000e-07  3.25899604e+00  3.70200000e-07  0.00000000e+00  3.70200000e-07 -1.22335784e-03 
 3.70203523e-07  6.68257901e-02  3.70203523e-07  3.26839688e+00  3.70203523e-07  0.00000000e+00  3.70203523e-07 -7.95411053e-04 
 3.70210569e-07  1.04609964e-01  3.70210569e-07  3.28586673e+00  3.70210569e-07  0.00000000e+00  3.70210569e-07 -7.81972370e-04 
 3.70224662e-07  1.77926465e-01  3.70224662e-07  3.31485410e+00  3.70224662e-07  0.00000000e+00  3.70224662e-07 -7.62578964e-04 
 3.70252847e-07  3.19564222e-01  3.70252847e-07  3.35507957e+00  3.70252847e-07  0.00000000e+00  3.70252847e-07 -7.26410983e-04 
 3.70309217e-07  6.11114175e-01  3.70309217e-07  3.39982815e+00  3.70309217e-07  0.00000000e+00  3.70309217e-07 -6.76883765e-04 
 3.70409204e-07  1.26886607e+00  3.70409204e-07  3.47078622e+00  3.70409204e-07  0.00000000e+00  3.70409204e-07 -4.89069262e-04 
 3.70502830e-07  1.91557660e+00  3.70502830e-07  3.51447038e+00  3.70502830e-07  0.00000000e+00  3.70502830e-07 -2.81932596e-04 
 3.70622680e-07  2.49374349e+00  3.70622680e-07  3.47309190e+00  3.70622680e-07  0.00000000e+00  3.70622680e-07 -1.34177711e-04 
 3.70732362e-07  2.81982451e+00  3.70732362e-07  3.42680681e+00  3.70732362e-07  0.00000000e+00  3.70732362e-07 -5.96243756e-05 
 3.70871866e-07  3.08494396e+00  3.70871866e-07  3.37032284e+00  3.70871866e-07  0.00000000e+00  3.70871866e-07 -2.69357184e-05 
 3.71035568e-07  3.22415562e+00  3.71035568e-07  3.33082077e+00  3.71035568e-07  0.00000000e+00  3.71035568e-07 -1.26224665e-05 
 3.71228644e-07  3.27941877e+00  3.71228644e-07  3.31049432e+00  3.71228644e-07  0.00000000e+00  3.71228644e-07 -7.85435129e-07 
 3.71557262e-07  3.29971608e+00  3.71557262e-07  3.30071034e+00  3.71557262e-07  0.00000000e+00  3.71557262e-07 -3.55126106e-06 
 3.72013316e-07  3.30001688e+00  3.72013316e-07  3.29987622e+00  3.72013316e-07  0.00000000e+00  3.72013316e-07  2.10732787e-06 
 3.72513316e-07  3.30000470e+00  3.72513316e-07  3.30003801e+00  3.72513316e-07  0.00000000e+00  3.72513316e-07 -3.12091431e-06 
 3.73013316e-07  3.29999906e+00  3.73013316e-07  3.29998733e+00  3.73013316e-07  0.00000000e+00  3.73013316e-07  2.44998117e-06 
 3.73513316e-07  3.30000161e+00  3.73513316e-07  3.30000781e+00  3.73513316e-07  0.00000000e+00  3.73513316e-07 -2.99651722e-06 
 3.74013316e-07  3.30000009e+00  3.74013316e-07  3.29999619e+00  3.74013316e-07  0.00000000e+00  3.74013316e-07  2.57697955e-06 
 3.74513316e-07  3.30000053e+00  3.74513316e-07  3.30000339e+00  3.74513316e-07  0.00000000e+00  3.74513316e-07 -2.94029975e-06 
 3.75013316e-07  3.30000016e+00  3.75013316e-07  3.29999828e+00  3.75013316e-07  0.00000000e+00  3.75013316e-07  2.64099134e-06 
 3.75513316e-07  3.30000025e+00  3.75513316e-07  3.30000170e+00  3.75513316e-07  0.00000000e+00  3.75513316e-07 -2.90831829e-06 
 3.76013316e-07  3.30000012e+00  3.76013316e-07  3.29999916e+00  3.76013316e-07  0.00000000e+00  3.76013316e-07  2.67747550e-06 
 3.76513316e-07  3.30000015e+00  3.76513316e-07  3.30000092e+00  3.76513316e-07  0.00000000e+00  3.76513316e-07 -2.88749387e-06 
 3.77013316e-07  3.30000008e+00  3.77013316e-07  3.29999960e+00  3.77013316e-07  0.00000000e+00  3.77013316e-07  2.70060578e-06 
 3.77513316e-07  3.30000010e+00  3.77513316e-07  3.30000051e+00  3.77513316e-07  0.00000000e+00  3.77513316e-07 -2.87271475e-06 
 3.78013316e-07  3.30000006e+00  3.78013316e-07  3.29999982e+00  3.78013316e-07  0.00000000e+00  3.78013316e-07  2.71630565e-06 
 3.78513316e-07  3.30000006e+00  3.78513316e-07  3.30000029e+00  3.78513316e-07  0.00000000e+00  3.78513316e-07 -2.86165912e-06 
 3.79013316e-07  3.30000004e+00  3.79013316e-07  3.29999993e+00  3.79013316e-07  0.00000000e+00  3.79013316e-07  2.72755385e-06 
 3.79513316e-07  3.30000004e+00  3.79513316e-07  3.30000017e+00  3.79513316e-07  0.00000000e+00  3.79513316e-07 -2.85309679e-06 
 3.80013316e-07  3.30000003e+00  3.80013316e-07  3.29999998e+00  3.80013316e-07  0.00000000e+00  3.80013316e-07  2.73597298e-06 
 3.80513316e-07  3.30000003e+00  3.80513316e-07  3.30000010e+00  3.80513316e-07  0.00000000e+00  3.80513316e-07 -2.84629648e-06 
 3.81013316e-07  3.30000002e+00  3.81013316e-07  3.30000000e+00  3.81013316e-07  0.00000000e+00  3.81013316e-07  2.74250180e-06 
 3.81513316e-07  3.30000002e+00  3.81513316e-07  3.30000007e+00  3.81513316e-07  0.00000000e+00  3.81513316e-07 -2.84078739e-06 
 3.82013316e-07  3.30000002e+00  3.82013316e-07  3.30000001e+00  3.82013316e-07  0.00000000e+00  3.82013316e-07  2.74771191e-06 
 3.82513316e-07  3.30000002e+00  3.82513316e-07  3.30000004e+00  3.82513316e-07  0.00000000e+00  3.82513316e-07 -2.83624976e-06 
 3.83013316e-07  3.30000001e+00  3.83013316e-07  3.30000001e+00  3.83013316e-07  0.00000000e+00  3.83013316e-07  2.75196731e-06 
 3.83513316e-07  3.30000001e+00  3.83513316e-07  3.30000003e+00  3.83513316e-07  0.00000000e+00  3.83513316e-07 -2.83245832e-06 
 3.84013316e-07  3.30000001e+00  3.84013316e-07  3.30000001e+00  3.84013316e-07  0.00000000e+00  3.84013316e-07  2.75550945e-06 
 3.84513316e-07  3.30000001e+00  3.84513316e-07  3.30000002e+00  3.84513316e-07  0.00000000e+00  3.84513316e-07 -2.82925015e-06 
 3.85013316e-07  3.30000001e+00  3.85013316e-07  3.30000001e+00  3.85013316e-07  0.00000000e+00  3.85013316e-07  2.75850430e-06 
 3.85513316e-07  3.30000000e+00  3.85513316e-07  3.30000001e+00  3.85513316e-07  0.00000000e+00  3.85513316e-07 -2.82650493e-06 
 3.86013316e-07  3.30000000e+00  3.86013316e-07  3.30000001e+00  3.86013316e-07  0.00000000e+00  3.86013316e-07  2.76106971e-06 
 3.86513316e-07  3.30000000e+00  3.86513316e-07  3.30000001e+00  3.86513316e-07  0.00000000e+00  3.86513316e-07 -2.82413220e-06 
 3.87013316e-07  3.30000000e+00  3.87013316e-07  3.30000001e+00  3.87013316e-07  0.00000000e+00  3.87013316e-07  2.76329159e-06 
 3.87513316e-07  3.30000000e+00  3.87513316e-07  3.30000001e+00  3.87513316e-07  0.00000000e+00  3.87513316e-07 -2.82206295e-06 
 3.88013316e-07  3.30000000e+00  3.88013316e-07  3.30000000e+00  3.88013316e-07  0.00000000e+00  3.88013316e-07  2.76523430e-06 
 3.88513316e-07  3.30000000e+00  3.88513316e-07  3.30000000e+00  3.88513316e-07  0.00000000e+00  3.88513316e-07 -2.82024380e-06 
 3.89013316e-07  3.30000000e+00  3.89013316e-07  3.30000000e+00  3.89013316e-07  0.00000000e+00  3.89013316e-07  2.76694697e-06 
 3.89513316e-07  3.30000000e+00  3.89513316e-07  3.30000000e+00  3.89513316e-07  0.00000000e+00  3.89513316e-07 -2.81863291e-06 
 3.90013316e-07  3.30000000e+00  3.90013316e-07  3.30000000e+00  3.90013316e-07  0.00000000e+00  3.90013316e-07  2.76846781e-06 
 3.90513316e-07  3.30000000e+00  3.90513316e-07  3.30000000e+00  3.90513316e-07  0.00000000e+00  3.90513316e-07 -2.81719712e-06 
 3.91013316e-07  3.30000000e+00  3.91013316e-07  3.30000000e+00  3.91013316e-07  0.00000000e+00  3.91013316e-07  2.76982700e-06 
 3.91513316e-07  3.30000000e+00  3.91513316e-07  3.30000000e+00  3.91513316e-07  0.00000000e+00  3.91513316e-07 -2.81590982e-06 
 3.92013316e-07  3.29999999e+00  3.92013316e-07  3.30000000e+00  3.92013316e-07  0.00000000e+00  3.92013316e-07  2.77104872e-06 
 3.92513316e-07  3.29999999e+00  3.92513316e-07  3.30000000e+00  3.92513316e-07  0.00000000e+00  3.92513316e-07 -2.81474947e-06 
 3.93013316e-07  3.29999999e+00  3.93013316e-07  3.30000000e+00  3.93013316e-07  0.00000000e+00  3.93013316e-07  2.77215257e-06 
 3.93513316e-07  3.29999999e+00  3.93513316e-07  3.30000000e+00  3.93513316e-07  0.00000000e+00  3.93513316e-07 -2.81369846e-06 
 3.94013316e-07  3.29999999e+00  3.94013316e-07  3.30000000e+00  3.94013316e-07  0.00000000e+00  3.94013316e-07  2.77315463e-06 
 3.94513316e-07  3.29999999e+00  3.94513316e-07  3.30000000e+00  3.94513316e-07  0.00000000e+00  3.94513316e-07 -2.81274223e-06 
 3.95013316e-07  3.29999999e+00  3.95013316e-07  3.30000000e+00  3.95013316e-07  0.00000000e+00  3.95013316e-07  2.77406817e-06 
 3.95513316e-07  3.29999999e+00  3.95513316e-07  3.30000000e+00  3.95513316e-07  0.00000000e+00  3.95513316e-07 -2.81186871e-06 
 3.96013316e-07  3.29999999e+00  3.96013316e-07  3.30000000e+00  3.96013316e-07  0.00000000e+00  3.96013316e-07  2.77490428e-06 
 3.96513316e-07  3.29999999e+00  3.96513316e-07  3.30000000e+00  3.96513316e-07  0.00000000e+00  3.96513316e-07 -2.81106774e-06 
 3.97013316e-07  3.29999999e+00  3.97013316e-07  3.29999999e+00  3.97013316e-07  0.00000000e+00  3.97013316e-07  2.77567227e-06 
 3.97513316e-07  3.29999999e+00  3.97513316e-07  3.29999999e+00  3.97513316e-07  0.00000000e+00  3.97513316e-07 -2.81033077e-06 
 3.98013316e-07  3.29999999e+00  3.98013316e-07  3.29999999e+00  3.98013316e-07  0.00000000e+00  3.98013316e-07  2.77638006e-06 
 3.98513316e-07  3.29999999e+00  3.98513316e-07  3.29999999e+00  3.98513316e-07  0.00000000e+00  3.98513316e-07 -2.80965051e-06 
 3.99013316e-07  3.29999999e+00  3.99013316e-07  3.29999999e+00  3.99013316e-07  0.00000000e+00  3.99013316e-07  2.77703435e-06 
 3.99513316e-07  3.29999999e+00  3.99513316e-07  3.29999999e+00  3.99513316e-07  0.00000000e+00  3.99513316e-07 -2.80902075e-06 
 4.00000000e-07  3.29999999e+00  4.00000000e-07  3.29999999e+00  4.00000000e-07  0.00000000e+00  4.00000000e-07  2.77763313e-06 
 4.00050000e-07  3.29999999e+00  4.00050000e-07  3.29999999e+00  4.00050000e-07  0.00000000e+00  4.00050000e-07 -1.55198707e-08 
 4.00150000e-07  3.29999999e+00  4.00150000e-07  3.29999999e+00  4.00150000e-07  0.00000000e+00  4.00150000e-07 -1.54616258e-08 
 4.00350000e-07  3.29999999e+00  4.00350000e-07  3.29999999e+00  4.00350000e-07  0.00000000e+00  4.00350000e-07 -1.53468097e-08 
 4.00750000e-07  3.29999999e+00  4.00750000e-07  3.29999999e+00  4.00750000e-07  0.00000000e+00  4.00750000e-07 -1.51218556e-08 
 4.01250000e-07  3.29999999e+00  4.01250000e-07  3.29999999e+00  4.01250000e-07  0.00000000e+00  4.01250000e-07 -1.48496739e-08 
 4.01750000e-07  3.29999999e+00  4.01750000e-07  3.29999999e+00  4.01750000e-07  0.00000000e+00  4.01750000e-07 -1.45867371e-08 
 4.02250000e-07  3.29999999e+00  4.02250000e-07  3.29999999e+00  4.02250000e-07  0.00000000e+00  4.02250000e-07 -1.43328193e-08 
 4.02750000e-07  3.29999999e+00  4.02750000e-07  3.29999999e+00  4.02750000e-07  0.00000000e+00  4.02750000e-07 -1.40872418e-08 
 4.03250000e-07  3.29999999e+00  4.03250000e-07  3.29999999e+00  4.03250000e-07  0.00000000e+00  4.03250000e-07 -1.38498325e-08 
 4.03750000e-07  3.29999999e+00  4.03750000e-07  3.29999999e+00  4.03750000e-07  0.00000000e+00  4.03750000e-07 -1.36199700e-08 
 4.04250000e-07  3.29999999e+00  4.04250000e-07  3.29999999e+00  4.04250000e-07  0.00000000e+00  4.04250000e-07 -1.33975295e-08 
 4.04750000e-07  3.29999999e+00  4.04750000e-07  3.29999999e+00  4.04750000e-07  0.00000000e+00  4.04750000e-07 -1.31819377e-08 
 4.05250000e-07  3.29999999e+00  4.05250000e-07  3.29999999e+00  4.05250000e-07  0.00000000e+00  4.05250000e-07 -1.29731109e-08 
 4.05750000e-07  3.29999999e+00  4.05750000e-07  3.29999999e+00  4.05750000e-07  0.00000000e+00  4.05750000e-07 -1.27705159e-08 
 4.06250000e-07  3.29999999e+00  4.06250000e-07  3.29999999e+00  4.06250000e-07  0.00000000e+00  4.06250000e-07 -1.25741049e-08 
 4.06750000e-07  3.29999999e+00  4.06750000e-07  3.29999999e+00  4.06750000e-07  0.00000000e+00  4.06750000e-07 -1.23833792e-08 
 4.07250000e-07  3.29999999e+00  4.07250000e-07  3.29999999e+00  4.07250000e-07  0.00000000e+00  4.07250000e-07 -1.21983220e-08 
 4.07750000e-07  3.29999999e+00  4.07750000e-07  3.29999999e+00  4.07750000e-07  0.00000000e+00  4.07750000e-07 -1.20184638e-08 
 4.08250000e-07  3.29999999e+00  4.08250000e-07  3.29999999e+00  4.08250000e-07  0.00000000e+00  4.08250000e-07 -1.18438149e-08 
 4.08750000e-07  3.29999999e+00  4.08750000e-07  3.29999999e+00  4.08750000e-07  0.00000000e+00  4.08750000e-07 -1.16739315e-08 
 4.09250000e-07  3.29999999e+00  4.09250000e-07  3.29999999e+00  4.09250000e-07  0.00000000e+00  4.09250000e-07 -1.15088472e-08 
 4.09750000e-07  3.29999999e+00  4.09750000e-07  3.29999999e+00  4.09750000e-07  0.00000000e+00  4.09750000e-07 -1.13481402e-08 
 4.10250000e-07  3.29999999e+00  4.10250000e-07  3.29999999e+00  4.10250000e-07  0.00000000e+00  4.10250000e-07 -1.11918648e-08 
 4.10750000e-07  3.29999999e+00  4.10750000e-07  3.29999999e+00  4.10750000e-07  0.00000000e+00  4.10750000e-07 -1.10396184e-08 
 4.11250000e-07  3.29999999e+00  4.11250000e-07  3.29999999e+00  4.11250000e-07  0.00000000e+00  4.11250000e-07 -1.08914731e-08 
 4.11750000e-07  3.29999999e+00  4.11750000e-07  3.29999999e+00  4.11750000e-07  0.00000000e+00  4.11750000e-07 -1.07470434e-08 
 4.12250000e-07  3.29999999e+00  4.12250000e-07  3.29999999e+00  4.12250000e-07  0.00000000e+00  4.12250000e-07 -1.06064173e-08 
 4.12750000e-07  3.29999999e+00  4.12750000e-07  3.29999999e+00  4.12750000e-07  0.00000000e+00  4.12750000e-07 -1.04692238e-08 
 4.13250000e-07  3.29999999e+00  4.13250000e-07  3.29999999e+00  4.13250000e-07  0.00000000e+00  4.13250000e-07 -1.03355649e-08 
 4.13750000e-07  3.29999999e+00  4.13750000e-07  3.29999999e+00  4.13750000e-07  0.00000000e+00  4.13750000e-07 -1.02050829e-08 
 4.14250000e-07  3.29999999e+00  4.14250000e-07  3.29999999e+00  4.14250000e-07  0.00000000e+00  4.14250000e-07 -1.00778918e-08 
 4.14750000e-07  3.29999999e+00  4.14750000e-07  3.29999999e+00  4.14750000e-07  0.00000000e+00  4.14750000e-07 -9.95364563e-09 
 4.15250000e-07  3.29999999e+00  4.15250000e-07  3.29999999e+00  4.15250000e-07  0.00000000e+00  4.15250000e-07 -9.83246930e-09 
 4.15750000e-07  3.29999999e+00  4.15750000e-07  3.29999999e+00  4.15750000e-07  0.00000000e+00  4.15750000e-07 -9.71402695e-09 
 4.16250000e-07  3.29999999e+00  4.16250000e-07  3.29999999e+00  4.16250000e-07  0.00000000e+00  4.16250000e-07 -9.59845329e-09 
 4.16750000e-07  3.29999999e+00  4.16750000e-07  3.29999999e+00  4.16750000e-07  0.00000000e+00  4.16750000e-07 -9.48542157e-09 
 4.17250000e-07  3.29999999e+00  4.17250000e-07  3.29999999e+00  4.17250000e-07  0.00000000e+00  4.17250000e-07 -9.37507512e-09 
 4.17750000e-07  3.29999999e+00  4.17750000e-07  3.29999999e+00  4.17750000e-07  0.00000000e+00  4.17750000e-07 -9.26709531e-09 
 4.18250000e-07  3.29999999e+00  4.18250000e-07  3.29999999e+00  4.18250000e-07  0.00000000e+00  4.18250000e-07 -9.16163318e-09 
 4.18750000e-07  3.29999999e+00  4.18750000e-07  3.29999999e+00  4.18750000e-07  0.00000000e+00  4.18750000e-07 -9.05837740e-09 
 4.19250000e-07  3.29999999e+00  4.19250000e-07  3.29999999e+00  4.19250000e-07  0.00000000e+00  4.19250000e-07 -8.95748588e-09 
 4.19750000e-07  3.29999999e+00  4.19750000e-07  3.29999999e+00  4.19750000e-07  0.00000000e+00  4.19750000e-07 -8.85865384e-09 
 4.20000000e-07  3.29999999e+00  4.20000000e-07  3.29999999e+00  4.20000000e-07  0.00000000e+00  4.20000000e-07 -8.81012448e-09 
 4.20010000e-07  3.32223459e+00  4.20010000e-07  3.32224658e+00  4.20010000e-07  3.30000000e-01  4.20010000e-07  4.12763548e-04 
 4.20030000e-07  3.36403219e+00  4.20030000e-07  3.36407547e+00  4.20030000e-07  9.90000000e-01  4.20030000e-07  4.61926836e-04 
 4.20070000e-07  3.44538054e+00  4.20070000e-07  3.44558309e+00  4.20070000e-07  2.31000000e+00  4.20070000e-07  4.59455793e-04 
 4.20100000e-07  3.48404709e+00  4.20100000e-07  3.48384829e+00  4.20100000e-07  3.30000000e+00  4.20100000e-07  2.92076516e-04 
 4.20104205e-07  3.48320269e+00  4.20104205e-07  3.48295168e+00  4.20104205e-07  3.30000000e+00  4.20104205e-07 -1.20364815e-05 
 4.20112614e-07  3.48066678e+00  4.20112614e-07  3.48026383e+00  4.20112614e-07  3.30000000e+00  4.20112614e-07 -3.89736014e-05 
 4.20129432e-07  3.47011063e+00  4.20129432e-07  3.46917903e+00  4.20129432e-07  3.30000000e+00  4.20129432e-07 -5.27301564e-05 
 4.20163069e-07  3.44123730e+00  4.20163069e-07  3.43943421e+00  4.20163069e-07  3.30000000e+00  4.20163069e-07 -7.10714867e-05 
 4.20214691e-07  3.27354521e+00  4.20214691e-07  3.27692818e+00  4.20214691e-07  3.30000000e+00  4.20214691e-07 -9.59462392e-05 
 4.20267377e-07  2.98500069e+00  4.20267377e-07  3.01202109e+00  4.20267377e-07  3.30000000e+00  4.20267377e-07 -1.27598024e-04 
 4.20336071e-07  2.58835953e+00  4.20336071e-07  2.62824469e+00  4.20336071e-07  3.30000000e+00  4.20336071e-07 -9.90511063e-05 
 4.20419814e-07  2.15879439e+00  4.20419814e-07  2.21884296e+00  4.20419814e-07  3.30000000e+00  4.20419814e-07 -1.72220203e-04 
 4.20550661e-07  1.69541852e+00  4.20550661e-07  1.88268804e+00  4.20550661e-07  3.30000000e+00  4.20550661e-07 -2.25704496e-04 
 4.20688581e-07  1.26482333e+00  4.20688581e-07  2.08038224e+00  4.20688581e-07  3.30000000e+00  4.20688581e-07 -3.25262598e-04 
 4.20837544e-07  7.86852750e-01  4.20837544e-07  2.67624531e+00  4.20837544e-07  3.30000000e+00  4.20837544e-07 -2.54278952e-04 
 4.20952556e-07  5.13054463e-01  4.20952556e-07  3.04679589e+00  4.20952556e-07  3.30000000e+00  4.20952556e-07 -1.84791699e-04 
 4.21082670e-07  2.75963566e-01  4.21082670e-07  3.21202266e+00  4.21082670e-07  3.30000000e+00  4.21082670e-07 -4.81074149e-05 
 4.21271587e-07  9.09087999e-02  4.21271587e-07  3.27620181e+00  4.21271587e-07  3.30000000e+00  4.21271587e-07 -4.63150242e-05 
 4.21493950e-07  2.06180942e-02  4.21493950e-07  3.29390822e+00  4.21493950e-07  3.30000000e+00  4.21493950e-07  1.83270494e-05 
 4.21809341e-07  7.26289586e-04  4.21809341e-07  3.29989332e+00  4.21809341e-07  3.30000000e+00  4.21809341e-07 -2.40898300e-05 
 4.22100362e-07  2.26041675e-04  4.22100362e-07  3.29991505e+00  4.22100362e-07  3.30000000e+00  4.22100362e-07  2.38931862e-05 
 4.22600362e-07 -1.66518926e-04  4.22600362e-07  3.30005006e+00  4.22600362e-07  3.30000000e+00  4.22600362e-07 -2.39261362e-05 
 4.23100362e-07  1.50445389e-04  4.23100362e-07  3.29996400e+00  4.23100362e-07  3.30000000e+00  4.23100362e-07  2.39419340e-05 
 4.23600362e-07 -1.43187714e-04  4.23600362e-07  3.30002858e+00  4.23600362e-07  3.30000000e+00  4.23600362e-07 -2.39526329e-05 
 4.24100362e-07  1.37511929e-04  4.24100362e-07  3.29997557e+00  4.24100362e-07  3.30000000e+00  4.24100362e-07  2.39609326e-05 
 4.24600362e-07 -1.32691463e-04  4.24600362e-07  3.30002169e+00  4.24600362e-07  3.30000000e+00  4.24600362e-07 -2.39682131e-05 
 4.25100362e-07  1.27779489e-04  4.25100362e-07  3.29998006e+00  4.25100362e-07  3.30000000e+00  4.25100362e-07  2.39746505e-05 
 4.25600362e-07 -1.23562234e-04  4.25600362e-07  3.30001855e+00  4.25600362e-07  3.30000000e+00  4.25600362e-07 -2.39807798e-05 
 4.26100362e-07  1.19052291e-04  4.26100362e-07  3.29998246e+00  4.26100362e-07  3.30000000e+00  4.26100362e-07  2.39864665e-05 
 4.26600362e-07 -1.15291305e-04  4.26600362e-07  3.30001658e+00  4.26600362e-07  3.30000000e+00  4.26600362e-07 -2.39920575e-05 
 4.27100362e-07  1.11093038e-04  4.27100362e-07  3.29998418e+00  4.27100362e-07  3.30000000e+00  4.27100362e-07  2.39973368e-05 
 4.27600362e-07 -1.07693377e-04  4.27600362e-07  3.30001502e+00  4.27600362e-07  3.30000000e+00  4.27600362e-07 -2.40025862e-05 
 4.28100362e-07  1.03734583e-04  4.28100362e-07  3.29998565e+00  4.28100362e-07  3.30000000e+00  4.28100362e-07  2.40075677e-05 
 4.28600362e-07 -1.00627662e-04  4.28600362e-07  3.30001362e+00  4.28600362e-07  3.30000000e+00  4.28600362e-07 -2.40125368e-05 
 4.29100362e-07  9.68605054e-05  4.29100362e-07  3.29998699e+00  4.29100362e-07  3.30000000e+00  4.29100362e-07  2.40172538e-05 
 4.29600362e-07 -9.40025486e-05  4.29600362e-07  3.30001235e+00  4.29600362e-07  3.30000000e+00  4.29600362e-07 -2.40219610e-05 
 4.30100362e-07  9.03991057e-05  4.30100362e-07  3.29998821e+00  4.30100362e-07  3.30000000e+00  4.30100362e-07  2.40264234e-05 
 4.30600362e-07 -8.77633090e-05  4.30600362e-07  3.30001118e+00  4.30600362e-07  3.30000000e+00  4.30600362e-07 -2.40308753e-05 
 4.31100362e-07  8.43082109e-05  4.31100362e-07  3.29998933e+00  4.31100362e-07  3.30000000e+00  4.31100362e-07  2.40350880e-05 
 4.31600362e-07 -8.18777158e-05  4.31600362e-07  3.30001011e+00  4.31600362e-07  3.30000000e+00  4.31600362e-07 -2.40392893e-05 
 4.32100362e-07  7.85624690e-05  4.32100362e-07  3.29999034e+00  4.32100362e-07  3.30000000e+00  4.32100362e-07  2.40432571e-05 
 4.32600362e-07 -7.63256889e-05  4.32600362e-07  3.30000915e+00  4.32600362e-07  3.30000000e+00  4.32600362e-07 -2.40472135e-05 
 4.33100362e-07  7.31451218e-05  4.33100362e-07  3.29999126e+00  4.33100362e-07  3.30000000e+00  4.33100362e-07  2.40509426e-05 
 4.33600362e-07 -7.10930146e-05  4.33600362e-07  3.30000828e+00  4.33600362e-07  3.30000000e+00  4.33600362e-07 -2.40546611e-05 
 4.34100362e-07  6.80432865e-05  4.34100362e-07  3.29999209e+00  4.34100362e-07  3.30000000e+00  4.34100362e-07  2.40581591e-05 
 4.34600362e-07 -6.61678934e-05  4.34600362e-07  3.30000750e+00  4.34600362e-07  3.30000000e+00  4.34600362e-07 -2.40616480e-05 
 4.35100362e-07  6.32454751e-05  4.35100362e-07  3.29999283e+00  4.35100362e-07  3.30000000e+00  4.35100362e-07  2.40649235e-05 
 4.35600362e-07 -6.15392037e-05  4.35600362e-07  3.30000679e+00  4.35600362e-07  3.30000000e+00  4.35600362e-07 -2.40681921e-05 
 4.36100362e-07  5.87404114e-05  4.36100362e-07  3.29999350e+00  4.36100362e-07  3.30000000e+00  4.36100362e-07  2.40712546e-05 
 4.36600362e-07 -5.71957253e-05  4.36600362e-07  3.30000616e+00  4.36600362e-07  3.30000000e+00  4.36600362e-07 -2.40743127e-05 
 4.37100362e-07  5.45165523e-05  4.37100362e-07  3.29999411e+00  4.37100362e-07  3.30000000e+00  4.37100362e-07  2.40771718e-05 
 4.37600362e-07 -5.31258717e-05  4.37600362e-07  3.30000559e+00  4.37600362e-07  3.30000000e+00  4.37600362e-07 -2.40800295e-05 
 4.38100362e-07  5.05619684e-05  4.38100362e-07  3.29999465e+00  4.38100362e-07  3.30000000e+00  4.38100362e-07  2.40826956e-05 
 4.38600362e-07 -4.93176730e-05  4.38600362e-07  3.30000507e+00  4.38600362e-07  3.30000000e+00  4.38600362e-07 -2.40853632e-05 
 4.39100362e-07  4.68643955e-05  4.39100362e-07  3.29999514e+00  4.39100362e-07  3.30000000e+00  4.39100362e-07  2.40878462e-05 
 4.39600362e-07 -4.57588695e-05  4.39600362e-07  3.30000461e+00  4.39600362e-07  3.30000000e+00  4.39600362e-07 -2.40903340e-05 
 4.40100362e-07  4.34113547e-05  4.40100362e-07  3.29999558e+00  4.40100362e-07  3.30000000e+00  4.40100362e-07  2.40926442e-05 
 4.40600362e-07 -4.24370463e-05  4.40600362e-07  3.30000419e+00  4.40600362e-07  3.30000000e+00  4.40600362e-07 -2.40949623e-05 
 4.41100362e-07  4.01902909e-05  4.41100362e-07  3.29999598e+00  4.41100362e-07  3.30000000e+00  4.41100362e-07  2.40971095e-05 
 4.41600362e-07 -3.93397708e-05  4.41600362e-07  3.30000381e+00  4.41600362e-07  3.30000000e+00  4.41600362e-07 -2.40992679e-05 
 4.42100362e-07  3.71887051e-05  4.42100362e-07  3.29999634e+00  4.42100362e-07  3.30000000e+00  4.42100362e-07  2.41012617e-05 
 4.42600362e-07 -3.64547174e-05  4.42600362e-07  3.30000347e+00  4.42600362e-07  3.30000000e+00  4.42600362e-07 -2.41032701e-05 
 4.43100362e-07  3.43942696e-05  4.43100362e-07  3.29999667e+00  4.43100362e-07  3.30000000e+00  4.43100362e-07  2.41051200e-05 
 4.43600362e-07 -3.37697738e-05  4.43600362e-07  3.30000316e+00  4.43600362e-07  3.30000000e+00  4.43600362e-07 -2.41069875e-05 
 4.44100362e-07  3.17949238e-05  4.44100362e-07  3.29999696e+00  4.44100362e-07  3.30000000e+00  4.44100362e-07  2.41087025e-05 
 4.44600362e-07 -3.12731268e-05  4.44600362e-07  3.30000288e+00  4.44600362e-07  3.30000000e+00  4.44600362e-07 -2.41104382e-05 
 4.45100362e-07  2.93789493e-05  4.45100362e-07  3.29999723e+00  4.45100362e-07  3.30000000e+00  4.45100362e-07  2.41120269e-05 
 4.45600362e-07 -2.89533295e-05  4.45600362e-07  3.30000263e+00  4.45600362e-07  3.30000000e+00  4.45600362e-07 -2.41136393e-05 
 4.46100362e-07  2.71350285e-05  4.46100362e-07  3.29999747e+00  4.46100362e-07  3.30000000e+00  4.46100362e-07  2.41151099e-05 
 4.46600362e-07 -2.67993514e-05  4.46600362e-07  3.30000240e+00  4.46600362e-07  3.30000000e+00  4.46600362e-07 -2.41166072e-05 
 4.47100362e-07  2.50522859e-05  4.47100362e-07  3.29999769e+00  4.47100362e-07  3.30000000e+00  4.47100362e-07  2.41179676e-05 
 4.47600362e-07 -2.48006142e-05  4.47600362e-07  3.30000219e+00  4.47600362e-07  3.30000000e+00  4.47600362e-07 -2.41193574e-05 
 4.48100362e-07  2.31203172e-05  4.48100362e-07  3.29999789e+00  4.48100362e-07  3.30000000e+00  4.48100362e-07  2.41206151e-05 
 4.48600362e-07 -2.29470151e-05  4.48600362e-07  3.30000200e+00  4.48600362e-07  3.30000000e+00  4.48600362e-07 -2.41219048e-05 
 4.49100362e-07  2.13292069e-05  4.49100362e-07  3.29999807e+00  4.49100362e-07  3.30000000e+00  4.49100362e-07  2.41230667e-05 
 4.49600362e-07 -2.12289400e-05  4.49600362e-07  3.30000183e+00  4.49600362e-07  3.30000000e+00  4.49600362e-07 -2.41242632e-05 
 4.50100362e-07  1.96695371e-05  4.50100362e-07  3.29999824e+00  4.50100362e-07  3.30000000e+00  4.50100362e-07  2.41253361e-05 
 4.50600362e-07 -1.96372693e-05  4.50600362e-07  3.30000167e+00  4.50600362e-07  3.30000000e+00  4.50600362e-07 -2.41264458e-05 
 4.51100362e-07  1.81323887e-05  4.51100362e-07  3.29999839e+00  4.51100362e-07  3.30000000e+00  4.51100362e-07  2.41274358e-05 
 4.51600362e-07 -1.81633763e-05  4.51600362e-07  3.30000153e+00  4.51600362e-07  3.30000000e+00  4.51600362e-07 -2.41284649e-05 
 4.52100362e-07  1.67093368e-05  4.52100362e-07  3.29999853e+00  4.52100362e-07  3.30000000e+00  4.52100362e-07  2.41293780e-05 
 4.52600362e-07 -1.67991204e-05  4.52600362e-07  3.30000140e+00  4.52600362e-07  3.30000000e+00  4.52600362e-07 -2.41303322e-05 
 4.53100362e-07  1.53924418e-05  4.53100362e-07  3.29999865e+00  4.53100362e-07  3.30000000e+00  4.53100362e-07  2.41311737e-05 
 4.53600362e-07 -1.55368368e-05  4.53600362e-07  3.30000128e+00  4.53600362e-07  3.30000000e+00  4.53600362e-07 -2.41320584e-05 
 4.54100362e-07  1.41742367e-05  4.54100362e-07  3.29999876e+00  4.54100362e-07  3.30000000e+00  4.54100362e-07  2.41328337e-05 
 4.54600362e-07 -1.43693228e-05  4.54600362e-07  3.30000117e+00  4.54600362e-07  3.30000000e+00  4.54600362e-07 -2.41336539e-05 
 4.55100362e-07  1.30477117e-05  4.55100362e-07  3.29999887e+00  4.55100362e-07  3.30000000e+00  4.55100362e-07  2.41343676e-05 
 4.55600362e-07 -1.32898215e-05  4.55600362e-07  3.30000107e+00  4.55600362e-07  3.30000000e+00  4.55600362e-07 -2.41351281e-05 
 4.56100362e-07  1.20062974e-05  4.56100362e-07  3.29999896e+00  4.56100362e-07  3.30000000e+00  4.56100362e-07  2.41357848e-05 
 4.56600362e-07 -1.22920043e-05  4.56600362e-07  3.30000098e+00  4.56600362e-07  3.30000000e+00  4.56600362e-07 -2.41364898e-05 
 4.57100362e-07  1.20413122e-05  4.57100362e-07  3.29999900e+00  4.57100362e-07  3.30000000e+00  4.57100362e-07  2.41371058e-05 
 4.57600362e-07 -9.57317039e-06  4.57600362e-07  3.30000073e+00  4.57600362e-07  3.30000000e+00  4.57600362e-07 -2.41378895e-05 
 4.58100362e-07  1.17298543e-05  4.58100362e-07  3.29999895e+00  4.58100362e-07  3.30000000e+00  4.58100362e-07  2.41381691e-05 
 4.58600362e-07 -8.99829285e-06  4.58600362e-07  3.30000067e+00  4.58600362e-07  3.30000000e+00  4.58600362e-07 -2.41390257e-05 
 4.59100362e-07  1.08077415e-05  4.59100362e-07  3.29999904e+00  4.59100362e-07  3.30000000e+00  4.59100362e-07  2.41393018e-05 
 4.59600362e-07 -8.33518618e-06  4.59600362e-07  3.30000060e+00  4.59600362e-07  3.30000000e+00  4.59600362e-07 -2.41400951e-05 
 4.60100362e-07  9.93056165e-06  4.60100362e-07  3.29999913e+00  4.60100362e-07  3.30000000e+00  4.60100362e-07  2.41403458e-05 
 4.60600362e-07 -7.71706671e-06  4.60600362e-07  3.30000055e+00  4.60600362e-07  3.30000000e+00  4.60600362e-07 -2.41410785e-05 
 4.61100362e-07  9.12011078e-06  4.61100362e-07  3.29999920e+00  4.61100362e-07  3.30000000e+00  4.61100362e-07  2.41413065e-05 
 4.61600362e-07 -7.14619520e-06  4.61600362e-07  3.30000050e+00  4.61600362e-07  3.30000000e+00  4.61600362e-07 -2.41419843e-05 
 4.62100362e-07  8.37257673e-06  4.62100362e-07  3.29999927e+00  4.62100362e-07  3.30000000e+00  4.62100362e-07  2.41421919e-05 
 4.62600362e-07 -6.61939045e-06  4.62600362e-07  3.30000046e+00  4.62600362e-07  3.30000000e+00  4.62600362e-07 -2.41428192e-05 
 4.63100362e-07  7.68322529e-06  4.63100362e-07  3.29999933e+00  4.63100362e-07  3.30000000e+00  4.63100362e-07  2.41430082e-05 
 4.63600362e-07 -6.13333776e-06  4.63600362e-07  3.30000042e+00  4.63600362e-07  3.30000000e+00  4.63600362e-07 -2.41435892e-05 
 4.64100362e-07  7.04757491e-06  4.64100362e-07  3.29999938e+00  4.64100362e-07  3.30000000e+00  4.64100362e-07  2.41437609e-05 
 4.64600362e-07 -5.68492512e-06  4.64600362e-07  3.30000039e+00  4.64600362e-07  3.30000000e+00  4.64600362e-07 -2.41442992e-05 
 4.65100362e-07  6.46147854e-06  4.65100362e-07  3.29999943e+00  4.65100362e-07  3.30000000e+00  4.65100362e-07  2.41444550e-05 
 4.65600362e-07 -5.27127416e-06  4.65600362e-07  3.30000036e+00  4.65600362e-07  3.30000000e+00  4.65600362e-07 -2.41449539e-05 
 4.66100362e-07  5.92111214e-06  4.66100362e-07  3.29999948e+00  4.66100362e-07  3.30000000e+00  4.66100362e-07  2.41450950e-05 
 4.66600362e-07 -4.88972871e-06  4.66600362e-07  3.30000033e+00  4.66600362e-07  3.30000000e+00  4.66600362e-07 -2.41455575e-05 
 4.67100362e-07  5.42294886e-06  4.67100362e-07  3.29999952e+00  4.67100362e-07  3.30000000e+00  4.67100362e-07  2.41456850e-05 
 4.67600362e-07 -4.53783617e-06  4.67600362e-07  3.30000030e+00  4.67600362e-07  3.30000000e+00  4.67600362e-07 -2.41461140e-05 
 4.68100362e-07  4.96373325e-06  4.68100362e-07  3.29999956e+00  4.68100362e-07  3.30000000e+00  4.68100362e-07  2.41462290e-05 
 4.68600362e-07 -4.21332975e-06  4.68600362e-07  3.30000027e+00  4.68600362e-07  3.30000000e+00  4.68600362e-07 -2.41466270e-05 
 4.69100362e-07  4.54045846e-06  4.69100362e-07  3.29999959e+00  4.69100362e-07  3.30000000e+00  4.69100362e-07  2.41467303e-05 
 4.69600362e-07 -3.91411301e-06  4.69600362e-07  3.30000025e+00  4.69600362e-07  3.30000000e+00  4.69600362e-07 -2.41470998e-05 
 4.70100000e-07  4.15048112e-06  4.70100000e-07  3.29999963e+00  4.70100000e-07  3.30000000e+00  4.70100000e-07  2.41471926e-05 
 4.70110000e-07 -3.04369291e-03  4.70110000e-07  3.29704800e+00  4.70110000e-07  2.97000000e+00  4.70110000e-07 -2.79975172e-04 
 4.70130000e-07 -2.19733825e-02  4.70130000e-07  3.27672769e+00  4.70130000e-07  2.31000000e+00  4.70130000e-07 -3.71639802e-04 
 4.70170000e-07 -2.90970172e-02  4.70170000e-07  3.24451108e+00  4.70170000e-07  9.90000000e-01  4.70170000e-07 -7.90356518e-04 
 4.70200000e-07  4.98906800e-02  4.70200000e-07  3.25896241e+00  4.70200000e-07  0.00000000e+00  4.70200000e-07 -1.14645837e-03 
 4.70203622e-07  6.95823734e-02  4.70203622e-07  3.26859861e+00  4.70203622e-07  0.00000000e+00  4.70203622e-07 -7.95061213e-04 
 4.70210867e-07  1.08512842e-01  4.70210867e-07  3.28647787e+00  4.70210867e-07  0.00000000e+00  4.70210867e-07 -7.81472159e-04 
 4.70225356e-07  1.83805043e-01  4.70225356e-07  3.31605341e+00  4.70225356e-07  0.00000000e+00  4.70225356e-07 -7.61739426e-04 
 4.70254335e-07  3.29326661e-01  4.70254335e-07  3.35668710e+00  4.70254335e-07  0.00000000e+00  4.70254335e-07 -7.24687046e-04 
 4.70312292e-07  6.31460958e-01  4.70312292e-07  3.40213093e+00  4.70312292e-07  0.00000000e+00  4.70312292e-07 -6.73070907e-04 
 4.70416489e-07  1.32282572e+00  4.70416489e-07  3.47559384e+00  4.70416489e-07  0.00000000e+00  4.70416489e-07 -4.72474825e-04 
 4.70514364e-07  1.98447142e+00  4.70514364e-07  3.51655224e+00  4.70514364e-07  0.00000000e+00  4.70514364e-07 -2.62785578e-04 
 4.70630986e-07  2.52596791e+00  4.70630986e-07  3.46768966e+00  4.70630986e-07  0.00000000e+00  4.70630986e-07 -1.24749848e-04 
 4.70744273e-07  2.85174200e+00  4.70744273e-07  3.42147858e+00  4.70744273e-07  0.00000000e+00  4.70744273e-07 -5.57762571e-05 
 4.70885333e-07  3.10343890e+00  4.70885333e-07  3.36525976e+00  4.70885333e-07  0.00000000e+00  4.70885333e-07 -2.39573233e-05 
 4.71066379e-07  3.23967684e+00  4.71066379e-07  3.32574091e+00  4.71066379e-07  0.00000000e+00  4.71066379e-07 -1.11377801e-05 
 4.71257535e-07  3.28336994e+00  4.71257535e-07  3.30873274e+00  4.71257535e-07  0.00000000e+00  4.71257535e-07  3.20371061e-07 
 4.71621626e-07  3.30063377e+00  4.71621626e-07  3.30012639e+00  4.71621626e-07  0.00000000e+00  4.71621626e-07 -4.03567800e-06 
 4.72083545e-07  3.29987476e+00  4.72083545e-07  3.29993922e+00  4.72083545e-07  0.00000000e+00  4.72083545e-07  2.77304941e-06 
 4.72583545e-07  3.30003360e+00  4.72583545e-07  3.30003185e+00  4.72583545e-07  0.00000000e+00  4.72583545e-07 -3.74611985e-06 
 4.73083545e-07  3.29999166e+00  4.73083545e-07  3.29998572e+00  4.73083545e-07  0.00000000e+00  4.73083545e-07  3.11497317e-06 
 4.73583545e-07  3.30000343e+00  4.73583545e-07  3.30000924e+00  4.73583545e-07  0.00000000e+00  4.73583545e-07 -3.64653667e-06 
 4.74083545e-07  3.29999936e+00  4.74083545e-07  3.29999497e+00  4.74083545e-07  0.00000000e+00  4.74083545e-07  3.24380607e-06 
 4.74583545e-07  3.30000088e+00  4.74583545e-07  3.30000408e+00  4.74583545e-07  0.00000000e+00  4.74583545e-07 -3.59966897e-06 
 4.75083545e-07  3.29999994e+00  4.75083545e-07  3.29999764e+00  4.75083545e-07  0.00000000e+00  4.75083545e-07  3.30890960e-06 
 4.75583545e-07  3.30000041e+00  4.75583545e-07  3.30000208e+00  4.75583545e-07  0.00000000e+00  4.75583545e-07 -3.57232147e-06 
 4.76083545e-07  3.30000001e+00  4.76083545e-07  3.29999887e+00  4.76083545e-07  0.00000000e+00  4.76083545e-07  3.34669397e-06 
 4.76583545e-07  3.30000023e+00  4.76583545e-07  3.30000108e+00  4.76583545e-07  0.00000000e+00  4.76583545e-07 -3.55365289e-06 
 4.77083545e-07  3.30000003e+00  4.77083545e-07  3.29999945e+00  4.77083545e-07  0.00000000e+00  4.77083545e-07  3.37014177e-06 
 4.77583545e-07  3.30000014e+00  4.77583545e-07  3.30000059e+00  4.77583545e-07  0.00000000e+00  4.77583545e-07 -3.54003389e-06 
 4.78083545e-07  3.30000003e+00  4.78083545e-07  3.29999974e+00  4.78083545e-07  0.00000000e+00  4.78083545e-07  3.38595628e-06 
 4.78583545e-07  3.30000009e+00  4.78583545e-07  3.30000033e+00  4.78583545e-07  0.00000000e+00  4.78583545e-07 -3.52963078e-06 
 4.79083545e-07  3.30000003e+00  4.79083545e-07  3.29999988e+00  4.79083545e-07  0.00000000e+00  4.79083545e-07  3.39721841e-06 
 4.79583545e-07  3.30000006e+00  4.79583545e-07  3.30000019e+00  4.79583545e-07  0.00000000e+00  4.79583545e-07 -3.52145050e-06 
 4.80083545e-07  3.30000003e+00  4.80083545e-07  3.29999995e+00  4.80083545e-07  0.00000000e+00  4.80083545e-07  3.40560672e-06 
 4.80583545e-07  3.30000004e+00  4.80583545e-07  3.30000011e+00  4.80583545e-07  0.00000000e+00  4.80583545e-07 -3.51488348e-06 
 4.81083545e-07  3.30000002e+00  4.81083545e-07  3.29999999e+00  4.81083545e-07  0.00000000e+00  4.81083545e-07  3.41208880e-06 
 4.81583545e-07  3.30000003e+00  4.81583545e-07  3.30000007e+00  4.81583545e-07  0.00000000e+00  4.81583545e-07 -3.50952341e-06 
 4.82083545e-07  3.30000002e+00  4.82083545e-07  3.30000000e+00  4.82083545e-07  0.00000000e+00  4.82083545e-07  3.41725005e-06 
 4.82583545e-07  3.30000002e+00  4.82583545e-07  3.30000004e+00  4.82583545e-07  0.00000000e+00  4.82583545e-07 -3.50508548e-06 
 4.83083545e-07  3.30000001e+00  4.83083545e-07  3.30000001e+00  4.83083545e-07  0.00000000e+00  4.83083545e-07  3.42146021e-06 
 4.83583545e-07  3.30000001e+00  4.83583545e-07  3.30000003e+00  4.83583545e-07  0.00000000e+00  4.83583545e-07 -3.50136382e-06 
 4.84083545e-07  3.30000001e+00  4.84083545e-07  3.30000001e+00  4.84083545e-07  0.00000000e+00  4.84083545e-07  3.42496272e-06 
 4.84583545e-07  3.30000001e+00  4.84583545e-07  3.30000002e+00  4.84583545e-07  0.00000000e+00  4.84583545e-07 -3.49820652e-06 
 4.85083545e-07  3.30000001e+00  4.85083545e-07  3.30000001e+00  4.85083545e-07  0.00000000e+00  4.85083545e-07  3.42792378e-06 
 4.85583545e-07  3.30000001e+00  4.85583545e-07  3.30000001e+00  4.85583545e-07  0.00000000e+00  4.85583545e-07 -3.49549974e-06 
 4.86083545e-07  3.30000000e+00  4.86083545e-07  3.30000001e+00  4.86083545e-07  0.00000000e+00  4.86083545e-07  3.43046066e-06 
 4.86583545e-07  3.30000000e+00  4.86583545e-07  3.30000001e+00  4.86583545e-07  0.00000000e+00  4.86583545e-07 -3.49315698e-06 
 4.87083545e-07  3.30000000e+00  4.87083545e-07  3.30000001e+00  4.87083545e-07  0.00000000e+00  4.87083545e-07  3.43265864e-06 
 4.87583545e-07  3.30000000e+00  4.87583545e-07  3.30000001e+00  4.87583545e-07  0.00000000e+00  4.87583545e-07 -3.49111168e-06 
 4.88083545e-07  3.30000000e+00  4.88083545e-07  3.30000000e+00  4.88083545e-07  0.00000000e+00  4.88083545e-07  3.43458123e-06 
 4.88583545e-07  3.30000000e+00  4.88583545e-07  3.30000000e+00  4.88583545e-07  0.00000000e+00  4.88583545e-07 -3.48931206e-06 
 4.89083545e-07  3.30000000e+00  4.89083545e-07  3.30000000e+00  4.89083545e-07  0.00000000e+00  4.89083545e-07  3.43627692e-06 
 4.89583545e-07  3.30000000e+00  4.89583545e-07  3.30000000e+00  4.89583545e-07  0.00000000e+00  4.89583545e-07 -3.48771735e-06 
 4.90083545e-07  3.30000000e+00  4.90083545e-07  3.30000000e+00  4.90083545e-07  0.00000000e+00  4.90083545e-07  3.43778335e-06 
 4.90583545e-07  3.30000000e+00  4.90583545e-07  3.30000000e+00  4.90583545e-07  0.00000000e+00  4.90583545e-07 -3.48629514e-06 
 4.91083545e-07  3.30000000e+00  4.91083545e-07  3.30000000e+00  4.91083545e-07  0.00000000e+00  4.91083545e-07  3.43913024e-06 
 4.91583545e-07  3.30000000e+00  4.91583545e-07  3.30000000e+00  4.91583545e-07  0.00000000e+00  4.91583545e-07 -3.48501938e-06 
 4.92083545e-07  3.30000000e+00  4.92083545e-07  3.30000000e+00  4.92083545e-07  0.00000000e+00  4.92083545e-07  3.44034139e-06 
 4.92583545e-07  3.30000000e+00  4.92583545e-07  3.30000000e+00  4.92583545e-07  0.00000000e+00  4.92583545e-07 -3.48386892e-06 
 4.93083545e-07  3.29999999e+00  4.93083545e-07  3.30000000e+00  4.93083545e-07  0.00000000e+00  4.93083545e-07  3.44143612e-06 
 4.93583545e-07  3.29999999e+00  4.93583545e-07  3.30000000e+00  4.93583545e-07  0.00000000e+00  4.93583545e-07 -3.48282645e-06 
 4.94083545e-07  3.29999999e+00  4.94083545e-07  3.30000000e+00  4.94083545e-07  0.00000000e+00  4.94083545e-07  3.44243023e-06 
 4.94583545e-07  3.29999999e+00  4.94583545e-07  3.30000000e+00  4.94583545e-07  0.00000000e+00  4.94583545e-07 -3.48187767e-06 
 4.95083545e-07  3.29999999e+00  4.95083545e-07  3.30000000e+00  4.95083545e-07  0.00000000e+00  4.95083545e-07  3.44333683e-06 
 4.95583545e-07  3.29999999e+00  4.95583545e-07  3.30000000e+00  4.95583545e-07  0.00000000e+00  4.95583545e-07 -3.48101066e-06 
 4.96083545e-07  3.29999999e+00  4.96083545e-07  3.29999999e+00  4.96083545e-07  0.00000000e+00  4.96083545e-07  3.44416684e-06 
 4.96583545e-07  3.29999999e+00  4.96583545e-07  3.29999999e+00  4.96583545e-07  0.00000000e+00  4.96583545e-07 -3.48021543e-06 
 4.97083545e-07  3.29999999e+00  4.97083545e-07  3.29999999e+00  4.97083545e-07  0.00000000e+00  4.97083545e-07  3.44492944e-06 
 4.97583545e-07  3.29999999e+00  4.97583545e-07  3.29999999e+00  4.97583545e-07  0.00000000e+00  4.97583545e-07 -3.47948354e-06 
 4.98083545e-07  3.29999999e+00  4.98083545e-07  3.29999999e+00  4.98083545e-07  0.00000000e+00  4.98083545e-07  3.44563244e-06 
 4.98583545e-07  3.29999999e+00  4.98583545e-07  3.29999999e+00  4.98583545e-07  0.00000000e+00  4.98583545e-07 -3.47880780e-06 
 4.99083545e-07  3.29999999e+00  4.99083545e-07  3.29999999e+00  4.99083545e-07  0.00000000e+00  4.99083545e-07  3.44628246e-06 
 4.99583545e-07  3.29999999e+00  4.99583545e-07  3.29999999e+00  4.99583545e-07  0.00000000e+00  4.99583545e-07 -3.47818208e-06 
 5.00000000e-07  3.29999999e+00  5.00000000e-07  3.29999999e+00  5.00000000e-07  0.00000000e+00  5.00000000e-07  3.44683651e-06 
 5.00050000e-07  3.29999999e+00  5.00050000e-07  3.29999999e+00  5.00050000e-07  0.00000000e+00  5.00050000e-07 -1.55202454e-08 
 5.00150000e-07  3.29999999e+00  5.00150000e-07  3.29999999e+00  5.00150000e-07  0.00000000e+00  5.00150000e-07 -1.54620589e-08 
 5.00350000e-07  3.29999999e+00  5.00350000e-07  3.29999999e+00  5.00350000e-07  0.00000000e+00  5.00350000e-07 -1.53473682e-08 
 5.00750000e-07  3.29999999e+00  5.00750000e-07  3.29999999e+00  5.00750000e-07  0.00000000e+00  5.00750000e-07 -1.51226556e-08 
 5.01250000e-07  3.29999999e+00  5.01250000e-07  3.29999999e+00  5.01250000e-07  0.00000000e+00  5.01250000e-07 -1.48507636e-08 
 5.01750000e-07  3.29999999e+00  5.01750000e-07  3.29999999e+00  5.01750000e-07  0.00000000e+00  5.01750000e-07 -1.45881023e-08 
 5.02250000e-07  3.29999999e+00  5.02250000e-07  3.29999999e+00  5.02250000e-07  0.00000000e+00  5.02250000e-07 -1.43344476e-08 
 5.02750000e-07  3.29999999e+00  5.02750000e-07  3.29999999e+00  5.02750000e-07  0.00000000e+00  5.02750000e-07 -1.40891210e-08 
 5.03250000e-07  3.29999999e+00  5.03250000e-07  3.29999999e+00  5.03250000e-07  0.00000000e+00  5.03250000e-07 -1.38519514e-08 
 5.03750000e-07  3.29999999e+00  5.03750000e-07  3.29999999e+00  5.03750000e-07  0.00000000e+00  5.03750000e-07 -1.36223180e-08 
 5.04250000e-07  3.29999999e+00  5.04250000e-07  3.29999999e+00  5.04250000e-07  0.00000000e+00  5.04250000e-07 -1.34000969e-08 
 5.04750000e-07  3.29999999e+00  5.04750000e-07  3.29999999e+00  5.04750000e-07  0.00000000e+00  5.04750000e-07 -1.31847148e-08 
 5.05250000e-07  3.29999999e+00  5.05250000e-07  3.29999999e+00  5.05250000e-07  0.00000000e+00  5.05250000e-07 -1.29760890e-08 
 5.05750000e-07  3.29999999e+00  5.05750000e-07  3.29999999e+00  5.05750000e-07  0.00000000e+00  5.05750000e-07 -1.27736866e-08 
 5.06250000e-07  3.29999999e+00  5.06250000e-07  3.29999999e+00  5.06250000e-07  0.00000000e+00  5.06250000e-07 -1.25774604e-08 
 5.06750000e-07  3.29999999e+00  5.06750000e-07  3.29999999e+00  5.06750000e-07  0.00000000e+00  5.06750000e-07 -1.23869120e-08 
 5.07250000e-07  3.29999999e+00  5.07250000e-07  3.29999999e+00  5.07250000e-07  0.00000000e+00  5.07250000e-07 -1.22020250e-08 
 5.07750000e-07  3.29999999e+00  5.07750000e-07  3.29999999e+00  5.07750000e-07  0.00000000e+00  5.07750000e-07 -1.20223304e-08 
 5.08250000e-07  3.29999999e+00  5.08250000e-07  3.29999999e+00  5.08250000e-07  0.00000000e+00  5.08250000e-07 -1.18478389e-08 
 5.08750000e-07  3.29999999e+00  5.08750000e-07  3.29999999e+00  5.08750000e-07  0.00000000e+00  5.08750000e-07 -1.16781067e-08 
 5.09250000e-07  3.29999999e+00  5.09250000e-07  3.29999999e+00  5.09250000e-07  0.00000000e+00  5.09250000e-07 -1.15131680e-08 
 5.09750000e-07  3.29999999e+00  5.09750000e-07  3.29999999e+00  5.09750000e-07  0.00000000e+00  5.09750000e-07 -1.13526012e-08 
 5.10250000e-07  3.29999999e+00  5.10250000e-07  3.29999999e+00  5.10250000e-07  0.00000000e+00  5.10250000e-07 -1.11964609e-08 
 5.10750000e-07  3.29999999e+00  5.10750000e-07  3.29999999e+00  5.10750000e-07  0.00000000e+00  5.10750000e-07 -1.10443446e-08 
 5.11250000e-07  3.29999999e+00  5.11250000e-07  3.29999999e+00  5.11250000e-07  0.00000000e+00  5.11250000e-07 -1.08963249e-08 
 5.11750000e-07  3.29999999e+00  5.11750000e-07  3.29999999e+00  5.11750000e-07  0.00000000e+00  5.11750000e-07 -1.07520163e-08 
 5.12250000e-07  3.29999999e+00  5.12250000e-07  3.29999999e+00  5.12250000e-07  0.00000000e+00  5.12250000e-07 -1.06115071e-08 
 5.12750000e-07  3.29999999e+00  5.12750000e-07  3.29999999e+00  5.12750000e-07  0.00000000e+00  5.12750000e-07 -1.04744265e-08 
 5.13250000e-07  3.29999999e+00  5.13250000e-07  3.29999999e+00  5.13250000e-07  0.00000000e+00  5.13250000e-07 -1.03408768e-08 
 5.13750000e-07  3.29999999e+00  5.13750000e-07  3.29999999e+00  5.13750000e-07  0.00000000e+00  5.13750000e-07 -1.02105001e-08 
 5.14250000e-07  3.29999999e+00  5.14250000e-07  3.29999999e+00  5.14250000e-07  0.00000000e+00  5.14250000e-07 -1.00834111e-08 
 5.14750000e-07  3.29999999e+00  5.14750000e-07  3.29999999e+00  5.14750000e-07  0.00000000e+00  5.14750000e-07 -9.95926340e-09 
 5.15250000e-07  3.29999999e+00  5.15250000e-07  3.29999999e+00  5.15250000e-07  0.00000000e+00  5.15250000e-07 -9.83818254e-09 
 5.15750000e-07  3.29999999e+00  5.15750000e-07  3.29999999e+00  5.15750000e-07  0.00000000e+00  5.15750000e-07 -9.71983251e-09 
 5.16250000e-07  3.29999999e+00  5.16250000e-07  3.29999999e+00  5.16250000e-07  0.00000000e+00  5.16250000e-07 -9.60434836e-09 
 5.16750000e-07  3.29999999e+00  5.16750000e-07  3.29999999e+00  5.16750000e-07  0.00000000e+00  5.16750000e-07 -9.49140325e-09 
 5.17250000e-07  3.29999999e+00  5.17250000e-07  3.29999999e+00  5.17250000e-07  0.00000000e+00  5.17250000e-07 -9.38114083e-09 
 5.17750000e-07  3.29999999e+00  5.17750000e-07  3.29999999e+00  5.17750000e-07  0.00000000e+00  5.17750000e-07 -9.27324239e-09 
 5.18250000e-07  3.29999999e+00  5.18250000e-07  3.29999999e+00  5.18250000e-07  0.00000000e+00  5.18250000e-07 -9.16785929e-09 
 5.18750000e-07  3.29999999e+00  5.18750000e-07  3.29999999e+00  5.18750000e-07  0.00000000e+00  5.18750000e-07 -9.06468006e-09 
 5.19250000e-07  3.29999999e+00  5.19250000e-07  3.29999999e+00  5.19250000e-07  0.00000000e+00  5.19250000e-07 -8.96386295e-09 
 5.19750000e-07  3.29999999e+00  5.19750000e-07  3.29999999e+00  5.19750000e-07  0.00000000e+00  5.19750000e-07 -8.86510302e-09 
 5.20000000e-07  3.29999999e+00  5.20000000e-07  3.29999999e+00  5.20000000e-07  0.00000000e+00  5.20000000e-07 -8.81660903e-09 
 5.20010000e-07  3.32223435e+00  5.20010000e-07  3.32224677e+00  5.20010000e-07  3.30000000e-01  5.20010000e-07  4.12763034e-04 
 5.20030000e-07  3.36403176e+00  5.20030000e-07  3.36407582e+00  5.20030000e-07  9.90000000e-01  5.20030000e-07  4.61926153e-04 
 5.20070000e-07  3.44539277e+00  5.20070000e-07  3.44557235e+00  5.20070000e-07  2.31000000e+00  5.20070000e-07  4.59469264e-04 
 5.20100000e-07  3.48402757e+00  5.20100000e-07  3.48386846e+00  5.20100000e-07  3.30000000e+00  5.20100000e-07  2.92025562e-04 
 5.20104205e-07  3.48317393e+00  5.20104205e-07  3.48298133e+00  5.20104205e-07  3.30000000e+00  5.20104205e-07 -1.20851537e-05 
 5.20112615e-07  3.48061085e+00  5.20112615e-07  3.48032117e+00  5.20112615e-07  3.30000000e+00  5.20112615e-07 -3.89821185e-05 
 5.20129436e-07  3.46995839e+00  5.20129436e-07  3.46932888e+00  5.20129436e-07  3.30000000e+00  5.20129436e-07 -5.27348191e-05 
 5.20163076e-07  3.44093156e+00  5.20163076e-07  3.43973283e+00  5.20163076e-07  3.30000000e+00  5.20163076e-07 -7.10700096e-05 
 5.20220509e-07  3.24608087e+00  5.20220509e-07  3.24919188e+00  5.20220509e-07  3.30000000e+00  5.20220509e-07 -1.00913765e-04 
 5.20272609e-07  2.95890824e+00  5.20272609e-07  2.97701531e+00  5.20272609e-07  3.30000000e+00  5.20272609e-07 -1.24296325e-04 
 5.20345815e-07  2.54201148e+00  5.20345815e-07  2.56870557e+00  5.20345815e-07  3.30000000e+00  5.20345815e-07 -1.02973381e-04 
 5.20431220e-07  2.11855118e+00  5.20431220e-07  2.15991356e+00  5.20431220e-07  3.30000000e+00  5.20431220e-07 -1.78421682e-04 
 5.20561117e-07  1.70484812e+00  5.20561117e-07  1.83454888e+00  5.20561117e-07  3.30000000e+00  5.20561117e-07 -2.33452293e-04 
 5.20707647e-07  1.31516392e+00  5.20707647e-07  1.99950269e+00  5.20707647e-07  3.30000000e+00  5.20707647e-07 -3.23062069e-04 
 5.20891947e-07  7.55919886e-01  5.20891947e-07  2.69663787e+00  5.20891947e-07  3.30000000e+00  5.20891947e-07 -2.55271452e-04 
 5.21020086e-07  4.63436203e-01  5.21020086e-07  3.08759797e+00  5.21020086e-07  3.30000000e+00  5.21020086e-07 -1.61875345e-04 
 5.21161393e-07  2.31558235e-01  5.21161393e-07  3.23208627e+00  5.21161393e-07  3.30000000e+00  5.21161393e-07 -3.77579535e-05 
 5.21361455e-07  6.73435951e-02  5.21361455e-07  3.28168566e+00  5.21361455e-07  3.30000000e+00  5.21361455e-07 -3.77867359e-05 
 5.21587416e-07  1.54021763e-02  5.21587416e-07  3.29577941e+00  5.21587416e-07  3.30000000e+00  5.21587416e-07  1.67896615e-05 
 5.21909687e-07 -2.22277571e-04  5.21909687e-07  3.29989789e+00  5.21909687e-07  3.30000000e+00  5.21909687e-07 -2.09042952e-05 
 5.22213539e-07  6.26621920e-04  5.22213539e-07  3.29998431e+00  5.22213539e-07  3.30000000e+00  5.22213539e-07  2.08548682e-05 
 5.22713539e-07 -5.70209477e-04  5.22713539e-07  3.30000796e+00  5.22713539e-07  3.30000000e+00  5.22713539e-07 -2.08984492e-05 
 5.23213539e-07  5.36743327e-04  5.23213539e-07  3.29999296e+00  5.23213539e-07  3.30000000e+00  5.23213539e-07  2.09338441e-05 
 5.23713539e-07 -5.05452224e-04  5.23713539e-07  3.30000745e+00  5.23713539e-07  3.30000000e+00  5.23713539e-07 -2.09661145e-05 
 5.24213539e-07  4.80477161e-04  5.24213539e-07  3.29999140e+00  5.24213539e-07  3.30000000e+00  5.24213539e-07  2.09958287e-05 
 5.24713539e-07 -4.54650253e-04  5.24713539e-07  3.30000945e+00  5.24713539e-07  3.30000000e+00  5.24713539e-07 -2.10240952e-05 
 5.25213539e-07  4.33315800e-04  5.25213539e-07  3.29998954e+00  5.25213539e-07  3.30000000e+00  5.25213539e-07  2.10505645e-05 
 5.25713539e-07 -4.11095768e-04  5.25713539e-07  3.30001100e+00  5.25713539e-07  3.30000000e+00  5.25713539e-07 -2.10759691e-05 
 5.26213539e-07  3.92401227e-04  5.26213539e-07  3.29998838e+00  5.26213539e-07  3.30000000e+00  5.26213539e-07  2.10998659e-05 
 5.26713539e-07 -3.72972754e-04  5.26713539e-07  3.30001183e+00  5.26713539e-07  3.30000000e+00  5.26713539e-07 -2.11228727e-05 
 5.27213539e-07  3.56339443e-04  5.27213539e-07  3.29998785e+00  5.27213539e-07  3.30000000e+00  5.27213539e-07  2.11445435e-05 
 5.27713539e-07 -3.39167016e-04  5.27713539e-07  3.30001211e+00  5.27713539e-07  3.30000000e+00  5.27713539e-07 -2.11654350e-05 
 5.28213539e-07  3.24211587e-04  5.28213539e-07  3.29998778e+00  5.28213539e-07  3.30000000e+00  5.28213539e-07  2.11851192e-05 
 5.28713539e-07 -3.08923059e-04  5.28713539e-07  3.30001204e+00  5.28713539e-07  3.30000000e+00  5.28713539e-07 -2.12041103e-05 
 5.29213539e-07  2.95380734e-04  5.29213539e-07  3.29998799e+00  5.29213539e-07  3.30000000e+00  5.29213539e-07  2.12220034e-05 
 5.29713539e-07 -2.81705437e-04  5.29713539e-07  3.30001174e+00  5.29713539e-07  3.30000000e+00  5.29713539e-07 -2.12392775e-05 
 5.30213539e-07  2.69383880e-04  5.30213539e-07  3.29998837e+00  5.30213539e-07  3.30000000e+00  5.30213539e-07  2.12555505e-05 
 5.30713539e-07 -2.57115082e-04  5.30713539e-07  3.30001131e+00  5.30713539e-07  3.30000000e+00  5.30713539e-07 -2.12712710e-05 
 5.31213539e-07  2.45866832e-04  5.31213539e-07  3.29998884e+00  5.31213539e-07  3.30000000e+00  5.31213539e-07  2.12860778e-05 
 5.31713539e-07 -2.34839396e-04  5.31713539e-07  3.30001082e+00  5.31713539e-07  3.30000000e+00  5.31713539e-07 -2.13003919e-05 
 5.32213539e-07  2.24545794e-04  5.32213539e-07  3.29998937e+00  5.32213539e-07  3.30000000e+00  5.32213539e-07  2.13138713e-05 
 5.32713539e-07 -2.14622976e-04  5.32713539e-07  3.30001029e+00  5.32713539e-07  3.30000000e+00  5.32713539e-07 -2.13269120e-05 
 5.33213539e-07  2.05184833e-04  5.33213539e-07  3.29998991e+00  5.33213539e-07  3.30000000e+00  5.33213539e-07  2.13391894e-05 
 5.33713539e-07 -1.96250360e-04  5.33713539e-07  3.30000974e+00  5.33713539e-07  3.30000000e+00  5.33713539e-07 -2.13510766e-05 
 5.34213539e-07  1.87582479e-04  5.34213539e-07  3.29999046e+00  5.34213539e-07  3.30000000e+00  5.34213539e-07  2.13622650e-05 
 5.34713539e-07 -1.79535653e-04  5.34713539e-07  3.30000920e+00  5.34713539e-07  3.30000000e+00  5.34713539e-07 -2.13731070e-05 
 5.35213539e-07  1.71563499e-04  5.35213539e-07  3.29999101e+00  5.35213539e-07  3.30000000e+00  5.35213539e-07  2.13833082e-05 
 5.35713539e-07 -1.64316023e-04  5.35713539e-07  3.30000866e+00  5.35713539e-07  3.30000000e+00  5.35713539e-07 -2.13932025e-05 
 5.36213539e-07  1.56973612e-04  5.36213539e-07  3.29999155e+00  5.36213539e-07  3.30000000e+00  5.36213539e-07  2.14025083e-05 
 5.36713539e-07 -1.50447425e-04  5.36713539e-07  3.30000813e+00  5.36713539e-07  3.30000000e+00  5.36713539e-07 -2.14115425e-05 
 5.37213539e-07  1.43675895e-04  5.37213539e-07  3.29999207e+00  5.37213539e-07  3.30000000e+00  5.37213539e-07  2.14200357e-05 
 5.37713539e-07 -1.37801595e-04  5.37713539e-07  3.30000763e+00  5.37713539e-07  3.30000000e+00  5.37713539e-07 -2.14282890e-05 
 5.38213539e-07  1.31548183e-04  5.38213539e-07  3.29999257e+00  5.38213539e-07  3.30000000e+00  5.38213539e-07  2.14360439e-05 
 5.38713539e-07 -1.26263823e-04  5.38713539e-07  3.30000714e+00  5.38713539e-07  3.30000000e+00  5.38713539e-07 -2.14435877e-05 
 5.39213539e-07  1.20481078e-04  5.39213539e-07  3.29999304e+00  5.39213539e-07  3.30000000e+00  5.39213539e-07  2.14506716e-05 
 5.39713539e-07 -1.15731212e-04  5.39713539e-07  3.30000668e+00  5.39713539e-07  3.30000000e+00  5.39713539e-07 -2.14575702e-05 
 5.40213539e-07  1.10376366e-04  5.40213539e-07  3.29999350e+00  5.40213539e-07  3.30000000e+00  5.40213539e-07  2.14640439e-05 
 5.40713539e-07 -1.06111252e-04  5.40713539e-07  3.30000624e+00  5.40713539e-07  3.30000000e+00  5.40713539e-07 -2.14703554e-05 
 5.41213539e-07  1.01145697e-04  5.41213539e-07  3.29999394e+00  5.41213539e-07  3.30000000e+00  5.41213539e-07  2.14762735e-05 
 5.41713539e-07 -9.73206329e-05  5.41713539e-07  3.30000582e+00  5.41713539e-07  3.30000000e+00  5.41713539e-07 -2.14820506e-05 
 5.42213539e-07  9.27094705e-05  5.42213539e-07  3.29999435e+00  5.42213539e-07  3.30000000e+00  5.42213539e-07  2.14874628e-05 
 5.42713539e-07 -8.92842209e-05  5.42713539e-07  3.30000542e+00  5.42713539e-07  3.30000000e+00  5.42713539e-07 -2.14927529e-05 
 5.43213539e-07  8.49958757e-05  5.43213539e-07  3.29999473e+00  5.43213539e-07  3.30000000e+00  5.43213539e-07  2.14977041e-05 
 5.43713539e-07 -8.19341756e-05  5.43713539e-07  3.30000505e+00  5.43713539e-07  3.30000000e+00  5.43713539e-07 -2.15025503e-05 
 5.44213539e-07  7.79400515e-05  5.44213539e-07  3.29999510e+00  5.44213539e-07  3.30000000e+00  5.44213539e-07  2.15070811e-05 
 5.44713539e-07 -7.52091751e-05  5.44713539e-07  3.30000469e+00  5.44713539e-07  3.30000000e+00  5.44713539e-07 -2.15115224e-05 
 5.45213539e-07  7.14833532e-05  5.45213539e-07  3.29999544e+00  5.45213539e-07  3.30000000e+00  5.45213539e-07  2.15156696e-05 
 5.45713539e-07 -6.90537345e-05  5.45713539e-07  3.30000436e+00  5.45713539e-07  3.30000000e+00  5.45713539e-07 -2.15197414e-05 
 5.46213539e-07  6.55727045e-05  5.46213539e-07  3.29999577e+00  5.46213539e-07  3.30000000e+00  5.46213539e-07  2.15235385e-05 
 5.46713539e-07 -6.34176035e-05  5.46713539e-07  3.30000405e+00  5.46713539e-07  3.30000000e+00  5.46713539e-07 -2.15272729e-05 
 5.47213539e-07  6.01600247e-05  5.47213539e-07  3.29999607e+00  5.47213539e-07  3.30000000e+00  5.47213539e-07  2.15307502e-05 
 5.47713539e-07 -5.82552327e-05  5.47713539e-07  3.30000376e+00  5.47713539e-07  3.30000000e+00  5.47713539e-07 -2.15341763e-05 
 5.48213539e-07  5.52017201e-05  5.48213539e-07  3.29999635e+00  5.48213539e-07  3.30000000e+00  5.48213539e-07  2.15373615e-05 
 5.48713539e-07 -5.35252993e-05  5.48713539e-07  3.30000349e+00  5.48713539e-07  3.30000000e+00  5.48713539e-07 -2.15405059e-05 
 5.49213539e-07  5.06582331e-05  5.49213539e-07  3.29999662e+00  5.49213539e-07  3.30000000e+00  5.49213539e-07  2.15434240e-05 
 5.49713539e-07 -4.91902853e-05  5.49713539e-07  3.30000323e+00  5.49713539e-07  3.30000000e+00  5.49713539e-07 -2.15463108e-05 
 5.50213539e-07  4.64936392e-05  5.50213539e-07  3.29999687e+00  5.50213539e-07  3.30000000e+00  5.50213539e-07  2.15489846e-05 
 5.50713539e-07 -4.52161009e-05  5.50713539e-07  3.30000299e+00  5.50713539e-07  3.30000000e+00  5.50713539e-07 -2.15516358e-05 
 5.51213539e-07  4.26752897e-05  5.51213539e-07  3.29999710e+00  5.51213539e-07  3.30000000e+00  5.51213539e-07  2.15540861e-05 
 5.51713539e-07 -4.15717491e-05  5.51713539e-07  3.30000277e+00  5.51713539e-07  3.30000000e+00  5.51713539e-07 -2.15565217e-05 
 5.52213539e-07  3.91734907e-05  5.52213539e-07  3.29999731e+00  5.52213539e-07  3.30000000e+00  5.52213539e-07  2.15587674e-05 
 5.52713539e-07 -3.82290254e-05  5.52713539e-07  3.30000257e+00  5.52713539e-07  3.30000000e+00  5.52713539e-07 -2.15610057e-05 
 5.53213539e-07  3.59612178e-05  5.53213539e-07  3.29999751e+00  5.53213539e-07  3.30000000e+00  5.53213539e-07  2.15630641e-05 
 5.53713539e-07 -3.51622494e-05  5.53713539e-07  3.30000237e+00  5.53713539e-07  3.30000000e+00  5.53713539e-07 -2.15651216e-05 
 5.54213539e-07  3.30138596e-05  5.54213539e-07  3.29999770e+00  5.54213539e-07  3.30000000e+00  5.54213539e-07  2.15670085e-05 
 5.54713539e-07 -3.23480242e-05  5.54713539e-07  3.30000220e+00  5.54713539e-07  3.30000000e+00  5.54713539e-07 -2.15689004e-05 
 5.55213539e-07  3.03089883e-05  5.55213539e-07  3.29999787e+00  5.55213539e-07  3.30000000e+00  5.55213539e-07  2.15706301e-05 
 5.55713539e-07 -2.97650203e-05  5.55713539e-07  3.30000203e+00  5.55713539e-07  3.30000000e+00  5.55713539e-07 -2.15723703e-05 
 5.56213539e-07  2.78261542e-05  5.56213539e-07  3.29999803e+00  5.56213539e-07  3.30000000e+00  5.56213539e-07  2.15739560e-05 
 5.56713539e-07 -2.73937822e-05  5.56713539e-07  3.30000188e+00  5.56713539e-07  3.30000000e+00  5.56713539e-07 -2.15755571e-05 
 5.57213539e-07  2.55467003e-05  5.57213539e-07  3.29999818e+00  5.57213539e-07  3.30000000e+00  5.57213539e-07  2.15770108e-05 
 5.57713539e-07 -2.52165540e-05  5.57713539e-07  3.30000173e+00  5.57713539e-07  3.30000000e+00  5.57713539e-07 -2.15784843e-05 
 5.58213539e-07  2.34535962e-05  5.58213539e-07  3.29999832e+00  5.58213539e-07  3.30000000e+00  5.58213539e-07  2.15798170e-05 
 5.58713539e-07 -2.32171224e-05  5.58713539e-07  3.30000160e+00  5.58713539e-07  3.30000000e+00  5.58713539e-07 -2.15811735e-05 
 5.59213539e-07  2.15312884e-05  5.59213539e-07  3.29999845e+00  5.59213539e-07  3.30000000e+00  5.59213539e-07  2.15823951e-05 
 5.59713539e-07 -2.13806757e-05  5.59713539e-07  3.30000148e+00  5.59713539e-07  3.30000000e+00  5.59713539e-07 -2.15836444e-05 
 5.60213539e-07  1.97655654e-05  5.60213539e-07  3.29999856e+00  5.60213539e-07  3.30000000e+00  5.60213539e-07  2.15847642e-05 
 5.60713539e-07 -1.96936764e-05  5.60713539e-07  3.30000137e+00  5.60713539e-07  3.30000000e+00  5.60713539e-07 -2.15859150e-05 
 5.61213539e-07  1.81434361e-05  5.61213539e-07  3.29999867e+00  5.61213539e-07  3.30000000e+00  5.61213539e-07  2.15869413e-05 
 5.61713539e-07 -1.81437459e-05  5.61713539e-07  3.30000126e+00  5.61713539e-07  3.30000000e+00  5.61713539e-07 -2.15880018e-05 
 5.62213539e-07  1.66530196e-05  5.62213539e-07  3.29999878e+00  5.62213539e-07  3.30000000e+00  5.62213539e-07  2.15889423e-05 
 5.62713539e-07 -1.67195609e-05  5.62713539e-07  3.30000116e+00  5.62713539e-07  3.30000000e+00  5.62713539e-07 -2.15899199e-05 
 5.63213539e-07  1.52834464e-05  5.63213539e-07  3.29999887e+00  5.63213539e-07  3.30000000e+00  5.63213539e-07  2.15907815e-05 
 5.63713539e-07 -1.54107592e-05  5.63713539e-07  3.30000107e+00  5.63713539e-07  3.30000000e+00  5.63713539e-07 -2.15916831e-05 
 5.64213539e-07  1.40247680e-05  5.64213539e-07  3.29999896e+00  5.64213539e-07  3.30000000e+00  5.64213539e-07  2.15924724e-05 
 5.64713539e-07 -1.42078549e-05  5.64713539e-07  3.30000099e+00  5.64713539e-07  3.30000000e+00  5.64713539e-07 -2.15933040e-05 
 5.65213539e-07  1.28678758e-05  5.65213539e-07  3.29999904e+00  5.65213539e-07  3.30000000e+00  5.65213539e-07  2.15940269e-05 
 5.65713539e-07 -1.31021609e-05  5.65713539e-07  3.30000091e+00  5.65713539e-07  3.30000000e+00  5.65713539e-07 -2.15947943e-05 
 5.66213539e-07  1.18044272e-05  5.66213539e-07  3.29999911e+00  5.66213539e-07  3.30000000e+00  5.66213539e-07  2.15954563e-05 
 5.66713539e-07 -1.11088136e-05  5.66713539e-07  3.30000080e+00  5.66713539e-07  3.30000000e+00  5.66713539e-07 -2.15961549e-05 
 5.67213539e-07  1.26096179e-05  5.67213539e-07  3.29999901e+00  5.67213539e-07  3.30000000e+00  5.67213539e-07  2.15966300e-05 
 5.67713539e-07 -9.62395584e-06  5.67713539e-07  3.30000059e+00  5.67713539e-07  3.30000000e+00  5.67713539e-07 -2.15975646e-05 
 5.68213539e-07  1.14447000e-05  5.68213539e-07  3.29999910e+00  5.68213539e-07  3.30000000e+00  5.68213539e-07  2.15978734e-05 
 5.68713539e-07 -8.85687674e-06  5.68713539e-07  3.30000055e+00  5.68713539e-07  3.30000000e+00  5.68713539e-07 -2.15987136e-05 
 5.69213539e-07  1.04899107e-05  5.69213539e-07  3.29999917e+00  5.69213539e-07  3.30000000e+00  5.69213539e-07  2.15989918e-05 
 5.69713539e-07 -8.17683543e-06  5.69713539e-07  3.30000051e+00  5.69713539e-07  3.30000000e+00  5.69713539e-07 -2.15997678e-05 
 5.70100000e-07  9.70609863e-06  5.70100000e-07  3.29999923e+00  5.70100000e-07  3.30000000e+00  5.70100000e-07  2.16001694e-05 
 5.70110000e-07 -3.03848576e-03  5.70110000e-07  3.29704932e+00  5.70110000e-07  2.97000000e+00  5.70110000e-07 -2.79972068e-04 
 5.70130000e-07 -2.19630831e-02  5.70130000e-07  3.27673159e+00  5.70130000e-07  2.31000000e+00  5.70130000e-07 -3.71630651e-04 
 5.70170000e-07 -2.90635809e-02  5.70170000e-07  3.24452011e+00  5.70170000e-07  9.90000000e-01  5.70170000e-07 -7.90339871e-04 
 5.70200000e-07  4.99507176e-02  5.70200000e-07  3.25897721e+00  5.70200000e-07  1.28119737e-12  5.70200000e-07 -1.14643023e-03 
 5.70203622e-07  6.96460922e-02  5.70203622e-07  3.26861406e+00  5.70203622e-07  0.00000000e+00  5.70203622e-07 -7.95029432e-04 
 5.70210866e-07  1.08584935e-01  5.70210866e-07  3.28649500e+00  5.70210866e-07  0.00000000e+00  5.70210866e-07 -7.81435626e-04 
 5.70225355e-07  1.83899169e-01  5.70225355e-07  3.31607642e+00  5.70225355e-07  0.00000000e+00  5.70225355e-07 -7.61697735e-04 
 5.70254332e-07  3.29483510e-01  5.70254332e-07  3.35672413e+00  5.70254332e-07  0.00000000e+00  5.70254332e-07 -7.24617570e-04 
 5.70312285e-07  6.31912117e-01  5.70312285e-07  3.40224727e+00  5.70312285e-07  0.00000000e+00  5.70312285e-07 -6.72981523e-04 
 5.70428193e-07  1.40287332e+00  5.70428193e-07  3.48269637e+00  5.70428193e-07  0.00000000e+00  5.70428193e-07 -4.49524078e-04 
 5.70532730e-07  2.07557697e+00  5.70532730e-07  3.51468556e+00  5.70532730e-07  0.00000000e+00  5.70532730e-07 -2.33715973e-04 
 5.70647524e-07  2.56692374e+00  5.70647524e-07  3.45802432e+00  5.70647524e-07  0.00000000e+00  5.70647524e-07 -1.04878197e-04 
 5.70771052e-07  2.90412504e+00  5.70771052e-07  3.40977351e+00  5.70771052e-07  0.00000000e+00  5.70771052e-07 -5.09093068e-05 
 5.70903595e-07  3.11941383e+00  5.70903595e-07  3.35994323e+00  5.70903595e-07  0.00000000e+00  5.70903595e-07 -2.04843716e-05 
 5.71099200e-07  3.25115948e+00  5.71099200e-07  3.32160790e+00  5.71099200e-07  0.00000000e+00  5.71099200e-07 -1.07006743e-05 
 5.71293628e-07  3.28692421e+00  5.71293628e-07  3.30709344e+00  5.71293628e-07  0.00000000e+00  5.71293628e-07  1.83611345e-06 
 5.71682484e-07  3.30093087e+00  5.71682484e-07  3.29985074e+00  5.71682484e-07  0.00000000e+00  5.71682484e-07 -4.97456928e-06 
 5.72159021e-07  3.29981390e+00  5.72159021e-07  3.29998035e+00  5.72159021e-07  0.00000000e+00  5.72159021e-07  3.82935078e-06 
 5.72659021e-07  3.30004563e+00  5.72659021e-07  3.30002404e+00  5.72659021e-07  0.00000000e+00  5.72659021e-07 -4.73925300e-06 
 5.73159021e-07  3.29998870e+00  5.73159021e-07  3.29998828e+00  5.73159021e-07  0.00000000e+00  5.73159021e-07  4.14168912e-06 
 5.73659021e-07  3.30000422e+00  5.73659021e-07  3.30000796e+00  5.73659021e-07  0.00000000e+00  5.73659021e-07 -4.64938346e-06 
 5.74159021e-07  3.29999898e+00  5.74159021e-07  3.29999570e+00  5.74159021e-07  0.00000000e+00  5.74159021e-07  4.26101006e-06 
 5.74659021e-07  3.30000109e+00  5.74659021e-07  3.30000350e+00  5.74659021e-07  0.00000000e+00  5.74659021e-07 -4.60496975e-06 
 5.75159021e-07  3.29999980e+00  5.75159021e-07  3.29999801e+00  5.75159021e-07  0.00000000e+00  5.75159021e-07  4.32201553e-06 
 5.75659021e-07  3.30000052e+00  5.75659021e-07  3.30000177e+00  5.75659021e-07  0.00000000e+00  5.75659021e-07 -4.57852768e-06 
 5.76159021e-07  3.29999994e+00  5.76159021e-07  3.29999906e+00  5.76159021e-07  0.00000000e+00  5.76159021e-07  4.35776927e-06 
 5.76659021e-07  3.30000029e+00  5.76659021e-07  3.30000092e+00  5.76659021e-07  0.00000000e+00  5.76659021e-07 -4.56034294e-06 
 5.77159021e-07  3.30000000e+00  5.77159021e-07  3.29999955e+00  5.77159021e-07  0.00000000e+00  5.77159021e-07  4.38015638e-06 
 5.77659021e-07  3.30000017e+00  5.77659021e-07  3.30000050e+00  5.77659021e-07  0.00000000e+00  5.77659021e-07 -4.54703082e-06 
 5.78159021e-07  3.30000002e+00  5.78159021e-07  3.29999979e+00  5.78159021e-07  0.00000000e+00  5.78159021e-07  4.39536021e-06 
 5.78659021e-07  3.30000010e+00  5.78659021e-07  3.30000028e+00  5.78659021e-07  0.00000000e+00  5.78659021e-07 -4.53684582e-06 
 5.79159021e-07  3.30000002e+00  5.79159021e-07  3.29999991e+00  5.79159021e-07  0.00000000e+00  5.79159021e-07  4.40625026e-06 
 5.79659021e-07  3.30000007e+00  5.79659021e-07  3.30000016e+00  5.79659021e-07  0.00000000e+00  5.79659021e-07 -4.52882889e-06 
 5.80159021e-07  3.30000002e+00  5.80159021e-07  3.29999996e+00  5.80159021e-07  0.00000000e+00  5.80159021e-07  4.41440000e-06 
 5.80659021e-07  3.30000004e+00  5.80659021e-07  3.30000010e+00  5.80659021e-07  0.00000000e+00  5.80659021e-07 -4.52238727e-06 
 5.81159021e-07  3.30000002e+00  5.81159021e-07  3.29999999e+00  5.81159021e-07  0.00000000e+00  5.81159021e-07  4.42072181e-06 
 5.81659021e-07  3.30000003e+00  5.81659021e-07  3.30000006e+00  5.81659021e-07  0.00000000e+00  5.81659021e-07 -4.51712477e-06 
 5.82159021e-07  3.30000002e+00  5.82159021e-07  3.30000000e+00  5.82159021e-07  0.00000000e+00  5.82159021e-07  4.42577066e-06 
 5.82659021e-07  3.30000002e+00  5.82659021e-07  3.30000004e+00  5.82659021e-07  0.00000000e+00  5.82659021e-07 -4.51276355e-06 
 5.83159021e-07  3.30000001e+00  5.83159021e-07  3.30000001e+00  5.83159021e-07  0.00000000e+00  5.83159021e-07  4.42989914e-06 
 5.83659021e-07  3.30000002e+00  5.83659021e-07  3.30000003e+00  5.83659021e-07  0.00000000e+00  5.83659021e-07 -4.50910276e-06 
 5.84159021e-07  3.30000001e+00  5.84159021e-07  3.30000001e+00  5.84159021e-07  0.00000000e+00  5.84159021e-07  4.43334022e-06 
 5.84659021e-07  3.30000001e+00  5.84659021e-07  3.30000002e+00  5.84659021e-07  0.00000000e+00  5.84659021e-07 -4.50599422e-06 
 5.85159021e-07  3.30000001e+00  5.85159021e-07  3.30000001e+00  5.85159021e-07  0.00000000e+00  5.85159021e-07  4.43625382e-06 
 5.85659021e-07  3.30000001e+00  5.85659021e-07  3.30000001e+00  5.85659021e-07  0.00000000e+00  5.85659021e-07 -4.50332688e-06 
 5.86159021e-07  3.30000000e+00  5.86159021e-07  3.30000001e+00  5.86159021e-07  0.00000000e+00  5.86159021e-07  4.43875320e-06 
 5.86659021e-07  3.30000000e+00  5.86659021e-07  3.30000001e+00  5.86659021e-07  0.00000000e+00  5.86659021e-07 -4.50101633e-06 
 5.87159021e-07  3.30000000e+00  5.87159021e-07  3.30000000e+00  5.87159021e-07  0.00000000e+00  5.87159021e-07  4.44092097e-06 
 5.87659021e-07  3.30000000e+00  5.87659021e-07  3.30000000e+00  5.87659021e-07  0.00000000e+00  5.87659021e-07 -4.49899760e-06 
 5.88159021e-07  3.30000000e+00  5.88159021e-07  3.30000000e+00  5.88159021e-07  0.00000000e+00  5.88159021e-07  4.44281883e-06 
 5.88659021e-07  3.30000000e+00  5.88659021e-07  3.30000000e+00  5.88659021e-07  0.00000000e+00  5.88659021e-07 -4.49722009e-06 
 5.89159021e-07  3.30000000e+00  5.89159021e-07  3.30000000e+00  5.89159021e-07  0.00000000e+00  5.89159021e-07  4.44449401e-06 
 5.89659021e-07  3.30000000e+00  5.89659021e-07  3.30000000e+00  5.89659021e-07  0.00000000e+00  5.89659021e-07 -4.49564396e-06 
 5.90159021e-07  3.30000000e+00  5.90159021e-07  3.30000000e+00  5.90159021e-07  0.00000000e+00  5.90159021e-07  4.44598321e-06 
 5.90659021e-07  3.30000000e+00  5.90659021e-07  3.30000000e+00  5.90659021e-07  0.00000000e+00  5.90659021e-07 -4.49423748e-06 
 5.91159021e-07  3.30000000e+00  5.91159021e-07  3.30000000e+00  5.91159021e-07  0.00000000e+00  5.91159021e-07  4.44731550e-06 
 5.91659021e-07  3.30000000e+00  5.91659021e-07  3.30000000e+00  5.91659021e-07  0.00000000e+00  5.91659021e-07 -4.49297516e-06 
 5.92159021e-07  3.30000000e+00  5.92159021e-07  3.30000000e+00  5.92159021e-07  0.00000000e+00  5.92159021e-07  4.44851417e-06 
 5.92659021e-07  3.30000000e+00  5.92659021e-07  3.30000000e+00  5.92659021e-07  0.00000000e+00  5.92659021e-07 -4.49183625e-06 
 5.93159021e-07  3.30000000e+00  5.93159021e-07  3.30000000e+00  5.93159021e-07  0.00000000e+00  5.93159021e-07  4.44959814e-06 
 5.93659021e-07  3.29999999e+00  5.93659021e-07  3.30000000e+00  5.93659021e-07  0.00000000e+00  5.93659021e-07 -4.49080379e-06 
 5.94159021e-07  3.29999999e+00  5.94159021e-07  3.30000000e+00  5.94159021e-07  0.00000000e+00  5.94159021e-07  4.45058291e-06 
 5.94659021e-07  3.29999999e+00  5.94659021e-07  3.30000000e+00  5.94659021e-07  0.00000000e+00  5.94659021e-07 -4.48986372e-06 
 5.95159021e-07  3.29999999e+00  5.95159021e-07  3.29999999e+00  5.95159021e-07  0.00000000e+00  5.95159021e-07  4.45148135e-06 
 5.95659021e-07  3.29999999e+00  5.95659021e-07  3.29999999e+00  5.95659021e-07  0.00000000e+00  5.95659021e-07 -4.48900435e-06 
 5.96159021e-07  3.29999999e+00  5.96159021e-07  3.29999999e+00  5.96159021e-07  0.00000000e+00  5.96159021e-07  4.45230419e-06 
 5.96659021e-07  3.29999999e+00  5.96659021e-07  3.29999999e+00  5.96659021e-07  0.00000000e+00  5.96659021e-07 -4.48821585e-06 
 5.97159021e-07  3.29999999e+00  5.97159021e-07  3.29999999e+00  5.97159021e-07  0.00000000e+00  5.97159021e-07  4.45306046e-06 
 5.97659021e-07  3.29999999e+00  5.97659021e-07  3.29999999e+00  5.97659021e-07  0.00000000e+00  5.97659021e-07 -4.48748992e-06 
 5.98159021e-07  3.29999999e+00  5.98159021e-07  3.29999999e+00  5.98159021e-07  0.00000000e+00  5.98159021e-07  4.45375784e-06 
 5.98659021e-07  3.29999999e+00  5.98659021e-07  3.29999999e+00  5.98659021e-07  0.00000000e+00  5.98659021e-07 -4.48681949e-06 
 5.99159021e-07  3.29999999e+00  5.99159021e-07  3.29999999e+00  5.99159021e-07  0.00000000e+00  5.99159021e-07  4.45440285e-06 
 5.99659021e-07  3.29999999e+00  5.99659021e-07  3.29999999e+00  5.99659021e-07  0.00000000e+00  5.99659021e-07 -4.48619850e-06 
 6.00000000e-07  3.29999999e+00  6.00000000e-07  3.29999999e+00  6.00000000e-07  0.00000000e+00  6.00000000e-07  4.45490887e-06 
 6.00050000e-07  3.29999999e+00  6.00050000e-07  3.29999999e+00  6.00050000e-07  0.00000000e+00  6.00050000e-07 -1.55151947e-08 
 6.00150000e-07  3.29999999e+00  6.00150000e-07  3.29999999e+00  6.00150000e-07  0.00000000e+00  6.00150000e-07 -1.54571118e-08 
 6.00350000e-07  3.29999999e+00  6.00350000e-07  3.29999999e+00  6.00350000e-07  0.00000000e+00  6.00350000e-07 -1.53426324e-08 
 6.00750000e-07  3.29999999e+00  6.00750000e-07  3.29999999e+00  6.00750000e-07  0.00000000e+00  6.00750000e-07 -1.51183284e-08 
 6.01250000e-07  3.29999999e+00  6.01250000e-07  3.29999999e+00  6.01250000e-07  0.00000000e+00  6.01250000e-07 -1.48469244e-08 
 6.01750000e-07  3.29999999e+00  6.01750000e-07  3.29999999e+00  6.01750000e-07  0.00000000e+00  6.01750000e-07 -1.45847269e-08 
 6.02250000e-07  3.29999999e+00  6.02250000e-07  3.29999999e+00  6.02250000e-07  0.00000000e+00  6.02250000e-07 -1.43315137e-08 
 6.02750000e-07  3.29999999e+00  6.02750000e-07  3.29999999e+00  6.02750000e-07  0.00000000e+00  6.02750000e-07 -1.40866074e-08 
 6.03250000e-07  3.29999999e+00  6.03250000e-07  3.29999999e+00  6.03250000e-07  0.00000000e+00  6.03250000e-07 -1.38498385e-08 
 6.03750000e-07  3.29999999e+00  6.03750000e-07  3.29999999e+00  6.03750000e-07  0.00000000e+00  6.03750000e-07 -1.36205873e-08 
 6.04250000e-07  3.29999999e+00  6.04250000e-07  3.29999999e+00  6.04250000e-07  0.00000000e+00  6.04250000e-07 -1.33987309e-08 
 6.04750000e-07  3.29999999e+00  6.04750000e-07  3.29999999e+00  6.04750000e-07  0.00000000e+00  6.04750000e-07 -1.31836973e-08 
 6.05250000e-07  3.29999999e+00  6.05250000e-07  3.29999999e+00  6.05250000e-07  0.00000000e+00  6.05250000e-07 -1.29754046e-08 
 6.05750000e-07  3.29999999e+00  6.05750000e-07  3.29999999e+00  6.05750000e-07  0.00000000e+00  6.05750000e-07 -1.27733208e-08 
 6.06250000e-07  3.29999999e+00  6.06250000e-07  3.29999999e+00  6.06250000e-07  0.00000000e+00  6.06250000e-07 -1.25773996e-08 
 6.06750000e-07  3.29999999e+00  6.06750000e-07  3.29999999e+00  6.06750000e-07  0.00000000e+00  6.06750000e-07 -1.23871432e-08 
 6.07250000e-07  3.29999999e+00  6.07250000e-07  3.29999999e+00  6.07250000e-07  0.00000000e+00  6.07250000e-07 -1.22025361e-08 
 6.07750000e-07  3.29999999e+00  6.07750000e-07  3.29999999e+00  6.07750000e-07  0.00000000e+00  6.07750000e-07 -1.20231099e-08 
 6.08250000e-07  3.29999999e+00  6.08250000e-07  3.29999999e+00  6.08250000e-07  0.00000000e+00  6.08250000e-07 -1.18488759e-08 
 6.08750000e-07  3.29999999e+00  6.08750000e-07  3.29999999e+00  6.08750000e-07  0.00000000e+00  6.08750000e-07 -1.16793910e-08 
 6.09250000e-07  3.29999999e+00  6.09250000e-07  3.29999999e+00  6.09250000e-07  0.00000000e+00  6.09250000e-07 -1.15146898e-08 
 6.09750000e-07  3.29999999e+00  6.09750000e-07  3.29999999e+00  6.09750000e-07  0.00000000e+00  6.09750000e-07 -1.13543512e-08 
 6.10250000e-07  3.29999999e+00  6.10250000e-07  3.29999999e+00  6.10250000e-07  0.00000000e+00  6.10250000e-07 -1.11984303e-08 
 6.10750000e-07  3.29999999e+00  6.10750000e-07  3.29999999e+00  6.10750000e-07  0.00000000e+00  6.10750000e-07 -1.10465252e-08 
 6.11250000e-07  3.29999999e+00  6.11250000e-07  3.29999999e+00  6.11250000e-07  0.00000000e+00  6.11250000e-07 -1.08987087e-08 
 6.11750000e-07  3.29999999e+00  6.11750000e-07  3.29999999e+00  6.11750000e-07  0.00000000e+00  6.11750000e-07 -1.07545959e-08 
 6.12250000e-07  3.29999999e+00  6.12250000e-07  3.29999999e+00  6.12250000e-07  0.00000000e+00  6.12250000e-07 -1.06142752e-08 
 6.12750000e-07  3.29999999e+00  6.12750000e-07  3.29999999e+00  6.12750000e-07  0.00000000e+00  6.12750000e-07 -1.04773764e-08 
 6.13250000e-07  3.29999999e+00  6.13250000e-07  3.29999999e+00  6.13250000e-07  0.00000000e+00  6.13250000e-07 -1.03440019e-08 
 6.13750000e-07  3.29999999e+00  6.13750000e-07  3.29999999e+00  6.13750000e-07  0.00000000e+00  6.13750000e-07 -1.02137944e-08 
 6.14250000e-07  3.29999999e+00  6.14250000e-07  3.29999999e+00  6.14250000e-07  0.00000000e+00  6.14250000e-07 -1.00868686e-08 
 6.14750000e-07  3.29999999e+00  6.14750000e-07  3.29999999e+00  6.14750000e-07  0.00000000e+00  6.14750000e-07 -9.96287855e-09 
 6.15250000e-07  3.29999999e+00  6.15250000e-07  3.29999999e+00  6.15250000e-07  0.00000000e+00  6.15250000e-07 -9.84194990e-09 
 6.15750000e-07  3.29999999e+00  6.15750000e-07  3.29999999e+00  6.15750000e-07  0.00000000e+00  6.15750000e-07 -9.72374704e-09 
 6.16250000e-07  3.29999999e+00  6.16250000e-07  3.29999999e+00  6.16250000e-07  0.00000000e+00  6.16250000e-07 -9.60840510e-09 
 6.16750000e-07  3.29999999e+00  6.16750000e-07  3.29999999e+00  6.16750000e-07  0.00000000e+00  6.16750000e-07 -9.49559759e-09 
 6.17250000e-07  3.29999999e+00  6.17250000e-07  3.29999999e+00  6.17250000e-07  0.00000000e+00  6.17250000e-07 -9.38546823e-09 
 6.17750000e-07  3.29999999e+00  6.17750000e-07  3.29999999e+00  6.17750000e-07  0.00000000e+00  6.17750000e-07 -9.27769866e-09 
 6.18250000e-07  3.29999999e+00  6.18250000e-07  3.29999999e+00  6.18250000e-07  0.00000000e+00  6.18250000e-07 -9.17244023e-09 
 6.18750000e-07  3.29999999e+00  6.18750000e-07  3.29999999e+00  6.18750000e-07  0.00000000e+00  6.18750000e-07 -9.06938184e-09 
 6.19250000e-07  3.29999999e+00  6.19250000e-07  3.29999999e+00  6.19250000e-07  0.00000000e+00  6.19250000e-07 -8.96868172e-09 
 6.19750000e-07  3.29999999e+00  6.19750000e-07  3.29999999e+00  6.19750000e-07  0.00000000e+00  6.19750000e-07 -8.87003527e-09 
 6.20000000e-07  3.29999999e+00  6.20000000e-07  3.29999999e+00  6.20000000e-07  0.00000000e+00  6.20000000e-07 -8.82159664e-09 
 6.20010000e-07  3.32223413e+00  6.20010000e-07  3.32224698e+00  6.20010000e-07  3.30000000e-01  6.20010000e-07  4.12762742e-04 
 6.20030000e-07  3.36403492e+00  6.20030000e-07  3.36407976e+00  6.20030000e-07  9.90000000e-01  6.20030000e-07  4.61862393e-04 
 6.20070000e-07  3.44541416e+00  6.20070000e-07  3.44557073e+00  6.20070000e-07  2.31000000e+00  6.20070000e-07  4.59495376e-04 
 6.20100000e-07  3.48401643e+00  6.20100000e-07  3.48389708e+00  6.20100000e-07  3.30000000e+00  6.20100000e-07  2.92023912e-04 
 6.20104206e-07  3.48315338e+00  6.20104206e-07  3.48301927e+00  6.20104206e-07  3.30000000e+00  6.20104206e-07 -1.21061712e-05 
 6.20112617e-07  3.48056278e+00  6.20112617e-07  3.48038649e+00  6.20112617e-07  3.30000000e+00  6.20112617e-07 -3.89879291e-05 
 6.20129439e-07  3.46981411e+00  6.20129439e-07  3.46948697e+00  6.20129439e-07  3.30000000e+00  6.20129439e-07 -5.27381812e-05 
 6.20163083e-07  3.44063401e+00  6.20163083e-07  3.44003864e+00  6.20163083e-07  3.30000000e+00  6.20163083e-07 -7.10690262e-05 
 6.20220518e-07  3.24706036e+00  6.20220518e-07  3.24818135e+00  6.20220518e-07  3.30000000e+00  6.20220518e-07 -1.00915198e-04 
 6.20273108e-07  2.96131052e+00  6.20273108e-07  2.96913295e+00  6.20273108e-07  3.30000000e+00  6.20273108e-07 -1.24275494e-04 
 6.20346738e-07  2.54424434e+00  6.20346738e-07  2.55646334e+00  6.20346738e-07  3.30000000e+00  6.20346738e-07 -1.03160605e-04 
 6.20432994e-07  2.12261333e+00  6.20432994e-07  2.14126119e+00  6.20432994e-07  3.30000000e+00  6.20432994e-07 -1.79664363e-04 
 6.20571964e-07  1.72042290e+00  6.20571964e-07  1.78212109e+00  6.20571964e-07  3.30000000e+00  6.20571964e-07 -2.38769949e-04 
 6.20722399e-07  1.45763352e+00  6.20722399e-07  1.82668306e+00  6.20722399e-07  3.30000000e+00  6.20722399e-07 -3.19176498e-04 
 6.20930514e-07  8.49596130e-01  6.20930514e-07  2.55302846e+00  6.20930514e-07  3.30000000e+00  6.20930514e-07 -2.84902902e-04 
 6.21075105e-07  4.97617346e-01  6.21075105e-07  3.05178924e+00  6.21075105e-07  3.30000000e+00  6.21075105e-07 -1.73519871e-04 
 6.21222073e-07  2.52007987e-01  6.21222073e-07  3.22750775e+00  6.21222073e-07  3.30000000e+00  6.21222073e-07 -4.55265023e-05 
 6.21406111e-07  7.96208404e-02  6.21406111e-07  3.27713756e+00  6.21406111e-07  3.30000000e+00  6.21406111e-07 -3.83205024e-05 
 6.21602924e-07  2.62656092e-02  6.21602924e-07  3.29365433e+00  6.21602924e-07  3.30000000e+00  6.21602924e-07  1.17582307e-05 
 6.21889976e-07 -3.96356056e-04  6.21889976e-07  3.29922079e+00  6.21889976e-07  3.30000000e+00  6.21889976e-07 -1.88063440e-05 
 6.22163463e-07  2.42965616e-03  6.22163463e-07  3.30006358e+00  6.22163463e-07  3.30000000e+00  6.22163463e-07  1.84619852e-05 
 6.22663463e-07 -2.09251274e-03  6.22663463e-07  3.29990715e+00  6.22663463e-07  3.30000000e+00  6.22663463e-07 -1.86497148e-05 
 6.23163463e-07  1.95290953e-03  6.23163463e-07  3.30008390e+00  6.23163463e-07  3.30000000e+00  6.23163463e-07  1.87893308e-05 
 6.23663463e-07 -1.81672364e-03  6.23663463e-07  3.29992842e+00  6.23663463e-07  3.30000000e+00  6.23663463e-07 -1.89153503e-05 
 6.24163463e-07  1.72815654e-03  6.24163463e-07  3.30005916e+00  6.24163463e-07  3.30000000e+00  6.24163463e-07  1.90321180e-05 
 6.24663463e-07 -1.61783668e-03  6.24663463e-07  3.29995020e+00  6.24663463e-07  3.30000000e+00  6.24663463e-07 -1.91433535e-05 
 6.25163463e-07  1.54215053e-03  6.25163463e-07  3.30004092e+00  6.25163463e-07  3.30000000e+00  6.25163463e-07  1.92475249e-05 
 6.25663463e-07 -1.44708855e-03  6.25663463e-07  3.29996557e+00  6.25663463e-07  3.30000000e+00  6.25663463e-07 -1.93469280e-05 
 6.26163463e-07  1.38054030e-03  6.26163463e-07  3.30002798e+00  6.26163463e-07  3.30000000e+00  6.26163463e-07  1.94400396e-05 
 6.26663463e-07 -1.29773019e-03  6.26663463e-07  3.29997666e+00  6.26663463e-07  3.30000000e+00  6.26663463e-07 -1.95288858e-05 
 6.27163463e-07  1.23854898e-03  6.27163463e-07  3.30001849e+00  6.27163463e-07  3.30000000e+00  6.27163463e-07  1.96121056e-05 
 6.27663463e-07 -1.16602426e-03  6.27663463e-07  3.29998493e+00  6.27663463e-07  3.30000000e+00  6.27663463e-07 -1.96915243e-05 
 6.28163463e-07  1.11315607e-03  6.28163463e-07  3.30001133e+00  6.28163463e-07  3.30000000e+00  6.28163463e-07  1.97659398e-05 
 6.28663463e-07 -1.04929110e-03  6.28663463e-07  3.29999123e+00  6.28663463e-07  3.30000000e+00  6.28663463e-07 -1.98369783e-05 
 6.29163463e-07  1.00191071e-03  6.29163463e-07  3.30000584e+00  6.29163463e-07  3.30000000e+00  6.29163463e-07  1.99035644e-05 
 6.29663463e-07 -9.45493111e-04  6.29663463e-07  3.29999610e+00  6.29663463e-07  3.30000000e+00  6.29663463e-07 -1.99671598e-05 
 6.30163463e-07  9.02932567e-04  6.30163463e-07  3.30000157e+00  6.30163463e-07  3.30000000e+00  6.30163463e-07  2.00267913e-05 
 6.30663463e-07 -8.52958671e-04  6.30663463e-07  3.29999987e+00  6.30663463e-07  3.30000000e+00  6.30663463e-07 -2.00837857e-05 
 6.31163463e-07  8.14651364e-04  6.31163463e-07  3.29999831e+00  6.31163463e-07  3.30000000e+00  6.31163463e-07  2.01372445e-05 
 6.31663463e-07 -7.70314987e-04  6.31663463e-07  3.30000278e+00  6.31663463e-07  3.30000000e+00  6.31663463e-07 -2.01883591e-05 
 6.32163463e-07  7.35800801e-04  6.32163463e-07  3.29999575e+00  6.32163463e-07  3.30000000e+00  6.32163463e-07  2.02363232e-05 
 6.32663463e-07 -6.96383684e-04  6.32663463e-07  3.30000506e+00  6.32663463e-07  3.30000000e+00  6.32663463e-07 -2.02822262e-05 
 6.33163463e-07  6.65223179e-04  6.33163463e-07  3.29999381e+00  6.33163463e-07  3.30000000e+00  6.33163463e-07  2.03253266e-05 
 6.33663463e-07 -6.30137414e-04  6.33663463e-07  3.30000677e+00  6.33663463e-07  3.30000000e+00  6.33663463e-07 -2.03665879e-05 
 6.34163463e-07  6.01990872e-04  6.34163463e-07  3.29999236e+00  6.34163463e-07  3.30000000e+00  6.34163463e-07  2.04053455e-05 
 6.34663463e-07 -5.70710719e-04  6.34663463e-07  3.30000803e+00  6.34663463e-07  3.30000000e+00  6.34663463e-07 -2.04424766e-05 
 6.35163463e-07  5.45257763e-04  6.35163463e-07  3.29999130e+00  6.35163463e-07  3.30000000e+00  6.35163463e-07  2.04773660e-05 
 6.35663463e-07 -5.17335851e-04  6.35663463e-07  3.30000894e+00  6.35663463e-07  3.30000000e+00  6.35663463e-07 -2.05108157e-05 
 6.36163463e-07  4.94294043e-04  6.36163463e-07  3.29999056e+00  6.36163463e-07  3.30000000e+00  6.36163463e-07  2.05422550e-05 
 6.36663463e-07 -4.69341839e-04  6.36663463e-07  3.30000955e+00  6.36663463e-07  3.30000000e+00  6.36663463e-07 -2.05724194e-05 
 6.37163463e-07  4.48460249e-04  6.37163463e-07  3.29999009e+00  6.37163463e-07  3.30000000e+00  6.37163463e-07  2.06007781e-05 
 6.37663463e-07 -4.26139074e-04  6.37663463e-07  3.30000993e+00  6.37663463e-07  3.30000000e+00  6.37663463e-07 -2.06280073e-05 
 6.38163463e-07  4.07194383e-04  6.38163463e-07  3.29998983e+00  6.38163463e-07  3.30000000e+00  6.38163463e-07  2.06536118e-05 
 6.38663463e-07 -3.87208275e-04  6.38663463e-07  3.30001011e+00  6.38663463e-07  3.30000000e+00  6.38663463e-07 -2.06782155e-05 
 6.39163463e-07  3.70001535e-04  6.39163463e-07  3.29998973e+00  6.39163463e-07  3.30000000e+00  6.39163463e-07  2.07013552e-05 
 6.39663463e-07 -3.52091293e-04  6.39663463e-07  3.30001014e+00  6.39663463e-07  3.30000000e+00  6.39663463e-07 -2.07236076e-05 
 6.40163463e-07  3.36445129e-04  6.40163463e-07  3.29998977e+00  6.40163463e-07  3.30000000e+00  6.40163463e-07  2.07445386e-05 
 6.40663463e-07 -3.20383292e-04  6.40663463e-07  3.30001006e+00  6.40663463e-07  3.30000000e+00  6.40663463e-07 -2.07646830e-05 
 6.41163463e-07  3.06139465e-04  6.41163463e-07  3.29998992e+00  6.41163463e-07  3.30000000e+00  6.41163463e-07  2.07836327e-05 
 6.41663463e-07 -2.91726047e-04  6.41663463e-07  3.30000987e+00  6.41663463e-07  3.30000000e+00  6.41663463e-07 -2.08018850e-05 
 6.42163463e-07  2.78743305e-04  6.42163463e-07  3.29999015e+00  6.42163463e-07  3.30000000e+00  6.42163463e-07  2.08190554e-05 
 6.42663463e-07 -2.65802162e-04  6.42663463e-07  3.30000962e+00  6.42663463e-07  3.30000000e+00  6.42663463e-07 -2.08356076e-05 
 6.43163463e-07  2.53954340e-04  6.43163463e-07  3.29999044e+00  6.43163463e-07  3.30000000e+00  6.43163463e-07  2.08511783e-05 
 6.43663463e-07 -2.42330058e-04  6.43663463e-07  3.30000931e+00  6.43663463e-07  3.30000000e+00  6.43663463e-07 -2.08662011e-05 
 6.44163463e-07  2.31504400e-04  6.44163463e-07  3.29999078e+00  6.44163463e-07  3.30000000e+00  6.44163463e-07  2.08803321e-05 
 6.44663463e-07 -2.21059623e-04  6.44663463e-07  3.30000896e+00  6.44663463e-07  3.30000000e+00  6.44663463e-07 -2.08939777e-05 
 6.45163463e-07  2.11155288e-04  6.45163463e-07  3.29999115e+00  6.45163463e-07  3.30000000e+00  6.45163463e-07  2.09068116e-05 
 6.45663463e-07 -2.01768422e-04  6.45663463e-07  3.30000858e+00  6.45663463e-07  3.30000000e+00  6.45663463e-07 -2.09192158e-05 
 6.46163463e-07  1.92695168e-04  6.46163463e-07  3.29999154e+00  6.46163463e-07  3.30000000e+00  6.46163463e-07  2.09308799e-05 
 6.46663463e-07 -1.84258393e-04  6.46663463e-07  3.30000819e+00  6.46663463e-07  3.30000000e+00  6.46663463e-07 -2.09421638e-05 
 6.47163463e-07  1.75935405e-04  6.47163463e-07  3.29999195e+00  6.47163463e-07  3.30000000e+00  6.47163463e-07  2.09527719e-05 
 6.47663463e-07 -1.68352971e-04  6.47663463e-07  3.30000779e+00  6.47663463e-07  3.30000000e+00  6.47663463e-07 -2.09630441e-05 
 6.48163463e-07  1.60707819e-04  6.48163463e-07  3.29999236e+00  6.48163463e-07  3.30000000e+00  6.48163463e-07  2.09726979e-05 
 6.48663463e-07 -1.53894558e-04  6.48663463e-07  3.30000738e+00  6.48663463e-07  3.30000000e+00  6.48663463e-07 -2.09820554e-05 
 6.49163463e-07  1.46862280e-04  6.49163463e-07  3.29999277e+00  6.49163463e-07  3.30000000e+00  6.49163463e-07  2.09908461e-05 
 6.49663463e-07 -1.40742327e-04  6.49663463e-07  3.30000698e+00  6.49663463e-07  3.30000000e+00  6.49663463e-07 -2.09993759e-05 
 6.50163463e-07  1.34264611e-04  6.50163463e-07  3.29999317e+00  6.50163463e-07  3.30000000e+00  6.50163463e-07  2.10073853e-05 
 6.50663463e-07 -1.28770287e-04  6.50663463e-07  3.30000658e+00  6.50663463e-07  3.30000000e+00  6.50663463e-07 -2.10151653e-05 
 6.51163463e-07  1.22794749e-04  6.51163463e-07  3.29999357e+00  6.51163463e-07  3.30000000e+00  6.51163463e-07  2.10224668e-05 
 6.51663463e-07 -1.17865589e-04  6.51663463e-07  3.30000619e+00  6.51663463e-07  3.30000000e+00  6.51663463e-07 -2.10295673e-05 
 6.52163463e-07  1.12345130e-04  6.52163463e-07  3.29999396e+00  6.52163463e-07  3.30000000e+00  6.52163463e-07  2.10362268e-05 
 6.52663463e-07 -1.07927041e-04  6.52663463e-07  3.30000581e+00  6.52663463e-07  3.30000000e+00  6.52663463e-07 -2.10427109e-05 
 6.53163463e-07  1.02819281e-04  6.53163463e-07  3.29999433e+00  6.53163463e-07  3.30000000e+00  6.53163463e-07  2.10487877e-05 
 6.53663463e-07 -9.88638059e-05  6.53663463e-07  3.30000545e+00  6.53663463e-07  3.30000000e+00  6.53663463e-07 -2.10547121e-05 
 6.54163463e-07  9.41305759e-05  6.54163463e-07  3.29999469e+00  6.54163463e-07  3.30000000e+00  6.54163463e-07  2.10602598e-05 
 6.54663463e-07 -9.05942460e-05  6.54663463e-07  3.30000510e+00  6.54663463e-07  3.30000000e+00  6.54663463e-07 -2.10656756e-05 
 6.55163463e-07  8.62011423e-05  6.55163463e-07  3.29999503e+00  6.55163463e-07  3.30000000e+00  6.55163463e-07  2.10707423e-05 
 6.55663463e-07 -8.30449171e-05  6.55663463e-07  3.30000477e+00  6.55663463e-07  3.30000000e+00  6.55663463e-07 -2.10756957e-05 
 6.56163463e-07  7.89609038e-05  6.56163463e-07  3.29999536e+00  6.56163463e-07  3.30000000e+00  6.56163463e-07  2.10803250e-05 
 6.56663463e-07 -7.61496755e-05  6.56663463e-07  3.30000445e+00  6.56663463e-07  3.30000000e+00  6.56663463e-07 -2.10848576e-05 
 6.57163463e-07  7.23467313e-05  6.57163463e-07  3.29999567e+00  6.57163463e-07  3.30000000e+00  6.57163463e-07  2.10890887e-05 
 6.57663463e-07 -6.98488910e-05  6.57663463e-07  3.30000415e+00  6.57663463e-07  3.30000000e+00  6.57663463e-07 -2.10932383e-05 
 6.58163463e-07  6.63016956e-05  6.58163463e-07  3.29999596e+00  6.58163463e-07  3.30000000e+00  6.58163463e-07  2.10971068e-05 
 6.58663463e-07 -6.40887524e-05  6.58663463e-07  3.30000387e+00  6.58663463e-07  3.30000000e+00  6.58663463e-07 -2.11009073e-05 
 6.59163463e-07  6.07744075e-05  6.59163463e-07  3.29999624e+00  6.59163463e-07  3.30000000e+00  6.59163463e-07  2.11044454e-05 
 6.59663463e-07 -5.88206522e-05  6.59663463e-07  3.30000360e+00  6.59663463e-07  3.30000000e+00  6.59663463e-07 -2.11079277e-05 
 6.60163463e-07  5.57184334e-05  6.60163463e-07  3.29999650e+00  6.60163463e-07  3.30000000e+00  6.60163463e-07  2.11111645e-05 
 6.60663463e-07 -5.40006425e-05  6.60663463e-07  3.30000335e+00  6.60663463e-07  3.30000000e+00  6.60663463e-07 -2.11143566e-05 
 6.61163463e-07  5.10917785e-05  6.61163463e-07  3.29999675e+00  6.61163463e-07  3.30000000e+00  6.61163463e-07  2.11173185e-05 
 6.61663463e-07 -4.95889525e-05  6.61663463e-07  3.30000311e+00  6.61663463e-07  3.30000000e+00  6.61663463e-07 -2.11202458e-05 
 6.62163463e-07  4.68564276e-05  6.62163463e-07  3.29999698e+00  6.62163463e-07  3.30000000e+00  6.62163463e-07  2.11229566e-05 
 6.62663463e-07 -4.55495593e-05  6.62663463e-07  3.30000289e+00  6.62663463e-07  3.30000000e+00  6.62663463e-07 -2.11256421e-05 
 6.63163463e-07  4.29779381e-05  6.63163463e-07  3.29999719e+00  6.63163463e-07  3.30000000e+00  6.63163463e-07  2.11281238e-05 
 6.63663463e-07 -4.18498078e-05  6.63663463e-07  3.30000268e+00  6.63663463e-07  3.30000000e+00  6.63663463e-07 -2.11305884e-05 
 6.64163463e-07  3.94250782e-05  6.64163463e-07  3.29999740e+00  6.64163463e-07  3.30000000e+00  6.64163463e-07  2.11328607e-05 
 6.64663463e-07 -3.84600712e-05  6.64663463e-07  3.30000249e+00  6.64663463e-07  3.30000000e+00  6.64663463e-07 -2.11351233e-05 
 6.65163463e-07  3.61695044e-05  6.65163463e-07  3.29999758e+00  6.65163463e-07  3.30000000e+00  6.65163463e-07  2.11372042e-05 
 6.65663463e-07 -3.53534498e-05  6.65663463e-07  3.30000231e+00  6.65663463e-07  3.30000000e+00  6.65663463e-07 -2.11392822e-05 
 6.66163463e-07  3.31854747e-05  6.66163463e-07  3.29999776e+00  6.66163463e-07  3.30000000e+00  6.66163463e-07  2.11411880e-05 
 6.66663463e-07 -3.25055011e-05  6.66663463e-07  3.30000214e+00  6.66663463e-07  3.30000000e+00  6.66663463e-07 -2.11430972e-05 
 6.67163463e-07  3.04495924e-05  6.67163463e-07  3.29999793e+00  6.67163463e-07  3.30000000e+00  6.67163463e-07  2.11448428e-05 
 6.67663463e-07 -2.98939998e-05  6.67663463e-07  3.30000198e+00  6.67663463e-07  3.30000000e+00  6.67663463e-07 -2.11465974e-05 
 6.68163463e-07  2.79405774e-05  6.68163463e-07  3.29999808e+00  6.68163463e-07  3.30000000e+00  6.68163463e-07  2.11481964e-05 
 6.68663463e-07 -2.74987226e-05  6.68663463e-07  3.30000183e+00  6.68663463e-07  3.30000000e+00  6.68663463e-07 -2.11498096e-05 
 6.69163463e-07  2.56390614e-05  6.69163463e-07  3.29999822e+00  6.69163463e-07  3.30000000e+00  6.69163463e-07  2.11512744e-05 
 6.69663463e-07 -2.53012561e-05  6.69663463e-07  3.30000169e+00  6.69663463e-07  3.30000000e+00  6.69663463e-07 -2.11527581e-05 
 6.70100000e-07  2.33935070e-05  6.70100000e-07  3.29999836e+00  6.70100000e-07  3.30000000e+00  6.70100000e-07  2.11542964e-05 
 6.70110000e-07 -3.03126875e-03  6.70110000e-07  3.29705080e+00  6.70110000e-07  2.97000000e+00  6.70110000e-07 -2.79972410e-04 
 6.70130000e-07 -2.19548830e-02  6.70130000e-07  3.27673589e+00  6.70130000e-07  2.31000000e+00  6.70130000e-07 -3.71620328e-04 
 6.70170000e-07 -2.90302677e-02  6.70170000e-07  3.24452937e+00  6.70170000e-07  9.90000000e-01  6.70170000e-07 -7.90323219e-04 
 6.70200000e-07  5.00099369e-02  6.70200000e-07  3.25899227e+00  6.70200000e-07  1.28119737e-12  6.70200000e-07 -1.14640186e-03 
 6.70203621e-07  6.97068877e-02  6.70203621e-07  3.26862873e+00  6.70203621e-07  0.00000000e+00  6.70203621e-07 -7.94997839e-04 
 6.70210864e-07  1.08649887e-01  6.70210864e-07  3.28650952e+00  6.70210864e-07  0.00000000e+00  6.70210864e-07 -7.81400919e-04 
 6.70225350e-07  1.83977896e-01  6.70225350e-07  3.31609434e+00  6.70225350e-07  0.00000000e+00  6.70225350e-07 -7.61659405e-04 
 6.70254322e-07  3.29608730e-01  6.70254322e-07  3.35675457e+00  6.70254322e-07  0.00000000e+00  6.70254322e-07 -7.24554639e-04 
 6.70312265e-07  6.32285255e-01  6.70312265e-07  3.40235442e+00  6.70312265e-07  0.00000000e+00  6.70312265e-07 -6.72930644e-04 
 6.70428152e-07  1.40394312e+00  6.70428152e-07  3.48290735e+00  6.70428152e-07  0.00000000e+00  6.70428152e-07 -4.50350825e-04 
 6.70533009e-07  2.07787316e+00  6.70533009e-07  3.51463570e+00  6.70533009e-07  0.00000000e+00  6.70533009e-07 -2.33140271e-04 
 6.70647479e-07  2.56671448e+00  6.70647479e-07  3.45789166e+00  6.70647479e-07  0.00000000e+00  6.70647479e-07 -1.04529305e-04 
 6.70771461e-07  2.90501239e+00  6.70771461e-07  3.40946872e+00  6.70771461e-07  0.00000000e+00  6.70771461e-07 -5.08126219e-05 
 6.70903583e-07  3.11937357e+00  6.70903583e-07  3.35989356e+00  6.70903583e-07  0.00000000e+00  6.70903583e-07 -2.05113770e-05 
 6.71099058e-07  3.25109685e+00  6.71099058e-07  3.32161368e+00  6.71099058e-07  0.00000000e+00  6.71099058e-07 -1.06886511e-05 
 6.71293577e-07  3.28691950e+00  6.71293577e-07  3.30709278e+00  6.71293577e-07  0.00000000e+00  6.71293577e-07  1.81242216e-06 
 6.71682616e-07  3.30093503e+00  6.71682616e-07  3.29984861e+00  6.71682616e-07  0.00000000e+00  6.71682616e-07 -4.94941621e-06 
 6.72159054e-07  3.29981347e+00  6.72159054e-07  3.29998036e+00  6.72159054e-07  0.00000000e+00  6.72159054e-07  3.80490049e-06 
 6.72659054e-07  3.30004588e+00  6.72659054e-07  3.30002383e+00  6.72659054e-07  0.00000000e+00  6.72659054e-07 -4.71435368e-06 
 6.73159054e-07  3.29998873e+00  6.73159054e-07  3.29998829e+00  6.73159054e-07  0.00000000e+00  6.73159054e-07  4.11682744e-06 
 6.73659054e-07  3.30000427e+00  6.73659054e-07  3.30000786e+00  6.73659054e-07  0.00000000e+00  6.73659054e-07 -4.62425494e-06 
 6.74159054e-07  3.29999901e+00  6.74159054e-07  3.29999571e+00  6.74159054e-07  0.00000000e+00  6.74159054e-07  4.23588578e-06 
 6.74659054e-07  3.30000111e+00  6.74659054e-07  3.30000344e+00  6.74659054e-07  0.00000000e+00  6.74659054e-07 -4.57970864e-06 
 6.75159054e-07  3.29999981e+00  6.75159054e-07  3.29999801e+00  6.75159054e-07  0.00000000e+00  6.75159054e-07  4.29676026e-06 
 6.75659054e-07  3.30000053e+00  6.75659054e-07  3.30000174e+00  6.75659054e-07  0.00000000e+00  6.75659054e-07 -4.55319941e-06 
 6.76159054e-07  3.29999995e+00  6.76159054e-07  3.29999905e+00  6.76159054e-07  0.00000000e+00  6.76159054e-07  4.33243738e-06 
 6.76659054e-07  3.30000030e+00  6.76659054e-07  3.30000090e+00  6.76659054e-07  0.00000000e+00  6.76659054e-07 -4.53499099e-06 
 6.77159054e-07  3.30000000e+00  6.77159054e-07  3.29999954e+00  6.77159054e-07  0.00000000e+00  6.77159054e-07  4.35479971e-06 
 6.77659054e-07  3.30000018e+00  6.77659054e-07  3.30000049e+00  6.77659054e-07  0.00000000e+00  6.77659054e-07 -4.52166732e-06 
 6.78159054e-07  3.30000002e+00  6.78159054e-07  3.29999978e+00  6.78159054e-07  0.00000000e+00  6.78159054e-07  4.36999026e-06 
 6.78659054e-07  3.30000011e+00  6.78659054e-07  3.30000028e+00  6.78659054e-07  0.00000000e+00  6.78659054e-07 -4.51147676e-06 
 6.79159054e-07  3.30000003e+00  6.79159054e-07  3.29999990e+00  6.79159054e-07  0.00000000e+00  6.79159054e-07  4.38087298e-06 
 6.79659054e-07  3.30000007e+00  6.79659054e-07  3.30000016e+00  6.79659054e-07  0.00000000e+00  6.79659054e-07 -4.50345730e-06 
 6.80159054e-07  3.30000003e+00  6.80159054e-07  3.29999996e+00  6.80159054e-07  0.00000000e+00  6.80159054e-07  4.38901855e-06 
 6.80659054e-07  3.30000005e+00  6.80659054e-07  3.30000009e+00  6.80659054e-07  0.00000000e+00  6.80659054e-07 -4.49701466e-06 
 6.81159054e-07  3.30000002e+00  6.81159054e-07  3.29999999e+00  6.81159054e-07  0.00000000e+00  6.81159054e-07  4.39533791e-06 
 6.81659054e-07  3.30000003e+00  6.81659054e-07  3.30000006e+00  6.81659054e-07  0.00000000e+00  6.81659054e-07 -4.49175188e-06 
 6.82159054e-07  3.30000002e+00  6.82159054e-07  3.30000000e+00  6.82159054e-07  0.00000000e+00  6.82159054e-07  4.40038525e-06 
 6.82659054e-07  3.30000002e+00  6.82659054e-07  3.30000004e+00  6.82659054e-07  0.00000000e+00  6.82659054e-07 -4.48739071e-06 
 6.83159054e-07  3.30000002e+00  6.83159054e-07  3.30000001e+00  6.83159054e-07  0.00000000e+00  6.83159054e-07  4.40451276e-06 
 6.83659054e-07  3.30000002e+00  6.83659054e-07  3.30000002e+00  6.83659054e-07  0.00000000e+00  6.83659054e-07 -4.48373013e-06 
 6.84159054e-07  3.30000001e+00  6.84159054e-07  3.30000001e+00  6.84159054e-07  0.00000000e+00  6.84159054e-07  4.40795318e-06 
 6.84659054e-07  3.30000001e+00  6.84659054e-07  3.30000002e+00  6.84659054e-07  0.00000000e+00  6.84659054e-07 -4.48062183e-06 
 6.85159054e-07  3.30000001e+00  6.85159054e-07  3.30000001e+00  6.85159054e-07  0.00000000e+00  6.85159054e-07  4.41086630e-06 
 6.85659054e-07  3.30000001e+00  6.85659054e-07  3.30000001e+00  6.85659054e-07  0.00000000e+00  6.85659054e-07 -4.47795475e-06 
 6.86159054e-07  3.30000001e+00  6.86159054e-07  3.30000000e+00  6.86159054e-07  0.00000000e+00  6.86159054e-07  4.41336532e-06 
 6.86659054e-07  3.30000001e+00  6.86659054e-07  3.30000001e+00  6.86659054e-07  0.00000000e+00  6.86659054e-07 -4.47564443e-06 
 6.87159054e-07  3.30000000e+00  6.87159054e-07  3.30000000e+00  6.87159054e-07  0.00000000e+00  6.87159054e-07  4.41553279e-06 
 6.87659054e-07  3.30000000e+00  6.87659054e-07  3.30000000e+00  6.87659054e-07  0.00000000e+00  6.87659054e-07 -4.47362591e-06 
 6.88159054e-07  3.30000000e+00  6.88159054e-07  3.30000000e+00  6.88159054e-07  0.00000000e+00  6.88159054e-07  4.41743043e-06 
 6.88659054e-07  3.30000000e+00  6.88659054e-07  3.30000000e+00  6.88659054e-07  0.00000000e+00  6.88659054e-07 -4.47184859e-06 
 6.89159054e-07  3.30000000e+00  6.89159054e-07  3.30000000e+00  6.89159054e-07  0.00000000e+00  6.89159054e-07  4.41910542e-06 
 6.89659054e-07  3.30000000e+00  6.89659054e-07  3.30000000e+00  6.89659054e-07  0.00000000e+00  6.89659054e-07 -4.47027262e-06 
 6.90159054e-07  3.30000000e+00  6.90159054e-07  3.30000000e+00  6.90159054e-07  0.00000000e+00  6.90159054e-07  4.42059447e-06 
 6.90659054e-07  3.30000000e+00  6.90659054e-07  3.30000000e+00  6.90659054e-07  0.00000000e+00  6.90659054e-07 -4.46886630e-06 
 6.91159054e-07  3.30000000e+00  6.91159054e-07  3.30000000e+00  6.91159054e-07  0.00000000e+00  6.91159054e-07  4.42192661e-06 
 6.91659054e-07  3.30000000e+00  6.91659054e-07  3.30000000e+00  6.91659054e-07  0.00000000e+00  6.91659054e-07 -4.46760410e-06 
 6.92159054e-07  3.30000000e+00  6.92159054e-07  3.30000000e+00  6.92159054e-07  0.00000000e+00  6.92159054e-07  4.42312516e-06 
 6.92659054e-07  3.30000000e+00  6.92659054e-07  3.30000000e+00  6.92659054e-07  0.00000000e+00  6.92659054e-07 -4.46646531e-06 
 6.93159054e-07  3.30000000e+00  6.93159054e-07  3.30000000e+00  6.93159054e-07  0.00000000e+00  6.93159054e-07  4.42420902e-06 
 6.93659054e-07  3.30000000e+00  6.93659054e-07  3.30000000e+00  6.93659054e-07  0.00000000e+00  6.93659054e-07 -4.46543294e-06 
 6.94159054e-07  3.30000000e+00  6.94159054e-07  3.30000000e+00  6.94159054e-07  0.00000000e+00  6.94159054e-07  4.42519370e-06 
 6.94659054e-07  3.29999999e+00  6.94659054e-07  3.29999999e+00  6.94659054e-07  0.00000000e+00  6.94659054e-07 -4.46449296e-06 
 6.95159054e-07  3.29999999e+00  6.95159054e-07  3.29999999e+00  6.95159054e-07  0.00000000e+00  6.95159054e-07  4.42609205e-06 
 6.95659054e-07  3.29999999e+00  6.95659054e-07  3.29999999e+00  6.95659054e-07  0.00000000e+00  6.95659054e-07 -4.46363367e-06 
 6.96159054e-07  3.29999999e+00  6.96159054e-07  3.29999999e+00  6.96159054e-07  0.00000000e+00  6.96159054e-07  4.42691481e-06 
 6.96659054e-07  3.29999999e+00  6.96659054e-07  3.29999999e+00  6.96659054e-07  0.00000000e+00  6.96659054e-07 -4.46284525e-06 
 6.97159054e-07  3.29999999e+00  6.97159054e-07  3.29999999e+00  6.97159054e-07  0.00000000e+00  6.97159054e-07  4.42767102e-06 
 6.97659054e-07  3.29999999e+00  6.97659054e-07  3.29999999e+00  6.97659054e-07  0.00000000e+00  6.97659054e-07 -4.46211938e-06 
 6.98159054e-07  3.29999999e+00  6.98159054e-07  3.29999999e+00  6.98159054e-07  0.00000000e+00  6.98159054e-07  4.42836833e-06 
 6.98659054e-07  3.29999999e+00  6.98659054e-07  3.29999999e+00  6.98659054e-07  0.00000000e+00  6.98659054e-07 -4.46144901e-06 
 6.99159054e-07  3.29999999e+00  6.99159054e-07  3.29999999e+00  6.99159054e-07  0.00000000e+00  6.99159054e-07  4.42901329e-06 
 6.99659054e-07  3.29999999e+00  6.99659054e-07  3.29999999e+00  6.99659054e-07  0.00000000e+00  6.99659054e-07 -4.46082808e-06 
 7.00000000e-07  3.29999999e+00  7.00000000e-07  3.29999999e+00  7.00000000e-07  0.00000000e+00  7.00000000e-07  4.42951924e-06 
 7.00050000e-07  3.29999999e+00  7.00050000e-07  3.29999999e+00  7.00050000e-07  0.00000000e+00  7.00050000e-07 -1.55248160e-08 
 7.00150000e-07  3.29999999e+00  7.00150000e-07  3.29999999e+00  7.00150000e-07  0.00000000e+00  7.00150000e-07 -1.54667378e-08 
 7.00350000e-07  3.29999999e+00  7.00350000e-07  3.29999999e+00  7.00350000e-07  0.00000000e+00  7.00350000e-07 -1.53522679e-08 
 7.00750000e-07  3.29999999e+00  7.00750000e-07  3.29999999e+00  7.00750000e-07  0.00000000e+00  7.00750000e-07 -1.51279822e-08 
 7.01250000e-07  3.29999999e+00  7.01250000e-07  3.29999999e+00  7.01250000e-07  0.00000000e+00  7.01250000e-07 -1.48566004e-08 
 7.01750000e-07  3.29999999e+00  7.01750000e-07  3.29999999e+00  7.01750000e-07  0.00000000e+00  7.01750000e-07 -1.45944240e-08 
 7.02250000e-07  3.29999999e+00  7.02250000e-07  3.29999999e+00  7.02250000e-07  0.00000000e+00  7.02250000e-07 -1.43412311e-08 
 7.02750000e-07  3.29999999e+00  7.02750000e-07  3.29999999e+00  7.02750000e-07  0.00000000e+00  7.02750000e-07 -1.40963443e-08 
 7.03250000e-07  3.29999999e+00  7.03250000e-07  3.29999999e+00  7.03250000e-07  0.00000000e+00  7.03250000e-07 -1.38595941e-08 
 7.03750000e-07  3.29999999e+00  7.03750000e-07  3.29999999e+00  7.03750000e-07  0.00000000e+00  7.03750000e-07 -1.36303608e-08 
 7.04250000e-07  3.29999999e+00  7.04250000e-07  3.29999999e+00  7.04250000e-07  0.00000000e+00  7.04250000e-07 -1.34085216e-08 
 7.04750000e-07  3.29999999e+00  7.04750000e-07  3.29999999e+00  7.04750000e-07  0.00000000e+00  7.04750000e-07 -1.31935046e-08 
 7.05250000e-07  3.29999999e+00  7.05250000e-07  3.29999999e+00  7.05250000e-07  0.00000000e+00  7.05250000e-07 -1.29852278e-08 
 7.05750000e-07  3.29999999e+00  7.05750000e-07  3.29999999e+00  7.05750000e-07  0.00000000e+00  7.05750000e-07 -1.27831593e-08 
 7.06250000e-07  3.29999999e+00  7.06250000e-07  3.29999999e+00  7.06250000e-07  0.00000000e+00  7.06250000e-07 -1.25872528e-08 
 7.06750000e-07  3.29999999e+00  7.06750000e-07  3.29999999e+00  7.06750000e-07  0.00000000e+00  7.06750000e-07 -1.23970107e-08 
 7.07250000e-07  3.29999999e+00  7.07250000e-07  3.29999999e+00  7.07250000e-07  0.00000000e+00  7.07250000e-07 -1.22124173e-08 
 7.07750000e-07  3.29999999e+00  7.07750000e-07  3.29999999e+00  7.07750000e-07  0.00000000e+00  7.07750000e-07 -1.20330043e-08 
 7.08250000e-07  3.29999999e+00  7.08250000e-07  3.29999999e+00  7.08250000e-07  0.00000000e+00  7.08250000e-07 -1.18587830e-08 
 7.08750000e-07  3.29999999e+00  7.08750000e-07  3.29999999e+00  7.08750000e-07  0.00000000e+00  7.08750000e-07 -1.16893104e-08 
 7.09250000e-07  3.29999999e+00  7.09250000e-07  3.29999999e+00  7.09250000e-07  0.00000000e+00  7.09250000e-07 -1.15246211e-08 
 7.09750000e-07  3.29999999e+00  7.09750000e-07  3.29999999e+00  7.09750000e-07  0.00000000e+00  7.09750000e-07 -1.13642940e-08 
 7.10250000e-07  3.29999999e+00  7.10250000e-07  3.29999999e+00  7.10250000e-07  0.00000000e+00  7.10250000e-07 -1.12083842e-08 
 7.10750000e-07  3.29999999e+00  7.10750000e-07  3.29999999e+00  7.10750000e-07  0.00000000e+00  7.10750000e-07 -1.10564898e-08 
 7.11250000e-07  3.29999999e+00  7.11250000e-07  3.29999999e+00  7.11250000e-07  0.00000000e+00  7.11250000e-07 -1.09086837e-08 
 7.11750000e-07  3.29999999e+00  7.11750000e-07  3.29999999e+00  7.11750000e-07  0.00000000e+00  7.11750000e-07 -1.07645809e-08 
 7.12250000e-07  3.29999999e+00  7.12250000e-07  3.29999999e+00  7.12250000e-07  0.00000000e+00  7.12250000e-07 -1.06242700e-08 
 7.12750000e-07  3.29999999e+00  7.12750000e-07  3.29999999e+00  7.12750000e-07  0.00000000e+00  7.12750000e-07 -1.04873806e-08 
 7.13250000e-07  3.29999999e+00  7.13250000e-07  3.29999999e+00  7.13250000e-07  0.00000000e+00  7.13250000e-07 -1.03540153e-08 
 7.13750000e-07  3.29999999e+00  7.13750000e-07  3.29999999e+00  7.13750000e-07  0.00000000e+00  7.13750000e-07 -1.02238166e-08 
 7.14250000e-07  3.29999999e+00  7.14250000e-07  3.29999999e+00  7.14250000e-07  0.00000000e+00  7.14250000e-07 -1.00968993e-08 
 7.14750000e-07  3.29999999e+00  7.14750000e-07  3.29999999e+00  7.14750000e-07  0.00000000e+00  7.14750000e-07 -9.97291759e-09 
 7.15250000e-07  3.29999999e+00  7.15250000e-07  3.29999999e+00  7.15250000e-07  0.00000000e+00  7.15250000e-07 -9.85199705e-09 
 7.15750000e-07  3.29999999e+00  7.15750000e-07  3.29999999e+00  7.15750000e-07  0.00000000e+00  7.15750000e-07 -9.73380199e-09 
 7.16250000e-07  3.29999999e+00  7.16250000e-07  3.29999999e+00  7.16250000e-07  0.00000000e+00  7.16250000e-07 -9.61846769e-09 
 7.16750000e-07  3.29999999e+00  7.16750000e-07  3.29999999e+00  7.16750000e-07  0.00000000e+00  7.16750000e-07 -9.50566754e-09 
 7.17250000e-07  3.29999999e+00  7.17250000e-07  3.29999999e+00  7.17250000e-07  0.00000000e+00  7.17250000e-07 -9.39554539e-09 
 7.17750000e-07  3.29999999e+00  7.17750000e-07  3.29999999e+00  7.17750000e-07  0.00000000e+00  7.17750000e-07 -9.28778276e-09 
 7.18250000e-07  3.29999999e+00  7.18250000e-07  3.29999999e+00  7.18250000e-07  0.00000000e+00  7.18250000e-07 -9.18253114e-09 
 7.18750000e-07  3.29999999e+00  7.18750000e-07  3.29999999e+00  7.18750000e-07  0.00000000e+00  7.18750000e-07 -9.07947931e-09 
 7.19250000e-07  3.29999999e+00  7.19250000e-07  3.29999999e+00  7.19250000e-07  0.00000000e+00  7.19250000e-07 -8.97878564e-09 
 7.19750000e-07  3.29999999e+00  7.19750000e-07  3.29999999e+00  7.19750000e-07  0.00000000e+00  7.19750000e-07 -8.88014539e-09 
 7.20000000e-07  3.29999999e+00  7.20000000e-07  3.29999999e+00  7.20000000e-07  0.00000000e+00  7.20000000e-07 -8.83170985e-09 
 7.20010000e-07  3.32223390e+00  7.20010000e-07  3.32224719e+00  7.20010000e-07  3.30000000e-01  7.20010000e-07  4.12762612e-04 
 7.20030000e-07  3.36403451e+00  7.20030000e-07  3.36408016e+00  7.20030000e-07  9.90000000e-01  7.20030000e-07  4.61862224e-04 
 7.20070000e-07  3.44542572e+00  7.20070000e-07  3.44555936e+00  7.20070000e-07  2.31000000e+00  7.20070000e-07  4.59497055e-04 
 7.20100000e-07  3.48399660e+00  7.20100000e-07  3.48391702e+00  7.20100000e-07  3.30000000e+00  7.20100000e-07  2.92016403e-04 
 7.20104206e-07  3.48312420e+00  7.20104206e-07  3.48304859e+00  7.20104206e-07  3.30000000e+00  7.20104206e-07 -1.21115821e-05 
 7.20112617e-07  3.48050615e+00  7.20112617e-07  3.48044326e+00  7.20112617e-07  3.30000000e+00  7.20112617e-07 -3.89888027e-05 
 7.20129439e-07  3.46966282e+00  7.20129439e-07  3.46963812e+00  7.20129439e-07  3.30000000e+00  7.20129439e-07 -5.27382250e-05 
 7.20163084e-07  3.44033232e+00  7.20163084e-07  3.44033989e+00  7.20163084e-07  3.30000000e+00  7.20163084e-07 -7.10690564e-05 
 7.20220519e-07  3.24805378e+00  7.20220519e-07  3.24718327e+00  7.20220519e-07  3.30000000e+00  7.20220519e-07 -1.00913588e-04 
 7.20273530e-07  2.96417514e+00  7.20273530e-07  2.96159568e+00  7.20273530e-07  3.30000000e+00  7.20273530e-07 -1.24255928e-04 
 7.20347473e-07  2.54753930e+00  7.20347473e-07  2.54519174e+00  7.20347473e-07  3.30000000e+00  7.20347473e-07 -1.03338437e-04 
 7.20434158e-07  2.12947689e+00  7.20434158e-07  2.12486560e+00  7.20434158e-07  3.30000000e+00  7.20434158e-07 -1.80478439e-04 
 7.20575799e-07  1.76009073e+00  7.20575799e-07  1.73034148e+00  7.20575799e-07  3.30000000e+00  7.20575799e-07 -2.40735799e-04 
 7.20727332e-07  1.74688185e+00  7.20727332e-07  1.52977839e+00  7.20727332e-07  3.30000000e+00  7.20727332e-07 -3.18390120e-04 
 7.20909584e-07  2.34904643e+00  7.20909584e-07  9.92504830e-01  7.20909584e-07  3.30000000e+00  7.20909584e-07 -3.07230233e-04 
 7.21048640e-07  2.91502368e+00  7.21048640e-07  6.17150812e-01  7.21048640e-07  3.30000000e+00  7.21048640e-07 -2.24212650e-04 
 7.21193295e-07  3.19048155e+00  7.21193295e-07  3.38943284e-01  7.21193295e-07  3.30000000e+00  7.21193295e-07 -7.49291833e-05 
 7.21348921e-07  3.26132175e+00  7.21348921e-07  1.36893879e-01  7.21348921e-07  3.30000000e+00  7.21348921e-07 -4.84214984e-05 
 7.21527011e-07  3.28726919e+00  7.21527011e-07  5.05892286e-02  7.21527011e-07  3.30000000e+00  7.21527011e-07  1.98408598e-06 
 7.21788179e-07  3.29787045e+00  7.21788179e-07  3.80765979e-03  7.21788179e-07  3.30000000e+00  7.21788179e-07 -1.64100585e-05 
 7.22044232e-07  3.29991326e+00  7.22044232e-07  3.48187154e-03  7.22044232e-07  3.30000000e+00  7.22044232e-07  1.47318978e-05 
 7.22486209e-07  3.29988502e+00  7.22486209e-07 -2.44246968e-03  7.22486209e-07  3.30000000e+00  7.22486209e-07 -1.51370958e-05 
 7.22986209e-07  3.30011987e+00  7.22986209e-07  2.21799683e-03  7.22986209e-07  3.30000000e+00  7.22986209e-07  1.53143922e-05 
 7.23486209e-07  3.29989326e+00  7.23486209e-07 -2.04624913e-03  7.23486209e-07  3.30000000e+00  7.23486209e-07 -1.54621039e-05 
 7.23986209e-07  3.30009127e+00  7.23986209e-07  1.94397069e-03  7.23986209e-07  3.30000000e+00  7.23986209e-07  1.55965620e-05 
 7.24486209e-07  3.29992097e+00  7.24486209e-07 -1.81475400e-03  7.24486209e-07  3.30000000e+00  7.24486209e-07 -1.57241157e-05 
 7.24986209e-07  3.30006752e+00  7.24986209e-07  1.72975487e-03  7.24986209e-07  3.30000000e+00  7.24986209e-07  1.58434249e-05 
 7.25486209e-07  3.29994118e+00  7.25486209e-07 -1.61879130e-03  7.25486209e-07  3.30000000e+00  7.25486209e-07 -1.59571290e-05 
 7.25986209e-07  3.30005033e+00  7.25986209e-07  1.54445362e-03  7.25986209e-07  3.30000000e+00  7.25986209e-07  1.60635338e-05 
 7.26486209e-07  3.29995606e+00  7.26486209e-07 -1.44778393e-03  7.26486209e-07  3.30000000e+00  7.26486209e-07 -1.61649127e-05 
 7.26986209e-07  3.30003743e+00  7.26986209e-07  1.38210754e-03  7.26986209e-07  3.30000000e+00  7.26986209e-07  1.62597764e-05 
 7.27486209e-07  3.29996741e+00  7.27486209e-07 -1.29735290e-03  7.27486209e-07  3.30000000e+00  7.27486209e-07 -1.63501617e-05 
 7.27986209e-07  3.30002746e+00  7.27986209e-07  1.23902596e-03  7.27986209e-07  3.30000000e+00  7.27986209e-07  1.64347543e-05 
 7.28486209e-07  3.29997630e+00  7.28486209e-07 -1.16436995e-03  7.28486209e-07  3.30000000e+00  7.28486209e-07 -1.65153757e-05 
 7.28986209e-07  3.30001960e+00  7.28986209e-07  1.11244333e-03  7.28986209e-07  3.30000000e+00  7.28986209e-07  1.65908586e-05 
 7.29486209e-07  3.29998335e+00  7.29486209e-07 -1.04648161e-03  7.29486209e-07  3.30000000e+00  7.29486209e-07 -1.66628376e-05 
 7.29986209e-07  3.30001334e+00  7.29986209e-07  1.00004543e-03  7.29986209e-07  3.30000000e+00  7.29986209e-07  1.67302467e-05 
 7.30486209e-07  3.29998899e+00  7.30486209e-07 -9.41664382e-04  7.30486209e-07  3.30000000e+00  7.30486209e-07 -1.67945614e-05 
 7.30986209e-07  3.30000832e+00  7.30986209e-07  9.00148804e-04  7.30986209e-07  3.30000000e+00  7.30986209e-07  1.68548275e-05 
 7.31486209e-07  3.29999351e+00  7.31486209e-07 -8.48282627e-04  7.31486209e-07  3.30000000e+00  7.31486209e-07 -1.69123597e-05 
 7.31986209e-07  3.30000431e+00  7.31986209e-07  8.11145115e-04  7.31986209e-07  3.30000000e+00  7.31986209e-07  1.69662936e-05 
 7.32486209e-07  3.29999712e+00  7.32486209e-07 -7.64969585e-04  7.32486209e-07  3.30000000e+00  7.32486209e-07 -1.70178147e-05 
 7.32986209e-07  3.30000110e+00  7.32986209e-07  7.31729091e-04  7.32986209e-07  3.30000000e+00  7.32986209e-07  1.70661328e-05 
 7.33486209e-07  3.29999999e+00  7.33486209e-07 -6.90530022e-04  7.33486209e-07  3.30000000e+00  7.33486209e-07 -1.71123271e-05 
 7.33986209e-07  3.29999860e+00  7.33986209e-07  6.60754519e-04  7.33986209e-07  3.30000000e+00  7.33986209e-07  1.71556640e-05 
 7.34486209e-07  3.30000224e+00  7.34486209e-07 -6.23939791e-04  7.34486209e-07  3.30000000e+00  7.34486209e-07 -1.71971161e-05 
 7.34986209e-07  3.29999661e+00  7.34986209e-07  5.97267420e-04  7.34986209e-07  3.30000000e+00  7.34986209e-07  1.72360184e-05 
 7.35486209e-07  3.30000403e+00  7.35486209e-07 -5.64299178e-04  7.35486209e-07  3.30000000e+00  7.35486209e-07 -1.72732658e-05 
 7.35986209e-07  3.29999509e+00  7.35986209e-07  5.40374721e-04  7.35986209e-07  3.30000000e+00  7.35986209e-07  1.73082423e-05 
 7.36486209e-07  3.30000537e+00  7.36486209e-07 -5.10807313e-04  7.36486209e-07  3.30000000e+00  7.36486209e-07 -1.73417433e-05 
 7.36986209e-07  3.29999394e+00  7.36986209e-07  4.89353776e-04  7.36986209e-07  3.30000000e+00  7.36986209e-07  1.73732130e-05 
 7.37486209e-07  3.30000637e+00  7.37486209e-07 -4.62783803e-04  7.37486209e-07  3.30000000e+00  7.37486209e-07 -1.74033787e-05 
 7.37986209e-07  3.29999310e+00  7.37986209e-07  4.43538521e-04  7.37986209e-07  3.30000000e+00  7.37986209e-07  1.74317228e-05 
 7.38486209e-07  3.30000709e+00  7.38486209e-07 -4.19620679e-04  7.38486209e-07  3.30000000e+00  7.38486209e-07 -1.74589138e-05 
 7.38986209e-07  3.29999251e+00  7.38986209e-07  4.02351422e-04  7.38986209e-07  3.30000000e+00  7.38986209e-07  1.74844687e-05 
 7.39486209e-07  3.30000758e+00  7.39486209e-07 -3.80784302e-04  7.39486209e-07  3.30000000e+00  7.39486209e-07 -1.75090033e-05 
 7.39986209e-07  3.29999213e+00  7.39986209e-07  3.65284549e-04  7.39986209e-07  3.30000000e+00  7.39986209e-07  1.75320659e-05 
 7.40486209e-07  3.30000788e+00  7.40486209e-07 -3.45804371e-04  7.40486209e-07  3.30000000e+00  7.40486209e-07 -1.75542256e-05 
 7.40986209e-07  3.29999191e+00  7.40986209e-07  3.31890334e-04  7.40986209e-07  3.30000000e+00  7.40986209e-07  1.75750588e-05 
 7.41486209e-07  3.30000804e+00  7.41486209e-07 -3.14265829e-04  7.41486209e-07  3.30000000e+00  7.41486209e-07 -1.75950928e-05 
 7.41986209e-07  3.29999183e+00  7.41986209e-07  3.01773874e-04  7.41986209e-07  3.30000000e+00  7.41986209e-07  1.76139293e-05 
 7.42486209e-07  3.30000807e+00  7.42486209e-07 -2.85801925e-04  7.42486209e-07  3.30000000e+00  7.42486209e-07 -1.76320585e-05 
 7.42986209e-07  3.29999186e+00  7.42986209e-07  2.74586286e-04  7.42986209e-07  3.30000000e+00  7.42986209e-07  1.76491047e-05 
 7.43486209e-07  3.30000800e+00  7.43486209e-07 -2.60088202e-04  7.43486209e-07  3.30000000e+00  7.43486209e-07 -1.76655250e-05 
 7.43986209e-07  3.29999198e+00  7.43986209e-07  2.50018956e-04  7.43986209e-07  3.30000000e+00  7.43986209e-07  1.76809643e-05 
 7.44486209e-07  3.30000786e+00  7.44486209e-07 -2.36837273e-04  7.44486209e-07  3.30000000e+00  7.44486209e-07 -1.76958498e-05 
 7.44986209e-07  3.29999215e+00  7.44986209e-07  2.27798549e-04  7.44986209e-07  3.30000000e+00  7.44986209e-07  1.77098451e-05 
 7.45486209e-07  3.30000766e+00  7.45486209e-07 -2.15794285e-04  7.45486209e-07  3.30000000e+00  7.45486209e-07 -1.77233507e-05 
 7.45986209e-07  3.29999238e+00  7.45986209e-07  2.07682679e-04  7.45986209e-07  3.30000000e+00  7.45986209e-07  1.77360471e-05 
 7.46486209e-07  3.30000742e+00  7.46486209e-07 -1.96732964e-04  7.46486209e-07  3.30000000e+00  7.46486209e-07 -1.77483106e-05 
 7.46986209e-07  3.29999265e+00  7.46986209e-07  1.89456133e-04  7.46986209e-07  3.30000000e+00  7.46986209e-07  1.77598372e-05 
 7.47486209e-07  3.30000714e+00  7.47486209e-07 -1.79452175e-04  7.47486209e-07  3.30000000e+00  7.47486209e-07 -1.77709817e-05 
 7.47986209e-07  3.29999294e+00  7.47986209e-07  1.72927595e-04  7.47986209e-07  3.30000000e+00  7.47986209e-07  1.77814539e-05 
 7.48486209e-07  3.30000684e+00  7.48486209e-07 -1.63772914e-04  7.48486209e-07  3.30000000e+00  7.48486209e-07 -1.77915890e-05 
 7.48986209e-07  3.29999325e+00  7.48986209e-07  1.57926779e-04  7.48986209e-07  3.30000000e+00  7.48986209e-07  1.78011098e-05 
 7.49486209e-07  3.30000653e+00  7.49486209e-07 -1.49535686e-04  7.49486209e-07  3.30000000e+00  7.49486209e-07 -1.78103337e-05 
 7.49986209e-07  3.29999357e+00  7.49986209e-07  1.44301935e-04  7.49986209e-07  3.30000000e+00  7.49986209e-07  1.78189951e-05 
 7.50486209e-07  3.30000621e+00  7.50486209e-07 -1.36598211e-04  7.50486209e-07  3.30000000e+00  7.50486209e-07 -1.78273956e-05 
 7.50986209e-07  3.29999390e+00  7.50986209e-07  1.31917665e-04  7.50986209e-07  3.30000000e+00  7.50986209e-07  1.78352801e-05 
 7.51486209e-07  3.30000589e+00  7.51486209e-07 -1.24833415e-04  7.51486209e-07  3.30000000e+00  7.51486209e-07 -1.78429357e-05 
 7.51986209e-07  3.29999422e+00  7.51986209e-07  1.20653019e-04  7.51986209e-07  3.30000000e+00  7.51986209e-07  1.78501172e-05 
 7.52486209e-07  3.30000557e+00  7.52486209e-07 -1.14127677e-04  7.52486209e-07  3.30000000e+00  7.52486209e-07 -1.78570985e-05 
 7.52986209e-07  3.29999455e+00  7.52986209e-07  1.10399823e-04  7.52986209e-07  3.30000000e+00  7.52986209e-07  1.78636433e-05 
 7.53486209e-07  3.30000525e+00  7.53486209e-07 -1.04379282e-04  7.53486209e-07  3.30000000e+00  7.53486209e-07 -1.78700137e-05 
 7.53986209e-07  3.29999486e+00  7.53986209e-07  1.01061214e-04  7.53986209e-07  3.30000000e+00  7.53986209e-07  1.78759813e-05 
 7.54486209e-07  3.30000495e+00  7.54486209e-07 -9.54970764e-05  7.54486209e-07  3.30000000e+00  7.54486209e-07 -1.78817976e-05 
 7.54986209e-07  3.29999517e+00  7.54986209e-07  9.25503605e-05  7.54986209e-07  3.30000000e+00  7.54986209e-07  1.78872416e-05 
 7.55486209e-07  3.30000465e+00  7.55486209e-07 -8.73992753e-05  7.55486209e-07  3.30000000e+00  7.55486209e-07 -1.78925550e-05 
 7.55986209e-07  3.29999547e+00  7.55986209e-07  8.47893339e-05  7.55986209e-07  3.30000000e+00  7.55986209e-07  1.78975237e-05 
 7.56486209e-07  3.30000436e+00  7.56486209e-07 -8.00124204e-05  7.56486209e-07  3.30000000e+00  7.56486209e-07 -1.79023804e-05 
 7.56986209e-07  3.29999575e+00  7.56986209e-07  7.77081173e-05  7.56986209e-07  3.30000000e+00  7.56986209e-07  1.79069171e-05 
 7.57486209e-07  3.30000408e+00  7.57486209e-07 -7.32704607e-05  7.57486209e-07  3.30000000e+00  7.57486209e-07 -1.79113586e-05 
 7.57986209e-07  3.29999602e+00  7.57986209e-07  7.12437342e-05  7.57986209e-07  3.30000000e+00  7.57986209e-07  1.79155026e-05 
 7.58486209e-07  3.30000381e+00  7.58486209e-07 -6.71139431e-05  7.58486209e-07  3.30000000e+00  7.58486209e-07 -1.79195665e-05 
 7.58986209e-07  3.29999628e+00  7.58986209e-07  6.53394802e-05  7.58986209e-07  3.30000000e+00  7.58986209e-07  1.79233532e-05 
 7.59486209e-07  3.30000356e+00  7.59486209e-07 -6.14892975e-05  7.59486209e-07  3.30000000e+00  7.59486209e-07 -1.79270733e-05 
 7.59986209e-07  3.29999653e+00  7.59986209e-07  5.99442453e-05  7.59986209e-07  3.30000000e+00  7.59986209e-07  1.79305347e-05 
 7.60486209e-07  3.30000332e+00  7.60486209e-07 -5.63482066e-05  7.60486209e-07  3.30000000e+00  7.60486209e-07 -1.79339418e-05 
 7.60986209e-07  3.29999677e+00  7.60986209e-07  5.50119153e-05  7.60986209e-07  3.30000000e+00  7.60986209e-07  1.79371067e-05 
 7.61486209e-07  3.30000310e+00  7.61486209e-07 -5.16470476e-05  7.61486209e-07  3.30000000e+00  7.61486209e-07 -1.79402285e-05 
 7.61986209e-07  3.29999699e+00  7.61986209e-07  5.05008431e-05  7.61986209e-07  3.30000000e+00  7.61986209e-07  1.79431232e-05 
 7.62486209e-07  3.30000288e+00  7.62486209e-07 -4.73463992e-05  7.62486209e-07  3.30000000e+00  7.62486209e-07 -1.79459848e-05 
 7.62986209e-07  3.29999720e+00  7.62986209e-07  4.63733799e-05  7.62986209e-07  3.30000000e+00  7.62986209e-07  1.79486330e-05 
 7.63486209e-07  3.30000268e+00  7.63486209e-07 -4.34106036e-05  7.63486209e-07  3.30000000e+00  7.63486209e-07 -1.79512573e-05 
 7.63986209e-07  3.29999739e+00  7.63986209e-07  4.25954601e-05  7.63986209e-07  3.30000000e+00  7.63986209e-07  1.79536806e-05 
 7.64486209e-07  3.30000249e+00  7.64486209e-07 -3.98073787e-05  7.64486209e-07  3.30000000e+00  7.64486209e-07 -1.79560881e-05 
 7.64986209e-07  3.29999758e+00  7.64986209e-07  3.91362331e-05  7.64986209e-07  3.30000000e+00  7.64986209e-07  1.79583060e-05 
 7.65486209e-07  3.30000231e+00  7.65486209e-07 -3.65074733e-05  7.65486209e-07  3.30000000e+00  7.65486209e-07 -1.79605157e-05 
 7.65986209e-07  3.29999775e+00  7.65986209e-07  3.59677358e-05  7.65986209e-07  3.30000000e+00  7.65986209e-07  1.79625460e-05 
 7.66486209e-07  3.30000215e+00  7.66486209e-07 -3.34843607e-05  7.66486209e-07  3.30000000e+00  7.66486209e-07 -1.79645747e-05 
 7.66986209e-07  3.29999791e+00  7.66986209e-07  3.30646015e-05  7.66986209e-07  3.30000000e+00  7.66986209e-07  1.79664335e-05 
 7.67486209e-07  3.30000199e+00  7.67486209e-07 -3.07139653e-05  7.67486209e-07  3.30000000e+00  7.67486209e-07 -1.79682970e-05 
 7.67986209e-07  3.29999806e+00  7.67986209e-07  3.04038009e-05  7.67986209e-07  3.30000000e+00  7.67986209e-07  1.79699990e-05 
 7.68486209e-07  3.30000185e+00  7.68486209e-07 -2.81744200e-05  7.68486209e-07  3.30000000e+00  7.68486209e-07 -1.79717112e-05 
 7.68986209e-07  3.29999820e+00  7.68986209e-07  2.79644103e-05  7.68986209e-07  3.30000000e+00  7.68986209e-07  1.79732698e-05 
 7.69486209e-07  3.30000171e+00  7.69486209e-07 -2.58458484e-05  7.69486209e-07  3.30000000e+00  7.69486209e-07 -1.79748436e-05 
 7.69986209e-07  3.29999834e+00  7.69986209e-07  2.57274058e-05  7.69986209e-07  3.30000000e+00  7.69986209e-07  1.79762710e-05 
 7.70100000e-07  3.30000140e+00  7.70100000e-07 -2.01844530e-05  7.70100000e-07  3.30000000e+00  7.70100000e-07 -1.79820132e-05 
 7.70110000e-07  3.29704896e+00  7.70110000e-07 -3.04172621e-03  7.70110000e-07  2.97000000e+00  7.70110000e-07 -2.79965597e-04 
 7.70130000e-07  3.27656885e+00  7.70130000e-07 -2.19175029e-02  7.70130000e-07  2.31000000e+00  7.70130000e-07 -3.71731011e-04 
 7.70170000e-07  3.24445189e+00  7.70170000e-07 -2.92930364e-02  7.70170000e-07  9.90000000e-01  7.70170000e-07 -7.89592000e-04 
 7.70200000e-07  3.25894836e+00  7.70200000e-07  4.94617361e-02  7.70200000e-07  1.28119737e-12  7.70200000e-07 -1.14544848e-03 
 7.70203649e-07  3.26865041e+00  7.70203649e-07  6.92752168e-02  7.70203649e-07  0.00000000e+00  7.70203649e-07 -7.93871879e-04 
 7.70210948e-07  3.28663926e+00  7.70210948e-07  1.08446310e-01  7.70210948e-07  0.00000000e+00  7.70210948e-07 -7.80135565e-04 
 7.70225545e-07  3.31634459e+00  7.70225545e-07  1.84202690e-01  7.70225545e-07  0.00000000e+00  7.70225545e-07 -7.60231164e-04 
 7.70254739e-07  3.35698582e+00  7.70254739e-07  3.30656983e-01  7.70254739e-07  0.00000000e+00  7.70254739e-07 -7.22926723e-04 
 7.70313126e-07  3.40238282e+00  7.70313126e-07  6.35366612e-01  7.70313126e-07  0.00000000e+00  7.70313126e-07 -6.71045781e-04 
 7.70429902e-07  3.48258445e+00  7.70429902e-07  1.41182271e+00  7.70429902e-07  0.00000000e+00  7.70429902e-07 -4.46104789e-04 
 7.70535754e-07  3.51238008e+00  7.70535754e-07  2.08552951e+00  7.70535754e-07  0.00000000e+00  7.70535754e-07 -2.29304881e-04 
 7.70649669e-07  3.45491097e+00  7.70649669e-07  2.56561949e+00  7.70649669e-07  0.00000000e+00  7.70649669e-07 -1.01855486e-04 
 7.70775587e-07  3.40691714e+00  7.70775587e-07  2.90763411e+00  7.70775587e-07  0.00000000e+00  7.70775587e-07 -5.10889958e-05 
 7.70906100e-07  3.35923184e+00  7.70906100e-07  3.11843403e+00  7.70906100e-07  0.00000000e+00  7.70906100e-07 -2.03376959e-05 
 7.71100304e-07  3.32161318e+00  7.71100304e-07  3.25015793e+00  7.71100304e-07  0.00000000e+00  7.71100304e-07 -1.11059028e-05 
 7.71295395e-07  3.30709036e+00  7.71295395e-07  3.28670556e+00  7.71295395e-07  0.00000000e+00  7.71295395e-07  2.05377010e-06 
 7.71685577e-07  3.29984030e+00  7.71685577e-07  3.30096237e+00  7.71685577e-07  0.00000000e+00  7.71685577e-07 -5.20191039e-06 
 7.72161595e-07  3.29998188e+00  7.72161595e-07  3.29980888e+00  7.72161595e-07  0.00000000e+00  7.72161595e-07  4.06366236e-06 
 7.72661595e-07  3.30002318e+00  7.72661595e-07  3.30004663e+00  7.72661595e-07  0.00000000e+00  7.72661595e-07 -4.96913144e-06 
 7.73161595e-07  3.29998890e+00  7.73161595e-07  3.29998849e+00  7.73161595e-07  0.00000000e+00  7.73161595e-07  4.37188378e-06 
 7.73661595e-07  3.30000748e+00  7.73661595e-07  3.30000428e+00  7.73661595e-07  0.00000000e+00  7.73661595e-07 -4.87745542e-06 
 7.74161595e-07  3.29999606e+00  7.74161595e-07  3.29999897e+00  7.74161595e-07  0.00000000e+00  7.74161595e-07  4.48906026e-06 
 7.74661595e-07  3.30000324e+00  7.74661595e-07  3.30000110e+00  7.74661595e-07  0.00000000e+00  7.74661595e-07 -4.83195658e-06 
 7.75161595e-07  3.29999824e+00  7.75161595e-07  3.29999979e+00  7.75161595e-07  0.00000000e+00  7.75161595e-07  4.54926175e-06 
 7.75661595e-07  3.30000162e+00  7.75661595e-07  3.30000052e+00  7.75661595e-07  0.00000000e+00  7.75661595e-07 -4.80473612e-06 
 7.76161595e-07  3.29999914e+00  7.76161595e-07  3.29999994e+00  7.76161595e-07  0.00000000e+00  7.76161595e-07  4.58405011e-06 
 7.76661595e-07  3.30000087e+00  7.76661595e-07  3.30000029e+00  7.76661595e-07  0.00000000e+00  7.76661595e-07 -4.78636096e-06 
 7.77161595e-07  3.29999958e+00  7.77161595e-07  3.29999999e+00  7.77161595e-07  0.00000000e+00  7.77161595e-07  4.60623749e-06 
 7.77661595e-07  3.30000048e+00  7.77661595e-07  3.30000017e+00  7.77661595e-07  0.00000000e+00  7.77661595e-07 -4.77296112e-06 
 7.78161595e-07  3.29999980e+00  7.78161595e-07  3.30000002e+00  7.78161595e-07  0.00000000e+00  7.78161595e-07  4.62133835e-06 
 7.78661595e-07  3.30000027e+00  7.78661595e-07  3.30000011e+00  7.78661595e-07  0.00000000e+00  7.78661595e-07 -4.76273553e-06 
 7.79161595e-07  3.29999991e+00  7.79161595e-07  3.30000002e+00  7.79161595e-07  0.00000000e+00  7.79161595e-07  4.63217350e-06 
 7.79661595e-07  3.30000016e+00  7.79661595e-07  3.30000007e+00  7.79661595e-07  0.00000000e+00  7.79661595e-07 -4.75470091e-06 
 7.80161595e-07  3.29999997e+00  7.80161595e-07  3.30000002e+00  7.80161595e-07  0.00000000e+00  7.80161595e-07  4.64029310e-06 
 7.80661595e-07  3.30000009e+00  7.80661595e-07  3.30000005e+00  7.80661595e-07  0.00000000e+00  7.80661595e-07 -4.74825256e-06 
 7.81161595e-07  3.29999999e+00  7.81161595e-07  3.30000002e+00  7.81161595e-07  0.00000000e+00  7.81161595e-07  4.64659778e-06 
 7.81661595e-07  3.30000006e+00  7.81661595e-07  3.30000003e+00  7.81661595e-07  0.00000000e+00  7.81661595e-07 -4.74298841e-06 
 7.82161595e-07  3.30000000e+00  7.82161595e-07  3.30000002e+00  7.82161595e-07  0.00000000e+00  7.82161595e-07  4.65163647e-06 
 7.82661595e-07  3.30000004e+00  7.82661595e-07  3.30000002e+00  7.82661595e-07  0.00000000e+00  7.82661595e-07 -4.73862774e-06 
 7.83161595e-07  3.30000001e+00  7.83161595e-07  3.30000001e+00  7.83161595e-07  0.00000000e+00  7.83161595e-07  4.65575859e-06 
 7.83661595e-07  3.30000002e+00  7.83661595e-07  3.30000002e+00  7.83661595e-07  0.00000000e+00  7.83661595e-07 -4.73496833e-06 
 7.84161595e-07  3.30000001e+00  7.84161595e-07  3.30000001e+00  7.84161595e-07  0.00000000e+00  7.84161595e-07  4.65919548e-06 
 7.84661595e-07  3.30000002e+00  7.84661595e-07  3.30000001e+00  7.84661595e-07  0.00000000e+00  7.84661595e-07 -4.73186139e-06 
 7.85161595e-07  3.30000001e+00  7.85161595e-07  3.30000001e+00  7.85161595e-07  0.00000000e+00  7.85161595e-07  4.66210615e-06 
 7.85661595e-07  3.30000001e+00  7.85661595e-07  3.30000001e+00  7.85661595e-07  0.00000000e+00  7.85661595e-07 -4.72919559e-06 
 7.86161595e-07  3.30000001e+00  7.86161595e-07  3.30000000e+00  7.86161595e-07  0.00000000e+00  7.86161595e-07  4.66460340e-06 
 7.86661595e-07  3.30000001e+00  7.86661595e-07  3.30000000e+00  7.86661595e-07  0.00000000e+00  7.86661595e-07 -4.72688643e-06 
 7.87161595e-07  3.30000000e+00  7.87161595e-07  3.30000000e+00  7.87161595e-07  0.00000000e+00  7.87161595e-07  4.66676953e-06 
 7.87661595e-07  3.30000000e+00  7.87661595e-07  3.30000000e+00  7.87661595e-07  0.00000000e+00  7.87661595e-07 -4.72486891e-06 
 7.88161595e-07  3.30000000e+00  7.88161595e-07  3.30000000e+00  7.88161595e-07  0.00000000e+00  7.88161595e-07  4.66866611e-06 
 7.88661595e-07  3.30000000e+00  7.88661595e-07  3.30000000e+00  7.88661595e-07  0.00000000e+00  7.88661595e-07 -4.72309244e-06 
 7.89161595e-07  3.30000000e+00  7.89161595e-07  3.30000000e+00  7.89161595e-07  0.00000000e+00  7.89161595e-07  4.67034024e-06 
 7.89661595e-07  3.30000000e+00  7.89661595e-07  3.30000000e+00  7.89661595e-07  0.00000000e+00  7.89661595e-07 -4.72151720e-06 
 7.90161595e-07  3.30000000e+00  7.90161595e-07  3.30000000e+00  7.90161595e-07  0.00000000e+00  7.90161595e-07  4.67182859e-06 
 7.90661595e-07  3.30000000e+00  7.90661595e-07  3.30000000e+00  7.90661595e-07  0.00000000e+00  7.90661595e-07 -4.72011149e-06 
 7.91161595e-07  3.30000000e+00  7.91161595e-07  3.30000000e+00  7.91161595e-07  0.00000000e+00  7.91161595e-07  4.67316015e-06 
 7.91661595e-07  3.30000000e+00  7.91661595e-07  3.30000000e+00  7.91661595e-07  0.00000000e+00  7.91661595e-07 -4.71884981e-06 
 7.92161595e-07  3.30000000e+00  7.92161595e-07  3.30000000e+00  7.92161595e-07  0.00000000e+00  7.92161595e-07  4.67435821e-06 
 7.92661595e-07  3.30000000e+00  7.92661595e-07  3.30000000e+00  7.92661595e-07  0.00000000e+00  7.92661595e-07 -4.71771147e-06 
 7.93161595e-07  3.30000000e+00  7.93161595e-07  3.30000000e+00  7.93161595e-07  0.00000000e+00  7.93161595e-07  4.67544164e-06 
 7.93661595e-07  3.30000000e+00  7.93661595e-07  3.29999999e+00  7.93661595e-07  0.00000000e+00  7.93661595e-07 -4.71667949e-06 
 7.94161595e-07  3.30000000e+00  7.94161595e-07  3.29999999e+00  7.94161595e-07  0.00000000e+00  7.94161595e-07  4.67642596e-06 
 7.94661595e-07  3.30000000e+00  7.94661595e-07  3.29999999e+00  7.94661595e-07  0.00000000e+00  7.94661595e-07 -4.71573985e-06 
 7.95161595e-07  3.29999999e+00  7.95161595e-07  3.29999999e+00  7.95161595e-07  0.00000000e+00  7.95161595e-07  4.67732400e-06 
 7.95661595e-07  3.29999999e+00  7.95661595e-07  3.29999999e+00  7.95661595e-07  0.00000000e+00  7.95661595e-07 -4.71488085e-06 
 7.96161595e-07  3.29999999e+00  7.96161595e-07  3.29999999e+00  7.96161595e-07  0.00000000e+00  7.96161595e-07  4.67814649e-06 
 7.96661595e-07  3.29999999e+00  7.96661595e-07  3.29999999e+00  7.96661595e-07  0.00000000e+00  7.96661595e-07 -4.71409268e-06 
 7.97161595e-07  3.29999999e+00  7.97161595e-07  3.29999999e+00  7.97161595e-07  0.00000000e+00  7.97161595e-07  4.67890246e-06 
 7.97661595e-07  3.29999999e+00  7.97661595e-07  3.29999999e+00  7.97661595e-07  0.00000000e+00  7.97661595e-07 -4.71336703e-06 
 7.98161595e-07  3.29999999e+00  7.98161595e-07  3.29999999e+00  7.98161595e-07  0.00000000e+00  7.98161595e-07  4.67959956e-06 
 7.98661595e-07  3.29999999e+00  7.98661595e-07  3.29999999e+00  7.98661595e-07  0.00000000e+00  7.98661595e-07 -4.71269686e-06 
 7.99161595e-07  3.29999999e+00  7.99161595e-07  3.29999999e+00  7.99161595e-07  0.00000000e+00  7.99161595e-07  4.68024433e-06 
 7.99661595e-07  3.29999999e+00  7.99661595e-07  3.29999999e+00  7.99661595e-07  0.00000000e+00  7.99661595e-07 -4.71207610e-06 
 8.00000000e-07  3.29999999e+00  8.00000000e-07  3.29999999e+00  8.00000000e-07  0.00000000e+00  8.00000000e-07  4.68074867e-06 
 8.00050000e-07  3.29999999e+00  8.00050000e-07  3.29999999e+00  8.00050000e-07  0.00000000e+00  8.00050000e-07 -1.55348868e-08 
 8.00150000e-07  3.29999999e+00  8.00150000e-07  3.29999999e+00  8.00150000e-07  0.00000000e+00  8.00150000e-07 -1.54768135e-08 
 8.00350000e-07  3.29999999e+00  8.00350000e-07  3.29999999e+00  8.00350000e-07  0.00000000e+00  8.00350000e-07 -1.53623533e-08 
 8.00750000e-07  3.29999999e+00  8.00750000e-07  3.29999999e+00  8.00750000e-07  0.00000000e+00  8.00750000e-07 -1.51380863e-08 
 8.01250000e-07  3.29999999e+00  8.01250000e-07  3.29999999e+00  8.01250000e-07  0.00000000e+00  8.01250000e-07 -1.48667263e-08 
 8.01750000e-07  3.29999999e+00  8.01750000e-07  3.29999999e+00  8.01750000e-07  0.00000000e+00  8.01750000e-07 -1.46045706e-08 
 8.02250000e-07  3.29999999e+00  8.02250000e-07  3.29999999e+00  8.02250000e-07  0.00000000e+00  8.02250000e-07 -1.43513970e-08 
 8.02750000e-07  3.29999999e+00  8.02750000e-07  3.29999999e+00  8.02750000e-07  0.00000000e+00  8.02750000e-07 -1.41065284e-08 
 8.03250000e-07  3.29999999e+00  8.03250000e-07  3.29999999e+00  8.03250000e-07  0.00000000e+00  8.03250000e-07 -1.38697953e-08 
 8.03750000e-07  3.29999999e+00  8.03750000e-07  3.29999999e+00  8.03750000e-07  0.00000000e+00  8.03750000e-07 -1.36405780e-08 
 8.04250000e-07  3.29999999e+00  8.04250000e-07  3.29999999e+00  8.04250000e-07  0.00000000e+00  8.04250000e-07 -1.34187540e-08 
 8.04750000e-07  3.29999999e+00  8.04750000e-07  3.29999999e+00  8.04750000e-07  0.00000000e+00  8.04750000e-07 -1.32037511e-08 
 8.05250000e-07  3.29999999e+00  8.05250000e-07  3.29999999e+00  8.05250000e-07  0.00000000e+00  8.05250000e-07 -1.29954877e-08 
 8.05750000e-07  3.29999999e+00  8.05750000e-07  3.29999999e+00  8.05750000e-07  0.00000000e+00  8.05750000e-07 -1.27934319e-08 
 8.06250000e-07  3.29999999e+00  8.06250000e-07  3.29999999e+00  8.06250000e-07  0.00000000e+00  8.06250000e-07 -1.25975373e-08 
 8.06750000e-07  3.29999999e+00  8.06750000e-07  3.29999999e+00  8.06750000e-07  0.00000000e+00  8.06750000e-07 -1.24073064e-08 
 8.07250000e-07  3.29999999e+00  8.07250000e-07  3.29999999e+00  8.07250000e-07  0.00000000e+00  8.07250000e-07 -1.22227237e-08 
 8.07750000e-07  3.29999999e+00  8.07750000e-07  3.29999999e+00  8.07750000e-07  0.00000000e+00  8.07750000e-07 -1.20433207e-08 
 8.08250000e-07  3.29999999e+00  8.08250000e-07  3.29999999e+00  8.08250000e-07  0.00000000e+00  8.08250000e-07 -1.18691089e-08 
 8.08750000e-07  3.29999999e+00  8.08750000e-07  3.29999999e+00  8.08750000e-07  0.00000000e+00  8.08750000e-07 -1.16996452e-08 
 8.09250000e-07  3.29999999e+00  8.09250000e-07  3.29999999e+00  8.09250000e-07  0.00000000e+00  8.09250000e-07 -1.15349644e-08 
 8.09750000e-07  3.29999999e+00  8.09750000e-07  3.29999999e+00  8.09750000e-07  0.00000000e+00  8.09750000e-07 -1.13746453e-08 
 8.10250000e-07  3.29999999e+00  8.10250000e-07  3.29999999e+00  8.10250000e-07  0.00000000e+00  8.10250000e-07 -1.12187430e-08 
 8.10750000e-07  3.29999999e+00  8.10750000e-07  3.29999999e+00  8.10750000e-07  0.00000000e+00  8.10750000e-07 -1.10668558e-08 
 8.11250000e-07  3.29999999e+00  8.11250000e-07  3.29999999e+00  8.11250000e-07  0.00000000e+00  8.11250000e-07 -1.09190566e-08 
 8.11750000e-07  3.29999999e+00  8.11750000e-07  3.29999999e+00  8.11750000e-07  0.00000000e+00  8.11750000e-07 -1.07749602e-08 
 8.12250000e-07  3.29999999e+00  8.12250000e-07  3.29999999e+00  8.12250000e-07  0.00000000e+00  8.12250000e-07 -1.06346554e-08 
 8.12750000e-07  3.29999999e+00  8.12750000e-07  3.29999999e+00  8.12750000e-07  0.00000000e+00  8.12750000e-07 -1.04977717e-08 
 8.13250000e-07  3.29999999e+00  8.13250000e-07  3.29999999e+00  8.13250000e-07  0.00000000e+00  8.13250000e-07 -1.03644118e-08 
 8.13750000e-07  3.29999999e+00  8.13750000e-07  3.29999999e+00  8.13750000e-07  0.00000000e+00  8.13750000e-07 -1.02342183e-08 
 8.14250000e-07  3.29999999e+00  8.14250000e-07  3.29999999e+00  8.14250000e-07  0.00000000e+00  8.14250000e-07 -1.01073060e-08 
 8.14750000e-07  3.29999999e+00  8.14750000e-07  3.29999999e+00  8.14750000e-07  0.00000000e+00  8.14750000e-07 -9.98332892e-09 
 8.15250000e-07  3.29999999e+00  8.15250000e-07  3.29999999e+00  8.15250000e-07  0.00000000e+00  8.15250000e-07 -9.86241276e-09 
 8.15750000e-07  3.29999999e+00  8.15750000e-07  3.29999999e+00  8.15750000e-07  0.00000000e+00  8.15750000e-07 -9.74422191e-09 
 8.16250000e-07  3.29999999e+00  8.16250000e-07  3.29999999e+00  8.16250000e-07  0.00000000e+00  8.16250000e-07 -9.62889155e-09 
 8.16750000e-07  3.29999999e+00  8.16750000e-07  3.29999999e+00  8.16750000e-07  0.00000000e+00  8.16750000e-07 -9.51609518e-09 
 8.17250000e-07  3.29999999e+00  8.17250000e-07  3.29999999e+00  8.17250000e-07  0.00000000e+00  8.17250000e-07 -9.40597657e-09 
 8.17750000e-07  3.29999999e+00  8.17750000e-07  3.29999999e+00  8.17750000e-07  0.00000000e+00  8.17750000e-07 -9.29821734e-09 
 8.18250000e-07  3.29999999e+00  8.18250000e-07  3.29999999e+00  8.18250000e-07  0.00000000e+00  8.18250000e-07 -9.19296891e-09 
 8.18750000e-07  3.29999999e+00  8.18750000e-07  3.29999999e+00  8.18750000e-07  0.00000000e+00  8.18750000e-07 -9.08992014e-09 
 8.19250000e-07  3.29999999e+00  8.19250000e-07  3.29999999e+00  8.19250000e-07  0.00000000e+00  8.19250000e-07 -8.98922933e-09 
 8.19750000e-07  3.29999999e+00  8.19750000e-07  3.29999999e+00  8.19750000e-07  0.00000000e+00  8.19750000e-07 -8.89059183e-09 
 8.20000000e-07  3.29999999e+00  8.20000000e-07  3.29999999e+00  8.20000000e-07  0.00000000e+00  8.20000000e-07 -8.84215758e-09 
 8.20010000e-07  3.32223369e+00  8.20010000e-07  3.32224741e+00  8.20010000e-07  3.30000000e-01  8.20010000e-07  4.12762692e-04 
 8.20030000e-07  3.36403054e+00  8.20030000e-07  3.36407699e+00  8.20030000e-07  9.90000000e-01  8.20030000e-07  4.61925712e-04 
 8.20070000e-07  3.44542749e+00  8.20070000e-07  3.44553817e+00  8.20070000e-07  2.31000000e+00  8.20070000e-07  4.59473990e-04 
 8.20100000e-07  3.48396813e+00  8.20100000e-07  3.48392833e+00  8.20100000e-07  3.30000000e+00  8.20100000e-07  2.92005643e-04 
 8.20104205e-07  3.48308644e+00  8.20104205e-07  3.48306934e+00  8.20104205e-07  3.30000000e+00  8.20104205e-07 -1.21004609e-05 
 8.20112616e-07  3.48044105e+00  8.20112616e-07  3.48049158e+00  8.20112616e-07  3.30000000e+00  8.20112616e-07 -3.89844789e-05 
 8.20129437e-07  3.46950481e+00  8.20129437e-07  3.46978254e+00  8.20129437e-07  3.30000000e+00  8.20129437e-07 -5.27349746e-05 
 8.20163079e-07  3.44002672e+00  8.20163079e-07  3.44063725e+00  8.20163079e-07  3.30000000e+00  8.20163079e-07 -7.10699342e-05 
 8.20220513e-07  3.24906293e+00  8.20220513e-07  3.24620151e+00  8.20220513e-07  3.30000000e+00  8.20220513e-07 -1.00908314e-04 
 8.20273021e-07  2.97216766e+00  8.20273021e-07  2.95921661e+00  8.20273021e-07  3.30000000e+00  8.20273021e-07 -1.24279922e-04 
 8.20346532e-07  2.55993733e+00  8.20346532e-07  2.54303128e+00  8.20346532e-07  3.30000000e+00  8.20346532e-07 -1.03145292e-04 
 8.20432360e-07  2.14834737e+00  8.20432360e-07  2.12073669e+00  8.20432360e-07  3.30000000e+00  8.20432360e-07 -1.79234176e-04 
 8.20564829e-07  1.81589445e+00  8.20564829e-07  1.71083413e+00  8.20564829e-07  3.30000000e+00  8.20564829e-07 -2.35480213e-04 
 8.20712302e-07  1.95765744e+00  8.20712302e-07  1.34900934e+00  8.20712302e-07  3.30000000e+00  8.20712302e-07 -3.22729694e-04 
 8.20899768e-07  2.66453618e+00  8.20899768e-07  7.80302977e-01  8.20899768e-07  3.30000000e+00  8.20899768e-07 -2.64127763e-04 
 8.21024381e-07  3.06705559e+00  8.21024381e-07  4.88528513e-01  8.21024381e-07  3.30000000e+00  8.21024381e-07 -1.71284655e-04 
 8.21166780e-07  3.22793661e+00  8.21166780e-07  2.47298822e-01  8.21166780e-07  3.30000000e+00  8.21166780e-07 -4.18830408e-05 
 8.21356946e-07  3.27885469e+00  8.21356946e-07  7.73680995e-02  8.21356946e-07  3.30000000e+00  8.21356946e-07 -3.99103571e-05 
 8.21572894e-07  3.29474700e+00  8.21572894e-07  2.00219695e-02  8.21572894e-07  3.30000000e+00  8.21572894e-07  1.53631947e-05 
 8.21849063e-07  3.29939958e+00  8.21849063e-07  9.57485851e-04  8.21849063e-07  3.30000000e+00  8.21849063e-07 -2.10252814e-05 
 8.22149820e-07  3.29998896e+00  8.22149820e-07  1.09723617e-03  8.22149820e-07  3.30000000e+00  8.22149820e-07  2.05634950e-05 
 8.22649820e-07  3.29998705e+00  8.22649820e-07 -9.31589542e-04  8.22649820e-07  3.30000000e+00  8.22649820e-07 -2.06513644e-05 
 8.23149820e-07  3.30001339e+00  8.23149820e-07  8.65531918e-04  8.23149820e-07  3.30000000e+00  8.23149820e-07  2.07125661e-05 
 8.23649820e-07  3.29998964e+00  8.23649820e-07 -8.08353361e-04  8.23649820e-07  3.30000000e+00  8.23649820e-07 -2.07665493e-05 
 8.24149820e-07  3.30000654e+00  8.24149820e-07  7.69385400e-04  8.24149820e-07  3.30000000e+00  8.24149820e-07  2.08162471e-05 
 8.24649820e-07  3.29999628e+00  8.24649820e-07 -7.23673744e-04  8.24649820e-07  3.30000000e+00  8.24649820e-07 -2.08635816e-05 
 8.25149820e-07  3.30000090e+00  8.25149820e-07  6.90886179e-04  8.25149820e-07  3.30000000e+00  8.25149820e-07  2.09079669e-05 
 8.25649820e-07  3.30000095e+00  8.25649820e-07 -6.51227275e-04  8.25649820e-07  3.30000000e+00  8.25649820e-07 -2.09504740e-05 
 8.26149820e-07  3.29999713e+00  8.26149820e-07  6.22647212e-04  8.26149820e-07  3.30000000e+00  8.26149820e-07  2.09904028e-05 
 8.26649820e-07  3.30000407e+00  8.26649820e-07 -5.87736331e-04  8.26649820e-07  3.30000000e+00  8.26649820e-07 -2.10286710e-05 
 8.27149820e-07  3.29999463e+00  8.27149820e-07  5.62518397e-04  8.27149820e-07  3.30000000e+00  8.27149820e-07  2.10646470e-05 
 8.27649820e-07  3.30000610e+00  8.27649820e-07 -5.31512412e-04  8.27649820e-07  3.30000000e+00  8.27649820e-07 -2.10991420e-05 
 8.28149820e-07  3.29999301e+00  8.28149820e-07  5.09108855e-04  8.28149820e-07  3.30000000e+00  8.28149820e-07  2.11315759e-05 
 8.28649820e-07  3.30000742e+00  8.28649820e-07 -4.81406581e-04  8.28649820e-07  3.30000000e+00  8.28649820e-07 -2.11626926e-05 
 8.29149820e-07  3.29999196e+00  8.29149820e-07  4.61411564e-04  8.29149820e-07  3.30000000e+00  8.29149820e-07  2.11919532e-05 
 8.29649820e-07  3.30000826e+00  8.29649820e-07 -4.36555421e-04  8.29649820e-07  3.30000000e+00  8.29649820e-07 -2.12200427e-05 
 8.30149820e-07  3.29999131e+00  8.30149820e-07  4.18658646e-04  8.30149820e-07  3.30000000e+00  8.30149820e-07  2.12464594e-05 
 8.30649820e-07  3.30000877e+00  8.30649820e-07 -3.96284266e-04  8.30649820e-07  3.30000000e+00  8.30649820e-07 -2.12718359e-05 
 8.31149820e-07  3.29999095e+00  8.31149820e-07  3.80236812e-04  8.31149820e-07  3.30000000e+00  8.31149820e-07  2.12957036e-05 
 8.31649820e-07  3.30000904e+00  8.31649820e-07 -3.60044382e-04  8.31649820e-07  3.30000000e+00  8.31649820e-07 -2.13186478e-05 
 8.32149820e-07  3.29999079e+00  8.32149820e-07  3.45639195e-04  8.32149820e-07  3.30000000e+00  8.32149820e-07  2.13402299e-05 
 8.32649820e-07  3.30000912e+00  8.32649820e-07 -3.27376076e-04  8.32649820e-07  3.30000000e+00  8.32649820e-07 -2.13609925e-05 
 8.33149820e-07  3.29999078e+00  8.33149820e-07  3.14436450e-04  8.33149820e-07  3.30000000e+00  8.33149820e-07  2.13805238e-05 
 8.33649820e-07  3.30000908e+00  8.33649820e-07 -2.97886184e-04  8.33649820e-07  3.30000000e+00  8.33649820e-07 -2.13993282e-05 
 8.34149820e-07  3.29999088e+00  8.34149820e-07  2.86258699e-04  8.34149820e-07  3.30000000e+00  8.34149820e-07  2.14170180e-05 
 8.34649820e-07  3.30000894e+00  8.34649820e-07 -2.71233713e-04  8.34649820e-07  3.30000000e+00  8.34649820e-07 -2.14340634e-05 
 8.35149820e-07  3.29999107e+00  8.35149820e-07  2.60783672e-04  8.35149820e-07  3.30000000e+00  8.35149820e-07  2.14500982e-05 
 8.35649820e-07  3.30000873e+00  8.35649820e-07 -2.47120154e-04  8.35649820e-07  3.30000000e+00  8.35649820e-07 -2.14655618e-05 
 8.36149820e-07  3.29999132e+00  8.36149820e-07  2.37728452e-04  8.36149820e-07  3.30000000e+00  8.36149820e-07  2.14801078e-05 
 8.36649820e-07  3.30000846e+00  8.36649820e-07 -2.25282566e-04  8.36649820e-07  3.30000000e+00  8.36649820e-07 -2.14941478e-05 
 8.37149820e-07  3.29999162e+00  8.37149820e-07  2.16843395e-04  8.37149820e-07  3.30000000e+00  8.37149820e-07  2.15073531e-05 
 8.37649820e-07  3.30000815e+00  8.37649820e-07 -2.05488346e-04  8.37649820e-07  3.30000000e+00  8.37649820e-07 -2.15201105e-05 
 8.38149820e-07  3.29999194e+00  8.38149820e-07  1.97907425e-04  8.38149820e-07  3.30000000e+00  8.38149820e-07  2.15321074e-05 
 8.38649820e-07  3.30000782e+00  8.38649820e-07 -1.87531105e-04  8.38649820e-07  3.30000000e+00  8.38649820e-07 -2.15437081e-05 
 8.39149820e-07  3.29999229e+00  8.39149820e-07  1.80724241e-04  8.39149820e-07  3.30000000e+00  8.39149820e-07  2.15546148e-05 
 8.39649820e-07  3.30000746e+00  8.39649820e-07 -1.71227287e-04  8.39649820e-07  3.30000000e+00  8.39649820e-07 -2.15651712e-05 
 8.40149820e-07  3.29999266e+00  8.40149820e-07  1.65119179e-04  8.40149820e-07  3.30000000e+00  8.40149820e-07  2.15750933e-05 
 8.40649820e-07  3.30000710e+00  8.40649820e-07 -1.56413346e-04  8.40649820e-07  3.30000000e+00  8.40649820e-07 -2.15847063e-05 
 8.41149820e-07  3.29999303e+00  8.41149820e-07  1.50936555e-04  8.41149820e-07  3.30000000e+00  8.41149820e-07  2.15937382e-05 
 8.41649820e-07  3.30000674e+00  8.41649820e-07 -1.42943329e-04  8.41649820e-07  3.30000000e+00  8.41649820e-07 -2.16024980e-05 
 8.42149820e-07  3.29999340e+00  8.42149820e-07  1.38037396e-04  8.42149820e-07  3.30000000e+00  8.42149820e-07  2.16107246e-05 
 8.42649820e-07  3.30000637e+00  8.42649820e-07 -1.30686806e-04  8.42649820e-07  3.30000000e+00  8.42649820e-07 -2.16187119e-05 
 8.43149820e-07  3.29999376e+00  8.43149820e-07  1.26297472e-04  8.43149820e-07  3.30000000e+00  8.43149820e-07  2.16262092e-05 
 8.43649820e-07  3.30000601e+00  8.43649820e-07 -1.19527063e-04  8.43649820e-07  3.30000000e+00  8.43649820e-07 -2.16334967e-05 
 8.44149820e-07  3.29999412e+00  8.44149820e-07  1.15605590e-04  8.44149820e-07  3.30000000e+00  8.44149820e-07  2.16403330e-05 
 8.44649820e-07  3.30000566e+00  8.44649820e-07 -1.09359533e-04  8.44649820e-07  3.30000000e+00  8.44649820e-07 -2.16469860e-05 
 8.45149820e-07  3.29999447e+00  8.45149820e-07  1.05862102e-04  8.45149820e-07  3.30000000e+00  8.45149820e-07  2.16532226e-05 
 8.45649820e-07  3.30000532e+00  8.45649820e-07 -1.00090425e-04  8.45649820e-07  3.30000000e+00  8.45649820e-07 -2.16592997e-05 
 8.46149820e-07  3.29999481e+00  8.46149820e-07  9.69776016e-05  8.46149820e-07  3.30000000e+00  8.46149820e-07  2.16649921e-05 
 8.46649820e-07  3.30000499e+00  8.46649820e-07 -9.16355111e-05  8.46649820e-07  3.30000000e+00  8.46649820e-07 -2.16705461e-05 
 8.47149820e-07  3.29999513e+00  8.47149820e-07  8.88717809e-05  8.47149820e-07  3.30000000e+00  8.47149820e-07  2.16757439e-05 
 8.47649820e-07  3.30000467e+00  8.47649820e-07 -8.39190739e-05  8.47649820e-07  3.30000000e+00  8.47649820e-07 -2.16808226e-05 
 8.48149820e-07  3.29999545e+00  8.48149820e-07  8.14724212e-05  8.48149820e-07  3.30000000e+00  8.48149820e-07  2.16855708e-05 
 8.48649820e-07  3.30000437e+00  8.48649820e-07 -7.68729699e-05  8.48649820e-07  3.30000000e+00  8.48649820e-07 -2.16902172e-05 
 8.49149820e-07  3.29999574e+00  8.49149820e-07  7.47145101e-05  8.49149820e-07  3.30000000e+00  8.49149820e-07  2.16945562e-05 
 8.49649820e-07  3.30000408e+00  8.49649820e-07 -7.04358092e-05  8.49649820e-07  3.30000000e+00  8.49649820e-07 -2.16988091e-05 
 8.50149820e-07  3.29999603e+00  8.50149820e-07  6.85394597e-05  8.50149820e-07  3.30000000e+00  8.50149820e-07  2.17027757e-05 
 8.50649820e-07  3.30000381e+00  8.50649820e-07 -6.45522291e-05  8.50649820e-07  3.30000000e+00  8.50649820e-07 -2.17066702e-05 
 8.51149820e-07  3.29999630e+00  8.51149820e-07  6.28944185e-05  8.51149820e-07  3.30000000e+00  8.51149820e-07  2.17102975e-05 
 8.51649820e-07  3.30000355e+00  8.51649820e-07 -5.91722534e-05  8.51649820e-07  3.30000000e+00  8.51649820e-07 -2.17138654e-05 
 8.52149820e-07  3.29999655e+00  8.52149820e-07  5.77316621e-05  8.52149820e-07  3.30000000e+00  8.52149820e-07  2.17171834e-05 
 8.52649820e-07  3.30000330e+00  8.52649820e-07 -5.42507250e-05  8.52649820e-07  3.30000000e+00  8.52649820e-07 -2.17204535e-05 
 8.53149820e-07  3.29999679e+00  8.53149820e-07  5.30080543e-05  8.53149820e-07  3.30000000e+00  8.53149820e-07  2.17234895e-05 
 8.53649820e-07  3.30000307e+00  8.53649820e-07 -4.97468028e-05  8.53649820e-07  3.30000000e+00  8.53649820e-07 -2.17264879e-05 
 8.54149820e-07  3.29999701e+00  8.54149820e-07  4.86845700e-05  8.54149820e-07  3.30000000e+00  8.54149820e-07  2.17292663e-05 
 8.54649820e-07  3.30000286e+00  8.54649820e-07 -4.56235167e-05  8.54649820e-07  3.30000000e+00  8.54649820e-07 -2.17320167e-05 
 8.55149820e-07  3.29999722e+00  8.55149820e-07  4.47258718e-05  8.55149820e-07  3.30000000e+00  8.55149820e-07  2.17345601e-05 
 8.55649820e-07  3.30000265e+00  8.55649820e-07 -4.18473708e-05  8.55649820e-07  3.30000000e+00  8.55649820e-07 -2.17370840e-05 
 8.56149820e-07  3.29999742e+00  8.56149820e-07  4.10999336e-05  8.56149820e-07  3.30000000e+00  8.56149820e-07  2.17394127e-05 
 8.56649820e-07  3.30000246e+00  8.56649820e-07 -3.83879922e-05  8.56649820e-07  3.30000000e+00  8.56649820e-07 -2.17417295e-05 
 8.57149820e-07  3.29999761e+00  8.57149820e-07  3.77777063e-05  8.57149820e-07  3.30000000e+00  8.57149820e-07  2.17438620e-05 
 8.57649820e-07  3.30000229e+00  8.57649820e-07 -3.52178173e-05  8.57649820e-07  3.30000000e+00  8.57649820e-07 -2.17459896e-05 
 8.58149820e-07  3.29999778e+00  8.58149820e-07  3.47328201e-05  8.58149820e-07  3.30000000e+00  8.58149820e-07  2.17479426e-05 
 8.58649820e-07  3.30000212e+00  8.58649820e-07 -3.23118127e-05  8.58649820e-07  3.30000000e+00  8.58649820e-07 -2.17498972e-05 
 8.59149820e-07  3.29999794e+00  8.59149820e-07  3.19413187e-05  8.59149820e-07  3.30000000e+00  8.59149820e-07  2.17516860e-05 
 8.59649820e-07  3.30000196e+00  8.59649820e-07 -2.96472261e-05  8.59649820e-07  3.30000000e+00  8.59649820e-07 -2.17534823e-05 
 8.60149820e-07  3.29999809e+00  8.60149820e-07  2.93814230e-05  8.60149820e-07  3.30000000e+00  8.60149820e-07  2.17551209e-05 
 8.60649820e-07  3.30000182e+00  8.60649820e-07 -2.72033635e-05  8.60649820e-07  3.30000000e+00  8.60649820e-07 -2.17567723e-05 
 8.61149820e-07  3.29999823e+00  8.61149820e-07  2.70333186e-05  8.61149820e-07  3.30000000e+00  8.61149820e-07  2.17582734e-05 
 8.61649820e-07  3.30000168e+00  8.61649820e-07 -2.49613905e-05  8.61649820e-07  3.30000000e+00  8.61649820e-07 -2.17597921e-05 
 8.62149820e-07  3.29999836e+00  8.62149820e-07  2.48789670e-05  8.62149820e-07  3.30000000e+00  8.62149820e-07  2.17611673e-05 
 8.62649820e-07  3.30000156e+00  8.62649820e-07 -2.29041540e-05  8.62649820e-07  3.30000000e+00  8.62649820e-07 -2.17625644e-05 
 8.63149820e-07  3.29999849e+00  8.63149820e-07  2.29019355e-05  8.63149820e-07  3.30000000e+00  8.63149820e-07  2.17638242e-05 
 8.63649820e-07  3.30000144e+00  8.63649820e-07 -2.10160222e-05  8.63649820e-07  3.30000000e+00  8.63649820e-07 -2.17651100e-05 
 8.64149820e-07  3.29999860e+00  8.64149820e-07  2.10872457e-05  8.64149820e-07  3.30000000e+00  8.64149820e-07  2.17662641e-05 
 8.64649820e-07  3.30000133e+00  8.64649820e-07 -1.92827416e-05  8.64649820e-07  3.30000000e+00  8.64649820e-07 -2.17674478e-05 
 8.65149820e-07  3.29999871e+00  8.65149820e-07  1.94212361e-05  8.65149820e-07  3.30000000e+00  8.65149820e-07  2.17685051e-05 
 8.65649820e-07  3.30000123e+00  8.65649820e-07 -1.76913078e-05  8.65649820e-07  3.30000000e+00  8.65649820e-07 -2.17695952e-05 
 8.66149820e-07  3.29999880e+00  8.66149820e-07  1.78914401e-05  8.66149820e-07  3.30000000e+00  8.66149820e-07  2.17705636e-05 
 8.66649820e-07  3.30000114e+00  8.66649820e-07 -1.62298501e-05  8.66649820e-07  3.30000000e+00  8.66649820e-07 -2.17715679e-05 
 8.67149820e-07  3.29999889e+00  8.67149820e-07  1.64864750e-05  8.67149820e-07  3.30000000e+00  8.67149820e-07  2.17724549e-05 
 8.67649820e-07  3.30000105e+00  8.67649820e-07 -1.48875269e-05  8.67649820e-07  3.30000000e+00  8.67649820e-07 -2.17733805e-05 
 8.68149820e-07  3.29999898e+00  8.68149820e-07  1.51959430e-05  8.68149820e-07  3.30000000e+00  8.68149820e-07  2.17741926e-05 
 8.68649820e-07  3.30000097e+00  8.68649820e-07 -1.36544318e-05  8.68649820e-07  3.30000000e+00  8.68649820e-07 -2.17750461e-05 
 8.69149820e-07  3.29999906e+00  8.69149820e-07  1.40103413e-05  8.69149820e-07  3.30000000e+00  8.69149820e-07  2.17757896e-05 
 8.69649820e-07  3.30000090e+00  8.69649820e-07 -1.25215088e-05  8.69649820e-07  3.30000000e+00  8.69649820e-07 -2.17765768e-05 
 8.70100000e-07  3.29999913e+00  8.70100000e-07  1.28682266e-05  8.70100000e-07  3.30000000e+00  8.70100000e-07  2.17773352e-05 
 8.70110000e-07  3.29704694e+00  8.70110000e-07 -3.03364697e-03  8.70110000e-07  2.97000000e+00  8.70110000e-07 -2.79986427e-04 
 8.70130000e-07  3.27656512e+00  8.70130000e-07 -2.19314617e-02  8.70130000e-07  2.31000000e+00  8.70130000e-07 -3.71734584e-04 
 8.70170000e-07  3.24444262e+00  8.70170000e-07 -2.93239190e-02  8.70170000e-07  9.90000000e-01  8.70170000e-07 -7.89612361e-04 
 8.70200000e-07  3.25893372e+00  8.70200000e-07  4.94008520e-02  8.70200000e-07  1.28119737e-12  8.70200000e-07 -1.14547427e-03 
 8.70203649e-07  3.26863462e+00  8.70203649e-07  6.92101341e-02  8.70203649e-07  0.00000000e+00  8.70203649e-07 -7.93902897e-04 
 8.70210948e-07  3.28662094e+00  8.70210948e-07  1.08371412e-01  8.70210948e-07  0.00000000e+00  8.70210948e-07 -7.80172931e-04 
 8.70225545e-07  3.31631921e+00  8.70225545e-07  1.84101902e-01  8.70225545e-07  0.00000000e+00  8.70225545e-07 -7.60274688e-04 
 8.70254739e-07  3.35694564e+00  8.70254739e-07  3.30485245e-01  8.70254739e-07  0.00000000e+00  8.70254739e-07 -7.22999679e-04 
 8.70313127e-07  3.40226057e+00  8.70313127e-07  6.34873861e-01  8.70313127e-07  0.00000000e+00  8.70313127e-07 -6.71143143e-04 
 8.70429904e-07  3.48235730e+00  8.70429904e-07  1.41049685e+00  8.70429904e-07  0.00000000e+00  8.70429904e-07 -4.45512009e-04 
 8.70535380e-07  3.51247466e+00  8.70535380e-07  2.08288723e+00  8.70535380e-07  0.00000000e+00  8.70535380e-07 -2.30044978e-04 
 8.70649639e-07  3.45508997e+00  8.70649639e-07  2.56576190e+00  8.70649639e-07  0.00000000e+00  8.70649639e-07 -1.02297013e-04 
 8.70775005e-07  3.40728889e+00  8.70775005e-07  2.90648734e+00  8.70775005e-07  0.00000000e+00  8.70775005e-07 -5.11806287e-05 
 8.70905974e-07  3.35931610e+00  8.70905974e-07  3.11837676e+00  8.70905974e-07  0.00000000e+00  8.70905974e-07 -2.03446367e-05 
 8.71100286e-07  3.32162321e+00  8.71100286e-07  3.25018337e+00  8.71100286e-07  0.00000000e+00  8.71100286e-07 -1.11052695e-05 
 8.71295238e-07  3.30709840e+00  8.71295238e-07  3.28669431e+00  8.71295238e-07  0.00000000e+00  8.71295238e-07  2.05914723e-06 
 8.71685143e-07  3.29984325e+00  8.71685143e-07  3.30095774e+00  8.71685143e-07  0.00000000e+00  8.71685143e-07 -5.21189883e-06 
 8.72161136e-07  3.29998167e+00  8.72161136e-07  3.29980946e+00  8.72161136e-07  0.00000000e+00  8.72161136e-07  4.07245253e-06 
 8.72661136e-07  3.30002345e+00  8.72661136e-07  3.30004637e+00  8.72661136e-07  0.00000000e+00  8.72661136e-07 -4.97898712e-06 
 8.73161136e-07  3.29998886e+00  8.73161136e-07  3.29998845e+00  8.73161136e-07  0.00000000e+00  8.73161136e-07  4.38150065e-06 
 8.73661136e-07  3.30000760e+00  8.73661136e-07  3.30000424e+00  8.73661136e-07  0.00000000e+00  8.73661136e-07 -4.88764075e-06 
 8.74161136e-07  3.29999603e+00  8.74161136e-07  3.29999893e+00  8.74161136e-07  0.00000000e+00  8.74161136e-07  4.49912005e-06 
 8.74661136e-07  3.30000330e+00  8.74661136e-07  3.30000109e+00  8.74661136e-07  0.00000000e+00  8.74661136e-07 -4.84233945e-06 
 8.75161136e-07  3.29999823e+00  8.75161136e-07  3.29999977e+00  8.75161136e-07  0.00000000e+00  8.75161136e-07  4.55955659e-06 
 8.75661136e-07  3.30000165e+00  8.75661136e-07  3.30000051e+00  8.75661136e-07  0.00000000e+00  8.75661136e-07 -4.81521039e-06 
 8.76161136e-07  3.29999914e+00  8.76161136e-07  3.29999993e+00  8.76161136e-07  0.00000000e+00  8.76161136e-07  4.59444632e-06 
 8.76661136e-07  3.30000089e+00  8.76661136e-07  3.30000028e+00  8.76661136e-07  0.00000000e+00  8.76661136e-07 -4.79688170e-06 
 8.77161136e-07  3.29999958e+00  8.77161136e-07  3.29999998e+00  8.77161136e-07  0.00000000e+00  8.77161136e-07  4.61668763e-06 
 8.77661136e-07  3.30000049e+00  8.77661136e-07  3.30000017e+00  8.77661136e-07  0.00000000e+00  8.77661136e-07 -4.78350473e-06 
 8.78161136e-07  3.29999981e+00  8.78161136e-07  3.30000001e+00  8.78161136e-07  0.00000000e+00  8.78161136e-07  4.63181790e-06 
 8.78661136e-07  3.30000028e+00  8.78661136e-07  3.30000010e+00  8.78661136e-07  0.00000000e+00  8.78661136e-07 -4.77328984e-06 
 8.79161136e-07  3.29999992e+00  8.79161136e-07  3.30000002e+00  8.79161136e-07  0.00000000e+00  8.79161136e-07  4.64266953e-06 
 8.79661136e-07  3.30000016e+00  8.79661136e-07  3.30000007e+00  8.79661136e-07  0.00000000e+00  8.79661136e-07 -4.76525980e-06 
 8.80161136e-07  3.29999997e+00  8.80161136e-07  3.30000002e+00  8.80161136e-07  0.00000000e+00  8.80161136e-07  4.65079869e-06 
 8.80661136e-07  3.30000010e+00  8.80661136e-07  3.30000004e+00  8.80661136e-07  0.00000000e+00  8.80661136e-07 -4.75881301e-06 
 8.81161136e-07  3.30000000e+00  8.81161136e-07  3.30000002e+00  8.81161136e-07  0.00000000e+00  8.81161136e-07  4.65710913e-06 
 8.81661136e-07  3.30000006e+00  8.81661136e-07  3.30000003e+00  8.81661136e-07  0.00000000e+00  8.81661136e-07 -4.75354898e-06 
 8.82161136e-07  3.30000001e+00  8.82161136e-07  3.30000001e+00  8.82161136e-07  0.00000000e+00  8.82161136e-07  4.66215146e-06 
 8.82661136e-07  3.30000004e+00  8.82661136e-07  3.30000002e+00  8.82661136e-07  0.00000000e+00  8.82661136e-07 -4.74918780e-06 
 8.83161136e-07  3.30000001e+00  8.83161136e-07  3.30000001e+00  8.83161136e-07  0.00000000e+00  8.83161136e-07  4.66627600e-06 
 8.83661136e-07  3.30000003e+00  8.83661136e-07  3.30000001e+00  8.83661136e-07  0.00000000e+00  8.83661136e-07 -4.74552764e-06 
 8.84161136e-07  3.30000001e+00  8.84161136e-07  3.30000001e+00  8.84161136e-07  0.00000000e+00  8.84161136e-07  4.66971459e-06 
 8.84661136e-07  3.30000002e+00  8.84661136e-07  3.30000001e+00  8.84661136e-07  0.00000000e+00  8.84661136e-07 -4.74241989e-06 
 8.85161136e-07  3.30000001e+00  8.85161136e-07  3.30000001e+00  8.85161136e-07  0.00000000e+00  8.85161136e-07  4.67262653e-06 
 8.85661136e-07  3.30000001e+00  8.85661136e-07  3.30000001e+00  8.85661136e-07  0.00000000e+00  8.85661136e-07 -4.73975334e-06 
 8.86161136e-07  3.30000001e+00  8.86161136e-07  3.30000000e+00  8.86161136e-07  0.00000000e+00  8.86161136e-07  4.67512475e-06 
 8.86661136e-07  3.30000001e+00  8.86661136e-07  3.30000000e+00  8.86661136e-07  0.00000000e+00  8.86661136e-07 -4.73744348e-06 
 8.87161136e-07  3.30000001e+00  8.87161136e-07  3.30000000e+00  8.87161136e-07  0.00000000e+00  8.87161136e-07  4.67729167e-06 
 8.87661136e-07  3.30000001e+00  8.87661136e-07  3.30000000e+00  8.87661136e-07  0.00000000e+00  8.87661136e-07 -4.73542535e-06 
 8.88161136e-07  3.30000000e+00  8.88161136e-07  3.30000000e+00  8.88161136e-07  0.00000000e+00  8.88161136e-07  4.67918890e-06 
 8.88661136e-07  3.30000000e+00  8.88661136e-07  3.30000000e+00  8.88661136e-07  0.00000000e+00  8.88661136e-07 -4.73364833e-06 
 8.89161136e-07  3.30000000e+00  8.89161136e-07  3.30000000e+00  8.89161136e-07  0.00000000e+00  8.89161136e-07  4.68086358e-06 
 8.89661136e-07  3.30000000e+00  8.89661136e-07  3.30000000e+00  8.89661136e-07  0.00000000e+00  8.89661136e-07 -4.73207261e-06 
 8.90161136e-07  3.30000000e+00  8.90161136e-07  3.30000000e+00  8.90161136e-07  0.00000000e+00  8.90161136e-07  4.68235239e-06 
 8.90661136e-07  3.30000000e+00  8.90661136e-07  3.30000000e+00  8.90661136e-07  0.00000000e+00  8.90661136e-07 -4.73066647e-06 
 8.91161136e-07  3.30000000e+00  8.91161136e-07  3.30000000e+00  8.91161136e-07  0.00000000e+00  8.91161136e-07  4.68368437e-06 
 8.91661136e-07  3.30000000e+00  8.91661136e-07  3.30000000e+00  8.91661136e-07  0.00000000e+00  8.91661136e-07 -4.72940442e-06 
 8.92161136e-07  3.30000000e+00  8.92161136e-07  3.30000000e+00  8.92161136e-07  0.00000000e+00  8.92161136e-07  4.68488278e-06 
 8.92661136e-07  3.30000000e+00  8.92661136e-07  3.30000000e+00  8.92661136e-07  0.00000000e+00  8.92661136e-07 -4.72826575e-06 
 8.93161136e-07  3.30000000e+00  8.93161136e-07  3.29999999e+00  8.93161136e-07  0.00000000e+00  8.93161136e-07  4.68596653e-06 
 8.93661136e-07  3.30000000e+00  8.93661136e-07  3.29999999e+00  8.93661136e-07  0.00000000e+00  8.93661136e-07 -4.72723347e-06 
 8.94161136e-07  3.30000000e+00  8.94161136e-07  3.29999999e+00  8.94161136e-07  0.00000000e+00  8.94161136e-07  4.68695113e-06 
 8.94661136e-07  3.30000000e+00  8.94661136e-07  3.29999999e+00  8.94661136e-07  0.00000000e+00  8.94661136e-07 -4.72629357e-06 
 8.95161136e-07  3.30000000e+00  8.95161136e-07  3.29999999e+00  8.95161136e-07  0.00000000e+00  8.95161136e-07  4.68784942e-06 
 8.95661136e-07  3.30000000e+00  8.95661136e-07  3.29999999e+00  8.95661136e-07  0.00000000e+00  8.95661136e-07 -4.72543433e-06 
 8.96161136e-07  3.29999999e+00  8.96161136e-07  3.29999999e+00  8.96161136e-07  0.00000000e+00  8.96161136e-07  4.68867214e-06 
 8.96661136e-07  3.29999999e+00  8.96661136e-07  3.29999999e+00  8.96661136e-07  0.00000000e+00  8.96661136e-07 -4.72464594e-06 
 8.97161136e-07  3.29999999e+00  8.97161136e-07  3.29999999e+00  8.97161136e-07  0.00000000e+00  8.97161136e-07  4.68942831e-06 
 8.97661136e-07  3.29999999e+00  8.97661136e-07  3.29999999e+00  8.97661136e-07  0.00000000e+00  8.97661136e-07 -4.72392010e-06 
 8.98161136e-07  3.29999999e+00  8.98161136e-07  3.29999999e+00  8.98161136e-07  0.00000000e+00  8.98161136e-07  4.69012560e-06 
 8.98661136e-07  3.29999999e+00  8.98661136e-07  3.29999999e+00  8.98661136e-07  0.00000000e+00  8.98661136e-07 -4.72324975e-06 
 8.99161136e-07  3.29999999e+00  8.99161136e-07  3.29999999e+00  8.99161136e-07  0.00000000e+00  8.99161136e-07  4.69077054e-06 
 8.99661136e-07  3.29999999e+00  8.99661136e-07  3.29999999e+00  8.99661136e-07  0.00000000e+00  8.99661136e-07 -4.72262883e-06 
 9.00000000e-07  3.29999999e+00  9.00000000e-07  3.29999999e+00  9.00000000e-07  0.00000000e+00  9.00000000e-07  4.69127527e-06 
 9.00050000e-07  3.29999999e+00  9.00050000e-07  3.29999999e+00  9.00050000e-07  0.00000000e+00  9.00050000e-07 -1.55477804e-08 
 9.00150000e-07  3.29999999e+00  9.00150000e-07  3.29999999e+00  9.00150000e-07  0.00000000e+00  9.00150000e-07 -1.54896942e-08 
 9.00350000e-07  3.29999999e+00  9.00350000e-07  3.29999999e+00  9.00350000e-07  0.00000000e+00  9.00350000e-07 -1.53752083e-08 
 9.00750000e-07  3.29999999e+00  9.00750000e-07  3.29999999e+00  9.00750000e-07  0.00000000e+00  9.00750000e-07 -1.51508912e-08 
 9.01250000e-07  3.29999999e+00  9.01250000e-07  3.29999999e+00  9.01250000e-07  0.00000000e+00  9.01250000e-07 -1.48794709e-08 
 9.01750000e-07  3.29999999e+00  9.01750000e-07  3.29999999e+00  9.01750000e-07  0.00000000e+00  9.01750000e-07 -1.46172572e-08 
 9.02250000e-07  3.29999999e+00  9.02250000e-07  3.29999999e+00  9.02250000e-07  0.00000000e+00  9.02250000e-07 -1.43640277e-08 
 9.02750000e-07  3.29999999e+00  9.02750000e-07  3.29999999e+00  9.02750000e-07  0.00000000e+00  9.02750000e-07 -1.41191055e-08 
 9.03250000e-07  3.29999999e+00  9.03250000e-07  3.29999999e+00  9.03250000e-07  0.00000000e+00  9.03250000e-07 -1.38823206e-08 
 9.03750000e-07  3.29999999e+00  9.03750000e-07  3.29999999e+00  9.03750000e-07  0.00000000e+00  9.03750000e-07 -1.36530536e-08 
 9.04250000e-07  3.29999999e+00  9.04250000e-07  3.29999999e+00  9.04250000e-07  0.00000000e+00  9.04250000e-07 -1.34311815e-08 
 9.04750000e-07  3.29999999e+00  9.04750000e-07  3.29999999e+00  9.04750000e-07  0.00000000e+00  9.04750000e-07 -1.32161325e-08 
 9.05250000e-07  3.29999999e+00  9.05250000e-07  3.29999999e+00  9.05250000e-07  0.00000000e+00  9.05250000e-07 -1.30078244e-08 
 9.05750000e-07  3.29999999e+00  9.05750000e-07  3.29999999e+00  9.05750000e-07  0.00000000e+00  9.05750000e-07 -1.28057255e-08 
 9.06250000e-07  3.29999999e+00  9.06250000e-07  3.29999999e+00  9.06250000e-07  0.00000000e+00  9.06250000e-07 -1.26097893e-08 
 9.06750000e-07  3.29999999e+00  9.06750000e-07  3.29999999e+00  9.06750000e-07  0.00000000e+00  9.06750000e-07 -1.24195182e-08 
 9.07250000e-07  3.29999999e+00  9.07250000e-07  3.29999999e+00  9.07250000e-07  0.00000000e+00  9.07250000e-07 -1.22348965e-08 
 9.07750000e-07  3.29999999e+00  9.07750000e-07  3.29999999e+00  9.07750000e-07  0.00000000e+00  9.07750000e-07 -1.20554559e-08 
 9.08250000e-07  3.29999999e+00  9.08250000e-07  3.29999999e+00  9.08250000e-07  0.00000000e+00  9.08250000e-07 -1.18812077e-08 
 9.08750000e-07  3.29999999e+00  9.08750000e-07  3.29999999e+00  9.08750000e-07  0.00000000e+00  9.08750000e-07 -1.17117088e-08 
 9.09250000e-07  3.29999999e+00  9.09250000e-07  3.29999999e+00  9.09250000e-07  0.00000000e+00  9.09250000e-07 -1.15469937e-08 
 9.09750000e-07  3.29999999e+00  9.09750000e-07  3.29999999e+00  9.09750000e-07  0.00000000e+00  9.09750000e-07 -1.13866416e-08 
 9.10250000e-07  3.29999999e+00  9.10250000e-07  3.29999999e+00  9.10250000e-07  0.00000000e+00  9.10250000e-07 -1.12307072e-08 
 9.10750000e-07  3.29999999e+00  9.10750000e-07  3.29999999e+00  9.10750000e-07  0.00000000e+00  9.10750000e-07 -1.10787889e-08 
 9.11250000e-07  3.29999999e+00  9.11250000e-07  3.29999999e+00  9.11250000e-07  0.00000000e+00  9.11250000e-07 -1.09309594e-08 
 9.11750000e-07  3.29999999e+00  9.11750000e-07  3.29999999e+00  9.11750000e-07  0.00000000e+00  9.11750000e-07 -1.07868338e-08 
 9.12250000e-07  3.29999999e+00  9.12250000e-07  3.29999999e+00  9.12250000e-07  0.00000000e+00  9.12250000e-07 -1.06465004e-08 
 9.12750000e-07  3.29999999e+00  9.12750000e-07  3.29999999e+00  9.12750000e-07  0.00000000e+00  9.12750000e-07 -1.05095892e-08 
 9.13250000e-07  3.29999999e+00  9.13250000e-07  3.29999999e+00  9.13250000e-07  0.00000000e+00  9.13250000e-07 -1.03762024e-08 
 9.13750000e-07  3.29999999e+00  9.13750000e-07  3.29999999e+00  9.13750000e-07  0.00000000e+00  9.13750000e-07 -1.02459829e-08 
 9.14250000e-07  3.29999999e+00  9.14250000e-07  3.29999999e+00  9.14250000e-07  0.00000000e+00  9.14250000e-07 -1.01190450e-08 
 9.14750000e-07  3.29999999e+00  9.14750000e-07  3.29999999e+00  9.14750000e-07  0.00000000e+00  9.14750000e-07 -9.99504335e-09 
 9.15250000e-07  3.29999999e+00  9.15250000e-07  3.29999999e+00  9.15250000e-07  0.00000000e+00  9.15250000e-07 -9.87410311e-09 
 9.15750000e-07  3.29999999e+00  9.15750000e-07  3.29999999e+00  9.15750000e-07  0.00000000e+00  9.15750000e-07 -9.75588893e-09 
 9.16250000e-07  3.29999999e+00  9.16250000e-07  3.29999999e+00  9.16250000e-07  0.00000000e+00  9.16250000e-07 -9.64053574e-09 
 9.16750000e-07  3.29999999e+00  9.16750000e-07  3.29999999e+00  9.16750000e-07  0.00000000e+00  9.16750000e-07 -9.52771724e-09 
 9.17250000e-07  3.29999999e+00  9.17250000e-07  3.29999999e+00  9.17250000e-07  0.00000000e+00  9.17250000e-07 -9.41757697e-09 
 9.17750000e-07  3.29999999e+00  9.17750000e-07  3.29999999e+00  9.17750000e-07  0.00000000e+00  9.17750000e-07 -9.30979673e-09 
 9.18250000e-07  3.29999999e+00  9.18250000e-07  3.29999999e+00  9.18250000e-07  0.00000000e+00  9.18250000e-07 -9.20452772e-09 
 9.18750000e-07  3.29999999e+00  9.18750000e-07  3.29999999e+00  9.18750000e-07  0.00000000e+00  9.18750000e-07 -9.10145898e-09 
 9.19250000e-07  3.29999999e+00  9.19250000e-07  3.29999999e+00  9.19250000e-07  0.00000000e+00  9.19250000e-07 -9.00074859e-09 
 9.19750000e-07  3.29999999e+00  9.19750000e-07  3.29999999e+00  9.19750000e-07  0.00000000e+00  9.19750000e-07 -8.90209209e-09 
 9.20000000e-07  3.29999999e+00  9.20000000e-07  3.29999999e+00  9.20000000e-07  0.00000000e+00  9.20000000e-07 -8.85364844e-09 
 9.20010000e-07  3.32223349e+00  9.20010000e-07  3.32224763e+00  9.20010000e-07  3.30000000e-01  9.20010000e-07  4.12762971e-04 
 9.20030000e-07  3.36403017e+00  9.20030000e-07  3.36407741e+00  9.20030000e-07  9.90000000e-01  9.20030000e-07  4.61926092e-04 
 9.20070000e-07  3.44543842e+00  9.20070000e-07  3.44552614e+00  9.20070000e-07  2.31000000e+00  9.20070000e-07  4.59463720e-04 
 9.20100000e-07  3.48394808e+00  9.20100000e-07  3.48394799e+00  9.20100000e-07  3.30000000e+00  9.20100000e-07  2.92042914e-04 
 9.20104205e-07  3.48305693e+00  9.20104205e-07  3.48309827e+00  9.20104205e-07  3.30000000e+00  9.20104205e-07 -1.20621082e-05 
 9.20112615e-07  3.48038387e+00  9.20112615e-07  3.48054771e+00  9.20112615e-07  3.30000000e+00  9.20112615e-07 -3.89775859e-05 
 9.20129435e-07  3.46935487e+00  9.20129435e-07  3.46993483e+00  9.20129435e-07  3.30000000e+00  9.20129435e-07 -5.27304096e-05 
 9.20163074e-07  3.43972838e+00  9.20163074e-07  3.44094235e+00  9.20163074e-07  3.30000000e+00  9.20163074e-07 -7.10713775e-05 
 9.20220505e-07  3.25007384e+00  9.20220505e-07  3.24522362e+00  9.20220505e-07  3.30000000e+00  9.20220505e-07 -1.00907904e-04 
 9.20272524e-07  2.98003155e+00  9.20272524e-07  2.95682950e+00  9.20272524e-07  3.30000000e+00  9.20272524e-07 -1.24297273e-04 
 9.20345617e-07  2.57216954e+00  9.20345617e-07  2.54079056e+00  9.20345617e-07  3.30000000e+00  9.20345617e-07 -1.02990398e-04 
 9.20430602e-07  2.16688998e+00  9.20430602e-07  2.11683841e+00  9.20430602e-07  3.30000000e+00  9.20430602e-07 -1.78031021e-04 
 9.20554252e-07  1.86236124e+00  9.20554252e-07  1.70234554e+00  9.20554252e-07  3.30000000e+00  9.20554252e-07 -2.30277482e-04 
 9.20699134e-07  2.07523348e+00  9.20699134e-07  1.26056112e+00  9.20699134e-07  3.30000000e+00  9.20699134e-07 -3.25880741e-04 
 9.20849661e-07  2.68463234e+00  9.20849661e-07  7.82031598e-01  9.20849661e-07  3.30000000e+00  9.20849661e-07 -2.56231178e-04 
 9.20967202e-07  3.05835099e+00  9.20967202e-07  5.04924702e-01  9.20967202e-07  3.30000000e+00  9.20967202e-07 -1.77846211e-04 
 9.21098157e-07  3.21630165e+00  9.21098157e-07  2.69144941e-01  9.21098157e-07  3.30000000e+00  9.21098157e-07 -4.79437166e-05 
 9.21290641e-07  3.27765482e+00  9.21290641e-07  8.62189269e-02  9.21290641e-07  3.30000000e+00  9.21290641e-07 -4.27212146e-05 
 9.21513494e-07  3.29428988e+00  9.21513494e-07  1.94122555e-02  9.21513494e-07  3.30000000e+00  9.21513494e-07  1.62621530e-05 
 9.21824852e-07  3.29987130e+00  9.21824852e-07  8.41162474e-04  9.21824852e-07  3.30000000e+00  9.21824852e-07 -2.17148132e-05 
 9.22121114e-07  3.29991381e+00  9.22121114e-07  1.91459380e-04  9.22121114e-07  3.30000000e+00  9.22121114e-07  2.14912227e-05 
 9.22621114e-07  3.30005228e+00  9.22621114e-07 -1.33416698e-04  9.22621114e-07  3.30000000e+00  9.22621114e-07 -2.15207555e-05 
 9.23121114e-07  3.29996151e+00  9.23121114e-07  1.20980218e-04  9.23121114e-07  3.30000000e+00  9.23121114e-07  2.15337726e-05 
 9.23621114e-07  3.30003115e+00  9.23621114e-07 -1.13869729e-04  9.23621114e-07  3.30000000e+00  9.23621114e-07 -2.15419756e-05 
 9.24121114e-07  3.29997306e+00  9.24121114e-07  1.11500138e-04  9.24121114e-07  3.30000000e+00  9.24121114e-07  2.15480029e-05 
 9.24621114e-07  3.30002411e+00  9.24621114e-07 -1.06647128e-04  9.24621114e-07  3.30000000e+00  9.24621114e-07 -2.15531714e-05 
 9.25121114e-07  3.29997776e+00  9.25121114e-07  1.04907528e-04  9.25121114e-07  3.30000000e+00  9.25121114e-07  2.15576613e-05 
 9.25621114e-07  3.30002072e+00  9.25621114e-07 -1.00494721e-04  9.25621114e-07  3.30000000e+00  9.25621114e-07 -2.15619701e-05 
 9.26121114e-07  3.29998043e+00  9.26121114e-07  9.90103591e-05  9.26121114e-07  3.30000000e+00  9.26121114e-07  2.15659724e-05 
 9.26621114e-07  3.30001847e+00  9.26621114e-07 -9.48868226e-05  9.26621114e-07  3.30000000e+00  9.26621114e-07 -2.15699853e-05 
 9.27121114e-07  3.29998243e+00  9.27121114e-07  9.35667210e-05  9.27121114e-07  3.30000000e+00  9.27121114e-07  2.15738024e-05 
 9.27621114e-07  3.30001664e+00  9.27621114e-07 -8.96459742e-05  9.27621114e-07  3.30000000e+00  9.27621114e-07 -2.15776800e-05 
 9.28121114e-07  3.29998416e+00  9.28121114e-07  8.84269645e-05  9.28121114e-07  3.30000000e+00  9.28121114e-07  2.15813893e-05 
 9.28621114e-07  3.30001500e+00  9.28621114e-07 -8.46544638e-05  9.28621114e-07  3.30000000e+00  9.28621114e-07 -2.15851638e-05 
 9.29121114e-07  3.29998573e+00  9.29121114e-07  8.35014853e-05  9.29121114e-07  3.30000000e+00  9.29121114e-07  2.15887720e-05 
 9.29621114e-07  3.30001351e+00  9.29621114e-07 -7.98489986e-05  9.29621114e-07  3.30000000e+00  9.29621114e-07 -2.15924376e-05 
 9.30121114e-07  3.29998715e+00  9.30121114e-07  7.87477334e-05  9.30121114e-07  3.30000000e+00  9.30121114e-07  2.15959328e-05 
 9.30621114e-07  3.30001215e+00  9.30621114e-07 -7.52036363e-05  9.30621114e-07  3.30000000e+00  9.30621114e-07 -2.15994754e-05 
 9.31121114e-07  3.29998844e+00  9.31121114e-07  7.41518328e-05  9.31121114e-07  3.30000000e+00  9.31121114e-07  2.16028434e-05 
 9.31621114e-07  3.30001093e+00  9.31621114e-07 -7.07132936e-05  9.31621114e-07  3.30000000e+00  9.31621114e-07 -2.16062502e-05 
 9.32121114e-07  3.29998961e+00  9.32121114e-07  6.97145316e-05  9.32121114e-07  3.30000000e+00  9.32121114e-07  2.16094796e-05 
 9.32621114e-07  3.30000982e+00  9.32621114e-07 -6.63825652e-05  9.32621114e-07  3.30000000e+00  9.32621114e-07 -2.16127410e-05 
 9.33121114e-07  3.29999065e+00  9.33121114e-07  6.54425170e-05  9.33121114e-07  3.30000000e+00  9.33121114e-07  2.16158240e-05 
 9.33621114e-07  3.30000884e+00  9.33621114e-07 -6.22192276e-05  9.33621114e-07  3.30000000e+00  9.33621114e-07 -2.16189342e-05 
 9.34121114e-07  3.29999159e+00  9.34121114e-07  6.13436595e-05  9.34121114e-07  3.30000000e+00  9.34121114e-07  2.16218663e-05 
 9.34621114e-07  3.30000795e+00  9.34621114e-07 -5.82308621e-05  9.34621114e-07  3.30000000e+00  9.34621114e-07 -2.16248222e-05 
 9.35121114e-07  3.29999242e+00  9.35121114e-07  5.74246882e-05  9.35121114e-07  3.30000000e+00  9.35121114e-07  2.16276018e-05 
 9.35621114e-07  3.30000717e+00  9.35621114e-07 -5.44233172e-05  9.35621114e-07  3.30000000e+00  9.35621114e-07 -2.16304029e-05 
 9.36121114e-07  3.29999317e+00  9.36121114e-07  5.36902403e-05  9.36121114e-07  3.30000000e+00  9.36121114e-07  2.16330302e-05 
 9.36621114e-07  3.30000646e+00  9.36621114e-07 -5.08001782e-05  9.36621114e-07  3.30000000e+00  9.36621114e-07 -2.16356779e-05 
 9.37121114e-07  3.29999384e+00  9.37121114e-07  5.01426352e-05  9.37121114e-07  3.30000000e+00  9.37121114e-07  2.16381549e-05 
 9.37621114e-07  3.30000583e+00  9.37621114e-07 -4.73627476e-05  9.37621114e-07  3.30000000e+00  9.37621114e-07 -2.16406521e-05 
 9.38121114e-07  3.29999444e+00  9.38121114e-07  4.67820019e-05  9.38121114e-07  3.30000000e+00  9.38121114e-07  2.16429822e-05 
 9.38621114e-07  3.30000527e+00  9.38621114e-07 -4.41102643e-05  9.38621114e-07  3.30000000e+00  9.38621114e-07 -2.16453328e-05 
 9.39121114e-07  3.29999497e+00  9.39121114e-07  4.36065572e-05  9.39121114e-07  3.30000000e+00  9.39121114e-07  2.16475203e-05 
 9.39621114e-07  3.30000476e+00  9.39621114e-07 -4.10402120e-05  9.39621114e-07  3.30000000e+00  9.39621114e-07 -2.16497289e-05 
 9.40121114e-07  3.29999545e+00  9.40121114e-07  4.06129307e-05  9.40121114e-07  3.30000000e+00  9.40121114e-07  2.16517788e-05 
 9.40621114e-07  3.30000431e+00  9.40621114e-07 -3.81486444e-05  9.40621114e-07  3.30000000e+00  9.40621114e-07 -2.16538510e-05 
 9.41121114e-07  3.29999588e+00  9.41121114e-07  3.77964832e-05  9.41121114e-07  3.30000000e+00  9.41121114e-07  2.16557687e-05 
 9.41621114e-07  3.30000390e+00  9.41621114e-07 -3.54304905e-05  9.41621114e-07  3.30000000e+00  9.41621114e-07 -2.16577102e-05 
 9.42121114e-07  3.29999627e+00  9.42121114e-07  3.51515971e-05  9.42121114e-07  3.30000000e+00  9.42121114e-07  2.16595016e-05 
 9.42621114e-07  3.30000354e+00  9.42621114e-07 -3.28798264e-05  9.42621114e-07  3.30000000e+00  9.42621114e-07 -2.16613183e-05 
 9.43121114e-07  3.29999661e+00  9.43121114e-07  3.26719294e-05  9.43121114e-07  3.30000000e+00  9.43121114e-07  2.16629894e-05 
 9.43621114e-07  3.30000321e+00  9.43621114e-07 -3.04901092e-05  9.43621114e-07  3.30000000e+00  9.43621114e-07 -2.16646876e-05 
 9.44121114e-07  3.29999693e+00  9.44121114e-07  3.03506265e-05  9.44121114e-07  3.30000000e+00  9.44121114e-07  2.16662445e-05 
 9.44621114e-07  3.30000291e+00  9.44621114e-07 -2.82543735e-05  9.44621114e-07  3.30000000e+00  9.44621114e-07 -2.16678304e-05 
 9.45121114e-07  3.29999721e+00  9.45121114e-07  2.81805036e-05  9.45121114e-07  3.30000000e+00  9.45121114e-07  2.16692791e-05 
 9.45621114e-07  3.30000264e+00  9.45621114e-07 -2.61653945e-05  9.45621114e-07  3.30000000e+00  9.45621114e-07 -2.16707588e-05 
 9.46121114e-07  3.29999746e+00  9.46121114e-07  2.61541920e-05  9.46121114e-07  3.30000000e+00  9.46121114e-07  2.16721054e-05 
 9.46621114e-07  3.30000240e+00  9.46621114e-07 -2.42158210e-05  9.46621114e-07  3.30000000e+00  9.46621114e-07 -2.16734850e-05 
 9.47121114e-07  3.29999769e+00  9.47121114e-07  2.42642586e-05  9.47121114e-07  3.30000000e+00  9.47121114e-07  2.16747354e-05 
 9.47621114e-07  3.30000219e+00  9.47621114e-07 -2.23982832e-05  9.47621114e-07  3.30000000e+00  9.47621114e-07 -2.16760207e-05 
 9.48121114e-07  3.29999790e+00  9.48121114e-07  2.25033019e-05  9.48121114e-07  3.30000000e+00  9.48121114e-07  2.16771807e-05 
 9.48621114e-07  3.30000199e+00  9.48621114e-07 -2.07054784e-05  9.48621114e-07  3.30000000e+00  9.48621114e-07 -2.16783776e-05 
 9.49121114e-07  3.29999808e+00  9.49121114e-07  2.08640277e-05  9.49121114e-07  3.30000000e+00  9.49121114e-07  2.16794527e-05 
 9.49621114e-07  3.30000181e+00  9.49621114e-07 -1.91302377e-05  9.49621114e-07  3.30000000e+00  9.49621114e-07 -2.16805666e-05 
 9.50121114e-07  3.29999825e+00  9.50121114e-07  1.93393079e-05  9.50121114e-07  3.30000000e+00  9.50121114e-07  2.16815622e-05 
 9.50621114e-07  3.30000165e+00  9.50621114e-07 -1.76655784e-05  9.50621114e-07  3.30000000e+00  9.50621114e-07 -2.16825984e-05 
 9.51121114e-07  3.29999841e+00  9.51121114e-07  1.79222250e-05  9.51121114e-07  3.30000000e+00  9.51121114e-07  2.16835195e-05 
 9.51621114e-07  3.30000151e+00  9.51621114e-07 -1.63047429e-05  9.51621114e-07  3.30000000e+00  9.51621114e-07 -2.16844831e-05 
 9.52121114e-07  3.29999855e+00  9.52121114e-07  1.66061060e-05  9.52121114e-07  3.30000000e+00  9.52121114e-07  2.16853347e-05 
 9.52621114e-07  3.30000137e+00  9.52621114e-07 -1.50412266e-05  9.52621114e-07  3.30000000e+00  9.52621114e-07 -2.16862304e-05 
 9.53121114e-07  3.29999867e+00  9.53121114e-07  1.53845448e-05  9.53121114e-07  3.30000000e+00  9.53121114e-07  2.16870171e-05 
 9.53621114e-07  3.30000126e+00  9.53621114e-07 -1.38687981e-05  9.53621114e-07  3.30000000e+00  9.53621114e-07 -2.16878496e-05 
 9.54121114e-07  3.29999879e+00  9.54121114e-07  1.42514189e-05  9.54121114e-07  3.30000000e+00  9.54121114e-07  2.16885758e-05 
 9.54621114e-07  3.30000115e+00  9.54621114e-07 -1.27815113e-05  9.54621114e-07  3.30000000e+00  9.54621114e-07 -2.16893493e-05 
 9.55121114e-07  3.29999889e+00  9.55121114e-07  1.32008976e-05  9.55121114e-07  3.30000000e+00  9.55121114e-07  2.16900191e-05 
 9.55621114e-07  3.30000105e+00  9.55621114e-07 -1.17737122e-05  9.55621114e-07  3.30000000e+00  9.55621114e-07 -2.16907377e-05 
 9.56121114e-07  3.29999899e+00  9.56121114e-07  1.22274467e-05  9.56121114e-07  3.30000000e+00  9.56121114e-07  2.16913551e-05 
 9.56621114e-07  3.30000091e+00  9.56621114e-07 -9.84390744e-06  9.56621114e-07  3.30000000e+00  9.56621114e-07 -2.16920093e-05 
 9.57121114e-07  3.29999890e+00  9.57121114e-07  1.31368591e-05  9.57121114e-07  3.30000000e+00  9.57121114e-07  2.16924506e-05 
 9.57621114e-07  3.30000069e+00  9.57621114e-07 -8.42187658e-06  9.57621114e-07  3.30000000e+00  9.57621114e-07 -2.16933495e-05 
 9.58121114e-07  3.29999901e+00  9.58121114e-07  1.20326276e-05  9.58121114e-07  3.30000000e+00  9.58121114e-07  2.16936286e-05 
 9.58621114e-07  3.30000063e+00  9.58621114e-07 -7.71604526e-06  9.58621114e-07  3.30000000e+00  9.58621114e-07 -2.16944391e-05 
 9.59121114e-07  3.29999909e+00  9.59121114e-07  1.11302434e-05  9.59121114e-07  3.30000000e+00  9.59121114e-07  2.16946924e-05 
 9.59621114e-07  3.30000058e+00  9.59621114e-07 -7.08783374e-06  9.59621114e-07  3.30000000e+00  9.59621114e-07 -2.16954441e-05 
 9.60121114e-07  3.29999916e+00  9.60121114e-07  1.03014969e-05  9.60121114e-07  3.30000000e+00  9.60121114e-07  2.16956767e-05 
 9.60621114e-07  3.30000053e+00  9.60621114e-07 -6.50783621e-06  9.60621114e-07  3.30000000e+00  9.60621114e-07 -2.16963739e-05 
 9.61121114e-07  3.29999923e+00  9.61121114e-07  9.53603864e-06  9.61121114e-07  3.30000000e+00  9.61121114e-07  2.16965870e-05 
 9.61621114e-07  3.30000049e+00  9.61621114e-07 -5.97141240e-06  9.61621114e-07  3.30000000e+00  9.61621114e-07 -2.16972334e-05 
 9.62121114e-07  3.29999930e+00  9.62121114e-07  8.82890839e-06  9.62121114e-07  3.30000000e+00  9.62121114e-07  2.16974282e-05 
 9.62621114e-07  3.30000045e+00  9.62621114e-07 -5.47533387e-06  9.62621114e-07  3.30000000e+00  9.62621114e-07 -2.16980274e-05 
 9.63121114e-07  3.29999935e+00  9.63121114e-07  8.17577674e-06  9.63121114e-07  3.30000000e+00  9.63121114e-07  2.16982050e-05 
 9.63621114e-07  3.30000041e+00  9.63621114e-07 -5.01669094e-06  9.63621114e-07  3.30000000e+00  9.63621114e-07 -2.16987606e-05 
 9.64121114e-07  3.29999941e+00  9.64121114e-07  7.57265300e-06  9.64121114e-07  3.30000000e+00  9.64121114e-07  2.16989222e-05 
 9.64621114e-07  3.30000037e+00  9.64621114e-07 -4.59278424e-06  9.64621114e-07  3.30000000e+00  9.64621114e-07 -2.16994375e-05 
 9.65121114e-07  3.29999946e+00  9.65121114e-07  7.01582983e-06  9.65121114e-07  3.30000000e+00  9.65121114e-07  2.16995843e-05 
 9.65621114e-07  3.30000034e+00  9.65621114e-07 -4.20109483e-06  9.65621114e-07  3.30000000e+00  9.65621114e-07 -2.17000622e-05 
 9.66121114e-07  3.29999950e+00  9.66121114e-07  6.50185818e-06  9.66121114e-07  3.30000000e+00  9.66121114e-07  2.17001953e-05 
 9.66621114e-07  3.30000031e+00  9.66621114e-07 -3.83927038e-06  9.66621114e-07  3.30000000e+00  9.66621114e-07 -2.17006387e-05 
 9.67121114e-07  3.29999954e+00  9.67121114e-07  6.02753017e-06  9.67121114e-07  3.30000000e+00  9.67121114e-07  2.17007590e-05 
 9.67621114e-07  3.30000028e+00  9.67621114e-07 -3.50511566e-06  9.67621114e-07  3.30000000e+00  9.67621114e-07 -2.17011706e-05 
 9.68121114e-07  3.29999958e+00  9.68121114e-07  5.58986438e-06  9.68121114e-07  3.30000000e+00  9.68121114e-07  2.17012791e-05 
 9.68621114e-07  3.30000026e+00  9.68621114e-07 -3.19658433e-06  9.68621114e-07  3.30000000e+00  9.68621114e-07 -2.17016613e-05 
 9.69121114e-07  3.29999961e+00  9.69121114e-07  5.18609210e-06  9.69121114e-07  3.30000000e+00  9.69121114e-07  2.17017588e-05 
 9.69621114e-07  3.30000024e+00  9.69621114e-07 -2.91177086e-06  9.69621114e-07  3.30000000e+00  9.69621114e-07 -2.17021138e-05 
 9.70100000e-07  3.29999964e+00  9.70100000e-07  4.82109450e-06  9.70100000e-07  3.30000000e+00  9.70100000e-07  2.17022105e-05 
 9.70110000e-07  3.29704550e+00  9.70110000e-07 -3.03903782e-03  9.70110000e-07  2.97000000e+00  9.70110000e-07 -2.79988264e-04 
 9.70130000e-07  3.27656103e+00  9.70130000e-07 -2.19404386e-02  9.70130000e-07  2.31000000e+00  9.70130000e-07 -3.71744279e-04 
 9.70170000e-07  3.24443350e+00  9.70170000e-07 -2.93568059e-02  9.70170000e-07  9.90000000e-01  9.70170000e-07 -7.89628993e-04 
 9.70200000e-07  3.25891888e+00  9.70200000e-07  4.93417114e-02  9.70200000e-07  0.00000000e+00  9.70200000e-07 -1.14550243e-03 
 9.70203649e-07  3.26861861e+00  9.70203649e-07  6.91461013e-02  9.70203649e-07  0.00000000e+00  9.70203649e-07 -7.93935168e-04 
 9.70210948e-07  3.28660238e+00  9.70210948e-07  1.08296670e-01  9.70210948e-07  0.00000000e+00  9.70210948e-07 -7.80210568e-04 
 9.70225545e-07  3.31629354e+00  9.70225545e-07  1.84000767e-01  9.70225545e-07  0.00000000e+00  9.70225545e-07 -7.60318223e-04 
 9.70254739e-07  3.35690522e+00  9.70254739e-07  3.30312734e-01  9.70254739e-07  0.00000000e+00  9.70254739e-07 -7.23072590e-04 
 9.70313128e-07  3.40213939e+00  9.70313128e-07  6.34382839e-01  9.70313128e-07  0.00000000e+00  9.70313128e-07 -6.71234108e-04 
 9.70429905e-07  3.48212706e+00  9.70429905e-07  1.40915957e+00  9.70429905e-07  0.00000000e+00  9.70429905e-07 -4.44916694e-04 
 9.70535026e-07  3.51255901e+00  9.70535026e-07  2.08030871e+00  9.70535026e-07  0.00000000e+00  9.70535026e-07 -2.30755509e-04 
 9.70649625e-07  3.45526015e+00  9.70649625e-07  2.56592382e+00  9.70649625e-07  0.00000000e+00  9.70649625e-07 -1.02731364e-04 
 9.70774464e-07  3.40764544e+00  9.70774464e-07  2.90540422e+00  9.70774464e-07  0.00000000e+00  9.70774464e-07 -5.12697789e-05 
 9.70905887e-07  3.35939061e+00  9.70905887e-07  3.11835263e+00  9.70905887e-07  0.00000000e+00  9.70905887e-07 -2.03478991e-05 
 9.71100318e-07  3.32162786e+00  9.71100318e-07  3.25022361e+00  9.71100318e-07  0.00000000e+00  9.71100318e-07 -1.11036463e-05 
 9.71295146e-07  3.30710392e+00  9.71295146e-07  3.28668871e+00  9.71295146e-07  0.00000000e+00  9.71295146e-07  2.06489667e-06 
 9.71684802e-07  3.29984596e+00  9.71684802e-07  3.30095318e+00  9.71684802e-07  0.00000000e+00  9.71684802e-07 -5.22203583e-06 
 9.72160813e-07  3.29998151e+00  9.72160813e-07  3.29980999e+00  9.72160813e-07  0.00000000e+00  9.72160813e-07  4.08120670e-06 
 9.72660813e-07  3.30002372e+00  9.72660813e-07  3.30004612e+00  9.72660813e-07  0.00000000e+00  9.72660813e-07 -4.98886404e-06 
 9.73160813e-07  3.29998882e+00  9.73160813e-07  3.29998840e+00  9.73160813e-07  0.00000000e+00  9.73160813e-07  4.39107580e-06 
 9.73660813e-07  3.30000772e+00  9.73660813e-07  3.30000420e+00  9.73660813e-07  0.00000000e+00  9.73660813e-07 -4.89782192e-06 
 9.74160813e-07  3.29999601e+00  9.74160813e-07  3.29999889e+00  9.74160813e-07  0.00000000e+00  9.74160813e-07  4.50913365e-06 
 9.74660813e-07  3.30000337e+00  9.74660813e-07  3.30000107e+00  9.74660813e-07  0.00000000e+00  9.74660813e-07 -4.85270479e-06 
 9.75160813e-07  3.29999822e+00  9.75160813e-07  3.29999975e+00  9.75160813e-07  0.00000000e+00  9.75160813e-07  4.56980319e-06 
 9.75660813e-07  3.30000168e+00  9.75660813e-07  3.30000050e+00  9.75660813e-07  0.00000000e+00  9.75660813e-07 -4.82565986e-06 
 9.76160813e-07  3.29999914e+00  9.76160813e-07  3.29999991e+00  9.76160813e-07  0.00000000e+00  9.76160813e-07  4.60479404e-06 
 9.76660813e-07  3.30000090e+00  9.76660813e-07  3.30000028e+00  9.76660813e-07  0.00000000e+00  9.76660813e-07 -4.80737333e-06 
 9.77160813e-07  3.29999958e+00  9.77160813e-07  3.29999998e+00  9.77160813e-07  0.00000000e+00  9.77160813e-07  4.62708964e-06 
 9.77660813e-07  3.30000050e+00  9.77660813e-07  3.30000016e+00  9.77660813e-07  0.00000000e+00  9.77660813e-07 -4.79401656e-06 
 9.78160813e-07  3.29999981e+00  9.78160813e-07  3.30000000e+00  9.78160813e-07  0.00000000e+00  9.78160813e-07  4.64224988e-06 
 9.78660813e-07  3.30000028e+00  9.78660813e-07  3.30000010e+00  9.78660813e-07  0.00000000e+00  9.78660813e-07 -4.78381059e-06 
 9.79160813e-07  3.29999992e+00  9.79160813e-07  3.30000001e+00  9.79160813e-07  0.00000000e+00  9.79160813e-07  4.65311865e-06 
 9.79660813e-07  3.30000017e+00  9.79660813e-07  3.30000006e+00  9.79660813e-07  0.00000000e+00  9.79660813e-07 -4.77578391e-06 
 9.80160813e-07  3.29999997e+00  9.80160813e-07  3.30000002e+00  9.80160813e-07  0.00000000e+00  9.80160813e-07  4.66125797e-06 
 9.80660813e-07  3.30000010e+00  9.80660813e-07  3.30000004e+00  9.80660813e-07  0.00000000e+00  9.80660813e-07 -4.76933778e-06 
 9.81160813e-07  3.30000000e+00  9.81160813e-07  3.30000001e+00  9.81160813e-07  0.00000000e+00  9.81160813e-07  4.66757472e-06 
 9.81660813e-07  3.30000006e+00  9.81660813e-07  3.30000003e+00  9.81660813e-07  0.00000000e+00  9.81660813e-07 -4.76407319e-06 
 9.82160813e-07  3.30000001e+00  9.82160813e-07  3.30000001e+00  9.82160813e-07  0.00000000e+00  9.82160813e-07  4.67262118e-06 
 9.82660813e-07  3.30000004e+00  9.82660813e-07  3.30000002e+00  9.82660813e-07  0.00000000e+00  9.82660813e-07 -4.75971095e-06 
 9.83160813e-07  3.30000001e+00  9.83160813e-07  3.30000001e+00  9.83160813e-07  0.00000000e+00  9.83160813e-07  4.67674852e-06 
 9.83660813e-07  3.30000003e+00  9.83660813e-07  3.30000001e+00  9.83660813e-07  0.00000000e+00  9.83660813e-07 -4.75604959e-06 
 9.84160813e-07  3.30000001e+00  9.84160813e-07  3.30000001e+00  9.84160813e-07  0.00000000e+00  9.84160813e-07  4.68018922e-06 
 9.84660813e-07  3.30000002e+00  9.84660813e-07  3.30000001e+00  9.84660813e-07  0.00000000e+00  9.84660813e-07 -4.75294069e-06 
 9.85160813e-07  3.30000001e+00  9.85160813e-07  3.30000000e+00  9.85160813e-07  0.00000000e+00  9.85160813e-07  4.68310275e-06 
 9.85660813e-07  3.30000001e+00  9.85660813e-07  3.30000000e+00  9.85660813e-07  0.00000000e+00  9.85660813e-07 -4.75027307e-06 
 9.86160813e-07  3.30000001e+00  9.86160813e-07  3.30000000e+00  9.86160813e-07  0.00000000e+00  9.86160813e-07  4.68560225e-06 
 9.86660813e-07  3.30000001e+00  9.86660813e-07  3.30000000e+00  9.86660813e-07  0.00000000e+00  9.86660813e-07 -4.74796226e-06 
 9.87160813e-07  3.30000001e+00  9.87160813e-07  3.30000000e+00  9.87160813e-07  0.00000000e+00  9.87160813e-07  4.68777018e-06 
 9.87660813e-07  3.30000001e+00  9.87660813e-07  3.30000000e+00  9.87660813e-07  0.00000000e+00  9.87660813e-07 -4.74594327e-06 
 9.88160813e-07  3.30000000e+00  9.88160813e-07  3.30000000e+00  9.88160813e-07  0.00000000e+00  9.88160813e-07  4.68966827e-06 
 9.88660813e-07  3.30000000e+00  9.88660813e-07  3.30000000e+00  9.88660813e-07  0.00000000e+00  9.88660813e-07 -4.74416550e-06 
 9.89160813e-07  3.30000000e+00  9.89160813e-07  3.30000000e+00  9.89160813e-07  0.00000000e+00  9.89160813e-07  4.69134368e-06 
 9.89660813e-07  3.30000000e+00  9.89660813e-07  3.30000000e+00  9.89660813e-07  0.00000000e+00  9.89660813e-07 -4.74258912e-06 
 9.90160813e-07  3.30000000e+00  9.90160813e-07  3.30000000e+00  9.90160813e-07  0.00000000e+00  9.90160813e-07  4.69283313e-06 
 9.90660813e-07  3.30000000e+00  9.90660813e-07  3.30000000e+00  9.90660813e-07  0.00000000e+00  9.90660813e-07 -4.74118240e-06 
 9.91160813e-07  3.30000000e+00  9.91160813e-07  3.30000000e+00  9.91160813e-07  0.00000000e+00  9.91160813e-07  4.69416565e-06 
 9.91660813e-07  3.30000000e+00  9.91660813e-07  3.30000000e+00  9.91660813e-07  0.00000000e+00  9.91660813e-07 -4.73991984e-06 
 9.92160813e-07  3.30000000e+00  9.92160813e-07  3.29999999e+00  9.92160813e-07  0.00000000e+00  9.92160813e-07  4.69536456e-06 
 9.92660813e-07  3.30000000e+00  9.92660813e-07  3.29999999e+00  9.92660813e-07  0.00000000e+00  9.92660813e-07 -4.73878070e-06 
 9.93160813e-07  3.30000000e+00  9.93160813e-07  3.29999999e+00  9.93160813e-07  0.00000000e+00  9.93160813e-07  4.69644875e-06 
 9.93660813e-07  3.30000000e+00  9.93660813e-07  3.29999999e+00  9.93660813e-07  0.00000000e+00  9.93660813e-07 -4.73774802e-06 
 9.94160813e-07  3.30000000e+00  9.94160813e-07  3.29999999e+00  9.94160813e-07  0.00000000e+00  9.94160813e-07  4.69743374e-06 
 9.94660813e-07  3.30000000e+00  9.94660813e-07  3.29999999e+00  9.94660813e-07  0.00000000e+00  9.94660813e-07 -4.73680774e-06 
 9.95160813e-07  3.30000000e+00  9.95160813e-07  3.29999999e+00  9.95160813e-07  0.00000000e+00  9.95160813e-07  4.69833238e-06 
 9.95660813e-07  3.30000000e+00  9.95660813e-07  3.29999999e+00  9.95660813e-07  0.00000000e+00  9.95660813e-07 -4.73594817e-06 
 9.96160813e-07  3.30000000e+00  9.96160813e-07  3.29999999e+00  9.96160813e-07  0.00000000e+00  9.96160813e-07  4.69915542e-06 
 9.96660813e-07  3.29999999e+00  9.96660813e-07  3.29999999e+00  9.96660813e-07  0.00000000e+00  9.96660813e-07 -4.73515948e-06 
 9.97160813e-07  3.29999999e+00  9.97160813e-07  3.29999999e+00  9.97160813e-07  0.00000000e+00  9.97160813e-07  4.69991188e-06 
 9.97660813e-07  3.29999999e+00  9.97660813e-07  3.29999999e+00  9.97660813e-07  0.00000000e+00  9.97660813e-07 -4.73443337e-06 
 9.98160813e-07  3.29999999e+00  9.98160813e-07  3.29999999e+00  9.98160813e-07  0.00000000e+00  9.98160813e-07  4.70060943e-06 
 9.98660813e-07  3.29999999e+00  9.98660813e-07  3.29999999e+00  9.98660813e-07  0.00000000e+00  9.98660813e-07 -4.73376276e-06 
 9.99160813e-07  3.29999999e+00  9.99160813e-07  3.29999999e+00  9.99160813e-07  0.00000000e+00  9.99160813e-07  4.70125461e-06 
 9.99660813e-07  3.29999999e+00  9.99660813e-07  3.29999999e+00  9.99660813e-07  0.00000000e+00  9.99660813e-07 -4.73314162e-06 
 1.00000000e-06  3.29999999e+00  1.00000000e-06  3.29999999e+00  1.00000000e-06  0.00000000e+00  1.00000000e-06  4.70175972e-06 
 1.00005000e-06  3.29999999e+00  1.00005000e-06  3.29999999e+00  1.00005000e-06  0.00000000e+00  1.00005000e-06 -1.55618125e-08 
 1.00015000e-06  3.29999999e+00  1.00015000e-06  3.29999999e+00  1.00015000e-06  0.00000000e+00  1.00015000e-06 -1.55037068e-08 
 1.00035000e-06  3.29999999e+00  1.00035000e-06  3.29999999e+00  1.00035000e-06  0.00000000e+00  1.00035000e-06 -1.53891816e-08 
 1.00075000e-06  3.29999999e+00  1.00075000e-06  3.29999999e+00  1.00075000e-06  0.00000000e+00  1.00075000e-06 -1.51647884e-08 
 1.00125000e-06  3.29999999e+00  1.00125000e-06  3.29999999e+00  1.00125000e-06  0.00000000e+00  1.00125000e-06 -1.48932759e-08 
 1.00175000e-06  3.29999999e+00  1.00175000e-06  3.29999999e+00  1.00175000e-06  0.00000000e+00  1.00175000e-06 -1.46309738e-08 
 1.00225000e-06  3.29999999e+00  1.00225000e-06  3.29999999e+00  1.00225000e-06  0.00000000e+00  1.00225000e-06 -1.43776591e-08 
 1.00275000e-06  3.29999999e+00  1.00275000e-06  3.29999999e+00  1.00275000e-06  0.00000000e+00  1.00275000e-06 -1.41326550e-08 
 1.00325000e-06  3.29999999e+00  1.00325000e-06  3.29999999e+00  1.00325000e-06  0.00000000e+00  1.00325000e-06 -1.38957912e-08 
 1.00375000e-06  3.29999999e+00  1.00375000e-06  3.29999999e+00  1.00375000e-06  0.00000000e+00  1.00375000e-06 -1.36664483e-08 
 1.00425000e-06  3.29999999e+00  1.00425000e-06  3.29999999e+00  1.00425000e-06  0.00000000e+00  1.00425000e-06 -1.34445028e-08 
 1.00475000e-06  3.29999999e+00  1.00475000e-06  3.29999999e+00  1.00475000e-06  0.00000000e+00  1.00475000e-06 -1.32293831e-08 
 1.00525000e-06  3.29999999e+00  1.00525000e-06  3.29999999e+00  1.00525000e-06  0.00000000e+00  1.00525000e-06 -1.30210066e-08 
 1.00575000e-06  3.29999999e+00  1.00575000e-06  3.29999999e+00  1.00575000e-06  0.00000000e+00  1.00575000e-06 -1.28188420e-08 
 1.00625000e-06  3.29999999e+00  1.00625000e-06  3.29999999e+00  1.00625000e-06  0.00000000e+00  1.00625000e-06 -1.26228420e-08 
 1.00675000e-06  3.29999999e+00  1.00675000e-06  3.29999999e+00  1.00675000e-06  0.00000000e+00  1.00675000e-06 -1.24325094e-08 
 1.00725000e-06  3.29999999e+00  1.00725000e-06  3.29999999e+00  1.00725000e-06  0.00000000e+00  1.00725000e-06 -1.22478281e-08 
 1.00775000e-06  3.29999999e+00  1.00775000e-06  3.29999999e+00  1.00775000e-06  0.00000000e+00  1.00775000e-06 -1.20683300e-08 
 1.00825000e-06  3.29999999e+00  1.00825000e-06  3.29999999e+00  1.00825000e-06  0.00000000e+00  1.00825000e-06 -1.18940259e-08 
 1.00875000e-06  3.29999999e+00  1.00875000e-06  3.29999999e+00  1.00875000e-06  0.00000000e+00  1.00875000e-06 -1.17244731e-08 
 1.00925000e-06  3.29999999e+00  1.00925000e-06  3.29999999e+00  1.00925000e-06  0.00000000e+00  1.00925000e-06 -1.15597056e-08 
 1.00975000e-06  3.29999999e+00  1.00975000e-06  3.29999999e+00  1.00975000e-06  0.00000000e+00  1.00975000e-06 -1.13993029e-08 
 1.01025000e-06  3.29999999e+00  1.01025000e-06  3.29999999e+00  1.01025000e-06  0.00000000e+00  1.01025000e-06 -1.12433192e-08 
 1.01075000e-06  3.29999999e+00  1.01075000e-06  3.29999999e+00  1.01075000e-06  0.00000000e+00  1.01075000e-06 -1.10913533e-08 
 1.01125000e-06  3.29999999e+00  1.01125000e-06  3.29999999e+00  1.01125000e-06  0.00000000e+00  1.01125000e-06 -1.09434774e-08 
 1.01175000e-06  3.29999999e+00  1.01175000e-06  3.29999999e+00  1.01175000e-06  0.00000000e+00  1.01175000e-06 -1.07993070e-08 
 1.01225000e-06  3.29999999e+00  1.01225000e-06  3.29999999e+00  1.01225000e-06  0.00000000e+00  1.01225000e-06 -1.06589299e-08 
 1.01275000e-06  3.29999999e+00  1.01275000e-06  3.29999999e+00  1.01275000e-06  0.00000000e+00  1.01275000e-06 -1.05219764e-08 
 1.01325000e-06  3.29999999e+00  1.01325000e-06  3.29999999e+00  1.01325000e-06  0.00000000e+00  1.01325000e-06 -1.03885483e-08 
 1.01375000e-06  3.29999999e+00  1.01375000e-06  3.29999999e+00  1.01375000e-06  0.00000000e+00  1.01375000e-06 -1.02582887e-08 
 1.01425000e-06  3.29999999e+00  1.01425000e-06  3.29999999e+00  1.01425000e-06  0.00000000e+00  1.01425000e-06 -1.01313119e-08 
 1.01475000e-06  3.29999999e+00  1.01475000e-06  3.29999999e+00  1.01475000e-06  0.00000000e+00  1.01475000e-06 -1.00072724e-08 
 1.01525000e-06  3.29999999e+00  1.01525000e-06  3.29999999e+00  1.01525000e-06  0.00000000e+00  1.01525000e-06 -9.88629515e-09 
 1.01575000e-06  3.29999999e+00  1.01575000e-06  3.29999999e+00  1.01575000e-06  0.00000000e+00  1.01575000e-06 -9.76804515e-09 
 1.01625000e-06  3.29999999e+00  1.01625000e-06  3.29999999e+00  1.01625000e-06  0.00000000e+00  1.01625000e-06 -9.65265690e-09 
 1.01675000e-06  3.29999999e+00  1.01675000e-06  3.29999999e+00  1.01675000e-06  0.00000000e+00  1.01675000e-06 -9.53980445e-09 
 1.01725000e-06  3.29999999e+00  1.01725000e-06  3.29999999e+00  1.01725000e-06  0.00000000e+00  1.01725000e-06 -9.42963089e-09 
 1.01775000e-06  3.29999999e+00  1.01775000e-06  3.29999999e+00  1.01775000e-06  0.00000000e+00  1.01775000e-06 -9.32181841e-09 
 1.01825000e-06  3.29999999e+00  1.01825000e-06  3.29999999e+00  1.01825000e-06  0.00000000e+00  1.01825000e-06 -9.21651776e-09 
 1.01875000e-06  3.29999999e+00  1.01875000e-06  3.29999999e+00  1.01875000e-06  0.00000000e+00  1.01875000e-06 -9.11341837e-09 
 1.01925000e-06  3.29999999e+00  1.01925000e-06  3.29999999e+00  1.01925000e-06  0.00000000e+00  1.01925000e-06 -9.01267788e-09 
 1.01975000e-06  3.29999999e+00  1.01975000e-06  3.29999999e+00  1.01975000e-06  0.00000000e+00  1.01975000e-06 -8.91399222e-09 
 1.02000000e-06  3.29999999e+00  1.02000000e-06  3.29999999e+00  1.02000000e-06  0.00000000e+00  1.02000000e-06 -8.86553409e-09 
 1.02001000e-06  3.32223330e+00  1.02001000e-06  3.32224787e+00  1.02001000e-06  3.30000000e-01  1.02001000e-06  4.12763448e-04 
 1.02003000e-06  3.36402982e+00  1.02003000e-06  3.36407784e+00  1.02003000e-06  9.90000000e-01  1.02003000e-06  4.61926736e-04 
 1.02007000e-06  3.44544902e+00  1.02007000e-06  3.44551378e+00  1.02007000e-06  2.31000000e+00  1.02007000e-06  4.59447474e-04 
 1.02010000e-06  3.48392796e+00  1.02010000e-06  3.48396747e+00  1.02010000e-06  3.30000000e+00  1.02010000e-06  2.92102052e-04 
 1.02010420e-06  3.48302731e+00  1.02010420e-06  3.48312697e+00  1.02010420e-06  3.30000000e+00  1.02010420e-06 -1.20021024e-05 
 1.02011261e-06  3.48032647e+00  1.02011261e-06  3.48060348e+00  1.02011261e-06  3.30000000e+00  1.02011261e-06 -3.89668262e-05 
 1.02012943e-06  3.46920570e+00  1.02012943e-06  3.47008755e+00  1.02012943e-06  3.30000000e+00  1.02012943e-06 -5.27235582e-05 
 1.02016307e-06  3.43943123e+00  1.02016307e-06  3.44124965e+00  1.02016307e-06  3.30000000e+00  1.02016307e-06 -7.10735498e-05 
 1.02021461e-06  3.27801563e+00  1.02021461e-06  3.27322685e+00  1.02021461e-06  3.30000000e+00  1.02021461e-06 -9.58651160e-05 
 1.02026722e-06  3.01533923e+00  1.02026722e-06  2.98346259e+00  1.02026722e-06  3.30000000e+00  1.02026722e-06 -1.27640028e-04 
 1.02033575e-06  2.63244836e+00  1.02033575e-06  2.58775425e+00  1.02033575e-06  3.30000000e+00  1.02033575e-06 -9.90477248e-05 
 1.02041908e-06  2.22597409e+00  1.02041908e-06  2.15827039e+00  1.02041908e-06  3.30000000e+00  1.02041908e-06 -1.71780470e-04 
 1.02054608e-06  1.90604383e+00  1.02054608e-06  1.69092276e+00  1.02054608e-06  3.30000000e+00  1.02054608e-06 -2.23778879e-04 
 1.02068253e-06  2.13643314e+00  1.02068253e-06  1.22774651e+00  1.02068253e-06  3.30000000e+00  1.02068253e-06 -3.27503835e-04 
 1.02082083e-06  2.70152006e+00  1.02082083e-06  7.81690546e-01  1.02082083e-06  3.30000000e+00  1.02082083e-06 -2.48673847e-04 
 1.02093650e-06  3.06019023e+00  1.02093650e-06  5.07757963e-01  1.02093650e-06  3.30000000e+00  1.02093650e-06 -1.80301080e-04 
 1.02106400e-06  3.21351058e+00  1.02106400e-06  2.73543319e-01  1.02106400e-06  3.30000000e+00  1.02106400e-06 -4.69397083e-05 
 1.02126199e-06  3.27843345e+00  1.02126199e-06  8.52865182e-02  1.02126199e-06  3.30000000e+00  1.02126199e-06 -4.48434905e-05 
 1.02148583e-06  3.29431475e+00  1.02148583e-06  1.82993579e-02  1.02148583e-06  3.30000000e+00  1.02148583e-06  1.89384804e-05 
 1.02178165e-06  3.29981263e+00  1.02178165e-06  1.71816356e-03  1.02178165e-06  3.30000000e+00  1.02178165e-06 -2.43391800e-05 
 1.02208930e-06  3.29987439e+00  1.02208930e-06 -1.92805945e-04  1.02208930e-06  3.30000000e+00  1.02208930e-06  2.39644262e-05 
 1.02258930e-06  3.30008016e+00  1.02258930e-06  2.28998983e-04  1.02258930e-06  3.30000000e+00  1.02258930e-06 -2.39744597e-05 
 1.02308930e-06  3.29994087e+00  1.02308930e-06 -2.20199220e-04  1.02308930e-06  3.30000000e+00  1.02308930e-06  2.39669634e-05 
 1.02358930e-06  3.30004683e+00  1.02358930e-06  2.07722415e-04  1.02358930e-06  3.30000000e+00  1.02358930e-06 -2.39548013e-05 
 1.02408930e-06  3.29996077e+00  1.02408930e-06 -1.92115802e-04  1.02408930e-06  3.30000000e+00  1.02408930e-06  2.39409425e-05 
 1.02458930e-06  3.30003389e+00  1.02458930e-06  1.80219769e-04  1.02458930e-06  3.30000000e+00  1.02458930e-06 -2.39270138e-05 
 1.02508930e-06  3.29996983e+00  1.02508930e-06 -1.66499651e-04  1.02508930e-06  3.30000000e+00  1.02508930e-06  2.39132148e-05 
 1.02558930e-06  3.30002718e+00  1.02558930e-06  1.56321570e-04  1.02558930e-06  3.30000000e+00  1.02558930e-06 -2.39001476e-05 
 1.02608930e-06  3.29997512e+00  1.02608930e-06 -1.44305196e-04  1.02608930e-06  3.30000000e+00  1.02608930e-06  2.38876291e-05 
 1.02658930e-06  3.30002282e+00  1.02658930e-06  1.35567113e-04  1.02658930e-06  3.30000000e+00  1.02658930e-06 -2.38760049e-05 
 1.02708930e-06  3.29997888e+00  1.02708930e-06 -1.24996250e-04  1.02708930e-06  3.30000000e+00  1.02708930e-06  2.38649960e-05 
 1.02758930e-06  3.30001949e+00  1.02758930e-06  1.17505734e-04  1.02758930e-06  3.30000000e+00  1.02758930e-06 -2.38548554e-05 
 1.02808930e-06  3.29998190e+00  1.02808930e-06 -1.08200289e-04  1.02808930e-06  3.30000000e+00  1.02808930e-06  2.38452874e-05 
 1.02858930e-06  3.30001673e+00  1.02858930e-06  1.01809314e-04  1.02858930e-06  3.30000000e+00  1.02858930e-06 -2.38365074e-05 
 1.02908930e-06  3.29998445e+00  1.02908930e-06 -9.36184244e-05  1.02908930e-06  3.30000000e+00  1.02908930e-06  2.38282281e-05 
 1.02958930e-06  3.30001437e+00  1.02958930e-06  8.81957759e-05  1.02958930e-06  3.30000000e+00  1.02958930e-06 -2.38206471e-05 
 1.03008930e-06  3.29998664e+00  1.03008930e-06 -8.09830291e-05  1.03008930e-06  3.30000000e+00  1.03008930e-06  2.38134931e-05 
 1.03058930e-06  3.30001234e+00  1.03058930e-06  7.64085662e-05  1.03058930e-06  3.30000000e+00  1.03058930e-06 -2.38069534e-05 
 1.03108930e-06  3.29998853e+00  1.03108930e-06 -7.00497908e-05  1.03108930e-06  3.30000000e+00  1.03108930e-06  2.38007732e-05 
 1.03158930e-06  3.30001059e+00  1.03158930e-06  6.62144064e-05  1.03158930e-06  3.30000000e+00  1.03158930e-06 -2.37951327e-05 
 1.03208930e-06  3.29999017e+00  1.03208930e-06 -6.05979464e-05  1.03208930e-06  3.30000000e+00  1.03208930e-06  2.37897926e-05 
 1.03258930e-06  3.30000907e+00  1.03258930e-06  5.74040407e-05  1.03258930e-06  3.30000000e+00  1.03258930e-06 -2.37849273e-05 
 1.03308930e-06  3.29999157e+00  1.03308930e-06 -5.24308266e-05  1.03308930e-06  3.30000000e+00  1.03308930e-06  2.37803109e-05 
 1.03358930e-06  3.30000777e+00  1.03358930e-06  4.97922090e-05  1.03358930e-06  3.30000000e+00  1.03358930e-06 -2.37761135e-05 
 1.03408930e-06  3.29999279e+00  1.03408930e-06 -4.53752439e-05  1.03408930e-06  3.30000000e+00  1.03408930e-06  2.37721208e-05 
 1.03458930e-06  3.30000665e+00  1.03458930e-06  4.32164949e-05  1.03458930e-06  3.30000000e+00  1.03458930e-06 -2.37684987e-05 
 1.03508930e-06  3.29999382e+00  1.03508930e-06 -3.92841903e-05  1.03508930e-06  3.30000000e+00  1.03508930e-06  2.37650429e-05 
 1.03558930e-06  3.30000569e+00  1.03558930e-06  3.75370974e-05  1.03558930e-06  3.30000000e+00  1.03558930e-06 -2.37619162e-05 
 1.03608930e-06  3.29999472e+00  1.03608930e-06 -3.40229140e-05  1.03608930e-06  3.30000000e+00  1.03608930e-06  2.37589230e-05 
 1.03658930e-06  3.30000487e+00  1.03658930e-06  3.26296208e-05  1.03658930e-06  3.30000000e+00  1.03658930e-06 -2.37562231e-05 
 1.03708930e-06  3.29999548e+00  1.03708930e-06 -2.94703931e-05  1.03708930e-06  3.30000000e+00  1.03708930e-06  2.37536295e-05 
 1.03758930e-06  3.30000416e+00  1.03758930e-06  2.83866270e-05  1.03758930e-06  3.30000000e+00  1.03758930e-06 -2.37512986e-05 
 1.03808930e-06  3.29999614e+00  1.03808930e-06 -2.55345180e-05  1.03808930e-06  3.30000000e+00  1.03808930e-06  2.37490497e-05 
 1.03858930e-06  3.30000355e+00  1.03858930e-06  2.47179230e-05  1.03858930e-06  3.30000000e+00  1.03858930e-06 -2.37470369e-05 
 1.03908930e-06  3.29999659e+00  1.03908930e-06 -2.12601078e-05  1.03908930e-06  3.30000000e+00  1.03908930e-06  2.37450616e-05 
 1.03958930e-06  3.30000280e+00  1.03958930e-06  2.31298442e-05  1.03958930e-06  3.30000000e+00  1.03958930e-06 -2.37435189e-05 
 1.04008930e-06  3.29999696e+00  1.04008930e-06 -1.78617551e-05  1.04008930e-06  3.30000000e+00  1.04008930e-06  2.37414954e-05 
 1.04058930e-06  3.30000240e+00  1.04058930e-06  2.00759549e-05  1.04058930e-06  3.30000000e+00  1.04058930e-06 -2.37402784e-05 
 1.04108930e-06  3.29999740e+00  1.04108930e-06 -1.54571858e-05  1.04108930e-06  3.30000000e+00  1.04108930e-06  2.37385359e-05 
 1.04158930e-06  3.30000204e+00  1.04158930e-06  1.75329276e-05  1.04158930e-06  3.30000000e+00  1.04158930e-06 -2.37374900e-05 
 1.04208930e-06  3.29999778e+00  1.04208930e-06 -1.33961121e-05  1.04208930e-06  3.30000000e+00  1.04208930e-06  2.37359716e-05 
 1.04258930e-06  3.30000173e+00  1.04258930e-06  1.53336913e-05  1.04258930e-06  3.30000000e+00  1.04258930e-06 -2.37350707e-05 
 1.04308930e-06  3.29999811e+00  1.04308930e-06 -1.16113417e-05  1.04308930e-06  3.30000000e+00  1.04308930e-06  2.37337463e-05 
 1.04358930e-06  3.30000147e+00  1.04358930e-06  1.34275160e-05  1.04358930e-06  3.30000000e+00  1.04358930e-06 -2.37329710e-05 
 1.04408930e-06  3.29999838e+00  1.04408930e-06 -1.00645428e-05  1.04408930e-06  3.30000000e+00  1.04408930e-06  2.37318148e-05 
 1.04458930e-06  3.30000125e+00  1.04458930e-06  1.17744633e-05  1.04458930e-06  3.30000000e+00  1.04458930e-06 -2.37311481e-05 
 1.04508930e-06  3.29999862e+00  1.04508930e-06 -8.72341509e-06  1.04508930e-06  3.30000000e+00  1.04508930e-06  2.37301376e-05 
 1.04558930e-06  3.30000106e+00  1.04558930e-06  1.03402182e-05  1.04558930e-06  3.30000000e+00  1.04558930e-06 -2.37295646e-05 
 1.04608930e-06  3.29999882e+00  1.04608930e-06 -7.56007532e-06  1.04608930e-06  3.30000000e+00  1.04608930e-06  2.37286802e-05 
 1.04658930e-06  3.30000090e+00  1.04658930e-06  9.09514968e-06  1.04658930e-06  3.30000000e+00  1.04658930e-06 -2.37281882e-05 
 1.04708930e-06  3.29999900e+00  1.04708930e-06 -6.55042964e-06  1.04708930e-06  3.30000000e+00  1.04708930e-06  2.37274130e-05 
 1.04758930e-06  3.30000076e+00  1.04758930e-06  8.01366843e-06  1.04758930e-06  3.30000000e+00  1.04758930e-06 -2.37269909e-05 
 1.04808930e-06  3.29999914e+00  1.04808930e-06 -5.67366811e-06  1.04808930e-06  3.30000000e+00  1.04808930e-06  2.37263105e-05 
 1.04858930e-06  3.30000064e+00  1.04858930e-06  7.07368246e-06  1.04858930e-06  3.30000000e+00  1.04858930e-06 -2.37259488e-05 
 1.04908930e-06  3.29999927e+00  1.04908930e-06 -4.91182538e-06  1.04908930e-06  3.30000000e+00  1.04908930e-06  2.37253504e-05 
 1.04958930e-06  3.30000054e+00  1.04958930e-06  6.25612327e-06  1.04958930e-06  3.30000000e+00  1.04958930e-06 -2.37250409e-05 
 1.05008930e-06  3.29999938e+00  1.05008930e-06 -4.24939634e-06  1.05008930e-06  3.30000000e+00  1.05008930e-06  2.37245138e-05 
 1.05058930e-06  3.30000046e+00  1.05058930e-06  5.54453350e-06  1.05058930e-06  3.30000000e+00  1.05058930e-06 -2.37242494e-05 
 1.05108930e-06  3.29999947e+00  1.05108930e-06 -3.67300057e-06  1.05108930e-06  3.30000000e+00  1.05108930e-06  2.37237841e-05 
 1.05158930e-06  3.30000038e+00  1.05158930e-06  4.92470867e-06  1.05158930e-06  3.30000000e+00  1.05158930e-06 -2.37235587e-05 
 1.05208930e-06  3.29999955e+00  1.05208930e-06 -3.17109080e-06  1.05208930e-06  3.30000000e+00  1.05208930e-06  2.37231472e-05 
 1.05258930e-06  3.30000032e+00  1.05258930e-06  4.38438702e-06  1.05258930e-06  3.30000000e+00  1.05258930e-06 -2.37229555e-05 
 1.05308930e-06  3.29999962e+00  1.05308930e-06 -2.73370039e-06  1.05308930e-06  3.30000000e+00  1.05308930e-06  2.37225907e-05 
 1.05358930e-06  3.30000027e+00  1.05358930e-06  3.91298141e-06  1.05358930e-06  3.30000000e+00  1.05358930e-06 -2.37224282e-05 
 1.05408930e-06  3.29999968e+00  1.05408930e-06 -2.35222504e-06  1.05408930e-06  3.30000000e+00  1.05408930e-06  2.37221040e-05 
 1.05458930e-06  3.30000022e+00  1.05458930e-06  3.50134801e-06  1.05458930e-06  3.30000000e+00  1.05458930e-06 -2.37219669e-05 
 1.05508930e-06  3.29999973e+00  1.05508930e-06 -2.01923458e-06  1.05508930e-06  3.30000000e+00  1.05508930e-06  2.37216780e-05 
 1.05558930e-06  3.30000019e+00  1.05558930e-06  3.14158702e-06  1.05558930e-06  3.30000000e+00  1.05558930e-06 -2.37215628e-05 
 1.05608930e-06  3.29999977e+00  1.05608930e-06 -1.72831069e-06  1.05608930e-06  3.30000000e+00  1.05608930e-06  2.37213048e-05 
 1.05658930e-06  3.30000015e+00  1.05658930e-06  2.82687090e-06  1.05658930e-06  3.30000000e+00  1.05658930e-06 -2.37212086e-05 
 1.05708930e-06  3.29999980e+00  1.05708930e-06 -1.47390714e-06  1.05708930e-06  3.30000000e+00  1.05708930e-06  2.37209774e-05 
 1.05758930e-06  3.30000013e+00  1.05758930e-06  2.55129651e-06  1.05758930e-06  3.30000000e+00  1.05758930e-06 -2.37208978e-05 
 1.05808930e-06  3.29999983e+00  1.05808930e-06 -1.25122946e-06  1.05808930e-06  3.30000000e+00  1.05808930e-06  2.37206900e-05 
 1.05858930e-06  3.30000010e+00  1.05858930e-06  2.30975780e-06  1.05858930e-06  3.30000000e+00  1.05858930e-06 -2.37206247e-05 
 1.05908930e-06  3.29999986e+00  1.05908930e-06 -1.05613132e-06  1.05908930e-06  3.30000000e+00  1.05908930e-06  2.37204374e-05 
 1.05958930e-06  3.30000009e+00  1.05958930e-06  2.09783618e-06  1.05958930e-06  3.30000000e+00  1.05958930e-06 -2.37203845e-05 
 1.06008930e-06  3.29999988e+00  1.06008930e-06 -8.85025319e-07  1.06008930e-06  3.30000000e+00  1.06008930e-06  2.37202151e-05 
 1.06058930e-06  3.30000007e+00  1.06058930e-06  1.91170614e-06  1.06058930e-06  3.30000000e+00  1.06058930e-06 -2.37201730e-05 
 1.06108930e-06  3.29999990e+00  1.06108930e-06 -7.34806199e-07  1.06108930e-06  3.30000000e+00  1.06108930e-06  2.37200193e-05 
 1.06158930e-06  3.30000006e+00  1.06158930e-06  1.74805399e-06  1.06158930e-06  3.30000000e+00  1.06158930e-06 -2.37199866e-05 
 1.06208930e-06  3.29999991e+00  1.06208930e-06 -6.02529083e-07  1.06208930e-06  3.30000000e+00  1.06208930e-06  2.37198466e-05 
 1.06258930e-06  3.30000004e+00  1.06258930e-06  1.60434655e-06  1.06258930e-06  3.30000000e+00  1.06258930e-06 -2.37198221e-05 
 1.06308930e-06  3.29999993e+00  1.06308930e-06 -4.85232285e-07  1.06308930e-06  3.30000000e+00  1.06308930e-06  2.37196942e-05 
 1.06358930e-06  3.30000003e+00  1.06358930e-06  1.47815021e-06  1.06358930e-06  3.30000000e+00  1.06358930e-06 -2.37196769e-05 
 1.06408930e-06  3.29999994e+00  1.06408930e-06 -3.81691255e-07  1.06408930e-06  3.30000000e+00  1.06408930e-06  2.37195596e-05 
 1.06458930e-06  3.30000003e+00  1.06458930e-06  1.36694104e-06  1.06458930e-06  3.30000000e+00  1.06458930e-06 -2.37195485e-05 
 1.06508930e-06  3.29999995e+00  1.06508930e-06 -2.91743384e-07  1.06508930e-06  3.30000000e+00  1.06508930e-06  2.37194404e-05 
 1.06558930e-06  3.30000002e+00  1.06558930e-06  1.26758036e-06  1.06558930e-06  3.30000000e+00  1.06558930e-06 -2.37194348e-05 
 1.06608930e-06  3.29999996e+00  1.06608930e-06 -2.11235975e-07  1.06608930e-06  3.30000000e+00  1.06608930e-06  2.37193351e-05 
 1.06658930e-06  3.30000001e+00  1.06658930e-06  1.18103506e-06  1.06658930e-06  3.30000000e+00  1.06658930e-06 -2.37193342e-05 
 1.06708930e-06  3.29999996e+00  1.06708930e-06 -1.40486998e-07  1.06708930e-06  3.30000000e+00  1.06708930e-06  2.37192415e-05 
 1.06758930e-06  3.30000001e+00  1.06758930e-06  1.10437504e-06  1.06758930e-06  3.30000000e+00  1.06758930e-06 -2.37192448e-05 
 1.06808930e-06  3.29999997e+00  1.06808930e-06 -7.87773524e-08  1.06808930e-06  3.30000000e+00  1.06808930e-06  2.37191583e-05 
 1.06858930e-06  3.30000001e+00  1.06858930e-06  1.03535542e-06  1.06858930e-06  3.30000000e+00  1.06858930e-06 -2.37191653e-05 
 1.06908930e-06  3.29999997e+00  1.06908930e-06 -2.32663381e-08  1.06908930e-06  3.30000000e+00  1.06908930e-06  2.37190845e-05 
 1.06958930e-06  3.30000000e+00  1.06958930e-06  9.76355176e-07  1.06958930e-06  3.30000000e+00  1.06958930e-06 -2.37190944e-05 
 1.07008930e-06  3.29999998e+00  1.07008930e-06  2.73082919e-08  1.07008930e-06  3.30000000e+00  1.07008930e-06  2.37190186e-05 
 1.07010000e-06  3.29999998e+00  1.07010000e-06  4.53135718e-07  1.07010000e-06  3.30000000e+00  1.07010000e-06 -2.37184106e-05 
 1.07010262e-06  3.29941324e+00  1.07010262e-06 -5.17988552e-04  1.07010262e-06  3.21347824e+00  1.07010262e-06 -2.85822824e-04 
 1.07010787e-06  3.29793836e+00  1.07010787e-06 -1.66997482e-03  1.07010787e-06  3.04043471e+00  1.07010787e-06 -2.66982901e-04 
 1.07011835e-06  3.29219886e+00  1.07011835e-06 -7.02525990e-03  1.07011835e-06  2.69434765e+00  1.07011835e-06 -2.85986023e-04 
 1.07013933e-06  3.26309331e+00  1.07013933e-06 -3.32953213e-02  1.07013933e-06  2.00217353e+00  1.07013933e-06 -5.03087731e-04 
 1.07017077e-06  3.24443301e+00  1.07017077e-06 -3.14375372e-02  1.07017077e-06  9.64520595e-01  1.07017077e-06 -7.21691492e-04 
 1.07020000e-06  3.25890569e+00  1.07020000e-06  4.70167995e-02  1.07020000e-06  1.28119737e-12  1.07020000e-06 -1.22294902e-03 
 1.07020353e-06  3.26832041e+00  1.07020353e-06  6.60556674e-02  1.07020353e-06  0.00000000e+00  1.07020353e-06 -7.94391170e-04 
 1.07021058e-06  3.28580884e+00  1.07021058e-06  1.03807979e-01  1.07021058e-06  0.00000000e+00  1.07021058e-06 -7.80861650e-04 
 1.07022470e-06  3.31478918e+00  1.07022470e-06  1.77091865e-01  1.07022470e-06  0.00000000e+00  1.07022470e-06 -7.61383505e-04 
 1.07025292e-06  3.35492511e+00  1.07025292e-06  3.18643137e-01  1.07025292e-06  0.00000000e+00  1.07025292e-06 -7.25208320e-04 
 1.07030936e-06  3.39936400e+00  1.07030936e-06  6.09824037e-01  1.07030936e-06  0.00000000e+00  1.07030936e-06 -6.75874017e-04 
 1.07040936e-06  3.46965345e+00  1.07040936e-06  1.26586613e+00  1.07040936e-06  0.00000000e+00  1.07040936e-06 -4.88545830e-04 
 1.07050296e-06  3.51300752e+00  1.07050296e-06  1.91158824e+00  1.07050296e-06  0.00000000e+00  1.07050296e-06 -2.82159558e-04 
 1.07062324e-06  3.47127094e+00  1.07062324e-06  2.49164644e+00  1.07062324e-06  0.00000000e+00  1.07062324e-06 -1.33965125e-04 
 1.07073276e-06  3.42569456e+00  1.07073276e-06  2.81687974e+00  1.07073276e-06  0.00000000e+00  1.07073276e-06 -5.99278643e-05 
 1.07087268e-06  3.37009655e+00  1.07087268e-06  3.08335454e+00  1.07087268e-06  0.00000000e+00  1.07087268e-06 -2.72841144e-05 
 1.07103629e-06  3.33077873e+00  1.07103629e-06  3.22334427e+00  1.07103629e-06  0.00000000e+00  1.07103629e-06 -1.26304720e-05 
 1.07123000e-06  3.31044538e+00  1.07123000e-06  3.27925673e+00  1.07123000e-06  0.00000000e+00  1.07123000e-06 -9.27967756e-07 
 1.07155517e-06  3.30076473e+00  1.07155517e-06  3.29958824e+00  1.07155517e-06  0.00000000e+00  1.07155517e-06 -3.45861645e-06 
 1.07201290e-06  3.29987005e+00  1.07201290e-06  3.30003399e+00  1.07201290e-06  0.00000000e+00  1.07201290e-06  1.99752114e-06 
 1.07251290e-06  3.30003892e+00  1.07251290e-06  3.30000082e+00  1.07251290e-06  0.00000000e+00  1.07251290e-06 -3.01222653e-06 
 1.07301290e-06  3.29998730e+00  1.07301290e-06  3.29999989e+00  1.07301290e-06  0.00000000e+00  1.07301290e-06  2.33965474e-06 
 1.07351290e-06  3.30000789e+00  1.07351290e-06  3.30000137e+00  1.07351290e-06  0.00000000e+00  1.07351290e-06 -2.88727350e-06 
 1.07401290e-06  3.29999618e+00  1.07401290e-06  3.30000012e+00  1.07401290e-06  0.00000000e+00  1.07401290e-06  2.46704466e-06 
 1.07451290e-06  3.30000345e+00  1.07451290e-06  3.30000049e+00  1.07451290e-06  0.00000000e+00  1.07451290e-06 -2.83107809e-06 
 1.07501290e-06  3.29999826e+00  1.07501290e-06  3.30000015e+00  1.07501290e-06  0.00000000e+00  1.07501290e-06  2.53132821e-06 
 1.07551290e-06  3.30000174e+00  1.07551290e-06  3.30000024e+00  1.07551290e-06  0.00000000e+00  1.07551290e-06 -2.79913976e-06 
 1.07601290e-06  3.29999915e+00  1.07601290e-06  3.30000011e+00  1.07601290e-06  0.00000000e+00  1.07601290e-06  2.56794990e-06 
 1.07651290e-06  3.30000094e+00  1.07651290e-06  3.30000014e+00  1.07651290e-06  0.00000000e+00  1.07651290e-06 -2.77834576e-06 
 1.07701290e-06  3.29999959e+00  1.07701290e-06  3.30000008e+00  1.07701290e-06  0.00000000e+00  1.07701290e-06  2.59116081e-06 
 1.07751290e-06  3.30000052e+00  1.07751290e-06  3.30000009e+00  1.07751290e-06  0.00000000e+00  1.07751290e-06 -2.76358367e-06 
 1.07801290e-06  3.29999982e+00  1.07801290e-06  3.30000006e+00  1.07801290e-06  0.00000000e+00  1.07801290e-06  2.60690902e-06 
 1.07851290e-06  3.30000030e+00  1.07851290e-06  3.30000006e+00  1.07851290e-06  0.00000000e+00  1.07851290e-06 -2.75253609e-06 
 1.07901290e-06  3.29999993e+00  1.07901290e-06  3.30000004e+00  1.07901290e-06  0.00000000e+00  1.07901290e-06  2.61818691e-06 
 1.07951290e-06  3.30000018e+00  1.07951290e-06  3.30000004e+00  1.07951290e-06  0.00000000e+00  1.07951290e-06 -2.74397650e-06 
 1.08001290e-06  3.29999998e+00  1.08001290e-06  3.30000003e+00  1.08001290e-06  0.00000000e+00  1.08001290e-06  2.62662473e-06 
 1.08051290e-06  3.30000011e+00  1.08051290e-06  3.30000003e+00  1.08051290e-06  0.00000000e+00  1.08051290e-06 -2.73717608e-06 
 1.08101290e-06  3.30000000e+00  1.08101290e-06  3.30000002e+00  1.08101290e-06  0.00000000e+00  1.08101290e-06  2.63316569e-06 
 1.08151290e-06  3.30000007e+00  1.08151290e-06  3.30000002e+00  1.08151290e-06  0.00000000e+00  1.08151290e-06 -2.73166549e-06 
 1.08201290e-06  3.30000001e+00  1.08201290e-06  3.30000002e+00  1.08201290e-06  0.00000000e+00  1.08201290e-06  2.63838395e-06 
 1.08251290e-06  3.30000005e+00  1.08251290e-06  3.30000001e+00  1.08251290e-06  0.00000000e+00  1.08251290e-06 -2.72712579e-06 
 1.08301290e-06  3.30000001e+00  1.08301290e-06  3.30000001e+00  1.08301290e-06  0.00000000e+00  1.08301290e-06  2.64264506e-06 
 1.08351290e-06  3.30000003e+00  1.08351290e-06  3.30000001e+00  1.08351290e-06  0.00000000e+00  1.08351290e-06 -2.72333214e-06 
 1.08401290e-06  3.30000001e+00  1.08401290e-06  3.30000001e+00  1.08401290e-06  0.00000000e+00  1.08401290e-06  2.64619133e-06 
 1.08451290e-06  3.30000002e+00  1.08451290e-06  3.30000001e+00  1.08451290e-06  0.00000000e+00  1.08451290e-06 -2.72012184e-06 
 1.08501290e-06  3.30000001e+00  1.08501290e-06  3.30000000e+00  1.08501290e-06  0.00000000e+00  1.08501290e-06  2.64918931e-06 
 1.08551290e-06  3.30000002e+00  1.08551290e-06  3.30000000e+00  1.08551290e-06  0.00000000e+00  1.08551290e-06 -2.71737467e-06 
 1.08601290e-06  3.30000001e+00  1.08601290e-06  3.30000000e+00  1.08601290e-06  0.00000000e+00  1.08601290e-06  2.65175717e-06 
 1.08651290e-06  3.30000001e+00  1.08651290e-06  3.30000000e+00  1.08651290e-06  0.00000000e+00  1.08651290e-06 -2.71500020e-06 
 1.08701290e-06  3.30000001e+00  1.08701290e-06  3.30000000e+00  1.08701290e-06  0.00000000e+00  1.08701290e-06  2.65398102e-06 
 1.08751290e-06  3.30000001e+00  1.08751290e-06  3.30000000e+00  1.08751290e-06  0.00000000e+00  1.08751290e-06 -2.71292941e-06 
 1.08801290e-06  3.30000001e+00  1.08801290e-06  3.30000000e+00  1.08801290e-06  0.00000000e+00  1.08801290e-06  2.65592537e-06 
 1.08851290e-06  3.30000001e+00  1.08851290e-06  3.30000000e+00  1.08851290e-06  0.00000000e+00  1.08851290e-06 -2.71110890e-06 
 1.08901290e-06  3.30000000e+00  1.08901290e-06  3.30000000e+00  1.08901290e-06  0.00000000e+00  1.08901290e-06  2.65763941e-06 
 1.08951290e-06  3.30000000e+00  1.08951290e-06  3.30000000e+00  1.08951290e-06  0.00000000e+00  1.08951290e-06 -2.70949683e-06 
 1.09001290e-06  3.30000000e+00  1.09001290e-06  3.30000000e+00  1.09001290e-06  0.00000000e+00  1.09001290e-06  2.65916141e-06 
 1.09051290e-06  3.30000000e+00  1.09051290e-06  3.30000000e+00  1.09051290e-06  0.00000000e+00  1.09051290e-06 -2.70805998e-06 
 1.09101290e-06  3.30000000e+00  1.09101290e-06  3.30000000e+00  1.09101290e-06  0.00000000e+00  1.09101290e-06  2.66052161e-06 
 1.09151290e-06  3.30000000e+00  1.09151290e-06  3.29999999e+00  1.09151290e-06  0.00000000e+00  1.09151290e-06 -2.70677176e-06 
 1.09201290e-06  3.30000000e+00  1.09201290e-06  3.29999999e+00  1.09201290e-06  0.00000000e+00  1.09201290e-06  2.66174422e-06 
 1.09251290e-06  3.30000000e+00  1.09251290e-06  3.29999999e+00  1.09251290e-06  0.00000000e+00  1.09251290e-06 -2.70561059e-06 
 1.09301290e-06  3.30000000e+00  1.09301290e-06  3.29999999e+00  1.09301290e-06  0.00000000e+00  1.09301290e-06  2.66284886e-06 
 1.09351290e-06  3.30000000e+00  1.09351290e-06  3.29999999e+00  1.09351290e-06  0.00000000e+00  1.09351290e-06 -2.70455884e-06 
 1.09401290e-06  3.30000000e+00  1.09401290e-06  3.29999999e+00  1.09401290e-06  0.00000000e+00  1.09401290e-06  2.66385161e-06 
 1.09451290e-06  3.30000000e+00  1.09451290e-06  3.29999999e+00  1.09451290e-06  0.00000000e+00  1.09451290e-06 -2.70360197e-06 
 1.09501290e-06  3.30000000e+00  1.09501290e-06  3.29999999e+00  1.09501290e-06  0.00000000e+00  1.09501290e-06  2.66476577e-06 
 1.09551290e-06  3.30000000e+00  1.09551290e-06  3.29999999e+00  1.09551290e-06  0.00000000e+00  1.09551290e-06 -2.70272785e-06 
 1.09601290e-06  3.30000000e+00  1.09601290e-06  3.29999999e+00  1.09601290e-06  0.00000000e+00  1.09601290e-06  2.66560244e-06 
 1.09651290e-06  3.30000000e+00  1.09651290e-06  3.29999999e+00  1.09651290e-06  0.00000000e+00  1.09651290e-06 -2.70192636e-06 
 1.09701290e-06  3.30000000e+00  1.09701290e-06  3.29999999e+00  1.09701290e-06  0.00000000e+00  1.09701290e-06  2.66637094e-06 
 1.09751290e-06  3.29999999e+00  1.09751290e-06  3.29999999e+00  1.09751290e-06  0.00000000e+00  1.09751290e-06 -2.70118890e-06 
 1.09801290e-06  3.29999999e+00  1.09801290e-06  3.29999999e+00  1.09801290e-06  0.00000000e+00  1.09801290e-06  2.66707918e-06 
 1.09851290e-06  3.29999999e+00  1.09851290e-06  3.29999999e+00  1.09851290e-06  0.00000000e+00  1.09851290e-06 -2.70050821e-06 
 1.09901290e-06  3.29999999e+00  1.09901290e-06  3.29999999e+00  1.09901290e-06  0.00000000e+00  1.09901290e-06  2.66773389e-06 
 1.09951290e-06  3.29999999e+00  1.09951290e-06  3.29999999e+00  1.09951290e-06  0.00000000e+00  1.09951290e-06 -2.69987805e-06 
 1.10000000e-06  3.29999999e+00  1.10000000e-06  3.29999999e+00  1.10000000e-06  0.00000000e+00  1.10000000e-06  2.66833329e-06 
 1.10005000e-06  3.29999999e+00  1.10005000e-06  3.29999999e+00  1.10005000e-06  0.00000000e+00  1.10005000e-06 -1.55982056e-08 
 1.10015000e-06  3.29999999e+00  1.10015000e-06  3.29999999e+00  1.10015000e-06  0.00000000e+00  1.10015000e-06 -1.55399265e-08 
 1.10035000e-06  3.29999999e+00  1.10035000e-06  3.29999999e+00  1.10035000e-06  0.00000000e+00  1.10035000e-06 -1.54250422e-08 
 1.10075000e-06  3.29999999e+00  1.10075000e-06  3.29999999e+00  1.10075000e-06  0.00000000e+00  1.10075000e-06 -1.51999554e-08 
 1.10125000e-06  3.29999999e+00  1.10125000e-06  3.29999999e+00  1.10125000e-06  0.00000000e+00  1.10125000e-06 -1.49276137e-08 
 1.10175000e-06  3.29999999e+00  1.10175000e-06  3.29999999e+00  1.10175000e-06  0.00000000e+00  1.10175000e-06 -1.46645235e-08 
 1.10225000e-06  3.29999999e+00  1.10225000e-06  3.29999999e+00  1.10225000e-06  0.00000000e+00  1.10225000e-06 -1.44104581e-08 
 1.10275000e-06  3.29999999e+00  1.10275000e-06  3.29999999e+00  1.10275000e-06  0.00000000e+00  1.10275000e-06 -1.41647389e-08 
 1.10325000e-06  3.29999999e+00  1.10325000e-06  3.29999999e+00  1.10325000e-06  0.00000000e+00  1.10325000e-06 -1.39271930e-08 
 1.10375000e-06  3.29999999e+00  1.10375000e-06  3.29999999e+00  1.10375000e-06  0.00000000e+00  1.10375000e-06 -1.36971993e-08 
 1.10425000e-06  3.29999999e+00  1.10425000e-06  3.29999999e+00  1.10425000e-06  0.00000000e+00  1.10425000e-06 -1.34746323e-08 
 1.10475000e-06  3.29999999e+00  1.10475000e-06  3.29999999e+00  1.10475000e-06  0.00000000e+00  1.10475000e-06 -1.32589186e-08 
 1.10525000e-06  3.29999999e+00  1.10525000e-06  3.29999999e+00  1.10525000e-06  0.00000000e+00  1.10525000e-06 -1.30499741e-08 
 1.10575000e-06  3.29999999e+00  1.10575000e-06  3.29999999e+00  1.10575000e-06  0.00000000e+00  1.10575000e-06 -1.28472658e-08 
 1.10625000e-06  3.29999999e+00  1.10625000e-06  3.29999999e+00  1.10625000e-06  0.00000000e+00  1.10625000e-06 -1.26507452e-08 
 1.10675000e-06  3.29999999e+00  1.10675000e-06  3.29999999e+00  1.10675000e-06  0.00000000e+00  1.10675000e-06 -1.24599138e-08 
 1.10725000e-06  3.29999999e+00  1.10725000e-06  3.29999999e+00  1.10725000e-06  0.00000000e+00  1.10725000e-06 -1.22747542e-08 
 1.10775000e-06  3.29999999e+00  1.10775000e-06  3.29999999e+00  1.10775000e-06  0.00000000e+00  1.10775000e-06 -1.20947972e-08 
 1.10825000e-06  3.29999999e+00  1.10825000e-06  3.29999999e+00  1.10825000e-06  0.00000000e+00  1.10825000e-06 -1.19200526e-08 
 1.10875000e-06  3.29999999e+00  1.10875000e-06  3.29999999e+00  1.10875000e-06  0.00000000e+00  1.10875000e-06 -1.17500767e-08 
 1.10925000e-06  3.29999999e+00  1.10925000e-06  3.29999999e+00  1.10925000e-06  0.00000000e+00  1.10925000e-06 -1.15849027e-08 
 1.10975000e-06  3.29999999e+00  1.10975000e-06  3.29999999e+00  1.10975000e-06  0.00000000e+00  1.10975000e-06 -1.14241089e-08 
 1.11025000e-06  3.29999999e+00  1.11025000e-06  3.29999999e+00  1.11025000e-06  0.00000000e+00  1.11025000e-06 -1.12677492e-08 
 1.11075000e-06  3.29999999e+00  1.11075000e-06  3.29999999e+00  1.11075000e-06  0.00000000e+00  1.11075000e-06 -1.11154212e-08 
 1.11125000e-06  3.29999999e+00  1.11125000e-06  3.29999999e+00  1.11125000e-06  0.00000000e+00  1.11125000e-06 -1.09671967e-08 
 1.11175000e-06  3.29999999e+00  1.11175000e-06  3.29999999e+00  1.11175000e-06  0.00000000e+00  1.11175000e-06 -1.08226903e-08 
 1.11225000e-06  3.29999999e+00  1.11225000e-06  3.29999999e+00  1.11225000e-06  0.00000000e+00  1.11225000e-06 -1.06819894e-08 
 1.11275000e-06  3.29999999e+00  1.11275000e-06  3.29999999e+00  1.11275000e-06  0.00000000e+00  1.11275000e-06 -1.05447236e-08 
 1.11325000e-06  3.29999999e+00  1.11325000e-06  3.29999999e+00  1.11325000e-06  0.00000000e+00  1.11325000e-06 -1.04109942e-08 
 1.11375000e-06  3.29999999e+00  1.11375000e-06  3.29999999e+00  1.11375000e-06  0.00000000e+00  1.11375000e-06 -1.02804439e-08 
 1.11425000e-06  3.29999999e+00  1.11425000e-06  3.29999999e+00  1.11425000e-06  0.00000000e+00  1.11425000e-06 -1.01531862e-08 
 1.11475000e-06  3.29999999e+00  1.11475000e-06  3.29999999e+00  1.11475000e-06  0.00000000e+00  1.11475000e-06 -1.00288754e-08 
 1.11525000e-06  3.29999999e+00  1.11525000e-06  3.29999999e+00  1.11525000e-06  0.00000000e+00  1.11525000e-06 -9.90763599e-09 
 1.11575000e-06  3.29999999e+00  1.11575000e-06  3.29999999e+00  1.11575000e-06  0.00000000e+00  1.11575000e-06 -9.78913243e-09 
 1.11625000e-06  3.29999999e+00  1.11625000e-06  3.29999999e+00  1.11625000e-06  0.00000000e+00  1.11625000e-06 -9.67349903e-09 
 1.11675000e-06  3.29999999e+00  1.11675000e-06  3.29999999e+00  1.11675000e-06  0.00000000e+00  1.11675000e-06 -9.56040927e-09 
 1.11725000e-06  3.29999999e+00  1.11725000e-06  3.29999999e+00  1.11725000e-06  0.00000000e+00  1.11725000e-06 -9.45000612e-09 
 1.11775000e-06  3.29999999e+00  1.11775000e-06  3.29999999e+00  1.11775000e-06  0.00000000e+00  1.11775000e-06 -9.34197120e-09 
 1.11825000e-06  3.29999999e+00  1.11825000e-06  3.29999999e+00  1.11825000e-06  0.00000000e+00  1.11825000e-06 -9.23645519e-09 
 1.11875000e-06  3.29999999e+00  1.11875000e-06  3.29999999e+00  1.11875000e-06  0.00000000e+00  1.11875000e-06 -9.13314702e-09 
 1.11925000e-06  3.29999999e+00  1.11925000e-06  3.29999999e+00  1.11925000e-06  0.00000000e+00  1.11925000e-06 -9.03220425e-09 
 1.11975000e-06  3.29999999e+00  1.11975000e-06  3.29999999e+00  1.11975000e-06  0.00000000e+00  1.11975000e-06 -8.93332234e-09 
 1.12000000e-06  3.29999999e+00  1.12000000e-06  3.29999999e+00  1.12000000e-06  0.00000000e+00  1.12000000e-06 -8.88476839e-09 
 1.12000552e-06  3.31271949e+00  1.12000552e-06  3.31272737e+00  1.12000552e-06  1.82248899e-01  1.12000552e-06  3.98198832e-04 
 1.12001657e-06  3.33705390e+00  1.12001657e-06  3.33707867e+00  1.12001657e-06  5.46746697e-01  1.12001657e-06  4.36372161e-04 
 1.12003866e-06  3.38136737e+00  1.12003866e-06  3.38143052e+00  1.12003866e-06  1.27574229e+00  1.12003866e-06  4.69640684e-04 
 1.12006108e-06  3.42609459e+00  1.12006108e-06  3.42603342e+00  1.12006108e-06  2.01571181e+00  1.12006108e-06  4.83063550e-04 
 1.12010000e-06  3.48140816e+00  1.12010000e-06  3.48146004e+00  1.12010000e-06  3.30000000e+00  1.12010000e-06  2.98245475e-04 
 1.12010448e-06  3.48046691e+00  1.12010448e-06  3.48060937e+00  1.12010448e-06  3.30000000e+00  1.12010448e-06 -1.40547628e-05 
 1.12011345e-06  3.47751110e+00  1.12011345e-06  3.47791841e+00  1.12011345e-06  3.30000000e+00  1.12011345e-06 -3.96983106e-05 
 1.12013139e-06  3.46512343e+00  1.12013139e-06  3.46636739e+00  1.12013139e-06  3.30000000e+00  1.12013139e-06 -5.27772165e-05 
 1.12016727e-06  3.43268069e+00  1.12016727e-06  3.43573129e+00  1.12016727e-06  3.30000000e+00  1.12016727e-06 -7.16345798e-05 
 1.12021816e-06  3.26279008e+00  1.12021816e-06  3.25592717e+00  1.12021816e-06  3.30000000e+00  1.12021816e-06 -1.01003986e-04 
 1.12026991e-06  3.00294028e+00  1.12026991e-06  2.95996751e+00  1.12026991e-06  3.30000000e+00  1.12026991e-06 -1.24987261e-04 
 1.12033486e-06  2.64308600e+00  1.12033486e-06  2.58453692e+00  1.12033486e-06  3.30000000e+00  1.12033486e-06 -1.01042407e-04 
 1.12041963e-06  2.23347648e+00  1.12041963e-06  2.14391860e+00  1.12041963e-06  3.30000000e+00  1.12041963e-06 -1.70800040e-04 
 1.12052943e-06  1.94556632e+00  1.12052943e-06  1.71883696e+00  1.12052943e-06  3.30000000e+00  1.12052943e-06 -2.16210107e-04 
 1.12066998e-06  2.17863243e+00  1.12066998e-06  1.20554742e+00  1.12066998e-06  3.30000000e+00  1.12066998e-06 -3.24815558e-04 
 1.12080597e-06  2.73027181e+00  1.12080597e-06  7.68716385e-01  1.12080597e-06  3.30000000e+00  1.12080597e-06 -2.43581317e-04 
 1.12092439e-06  3.07799889e+00  1.12092439e-06  4.90813632e-01  1.12092439e-06  3.30000000e+00  1.12092439e-06 -1.70438931e-04 
 1.12105230e-06  3.21879462e+00  1.12105230e-06  2.60008827e-01  1.12105230e-06  3.30000000e+00  1.12105230e-06 -4.51736211e-05 
 1.12125254e-06  3.27988667e+00  1.12125254e-06  7.96498154e-02  1.12125254e-06  3.30000000e+00  1.12125254e-06 -4.14950582e-05 
 1.12148283e-06  3.29499652e+00  1.12148283e-06  1.54049527e-02  1.12148283e-06  3.30000000e+00  1.12148283e-06  1.75450022e-05 
 1.12176167e-06  3.29974473e+00  1.12176167e-06  2.32907446e-03  1.12176167e-06  3.30000000e+00  1.12176167e-06 -2.23163906e-05 
 1.12209048e-06  3.29986965e+00  1.12209048e-06 -5.56329823e-04  1.12209048e-06  3.30000000e+00  1.12209048e-06  2.18415201e-05 
 1.12259048e-06  3.30009282e+00  1.12259048e-06  5.33177692e-04  1.12259048e-06  3.30000000e+00  1.12259048e-06 -2.18210605e-05 
 1.12309048e-06  3.29992876e+00  1.12309048e-06 -4.97721642e-04  1.12309048e-06  3.30000000e+00  1.12309048e-06  2.17928523e-05 
 1.12359048e-06  3.30005703e+00  1.12359048e-06  4.69034202e-04  1.12359048e-06  3.30000000e+00  1.12359048e-06 -2.17627762e-05 
 1.12409048e-06  3.29995219e+00  1.12409048e-06 -4.37544572e-04  1.12409048e-06  3.30000000e+00  1.12409048e-06  2.17320888e-05 
 1.12459048e-06  3.30004096e+00  1.12459048e-06  4.13052129e-04  1.12459048e-06  3.30000000e+00  1.12459048e-06 -2.17023857e-05 
 1.12509048e-06  3.29996387e+00  1.12509048e-06 -3.85857192e-04  1.12509048e-06  3.30000000e+00  1.12509048e-06  2.16735405e-05 
 1.12559048e-06  3.30003208e+00  1.12559048e-06  3.64727933e-04  1.12559048e-06  3.30000000e+00  1.12559048e-06 -2.16463437e-05 
 1.12609048e-06  3.29997099e+00  1.12609048e-06 -3.40935570e-04  1.12609048e-06  3.30000000e+00  1.12609048e-06  2.16203563e-05 
 1.12659048e-06  3.30002617e+00  1.12659048e-06  3.22544127e-04  1.12659048e-06  3.30000000e+00  1.12659048e-06 -2.15960900e-05 
 1.12709048e-06  3.29997610e+00  1.12709048e-06 -3.01602135e-04  1.12709048e-06  3.30000000e+00  1.12709048e-06  2.15730344e-05 
 1.12759048e-06  3.30002167e+00  1.12759048e-06  2.85552286e-04  1.12759048e-06  3.30000000e+00  1.12759048e-06 -2.15515865e-05 
 1.12809048e-06  3.29998014e+00  1.12809048e-06 -2.67070408e-04  1.12809048e-06  3.30000000e+00  1.12809048e-06  2.15312426e-05 
 1.12859048e-06  3.30001802e+00  1.12859048e-06  2.53062156e-04  1.12859048e-06  3.30000000e+00  1.12859048e-06 -2.15123450e-05 
 1.12909048e-06  3.29998348e+00  1.12909048e-06 -2.36725162e-04  1.12909048e-06  3.30000000e+00  1.12909048e-06  2.14944203e-05 
 1.12959048e-06  3.30001497e+00  1.12959048e-06  2.24506314e-04  1.12959048e-06  3.30000000e+00  1.12959048e-06 -2.14777795e-05 
 1.13009048e-06  3.29998629e+00  1.13009048e-06 -2.10044011e-04  1.13009048e-06  3.30000000e+00  1.13009048e-06  2.14619843e-05 
 1.13059048e-06  3.30001240e+00  1.13059048e-06  1.99394364e-04  1.13059048e-06  3.30000000e+00  1.13059048e-06 -2.14473240e-05 
 1.13109048e-06  3.29998867e+00  1.13109048e-06 -1.86570834e-04  1.13109048e-06  3.30000000e+00  1.13109048e-06  2.14333945e-05 
 1.13159048e-06  3.30001022e+00  1.13159048e-06  1.77289641e-04  1.13159048e-06  3.30000000e+00  1.13159048e-06 -2.14204687e-05 
 1.13209048e-06  3.29999068e+00  1.13209048e-06 -1.65921082e-04  1.13209048e-06  3.30000000e+00  1.13209048e-06  2.14081704e-05 
 1.13259048e-06  3.30000838e+00  1.13259048e-06  1.57821419e-04  1.13259048e-06  3.30000000e+00  1.13259048e-06 -2.13967603e-05 
 1.13309048e-06  3.29999237e+00  1.13309048e-06 -1.47706411e-04  1.13309048e-06  3.30000000e+00  1.13309048e-06  2.13858923e-05 
 1.13359048e-06  3.30000683e+00  1.13359048e-06  1.40669800e-04  1.13359048e-06  3.30000000e+00  1.13359048e-06 -2.13758101e-05 
 1.13409048e-06  3.29999380e+00  1.13409048e-06 -1.31643195e-04  1.13409048e-06  3.30000000e+00  1.13409048e-06  2.13661929e-05 
 1.13459048e-06  3.30000552e+00  1.13459048e-06  1.25535850e-04  1.13459048e-06  3.30000000e+00  1.13459048e-06 -2.13572737e-05 
 1.13509048e-06  3.29999500e+00  1.13509048e-06 -1.17460955e-04  1.13509048e-06  3.30000000e+00  1.13509048e-06  2.13487527e-05 
 1.13559048e-06  3.30000442e+00  1.13559048e-06  1.12162264e-04  1.13559048e-06  3.30000000e+00  1.13559048e-06 -2.13408541e-05 
 1.13609048e-06  3.29999601e+00  1.13609048e-06 -1.04936266e-04  1.13609048e-06  3.30000000e+00  1.13609048e-06  2.13332942e-05 
 1.13659048e-06  3.30000351e+00  1.13659048e-06  1.00333401e-04  1.13659048e-06  3.30000000e+00  1.13659048e-06 -2.13262905e-05 
 1.13709048e-06  3.29999685e+00  1.13709048e-06 -9.38407737e-05  1.13709048e-06  3.30000000e+00  1.13709048e-06  2.13195768e-05 
 1.13759048e-06  3.30000274e+00  1.13759048e-06  8.98699724e-05  1.13759048e-06  3.30000000e+00  1.13759048e-06 -2.13133596e-05 
 1.13809048e-06  3.29999755e+00  1.13809048e-06 -8.40129089e-05  1.13809048e-06  3.30000000e+00  1.13809048e-06  2.13073884e-05 
 1.13859048e-06  3.30000211e+00  1.13859048e-06  8.05951960e-05  1.13859048e-06  3.30000000e+00  1.13859048e-06 -2.13018632e-05 
 1.13909048e-06  3.29999813e+00  1.13909048e-06 -7.52959616e-05  1.13909048e-06  3.30000000e+00  1.13909048e-06  2.12965456e-05 
 1.13959048e-06  3.30000158e+00  1.13959048e-06  7.23639827e-05  1.13959048e-06  3.30000000e+00  1.13959048e-06 -2.12916298e-05 
 1.14009048e-06  3.29999861e+00  1.14009048e-06 -6.75551367e-05  1.14009048e-06  3.30000000e+00  1.14009048e-06  2.12868883e-05 
 1.14059048e-06  3.30000115e+00  1.14059048e-06  6.50501880e-05  1.14059048e-06  3.30000000e+00  1.14059048e-06 -2.12825098e-05 
 1.14109048e-06  3.29999901e+00  1.14109048e-06 -6.06730947e-05  1.14109048e-06  3.30000000e+00  1.14109048e-06  2.12782765e-05 
 1.14159048e-06  3.30000079e+00  1.14159048e-06  5.85404320e-05  1.14159048e-06  3.30000000e+00  1.14159048e-06 -2.12743727e-05 
 1.14209048e-06  3.29999933e+00  1.14209048e-06 -5.45476701e-05  1.14209048e-06  3.30000000e+00  1.14209048e-06  2.12705885e-05 
 1.14259048e-06  3.30000050e+00  1.14259048e-06  5.27467024e-05  1.14259048e-06  3.30000000e+00  1.14259048e-06 -2.12671036e-05 
 1.14309048e-06  3.29999960e+00  1.14309048e-06 -4.90882377e-05  1.14309048e-06  3.30000000e+00  1.14309048e-06  2.12637162e-05 
 1.14359048e-06  3.30000027e+00  1.14359048e-06  4.75796835e-05  1.14359048e-06  3.30000000e+00  1.14359048e-06 -2.12606020e-05 
 1.14409048e-06  3.29999981e+00  1.14409048e-06 -4.42165681e-05  1.14409048e-06  3.30000000e+00  1.14409048e-06  2.12575659e-05 
 1.14459048e-06  3.30000008e+00  1.14459048e-06  4.29664100e-05  1.14459048e-06  3.30000000e+00  1.14459048e-06 -2.12547803e-05 
 1.14509048e-06  3.29999998e+00  1.14509048e-06 -3.98640391e-05  1.14509048e-06  3.30000000e+00  1.14509048e-06  2.12520553e-05 
 1.14559048e-06  3.29999993e+00  1.14559048e-06  3.88418591e-05  1.14559048e-06  3.30000000e+00  1.14559048e-06 -2.12495609e-05 
 1.14609048e-06  3.30000011e+00  1.14609048e-06 -3.59714447e-05  1.14609048e-06  3.30000000e+00  1.14609048e-06  2.12471129e-05 
 1.14659048e-06  3.29999981e+00  1.14659048e-06  3.51514549e-05  1.14659048e-06  3.30000000e+00  1.14659048e-06 -2.12448776e-05 
 1.14709048e-06  3.30000022e+00  1.14709048e-06 -3.24860269e-05  1.14709048e-06  3.30000000e+00  1.14709048e-06  2.12426750e-05 
 1.14759048e-06  3.29999972e+00  1.14759048e-06  3.18440893e-05  1.14759048e-06  3.30000000e+00  1.14759048e-06 -2.12406691e-05 
 1.14809048e-06  3.30000030e+00  1.14809048e-06 -2.93610462e-05  1.14809048e-06  3.30000000e+00  1.14809048e-06  2.12386851e-05 
 1.14859048e-06  3.29999965e+00  1.14859048e-06  2.88777528e-05  1.14859048e-06  3.30000000e+00  1.14859048e-06 -2.12368840e-05 
 1.14909048e-06  3.30000036e+00  1.14909048e-06 -2.65564729e-05  1.14909048e-06  3.30000000e+00  1.14909048e-06  2.12350946e-05 
 1.14959048e-06  3.29999960e+00  1.14959048e-06  2.62139388e-05  1.14959048e-06  3.30000000e+00  1.14959048e-06 -2.12334759e-05 
 1.15009048e-06  3.30000041e+00  1.15009048e-06 -2.40365949e-05  1.15009048e-06  3.30000000e+00  1.15009048e-06  2.12318599e-05 
 1.15059048e-06  3.29999956e+00  1.15059048e-06  2.38191504e-05  1.15059048e-06  3.30000000e+00  1.15059048e-06 -2.12304039e-05 
 1.15109048e-06  3.30000044e+00  1.15109048e-06 -2.17700453e-05  1.15109048e-06  3.30000000e+00  1.15109048e-06  2.12289428e-05 
 1.15159048e-06  3.29999954e+00  1.15159048e-06  2.16638958e-05  1.15159048e-06  3.30000000e+00  1.15159048e-06 -2.12276322e-05 
 1.15209048e-06  3.30000045e+00  1.15209048e-06 -1.97291828e-05  1.15209048e-06  3.30000000e+00  1.15209048e-06  2.12263095e-05 
 1.15259048e-06  3.29999953e+00  1.15259048e-06  1.97221708e-05  1.15259048e-06  3.30000000e+00  1.15259048e-06 -2.12251290e-05 
 1.15309048e-06  3.30000046e+00  1.15309048e-06 -1.78896221e-05  1.15309048e-06  3.30000000e+00  1.15309048e-06  2.12239301e-05 
 1.15359048e-06  3.29999952e+00  1.15359048e-06  1.79710216e-05  1.15359048e-06  3.30000000e+00  1.15359048e-06 -2.12228660e-05 
 1.15409048e-06  3.30000047e+00  1.15409048e-06 -1.62298260e-05  1.15409048e-06  3.30000000e+00  1.15409048e-06  2.12217781e-05 
 1.15459048e-06  3.29999952e+00  1.15459048e-06  1.63901639e-05  1.15459048e-06  3.30000000e+00  1.15459048e-06 -2.12208183e-05 
 1.15509048e-06  3.30000046e+00  1.15509048e-06 -1.47307516e-05  1.15509048e-06  3.30000000e+00  1.15509048e-06  2.12198300e-05 
 1.15559048e-06  3.29999953e+00  1.15559048e-06  1.49616522e-05  1.15559048e-06  3.30000000e+00  1.15559048e-06 -2.12189638e-05 
 1.15609048e-06  3.30000040e+00  1.15609048e-06 -1.23883437e-05  1.15609048e-06  3.30000000e+00  1.15609048e-06  2.12180658e-05 
 1.15659048e-06  3.29999935e+00  1.15659048e-06  1.54521954e-05  1.15659048e-06  3.30000000e+00  1.15659048e-06 -2.12174370e-05 
 1.15709048e-06  3.30000025e+00  1.15709048e-06 -1.06228939e-05  1.15709048e-06  3.30000000e+00  1.15709048e-06  2.12163170e-05 
 1.15759048e-06  3.29999940e+00  1.15759048e-06  1.40191756e-05  1.15759048e-06  3.30000000e+00  1.15759048e-06 -2.12158744e-05 
 1.15809048e-06  3.30000026e+00  1.15809048e-06 -9.60372981e-06  1.15809048e-06  3.30000000e+00  1.15809048e-06  2.12148745e-05 
 1.15859048e-06  3.29999943e+00  1.15859048e-06  1.28316854e-05  1.15859048e-06  3.30000000e+00  1.15859048e-06 -2.12144812e-05 
 1.15909048e-06  3.30000026e+00  1.15909048e-06 -8.70614557e-06  1.15909048e-06  3.30000000e+00  1.15909048e-06  2.12135674e-05 
 1.15959048e-06  3.29999945e+00  1.15959048e-06  1.17583903e-05  1.15959048e-06  3.30000000e+00  1.15959048e-06 -2.12132148e-05 
 1.16009048e-06  3.30000025e+00  1.16009048e-06 -7.89510354e-06  1.16009048e-06  3.30000000e+00  1.16009048e-06  2.12123787e-05 
 1.16059048e-06  3.29999948e+00  1.16059048e-06  1.07832935e-05  1.16059048e-06  3.30000000e+00  1.16059048e-06 -2.12120627e-05 
 1.16109048e-06  3.30000025e+00  1.16109048e-06 -7.16054713e-06  1.16109048e-06  3.30000000e+00  1.16109048e-06  2.12112974e-05 
 1.16159048e-06  3.29999951e+00  1.16159048e-06  9.89647179e-06  1.16159048e-06  3.30000000e+00  1.16159048e-06 -2.12110143e-05 
 1.16209048e-06  3.30000024e+00  1.16209048e-06 -6.49456703e-06  1.16209048e-06  3.30000000e+00  1.16209048e-06  2.12103132e-05 
 1.16259048e-06  3.29999954e+00  1.16259048e-06  9.08932919e-06  1.16259048e-06  3.30000000e+00  1.16259048e-06 -2.12100599e-05 
 1.16309048e-06  3.30000023e+00  1.16309048e-06 -5.89023490e-06  1.16309048e-06  3.30000000e+00  1.16309048e-06  2.12094169e-05 
 1.16359048e-06  3.29999956e+00  1.16359048e-06  8.35421561e-06  1.16359048e-06  3.30000000e+00  1.16359048e-06 -2.12091904e-05 
 1.16409048e-06  3.30000022e+00  1.16409048e-06 -5.34140546e-06  1.16409048e-06  3.30000000e+00  1.16409048e-06  2.12086003e-05 
 1.16459048e-06  3.29999959e+00  1.16459048e-06  7.68428630e-06  1.16459048e-06  3.30000000e+00  1.16459048e-06 -2.12083978e-05 
 1.16509048e-06  3.30000021e+00  1.16509048e-06 -4.84260537e-06  1.16509048e-06  3.30000000e+00  1.16509048e-06  2.12078557e-05 
 1.16559048e-06  3.29999962e+00  1.16559048e-06  7.07340208e-06  1.16559048e-06  3.30000000e+00  1.16559048e-06 -2.12076750e-05 
 1.16609048e-06  3.30000020e+00  1.16609048e-06 -4.38894878e-06  1.16609048e-06  3.30000000e+00  1.16609048e-06  2.12071766e-05 
 1.16659048e-06  3.29999964e+00  1.16659048e-06  6.51604797e-06  1.16659048e-06  3.30000000e+00  1.16659048e-06 -2.12070154e-05 
 1.16709048e-06  3.30000019e+00  1.16709048e-06 -3.97606756e-06  1.16709048e-06  3.30000000e+00  1.16709048e-06  2.12065567e-05 
 1.16759048e-06  3.29999968e+00  1.16759048e-06  5.62871582e-06  1.16759048e-06  3.30000000e+00  1.16759048e-06 -2.12064150e-05 
 1.16809048e-06  3.30000023e+00  1.16809048e-06 -3.91881967e-06  1.16809048e-06  3.30000000e+00  1.16809048e-06  2.12060499e-05 
 1.16859048e-06  3.29999971e+00  1.16859048e-06  5.25626109e-06  1.16859048e-06  3.30000000e+00  1.16859048e-06 -2.12058663e-05 
 1.16909048e-06  3.30000022e+00  1.16909048e-06 -3.90303330e-06  1.16909048e-06  3.30000000e+00  1.16909048e-06  2.12055192e-05 
 1.16959048e-06  3.29999978e+00  1.16959048e-06  4.56553832e-06  1.16959048e-06  3.30000000e+00  1.16959048e-06 -2.12053057e-05 
 1.17009048e-06  3.30000019e+00  1.17009048e-06 -3.16678787e-06  1.17009048e-06  3.30000000e+00  1.17009048e-06  2.12050421e-05 
 1.17010000e-06  3.29999999e+00  1.17010000e-06  7.13565431e-07  1.17010000e-06  3.30000000e+00  1.17010000e-06 -2.11989453e-05 
 1.17010247e-06  3.29945314e+00  1.17010247e-06 -4.86352649e-04  1.17010247e-06  3.21841233e+00  1.17010247e-06 -2.85956704e-04 
 1.17010742e-06  3.29808730e+00  1.17010742e-06 -1.54587506e-03  1.17010742e-06  3.05523699e+00  1.17010742e-06 -2.67968600e-04 
 1.17011731e-06  3.29314661e+00  1.17011731e-06 -6.11505800e-03  1.17011731e-06  2.72888631e+00  1.17011731e-06 -2.80199228e-04 
 1.17013709e-06  3.26587641e+00  1.17013709e-06 -3.10188172e-02  1.17013709e-06  2.07618495e+00  1.17013709e-06 -4.82847400e-04 
 1.17016659e-06  3.24475780e+00  1.17016659e-06 -3.64230331e-02  1.17016659e-06  1.10240780e+00  1.17016659e-06 -6.74688375e-04 
 1.17020000e-06  3.25898538e+00  1.17020000e-06  4.77974576e-02  1.17020000e-06  0.00000000e+00  1.17020000e-06 -1.21762036e-03 
 1.17020344e-06  3.26816939e+00  1.17020344e-06  6.64406473e-02  1.17020344e-06  0.00000000e+00  1.17020344e-06 -7.94404704e-04 
 1.17021032e-06  3.28526409e+00  1.17021032e-06  1.03356536e-01  1.17021032e-06  0.00000000e+00  1.17021032e-06 -7.81281515e-04 
 1.17022409e-06  3.31370984e+00  1.17022409e-06  1.74917899e-01  1.17022409e-06  0.00000000e+00  1.17022409e-06 -7.62085290e-04 
 1.17025162e-06  3.35350650e+00  1.17025162e-06  3.13094561e-01  1.17025162e-06  0.00000000e+00  1.17025162e-06 -7.26657461e-04 
 1.17030668e-06  3.39759428e+00  1.17030668e-06  5.95790261e-01  1.17030668e-06  0.00000000e+00  1.17030668e-06 -6.78401613e-04 
 1.17040425e-06  3.46644670e+00  1.17040425e-06  1.23137815e+00  1.17040425e-06  0.00000000e+00  1.17040425e-06 -4.98887719e-04 
 1.17049585e-06  3.51094797e+00  1.17049585e-06  1.86907529e+00  1.17049585e-06  0.00000000e+00  1.17049585e-06 -2.93240788e-04 
 1.17060126e-06  3.48166346e+00  1.17060126e-06  2.39443912e+00  1.17060126e-06  0.00000000e+00  1.17060126e-06 -1.56560562e-04 
 1.17070905e-06  3.43247472e+00  1.17070905e-06  2.74213748e+00  1.17070905e-06  0.00000000e+00  1.17070905e-06 -6.83925985e-05 
 1.17083973e-06  3.38236924e+00  1.17083973e-06  3.02793167e+00  1.17083973e-06  0.00000000e+00  1.17083973e-06 -3.57198923e-05 
 1.17098170e-06  3.34150438e+00  1.17098170e-06  3.18642634e+00  1.17098170e-06  0.00000000e+00  1.17098170e-06 -1.65515633e-05 
 1.17117520e-06  3.31456288e+00  1.17117520e-06  3.26905604e+00  1.17117520e-06  0.00000000e+00  1.17117520e-06 -3.23758165e-06 
 1.17143999e-06  3.30262402e+00  1.17143999e-06  3.29626726e+00  1.17143999e-06  0.00000000e+00  1.17143999e-06 -2.84984426e-06 
 1.17188015e-06  3.29972509e+00  1.17188015e-06  3.30047409e+00  1.17188015e-06  0.00000000e+00  1.17188015e-06  9.03463193e-07 
 1.17238015e-06  3.30004872e+00  1.17238015e-06  3.29990507e+00  1.17238015e-06  0.00000000e+00  1.17238015e-06 -1.99343360e-06 
 1.17288015e-06  3.29999265e+00  1.17288015e-06  3.30002059e+00  1.17288015e-06  0.00000000e+00  1.17288015e-06  1.23938363e-06 
 1.17338015e-06  3.30000457e+00  1.17338015e-06  3.29999609e+00  1.17338015e-06  0.00000000e+00  1.17338015e-06 -1.81385952e-06 
 1.17388015e-06  3.29999860e+00  1.17388015e-06  3.30000140e+00  1.17388015e-06  0.00000000e+00  1.17388015e-06  1.36602811e-06 
 1.17438015e-06  3.30000218e+00  1.17438015e-06  3.30000010e+00  1.17438015e-06  0.00000000e+00  1.17438015e-06 -1.74302064e-06 
 1.17488015e-06  3.29999922e+00  1.17488015e-06  3.30000029e+00  1.17488015e-06  0.00000000e+00  1.17488015e-06  1.42898295e-06 
 1.17538015e-06  3.30000120e+00  1.17538015e-06  3.30000018e+00  1.17538015e-06  0.00000000e+00  1.17538015e-06 -1.70497688e-06 
 1.17588015e-06  3.29999962e+00  1.17588015e-06  3.30000014e+00  1.17588015e-06  0.00000000e+00  1.17588015e-06  1.46530122e-06 
 1.17638015e-06  3.30000067e+00  1.17638015e-06  3.30000012e+00  1.17638015e-06  0.00000000e+00  1.17638015e-06 -1.68110220e-06 
 1.17688015e-06  3.29999983e+00  1.17688015e-06  3.30000009e+00  1.17688015e-06  0.00000000e+00  1.17688015e-06  1.48839574e-06 
 1.17738015e-06  3.30000038e+00  1.17738015e-06  3.30000008e+00  1.17738015e-06  0.00000000e+00  1.17738015e-06 -1.66467247e-06 
 1.17788015e-06  3.29999994e+00  1.17788015e-06  3.30000006e+00  1.17788015e-06  0.00000000e+00  1.17788015e-06  1.50416075e-06 
 1.17838015e-06  3.30000023e+00  1.17838015e-06  3.30000005e+00  1.17838015e-06  0.00000000e+00  1.17838015e-06 -1.65267729e-06 
 1.17888015e-06  3.29999999e+00  1.17888015e-06  3.30000004e+00  1.17888015e-06  0.00000000e+00  1.17888015e-06  1.51552179e-06 
 1.17938015e-06  3.30000014e+00  1.17938015e-06  3.30000004e+00  1.17938015e-06  0.00000000e+00  1.17938015e-06 -1.64355493e-06 
 1.17988015e-06  3.30000002e+00  1.17988015e-06  3.30000003e+00  1.17988015e-06  0.00000000e+00  1.17988015e-06  1.52406518e-06 
 1.18038015e-06  3.30000009e+00  1.18038015e-06  3.30000003e+00  1.18038015e-06  0.00000000e+00  1.18038015e-06 -1.63640494e-06 
 1.18088015e-06  3.30000002e+00  1.18088015e-06  3.30000002e+00  1.18088015e-06  0.00000000e+00  1.18088015e-06  1.53071132e-06 
 1.18138015e-06  3.30000006e+00  1.18138015e-06  3.30000002e+00  1.18138015e-06  0.00000000e+00  1.18138015e-06 -1.63066694e-06 
 1.18188015e-06  3.30000002e+00  1.18188015e-06  3.30000001e+00  1.18188015e-06  0.00000000e+00  1.18188015e-06  1.53602458e-06 
 1.18238015e-06  3.30000004e+00  1.18238015e-06  3.30000001e+00  1.18238015e-06  0.00000000e+00  1.18238015e-06 -1.62597246e-06 
 1.18288015e-06  3.30000002e+00  1.18288015e-06  3.30000001e+00  1.18288015e-06  0.00000000e+00  1.18288015e-06  1.54036759e-06 
 1.18338015e-06  3.30000003e+00  1.18338015e-06  3.30000001e+00  1.18338015e-06  0.00000000e+00  1.18338015e-06 -1.62206896e-06 
 1.18388015e-06  3.30000002e+00  1.18388015e-06  3.30000001e+00  1.18388015e-06  0.00000000e+00  1.18388015e-06  1.54398292e-06 
 1.18438015e-06  3.30000002e+00  1.18438015e-06  3.30000000e+00  1.18438015e-06  0.00000000e+00  1.18438015e-06 -1.61877763e-06 
 1.18488015e-06  3.30000002e+00  1.18488015e-06  3.30000000e+00  1.18488015e-06  0.00000000e+00  1.18488015e-06  1.54703836e-06 
 1.18538015e-06  3.30000002e+00  1.18538015e-06  3.30000000e+00  1.18538015e-06  0.00000000e+00  1.18538015e-06 -1.61596865e-06 
 1.18588015e-06  3.30000001e+00  1.18588015e-06  3.30000000e+00  1.18588015e-06  0.00000000e+00  1.18588015e-06  1.54965392e-06 
 1.18638015e-06  3.30000001e+00  1.18638015e-06  3.30000000e+00  1.18638015e-06  0.00000000e+00  1.18638015e-06 -1.61354571e-06 
 1.18688015e-06  3.30000001e+00  1.18688015e-06  3.30000000e+00  1.18688015e-06  0.00000000e+00  1.18688015e-06  1.55191750e-06 
 1.18738015e-06  3.30000001e+00  1.18738015e-06  3.30000000e+00  1.18738015e-06  0.00000000e+00  1.18738015e-06 -1.61143606e-06 
 1.18788015e-06  3.30000001e+00  1.18788015e-06  3.30000000e+00  1.18788015e-06  0.00000000e+00  1.18788015e-06  1.55389504e-06 
 1.18838015e-06  3.30000001e+00  1.18838015e-06  3.30000000e+00  1.18838015e-06  0.00000000e+00  1.18838015e-06 -1.60958381e-06 
 1.18888015e-06  3.30000000e+00  1.18888015e-06  3.30000000e+00  1.18888015e-06  0.00000000e+00  1.18888015e-06  1.55563698e-06 
 1.18938015e-06  3.30000000e+00  1.18938015e-06  3.30000000e+00  1.18938015e-06  0.00000000e+00  1.18938015e-06 -1.60794539e-06 
 1.18988015e-06  3.30000000e+00  1.18988015e-06  3.30000000e+00  1.18988015e-06  0.00000000e+00  1.18988015e-06  1.55718260e-06 
 1.19038015e-06  3.30000000e+00  1.19038015e-06  3.30000000e+00  1.19038015e-06  0.00000000e+00  1.19038015e-06 -1.60648641e-06 
 1.19088015e-06  3.30000000e+00  1.19088015e-06  3.29999999e+00  1.19088015e-06  0.00000000e+00  1.19088015e-06  1.55856291e-06 
 1.19138015e-06  3.30000000e+00  1.19138015e-06  3.29999999e+00  1.19138015e-06  0.00000000e+00  1.19138015e-06 -1.60517939e-06 
 1.19188015e-06  3.30000000e+00  1.19188015e-06  3.29999999e+00  1.19188015e-06  0.00000000e+00  1.19188015e-06  1.55980276e-06 
 1.19238015e-06  3.30000000e+00  1.19238015e-06  3.29999999e+00  1.19238015e-06  0.00000000e+00  1.19238015e-06 -1.60400211e-06 
 1.19288015e-06  3.30000000e+00  1.19288015e-06  3.29999999e+00  1.19288015e-06  0.00000000e+00  1.19288015e-06  1.56092229e-06 
 1.19338015e-06  3.30000000e+00  1.19338015e-06  3.29999999e+00  1.19338015e-06  0.00000000e+00  1.19338015e-06 -1.60293645e-06 
 1.19388015e-06  3.30000000e+00  1.19388015e-06  3.29999999e+00  1.19388015e-06  0.00000000e+00  1.19388015e-06  1.56193798e-06 
 1.19438015e-06  3.30000000e+00  1.19438015e-06  3.29999999e+00  1.19438015e-06  0.00000000e+00  1.19438015e-06 -1.60196746e-06 
 1.19488015e-06  3.30000000e+00  1.19488015e-06  3.29999999e+00  1.19488015e-06  0.00000000e+00  1.19488015e-06  1.56286344e-06 
 1.19538015e-06  3.30000000e+00  1.19538015e-06  3.29999999e+00  1.19538015e-06  0.00000000e+00  1.19538015e-06 -1.60108274e-06 
 1.19588015e-06  3.30000000e+00  1.19588015e-06  3.29999999e+00  1.19588015e-06  0.00000000e+00  1.19588015e-06  1.56371004e-06 
 1.19638015e-06  3.30000000e+00  1.19638015e-06  3.29999999e+00  1.19638015e-06  0.00000000e+00  1.19638015e-06 -1.60027191e-06 
 1.19688015e-06  3.30000000e+00  1.19688015e-06  3.29999999e+00  1.19688015e-06  0.00000000e+00  1.19688015e-06  1.56448732e-06 
 1.19738015e-06  3.30000000e+00  1.19738015e-06  3.29999999e+00  1.19738015e-06  0.00000000e+00  1.19738015e-06 -1.59952620e-06 
 1.19788015e-06  3.29999999e+00  1.19788015e-06  3.29999999e+00  1.19788015e-06  0.00000000e+00  1.19788015e-06  1.56520334e-06 
 1.19838015e-06  3.29999999e+00  1.19838015e-06  3.29999999e+00  1.19838015e-06  0.00000000e+00  1.19838015e-06 -1.59883816e-06 
 1.19888015e-06  3.29999999e+00  1.19888015e-06  3.29999999e+00  1.19888015e-06  0.00000000e+00  1.19888015e-06  1.56586498e-06 
 1.19938015e-06  3.29999999e+00  1.19938015e-06  3.29999999e+00  1.19938015e-06  0.00000000e+00  1.19938015e-06 -1.59820144e-06 
 1.19988015e-06  3.29999999e+00  1.19988015e-06  3.29999999e+00  1.19988015e-06  0.00000000e+00  1.19988015e-06  1.56647815e-06 
 1.20000000e-06  3.29999999e+00  1.20000000e-06  3.29999999e+00  1.20000000e-06  0.00000000e+00  1.20000000e-06 -1.59783014e-06 
 1.20005000e-06  3.29999999e+00  1.20005000e-06  3.29999999e+00  1.20005000e-06  0.00000000e+00  1.20005000e-06 -1.56126433e-08 
 1.20015000e-06  3.29999999e+00  1.20015000e-06  3.29999999e+00  1.20015000e-06  0.00000000e+00  1.20015000e-06 -1.55547194e-08 
 1.20035000e-06  3.29999999e+00  1.20035000e-06  3.29999999e+00  1.20035000e-06  0.00000000e+00  1.20035000e-06 -1.54388929e-08 
 1.20075000e-06  3.29999999e+00  1.20075000e-06  3.29999999e+00  1.20075000e-06  0.00000000e+00  1.20075000e-06 -1.52123191e-08 
 1.20125000e-06  3.29999999e+00  1.20125000e-06  3.29999999e+00  1.20125000e-06  0.00000000e+00  1.20125000e-06 -1.49380855e-08 
 1.20175000e-06  3.29999999e+00  1.20175000e-06  3.29999999e+00  1.20175000e-06  0.00000000e+00  1.20175000e-06 -1.46732697e-08 
 1.20225000e-06  3.29999999e+00  1.20225000e-06  3.29999999e+00  1.20225000e-06  0.00000000e+00  1.20225000e-06 -1.44175064e-08 
 1.20275000e-06  3.29999999e+00  1.20275000e-06  3.29999999e+00  1.20275000e-06  0.00000000e+00  1.20275000e-06 -1.41702091e-08 
 1.20325000e-06  3.29999999e+00  1.20325000e-06  3.29999999e+00  1.20325000e-06  0.00000000e+00  1.20325000e-06 -1.39311287e-08 
 1.20375000e-06  3.29999999e+00  1.20375000e-06  3.29999999e+00  1.20375000e-06  0.00000000e+00  1.20375000e-06 -1.36996915e-08 
 1.20425000e-06  3.29999999e+00  1.20425000e-06  3.29999999e+00  1.20425000e-06  0.00000000e+00  1.20425000e-06 -1.34757300e-08 
 1.20475000e-06  3.29999999e+00  1.20475000e-06  3.29999999e+00  1.20475000e-06  0.00000000e+00  1.20475000e-06 -1.32586944e-08 
 1.20525000e-06  3.29999999e+00  1.20525000e-06  3.29999999e+00  1.20525000e-06  0.00000000e+00  1.20525000e-06 -1.30484771e-08 
 1.20575000e-06  3.29999999e+00  1.20575000e-06  3.29999999e+00  1.20575000e-06  0.00000000e+00  1.20575000e-06 -1.28445559e-08 
 1.20625000e-06  3.29999999e+00  1.20625000e-06  3.29999999e+00  1.20625000e-06  0.00000000e+00  1.20625000e-06 -1.26468692e-08 
 1.20675000e-06  3.29999999e+00  1.20675000e-06  3.29999999e+00  1.20675000e-06  0.00000000e+00  1.20675000e-06 -1.24549227e-08 
 1.20725000e-06  3.29999999e+00  1.20725000e-06  3.29999999e+00  1.20725000e-06  0.00000000e+00  1.20725000e-06 -1.22686913e-08 
 1.20775000e-06  3.29999999e+00  1.20775000e-06  3.29999999e+00  1.20775000e-06  0.00000000e+00  1.20775000e-06 -1.20877069e-08 
 1.20825000e-06  3.29999999e+00  1.20825000e-06  3.29999999e+00  1.20825000e-06  0.00000000e+00  1.20825000e-06 -1.19119745e-08 
 1.20875000e-06  3.29999999e+00  1.20875000e-06  3.29999999e+00  1.20875000e-06  0.00000000e+00  1.20875000e-06 -1.17410498e-08 
 1.20925000e-06  3.29999999e+00  1.20925000e-06  3.29999999e+00  1.20925000e-06  0.00000000e+00  1.20925000e-06 -1.15749629e-08 
 1.20975000e-06  3.29999999e+00  1.20975000e-06  3.29999999e+00  1.20975000e-06  0.00000000e+00  1.20975000e-06 -1.14132909e-08 
 1.21025000e-06  3.29999999e+00  1.21025000e-06  3.29999999e+00  1.21025000e-06  0.00000000e+00  1.21025000e-06 -1.12560856e-08 
 1.21075000e-06  3.29999999e+00  1.21075000e-06  3.29999999e+00  1.21075000e-06  0.00000000e+00  1.21075000e-06 -1.11029431e-08 
 1.21125000e-06  3.29999999e+00  1.21125000e-06  3.29999999e+00  1.21125000e-06  0.00000000e+00  1.21125000e-06 -1.09539335e-08 
 1.21175000e-06  3.29999999e+00  1.21175000e-06  3.29999999e+00  1.21175000e-06  0.00000000e+00  1.21175000e-06 -1.08086699e-08 
 1.21225000e-06  3.29999999e+00  1.21225000e-06  3.29999999e+00  1.21225000e-06  0.00000000e+00  1.21225000e-06 -1.06672387e-08 
 1.21275000e-06  3.29999999e+00  1.21275000e-06  3.29999999e+00  1.21275000e-06  0.00000000e+00  1.21275000e-06 -1.05292676e-08 
 1.21325000e-06  3.29999999e+00  1.21325000e-06  3.29999999e+00  1.21325000e-06  0.00000000e+00  1.21325000e-06 -1.03948574e-08 
 1.21375000e-06  3.29999999e+00  1.21375000e-06  3.29999999e+00  1.21375000e-06  0.00000000e+00  1.21375000e-06 -1.02636488e-08 
 1.21425000e-06  3.29999999e+00  1.21425000e-06  3.29999999e+00  1.21425000e-06  0.00000000e+00  1.21425000e-06 -1.01357552e-08 
 1.21475000e-06  3.29999999e+00  1.21475000e-06  3.29999999e+00  1.21475000e-06  0.00000000e+00  1.21475000e-06 -1.00108290e-08 
 1.21525000e-06  3.29999999e+00  1.21525000e-06  3.29999999e+00  1.21525000e-06  0.00000000e+00  1.21525000e-06 -9.88899456e-09 
 1.21575000e-06  3.29999999e+00  1.21575000e-06  3.29999999e+00  1.21575000e-06  0.00000000e+00  1.21575000e-06 -9.76991462e-09 
 1.21625000e-06  3.29999999e+00  1.21625000e-06  3.29999999e+00  1.21625000e-06  0.00000000e+00  1.21625000e-06 -9.65372336e-09 
 1.21675000e-06  3.29999999e+00  1.21675000e-06  3.29999999e+00  1.21675000e-06  0.00000000e+00  1.21675000e-06 -9.54009280e-09 
 1.21725000e-06  3.29999999e+00  1.21725000e-06  3.29999999e+00  1.21725000e-06  0.00000000e+00  1.21725000e-06 -9.42916581e-09 
 1.21775000e-06  3.29999999e+00  1.21775000e-06  3.29999999e+00  1.21775000e-06  0.00000000e+00  1.21775000e-06 -9.32062264e-09 
 1.21825000e-06  3.29999999e+00  1.21825000e-06  3.29999999e+00  1.21825000e-06  0.00000000e+00  1.21825000e-06 -9.21461395e-09 
 1.21875000e-06  3.29999999e+00  1.21875000e-06  3.29999999e+00  1.21875000e-06  0.00000000e+00  1.21875000e-06 -9.11082735e-09 
 1.21925000e-06  3.29999999e+00  1.21925000e-06  3.29999999e+00  1.21925000e-06  0.00000000e+00  1.21925000e-06 -9.00942046e-09 
 1.21975000e-06  3.29999999e+00  1.21975000e-06  3.29999999e+00  1.21975000e-06  0.00000000e+00  1.21975000e-06 -8.91008750e-09 
 1.22000000e-06  3.29999999e+00  1.22000000e-06  3.29999999e+00  1.22000000e-06  0.00000000e+00  1.22000000e-06 -8.86131314e-09 
 1.22001000e-06  3.32223299e+00  1.22001000e-06  3.32224830e+00  1.22001000e-06  3.30000000e-01  1.22001000e-06  4.12765035e-04 
 1.22003000e-06  3.36402926e+00  1.22003000e-06  3.36407864e+00  1.22003000e-06  9.90000000e-01  1.22003000e-06  4.61928860e-04 
 1.22007000e-06  3.44546721e+00  1.22007000e-06  3.44549065e+00  1.22007000e-06  2.31000000e+00  1.22007000e-06  4.59401418e-04 
 1.22010000e-06  3.48389184e+00  1.22010000e-06  3.48400222e+00  1.22010000e-06  3.30000000e+00  1.22010000e-06  2.92275860e-04 
 1.22010420e-06  3.48297409e+00  1.22010420e-06  3.48317821e+00  1.22010420e-06  3.30000000e+00  1.22010420e-06 -1.18355273e-05 
 1.22011261e-06  3.48022326e+00  1.22011261e-06  3.48070321e+00  1.22011261e-06  3.30000000e+00  1.22011261e-06 -3.89363409e-05 
 1.22012942e-06  3.46894073e+00  1.22012942e-06  3.47036427e+00  1.22012942e-06  3.30000000e+00  1.22012942e-06 -5.27056773e-05 
 1.22016304e-06  3.43890091e+00  1.22016304e-06  3.44181062e+00  1.22016304e-06  3.30000000e+00  1.22016304e-06 -7.10785023e-05 
 1.22021376e-06  3.28288259e+00  1.22021376e-06  3.27611121e+00  1.22021376e-06  3.30000000e+00  1.22021376e-06 -9.51000167e-05 
 1.22026563e-06  3.03261378e+00  1.22026563e-06  2.98400132e+00  1.22026563e-06  3.30000000e+00  1.22026563e-06 -1.28113744e-04 
 1.22033290e-06  2.66061984e+00  1.22033290e-06  2.59105854e+00  1.22033290e-06  3.30000000e+00  1.22033290e-06 -9.84934489e-05 
 1.22041474e-06  2.26311198e+00  1.22041474e-06  2.16005004e+00  1.22041474e-06  3.30000000e+00  1.22041474e-06 -1.69015952e-04 
 1.22053643e-06  1.96767374e+00  1.22053643e-06  1.67168832e+00  1.22053643e-06  3.30000000e+00  1.22053643e-06 -2.19135781e-04 
 1.22066895e-06  2.24178541e+00  1.22066895e-06  1.16274863e+00  1.22066895e-06  3.30000000e+00  1.22066895e-06 -3.28021111e-04 
 1.22079268e-06  2.74830187e+00  1.22079268e-06  7.66687425e-01  1.22079268e-06  3.30000000e+00  1.22079268e-06 -2.36165711e-04 
 1.22091260e-06  3.08684154e+00  1.22091260e-06  4.85540880e-01  1.22091260e-06  3.30000000e+00  1.22091260e-06 -1.68766701e-04 
 1.22104019e-06  3.22054814e+00  1.22104019e-06  2.54807274e-01  1.22104019e-06  3.30000000e+00  1.22104019e-06 -4.18345162e-05 
 1.22122881e-06  3.27811736e+00  1.22122881e-06  8.53217544e-02  1.22122881e-06  3.30000000e+00  1.22122881e-06 -4.49900731e-05 
 1.22147080e-06  3.29525846e+00  1.22147080e-06  1.40355179e-02  1.22147080e-06  3.30000000e+00  1.22147080e-06  1.97176698e-05 
 1.22172707e-06  3.29959376e+00  1.22172707e-06  3.30320887e-03  1.22172707e-06  3.30000000e+00  1.22172707e-06 -2.43141232e-05 
 1.22208166e-06  3.29987155e+00  1.22208166e-06 -1.02924745e-03  1.22208166e-06  3.30000000e+00  1.22208166e-06  2.36657525e-05 
 1.22255098e-06  3.30010642e+00  1.22255098e-06  9.08832216e-04  1.22255098e-06  3.30000000e+00  1.22255098e-06 -2.35972586e-05 
 1.22305098e-06  3.29991363e+00  1.22305098e-06 -8.37973723e-04  1.22305098e-06  3.30000000e+00  1.22305098e-06  2.35418536e-05 
 1.22355098e-06  3.30007070e+00  1.22355098e-06  7.87903318e-04  1.22355098e-06  3.30000000e+00  1.22355098e-06 -2.34890713e-05 
 1.22405098e-06  3.29994023e+00  1.22405098e-06 -7.36218605e-04  1.22405098e-06  3.30000000e+00  1.22405098e-06  2.34374985e-05 
 1.22455098e-06  3.30005109e+00  1.22455098e-06  6.95473591e-04  1.22455098e-06  3.30000000e+00  1.22455098e-06 -2.33884573e-05 
 1.22505098e-06  3.29995521e+00  1.22505098e-06 -6.51592523e-04  1.22505098e-06  3.30000000e+00  1.22505098e-06  2.33412934e-05 
 1.22555098e-06  3.30003930e+00  1.22555098e-06  6.16482318e-04  1.22555098e-06  3.30000000e+00  1.22555098e-06 -2.32969714e-05 
 1.22605098e-06  3.29996488e+00  1.22605098e-06 -5.78377371e-04  1.22605098e-06  3.30000000e+00  1.22605098e-06  2.32547001e-05 
 1.22655098e-06  3.30003117e+00  1.22655098e-06  5.47666175e-04  1.22655098e-06  3.30000000e+00  1.22655098e-06 -2.32151867e-05 
 1.22705098e-06  3.29997191e+00  1.22705098e-06 -5.14492013e-04  1.22705098e-06  3.30000000e+00  1.22705098e-06  2.31776013e-05 
 1.22755098e-06  3.30002503e+00  1.22755098e-06  4.87409409e-04  1.22755098e-06  3.30000000e+00  1.22755098e-06 -2.31425313e-05 
 1.22805098e-06  3.29997739e+00  1.22805098e-06 -4.58304195e-04  1.22805098e-06  3.30000000e+00  1.22805098e-06  2.31092084e-05 
 1.22855098e-06  3.30002013e+00  1.22855098e-06  4.34429952e-04  1.22855098e-06  3.30000000e+00  1.22855098e-06 -2.30781324e-05 
 1.22905098e-06  3.29998183e+00  1.22905098e-06 -4.08814942e-04  1.22905098e-06  3.30000000e+00  1.22905098e-06  2.30485983e-05 
 1.22955098e-06  3.30001612e+00  1.22955098e-06  3.87724122e-04  1.22955098e-06  3.30000000e+00  1.22955098e-06 -2.30210582e-05 
 1.23005098e-06  3.29998548e+00  1.23005098e-06 -3.65158852e-04  1.23005098e-06  3.30000000e+00  1.23005098e-06  2.29948652e-05 
 1.23055098e-06  3.30001281e+00  1.23055098e-06  3.46435476e-04  1.23055098e-06  3.30000000e+00  1.23055098e-06 -2.29704436e-05 
 1.23105098e-06  3.29998851e+00  1.23105098e-06 -3.26556798e-04  1.23105098e-06  3.30000000e+00  1.23105098e-06  2.29471984e-05 
 1.23155098e-06  3.30001006e+00  1.23155098e-06  3.09965551e-04  1.23155098e-06  3.30000000e+00  1.23155098e-06 -2.29255153e-05 
 1.23205098e-06  3.29999103e+00  1.23205098e-06 -2.92370033e-04  1.23205098e-06  3.30000000e+00  1.23205098e-06  2.29048597e-05 
 1.23255098e-06  3.30000779e+00  1.23255098e-06  2.77662701e-04  1.23255098e-06  3.30000000e+00  1.23255098e-06 -2.28855895e-05 
 1.23305098e-06  3.29999311e+00  1.23305098e-06 -2.62067833e-04  1.23305098e-06  3.30000000e+00  1.23305098e-06  2.28672138e-05 
 1.23355098e-06  3.30000590e+00  1.23355098e-06  2.49016588e-04  1.23355098e-06  3.30000000e+00  1.23355098e-06 -2.28500682e-05 
 1.23405098e-06  3.29999483e+00  1.23405098e-06 -2.35175497e-04  1.23405098e-06  3.30000000e+00  1.23405098e-06  2.28337009e-05 
 1.23455098e-06  3.30000434e+00  1.23455098e-06  2.23581326e-04  1.23455098e-06  3.30000000e+00  1.23455098e-06 -2.28184278e-05 
 1.23505098e-06  3.29999625e+00  1.23505098e-06 -2.11281229e-04  1.23505098e-06  3.30000000e+00  1.23505098e-06  2.28038312e-05 
 1.23555098e-06  3.30000306e+00  1.23555098e-06  2.00961788e-04  1.23555098e-06  3.30000000e+00  1.23555098e-06 -2.27902108e-05 
 1.23605098e-06  3.29999742e+00  1.23605098e-06 -1.90027746e-04  1.23605098e-06  3.30000000e+00  1.23605098e-06  2.27771777e-05 
 1.23655098e-06  3.30000202e+00  1.23655098e-06  1.80836368e-04  1.23655098e-06  3.30000000e+00  1.23655098e-06 -2.27650153e-05 
 1.23705098e-06  3.29999837e+00  1.23705098e-06 -1.71089350e-04  1.23705098e-06  3.30000000e+00  1.23705098e-06  2.27533639e-05 
 1.23755098e-06  3.30000117e+00  1.23755098e-06  1.62899115e-04  1.23755098e-06  3.30000000e+00  1.23755098e-06 -2.27424919e-05 
 1.23805098e-06  3.29999914e+00  1.23805098e-06 -1.54199553e-04  1.23805098e-06  3.30000000e+00  1.23805098e-06  2.27320630e-05 
 1.23855098e-06  3.30000048e+00  1.23855098e-06  1.46895234e-04  1.23855098e-06  3.30000000e+00  1.23855098e-06 -2.27223341e-05 
 1.23905098e-06  3.29999975e+00  1.23905098e-06 -1.39117111e-04  1.23905098e-06  3.30000000e+00  1.23905098e-06  2.27129860e-05 
 1.23955098e-06  3.29999994e+00  1.23955098e-06  1.32594831e-04  1.23955098e-06  3.30000000e+00  1.23955098e-06 -2.27042697e-05 
 1.24005098e-06  3.30000025e+00  1.24005098e-06 -1.25637247e-04  1.24005098e-06  3.30000000e+00  1.24005098e-06  2.26958847e-05 
 1.24055098e-06  3.29999950e+00  1.24055098e-06  1.19805989e-04  1.24055098e-06  3.30000000e+00  1.24055098e-06 -2.26880666e-05 
 1.24105098e-06  3.30000063e+00  1.24105098e-06 -1.13571685e-04  1.24105098e-06  3.30000000e+00  1.24105098e-06  2.26805345e-05 
 1.24155098e-06  3.29999917e+00  1.24155098e-06  1.08352405e-04  1.24155098e-06  3.30000000e+00  1.24155098e-06 -2.26735138e-05 
 1.24205098e-06  3.30000093e+00  1.24205098e-06 -1.02759486e-04  1.24205098e-06  3.30000000e+00  1.24205098e-06  2.26667402e-05 
 1.24255098e-06  3.29999891e+00  1.24255098e-06  9.80846317e-05  1.24255098e-06  3.30000000e+00  1.24255098e-06 -2.26604301e-05 
 1.24305098e-06  3.30000116e+00  1.24305098e-06 -9.30601313e-05  1.24305098e-06  3.30000000e+00  1.24305098e-06  2.26543314e-05 
 1.24355098e-06  3.29999872e+00  1.24355098e-06  8.88685978e-05  1.24355098e-06  3.30000000e+00  1.24355098e-06 -2.26486540e-05 
 1.24405098e-06  3.30000132e+00  1.24405098e-06 -8.43491430e-05  1.24405098e-06  3.30000000e+00  1.24405098e-06  2.26431568e-05 
 1.24455098e-06  3.29999858e+00  1.24455098e-06  8.05872810e-05  1.24455098e-06  3.30000000e+00  1.24455098e-06 -2.26380436e-05 
 1.24505098e-06  3.30000144e+00  1.24505098e-06 -7.65171684e-05  1.24505098e-06  3.30000000e+00  1.24505098e-06  2.26330832e-05 
 1.24555098e-06  3.29999849e+00  1.24555098e-06  7.31377136e-05  1.24555098e-06  3.30000000e+00  1.24555098e-06 -2.26284737e-05 
 1.24605098e-06  3.30000151e+00  1.24605098e-06 -6.94678996e-05  1.24605098e-06  3.30000000e+00  1.24605098e-06  2.26239928e-05 
 1.24655098e-06  3.29999844e+00  1.24655098e-06  6.64291699e-05  1.24655098e-06  3.30000000e+00  1.24655098e-06 -2.26198336e-05 
 1.24705098e-06  3.30000155e+00  1.24705098e-06 -6.31164203e-05  1.24705098e-06  3.30000000e+00  1.24705098e-06  2.26157816e-05 
 1.24755098e-06  3.29999841e+00  1.24755098e-06  6.03816209e-05  1.24755098e-06  3.30000000e+00  1.24755098e-06 -2.26120253e-05 
 1.24805098e-06  3.30000157e+00  1.24805098e-06 -5.73877744e-05  1.24805098e-06  3.30000000e+00  1.24805098e-06  2.26083575e-05 
 1.24855098e-06  3.29999840e+00  1.24855098e-06  5.49243913e-05  1.24855098e-06  3.30000000e+00  1.24855098e-06 -2.26049623e-05 
 1.24905098e-06  3.30000157e+00  1.24905098e-06 -5.22157210e-05  1.24905098e-06  3.30000000e+00  1.24905098e-06  2.26016388e-05 
 1.24955098e-06  3.29999842e+00  1.24955098e-06  4.99949928e-05  1.24955098e-06  3.30000000e+00  1.24955098e-06 -2.25985674e-05 
 1.25005098e-06  3.30000154e+00  1.25005098e-06 -4.75416523e-05  1.25005098e-06  3.30000000e+00  1.25005098e-06  2.25955530e-05 
 1.25055098e-06  3.29999845e+00  1.25055098e-06  4.55381097e-05  1.25055098e-06  3.30000000e+00  1.25055098e-06 -2.25927725e-05 
 1.25105098e-06  3.30000151e+00  1.25105098e-06 -4.33136525e-05  1.25105098e-06  3.30000000e+00  1.25105098e-06  2.25900359e-05 
 1.25155098e-06  3.29999849e+00  1.25155098e-06  4.15047164e-05  1.25155098e-06  3.30000000e+00  1.25155098e-06 -2.25875168e-05 
 1.25205098e-06  3.30000147e+00  1.25205098e-06 -3.94856783e-05  1.25205098e-06  3.30000000e+00  1.25205098e-06  2.25850300e-05 
 1.25255098e-06  3.29999854e+00  1.25255098e-06  3.78513098e-05  1.25255098e-06  3.30000000e+00  1.25255098e-06 -2.25827463e-05 
 1.25305098e-06  3.30000142e+00  1.25305098e-06 -3.60168454e-05  1.25305098e-06  3.30000000e+00  1.25305098e-06  2.25804845e-05 
 1.25355098e-06  3.29999859e+00  1.25355098e-06  3.45392397e-05  1.25355098e-06  3.30000000e+00  1.25355098e-06 -2.25784128e-05 
 1.25405098e-06  3.30000136e+00  1.25405098e-06 -3.28708065e-05  1.25405098e-06  3.30000000e+00  1.25405098e-06  2.25763538e-05 
 1.25455098e-06  3.29999865e+00  1.25455098e-06  3.15341259e-05  1.25455098e-06  3.30000000e+00  1.25455098e-06 -2.25744733e-05 
 1.25505098e-06  3.30000130e+00  1.25505098e-06 -3.00152086e-05  1.25505098e-06  3.30000000e+00  1.25505098e-06  2.25725974e-05 
 1.25555098e-06  3.29999871e+00  1.25555098e-06  2.88053490e-05  1.25555098e-06  3.30000000e+00  1.25555098e-06 -2.25708895e-05 
 1.25605098e-06  3.30000124e+00  1.25605098e-06 -2.74212194e-05  1.25605098e-06  3.30000000e+00  1.25605098e-06  2.25691789e-05 
 1.25655098e-06  3.29999878e+00  1.25655098e-06  2.63256062e-05  1.25655098e-06  3.30000000e+00  1.25655098e-06 -2.25676270e-05 
 1.25705098e-06  3.30000117e+00  1.25705098e-06 -2.50631128e-05  1.25705098e-06  3.30000000e+00  1.25705098e-06  2.25660659e-05 
 1.25755098e-06  3.29999884e+00  1.25755098e-06  2.40705221e-05  1.25755098e-06  3.30000000e+00  1.25755098e-06 -2.25646551e-05 
 1.25805098e-06  3.30000111e+00  1.25805098e-06 -2.29179073e-05  1.25805098e-06  3.30000000e+00  1.25805098e-06  2.25632293e-05 
 1.25855098e-06  3.29999890e+00  1.25855098e-06  2.20183093e-05  1.25855098e-06  3.30000000e+00  1.25855098e-06 -2.25619462e-05 
 1.25905098e-06  3.30000105e+00  1.25905098e-06 -2.09650485e-05  1.25905098e-06  3.30000000e+00  1.25905098e-06  2.25606429e-05 
 1.25955098e-06  3.29999897e+00  1.25955098e-06  2.01494701e-05  1.25955098e-06  3.30000000e+00  1.25955098e-06 -2.25594756e-05 
 1.26005098e-06  3.30000099e+00  1.26005098e-06 -1.91861312e-05  1.26005098e-06  3.30000000e+00  1.26005098e-06  2.25582834e-05 
 1.26055098e-06  3.29999903e+00  1.26055098e-06  1.84465360e-05  1.26055098e-06  3.30000000e+00  1.26055098e-06 -2.25572210e-05 
 1.26105098e-06  3.30000093e+00  1.26105098e-06 -1.75646559e-05  1.26105098e-06  3.30000000e+00  1.26105098e-06  2.25561296e-05 
 1.26155098e-06  3.29999909e+00  1.26155098e-06  1.68938378e-05  1.26155098e-06  3.30000000e+00  1.26155098e-06 -2.25551625e-05 
 1.26205098e-06  3.30000087e+00  1.26205098e-06 -1.60858140e-05  1.26205098e-06  3.30000000e+00  1.26205098e-06  2.25541626e-05 
 1.26255098e-06  3.29999914e+00  1.26255098e-06  1.54773049e-05  1.26255098e-06  3.30000000e+00  1.26255098e-06 -2.25532820e-05 
 1.26305098e-06  3.30000082e+00  1.26305098e-06 -1.47363006e-05  1.26305098e-06  3.30000000e+00  1.26305098e-06  2.25523653e-05 
 1.26355098e-06  3.29999920e+00  1.26355098e-06  1.41842878e-05  1.26355098e-06  3.30000000e+00  1.26355098e-06 -2.25515634e-05 
 1.26405098e-06  3.30000076e+00  1.26405098e-06 -1.35041478e-05  1.26405098e-06  3.30000000e+00  1.26405098e-06  2.25507223e-05 
 1.26455098e-06  3.29999925e+00  1.26455098e-06  1.30034028e-05  1.26455098e-06  3.30000000e+00  1.26455098e-06 -2.25499920e-05 
 1.26505098e-06  3.30000066e+00  1.26505098e-06 -1.13978056e-05  1.26505098e-06  3.30000000e+00  1.26505098e-06  2.25492265e-05 
 1.26555098e-06  3.29999912e+00  1.26555098e-06  1.37052972e-05  1.26555098e-06  3.30000000e+00  1.26555098e-06 -2.25487001e-05 
 1.26605098e-06  3.30000048e+00  1.26605098e-06 -9.82481038e-06  1.26605098e-06  3.30000000e+00  1.26605098e-06  2.25477029e-05 
 1.26655098e-06  3.29999920e+00  1.26655098e-06  1.24541265e-05  1.26655098e-06  3.30000000e+00  1.26655098e-06 -2.25473488e-05 
 1.26705098e-06  3.30000045e+00  1.26705098e-06 -8.97569068e-06  1.26705098e-06  3.30000000e+00  1.26705098e-06  2.25464544e-05 
 1.26755098e-06  3.29999925e+00  1.26755098e-06  1.14243116e-05  1.26755098e-06  3.30000000e+00  1.26755098e-06 -2.25461371e-05 
 1.26805098e-06  3.30000043e+00  1.26805098e-06 -8.22472797e-06  1.26805098e-06  3.30000000e+00  1.26805098e-06  2.25453140e-05 
 1.26855098e-06  3.29999930e+00  1.26855098e-06  1.04868868e-05  1.26855098e-06  3.30000000e+00  1.26855098e-06 -2.25450266e-05 
 1.26905098e-06  3.30000040e+00  1.26905098e-06 -7.53987694e-06  1.26905098e-06  3.30000000e+00  1.26905098e-06  2.25442686e-05 
 1.26955098e-06  3.29999935e+00  1.26955098e-06  9.62880829e-06  1.26955098e-06  3.30000000e+00  1.26955098e-06 -2.25440087e-05 
 1.27005098e-06  3.30000037e+00  1.27005098e-06 -6.91390470e-06  1.27005098e-06  3.30000000e+00  1.27005098e-06  2.25433105e-05 
 1.27010000e-06  3.29999955e+00  1.27010000e-06  6.42832766e-06  1.27010000e-06  3.30000000e+00  1.27010000e-06 -2.25396149e-05 
 1.27010748e-06  3.29791022e+00  1.27010748e-06 -1.97395214e-03  1.27010748e-06  3.05332173e+00  1.27010748e-06 -2.81828647e-04 
 1.27012243e-06  3.28752873e+00  1.27012243e-06 -1.18250522e-02  1.27012243e-06  2.55996519e+00  1.27012243e-06 -2.96143987e-04 
 1.27015233e-06  3.25105353e+00  1.27015233e-06 -3.96490055e-02  1.27015233e-06  1.57325211e+00  1.27015233e-06 -6.34336317e-04 
 1.27019218e-06  3.25238718e+00  1.27019218e-06  2.10697547e-02  1.27019218e-06  2.58031907e-01  1.27019218e-06 -9.89036984e-04 
 1.27020000e-06  3.25867881e+00  1.27020000e-06  4.98944963e-02  1.27020000e-06  1.28119737e-12  1.27020000e-06 -1.24411880e-03 
 1.27020181e-06  3.26367737e+00  1.27020181e-06  5.96645177e-02  1.27020181e-06  0.00000000e+00  1.27020181e-06 -7.98254289e-04 
 1.27020543e-06  3.27328830e+00  1.27020543e-06  7.91432995e-02  1.27020543e-06  0.00000000e+00  1.27020543e-06 -7.90794406e-04 
 1.27021268e-06  3.29041359e+00  1.27021268e-06  1.17514155e-01  1.27021268e-06  0.00000000e+00  1.27021268e-06 -7.77903166e-04 
 1.27022717e-06  3.31901736e+00  1.27022717e-06  1.92016863e-01  1.27022717e-06  0.00000000e+00  1.27022717e-06 -7.58554213e-04 
 1.27025614e-06  3.35811987e+00  1.27025614e-06  3.36737269e-01  1.27025614e-06  0.00000000e+00  1.27025614e-06 -7.21634646e-04 
 1.27031410e-06  3.40234794e+00  1.27031410e-06  6.38509260e-01  1.27031410e-06  0.00000000e+00  1.27031410e-06 -6.70694799e-04 
 1.27041840e-06  3.47483931e+00  1.27041840e-06  1.32870788e+00  1.27041840e-06  0.00000000e+00  1.27041840e-06 -4.65983841e-04 
 1.27051632e-06  3.51482224e+00  1.27051632e-06  1.98712891e+00  1.27051632e-06  0.00000000e+00  1.27051632e-06 -2.60598980e-04 
 1.27063214e-06  3.46559984e+00  1.27063214e-06  2.52261272e+00  1.27063214e-06  0.00000000e+00  1.27063214e-06 -1.24049470e-04 
 1.27074597e-06  3.41999286e+00  1.27074597e-06  2.84970720e+00  1.27074597e-06  0.00000000e+00  1.27074597e-06 -5.64004466e-05 
 1.27088787e-06  3.36463892e+00  1.27088787e-06  3.10297341e+00  1.27088787e-06  0.00000000e+00  1.27088787e-06 -2.36996709e-05 
 1.27106994e-06  3.32539679e+00  1.27106994e-06  3.23987195e+00  1.27106994e-06  0.00000000e+00  1.27106994e-06 -1.15095567e-05 
 1.27126112e-06  3.30861670e+00  1.27126112e-06  3.28338274e+00  1.27126112e-06  0.00000000e+00  1.27126112e-06  7.13755151e-07 
 1.27162396e-06  3.30014418e+00  1.27162396e-06  3.30059209e+00  1.27162396e-06  0.00000000e+00  1.27162396e-06 -4.44319733e-06 
 1.27208734e-06  3.29993783e+00  1.27208734e-06  3.29988080e+00  1.27208734e-06  0.00000000e+00  1.27208734e-06  3.17963860e-06 
 1.27258734e-06  3.30003282e+00  1.27258734e-06  3.30003172e+00  1.27258734e-06  0.00000000e+00  1.27258734e-06 -4.15274772e-06 
 1.27308734e-06  3.29998550e+00  1.27308734e-06  3.29999182e+00  1.27308734e-06  0.00000000e+00  1.27308734e-06  3.52255393e-06 
 1.27358734e-06  3.30000970e+00  1.27358734e-06  3.30000322e+00  1.27358734e-06  0.00000000e+00  1.27358734e-06 -4.05508170e-06 
 1.27408734e-06  3.29999481e+00  1.27408734e-06  3.29999927e+00  1.27408734e-06  0.00000000e+00  1.27408734e-06  3.65271009e-06 
 1.27458734e-06  3.30000433e+00  1.27458734e-06  3.30000081e+00  1.27458734e-06  0.00000000e+00  1.27458734e-06 -4.00928154e-06 
 1.27508734e-06  3.29999755e+00  1.27508734e-06  3.29999987e+00  1.27508734e-06  0.00000000e+00  1.27508734e-06  3.71857753e-06 
 1.27558734e-06  3.30000222e+00  1.27558734e-06  3.30000038e+00  1.27558734e-06  0.00000000e+00  1.27558734e-06 -3.98248947e-06 
 1.27608734e-06  3.29999884e+00  1.27608734e-06  3.29999997e+00  1.27608734e-06  0.00000000e+00  1.27608734e-06  3.75681234e-06 
 1.27658734e-06  3.30000115e+00  1.27658734e-06  3.30000020e+00  1.27658734e-06  0.00000000e+00  1.27658734e-06 -3.96407960e-06 
 1.27708734e-06  3.29999944e+00  1.27708734e-06  3.30000000e+00  1.27708734e-06  0.00000000e+00  1.27708734e-06  3.78045882e-06 
 1.27758734e-06  3.30000063e+00  1.27758734e-06  3.30000012e+00  1.27758734e-06  0.00000000e+00  1.27758734e-06 -3.95059522e-06 
 1.27808734e-06  3.29999974e+00  1.27808734e-06  3.30000001e+00  1.27808734e-06  0.00000000e+00  1.27808734e-06  3.79638395e-06 
 1.27858734e-06  3.30000036e+00  1.27858734e-06  3.30000007e+00  1.27858734e-06  0.00000000e+00  1.27858734e-06 -3.94026166e-06 
 1.27908734e-06  3.29999989e+00  1.27908734e-06  3.30000002e+00  1.27908734e-06  0.00000000e+00  1.27908734e-06  3.80770853e-06 
 1.27958734e-06  3.30000021e+00  1.27958734e-06  3.30000005e+00  1.27958734e-06  0.00000000e+00  1.27958734e-06 -3.93211635e-06 
 1.28008734e-06  3.29999996e+00  1.28008734e-06  3.30000002e+00  1.28008734e-06  0.00000000e+00  1.28008734e-06  3.81613279e-06 
 1.28058734e-06  3.30000013e+00  1.28058734e-06  3.30000003e+00  1.28058734e-06  0.00000000e+00  1.28058734e-06 -3.92556606e-06 
 1.28108734e-06  3.29999999e+00  1.28108734e-06  3.30000001e+00  1.28108734e-06  0.00000000e+00  1.28108734e-06  3.82263621e-06 
 1.28158734e-06  3.30000008e+00  1.28158734e-06  3.30000002e+00  1.28158734e-06  0.00000000e+00  1.28158734e-06 -3.92021315e-06 
 1.28208734e-06  3.30000001e+00  1.28208734e-06  3.30000001e+00  1.28208734e-06  0.00000000e+00  1.28208734e-06  3.82781060e-06 
 1.28258734e-06  3.30000005e+00  1.28258734e-06  3.30000001e+00  1.28258734e-06  0.00000000e+00  1.28258734e-06 -3.91577748e-06 
 1.28308734e-06  3.30000001e+00  1.28308734e-06  3.30000001e+00  1.28308734e-06  0.00000000e+00  1.28308734e-06  3.83202935e-06 
 1.28358734e-06  3.30000004e+00  1.28358734e-06  3.30000001e+00  1.28358734e-06  0.00000000e+00  1.28358734e-06 -3.91205562e-06 
 1.28408734e-06  3.30000001e+00  1.28408734e-06  3.30000000e+00  1.28408734e-06  0.00000000e+00  1.28408734e-06  3.83553781e-06 
 1.28458734e-06  3.30000002e+00  1.28458734e-06  3.30000000e+00  1.28458734e-06  0.00000000e+00  1.28458734e-06 -3.90889698e-06 
 1.28508734e-06  3.30000001e+00  1.28508734e-06  3.30000000e+00  1.28508734e-06  0.00000000e+00  1.28508734e-06  3.83850321e-06 
 1.28558734e-06  3.30000002e+00  1.28558734e-06  3.30000000e+00  1.28558734e-06  0.00000000e+00  1.28558734e-06 -3.90618838e-06 
 1.28608734e-06  3.30000001e+00  1.28608734e-06  3.30000000e+00  1.28608734e-06  0.00000000e+00  1.28608734e-06  3.84104350e-06 
 1.28658734e-06  3.30000001e+00  1.28658734e-06  3.30000000e+00  1.28658734e-06  0.00000000e+00  1.28658734e-06 -3.90384366e-06 
 1.28708734e-06  3.30000001e+00  1.28708734e-06  3.30000000e+00  1.28708734e-06  0.00000000e+00  1.28708734e-06  3.84324420e-06 
 1.28758734e-06  3.30000001e+00  1.28758734e-06  3.30000000e+00  1.28758734e-06  0.00000000e+00  1.28758734e-06 -3.90179641e-06 
 1.28808734e-06  3.30000001e+00  1.28808734e-06  3.30000000e+00  1.28808734e-06  0.00000000e+00  1.28808734e-06  3.84516910e-06 
 1.28858734e-06  3.30000001e+00  1.28858734e-06  3.30000000e+00  1.28858734e-06  0.00000000e+00  1.28858734e-06 -3.89999494e-06 
 1.28908734e-06  3.30000000e+00  1.28908734e-06  3.30000000e+00  1.28908734e-06  0.00000000e+00  1.28908734e-06  3.84686679e-06 
 1.28958734e-06  3.30000000e+00  1.28958734e-06  3.30000000e+00  1.28958734e-06  0.00000000e+00  1.28958734e-06 -3.89839852e-06 
 1.29008734e-06  3.30000000e+00  1.29008734e-06  3.30000000e+00  1.29008734e-06  0.00000000e+00  1.29008734e-06  3.84837497e-06 
 1.29058734e-06  3.30000000e+00  1.29058734e-06  3.29999999e+00  1.29058734e-06  0.00000000e+00  1.29058734e-06 -3.89697474e-06 
 1.29108734e-06  3.30000000e+00  1.29108734e-06  3.29999999e+00  1.29108734e-06  0.00000000e+00  1.29108734e-06  3.84972343e-06 
 1.29158734e-06  3.30000000e+00  1.29158734e-06  3.29999999e+00  1.29158734e-06  0.00000000e+00  1.29158734e-06 -3.89569754e-06 
 1.29208734e-06  3.30000000e+00  1.29208734e-06  3.29999999e+00  1.29208734e-06  0.00000000e+00  1.29208734e-06  3.85093600e-06 
 1.29258734e-06  3.30000000e+00  1.29258734e-06  3.29999999e+00  1.29258734e-06  0.00000000e+00  1.29258734e-06 -3.89454575e-06 
 1.29308734e-06  3.30000000e+00  1.29308734e-06  3.29999999e+00  1.29308734e-06  0.00000000e+00  1.29308734e-06  3.85203202e-06 
 1.29358734e-06  3.30000000e+00  1.29358734e-06  3.29999999e+00  1.29358734e-06  0.00000000e+00  1.29358734e-06 -3.89350207e-06 
 1.29408734e-06  3.30000000e+00  1.29408734e-06  3.29999999e+00  1.29408734e-06  0.00000000e+00  1.29408734e-06  3.85302731e-06 
 1.29458734e-06  3.30000000e+00  1.29458734e-06  3.29999999e+00  1.29458734e-06  0.00000000e+00  1.29458734e-06 -3.89255217e-06 
 1.29508734e-06  3.30000000e+00  1.29508734e-06  3.29999999e+00  1.29508734e-06  0.00000000e+00  1.29508734e-06  3.85393498e-06 
 1.29558734e-06  3.30000000e+00  1.29558734e-06  3.29999999e+00  1.29558734e-06  0.00000000e+00  1.29558734e-06 -3.89168413e-06 
 1.29608734e-06  3.30000000e+00  1.29608734e-06  3.29999999e+00  1.29608734e-06  0.00000000e+00  1.29608734e-06  3.85476598e-06 
 1.29658734e-06  3.30000000e+00  1.29658734e-06  3.29999999e+00  1.29658734e-06  0.00000000e+00  1.29658734e-06 -3.89088795e-06 
 1.29708734e-06  3.30000000e+00  1.29708734e-06  3.29999999e+00  1.29708734e-06  0.00000000e+00  1.29708734e-06  3.85552951e-06 
 1.29758734e-06  3.30000000e+00  1.29758734e-06  3.29999999e+00  1.29758734e-06  0.00000000e+00  1.29758734e-06 -3.89015518e-06 
 1.29808734e-06  3.29999999e+00  1.29808734e-06  3.29999999e+00  1.29808734e-06  0.00000000e+00  1.29808734e-06  3.85623335e-06 
 1.29858734e-06  3.29999999e+00  1.29858734e-06  3.29999999e+00  1.29858734e-06  0.00000000e+00  1.29858734e-06 -3.88947862e-06 
 1.29908734e-06  3.29999999e+00  1.29908734e-06  3.29999999e+00  1.29908734e-06  0.00000000e+00  1.29908734e-06  3.85688416e-06 
 1.29958734e-06  3.29999999e+00  1.29958734e-06  3.29999999e+00  1.29958734e-06  0.00000000e+00  1.29958734e-06 -3.88885214e-06 
 1.30000000e-06  3.29999999e+00  1.30000000e-06  3.29999999e+00  1.30000000e-06  0.00000000e+00  1.30000000e-06  3.85743668e-06 
