 0.00000000e+00  3.29999999e+00  0.00000000e+00  3.29999999e+00  0.00000000e+00  0.00000000e+00  0.00000000e+00 -2.16460258e-11 
 5.00000000e-13  3.29999999e+00  5.00000000e-13  3.29999999e+00  5.00000000e-13  0.00000000e+00  5.00000000e-13 -2.17126178e-11 
 1.00000000e-12  3.29999999e+00  1.00000000e-12  3.29999999e+00  1.00000000e-12  0.00000000e+00  1.00000000e-12 -2.17010021e-11 
 2.00000000e-12  3.29999999e+00  2.00000000e-12  3.29999999e+00  2.00000000e-12  0.00000000e+00  2.00000000e-12 -3.70126985e-11 
 4.00000000e-12  3.29999999e+00  4.00000000e-12  3.29999999e+00  4.00000000e-12  0.00000000e+00  4.00000000e-12 -2.35515635e-11 
 8.00000000e-12  3.29999998e+00  8.00000000e-12  3.29999999e+00  8.00000000e-12  0.00000000e+00  8.00000000e-12 -3.35264316e-11 
 1.60000000e-11  3.29999998e+00  1.60000000e-11  3.30000000e+00  1.60000000e-11  0.00000000e+00  1.60000000e-11 -1.79059042e-11 
 3.20000000e-11  3.29999998e+00  3.20000000e-11  3.30000000e+00  3.20000000e-11  0.00000000e+00  3.20000000e-11 -2.60924008e-11 
 6.40000000e-11  3.29999997e+00  6.40000000e-11  3.30000000e+00  6.40000000e-11  0.00000000e+00  6.40000000e-11 -1.21669918e-11 
 1.14000000e-10  3.29999997e+00  1.14000000e-10  3.30000000e+00  1.14000000e-10  0.00000000e+00  1.14000000e-10 -2.56634358e-11 
 1.64000000e-10  3.29999998e+00  1.64000000e-10  3.30000000e+00  1.64000000e-10  0.00000000e+00  1.64000000e-10 -1.53231225e-11 
 2.14000000e-10  3.29999998e+00  2.14000000e-10  3.30000000e+00  2.14000000e-10  0.00000000e+00  2.14000000e-10 -2.78724431e-11 
 2.64000000e-10  3.29999998e+00  2.64000000e-10  3.29999999e+00  2.64000000e-10  0.00000000e+00  2.64000000e-10 -1.61283886e-11 
 3.14000000e-10  3.29999998e+00  3.14000000e-10  3.29999999e+00  3.14000000e-10  0.00000000e+00  3.14000000e-10 -2.80749031e-11 
 3.64000000e-10  3.29999998e+00  3.64000000e-10  3.29999999e+00  3.64000000e-10  0.00000000e+00  3.64000000e-10 -1.61698571e-11 
 4.14000000e-10  3.29999998e+00  4.14000000e-10  3.29999999e+00  4.14000000e-10  0.00000000e+00  4.14000000e-10 -2.80744382e-11 
 4.64000000e-10  3.29999999e+00  4.64000000e-10  3.29999999e+00  4.64000000e-10  0.00000000e+00  4.64000000e-10 -1.61611111e-11 
 5.14000000e-10  3.29999999e+00  5.14000000e-10  3.29999999e+00  5.14000000e-10  0.00000000e+00  5.14000000e-10 -2.80657420e-11 
 5.64000000e-10  3.29999999e+00  5.64000000e-10  3.29999999e+00  5.64000000e-10  0.00000000e+00  5.64000000e-10 -1.61540135e-11 
 6.14000000e-10  3.29999999e+00  6.14000000e-10  3.29999999e+00  6.14000000e-10  0.00000000e+00  6.14000000e-10 -2.80601813e-11 
 6.64000000e-10  3.29999999e+00  6.64000000e-10  3.29999999e+00  6.64000000e-10  0.00000000e+00  6.64000000e-10 -1.61496389e-11 
 7.14000000e-10  3.29999999e+00  7.14000000e-10  3.29999999e+00  7.14000000e-10  0.00000000e+00  7.14000000e-10 -2.80566690e-11 
 7.64000000e-10  3.29999999e+00  7.64000000e-10  3.29999999e+00  7.64000000e-10  0.00000000e+00  7.64000000e-10 -1.61467458e-11 
 8.14000000e-10  3.29999999e+00  8.14000000e-10  3.29999999e+00  8.14000000e-10  0.00000000e+00  8.14000000e-10 -2.80542165e-11 
 8.64000000e-10  3.29999999e+00  8.64000000e-10  3.29999999e+00  8.64000000e-10  0.00000000e+00  8.64000000e-10 -1.61446026e-11 
 9.14000000e-10  3.29999999e+00  9.14000000e-10  3.29999999e+00  9.14000000e-10  0.00000000e+00  9.14000000e-10 -2.80522936e-11 
 9.64000000e-10  3.29999999e+00  9.64000000e-10  3.29999999e+00  9.64000000e-10  0.00000000e+00  9.64000000e-10 -1.61428392e-11 
 1.01400000e-09  3.29999999e+00  1.01400000e-09  3.29999999e+00  1.01400000e-09  0.00000000e+00  1.01400000e-09 -2.80506399e-11 
 1.06400000e-09  3.29999999e+00  1.06400000e-09  3.29999999e+00  1.06400000e-09  0.00000000e+00  1.06400000e-09 -1.61412619e-11 
 1.11400000e-09  3.29999999e+00  1.11400000e-09  3.29999999e+00  1.11400000e-09  0.00000000e+00  1.11400000e-09 -2.80491221e-11 
 1.16400000e-09  3.29999999e+00  1.16400000e-09  3.29999999e+00  1.16400000e-09  0.00000000e+00  1.16400000e-09 -1.61397814e-11 
 1.21400000e-09  3.29999999e+00  1.21400000e-09  3.29999999e+00  1.21400000e-09  0.00000000e+00  1.21400000e-09 -2.80476688e-11 
 1.26400000e-09  3.29999999e+00  1.26400000e-09  3.29999999e+00  1.26400000e-09  0.00000000e+00  1.26400000e-09 -1.61383502e-11 
 1.31400000e-09  3.29999999e+00  1.31400000e-09  3.29999999e+00  1.31400000e-09  0.00000000e+00  1.31400000e-09 -2.80462507e-11 
 1.36400000e-09  3.29999999e+00  1.36400000e-09  3.29999999e+00  1.36400000e-09  0.00000000e+00  1.36400000e-09 -1.61369477e-11 
 1.41400000e-09  3.29999999e+00  1.41400000e-09  3.29999999e+00  1.41400000e-09  0.00000000e+00  1.41400000e-09 -2.80448494e-11 
 1.46400000e-09  3.29999999e+00  1.46400000e-09  3.29999999e+00  1.46400000e-09  0.00000000e+00  1.46400000e-09 -1.61355504e-11 
 1.51400000e-09  3.29999999e+00  1.51400000e-09  3.29999999e+00  1.51400000e-09  0.00000000e+00  1.51400000e-09 -2.80434573e-11 
 1.56400000e-09  3.29999999e+00  1.56400000e-09  3.29999999e+00  1.56400000e-09  0.00000000e+00  1.56400000e-09 -1.61341591e-11 
 1.61400000e-09  3.29999999e+00  1.61400000e-09  3.29999999e+00  1.61400000e-09  0.00000000e+00  1.61400000e-09 -2.80420760e-11 
 1.66400000e-09  3.29999999e+00  1.66400000e-09  3.29999999e+00  1.66400000e-09  0.00000000e+00  1.66400000e-09 -1.61327791e-11 
 1.71400000e-09  3.29999999e+00  1.71400000e-09  3.29999999e+00  1.71400000e-09  0.00000000e+00  1.71400000e-09 -2.80406952e-11 
 1.76400000e-09  3.29999999e+00  1.76400000e-09  3.29999999e+00  1.76400000e-09  0.00000000e+00  1.76400000e-09 -1.61313983e-11 
 1.81400000e-09  3.29999999e+00  1.81400000e-09  3.29999999e+00  1.81400000e-09  0.00000000e+00  1.81400000e-09 -2.80393096e-11 
 1.86400000e-09  3.29999999e+00  1.86400000e-09  3.29999999e+00  1.86400000e-09  0.00000000e+00  1.86400000e-09 -1.61300183e-11 
 1.91400000e-09  3.29999999e+00  1.91400000e-09  3.29999999e+00  1.91400000e-09  0.00000000e+00  1.91400000e-09 -2.80379331e-11 
 1.96400000e-09  3.29999999e+00  1.96400000e-09  3.29999999e+00  1.96400000e-09  0.00000000e+00  1.96400000e-09 -1.61286401e-11 
 2.01400000e-09  3.29999999e+00  2.01400000e-09  3.29999999e+00  2.01400000e-09  0.00000000e+00  2.01400000e-09 -2.80365583e-11 
 2.06400000e-09  3.29999999e+00  2.06400000e-09  3.29999999e+00  2.06400000e-09  0.00000000e+00  2.06400000e-09 -1.61272627e-11 
 2.11400000e-09  3.29999999e+00  2.11400000e-09  3.29999999e+00  2.11400000e-09  0.00000000e+00  2.11400000e-09 -2.80351805e-11 
 2.16400000e-09  3.29999999e+00  2.16400000e-09  3.29999999e+00  2.16400000e-09  0.00000000e+00  2.16400000e-09 -1.61258827e-11 
 2.21400000e-09  3.29999999e+00  2.21400000e-09  3.29999999e+00  2.21400000e-09  0.00000000e+00  2.21400000e-09 -2.80338053e-11 
 2.26400000e-09  3.29999999e+00  2.26400000e-09  3.29999999e+00  2.26400000e-09  0.00000000e+00  2.26400000e-09 -1.61245110e-11 
 2.31400000e-09  3.29999999e+00  2.31400000e-09  3.29999999e+00  2.31400000e-09  0.00000000e+00  2.31400000e-09 -2.80324314e-11 
 2.36400000e-09  3.29999999e+00  2.36400000e-09  3.29999999e+00  2.36400000e-09  0.00000000e+00  2.36400000e-09 -1.61231345e-11 
 2.41400000e-09  3.29999999e+00  2.41400000e-09  3.29999999e+00  2.41400000e-09  0.00000000e+00  2.41400000e-09 -2.80310571e-11 
 2.46400000e-09  3.29999999e+00  2.46400000e-09  3.29999999e+00  2.46400000e-09  0.00000000e+00  2.46400000e-09 -1.61217649e-11 
 2.51400000e-09  3.29999999e+00  2.51400000e-09  3.29999999e+00  2.51400000e-09  0.00000000e+00  2.51400000e-09 -2.80296836e-11 
 2.56400000e-09  3.29999999e+00  2.56400000e-09  3.29999999e+00  2.56400000e-09  0.00000000e+00  2.56400000e-09 -1.61203897e-11 
 2.61400000e-09  3.29999999e+00  2.61400000e-09  3.29999999e+00  2.61400000e-09  0.00000000e+00  2.61400000e-09 -2.80283127e-11 
 2.66400000e-09  3.29999999e+00  2.66400000e-09  3.29999999e+00  2.66400000e-09  0.00000000e+00  2.66400000e-09 -1.61190193e-11 
 2.71400000e-09  3.29999999e+00  2.71400000e-09  3.29999999e+00  2.71400000e-09  0.00000000e+00  2.71400000e-09 -2.80269440e-11 
 2.76400000e-09  3.29999999e+00  2.76400000e-09  3.29999999e+00  2.76400000e-09  0.00000000e+00  2.76400000e-09 -1.61176532e-11 
 2.81400000e-09  3.29999999e+00  2.81400000e-09  3.29999999e+00  2.81400000e-09  0.00000000e+00  2.81400000e-09 -2.80255762e-11 
 2.86400000e-09  3.29999999e+00  2.86400000e-09  3.29999999e+00  2.86400000e-09  0.00000000e+00  2.86400000e-09 -1.61162841e-11 
 2.91400000e-09  3.29999999e+00  2.91400000e-09  3.29999999e+00  2.91400000e-09  0.00000000e+00  2.91400000e-09 -2.80242088e-11 
 2.96400000e-09  3.29999999e+00  2.96400000e-09  3.29999999e+00  2.96400000e-09  0.00000000e+00  2.96400000e-09 -1.61149141e-11 
 3.01400000e-09  3.29999999e+00  3.01400000e-09  3.29999999e+00  3.01400000e-09  0.00000000e+00  3.01400000e-09 -2.80228401e-11 
 3.06400000e-09  3.29999999e+00  3.06400000e-09  3.29999999e+00  3.06400000e-09  0.00000000e+00  3.06400000e-09 -1.61135489e-11 
 3.11400000e-09  3.29999999e+00  3.11400000e-09  3.29999999e+00  3.11400000e-09  0.00000000e+00  3.11400000e-09 -2.80214740e-11 
 3.16400000e-09  3.29999999e+00  3.16400000e-09  3.29999999e+00  3.16400000e-09  0.00000000e+00  3.16400000e-09 -1.61121832e-11 
 3.21400000e-09  3.29999999e+00  3.21400000e-09  3.29999999e+00  3.21400000e-09  0.00000000e+00  3.21400000e-09 -2.80201066e-11 
 3.26400000e-09  3.29999999e+00  3.26400000e-09  3.29999999e+00  3.26400000e-09  0.00000000e+00  3.26400000e-09 -1.61108188e-11 
 3.31400000e-09  3.29999999e+00  3.31400000e-09  3.29999999e+00  3.31400000e-09  0.00000000e+00  3.31400000e-09 -2.80187431e-11 
 3.36400000e-09  3.29999999e+00  3.36400000e-09  3.29999999e+00  3.36400000e-09  0.00000000e+00  3.36400000e-09 -1.61094562e-11 
 3.41400000e-09  3.29999999e+00  3.41400000e-09  3.29999999e+00  3.41400000e-09  0.00000000e+00  3.41400000e-09 -2.80173796e-11 
 3.46400000e-09  3.29999999e+00  3.46400000e-09  3.29999999e+00  3.46400000e-09  0.00000000e+00  3.46400000e-09 -1.61080923e-11 
 3.51400000e-09  3.29999999e+00  3.51400000e-09  3.29999999e+00  3.51400000e-09  0.00000000e+00  3.51400000e-09 -2.80160183e-11 
 3.56400000e-09  3.29999999e+00  3.56400000e-09  3.29999999e+00  3.56400000e-09  0.00000000e+00  3.56400000e-09 -1.61067288e-11 
 3.61400000e-09  3.29999999e+00  3.61400000e-09  3.29999999e+00  3.61400000e-09  0.00000000e+00  3.61400000e-09 -2.80146561e-11 
 3.66400000e-09  3.29999999e+00  3.66400000e-09  3.29999999e+00  3.66400000e-09  0.00000000e+00  3.66400000e-09 -1.61053705e-11 
 3.71400000e-09  3.29999999e+00  3.71400000e-09  3.29999999e+00  3.71400000e-09  0.00000000e+00  3.71400000e-09 -2.80132952e-11 
 3.76400000e-09  3.29999999e+00  3.76400000e-09  3.29999999e+00  3.76400000e-09  0.00000000e+00  3.76400000e-09 -1.61040083e-11 
 3.81400000e-09  3.29999999e+00  3.81400000e-09  3.29999999e+00  3.81400000e-09  0.00000000e+00  3.81400000e-09 -2.80119370e-11 
 3.86400000e-09  3.29999999e+00  3.86400000e-09  3.29999999e+00  3.86400000e-09  0.00000000e+00  3.86400000e-09 -1.61026509e-11 
 3.91400000e-09  3.29999999e+00  3.91400000e-09  3.29999999e+00  3.91400000e-09  0.00000000e+00  3.91400000e-09 -2.80105791e-11 
 3.96400000e-09  3.29999999e+00  3.96400000e-09  3.29999999e+00  3.96400000e-09  0.00000000e+00  3.96400000e-09 -1.61012917e-11 
 4.01400000e-09  3.29999999e+00  4.01400000e-09  3.29999999e+00  4.01400000e-09  0.00000000e+00  4.01400000e-09 -2.80092225e-11 
 4.06400000e-09  3.29999999e+00  4.06400000e-09  3.29999999e+00  4.06400000e-09  0.00000000e+00  4.06400000e-09 -1.60999365e-11 
 4.11400000e-09  3.29999999e+00  4.11400000e-09  3.29999999e+00  4.11400000e-09  0.00000000e+00  4.11400000e-09 -2.80078669e-11 
 4.16400000e-09  3.29999999e+00  4.16400000e-09  3.29999999e+00  4.16400000e-09  0.00000000e+00  4.16400000e-09 -1.60985838e-11 
 4.21400000e-09  3.29999999e+00  4.21400000e-09  3.29999999e+00  4.21400000e-09  0.00000000e+00  4.21400000e-09 -2.80065112e-11 
 4.26400000e-09  3.29999999e+00  4.26400000e-09  3.29999999e+00  4.26400000e-09  0.00000000e+00  4.26400000e-09 -1.60972260e-11 
 4.31400000e-09  3.29999999e+00  4.31400000e-09  3.29999999e+00  4.31400000e-09  0.00000000e+00  4.31400000e-09 -2.80051559e-11 
 4.36400000e-09  3.29999999e+00  4.36400000e-09  3.29999999e+00  4.36400000e-09  0.00000000e+00  4.36400000e-09 -1.60958733e-11 
 4.41400000e-09  3.29999999e+00  4.41400000e-09  3.29999999e+00  4.41400000e-09  0.00000000e+00  4.41400000e-09 -2.80038050e-11 
 4.46400000e-09  3.29999999e+00  4.46400000e-09  3.29999999e+00  4.46400000e-09  0.00000000e+00  4.46400000e-09 -1.60945189e-11 
 4.51400000e-09  3.29999999e+00  4.51400000e-09  3.29999999e+00  4.51400000e-09  0.00000000e+00  4.51400000e-09 -2.80024502e-11 
 4.56400000e-09  3.29999999e+00  4.56400000e-09  3.29999999e+00  4.56400000e-09  0.00000000e+00  4.56400000e-09 -1.60931667e-11 
 4.61400000e-09  3.29999999e+00  4.61400000e-09  3.29999999e+00  4.61400000e-09  0.00000000e+00  4.61400000e-09 -2.80011010e-11 
 4.66400000e-09  3.29999999e+00  4.66400000e-09  3.29999999e+00  4.66400000e-09  0.00000000e+00  4.66400000e-09 -1.60918149e-11 
 4.71400000e-09  3.29999999e+00  4.71400000e-09  3.29999999e+00  4.71400000e-09  0.00000000e+00  4.71400000e-09 -2.79997484e-11 
 4.76400000e-09  3.29999999e+00  4.76400000e-09  3.29999999e+00  4.76400000e-09  0.00000000e+00  4.76400000e-09 -1.60904675e-11 
 4.81400000e-09  3.29999999e+00  4.81400000e-09  3.29999999e+00  4.81400000e-09  0.00000000e+00  4.81400000e-09 -2.79983996e-11 
 4.86400000e-09  3.29999999e+00  4.86400000e-09  3.29999999e+00  4.86400000e-09  0.00000000e+00  4.86400000e-09 -1.60891196e-11 
 4.91400000e-09  3.29999999e+00  4.91400000e-09  3.29999999e+00  4.91400000e-09  0.00000000e+00  4.91400000e-09 -2.79970539e-11 
 4.96400000e-09  3.29999999e+00  4.96400000e-09  3.29999999e+00  4.96400000e-09  0.00000000e+00  4.96400000e-09 -1.60877722e-11 
 5.01400000e-09  3.29999999e+00  5.01400000e-09  3.29999999e+00  5.01400000e-09  0.00000000e+00  5.01400000e-09 -2.79957051e-11 
 5.06400000e-09  3.29999999e+00  5.06400000e-09  3.29999999e+00  5.06400000e-09  0.00000000e+00  5.06400000e-09 -1.60864252e-11 
 5.11400000e-09  3.29999999e+00  5.11400000e-09  3.29999999e+00  5.11400000e-09  0.00000000e+00  5.11400000e-09 -2.79943586e-11 
 5.16400000e-09  3.29999999e+00  5.16400000e-09  3.29999999e+00  5.16400000e-09  0.00000000e+00  5.16400000e-09 -1.60850777e-11 
 5.21400000e-09  3.29999999e+00  5.21400000e-09  3.29999999e+00  5.21400000e-09  0.00000000e+00  5.21400000e-09 -2.79930098e-11 
 5.26400000e-09  3.29999999e+00  5.26400000e-09  3.29999999e+00  5.26400000e-09  0.00000000e+00  5.26400000e-09 -1.60837307e-11 
 5.31400000e-09  3.29999999e+00  5.31400000e-09  3.29999999e+00  5.31400000e-09  0.00000000e+00  5.31400000e-09 -2.79916658e-11 
 5.36400000e-09  3.29999999e+00  5.36400000e-09  3.29999999e+00  5.36400000e-09  0.00000000e+00  5.36400000e-09 -1.60823885e-11 
 5.41400000e-09  3.29999999e+00  5.41400000e-09  3.29999999e+00  5.41400000e-09  0.00000000e+00  5.41400000e-09 -2.79903223e-11 
 5.46400000e-09  3.29999999e+00  5.46400000e-09  3.29999999e+00  5.46400000e-09  0.00000000e+00  5.46400000e-09 -1.60810449e-11 
 5.51400000e-09  3.29999999e+00  5.51400000e-09  3.29999999e+00  5.51400000e-09  0.00000000e+00  5.51400000e-09 -2.79889796e-11 
 5.56400000e-09  3.29999999e+00  5.56400000e-09  3.29999999e+00  5.56400000e-09  0.00000000e+00  5.56400000e-09 -1.60797031e-11 
 5.61400000e-09  3.29999999e+00  5.61400000e-09  3.29999999e+00  5.61400000e-09  0.00000000e+00  5.61400000e-09 -2.79876378e-11 
 5.66400000e-09  3.29999999e+00  5.66400000e-09  3.29999999e+00  5.66400000e-09  0.00000000e+00  5.66400000e-09 -1.60783635e-11 
 5.71400000e-09  3.29999999e+00  5.71400000e-09  3.29999999e+00  5.71400000e-09  0.00000000e+00  5.71400000e-09 -2.79862990e-11 
 5.76400000e-09  3.29999999e+00  5.76400000e-09  3.29999999e+00  5.76400000e-09  0.00000000e+00  5.76400000e-09 -1.60770221e-11 
 5.81400000e-09  3.29999999e+00  5.81400000e-09  3.29999999e+00  5.81400000e-09  0.00000000e+00  5.81400000e-09 -2.79849581e-11 
 5.86400000e-09  3.29999999e+00  5.86400000e-09  3.29999999e+00  5.86400000e-09  0.00000000e+00  5.86400000e-09 -1.60756825e-11 
 5.91400000e-09  3.29999999e+00  5.91400000e-09  3.29999999e+00  5.91400000e-09  0.00000000e+00  5.91400000e-09 -2.79836180e-11 
 5.96400000e-09  3.29999999e+00  5.96400000e-09  3.29999999e+00  5.96400000e-09  0.00000000e+00  5.96400000e-09 -1.60743471e-11 
 6.01400000e-09  3.29999999e+00  6.01400000e-09  3.29999999e+00  6.01400000e-09  0.00000000e+00  6.01400000e-09 -2.79822810e-11 
 6.06400000e-09  3.29999999e+00  6.06400000e-09  3.29999999e+00  6.06400000e-09  0.00000000e+00  6.06400000e-09 -1.60730092e-11 
 6.11400000e-09  3.29999999e+00  6.11400000e-09  3.29999999e+00  6.11400000e-09  0.00000000e+00  6.11400000e-09 -2.79809435e-11 
 6.16400000e-09  3.29999999e+00  6.16400000e-09  3.29999999e+00  6.16400000e-09  0.00000000e+00  6.16400000e-09 -1.60716722e-11 
 6.21400000e-09  3.29999999e+00  6.21400000e-09  3.29999999e+00  6.21400000e-09  0.00000000e+00  6.21400000e-09 -2.79796104e-11 
 6.26400000e-09  3.29999999e+00  6.26400000e-09  3.29999999e+00  6.26400000e-09  0.00000000e+00  6.26400000e-09 -1.60703352e-11 
 6.31400000e-09  3.29999999e+00  6.31400000e-09  3.29999999e+00  6.31400000e-09  0.00000000e+00  6.31400000e-09 -2.79782772e-11 
 6.36400000e-09  3.29999999e+00  6.36400000e-09  3.29999999e+00  6.36400000e-09  0.00000000e+00  6.36400000e-09 -1.60690016e-11 
 6.41400000e-09  3.29999999e+00  6.41400000e-09  3.29999999e+00  6.41400000e-09  0.00000000e+00  6.41400000e-09 -2.79769415e-11 
 6.46400000e-09  3.29999999e+00  6.46400000e-09  3.29999999e+00  6.46400000e-09  0.00000000e+00  6.46400000e-09 -1.60676676e-11 
 6.51400000e-09  3.29999999e+00  6.51400000e-09  3.29999999e+00  6.51400000e-09  0.00000000e+00  6.51400000e-09 -2.79756075e-11 
 6.56400000e-09  3.29999999e+00  6.56400000e-09  3.29999999e+00  6.56400000e-09  0.00000000e+00  6.56400000e-09 -1.60663371e-11 
 6.61400000e-09  3.29999999e+00  6.61400000e-09  3.29999999e+00  6.61400000e-09  0.00000000e+00  6.61400000e-09 -2.79742765e-11 
 6.66400000e-09  3.29999999e+00  6.66400000e-09  3.29999999e+00  6.66400000e-09  0.00000000e+00  6.66400000e-09 -1.60650057e-11 
 6.71400000e-09  3.29999999e+00  6.71400000e-09  3.29999999e+00  6.71400000e-09  0.00000000e+00  6.71400000e-09 -2.79729473e-11 
 6.76400000e-09  3.29999999e+00  6.76400000e-09  3.29999999e+00  6.76400000e-09  0.00000000e+00  6.76400000e-09 -1.60636756e-11 
 6.81400000e-09  3.29999999e+00  6.81400000e-09  3.29999999e+00  6.81400000e-09  0.00000000e+00  6.81400000e-09 -2.79716150e-11 
 6.86400000e-09  3.29999999e+00  6.86400000e-09  3.29999999e+00  6.86400000e-09  0.00000000e+00  6.86400000e-09 -1.60623468e-11 
 6.91400000e-09  3.29999999e+00  6.91400000e-09  3.29999999e+00  6.91400000e-09  0.00000000e+00  6.91400000e-09 -2.79702871e-11 
 6.96400000e-09  3.29999999e+00  6.96400000e-09  3.29999999e+00  6.96400000e-09  0.00000000e+00  6.96400000e-09 -1.60610197e-11 
 7.01400000e-09  3.29999999e+00  7.01400000e-09  3.29999999e+00  7.01400000e-09  0.00000000e+00  7.01400000e-09 -2.79689592e-11 
 7.06400000e-09  3.29999999e+00  7.06400000e-09  3.29999999e+00  7.06400000e-09  0.00000000e+00  7.06400000e-09 -1.60596918e-11 
 7.11400000e-09  3.29999999e+00  7.11400000e-09  3.29999999e+00  7.11400000e-09  0.00000000e+00  7.11400000e-09 -2.79676330e-11 
 7.16400000e-09  3.29999999e+00  7.16400000e-09  3.29999999e+00  7.16400000e-09  0.00000000e+00  7.16400000e-09 -1.60583656e-11 
 7.21400000e-09  3.29999999e+00  7.21400000e-09  3.29999999e+00  7.21400000e-09  0.00000000e+00  7.21400000e-09 -2.79663055e-11 
 7.26400000e-09  3.29999999e+00  7.26400000e-09  3.29999999e+00  7.26400000e-09  0.00000000e+00  7.26400000e-09 -1.60570424e-11 
 7.31400000e-09  3.29999999e+00  7.31400000e-09  3.29999999e+00  7.31400000e-09  0.00000000e+00  7.31400000e-09 -2.79649802e-11 
 7.36400000e-09  3.29999999e+00  7.36400000e-09  3.29999999e+00  7.36400000e-09  0.00000000e+00  7.36400000e-09 -1.60557193e-11 
 7.41400000e-09  3.29999999e+00  7.41400000e-09  3.29999999e+00  7.41400000e-09  0.00000000e+00  7.41400000e-09 -2.79636561e-11 
 7.46400000e-09  3.29999999e+00  7.46400000e-09  3.29999999e+00  7.46400000e-09  0.00000000e+00  7.46400000e-09 -1.60543922e-11 
 7.51400000e-09  3.29999999e+00  7.51400000e-09  3.29999999e+00  7.51400000e-09  0.00000000e+00  7.51400000e-09 -2.79623299e-11 
 7.56400000e-09  3.29999999e+00  7.56400000e-09  3.29999999e+00  7.56400000e-09  0.00000000e+00  7.56400000e-09 -1.60530690e-11 
 7.61400000e-09  3.29999999e+00  7.61400000e-09  3.29999999e+00  7.61400000e-09  0.00000000e+00  7.61400000e-09 -2.79610107e-11 
 7.66400000e-09  3.29999999e+00  7.66400000e-09  3.29999999e+00  7.66400000e-09  0.00000000e+00  7.66400000e-09 -1.60517489e-11 
 7.71400000e-09  3.29999999e+00  7.71400000e-09  3.29999999e+00  7.71400000e-09  0.00000000e+00  7.71400000e-09 -2.79596880e-11 
 7.76400000e-09  3.29999999e+00  7.76400000e-09  3.29999999e+00  7.76400000e-09  0.00000000e+00  7.76400000e-09 -1.60504283e-11 
 7.81400000e-09  3.29999999e+00  7.81400000e-09  3.29999999e+00  7.81400000e-09  0.00000000e+00  7.81400000e-09 -2.79583683e-11 
 7.86400000e-09  3.29999999e+00  7.86400000e-09  3.29999999e+00  7.86400000e-09  0.00000000e+00  7.86400000e-09 -1.60491087e-11 
 7.91400000e-09  3.29999999e+00  7.91400000e-09  3.29999999e+00  7.91400000e-09  0.00000000e+00  7.91400000e-09 -2.79570481e-11 
 7.96400000e-09  3.29999999e+00  7.96400000e-09  3.29999999e+00  7.96400000e-09  0.00000000e+00  7.96400000e-09 -1.60477911e-11 
 8.01400000e-09  3.29999999e+00  8.01400000e-09  3.29999999e+00  8.01400000e-09  0.00000000e+00  8.01400000e-09 -2.79557297e-11 
 8.06400000e-09  3.29999999e+00  8.06400000e-09  3.29999999e+00  8.06400000e-09  0.00000000e+00  8.06400000e-09 -1.60464719e-11 
 8.11400000e-09  3.29999999e+00  8.11400000e-09  3.29999999e+00  8.11400000e-09  0.00000000e+00  8.11400000e-09 -2.79544140e-11 
 8.16400000e-09  3.29999999e+00  8.16400000e-09  3.29999999e+00  8.16400000e-09  0.00000000e+00  8.16400000e-09 -1.60451591e-11 
 8.21400000e-09  3.29999999e+00  8.21400000e-09  3.29999999e+00  8.21400000e-09  0.00000000e+00  8.21400000e-09 -2.79531008e-11 
 8.26400000e-09  3.29999999e+00  8.26400000e-09  3.29999999e+00  8.26400000e-09  0.00000000e+00  8.26400000e-09 -1.60438407e-11 
 8.31400000e-09  3.29999999e+00  8.31400000e-09  3.29999999e+00  8.31400000e-09  0.00000000e+00  8.31400000e-09 -2.79517819e-11 
 8.36400000e-09  3.29999999e+00  8.36400000e-09  3.29999999e+00  8.36400000e-09  0.00000000e+00  8.36400000e-09 -1.60425293e-11 
 8.41400000e-09  3.29999999e+00  8.41400000e-09  3.29999999e+00  8.41400000e-09  0.00000000e+00  8.41400000e-09 -2.79504662e-11 
 8.46400000e-09  3.29999999e+00  8.46400000e-09  3.29999999e+00  8.46400000e-09  0.00000000e+00  8.46400000e-09 -1.60412122e-11 
 8.51400000e-09  3.29999999e+00  8.51400000e-09  3.29999999e+00  8.51400000e-09  0.00000000e+00  8.51400000e-09 -2.79491517e-11 
 8.56400000e-09  3.29999999e+00  8.56400000e-09  3.29999999e+00  8.56400000e-09  0.00000000e+00  8.56400000e-09 -1.60399042e-11 
 8.61400000e-09  3.29999999e+00  8.61400000e-09  3.29999999e+00  8.61400000e-09  0.00000000e+00  8.61400000e-09 -2.79478394e-11 
 8.66400000e-09  3.29999999e+00  8.66400000e-09  3.29999999e+00  8.66400000e-09  0.00000000e+00  8.66400000e-09 -1.60385897e-11 
 8.71400000e-09  3.29999999e+00  8.71400000e-09  3.29999999e+00  8.71400000e-09  0.00000000e+00  8.71400000e-09 -2.79465262e-11 
 8.76400000e-09  3.29999999e+00  8.76400000e-09  3.29999999e+00  8.76400000e-09  0.00000000e+00  8.76400000e-09 -1.60372813e-11 
 8.81400000e-09  3.29999999e+00  8.81400000e-09  3.29999999e+00  8.81400000e-09  0.00000000e+00  8.81400000e-09 -2.79452165e-11 
 8.86400000e-09  3.29999999e+00  8.86400000e-09  3.29999999e+00  8.86400000e-09  0.00000000e+00  8.86400000e-09 -1.60359699e-11 
 8.91400000e-09  3.29999999e+00  8.91400000e-09  3.29999999e+00  8.91400000e-09  0.00000000e+00  8.91400000e-09 -2.79439076e-11 
 8.96400000e-09  3.29999999e+00  8.96400000e-09  3.29999999e+00  8.96400000e-09  0.00000000e+00  8.96400000e-09 -1.60346632e-11 
 9.01400000e-09  3.29999999e+00  9.01400000e-09  3.29999999e+00  9.01400000e-09  0.00000000e+00  9.01400000e-09 -2.79425996e-11 
 9.06400000e-09  3.29999999e+00  9.06400000e-09  3.29999999e+00  9.06400000e-09  0.00000000e+00  9.06400000e-09 -1.60333539e-11 
 9.11400000e-09  3.29999999e+00  9.11400000e-09  3.29999999e+00  9.11400000e-09  0.00000000e+00  9.11400000e-09 -2.79412925e-11 
 9.16400000e-09  3.29999999e+00  9.16400000e-09  3.29999999e+00  9.16400000e-09  0.00000000e+00  9.16400000e-09 -1.60320485e-11 
 9.21400000e-09  3.29999999e+00  9.21400000e-09  3.29999999e+00  9.21400000e-09  0.00000000e+00  9.21400000e-09 -2.79399876e-11 
 9.26400000e-09  3.29999999e+00  9.26400000e-09  3.29999999e+00  9.26400000e-09  0.00000000e+00  9.26400000e-09 -1.60307423e-11 
 9.31400000e-09  3.29999999e+00  9.31400000e-09  3.29999999e+00  9.31400000e-09  0.00000000e+00  9.31400000e-09 -2.79386831e-11 
 9.36400000e-09  3.29999999e+00  9.36400000e-09  3.29999999e+00  9.36400000e-09  0.00000000e+00  9.36400000e-09 -1.60294343e-11 
 9.41400000e-09  3.29999999e+00  9.41400000e-09  3.29999999e+00  9.41400000e-09  0.00000000e+00  9.41400000e-09 -2.79373746e-11 
 9.46400000e-09  3.29999999e+00  9.46400000e-09  3.29999999e+00  9.46400000e-09  0.00000000e+00  9.46400000e-09 -1.60281298e-11 
 9.51400000e-09  3.29999999e+00  9.51400000e-09  3.29999999e+00  9.51400000e-09  0.00000000e+00  9.51400000e-09 -2.79360727e-11 
 9.56400000e-09  3.29999999e+00  9.56400000e-09  3.29999999e+00  9.56400000e-09  0.00000000e+00  9.56400000e-09 -1.60268296e-11 
 9.61400000e-09  3.29999999e+00  9.61400000e-09  3.29999999e+00  9.61400000e-09  0.00000000e+00  9.61400000e-09 -2.79347699e-11 
 9.66400000e-09  3.29999999e+00  9.66400000e-09  3.29999999e+00  9.66400000e-09  0.00000000e+00  9.66400000e-09 -1.60255273e-11 
 9.71400000e-09  3.29999999e+00  9.71400000e-09  3.29999999e+00  9.71400000e-09  0.00000000e+00  9.71400000e-09 -2.79334693e-11 
 9.76400000e-09  3.29999999e+00  9.76400000e-09  3.29999999e+00  9.76400000e-09  0.00000000e+00  9.76400000e-09 -1.60242280e-11 
 9.81400000e-09  3.29999999e+00  9.81400000e-09  3.29999999e+00  9.81400000e-09  0.00000000e+00  9.81400000e-09 -2.79321713e-11 
 9.86400000e-09  3.29999999e+00  9.86400000e-09  3.29999999e+00  9.86400000e-09  0.00000000e+00  9.86400000e-09 -1.60229278e-11 
 9.91400000e-09  3.29999999e+00  9.91400000e-09  3.29999999e+00  9.91400000e-09  0.00000000e+00  9.91400000e-09 -2.79308699e-11 
 9.96400000e-09  3.29999999e+00  9.96400000e-09  3.29999999e+00  9.96400000e-09  0.00000000e+00  9.96400000e-09 -1.60216276e-11 
 1.00140000e-08  3.29999999e+00  1.00140000e-08  3.29999999e+00  1.00140000e-08  0.00000000e+00  1.00140000e-08 -2.79295732e-11 
 1.00640000e-08  3.29999999e+00  1.00640000e-08  3.29999999e+00  1.00640000e-08  0.00000000e+00  1.00640000e-08 -1.60203253e-11 
 1.01140000e-08  3.29999999e+00  1.01140000e-08  3.29999999e+00  1.01140000e-08  0.00000000e+00  1.01140000e-08 -2.79282756e-11 
 1.01640000e-08  3.29999999e+00  1.01640000e-08  3.29999999e+00  1.01640000e-08  0.00000000e+00  1.01640000e-08 -1.60190299e-11 
 1.02140000e-08  3.29999999e+00  1.02140000e-08  3.29999999e+00  1.02140000e-08  0.00000000e+00  1.02140000e-08 -2.79269784e-11 
 1.02640000e-08  3.29999999e+00  1.02640000e-08  3.29999999e+00  1.02640000e-08  0.00000000e+00  1.02640000e-08 -1.60177301e-11 
 1.03140000e-08  3.29999999e+00  1.03140000e-08  3.29999999e+00  1.03140000e-08  0.00000000e+00  1.03140000e-08 -2.79256813e-11 
 1.03640000e-08  3.29999999e+00  1.03640000e-08  3.29999999e+00  1.03640000e-08  0.00000000e+00  1.03640000e-08 -1.60164364e-11 
 1.04140000e-08  3.29999999e+00  1.04140000e-08  3.29999999e+00  1.04140000e-08  0.00000000e+00  1.04140000e-08 -2.79243837e-11 
 1.04640000e-08  3.29999999e+00  1.04640000e-08  3.29999999e+00  1.04640000e-08  0.00000000e+00  1.04640000e-08 -1.60151445e-11 
 1.05140000e-08  3.29999999e+00  1.05140000e-08  3.29999999e+00  1.05140000e-08  0.00000000e+00  1.05140000e-08 -2.79230944e-11 
 1.05640000e-08  3.29999999e+00  1.05640000e-08  3.29999999e+00  1.05640000e-08  0.00000000e+00  1.05640000e-08 -1.60138508e-11 
 1.06140000e-08  3.29999999e+00  1.06140000e-08  3.29999999e+00  1.06140000e-08  0.00000000e+00  1.06140000e-08 -2.79218012e-11 
 1.06640000e-08  3.29999999e+00  1.06640000e-08  3.29999999e+00  1.06640000e-08  0.00000000e+00  1.06640000e-08 -1.60125602e-11 
 1.07140000e-08  3.29999999e+00  1.07140000e-08  3.29999999e+00  1.07140000e-08  0.00000000e+00  1.07140000e-08 -2.79205101e-11 
 1.07640000e-08  3.29999999e+00  1.07640000e-08  3.29999999e+00  1.07640000e-08  0.00000000e+00  1.07640000e-08 -1.60112683e-11 
 1.08140000e-08  3.29999999e+00  1.08140000e-08  3.29999999e+00  1.08140000e-08  0.00000000e+00  1.08140000e-08 -2.79192173e-11 
 1.08640000e-08  3.29999999e+00  1.08640000e-08  3.29999999e+00  1.08640000e-08  0.00000000e+00  1.08640000e-08 -1.60099768e-11 
 1.09140000e-08  3.29999999e+00  1.09140000e-08  3.29999999e+00  1.09140000e-08  0.00000000e+00  1.09140000e-08 -2.79179271e-11 
 1.09640000e-08  3.29999999e+00  1.09640000e-08  3.29999999e+00  1.09640000e-08  0.00000000e+00  1.09640000e-08 -1.60086887e-11 
 1.10140000e-08  3.29999999e+00  1.10140000e-08  3.29999999e+00  1.10140000e-08  0.00000000e+00  1.10140000e-08 -2.79166395e-11 
 1.10640000e-08  3.29999999e+00  1.10640000e-08  3.29999999e+00  1.10640000e-08  0.00000000e+00  1.10640000e-08 -1.60074003e-11 
 1.11140000e-08  3.29999999e+00  1.11140000e-08  3.29999999e+00  1.11140000e-08  0.00000000e+00  1.11140000e-08 -2.79153510e-11 
 1.11640000e-08  3.29999999e+00  1.11640000e-08  3.29999999e+00  1.11640000e-08  0.00000000e+00  1.11640000e-08 -1.60061118e-11 
 1.12140000e-08  3.29999999e+00  1.12140000e-08  3.29999999e+00  1.12140000e-08  0.00000000e+00  1.12140000e-08 -2.79140630e-11 
 1.12640000e-08  3.29999999e+00  1.12640000e-08  3.29999999e+00  1.12640000e-08  0.00000000e+00  1.12640000e-08 -1.60048290e-11 
 1.13140000e-08  3.29999999e+00  1.13140000e-08  3.29999999e+00  1.13140000e-08  0.00000000e+00  1.13140000e-08 -2.79127771e-11 
 1.13640000e-08  3.29999999e+00  1.13640000e-08  3.29999999e+00  1.13640000e-08  0.00000000e+00  1.13640000e-08 -1.60035405e-11 
 1.14140000e-08  3.29999999e+00  1.14140000e-08  3.29999999e+00  1.14140000e-08  0.00000000e+00  1.14140000e-08 -2.79114908e-11 
 1.14640000e-08  3.29999999e+00  1.14640000e-08  3.29999999e+00  1.14640000e-08  0.00000000e+00  1.14640000e-08 -1.60022564e-11 
 1.15140000e-08  3.29999999e+00  1.15140000e-08  3.29999999e+00  1.15140000e-08  0.00000000e+00  1.15140000e-08 -2.79102093e-11 
 1.15640000e-08  3.29999999e+00  1.15640000e-08  3.29999999e+00  1.15640000e-08  0.00000000e+00  1.15640000e-08 -1.60009735e-11 
 1.16140000e-08  3.29999999e+00  1.16140000e-08  3.29999999e+00  1.16140000e-08  0.00000000e+00  1.16140000e-08 -2.79089217e-11 
 1.16640000e-08  3.29999999e+00  1.16640000e-08  3.29999999e+00  1.16640000e-08  0.00000000e+00  1.16640000e-08 -1.59996894e-11 
 1.17140000e-08  3.29999999e+00  1.17140000e-08  3.29999999e+00  1.17140000e-08  0.00000000e+00  1.17140000e-08 -2.79076436e-11 
 1.17640000e-08  3.29999999e+00  1.17640000e-08  3.29999999e+00  1.17640000e-08  0.00000000e+00  1.17640000e-08 -1.59984114e-11 
 1.18140000e-08  3.29999999e+00  1.18140000e-08  3.29999999e+00  1.18140000e-08  0.00000000e+00  1.18140000e-08 -2.79063604e-11 
 1.18640000e-08  3.29999999e+00  1.18640000e-08  3.29999999e+00  1.18640000e-08  0.00000000e+00  1.18640000e-08 -1.59971272e-11 
 1.19140000e-08  3.29999999e+00  1.19140000e-08  3.29999999e+00  1.19140000e-08  0.00000000e+00  1.19140000e-08 -2.79050823e-11 
 1.19640000e-08  3.29999999e+00  1.19640000e-08  3.29999999e+00  1.19640000e-08  0.00000000e+00  1.19640000e-08 -1.59958492e-11 
 1.20140000e-08  3.29999999e+00  1.20140000e-08  3.29999999e+00  1.20140000e-08  0.00000000e+00  1.20140000e-08 -2.79038012e-11 
 1.20640000e-08  3.29999999e+00  1.20640000e-08  3.29999999e+00  1.20640000e-08  0.00000000e+00  1.20640000e-08 -1.59945681e-11 
 1.21140000e-08  3.29999999e+00  1.21140000e-08  3.29999999e+00  1.21140000e-08  0.00000000e+00  1.21140000e-08 -2.79025245e-11 
 1.21640000e-08  3.29999999e+00  1.21640000e-08  3.29999999e+00  1.21640000e-08  0.00000000e+00  1.21640000e-08 -1.59932926e-11 
 1.22140000e-08  3.29999999e+00  1.22140000e-08  3.29999999e+00  1.22140000e-08  0.00000000e+00  1.22140000e-08 -2.79012460e-11 
 1.22640000e-08  3.29999999e+00  1.22640000e-08  3.29999999e+00  1.22640000e-08  0.00000000e+00  1.22640000e-08 -1.59920137e-11 
 1.23140000e-08  3.29999999e+00  1.23140000e-08  3.29999999e+00  1.23140000e-08  0.00000000e+00  1.23140000e-08 -2.78999688e-11 
 1.23640000e-08  3.29999999e+00  1.23640000e-08  3.29999999e+00  1.23640000e-08  0.00000000e+00  1.23640000e-08 -1.59907408e-11 
 1.24140000e-08  3.29999999e+00  1.24140000e-08  3.29999999e+00  1.24140000e-08  0.00000000e+00  1.24140000e-08 -2.78986959e-11 
 1.24640000e-08  3.29999999e+00  1.24640000e-08  3.29999999e+00  1.24640000e-08  0.00000000e+00  1.24640000e-08 -1.59894632e-11 
 1.25140000e-08  3.29999999e+00  1.25140000e-08  3.29999999e+00  1.25140000e-08  0.00000000e+00  1.25140000e-08 -2.78974209e-11 
 1.25640000e-08  3.29999999e+00  1.25640000e-08  3.29999999e+00  1.25640000e-08  0.00000000e+00  1.25640000e-08 -1.59881908e-11 
 1.26140000e-08  3.29999999e+00  1.26140000e-08  3.29999999e+00  1.26140000e-08  0.00000000e+00  1.26140000e-08 -2.78961459e-11 
 1.26640000e-08  3.29999999e+00  1.26640000e-08  3.29999999e+00  1.26640000e-08  0.00000000e+00  1.26640000e-08 -1.59869175e-11 
 1.27140000e-08  3.29999999e+00  1.27140000e-08  3.29999999e+00  1.27140000e-08  0.00000000e+00  1.27140000e-08 -2.78948726e-11 
 1.27640000e-08  3.29999999e+00  1.27640000e-08  3.29999999e+00  1.27640000e-08  0.00000000e+00  1.27640000e-08 -1.59856438e-11 
 1.28140000e-08  3.29999999e+00  1.28140000e-08  3.29999999e+00  1.28140000e-08  0.00000000e+00  1.28140000e-08 -2.78936032e-11 
 1.28640000e-08  3.29999999e+00  1.28640000e-08  3.29999999e+00  1.28640000e-08  0.00000000e+00  1.28640000e-08 -1.59843735e-11 
 1.29140000e-08  3.29999999e+00  1.29140000e-08  3.29999999e+00  1.29140000e-08  0.00000000e+00  1.29140000e-08 -2.78923308e-11 
 1.29640000e-08  3.29999999e+00  1.29640000e-08  3.29999999e+00  1.29640000e-08  0.00000000e+00  1.29640000e-08 -1.59831033e-11 
 1.30140000e-08  3.29999999e+00  1.30140000e-08  3.29999999e+00  1.30140000e-08  0.00000000e+00  1.30140000e-08 -2.78910623e-11 
 1.30640000e-08  3.29999999e+00  1.30640000e-08  3.29999999e+00  1.30640000e-08  0.00000000e+00  1.30640000e-08 -1.59818352e-11 
 1.31140000e-08  3.29999999e+00  1.31140000e-08  3.29999999e+00  1.31140000e-08  0.00000000e+00  1.31140000e-08 -2.78897920e-11 
 1.31640000e-08  3.29999999e+00  1.31640000e-08  3.29999999e+00  1.31640000e-08  0.00000000e+00  1.31640000e-08 -1.59805658e-11 
 1.32140000e-08  3.29999999e+00  1.32140000e-08  3.29999999e+00  1.32140000e-08  0.00000000e+00  1.32140000e-08 -2.78885270e-11 
 1.32640000e-08  3.29999999e+00  1.32640000e-08  3.29999999e+00  1.32640000e-08  0.00000000e+00  1.32640000e-08 -1.59792969e-11 
 1.33140000e-08  3.29999999e+00  1.33140000e-08  3.29999999e+00  1.33140000e-08  0.00000000e+00  1.33140000e-08 -2.78872576e-11 
 1.33640000e-08  3.29999999e+00  1.33640000e-08  3.29999999e+00  1.33640000e-08  0.00000000e+00  1.33640000e-08 -1.59780305e-11 
 1.34140000e-08  3.29999999e+00  1.34140000e-08  3.29999999e+00  1.34140000e-08  0.00000000e+00  1.34140000e-08 -2.78859943e-11 
 1.34640000e-08  3.29999999e+00  1.34640000e-08  3.29999999e+00  1.34640000e-08  0.00000000e+00  1.34640000e-08 -1.59767664e-11 
 1.35140000e-08  3.29999999e+00  1.35140000e-08  3.29999999e+00  1.35140000e-08  0.00000000e+00  1.35140000e-08 -2.78847279e-11 
 1.35640000e-08  3.29999999e+00  1.35640000e-08  3.29999999e+00  1.35640000e-08  0.00000000e+00  1.35640000e-08 -1.59755039e-11 
 1.36140000e-08  3.29999999e+00  1.36140000e-08  3.29999999e+00  1.36140000e-08  0.00000000e+00  1.36140000e-08 -2.78834638e-11 
 1.36640000e-08  3.29999999e+00  1.36640000e-08  3.29999999e+00  1.36640000e-08  0.00000000e+00  1.36640000e-08 -1.59742371e-11 
 1.37140000e-08  3.29999999e+00  1.37140000e-08  3.29999999e+00  1.37140000e-08  0.00000000e+00  1.37140000e-08 -2.78822035e-11 
 1.37640000e-08  3.29999999e+00  1.37640000e-08  3.29999999e+00  1.37640000e-08  0.00000000e+00  1.37640000e-08 -1.59729751e-11 
 1.38140000e-08  3.29999999e+00  1.38140000e-08  3.29999999e+00  1.38140000e-08  0.00000000e+00  1.38140000e-08 -2.78809384e-11 
 1.38640000e-08  3.29999999e+00  1.38640000e-08  3.29999999e+00  1.38640000e-08  0.00000000e+00  1.38640000e-08 -1.59717127e-11 
 1.39140000e-08  3.29999999e+00  1.39140000e-08  3.29999999e+00  1.39140000e-08  0.00000000e+00  1.39140000e-08 -2.78796803e-11 
 1.39640000e-08  3.29999999e+00  1.39640000e-08  3.29999999e+00  1.39640000e-08  0.00000000e+00  1.39640000e-08 -1.59704528e-11 
 1.40140000e-08  3.29999999e+00  1.40140000e-08  3.29999999e+00  1.40140000e-08  0.00000000e+00  1.40140000e-08 -2.78784218e-11 
 1.40640000e-08  3.29999999e+00  1.40640000e-08  3.29999999e+00  1.40640000e-08  0.00000000e+00  1.40640000e-08 -1.59691925e-11 
 1.41140000e-08  3.29999999e+00  1.41140000e-08  3.29999999e+00  1.41140000e-08  0.00000000e+00  1.41140000e-08 -2.78771589e-11 
 1.41640000e-08  3.29999999e+00  1.41640000e-08  3.29999999e+00  1.41640000e-08  0.00000000e+00  1.41640000e-08 -1.59679353e-11 
 1.42140000e-08  3.29999999e+00  1.42140000e-08  3.29999999e+00  1.42140000e-08  0.00000000e+00  1.42140000e-08 -2.78759025e-11 
 1.42640000e-08  3.29999999e+00  1.42640000e-08  3.29999999e+00  1.42640000e-08  0.00000000e+00  1.42640000e-08 -1.59666781e-11 
 1.43140000e-08  3.29999999e+00  1.43140000e-08  3.29999999e+00  1.43140000e-08  0.00000000e+00  1.43140000e-08 -2.78746453e-11 
 1.43640000e-08  3.29999999e+00  1.43640000e-08  3.29999999e+00  1.43640000e-08  0.00000000e+00  1.43640000e-08 -1.59654204e-11 
 1.44140000e-08  3.29999999e+00  1.44140000e-08  3.29999999e+00  1.44140000e-08  0.00000000e+00  1.44140000e-08 -2.78733894e-11 
 1.44640000e-08  3.29999999e+00  1.44640000e-08  3.29999999e+00  1.44640000e-08  0.00000000e+00  1.44640000e-08 -1.59641653e-11 
 1.45140000e-08  3.29999999e+00  1.45140000e-08  3.29999999e+00  1.45140000e-08  0.00000000e+00  1.45140000e-08 -2.78721382e-11 
 1.45640000e-08  3.29999999e+00  1.45640000e-08  3.29999999e+00  1.45640000e-08  0.00000000e+00  1.45640000e-08 -1.59629076e-11 
 1.46140000e-08  3.29999999e+00  1.46140000e-08  3.29999999e+00  1.46140000e-08  0.00000000e+00  1.46140000e-08 -2.78708831e-11 
 1.46640000e-08  3.29999999e+00  1.46640000e-08  3.29999999e+00  1.46640000e-08  0.00000000e+00  1.46640000e-08 -1.59616547e-11 
 1.47140000e-08  3.29999999e+00  1.47140000e-08  3.29999999e+00  1.47140000e-08  0.00000000e+00  1.47140000e-08 -2.78696267e-11 
 1.47640000e-08  3.29999999e+00  1.47640000e-08  3.29999999e+00  1.47640000e-08  0.00000000e+00  1.47640000e-08 -1.59604044e-11 
 1.48140000e-08  3.29999999e+00  1.48140000e-08  3.29999999e+00  1.48140000e-08  0.00000000e+00  1.48140000e-08 -2.78683743e-11 
 1.48640000e-08  3.29999999e+00  1.48640000e-08  3.29999999e+00  1.48640000e-08  0.00000000e+00  1.48640000e-08 -1.59591511e-11 
 1.49140000e-08  3.29999999e+00  1.49140000e-08  3.29999999e+00  1.49140000e-08  0.00000000e+00  1.49140000e-08 -2.78671270e-11 
 1.49640000e-08  3.29999999e+00  1.49640000e-08  3.29999999e+00  1.49640000e-08  0.00000000e+00  1.49640000e-08 -1.59578999e-11 
 1.50140000e-08  3.29999999e+00  1.50140000e-08  3.29999999e+00  1.50140000e-08  0.00000000e+00  1.50140000e-08 -2.78658732e-11 
 1.50640000e-08  3.29999999e+00  1.50640000e-08  3.29999999e+00  1.50640000e-08  0.00000000e+00  1.50640000e-08 -1.59566501e-11 
 1.51140000e-08  3.29999999e+00  1.51140000e-08  3.29999999e+00  1.51140000e-08  0.00000000e+00  1.51140000e-08 -2.78646229e-11 
 1.51640000e-08  3.29999999e+00  1.51640000e-08  3.29999999e+00  1.51640000e-08  0.00000000e+00  1.51640000e-08 -1.59553998e-11 
 1.52140000e-08  3.29999999e+00  1.52140000e-08  3.29999999e+00  1.52140000e-08  0.00000000e+00  1.52140000e-08 -2.78633770e-11 
 1.52640000e-08  3.29999999e+00  1.52640000e-08  3.29999999e+00  1.52640000e-08  0.00000000e+00  1.52640000e-08 -1.59541508e-11 
 1.53140000e-08  3.29999999e+00  1.53140000e-08  3.29999999e+00  1.53140000e-08  0.00000000e+00  1.53140000e-08 -2.78621271e-11 
 1.53640000e-08  3.29999999e+00  1.53640000e-08  3.29999999e+00  1.53640000e-08  0.00000000e+00  1.53640000e-08 -1.59529031e-11 
 1.54140000e-08  3.29999999e+00  1.54140000e-08  3.29999999e+00  1.54140000e-08  0.00000000e+00  1.54140000e-08 -2.78608820e-11 
 1.54640000e-08  3.29999999e+00  1.54640000e-08  3.29999999e+00  1.54640000e-08  0.00000000e+00  1.54640000e-08 -1.59516584e-11 
 1.55140000e-08  3.29999999e+00  1.55140000e-08  3.29999999e+00  1.55140000e-08  0.00000000e+00  1.55140000e-08 -2.78596386e-11 
 1.55640000e-08  3.29999999e+00  1.55640000e-08  3.29999999e+00  1.55640000e-08  0.00000000e+00  1.55640000e-08 -1.59504120e-11 
 1.56140000e-08  3.29999999e+00  1.56140000e-08  3.29999999e+00  1.56140000e-08  0.00000000e+00  1.56140000e-08 -2.78583918e-11 
 1.56640000e-08  3.29999999e+00  1.56640000e-08  3.29999999e+00  1.56640000e-08  0.00000000e+00  1.56640000e-08 -1.59491699e-11 
 1.57140000e-08  3.29999999e+00  1.57140000e-08  3.29999999e+00  1.57140000e-08  0.00000000e+00  1.57140000e-08 -2.78571515e-11 
 1.57640000e-08  3.29999999e+00  1.57640000e-08  3.29999999e+00  1.57640000e-08  0.00000000e+00  1.57640000e-08 -1.59479261e-11 
 1.58140000e-08  3.29999999e+00  1.58140000e-08  3.29999999e+00  1.58140000e-08  0.00000000e+00  1.58140000e-08 -2.78559059e-11 
 1.58640000e-08  3.29999999e+00  1.58640000e-08  3.29999999e+00  1.58640000e-08  0.00000000e+00  1.58640000e-08 -1.59466849e-11 
 1.59140000e-08  3.29999999e+00  1.59140000e-08  3.29999999e+00  1.59140000e-08  0.00000000e+00  1.59140000e-08 -2.78546652e-11 
 1.59640000e-08  3.29999999e+00  1.59640000e-08  3.29999999e+00  1.59640000e-08  0.00000000e+00  1.59640000e-08 -1.59454416e-11 
 1.60140000e-08  3.29999999e+00  1.60140000e-08  3.29999999e+00  1.60140000e-08  0.00000000e+00  1.60140000e-08 -2.78534227e-11 
 1.60640000e-08  3.29999999e+00  1.60640000e-08  3.29999999e+00  1.60640000e-08  0.00000000e+00  1.60640000e-08 -1.59442026e-11 
 1.61140000e-08  3.29999999e+00  1.61140000e-08  3.29999999e+00  1.61140000e-08  0.00000000e+00  1.61140000e-08 -2.78521876e-11 
 1.61640000e-08  3.29999999e+00  1.61640000e-08  3.29999999e+00  1.61640000e-08  0.00000000e+00  1.61640000e-08 -1.59429635e-11 
 1.62140000e-08  3.29999999e+00  1.62140000e-08  3.29999999e+00  1.62140000e-08  0.00000000e+00  1.62140000e-08 -2.78509446e-11 
 1.62640000e-08  3.29999999e+00  1.62640000e-08  3.29999999e+00  1.62640000e-08  0.00000000e+00  1.62640000e-08 -1.59417215e-11 
 1.63140000e-08  3.29999999e+00  1.63140000e-08  3.29999999e+00  1.63140000e-08  0.00000000e+00  1.63140000e-08 -2.78497047e-11 
 1.63640000e-08  3.29999999e+00  1.63640000e-08  3.29999999e+00  1.63640000e-08  0.00000000e+00  1.63640000e-08 -1.59404863e-11 
 1.64140000e-08  3.29999999e+00  1.64140000e-08  3.29999999e+00  1.64140000e-08  0.00000000e+00  1.64140000e-08 -2.78484701e-11 
 1.64640000e-08  3.29999999e+00  1.64640000e-08  3.29999999e+00  1.64640000e-08  0.00000000e+00  1.64640000e-08 -1.59392482e-11 
 1.65140000e-08  3.29999999e+00  1.65140000e-08  3.29999999e+00  1.65140000e-08  0.00000000e+00  1.65140000e-08 -2.78472354e-11 
 1.65640000e-08  3.29999999e+00  1.65640000e-08  3.29999999e+00  1.65640000e-08  0.00000000e+00  1.65640000e-08 -1.59380144e-11 
 1.66140000e-08  3.29999999e+00  1.66140000e-08  3.29999999e+00  1.66140000e-08  0.00000000e+00  1.66140000e-08 -2.78459972e-11 
 1.66640000e-08  3.29999999e+00  1.66640000e-08  3.29999999e+00  1.66640000e-08  0.00000000e+00  1.66640000e-08 -1.59367810e-11 
 1.67140000e-08  3.29999999e+00  1.67140000e-08  3.29999999e+00  1.67140000e-08  0.00000000e+00  1.67140000e-08 -2.78447651e-11 
 1.67640000e-08  3.29999999e+00  1.67640000e-08  3.29999999e+00  1.67640000e-08  0.00000000e+00  1.67640000e-08 -1.59355463e-11 
 1.68140000e-08  3.29999999e+00  1.68140000e-08  3.29999999e+00  1.68140000e-08  0.00000000e+00  1.68140000e-08 -2.78435322e-11 
 1.68640000e-08  3.29999999e+00  1.68640000e-08  3.29999999e+00  1.68640000e-08  0.00000000e+00  1.68640000e-08 -1.59343138e-11 
 1.69140000e-08  3.29999999e+00  1.69140000e-08  3.29999999e+00  1.69140000e-08  0.00000000e+00  1.69140000e-08 -2.78422996e-11 
 1.69640000e-08  3.29999999e+00  1.69640000e-08  3.29999999e+00  1.69640000e-08  0.00000000e+00  1.69640000e-08 -1.59330821e-11 
 1.70140000e-08  3.29999999e+00  1.70140000e-08  3.29999999e+00  1.70140000e-08  0.00000000e+00  1.70140000e-08 -2.78410676e-11 
 1.70640000e-08  3.29999999e+00  1.70640000e-08  3.29999999e+00  1.70640000e-08  0.00000000e+00  1.70640000e-08 -1.59318492e-11 
 1.71140000e-08  3.29999999e+00  1.71140000e-08  3.29999999e+00  1.71140000e-08  0.00000000e+00  1.71140000e-08 -2.78398381e-11 
 1.71640000e-08  3.29999999e+00  1.71640000e-08  3.29999999e+00  1.71640000e-08  0.00000000e+00  1.71640000e-08 -1.59306214e-11 
 1.72140000e-08  3.29999999e+00  1.72140000e-08  3.29999999e+00  1.72140000e-08  0.00000000e+00  1.72140000e-08 -2.78386082e-11 
 1.72640000e-08  3.29999999e+00  1.72640000e-08  3.29999999e+00  1.72640000e-08  0.00000000e+00  1.72640000e-08 -1.59293919e-11 
 1.73140000e-08  3.29999999e+00  1.73140000e-08  3.29999999e+00  1.73140000e-08  0.00000000e+00  1.73140000e-08 -2.78373778e-11 
 1.73640000e-08  3.29999999e+00  1.73640000e-08  3.29999999e+00  1.73640000e-08  0.00000000e+00  1.73640000e-08 -1.59281659e-11 
 1.74140000e-08  3.29999999e+00  1.74140000e-08  3.29999999e+00  1.74140000e-08  0.00000000e+00  1.74140000e-08 -2.78361492e-11 
 1.74640000e-08  3.29999999e+00  1.74640000e-08  3.29999999e+00  1.74640000e-08  0.00000000e+00  1.74640000e-08 -1.59269364e-11 
 1.75140000e-08  3.29999999e+00  1.75140000e-08  3.29999999e+00  1.75140000e-08  0.00000000e+00  1.75140000e-08 -2.78349236e-11 
 1.75640000e-08  3.29999999e+00  1.75640000e-08  3.29999999e+00  1.75640000e-08  0.00000000e+00  1.75640000e-08 -1.59257095e-11 
 1.76140000e-08  3.29999999e+00  1.76140000e-08  3.29999999e+00  1.76140000e-08  0.00000000e+00  1.76140000e-08 -2.78336993e-11 
 1.76640000e-08  3.29999999e+00  1.76640000e-08  3.29999999e+00  1.76640000e-08  0.00000000e+00  1.76640000e-08 -1.59244870e-11 
 1.77140000e-08  3.29999999e+00  1.77140000e-08  3.29999999e+00  1.77140000e-08  0.00000000e+00  1.77140000e-08 -2.78324737e-11 
 1.77640000e-08  3.29999999e+00  1.77640000e-08  3.29999999e+00  1.77640000e-08  0.00000000e+00  1.77640000e-08 -1.59232618e-11 
 1.78140000e-08  3.29999999e+00  1.78140000e-08  3.29999999e+00  1.78140000e-08  0.00000000e+00  1.78140000e-08 -2.78312508e-11 
 1.78640000e-08  3.29999999e+00  1.78640000e-08  3.29999999e+00  1.78640000e-08  0.00000000e+00  1.78640000e-08 -1.59220397e-11 
 1.79140000e-08  3.29999999e+00  1.79140000e-08  3.29999999e+00  1.79140000e-08  0.00000000e+00  1.79140000e-08 -2.78300278e-11 
 1.79640000e-08  3.29999999e+00  1.79640000e-08  3.29999999e+00  1.79640000e-08  0.00000000e+00  1.79640000e-08 -1.59208163e-11 
 1.80140000e-08  3.29999999e+00  1.80140000e-08  3.29999999e+00  1.80140000e-08  0.00000000e+00  1.80140000e-08 -2.78288070e-11 
 1.80640000e-08  3.29999999e+00  1.80640000e-08  3.29999999e+00  1.80640000e-08  0.00000000e+00  1.80640000e-08 -1.59195929e-11 
 1.81140000e-08  3.29999999e+00  1.81140000e-08  3.29999999e+00  1.81140000e-08  0.00000000e+00  1.81140000e-08 -2.78275862e-11 
 1.81640000e-08  3.29999999e+00  1.81640000e-08  3.29999999e+00  1.81640000e-08  0.00000000e+00  1.81640000e-08 -1.59183743e-11 
 1.82140000e-08  3.29999999e+00  1.82140000e-08  3.29999999e+00  1.82140000e-08  0.00000000e+00  1.82140000e-08 -2.78263653e-11 
 1.82640000e-08  3.29999999e+00  1.82640000e-08  3.29999999e+00  1.82640000e-08  0.00000000e+00  1.82640000e-08 -1.59171573e-11 
 1.83140000e-08  3.29999999e+00  1.83140000e-08  3.29999999e+00  1.83140000e-08  0.00000000e+00  1.83140000e-08 -2.78251497e-11 
 1.83640000e-08  3.29999999e+00  1.83640000e-08  3.29999999e+00  1.83640000e-08  0.00000000e+00  1.83640000e-08 -1.59159361e-11 
 1.84140000e-08  3.29999999e+00  1.84140000e-08  3.29999999e+00  1.84140000e-08  0.00000000e+00  1.84140000e-08 -2.78239285e-11 
 1.84640000e-08  3.29999999e+00  1.84640000e-08  3.29999999e+00  1.84640000e-08  0.00000000e+00  1.84640000e-08 -1.59147179e-11 
 1.85140000e-08  3.29999999e+00  1.85140000e-08  3.29999999e+00  1.85140000e-08  0.00000000e+00  1.85140000e-08 -2.78227111e-11 
 1.85640000e-08  3.29999999e+00  1.85640000e-08  3.29999999e+00  1.85640000e-08  0.00000000e+00  1.85640000e-08 -1.59135001e-11 
 1.86140000e-08  3.29999999e+00  1.86140000e-08  3.29999999e+00  1.86140000e-08  0.00000000e+00  1.86140000e-08 -2.78214951e-11 
 1.86640000e-08  3.29999999e+00  1.86640000e-08  3.29999999e+00  1.86640000e-08  0.00000000e+00  1.86640000e-08 -1.59122867e-11 
 1.87140000e-08  3.29999999e+00  1.87140000e-08  3.29999999e+00  1.87140000e-08  0.00000000e+00  1.87140000e-08 -2.78202808e-11 
 1.87640000e-08  3.29999999e+00  1.87640000e-08  3.29999999e+00  1.87640000e-08  0.00000000e+00  1.87640000e-08 -1.59110698e-11 
 1.88140000e-08  3.29999999e+00  1.88140000e-08  3.29999999e+00  1.88140000e-08  0.00000000e+00  1.88140000e-08 -2.78190643e-11 
 1.88640000e-08  3.29999999e+00  1.88640000e-08  3.29999999e+00  1.88640000e-08  0.00000000e+00  1.88640000e-08 -1.59098589e-11 
 1.89140000e-08  3.29999999e+00  1.89140000e-08  3.29999999e+00  1.89140000e-08  0.00000000e+00  1.89140000e-08 -2.78178509e-11 
 1.89640000e-08  3.29999999e+00  1.89640000e-08  3.29999999e+00  1.89640000e-08  0.00000000e+00  1.89640000e-08 -1.59086429e-11 
 1.90140000e-08  3.29999999e+00  1.90140000e-08  3.29999999e+00  1.90140000e-08  0.00000000e+00  1.90140000e-08 -2.78166405e-11 
 1.90640000e-08  3.29999999e+00  1.90640000e-08  3.29999999e+00  1.90640000e-08  0.00000000e+00  1.90640000e-08 -1.59074321e-11 
 1.91140000e-08  3.29999999e+00  1.91140000e-08  3.29999999e+00  1.91140000e-08  0.00000000e+00  1.91140000e-08 -2.78154288e-11 
 1.91640000e-08  3.29999999e+00  1.91640000e-08  3.29999999e+00  1.91640000e-08  0.00000000e+00  1.91640000e-08 -1.59062204e-11 
 1.92140000e-08  3.29999999e+00  1.92140000e-08  3.29999999e+00  1.92140000e-08  0.00000000e+00  1.92140000e-08 -2.78142188e-11 
 1.92640000e-08  3.29999999e+00  1.92640000e-08  3.29999999e+00  1.92640000e-08  0.00000000e+00  1.92640000e-08 -1.59050117e-11 
 1.93140000e-08  3.29999999e+00  1.93140000e-08  3.29999999e+00  1.93140000e-08  0.00000000e+00  1.93140000e-08 -2.78130136e-11 
 1.93640000e-08  3.29999999e+00  1.93640000e-08  3.29999999e+00  1.93640000e-08  0.00000000e+00  1.93640000e-08 -1.59038013e-11 
 1.94140000e-08  3.29999999e+00  1.94140000e-08  3.29999999e+00  1.94140000e-08  0.00000000e+00  1.94140000e-08 -2.78118045e-11 
 1.94640000e-08  3.29999999e+00  1.94640000e-08  3.29999999e+00  1.94640000e-08  0.00000000e+00  1.94640000e-08 -1.59025926e-11 
 1.95140000e-08  3.29999999e+00  1.95140000e-08  3.29999999e+00  1.95140000e-08  0.00000000e+00  1.95140000e-08 -2.78105941e-11 
 1.95640000e-08  3.29999999e+00  1.95640000e-08  3.29999999e+00  1.95640000e-08  0.00000000e+00  1.95640000e-08 -1.59013861e-11 
 1.96140000e-08  3.29999999e+00  1.96140000e-08  3.29999999e+00  1.96140000e-08  0.00000000e+00  1.96140000e-08 -2.78093919e-11 
 1.96640000e-08  3.29999999e+00  1.96640000e-08  3.29999999e+00  1.96640000e-08  0.00000000e+00  1.96640000e-08 -1.59001835e-11 
 1.97140000e-08  3.29999999e+00  1.97140000e-08  3.29999999e+00  1.97140000e-08  0.00000000e+00  1.97140000e-08 -2.78081815e-11 
 1.97640000e-08  3.29999999e+00  1.97640000e-08  3.29999999e+00  1.97640000e-08  0.00000000e+00  1.97640000e-08 -1.58989757e-11 
 1.98140000e-08  3.29999999e+00  1.98140000e-08  3.29999999e+00  1.98140000e-08  0.00000000e+00  1.98140000e-08 -2.78069763e-11 
 1.98640000e-08  3.29999999e+00  1.98640000e-08  3.29999999e+00  1.98640000e-08  0.00000000e+00  1.98640000e-08 -1.58977727e-11 
 1.99140000e-08  3.29999999e+00  1.99140000e-08  3.29999999e+00  1.99140000e-08  0.00000000e+00  1.99140000e-08 -2.78057729e-11 
 1.99640000e-08  3.29999999e+00  1.99640000e-08  3.29999999e+00  1.99640000e-08  0.00000000e+00  1.99640000e-08 -1.58965666e-11 
 2.00000000e-08  3.29999999e+00  2.00000000e-08  3.29999999e+00  2.00000000e-08  0.00000000e+00  2.00000000e-08 -2.78047385e-11 
 2.00050000e-08  3.31158238e+00  2.00050000e-08  3.31158241e+00  2.00050000e-08  1.65000000e-01  2.00050000e-08  3.96448635e-04 
 2.00150000e-08  3.33381207e+00  2.00150000e-08  3.33381216e+00  2.00150000e-08  4.95000000e-01  2.00150000e-08  4.32352587e-04 
 2.00350000e-08  3.37438558e+00  2.00350000e-08  3.37438573e+00  2.00350000e-08  1.15500000e+00  2.00350000e-08  4.67169632e-04 
 2.00575227e-08  3.41778310e+00  2.00575227e-08  3.41778215e+00  2.00575227e-08  1.89824886e+00  2.00575227e-08  4.60537202e-04 
 2.00940864e-08  3.47899056e+00  2.00940864e-08  3.47892307e+00  2.00940864e-08  3.10485225e+00  2.00940864e-08  3.16276965e-04 
 2.01000000e-08  3.48225704e+00  2.01000000e-08  3.48219545e+00  2.01000000e-08  3.30000000e+00  2.01000000e-08  3.21671041e-04 
 2.01029573e-08  3.48240557e+00  2.01029573e-08  3.48234186e+00  2.01029573e-08  3.30000000e+00  2.01029573e-08  3.70425695e-05 
 2.01088718e-08  3.48257820e+00  2.01088718e-08  3.48252735e+00  2.01088718e-08  3.30000000e+00  2.01088718e-08  4.18125684e-05 
 2.01207009e-08  3.48234818e+00  2.01207009e-08  3.48235014e+00  2.01207009e-08  3.30000000e+00  2.01207009e-08  2.52287396e-05 
 2.01443591e-08  3.48103845e+00  2.01443591e-08  3.48116225e+00  2.01443591e-08  3.30000000e+00  2.01443591e-08 -1.00365436e-06 
 2.01916755e-08  3.47720098e+00  2.01916755e-08  3.47771834e+00  2.01916755e-08  3.30000000e+00  2.01916755e-08 -8.11851339e-06 
 2.02416755e-08  3.47202861e+00  2.02416755e-08  3.47314062e+00  2.02416755e-08  3.30000000e+00  2.02416755e-08 -6.15075845e-06 
 2.02916755e-08  3.46654121e+00  2.02916755e-08  3.46821910e+00  2.02916755e-08  3.30000000e+00  2.02916755e-08 -6.99969843e-06 
 2.03416755e-08  3.46115615e+00  2.03416755e-08  3.46328612e+00  2.03416755e-08  3.30000000e+00  2.03416755e-08 -7.83367101e-06 
 2.03916755e-08  3.45583064e+00  2.03916755e-08  3.45844826e+00  2.03916755e-08  3.30000000e+00  2.03916755e-08 -7.26196675e-06 
 2.04416755e-08  3.45056611e+00  2.04416755e-08  3.45365239e+00  2.04416755e-08  3.30000000e+00  2.04416755e-08 -7.27335447e-06 
 2.04916755e-08  3.44537104e+00  2.04916755e-08  3.44891123e+00  2.04916755e-08  3.30000000e+00  2.04916755e-08 -6.77316346e-06 
 2.05416755e-08  3.44022807e+00  2.05416755e-08  3.44423780e+00  2.05416755e-08  3.30000000e+00  2.05416755e-08 -6.83992595e-06 
 2.05916755e-08  3.43486012e+00  2.05916755e-08  3.43972682e+00  2.05916755e-08  3.30000000e+00  2.05916755e-08 -6.40944005e-06 
 2.06416755e-08  3.42721158e+00  2.06416755e-08  3.43492504e+00  2.06416755e-08  3.30000000e+00  2.06416755e-08 -7.01030233e-06 
 2.06916755e-08  3.41651979e+00  2.06916755e-08  3.42352987e+00  2.06916755e-08  3.30000000e+00  2.06916755e-08 -8.29690276e-06 
 2.07416755e-08  3.40566570e+00  2.07416755e-08  3.39771586e+00  2.07416755e-08  3.30000000e+00  2.07416755e-08 -1.03395343e-05 
 2.07916755e-08  3.39067928e+00  2.07916755e-08  3.36323460e+00  2.07916755e-08  3.30000000e+00  2.07916755e-08 -1.13235169e-05 
 2.08416755e-08  3.36951169e+00  2.08416755e-08  3.32750109e+00  2.08416755e-08  3.30000000e+00  2.08416755e-08 -1.20348099e-05 
 2.08916755e-08  3.34427994e+00  2.08916755e-08  3.29286074e+00  2.08916755e-08  3.30000000e+00  2.08916755e-08 -1.21738868e-05 
 2.09416755e-08  3.31711593e+00  2.09416755e-08  3.25980940e+00  2.09416755e-08  3.30000000e+00  2.09416755e-08 -1.30345759e-05 
 2.09916755e-08  3.28931421e+00  2.09916755e-08  3.22723182e+00  2.09916755e-08  3.30000000e+00  2.09916755e-08 -1.24306590e-05 
 2.10416755e-08  3.26159529e+00  2.10416755e-08  3.19487160e+00  2.10416755e-08  3.30000000e+00  2.10416755e-08 -1.34657792e-05 
 2.10916755e-08  3.23370186e+00  2.10916755e-08  3.16253498e+00  2.10916755e-08  3.30000000e+00  2.10916755e-08 -1.22440790e-05 
 2.11416755e-08  3.20571858e+00  2.11416755e-08  3.13019181e+00  2.11416755e-08  3.30000000e+00  2.11416755e-08 -1.32707534e-05 
 2.11916755e-08  3.17767790e+00  2.11916755e-08  3.09782846e+00  2.11916755e-08  3.30000000e+00  2.11916755e-08 -1.20512597e-05 
 2.12416755e-08  3.14959302e+00  2.12416755e-08  3.06544149e+00  2.12416755e-08  3.30000000e+00  2.12416755e-08 -1.30830693e-05 
 2.12916755e-08  3.12146914e+00  2.12916755e-08  3.03303347e+00  2.12916755e-08  3.30000000e+00  2.12916755e-08 -1.18698804e-05 
 2.13416755e-08  3.09330750e+00  2.13416755e-08  3.00061087e+00  2.13416755e-08  3.30000000e+00  2.13416755e-08 -1.29089949e-05 
 2.13916755e-08  3.06510672e+00  2.13916755e-08  2.96818366e+00  2.13916755e-08  3.30000000e+00  2.13916755e-08 -1.17044434e-05 
 2.14416755e-08  3.03686315e+00  2.14416755e-08  2.93576560e+00  2.14416755e-08  3.30000000e+00  2.14416755e-08 -1.27541119e-05 
 2.14916755e-08  3.00857071e+00  2.14916755e-08  2.90337512e+00  2.14916755e-08  3.30000000e+00  2.14916755e-08 -1.15628063e-05 
 2.15416755e-08  2.98022069e+00  2.15416755e-08  2.87103627e+00  2.15416755e-08  3.30000000e+00  2.15416755e-08 -1.26293387e-05 
 2.15916755e-08  2.95180194e+00  2.15916755e-08  2.83877935e+00  2.15916755e-08  3.30000000e+00  2.15916755e-08 -1.14594981e-05 
 2.16416755e-08  2.92330165e+00  2.16416755e-08  2.80664074e+00  2.16416755e-08  3.30000000e+00  2.16416755e-08 -1.25529370e-05 
 2.16916755e-08  2.89470761e+00  2.16916755e-08  2.77466093e+00  2.16916755e-08  3.30000000e+00  2.16916755e-08 -1.14158319e-05 
 2.17416755e-08  2.86601203e+00  2.17416755e-08  2.74288026e+00  2.17416755e-08  3.30000000e+00  2.17416755e-08 -1.25474707e-05 
 2.17916755e-08  2.83721715e+00  2.17916755e-08  2.71133235e+00  2.17916755e-08  3.30000000e+00  2.17916755e-08 -1.14529200e-05 
 2.18416755e-08  2.80834150e+00  2.18416755e-08  2.68003682e+00  2.18416755e-08  3.30000000e+00  2.18416755e-08 -1.26302939e-05 
 2.18916755e-08  2.77942554e+00  2.18916755e-08  2.64899400e+00  2.18916755e-08  3.30000000e+00  2.18916755e-08 -1.15849296e-05 
 2.19416755e-08  2.75053551e+00  2.19416755e-08  2.61818448e+00  2.19416755e-08  3.30000000e+00  2.19416755e-08 -1.28187315e-05 
 2.19916755e-08  2.72176633e+00  2.19916755e-08  2.58757439e+00  2.19916755e-08  3.30000000e+00  2.19916755e-08 -1.18464995e-05 
 2.20416755e-08  2.69324591e+00  2.20416755e-08  2.55712519e+00  2.20416755e-08  3.30000000e+00  2.20416755e-08 -1.31867456e-05 
 2.20916755e-08  2.66514269e+00  2.20916755e-08  2.52680503e+00  2.20916755e-08  3.30000000e+00  2.20916755e-08 -1.23770627e-05 
 2.21416755e-08  2.63767466e+00  2.21416755e-08  2.49659861e+00  2.21416755e-08  3.30000000e+00  2.21416755e-08 -1.39594377e-05 
 2.21916755e-08  2.61111429e+00  2.21916755e-08  2.46651338e+00  2.21916755e-08  3.30000000e+00  2.21916755e-08 -1.34864705e-05 
 2.22416755e-08  2.58578396e+00  2.22416755e-08  2.43658104e+00  2.22416755e-08  3.30000000e+00  2.22416755e-08 -1.54988740e-05 
 2.22916755e-08  2.56204169e+00  2.22916755e-08  2.40685284e+00  2.22916755e-08  3.30000000e+00  2.22916755e-08 -1.55284510e-05 
 2.23416755e-08  2.54025987e+00  2.23416755e-08  2.37739611e+00  2.23416755e-08  3.30000000e+00  2.23416755e-08 -1.80870879e-05 
 2.23916755e-08  2.52080529e+00  2.23916755e-08  2.34828142e+00  2.23916755e-08  3.30000000e+00  2.23916755e-08 -1.86671593e-05 
 2.24416755e-08  2.50402420e+00  2.24416755e-08  2.31956654e+00  2.24416755e-08  3.30000000e+00  2.24416755e-08 -2.17419218e-05 
 2.24916755e-08  2.49023462e+00  2.24916755e-08  2.29128098e+00  2.24916755e-08  3.30000000e+00  2.24916755e-08 -2.27735351e-05 
 2.25416755e-08  2.47972615e+00  2.25416755e-08  2.26341483e+00  2.25416755e-08  3.30000000e+00  2.25416755e-08 -2.62185104e-05 
 2.25916755e-08  2.47276591e+00  2.25916755e-08  2.23591436e+00  2.25916755e-08  3.30000000e+00  2.25916755e-08 -2.75379948e-05 
 2.26416755e-08  2.46960861e+00  2.26416755e-08  2.20868528e+00  2.26416755e-08  3.30000000e+00  2.26416755e-08 -3.12019837e-05 
 2.26916755e-08  2.47050827e+00  2.26916755e-08  2.18160261e+00  2.26916755e-08  3.30000000e+00  2.26916755e-08 -3.26961871e-05 
 2.27416755e-08  2.47572992e+00  2.27416755e-08  2.15452584e+00  2.27416755e-08  3.30000000e+00  2.27416755e-08 -3.65221332e-05 
 2.27916755e-08  2.48555934e+00  2.27916755e-08  2.12731754e+00  2.27916755e-08  3.30000000e+00  2.27916755e-08 -3.81999178e-05 
 2.28416755e-08  2.50030992e+00  2.28416755e-08  2.09986303e+00  2.28416755e-08  3.30000000e+00  2.28416755e-08 -4.22638431e-05 
 2.28916755e-08  2.52032622e+00  2.28916755e-08  2.07208677e+00  2.28916755e-08  3.30000000e+00  2.28916755e-08 -4.42592836e-05 
 2.29416755e-08  2.54598503e+00  2.29416755e-08  2.04395795e+00  2.29416755e-08  3.30000000e+00  2.29416755e-08 -4.87302603e-05 
 2.29916755e-08  2.57769653e+00  2.29916755e-08  2.01547643e+00  2.29916755e-08  3.30000000e+00  2.29916755e-08 -5.12079719e-05 
 2.30416755e-08  2.61590590e+00  2.30416755e-08  1.98663676e+00  2.30416755e-08  3.30000000e+00  2.30416755e-08 -5.61954306e-05 
 2.30916755e-08  2.66107646e+00  2.30916755e-08  1.95738975e+00  2.30916755e-08  3.30000000e+00  2.30916755e-08 -5.91552061e-05 
 2.31416755e-08  2.71356261e+00  2.31416755e-08  1.92765034e+00  2.31416755e-08  3.30000000e+00  2.31416755e-08 -6.44449337e-05 
 2.31916755e-08  2.77309018e+00  2.31916755e-08  1.89742861e+00  2.31916755e-08  3.30000000e+00  2.31916755e-08 -6.70669412e-05 
 2.32416755e-08  2.83755105e+00  2.32416755e-08  1.86715004e+00  2.32416755e-08  3.30000000e+00  2.32416755e-08 -7.03202530e-05 
 2.32916755e-08  2.90245628e+00  2.32916755e-08  1.83795048e+00  2.32916755e-08  3.30000000e+00  2.32916755e-08 -6.87070946e-05 
 2.33416755e-08  2.96276588e+00  2.33416755e-08  1.81163331e+00  2.33416755e-08  3.30000000e+00  2.33416755e-08 -6.69399210e-05 
 2.33916755e-08  3.01471245e+00  2.33916755e-08  1.79014740e+00  2.33916755e-08  3.30000000e+00  2.33916755e-08 -6.13674570e-05 
 2.34416755e-08  3.05696416e+00  2.34416755e-08  1.77347438e+00  2.34416755e-08  3.30000000e+00  2.34416755e-08 -5.77717817e-05 
 2.34916755e-08  3.09061872e+00  2.34916755e-08  1.75932742e+00  2.34916755e-08  3.30000000e+00  2.34916755e-08 -5.23362842e-05 
 2.35416755e-08  3.11734873e+00  2.35416755e-08  1.74570848e+00  2.35416755e-08  3.30000000e+00  2.35416755e-08 -4.97772624e-05 
 2.35916755e-08  3.13863376e+00  2.35916755e-08  1.73165820e+00  2.35916755e-08  3.30000000e+00  2.35916755e-08 -4.55504669e-05 
 2.36416755e-08  3.15562590e+00  2.36416755e-08  1.71689213e+00  2.36416755e-08  3.30000000e+00  2.36416755e-08 -4.41185053e-05 
 2.36916755e-08  3.16921272e+00  2.36916755e-08  1.70140704e+00  2.36916755e-08  3.30000000e+00  2.36916755e-08 -4.08913013e-05 
 2.37416755e-08  3.18009522e+00  2.37416755e-08  1.68529029e+00  2.37416755e-08  3.30000000e+00  2.37416755e-08 -4.03276504e-05 
 2.37916755e-08  3.18883688e+00  2.37916755e-08  1.66864767e+00  2.37916755e-08  3.30000000e+00  2.37916755e-08 -3.78401453e-05 
 2.38416755e-08  3.19589224e+00  2.38416755e-08  1.65158087e+00  2.38416755e-08  3.30000000e+00  2.38416755e-08 -3.78939735e-05 
 2.38916755e-08  3.20162619e+00  2.38916755e-08  1.63417989e+00  2.38916755e-08  3.30000000e+00  2.38916755e-08 -3.59127027e-05 
 2.39416755e-08  3.20632932e+00  2.39416755e-08  1.61652074e+00  2.39416755e-08  3.30000000e+00  2.39416755e-08 -3.63751986e-05 
 2.39916755e-08  3.21023098e+00  2.39916755e-08  1.59866574e+00  2.39916755e-08  3.30000000e+00  2.39916755e-08 -3.47194725e-05 
 2.40416755e-08  3.21351065e+00  2.40416755e-08  1.58066480e+00  2.40416755e-08  3.30000000e+00  2.40416755e-08 -3.54383174e-05 
 2.40916755e-08  3.21630768e+00  2.40916755e-08  1.56255726e+00  2.40916755e-08  3.30000000e+00  2.40916755e-08 -3.39824243e-05 
 2.41416755e-08  3.21872943e+00  2.41416755e-08  1.54437368e+00  2.41416755e-08  3.30000000e+00  2.41416755e-08 -3.48556755e-05 
 2.41916755e-08  3.22085821e+00  2.41916755e-08  1.52613751e+00  2.41916755e-08  3.30000000e+00  2.41916755e-08 -3.35181728e-05 
 2.42416755e-08  3.22275672e+00  2.42416755e-08  1.50786663e+00  2.42416755e-08  3.30000000e+00  2.42416755e-08 -3.44815971e-05 
 2.42916755e-08  3.22447263e+00  2.42916755e-08  1.48957449e+00  2.42916755e-08  3.30000000e+00  2.42916755e-08 -3.32123884e-05 
 2.43416755e-08  3.22604206e+00  2.43416755e-08  1.47127121e+00  2.43416755e-08  3.30000000e+00  2.43416755e-08 -3.42272936e-05 
 2.43916755e-08  3.22749239e+00  2.43916755e-08  1.45296433e+00  2.43916755e-08  3.30000000e+00  2.43916755e-08 -3.29967435e-05 
 2.44416755e-08  3.22884443e+00  2.44416755e-08  1.43465949e+00  2.44416755e-08  3.30000000e+00  2.44416755e-08 -3.40405879e-05 
 2.44916755e-08  3.23011404e+00  2.44916755e-08  1.41636090e+00  2.44916755e-08  3.30000000e+00  2.44916755e-08 -3.28316406e-05 
 2.45416755e-08  3.23131343e+00  2.45416755e-08  1.39807170e+00  2.45416755e-08  3.30000000e+00  2.45416755e-08 -3.38915598e-05 
 2.45916755e-08  3.23245208e+00  2.45916755e-08  1.37979429e+00  2.45916755e-08  3.30000000e+00  2.45916755e-08 -3.26945150e-05 
 2.46416755e-08  3.23353744e+00  2.46416755e-08  1.36153052e+00  2.46416755e-08  3.30000000e+00  2.46416755e-08 -3.37631668e-05 
 2.46916755e-08  3.23457553e+00  2.46916755e-08  1.34328184e+00  2.46916755e-08  3.30000000e+00  2.46916755e-08 -3.25724124e-05 
 2.47416755e-08  3.23557124e+00  2.47416755e-08  1.32504944e+00  2.47416755e-08  3.30000000e+00  2.47416755e-08 -3.36454272e-05 
 2.47916755e-08  3.23652872e+00  2.47916755e-08  1.30683434e+00  2.47916755e-08  3.30000000e+00  2.47916755e-08 -3.24574564e-05 
 2.48416755e-08  3.23745155e+00  2.48416755e-08  1.28863743e+00  2.48416755e-08  3.30000000e+00  2.48416755e-08 -3.35318882e-05 
 2.48916755e-08  3.23834294e+00  2.48916755e-08  1.27045957e+00  2.48916755e-08  3.30000000e+00  2.48916755e-08 -3.23440659e-05 
 2.49416755e-08  3.23920588e+00  2.49416755e-08  1.25230161e+00  2.49416755e-08  3.30000000e+00  2.49416755e-08 -3.34173700e-05 
 2.49916755e-08  3.24004328e+00  2.49916755e-08  1.23416445e+00  2.49916755e-08  3.30000000e+00  2.49916755e-08 -3.22270242e-05 
 2.50416755e-08  3.24085812e+00  2.50416755e-08  1.21604909e+00  2.50416755e-08  3.30000000e+00  2.50416755e-08 -3.32961562e-05 
 2.50916755e-08  3.24165361e+00  2.50916755e-08  1.19795675e+00  2.50916755e-08  3.30000000e+00  2.50916755e-08 -3.20995604e-05 
 2.51416755e-08  3.24243344e+00  2.51416755e-08  1.17988893e+00  2.51416755e-08  3.30000000e+00  2.51416755e-08 -3.31596791e-05 
 2.51916755e-08  3.24320212e+00  2.51916755e-08  1.16184761e+00  2.51916755e-08  3.30000000e+00  2.51916755e-08 -3.19502359e-05 
 2.52416755e-08  3.24396547e+00  2.52416755e-08  1.14383555e+00  2.52416755e-08  3.30000000e+00  2.52416755e-08 -3.29920204e-05 
 2.52916755e-08  3.24473139e+00  2.52916755e-08  1.12585656e+00  2.52916755e-08  3.30000000e+00  2.52916755e-08 -3.17562619e-05 
 2.53416755e-08  3.24551078e+00  2.53416755e-08  1.10791597e+00  2.53416755e-08  3.30000000e+00  2.53416755e-08 -3.27601825e-05 
 2.53916755e-08  3.24631851e+00  2.53916755e-08  1.09002084e+00  2.53916755e-08  3.30000000e+00  2.53916755e-08 -3.14704286e-05 
 2.54416755e-08  3.24717384e+00  2.54416755e-08  1.07217952e+00  2.54416755e-08  3.30000000e+00  2.54416755e-08 -3.23993586e-05 
 2.54916755e-08  3.24809946e+00  2.54916755e-08  1.05440042e+00  2.54916755e-08  3.30000000e+00  2.54916755e-08 -3.10099922e-05 
 2.55416755e-08  3.24911875e+00  2.55416755e-08  1.03669007e+00  2.55416755e-08  3.30000000e+00  2.55416755e-08 -3.18139743e-05 
 2.55916755e-08  3.25025194e+00  2.55916755e-08  1.01905150e+00  2.55916755e-08  3.30000000e+00  2.55916755e-08 -3.02773452e-05 
 2.56416755e-08  3.25151274e+00  2.56416755e-08  1.00148341e+00  2.56416755e-08  3.30000000e+00  2.56416755e-08 -3.09180195e-05 
 2.56916755e-08  3.25290648e+00  2.56916755e-08  9.83980463e-01  2.56916755e-08  3.30000000e+00  2.56916755e-08 -2.92101722e-05 
 2.57416755e-08  3.25443005e+00  2.57416755e-08  9.66533990e-01  2.57416755e-08  3.30000000e+00  2.57416755e-08 -2.96801722e-05 
 2.57916755e-08  3.25607315e+00  2.57916755e-08  9.49132980e-01  2.57916755e-08  3.30000000e+00  2.57916755e-08 -2.78097997e-05 
 2.58416755e-08  3.25782004e+00  2.58416755e-08  9.31764979e-01  2.58416755e-08  3.30000000e+00  2.58416755e-08 -2.81315509e-05 
 2.58916755e-08  3.25965140e+00  2.58916755e-08  9.14416855e-01  2.58916755e-08  3.30000000e+00  2.58916755e-08 -2.61316733e-05 
 2.59416755e-08  3.26154590e+00  2.59416755e-08  8.97075419e-01  2.59416755e-08  3.30000000e+00  2.59416755e-08 -2.63455423e-05 
 2.59916755e-08  3.26348159e+00  2.59916755e-08  8.79727884e-01  2.59916755e-08  3.30000000e+00  2.59916755e-08 -2.42609519e-05 
 2.60416755e-08  3.26543676e+00  2.60416755e-08  8.62362166e-01  2.60416755e-08  3.30000000e+00  2.60416755e-08 -2.44138323e-05 
 2.60916755e-08  3.26739057e+00  2.60916755e-08  8.44967058e-01  2.60916755e-08  3.30000000e+00  2.60916755e-08 -2.22918842e-05 
 2.61416755e-08  3.26932325e+00  2.61416755e-08  8.27532290e-01  2.61416755e-08  3.30000000e+00  2.61416755e-08 -2.24306219e-05 
 2.61916755e-08  3.27121615e+00  2.61916755e-08  8.10048517e-01  2.61916755e-08  3.30000000e+00  2.61916755e-08 -2.03172540e-05 
 2.62416755e-08  3.27305162e+00  2.62416755e-08  7.92507272e-01  2.62416755e-08  3.30000000e+00  2.62416755e-08 -2.04868668e-05 
 2.62916755e-08  3.27481291e+00  2.62916755e-08  7.74900930e-01  2.62916755e-08  3.30000000e+00  2.62916755e-08 -1.84263184e-05 
 2.63416755e-08  3.27648412e+00  2.63416755e-08  7.57222722e-01  2.63416755e-08  3.30000000e+00  2.63416755e-08 -1.86703112e-05 
 2.63916755e-08  3.27805041e+00  2.63916755e-08  7.39466823e-01  2.63916755e-08  3.30000000e+00  2.63916755e-08 -1.67050631e-05 
 2.64416755e-08  3.27949838e+00  2.64416755e-08  7.21628557e-01  2.64416755e-08  3.30000000e+00  2.64416755e-08 -1.70640734e-05 
 2.64916755e-08  3.28081674e+00  2.64916755e-08  7.03704696e-01  2.64916755e-08  3.30000000e+00  2.64916755e-08 -1.52314550e-05 
 2.65416755e-08  3.28199718e+00  2.65416755e-08  6.85693870e-01  2.65416755e-08  3.30000000e+00  2.65416755e-08 -1.57374139e-05 
 2.65916755e-08  3.28303529e+00  2.65916755e-08  6.67596999e-01  2.65916755e-08  3.30000000e+00  2.65916755e-08 -1.40614615e-05 
 2.66416755e-08  3.28393128e+00  2.66416755e-08  6.49417667e-01  2.66416755e-08  3.30000000e+00  2.66416755e-08 -1.47280558e-05 
 2.66916755e-08  3.28469031e+00  2.66916755e-08  6.31162295e-01  2.66916755e-08  3.30000000e+00  2.66916755e-08 -1.32103098e-05 
 2.67416755e-08  3.28532222e+00  2.67416755e-08  6.12840021e-01  2.67416755e-08  3.30000000e+00  2.67416755e-08 -1.40263972e-05 
 2.67916755e-08  3.28584060e+00  2.67916755e-08  5.94462226e-01  2.67916755e-08  3.30000000e+00  2.67916755e-08 -1.26440975e-05 
 2.68416755e-08  3.28626141e+00  2.68416755e-08  5.76041783e-01  2.68416755e-08  3.30000000e+00  2.68416755e-08 -1.35778647e-05 
 2.68916755e-08  3.28660150e+00  2.68916755e-08  5.57592138e-01  2.68916755e-08  3.30000000e+00  2.68916755e-08 -1.22937290e-05 
 2.69416755e-08  3.28687711e+00  2.69416755e-08  5.39126142e-01  2.69416755e-08  3.30000000e+00  2.69416755e-08 -1.33067929e-05 
 2.69916755e-08  3.28710257e+00  2.69916755e-08  5.20655729e-01  2.69916755e-08  3.30000000e+00  2.69916755e-08 -1.20830546e-05 
 2.70416755e-08  3.28729119e+00  2.70416755e-08  5.02192388e-01  2.70416755e-08  3.30000000e+00  2.70416755e-08 -1.31405279e-05 
 2.70916755e-08  3.28745275e+00  2.70916755e-08  4.83746107e-01  2.70916755e-08  3.30000000e+00  2.70916755e-08 -1.19487503e-05 
 2.71416755e-08  3.28759509e+00  2.71416755e-08  4.65324282e-01  2.71416755e-08  3.30000000e+00  2.71416755e-08 -1.30284261e-05 
 2.71916755e-08  3.28772393e+00  2.71916755e-08  4.46933971e-01  2.71916755e-08  3.30000000e+00  2.71916755e-08 -1.18510624e-05 
 2.72416755e-08  3.28784349e+00  2.72416755e-08  4.28580598e-01  2.72416755e-08  3.30000000e+00  2.72416755e-08 -1.29397512e-05 
 2.72916755e-08  3.28795679e+00  2.72916755e-08  4.10269397e-01  2.72916755e-08  3.30000000e+00  2.72916755e-08 -1.17671782e-05 
 2.73416755e-08  3.28806600e+00  2.73416755e-08  3.92005031e-01  2.73416755e-08  3.30000000e+00  2.73416755e-08 -1.28576645e-05 
 2.73916755e-08  3.28817277e+00  2.73916755e-08  3.73792456e-01  2.73916755e-08  3.30000000e+00  2.73916755e-08 -1.16843903e-05 
 2.74416755e-08  3.28827843e+00  2.74416755e-08  3.55637024e-01  2.74416755e-08  3.30000000e+00  2.74416755e-08 -1.27720357e-05 
 2.74916755e-08  3.28838423e+00  2.74916755e-08  3.37545237e-01  2.74916755e-08  3.30000000e+00  2.74916755e-08 -1.15936449e-05 
 2.75416755e-08  3.28849156e+00  2.75416755e-08  3.19525382e-01  2.75416755e-08  3.30000000e+00  2.75416755e-08 -1.26734505e-05 
 2.75916755e-08  3.28860218e+00  2.75916755e-08  3.01588812e-01  2.75916755e-08  3.30000000e+00  2.75916755e-08 -1.14834165e-05 
 2.76416755e-08  3.28871867e+00  2.76416755e-08  2.83751887e-01  2.76416755e-08  3.30000000e+00  2.76416755e-08 -1.25458276e-05 
 2.76916755e-08  3.28884509e+00  2.76916755e-08  2.66039360e-01  2.76916755e-08  3.30000000e+00  2.76916755e-08 -1.13291790e-05 
 2.77416755e-08  3.28898789e+00  2.77416755e-08  2.48489721e-01  2.77416755e-08  3.30000000e+00  2.77416755e-08 -1.23500817e-05 
 2.77916755e-08  3.28915692e+00  2.77916755e-08  2.31162417e-01  2.77916755e-08  3.30000000e+00  2.77916755e-08 -1.10690580e-05 
 2.78416755e-08  3.28936541e+00  2.78416755e-08  2.14144024e-01  2.78416755e-08  3.30000000e+00  2.78416755e-08 -1.19948815e-05 
 2.78916755e-08  3.28962757e+00  2.78916755e-08  1.97547735e-01  2.78916755e-08  3.30000000e+00  2.78916755e-08 -1.05858272e-05 
 2.79416755e-08  3.28995441e+00  2.79416755e-08  1.81502743e-01  2.79416755e-08  3.30000000e+00  2.79416755e-08 -1.13584259e-05 
 2.79916755e-08  3.29034994e+00  2.79916755e-08  1.66137270e-01  2.79916755e-08  3.30000000e+00  2.79916755e-08 -9.78715793e-06 
 2.80416755e-08  3.29080992e+00  2.80416755e-08  1.51562295e-01  2.80416755e-08  3.30000000e+00  2.80416755e-08 -1.04073689e-05 
 2.80916755e-08  3.29132290e+00  2.80916755e-08  1.37860266e-01  2.80916755e-08  3.30000000e+00  2.80916755e-08 -8.70970937e-06 
 2.81416755e-08  3.29187274e+00  2.81416755e-08  1.25080039e-01  2.81416755e-08  3.30000000e+00  2.81416755e-08 -9.23998638e-06 
 2.81916755e-08  3.29244188e+00  2.81916755e-08  1.13238442e-01  2.81916755e-08  3.30000000e+00  2.81916755e-08 -7.49188666e-06 
 2.82416755e-08  3.29301343e+00  2.82416755e-08  1.02324387e-01  2.82416755e-08  3.30000000e+00  2.82416755e-08 -8.00968333e-06 
 2.82916755e-08  3.29357395e+00  2.82916755e-08  9.23074570e-02  2.82916755e-08  3.30000000e+00  2.82916755e-08 -6.27946933e-06 
 2.83416755e-08  3.29411369e+00  2.83416755e-08  8.31456842e-02  2.83416755e-08  3.30000000e+00  2.83416755e-08 -6.83681330e-06 
 2.83916755e-08  3.29462620e+00  2.83916755e-08  7.47896880e-02  2.83916755e-08  3.30000000e+00  2.83916755e-08 -5.16113522e-06 
 2.84416755e-08  3.29510817e+00  2.84416755e-08  6.71881640e-02  2.84416755e-08  3.30000000e+00  2.84416755e-08 -5.78087732e-06 
 2.84916755e-08  3.29555792e+00  2.84916755e-08  6.02888096e-02  2.84916755e-08  3.30000000e+00  2.84916755e-08 -4.17203911e-06 
 2.85416755e-08  3.29597510e+00  2.85416755e-08  5.40395462e-02  2.85416755e-08  3.30000000e+00  2.85416755e-08 -4.86025246e-06 
 2.85916755e-08  3.29636024e+00  2.85916755e-08  4.83899681e-02  2.85916755e-08  3.30000000e+00  2.85916755e-08 -3.31937790e-06 
 2.86416755e-08  3.29671437e+00  2.86416755e-08  4.32914739e-02  2.86416755e-08  3.30000000e+00  2.86416755e-08 -4.07394205e-06 
 2.86916755e-08  3.29703887e+00  2.86916755e-08  3.86978206e-02  2.86916755e-08  3.30000000e+00  2.86916755e-08 -2.59692924e-06 
 2.87416755e-08  3.29733531e+00  2.87416755e-08  3.45652067e-02  2.87416755e-08  3.30000000e+00  2.87416755e-08 -3.41239741e-06 
 2.87916755e-08  3.29760536e+00  2.87916755e-08  3.08524847e-02  2.87916755e-08  3.30000000e+00  2.87916755e-08 -1.99297854e-06 
 2.88416755e-08  3.29785076e+00  2.88416755e-08  2.75211830e-02  2.88416755e-08  3.30000000e+00  2.88416755e-08 -2.86255642e-06 
 2.88916755e-08  3.29807322e+00  2.88916755e-08  2.45355474e-02  2.88916755e-08  3.30000000e+00  2.88916755e-08 -1.49366334e-06 
 2.89416755e-08  3.29827447e+00  2.89416755e-08  2.18624951e-02  2.89416755e-08  3.30000000e+00  2.89416755e-08 -2.41017598e-06 
 2.89916755e-08  3.29845618e+00  2.89916755e-08  1.94715580e-02  2.89916755e-08  3.30000000e+00  2.89916755e-08 -1.08467145e-06 
 2.90416755e-08  3.29861995e+00  2.90416755e-08  1.73347824e-02  2.90416755e-08  3.30000000e+00  2.90416755e-08 -2.04112385e-06 
 2.90916755e-08  3.29876731e+00  2.90916755e-08  1.54266165e-02  2.90916755e-08  3.30000000e+00  2.90916755e-08 -7.52240798e-07 
 2.91416755e-08  3.29889971e+00  2.91416755e-08  1.37237776e-02  2.91416755e-08  3.30000000e+00  2.91416755e-08 -1.74215519e-06 
 2.91916755e-08  3.29901852e+00  2.91916755e-08  1.22051131e-02  2.91916755e-08  3.30000000e+00  2.91916755e-08 -4.83750497e-07 
 2.92416755e-08  3.29912500e+00  2.92416755e-08  1.08514550e-02  2.92416755e-08  3.30000000e+00  2.92416755e-08 -1.50134717e-06 
 2.92916755e-08  3.29922032e+00  2.92916755e-08  9.64547442e-03  2.92916755e-08  3.30000000e+00  2.92916755e-08 -2.68021128e-07 
 2.93416755e-08  3.29930558e+00  2.93416755e-08  8.57153749e-03  2.93416755e-08  3.30000000e+00  2.93416755e-08 -1.30828598e-06 
 2.93916755e-08  3.29938177e+00  2.93916755e-08  7.61556568e-03  2.93916755e-08  3.30000000e+00  2.93916755e-08 -9.54074902e-08 
 2.94416755e-08  3.29944981e+00  2.94416755e-08  6.76490198e-03  2.94416755e-08  3.30000000e+00  2.94416755e-08 -1.15408323e-06 
 2.94916755e-08  3.29951051e+00  2.94916755e-08  6.00818415e-03  2.94916755e-08  3.30000000e+00  2.94916755e-08  4.22451597e-08 
 2.95416755e-08  3.29956465e+00  2.95416755e-08  5.33522558e-03  2.95416755e-08  3.30000000e+00  2.95416755e-08 -1.03128638e-06 
 2.95916755e-08  3.29961290e+00  2.95916755e-08  4.73690429e-03  2.95916755e-08  3.30000000e+00  2.95916755e-08  1.51724279e-07 
 2.96416755e-08  3.29965588e+00  2.96416755e-08  4.20506008e-03  2.96416755e-08  3.30000000e+00  2.96416755e-08 -9.33732411e-07 
 2.96916755e-08  3.29969415e+00  2.96916755e-08  3.73239988e-03  2.96916755e-08  3.30000000e+00  2.96916755e-08  2.38611002e-07 
 2.97416755e-08  3.29972822e+00  2.97416755e-08  3.31241090e-03  2.97416755e-08  3.30000000e+00  2.97416755e-08 -8.56379038e-07 
 2.97916755e-08  3.29975853e+00  2.97916755e-08  2.93928138e-03  2.97916755e-08  3.30000000e+00  2.97916755e-08  3.07451293e-07 
 2.98416755e-08  3.29978549e+00  2.98416755e-08  2.60782844e-03  2.98416755e-08  3.30000000e+00  2.98416755e-08 -7.95135281e-07 
 2.98916755e-08  3.29980946e+00  2.98916755e-08  2.31343271e-03  2.98916755e-08  3.30000000e+00  2.98916755e-08  3.61920714e-07 
 2.99416755e-08  3.29983077e+00  2.99416755e-08  2.05197913e-03  2.99416755e-08  3.30000000e+00  2.99416755e-08 -7.46703559e-07 
 2.99916755e-08  3.29984972e+00  2.99916755e-08  1.81980352e-03  2.99916755e-08  3.30000000e+00  2.99916755e-08  4.04973982e-07 
 3.00416755e-08  3.29986655e+00  3.00416755e-08  1.61364451e-03  3.00416755e-08  3.30000000e+00  3.00416755e-08 -7.08439341e-07 
 3.00916755e-08  3.29988151e+00  3.00916755e-08  1.43060027e-03  3.00916755e-08  3.30000000e+00  3.00916755e-08  4.38975652e-07 
 3.01416755e-08  3.29989480e+00  3.01416755e-08  1.26808969e-03  3.01416755e-08  3.30000000e+00  3.01416755e-08 -6.78230266e-07 
 3.01916755e-08  3.29990661e+00  3.01916755e-08  1.12381754e-03  3.01916755e-08  3.30000000e+00  3.01916755e-08  4.65811323e-07 
 3.02416755e-08  3.29991709e+00  3.02416755e-08  9.95743353e-04  3.02416755e-08  3.30000000e+00  3.02416755e-08 -6.54394313e-07 
 3.02916755e-08  3.29992640e+00  3.02916755e-08  8.82053502e-04  3.02916755e-08  3.30000000e+00  3.02916755e-08  4.86980503e-07 
 3.03416755e-08  3.29993467e+00  3.03416755e-08  7.81136315e-04  3.03416755e-08  3.30000000e+00  3.03416755e-08 -6.35595405e-07 
 3.03916755e-08  3.29994201e+00  3.03916755e-08  6.91559822e-04  3.03916755e-08  3.30000000e+00  3.03916755e-08  5.03673079e-07 
 3.04416755e-08  3.29994853e+00  3.04416755e-08  6.12051912e-04  3.04416755e-08  3.30000000e+00  3.04416755e-08 -6.20774293e-07 
 3.04916755e-08  3.29995431e+00  3.04916755e-08  5.41482634e-04  3.04916755e-08  3.30000000e+00  3.04916755e-08  5.16831653e-07 
 3.05416755e-08  3.29995945e+00  3.05416755e-08  4.78848433e-04  3.05416755e-08  3.30000000e+00  3.05416755e-08 -6.09092459e-07 
 3.05916755e-08  3.29996401e+00  3.05916755e-08  4.23258099e-04  3.05916755e-08  3.30000000e+00  3.05916755e-08  5.27201936e-07 
 3.06416755e-08  3.29996806e+00  3.06416755e-08  3.73920267e-04  3.06416755e-08  3.30000000e+00  3.06416755e-08 -5.99886898e-07 
 3.06916755e-08  3.29997165e+00  3.06916755e-08  3.30132283e-04  3.06916755e-08  3.30000000e+00  3.06916755e-08  5.35373262e-07 
 3.07416755e-08  3.29997484e+00  3.07416755e-08  2.91270310e-04  3.07416755e-08  3.30000000e+00  3.07416755e-08 -5.92633865e-07 
 3.07916755e-08  3.29997767e+00  3.07916755e-08  2.56780515e-04  3.07916755e-08  3.30000000e+00  3.07916755e-08  5.41811003e-07 
 3.08416755e-08  3.29998018e+00  3.08416755e-08  2.26171244e-04  3.08416755e-08  3.30000000e+00  3.08416755e-08 -5.86919923e-07 
 3.08916755e-08  3.29998241e+00  3.08916755e-08  1.99006063e-04  3.08916755e-08  3.30000000e+00  3.08916755e-08  5.46882408e-07 
 3.09416755e-08  3.29998439e+00  3.09416755e-08  1.74897569e-04  3.09416755e-08  3.30000000e+00  3.09416755e-08 -5.82418890e-07 
 3.09916755e-08  3.29998614e+00  3.09916755e-08  1.53501897e-04  3.09916755e-08  3.30000000e+00  3.09916755e-08  5.50877149e-07 
 3.10416755e-08  3.29998770e+00  3.10416755e-08  1.34513835e-04  3.10416755e-08  3.30000000e+00  3.10416755e-08 -5.78873542e-07 
 3.10916755e-08  3.29998909e+00  3.10916755e-08  1.17662489e-04  3.10916755e-08  3.30000000e+00  3.10916755e-08  5.54023620e-07 
 3.11416755e-08  3.29999031e+00  3.11416755e-08  1.02707426e-04  3.11416755e-08  3.30000000e+00  3.11416755e-08 -5.76081101e-07 
 3.11916755e-08  3.29999140e+00  3.11916755e-08  8.94352592e-05  3.11916755e-08  3.30000000e+00  3.11916755e-08  5.56501845e-07 
 3.12416755e-08  3.29999237e+00  3.12416755e-08  7.76566024e-05  3.12416755e-08  3.30000000e+00  3.12416755e-08 -5.73881750e-07 
 3.12916755e-08  3.29999323e+00  3.12916755e-08  6.72033777e-05  3.12916755e-08  3.30000000e+00  3.12916755e-08  5.58453692e-07 
 3.13416755e-08  3.29999399e+00  3.13416755e-08  5.79264183e-05  3.13416755e-08  3.30000000e+00  3.13416755e-08 -5.72149562e-07 
 3.13916755e-08  3.29999467e+00  3.13916755e-08  4.96933424e-05  3.13916755e-08  3.30000000e+00  3.13916755e-08  5.59990936e-07 
 3.14416755e-08  3.29999527e+00  3.14416755e-08  4.23866655e-05  3.14416755e-08  3.30000000e+00  3.14416755e-08 -5.70785326e-07 
 3.14916755e-08  3.29999580e+00  3.14916755e-08  3.59021248e-05  3.14916755e-08  3.30000000e+00  3.14916755e-08  5.61201633e-07 
 3.15416755e-08  3.29999627e+00  3.15416755e-08  3.01471919e-05  3.15416755e-08  3.30000000e+00  3.15416755e-08 -5.69710888e-07 
 3.15916755e-08  3.29999669e+00  3.15916755e-08  2.50397524e-05  3.15916755e-08  3.30000000e+00  3.15916755e-08  5.62155147e-07 
 3.16416755e-08  3.29999706e+00  3.16416755e-08  2.05069340e-05  3.16416755e-08  3.30000000e+00  3.16416755e-08 -5.68864688e-07 
 3.16916755e-08  3.29999739e+00  3.16916755e-08  1.64840667e-05  3.16916755e-08  3.30000000e+00  3.16916755e-08  5.62906112e-07 
 3.17416755e-08  3.29999768e+00  3.17416755e-08  1.29137595e-05  3.17416755e-08  3.30000000e+00  3.17416755e-08 -5.68198240e-07 
 3.17916755e-08  3.29999794e+00  3.17916755e-08  9.74508126e-06  3.17916755e-08  3.30000000e+00  3.17916755e-08  5.63497556e-07 
 3.18416755e-08  3.29999818e+00  3.18416755e-08  6.93283347e-06  3.18416755e-08  3.30000000e+00  3.18416755e-08 -5.67673356e-07 
 3.18916755e-08  3.29999838e+00  3.18916755e-08  4.43690512e-06  3.18916755e-08  3.30000000e+00  3.18916755e-08  5.63963371e-07 
 3.19416755e-08  3.29999856e+00  3.19416755e-08  2.21767567e-06  3.19416755e-08  3.30000000e+00  3.19416755e-08 -5.67263592e-07 
 3.19916755e-08  3.29999871e+00  3.19916755e-08  2.27353289e-07  3.19916755e-08  3.30000000e+00  3.19916755e-08  5.64310983e-07 
 3.20416755e-08  3.29999884e+00  3.20416755e-08 -1.58535866e-06  3.20416755e-08  3.30000000e+00  3.20416755e-08 -5.66977136e-07 
 3.20916755e-08  3.29999897e+00  3.20916755e-08 -3.18851311e-06  3.20916755e-08  3.30000000e+00  3.20916755e-08  5.64596964e-07 
 3.21416755e-08  3.29999908e+00  3.21416755e-08 -4.60063999e-06  3.21416755e-08  3.30000000e+00  3.21416755e-08 -5.66710996e-07 
 3.21916755e-08  3.29999919e+00  3.21916755e-08 -5.84794880e-06  3.21916755e-08  3.30000000e+00  3.21916755e-08  5.64835949e-07 
 3.22416755e-08  3.29999928e+00  3.22416755e-08 -6.94848308e-06  3.22416755e-08  3.30000000e+00  3.22416755e-08 -5.66497268e-07 
 3.22916755e-08  3.29999936e+00  3.22916755e-08 -7.92065830e-06  3.22916755e-08  3.30000000e+00  3.22916755e-08  5.65025225e-07 
 3.23416755e-08  3.29999944e+00  3.23416755e-08 -8.77894153e-06  3.23416755e-08  3.30000000e+00  3.23416755e-08 -5.66329523e-07 
 3.23916755e-08  3.29999950e+00  3.23916755e-08 -9.53707340e-06  3.23916755e-08  3.30000000e+00  3.23916755e-08  5.65173387e-07 
 3.24416755e-08  3.29999956e+00  3.24416755e-08 -1.02065505e-05  3.24416755e-08  3.30000000e+00  3.24416755e-08 -5.66198537e-07 
 3.24916755e-08  3.29999961e+00  3.24916755e-08 -1.07978869e-05  3.24916755e-08  3.30000000e+00  3.24916755e-08  5.65289038e-07 
 3.25416755e-08  3.29999966e+00  3.25416755e-08 -1.13201380e-05  3.25416755e-08  3.30000000e+00  3.25416755e-08 -5.66096367e-07 
 3.25916755e-08  3.29999970e+00  3.25916755e-08 -1.17814342e-05  3.25916755e-08  3.30000000e+00  3.25916755e-08  5.65379249e-07 
 3.26416755e-08  3.29999973e+00  3.26416755e-08 -1.21888718e-05  3.26416755e-08  3.30000000e+00  3.26416755e-08 -5.66016691e-07 
 3.26916755e-08  3.29999976e+00  3.26916755e-08 -1.25487668e-05  3.26916755e-08  3.30000000e+00  3.26916755e-08  5.65449604e-07 
 3.27416755e-08  3.29999979e+00  3.27416755e-08 -1.28666662e-05  3.27416755e-08  3.30000000e+00  3.27416755e-08 -5.65954557e-07 
 3.27916755e-08  3.29999981e+00  3.27916755e-08 -1.31474862e-05  3.27916755e-08  3.30000000e+00  3.27916755e-08  5.65504472e-07 
 3.28416755e-08  3.29999983e+00  3.28416755e-08 -1.33955575e-05  3.28416755e-08  3.30000000e+00  3.28416755e-08 -5.65906102e-07 
 3.28916755e-08  3.29999985e+00  3.28916755e-08 -1.36147108e-05  3.28916755e-08  3.30000000e+00  3.28916755e-08  5.65547262e-07 
 3.29416755e-08  3.29999987e+00  3.29416755e-08 -1.38083247e-05  3.29416755e-08  3.30000000e+00  3.29416755e-08 -5.65868314e-07 
 3.29916755e-08  3.29999988e+00  3.29916755e-08 -1.39793855e-05  3.29916755e-08  3.30000000e+00  3.29916755e-08  5.65580633e-07 
 3.30416755e-08  3.29999990e+00  3.30416755e-08 -1.41305286e-05  3.30416755e-08  3.30000000e+00  3.30416755e-08 -5.65838843e-07 
 3.30916755e-08  3.29999991e+00  3.30916755e-08 -1.42640823e-05  3.30916755e-08  3.30000000e+00  3.30916755e-08  5.65606658e-07 
 3.31416755e-08  3.29999992e+00  3.31416755e-08 -1.43821022e-05  3.31416755e-08  3.30000000e+00  3.31416755e-08 -5.65815859e-07 
 3.31916755e-08  3.29999993e+00  3.31916755e-08 -1.44864038e-05  3.31916755e-08  3.30000000e+00  3.31916755e-08  5.65626956e-07 
 3.32416755e-08  3.29999994e+00  3.32416755e-08 -1.45785901e-05  3.32416755e-08  3.30000000e+00  3.32416755e-08 -5.65797934e-07 
 3.32916755e-08  3.29999994e+00  3.32916755e-08 -1.46600771e-05  3.32916755e-08  3.30000000e+00  3.32916755e-08  5.65642787e-07 
 3.33416755e-08  3.29999995e+00  3.33416755e-08 -1.47321149e-05  3.33416755e-08  3.30000000e+00  3.33416755e-08 -5.65783953e-07 
 3.33916755e-08  3.29999995e+00  3.33916755e-08 -1.47958078e-05  3.33916755e-08  3.30000000e+00  3.33916755e-08  5.65655134e-07 
 3.34416755e-08  3.29999996e+00  3.34416755e-08 -1.48521307e-05  3.34416755e-08  3.30000000e+00  3.34416755e-08 -5.65773049e-07 
 3.34916755e-08  3.29999996e+00  3.34916755e-08 -1.49019449e-05  3.34916755e-08  3.30000000e+00  3.34916755e-08  5.65664764e-07 
 3.35416755e-08  3.29999997e+00  3.35416755e-08 -1.49460107e-05  3.35416755e-08  3.30000000e+00  3.35416755e-08 -5.65764544e-07 
 3.35916755e-08  3.29999997e+00  3.35916755e-08 -1.49849998e-05  3.35916755e-08  3.30000000e+00  3.35916755e-08  5.65672275e-07 
 3.36416755e-08  3.29999997e+00  3.36416755e-08 -1.50195053e-05  3.36416755e-08  3.30000000e+00  3.36416755e-08 -5.65757910e-07 
 3.36916755e-08  3.29999998e+00  3.36916755e-08 -1.50500509e-05  3.36916755e-08  3.30000000e+00  3.36916755e-08  5.65678134e-07 
 3.37416755e-08  3.29999998e+00  3.37416755e-08 -1.50770993e-05  3.37416755e-08  3.30000000e+00  3.37416755e-08 -5.65752736e-07 
 3.37916755e-08  3.29999998e+00  3.37916755e-08 -1.51010590e-05  3.37916755e-08  3.30000000e+00  3.37916755e-08  5.65682704e-07 
 3.38416755e-08  3.29999998e+00  3.38416755e-08 -1.51222907e-05  3.38416755e-08  3.30000000e+00  3.38416755e-08 -5.65748700e-07 
 3.38916755e-08  3.29999998e+00  3.38916755e-08 -1.51411127e-05  3.38916755e-08  3.30000000e+00  3.38916755e-08  5.65686269e-07 
 3.39416755e-08  3.29999998e+00  3.39416755e-08 -1.51578140e-05  3.39416755e-08  3.30000000e+00  3.39416755e-08 -5.65745558e-07 
 3.39916755e-08  3.29999999e+00  3.39916755e-08 -1.51726353e-05  3.39916755e-08  3.30000000e+00  3.39916755e-08  5.65689049e-07 
 3.40416755e-08  3.29999999e+00  3.40416755e-08 -1.51857934e-05  3.40416755e-08  3.30000000e+00  3.40416755e-08 -5.65743101e-07 
 3.40916755e-08  3.29999999e+00  3.40916755e-08 -1.51974861e-05  3.40916755e-08  3.30000000e+00  3.40916755e-08  5.65691219e-07 
 3.41416755e-08  3.29999999e+00  3.41416755e-08 -1.52078821e-05  3.41416755e-08  3.30000000e+00  3.41416755e-08 -5.65741184e-07 
 3.41916755e-08  3.29999999e+00  3.41916755e-08 -1.52171345e-05  3.41916755e-08  3.30000000e+00  3.41916755e-08  5.65692911e-07 
 3.42416755e-08  3.29999999e+00  3.42416755e-08 -1.52253759e-05  3.42416755e-08  3.30000000e+00  3.42416755e-08 -5.65739689e-07 
 3.42916755e-08  3.29999999e+00  3.42916755e-08 -1.52327250e-05  3.42916755e-08  3.30000000e+00  3.42916755e-08  5.65694232e-07 
 3.43416755e-08  3.29999999e+00  3.43416755e-08 -1.52392857e-05  3.43416755e-08  3.30000000e+00  3.43416755e-08 -5.65738522e-07 
 3.43916755e-08  3.29999999e+00  3.43916755e-08 -1.52451503e-05  3.43916755e-08  3.30000000e+00  3.43916755e-08  5.65695262e-07 
 3.44416755e-08  3.29999999e+00  3.44416755e-08 -1.52503999e-05  3.44416755e-08  3.30000000e+00  3.44416755e-08 -5.65737613e-07 
 3.44916755e-08  3.29999999e+00  3.44916755e-08 -1.52551065e-05  3.44916755e-08  3.30000000e+00  3.44916755e-08  5.65696065e-07 
 3.45416755e-08  3.29999999e+00  3.45416755e-08 -1.52593335e-05  3.45416755e-08  3.30000000e+00  3.45416755e-08 -5.65736903e-07 
 3.45916755e-08  3.29999999e+00  3.45916755e-08 -1.52631368e-05  3.45916755e-08  3.30000000e+00  3.45916755e-08  5.65696692e-07 
 3.46416755e-08  3.29999999e+00  3.46416755e-08 -1.52665661e-05  3.46416755e-08  3.30000000e+00  3.46416755e-08 -5.65736350e-07 
 3.46916755e-08  3.29999999e+00  3.46916755e-08 -1.52696649e-05  3.46916755e-08  3.30000000e+00  3.46916755e-08  5.65697181e-07 
 3.47416755e-08  3.29999999e+00  3.47416755e-08 -1.52724718e-05  3.47416755e-08  3.30000000e+00  3.47416755e-08 -5.65735918e-07 
 3.47916755e-08  3.29999999e+00  3.47916755e-08 -1.52750210e-05  3.47916755e-08  3.30000000e+00  3.47916755e-08  5.65697562e-07 
 3.48416755e-08  3.29999999e+00  3.48416755e-08 -1.52773426e-05  3.48416755e-08  3.30000000e+00  3.48416755e-08 -5.65735581e-07 
 3.48916755e-08  3.29999999e+00  3.48916755e-08 -1.52794631e-05  3.48916755e-08  3.30000000e+00  3.48916755e-08  5.65697860e-07 
 3.49416755e-08  3.29999999e+00  3.49416755e-08 -1.52814060e-05  3.49416755e-08  3.30000000e+00  3.49416755e-08 -5.65735318e-07 
 3.49916755e-08  3.29999999e+00  3.49916755e-08 -1.52831920e-05  3.49916755e-08  3.30000000e+00  3.49916755e-08  5.65698092e-07 
 3.50416755e-08  3.29999999e+00  3.50416755e-08 -1.52848396e-05  3.50416755e-08  3.30000000e+00  3.50416755e-08 -5.65735113e-07 
 3.50916755e-08  3.29999999e+00  3.50916755e-08 -1.52863648e-05  3.50916755e-08  3.30000000e+00  3.50916755e-08  5.65698273e-07 
 3.51416755e-08  3.29999999e+00  3.51416755e-08 -1.52877819e-05  3.51416755e-08  3.30000000e+00  3.51416755e-08 -5.65734953e-07 
 3.51916755e-08  3.29999999e+00  3.51916755e-08 -1.52891035e-05  3.51916755e-08  3.30000000e+00  3.51916755e-08  5.65698414e-07 
 3.52416755e-08  3.29999999e+00  3.52416755e-08 -1.52903409e-05  3.52416755e-08  3.30000000e+00  3.52416755e-08 -5.65734829e-07 
 3.52916755e-08  3.30000000e+00  3.52916755e-08 -1.52915039e-05  3.52916755e-08  3.30000000e+00  3.52916755e-08  5.65698524e-07 
 3.53416755e-08  3.30000000e+00  3.53416755e-08 -1.52926010e-05  3.53416755e-08  3.30000000e+00  3.53416755e-08 -5.65734731e-07 
 3.53916755e-08  3.30000000e+00  3.53916755e-08 -1.52936401e-05  3.53916755e-08  3.30000000e+00  3.53916755e-08  5.65698610e-07 
 3.54416755e-08  3.30000000e+00  3.54416755e-08 -1.52946280e-05  3.54416755e-08  3.30000000e+00  3.54416755e-08 -5.65734656e-07 
 3.54916755e-08  3.30000000e+00  3.54916755e-08 -1.52955705e-05  3.54916755e-08  3.30000000e+00  3.54916755e-08  5.65698677e-07 
 3.55416755e-08  3.30000000e+00  3.55416755e-08 -1.52964730e-05  3.55416755e-08  3.30000000e+00  3.55416755e-08 -5.65734596e-07 
 3.55916755e-08  3.30000000e+00  3.55916755e-08 -1.52973402e-05  3.55916755e-08  3.30000000e+00  3.55916755e-08  5.65698729e-07 
 3.56416755e-08  3.30000000e+00  3.56416755e-08 -1.52981761e-05  3.56416755e-08  3.30000000e+00  3.56416755e-08 -5.65734550e-07 
 3.56916755e-08  3.30000000e+00  3.56916755e-08 -1.52989845e-05  3.56916755e-08  3.30000000e+00  3.56916755e-08  5.65698770e-07 
 3.57416755e-08  3.30000000e+00  3.57416755e-08 -1.52997686e-05  3.57416755e-08  3.30000000e+00  3.57416755e-08 -5.65734514e-07 
 3.57916755e-08  3.30000000e+00  3.57916755e-08 -1.53005312e-05  3.57916755e-08  3.30000000e+00  3.57916755e-08  5.65698802e-07 
 3.58416755e-08  3.30000000e+00  3.58416755e-08 -1.53012748e-05  3.58416755e-08  3.30000000e+00  3.58416755e-08 -5.65734486e-07 
 3.58916755e-08  3.30000000e+00  3.58916755e-08 -1.53020017e-05  3.58916755e-08  3.30000000e+00  3.58916755e-08  5.65698827e-07 
 3.59416755e-08  3.30000000e+00  3.59416755e-08 -1.53027137e-05  3.59416755e-08  3.30000000e+00  3.59416755e-08 -5.65734464e-07 
 3.59916755e-08  3.30000000e+00  3.59916755e-08 -1.53034127e-05  3.59916755e-08  3.30000000e+00  3.59916755e-08  5.65698846e-07 
 3.60416755e-08  3.30000000e+00  3.60416755e-08 -1.53041002e-05  3.60416755e-08  3.30000000e+00  3.60416755e-08 -5.65734447e-07 
 3.60916755e-08  3.30000000e+00  3.60916755e-08 -1.53047775e-05  3.60916755e-08  3.30000000e+00  3.60916755e-08  5.65698861e-07 
 3.61416755e-08  3.30000000e+00  3.61416755e-08 -1.53054458e-05  3.61416755e-08  3.30000000e+00  3.61416755e-08 -5.65734434e-07 
 3.61916755e-08  3.30000000e+00  3.61916755e-08 -1.53061061e-05  3.61916755e-08  3.30000000e+00  3.61916755e-08  5.65698873e-07 
 3.62416755e-08  3.30000000e+00  3.62416755e-08 -1.53067595e-05  3.62416755e-08  3.30000000e+00  3.62416755e-08 -5.65734423e-07 
 3.62916755e-08  3.30000000e+00  3.62916755e-08 -1.53074066e-05  3.62916755e-08  3.30000000e+00  3.62916755e-08  5.65698882e-07 
 3.63416755e-08  3.30000000e+00  3.63416755e-08 -1.53080483e-05  3.63416755e-08  3.30000000e+00  3.63416755e-08 -5.65734415e-07 
 3.63916755e-08  3.30000000e+00  3.63916755e-08 -1.53086852e-05  3.63916755e-08  3.30000000e+00  3.63916755e-08  5.65698889e-07 
 3.64416755e-08  3.30000000e+00  3.64416755e-08 -1.53093179e-05  3.64416755e-08  3.30000000e+00  3.64416755e-08 -5.65734409e-07 
 3.64916755e-08  3.30000000e+00  3.64916755e-08 -1.53099468e-05  3.64916755e-08  3.30000000e+00  3.64916755e-08  5.65698895e-07 
 3.65416755e-08  3.30000000e+00  3.65416755e-08 -1.53105724e-05  3.65416755e-08  3.30000000e+00  3.65416755e-08 -5.65734404e-07 
 3.65916755e-08  3.30000000e+00  3.65916755e-08 -1.53111951e-05  3.65916755e-08  3.30000000e+00  3.65916755e-08  5.65698899e-07 
 3.66416755e-08  3.30000000e+00  3.66416755e-08 -1.53118152e-05  3.66416755e-08  3.30000000e+00  3.66416755e-08 -5.65734400e-07 
 3.66916755e-08  3.30000000e+00  3.66916755e-08 -1.53124331e-05  3.66916755e-08  3.30000000e+00  3.66916755e-08  5.65698902e-07 
 3.67416755e-08  3.30000000e+00  3.67416755e-08 -1.53130489e-05  3.67416755e-08  3.30000000e+00  3.67416755e-08 -5.65734397e-07 
 3.67916755e-08  3.30000000e+00  3.67916755e-08 -1.53136630e-05  3.67916755e-08  3.30000000e+00  3.67916755e-08  5.65698905e-07 
 3.68416755e-08  3.30000000e+00  3.68416755e-08 -1.53142756e-05  3.68416755e-08  3.30000000e+00  3.68416755e-08 -5.65734395e-07 
 3.68916755e-08  3.30000000e+00  3.68916755e-08 -1.53148868e-05  3.68916755e-08  3.30000000e+00  3.68916755e-08  5.65698907e-07 
 3.69416755e-08  3.30000000e+00  3.69416755e-08 -1.53154968e-05  3.69416755e-08  3.30000000e+00  3.69416755e-08 -5.65734393e-07 
 3.69916755e-08  3.30000000e+00  3.69916755e-08 -1.53161058e-05  3.69916755e-08  3.30000000e+00  3.69916755e-08  5.65698908e-07 
 3.70416755e-08  3.30000000e+00  3.70416755e-08 -1.53167139e-05  3.70416755e-08  3.30000000e+00  3.70416755e-08 -5.65734392e-07 
 3.70916755e-08  3.30000000e+00  3.70916755e-08 -1.53173211e-05  3.70916755e-08  3.30000000e+00  3.70916755e-08  5.65698910e-07 
 3.71416755e-08  3.30000000e+00  3.71416755e-08 -1.53179276e-05  3.71416755e-08  3.30000000e+00  3.71416755e-08 -5.65734391e-07 
 3.71916755e-08  3.30000000e+00  3.71916755e-08 -1.53185336e-05  3.71916755e-08  3.30000000e+00  3.71916755e-08  5.65698911e-07 
 3.72416755e-08  3.30000000e+00  3.72416755e-08 -1.53191389e-05  3.72416755e-08  3.30000000e+00  3.72416755e-08 -5.65734390e-07 
 3.72916755e-08  3.30000000e+00  3.72916755e-08 -1.53197438e-05  3.72916755e-08  3.30000000e+00  3.72916755e-08  5.65698911e-07 
 3.73416755e-08  3.30000000e+00  3.73416755e-08 -1.53203483e-05  3.73416755e-08  3.30000000e+00  3.73416755e-08 -5.65734390e-07 
 3.73916755e-08  3.30000000e+00  3.73916755e-08 -1.53209524e-05  3.73916755e-08  3.30000000e+00  3.73916755e-08  5.65698912e-07 
 3.74416755e-08  3.30000000e+00  3.74416755e-08 -1.53215563e-05  3.74416755e-08  3.30000000e+00  3.74416755e-08 -5.65734389e-07 
 3.74916755e-08  3.30000000e+00  3.74916755e-08 -1.53221598e-05  3.74916755e-08  3.30000000e+00  3.74916755e-08  5.65698912e-07 
 3.75416755e-08  3.30000000e+00  3.75416755e-08 -1.53227631e-05  3.75416755e-08  3.30000000e+00  3.75416755e-08 -5.65734389e-07 
 3.75916755e-08  3.30000000e+00  3.75916755e-08 -1.53233662e-05  3.75916755e-08  3.30000000e+00  3.75916755e-08  5.65698912e-07 
 3.76416755e-08  3.30000000e+00  3.76416755e-08 -1.53239692e-05  3.76416755e-08  3.30000000e+00  3.76416755e-08 -5.65734388e-07 
 3.76916755e-08  3.30000000e+00  3.76916755e-08 -1.53245720e-05  3.76916755e-08  3.30000000e+00  3.76916755e-08  5.65698913e-07 
 3.77416755e-08  3.30000000e+00  3.77416755e-08 -1.53251747e-05  3.77416755e-08  3.30000000e+00  3.77416755e-08 -5.65734388e-07 
 3.77916755e-08  3.30000000e+00  3.77916755e-08 -1.53257772e-05  3.77916755e-08  3.30000000e+00  3.77916755e-08  5.65698913e-07 
 3.78416755e-08  3.30000000e+00  3.78416755e-08 -1.53263797e-05  3.78416755e-08  3.30000000e+00  3.78416755e-08 -5.65734388e-07 
 3.78916755e-08  3.30000000e+00  3.78916755e-08 -1.53269822e-05  3.78916755e-08  3.30000000e+00  3.78916755e-08  5.65698913e-07 
 3.79416755e-08  3.30000000e+00  3.79416755e-08 -1.53275845e-05  3.79416755e-08  3.30000000e+00  3.79416755e-08 -5.65734388e-07 
 3.79916755e-08  3.30000000e+00  3.79916755e-08 -1.53281869e-05  3.79916755e-08  3.30000000e+00  3.79916755e-08  5.65698913e-07 
 3.80416755e-08  3.30000000e+00  3.80416755e-08 -1.53287892e-05  3.80416755e-08  3.30000000e+00  3.80416755e-08 -5.65734388e-07 
 3.80916755e-08  3.30000000e+00  3.80916755e-08 -1.53293914e-05  3.80916755e-08  3.30000000e+00  3.80916755e-08  5.65698913e-07 
 3.81416755e-08  3.30000000e+00  3.81416755e-08 -1.53299937e-05  3.81416755e-08  3.30000000e+00  3.81416755e-08 -5.65734388e-07 
 3.81916755e-08  3.30000000e+00  3.81916755e-08 -1.53305959e-05  3.81916755e-08  3.30000000e+00  3.81916755e-08  5.65698913e-07 
 3.82416755e-08  3.30000000e+00  3.82416755e-08 -1.53311982e-05  3.82416755e-08  3.30000000e+00  3.82416755e-08 -5.65734388e-07 
 3.82916755e-08  3.30000000e+00  3.82916755e-08 -1.53318004e-05  3.82916755e-08  3.30000000e+00  3.82916755e-08  5.65698913e-07 
 3.83416755e-08  3.30000000e+00  3.83416755e-08 -1.53324027e-05  3.83416755e-08  3.30000000e+00  3.83416755e-08 -5.65734388e-07 
 3.83916755e-08  3.30000000e+00  3.83916755e-08 -1.53330050e-05  3.83916755e-08  3.30000000e+00  3.83916755e-08  5.65698913e-07 
 3.84416755e-08  3.30000000e+00  3.84416755e-08 -1.53336073e-05  3.84416755e-08  3.30000000e+00  3.84416755e-08 -5.65734388e-07 
 3.84916755e-08  3.30000000e+00  3.84916755e-08 -1.53342096e-05  3.84916755e-08  3.30000000e+00  3.84916755e-08  5.65698913e-07 
 3.85416755e-08  3.30000000e+00  3.85416755e-08 -1.53348120e-05  3.85416755e-08  3.30000000e+00  3.85416755e-08 -5.65734388e-07 
 3.85916755e-08  3.30000000e+00  3.85916755e-08 -1.53354143e-05  3.85916755e-08  3.30000000e+00  3.85916755e-08  5.65698913e-07 
 3.86416755e-08  3.30000000e+00  3.86416755e-08 -1.53360168e-05  3.86416755e-08  3.30000000e+00  3.86416755e-08 -5.65734388e-07 
 3.86916755e-08  3.30000000e+00  3.86916755e-08 -1.53366192e-05  3.86916755e-08  3.30000000e+00  3.86916755e-08  5.65698913e-07 
 3.87416755e-08  3.30000000e+00  3.87416755e-08 -1.53372217e-05  3.87416755e-08  3.30000000e+00  3.87416755e-08 -5.65734388e-07 
 3.87916755e-08  3.30000000e+00  3.87916755e-08 -1.53378242e-05  3.87916755e-08  3.30000000e+00  3.87916755e-08  5.65698913e-07 
 3.88416755e-08  3.30000000e+00  3.88416755e-08 -1.53384267e-05  3.88416755e-08  3.30000000e+00  3.88416755e-08 -5.65734388e-07 
 3.88916755e-08  3.30000000e+00  3.88916755e-08 -1.53390293e-05  3.88916755e-08  3.30000000e+00  3.88916755e-08  5.65698913e-07 
 3.89416755e-08  3.30000000e+00  3.89416755e-08 -1.53396320e-05  3.89416755e-08  3.30000000e+00  3.89416755e-08 -5.65734388e-07 
 3.89916755e-08  3.30000000e+00  3.89916755e-08 -1.53402346e-05  3.89916755e-08  3.30000000e+00  3.89916755e-08  5.65698913e-07 
 3.90416755e-08  3.30000000e+00  3.90416755e-08 -1.53408373e-05  3.90416755e-08  3.30000000e+00  3.90416755e-08 -5.65734388e-07 
 3.90916755e-08  3.30000000e+00  3.90916755e-08 -1.53414401e-05  3.90916755e-08  3.30000000e+00  3.90916755e-08  5.65698913e-07 
 3.91416755e-08  3.30000000e+00  3.91416755e-08 -1.53420429e-05  3.91416755e-08  3.30000000e+00  3.91416755e-08 -5.65734388e-07 
 3.91916755e-08  3.30000000e+00  3.91916755e-08 -1.53426458e-05  3.91916755e-08  3.30000000e+00  3.91916755e-08  5.65698913e-07 
 3.92416755e-08  3.30000000e+00  3.92416755e-08 -1.53432487e-05  3.92416755e-08  3.30000000e+00  3.92416755e-08 -5.65734388e-07 
 3.92916755e-08  3.30000000e+00  3.92916755e-08 -1.53438516e-05  3.92916755e-08  3.30000000e+00  3.92916755e-08  5.65698913e-07 
 3.93416755e-08  3.30000000e+00  3.93416755e-08 -1.53444546e-05  3.93416755e-08  3.30000000e+00  3.93416755e-08 -5.65734388e-07 
 3.93916755e-08  3.30000000e+00  3.93916755e-08 -1.53450576e-05  3.93916755e-08  3.30000000e+00  3.93916755e-08  5.65698913e-07 
 3.94416755e-08  3.30000000e+00  3.94416755e-08 -1.53456607e-05  3.94416755e-08  3.30000000e+00  3.94416755e-08 -5.65734388e-07 
 3.94916755e-08  3.30000000e+00  3.94916755e-08 -1.53462638e-05  3.94916755e-08  3.30000000e+00  3.94916755e-08  5.65698913e-07 
 3.95416755e-08  3.30000000e+00  3.95416755e-08 -1.53468670e-05  3.95416755e-08  3.30000000e+00  3.95416755e-08 -5.65734389e-07 
 3.95916755e-08  3.30000000e+00  3.95916755e-08 -1.53474702e-05  3.95916755e-08  3.30000000e+00  3.95916755e-08  5.65698912e-07 
 3.96416755e-08  3.30000000e+00  3.96416755e-08 -1.53480735e-05  3.96416755e-08  3.30000000e+00  3.96416755e-08 -5.65734389e-07 
 3.96916755e-08  3.30000000e+00  3.96916755e-08 -1.53486768e-05  3.96916755e-08  3.30000000e+00  3.96916755e-08  5.65698912e-07 
 3.97416755e-08  3.30000000e+00  3.97416755e-08 -1.53492802e-05  3.97416755e-08  3.30000000e+00  3.97416755e-08 -5.65734389e-07 
 3.97916755e-08  3.30000000e+00  3.97916755e-08 -1.53498836e-05  3.97916755e-08  3.30000000e+00  3.97916755e-08  5.65698912e-07 
 3.98416755e-08  3.30000000e+00  3.98416755e-08 -1.53504870e-05  3.98416755e-08  3.30000000e+00  3.98416755e-08 -5.65734389e-07 
 3.98916755e-08  3.30000000e+00  3.98916755e-08 -1.53510905e-05  3.98916755e-08  3.30000000e+00  3.98916755e-08  5.65698912e-07 
 3.99416755e-08  3.30000000e+00  3.99416755e-08 -1.53516941e-05  3.99416755e-08  3.30000000e+00  3.99416755e-08 -5.65734389e-07 
 3.99916755e-08  3.30000000e+00  3.99916755e-08 -1.53522977e-05  3.99916755e-08  3.30000000e+00  3.99916755e-08  5.65698912e-07 
 4.00416755e-08  3.30000000e+00  4.00416755e-08 -1.53529014e-05  4.00416755e-08  3.30000000e+00  4.00416755e-08 -5.65734389e-07 
 4.00916755e-08  3.30000000e+00  4.00916755e-08 -1.53535051e-05  4.00916755e-08  3.30000000e+00  4.00916755e-08  5.65698912e-07 
 4.01416755e-08  3.30000000e+00  4.01416755e-08 -1.53541088e-05  4.01416755e-08  3.30000000e+00  4.01416755e-08 -5.65734389e-07 
 4.01916755e-08  3.30000000e+00  4.01916755e-08 -1.53547126e-05  4.01916755e-08  3.30000000e+00  4.01916755e-08  5.65698912e-07 
 4.02416755e-08  3.30000000e+00  4.02416755e-08 -1.53553165e-05  4.02416755e-08  3.30000000e+00  4.02416755e-08 -5.65734389e-07 
 4.02916755e-08  3.30000000e+00  4.02916755e-08 -1.53559204e-05  4.02916755e-08  3.30000000e+00  4.02916755e-08  5.65698912e-07 
 4.03416755e-08  3.30000000e+00  4.03416755e-08 -1.53565243e-05  4.03416755e-08  3.30000000e+00  4.03416755e-08 -5.65734389e-07 
 4.03916755e-08  3.30000000e+00  4.03916755e-08 -1.53571283e-05  4.03916755e-08  3.30000000e+00  4.03916755e-08  5.65698912e-07 
 4.04416755e-08  3.30000000e+00  4.04416755e-08 -1.53577324e-05  4.04416755e-08  3.30000000e+00  4.04416755e-08 -5.65734389e-07 
 4.04916755e-08  3.30000000e+00  4.04916755e-08 -1.53583365e-05  4.04916755e-08  3.30000000e+00  4.04916755e-08  5.65698912e-07 
 4.05416755e-08  3.30000000e+00  4.05416755e-08 -1.53589406e-05  4.05416755e-08  3.30000000e+00  4.05416755e-08 -5.65734389e-07 
 4.05916755e-08  3.30000000e+00  4.05916755e-08 -1.53595448e-05  4.05916755e-08  3.30000000e+00  4.05916755e-08  5.65698912e-07 
 4.06416755e-08  3.30000000e+00  4.06416755e-08 -1.53601491e-05  4.06416755e-08  3.30000000e+00  4.06416755e-08 -5.65734389e-07 
 4.06916755e-08  3.30000000e+00  4.06916755e-08 -1.53607534e-05  4.06916755e-08  3.30000000e+00  4.06916755e-08  5.65698912e-07 
 4.07416755e-08  3.30000000e+00  4.07416755e-08 -1.53613577e-05  4.07416755e-08  3.30000000e+00  4.07416755e-08 -5.65734389e-07 
 4.07916755e-08  3.30000000e+00  4.07916755e-08 -1.53619621e-05  4.07916755e-08  3.30000000e+00  4.07916755e-08  5.65698912e-07 
 4.08416755e-08  3.30000000e+00  4.08416755e-08 -1.53625665e-05  4.08416755e-08  3.30000000e+00  4.08416755e-08 -5.65734389e-07 
 4.08916755e-08  3.30000000e+00  4.08916755e-08 -1.53631710e-05  4.08916755e-08  3.30000000e+00  4.08916755e-08  5.65698912e-07 
 4.09416755e-08  3.30000000e+00  4.09416755e-08 -1.53637756e-05  4.09416755e-08  3.30000000e+00  4.09416755e-08 -5.65734389e-07 
 4.09916755e-08  3.30000000e+00  4.09916755e-08 -1.53643802e-05  4.09916755e-08  3.30000000e+00  4.09916755e-08  5.65698912e-07 
 4.10416755e-08  3.30000000e+00  4.10416755e-08 -1.53649848e-05  4.10416755e-08  3.30000000e+00  4.10416755e-08 -5.65734390e-07 
 4.10916755e-08  3.30000000e+00  4.10916755e-08 -1.53655895e-05  4.10916755e-08  3.30000000e+00  4.10916755e-08  5.65698912e-07 
 4.11416755e-08  3.30000000e+00  4.11416755e-08 -1.53661942e-05  4.11416755e-08  3.30000000e+00  4.11416755e-08 -5.65734390e-07 
 4.11916755e-08  3.30000000e+00  4.11916755e-08 -1.53667990e-05  4.11916755e-08  3.30000000e+00  4.11916755e-08  5.65698911e-07 
 4.12416755e-08  3.30000000e+00  4.12416755e-08 -1.53674039e-05  4.12416755e-08  3.30000000e+00  4.12416755e-08 -5.65734390e-07 
 4.12916755e-08  3.30000000e+00  4.12916755e-08 -1.53680088e-05  4.12916755e-08  3.30000000e+00  4.12916755e-08  5.65698911e-07 
 4.13416755e-08  3.30000000e+00  4.13416755e-08 -1.53686137e-05  4.13416755e-08  3.30000000e+00  4.13416755e-08 -5.65734390e-07 
 4.13916755e-08  3.30000000e+00  4.13916755e-08 -1.53692187e-05  4.13916755e-08  3.30000000e+00  4.13916755e-08  5.65698911e-07 
 4.14416755e-08  3.30000000e+00  4.14416755e-08 -1.53698237e-05  4.14416755e-08  3.30000000e+00  4.14416755e-08 -5.65734390e-07 
 4.14916755e-08  3.30000000e+00  4.14916755e-08 -1.53704288e-05  4.14916755e-08  3.30000000e+00  4.14916755e-08  5.65698911e-07 
 4.15416755e-08  3.30000000e+00  4.15416755e-08 -1.53710340e-05  4.15416755e-08  3.30000000e+00  4.15416755e-08 -5.65734390e-07 
 4.15916755e-08  3.30000000e+00  4.15916755e-08 -1.53716391e-05  4.15916755e-08  3.30000000e+00  4.15916755e-08  5.65698911e-07 
 4.16416755e-08  3.30000000e+00  4.16416755e-08 -1.53722444e-05  4.16416755e-08  3.30000000e+00  4.16416755e-08 -5.65734390e-07 
 4.16916755e-08  3.30000000e+00  4.16916755e-08 -1.53728497e-05  4.16916755e-08  3.30000000e+00  4.16916755e-08  5.65698911e-07 
 4.17416755e-08  3.30000000e+00  4.17416755e-08 -1.53734550e-05  4.17416755e-08  3.30000000e+00  4.17416755e-08 -5.65734390e-07 
 4.17916755e-08  3.30000000e+00  4.17916755e-08 -1.53740604e-05  4.17916755e-08  3.30000000e+00  4.17916755e-08  5.65698911e-07 
 4.18416755e-08  3.30000000e+00  4.18416755e-08 -1.53746658e-05  4.18416755e-08  3.30000000e+00  4.18416755e-08 -5.65734390e-07 
 4.18916755e-08  3.30000000e+00  4.18916755e-08 -1.53752713e-05  4.18916755e-08  3.30000000e+00  4.18916755e-08  5.65698911e-07 
 4.19416755e-08  3.30000000e+00  4.19416755e-08 -1.53758768e-05  4.19416755e-08  3.30000000e+00  4.19416755e-08 -5.65734390e-07 
 4.19916755e-08  3.30000000e+00  4.19916755e-08 -1.53764824e-05  4.19916755e-08  3.30000000e+00  4.19916755e-08  5.65698911e-07 
 4.20416755e-08  3.30000000e+00  4.20416755e-08 -1.53770881e-05  4.20416755e-08  3.30000000e+00  4.20416755e-08 -5.65734390e-07 
 4.20916755e-08  3.30000000e+00  4.20916755e-08 -1.53776937e-05  4.20916755e-08  3.30000000e+00  4.20916755e-08  5.65698911e-07 
 4.21416755e-08  3.30000000e+00  4.21416755e-08 -1.53782995e-05  4.21416755e-08  3.30000000e+00  4.21416755e-08 -5.65734390e-07 
 4.21916755e-08  3.30000000e+00  4.21916755e-08 -1.53789053e-05  4.21916755e-08  3.30000000e+00  4.21916755e-08  5.65698911e-07 
 4.22416755e-08  3.30000000e+00  4.22416755e-08 -1.53795111e-05  4.22416755e-08  3.30000000e+00  4.22416755e-08 -5.65734390e-07 
 4.22916755e-08  3.30000000e+00  4.22916755e-08 -1.53801170e-05  4.22916755e-08  3.30000000e+00  4.22916755e-08  5.65698911e-07 
 4.23416755e-08  3.30000000e+00  4.23416755e-08 -1.53807229e-05  4.23416755e-08  3.30000000e+00  4.23416755e-08 -5.65734390e-07 
 4.23916755e-08  3.30000000e+00  4.23916755e-08 -1.53813289e-05  4.23916755e-08  3.30000000e+00  4.23916755e-08  5.65698911e-07 
 4.24416755e-08  3.30000000e+00  4.24416755e-08 -1.53819349e-05  4.24416755e-08  3.30000000e+00  4.24416755e-08 -5.65734390e-07 
 4.24916755e-08  3.30000000e+00  4.24916755e-08 -1.53825410e-05  4.24916755e-08  3.30000000e+00  4.24916755e-08  5.65698911e-07 
 4.25416755e-08  3.30000000e+00  4.25416755e-08 -1.53831471e-05  4.25416755e-08  3.30000000e+00  4.25416755e-08 -5.65734390e-07 
 4.25916755e-08  3.30000000e+00  4.25916755e-08 -1.53837533e-05  4.25916755e-08  3.30000000e+00  4.25916755e-08  5.65698911e-07 
 4.26416755e-08  3.30000000e+00  4.26416755e-08 -1.53843595e-05  4.26416755e-08  3.30000000e+00  4.26416755e-08 -5.65734391e-07 
 4.26916755e-08  3.30000000e+00  4.26916755e-08 -1.53849658e-05  4.26916755e-08  3.30000000e+00  4.26916755e-08  5.65698910e-07 
 4.27416755e-08  3.30000000e+00  4.27416755e-08 -1.53855721e-05  4.27416755e-08  3.30000000e+00  4.27416755e-08 -5.65734391e-07 
 4.27916755e-08  3.30000000e+00  4.27916755e-08 -1.53861785e-05  4.27916755e-08  3.30000000e+00  4.27916755e-08  5.65698910e-07 
 4.28416755e-08  3.30000000e+00  4.28416755e-08 -1.53867849e-05  4.28416755e-08  3.30000000e+00  4.28416755e-08 -5.65734391e-07 
 4.28916755e-08  3.30000000e+00  4.28916755e-08 -1.53873914e-05  4.28916755e-08  3.30000000e+00  4.28916755e-08  5.65698910e-07 
 4.29416755e-08  3.30000000e+00  4.29416755e-08 -1.53879979e-05  4.29416755e-08  3.30000000e+00  4.29416755e-08 -5.65734391e-07 
 4.29916755e-08  3.30000000e+00  4.29916755e-08 -1.53886045e-05  4.29916755e-08  3.30000000e+00  4.29916755e-08  5.65698910e-07 
 4.30416755e-08  3.30000000e+00  4.30416755e-08 -1.53892111e-05  4.30416755e-08  3.30000000e+00  4.30416755e-08 -5.65734391e-07 
 4.30916755e-08  3.30000000e+00  4.30916755e-08 -1.53898178e-05  4.30916755e-08  3.30000000e+00  4.30916755e-08  5.65698910e-07 
 4.31416755e-08  3.30000000e+00  4.31416755e-08 -1.53904245e-05  4.31416755e-08  3.30000000e+00  4.31416755e-08 -5.65734391e-07 
 4.31916755e-08  3.30000000e+00  4.31916755e-08 -1.53910313e-05  4.31916755e-08  3.30000000e+00  4.31916755e-08  5.65698910e-07 
 4.32416755e-08  3.30000000e+00  4.32416755e-08 -1.53916381e-05  4.32416755e-08  3.30000000e+00  4.32416755e-08 -5.65734391e-07 
 4.32916755e-08  3.30000000e+00  4.32916755e-08 -1.53922450e-05  4.32916755e-08  3.30000000e+00  4.32916755e-08  5.65698910e-07 
 4.33416755e-08  3.30000000e+00  4.33416755e-08 -1.53928519e-05  4.33416755e-08  3.30000000e+00  4.33416755e-08 -5.65734391e-07 
 4.33916755e-08  3.30000000e+00  4.33916755e-08 -1.53934589e-05  4.33916755e-08  3.30000000e+00  4.33916755e-08  5.65698910e-07 
 4.34416755e-08  3.30000000e+00  4.34416755e-08 -1.53940659e-05  4.34416755e-08  3.30000000e+00  4.34416755e-08 -5.65734391e-07 
 4.34916755e-08  3.30000000e+00  4.34916755e-08 -1.53946730e-05  4.34916755e-08  3.30000000e+00  4.34916755e-08  5.65698910e-07 
 4.35416755e-08  3.30000000e+00  4.35416755e-08 -1.53952801e-05  4.35416755e-08  3.30000000e+00  4.35416755e-08 -5.65734391e-07 
 4.35916755e-08  3.30000000e+00  4.35916755e-08 -1.53958873e-05  4.35916755e-08  3.30000000e+00  4.35916755e-08  5.65698910e-07 
 4.36416755e-08  3.30000000e+00  4.36416755e-08 -1.53964945e-05  4.36416755e-08  3.30000000e+00  4.36416755e-08 -5.65734391e-07 
 4.36916755e-08  3.30000000e+00  4.36916755e-08 -1.53971017e-05  4.36916755e-08  3.30000000e+00  4.36916755e-08  5.65698910e-07 
 4.37416755e-08  3.30000000e+00  4.37416755e-08 -1.53977091e-05  4.37416755e-08  3.30000000e+00  4.37416755e-08 -5.65734391e-07 
 4.37916755e-08  3.30000000e+00  4.37916755e-08 -1.53983164e-05  4.37916755e-08  3.30000000e+00  4.37916755e-08  5.65698910e-07 
 4.38416755e-08  3.30000000e+00  4.38416755e-08 -1.53989239e-05  4.38416755e-08  3.30000000e+00  4.38416755e-08 -5.65734391e-07 
 4.38916755e-08  3.30000000e+00  4.38916755e-08 -1.53995313e-05  4.38916755e-08  3.30000000e+00  4.38916755e-08  5.65698910e-07 
 4.39416755e-08  3.30000000e+00  4.39416755e-08 -1.54001388e-05  4.39416755e-08  3.30000000e+00  4.39416755e-08 -5.65734391e-07 
 4.39916755e-08  3.30000000e+00  4.39916755e-08 -1.54007464e-05  4.39916755e-08  3.30000000e+00  4.39916755e-08  5.65698910e-07 
 4.40416755e-08  3.30000000e+00  4.40416755e-08 -1.54013540e-05  4.40416755e-08  3.30000000e+00  4.40416755e-08 -5.65734391e-07 
 4.40916755e-08  3.30000000e+00  4.40916755e-08 -1.54019617e-05  4.40916755e-08  3.30000000e+00  4.40916755e-08  5.65698910e-07 
 4.41416755e-08  3.30000000e+00  4.41416755e-08 -1.54025694e-05  4.41416755e-08  3.30000000e+00  4.41416755e-08 -5.65734392e-07 
 4.41916755e-08  3.30000000e+00  4.41916755e-08 -1.54031772e-05  4.41916755e-08  3.30000000e+00  4.41916755e-08  5.65698910e-07 
 4.42416755e-08  3.30000000e+00  4.42416755e-08 -1.54037850e-05  4.42416755e-08  3.30000000e+00  4.42416755e-08 -5.65734392e-07 
 4.42916755e-08  3.30000000e+00  4.42916755e-08 -1.54043929e-05  4.42916755e-08  3.30000000e+00  4.42916755e-08  5.65698909e-07 
 4.43416755e-08  3.30000000e+00  4.43416755e-08 -1.54050008e-05  4.43416755e-08  3.30000000e+00  4.43416755e-08 -5.65734392e-07 
 4.43916755e-08  3.30000000e+00  4.43916755e-08 -1.54056087e-05  4.43916755e-08  3.30000000e+00  4.43916755e-08  5.65698909e-07 
 4.44416755e-08  3.30000000e+00  4.44416755e-08 -1.54062168e-05  4.44416755e-08  3.30000000e+00  4.44416755e-08 -5.65734392e-07 
 4.44916755e-08  3.30000000e+00  4.44916755e-08 -1.54068248e-05  4.44916755e-08  3.30000000e+00  4.44916755e-08  5.65698909e-07 
 4.45416755e-08  3.30000000e+00  4.45416755e-08 -1.54074329e-05  4.45416755e-08  3.30000000e+00  4.45416755e-08 -5.65734392e-07 
 4.45916755e-08  3.30000000e+00  4.45916755e-08 -1.54080411e-05  4.45916755e-08  3.30000000e+00  4.45916755e-08  5.65698909e-07 
 4.46416755e-08  3.30000000e+00  4.46416755e-08 -1.54086493e-05  4.46416755e-08  3.30000000e+00  4.46416755e-08 -5.65734392e-07 
 4.46916755e-08  3.30000000e+00  4.46916755e-08 -1.54092576e-05  4.46916755e-08  3.30000000e+00  4.46916755e-08  5.65698909e-07 
 4.47416755e-08  3.30000000e+00  4.47416755e-08 -1.54098659e-05  4.47416755e-08  3.30000000e+00  4.47416755e-08 -5.65734392e-07 
 4.47916755e-08  3.30000000e+00  4.47916755e-08 -1.54104743e-05  4.47916755e-08  3.30000000e+00  4.47916755e-08  5.65698909e-07 
 4.48416755e-08  3.30000000e+00  4.48416755e-08 -1.54110827e-05  4.48416755e-08  3.30000000e+00  4.48416755e-08 -5.65734392e-07 
 4.48916755e-08  3.30000000e+00  4.48916755e-08 -1.54116911e-05  4.48916755e-08  3.30000000e+00  4.48916755e-08  5.65698909e-07 
 4.49416755e-08  3.30000000e+00  4.49416755e-08 -1.54122996e-05  4.49416755e-08  3.30000000e+00  4.49416755e-08 -5.65734392e-07 
 4.49916755e-08  3.30000000e+00  4.49916755e-08 -1.54129082e-05  4.49916755e-08  3.30000000e+00  4.49916755e-08  5.65698909e-07 
 4.50416755e-08  3.30000000e+00  4.50416755e-08 -1.54135168e-05  4.50416755e-08  3.30000000e+00  4.50416755e-08 -5.65734392e-07 
 4.50916755e-08  3.30000000e+00  4.50916755e-08 -1.54141255e-05  4.50916755e-08  3.30000000e+00  4.50916755e-08  5.65698909e-07 
 4.51416755e-08  3.30000000e+00  4.51416755e-08 -1.54147342e-05  4.51416755e-08  3.30000000e+00  4.51416755e-08 -5.65734392e-07 
 4.51916755e-08  3.30000000e+00  4.51916755e-08 -1.54153430e-05  4.51916755e-08  3.30000000e+00  4.51916755e-08  5.65698909e-07 
 4.52416755e-08  3.30000000e+00  4.52416755e-08 -1.54159518e-05  4.52416755e-08  3.30000000e+00  4.52416755e-08 -5.65734392e-07 
 4.52916755e-08  3.30000000e+00  4.52916755e-08 -1.54165606e-05  4.52916755e-08  3.30000000e+00  4.52916755e-08  5.65698909e-07 
 4.53416755e-08  3.30000000e+00  4.53416755e-08 -1.54171695e-05  4.53416755e-08  3.30000000e+00  4.53416755e-08 -5.65734392e-07 
 4.53916755e-08  3.30000000e+00  4.53916755e-08 -1.54177785e-05  4.53916755e-08  3.30000000e+00  4.53916755e-08  5.65698909e-07 
 4.54416755e-08  3.30000000e+00  4.54416755e-08 -1.54183875e-05  4.54416755e-08  3.30000000e+00  4.54416755e-08 -5.65734392e-07 
 4.54916755e-08  3.30000000e+00  4.54916755e-08 -1.54189966e-05  4.54916755e-08  3.30000000e+00  4.54916755e-08  5.65698909e-07 
 4.55416755e-08  3.30000000e+00  4.55416755e-08 -1.54196057e-05  4.55416755e-08  3.30000000e+00  4.55416755e-08 -5.65734392e-07 
 4.55916755e-08  3.30000000e+00  4.55916755e-08 -1.54202151e-05  4.55916755e-08  3.30000000e+00  4.55916755e-08  5.65698908e-07 
 4.56416755e-08  3.30000000e+00  4.56416755e-08 -1.54208246e-05  4.56416755e-08  3.30000000e+00  4.56416755e-08 -5.65734393e-07 
 4.56916755e-08  3.30000000e+00  4.56916755e-08 -1.54214340e-05  4.56916755e-08  3.30000000e+00  4.56916755e-08  5.65698908e-07 
 4.57416755e-08  3.30000000e+00  4.57416755e-08 -1.54220435e-05  4.57416755e-08  3.30000000e+00  4.57416755e-08 -5.65734393e-07 
 4.57916755e-08  3.30000000e+00  4.57916755e-08 -1.54226530e-05  4.57916755e-08  3.30000000e+00  4.57916755e-08  5.65698908e-07 
 4.58416755e-08  3.30000000e+00  4.58416755e-08 -1.54232625e-05  4.58416755e-08  3.30000000e+00  4.58416755e-08 -5.65734393e-07 
 4.58916755e-08  3.30000000e+00  4.58916755e-08 -1.54238721e-05  4.58916755e-08  3.30000000e+00  4.58916755e-08  5.65698908e-07 
 4.59416755e-08  3.30000000e+00  4.59416755e-08 -1.54244817e-05  4.59416755e-08  3.30000000e+00  4.59416755e-08 -5.65734393e-07 
 4.59916755e-08  3.30000000e+00  4.59916755e-08 -1.54250914e-05  4.59916755e-08  3.30000000e+00  4.59916755e-08  5.65698908e-07 
 4.60416755e-08  3.30000000e+00  4.60416755e-08 -1.54257011e-05  4.60416755e-08  3.30000000e+00  4.60416755e-08 -5.65734393e-07 
 4.60916755e-08  3.30000000e+00  4.60916755e-08 -1.54263108e-05  4.60916755e-08  3.30000000e+00  4.60916755e-08  5.65698908e-07 
 4.61416755e-08  3.30000000e+00  4.61416755e-08 -1.54269206e-05  4.61416755e-08  3.30000000e+00  4.61416755e-08 -5.65734393e-07 
 4.61916755e-08  3.30000000e+00  4.61916755e-08 -1.54275304e-05  4.61916755e-08  3.30000000e+00  4.61916755e-08  5.65698908e-07 
 4.62416755e-08  3.30000000e+00  4.62416755e-08 -1.54281403e-05  4.62416755e-08  3.30000000e+00  4.62416755e-08 -5.65734393e-07 
 4.62916755e-08  3.30000000e+00  4.62916755e-08 -1.54287502e-05  4.62916755e-08  3.30000000e+00  4.62916755e-08  5.65698908e-07 
 4.63416755e-08  3.30000000e+00  4.63416755e-08 -1.54293601e-05  4.63416755e-08  3.30000000e+00  4.63416755e-08 -5.65734393e-07 
 4.63916755e-08  3.30000000e+00  4.63916755e-08 -1.54299701e-05  4.63916755e-08  3.30000000e+00  4.63916755e-08  5.65698908e-07 
 4.64416755e-08  3.30000000e+00  4.64416755e-08 -1.54305801e-05  4.64416755e-08  3.30000000e+00  4.64416755e-08 -5.65734393e-07 
 4.64916755e-08  3.30000000e+00  4.64916755e-08 -1.54311902e-05  4.64916755e-08  3.30000000e+00  4.64916755e-08  5.65698908e-07 
 4.65416755e-08  3.30000000e+00  4.65416755e-08 -1.54318003e-05  4.65416755e-08  3.30000000e+00  4.65416755e-08 -5.65734393e-07 
 4.65916755e-08  3.30000000e+00  4.65916755e-08 -1.54324105e-05  4.65916755e-08  3.30000000e+00  4.65916755e-08  5.65698908e-07 
 4.66416755e-08  3.30000000e+00  4.66416755e-08 -1.54330208e-05  4.66416755e-08  3.30000000e+00  4.66416755e-08 -5.65734393e-07 
 4.66916755e-08  3.30000000e+00  4.66916755e-08 -1.54336310e-05  4.66916755e-08  3.30000000e+00  4.66916755e-08  5.65698908e-07 
 4.67416755e-08  3.30000000e+00  4.67416755e-08 -1.54342413e-05  4.67416755e-08  3.30000000e+00  4.67416755e-08 -5.65734393e-07 
 4.67916755e-08  3.30000000e+00  4.67916755e-08 -1.54348517e-05  4.67916755e-08  3.30000000e+00  4.67916755e-08  5.65698908e-07 
 4.68416755e-08  3.30000000e+00  4.68416755e-08 -1.54354621e-05  4.68416755e-08  3.30000000e+00  4.68416755e-08 -5.65734393e-07 
 4.68916755e-08  3.30000000e+00  4.68916755e-08 -1.54360726e-05  4.68916755e-08  3.30000000e+00  4.68916755e-08  5.65698908e-07 
 4.69416755e-08  3.30000000e+00  4.69416755e-08 -1.54366831e-05  4.69416755e-08  3.30000000e+00  4.69416755e-08 -5.65734393e-07 
 4.69916755e-08  3.30000000e+00  4.69916755e-08 -1.54372937e-05  4.69916755e-08  3.30000000e+00  4.69916755e-08  5.65698908e-07 
 4.70416755e-08  3.30000000e+00  4.70416755e-08 -1.54379043e-05  4.70416755e-08  3.30000000e+00  4.70416755e-08 -5.65734393e-07 
 4.70916755e-08  3.30000000e+00  4.70916755e-08 -1.54385150e-05  4.70916755e-08  3.30000000e+00  4.70916755e-08  5.65698908e-07 
 4.71416755e-08  3.30000000e+00  4.71416755e-08 -1.54391257e-05  4.71416755e-08  3.30000000e+00  4.71416755e-08 -5.65734393e-07 
 4.71916755e-08  3.30000000e+00  4.71916755e-08 -1.54397364e-05  4.71916755e-08  3.30000000e+00  4.71916755e-08  5.65698907e-07 
 4.72416755e-08  3.30000000e+00  4.72416755e-08 -1.54403472e-05  4.72416755e-08  3.30000000e+00  4.72416755e-08 -5.65734393e-07 
 4.72916755e-08  3.30000000e+00  4.72916755e-08 -1.54409581e-05  4.72916755e-08  3.30000000e+00  4.72916755e-08  5.65698907e-07 
 4.73416755e-08  3.30000000e+00  4.73416755e-08 -1.54415690e-05  4.73416755e-08  3.30000000e+00  4.73416755e-08 -5.65734394e-07 
 4.73916755e-08  3.30000000e+00  4.73916755e-08 -1.54421800e-05  4.73916755e-08  3.30000000e+00  4.73916755e-08  5.65698907e-07 
 4.74416755e-08  3.30000000e+00  4.74416755e-08 -1.54427910e-05  4.74416755e-08  3.30000000e+00  4.74416755e-08 -5.65734394e-07 
 4.74916755e-08  3.30000000e+00  4.74916755e-08 -1.54434020e-05  4.74916755e-08  3.30000000e+00  4.74916755e-08  5.65698907e-07 
 4.75416755e-08  3.30000000e+00  4.75416755e-08 -1.54440131e-05  4.75416755e-08  3.30000000e+00  4.75416755e-08 -5.65734394e-07 
 4.75916755e-08  3.30000000e+00  4.75916755e-08 -1.54446243e-05  4.75916755e-08  3.30000000e+00  4.75916755e-08  5.65698907e-07 
 4.76416755e-08  3.30000000e+00  4.76416755e-08 -1.54452355e-05  4.76416755e-08  3.30000000e+00  4.76416755e-08 -5.65734394e-07 
 4.76916755e-08  3.30000000e+00  4.76916755e-08 -1.54458467e-05  4.76916755e-08  3.30000000e+00  4.76916755e-08  5.65698907e-07 
 4.77416755e-08  3.30000000e+00  4.77416755e-08 -1.54464581e-05  4.77416755e-08  3.30000000e+00  4.77416755e-08 -5.65734394e-07 
 4.77916755e-08  3.30000000e+00  4.77916755e-08 -1.54470694e-05  4.77916755e-08  3.30000000e+00  4.77916755e-08  5.65698907e-07 
 4.78416755e-08  3.30000000e+00  4.78416755e-08 -1.54476808e-05  4.78416755e-08  3.30000000e+00  4.78416755e-08 -5.65734394e-07 
 4.78916755e-08  3.30000000e+00  4.78916755e-08 -1.54482923e-05  4.78916755e-08  3.30000000e+00  4.78916755e-08  5.65698907e-07 
 4.79416755e-08  3.30000000e+00  4.79416755e-08 -1.54489038e-05  4.79416755e-08  3.30000000e+00  4.79416755e-08 -5.65734394e-07 
 4.79916755e-08  3.30000000e+00  4.79916755e-08 -1.54495153e-05  4.79916755e-08  3.30000000e+00  4.79916755e-08  5.65698907e-07 
 4.80416755e-08  3.30000000e+00  4.80416755e-08 -1.54501269e-05  4.80416755e-08  3.30000000e+00  4.80416755e-08 -5.65734394e-07 
 4.80916755e-08  3.30000000e+00  4.80916755e-08 -1.54507386e-05  4.80916755e-08  3.30000000e+00  4.80916755e-08  5.65698907e-07 
 4.81416755e-08  3.30000000e+00  4.81416755e-08 -1.54513503e-05  4.81416755e-08  3.30000000e+00  4.81416755e-08 -5.65734394e-07 
 4.81916755e-08  3.30000000e+00  4.81916755e-08 -1.54519620e-05  4.81916755e-08  3.30000000e+00  4.81916755e-08  5.65698907e-07 
 4.82416755e-08  3.30000000e+00  4.82416755e-08 -1.54525738e-05  4.82416755e-08  3.30000000e+00  4.82416755e-08 -5.65734394e-07 
 4.82916755e-08  3.30000000e+00  4.82916755e-08 -1.54531857e-05  4.82916755e-08  3.30000000e+00  4.82916755e-08  5.65698907e-07 
 4.83416755e-08  3.30000000e+00  4.83416755e-08 -1.54537976e-05  4.83416755e-08  3.30000000e+00  4.83416755e-08 -5.65734394e-07 
 4.83916755e-08  3.30000000e+00  4.83916755e-08 -1.54544095e-05  4.83916755e-08  3.30000000e+00  4.83916755e-08  5.65698907e-07 
 4.84416755e-08  3.30000000e+00  4.84416755e-08 -1.54550216e-05  4.84416755e-08  3.30000000e+00  4.84416755e-08 -5.65734394e-07 
 4.84916755e-08  3.30000000e+00  4.84916755e-08 -1.54556336e-05  4.84916755e-08  3.30000000e+00  4.84916755e-08  5.65698907e-07 
 4.85416755e-08  3.30000000e+00  4.85416755e-08 -1.54562457e-05  4.85416755e-08  3.30000000e+00  4.85416755e-08 -5.65734394e-07 
 4.85916755e-08  3.30000000e+00  4.85916755e-08 -1.54568579e-05  4.85916755e-08  3.30000000e+00  4.85916755e-08  5.65698907e-07 
 4.86416755e-08  3.30000000e+00  4.86416755e-08 -1.54574701e-05  4.86416755e-08  3.30000000e+00  4.86416755e-08 -5.65734394e-07 
 4.86916755e-08  3.30000000e+00  4.86916755e-08 -1.54580823e-05  4.86916755e-08  3.30000000e+00  4.86916755e-08  5.65698907e-07 
 4.87416755e-08  3.30000000e+00  4.87416755e-08 -1.54586946e-05  4.87416755e-08  3.30000000e+00  4.87416755e-08 -5.65734394e-07 
 4.87916755e-08  3.30000000e+00  4.87916755e-08 -1.54593070e-05  4.87916755e-08  3.30000000e+00  4.87916755e-08  5.65698906e-07 
 4.88416755e-08  3.30000000e+00  4.88416755e-08 -1.54599194e-05  4.88416755e-08  3.30000000e+00  4.88416755e-08 -5.65734395e-07 
 4.88916755e-08  3.30000000e+00  4.88916755e-08 -1.54605318e-05  4.88916755e-08  3.30000000e+00  4.88916755e-08  5.65698906e-07 
 4.89416755e-08  3.30000000e+00  4.89416755e-08 -1.54611443e-05  4.89416755e-08  3.30000000e+00  4.89416755e-08 -5.65734395e-07 
 4.89916755e-08  3.30000000e+00  4.89916755e-08 -1.54617569e-05  4.89916755e-08  3.30000000e+00  4.89916755e-08  5.65698906e-07 
 4.90416755e-08  3.30000000e+00  4.90416755e-08 -1.54623695e-05  4.90416755e-08  3.30000000e+00  4.90416755e-08 -5.65734395e-07 
 4.90916755e-08  3.30000000e+00  4.90916755e-08 -1.54629821e-05  4.90916755e-08  3.30000000e+00  4.90916755e-08  5.65698906e-07 
 4.91416755e-08  3.30000000e+00  4.91416755e-08 -1.54635949e-05  4.91416755e-08  3.30000000e+00  4.91416755e-08 -5.65734395e-07 
 4.91916755e-08  3.30000000e+00  4.91916755e-08 -1.54642076e-05  4.91916755e-08  3.30000000e+00  4.91916755e-08  5.65698906e-07 
 4.92416755e-08  3.30000000e+00  4.92416755e-08 -1.54648204e-05  4.92416755e-08  3.30000000e+00  4.92416755e-08 -5.65734395e-07 
 4.92916755e-08  3.30000000e+00  4.92916755e-08 -1.54654333e-05  4.92916755e-08  3.30000000e+00  4.92916755e-08  5.65698906e-07 
 4.93416755e-08  3.30000000e+00  4.93416755e-08 -1.54660462e-05  4.93416755e-08  3.30000000e+00  4.93416755e-08 -5.65734395e-07 
 4.93916755e-08  3.30000000e+00  4.93916755e-08 -1.54666591e-05  4.93916755e-08  3.30000000e+00  4.93916755e-08  5.65698906e-07 
 4.94416755e-08  3.30000000e+00  4.94416755e-08 -1.54672721e-05  4.94416755e-08  3.30000000e+00  4.94416755e-08 -5.65734395e-07 
 4.94916755e-08  3.30000000e+00  4.94916755e-08 -1.54678852e-05  4.94916755e-08  3.30000000e+00  4.94916755e-08  5.65698906e-07 
 4.95416755e-08  3.30000000e+00  4.95416755e-08 -1.54684983e-05  4.95416755e-08  3.30000000e+00  4.95416755e-08 -5.65734395e-07 
 4.95916755e-08  3.30000000e+00  4.95916755e-08 -1.54691114e-05  4.95916755e-08  3.30000000e+00  4.95916755e-08  5.65698906e-07 
 4.96416755e-08  3.30000000e+00  4.96416755e-08 -1.54697246e-05  4.96416755e-08  3.30000000e+00  4.96416755e-08 -5.65734395e-07 
 4.96916755e-08  3.30000000e+00  4.96916755e-08 -1.54703379e-05  4.96916755e-08  3.30000000e+00  4.96916755e-08  5.65698906e-07 
 4.97416755e-08  3.30000000e+00  4.97416755e-08 -1.54709512e-05  4.97416755e-08  3.30000000e+00  4.97416755e-08 -5.65734395e-07 
 4.97916755e-08  3.30000000e+00  4.97916755e-08 -1.54715645e-05  4.97916755e-08  3.30000000e+00  4.97916755e-08  5.65698906e-07 
 4.98416755e-08  3.30000000e+00  4.98416755e-08 -1.54721780e-05  4.98416755e-08  3.30000000e+00  4.98416755e-08 -5.65734395e-07 
 4.98916755e-08  3.30000000e+00  4.98916755e-08 -1.54727914e-05  4.98916755e-08  3.30000000e+00  4.98916755e-08  5.65698906e-07 
 4.99416755e-08  3.30000000e+00  4.99416755e-08 -1.54734049e-05  4.99416755e-08  3.30000000e+00  4.99416755e-08 -5.65734395e-07 
 4.99916755e-08  3.30000000e+00  4.99916755e-08 -1.54740185e-05  4.99916755e-08  3.30000000e+00  4.99916755e-08  5.65698906e-07 
 5.00416755e-08  3.30000000e+00  5.00416755e-08 -1.54746321e-05  5.00416755e-08  3.30000000e+00  5.00416755e-08 -5.65734395e-07 
 5.00916755e-08  3.30000000e+00  5.00916755e-08 -1.54752457e-05  5.00916755e-08  3.30000000e+00  5.00916755e-08  5.65698906e-07 
 5.01416755e-08  3.30000000e+00  5.01416755e-08 -1.54758594e-05  5.01416755e-08  3.30000000e+00  5.01416755e-08 -5.65734395e-07 
 5.01916755e-08  3.30000000e+00  5.01916755e-08 -1.54764732e-05  5.01916755e-08  3.30000000e+00  5.01916755e-08  5.65698906e-07 
 5.02416755e-08  3.30000000e+00  5.02416755e-08 -1.54770870e-05  5.02416755e-08  3.30000000e+00  5.02416755e-08 -5.65734395e-07 
 5.02916755e-08  3.30000000e+00  5.02916755e-08 -1.54777008e-05  5.02916755e-08  3.30000000e+00  5.02916755e-08  5.65698905e-07 
 5.03416755e-08  3.30000000e+00  5.03416755e-08 -1.54783147e-05  5.03416755e-08  3.30000000e+00  5.03416755e-08 -5.65734395e-07 
 5.03916755e-08  3.30000000e+00  5.03916755e-08 -1.54789287e-05  5.03916755e-08  3.30000000e+00  5.03916755e-08  5.65698905e-07 
 5.04416755e-08  3.30000000e+00  5.04416755e-08 -1.54795427e-05  5.04416755e-08  3.30000000e+00  5.04416755e-08 -5.65734396e-07 
 5.04916755e-08  3.30000000e+00  5.04916755e-08 -1.54801568e-05  5.04916755e-08  3.30000000e+00  5.04916755e-08  5.65698905e-07 
 5.05416755e-08  3.30000000e+00  5.05416755e-08 -1.54807709e-05  5.05416755e-08  3.30000000e+00  5.05416755e-08 -5.65734396e-07 
 5.05916755e-08  3.30000000e+00  5.05916755e-08 -1.54813850e-05  5.05916755e-08  3.30000000e+00  5.05916755e-08  5.65698905e-07 
 5.06416755e-08  3.30000000e+00  5.06416755e-08 -1.54819992e-05  5.06416755e-08  3.30000000e+00  5.06416755e-08 -5.65734396e-07 
 5.06916755e-08  3.30000000e+00  5.06916755e-08 -1.54826135e-05  5.06916755e-08  3.30000000e+00  5.06916755e-08  5.65698905e-07 
 5.07416755e-08  3.30000000e+00  5.07416755e-08 -1.54832278e-05  5.07416755e-08  3.30000000e+00  5.07416755e-08 -5.65734396e-07 
 5.07916755e-08  3.30000000e+00  5.07916755e-08 -1.54838421e-05  5.07916755e-08  3.30000000e+00  5.07916755e-08  5.65698905e-07 
 5.08416755e-08  3.30000000e+00  5.08416755e-08 -1.54844566e-05  5.08416755e-08  3.30000000e+00  5.08416755e-08 -5.65734396e-07 
 5.08916755e-08  3.30000000e+00  5.08916755e-08 -1.54850710e-05  5.08916755e-08  3.30000000e+00  5.08916755e-08  5.65698905e-07 
 5.09416755e-08  3.30000000e+00  5.09416755e-08 -1.54856855e-05  5.09416755e-08  3.30000000e+00  5.09416755e-08 -5.65734396e-07 
 5.09916755e-08  3.30000000e+00  5.09916755e-08 -1.54863001e-05  5.09916755e-08  3.30000000e+00  5.09916755e-08  5.65698905e-07 
 5.10416755e-08  3.30000000e+00  5.10416755e-08 -1.54869147e-05  5.10416755e-08  3.30000000e+00  5.10416755e-08 -5.65734396e-07 
 5.10916755e-08  3.30000000e+00  5.10916755e-08 -1.54875293e-05  5.10916755e-08  3.30000000e+00  5.10916755e-08  5.65698905e-07 
 5.11416755e-08  3.30000000e+00  5.11416755e-08 -1.54881440e-05  5.11416755e-08  3.30000000e+00  5.11416755e-08 -5.65734396e-07 
 5.11916755e-08  3.30000000e+00  5.11916755e-08 -1.54887588e-05  5.11916755e-08  3.30000000e+00  5.11916755e-08  5.65698905e-07 
 5.12416755e-08  3.30000000e+00  5.12416755e-08 -1.54893736e-05  5.12416755e-08  3.30000000e+00  5.12416755e-08 -5.65734396e-07 
 5.12916755e-08  3.30000000e+00  5.12916755e-08 -1.54899885e-05  5.12916755e-08  3.30000000e+00  5.12916755e-08  5.65698905e-07 
 5.13416755e-08  3.30000000e+00  5.13416755e-08 -1.54906034e-05  5.13416755e-08  3.30000000e+00  5.13416755e-08 -5.65734396e-07 
 5.13916755e-08  3.30000000e+00  5.13916755e-08 -1.54912183e-05  5.13916755e-08  3.30000000e+00  5.13916755e-08  5.65698905e-07 
 5.14416755e-08  3.30000000e+00  5.14416755e-08 -1.54918333e-05  5.14416755e-08  3.30000000e+00  5.14416755e-08 -5.65734396e-07 
 5.14916755e-08  3.30000000e+00  5.14916755e-08 -1.54924484e-05  5.14916755e-08  3.30000000e+00  5.14916755e-08  5.65698905e-07 
 5.15416755e-08  3.30000000e+00  5.15416755e-08 -1.54930635e-05  5.15416755e-08  3.30000000e+00  5.15416755e-08 -5.65734396e-07 
 5.15916755e-08  3.30000000e+00  5.15916755e-08 -1.54936787e-05  5.15916755e-08  3.30000000e+00  5.15916755e-08  5.65698905e-07 
 5.16416755e-08  3.30000000e+00  5.16416755e-08 -1.54942939e-05  5.16416755e-08  3.30000000e+00  5.16416755e-08 -5.65734396e-07 
 5.16916755e-08  3.30000000e+00  5.16916755e-08 -1.54949091e-05  5.16916755e-08  3.30000000e+00  5.16916755e-08  5.65698905e-07 
 5.17416755e-08  3.30000000e+00  5.17416755e-08 -1.54955244e-05  5.17416755e-08  3.30000000e+00  5.17416755e-08 -5.65734396e-07 
 5.17916755e-08  3.30000000e+00  5.17916755e-08 -1.54961398e-05  5.17916755e-08  3.30000000e+00  5.17916755e-08  5.65698904e-07 
 5.18416755e-08  3.30000000e+00  5.18416755e-08 -1.54967552e-05  5.18416755e-08  3.30000000e+00  5.18416755e-08 -5.65734396e-07 
 5.18916755e-08  3.30000000e+00  5.18916755e-08 -1.54973707e-05  5.18916755e-08  3.30000000e+00  5.18916755e-08  5.65698904e-07 
 5.19416755e-08  3.30000000e+00  5.19416755e-08 -1.54979862e-05  5.19416755e-08  3.30000000e+00  5.19416755e-08 -5.65734397e-07 
 5.19916755e-08  3.30000000e+00  5.19916755e-08 -1.54986017e-05  5.19916755e-08  3.30000000e+00  5.19916755e-08  5.65698904e-07 
 5.20416755e-08  3.30000000e+00  5.20416755e-08 -1.54992173e-05  5.20416755e-08  3.30000000e+00  5.20416755e-08 -5.65734397e-07 
 5.20916755e-08  3.30000000e+00  5.20916755e-08 -1.54998330e-05  5.20916755e-08  3.30000000e+00  5.20916755e-08  5.65698904e-07 
 5.21416755e-08  3.30000000e+00  5.21416755e-08 -1.55004487e-05  5.21416755e-08  3.30000000e+00  5.21416755e-08 -5.65734397e-07 
 5.21916755e-08  3.30000000e+00  5.21916755e-08 -1.55010645e-05  5.21916755e-08  3.30000000e+00  5.21916755e-08  5.65698904e-07 
 5.22416755e-08  3.30000000e+00  5.22416755e-08 -1.55016803e-05  5.22416755e-08  3.30000000e+00  5.22416755e-08 -5.65734397e-07 
 5.22916755e-08  3.30000000e+00  5.22916755e-08 -1.55022961e-05  5.22916755e-08  3.30000000e+00  5.22916755e-08  5.65698904e-07 
 5.23416755e-08  3.30000000e+00  5.23416755e-08 -1.55029121e-05  5.23416755e-08  3.30000000e+00  5.23416755e-08 -5.65734397e-07 
 5.23916755e-08  3.30000000e+00  5.23916755e-08 -1.55035280e-05  5.23916755e-08  3.30000000e+00  5.23916755e-08  5.65698904e-07 
 5.24416755e-08  3.30000000e+00  5.24416755e-08 -1.55041440e-05  5.24416755e-08  3.30000000e+00  5.24416755e-08 -5.65734397e-07 
 5.24916755e-08  3.30000000e+00  5.24916755e-08 -1.55047601e-05  5.24916755e-08  3.30000000e+00  5.24916755e-08  5.65698904e-07 
 5.25416755e-08  3.30000000e+00  5.25416755e-08 -1.55053762e-05  5.25416755e-08  3.30000000e+00  5.25416755e-08 -5.65734397e-07 
 5.25916755e-08  3.30000000e+00  5.25916755e-08 -1.55059924e-05  5.25916755e-08  3.30000000e+00  5.25916755e-08  5.65698904e-07 
 5.26416755e-08  3.30000000e+00  5.26416755e-08 -1.55066086e-05  5.26416755e-08  3.30000000e+00  5.26416755e-08 -5.65734397e-07 
 5.26916755e-08  3.30000000e+00  5.26916755e-08 -1.55072248e-05  5.26916755e-08  3.30000000e+00  5.26916755e-08  5.65698904e-07 
 5.27416755e-08  3.30000000e+00  5.27416755e-08 -1.55078412e-05  5.27416755e-08  3.30000000e+00  5.27416755e-08 -5.65734397e-07 
 5.27916755e-08  3.30000000e+00  5.27916755e-08 -1.55084575e-05  5.27916755e-08  3.30000000e+00  5.27916755e-08  5.65698904e-07 
 5.28416755e-08  3.30000000e+00  5.28416755e-08 -1.55090739e-05  5.28416755e-08  3.30000000e+00  5.28416755e-08 -5.65734397e-07 
 5.28916755e-08  3.30000000e+00  5.28916755e-08 -1.55096904e-05  5.28916755e-08  3.30000000e+00  5.28916755e-08  5.65698904e-07 
 5.29416755e-08  3.30000000e+00  5.29416755e-08 -1.55103069e-05  5.29416755e-08  3.30000000e+00  5.29416755e-08 -5.65734397e-07 
 5.29916755e-08  3.30000000e+00  5.29916755e-08 -1.55109235e-05  5.29916755e-08  3.30000000e+00  5.29916755e-08  5.65698904e-07 
 5.30416755e-08  3.30000000e+00  5.30416755e-08 -1.55115401e-05  5.30416755e-08  3.30000000e+00  5.30416755e-08 -5.65734397e-07 
 5.30916755e-08  3.30000000e+00  5.30916755e-08 -1.55121568e-05  5.30916755e-08  3.30000000e+00  5.30916755e-08  5.65698904e-07 
 5.31416755e-08  3.30000000e+00  5.31416755e-08 -1.55127735e-05  5.31416755e-08  3.30000000e+00  5.31416755e-08 -5.65734397e-07 
 5.31916755e-08  3.30000000e+00  5.31916755e-08 -1.55133902e-05  5.31916755e-08  3.30000000e+00  5.31916755e-08  5.65698904e-07 
 5.32416755e-08  3.30000000e+00  5.32416755e-08 -1.55140071e-05  5.32416755e-08  3.30000000e+00  5.32416755e-08 -5.65734397e-07 
 5.32916755e-08  3.30000000e+00  5.32916755e-08 -1.55146239e-05  5.32916755e-08  3.30000000e+00  5.32916755e-08  5.65698903e-07 
 5.33416755e-08  3.30000000e+00  5.33416755e-08 -1.55152408e-05  5.33416755e-08  3.30000000e+00  5.33416755e-08 -5.65734397e-07 
 5.33916755e-08  3.30000000e+00  5.33916755e-08 -1.55158578e-05  5.33916755e-08  3.30000000e+00  5.33916755e-08  5.65698903e-07 
 5.34416755e-08  3.30000000e+00  5.34416755e-08 -1.55164748e-05  5.34416755e-08  3.30000000e+00  5.34416755e-08 -5.65734398e-07 
 5.34916755e-08  3.30000000e+00  5.34916755e-08 -1.55170919e-05  5.34916755e-08  3.30000000e+00  5.34916755e-08  5.65698903e-07 
 5.35416755e-08  3.30000000e+00  5.35416755e-08 -1.55177090e-05  5.35416755e-08  3.30000000e+00  5.35416755e-08 -5.65734398e-07 
 5.35916755e-08  3.30000000e+00  5.35916755e-08 -1.55183262e-05  5.35916755e-08  3.30000000e+00  5.35916755e-08  5.65698903e-07 
 5.36416755e-08  3.30000000e+00  5.36416755e-08 -1.55189434e-05  5.36416755e-08  3.30000000e+00  5.36416755e-08 -5.65734398e-07 
 5.36916755e-08  3.30000000e+00  5.36916755e-08 -1.55195607e-05  5.36916755e-08  3.30000000e+00  5.36916755e-08  5.65698903e-07 
 5.37416755e-08  3.30000000e+00  5.37416755e-08 -1.55201780e-05  5.37416755e-08  3.30000000e+00  5.37416755e-08 -5.65734398e-07 
 5.37916755e-08  3.30000000e+00  5.37916755e-08 -1.55207954e-05  5.37916755e-08  3.30000000e+00  5.37916755e-08  5.65698903e-07 
 5.38416755e-08  3.30000000e+00  5.38416755e-08 -1.55214128e-05  5.38416755e-08  3.30000000e+00  5.38416755e-08 -5.65734398e-07 
 5.38916755e-08  3.30000000e+00  5.38916755e-08 -1.55220302e-05  5.38916755e-08  3.30000000e+00  5.38916755e-08  5.65698903e-07 
 5.39416755e-08  3.30000000e+00  5.39416755e-08 -1.55226478e-05  5.39416755e-08  3.30000000e+00  5.39416755e-08 -5.65734398e-07 
 5.39916755e-08  3.30000000e+00  5.39916755e-08 -1.55232653e-05  5.39916755e-08  3.30000000e+00  5.39916755e-08  5.65698903e-07 
 5.40416755e-08  3.30000000e+00  5.40416755e-08 -1.55238830e-05  5.40416755e-08  3.30000000e+00  5.40416755e-08 -5.65734398e-07 
 5.40916755e-08  3.30000000e+00  5.40916755e-08 -1.55245006e-05  5.40916755e-08  3.30000000e+00  5.40916755e-08  5.65698903e-07 
 5.41416755e-08  3.30000000e+00  5.41416755e-08 -1.55251184e-05  5.41416755e-08  3.30000000e+00  5.41416755e-08 -5.65734398e-07 
 5.41916755e-08  3.30000000e+00  5.41916755e-08 -1.55257361e-05  5.41916755e-08  3.30000000e+00  5.41916755e-08  5.65698903e-07 
 5.42416755e-08  3.30000000e+00  5.42416755e-08 -1.55263539e-05  5.42416755e-08  3.30000000e+00  5.42416755e-08 -5.65734398e-07 
 5.42916755e-08  3.30000000e+00  5.42916755e-08 -1.55269718e-05  5.42916755e-08  3.30000000e+00  5.42916755e-08  5.65698903e-07 
 5.43416755e-08  3.30000000e+00  5.43416755e-08 -1.55275897e-05  5.43416755e-08  3.30000000e+00  5.43416755e-08 -5.65734398e-07 
 5.43916755e-08  3.30000000e+00  5.43916755e-08 -1.55282077e-05  5.43916755e-08  3.30000000e+00  5.43916755e-08  5.65698903e-07 
 5.44416755e-08  3.30000000e+00  5.44416755e-08 -1.55288257e-05  5.44416755e-08  3.30000000e+00  5.44416755e-08 -5.65734398e-07 
 5.44916755e-08  3.30000000e+00  5.44916755e-08 -1.55294438e-05  5.44916755e-08  3.30000000e+00  5.44916755e-08  5.65698903e-07 
 5.45416755e-08  3.30000000e+00  5.45416755e-08 -1.55300619e-05  5.45416755e-08  3.30000000e+00  5.45416755e-08 -5.65734398e-07 
 5.45916755e-08  3.30000000e+00  5.45916755e-08 -1.55306801e-05  5.45916755e-08  3.30000000e+00  5.45916755e-08  5.65698903e-07 
 5.46416755e-08  3.30000000e+00  5.46416755e-08 -1.55312983e-05  5.46416755e-08  3.30000000e+00  5.46416755e-08 -5.65734398e-07 
 5.46916755e-08  3.30000000e+00  5.46916755e-08 -1.55319166e-05  5.46916755e-08  3.30000000e+00  5.46916755e-08  5.65698903e-07 
 5.47416755e-08  3.30000000e+00  5.47416755e-08 -1.55325349e-05  5.47416755e-08  3.30000000e+00  5.47416755e-08 -5.65734398e-07 
 5.47916755e-08  3.30000000e+00  5.47916755e-08 -1.55331533e-05  5.47916755e-08  3.30000000e+00  5.47916755e-08  5.65698902e-07 
 5.48416755e-08  3.30000000e+00  5.48416755e-08 -1.55337717e-05  5.48416755e-08  3.30000000e+00  5.48416755e-08 -5.65734398e-07 
 5.48916755e-08  3.30000000e+00  5.48916755e-08 -1.55343902e-05  5.48916755e-08  3.30000000e+00  5.48916755e-08  5.65698902e-07 
 5.49416755e-08  3.30000000e+00  5.49416755e-08 -1.55350087e-05  5.49416755e-08  3.30000000e+00  5.49416755e-08 -5.65734399e-07 
 5.49916755e-08  3.30000000e+00  5.49916755e-08 -1.55356273e-05  5.49916755e-08  3.30000000e+00  5.49916755e-08  5.65698902e-07 
 5.50416755e-08  3.30000000e+00  5.50416755e-08 -1.55362460e-05  5.50416755e-08  3.30000000e+00  5.50416755e-08 -5.65734399e-07 
 5.50916755e-08  3.30000000e+00  5.50916755e-08 -1.55368646e-05  5.50916755e-08  3.30000000e+00  5.50916755e-08  5.65698902e-07 
 5.51416755e-08  3.30000000e+00  5.51416755e-08 -1.55374834e-05  5.51416755e-08  3.30000000e+00  5.51416755e-08 -5.65734399e-07 
 5.51916755e-08  3.30000000e+00  5.51916755e-08 -1.55381021e-05  5.51916755e-08  3.30000000e+00  5.51916755e-08  5.65698902e-07 
 5.52416755e-08  3.30000000e+00  5.52416755e-08 -1.55387210e-05  5.52416755e-08  3.30000000e+00  5.52416755e-08 -5.65734399e-07 
 5.52916755e-08  3.30000000e+00  5.52916755e-08 -1.55393399e-05  5.52916755e-08  3.30000000e+00  5.52916755e-08  5.65698902e-07 
 5.53416755e-08  3.30000000e+00  5.53416755e-08 -1.55399588e-05  5.53416755e-08  3.30000000e+00  5.53416755e-08 -5.65734399e-07 
 5.53916755e-08  3.30000000e+00  5.53916755e-08 -1.55405778e-05  5.53916755e-08  3.30000000e+00  5.53916755e-08  5.65698902e-07 
 5.54416755e-08  3.30000000e+00  5.54416755e-08 -1.55411968e-05  5.54416755e-08  3.30000000e+00  5.54416755e-08 -5.65734399e-07 
 5.54916755e-08  3.30000000e+00  5.54916755e-08 -1.55418159e-05  5.54916755e-08  3.30000000e+00  5.54916755e-08  5.65698902e-07 
 5.55416755e-08  3.30000000e+00  5.55416755e-08 -1.55424350e-05  5.55416755e-08  3.30000000e+00  5.55416755e-08 -5.65734399e-07 
 5.55916755e-08  3.30000000e+00  5.55916755e-08 -1.55430542e-05  5.55916755e-08  3.30000000e+00  5.55916755e-08  5.65698902e-07 
 5.56416755e-08  3.30000000e+00  5.56416755e-08 -1.55436734e-05  5.56416755e-08  3.30000000e+00  5.56416755e-08 -5.65734399e-07 
 5.56916755e-08  3.30000000e+00  5.56916755e-08 -1.55442927e-05  5.56916755e-08  3.30000000e+00  5.56916755e-08  5.65698902e-07 
 5.57416755e-08  3.30000000e+00  5.57416755e-08 -1.55449121e-05  5.57416755e-08  3.30000000e+00  5.57416755e-08 -5.65734399e-07 
 5.57916755e-08  3.30000000e+00  5.57916755e-08 -1.55455314e-05  5.57916755e-08  3.30000000e+00  5.57916755e-08  5.65698902e-07 
 5.58416755e-08  3.30000000e+00  5.58416755e-08 -1.55461509e-05  5.58416755e-08  3.30000000e+00  5.58416755e-08 -5.65734399e-07 
 5.58916755e-08  3.30000000e+00  5.58916755e-08 -1.55467704e-05  5.58916755e-08  3.30000000e+00  5.58916755e-08  5.65698902e-07 
 5.59416755e-08  3.30000000e+00  5.59416755e-08 -1.55473899e-05  5.59416755e-08  3.30000000e+00  5.59416755e-08 -5.65734399e-07 
 5.59916755e-08  3.30000000e+00  5.59916755e-08 -1.55480095e-05  5.59916755e-08  3.30000000e+00  5.59916755e-08  5.65698902e-07 
 5.60416755e-08  3.30000000e+00  5.60416755e-08 -1.55486291e-05  5.60416755e-08  3.30000000e+00  5.60416755e-08 -5.65734399e-07 
 5.60916755e-08  3.30000000e+00  5.60916755e-08 -1.55492488e-05  5.60916755e-08  3.30000000e+00  5.60916755e-08  5.65698902e-07 
 5.61416755e-08  3.30000000e+00  5.61416755e-08 -1.55498686e-05  5.61416755e-08  3.30000000e+00  5.61416755e-08 -5.65734399e-07 
 5.61916755e-08  3.30000000e+00  5.61916755e-08 -1.55504883e-05  5.61916755e-08  3.30000000e+00  5.61916755e-08  5.65698902e-07 
 5.62416755e-08  3.30000000e+00  5.62416755e-08 -1.55511082e-05  5.62416755e-08  3.30000000e+00  5.62416755e-08 -5.65734399e-07 
 5.62916755e-08  3.30000000e+00  5.62916755e-08 -1.55517281e-05  5.62916755e-08  3.30000000e+00  5.62916755e-08  5.65698902e-07 
 5.63416755e-08  3.30000000e+00  5.63416755e-08 -1.55523480e-05  5.63416755e-08  3.30000000e+00  5.63416755e-08 -5.65734399e-07 
 5.63916755e-08  3.30000000e+00  5.63916755e-08 -1.55529680e-05  5.63916755e-08  3.30000000e+00  5.63916755e-08  5.65698901e-07 
 5.64416755e-08  3.30000000e+00  5.64416755e-08 -1.55535880e-05  5.64416755e-08  3.30000000e+00  5.64416755e-08 -5.65734400e-07 
 5.64916755e-08  3.30000000e+00  5.64916755e-08 -1.55542081e-05  5.64916755e-08  3.30000000e+00  5.64916755e-08  5.65698901e-07 
 5.65416755e-08  3.30000000e+00  5.65416755e-08 -1.55548283e-05  5.65416755e-08  3.30000000e+00  5.65416755e-08 -5.65734400e-07 
 5.65916755e-08  3.30000000e+00  5.65916755e-08 -1.55554485e-05  5.65916755e-08  3.30000000e+00  5.65916755e-08  5.65698901e-07 
 5.66416755e-08  3.30000000e+00  5.66416755e-08 -1.55560687e-05  5.66416755e-08  3.30000000e+00  5.66416755e-08 -5.65734400e-07 
 5.66916755e-08  3.30000000e+00  5.66916755e-08 -1.55566890e-05  5.66916755e-08  3.30000000e+00  5.66916755e-08  5.65698901e-07 
 5.67416755e-08  3.30000000e+00  5.67416755e-08 -1.55573094e-05  5.67416755e-08  3.30000000e+00  5.67416755e-08 -5.65734400e-07 
 5.67916755e-08  3.30000000e+00  5.67916755e-08 -1.55579297e-05  5.67916755e-08  3.30000000e+00  5.67916755e-08  5.65698901e-07 
 5.68416755e-08  3.30000000e+00  5.68416755e-08 -1.55585502e-05  5.68416755e-08  3.30000000e+00  5.68416755e-08 -5.65734400e-07 
 5.68916755e-08  3.30000000e+00  5.68916755e-08 -1.55591707e-05  5.68916755e-08  3.30000000e+00  5.68916755e-08  5.65698901e-07 
 5.69416755e-08  3.30000000e+00  5.69416755e-08 -1.55597912e-05  5.69416755e-08  3.30000000e+00  5.69416755e-08 -5.65734400e-07 
 5.69916755e-08  3.30000000e+00  5.69916755e-08 -1.55604118e-05  5.69916755e-08  3.30000000e+00  5.69916755e-08  5.65698901e-07 
 5.70416755e-08  3.30000000e+00  5.70416755e-08 -1.55610325e-05  5.70416755e-08  3.30000000e+00  5.70416755e-08 -5.65734400e-07 
 5.70916755e-08  3.30000000e+00  5.70916755e-08 -1.55616532e-05  5.70916755e-08  3.30000000e+00  5.70916755e-08  5.65698901e-07 
 5.71416755e-08  3.30000000e+00  5.71416755e-08 -1.55622739e-05  5.71416755e-08  3.30000000e+00  5.71416755e-08 -5.65734400e-07 
 5.71916755e-08  3.30000000e+00  5.71916755e-08 -1.55628947e-05  5.71916755e-08  3.30000000e+00  5.71916755e-08  5.65698901e-07 
 5.72416755e-08  3.30000000e+00  5.72416755e-08 -1.55635156e-05  5.72416755e-08  3.30000000e+00  5.72416755e-08 -5.65734400e-07 
 5.72916755e-08  3.30000000e+00  5.72916755e-08 -1.55641365e-05  5.72916755e-08  3.30000000e+00  5.72916755e-08  5.65698901e-07 
 5.73416755e-08  3.30000000e+00  5.73416755e-08 -1.55647574e-05  5.73416755e-08  3.30000000e+00  5.73416755e-08 -5.65734400e-07 
 5.73916755e-08  3.30000000e+00  5.73916755e-08 -1.55653784e-05  5.73916755e-08  3.30000000e+00  5.73916755e-08  5.65698901e-07 
 5.74416755e-08  3.30000000e+00  5.74416755e-08 -1.55659995e-05  5.74416755e-08  3.30000000e+00  5.74416755e-08 -5.65734400e-07 
 5.74916755e-08  3.30000000e+00  5.74916755e-08 -1.55666206e-05  5.74916755e-08  3.30000000e+00  5.74916755e-08  5.65698901e-07 
 5.75416755e-08  3.30000000e+00  5.75416755e-08 -1.55672417e-05  5.75416755e-08  3.30000000e+00  5.75416755e-08 -5.65734400e-07 
 5.75916755e-08  3.30000000e+00  5.75916755e-08 -1.55678629e-05  5.75916755e-08  3.30000000e+00  5.75916755e-08  5.65698901e-07 
 5.76416755e-08  3.30000000e+00  5.76416755e-08 -1.55684842e-05  5.76416755e-08  3.30000000e+00  5.76416755e-08 -5.65734400e-07 
 5.76916755e-08  3.30000000e+00  5.76916755e-08 -1.55691055e-05  5.76916755e-08  3.30000000e+00  5.76916755e-08  5.65698901e-07 
 5.77416755e-08  3.30000000e+00  5.77416755e-08 -1.55697269e-05  5.77416755e-08  3.30000000e+00  5.77416755e-08 -5.65734400e-07 
 5.77916755e-08  3.30000000e+00  5.77916755e-08 -1.55703483e-05  5.77916755e-08  3.30000000e+00  5.77916755e-08  5.65698901e-07 
 5.78416755e-08  3.30000000e+00  5.78416755e-08 -1.55709697e-05  5.78416755e-08  3.30000000e+00  5.78416755e-08 -5.65734400e-07 
 5.78916755e-08  3.30000000e+00  5.78916755e-08 -1.55715912e-05  5.78916755e-08  3.30000000e+00  5.78916755e-08  5.65698900e-07 
 5.79416755e-08  3.30000000e+00  5.79416755e-08 -1.55722128e-05  5.79416755e-08  3.30000000e+00  5.79416755e-08 -5.65734401e-07 
 5.79916755e-08  3.30000000e+00  5.79916755e-08 -1.55728344e-05  5.79916755e-08  3.30000000e+00  5.79916755e-08  5.65698900e-07 
 5.80416755e-08  3.30000000e+00  5.80416755e-08 -1.55734560e-05  5.80416755e-08  3.30000000e+00  5.80416755e-08 -5.65734401e-07 
 5.80916755e-08  3.30000000e+00  5.80916755e-08 -1.55740778e-05  5.80916755e-08  3.30000000e+00  5.80916755e-08  5.65698900e-07 
 5.81416755e-08  3.30000000e+00  5.81416755e-08 -1.55746995e-05  5.81416755e-08  3.30000000e+00  5.81416755e-08 -5.65734401e-07 
 5.81916755e-08  3.30000000e+00  5.81916755e-08 -1.55753213e-05  5.81916755e-08  3.30000000e+00  5.81916755e-08  5.65698900e-07 
 5.82416755e-08  3.30000000e+00  5.82416755e-08 -1.55759432e-05  5.82416755e-08  3.30000000e+00  5.82416755e-08 -5.65734401e-07 
 5.82916755e-08  3.30000000e+00  5.82916755e-08 -1.55765651e-05  5.82916755e-08  3.30000000e+00  5.82916755e-08  5.65698900e-07 
 5.83416755e-08  3.30000000e+00  5.83416755e-08 -1.55771871e-05  5.83416755e-08  3.30000000e+00  5.83416755e-08 -5.65734401e-07 
 5.83916755e-08  3.30000000e+00  5.83916755e-08 -1.55778091e-05  5.83916755e-08  3.30000000e+00  5.83916755e-08  5.65698900e-07 
 5.84416755e-08  3.30000000e+00  5.84416755e-08 -1.55784311e-05  5.84416755e-08  3.30000000e+00  5.84416755e-08 -5.65734401e-07 
 5.84916755e-08  3.30000000e+00  5.84916755e-08 -1.55790533e-05  5.84916755e-08  3.30000000e+00  5.84916755e-08  5.65698900e-07 
 5.85416755e-08  3.30000000e+00  5.85416755e-08 -1.55796754e-05  5.85416755e-08  3.30000000e+00  5.85416755e-08 -5.65734401e-07 
 5.85916755e-08  3.30000000e+00  5.85916755e-08 -1.55802976e-05  5.85916755e-08  3.30000000e+00  5.85916755e-08  5.65698900e-07 
 5.86416755e-08  3.30000000e+00  5.86416755e-08 -1.55809199e-05  5.86416755e-08  3.30000000e+00  5.86416755e-08 -5.65734401e-07 
 5.86916755e-08  3.30000000e+00  5.86916755e-08 -1.55815422e-05  5.86916755e-08  3.30000000e+00  5.86916755e-08  5.65698900e-07 
 5.87416755e-08  3.30000000e+00  5.87416755e-08 -1.55821646e-05  5.87416755e-08  3.30000000e+00  5.87416755e-08 -5.65734401e-07 
 5.87916755e-08  3.30000000e+00  5.87916755e-08 -1.55827870e-05  5.87916755e-08  3.30000000e+00  5.87916755e-08  5.65698900e-07 
 5.88416755e-08  3.30000000e+00  5.88416755e-08 -1.55834095e-05  5.88416755e-08  3.30000000e+00  5.88416755e-08 -5.65734401e-07 
 5.88916755e-08  3.30000000e+00  5.88916755e-08 -1.55840320e-05  5.88916755e-08  3.30000000e+00  5.88916755e-08  5.65698900e-07 
 5.89416755e-08  3.30000000e+00  5.89416755e-08 -1.55846546e-05  5.89416755e-08  3.30000000e+00  5.89416755e-08 -5.65734401e-07 
 5.89916755e-08  3.30000000e+00  5.89916755e-08 -1.55852772e-05  5.89916755e-08  3.30000000e+00  5.89916755e-08  5.65698900e-07 
 5.90416755e-08  3.30000000e+00  5.90416755e-08 -1.55858999e-05  5.90416755e-08  3.30000000e+00  5.90416755e-08 -5.65734401e-07 
 5.90916755e-08  3.30000000e+00  5.90916755e-08 -1.55865226e-05  5.90916755e-08  3.30000000e+00  5.90916755e-08  5.65698900e-07 
 5.91416755e-08  3.30000000e+00  5.91416755e-08 -1.55871454e-05  5.91416755e-08  3.30000000e+00  5.91416755e-08 -5.65734401e-07 
 5.91916755e-08  3.30000000e+00  5.91916755e-08 -1.55877682e-05  5.91916755e-08  3.30000000e+00  5.91916755e-08  5.65698900e-07 
 5.92416755e-08  3.30000000e+00  5.92416755e-08 -1.55883911e-05  5.92416755e-08  3.30000000e+00  5.92416755e-08 -5.65734401e-07 
 5.92916755e-08  3.30000000e+00  5.92916755e-08 -1.55890140e-05  5.92916755e-08  3.30000000e+00  5.92916755e-08  5.65698900e-07 
 5.93416755e-08  3.30000000e+00  5.93416755e-08 -1.55896370e-05  5.93416755e-08  3.30000000e+00  5.93416755e-08 -5.65734401e-07 
 5.93916755e-08  3.30000000e+00  5.93916755e-08 -1.55902600e-05  5.93916755e-08  3.30000000e+00  5.93916755e-08  5.65698899e-07 
 5.94416755e-08  3.30000000e+00  5.94416755e-08 -1.55908831e-05  5.94416755e-08  3.30000000e+00  5.94416755e-08 -5.65734401e-07 
 5.94916755e-08  3.30000000e+00  5.94916755e-08 -1.55915062e-05  5.94916755e-08  3.30000000e+00  5.94916755e-08  5.65698899e-07 
 5.95416755e-08  3.30000000e+00  5.95416755e-08 -1.55921294e-05  5.95416755e-08  3.30000000e+00  5.95416755e-08 -5.65734402e-07 
 5.95916755e-08  3.30000000e+00  5.95916755e-08 -1.55927526e-05  5.95916755e-08  3.30000000e+00  5.95916755e-08  5.65698899e-07 
 5.96416755e-08  3.30000000e+00  5.96416755e-08 -1.55933759e-05  5.96416755e-08  3.30000000e+00  5.96416755e-08 -5.65734402e-07 
 5.96916755e-08  3.30000000e+00  5.96916755e-08 -1.55939992e-05  5.96916755e-08  3.30000000e+00  5.96916755e-08  5.65698899e-07 
 5.97416755e-08  3.30000000e+00  5.97416755e-08 -1.55946226e-05  5.97416755e-08  3.30000000e+00  5.97416755e-08 -5.65734402e-07 
 5.97916755e-08  3.30000000e+00  5.97916755e-08 -1.55952460e-05  5.97916755e-08  3.30000000e+00  5.97916755e-08  5.65698899e-07 
 5.98416755e-08  3.30000000e+00  5.98416755e-08 -1.55958695e-05  5.98416755e-08  3.30000000e+00  5.98416755e-08 -5.65734402e-07 
 5.98916755e-08  3.30000000e+00  5.98916755e-08 -1.55964930e-05  5.98916755e-08  3.30000000e+00  5.98916755e-08  5.65698899e-07 
 5.99416755e-08  3.30000000e+00  5.99416755e-08 -1.55971166e-05  5.99416755e-08  3.30000000e+00  5.99416755e-08 -5.65734402e-07 
 5.99916755e-08  3.30000000e+00  5.99916755e-08 -1.55977403e-05  5.99916755e-08  3.30000000e+00  5.99916755e-08  5.65698899e-07 
 6.00416755e-08  3.30000000e+00  6.00416755e-08 -1.55983639e-05  6.00416755e-08  3.30000000e+00  6.00416755e-08 -5.65734402e-07 
 6.00916755e-08  3.30000000e+00  6.00916755e-08 -1.55989877e-05  6.00916755e-08  3.30000000e+00  6.00916755e-08  5.65698899e-07 
 6.01416755e-08  3.30000000e+00  6.01416755e-08 -1.55996115e-05  6.01416755e-08  3.30000000e+00  6.01416755e-08 -5.65734402e-07 
 6.01916755e-08  3.30000000e+00  6.01916755e-08 -1.56002353e-05  6.01916755e-08  3.30000000e+00  6.01916755e-08  5.65698899e-07 
 6.02416755e-08  3.30000000e+00  6.02416755e-08 -1.56008592e-05  6.02416755e-08  3.30000000e+00  6.02416755e-08 -5.65734402e-07 
 6.02916755e-08  3.30000000e+00  6.02916755e-08 -1.56014831e-05  6.02916755e-08  3.30000000e+00  6.02916755e-08  5.65698899e-07 
 6.03416755e-08  3.30000000e+00  6.03416755e-08 -1.56021071e-05  6.03416755e-08  3.30000000e+00  6.03416755e-08 -5.65734402e-07 
 6.03916755e-08  3.30000000e+00  6.03916755e-08 -1.56027312e-05  6.03916755e-08  3.30000000e+00  6.03916755e-08  5.65698899e-07 
 6.04416755e-08  3.30000000e+00  6.04416755e-08 -1.56033553e-05  6.04416755e-08  3.30000000e+00  6.04416755e-08 -5.65734402e-07 
 6.04916755e-08  3.30000000e+00  6.04916755e-08 -1.56039794e-05  6.04916755e-08  3.30000000e+00  6.04916755e-08  5.65698899e-07 
 6.05416755e-08  3.30000000e+00  6.05416755e-08 -1.56046036e-05  6.05416755e-08  3.30000000e+00  6.05416755e-08 -5.65734402e-07 
 6.05916755e-08  3.30000000e+00  6.05916755e-08 -1.56052278e-05  6.05916755e-08  3.30000000e+00  6.05916755e-08  5.65698899e-07 
 6.06416755e-08  3.30000000e+00  6.06416755e-08 -1.56058521e-05  6.06416755e-08  3.30000000e+00  6.06416755e-08 -5.65734402e-07 
 6.06916755e-08  3.30000000e+00  6.06916755e-08 -1.56064765e-05  6.06916755e-08  3.30000000e+00  6.06916755e-08  5.65698899e-07 
 6.07416755e-08  3.30000000e+00  6.07416755e-08 -1.56071009e-05  6.07416755e-08  3.30000000e+00  6.07416755e-08 -5.65734402e-07 
 6.07916755e-08  3.30000000e+00  6.07916755e-08 -1.56077253e-05  6.07916755e-08  3.30000000e+00  6.07916755e-08  5.65698899e-07 
 6.08416755e-08  3.30000000e+00  6.08416755e-08 -1.56083498e-05  6.08416755e-08  3.30000000e+00  6.08416755e-08 -5.65734402e-07 
 6.08916755e-08  3.30000000e+00  6.08916755e-08 -1.56089744e-05  6.08916755e-08  3.30000000e+00  6.08916755e-08  5.65698898e-07 
 6.09416755e-08  3.30000000e+00  6.09416755e-08 -1.56095990e-05  6.09416755e-08  3.30000000e+00  6.09416755e-08 -5.65734402e-07 
 6.09916755e-08  3.30000000e+00  6.09916755e-08 -1.56102236e-05  6.09916755e-08  3.30000000e+00  6.09916755e-08  5.65698898e-07 
 6.10416755e-08  3.30000000e+00  6.10416755e-08 -1.56108483e-05  6.10416755e-08  3.30000000e+00  6.10416755e-08 -5.65734403e-07 
 6.10916755e-08  3.30000000e+00  6.10916755e-08 -1.56114731e-05  6.10916755e-08  3.30000000e+00  6.10916755e-08  5.65698898e-07 
 6.11416755e-08  3.30000000e+00  6.11416755e-08 -1.56120979e-05  6.11416755e-08  3.30000000e+00  6.11416755e-08 -5.65734403e-07 
 6.11916755e-08  3.30000000e+00  6.11916755e-08 -1.56127227e-05  6.11916755e-08  3.30000000e+00  6.11916755e-08  5.65698898e-07 
 6.12416755e-08  3.30000000e+00  6.12416755e-08 -1.56133476e-05  6.12416755e-08  3.30000000e+00  6.12416755e-08 -5.65734403e-07 
 6.12916755e-08  3.30000000e+00  6.12916755e-08 -1.56139726e-05  6.12916755e-08  3.30000000e+00  6.12916755e-08  5.65698898e-07 
 6.13416755e-08  3.30000000e+00  6.13416755e-08 -1.56145976e-05  6.13416755e-08  3.30000000e+00  6.13416755e-08 -5.65734403e-07 
 6.13916755e-08  3.30000000e+00  6.13916755e-08 -1.56152227e-05  6.13916755e-08  3.30000000e+00  6.13916755e-08  5.65698898e-07 
 6.14416755e-08  3.30000000e+00  6.14416755e-08 -1.56158478e-05  6.14416755e-08  3.30000000e+00  6.14416755e-08 -5.65734403e-07 
 6.14916755e-08  3.30000000e+00  6.14916755e-08 -1.56164729e-05  6.14916755e-08  3.30000000e+00  6.14916755e-08  5.65698898e-07 
 6.15416755e-08  3.30000000e+00  6.15416755e-08 -1.56170981e-05  6.15416755e-08  3.30000000e+00  6.15416755e-08 -5.65734403e-07 
 6.15916755e-08  3.30000000e+00  6.15916755e-08 -1.56177234e-05  6.15916755e-08  3.30000000e+00  6.15916755e-08  5.65698898e-07 
 6.16416755e-08  3.30000000e+00  6.16416755e-08 -1.56183487e-05  6.16416755e-08  3.30000000e+00  6.16416755e-08 -5.65734403e-07 
 6.16916755e-08  3.30000000e+00  6.16916755e-08 -1.56189741e-05  6.16916755e-08  3.30000000e+00  6.16916755e-08  5.65698898e-07 
 6.17416755e-08  3.30000000e+00  6.17416755e-08 -1.56195995e-05  6.17416755e-08  3.30000000e+00  6.17416755e-08 -5.65734403e-07 
 6.17916755e-08  3.30000000e+00  6.17916755e-08 -1.56202249e-05  6.17916755e-08  3.30000000e+00  6.17916755e-08  5.65698898e-07 
 6.18416755e-08  3.30000000e+00  6.18416755e-08 -1.56208505e-05  6.18416755e-08  3.30000000e+00  6.18416755e-08 -5.65734403e-07 
 6.18916755e-08  3.30000000e+00  6.18916755e-08 -1.56214760e-05  6.18916755e-08  3.30000000e+00  6.18916755e-08  5.65698898e-07 
 6.19416755e-08  3.30000000e+00  6.19416755e-08 -1.56221016e-05  6.19416755e-08  3.30000000e+00  6.19416755e-08 -5.65734403e-07 
 6.19916755e-08  3.30000000e+00  6.19916755e-08 -1.56227273e-05  6.19916755e-08  3.30000000e+00  6.19916755e-08  5.65698898e-07 
 6.20416755e-08  3.30000000e+00  6.20416755e-08 -1.56233530e-05  6.20416755e-08  3.30000000e+00  6.20416755e-08 -5.65734403e-07 
 6.20916755e-08  3.30000000e+00  6.20916755e-08 -1.56239788e-05  6.20916755e-08  3.30000000e+00  6.20916755e-08  5.65698898e-07 
 6.21416755e-08  3.30000000e+00  6.21416755e-08 -1.56246046e-05  6.21416755e-08  3.30000000e+00  6.21416755e-08 -5.65734403e-07 
 6.21916755e-08  3.30000000e+00  6.21916755e-08 -1.56252305e-05  6.21916755e-08  3.30000000e+00  6.21916755e-08  5.65698898e-07 
 6.22416755e-08  3.30000000e+00  6.22416755e-08 -1.56258564e-05  6.22416755e-08  3.30000000e+00  6.22416755e-08 -5.65734403e-07 
 6.22916755e-08  3.30000000e+00  6.22916755e-08 -1.56264824e-05  6.22916755e-08  3.30000000e+00  6.22916755e-08  5.65698898e-07 
 6.23416755e-08  3.30000000e+00  6.23416755e-08 -1.56271084e-05  6.23416755e-08  3.30000000e+00  6.23416755e-08 -5.65734403e-07 
 6.23916755e-08  3.30000000e+00  6.23916755e-08 -1.56277345e-05  6.23916755e-08  3.30000000e+00  6.23916755e-08  5.65698897e-07 
 6.24416755e-08  3.30000000e+00  6.24416755e-08 -1.56283606e-05  6.24416755e-08  3.30000000e+00  6.24416755e-08 -5.65734403e-07 
 6.24916755e-08  3.30000000e+00  6.24916755e-08 -1.56289868e-05  6.24916755e-08  3.30000000e+00  6.24916755e-08  5.65698897e-07 
 6.25416755e-08  3.30000000e+00  6.25416755e-08 -1.56296130e-05  6.25416755e-08  3.30000000e+00  6.25416755e-08 -5.65734404e-07 
 6.25916755e-08  3.30000000e+00  6.25916755e-08 -1.56302393e-05  6.25916755e-08  3.30000000e+00  6.25916755e-08  5.65698897e-07 
 6.26416755e-08  3.30000000e+00  6.26416755e-08 -1.56308656e-05  6.26416755e-08  3.30000000e+00  6.26416755e-08 -5.65734404e-07 
 6.26916755e-08  3.30000000e+00  6.26916755e-08 -1.56314920e-05  6.26916755e-08  3.30000000e+00  6.26916755e-08  5.65698897e-07 
 6.27416755e-08  3.30000000e+00  6.27416755e-08 -1.56321184e-05  6.27416755e-08  3.30000000e+00  6.27416755e-08 -5.65734404e-07 
 6.27916755e-08  3.30000000e+00  6.27916755e-08 -1.56327449e-05  6.27916755e-08  3.30000000e+00  6.27916755e-08  5.65698897e-07 
 6.28416755e-08  3.30000000e+00  6.28416755e-08 -1.56333714e-05  6.28416755e-08  3.30000000e+00  6.28416755e-08 -5.65734404e-07 
 6.28916755e-08  3.30000000e+00  6.28916755e-08 -1.56339980e-05  6.28916755e-08  3.30000000e+00  6.28916755e-08  5.65698897e-07 
 6.29416755e-08  3.30000000e+00  6.29416755e-08 -1.56346247e-05  6.29416755e-08  3.30000000e+00  6.29416755e-08 -5.65734404e-07 
 6.29916755e-08  3.30000000e+00  6.29916755e-08 -1.56352513e-05  6.29916755e-08  3.30000000e+00  6.29916755e-08  5.65698897e-07 
 6.30416755e-08  3.30000000e+00  6.30416755e-08 -1.56358781e-05  6.30416755e-08  3.30000000e+00  6.30416755e-08 -5.65734404e-07 
 6.30916755e-08  3.30000000e+00  6.30916755e-08 -1.56365049e-05  6.30916755e-08  3.30000000e+00  6.30916755e-08  5.65698897e-07 
 6.31416755e-08  3.30000000e+00  6.31416755e-08 -1.56371317e-05  6.31416755e-08  3.30000000e+00  6.31416755e-08 -5.65734404e-07 
 6.31916755e-08  3.30000000e+00  6.31916755e-08 -1.56377586e-05  6.31916755e-08  3.30000000e+00  6.31916755e-08  5.65698897e-07 
 6.32416755e-08  3.30000000e+00  6.32416755e-08 -1.56383855e-05  6.32416755e-08  3.30000000e+00  6.32416755e-08 -5.65734404e-07 
 6.32916755e-08  3.30000000e+00  6.32916755e-08 -1.56390125e-05  6.32916755e-08  3.30000000e+00  6.32916755e-08  5.65698897e-07 
 6.33416755e-08  3.30000000e+00  6.33416755e-08 -1.56396396e-05  6.33416755e-08  3.30000000e+00  6.33416755e-08 -5.65734404e-07 
 6.33916755e-08  3.30000000e+00  6.33916755e-08 -1.56402667e-05  6.33916755e-08  3.30000000e+00  6.33916755e-08  5.65698897e-07 
 6.34416755e-08  3.30000000e+00  6.34416755e-08 -1.56408938e-05  6.34416755e-08  3.30000000e+00  6.34416755e-08 -5.65734404e-07 
 6.34916755e-08  3.30000000e+00  6.34916755e-08 -1.56415210e-05  6.34916755e-08  3.30000000e+00  6.34916755e-08  5.65698897e-07 
 6.35416755e-08  3.30000000e+00  6.35416755e-08 -1.56421482e-05  6.35416755e-08  3.30000000e+00  6.35416755e-08 -5.65734404e-07 
 6.35916755e-08  3.30000000e+00  6.35916755e-08 -1.56427755e-05  6.35916755e-08  3.30000000e+00  6.35916755e-08  5.65698897e-07 
 6.36416755e-08  3.30000000e+00  6.36416755e-08 -1.56434029e-05  6.36416755e-08  3.30000000e+00  6.36416755e-08 -5.65734404e-07 
 6.36916755e-08  3.30000000e+00  6.36916755e-08 -1.56440303e-05  6.36916755e-08  3.30000000e+00  6.36916755e-08  5.65698897e-07 
 6.37416755e-08  3.30000000e+00  6.37416755e-08 -1.56446577e-05  6.37416755e-08  3.30000000e+00  6.37416755e-08 -5.65734404e-07 
 6.37916755e-08  3.30000000e+00  6.37916755e-08 -1.56452852e-05  6.37916755e-08  3.30000000e+00  6.37916755e-08  5.65698897e-07 
 6.38416755e-08  3.30000000e+00  6.38416755e-08 -1.56459128e-05  6.38416755e-08  3.30000000e+00  6.38416755e-08 -5.65734404e-07 
 6.38916755e-08  3.30000000e+00  6.38916755e-08 -1.56465404e-05  6.38916755e-08  3.30000000e+00  6.38916755e-08  5.65698896e-07 
 6.39416755e-08  3.30000000e+00  6.39416755e-08 -1.56471680e-05  6.39416755e-08  3.30000000e+00  6.39416755e-08 -5.65734404e-07 
 6.39916755e-08  3.30000000e+00  6.39916755e-08 -1.56477957e-05  6.39916755e-08  3.30000000e+00  6.39916755e-08  5.65698896e-07 
 6.40416755e-08  3.30000000e+00  6.40416755e-08 -1.56484235e-05  6.40416755e-08  3.30000000e+00  6.40416755e-08 -5.65734405e-07 
 6.40916755e-08  3.30000000e+00  6.40916755e-08 -1.56490513e-05  6.40916755e-08  3.30000000e+00  6.40916755e-08  5.65698896e-07 
 6.41416755e-08  3.30000000e+00  6.41416755e-08 -1.56496792e-05  6.41416755e-08  3.30000000e+00  6.41416755e-08 -5.65734405e-07 
 6.41916755e-08  3.30000000e+00  6.41916755e-08 -1.56503071e-05  6.41916755e-08  3.30000000e+00  6.41916755e-08  5.65698896e-07 
 6.42416755e-08  3.30000000e+00  6.42416755e-08 -1.56509350e-05  6.42416755e-08  3.30000000e+00  6.42416755e-08 -5.65734405e-07 
 6.42916755e-08  3.30000000e+00  6.42916755e-08 -1.56515630e-05  6.42916755e-08  3.30000000e+00  6.42916755e-08  5.65698896e-07 
 6.43416755e-08  3.30000000e+00  6.43416755e-08 -1.56521911e-05  6.43416755e-08  3.30000000e+00  6.43416755e-08 -5.65734405e-07 
 6.43916755e-08  3.30000000e+00  6.43916755e-08 -1.56528192e-05  6.43916755e-08  3.30000000e+00  6.43916755e-08  5.65698896e-07 
 6.44416755e-08  3.30000000e+00  6.44416755e-08 -1.56534474e-05  6.44416755e-08  3.30000000e+00  6.44416755e-08 -5.65734405e-07 
 6.44916755e-08  3.30000000e+00  6.44916755e-08 -1.56540756e-05  6.44916755e-08  3.30000000e+00  6.44916755e-08  5.65698896e-07 
 6.45416755e-08  3.30000000e+00  6.45416755e-08 -1.56547039e-05  6.45416755e-08  3.30000000e+00  6.45416755e-08 -5.65734405e-07 
 6.45916755e-08  3.30000000e+00  6.45916755e-08 -1.56553322e-05  6.45916755e-08  3.30000000e+00  6.45916755e-08  5.65698896e-07 
 6.46416755e-08  3.30000000e+00  6.46416755e-08 -1.56559606e-05  6.46416755e-08  3.30000000e+00  6.46416755e-08 -5.65734405e-07 
 6.46916755e-08  3.30000000e+00  6.46916755e-08 -1.56565890e-05  6.46916755e-08  3.30000000e+00  6.46916755e-08  5.65698896e-07 
 6.47416755e-08  3.30000000e+00  6.47416755e-08 -1.56572174e-05  6.47416755e-08  3.30000000e+00  6.47416755e-08 -5.65734405e-07 
 6.47916755e-08  3.30000000e+00  6.47916755e-08 -1.56578460e-05  6.47916755e-08  3.30000000e+00  6.47916755e-08  5.65698896e-07 
 6.48416755e-08  3.30000000e+00  6.48416755e-08 -1.56584745e-05  6.48416755e-08  3.30000000e+00  6.48416755e-08 -5.65734405e-07 
 6.48916755e-08  3.30000000e+00  6.48916755e-08 -1.56591032e-05  6.48916755e-08  3.30000000e+00  6.48916755e-08  5.65698896e-07 
 6.49416755e-08  3.30000000e+00  6.49416755e-08 -1.56597318e-05  6.49416755e-08  3.30000000e+00  6.49416755e-08 -5.65734405e-07 
 6.49916755e-08  3.30000000e+00  6.49916755e-08 -1.56603606e-05  6.49916755e-08  3.30000000e+00  6.49916755e-08  5.65698896e-07 
 6.50416755e-08  3.30000000e+00  6.50416755e-08 -1.56609893e-05  6.50416755e-08  3.30000000e+00  6.50416755e-08 -5.65734405e-07 
 6.50916755e-08  3.30000000e+00  6.50916755e-08 -1.56616182e-05  6.50916755e-08  3.30000000e+00  6.50916755e-08  5.65698896e-07 
 6.51416755e-08  3.30000000e+00  6.51416755e-08 -1.56622470e-05  6.51416755e-08  3.30000000e+00  6.51416755e-08 -5.65734405e-07 
 6.51916755e-08  3.30000000e+00  6.51916755e-08 -1.56628760e-05  6.51916755e-08  3.30000000e+00  6.51916755e-08  5.65698896e-07 
 6.52416755e-08  3.30000000e+00  6.52416755e-08 -1.56635050e-05  6.52416755e-08  3.30000000e+00  6.52416755e-08 -5.65734405e-07 
 6.52916755e-08  3.30000000e+00  6.52916755e-08 -1.56641340e-05  6.52916755e-08  3.30000000e+00  6.52916755e-08  5.65698896e-07 
 6.53416755e-08  3.30000000e+00  6.53416755e-08 -1.56647631e-05  6.53416755e-08  3.30000000e+00  6.53416755e-08 -5.65734405e-07 
 6.53916755e-08  3.30000000e+00  6.53916755e-08 -1.56653922e-05  6.53916755e-08  3.30000000e+00  6.53916755e-08  5.65698895e-07 
 6.54416755e-08  3.30000000e+00  6.54416755e-08 -1.56660214e-05  6.54416755e-08  3.30000000e+00  6.54416755e-08 -5.65734405e-07 
 6.54916755e-08  3.30000000e+00  6.54916755e-08 -1.56666506e-05  6.54916755e-08  3.30000000e+00  6.54916755e-08  5.65698895e-07 
 6.55416755e-08  3.30000000e+00  6.55416755e-08 -1.56672799e-05  6.55416755e-08  3.30000000e+00  6.55416755e-08 -5.65734406e-07 
 6.55916755e-08  3.30000000e+00  6.55916755e-08 -1.56679092e-05  6.55916755e-08  3.30000000e+00  6.55916755e-08  5.65698895e-07 
 6.56416755e-08  3.30000000e+00  6.56416755e-08 -1.56685386e-05  6.56416755e-08  3.30000000e+00  6.56416755e-08 -5.65734406e-07 
 6.56916755e-08  3.30000000e+00  6.56916755e-08 -1.56691681e-05  6.56916755e-08  3.30000000e+00  6.56916755e-08  5.65698895e-07 
 6.57416755e-08  3.30000000e+00  6.57416755e-08 -1.56697976e-05  6.57416755e-08  3.30000000e+00  6.57416755e-08 -5.65734406e-07 
 6.57916755e-08  3.30000000e+00  6.57916755e-08 -1.56704271e-05  6.57916755e-08  3.30000000e+00  6.57916755e-08  5.65698895e-07 
 6.58416755e-08  3.30000000e+00  6.58416755e-08 -1.56710567e-05  6.58416755e-08  3.30000000e+00  6.58416755e-08 -5.65734406e-07 
 6.58916755e-08  3.30000000e+00  6.58916755e-08 -1.56716864e-05  6.58916755e-08  3.30000000e+00  6.58916755e-08  5.65698895e-07 
 6.59416755e-08  3.30000000e+00  6.59416755e-08 -1.56723160e-05  6.59416755e-08  3.30000000e+00  6.59416755e-08 -5.65734406e-07 
 6.59916755e-08  3.30000000e+00  6.59916755e-08 -1.56729458e-05  6.59916755e-08  3.30000000e+00  6.59916755e-08  5.65698895e-07 
 6.60416755e-08  3.30000000e+00  6.60416755e-08 -1.56735756e-05  6.60416755e-08  3.30000000e+00  6.60416755e-08 -5.65734406e-07 
 6.60916755e-08  3.30000000e+00  6.60916755e-08 -1.56742054e-05  6.60916755e-08  3.30000000e+00  6.60916755e-08  5.65698895e-07 
 6.61416755e-08  3.30000000e+00  6.61416755e-08 -1.56748353e-05  6.61416755e-08  3.30000000e+00  6.61416755e-08 -5.65734406e-07 
 6.61916755e-08  3.30000000e+00  6.61916755e-08 -1.56754653e-05  6.61916755e-08  3.30000000e+00  6.61916755e-08  5.65698895e-07 
 6.62416755e-08  3.30000000e+00  6.62416755e-08 -1.56760953e-05  6.62416755e-08  3.30000000e+00  6.62416755e-08 -5.65734406e-07 
 6.62916755e-08  3.30000000e+00  6.62916755e-08 -1.56767254e-05  6.62916755e-08  3.30000000e+00  6.62916755e-08  5.65698895e-07 
 6.63416755e-08  3.30000000e+00  6.63416755e-08 -1.56773555e-05  6.63416755e-08  3.30000000e+00  6.63416755e-08 -5.65734406e-07 
 6.63916755e-08  3.30000000e+00  6.63916755e-08 -1.56779856e-05  6.63916755e-08  3.30000000e+00  6.63916755e-08  5.65698895e-07 
 6.64416755e-08  3.30000000e+00  6.64416755e-08 -1.56786158e-05  6.64416755e-08  3.30000000e+00  6.64416755e-08 -5.65734406e-07 
 6.64916755e-08  3.30000000e+00  6.64916755e-08 -1.56792461e-05  6.64916755e-08  3.30000000e+00  6.64916755e-08  5.65698895e-07 
 6.65416755e-08  3.30000000e+00  6.65416755e-08 -1.56798764e-05  6.65416755e-08  3.30000000e+00  6.65416755e-08 -5.65734406e-07 
 6.65916755e-08  3.30000000e+00  6.65916755e-08 -1.56805068e-05  6.65916755e-08  3.30000000e+00  6.65916755e-08  5.65698895e-07 
 6.66416755e-08  3.30000000e+00  6.66416755e-08 -1.56811372e-05  6.66416755e-08  3.30000000e+00  6.66416755e-08 -5.65734406e-07 
 6.66916755e-08  3.30000000e+00  6.66916755e-08 -1.56817676e-05  6.66916755e-08  3.30000000e+00  6.66916755e-08  5.65698895e-07 
 6.67416755e-08  3.30000000e+00  6.67416755e-08 -1.56823981e-05  6.67416755e-08  3.30000000e+00  6.67416755e-08 -5.65734406e-07 
 6.67916755e-08  3.30000000e+00  6.67916755e-08 -1.56830287e-05  6.67916755e-08  3.30000000e+00  6.67916755e-08  5.65698895e-07 
 6.68416755e-08  3.30000000e+00  6.68416755e-08 -1.56836593e-05  6.68416755e-08  3.30000000e+00  6.68416755e-08 -5.65734406e-07 
 6.68916755e-08  3.30000000e+00  6.68916755e-08 -1.56842900e-05  6.68916755e-08  3.30000000e+00  6.68916755e-08  5.65698894e-07 
 6.69416755e-08  3.30000000e+00  6.69416755e-08 -1.56849207e-05  6.69416755e-08  3.30000000e+00  6.69416755e-08 -5.65734407e-07 
 6.69916755e-08  3.30000000e+00  6.69916755e-08 -1.56855515e-05  6.69916755e-08  3.30000000e+00  6.69916755e-08  5.65698894e-07 
 6.70416755e-08  3.30000000e+00  6.70416755e-08 -1.56861823e-05  6.70416755e-08  3.30000000e+00  6.70416755e-08 -5.65734407e-07 
 6.70916755e-08  3.30000000e+00  6.70916755e-08 -1.56868132e-05  6.70916755e-08  3.30000000e+00  6.70916755e-08  5.65698894e-07 
 6.71416755e-08  3.30000000e+00  6.71416755e-08 -1.56874441e-05  6.71416755e-08  3.30000000e+00  6.71416755e-08 -5.65734407e-07 
 6.71916755e-08  3.30000000e+00  6.71916755e-08 -1.56880751e-05  6.71916755e-08  3.30000000e+00  6.71916755e-08  5.65698894e-07 
 6.72416755e-08  3.30000000e+00  6.72416755e-08 -1.56887061e-05  6.72416755e-08  3.30000000e+00  6.72416755e-08 -5.65734407e-07 
 6.72916755e-08  3.30000000e+00  6.72916755e-08 -1.56893372e-05  6.72916755e-08  3.30000000e+00  6.72916755e-08  5.65698894e-07 
 6.73416755e-08  3.30000000e+00  6.73416755e-08 -1.56899683e-05  6.73416755e-08  3.30000000e+00  6.73416755e-08 -5.65734407e-07 
 6.73916755e-08  3.30000000e+00  6.73916755e-08 -1.56905995e-05  6.73916755e-08  3.30000000e+00  6.73916755e-08  5.65698894e-07 
 6.74416755e-08  3.30000000e+00  6.74416755e-08 -1.56912307e-05  6.74416755e-08  3.30000000e+00  6.74416755e-08 -5.65734407e-07 
 6.74916755e-08  3.30000000e+00  6.74916755e-08 -1.56918620e-05  6.74916755e-08  3.30000000e+00  6.74916755e-08  5.65698894e-07 
 6.75416755e-08  3.30000000e+00  6.75416755e-08 -1.56924933e-05  6.75416755e-08  3.30000000e+00  6.75416755e-08 -5.65734407e-07 
 6.75916755e-08  3.30000000e+00  6.75916755e-08 -1.56931247e-05  6.75916755e-08  3.30000000e+00  6.75916755e-08  5.65698894e-07 
 6.76416755e-08  3.30000000e+00  6.76416755e-08 -1.56937562e-05  6.76416755e-08  3.30000000e+00  6.76416755e-08 -5.65734407e-07 
 6.76916755e-08  3.30000000e+00  6.76916755e-08 -1.56943877e-05  6.76916755e-08  3.30000000e+00  6.76916755e-08  5.65698894e-07 
 6.77416755e-08  3.30000000e+00  6.77416755e-08 -1.56950192e-05  6.77416755e-08  3.30000000e+00  6.77416755e-08 -5.65734407e-07 
 6.77916755e-08  3.30000000e+00  6.77916755e-08 -1.56956508e-05  6.77916755e-08  3.30000000e+00  6.77916755e-08  5.65698894e-07 
 6.78416755e-08  3.30000000e+00  6.78416755e-08 -1.56962824e-05  6.78416755e-08  3.30000000e+00  6.78416755e-08 -5.65734407e-07 
 6.78916755e-08  3.30000000e+00  6.78916755e-08 -1.56969141e-05  6.78916755e-08  3.30000000e+00  6.78916755e-08  5.65698894e-07 
 6.79416755e-08  3.30000000e+00  6.79416755e-08 -1.56975459e-05  6.79416755e-08  3.30000000e+00  6.79416755e-08 -5.65734407e-07 
 6.79916755e-08  3.30000000e+00  6.79916755e-08 -1.56981777e-05  6.79916755e-08  3.30000000e+00  6.79916755e-08  5.65698894e-07 
 6.80416755e-08  3.30000000e+00  6.80416755e-08 -1.56988095e-05  6.80416755e-08  3.30000000e+00  6.80416755e-08 -5.65734407e-07 
 6.80916755e-08  3.30000000e+00  6.80916755e-08 -1.56994414e-05  6.80916755e-08  3.30000000e+00  6.80916755e-08  5.65698894e-07 
 6.81416755e-08  3.30000000e+00  6.81416755e-08 -1.57000734e-05  6.81416755e-08  3.30000000e+00  6.81416755e-08 -5.65734407e-07 
 6.81916755e-08  3.30000000e+00  6.81916755e-08 -1.57007054e-05  6.81916755e-08  3.30000000e+00  6.81916755e-08  5.65698894e-07 
 6.82416755e-08  3.30000000e+00  6.82416755e-08 -1.57013374e-05  6.82416755e-08  3.30000000e+00  6.82416755e-08 -5.65734407e-07 
 6.82916755e-08  3.30000000e+00  6.82916755e-08 -1.57019695e-05  6.82916755e-08  3.30000000e+00  6.82916755e-08  5.65698893e-07 
 6.83416755e-08  3.30000000e+00  6.83416755e-08 -1.57026017e-05  6.83416755e-08  3.30000000e+00  6.83416755e-08 -5.65734407e-07 
 6.83916755e-08  3.30000000e+00  6.83916755e-08 -1.57032339e-05  6.83916755e-08  3.30000000e+00  6.83916755e-08  5.65698893e-07 
 6.84416755e-08  3.30000000e+00  6.84416755e-08 -1.57038661e-05  6.84416755e-08  3.30000000e+00  6.84416755e-08 -5.65734408e-07 
 6.84916755e-08  3.30000000e+00  6.84916755e-08 -1.57044984e-05  6.84916755e-08  3.30000000e+00  6.84916755e-08  5.65698893e-07 
 6.85416755e-08  3.30000000e+00  6.85416755e-08 -1.57051308e-05  6.85416755e-08  3.30000000e+00  6.85416755e-08 -5.65734408e-07 
 6.85916755e-08  3.30000000e+00  6.85916755e-08 -1.57057632e-05  6.85916755e-08  3.30000000e+00  6.85916755e-08  5.65698893e-07 
 6.86416755e-08  3.30000000e+00  6.86416755e-08 -1.57063957e-05  6.86416755e-08  3.30000000e+00  6.86416755e-08 -5.65734408e-07 
 6.86916755e-08  3.30000000e+00  6.86916755e-08 -1.57070282e-05  6.86916755e-08  3.30000000e+00  6.86916755e-08  5.65698893e-07 
 6.87416755e-08  3.30000000e+00  6.87416755e-08 -1.57076607e-05  6.87416755e-08  3.30000000e+00  6.87416755e-08 -5.65734408e-07 
 6.87916755e-08  3.30000000e+00  6.87916755e-08 -1.57082934e-05  6.87916755e-08  3.30000000e+00  6.87916755e-08  5.65698893e-07 
 6.88416755e-08  3.30000000e+00  6.88416755e-08 -1.57089260e-05  6.88416755e-08  3.30000000e+00  6.88416755e-08 -5.65734408e-07 
 6.88916755e-08  3.30000000e+00  6.88916755e-08 -1.57095587e-05  6.88916755e-08  3.30000000e+00  6.88916755e-08  5.65698893e-07 
 6.89416755e-08  3.30000000e+00  6.89416755e-08 -1.57101915e-05  6.89416755e-08  3.30000000e+00  6.89416755e-08 -5.65734408e-07 
 6.89916755e-08  3.30000000e+00  6.89916755e-08 -1.57108243e-05  6.89916755e-08  3.30000000e+00  6.89916755e-08  5.65698893e-07 
 6.90416755e-08  3.30000000e+00  6.90416755e-08 -1.57114572e-05  6.90416755e-08  3.30000000e+00  6.90416755e-08 -5.65734408e-07 
 6.90916755e-08  3.30000000e+00  6.90916755e-08 -1.57120901e-05  6.90916755e-08  3.30000000e+00  6.90916755e-08  5.65698893e-07 
 6.91416755e-08  3.30000000e+00  6.91416755e-08 -1.57127231e-05  6.91416755e-08  3.30000000e+00  6.91416755e-08 -5.65734408e-07 
 6.91916755e-08  3.30000000e+00  6.91916755e-08 -1.57133561e-05  6.91916755e-08  3.30000000e+00  6.91916755e-08  5.65698893e-07 
 6.92416755e-08  3.30000000e+00  6.92416755e-08 -1.57139892e-05  6.92416755e-08  3.30000000e+00  6.92416755e-08 -5.65734408e-07 
 6.92916755e-08  3.30000000e+00  6.92916755e-08 -1.57146223e-05  6.92916755e-08  3.30000000e+00  6.92916755e-08  5.65698893e-07 
 6.93416755e-08  3.30000000e+00  6.93416755e-08 -1.57152555e-05  6.93416755e-08  3.30000000e+00  6.93416755e-08 -5.65734408e-07 
 6.93916755e-08  3.30000000e+00  6.93916755e-08 -1.57158888e-05  6.93916755e-08  3.30000000e+00  6.93916755e-08  5.65698893e-07 
 6.94416755e-08  3.30000000e+00  6.94416755e-08 -1.57165220e-05  6.94416755e-08  3.30000000e+00  6.94416755e-08 -5.65734408e-07 
 6.94916755e-08  3.30000000e+00  6.94916755e-08 -1.57171554e-05  6.94916755e-08  3.30000000e+00  6.94916755e-08  5.65698893e-07 
 6.95416755e-08  3.30000000e+00  6.95416755e-08 -1.57177888e-05  6.95416755e-08  3.30000000e+00  6.95416755e-08 -5.65734408e-07 
 6.95916755e-08  3.30000000e+00  6.95916755e-08 -1.57184222e-05  6.95916755e-08  3.30000000e+00  6.95916755e-08  5.65698893e-07 
 6.96416755e-08  3.30000000e+00  6.96416755e-08 -1.57190557e-05  6.96416755e-08  3.30000000e+00  6.96416755e-08 -5.65734408e-07 
 6.96916755e-08  3.30000000e+00  6.96916755e-08 -1.57196892e-05  6.96916755e-08  3.30000000e+00  6.96916755e-08  5.65698893e-07 
 6.97416755e-08  3.30000000e+00  6.97416755e-08 -1.57203228e-05  6.97416755e-08  3.30000000e+00  6.97416755e-08 -5.65734408e-07 
 6.97916755e-08  3.30000000e+00  6.97916755e-08 -1.57209565e-05  6.97916755e-08  3.30000000e+00  6.97916755e-08  5.65698892e-07 
 6.98416755e-08  3.30000000e+00  6.98416755e-08 -1.57215902e-05  6.98416755e-08  3.30000000e+00  6.98416755e-08 -5.65734408e-07 
 6.98916755e-08  3.30000000e+00  6.98916755e-08 -1.57222239e-05  6.98916755e-08  3.30000000e+00  6.98916755e-08  5.65698892e-07 
 6.99416755e-08  3.30000000e+00  6.99416755e-08 -1.57228577e-05  6.99416755e-08  3.30000000e+00  6.99416755e-08 -5.65734409e-07 
 6.99916755e-08  3.30000000e+00  6.99916755e-08 -1.57234916e-05  6.99916755e-08  3.30000000e+00  6.99916755e-08  5.65698892e-07 
 7.00416755e-08  3.30000000e+00  7.00416755e-08 -1.57241255e-05  7.00416755e-08  3.30000000e+00  7.00416755e-08 -5.65734409e-07 
 7.00916755e-08  3.30000000e+00  7.00916755e-08 -1.57247594e-05  7.00916755e-08  3.30000000e+00  7.00916755e-08  5.65698892e-07 
 7.01000000e-08  3.30000000e+00  7.01000000e-08 -1.57248650e-05  7.01000000e-08  3.30000000e+00  7.01000000e-08 -5.65734409e-07 
 7.01035755e-08  3.29933434e+00  7.01035755e-08 -5.63410994e-04  7.01035755e-08  3.18200810e+00  7.01035755e-08 -2.83836077e-04 
 7.01107265e-08  3.29771796e+00  7.01107265e-08 -1.58281449e-03  7.01107265e-08  2.94602431e+00  7.01107265e-08 -2.56996112e-04 
 7.01250286e-08  3.28563012e+00  7.01250286e-08 -1.10665206e-02  7.01250286e-08  2.47405672e+00  7.01250286e-08 -3.43622319e-04 
 7.01536327e-08  3.25285849e+00  7.01536327e-08 -3.16276164e-02  7.01536327e-08  1.53012154e+00  7.01536327e-08 -5.97412772e-04 
 7.01970846e-08  3.26470374e+00  7.01970846e-08  7.05239756e-02  7.01970846e-08  9.62068470e-02  7.01970846e-08 -1.07196118e-03 
 7.02000000e-08  3.26817605e+00  7.02000000e-08  8.49678984e-02  7.02000000e-08  0.00000000e+00  7.02000000e-08 -1.16226973e-03 
 7.02011128e-08  3.27175289e+00  7.02011128e-08  9.23122335e-02  7.02011128e-08  0.00000000e+00  7.02011128e-08 -7.59865996e-04 
 7.02033383e-08  3.27880826e+00  7.02033383e-08  1.07131374e-01  7.02033383e-08  0.00000000e+00  7.02033383e-08 -7.51071662e-04 
 7.02077894e-08  3.29223696e+00  7.02077894e-08  1.37383988e-01  7.02077894e-08  0.00000000e+00  7.02077894e-08 -7.36596685e-04 
 7.02166916e-08  3.31750560e+00  7.02166916e-08  1.99715365e-01  7.02166916e-08  0.00000000e+00  7.02166916e-08 -7.13647861e-04 
 7.02344961e-08  3.35935468e+00  7.02344961e-08  3.29043266e-01  7.02344961e-08  0.00000000e+00  7.02344961e-08 -6.64615665e-04 
 7.02701049e-08  3.41595703e+00  7.02701049e-08  5.97113700e-01  7.02701049e-08  0.00000000e+00  7.02701049e-08 -5.92001257e-04 
 7.03201049e-08  3.46050678e+00  7.03201049e-08  9.78118398e-01  7.03201049e-08  0.00000000e+00  7.03201049e-08 -4.54699947e-04 
 7.03701049e-08  3.48746317e+00  7.03701049e-08  1.35428976e+00  7.03701049e-08  0.00000000e+00  7.03701049e-08 -3.59470620e-04 
 7.04201049e-08  3.50747034e+00  7.04201049e-08  1.71188610e+00  7.04201049e-08  0.00000000e+00  7.04201049e-08 -2.89941966e-04 
 7.04701049e-08  3.51561422e+00  7.04701049e-08  2.02166616e+00  7.04701049e-08  0.00000000e+00  7.04701049e-08 -2.48784037e-04 
 7.05201049e-08  3.49624866e+00  7.05201049e-08  2.25882685e+00  7.05201049e-08  0.00000000e+00  7.05201049e-08 -1.84677705e-04 
 7.05701049e-08  3.46685726e+00  7.05701049e-08  2.44949840e+00  7.05701049e-08  0.00000000e+00  7.05701049e-08 -1.25871413e-04 
 7.06201049e-08  3.44681831e+00  7.06201049e-08  2.61713921e+00  7.06201049e-08  0.00000000e+00  7.06201049e-08 -8.87315065e-05 
 7.06701049e-08  3.43102419e+00  7.06701049e-08  2.76169969e+00  7.06701049e-08  0.00000000e+00  7.06701049e-08 -7.32447454e-05 
 7.07201049e-08  3.41281273e+00  7.07201049e-08  2.88386482e+00  7.07201049e-08  0.00000000e+00  7.07201049e-08 -5.17335670e-05 
 7.07701049e-08  3.39253775e+00  7.07701049e-08  2.98410164e+00  7.07701049e-08  0.00000000e+00  7.07701049e-08 -4.37832667e-05 
 7.08201049e-08  3.37405029e+00  7.08201049e-08  3.06275174e+00  7.08201049e-08  0.00000000e+00  7.08201049e-08 -2.87115366e-05 
 7.08701049e-08  3.35869637e+00  7.08701049e-08  3.12276834e+00  7.08701049e-08  0.00000000e+00  7.08701049e-08 -2.60135821e-05 
 7.09201049e-08  3.34629122e+00  7.09201049e-08  3.16799623e+00  7.09201049e-08  0.00000000e+00  7.09201049e-08 -1.51572901e-05 
 7.09701049e-08  3.33636443e+00  7.09701049e-08  3.20187036e+00  7.09701049e-08  0.00000000e+00  7.09701049e-08 -1.58153683e-05 
 7.10201049e-08  3.32846296e+00  7.10201049e-08  3.22713575e+00  7.10201049e-08  0.00000000e+00  7.10201049e-08 -7.54290870e-06 
 7.10701049e-08  3.32220177e+00  7.10701049e-08  3.24592740e+00  7.10701049e-08  0.00000000e+00  7.10701049e-08 -1.01708888e-05 
 7.11201049e-08  3.31726270e+00  7.11201049e-08  3.25988887e+00  7.11201049e-08  0.00000000e+00  7.11201049e-08 -3.39073932e-06 
 7.11701049e-08  3.31338240e+00  7.11701049e-08  3.27024772e+00  7.11701049e-08  0.00000000e+00  7.11701049e-08 -7.10921665e-06 
 7.12201049e-08  3.31034600e+00  7.12201049e-08  3.27792965e+00  7.12201049e-08  0.00000000e+00  7.12201049e-08 -1.13611803e-06 
 7.12701049e-08  3.30797871e+00  7.12701049e-08  3.28362516e+00  7.12701049e-08  0.00000000e+00  7.12701049e-08 -5.44430201e-06 
 7.13201049e-08  3.30613928e+00  7.13201049e-08  3.28784767e+00  7.13201049e-08  0.00000000e+00  7.13201049e-08  9.92062071e-08 
 7.13701049e-08  3.30471441e+00  7.13701049e-08  3.29097871e+00  7.13701049e-08  0.00000000e+00  7.13701049e-08 -4.52224442e-06 
 7.14201049e-08  3.30361373e+00  7.14201049e-08  3.29330114e+00  7.14201049e-08  0.00000000e+00  7.14201049e-08  7.92996140e-07 
 7.14701049e-08  3.30276557e+00  7.14701049e-08  3.29502419e+00  7.14701049e-08  0.00000000e+00  7.14701049e-08 -3.99465799e-06 
 7.15201049e-08  3.30211346e+00  7.15201049e-08  3.29630300e+00  7.15201049e-08  0.00000000e+00  7.15201049e-08  1.19867768e-06 
 7.15701049e-08  3.30161310e+00  7.15701049e-08  3.29725246e+00  7.15701049e-08  0.00000000e+00  7.15701049e-08 -3.67861193e-06 
 7.16201049e-08  3.30122986e+00  7.16201049e-08  3.29795767e+00  7.16201049e-08  0.00000000e+00  7.16201049e-08  1.44846079e-06 
 7.16701049e-08  3.30093681e+00  7.16701049e-08  3.29848165e+00  7.16701049e-08  0.00000000e+00  7.16701049e-08 -3.47813904e-06 
 7.17201049e-08  3.30071306e+00  7.17201049e-08  3.29887112e+00  7.17201049e-08  0.00000000e+00  7.17201049e-08  1.61196546e-06 
 7.17701049e-08  3.30054244e+00  7.17701049e-08  3.29916070e+00  7.17701049e-08  0.00000000e+00  7.17701049e-08 -3.34263748e-06 
 7.18201049e-08  3.30041247e+00  7.18201049e-08  3.29937609e+00  7.18201049e-08  0.00000000e+00  7.18201049e-08  1.72605216e-06 
 7.18701049e-08  3.30031358e+00  7.18701049e-08  3.29953633e+00  7.18701049e-08  0.00000000e+00  7.18701049e-08 -3.24511888e-06 
 7.19201049e-08  3.30023839e+00  7.19201049e-08  3.29965557e+00  7.19201049e-08  0.00000000e+00  7.19201049e-08  1.81058898e-06 
 7.19701049e-08  3.30018128e+00  7.19701049e-08  3.29974431e+00  7.19701049e-08  0.00000000e+00  7.19701049e-08 -3.17089186e-06 
 7.20201049e-08  3.30013792e+00  7.20201049e-08  3.29981037e+00  7.20201049e-08  0.00000000e+00  7.20201049e-08  1.87651258e-06 
 7.20701049e-08  3.30010502e+00  7.20701049e-08  3.29985954e+00  7.20701049e-08  0.00000000e+00  7.20701049e-08 -3.11175178e-06 
 7.21201049e-08  3.30008006e+00  7.21201049e-08  3.29989615e+00  7.21201049e-08  0.00000000e+00  7.21201049e-08  1.93003183e-06 
 7.21701049e-08  3.30006114e+00  7.21701049e-08  3.29992339e+00  7.21701049e-08  0.00000000e+00  7.21701049e-08 -3.06295430e-06 
 7.22201049e-08  3.30004679e+00  7.22201049e-08  3.29994366e+00  7.22201049e-08  0.00000000e+00  7.22201049e-08  1.97481081e-06 
 7.22701049e-08  3.30003591e+00  7.22701049e-08  3.29995874e+00  7.22701049e-08  0.00000000e+00  7.22701049e-08 -3.02163695e-06 
 7.23201049e-08  3.30002766e+00  7.23201049e-08  3.29996994e+00  7.23201049e-08  0.00000000e+00  7.23201049e-08  2.01311308e-06 
 7.23701049e-08  3.30002140e+00  7.23701049e-08  3.29997827e+00  7.23701049e-08  0.00000000e+00  7.23701049e-08 -2.98598705e-06 
 7.24201049e-08  3.30001665e+00  7.24201049e-08  3.29998444e+00  7.24201049e-08  0.00000000e+00  7.24201049e-08  2.04640896e-06 
 7.24701049e-08  3.30001303e+00  7.24701049e-08  3.29998902e+00  7.24701049e-08  0.00000000e+00  7.24701049e-08 -2.95479668e-06 
 7.25201049e-08  3.30001028e+00  7.25201049e-08  3.29999240e+00  7.25201049e-08  0.00000000e+00  7.25201049e-08  2.07570328e-06 
 7.25701049e-08  3.30000818e+00  7.25701049e-08  3.29999490e+00  7.25701049e-08  0.00000000e+00  7.25701049e-08 -2.92721992e-06 
 7.26201049e-08  3.30000658e+00  7.26201049e-08  3.29999673e+00  7.26201049e-08  0.00000000e+00  7.26201049e-08  2.10171616e-06 
 7.26701049e-08  3.30000535e+00  7.26701049e-08  3.29999807e+00  7.26701049e-08  0.00000000e+00  7.26701049e-08 -2.90263734e-06 
 7.27201049e-08  3.30000440e+00  7.27201049e-08  3.29999905e+00  7.27201049e-08  0.00000000e+00  7.27201049e-08  2.12498552e-06 
 7.27701049e-08  3.30000367e+00  7.27701049e-08  3.29999975e+00  7.27701049e-08  0.00000000e+00  7.27701049e-08 -2.88057041e-06 
 7.28201049e-08  3.30000311e+00  7.28201049e-08  3.30000026e+00  7.28201049e-08  0.00000000e+00  7.28201049e-08  2.14591606e-06 
 7.28701049e-08  3.30000266e+00  7.28701049e-08  3.30000063e+00  7.28701049e-08  0.00000000e+00  7.28701049e-08 -2.86067416e-06 
 7.29201049e-08  3.30000232e+00  7.29201049e-08  3.30000089e+00  7.29201049e-08  0.00000000e+00  7.29201049e-08  2.16486890e-06 
 7.29701049e-08  3.30000204e+00  7.29701049e-08  3.30000106e+00  7.29701049e-08  0.00000000e+00  7.29701049e-08 -2.84262085e-06 
 7.30201049e-08  3.30000182e+00  7.30201049e-08  3.30000116e+00  7.30201049e-08  0.00000000e+00  7.30201049e-08  2.18208504e-06 
 7.30701049e-08  3.30000164e+00  7.30701049e-08  3.30000122e+00  7.30701049e-08  0.00000000e+00  7.30701049e-08 -2.82618584e-06 
 7.31201049e-08  3.30000149e+00  7.31201049e-08  3.30000125e+00  7.31201049e-08  0.00000000e+00  7.31201049e-08  2.19778975e-06 
 7.31701049e-08  3.30000137e+00  7.31701049e-08  3.30000126e+00  7.31701049e-08  0.00000000e+00  7.31701049e-08 -2.81116512e-06 
 7.32201049e-08  3.30000127e+00  7.32201049e-08  3.30000125e+00  7.32201049e-08  0.00000000e+00  7.32201049e-08  2.21216884e-06 
 7.32701049e-08  3.30000118e+00  7.32701049e-08  3.30000123e+00  7.32701049e-08  0.00000000e+00  7.32701049e-08 -2.79738877e-06 
 7.33201049e-08  3.30000111e+00  7.33201049e-08  3.30000121e+00  7.33201049e-08  0.00000000e+00  7.33201049e-08  2.22537825e-06 
 7.33701049e-08  3.30000104e+00  7.33701049e-08  3.30000117e+00  7.33701049e-08  0.00000000e+00  7.33701049e-08 -2.78471328e-06 
 7.34201049e-08  3.30000099e+00  7.34201049e-08  3.30000114e+00  7.34201049e-08  0.00000000e+00  7.34201049e-08  2.23755032e-06 
 7.34701049e-08  3.30000094e+00  7.34701049e-08  3.30000110e+00  7.34701049e-08  0.00000000e+00  7.34701049e-08 -2.77301637e-06 
 7.35201049e-08  3.30000089e+00  7.35201049e-08  3.30000107e+00  7.35201049e-08  0.00000000e+00  7.35201049e-08  2.24879829e-06 
 7.35701049e-08  3.30000085e+00  7.35701049e-08  3.30000103e+00  7.35701049e-08  0.00000000e+00  7.35701049e-08 -2.76219300e-06 
 7.36201049e-08  3.30000081e+00  7.36201049e-08  3.30000100e+00  7.36201049e-08  0.00000000e+00  7.36201049e-08  2.25921971e-06 
 7.36701049e-08  3.30000078e+00  7.36701049e-08  3.30000096e+00  7.36701049e-08  0.00000000e+00  7.36701049e-08 -2.75215242e-06 
 7.37201049e-08  3.30000075e+00  7.37201049e-08  3.30000093e+00  7.37201049e-08  0.00000000e+00  7.37201049e-08  2.26889912e-06 
 7.37701049e-08  3.30000072e+00  7.37701049e-08  3.30000090e+00  7.37701049e-08  0.00000000e+00  7.37701049e-08 -2.74281581e-06 
 7.38201049e-08  3.30000069e+00  7.38201049e-08  3.30000086e+00  7.38201049e-08  0.00000000e+00  7.38201049e-08  2.27791012e-06 
 7.38701049e-08  3.30000066e+00  7.38701049e-08  3.30000083e+00  7.38701049e-08  0.00000000e+00  7.38701049e-08 -2.73411435e-06 
 7.39201049e-08  3.30000064e+00  7.39201049e-08  3.30000080e+00  7.39201049e-08  0.00000000e+00  7.39201049e-08  2.28631710e-06 
 7.39701049e-08  3.30000061e+00  7.39701049e-08  3.30000078e+00  7.39701049e-08  0.00000000e+00  7.39701049e-08 -2.72598774e-06 
 7.40201049e-08  3.30000059e+00  7.40201049e-08  3.30000075e+00  7.40201049e-08  0.00000000e+00  7.40201049e-08  2.29417660e-06 
 7.40701049e-08  3.30000057e+00  7.40701049e-08  3.30000073e+00  7.40701049e-08  0.00000000e+00  7.40701049e-08 -2.71838289e-06 
 7.41201049e-08  3.30000055e+00  7.41201049e-08  3.30000070e+00  7.41201049e-08  0.00000000e+00  7.41201049e-08  2.30153848e-06 
 7.41701049e-08  3.30000053e+00  7.41701049e-08  3.30000068e+00  7.41701049e-08  0.00000000e+00  7.41701049e-08 -2.71125295e-06 
 7.42201049e-08  3.30000052e+00  7.42201049e-08  3.30000066e+00  7.42201049e-08  0.00000000e+00  7.42201049e-08  2.30844687e-06 
 7.42701049e-08  3.30000050e+00  7.42701049e-08  3.30000064e+00  7.42701049e-08  0.00000000e+00  7.42701049e-08 -2.70455635e-06 
 7.43201049e-08  3.30000048e+00  7.43201049e-08  3.30000062e+00  7.43201049e-08  0.00000000e+00  7.43201049e-08  2.31494091e-06 
 7.43701049e-08  3.30000047e+00  7.43701049e-08  3.30000060e+00  7.43701049e-08  0.00000000e+00  7.43701049e-08 -2.69825616e-06 
 7.44201049e-08  3.30000045e+00  7.44201049e-08  3.30000058e+00  7.44201049e-08  0.00000000e+00  7.44201049e-08  2.32105548e-06 
 7.44701049e-08  3.30000044e+00  7.44701049e-08  3.30000056e+00  7.44701049e-08  0.00000000e+00  7.44701049e-08 -2.69231943e-06 
 7.45201049e-08  3.30000042e+00  7.45201049e-08  3.30000054e+00  7.45201049e-08  0.00000000e+00  7.45201049e-08  2.32682174e-06 
 7.45701049e-08  3.30000041e+00  7.45701049e-08  3.30000053e+00  7.45701049e-08  0.00000000e+00  7.45701049e-08 -2.68671667e-06 
 7.46201049e-08  3.30000040e+00  7.46201049e-08  3.30000051e+00  7.46201049e-08  0.00000000e+00  7.46201049e-08  2.33226759e-06 
 7.46701049e-08  3.30000039e+00  7.46701049e-08  3.30000050e+00  7.46701049e-08  0.00000000e+00  7.46701049e-08 -2.68142147e-06 
 7.47201049e-08  3.30000038e+00  7.47201049e-08  3.30000048e+00  7.47201049e-08  0.00000000e+00  7.47201049e-08  2.33741809e-06 
 7.47701049e-08  3.30000037e+00  7.47701049e-08  3.30000047e+00  7.47701049e-08  0.00000000e+00  7.47701049e-08 -2.67641002e-06 
 7.48201049e-08  3.30000035e+00  7.48201049e-08  3.30000046e+00  7.48201049e-08  0.00000000e+00  7.48201049e-08  2.34229583e-06 
 7.48701049e-08  3.30000034e+00  7.48701049e-08  3.30000044e+00  7.48701049e-08  0.00000000e+00  7.48701049e-08 -2.67166090e-06 
 7.49201049e-08  3.30000034e+00  7.49201049e-08  3.30000043e+00  7.49201049e-08  0.00000000e+00  7.49201049e-08  2.34692117e-06 
 7.49701049e-08  3.30000033e+00  7.49701049e-08  3.30000042e+00  7.49701049e-08  0.00000000e+00  7.49701049e-08 -2.66715473e-06 
 7.50201049e-08  3.30000032e+00  7.50201049e-08  3.30000041e+00  7.50201049e-08  0.00000000e+00  7.50201049e-08  2.35131255e-06 
 7.50701049e-08  3.30000031e+00  7.50701049e-08  3.30000040e+00  7.50701049e-08  0.00000000e+00  7.50701049e-08 -2.66287396e-06 
 7.51201049e-08  3.30000030e+00  7.51201049e-08  3.30000039e+00  7.51201049e-08  0.00000000e+00  7.51201049e-08  2.35548671e-06 
 7.51701049e-08  3.30000029e+00  7.51701049e-08  3.30000038e+00  7.51701049e-08  0.00000000e+00  7.51701049e-08 -2.65880263e-06 
 7.52201049e-08  3.30000028e+00  7.52201049e-08  3.30000037e+00  7.52201049e-08  0.00000000e+00  7.52201049e-08  2.35945882e-06 
 7.52701049e-08  3.30000028e+00  7.52701049e-08  3.30000036e+00  7.52701049e-08  0.00000000e+00  7.52701049e-08 -2.65492627e-06 
 7.53201049e-08  3.30000027e+00  7.53201049e-08  3.30000035e+00  7.53201049e-08  0.00000000e+00  7.53201049e-08  2.36324274e-06 
 7.53701049e-08  3.30000026e+00  7.53701049e-08  3.30000034e+00  7.53701049e-08  0.00000000e+00  7.53701049e-08 -2.65123163e-06 
 7.54201049e-08  3.30000026e+00  7.54201049e-08  3.30000033e+00  7.54201049e-08  0.00000000e+00  7.54201049e-08  2.36685110e-06 
 7.54701049e-08  3.30000025e+00  7.54701049e-08  3.30000032e+00  7.54701049e-08  0.00000000e+00  7.54701049e-08 -2.64770667e-06 
 7.55201049e-08  3.30000024e+00  7.55201049e-08  3.30000032e+00  7.55201049e-08  0.00000000e+00  7.55201049e-08  2.37029544e-06 
 7.55701049e-08  3.30000024e+00  7.55701049e-08  3.30000031e+00  7.55701049e-08  0.00000000e+00  7.55701049e-08 -2.64434031e-06 
 7.56201049e-08  3.30000023e+00  7.56201049e-08  3.30000030e+00  7.56201049e-08  0.00000000e+00  7.56201049e-08  2.37358634e-06 
 7.56701049e-08  3.30000023e+00  7.56701049e-08  3.30000029e+00  7.56701049e-08  0.00000000e+00  7.56701049e-08 -2.64112245e-06 
 7.57201049e-08  3.30000022e+00  7.57201049e-08  3.30000029e+00  7.57201049e-08  0.00000000e+00  7.57201049e-08  2.37673350e-06 
 7.57701049e-08  3.30000022e+00  7.57701049e-08  3.30000028e+00  7.57701049e-08  0.00000000e+00  7.57701049e-08 -2.63804376e-06 
 7.58201049e-08  3.30000021e+00  7.58201049e-08  3.30000027e+00  7.58201049e-08  0.00000000e+00  7.58201049e-08  2.37974584e-06 
 7.58701049e-08  3.30000021e+00  7.58701049e-08  3.30000027e+00  7.58701049e-08  0.00000000e+00  7.58701049e-08 -2.63509571e-06 
 7.59201049e-08  3.30000020e+00  7.59201049e-08  3.30000026e+00  7.59201049e-08  0.00000000e+00  7.59201049e-08  2.38263157e-06 
 7.59701049e-08  3.30000020e+00  7.59701049e-08  3.30000026e+00  7.59701049e-08  0.00000000e+00  7.59701049e-08 -2.63227041e-06 
 7.60201049e-08  3.30000019e+00  7.60201049e-08  3.30000025e+00  7.60201049e-08  0.00000000e+00  7.60201049e-08  2.38539826e-06 
 7.60701049e-08  3.30000019e+00  7.60701049e-08  3.30000024e+00  7.60701049e-08  0.00000000e+00  7.60701049e-08 -2.62956058e-06 
 7.61201049e-08  3.30000018e+00  7.61201049e-08  3.30000024e+00  7.61201049e-08  0.00000000e+00  7.61201049e-08  2.38805290e-06 
 7.61701049e-08  3.30000018e+00  7.61701049e-08  3.30000023e+00  7.61701049e-08  0.00000000e+00  7.61701049e-08 -2.62695951e-06 
 7.62201049e-08  3.30000018e+00  7.62201049e-08  3.30000023e+00  7.62201049e-08  0.00000000e+00  7.62201049e-08  2.39060196e-06 
 7.62701049e-08  3.30000017e+00  7.62701049e-08  3.30000022e+00  7.62701049e-08  0.00000000e+00  7.62701049e-08 -2.62446098e-06 
 7.63201049e-08  3.30000017e+00  7.63201049e-08  3.30000022e+00  7.63201049e-08  0.00000000e+00  7.63201049e-08  2.39305140e-06 
 7.63701049e-08  3.30000016e+00  7.63701049e-08  3.30000022e+00  7.63701049e-08  0.00000000e+00  7.63701049e-08 -2.62205923e-06 
 7.64201049e-08  3.30000016e+00  7.64201049e-08  3.30000021e+00  7.64201049e-08  0.00000000e+00  7.64201049e-08  2.39540680e-06 
 7.64701049e-08  3.30000016e+00  7.64701049e-08  3.30000021e+00  7.64701049e-08  0.00000000e+00  7.64701049e-08 -2.61974891e-06 
 7.65201049e-08  3.30000015e+00  7.65201049e-08  3.30000020e+00  7.65201049e-08  0.00000000e+00  7.65201049e-08  2.39767329e-06 
 7.65701049e-08  3.30000015e+00  7.65701049e-08  3.30000020e+00  7.65701049e-08  0.00000000e+00  7.65701049e-08 -2.61752505e-06 
 7.66201049e-08  3.30000015e+00  7.66201049e-08  3.30000019e+00  7.66201049e-08  0.00000000e+00  7.66201049e-08  2.39985566e-06 
 7.66701049e-08  3.30000014e+00  7.66701049e-08  3.30000019e+00  7.66701049e-08  0.00000000e+00  7.66701049e-08 -2.61538304e-06 
 7.67201049e-08  3.30000014e+00  7.67201049e-08  3.30000019e+00  7.67201049e-08  0.00000000e+00  7.67201049e-08  2.40195838e-06 
 7.67701049e-08  3.30000014e+00  7.67701049e-08  3.30000018e+00  7.67701049e-08  0.00000000e+00  7.67701049e-08 -2.61331857e-06 
 7.68201049e-08  3.30000014e+00  7.68201049e-08  3.30000018e+00  7.68201049e-08  0.00000000e+00  7.68201049e-08  2.40398560e-06 
 7.68701049e-08  3.30000013e+00  7.68701049e-08  3.30000018e+00  7.68701049e-08  0.00000000e+00  7.68701049e-08 -2.61132764e-06 
 7.69201049e-08  3.30000013e+00  7.69201049e-08  3.30000017e+00  7.69201049e-08  0.00000000e+00  7.69201049e-08  2.40594119e-06 
 7.69701049e-08  3.30000013e+00  7.69701049e-08  3.30000017e+00  7.69701049e-08  0.00000000e+00  7.69701049e-08 -2.60940649e-06 
 7.70201049e-08  3.30000013e+00  7.70201049e-08  3.30000017e+00  7.70201049e-08  0.00000000e+00  7.70201049e-08  2.40782878e-06 
 7.70701049e-08  3.30000012e+00  7.70701049e-08  3.30000016e+00  7.70701049e-08  0.00000000e+00  7.70701049e-08 -2.60755162e-06 
 7.71201049e-08  3.30000012e+00  7.71201049e-08  3.30000016e+00  7.71201049e-08  0.00000000e+00  7.71201049e-08  2.40965174e-06 
 7.71701049e-08  3.30000012e+00  7.71701049e-08  3.30000016e+00  7.71701049e-08  0.00000000e+00  7.71701049e-08 -2.60575977e-06 
 7.72201049e-08  3.30000012e+00  7.72201049e-08  3.30000015e+00  7.72201049e-08  0.00000000e+00  7.72201049e-08  2.41141324e-06 
 7.72701049e-08  3.30000011e+00  7.72701049e-08  3.30000015e+00  7.72701049e-08  0.00000000e+00  7.72701049e-08 -2.60402787e-06 
 7.73201049e-08  3.30000011e+00  7.73201049e-08  3.30000015e+00  7.73201049e-08  0.00000000e+00  7.73201049e-08  2.41311626e-06 
 7.73701049e-08  3.30000011e+00  7.73701049e-08  3.30000015e+00  7.73701049e-08  0.00000000e+00  7.73701049e-08 -2.60235305e-06 
 7.74201049e-08  3.30000011e+00  7.74201049e-08  3.30000014e+00  7.74201049e-08  0.00000000e+00  7.74201049e-08  2.41476356e-06 
 7.74701049e-08  3.30000011e+00  7.74701049e-08  3.30000014e+00  7.74701049e-08  0.00000000e+00  7.74701049e-08 -2.60073261e-06 
 7.75201049e-08  3.30000010e+00  7.75201049e-08  3.30000014e+00  7.75201049e-08  0.00000000e+00  7.75201049e-08  2.41635777e-06 
 7.75701049e-08  3.30000010e+00  7.75701049e-08  3.30000014e+00  7.75701049e-08  0.00000000e+00  7.75701049e-08 -2.59916402e-06 
 7.76201049e-08  3.30000010e+00  7.76201049e-08  3.30000013e+00  7.76201049e-08  0.00000000e+00  7.76201049e-08  2.41790134e-06 
 7.76701049e-08  3.30000010e+00  7.76701049e-08  3.30000013e+00  7.76701049e-08  0.00000000e+00  7.76701049e-08 -2.59764490e-06 
 7.77201049e-08  3.30000010e+00  7.77201049e-08  3.30000013e+00  7.77201049e-08  0.00000000e+00  7.77201049e-08  2.41939657e-06 
 7.77701049e-08  3.30000009e+00  7.77701049e-08  3.30000013e+00  7.77701049e-08  0.00000000e+00  7.77701049e-08 -2.59617301e-06 
 7.78201049e-08  3.30000009e+00  7.78201049e-08  3.30000012e+00  7.78201049e-08  0.00000000e+00  7.78201049e-08  2.42084564e-06 
 7.78701049e-08  3.30000009e+00  7.78701049e-08  3.30000012e+00  7.78701049e-08  0.00000000e+00  7.78701049e-08 -2.59474625e-06 
 7.79201049e-08  3.30000009e+00  7.79201049e-08  3.30000012e+00  7.79201049e-08  0.00000000e+00  7.79201049e-08  2.42225059e-06 
 7.79701049e-08  3.30000009e+00  7.79701049e-08  3.30000012e+00  7.79701049e-08  0.00000000e+00  7.79701049e-08 -2.59336262e-06 
 7.80201049e-08  3.30000009e+00  7.80201049e-08  3.30000012e+00  7.80201049e-08  0.00000000e+00  7.80201049e-08  2.42361336e-06 
 7.80701049e-08  3.30000009e+00  7.80701049e-08  3.30000011e+00  7.80701049e-08  0.00000000e+00  7.80701049e-08 -2.59202026e-06 
 7.81201049e-08  3.30000008e+00  7.81201049e-08  3.30000011e+00  7.81201049e-08  0.00000000e+00  7.81201049e-08  2.42493576e-06 
 7.81701049e-08  3.30000008e+00  7.81701049e-08  3.30000011e+00  7.81701049e-08  0.00000000e+00  7.81701049e-08 -2.59071740e-06 
 7.82201049e-08  3.30000008e+00  7.82201049e-08  3.30000011e+00  7.82201049e-08  0.00000000e+00  7.82201049e-08  2.42621950e-06 
 7.82701049e-08  3.30000008e+00  7.82701049e-08  3.30000011e+00  7.82701049e-08  0.00000000e+00  7.82701049e-08 -2.58945237e-06 
 7.83201049e-08  3.30000008e+00  7.83201049e-08  3.30000010e+00  7.83201049e-08  0.00000000e+00  7.83201049e-08  2.42746622e-06 
 7.83701049e-08  3.30000008e+00  7.83701049e-08  3.30000010e+00  7.83701049e-08  0.00000000e+00  7.83701049e-08 -2.58822358e-06 
 7.84201049e-08  3.30000008e+00  7.84201049e-08  3.30000010e+00  7.84201049e-08  0.00000000e+00  7.84201049e-08  2.42867745e-06 
 7.84701049e-08  3.30000007e+00  7.84701049e-08  3.30000010e+00  7.84701049e-08  0.00000000e+00  7.84701049e-08 -2.58702955e-06 
 7.85201049e-08  3.30000007e+00  7.85201049e-08  3.30000010e+00  7.85201049e-08  0.00000000e+00  7.85201049e-08  2.42985464e-06 
 7.85701049e-08  3.30000007e+00  7.85701049e-08  3.30000010e+00  7.85701049e-08  0.00000000e+00  7.85701049e-08 -2.58586885e-06 
 7.86201049e-08  3.30000007e+00  7.86201049e-08  3.30000010e+00  7.86201049e-08  0.00000000e+00  7.86201049e-08  2.43099917e-06 
 7.86701049e-08  3.30000007e+00  7.86701049e-08  3.30000009e+00  7.86701049e-08  0.00000000e+00  7.86701049e-08 -2.58474016e-06 
 7.87201049e-08  3.30000007e+00  7.87201049e-08  3.30000009e+00  7.87201049e-08  0.00000000e+00  7.87201049e-08  2.43211234e-06 
 7.87701049e-08  3.30000007e+00  7.87701049e-08  3.30000009e+00  7.87701049e-08  0.00000000e+00  7.87701049e-08 -2.58364220e-06 
 7.88201049e-08  3.30000007e+00  7.88201049e-08  3.30000009e+00  7.88201049e-08  0.00000000e+00  7.88201049e-08  2.43319539e-06 
 7.88701049e-08  3.30000006e+00  7.88701049e-08  3.30000009e+00  7.88701049e-08  0.00000000e+00  7.88701049e-08 -2.58257376e-06 
 7.89201049e-08  3.30000006e+00  7.89201049e-08  3.30000009e+00  7.89201049e-08  0.00000000e+00  7.89201049e-08  2.43424950e-06 
 7.89701049e-08  3.30000006e+00  7.89701049e-08  3.30000009e+00  7.89701049e-08  0.00000000e+00  7.89701049e-08 -2.58153371e-06 
 7.90201049e-08  3.30000006e+00  7.90201049e-08  3.30000008e+00  7.90201049e-08  0.00000000e+00  7.90201049e-08  2.43527577e-06 
 7.90701049e-08  3.30000006e+00  7.90701049e-08  3.30000008e+00  7.90701049e-08  0.00000000e+00  7.90701049e-08 -2.58052095e-06 
 7.91201049e-08  3.30000006e+00  7.91201049e-08  3.30000008e+00  7.91201049e-08  0.00000000e+00  7.91201049e-08  2.43627527e-06 
 7.91701049e-08  3.30000006e+00  7.91701049e-08  3.30000008e+00  7.91701049e-08  0.00000000e+00  7.91701049e-08 -2.57953446e-06 
 7.92201049e-08  3.30000006e+00  7.92201049e-08  3.30000008e+00  7.92201049e-08  0.00000000e+00  7.92201049e-08  2.43724901e-06 
 7.92701049e-08  3.30000006e+00  7.92701049e-08  3.30000008e+00  7.92701049e-08  0.00000000e+00  7.92701049e-08 -2.57857324e-06 
 7.93201049e-08  3.30000006e+00  7.93201049e-08  3.30000008e+00  7.93201049e-08  0.00000000e+00  7.93201049e-08  2.43819793e-06 
 7.93701049e-08  3.30000006e+00  7.93701049e-08  3.30000008e+00  7.93701049e-08  0.00000000e+00  7.93701049e-08 -2.57763638e-06 
 7.94201049e-08  3.30000005e+00  7.94201049e-08  3.30000007e+00  7.94201049e-08  0.00000000e+00  7.94201049e-08  2.43912296e-06 
 7.94701049e-08  3.30000005e+00  7.94701049e-08  3.30000007e+00  7.94701049e-08  0.00000000e+00  7.94701049e-08 -2.57672297e-06 
 7.95201049e-08  3.30000005e+00  7.95201049e-08  3.30000007e+00  7.95201049e-08  0.00000000e+00  7.95201049e-08  2.44002496e-06 
 7.95701049e-08  3.30000005e+00  7.95701049e-08  3.30000007e+00  7.95701049e-08  0.00000000e+00  7.95701049e-08 -2.57583217e-06 
 7.96201049e-08  3.30000005e+00  7.96201049e-08  3.30000007e+00  7.96201049e-08  0.00000000e+00  7.96201049e-08  2.44090476e-06 
 7.96701049e-08  3.30000005e+00  7.96701049e-08  3.30000007e+00  7.96701049e-08  0.00000000e+00  7.96701049e-08 -2.57496317e-06 
 7.97201049e-08  3.30000005e+00  7.97201049e-08  3.30000007e+00  7.97201049e-08  0.00000000e+00  7.97201049e-08  2.44176315e-06 
 7.97701049e-08  3.30000005e+00  7.97701049e-08  3.30000007e+00  7.97701049e-08  0.00000000e+00  7.97701049e-08 -2.57411521e-06 
 7.98201049e-08  3.30000005e+00  7.98201049e-08  3.30000007e+00  7.98201049e-08  0.00000000e+00  7.98201049e-08  2.44260087e-06 
 7.98701049e-08  3.30000005e+00  7.98701049e-08  3.30000007e+00  7.98701049e-08  0.00000000e+00  7.98701049e-08 -2.57328755e-06 
 7.99201049e-08  3.30000005e+00  7.99201049e-08  3.30000006e+00  7.99201049e-08  0.00000000e+00  7.99201049e-08  2.44341865e-06 
 7.99701049e-08  3.30000005e+00  7.99701049e-08  3.30000006e+00  7.99701049e-08  0.00000000e+00  7.99701049e-08 -2.57247948e-06 
 8.00201049e-08  3.30000004e+00  8.00201049e-08  3.30000006e+00  8.00201049e-08  0.00000000e+00  8.00201049e-08  2.44421718e-06 
 8.00701049e-08  3.30000004e+00  8.00701049e-08  3.30000006e+00  8.00701049e-08  0.00000000e+00  8.00701049e-08 -2.57169034e-06 
 8.01201049e-08  3.30000004e+00  8.01201049e-08  3.30000006e+00  8.01201049e-08  0.00000000e+00  8.01201049e-08  2.44499710e-06 
 8.01701049e-08  3.30000004e+00  8.01701049e-08  3.30000006e+00  8.01701049e-08  0.00000000e+00  8.01701049e-08 -2.57091948e-06 
 8.02201049e-08  3.30000004e+00  8.02201049e-08  3.30000006e+00  8.02201049e-08  0.00000000e+00  8.02201049e-08  2.44575904e-06 
 8.02701049e-08  3.30000004e+00  8.02701049e-08  3.30000006e+00  8.02701049e-08  0.00000000e+00  8.02701049e-08 -2.57016629e-06 
 8.03201049e-08  3.30000004e+00  8.03201049e-08  3.30000006e+00  8.03201049e-08  0.00000000e+00  8.03201049e-08  2.44650361e-06 
 8.03701049e-08  3.30000004e+00  8.03701049e-08  3.30000006e+00  8.03701049e-08  0.00000000e+00  8.03701049e-08 -2.56943020e-06 
 8.04201049e-08  3.30000004e+00  8.04201049e-08  3.30000006e+00  8.04201049e-08  0.00000000e+00  8.04201049e-08  2.44723138e-06 
 8.04701049e-08  3.30000004e+00  8.04701049e-08  3.30000005e+00  8.04701049e-08  0.00000000e+00  8.04701049e-08 -2.56871062e-06 
 8.05201049e-08  3.30000004e+00  8.05201049e-08  3.30000005e+00  8.05201049e-08  0.00000000e+00  8.05201049e-08  2.44794289e-06 
 8.05701049e-08  3.30000004e+00  8.05701049e-08  3.30000005e+00  8.05701049e-08  0.00000000e+00  8.05701049e-08 -2.56800705e-06 
 8.06201049e-08  3.30000004e+00  8.06201049e-08  3.30000005e+00  8.06201049e-08  0.00000000e+00  8.06201049e-08  2.44863867e-06 
 8.06701049e-08  3.30000004e+00  8.06701049e-08  3.30000005e+00  8.06701049e-08  0.00000000e+00  8.06701049e-08 -2.56731894e-06 
 8.07201049e-08  3.30000004e+00  8.07201049e-08  3.30000005e+00  8.07201049e-08  0.00000000e+00  8.07201049e-08  2.44931922e-06 
 8.07701049e-08  3.30000004e+00  8.07701049e-08  3.30000005e+00  8.07701049e-08  0.00000000e+00  8.07701049e-08 -2.56664582e-06 
 8.08201049e-08  3.30000004e+00  8.08201049e-08  3.30000005e+00  8.08201049e-08  0.00000000e+00  8.08201049e-08  2.44998502e-06 
 8.08701049e-08  3.30000003e+00  8.08701049e-08  3.30000005e+00  8.08701049e-08  0.00000000e+00  8.08701049e-08 -2.56598722e-06 
 8.09201049e-08  3.30000003e+00  8.09201049e-08  3.30000005e+00  8.09201049e-08  0.00000000e+00  8.09201049e-08  2.45063655e-06 
 8.09701049e-08  3.30000003e+00  8.09701049e-08  3.30000005e+00  8.09701049e-08  0.00000000e+00  8.09701049e-08 -2.56534267e-06 
 8.10201049e-08  3.30000003e+00  8.10201049e-08  3.30000005e+00  8.10201049e-08  0.00000000e+00  8.10201049e-08  2.45127423e-06 
 8.10701049e-08  3.30000003e+00  8.10701049e-08  3.30000005e+00  8.10701049e-08  0.00000000e+00  8.10701049e-08 -2.56471174e-06 
 8.11201049e-08  3.30000003e+00  8.11201049e-08  3.30000005e+00  8.11201049e-08  0.00000000e+00  8.11201049e-08  2.45189850e-06 
 8.11701049e-08  3.30000003e+00  8.11701049e-08  3.30000005e+00  8.11701049e-08  0.00000000e+00  8.11701049e-08 -2.56409403e-06 
 8.12201049e-08  3.30000003e+00  8.12201049e-08  3.30000004e+00  8.12201049e-08  0.00000000e+00  8.12201049e-08  2.45250976e-06 
 8.12701049e-08  3.30000003e+00  8.12701049e-08  3.30000004e+00  8.12701049e-08  0.00000000e+00  8.12701049e-08 -2.56348912e-06 
 8.13201049e-08  3.30000003e+00  8.13201049e-08  3.30000004e+00  8.13201049e-08  0.00000000e+00  8.13201049e-08  2.45310841e-06 
 8.13701049e-08  3.30000003e+00  8.13701049e-08  3.30000004e+00  8.13701049e-08  0.00000000e+00  8.13701049e-08 -2.56289664e-06 
 8.14201049e-08  3.30000003e+00  8.14201049e-08  3.30000004e+00  8.14201049e-08  0.00000000e+00  8.14201049e-08  2.45369482e-06 
 8.14701049e-08  3.30000003e+00  8.14701049e-08  3.30000004e+00  8.14701049e-08  0.00000000e+00  8.14701049e-08 -2.56231621e-06 
 8.15201049e-08  3.30000003e+00  8.15201049e-08  3.30000004e+00  8.15201049e-08  0.00000000e+00  8.15201049e-08  2.45426936e-06 
 8.15701049e-08  3.30000003e+00  8.15701049e-08  3.30000004e+00  8.15701049e-08  0.00000000e+00  8.15701049e-08 -2.56174747e-06 
 8.16201049e-08  3.30000003e+00  8.16201049e-08  3.30000004e+00  8.16201049e-08  0.00000000e+00  8.16201049e-08  2.45483237e-06 
 8.16701049e-08  3.30000003e+00  8.16701049e-08  3.30000004e+00  8.16701049e-08  0.00000000e+00  8.16701049e-08 -2.56119010e-06 
 8.17201049e-08  3.30000003e+00  8.17201049e-08  3.30000004e+00  8.17201049e-08  0.00000000e+00  8.17201049e-08  2.45538419e-06 
 8.17701049e-08  3.30000003e+00  8.17701049e-08  3.30000004e+00  8.17701049e-08  0.00000000e+00  8.17701049e-08 -2.56064375e-06 
 8.18201049e-08  3.30000003e+00  8.18201049e-08  3.30000004e+00  8.18201049e-08  0.00000000e+00  8.18201049e-08  2.45592515e-06 
 8.18701049e-08  3.30000003e+00  8.18701049e-08  3.30000004e+00  8.18701049e-08  0.00000000e+00  8.18701049e-08 -2.56010811e-06 
 8.19201049e-08  3.30000003e+00  8.19201049e-08  3.30000004e+00  8.19201049e-08  0.00000000e+00  8.19201049e-08  2.45645554e-06 
 8.19701049e-08  3.30000002e+00  8.19701049e-08  3.30000004e+00  8.19701049e-08  0.00000000e+00  8.19701049e-08 -2.55958288e-06 
 8.20201049e-08  3.30000002e+00  8.20201049e-08  3.30000004e+00  8.20201049e-08  0.00000000e+00  8.20201049e-08  2.45697568e-06 
 8.20701049e-08  3.30000002e+00  8.20701049e-08  3.30000004e+00  8.20701049e-08  0.00000000e+00  8.20701049e-08 -2.55906777e-06 
 8.21201049e-08  3.30000002e+00  8.21201049e-08  3.30000004e+00  8.21201049e-08  0.00000000e+00  8.21201049e-08  2.45748585e-06 
 8.21701049e-08  3.30000002e+00  8.21701049e-08  3.30000003e+00  8.21701049e-08  0.00000000e+00  8.21701049e-08 -2.55856248e-06 
 8.22201049e-08  3.30000002e+00  8.22201049e-08  3.30000003e+00  8.22201049e-08  0.00000000e+00  8.22201049e-08  2.45798632e-06 
 8.22701049e-08  3.30000002e+00  8.22701049e-08  3.30000003e+00  8.22701049e-08  0.00000000e+00  8.22701049e-08 -2.55806676e-06 
 8.23201049e-08  3.30000002e+00  8.23201049e-08  3.30000003e+00  8.23201049e-08  0.00000000e+00  8.23201049e-08  2.45847736e-06 
 8.23701049e-08  3.30000002e+00  8.23701049e-08  3.30000003e+00  8.23701049e-08  0.00000000e+00  8.23701049e-08 -2.55758033e-06 
 8.24201049e-08  3.30000002e+00  8.24201049e-08  3.30000003e+00  8.24201049e-08  0.00000000e+00  8.24201049e-08  2.45895923e-06 
 8.24701049e-08  3.30000002e+00  8.24701049e-08  3.30000003e+00  8.24701049e-08  0.00000000e+00  8.24701049e-08 -2.55710295e-06 
 8.25201049e-08  3.30000002e+00  8.25201049e-08  3.30000003e+00  8.25201049e-08  0.00000000e+00  8.25201049e-08  2.45943219e-06 
 8.25701049e-08  3.30000002e+00  8.25701049e-08  3.30000003e+00  8.25701049e-08  0.00000000e+00  8.25701049e-08 -2.55663436e-06 
 8.26201049e-08  3.30000002e+00  8.26201049e-08  3.30000003e+00  8.26201049e-08  0.00000000e+00  8.26201049e-08  2.45989646e-06 
 8.26701049e-08  3.30000002e+00  8.26701049e-08  3.30000003e+00  8.26701049e-08  0.00000000e+00  8.26701049e-08 -2.55617435e-06 
 8.27201049e-08  3.30000002e+00  8.27201049e-08  3.30000003e+00  8.27201049e-08  0.00000000e+00  8.27201049e-08  2.46035228e-06 
 8.27701049e-08  3.30000002e+00  8.27701049e-08  3.30000003e+00  8.27701049e-08  0.00000000e+00  8.27701049e-08 -2.55572267e-06 
 8.28201049e-08  3.30000002e+00  8.28201049e-08  3.30000003e+00  8.28201049e-08  0.00000000e+00  8.28201049e-08  2.46079987e-06 
 8.28701049e-08  3.30000002e+00  8.28701049e-08  3.30000003e+00  8.28701049e-08  0.00000000e+00  8.28701049e-08 -2.55527910e-06 
 8.29201049e-08  3.30000002e+00  8.29201049e-08  3.30000003e+00  8.29201049e-08  0.00000000e+00  8.29201049e-08  2.46123946e-06 
 8.29701049e-08  3.30000002e+00  8.29701049e-08  3.30000003e+00  8.29701049e-08  0.00000000e+00  8.29701049e-08 -2.55484345e-06 
 8.30201049e-08  3.30000002e+00  8.30201049e-08  3.30000003e+00  8.30201049e-08  0.00000000e+00  8.30201049e-08  2.46167124e-06 
 8.30701049e-08  3.30000002e+00  8.30701049e-08  3.30000003e+00  8.30701049e-08  0.00000000e+00  8.30701049e-08 -2.55441549e-06 
 8.31201049e-08  3.30000002e+00  8.31201049e-08  3.30000003e+00  8.31201049e-08  0.00000000e+00  8.31201049e-08  2.46209541e-06 
 8.31701049e-08  3.30000002e+00  8.31701049e-08  3.30000003e+00  8.31701049e-08  0.00000000e+00  8.31701049e-08 -2.55399504e-06 
 8.32201049e-08  3.30000002e+00  8.32201049e-08  3.30000003e+00  8.32201049e-08  0.00000000e+00  8.32201049e-08  2.46251218e-06 
 8.32701049e-08  3.30000002e+00  8.32701049e-08  3.30000003e+00  8.32701049e-08  0.00000000e+00  8.32701049e-08 -2.55358191e-06 
 8.33201049e-08  3.30000002e+00  8.33201049e-08  3.30000003e+00  8.33201049e-08  0.00000000e+00  8.33201049e-08  2.46292173e-06 
 8.33701049e-08  3.30000002e+00  8.33701049e-08  3.30000003e+00  8.33701049e-08  0.00000000e+00  8.33701049e-08 -2.55317590e-06 
 8.34201049e-08  3.30000002e+00  8.34201049e-08  3.30000003e+00  8.34201049e-08  0.00000000e+00  8.34201049e-08  2.46332424e-06 
 8.34701049e-08  3.30000002e+00  8.34701049e-08  3.30000002e+00  8.34701049e-08  0.00000000e+00  8.34701049e-08 -2.55277684e-06 
 8.35201049e-08  3.30000002e+00  8.35201049e-08  3.30000002e+00  8.35201049e-08  0.00000000e+00  8.35201049e-08  2.46371989e-06 
 8.35701049e-08  3.30000002e+00  8.35701049e-08  3.30000002e+00  8.35701049e-08  0.00000000e+00  8.35701049e-08 -2.55238456e-06 
 8.36201049e-08  3.30000002e+00  8.36201049e-08  3.30000002e+00  8.36201049e-08  0.00000000e+00  8.36201049e-08  2.46410885e-06 
 8.36701049e-08  3.30000001e+00  8.36701049e-08  3.30000002e+00  8.36701049e-08  0.00000000e+00  8.36701049e-08 -2.55199889e-06 
 8.37201049e-08  3.30000001e+00  8.37201049e-08  3.30000002e+00  8.37201049e-08  0.00000000e+00  8.37201049e-08  2.46449128e-06 
 8.37701049e-08  3.30000001e+00  8.37701049e-08  3.30000002e+00  8.37701049e-08  0.00000000e+00  8.37701049e-08 -2.55161966e-06 
 8.38201049e-08  3.30000001e+00  8.38201049e-08  3.30000002e+00  8.38201049e-08  0.00000000e+00  8.38201049e-08  2.46486734e-06 
 8.38701049e-08  3.30000001e+00  8.38701049e-08  3.30000002e+00  8.38701049e-08  0.00000000e+00  8.38701049e-08 -2.55124673e-06 
 8.39201049e-08  3.30000001e+00  8.39201049e-08  3.30000002e+00  8.39201049e-08  0.00000000e+00  8.39201049e-08  2.46523718e-06 
 8.39701049e-08  3.30000001e+00  8.39701049e-08  3.30000002e+00  8.39701049e-08  0.00000000e+00  8.39701049e-08 -2.55087993e-06 
 8.40201049e-08  3.30000001e+00  8.40201049e-08  3.30000002e+00  8.40201049e-08  0.00000000e+00  8.40201049e-08  2.46560096e-06 
 8.40701049e-08  3.30000001e+00  8.40701049e-08  3.30000002e+00  8.40701049e-08  0.00000000e+00  8.40701049e-08 -2.55051913e-06 
 8.41201049e-08  3.30000001e+00  8.41201049e-08  3.30000002e+00  8.41201049e-08  0.00000000e+00  8.41201049e-08  2.46595882e-06 
 8.41701049e-08  3.30000001e+00  8.41701049e-08  3.30000002e+00  8.41701049e-08  0.00000000e+00  8.41701049e-08 -2.55016418e-06 
 8.42201049e-08  3.30000001e+00  8.42201049e-08  3.30000002e+00  8.42201049e-08  0.00000000e+00  8.42201049e-08  2.46631090e-06 
 8.42701049e-08  3.30000001e+00  8.42701049e-08  3.30000002e+00  8.42701049e-08  0.00000000e+00  8.42701049e-08 -2.54981494e-06 
 8.43201049e-08  3.30000001e+00  8.43201049e-08  3.30000002e+00  8.43201049e-08  0.00000000e+00  8.43201049e-08  2.46665733e-06 
 8.43701049e-08  3.30000001e+00  8.43701049e-08  3.30000002e+00  8.43701049e-08  0.00000000e+00  8.43701049e-08 -2.54947128e-06 
 8.44201049e-08  3.30000001e+00  8.44201049e-08  3.30000002e+00  8.44201049e-08  0.00000000e+00  8.44201049e-08  2.46699825e-06 
 8.44701049e-08  3.30000001e+00  8.44701049e-08  3.30000002e+00  8.44701049e-08  0.00000000e+00  8.44701049e-08 -2.54913307e-06 
 8.45201049e-08  3.30000001e+00  8.45201049e-08  3.30000002e+00  8.45201049e-08  0.00000000e+00  8.45201049e-08  2.46733379e-06 
 8.45701049e-08  3.30000001e+00  8.45701049e-08  3.30000002e+00  8.45701049e-08  0.00000000e+00  8.45701049e-08 -2.54880018e-06 
 8.46201049e-08  3.30000001e+00  8.46201049e-08  3.30000002e+00  8.46201049e-08  0.00000000e+00  8.46201049e-08  2.46766406e-06 
 8.46701049e-08  3.30000001e+00  8.46701049e-08  3.30000002e+00  8.46701049e-08  0.00000000e+00  8.46701049e-08 -2.54847249e-06 
 8.47201049e-08  3.30000001e+00  8.47201049e-08  3.30000002e+00  8.47201049e-08  0.00000000e+00  8.47201049e-08  2.46798919e-06 
 8.47701049e-08  3.30000001e+00  8.47701049e-08  3.30000002e+00  8.47701049e-08  0.00000000e+00  8.47701049e-08 -2.54814989e-06 
 8.48201049e-08  3.30000001e+00  8.48201049e-08  3.30000002e+00  8.48201049e-08  0.00000000e+00  8.48201049e-08  2.46830930e-06 
 8.48701049e-08  3.30000001e+00  8.48701049e-08  3.30000002e+00  8.48701049e-08  0.00000000e+00  8.48701049e-08 -2.54783226e-06 
 8.49201049e-08  3.30000001e+00  8.49201049e-08  3.30000002e+00  8.49201049e-08  0.00000000e+00  8.49201049e-08  2.46862449e-06 
 8.49701049e-08  3.30000001e+00  8.49701049e-08  3.30000002e+00  8.49701049e-08  0.00000000e+00  8.49701049e-08 -2.54751948e-06 
 8.50201049e-08  3.30000001e+00  8.50201049e-08  3.30000002e+00  8.50201049e-08  0.00000000e+00  8.50201049e-08  2.46893488e-06 
 8.50701049e-08  3.30000001e+00  8.50701049e-08  3.30000002e+00  8.50701049e-08  0.00000000e+00  8.50701049e-08 -2.54721145e-06 
 8.51201049e-08  3.30000001e+00  8.51201049e-08  3.30000002e+00  8.51201049e-08  0.00000000e+00  8.51201049e-08  2.46924057e-06 
 8.51701049e-08  3.30000001e+00  8.51701049e-08  3.30000002e+00  8.51701049e-08  0.00000000e+00  8.51701049e-08 -2.54690807e-06 
 8.52201049e-08  3.30000001e+00  8.52201049e-08  3.30000002e+00  8.52201049e-08  0.00000000e+00  8.52201049e-08  2.46954167e-06 
 8.52701049e-08  3.30000001e+00  8.52701049e-08  3.30000002e+00  8.52701049e-08  0.00000000e+00  8.52701049e-08 -2.54660922e-06 
 8.53201049e-08  3.30000001e+00  8.53201049e-08  3.30000002e+00  8.53201049e-08  0.00000000e+00  8.53201049e-08  2.46983828e-06 
 8.53701049e-08  3.30000001e+00  8.53701049e-08  3.30000001e+00  8.53701049e-08  0.00000000e+00  8.53701049e-08 -2.54631483e-06 
 8.54201049e-08  3.30000001e+00  8.54201049e-08  3.30000001e+00  8.54201049e-08  0.00000000e+00  8.54201049e-08  2.47013049e-06 
 8.54701049e-08  3.30000001e+00  8.54701049e-08  3.30000001e+00  8.54701049e-08  0.00000000e+00  8.54701049e-08 -2.54602478e-06 
 8.55201049e-08  3.30000001e+00  8.55201049e-08  3.30000001e+00  8.55201049e-08  0.00000000e+00  8.55201049e-08  2.47041841e-06 
 8.55701049e-08  3.30000001e+00  8.55701049e-08  3.30000001e+00  8.55701049e-08  0.00000000e+00  8.55701049e-08 -2.54573898e-06 
 8.56201049e-08  3.30000001e+00  8.56201049e-08  3.30000001e+00  8.56201049e-08  0.00000000e+00  8.56201049e-08  2.47070211e-06 
 8.56701049e-08  3.30000001e+00  8.56701049e-08  3.30000001e+00  8.56701049e-08  0.00000000e+00  8.56701049e-08 -2.54545734e-06 
 8.57201049e-08  3.30000001e+00  8.57201049e-08  3.30000001e+00  8.57201049e-08  0.00000000e+00  8.57201049e-08  2.47098170e-06 
 8.57701049e-08  3.30000001e+00  8.57701049e-08  3.30000001e+00  8.57701049e-08  0.00000000e+00  8.57701049e-08 -2.54517978e-06 
 8.58201049e-08  3.30000001e+00  8.58201049e-08  3.30000001e+00  8.58201049e-08  0.00000000e+00  8.58201049e-08  2.47125725e-06 
 8.58701049e-08  3.30000001e+00  8.58701049e-08  3.30000001e+00  8.58701049e-08  0.00000000e+00  8.58701049e-08 -2.54490621e-06 
 8.59201049e-08  3.30000001e+00  8.59201049e-08  3.30000001e+00  8.59201049e-08  0.00000000e+00  8.59201049e-08  2.47152886e-06 
 8.59701049e-08  3.30000001e+00  8.59701049e-08  3.30000001e+00  8.59701049e-08  0.00000000e+00  8.59701049e-08 -2.54463655e-06 
 8.60201049e-08  3.30000001e+00  8.60201049e-08  3.30000001e+00  8.60201049e-08  0.00000000e+00  8.60201049e-08  2.47179660e-06 
 8.60701049e-08  3.30000001e+00  8.60701049e-08  3.30000001e+00  8.60701049e-08  0.00000000e+00  8.60701049e-08 -2.54437071e-06 
 8.61201049e-08  3.30000001e+00  8.61201049e-08  3.30000001e+00  8.61201049e-08  0.00000000e+00  8.61201049e-08  2.47206056e-06 
 8.61701049e-08  3.30000001e+00  8.61701049e-08  3.30000001e+00  8.61701049e-08  0.00000000e+00  8.61701049e-08 -2.54410861e-06 
 8.62201049e-08  3.30000001e+00  8.62201049e-08  3.30000001e+00  8.62201049e-08  0.00000000e+00  8.62201049e-08  2.47232082e-06 
 8.62701049e-08  3.30000001e+00  8.62701049e-08  3.30000001e+00  8.62701049e-08  0.00000000e+00  8.62701049e-08 -2.54385018e-06 
 8.63201049e-08  3.30000001e+00  8.63201049e-08  3.30000001e+00  8.63201049e-08  0.00000000e+00  8.63201049e-08  2.47257744e-06 
 8.63701049e-08  3.30000001e+00  8.63701049e-08  3.30000001e+00  8.63701049e-08  0.00000000e+00  8.63701049e-08 -2.54359535e-06 
 8.64201049e-08  3.30000001e+00  8.64201049e-08  3.30000001e+00  8.64201049e-08  0.00000000e+00  8.64201049e-08  2.47283050e-06 
 8.64701049e-08  3.30000001e+00  8.64701049e-08  3.30000001e+00  8.64701049e-08  0.00000000e+00  8.64701049e-08 -2.54334403e-06 
 8.65201049e-08  3.30000001e+00  8.65201049e-08  3.30000001e+00  8.65201049e-08  0.00000000e+00  8.65201049e-08  2.47308008e-06 
 8.65701049e-08  3.30000000e+00  8.65701049e-08  3.30000001e+00  8.65701049e-08  0.00000000e+00  8.65701049e-08 -2.54309617e-06 
 8.66201049e-08  3.30000000e+00  8.66201049e-08  3.30000001e+00  8.66201049e-08  0.00000000e+00  8.66201049e-08  2.47332625e-06 
 8.66701049e-08  3.30000000e+00  8.66701049e-08  3.30000001e+00  8.66701049e-08  0.00000000e+00  8.66701049e-08 -2.54285169e-06 
 8.67201049e-08  3.30000000e+00  8.67201049e-08  3.30000001e+00  8.67201049e-08  0.00000000e+00  8.67201049e-08  2.47356906e-06 
 8.67701049e-08  3.30000000e+00  8.67701049e-08  3.30000001e+00  8.67701049e-08  0.00000000e+00  8.67701049e-08 -2.54261052e-06 
 8.68201049e-08  3.30000000e+00  8.68201049e-08  3.30000001e+00  8.68201049e-08  0.00000000e+00  8.68201049e-08  2.47380860e-06 
 8.68701049e-08  3.30000000e+00  8.68701049e-08  3.30000001e+00  8.68701049e-08  0.00000000e+00  8.68701049e-08 -2.54237260e-06 
 8.69201049e-08  3.30000000e+00  8.69201049e-08  3.30000001e+00  8.69201049e-08  0.00000000e+00  8.69201049e-08  2.47404492e-06 
 8.69701049e-08  3.30000000e+00  8.69701049e-08  3.30000001e+00  8.69701049e-08  0.00000000e+00  8.69701049e-08 -2.54213786e-06 
 8.70201049e-08  3.30000000e+00  8.70201049e-08  3.30000001e+00  8.70201049e-08  0.00000000e+00  8.70201049e-08  2.47427809e-06 
 8.70701049e-08  3.30000000e+00  8.70701049e-08  3.30000001e+00  8.70701049e-08  0.00000000e+00  8.70701049e-08 -2.54190625e-06 
 8.71201049e-08  3.30000000e+00  8.71201049e-08  3.30000001e+00  8.71201049e-08  0.00000000e+00  8.71201049e-08  2.47450816e-06 
 8.71701049e-08  3.30000000e+00  8.71701049e-08  3.30000001e+00  8.71701049e-08  0.00000000e+00  8.71701049e-08 -2.54167770e-06 
 8.72201049e-08  3.30000000e+00  8.72201049e-08  3.30000001e+00  8.72201049e-08  0.00000000e+00  8.72201049e-08  2.47473521e-06 
 8.72701049e-08  3.30000000e+00  8.72701049e-08  3.30000001e+00  8.72701049e-08  0.00000000e+00  8.72701049e-08 -2.54145215e-06 
 8.73201049e-08  3.30000000e+00  8.73201049e-08  3.30000001e+00  8.73201049e-08  0.00000000e+00  8.73201049e-08  2.47495927e-06 
 8.73701049e-08  3.30000000e+00  8.73701049e-08  3.30000001e+00  8.73701049e-08  0.00000000e+00  8.73701049e-08 -2.54122955e-06 
 8.74201049e-08  3.30000000e+00  8.74201049e-08  3.30000001e+00  8.74201049e-08  0.00000000e+00  8.74201049e-08  2.47518043e-06 
 8.74701049e-08  3.30000000e+00  8.74701049e-08  3.30000001e+00  8.74701049e-08  0.00000000e+00  8.74701049e-08 -2.54100983e-06 
 8.75201049e-08  3.30000000e+00  8.75201049e-08  3.30000001e+00  8.75201049e-08  0.00000000e+00  8.75201049e-08  2.47539872e-06 
 8.75701049e-08  3.30000000e+00  8.75701049e-08  3.30000001e+00  8.75701049e-08  0.00000000e+00  8.75701049e-08 -2.54079295e-06 
 8.76201049e-08  3.30000000e+00  8.76201049e-08  3.30000001e+00  8.76201049e-08  0.00000000e+00  8.76201049e-08  2.47561420e-06 
 8.76701049e-08  3.30000000e+00  8.76701049e-08  3.30000001e+00  8.76701049e-08  0.00000000e+00  8.76701049e-08 -2.54057886e-06 
 8.77201049e-08  3.30000000e+00  8.77201049e-08  3.30000001e+00  8.77201049e-08  0.00000000e+00  8.77201049e-08  2.47582692e-06 
 8.77701049e-08  3.30000000e+00  8.77701049e-08  3.30000001e+00  8.77701049e-08  0.00000000e+00  8.77701049e-08 -2.54036749e-06 
 8.78201049e-08  3.30000000e+00  8.78201049e-08  3.30000001e+00  8.78201049e-08  0.00000000e+00  8.78201049e-08  2.47603695e-06 
 8.78701049e-08  3.30000000e+00  8.78701049e-08  3.30000001e+00  8.78701049e-08  0.00000000e+00  8.78701049e-08 -2.54015880e-06 
 8.79201049e-08  3.30000000e+00  8.79201049e-08  3.30000001e+00  8.79201049e-08  0.00000000e+00  8.79201049e-08  2.47624431e-06 
 8.79701049e-08  3.30000000e+00  8.79701049e-08  3.30000001e+00  8.79701049e-08  0.00000000e+00  8.79701049e-08 -2.53995274e-06 
 8.80201049e-08  3.30000000e+00  8.80201049e-08  3.30000001e+00  8.80201049e-08  0.00000000e+00  8.80201049e-08  2.47644908e-06 
 8.80701049e-08  3.30000000e+00  8.80701049e-08  3.30000001e+00  8.80701049e-08  0.00000000e+00  8.80701049e-08 -2.53974926e-06 
 8.81201049e-08  3.30000000e+00  8.81201049e-08  3.30000001e+00  8.81201049e-08  0.00000000e+00  8.81201049e-08  2.47665129e-06 
 8.81701049e-08  3.30000000e+00  8.81701049e-08  3.30000001e+00  8.81701049e-08  0.00000000e+00  8.81701049e-08 -2.53954831e-06 
 8.82201049e-08  3.30000000e+00  8.82201049e-08  3.30000001e+00  8.82201049e-08  0.00000000e+00  8.82201049e-08  2.47685098e-06 
 8.82701049e-08  3.30000000e+00  8.82701049e-08  3.30000001e+00  8.82701049e-08  0.00000000e+00  8.82701049e-08 -2.53934986e-06 
 8.83201049e-08  3.30000000e+00  8.83201049e-08  3.30000001e+00  8.83201049e-08  0.00000000e+00  8.83201049e-08  2.47704821e-06 
 8.83701049e-08  3.30000000e+00  8.83701049e-08  3.30000001e+00  8.83701049e-08  0.00000000e+00  8.83701049e-08 -2.53915384e-06 
 8.84201049e-08  3.30000000e+00  8.84201049e-08  3.30000001e+00  8.84201049e-08  0.00000000e+00  8.84201049e-08  2.47724302e-06 
 8.84701049e-08  3.30000000e+00  8.84701049e-08  3.30000001e+00  8.84701049e-08  0.00000000e+00  8.84701049e-08 -2.53896023e-06 
 8.85201049e-08  3.30000000e+00  8.85201049e-08  3.30000001e+00  8.85201049e-08  0.00000000e+00  8.85201049e-08  2.47743545e-06 
 8.85701049e-08  3.30000000e+00  8.85701049e-08  3.30000001e+00  8.85701049e-08  0.00000000e+00  8.85701049e-08 -2.53876897e-06 
 8.86201049e-08  3.30000000e+00  8.86201049e-08  3.30000001e+00  8.86201049e-08  0.00000000e+00  8.86201049e-08  2.47762555e-06 
 8.86701049e-08  3.30000000e+00  8.86701049e-08  3.30000001e+00  8.86701049e-08  0.00000000e+00  8.86701049e-08 -2.53858002e-06 
 8.87201049e-08  3.30000000e+00  8.87201049e-08  3.30000000e+00  8.87201049e-08  0.00000000e+00  8.87201049e-08  2.47781335e-06 
 8.87701049e-08  3.30000000e+00  8.87701049e-08  3.30000000e+00  8.87701049e-08  0.00000000e+00  8.87701049e-08 -2.53839335e-06 
 8.88201049e-08  3.30000000e+00  8.88201049e-08  3.30000000e+00  8.88201049e-08  0.00000000e+00  8.88201049e-08  2.47799890e-06 
 8.88701049e-08  3.30000000e+00  8.88701049e-08  3.30000000e+00  8.88701049e-08  0.00000000e+00  8.88701049e-08 -2.53820891e-06 
 8.89201049e-08  3.30000000e+00  8.89201049e-08  3.30000000e+00  8.89201049e-08  0.00000000e+00  8.89201049e-08  2.47818224e-06 
 8.89701049e-08  3.30000000e+00  8.89701049e-08  3.30000000e+00  8.89701049e-08  0.00000000e+00  8.89701049e-08 -2.53802667e-06 
 8.90201049e-08  3.30000000e+00  8.90201049e-08  3.30000000e+00  8.90201049e-08  0.00000000e+00  8.90201049e-08  2.47836340e-06 
 8.90701049e-08  3.30000000e+00  8.90701049e-08  3.30000000e+00  8.90701049e-08  0.00000000e+00  8.90701049e-08 -2.53784658e-06 
 8.91201049e-08  3.30000000e+00  8.91201049e-08  3.30000000e+00  8.91201049e-08  0.00000000e+00  8.91201049e-08  2.47854242e-06 
 8.91701049e-08  3.30000000e+00  8.91701049e-08  3.30000000e+00  8.91701049e-08  0.00000000e+00  8.91701049e-08 -2.53766862e-06 
 8.92201049e-08  3.30000000e+00  8.92201049e-08  3.30000000e+00  8.92201049e-08  0.00000000e+00  8.92201049e-08  2.47871934e-06 
 8.92701049e-08  3.30000000e+00  8.92701049e-08  3.30000000e+00  8.92701049e-08  0.00000000e+00  8.92701049e-08 -2.53749273e-06 
 8.93201049e-08  3.30000000e+00  8.93201049e-08  3.30000000e+00  8.93201049e-08  0.00000000e+00  8.93201049e-08  2.47889420e-06 
 8.93701049e-08  3.30000000e+00  8.93701049e-08  3.30000000e+00  8.93701049e-08  0.00000000e+00  8.93701049e-08 -2.53731889e-06 
 8.94201049e-08  3.30000000e+00  8.94201049e-08  3.30000000e+00  8.94201049e-08  0.00000000e+00  8.94201049e-08  2.47906703e-06 
 8.94701049e-08  3.30000000e+00  8.94701049e-08  3.30000000e+00  8.94701049e-08  0.00000000e+00  8.94701049e-08 -2.53714707e-06 
 8.95201049e-08  3.30000000e+00  8.95201049e-08  3.30000000e+00  8.95201049e-08  0.00000000e+00  8.95201049e-08  2.47923786e-06 
 8.95701049e-08  3.30000000e+00  8.95701049e-08  3.30000000e+00  8.95701049e-08  0.00000000e+00  8.95701049e-08 -2.53697722e-06 
 8.96201049e-08  3.30000000e+00  8.96201049e-08  3.30000000e+00  8.96201049e-08  0.00000000e+00  8.96201049e-08  2.47940673e-06 
 8.96701049e-08  3.30000000e+00  8.96701049e-08  3.30000000e+00  8.96701049e-08  0.00000000e+00  8.96701049e-08 -2.53680932e-06 
 8.97201049e-08  3.30000000e+00  8.97201049e-08  3.30000000e+00  8.97201049e-08  0.00000000e+00  8.97201049e-08  2.47957367e-06 
 8.97701049e-08  3.30000000e+00  8.97701049e-08  3.30000000e+00  8.97701049e-08  0.00000000e+00  8.97701049e-08 -2.53664334e-06 
 8.98201049e-08  3.30000000e+00  8.98201049e-08  3.30000000e+00  8.98201049e-08  0.00000000e+00  8.98201049e-08  2.47973871e-06 
 8.98701049e-08  3.30000000e+00  8.98701049e-08  3.30000000e+00  8.98701049e-08  0.00000000e+00  8.98701049e-08 -2.53647923e-06 
 8.99201049e-08  3.30000000e+00  8.99201049e-08  3.30000000e+00  8.99201049e-08  0.00000000e+00  8.99201049e-08  2.47990188e-06 
 8.99701049e-08  3.30000000e+00  8.99701049e-08  3.30000000e+00  8.99701049e-08  0.00000000e+00  8.99701049e-08 -2.53631698e-06 
 9.00201049e-08  3.30000000e+00  9.00201049e-08  3.30000000e+00  9.00201049e-08  0.00000000e+00  9.00201049e-08  2.48006323e-06 
 9.00701049e-08  3.30000000e+00  9.00701049e-08  3.30000000e+00  9.00701049e-08  0.00000000e+00  9.00701049e-08 -2.53615654e-06 
 9.01201049e-08  3.30000000e+00  9.01201049e-08  3.30000000e+00  9.01201049e-08  0.00000000e+00  9.01201049e-08  2.48022277e-06 
 9.01701049e-08  3.30000000e+00  9.01701049e-08  3.30000000e+00  9.01701049e-08  0.00000000e+00  9.01701049e-08 -2.53599789e-06 
 9.02201049e-08  3.30000000e+00  9.02201049e-08  3.30000000e+00  9.02201049e-08  0.00000000e+00  9.02201049e-08  2.48038053e-06 
 9.02701049e-08  3.30000000e+00  9.02701049e-08  3.30000000e+00  9.02701049e-08  0.00000000e+00  9.02701049e-08 -2.53584101e-06 
 9.03201049e-08  3.30000000e+00  9.03201049e-08  3.30000000e+00  9.03201049e-08  0.00000000e+00  9.03201049e-08  2.48053654e-06 
 9.03701049e-08  3.30000000e+00  9.03701049e-08  3.30000000e+00  9.03701049e-08  0.00000000e+00  9.03701049e-08 -2.53568585e-06 
 9.04201049e-08  3.30000000e+00  9.04201049e-08  3.30000000e+00  9.04201049e-08  0.00000000e+00  9.04201049e-08  2.48069084e-06 
 9.04701049e-08  3.30000000e+00  9.04701049e-08  3.30000000e+00  9.04701049e-08  0.00000000e+00  9.04701049e-08 -2.53553240e-06 
 9.05201049e-08  3.30000000e+00  9.05201049e-08  3.30000000e+00  9.05201049e-08  0.00000000e+00  9.05201049e-08  2.48084345e-06 
 9.05701049e-08  3.30000000e+00  9.05701049e-08  3.30000000e+00  9.05701049e-08  0.00000000e+00  9.05701049e-08 -2.53538063e-06 
 9.06201049e-08  3.30000000e+00  9.06201049e-08  3.30000000e+00  9.06201049e-08  0.00000000e+00  9.06201049e-08  2.48099439e-06 
 9.06701049e-08  3.30000000e+00  9.06701049e-08  3.30000000e+00  9.06701049e-08  0.00000000e+00  9.06701049e-08 -2.53523051e-06 
 9.07201049e-08  3.30000000e+00  9.07201049e-08  3.30000000e+00  9.07201049e-08  0.00000000e+00  9.07201049e-08  2.48114370e-06 
 9.07701049e-08  3.30000000e+00  9.07701049e-08  3.30000000e+00  9.07701049e-08  0.00000000e+00  9.07701049e-08 -2.53508201e-06 
 9.08201049e-08  3.30000000e+00  9.08201049e-08  3.30000000e+00  9.08201049e-08  0.00000000e+00  9.08201049e-08  2.48129140e-06 
 9.08701049e-08  3.30000000e+00  9.08701049e-08  3.30000000e+00  9.08701049e-08  0.00000000e+00  9.08701049e-08 -2.53493511e-06 
 9.09201049e-08  3.30000000e+00  9.09201049e-08  3.30000000e+00  9.09201049e-08  0.00000000e+00  9.09201049e-08  2.48143751e-06 
 9.09701049e-08  3.30000000e+00  9.09701049e-08  3.30000000e+00  9.09701049e-08  0.00000000e+00  9.09701049e-08 -2.53478979e-06 
 9.10201049e-08  3.30000000e+00  9.10201049e-08  3.30000000e+00  9.10201049e-08  0.00000000e+00  9.10201049e-08  2.48158205e-06 
 9.10701049e-08  3.30000000e+00  9.10701049e-08  3.30000000e+00  9.10701049e-08  0.00000000e+00  9.10701049e-08 -2.53464601e-06 
 9.11201049e-08  3.30000000e+00  9.11201049e-08  3.30000000e+00  9.11201049e-08  0.00000000e+00  9.11201049e-08  2.48172507e-06 
 9.11701049e-08  3.30000000e+00  9.11701049e-08  3.30000000e+00  9.11701049e-08  0.00000000e+00  9.11701049e-08 -2.53450375e-06 
 9.12201049e-08  3.30000000e+00  9.12201049e-08  3.30000000e+00  9.12201049e-08  0.00000000e+00  9.12201049e-08  2.48186657e-06 
 9.12701049e-08  3.30000000e+00  9.12701049e-08  3.30000000e+00  9.12701049e-08  0.00000000e+00  9.12701049e-08 -2.53436300e-06 
 9.13201049e-08  3.30000000e+00  9.13201049e-08  3.30000000e+00  9.13201049e-08  0.00000000e+00  9.13201049e-08  2.48200658e-06 
 9.13701049e-08  3.30000000e+00  9.13701049e-08  3.30000000e+00  9.13701049e-08  0.00000000e+00  9.13701049e-08 -2.53422373e-06 
 9.14201049e-08  3.30000000e+00  9.14201049e-08  3.30000000e+00  9.14201049e-08  0.00000000e+00  9.14201049e-08  2.48214512e-06 
 9.14701049e-08  3.30000000e+00  9.14701049e-08  3.30000000e+00  9.14701049e-08  0.00000000e+00  9.14701049e-08 -2.53408591e-06 
 9.15201049e-08  3.30000000e+00  9.15201049e-08  3.30000000e+00  9.15201049e-08  0.00000000e+00  9.15201049e-08  2.48228222e-06 
 9.15701049e-08  3.30000000e+00  9.15701049e-08  3.30000000e+00  9.15701049e-08  0.00000000e+00  9.15701049e-08 -2.53394952e-06 
 9.16201049e-08  3.30000000e+00  9.16201049e-08  3.30000000e+00  9.16201049e-08  0.00000000e+00  9.16201049e-08  2.48241790e-06 
 9.16701049e-08  3.30000000e+00  9.16701049e-08  3.30000000e+00  9.16701049e-08  0.00000000e+00  9.16701049e-08 -2.53381455e-06 
 9.17201049e-08  3.30000000e+00  9.17201049e-08  3.30000000e+00  9.17201049e-08  0.00000000e+00  9.17201049e-08  2.48255217e-06 
 9.17701049e-08  3.30000000e+00  9.17701049e-08  3.30000000e+00  9.17701049e-08  0.00000000e+00  9.17701049e-08 -2.53368097e-06 
 9.18201049e-08  3.30000000e+00  9.18201049e-08  3.30000000e+00  9.18201049e-08  0.00000000e+00  9.18201049e-08  2.48268507e-06 
 9.18701049e-08  3.30000000e+00  9.18701049e-08  3.30000000e+00  9.18701049e-08  0.00000000e+00  9.18701049e-08 -2.53354875e-06 
 9.19201049e-08  3.30000000e+00  9.19201049e-08  3.30000000e+00  9.19201049e-08  0.00000000e+00  9.19201049e-08  2.48281661e-06 
 9.19701049e-08  3.30000000e+00  9.19701049e-08  3.30000000e+00  9.19701049e-08  0.00000000e+00  9.19701049e-08 -2.53341788e-06 
 9.20201049e-08  3.30000000e+00  9.20201049e-08  3.30000000e+00  9.20201049e-08  0.00000000e+00  9.20201049e-08  2.48294681e-06 
 9.20701049e-08  3.30000000e+00  9.20701049e-08  3.30000000e+00  9.20701049e-08  0.00000000e+00  9.20701049e-08 -2.53328834e-06 
 9.21201049e-08  3.30000000e+00  9.21201049e-08  3.30000000e+00  9.21201049e-08  0.00000000e+00  9.21201049e-08  2.48307569e-06 
 9.21701049e-08  3.30000000e+00  9.21701049e-08  3.30000000e+00  9.21701049e-08  0.00000000e+00  9.21701049e-08 -2.53316011e-06 
 9.22201049e-08  3.30000000e+00  9.22201049e-08  3.30000000e+00  9.22201049e-08  0.00000000e+00  9.22201049e-08  2.48320327e-06 
 9.22701049e-08  3.30000000e+00  9.22701049e-08  3.30000000e+00  9.22701049e-08  0.00000000e+00  9.22701049e-08 -2.53303318e-06 
 9.23201049e-08  3.30000000e+00  9.23201049e-08  3.30000000e+00  9.23201049e-08  0.00000000e+00  9.23201049e-08  2.48332958e-06 
 9.23701049e-08  3.30000000e+00  9.23701049e-08  3.30000000e+00  9.23701049e-08  0.00000000e+00  9.23701049e-08 -2.53290751e-06 
 9.24201049e-08  3.30000000e+00  9.24201049e-08  3.30000000e+00  9.24201049e-08  0.00000000e+00  9.24201049e-08  2.48345462e-06 
 9.24701049e-08  3.30000000e+00  9.24701049e-08  3.30000000e+00  9.24701049e-08  0.00000000e+00  9.24701049e-08 -2.53278309e-06 
 9.25201049e-08  3.30000000e+00  9.25201049e-08  3.30000000e+00  9.25201049e-08  0.00000000e+00  9.25201049e-08  2.48357841e-06 
 9.25701049e-08  3.30000000e+00  9.25701049e-08  3.30000000e+00  9.25701049e-08  0.00000000e+00  9.25701049e-08 -2.53265991e-06 
 9.26201049e-08  3.30000000e+00  9.26201049e-08  3.30000000e+00  9.26201049e-08  0.00000000e+00  9.26201049e-08  2.48370099e-06 
 9.26701049e-08  3.30000000e+00  9.26701049e-08  3.30000000e+00  9.26701049e-08  0.00000000e+00  9.26701049e-08 -2.53253794e-06 
 9.27201049e-08  3.30000000e+00  9.27201049e-08  3.30000000e+00  9.27201049e-08  0.00000000e+00  9.27201049e-08  2.48382235e-06 
 9.27701049e-08  3.30000000e+00  9.27701049e-08  3.30000000e+00  9.27701049e-08  0.00000000e+00  9.27701049e-08 -2.53241717e-06 
 9.28201049e-08  3.30000000e+00  9.28201049e-08  3.30000000e+00  9.28201049e-08  0.00000000e+00  9.28201049e-08  2.48394253e-06 
 9.28701049e-08  3.30000000e+00  9.28701049e-08  3.30000000e+00  9.28701049e-08  0.00000000e+00  9.28701049e-08 -2.53229758e-06 
 9.29201049e-08  3.30000000e+00  9.29201049e-08  3.30000000e+00  9.29201049e-08  0.00000000e+00  9.29201049e-08  2.48406153e-06 
 9.29701049e-08  3.30000000e+00  9.29701049e-08  3.30000000e+00  9.29701049e-08  0.00000000e+00  9.29701049e-08 -2.53217916e-06 
 9.30201049e-08  3.30000000e+00  9.30201049e-08  3.30000000e+00  9.30201049e-08  0.00000000e+00  9.30201049e-08  2.48417938e-06 
 9.30701049e-08  3.30000000e+00  9.30701049e-08  3.30000000e+00  9.30701049e-08  0.00000000e+00  9.30701049e-08 -2.53206189e-06 
 9.31201049e-08  3.30000000e+00  9.31201049e-08  3.30000000e+00  9.31201049e-08  0.00000000e+00  9.31201049e-08  2.48429609e-06 
 9.31701049e-08  3.30000000e+00  9.31701049e-08  3.30000000e+00  9.31701049e-08  0.00000000e+00  9.31701049e-08 -2.53194574e-06 
 9.32201049e-08  3.30000000e+00  9.32201049e-08  3.30000000e+00  9.32201049e-08  0.00000000e+00  9.32201049e-08  2.48441167e-06 
 9.32701049e-08  3.30000000e+00  9.32701049e-08  3.30000000e+00  9.32701049e-08  0.00000000e+00  9.32701049e-08 -2.53183071e-06 
 9.33201049e-08  3.30000000e+00  9.33201049e-08  3.30000000e+00  9.33201049e-08  0.00000000e+00  9.33201049e-08  2.48452615e-06 
 9.33701049e-08  3.30000000e+00  9.33701049e-08  3.30000000e+00  9.33701049e-08  0.00000000e+00  9.33701049e-08 -2.53171679e-06 
 9.34201049e-08  3.30000000e+00  9.34201049e-08  3.30000000e+00  9.34201049e-08  0.00000000e+00  9.34201049e-08  2.48463953e-06 
 9.34701049e-08  3.30000000e+00  9.34701049e-08  3.30000000e+00  9.34701049e-08  0.00000000e+00  9.34701049e-08 -2.53160394e-06 
 9.35201049e-08  3.30000000e+00  9.35201049e-08  3.30000000e+00  9.35201049e-08  0.00000000e+00  9.35201049e-08  2.48475183e-06 
 9.35701049e-08  3.30000000e+00  9.35701049e-08  3.30000000e+00  9.35701049e-08  0.00000000e+00  9.35701049e-08 -2.53149217e-06 
 9.36201049e-08  3.30000000e+00  9.36201049e-08  3.30000000e+00  9.36201049e-08  0.00000000e+00  9.36201049e-08  2.48486308e-06 
 9.36701049e-08  3.30000000e+00  9.36701049e-08  3.30000000e+00  9.36701049e-08  0.00000000e+00  9.36701049e-08 -2.53138145e-06 
 9.37201049e-08  3.30000000e+00  9.37201049e-08  3.30000000e+00  9.37201049e-08  0.00000000e+00  9.37201049e-08  2.48497328e-06 
 9.37701049e-08  3.30000000e+00  9.37701049e-08  3.30000000e+00  9.37701049e-08  0.00000000e+00  9.37701049e-08 -2.53127177e-06 
 9.38201049e-08  3.30000000e+00  9.38201049e-08  3.30000000e+00  9.38201049e-08  0.00000000e+00  9.38201049e-08  2.48508244e-06 
 9.38701049e-08  3.30000000e+00  9.38701049e-08  3.30000000e+00  9.38701049e-08  0.00000000e+00  9.38701049e-08 -2.53116312e-06 
 9.39201049e-08  3.29999999e+00  9.39201049e-08  3.30000000e+00  9.39201049e-08  0.00000000e+00  9.39201049e-08  2.48519058e-06 
 9.39701049e-08  3.29999999e+00  9.39701049e-08  3.30000000e+00  9.39701049e-08  0.00000000e+00  9.39701049e-08 -2.53105548e-06 
 9.40201049e-08  3.29999999e+00  9.40201049e-08  3.30000000e+00  9.40201049e-08  0.00000000e+00  9.40201049e-08  2.48529772e-06 
 9.40701049e-08  3.29999999e+00  9.40701049e-08  3.30000000e+00  9.40701049e-08  0.00000000e+00  9.40701049e-08 -2.53094884e-06 
 9.41201049e-08  3.29999999e+00  9.41201049e-08  3.30000000e+00  9.41201049e-08  0.00000000e+00  9.41201049e-08  2.48540387e-06 
 9.41701049e-08  3.29999999e+00  9.41701049e-08  3.30000000e+00  9.41701049e-08  0.00000000e+00  9.41701049e-08 -2.53084318e-06 
 9.42201049e-08  3.29999999e+00  9.42201049e-08  3.30000000e+00  9.42201049e-08  0.00000000e+00  9.42201049e-08  2.48550904e-06 
 9.42701049e-08  3.29999999e+00  9.42701049e-08  3.30000000e+00  9.42701049e-08  0.00000000e+00  9.42701049e-08 -2.53073850e-06 
 9.43201049e-08  3.29999999e+00  9.43201049e-08  3.30000000e+00  9.43201049e-08  0.00000000e+00  9.43201049e-08  2.48561324e-06 
 9.43701049e-08  3.29999999e+00  9.43701049e-08  3.30000000e+00  9.43701049e-08  0.00000000e+00  9.43701049e-08 -2.53063477e-06 
 9.44201049e-08  3.29999999e+00  9.44201049e-08  3.30000000e+00  9.44201049e-08  0.00000000e+00  9.44201049e-08  2.48571650e-06 
 9.44701049e-08  3.29999999e+00  9.44701049e-08  3.30000000e+00  9.44701049e-08  0.00000000e+00  9.44701049e-08 -2.53053199e-06 
 9.45201049e-08  3.29999999e+00  9.45201049e-08  3.30000000e+00  9.45201049e-08  0.00000000e+00  9.45201049e-08  2.48581881e-06 
 9.45701049e-08  3.29999999e+00  9.45701049e-08  3.30000000e+00  9.45701049e-08  0.00000000e+00  9.45701049e-08 -2.53043014e-06 
 9.46201049e-08  3.29999999e+00  9.46201049e-08  3.30000000e+00  9.46201049e-08  0.00000000e+00  9.46201049e-08  2.48592020e-06 
 9.46701049e-08  3.29999999e+00  9.46701049e-08  3.30000000e+00  9.46701049e-08  0.00000000e+00  9.46701049e-08 -2.53032921e-06 
 9.47201049e-08  3.29999999e+00  9.47201049e-08  3.30000000e+00  9.47201049e-08  0.00000000e+00  9.47201049e-08  2.48602067e-06 
 9.47701049e-08  3.29999999e+00  9.47701049e-08  3.30000000e+00  9.47701049e-08  0.00000000e+00  9.47701049e-08 -2.53022919e-06 
 9.48201049e-08  3.29999999e+00  9.48201049e-08  3.30000000e+00  9.48201049e-08  0.00000000e+00  9.48201049e-08  2.48612024e-06 
 9.48701049e-08  3.29999999e+00  9.48701049e-08  3.30000000e+00  9.48701049e-08  0.00000000e+00  9.48701049e-08 -2.53013007e-06 
 9.49201049e-08  3.29999999e+00  9.49201049e-08  3.30000000e+00  9.49201049e-08  0.00000000e+00  9.49201049e-08  2.48621892e-06 
 9.49701049e-08  3.29999999e+00  9.49701049e-08  3.30000000e+00  9.49701049e-08  0.00000000e+00  9.49701049e-08 -2.53003183e-06 
 9.50201049e-08  3.29999999e+00  9.50201049e-08  3.30000000e+00  9.50201049e-08  0.00000000e+00  9.50201049e-08  2.48631672e-06 
 9.50701049e-08  3.29999999e+00  9.50701049e-08  3.30000000e+00  9.50701049e-08  0.00000000e+00  9.50701049e-08 -2.52993447e-06 
 9.51201049e-08  3.29999999e+00  9.51201049e-08  3.30000000e+00  9.51201049e-08  0.00000000e+00  9.51201049e-08  2.48641365e-06 
 9.51701049e-08  3.29999999e+00  9.51701049e-08  3.30000000e+00  9.51701049e-08  0.00000000e+00  9.51701049e-08 -2.52983797e-06 
 9.52201049e-08  3.29999999e+00  9.52201049e-08  3.30000000e+00  9.52201049e-08  0.00000000e+00  9.52201049e-08  2.48650972e-06 
 9.52701049e-08  3.29999999e+00  9.52701049e-08  3.30000000e+00  9.52701049e-08  0.00000000e+00  9.52701049e-08 -2.52974231e-06 
 9.53201049e-08  3.29999999e+00  9.53201049e-08  3.30000000e+00  9.53201049e-08  0.00000000e+00  9.53201049e-08  2.48660495e-06 
 9.53701049e-08  3.29999999e+00  9.53701049e-08  3.30000000e+00  9.53701049e-08  0.00000000e+00  9.53701049e-08 -2.52964750e-06 
 9.54201049e-08  3.29999999e+00  9.54201049e-08  3.30000000e+00  9.54201049e-08  0.00000000e+00  9.54201049e-08  2.48669935e-06 
 9.54701049e-08  3.29999999e+00  9.54701049e-08  3.30000000e+00  9.54701049e-08  0.00000000e+00  9.54701049e-08 -2.52955352e-06 
 9.55201049e-08  3.29999999e+00  9.55201049e-08  3.30000000e+00  9.55201049e-08  0.00000000e+00  9.55201049e-08  2.48679292e-06 
 9.55701049e-08  3.29999999e+00  9.55701049e-08  3.30000000e+00  9.55701049e-08  0.00000000e+00  9.55701049e-08 -2.52946036e-06 
 9.56201049e-08  3.29999999e+00  9.56201049e-08  3.30000000e+00  9.56201049e-08  0.00000000e+00  9.56201049e-08  2.48688568e-06 
 9.56701049e-08  3.29999999e+00  9.56701049e-08  3.30000000e+00  9.56701049e-08  0.00000000e+00  9.56701049e-08 -2.52936800e-06 
 9.57201049e-08  3.29999999e+00  9.57201049e-08  3.30000000e+00  9.57201049e-08  0.00000000e+00  9.57201049e-08  2.48697764e-06 
 9.57701049e-08  3.29999999e+00  9.57701049e-08  3.30000000e+00  9.57701049e-08  0.00000000e+00  9.57701049e-08 -2.52927644e-06 
 9.58201049e-08  3.29999999e+00  9.58201049e-08  3.30000000e+00  9.58201049e-08  0.00000000e+00  9.58201049e-08  2.48706880e-06 
 9.58701049e-08  3.29999999e+00  9.58701049e-08  3.30000000e+00  9.58701049e-08  0.00000000e+00  9.58701049e-08 -2.52918567e-06 
 9.59201049e-08  3.29999999e+00  9.59201049e-08  3.30000000e+00  9.59201049e-08  0.00000000e+00  9.59201049e-08  2.48715918e-06 
 9.59701049e-08  3.29999999e+00  9.59701049e-08  3.30000000e+00  9.59701049e-08  0.00000000e+00  9.59701049e-08 -2.52909568e-06 
 9.60201049e-08  3.29999999e+00  9.60201049e-08  3.30000000e+00  9.60201049e-08  0.00000000e+00  9.60201049e-08  2.48724879e-06 
 9.60701049e-08  3.29999999e+00  9.60701049e-08  3.30000000e+00  9.60701049e-08  0.00000000e+00  9.60701049e-08 -2.52900646e-06 
 9.61201049e-08  3.29999999e+00  9.61201049e-08  3.30000000e+00  9.61201049e-08  0.00000000e+00  9.61201049e-08  2.48733763e-06 
 9.61701049e-08  3.29999999e+00  9.61701049e-08  3.30000000e+00  9.61701049e-08  0.00000000e+00  9.61701049e-08 -2.52891799e-06 
 9.62201049e-08  3.29999999e+00  9.62201049e-08  3.30000000e+00  9.62201049e-08  0.00000000e+00  9.62201049e-08  2.48742572e-06 
 9.62701049e-08  3.29999999e+00  9.62701049e-08  3.30000000e+00  9.62701049e-08  0.00000000e+00  9.62701049e-08 -2.52883028e-06 
 9.63201049e-08  3.29999999e+00  9.63201049e-08  3.30000000e+00  9.63201049e-08  0.00000000e+00  9.63201049e-08  2.48751306e-06 
 9.63701049e-08  3.29999999e+00  9.63701049e-08  3.30000000e+00  9.63701049e-08  0.00000000e+00  9.63701049e-08 -2.52874330e-06 
 9.64201049e-08  3.29999999e+00  9.64201049e-08  3.30000000e+00  9.64201049e-08  0.00000000e+00  9.64201049e-08  2.48759967e-06 
 9.64701049e-08  3.29999999e+00  9.64701049e-08  3.30000000e+00  9.64701049e-08  0.00000000e+00  9.64701049e-08 -2.52865706e-06 
 9.65201049e-08  3.29999999e+00  9.65201049e-08  3.30000000e+00  9.65201049e-08  0.00000000e+00  9.65201049e-08  2.48768555e-06 
 9.65701049e-08  3.29999999e+00  9.65701049e-08  3.30000000e+00  9.65701049e-08  0.00000000e+00  9.65701049e-08 -2.52857153e-06 
 9.66201049e-08  3.29999999e+00  9.66201049e-08  3.30000000e+00  9.66201049e-08  0.00000000e+00  9.66201049e-08  2.48777072e-06 
 9.66701049e-08  3.29999999e+00  9.66701049e-08  3.30000000e+00  9.66701049e-08  0.00000000e+00  9.66701049e-08 -2.52848672e-06 
 9.67201049e-08  3.29999999e+00  9.67201049e-08  3.30000000e+00  9.67201049e-08  0.00000000e+00  9.67201049e-08  2.48785518e-06 
 9.67701049e-08  3.29999999e+00  9.67701049e-08  3.30000000e+00  9.67701049e-08  0.00000000e+00  9.67701049e-08 -2.52840262e-06 
 9.68201049e-08  3.29999999e+00  9.68201049e-08  3.30000000e+00  9.68201049e-08  0.00000000e+00  9.68201049e-08  2.48793893e-06 
 9.68701049e-08  3.29999999e+00  9.68701049e-08  3.30000000e+00  9.68701049e-08  0.00000000e+00  9.68701049e-08 -2.52831921e-06 
 9.69201049e-08  3.29999999e+00  9.69201049e-08  3.30000000e+00  9.69201049e-08  0.00000000e+00  9.69201049e-08  2.48802200e-06 
 9.69701049e-08  3.29999999e+00  9.69701049e-08  3.30000000e+00  9.69701049e-08  0.00000000e+00  9.69701049e-08 -2.52823649e-06 
 9.70201049e-08  3.29999999e+00  9.70201049e-08  3.30000000e+00  9.70201049e-08  0.00000000e+00  9.70201049e-08  2.48810438e-06 
 9.70701049e-08  3.29999999e+00  9.70701049e-08  3.30000000e+00  9.70701049e-08  0.00000000e+00  9.70701049e-08 -2.52815444e-06 
 9.71201049e-08  3.29999999e+00  9.71201049e-08  3.30000000e+00  9.71201049e-08  0.00000000e+00  9.71201049e-08  2.48818609e-06 
 9.71701049e-08  3.29999999e+00  9.71701049e-08  3.30000000e+00  9.71701049e-08  0.00000000e+00  9.71701049e-08 -2.52807307e-06 
 9.72201049e-08  3.29999999e+00  9.72201049e-08  3.30000000e+00  9.72201049e-08  0.00000000e+00  9.72201049e-08  2.48826712e-06 
 9.72701049e-08  3.29999999e+00  9.72701049e-08  3.29999999e+00  9.72701049e-08  0.00000000e+00  9.72701049e-08 -2.52799236e-06 
 9.73201049e-08  3.29999999e+00  9.73201049e-08  3.29999999e+00  9.73201049e-08  0.00000000e+00  9.73201049e-08  2.48834750e-06 
 9.73701049e-08  3.29999999e+00  9.73701049e-08  3.29999999e+00  9.73701049e-08  0.00000000e+00  9.73701049e-08 -2.52791231e-06 
 9.74201049e-08  3.29999999e+00  9.74201049e-08  3.29999999e+00  9.74201049e-08  0.00000000e+00  9.74201049e-08  2.48842723e-06 
 9.74701049e-08  3.29999999e+00  9.74701049e-08  3.29999999e+00  9.74701049e-08  0.00000000e+00  9.74701049e-08 -2.52783290e-06 
 9.75201049e-08  3.29999999e+00  9.75201049e-08  3.29999999e+00  9.75201049e-08  0.00000000e+00  9.75201049e-08  2.48850632e-06 
 9.75701049e-08  3.29999999e+00  9.75701049e-08  3.29999999e+00  9.75701049e-08  0.00000000e+00  9.75701049e-08 -2.52775414e-06 
 9.76201049e-08  3.29999999e+00  9.76201049e-08  3.29999999e+00  9.76201049e-08  0.00000000e+00  9.76201049e-08  2.48858477e-06 
 9.76701049e-08  3.29999999e+00  9.76701049e-08  3.29999999e+00  9.76701049e-08  0.00000000e+00  9.76701049e-08 -2.52767600e-06 
 9.77201049e-08  3.29999999e+00  9.77201049e-08  3.29999999e+00  9.77201049e-08  0.00000000e+00  9.77201049e-08  2.48866259e-06 
 9.77701049e-08  3.29999999e+00  9.77701049e-08  3.29999999e+00  9.77701049e-08  0.00000000e+00  9.77701049e-08 -2.52759849e-06 
 9.78201049e-08  3.29999999e+00  9.78201049e-08  3.29999999e+00  9.78201049e-08  0.00000000e+00  9.78201049e-08  2.48873979e-06 
 9.78701049e-08  3.29999999e+00  9.78701049e-08  3.29999999e+00  9.78701049e-08  0.00000000e+00  9.78701049e-08 -2.52752160e-06 
 9.79201049e-08  3.29999999e+00  9.79201049e-08  3.29999999e+00  9.79201049e-08  0.00000000e+00  9.79201049e-08  2.48881637e-06 
 9.79701049e-08  3.29999999e+00  9.79701049e-08  3.29999999e+00  9.79701049e-08  0.00000000e+00  9.79701049e-08 -2.52744532e-06 
 9.80201049e-08  3.29999999e+00  9.80201049e-08  3.29999999e+00  9.80201049e-08  0.00000000e+00  9.80201049e-08  2.48889235e-06 
 9.80701049e-08  3.29999999e+00  9.80701049e-08  3.29999999e+00  9.80701049e-08  0.00000000e+00  9.80701049e-08 -2.52736964e-06 
 9.81201049e-08  3.29999999e+00  9.81201049e-08  3.29999999e+00  9.81201049e-08  0.00000000e+00  9.81201049e-08  2.48896773e-06 
 9.81701049e-08  3.29999999e+00  9.81701049e-08  3.29999999e+00  9.81701049e-08  0.00000000e+00  9.81701049e-08 -2.52729456e-06 
 9.82201049e-08  3.29999999e+00  9.82201049e-08  3.29999999e+00  9.82201049e-08  0.00000000e+00  9.82201049e-08  2.48904252e-06 
 9.82701049e-08  3.29999999e+00  9.82701049e-08  3.29999999e+00  9.82701049e-08  0.00000000e+00  9.82701049e-08 -2.52722007e-06 
 9.83201049e-08  3.29999999e+00  9.83201049e-08  3.29999999e+00  9.83201049e-08  0.00000000e+00  9.83201049e-08  2.48911672e-06 
 9.83701049e-08  3.29999999e+00  9.83701049e-08  3.29999999e+00  9.83701049e-08  0.00000000e+00  9.83701049e-08 -2.52714616e-06 
 9.84201049e-08  3.29999999e+00  9.84201049e-08  3.29999999e+00  9.84201049e-08  0.00000000e+00  9.84201049e-08  2.48919034e-06 
 9.84701049e-08  3.29999999e+00  9.84701049e-08  3.29999999e+00  9.84701049e-08  0.00000000e+00  9.84701049e-08 -2.52707283e-06 
 9.85201049e-08  3.29999999e+00  9.85201049e-08  3.29999999e+00  9.85201049e-08  0.00000000e+00  9.85201049e-08  2.48926338e-06 
 9.85701049e-08  3.29999999e+00  9.85701049e-08  3.29999999e+00  9.85701049e-08  0.00000000e+00  9.85701049e-08 -2.52700006e-06 
 9.86201049e-08  3.29999999e+00  9.86201049e-08  3.29999999e+00  9.86201049e-08  0.00000000e+00  9.86201049e-08  2.48933587e-06 
 9.86701049e-08  3.29999999e+00  9.86701049e-08  3.29999999e+00  9.86701049e-08  0.00000000e+00  9.86701049e-08 -2.52692786e-06 
 9.87201049e-08  3.29999999e+00  9.87201049e-08  3.29999999e+00  9.87201049e-08  0.00000000e+00  9.87201049e-08  2.48940779e-06 
 9.87701049e-08  3.29999999e+00  9.87701049e-08  3.29999999e+00  9.87701049e-08  0.00000000e+00  9.87701049e-08 -2.52685622e-06 
 9.88201049e-08  3.29999999e+00  9.88201049e-08  3.29999999e+00  9.88201049e-08  0.00000000e+00  9.88201049e-08  2.48947916e-06 
 9.88701049e-08  3.29999999e+00  9.88701049e-08  3.29999999e+00  9.88701049e-08  0.00000000e+00  9.88701049e-08 -2.52678513e-06 
 9.89201049e-08  3.29999999e+00  9.89201049e-08  3.29999999e+00  9.89201049e-08  0.00000000e+00  9.89201049e-08  2.48954998e-06 
 9.89701049e-08  3.29999999e+00  9.89701049e-08  3.29999999e+00  9.89701049e-08  0.00000000e+00  9.89701049e-08 -2.52671458e-06 
 9.90201049e-08  3.29999999e+00  9.90201049e-08  3.29999999e+00  9.90201049e-08  0.00000000e+00  9.90201049e-08  2.48962025e-06 
 9.90701049e-08  3.29999999e+00  9.90701049e-08  3.29999999e+00  9.90701049e-08  0.00000000e+00  9.90701049e-08 -2.52664457e-06 
 9.91201049e-08  3.29999999e+00  9.91201049e-08  3.29999999e+00  9.91201049e-08  0.00000000e+00  9.91201049e-08  2.48969000e-06 
 9.91701049e-08  3.29999999e+00  9.91701049e-08  3.29999999e+00  9.91701049e-08  0.00000000e+00  9.91701049e-08 -2.52657509e-06 
 9.92201049e-08  3.29999999e+00  9.92201049e-08  3.29999999e+00  9.92201049e-08  0.00000000e+00  9.92201049e-08  2.48975921e-06 
 9.92701049e-08  3.29999999e+00  9.92701049e-08  3.29999999e+00  9.92701049e-08  0.00000000e+00  9.92701049e-08 -2.52650614e-06 
 9.93201049e-08  3.29999999e+00  9.93201049e-08  3.29999999e+00  9.93201049e-08  0.00000000e+00  9.93201049e-08  2.48982790e-06 
 9.93701049e-08  3.29999999e+00  9.93701049e-08  3.29999999e+00  9.93701049e-08  0.00000000e+00  9.93701049e-08 -2.52643770e-06 
 9.94201049e-08  3.29999999e+00  9.94201049e-08  3.29999999e+00  9.94201049e-08  0.00000000e+00  9.94201049e-08  2.48989608e-06 
 9.94701049e-08  3.29999999e+00  9.94701049e-08  3.29999999e+00  9.94701049e-08  0.00000000e+00  9.94701049e-08 -2.52636979e-06 
 9.95201049e-08  3.29999999e+00  9.95201049e-08  3.29999999e+00  9.95201049e-08  0.00000000e+00  9.95201049e-08  2.48996374e-06 
 9.95701049e-08  3.29999999e+00  9.95701049e-08  3.29999999e+00  9.95701049e-08  0.00000000e+00  9.95701049e-08 -2.52630238e-06 
 9.96201049e-08  3.29999999e+00  9.96201049e-08  3.29999999e+00  9.96201049e-08  0.00000000e+00  9.96201049e-08  2.49003089e-06 
 9.96701049e-08  3.29999999e+00  9.96701049e-08  3.29999999e+00  9.96701049e-08  0.00000000e+00  9.96701049e-08 -2.52623548e-06 
 9.97201049e-08  3.29999999e+00  9.97201049e-08  3.29999999e+00  9.97201049e-08  0.00000000e+00  9.97201049e-08  2.49009755e-06 
 9.97701049e-08  3.29999999e+00  9.97701049e-08  3.29999999e+00  9.97701049e-08  0.00000000e+00  9.97701049e-08 -2.52616907e-06 
 9.98201049e-08  3.29999999e+00  9.98201049e-08  3.29999999e+00  9.98201049e-08  0.00000000e+00  9.98201049e-08  2.49016371e-06 
 9.98701049e-08  3.29999999e+00  9.98701049e-08  3.29999999e+00  9.98701049e-08  0.00000000e+00  9.98701049e-08 -2.52610316e-06 
 9.99201049e-08  3.29999999e+00  9.99201049e-08  3.29999999e+00  9.99201049e-08  0.00000000e+00  9.99201049e-08  2.49022938e-06 
 9.99701049e-08  3.29999999e+00  9.99701049e-08  3.29999999e+00  9.99701049e-08  0.00000000e+00  9.99701049e-08 -2.52603773e-06 
 1.00000000e-07  3.29999999e+00  1.00000000e-07  3.29999999e+00  1.00000000e-07  0.00000000e+00  1.00000000e-07  2.49028149e-06 
 1.00005000e-07  3.29999999e+00  1.00005000e-07  3.29999999e+00  1.00005000e-07  0.00000000e+00  1.00005000e-07 -1.78690961e-08 
 1.00015000e-07  3.30000000e+00  1.00015000e-07  3.29999999e+00  1.00015000e-07  0.00000000e+00  1.00015000e-07 -1.78653095e-08 
 1.00035000e-07  3.30000001e+00  1.00035000e-07  3.29999998e+00  1.00035000e-07  0.00000000e+00  1.00035000e-07 -1.78565592e-08 
 1.00075000e-07  3.30000001e+00  1.00075000e-07  3.29999997e+00  1.00075000e-07  0.00000000e+00  1.00075000e-07 -1.78325396e-08 
 1.00125000e-07  3.30000001e+00  1.00125000e-07  3.29999998e+00  1.00125000e-07  0.00000000e+00  1.00125000e-07 -1.78006800e-08 
 1.00175000e-07  3.30000000e+00  1.00175000e-07  3.29999998e+00  1.00175000e-07  0.00000000e+00  1.00175000e-07 -1.77661984e-08 
 1.00225000e-07  3.30000000e+00  1.00225000e-07  3.29999998e+00  1.00225000e-07  0.00000000e+00  1.00225000e-07 -1.77330262e-08 
 1.00275000e-07  3.30000000e+00  1.00275000e-07  3.29999999e+00  1.00275000e-07  0.00000000e+00  1.00275000e-07 -1.76984691e-08 
 1.00325000e-07  3.30000000e+00  1.00325000e-07  3.29999999e+00  1.00325000e-07  0.00000000e+00  1.00325000e-07 -1.76654079e-08 
 1.00375000e-07  3.30000000e+00  1.00375000e-07  3.29999999e+00  1.00375000e-07  0.00000000e+00  1.00375000e-07 -1.76310598e-08 
 1.00425000e-07  3.29999999e+00  1.00425000e-07  3.29999999e+00  1.00425000e-07  0.00000000e+00  1.00425000e-07 -1.75982607e-08 
 1.00475000e-07  3.29999999e+00  1.00475000e-07  3.29999999e+00  1.00475000e-07  0.00000000e+00  1.00475000e-07 -1.75641711e-08 
 1.00525000e-07  3.29999999e+00  1.00525000e-07  3.29999999e+00  1.00525000e-07  0.00000000e+00  1.00525000e-07 -1.75316262e-08 
 1.00575000e-07  3.29999999e+00  1.00575000e-07  3.29999999e+00  1.00575000e-07  0.00000000e+00  1.00575000e-07 -1.74977873e-08 
 1.00625000e-07  3.29999999e+00  1.00625000e-07  3.29999999e+00  1.00625000e-07  0.00000000e+00  1.00625000e-07 -1.74654898e-08 
 1.00675000e-07  3.29999999e+00  1.00675000e-07  3.29999999e+00  1.00675000e-07  0.00000000e+00  1.00675000e-07 -1.74318958e-08 
 1.00725000e-07  3.29999999e+00  1.00725000e-07  3.29999999e+00  1.00725000e-07  0.00000000e+00  1.00725000e-07 -1.73998410e-08 
 1.00775000e-07  3.29999999e+00  1.00775000e-07  3.29999999e+00  1.00775000e-07  0.00000000e+00  1.00775000e-07 -1.73664877e-08 
 1.00825000e-07  3.29999999e+00  1.00825000e-07  3.29999999e+00  1.00825000e-07  0.00000000e+00  1.00825000e-07 -1.73346719e-08 
 1.00875000e-07  3.29999999e+00  1.00875000e-07  3.29999999e+00  1.00875000e-07  0.00000000e+00  1.00875000e-07 -1.73015560e-08 
 1.00925000e-07  3.29999999e+00  1.00925000e-07  3.29999999e+00  1.00925000e-07  0.00000000e+00  1.00925000e-07 -1.72699762e-08 
 1.00975000e-07  3.29999999e+00  1.00975000e-07  3.29999999e+00  1.00975000e-07  0.00000000e+00  1.00975000e-07 -1.72370948e-08 
 1.01025000e-07  3.29999999e+00  1.01025000e-07  3.29999999e+00  1.01025000e-07  0.00000000e+00  1.01025000e-07 -1.72057481e-08 
 1.01075000e-07  3.29999999e+00  1.01075000e-07  3.29999999e+00  1.01075000e-07  0.00000000e+00  1.01075000e-07 -1.71730985e-08 
 1.01125000e-07  3.29999999e+00  1.01125000e-07  3.29999999e+00  1.01125000e-07  0.00000000e+00  1.01125000e-07 -1.71419823e-08 
 1.01175000e-07  3.29999999e+00  1.01175000e-07  3.29999999e+00  1.01175000e-07  0.00000000e+00  1.01175000e-07 -1.71095619e-08 
 1.01225000e-07  3.29999999e+00  1.01225000e-07  3.29999999e+00  1.01225000e-07  0.00000000e+00  1.01225000e-07 -1.70786738e-08 
 1.01275000e-07  3.29999999e+00  1.01275000e-07  3.29999999e+00  1.01275000e-07  0.00000000e+00  1.01275000e-07 -1.70464802e-08 
 1.01325000e-07  3.29999999e+00  1.01325000e-07  3.29999999e+00  1.01325000e-07  0.00000000e+00  1.01325000e-07 -1.70158176e-08 
 1.01375000e-07  3.29999999e+00  1.01375000e-07  3.29999999e+00  1.01375000e-07  0.00000000e+00  1.01375000e-07 -1.69838485e-08 
 1.01425000e-07  3.29999999e+00  1.01425000e-07  3.29999999e+00  1.01425000e-07  0.00000000e+00  1.01425000e-07 -1.69534091e-08 
 1.01475000e-07  3.29999999e+00  1.01475000e-07  3.29999999e+00  1.01475000e-07  0.00000000e+00  1.01475000e-07 -1.69216619e-08 
 1.01525000e-07  3.29999999e+00  1.01525000e-07  3.29999999e+00  1.01525000e-07  0.00000000e+00  1.01525000e-07 -1.68914434e-08 
 1.01575000e-07  3.29999999e+00  1.01575000e-07  3.29999999e+00  1.01575000e-07  0.00000000e+00  1.01575000e-07 -1.68599159e-08 
 1.01625000e-07  3.29999999e+00  1.01625000e-07  3.29999999e+00  1.01625000e-07  0.00000000e+00  1.01625000e-07 -1.68299159e-08 
 1.01675000e-07  3.29999999e+00  1.01675000e-07  3.29999999e+00  1.01675000e-07  0.00000000e+00  1.01675000e-07 -1.67986058e-08 
 1.01725000e-07  3.29999999e+00  1.01725000e-07  3.29999999e+00  1.01725000e-07  0.00000000e+00  1.01725000e-07 -1.67688220e-08 
 1.01775000e-07  3.29999999e+00  1.01775000e-07  3.29999999e+00  1.01775000e-07  0.00000000e+00  1.01775000e-07 -1.67377270e-08 
 1.01825000e-07  3.29999999e+00  1.01825000e-07  3.29999999e+00  1.01825000e-07  0.00000000e+00  1.01825000e-07 -1.67081573e-08 
 1.01875000e-07  3.29999999e+00  1.01875000e-07  3.29999999e+00  1.01875000e-07  0.00000000e+00  1.01875000e-07 -1.66772752e-08 
 1.01925000e-07  3.29999999e+00  1.01925000e-07  3.29999999e+00  1.01925000e-07  0.00000000e+00  1.01925000e-07 -1.66479173e-08 
 1.01975000e-07  3.29999999e+00  1.01975000e-07  3.29999999e+00  1.01975000e-07  0.00000000e+00  1.01975000e-07 -1.66172459e-08 
 1.02025000e-07  3.29999999e+00  1.02025000e-07  3.29999999e+00  1.02025000e-07  0.00000000e+00  1.02025000e-07 -1.65880976e-08 
 1.02075000e-07  3.29999999e+00  1.02075000e-07  3.29999999e+00  1.02075000e-07  0.00000000e+00  1.02075000e-07 -1.65576348e-08 
 1.02125000e-07  3.29999999e+00  1.02125000e-07  3.29999999e+00  1.02125000e-07  0.00000000e+00  1.02125000e-07 -1.65286939e-08 
 1.02175000e-07  3.29999999e+00  1.02175000e-07  3.29999999e+00  1.02175000e-07  0.00000000e+00  1.02175000e-07 -1.64984375e-08 
 1.02225000e-07  3.29999999e+00  1.02225000e-07  3.29999999e+00  1.02225000e-07  0.00000000e+00  1.02225000e-07 -1.64697019e-08 
 1.02275000e-07  3.29999999e+00  1.02275000e-07  3.29999999e+00  1.02275000e-07  0.00000000e+00  1.02275000e-07 -1.64396498e-08 
 1.02325000e-07  3.29999999e+00  1.02325000e-07  3.29999999e+00  1.02325000e-07  0.00000000e+00  1.02325000e-07 -1.64111175e-08 
 1.02375000e-07  3.29999999e+00  1.02375000e-07  3.29999999e+00  1.02375000e-07  0.00000000e+00  1.02375000e-07 -1.63812676e-08 
 1.02425000e-07  3.29999999e+00  1.02425000e-07  3.29999999e+00  1.02425000e-07  0.00000000e+00  1.02425000e-07 -1.63529365e-08 
 1.02475000e-07  3.29999999e+00  1.02475000e-07  3.29999999e+00  1.02475000e-07  0.00000000e+00  1.02475000e-07 -1.63232867e-08 
 1.02525000e-07  3.29999999e+00  1.02525000e-07  3.29999999e+00  1.02525000e-07  0.00000000e+00  1.02525000e-07 -1.62951547e-08 
 1.02575000e-07  3.29999999e+00  1.02575000e-07  3.29999999e+00  1.02575000e-07  0.00000000e+00  1.02575000e-07 -1.62657031e-08 
 1.02625000e-07  3.29999999e+00  1.02625000e-07  3.29999999e+00  1.02625000e-07  0.00000000e+00  1.02625000e-07 -1.62377682e-08 
 1.02675000e-07  3.29999999e+00  1.02675000e-07  3.29999999e+00  1.02675000e-07  0.00000000e+00  1.02675000e-07 -1.62085127e-08 
 1.02725000e-07  3.29999999e+00  1.02725000e-07  3.29999999e+00  1.02725000e-07  0.00000000e+00  1.02725000e-07 -1.61807730e-08 
 1.02775000e-07  3.29999999e+00  1.02775000e-07  3.29999999e+00  1.02775000e-07  0.00000000e+00  1.02775000e-07 -1.61517117e-08 
 1.02825000e-07  3.29999999e+00  1.02825000e-07  3.29999999e+00  1.02825000e-07  0.00000000e+00  1.02825000e-07 -1.61241651e-08 
 1.02875000e-07  3.29999999e+00  1.02875000e-07  3.29999999e+00  1.02875000e-07  0.00000000e+00  1.02875000e-07 -1.60952960e-08 
 1.02925000e-07  3.29999999e+00  1.02925000e-07  3.29999999e+00  1.02925000e-07  0.00000000e+00  1.02925000e-07 -1.60679407e-08 
 1.02975000e-07  3.29999999e+00  1.02975000e-07  3.29999999e+00  1.02975000e-07  0.00000000e+00  1.02975000e-07 -1.60392619e-08 
 1.03025000e-07  3.29999999e+00  1.03025000e-07  3.29999999e+00  1.03025000e-07  0.00000000e+00  1.03025000e-07 -1.60120959e-08 
 1.03075000e-07  3.29999999e+00  1.03075000e-07  3.29999999e+00  1.03075000e-07  0.00000000e+00  1.03075000e-07 -1.59836055e-08 
 1.03125000e-07  3.29999999e+00  1.03125000e-07  3.29999999e+00  1.03125000e-07  0.00000000e+00  1.03125000e-07 -1.59566270e-08 
 1.03175000e-07  3.29999999e+00  1.03175000e-07  3.29999999e+00  1.03175000e-07  0.00000000e+00  1.03175000e-07 -1.59283231e-08 
 1.03225000e-07  3.29999999e+00  1.03225000e-07  3.29999999e+00  1.03225000e-07  0.00000000e+00  1.03225000e-07 -1.59015302e-08 
 1.03275000e-07  3.29999999e+00  1.03275000e-07  3.29999999e+00  1.03275000e-07  0.00000000e+00  1.03275000e-07 -1.58734110e-08 
 1.03325000e-07  3.29999999e+00  1.03325000e-07  3.29999999e+00  1.03325000e-07  0.00000000e+00  1.03325000e-07 -1.58468019e-08 
 1.03375000e-07  3.29999999e+00  1.03375000e-07  3.29999999e+00  1.03375000e-07  0.00000000e+00  1.03375000e-07 -1.58188655e-08 
 1.03425000e-07  3.29999999e+00  1.03425000e-07  3.29999999e+00  1.03425000e-07  0.00000000e+00  1.03425000e-07 -1.57924384e-08 
 1.03475000e-07  3.29999999e+00  1.03475000e-07  3.29999999e+00  1.03475000e-07  0.00000000e+00  1.03475000e-07 -1.57646830e-08 
 1.03525000e-07  3.29999999e+00  1.03525000e-07  3.29999999e+00  1.03525000e-07  0.00000000e+00  1.03525000e-07 -1.57384361e-08 
 1.03575000e-07  3.29999999e+00  1.03575000e-07  3.29999999e+00  1.03575000e-07  0.00000000e+00  1.03575000e-07 -1.57108600e-08 
 1.03625000e-07  3.29999999e+00  1.03625000e-07  3.29999999e+00  1.03625000e-07  0.00000000e+00  1.03625000e-07 -1.56847915e-08 
 1.03675000e-07  3.29999999e+00  1.03675000e-07  3.29999999e+00  1.03675000e-07  0.00000000e+00  1.03675000e-07 -1.56573930e-08 
 1.03725000e-07  3.29999999e+00  1.03725000e-07  3.29999999e+00  1.03725000e-07  0.00000000e+00  1.03725000e-07 -1.56315011e-08 
 1.03775000e-07  3.29999999e+00  1.03775000e-07  3.29999999e+00  1.03775000e-07  0.00000000e+00  1.03775000e-07 -1.56042784e-08 
 1.03825000e-07  3.29999999e+00  1.03825000e-07  3.29999999e+00  1.03825000e-07  0.00000000e+00  1.03825000e-07 -1.55785615e-08 
 1.03875000e-07  3.29999999e+00  1.03875000e-07  3.29999999e+00  1.03875000e-07  0.00000000e+00  1.03875000e-07 -1.55515129e-08 
 1.03925000e-07  3.29999999e+00  1.03925000e-07  3.29999999e+00  1.03925000e-07  0.00000000e+00  1.03925000e-07 -1.55259692e-08 
 1.03975000e-07  3.29999999e+00  1.03975000e-07  3.29999999e+00  1.03975000e-07  0.00000000e+00  1.03975000e-07 -1.54990930e-08 
 1.04025000e-07  3.29999999e+00  1.04025000e-07  3.29999999e+00  1.04025000e-07  0.00000000e+00  1.04025000e-07 -1.54737209e-08 
 1.04075000e-07  3.29999999e+00  1.04075000e-07  3.29999999e+00  1.04075000e-07  0.00000000e+00  1.04075000e-07 -1.54470155e-08 
 1.04125000e-07  3.29999999e+00  1.04125000e-07  3.29999999e+00  1.04125000e-07  0.00000000e+00  1.04125000e-07 -1.54218133e-08 
 1.04175000e-07  3.29999999e+00  1.04175000e-07  3.29999999e+00  1.04175000e-07  0.00000000e+00  1.04175000e-07 -1.53952770e-08 
 1.04225000e-07  3.29999999e+00  1.04225000e-07  3.29999999e+00  1.04225000e-07  0.00000000e+00  1.04225000e-07 -1.53702431e-08 
 1.04275000e-07  3.29999999e+00  1.04275000e-07  3.29999999e+00  1.04275000e-07  0.00000000e+00  1.04275000e-07 -1.53438743e-08 
 1.04325000e-07  3.29999999e+00  1.04325000e-07  3.29999999e+00  1.04325000e-07  0.00000000e+00  1.04325000e-07 -1.53190071e-08 
 1.04375000e-07  3.29999999e+00  1.04375000e-07  3.29999999e+00  1.04375000e-07  0.00000000e+00  1.04375000e-07 -1.52928042e-08 
 1.04425000e-07  3.29999999e+00  1.04425000e-07  3.29999999e+00  1.04425000e-07  0.00000000e+00  1.04425000e-07 -1.52681021e-08 
 1.04475000e-07  3.29999999e+00  1.04475000e-07  3.29999999e+00  1.04475000e-07  0.00000000e+00  1.04475000e-07 -1.52420634e-08 
 1.04525000e-07  3.29999999e+00  1.04525000e-07  3.29999999e+00  1.04525000e-07  0.00000000e+00  1.04525000e-07 -1.52175249e-08 
 1.04575000e-07  3.29999999e+00  1.04575000e-07  3.29999999e+00  1.04575000e-07  0.00000000e+00  1.04575000e-07 -1.51916490e-08 
 1.04625000e-07  3.29999999e+00  1.04625000e-07  3.29999999e+00  1.04625000e-07  0.00000000e+00  1.04625000e-07 -1.51672724e-08 
 1.04675000e-07  3.29999999e+00  1.04675000e-07  3.29999999e+00  1.04675000e-07  0.00000000e+00  1.04675000e-07 -1.51415577e-08 
 1.04725000e-07  3.29999999e+00  1.04725000e-07  3.29999999e+00  1.04725000e-07  0.00000000e+00  1.04725000e-07 -1.51173415e-08 
 1.04775000e-07  3.29999999e+00  1.04775000e-07  3.29999999e+00  1.04775000e-07  0.00000000e+00  1.04775000e-07 -1.50917865e-08 
 1.04825000e-07  3.29999999e+00  1.04825000e-07  3.29999999e+00  1.04825000e-07  0.00000000e+00  1.04825000e-07 -1.50677293e-08 
 1.04875000e-07  3.29999999e+00  1.04875000e-07  3.29999999e+00  1.04875000e-07  0.00000000e+00  1.04875000e-07 -1.50423324e-08 
 1.04925000e-07  3.29999999e+00  1.04925000e-07  3.29999999e+00  1.04925000e-07  0.00000000e+00  1.04925000e-07 -1.50184326e-08 
 1.04975000e-07  3.29999999e+00  1.04975000e-07  3.29999999e+00  1.04975000e-07  0.00000000e+00  1.04975000e-07 -1.49931925e-08 
 1.05025000e-07  3.29999999e+00  1.05025000e-07  3.29999999e+00  1.05025000e-07  0.00000000e+00  1.05025000e-07 -1.49694486e-08 
 1.05075000e-07  3.29999999e+00  1.05075000e-07  3.29999999e+00  1.05075000e-07  0.00000000e+00  1.05075000e-07 -1.49443637e-08 
 1.05125000e-07  3.29999999e+00  1.05125000e-07  3.29999999e+00  1.05125000e-07  0.00000000e+00  1.05125000e-07 -1.49207744e-08 
 1.05175000e-07  3.29999999e+00  1.05175000e-07  3.29999999e+00  1.05175000e-07  0.00000000e+00  1.05175000e-07 -1.48958433e-08 
 1.05225000e-07  3.29999999e+00  1.05225000e-07  3.29999999e+00  1.05225000e-07  0.00000000e+00  1.05225000e-07 -1.48724070e-08 
 1.05275000e-07  3.29999999e+00  1.05275000e-07  3.29999999e+00  1.05275000e-07  0.00000000e+00  1.05275000e-07 -1.48476282e-08 
 1.05325000e-07  3.29999999e+00  1.05325000e-07  3.29999999e+00  1.05325000e-07  0.00000000e+00  1.05325000e-07 -1.48243435e-08 
 1.05375000e-07  3.29999999e+00  1.05375000e-07  3.29999999e+00  1.05375000e-07  0.00000000e+00  1.05375000e-07 -1.47997157e-08 
 1.05425000e-07  3.29999999e+00  1.05425000e-07  3.29999999e+00  1.05425000e-07  0.00000000e+00  1.05425000e-07 -1.47765813e-08 
 1.05475000e-07  3.29999999e+00  1.05475000e-07  3.29999999e+00  1.05475000e-07  0.00000000e+00  1.05475000e-07 -1.47521029e-08 
 1.05525000e-07  3.29999999e+00  1.05525000e-07  3.29999999e+00  1.05525000e-07  0.00000000e+00  1.05525000e-07 -1.47291174e-08 
 1.05575000e-07  3.29999999e+00  1.05575000e-07  3.29999999e+00  1.05575000e-07  0.00000000e+00  1.05575000e-07 -1.47047872e-08 
 1.05625000e-07  3.29999999e+00  1.05625000e-07  3.29999999e+00  1.05625000e-07  0.00000000e+00  1.05625000e-07 -1.46819491e-08 
 1.05675000e-07  3.29999999e+00  1.05675000e-07  3.29999999e+00  1.05675000e-07  0.00000000e+00  1.05675000e-07 -1.46577658e-08 
 1.05725000e-07  3.29999999e+00  1.05725000e-07  3.29999999e+00  1.05725000e-07  0.00000000e+00  1.05725000e-07 -1.46350738e-08 
 1.05775000e-07  3.29999999e+00  1.05775000e-07  3.29999999e+00  1.05775000e-07  0.00000000e+00  1.05775000e-07 -1.46110359e-08 
 1.05825000e-07  3.29999999e+00  1.05825000e-07  3.29999999e+00  1.05825000e-07  0.00000000e+00  1.05825000e-07 -1.45884887e-08 
 1.05875000e-07  3.29999999e+00  1.05875000e-07  3.29999999e+00  1.05875000e-07  0.00000000e+00  1.05875000e-07 -1.45645949e-08 
 1.05925000e-07  3.29999999e+00  1.05925000e-07  3.29999999e+00  1.05925000e-07  0.00000000e+00  1.05925000e-07 -1.45421912e-08 
 1.05975000e-07  3.29999999e+00  1.05975000e-07  3.29999999e+00  1.05975000e-07  0.00000000e+00  1.05975000e-07 -1.45184402e-08 
 1.06025000e-07  3.29999999e+00  1.06025000e-07  3.29999999e+00  1.06025000e-07  0.00000000e+00  1.06025000e-07 -1.44961787e-08 
 1.06075000e-07  3.29999999e+00  1.06075000e-07  3.29999999e+00  1.06075000e-07  0.00000000e+00  1.06075000e-07 -1.44725692e-08 
 1.06125000e-07  3.29999999e+00  1.06125000e-07  3.29999999e+00  1.06125000e-07  0.00000000e+00  1.06125000e-07 -1.44504485e-08 
 1.06175000e-07  3.29999999e+00  1.06175000e-07  3.29999999e+00  1.06175000e-07  0.00000000e+00  1.06175000e-07 -1.44269793e-08 
 1.06225000e-07  3.29999999e+00  1.06225000e-07  3.29999999e+00  1.06225000e-07  0.00000000e+00  1.06225000e-07 -1.44049982e-08 
 1.06275000e-07  3.29999999e+00  1.06275000e-07  3.29999999e+00  1.06275000e-07  0.00000000e+00  1.06275000e-07 -1.43816679e-08 
 1.06325000e-07  3.29999999e+00  1.06325000e-07  3.29999999e+00  1.06325000e-07  0.00000000e+00  1.06325000e-07 -1.43598252e-08 
 1.06375000e-07  3.29999999e+00  1.06375000e-07  3.29999999e+00  1.06375000e-07  0.00000000e+00  1.06375000e-07 -1.43366326e-08 
 1.06425000e-07  3.29999999e+00  1.06425000e-07  3.29999999e+00  1.06425000e-07  0.00000000e+00  1.06425000e-07 -1.43149270e-08 
 1.06475000e-07  3.29999999e+00  1.06475000e-07  3.29999999e+00  1.06475000e-07  0.00000000e+00  1.06475000e-07 -1.42918709e-08 
 1.06525000e-07  3.29999999e+00  1.06525000e-07  3.29999999e+00  1.06525000e-07  0.00000000e+00  1.06525000e-07 -1.42703011e-08 
 1.06575000e-07  3.29999999e+00  1.06575000e-07  3.29999999e+00  1.06575000e-07  0.00000000e+00  1.06575000e-07 -1.42473803e-08 
 1.06625000e-07  3.29999999e+00  1.06625000e-07  3.29999999e+00  1.06625000e-07  0.00000000e+00  1.06625000e-07 -1.42259451e-08 
 1.06675000e-07  3.29999999e+00  1.06675000e-07  3.29999999e+00  1.06675000e-07  0.00000000e+00  1.06675000e-07 -1.42031583e-08 
 1.06725000e-07  3.29999999e+00  1.06725000e-07  3.29999999e+00  1.06725000e-07  0.00000000e+00  1.06725000e-07 -1.41818566e-08 
 1.06775000e-07  3.29999999e+00  1.06775000e-07  3.29999999e+00  1.06775000e-07  0.00000000e+00  1.06775000e-07 -1.41592027e-08 
 1.06825000e-07  3.29999999e+00  1.06825000e-07  3.29999999e+00  1.06825000e-07  0.00000000e+00  1.06825000e-07 -1.41380333e-08 
 1.06875000e-07  3.29999999e+00  1.06875000e-07  3.29999999e+00  1.06875000e-07  0.00000000e+00  1.06875000e-07 -1.41155110e-08 
 1.06925000e-07  3.29999999e+00  1.06925000e-07  3.29999999e+00  1.06925000e-07  0.00000000e+00  1.06925000e-07 -1.40944727e-08 
 1.06975000e-07  3.29999999e+00  1.06975000e-07  3.29999999e+00  1.06975000e-07  0.00000000e+00  1.06975000e-07 -1.40720809e-08 
 1.07025000e-07  3.29999999e+00  1.07025000e-07  3.29999999e+00  1.07025000e-07  0.00000000e+00  1.07025000e-07 -1.40511725e-08 
 1.07075000e-07  3.29999999e+00  1.07075000e-07  3.29999999e+00  1.07075000e-07  0.00000000e+00  1.07075000e-07 -1.40289101e-08 
 1.07125000e-07  3.29999999e+00  1.07125000e-07  3.29999999e+00  1.07125000e-07  0.00000000e+00  1.07125000e-07 -1.40081305e-08 
 1.07175000e-07  3.29999999e+00  1.07175000e-07  3.29999999e+00  1.07175000e-07  0.00000000e+00  1.07175000e-07 -1.39859963e-08 
 1.07225000e-07  3.29999999e+00  1.07225000e-07  3.29999999e+00  1.07225000e-07  0.00000000e+00  1.07225000e-07 -1.39653443e-08 
 1.07275000e-07  3.29999999e+00  1.07275000e-07  3.29999999e+00  1.07275000e-07  0.00000000e+00  1.07275000e-07 -1.39433373e-08 
 1.07325000e-07  3.29999999e+00  1.07325000e-07  3.29999999e+00  1.07325000e-07  0.00000000e+00  1.07325000e-07 -1.39228118e-08 
 1.07375000e-07  3.29999999e+00  1.07375000e-07  3.29999999e+00  1.07375000e-07  0.00000000e+00  1.07375000e-07 -1.39009307e-08 
 1.07425000e-07  3.29999999e+00  1.07425000e-07  3.29999999e+00  1.07425000e-07  0.00000000e+00  1.07425000e-07 -1.38805307e-08 
 1.07475000e-07  3.29999999e+00  1.07475000e-07  3.29999999e+00  1.07475000e-07  0.00000000e+00  1.07475000e-07 -1.38587745e-08 
 1.07525000e-07  3.29999999e+00  1.07525000e-07  3.29999999e+00  1.07525000e-07  0.00000000e+00  1.07525000e-07 -1.38384988e-08 
 1.07575000e-07  3.29999999e+00  1.07575000e-07  3.29999999e+00  1.07575000e-07  0.00000000e+00  1.07575000e-07 -1.38168664e-08 
 1.07625000e-07  3.29999999e+00  1.07625000e-07  3.29999999e+00  1.07625000e-07  0.00000000e+00  1.07625000e-07 -1.37967140e-08 
 1.07675000e-07  3.29999999e+00  1.07675000e-07  3.29999999e+00  1.07675000e-07  0.00000000e+00  1.07675000e-07 -1.37752043e-08 
 1.07725000e-07  3.29999999e+00  1.07725000e-07  3.29999999e+00  1.07725000e-07  0.00000000e+00  1.07725000e-07 -1.37551740e-08 
 1.07775000e-07  3.29999999e+00  1.07775000e-07  3.29999999e+00  1.07775000e-07  0.00000000e+00  1.07775000e-07 -1.37337860e-08 
 1.07825000e-07  3.29999999e+00  1.07825000e-07  3.29999999e+00  1.07825000e-07  0.00000000e+00  1.07825000e-07 -1.37138769e-08 
 1.07875000e-07  3.29999999e+00  1.07875000e-07  3.29999999e+00  1.07875000e-07  0.00000000e+00  1.07875000e-07 -1.36926094e-08 
 1.07925000e-07  3.29999999e+00  1.07925000e-07  3.29999999e+00  1.07925000e-07  0.00000000e+00  1.07925000e-07 -1.36728204e-08 
 1.07975000e-07  3.29999999e+00  1.07975000e-07  3.29999999e+00  1.07975000e-07  0.00000000e+00  1.07975000e-07 -1.36516726e-08 
 1.08025000e-07  3.29999999e+00  1.08025000e-07  3.29999999e+00  1.08025000e-07  0.00000000e+00  1.08025000e-07 -1.36320026e-08 
 1.08075000e-07  3.29999999e+00  1.08075000e-07  3.29999999e+00  1.08075000e-07  0.00000000e+00  1.08075000e-07 -1.36109733e-08 
 1.08125000e-07  3.29999999e+00  1.08125000e-07  3.29999999e+00  1.08125000e-07  0.00000000e+00  1.08125000e-07 -1.35914213e-08 
 1.08175000e-07  3.29999999e+00  1.08175000e-07  3.29999999e+00  1.08175000e-07  0.00000000e+00  1.08175000e-07 -1.35705096e-08 
 1.08225000e-07  3.29999999e+00  1.08225000e-07  3.29999999e+00  1.08225000e-07  0.00000000e+00  1.08225000e-07 -1.35510746e-08 
 1.08275000e-07  3.29999999e+00  1.08275000e-07  3.29999999e+00  1.08275000e-07  0.00000000e+00  1.08275000e-07 -1.35302794e-08 
 1.08325000e-07  3.29999999e+00  1.08325000e-07  3.29999999e+00  1.08325000e-07  0.00000000e+00  1.08325000e-07 -1.35109605e-08 
 1.08375000e-07  3.29999999e+00  1.08375000e-07  3.29999999e+00  1.08375000e-07  0.00000000e+00  1.08375000e-07 -1.34902808e-08 
 1.08425000e-07  3.29999999e+00  1.08425000e-07  3.29999999e+00  1.08425000e-07  0.00000000e+00  1.08425000e-07 -1.34710769e-08 
 1.08475000e-07  3.29999999e+00  1.08475000e-07  3.29999999e+00  1.08475000e-07  0.00000000e+00  1.08475000e-07 -1.34505118e-08 
 1.08525000e-07  3.29999999e+00  1.08525000e-07  3.29999999e+00  1.08525000e-07  0.00000000e+00  1.08525000e-07 -1.34314220e-08 
 1.08575000e-07  3.29999999e+00  1.08575000e-07  3.29999999e+00  1.08575000e-07  0.00000000e+00  1.08575000e-07 -1.34109704e-08 
 1.08625000e-07  3.29999999e+00  1.08625000e-07  3.29999999e+00  1.08625000e-07  0.00000000e+00  1.08625000e-07 -1.33919937e-08 
 1.08675000e-07  3.29999999e+00  1.08675000e-07  3.29999999e+00  1.08675000e-07  0.00000000e+00  1.08675000e-07 -1.33716548e-08 
 1.08725000e-07  3.29999999e+00  1.08725000e-07  3.29999999e+00  1.08725000e-07  0.00000000e+00  1.08725000e-07 -1.33527902e-08 
 1.08775000e-07  3.29999999e+00  1.08775000e-07  3.29999999e+00  1.08775000e-07  0.00000000e+00  1.08775000e-07 -1.33325629e-08 
 1.08825000e-07  3.29999999e+00  1.08825000e-07  3.29999999e+00  1.08825000e-07  0.00000000e+00  1.08825000e-07 -1.33138096e-08 
 1.08875000e-07  3.29999999e+00  1.08875000e-07  3.29999999e+00  1.08875000e-07  0.00000000e+00  1.08875000e-07 -1.32936931e-08 
 1.08925000e-07  3.29999999e+00  1.08925000e-07  3.29999999e+00  1.08925000e-07  0.00000000e+00  1.08925000e-07 -1.32750500e-08 
 1.08975000e-07  3.29999999e+00  1.08975000e-07  3.29999999e+00  1.08975000e-07  0.00000000e+00  1.08975000e-07 -1.32550433e-08 
 1.09025000e-07  3.29999999e+00  1.09025000e-07  3.29999999e+00  1.09025000e-07  0.00000000e+00  1.09025000e-07 -1.32365096e-08 
 1.09075000e-07  3.29999999e+00  1.09075000e-07  3.29999999e+00  1.09075000e-07  0.00000000e+00  1.09075000e-07 -1.32166118e-08 
 1.09125000e-07  3.29999999e+00  1.09125000e-07  3.29999999e+00  1.09125000e-07  0.00000000e+00  1.09125000e-07 -1.31981865e-08 
 1.09175000e-07  3.29999999e+00  1.09175000e-07  3.29999999e+00  1.09175000e-07  0.00000000e+00  1.09175000e-07 -1.31783967e-08 
 1.09225000e-07  3.29999999e+00  1.09225000e-07  3.29999999e+00  1.09225000e-07  0.00000000e+00  1.09225000e-07 -1.31600789e-08 
 1.09275000e-07  3.29999999e+00  1.09275000e-07  3.29999999e+00  1.09275000e-07  0.00000000e+00  1.09275000e-07 -1.31403962e-08 
 1.09325000e-07  3.29999999e+00  1.09325000e-07  3.29999999e+00  1.09325000e-07  0.00000000e+00  1.09325000e-07 -1.31221851e-08 
 1.09375000e-07  3.29999999e+00  1.09375000e-07  3.29999999e+00  1.09375000e-07  0.00000000e+00  1.09375000e-07 -1.31026085e-08 
 1.09425000e-07  3.29999999e+00  1.09425000e-07  3.29999999e+00  1.09425000e-07  0.00000000e+00  1.09425000e-07 -1.30845032e-08 
 1.09475000e-07  3.29999999e+00  1.09475000e-07  3.29999999e+00  1.09475000e-07  0.00000000e+00  1.09475000e-07 -1.30650320e-08 
 1.09525000e-07  3.29999999e+00  1.09525000e-07  3.29999999e+00  1.09525000e-07  0.00000000e+00  1.09525000e-07 -1.30470316e-08 
 1.09575000e-07  3.29999999e+00  1.09575000e-07  3.29999999e+00  1.09575000e-07  0.00000000e+00  1.09575000e-07 -1.30276648e-08 
 1.09625000e-07  3.29999999e+00  1.09625000e-07  3.29999999e+00  1.09625000e-07  0.00000000e+00  1.09625000e-07 -1.30097684e-08 
 1.09675000e-07  3.29999999e+00  1.09675000e-07  3.29999999e+00  1.09675000e-07  0.00000000e+00  1.09675000e-07 -1.29905052e-08 
 1.09725000e-07  3.29999999e+00  1.09725000e-07  3.29999999e+00  1.09725000e-07  0.00000000e+00  1.09725000e-07 -1.29727120e-08 
 1.09775000e-07  3.29999999e+00  1.09775000e-07  3.29999999e+00  1.09775000e-07  0.00000000e+00  1.09775000e-07 -1.29535516e-08 
 1.09825000e-07  3.29999999e+00  1.09825000e-07  3.29999999e+00  1.09825000e-07  0.00000000e+00  1.09825000e-07 -1.29358607e-08 
 1.09875000e-07  3.29999999e+00  1.09875000e-07  3.29999999e+00  1.09875000e-07  0.00000000e+00  1.09875000e-07 -1.29168022e-08 
 1.09925000e-07  3.29999999e+00  1.09925000e-07  3.29999999e+00  1.09925000e-07  0.00000000e+00  1.09925000e-07 -1.28992128e-08 
 1.09975000e-07  3.29999999e+00  1.09975000e-07  3.29999999e+00  1.09975000e-07  0.00000000e+00  1.09975000e-07 -1.28802553e-08 
 1.10025000e-07  3.29999999e+00  1.10025000e-07  3.29999999e+00  1.10025000e-07  0.00000000e+00  1.10025000e-07 -1.28627666e-08 
 1.10075000e-07  3.29999999e+00  1.10075000e-07  3.29999999e+00  1.10075000e-07  0.00000000e+00  1.10075000e-07 -1.28439094e-08 
 1.10125000e-07  3.29999999e+00  1.10125000e-07  3.29999999e+00  1.10125000e-07  0.00000000e+00  1.10125000e-07 -1.28265205e-08 
 1.10175000e-07  3.29999999e+00  1.10175000e-07  3.29999999e+00  1.10175000e-07  0.00000000e+00  1.10175000e-07 -1.28077628e-08 
 1.10225000e-07  3.29999999e+00  1.10225000e-07  3.29999999e+00  1.10225000e-07  0.00000000e+00  1.10225000e-07 -1.27904730e-08 
 1.10275000e-07  3.29999999e+00  1.10275000e-07  3.29999999e+00  1.10275000e-07  0.00000000e+00  1.10275000e-07 -1.27718138e-08 
 1.10325000e-07  3.29999999e+00  1.10325000e-07  3.29999999e+00  1.10325000e-07  0.00000000e+00  1.10325000e-07 -1.27546222e-08 
 1.10375000e-07  3.29999999e+00  1.10375000e-07  3.29999999e+00  1.10375000e-07  0.00000000e+00  1.10375000e-07 -1.27360610e-08 
 1.10425000e-07  3.29999999e+00  1.10425000e-07  3.29999999e+00  1.10425000e-07  0.00000000e+00  1.10425000e-07 -1.27189668e-08 
 1.10475000e-07  3.29999999e+00  1.10475000e-07  3.29999999e+00  1.10475000e-07  0.00000000e+00  1.10475000e-07 -1.27005026e-08 
 1.10525000e-07  3.29999999e+00  1.10525000e-07  3.29999999e+00  1.10525000e-07  0.00000000e+00  1.10525000e-07 -1.26835051e-08 
 1.10575000e-07  3.29999999e+00  1.10575000e-07  3.29999999e+00  1.10575000e-07  0.00000000e+00  1.10575000e-07 -1.26651372e-08 
 1.10625000e-07  3.29999999e+00  1.10625000e-07  3.29999999e+00  1.10625000e-07  0.00000000e+00  1.10625000e-07 -1.26482356e-08 
 1.10675000e-07  3.29999999e+00  1.10675000e-07  3.29999999e+00  1.10675000e-07  0.00000000e+00  1.10675000e-07 -1.26299632e-08 
 1.10725000e-07  3.29999999e+00  1.10725000e-07  3.29999999e+00  1.10725000e-07  0.00000000e+00  1.10725000e-07 -1.26131567e-08 
 1.10775000e-07  3.29999999e+00  1.10775000e-07  3.29999999e+00  1.10775000e-07  0.00000000e+00  1.10775000e-07 -1.25949790e-08 
 1.10825000e-07  3.29999999e+00  1.10825000e-07  3.29999999e+00  1.10825000e-07  0.00000000e+00  1.10825000e-07 -1.25782669e-08 
 1.10875000e-07  3.29999999e+00  1.10875000e-07  3.29999999e+00  1.10875000e-07  0.00000000e+00  1.10875000e-07 -1.25601832e-08 
 1.10925000e-07  3.29999999e+00  1.10925000e-07  3.29999999e+00  1.10925000e-07  0.00000000e+00  1.10925000e-07 -1.25435648e-08 
 1.10975000e-07  3.29999999e+00  1.10975000e-07  3.29999999e+00  1.10975000e-07  0.00000000e+00  1.10975000e-07 -1.25255743e-08 
 1.11025000e-07  3.29999999e+00  1.11025000e-07  3.29999999e+00  1.11025000e-07  0.00000000e+00  1.11025000e-07 -1.25090487e-08 
 1.11075000e-07  3.29999999e+00  1.11075000e-07  3.29999999e+00  1.11075000e-07  0.00000000e+00  1.11075000e-07 -1.24911507e-08 
 1.11125000e-07  3.29999999e+00  1.11125000e-07  3.29999999e+00  1.11125000e-07  0.00000000e+00  1.11125000e-07 -1.24747173e-08 
 1.11175000e-07  3.29999999e+00  1.11175000e-07  3.29999999e+00  1.11175000e-07  0.00000000e+00  1.11175000e-07 -1.24569111e-08 
 1.11225000e-07  3.29999999e+00  1.11225000e-07  3.29999999e+00  1.11225000e-07  0.00000000e+00  1.11225000e-07 -1.24405690e-08 
 1.11275000e-07  3.29999999e+00  1.11275000e-07  3.29999999e+00  1.11275000e-07  0.00000000e+00  1.11275000e-07 -1.24228539e-08 
 1.11325000e-07  3.29999999e+00  1.11325000e-07  3.29999999e+00  1.11325000e-07  0.00000000e+00  1.11325000e-07 -1.24066025e-08 
 1.11375000e-07  3.29999999e+00  1.11375000e-07  3.29999999e+00  1.11375000e-07  0.00000000e+00  1.11375000e-07 -1.23889777e-08 
 1.11425000e-07  3.29999999e+00  1.11425000e-07  3.29999999e+00  1.11425000e-07  0.00000000e+00  1.11425000e-07 -1.23728163e-08 
 1.11475000e-07  3.29999999e+00  1.11475000e-07  3.29999999e+00  1.11475000e-07  0.00000000e+00  1.11475000e-07 -1.23552811e-08 
 1.11525000e-07  3.29999999e+00  1.11525000e-07  3.29999999e+00  1.11525000e-07  0.00000000e+00  1.11525000e-07 -1.23392090e-08 
 1.11575000e-07  3.29999999e+00  1.11575000e-07  3.29999999e+00  1.11575000e-07  0.00000000e+00  1.11575000e-07 -1.23217627e-08 
 1.11625000e-07  3.29999999e+00  1.11625000e-07  3.29999999e+00  1.11625000e-07  0.00000000e+00  1.11625000e-07 -1.23057792e-08 
 1.11675000e-07  3.29999999e+00  1.11675000e-07  3.29999999e+00  1.11675000e-07  0.00000000e+00  1.11675000e-07 -1.22884211e-08 
 1.11725000e-07  3.29999999e+00  1.11725000e-07  3.29999999e+00  1.11725000e-07  0.00000000e+00  1.11725000e-07 -1.22725254e-08 
 1.11775000e-07  3.29999999e+00  1.11775000e-07  3.29999999e+00  1.11775000e-07  0.00000000e+00  1.11775000e-07 -1.22552550e-08 
 1.11825000e-07  3.29999999e+00  1.11825000e-07  3.29999999e+00  1.11825000e-07  0.00000000e+00  1.11825000e-07 -1.22394465e-08 
 1.11875000e-07  3.29999999e+00  1.11875000e-07  3.29999999e+00  1.11875000e-07  0.00000000e+00  1.11875000e-07 -1.22222629e-08 
 1.11925000e-07  3.29999999e+00  1.11925000e-07  3.29999999e+00  1.11925000e-07  0.00000000e+00  1.11925000e-07 -1.22065409e-08 
 1.11975000e-07  3.29999999e+00  1.11975000e-07  3.29999999e+00  1.11975000e-07  0.00000000e+00  1.11975000e-07 -1.21894435e-08 
 1.12025000e-07  3.29999999e+00  1.12025000e-07  3.29999999e+00  1.12025000e-07  0.00000000e+00  1.12025000e-07 -1.21738074e-08 
 1.12075000e-07  3.29999999e+00  1.12075000e-07  3.29999999e+00  1.12075000e-07  0.00000000e+00  1.12075000e-07 -1.21567955e-08 
 1.12125000e-07  3.29999999e+00  1.12125000e-07  3.29999999e+00  1.12125000e-07  0.00000000e+00  1.12125000e-07 -1.21412446e-08 
 1.12175000e-07  3.29999999e+00  1.12175000e-07  3.29999999e+00  1.12175000e-07  0.00000000e+00  1.12175000e-07 -1.21243175e-08 
 1.12225000e-07  3.29999999e+00  1.12225000e-07  3.29999999e+00  1.12225000e-07  0.00000000e+00  1.12225000e-07 -1.21088511e-08 
 1.12275000e-07  3.29999999e+00  1.12275000e-07  3.29999999e+00  1.12275000e-07  0.00000000e+00  1.12275000e-07 -1.20920083e-08 
 1.12325000e-07  3.29999999e+00  1.12325000e-07  3.29999999e+00  1.12325000e-07  0.00000000e+00  1.12325000e-07 -1.20766258e-08 
 1.12375000e-07  3.29999999e+00  1.12375000e-07  3.29999999e+00  1.12375000e-07  0.00000000e+00  1.12375000e-07 -1.20598665e-08 
 1.12425000e-07  3.29999999e+00  1.12425000e-07  3.29999999e+00  1.12425000e-07  0.00000000e+00  1.12425000e-07 -1.20445673e-08 
 1.12475000e-07  3.29999999e+00  1.12475000e-07  3.29999999e+00  1.12475000e-07  0.00000000e+00  1.12475000e-07 -1.20278909e-08 
 1.12525000e-07  3.29999999e+00  1.12525000e-07  3.29999999e+00  1.12525000e-07  0.00000000e+00  1.12525000e-07 -1.20126743e-08 
 1.12575000e-07  3.29999999e+00  1.12575000e-07  3.29999999e+00  1.12575000e-07  0.00000000e+00  1.12575000e-07 -1.19960803e-08 
 1.12625000e-07  3.29999999e+00  1.12625000e-07  3.29999999e+00  1.12625000e-07  0.00000000e+00  1.12625000e-07 -1.19809456e-08 
 1.12675000e-07  3.29999999e+00  1.12675000e-07  3.29999999e+00  1.12675000e-07  0.00000000e+00  1.12675000e-07 -1.19644332e-08 
 1.12725000e-07  3.29999999e+00  1.12725000e-07  3.29999999e+00  1.12725000e-07  0.00000000e+00  1.12725000e-07 -1.19493799e-08 
 1.12775000e-07  3.29999999e+00  1.12775000e-07  3.29999999e+00  1.12775000e-07  0.00000000e+00  1.12775000e-07 -1.19329486e-08 
 1.12825000e-07  3.29999999e+00  1.12825000e-07  3.29999999e+00  1.12825000e-07  0.00000000e+00  1.12825000e-07 -1.19179760e-08 
 1.12875000e-07  3.29999999e+00  1.12875000e-07  3.29999999e+00  1.12875000e-07  0.00000000e+00  1.12875000e-07 -1.19016251e-08 
 1.12925000e-07  3.29999999e+00  1.12925000e-07  3.29999999e+00  1.12925000e-07  0.00000000e+00  1.12925000e-07 -1.18867327e-08 
 1.12975000e-07  3.29999999e+00  1.12975000e-07  3.29999999e+00  1.12975000e-07  0.00000000e+00  1.12975000e-07 -1.18704616e-08 
 1.13025000e-07  3.29999999e+00  1.13025000e-07  3.29999999e+00  1.13025000e-07  0.00000000e+00  1.13025000e-07 -1.18556487e-08 
 1.13075000e-07  3.29999999e+00  1.13075000e-07  3.29999999e+00  1.13075000e-07  0.00000000e+00  1.13075000e-07 -1.18394568e-08 
 1.13125000e-07  3.29999999e+00  1.13125000e-07  3.29999999e+00  1.13125000e-07  0.00000000e+00  1.13125000e-07 -1.18247228e-08 
 1.13175000e-07  3.29999999e+00  1.13175000e-07  3.29999999e+00  1.13175000e-07  0.00000000e+00  1.13175000e-07 -1.18086096e-08 
 1.13225000e-07  3.29999999e+00  1.13225000e-07  3.29999999e+00  1.13225000e-07  0.00000000e+00  1.13225000e-07 -1.17939540e-08 
 1.13275000e-07  3.29999999e+00  1.13275000e-07  3.29999999e+00  1.13275000e-07  0.00000000e+00  1.13275000e-07 -1.17779187e-08 
 1.13325000e-07  3.29999999e+00  1.13325000e-07  3.29999999e+00  1.13325000e-07  0.00000000e+00  1.13325000e-07 -1.17633409e-08 
 1.13375000e-07  3.29999999e+00  1.13375000e-07  3.29999999e+00  1.13375000e-07  0.00000000e+00  1.13375000e-07 -1.17473831e-08 
 1.13425000e-07  3.29999999e+00  1.13425000e-07  3.29999999e+00  1.13425000e-07  0.00000000e+00  1.13425000e-07 -1.17328824e-08 
 1.13475000e-07  3.29999999e+00  1.13475000e-07  3.29999999e+00  1.13475000e-07  0.00000000e+00  1.13475000e-07 -1.17170015e-08 
 1.13525000e-07  3.29999999e+00  1.13525000e-07  3.29999999e+00  1.13525000e-07  0.00000000e+00  1.13525000e-07 -1.17025773e-08 
 1.13575000e-07  3.29999999e+00  1.13575000e-07  3.29999999e+00  1.13575000e-07  0.00000000e+00  1.13575000e-07 -1.16867727e-08 
 1.13625000e-07  3.29999999e+00  1.13625000e-07  3.29999999e+00  1.13625000e-07  0.00000000e+00  1.13625000e-07 -1.16724246e-08 
 1.13675000e-07  3.29999999e+00  1.13675000e-07  3.29999999e+00  1.13675000e-07  0.00000000e+00  1.13675000e-07 -1.16566958e-08 
 1.13725000e-07  3.29999999e+00  1.13725000e-07  3.29999999e+00  1.13725000e-07  0.00000000e+00  1.13725000e-07 -1.16424231e-08 
 1.13775000e-07  3.29999999e+00  1.13775000e-07  3.29999999e+00  1.13775000e-07  0.00000000e+00  1.13775000e-07 -1.16267694e-08 
 1.13825000e-07  3.29999999e+00  1.13825000e-07  3.29999999e+00  1.13825000e-07  0.00000000e+00  1.13825000e-07 -1.16125716e-08 
 1.13875000e-07  3.29999999e+00  1.13875000e-07  3.29999999e+00  1.13875000e-07  0.00000000e+00  1.13875000e-07 -1.15969926e-08 
 1.13925000e-07  3.29999999e+00  1.13925000e-07  3.29999999e+00  1.13925000e-07  0.00000000e+00  1.13925000e-07 -1.15828691e-08 
 1.13975000e-07  3.29999999e+00  1.13975000e-07  3.29999999e+00  1.13975000e-07  0.00000000e+00  1.13975000e-07 -1.15673641e-08 
 1.14025000e-07  3.29999999e+00  1.14025000e-07  3.29999999e+00  1.14025000e-07  0.00000000e+00  1.14025000e-07 -1.15533145e-08 
 1.14075000e-07  3.29999999e+00  1.14075000e-07  3.29999999e+00  1.14075000e-07  0.00000000e+00  1.14075000e-07 -1.15378830e-08 
 1.14125000e-07  3.29999999e+00  1.14125000e-07  3.29999999e+00  1.14125000e-07  0.00000000e+00  1.14125000e-07 -1.15239066e-08 
 1.14175000e-07  3.29999999e+00  1.14175000e-07  3.29999999e+00  1.14175000e-07  0.00000000e+00  1.14175000e-07 -1.15085481e-08 
 1.14225000e-07  3.29999999e+00  1.14225000e-07  3.29999999e+00  1.14225000e-07  0.00000000e+00  1.14225000e-07 -1.14946445e-08 
 1.14275000e-07  3.29999999e+00  1.14275000e-07  3.29999999e+00  1.14275000e-07  0.00000000e+00  1.14275000e-07 -1.14793584e-08 
 1.14325000e-07  3.29999999e+00  1.14325000e-07  3.29999999e+00  1.14325000e-07  0.00000000e+00  1.14325000e-07 -1.14655269e-08 
 1.14375000e-07  3.29999999e+00  1.14375000e-07  3.29999999e+00  1.14375000e-07  0.00000000e+00  1.14375000e-07 -1.14503128e-08 
 1.14425000e-07  3.29999999e+00  1.14425000e-07  3.29999999e+00  1.14425000e-07  0.00000000e+00  1.14425000e-07 -1.14365530e-08 
 1.14475000e-07  3.29999999e+00  1.14475000e-07  3.29999999e+00  1.14475000e-07  0.00000000e+00  1.14475000e-07 -1.14214102e-08 
 1.14525000e-07  3.29999999e+00  1.14525000e-07  3.29999999e+00  1.14525000e-07  0.00000000e+00  1.14525000e-07 -1.14077215e-08 
 1.14575000e-07  3.29999999e+00  1.14575000e-07  3.29999999e+00  1.14575000e-07  0.00000000e+00  1.14575000e-07 -1.13926497e-08 
 1.14625000e-07  3.29999999e+00  1.14625000e-07  3.29999999e+00  1.14625000e-07  0.00000000e+00  1.14625000e-07 -1.13790316e-08 
 1.14675000e-07  3.29999999e+00  1.14675000e-07  3.29999999e+00  1.14675000e-07  0.00000000e+00  1.14675000e-07 -1.13640301e-08 
 1.14725000e-07  3.29999999e+00  1.14725000e-07  3.29999999e+00  1.14725000e-07  0.00000000e+00  1.14725000e-07 -1.13504821e-08 
 1.14775000e-07  3.29999999e+00  1.14775000e-07  3.29999999e+00  1.14775000e-07  0.00000000e+00  1.14775000e-07 -1.13355505e-08 
 1.14825000e-07  3.29999999e+00  1.14825000e-07  3.29999999e+00  1.14825000e-07  0.00000000e+00  1.14825000e-07 -1.13220721e-08 
 1.14875000e-07  3.29999999e+00  1.14875000e-07  3.29999999e+00  1.14875000e-07  0.00000000e+00  1.14875000e-07 -1.13072098e-08 
 1.14925000e-07  3.29999999e+00  1.14925000e-07  3.29999999e+00  1.14925000e-07  0.00000000e+00  1.14925000e-07 -1.12938005e-08 
 1.14975000e-07  3.29999999e+00  1.14975000e-07  3.29999999e+00  1.14975000e-07  0.00000000e+00  1.14975000e-07 -1.12790070e-08 
 1.15025000e-07  3.29999999e+00  1.15025000e-07  3.29999999e+00  1.15025000e-07  0.00000000e+00  1.15025000e-07 -1.12656663e-08 
 1.15075000e-07  3.29999999e+00  1.15075000e-07  3.29999999e+00  1.15075000e-07  0.00000000e+00  1.15075000e-07 -1.12509412e-08 
 1.15125000e-07  3.29999999e+00  1.15125000e-07  3.29999999e+00  1.15125000e-07  0.00000000e+00  1.15125000e-07 -1.12376686e-08 
 1.15175000e-07  3.29999999e+00  1.15175000e-07  3.29999999e+00  1.15175000e-07  0.00000000e+00  1.15175000e-07 -1.12230114e-08 
 1.15225000e-07  3.29999999e+00  1.15225000e-07  3.29999999e+00  1.15225000e-07  0.00000000e+00  1.15225000e-07 -1.12098064e-08 
 1.15275000e-07  3.29999999e+00  1.15275000e-07  3.29999999e+00  1.15275000e-07  0.00000000e+00  1.15275000e-07 -1.11952166e-08 
 1.15325000e-07  3.29999999e+00  1.15325000e-07  3.29999999e+00  1.15325000e-07  0.00000000e+00  1.15325000e-07 -1.11820787e-08 
 1.15375000e-07  3.29999999e+00  1.15375000e-07  3.29999999e+00  1.15375000e-07  0.00000000e+00  1.15375000e-07 -1.11675558e-08 
 1.15425000e-07  3.29999999e+00  1.15425000e-07  3.29999999e+00  1.15425000e-07  0.00000000e+00  1.15425000e-07 -1.11544846e-08 
 1.15475000e-07  3.29999999e+00  1.15475000e-07  3.29999999e+00  1.15475000e-07  0.00000000e+00  1.15475000e-07 -1.11400281e-08 
 1.15525000e-07  3.29999999e+00  1.15525000e-07  3.29999999e+00  1.15525000e-07  0.00000000e+00  1.15525000e-07 -1.11270230e-08 
 1.15575000e-07  3.29999999e+00  1.15575000e-07  3.29999999e+00  1.15575000e-07  0.00000000e+00  1.15575000e-07 -1.11126325e-08 
 1.15625000e-07  3.29999999e+00  1.15625000e-07  3.29999999e+00  1.15625000e-07  0.00000000e+00  1.15625000e-07 -1.10996932e-08 
 1.15675000e-07  3.29999999e+00  1.15675000e-07  3.29999999e+00  1.15675000e-07  0.00000000e+00  1.15675000e-07 -1.10853680e-08 
 1.15725000e-07  3.29999999e+00  1.15725000e-07  3.29999999e+00  1.15725000e-07  0.00000000e+00  1.15725000e-07 -1.10724940e-08 
 1.15775000e-07  3.29999999e+00  1.15775000e-07  3.29999999e+00  1.15775000e-07  0.00000000e+00  1.15775000e-07 -1.10582339e-08 
 1.15825000e-07  3.29999999e+00  1.15825000e-07  3.29999999e+00  1.15825000e-07  0.00000000e+00  1.15825000e-07 -1.10454246e-08 
 1.15875000e-07  3.29999999e+00  1.15875000e-07  3.29999999e+00  1.15875000e-07  0.00000000e+00  1.15875000e-07 -1.10312291e-08 
 1.15925000e-07  3.29999999e+00  1.15925000e-07  3.29999999e+00  1.15925000e-07  0.00000000e+00  1.15925000e-07 -1.10184842e-08 
 1.15975000e-07  3.29999999e+00  1.15975000e-07  3.29999999e+00  1.15975000e-07  0.00000000e+00  1.15975000e-07 -1.10043527e-08 
 1.16025000e-07  3.29999999e+00  1.16025000e-07  3.29999999e+00  1.16025000e-07  0.00000000e+00  1.16025000e-07 -1.09916717e-08 
 1.16075000e-07  3.29999999e+00  1.16075000e-07  3.29999999e+00  1.16075000e-07  0.00000000e+00  1.16075000e-07 -1.09776039e-08 
 1.16125000e-07  3.29999999e+00  1.16125000e-07  3.29999999e+00  1.16125000e-07  0.00000000e+00  1.16125000e-07 -1.09649863e-08 
 1.16175000e-07  3.29999999e+00  1.16175000e-07  3.29999999e+00  1.16175000e-07  0.00000000e+00  1.16175000e-07 -1.09509817e-08 
 1.16225000e-07  3.29999999e+00  1.16225000e-07  3.29999999e+00  1.16225000e-07  0.00000000e+00  1.16225000e-07 -1.09384270e-08 
 1.16275000e-07  3.29999999e+00  1.16275000e-07  3.29999999e+00  1.16275000e-07  0.00000000e+00  1.16275000e-07 -1.09244852e-08 
 1.16325000e-07  3.29999999e+00  1.16325000e-07  3.29999999e+00  1.16325000e-07  0.00000000e+00  1.16325000e-07 -1.09119931e-08 
 1.16375000e-07  3.29999999e+00  1.16375000e-07  3.29999999e+00  1.16375000e-07  0.00000000e+00  1.16375000e-07 -1.08981136e-08 
 1.16425000e-07  3.29999999e+00  1.16425000e-07  3.29999999e+00  1.16425000e-07  0.00000000e+00  1.16425000e-07 -1.08856836e-08 
 1.16475000e-07  3.29999999e+00  1.16475000e-07  3.29999999e+00  1.16475000e-07  0.00000000e+00  1.16475000e-07 -1.08718660e-08 
 1.16525000e-07  3.29999999e+00  1.16525000e-07  3.29999999e+00  1.16525000e-07  0.00000000e+00  1.16525000e-07 -1.08594977e-08 
 1.16575000e-07  3.29999999e+00  1.16575000e-07  3.29999999e+00  1.16575000e-07  0.00000000e+00  1.16575000e-07 -1.08457416e-08 
 1.16625000e-07  3.29999999e+00  1.16625000e-07  3.29999999e+00  1.16625000e-07  0.00000000e+00  1.16625000e-07 -1.08334345e-08 
 1.16675000e-07  3.29999999e+00  1.16675000e-07  3.29999999e+00  1.16675000e-07  0.00000000e+00  1.16675000e-07 -1.08197394e-08 
 1.16725000e-07  3.29999999e+00  1.16725000e-07  3.29999999e+00  1.16725000e-07  0.00000000e+00  1.16725000e-07 -1.08074932e-08 
 1.16775000e-07  3.29999999e+00  1.16775000e-07  3.29999999e+00  1.16775000e-07  0.00000000e+00  1.16775000e-07 -1.07938587e-08 
 1.16825000e-07  3.29999999e+00  1.16825000e-07  3.29999999e+00  1.16825000e-07  0.00000000e+00  1.16825000e-07 -1.07816728e-08 
 1.16875000e-07  3.29999999e+00  1.16875000e-07  3.29999999e+00  1.16875000e-07  0.00000000e+00  1.16875000e-07 -1.07680986e-08 
 1.16925000e-07  3.29999999e+00  1.16925000e-07  3.29999999e+00  1.16925000e-07  0.00000000e+00  1.16925000e-07 -1.07559727e-08 
 1.16975000e-07  3.29999999e+00  1.16975000e-07  3.29999999e+00  1.16975000e-07  0.00000000e+00  1.16975000e-07 -1.07424582e-08 
 1.17025000e-07  3.29999999e+00  1.17025000e-07  3.29999999e+00  1.17025000e-07  0.00000000e+00  1.17025000e-07 -1.07303919e-08 
 1.17075000e-07  3.29999999e+00  1.17075000e-07  3.29999999e+00  1.17075000e-07  0.00000000e+00  1.17075000e-07 -1.07169368e-08 
 1.17125000e-07  3.29999999e+00  1.17125000e-07  3.29999999e+00  1.17125000e-07  0.00000000e+00  1.17125000e-07 -1.07049296e-08 
 1.17175000e-07  3.29999999e+00  1.17175000e-07  3.29999999e+00  1.17175000e-07  0.00000000e+00  1.17175000e-07 -1.06915335e-08 
 1.17225000e-07  3.29999999e+00  1.17225000e-07  3.29999999e+00  1.17225000e-07  0.00000000e+00  1.17225000e-07 -1.06795851e-08 
 1.17275000e-07  3.29999999e+00  1.17275000e-07  3.29999999e+00  1.17275000e-07  0.00000000e+00  1.17275000e-07 -1.06662475e-08 
 1.17325000e-07  3.29999999e+00  1.17325000e-07  3.29999999e+00  1.17325000e-07  0.00000000e+00  1.17325000e-07 -1.06543575e-08 
 1.17375000e-07  3.29999999e+00  1.17375000e-07  3.29999999e+00  1.17375000e-07  0.00000000e+00  1.17375000e-07 -1.06410781e-08 
 1.17425000e-07  3.29999999e+00  1.17425000e-07  3.29999999e+00  1.17425000e-07  0.00000000e+00  1.17425000e-07 -1.06292460e-08 
 1.17475000e-07  3.29999999e+00  1.17475000e-07  3.29999999e+00  1.17475000e-07  0.00000000e+00  1.17475000e-07 -1.06160243e-08 
 1.17525000e-07  3.29999999e+00  1.17525000e-07  3.29999999e+00  1.17525000e-07  0.00000000e+00  1.17525000e-07 -1.06042499e-08 
 1.17575000e-07  3.29999999e+00  1.17575000e-07  3.29999999e+00  1.17575000e-07  0.00000000e+00  1.17575000e-07 -1.05910856e-08 
 1.17625000e-07  3.29999999e+00  1.17625000e-07  3.29999999e+00  1.17625000e-07  0.00000000e+00  1.17625000e-07 -1.05793683e-08 
 1.17675000e-07  3.29999999e+00  1.17675000e-07  3.29999999e+00  1.17675000e-07  0.00000000e+00  1.17675000e-07 -1.05662609e-08 
 1.17725000e-07  3.29999999e+00  1.17725000e-07  3.29999999e+00  1.17725000e-07  0.00000000e+00  1.17725000e-07 -1.05546004e-08 
 1.17775000e-07  3.29999999e+00  1.17775000e-07  3.29999999e+00  1.17775000e-07  0.00000000e+00  1.17775000e-07 -1.05415497e-08 
 1.17825000e-07  3.29999999e+00  1.17825000e-07  3.29999999e+00  1.17825000e-07  0.00000000e+00  1.17825000e-07 -1.05299456e-08 
 1.17875000e-07  3.29999999e+00  1.17875000e-07  3.29999999e+00  1.17875000e-07  0.00000000e+00  1.17875000e-07 -1.05169511e-08 
 1.17925000e-07  3.29999999e+00  1.17925000e-07  3.29999999e+00  1.17925000e-07  0.00000000e+00  1.17925000e-07 -1.05054030e-08 
 1.17975000e-07  3.29999999e+00  1.17975000e-07  3.29999999e+00  1.17975000e-07  0.00000000e+00  1.17975000e-07 -1.04924643e-08 
 1.18025000e-07  3.29999999e+00  1.18025000e-07  3.29999999e+00  1.18025000e-07  0.00000000e+00  1.18025000e-07 -1.04809719e-08 
 1.18075000e-07  3.29999999e+00  1.18075000e-07  3.29999999e+00  1.18075000e-07  0.00000000e+00  1.18075000e-07 -1.04680887e-08 
 1.18125000e-07  3.29999999e+00  1.18125000e-07  3.29999999e+00  1.18125000e-07  0.00000000e+00  1.18125000e-07 -1.04566516e-08 
 1.18175000e-07  3.29999999e+00  1.18175000e-07  3.29999999e+00  1.18175000e-07  0.00000000e+00  1.18175000e-07 -1.04438234e-08 
 1.18225000e-07  3.29999999e+00  1.18225000e-07  3.29999999e+00  1.18225000e-07  0.00000000e+00  1.18225000e-07 -1.04324412e-08 
 1.18275000e-07  3.29999999e+00  1.18275000e-07  3.29999999e+00  1.18275000e-07  0.00000000e+00  1.18275000e-07 -1.04196678e-08 
 1.18325000e-07  3.29999999e+00  1.18325000e-07  3.29999999e+00  1.18325000e-07  0.00000000e+00  1.18325000e-07 -1.04083401e-08 
 1.18375000e-07  3.29999999e+00  1.18375000e-07  3.29999999e+00  1.18375000e-07  0.00000000e+00  1.18375000e-07 -1.03956210e-08 
 1.18425000e-07  3.29999999e+00  1.18425000e-07  3.29999999e+00  1.18425000e-07  0.00000000e+00  1.18425000e-07 -1.03843475e-08 
 1.18475000e-07  3.29999999e+00  1.18475000e-07  3.29999999e+00  1.18475000e-07  0.00000000e+00  1.18475000e-07 -1.03716824e-08 
 1.18525000e-07  3.29999999e+00  1.18525000e-07  3.29999999e+00  1.18525000e-07  0.00000000e+00  1.18525000e-07 -1.03604627e-08 
 1.18575000e-07  3.29999999e+00  1.18575000e-07  3.29999999e+00  1.18575000e-07  0.00000000e+00  1.18575000e-07 -1.03478513e-08 
 1.18625000e-07  3.29999999e+00  1.18625000e-07  3.29999999e+00  1.18625000e-07  0.00000000e+00  1.18625000e-07 -1.03366851e-08 
 1.18675000e-07  3.29999999e+00  1.18675000e-07  3.29999999e+00  1.18675000e-07  0.00000000e+00  1.18675000e-07 -1.03241269e-08 
 1.18725000e-07  3.29999999e+00  1.18725000e-07  3.29999999e+00  1.18725000e-07  0.00000000e+00  1.18725000e-07 -1.03130137e-08 
 1.18775000e-07  3.29999999e+00  1.18775000e-07  3.29999999e+00  1.18775000e-07  0.00000000e+00  1.18775000e-07 -1.03005085e-08 
 1.18825000e-07  3.29999999e+00  1.18825000e-07  3.29999999e+00  1.18825000e-07  0.00000000e+00  1.18825000e-07 -1.02894481e-08 
 1.18875000e-07  3.29999999e+00  1.18875000e-07  3.29999999e+00  1.18875000e-07  0.00000000e+00  1.18875000e-07 -1.02769955e-08 
 1.18925000e-07  3.29999999e+00  1.18925000e-07  3.29999999e+00  1.18925000e-07  0.00000000e+00  1.18925000e-07 -1.02659875e-08 
 1.18975000e-07  3.29999999e+00  1.18975000e-07  3.29999999e+00  1.18975000e-07  0.00000000e+00  1.18975000e-07 -1.02535871e-08 
 1.19025000e-07  3.29999999e+00  1.19025000e-07  3.29999999e+00  1.19025000e-07  0.00000000e+00  1.19025000e-07 -1.02426311e-08 
 1.19075000e-07  3.29999999e+00  1.19075000e-07  3.29999999e+00  1.19075000e-07  0.00000000e+00  1.19075000e-07 -1.02302826e-08 
 1.19125000e-07  3.29999999e+00  1.19125000e-07  3.29999999e+00  1.19125000e-07  0.00000000e+00  1.19125000e-07 -1.02193784e-08 
 1.19175000e-07  3.29999999e+00  1.19175000e-07  3.29999999e+00  1.19175000e-07  0.00000000e+00  1.19175000e-07 -1.02070814e-08 
 1.19225000e-07  3.29999999e+00  1.19225000e-07  3.29999999e+00  1.19225000e-07  0.00000000e+00  1.19225000e-07 -1.01962285e-08 
 1.19275000e-07  3.29999999e+00  1.19275000e-07  3.29999999e+00  1.19275000e-07  0.00000000e+00  1.19275000e-07 -1.01839828e-08 
 1.19325000e-07  3.29999999e+00  1.19325000e-07  3.29999999e+00  1.19325000e-07  0.00000000e+00  1.19325000e-07 -1.01731810e-08 
 1.19375000e-07  3.29999999e+00  1.19375000e-07  3.29999999e+00  1.19375000e-07  0.00000000e+00  1.19375000e-07 -1.01609861e-08 
 1.19425000e-07  3.29999999e+00  1.19425000e-07  3.29999999e+00  1.19425000e-07  0.00000000e+00  1.19425000e-07 -1.01502350e-08 
 1.19475000e-07  3.29999999e+00  1.19475000e-07  3.29999999e+00  1.19475000e-07  0.00000000e+00  1.19475000e-07 -1.01380906e-08 
 1.19525000e-07  3.29999999e+00  1.19525000e-07  3.29999999e+00  1.19525000e-07  0.00000000e+00  1.19525000e-07 -1.01273899e-08 
 1.19575000e-07  3.29999999e+00  1.19575000e-07  3.29999999e+00  1.19575000e-07  0.00000000e+00  1.19575000e-07 -1.01152957e-08 
 1.19625000e-07  3.29999999e+00  1.19625000e-07  3.29999999e+00  1.19625000e-07  0.00000000e+00  1.19625000e-07 -1.01046451e-08 
 1.19675000e-07  3.29999999e+00  1.19675000e-07  3.29999999e+00  1.19675000e-07  0.00000000e+00  1.19675000e-07 -1.00926008e-08 
 1.19725000e-07  3.29999999e+00  1.19725000e-07  3.29999999e+00  1.19725000e-07  0.00000000e+00  1.19725000e-07 -1.00819999e-08 
 1.19775000e-07  3.29999999e+00  1.19775000e-07  3.29999999e+00  1.19775000e-07  0.00000000e+00  1.19775000e-07 -1.00700052e-08 
 1.19825000e-07  3.29999999e+00  1.19825000e-07  3.29999999e+00  1.19825000e-07  0.00000000e+00  1.19825000e-07 -1.00594536e-08 
 1.19875000e-07  3.29999999e+00  1.19875000e-07  3.29999999e+00  1.19875000e-07  0.00000000e+00  1.19875000e-07 -1.00475082e-08 
 1.19925000e-07  3.29999999e+00  1.19925000e-07  3.29999999e+00  1.19925000e-07  0.00000000e+00  1.19925000e-07 -1.00370057e-08 
 1.19975000e-07  3.29999999e+00  1.19975000e-07  3.29999999e+00  1.19975000e-07  0.00000000e+00  1.19975000e-07 -1.00251092e-08 
 1.20000000e-07  3.29999999e+00  1.20000000e-07  3.29999999e+00  1.20000000e-07  0.00000000e+00  1.20000000e-07 -1.00202339e-08 
 1.20004029e-07  3.30940931e+00  1.20004029e-07  3.30940805e+00  1.20004029e-07  1.32963625e-01  1.20004029e-07  3.92551287e-04 
 1.20012088e-07  3.32758512e+00  1.20012088e-07  3.32758204e+00  1.20012088e-07  3.98890876e-01  1.20012088e-07  4.23487289e-04 
 1.20028204e-07  3.36102387e+00  1.20028204e-07  3.36101902e+00  1.20028204e-07  9.30745378e-01  1.20028204e-07  4.59484342e-04 
 1.20052834e-07  3.40884192e+00  1.20052834e-07  3.40884381e+00  1.20052834e-07  1.74352263e+00  1.20052834e-07  4.66856302e-04 
 1.20085600e-07  3.47176085e+00  1.20085600e-07  3.47186372e+00  1.20085600e-07  2.82478369e+00  1.20085600e-07  3.54829213e-04 
 1.20100000e-07  3.48406173e+00  1.20100000e-07  3.48415896e+00  1.20100000e-07  3.30000000e+00  1.20100000e-07  2.96023984e-04 
 1.20104130e-07  3.48421333e+00  1.20104130e-07  3.48430828e+00  1.20104130e-07  3.30000000e+00  1.20104130e-07  3.89968475e-05 
 1.20112390e-07  3.48434249e+00  1.20112390e-07  3.48439670e+00  1.20112390e-07  3.30000000e+00  1.20112390e-07  3.95200277e-05 
 1.20128910e-07  3.48383928e+00  1.20128910e-07  3.48376737e+00  1.20128910e-07  3.30000000e+00  1.20128910e-07  1.17412697e-05 
 1.20161950e-07  3.48186870e+00  1.20161950e-07  3.48146148e+00  1.20161950e-07  3.30000000e+00  1.20161950e-07 -5.86641620e-06 
 1.20211950e-07  3.47795607e+00  1.20211950e-07  3.47667931e+00  1.20211950e-07  3.30000000e+00  1.20211950e-07 -7.88721101e-06 
 1.20261950e-07  3.47338933e+00  1.20261950e-07  3.47112371e+00  1.20261950e-07  3.30000000e+00  1.20261950e-07 -5.83780849e-06 
 1.20311950e-07  3.46858950e+00  1.20311950e-07  3.46547578e+00  1.20311950e-07  3.30000000e+00  1.20311950e-07 -7.87631175e-06 
 1.20361950e-07  3.46386543e+00  1.20361950e-07  3.45994508e+00  1.20361950e-07  3.30000000e+00  1.20361950e-07 -7.21549090e-06 
 1.20411950e-07  3.45920340e+00  1.20411950e-07  3.45447516e+00  1.20411950e-07  3.30000000e+00  1.20411950e-07 -7.64961068e-06 
 1.20461950e-07  3.45458524e+00  1.20461950e-07  3.44907683e+00  1.20461950e-07  3.30000000e+00  1.20461950e-07 -6.68531621e-06 
 1.20511950e-07  3.45002426e+00  1.20511950e-07  3.44374537e+00  1.20511950e-07  3.30000000e+00  1.20511950e-07 -7.18400513e-06 
 1.20561950e-07  3.44559378e+00  1.20561950e-07  3.43831449e+00  1.20561950e-07  3.30000000e+00  1.20561950e-07 -6.28225116e-06 
 1.20611950e-07  3.44130399e+00  1.20611950e-07  3.43108364e+00  1.20611950e-07  3.30000000e+00  1.20611950e-07 -7.14483299e-06 
 1.20661950e-07  3.43275129e+00  1.20661950e-07  3.41998719e+00  1.20661950e-07  3.30000000e+00  1.20661950e-07 -7.80092122e-06 
 1.20711950e-07  3.41125956e+00  1.20711950e-07  3.41035636e+00  1.20711950e-07  3.30000000e+00  1.20711950e-07 -9.76675099e-06 
 1.20761950e-07  3.37693560e+00  1.20761950e-07  3.40267803e+00  1.20761950e-07  3.30000000e+00  1.20761950e-07 -1.02483887e-05 
 1.20811950e-07  3.33734075e+00  1.20811950e-07  3.39154960e+00  1.20811950e-07  3.30000000e+00  1.20811950e-07 -1.16466809e-05 
 1.20861950e-07  3.29820776e+00  1.20861950e-07  3.37408930e+00  1.20861950e-07  3.30000000e+00  1.20861950e-07 -1.15741511e-05 
 1.20911950e-07  3.26183763e+00  1.20911950e-07  3.35182842e+00  1.20911950e-07  3.30000000e+00  1.20911950e-07 -1.34834046e-05 
 1.20961950e-07  3.22672031e+00  1.20961950e-07  3.32684323e+00  1.20961950e-07  3.30000000e+00  1.20961950e-07 -1.16677609e-05 
 1.21011950e-07  3.19229443e+00  1.21011950e-07  3.30054460e+00  1.21011950e-07  3.30000000e+00  1.21011950e-07 -1.33827812e-05 
 1.21061950e-07  3.15823471e+00  1.21061950e-07  3.27440951e+00  1.21061950e-07  3.30000000e+00  1.21061950e-07 -1.24202724e-05 
 1.21111950e-07  3.12423939e+00  1.21111950e-07  3.24804743e+00  1.21111950e-07  3.30000000e+00  1.21111950e-07 -1.32263366e-05 
 1.21161950e-07  3.09025308e+00  1.21161950e-07  3.22157157e+00  1.21161950e-07  3.30000000e+00  1.21161950e-07 -1.22308008e-05 
 1.21211950e-07  3.05625352e+00  1.21211950e-07  3.19503063e+00  1.21211950e-07  3.30000000e+00  1.21211950e-07 -1.30373472e-05 
 1.21261950e-07  3.02223516e+00  1.21261950e-07  3.16844319e+00  1.21261950e-07  3.30000000e+00  1.21261950e-07 -1.20470914e-05 
 1.21311950e-07  2.98820269e+00  1.21311950e-07  3.14181452e+00  1.21311950e-07  3.30000000e+00  1.21311950e-07 -1.28611239e-05 
 1.21361950e-07  2.95416812e+00  1.21361950e-07  3.11514272e+00  1.21361950e-07  3.30000000e+00  1.21361950e-07 -1.18803438e-05 
 1.21411950e-07  2.92015021e+00  1.21411950e-07  3.08842068e+00  1.21411950e-07  3.30000000e+00  1.21411950e-07 -1.27063515e-05 
 1.21461950e-07  2.88617522e+00  1.21461950e-07  3.06163637e+00  1.21461950e-07  3.30000000e+00  1.21461950e-07 -1.17408858e-05 
 1.21511950e-07  2.85227796e+00  1.21511950e-07  3.03477274e+00  1.21511950e-07  3.30000000e+00  1.21511950e-07 -1.25865346e-05 
 1.21561950e-07  2.81850229e+00  1.21561950e-07  3.00780787e+00  1.21561950e-07  3.30000000e+00  1.21561950e-07 -1.16459294e-05 
 1.21611950e-07  2.78490004e+00  1.21611950e-07  2.98071643e+00  1.21611950e-07  3.30000000e+00  1.21611950e-07 -1.25220584e-05 
 1.21661950e-07  2.75152688e+00  1.21661950e-07  2.95347313e+00  1.21661950e-07  3.30000000e+00  1.21661950e-07 -1.16169973e-05 
 1.21711950e-07  2.71843491e+00  1.21711950e-07  2.92605867e+00  1.21711950e-07  3.30000000e+00  1.21711950e-07 -1.25320663e-05 
 1.21761950e-07  2.68566295e+00  1.21761950e-07  2.89846769e+00  1.21761950e-07  3.30000000e+00  1.21761950e-07 -1.16673100e-05 
 1.21811950e-07  2.65322786e+00  1.21811950e-07  2.87071734e+00  1.21811950e-07  3.30000000e+00  1.21811950e-07 -1.26236796e-05 
 1.21861950e-07  2.62112032e+00  1.21861950e-07  2.84285538e+00  1.21861950e-07  3.30000000e+00  1.21861950e-07 -1.18054474e-05 
 1.21911950e-07  2.58930701e+00  1.21911950e-07  2.81496816e+00  1.21911950e-07  3.30000000e+00  1.21911950e-07 -1.28252087e-05 
 1.21961950e-07  2.55773825e+00  1.21961950e-07  2.78719042e+00  1.21961950e-07  3.30000000e+00  1.21961950e-07 -1.21076336e-05 
 1.22011950e-07  2.52635812e+00  1.22011950e-07  2.75971752e+00  1.22011950e-07  3.30000000e+00  1.22011950e-07 -1.32921879e-05 
 1.22061950e-07  2.49511452e+00  1.22061950e-07  2.73281570e+00  1.22061950e-07  3.30000000e+00  1.22061950e-07 -1.28289501e-05 
 1.22111950e-07  2.46396693e+00  1.22111950e-07  2.70682310e+00  1.22111950e-07  3.30000000e+00  1.22111950e-07 -1.43699386e-05 
 1.22161950e-07  2.43289050e+00  1.22161950e-07  2.68213684e+00  1.22161950e-07  3.30000000e+00  1.22161950e-07 -1.43572990e-05 
 1.22211950e-07  2.40187467e+00  1.22211950e-07  2.65919016e+00  1.22211950e-07  3.30000000e+00  1.22211950e-07 -1.64158820e-05 
 1.22261950e-07  2.37092476e+00  1.22261950e-07  2.63842685e+00  1.22261950e-07  3.30000000e+00  1.22261950e-07 -1.69592211e-05 
 1.22311950e-07  2.34005530e+00  1.22311950e-07  2.62028290e+00  1.22311950e-07  3.30000000e+00  1.22311950e-07 -1.95814386e-05 
 1.22361950e-07  2.30928295e+00  1.22361950e-07  2.60517650e+00  1.22361950e-07  3.30000000e+00  1.22361950e-07 -2.06738034e-05 
 1.22411950e-07  2.27861972e+00  1.22411950e-07  2.59350498e+00  1.22411950e-07  3.30000000e+00  1.22411950e-07 -2.38166375e-05 
 1.22461950e-07  2.24806732e+00  1.22461950e-07  2.58564639e+00  1.22461950e-07  3.30000000e+00  1.22461950e-07 -2.53943876e-05 
 1.22511950e-07  2.21761378e+00  1.22511950e-07  2.58196398e+00  1.22511950e-07  3.30000000e+00  1.22511950e-07 -2.89869358e-05 
 1.22561950e-07  2.18723320e+00  1.22561950e-07  2.58281241e+00  1.22561950e-07  3.30000000e+00  1.22561950e-07 -3.09844070e-05 
 1.22611950e-07  2.15688850e+00  1.22611950e-07  2.58854509e+00  1.22611950e-07  3.30000000e+00  1.22611950e-07 -3.49774318e-05 
 1.22661950e-07  2.12653515e+00  1.22661950e-07  2.59952209e+00  1.22661950e-07  3.30000000e+00  1.22661950e-07 -3.73693716e-05 
 1.22711950e-07  2.09612329e+00  1.22711950e-07  2.61611838e+00  1.22711950e-07  3.30000000e+00  1.22711950e-07 -4.17626196e-05 
 1.22761950e-07  2.06559522e+00  1.22761950e-07  2.63873115e+00  1.22761950e-07  3.30000000e+00  1.22761950e-07 -4.45661872e-05 
 1.22811950e-07  2.03487917e+00  1.22811950e-07  2.66778132e+00  1.22811950e-07  3.30000000e+00  1.22811950e-07 -4.93762005e-05 
 1.22861950e-07  2.00388759e+00  1.22861950e-07  2.70368923e+00  1.22861950e-07  3.30000000e+00  1.22861950e-07 -5.25699780e-05 
 1.22911950e-07  1.97254189e+00  1.22911950e-07  2.74676296e+00  1.22911950e-07  3.30000000e+00  1.22911950e-07 -5.76396666e-05 
 1.22961950e-07  1.94086280e+00  1.22961950e-07  2.79682230e+00  1.22961950e-07  3.30000000e+00  1.22961950e-07 -6.06261817e-05 
 1.23011950e-07  1.90916757e+00  1.23011950e-07  2.85232771e+00  1.23011950e-07  3.30000000e+00  1.23011950e-07 -6.42229930e-05 
 1.23061950e-07  1.87824721e+00  1.23061950e-07  2.90980293e+00  1.23061950e-07  3.30000000e+00  1.23061950e-07 -6.39058492e-05 
 1.23111950e-07  1.84926024e+00  1.23111950e-07  2.96502548e+00  1.23111950e-07  3.30000000e+00  1.23111950e-07 -6.32390843e-05 
 1.23161950e-07  1.82379733e+00  1.23161950e-07  3.01445271e+00  1.23161950e-07  3.30000000e+00  1.23161950e-07 -5.90890111e-05 
 1.23211950e-07  1.80293318e+00  1.23211950e-07  3.05588482e+00  1.23211950e-07  3.30000000e+00  1.23211950e-07 -5.59981834e-05 
 1.23261950e-07  1.78556741e+00  1.23261950e-07  3.08931612e+00  1.23261950e-07  3.30000000e+00  1.23261950e-07 -5.12323489e-05 
 1.23311950e-07  1.76969959e+00  1.23311950e-07  3.11603473e+00  1.23311950e-07  3.30000000e+00  1.23311950e-07 -4.87160681e-05 
 1.23361950e-07  1.75400348e+00  1.23361950e-07  3.13741333e+00  1.23361950e-07  3.30000000e+00  1.23361950e-07 -4.49182667e-05 
 1.23411950e-07  1.73791228e+00  1.23411950e-07  3.15457833e+00  1.23411950e-07  3.30000000e+00  1.23411950e-07 -4.33813938e-05 
 1.23461950e-07  1.72127326e+00  1.23461950e-07  3.16839842e+00  1.23461950e-07  3.30000000e+00  1.23461950e-07 -4.04708902e-05 
 1.23511950e-07  1.70409933e+00  1.23511950e-07  3.17955121e+00  1.23511950e-07  3.30000000e+00  1.23511950e-07 -3.97156209e-05 
 1.23561950e-07  1.68645683e+00  1.23561950e-07  3.18857747e+00  1.23561950e-07  3.30000000e+00  1.23561950e-07 -3.74815818e-05 
 1.23611950e-07  1.66842391e+00  1.23611950e-07  3.19591393e+00  1.23611950e-07  3.30000000e+00  1.23611950e-07 -3.73007531e-05 
 1.23661950e-07  1.65007595e+00  1.23661950e-07  3.20191353e+00  1.23661950e-07  3.30000000e+00  1.23661950e-07 -3.55454904e-05 
 1.23711950e-07  1.63147992e+00  1.23711950e-07  3.20686000e+00  1.23711950e-07  3.30000000e+00  1.23711950e-07 -3.57571752e-05 
 1.23761950e-07  1.61269259e+00  1.23761950e-07  3.21097970e+00  1.23761950e-07  3.30000000e+00  1.23761950e-07 -3.43191257e-05 
 1.23811950e-07  1.59376067e+00  1.23811950e-07  3.21445170e+00  1.23811950e-07  3.30000000e+00  1.23811950e-07 -3.47839866e-05 
 1.23861950e-07  1.57472171e+00  1.23861950e-07  3.21741656e+00  1.23861950e-07  3.30000000e+00  1.23861950e-07 -3.35458078e-05 
 1.23911950e-07  1.55560540e+00  1.23911950e-07  3.21998375e+00  1.23911950e-07  3.30000000e+00  1.23911950e-07 -3.41669564e-05 
 1.23961950e-07  1.53643485e+00  1.23961950e-07  3.22223805e+00  1.23961950e-07  3.30000000e+00  1.23961950e-07 -3.30499731e-05 
 1.24011950e-07  1.51722790e+00  1.24011950e-07  3.22424471e+00  1.24011950e-07  3.30000000e+00  1.24011950e-07 -3.37644331e-05 
 1.24061950e-07  1.49799815e+00  1.24061950e-07  3.22605380e+00  1.24061950e-07  3.30000000e+00  1.24061950e-07 -3.27188582e-05 
 1.24111950e-07  1.47875591e+00  1.24111950e-07  3.22770361e+00  1.24111950e-07  3.30000000e+00  1.24111950e-07 -3.34876924e-05 
 1.24161950e-07  1.45950896e+00  1.24161950e-07  3.22922343e+00  1.24161950e-07  3.30000000e+00  1.24161950e-07 -3.24833560e-05 
 1.24211950e-07  1.44026316e+00  1.24211950e-07  3.23063570e+00  1.24211950e-07  3.30000000e+00  1.24211950e-07 -3.32833687e-05 
 1.24261950e-07  1.42102291e+00  1.24261950e-07  3.23195766e+00  1.24261950e-07  3.30000000e+00  1.24261950e-07 -3.23025451e-05 
 1.24311950e-07  1.40179155e+00  1.24311950e-07  3.23320266e+00  1.24311950e-07  3.30000000e+00  1.24311950e-07 -3.31202449e-05 
 1.24361950e-07  1.38257162e+00  1.24361950e-07  3.23438111e+00  1.24361950e-07  3.30000000e+00  1.24361950e-07 -3.21526788e-05 
 1.24411950e-07  1.36336510e+00  1.24411950e-07  3.23550128e+00  1.24411950e-07  3.30000000e+00  1.24411950e-07 -3.29802507e-05 
 1.24461950e-07  1.34417356e+00  1.24461950e-07  3.23656981e+00  1.24461950e-07  3.30000000e+00  1.24461950e-07 -3.20199391e-05 
 1.24511950e-07  1.32499829e+00  1.24511950e-07  3.23759215e+00  1.24511950e-07  3.30000000e+00  1.24511950e-07 -3.28526993e-05 
 1.24561950e-07  1.30584037e+00  1.24561950e-07  3.23857286e+00  1.24561950e-07  3.30000000e+00  1.24561950e-07 -3.18958894e-05 
 1.24611950e-07  1.28670080e+00  1.24611950e-07  3.23951590e+00  1.24611950e-07  3.30000000e+00  1.24611950e-07 -3.27307054e-05 
 1.24661950e-07  1.26758047e+00  1.24661950e-07  3.24042478e+00  1.24661950e-07  3.30000000e+00  1.24661950e-07 -3.17746285e-05 
 1.24711950e-07  1.24848032e+00  1.24711950e-07  3.24130273e+00  1.24711950e-07  3.30000000e+00  1.24711950e-07 -3.26088687e-05 
 1.24761950e-07  1.22940129e+00  1.24761950e-07  3.24215285e+00  1.24761950e-07  3.30000000e+00  1.24761950e-07 -3.16508076e-05 
 1.24811950e-07  1.21034445e+00  1.24811950e-07  3.24297828e+00  1.24811950e-07  3.30000000e+00  1.24811950e-07 -3.24814218e-05 
 1.24861950e-07  1.19131105e+00  1.24861950e-07  3.24378233e+00  1.24861950e-07  3.30000000e+00  1.24861950e-07 -3.15176799e-05 
 1.24911950e-07  1.17230266e+00  1.24911950e-07  3.24456878e+00  1.24911950e-07  3.30000000e+00  1.24911950e-07 -3.23398833e-05 
 1.24961950e-07  1.15332134e+00  1.24961950e-07  3.24534219e+00  1.24961950e-07  3.30000000e+00  1.24961950e-07 -3.13639225e-05 
 1.25011950e-07  1.13436993e+00  1.25011950e-07  3.24610848e+00  1.25011950e-07  3.30000000e+00  1.25011950e-07 -3.21683913e-05 
 1.25061950e-07  1.11545249e+00  1.25061950e-07  3.24687569e+00  1.25061950e-07  3.30000000e+00  1.25061950e-07 -3.11665214e-05 
 1.25111950e-07  1.09657481e+00  1.25111950e-07  3.24765517e+00  1.25111950e-07  3.30000000e+00  1.25111950e-07 -3.19329603e-05 
 1.25161950e-07  1.07774475e+00  1.25161950e-07  3.24846276e+00  1.25161950e-07  3.30000000e+00  1.25161950e-07 -3.08756667e-05 
 1.25211950e-07  1.05897186e+00  1.25211950e-07  3.24931950e+00  1.25211950e-07  3.30000000e+00  1.25211950e-07 -3.15634838e-05 
 1.25261950e-07  1.04026593e+00  1.25261950e-07  3.25025066e+00  1.25261950e-07  3.30000000e+00  1.25261950e-07 -3.03999072e-05 
 1.25311950e-07  1.02163454e+00  1.25311950e-07  3.25128249e+00  1.25311950e-07  3.30000000e+00  1.25311950e-07 -3.09528320e-05 
 1.25361950e-07  1.00308099e+00  1.25361950e-07  3.25243759e+00  1.25361950e-07  3.30000000e+00  1.25361950e-07 -2.96294136e-05 
 1.25411950e-07  9.84603419e-01  1.25411950e-07  3.25373059e+00  1.25411950e-07  3.30000000e+00  1.25411950e-07 -3.00052110e-05 
 1.25461950e-07  9.66195101e-01  1.25461950e-07  3.25516607e+00  1.25461950e-07  3.30000000e+00  1.25461950e-07 -2.84972949e-05 
 1.25511950e-07  9.47845472e-01  1.25511950e-07  3.25673851e+00  1.25511950e-07  3.30000000e+00  1.25511950e-07 -2.86914440e-05 
 1.25561950e-07  9.29541309e-01  1.25561950e-07  3.25843400e+00  1.25561950e-07  3.30000000e+00  1.25561950e-07 -2.70137868e-05 
 1.25611950e-07  9.11267851e-01  1.25611950e-07  3.26023247e+00  1.25611950e-07  3.30000000e+00  1.25611950e-07 -2.70572172e-05 
 1.25661950e-07  8.93009743e-01  1.25661950e-07  3.26210999e+00  1.25661950e-07  3.30000000e+00  1.25661950e-07 -2.52528294e-05 
 1.25711950e-07  8.74751788e-01  1.25711950e-07  3.26404083e+00  1.25711950e-07  3.30000000e+00  1.25711950e-07 -2.51964768e-05 
 1.25761950e-07  8.56479475e-01  1.25761950e-07  3.26599897e+00  1.25761950e-07  3.30000000e+00  1.25761950e-07 -2.33205932e-05 
 1.25811950e-07  8.38179299e-01  1.25811950e-07  3.26795916e+00  1.25811950e-07  3.30000000e+00  1.25811950e-07 -2.32212410e-05 
 1.25861950e-07  8.19838912e-01  1.25861950e-07  3.26989747e+00  1.25861950e-07  3.30000000e+00  1.25861950e-07 -2.13303963e-05 
 1.25911950e-07  8.01447158e-01  1.25911950e-07  3.27179146e+00  1.25911950e-07  3.30000000e+00  1.25911950e-07 -2.12433792e-05 
 1.25961950e-07  7.82994041e-01  1.25961950e-07  3.27362018e+00  1.25961950e-07  3.30000000e+00  1.25961950e-07 -1.93913635e-05 
 1.26011950e-07  7.64470704e-01  1.26011950e-07  3.27536412e+00  1.26011950e-07  3.30000000e+00  1.26011950e-07 -1.93688473e-05 
 1.26061950e-07  7.45869478e-01  1.26061950e-07  3.27700525e+00  1.26061950e-07  3.30000000e+00  1.26061950e-07 -1.76060160e-05 
 1.26111950e-07  7.27184041e-01  1.26111950e-07  3.27852731e+00  1.26111950e-07  3.30000000e+00  1.26111950e-07 -1.76959122e-05 
 1.26161950e-07  7.08409712e-01  1.26161950e-07  3.27991650e+00  1.26161950e-07  3.30000000e+00  1.26161950e-07 -1.60664034e-05 
 1.26211950e-07  6.89543883e-01  1.26211950e-07  3.28116229e+00  1.26211950e-07  3.30000000e+00  1.26211950e-07 -1.63069699e-05 
 1.26261950e-07  6.70586522e-01  1.26261950e-07  3.28225847e+00  1.26261950e-07  3.30000000e+00  1.26261950e-07 -1.48404492e-05 
 1.26311950e-07  6.51540633e-01  1.26311950e-07  3.28320405e+00  1.26311950e-07  3.30000000e+00  1.26311950e-07 -1.52499194e-05 
 1.26361950e-07  6.32412517e-01  1.26361950e-07  3.28400374e+00  1.26361950e-07  3.30000000e+00  1.26361950e-07 -1.39509550e-05 
 1.26411950e-07  6.13211685e-01  1.26411950e-07  3.28466763e+00  1.26411950e-07  3.30000000e+00  1.26411950e-07 -1.45193839e-05 
 1.26461950e-07  5.93950350e-01  1.26461950e-07  3.28521024e+00  1.26461950e-07  3.30000000e+00  1.26461950e-07 -1.33645502e-05 
 1.26511950e-07  5.74642561e-01  1.26511950e-07  3.28564895e+00  1.26511950e-07  3.30000000e+00  1.26511950e-07 -1.40578955e-05 
 1.26561950e-07  5.55303114e-01  1.26561950e-07  3.28600216e+00  1.26561950e-07  3.30000000e+00  1.26561950e-07 -1.30066856e-05 
 1.26611950e-07  5.35946178e-01  1.26611950e-07  3.28628764e+00  1.26611950e-07  3.30000000e+00  1.26611950e-07 -1.37830714e-05 
 1.26661950e-07  5.16584914e-01  1.26661950e-07  3.28652097e+00  1.26661950e-07  3.30000000e+00  1.26661950e-07 -1.27942560e-05 
 1.26711950e-07  4.97232043e-01  1.26711950e-07  3.28671656e+00  1.26711950e-07  3.30000000e+00  1.26711950e-07 -1.36157341e-05 
 1.26761950e-07  4.77898569e-01  1.26761950e-07  3.28688481e+00  1.26761950e-07  3.30000000e+00  1.26761950e-07 -1.26587682e-05 
 1.26811950e-07  4.58592606e-01  1.26811950e-07  3.28703397e+00  1.26811950e-07  3.30000000e+00  1.26811950e-07 -1.35018198e-05 
 1.26861950e-07  4.39322001e-01  1.26861950e-07  3.28716997e+00  1.26861950e-07  3.30000000e+00  1.26861950e-07 -1.25582748e-05 
 1.26911950e-07  4.20092876e-01  1.26911950e-07  3.28729714e+00  1.26911950e-07  3.30000000e+00  1.26911950e-07 -1.34091698e-05 
 1.26961950e-07  4.00911331e-01  1.26961950e-07  3.28741854e+00  1.26961950e-07  3.30000000e+00  1.26961950e-07 -1.24690537e-05 
 1.27011950e-07  3.81783077e-01  1.27011950e-07  3.28753646e+00  1.27011950e-07  3.30000000e+00  1.27011950e-07 -1.33201713e-05 
 1.27061950e-07  3.62714524e-01  1.27061950e-07  3.28765266e+00  1.27061950e-07  3.30000000e+00  1.27061950e-07 -1.23774066e-05 
 1.27111950e-07  3.43713085e-01  1.27111950e-07  3.28776873e+00  1.27111950e-07  3.30000000e+00  1.27111950e-07 -1.32231240e-05 
 1.27161950e-07  3.24788368e-01  1.27161950e-07  3.28788637e+00  1.27161950e-07  3.30000000e+00  1.27161950e-07 -1.22716256e-05 
 1.27211950e-07  3.05953506e-01  1.27211950e-07  3.28800772e+00  1.27211950e-07  3.30000000e+00  1.27211950e-07 -1.31040668e-05 
 1.27261950e-07  2.87227760e-01  1.27261950e-07  3.28813592e+00  1.27261950e-07  3.30000000e+00  1.27261950e-07 -1.21322916e-05 
 1.27311950e-07  2.68640728e-01  1.27311950e-07  3.28827596e+00  1.27311950e-07  3.30000000e+00  1.27311950e-07 -1.29331018e-05 
 1.27361950e-07  2.50239209e-01  1.27361950e-07  3.28843588e+00  1.27361950e-07  3.30000000e+00  1.27361950e-07 -1.19111268e-05 
 1.27411950e-07  2.32095903e-01  1.27411950e-07  3.28862787e+00  1.27411950e-07  3.30000000e+00  1.27411950e-07 -1.26334335e-05 
 1.27461950e-07  2.14315598e-01  1.27461950e-07  3.28886774e+00  1.27461950e-07  3.30000000e+00  1.27461950e-07 -1.14962627e-05 
 1.27511950e-07  1.97031517e-01  1.27511950e-07  3.28917130e+00  1.27511950e-07  3.30000000e+00  1.27511950e-07 -1.20668110e-05 
 1.27561950e-07  1.80389769e-01  1.27561950e-07  3.28954908e+00  1.27561950e-07  3.30000000e+00  1.27561950e-07 -1.07538208e-05 
 1.27611950e-07  1.64528599e-01  1.27611950e-07  3.29000262e+00  1.27611950e-07  3.30000000e+00  1.27611950e-07 -1.11453461e-05 
 1.27661950e-07  1.49560766e-01  1.27661950e-07  3.29052387e+00  1.27661950e-07  3.30000000e+00  1.27661950e-07 -9.67179828e-06 
 1.27711950e-07  1.35563432e-01  1.27711950e-07  3.29109744e+00  1.27711950e-07  3.30000000e+00  1.27711950e-07 -9.93760700e-06 
 1.27761950e-07  1.22573784e-01  1.27761950e-07  3.29170331e+00  1.27761950e-07  3.30000000e+00  1.27761950e-07 -8.38352904e-06 
 1.27811950e-07  1.10594241e-01  1.27811950e-07  3.29232155e+00  1.27811950e-07  3.30000000e+00  1.27811950e-07 -8.61367193e-06 
 1.27861950e-07  9.96009777e-02  1.27861950e-07  3.29293473e+00  1.27861950e-07  3.30000000e+00  1.27861950e-07 -7.06287941e-06 
 1.27911950e-07  8.95521460e-02  1.27911950e-07  3.29352958e+00  1.27911950e-07  3.30000000e+00  1.27911950e-07 -7.32637939e-06 
 1.27961950e-07  8.03963672e-02  1.27961950e-07  3.29409718e+00  1.27961950e-07  3.30000000e+00  1.27961950e-07 -5.82870986e-06 
 1.28011950e-07  7.20768744e-02  1.28011950e-07  3.29463211e+00  1.28011950e-07  3.30000000e+00  1.28011950e-07 -6.15831564e-06 
 1.28061950e-07  6.45362339e-02  1.28061950e-07  3.29513199e+00  1.28061950e-07  3.30000000e+00  1.28061950e-07 -4.73272315e-06 
 1.28111950e-07  5.77170005e-02  1.28111950e-07  3.29559588e+00  1.28111950e-07  3.30000000e+00  1.28111950e-07 -5.13727981e-06 
 1.28161950e-07  5.15627270e-02  1.28161950e-07  3.29602407e+00  1.28161950e-07  3.30000000e+00  1.28161950e-07 -3.78702164e-06 
 1.28211950e-07  4.60192025e-02  1.28211950e-07  3.29641755e+00  1.28211950e-07  3.30000000e+00  1.28211950e-07 -4.26541526e-06 
 1.28261950e-07  4.10345592e-02  1.28261950e-07  3.29677777e+00  1.28261950e-07  3.30000000e+00  1.28261950e-07 -2.98653909e-06 
 1.28311950e-07  3.65597362e-02  1.28311950e-07  3.29710645e+00  1.28311950e-07  3.30000000e+00  1.28311950e-07 -3.53311008e-06 
 1.28361950e-07  3.25485495e-02  1.28361950e-07  3.29740546e+00  1.28361950e-07  3.30000000e+00  1.28361950e-07 -2.31880985e-06 
 1.28411950e-07  2.89578549e-02  1.28411950e-07  3.29767672e+00  1.28411950e-07  3.30000000e+00  1.28411950e-07 -2.92607174e-06 
 1.28461950e-07  2.57475433e-02  1.28461950e-07  3.29792220e+00  1.28461950e-07  3.30000000e+00  1.28461950e-07 -1.76845582e-06 
 1.28511950e-07  2.28805409e-02  1.28511950e-07  3.29814384e+00  1.28511950e-07  3.30000000e+00  1.28511950e-07 -2.42835029e-06 
 1.28561950e-07  2.03227301e-02  1.28561950e-07  3.29834354e+00  1.28561950e-07  3.30000000e+00  1.28561950e-07 -1.31935832e-06 
 1.28611950e-07  1.80428539e-02  1.28611950e-07  3.29852313e+00  1.28611950e-07  3.30000000e+00  1.28611950e-07 -2.02396354e-06 
 1.28661950e-07  1.60123827e-02  1.28661950e-07  3.29868436e+00  1.28661950e-07  3.30000000e+00  1.28661950e-07 -9.55914241e-07 
 1.28711950e-07  1.42053685e-02  1.28711950e-07  3.29882886e+00  1.28711950e-07  3.30000000e+00  1.28711950e-07 -1.69787023e-06 
 1.28761950e-07  1.25982830e-02  1.28761950e-07  3.29895821e+00  1.28761950e-07  3.30000000e+00  1.28761950e-07 -6.63780531e-07 
 1.28811950e-07  1.11698517e-02  1.28811950e-07  3.29907383e+00  1.28811950e-07  3.30000000e+00  1.28811950e-07 -1.43651921e-06 
 1.28861950e-07  9.90088531e-03  1.28861950e-07  3.29917708e+00  1.28861950e-07  3.30000000e+00  1.28861950e-07 -4.30257109e-07 
 1.28911950e-07  8.77411318e-03  1.28911950e-07  3.29926917e+00  1.28911950e-07  3.30000000e+00  1.28911950e-07 -1.22809101e-06 
 1.28961950e-07  7.77402213e-03  1.28961950e-07  3.29935123e+00  1.28961950e-07  3.30000000e+00  1.28961950e-07 -2.44411232e-07 
 1.29011950e-07  6.88670178e-03  1.29011950e-07  3.29942431e+00  1.29011950e-07  3.30000000e+00  1.29011950e-07 -1.06252704e-06 
 1.29061950e-07  6.09969811e-03  1.29061950e-07  3.29948933e+00  1.29061950e-07  3.30000000e+00  1.29061950e-07 -9.70319121e-08 
 1.29111950e-07  5.40187634e-03  1.29111950e-07  3.29954715e+00  1.29111950e-07  3.30000000e+00  1.29111950e-07 -9.31427125e-07 
 1.29161950e-07  4.78329325e-03  1.29161950e-07  3.29959853e+00  1.29161950e-07  3.30000000e+00  1.29161950e-07  1.95139647e-08 
 1.29211950e-07  4.23507924e-03  1.29211950e-07  3.29964417e+00  1.29211950e-07  3.30000000e+00  1.29211950e-07 -8.27877145e-07 
 1.29261950e-07  3.74932994e-03  1.29261950e-07  3.29968469e+00  1.29261950e-07  3.30000000e+00  1.29261950e-07  1.11471761e-07 
 1.29311950e-07  3.31900715e-03  1.29311950e-07  3.29972064e+00  1.29311950e-07  3.30000000e+00  1.29311950e-07 -7.46249647e-07 
 1.29361950e-07  2.93784862e-03  1.29361950e-07  3.29975254e+00  1.29361950e-07  3.30000000e+00  1.29361950e-07  1.83901210e-07 
 1.29411950e-07  2.60028619e-03  1.29411950e-07  3.29978084e+00  1.29411950e-07  3.30000000e+00  1.29411950e-07 -6.82004002e-07 
 1.29461950e-07  2.30137175e-03  1.29461950e-07  3.29980592e+00  1.29461950e-07  3.30000000e+00  1.29461950e-07  2.40870258e-07 
 1.29511950e-07  2.03671054e-03  1.29511950e-07  3.29982815e+00  1.29511950e-07  3.30000000e+00  1.29511950e-07 -6.31501130e-07 
 1.29561950e-07  1.80240099e-03  1.29561950e-07  3.29984785e+00  1.29561950e-07  3.30000000e+00  1.29561950e-07  2.85630090e-07 
 1.29611950e-07  1.59498085e-03  1.29611950e-07  3.29986531e+00  1.29611950e-07  3.30000000e+00  1.29611950e-07 -5.91839737e-07 
 1.29661950e-07  1.41137879e-03  1.29661950e-07  3.29988077e+00  1.29661950e-07  3.30000000e+00  1.29661950e-07  3.20767134e-07 
 1.29711950e-07  1.24887114e-03  1.29711950e-07  3.29989446e+00  1.29711950e-07  3.30000000e+00  1.29711950e-07 -5.60716154e-07 
 1.29761950e-07  1.10504325e-03  1.29761950e-07  3.29990659e+00  1.29761950e-07  3.30000000e+00  1.29761950e-07  3.48331588e-07 
 1.29811950e-07  9.77754903e-04  1.29811950e-07  3.29991733e+00  1.29811950e-07  3.30000000e+00  1.29811950e-07 -5.36307039e-07 
 1.29861950e-07  8.65109610e-04  1.29861950e-07  3.29992684e+00  1.29861950e-07  3.30000000e+00  1.29861950e-07  3.69944039e-07 
 1.29911950e-07  7.65427139e-04  1.29911950e-07  3.29993526e+00  1.29911950e-07  3.30000000e+00  1.29911950e-07 -5.17172801e-07 
 1.29961950e-07  6.77219130e-04  1.29961950e-07  3.29994271e+00  1.29961950e-07  3.30000000e+00  1.29961950e-07  3.86882684e-07 
 1.30011950e-07  5.99167386e-04  1.30011950e-07  3.29994930e+00  1.30011950e-07  3.30000000e+00  1.30011950e-07 -5.02179024e-07 
 1.30061950e-07  5.30104574e-04  1.30061950e-07  3.29995514e+00  1.30061950e-07  3.30000000e+00  1.30061950e-07  4.00153948e-07 
 1.30111950e-07  4.68997083e-04  1.30111950e-07  3.29996031e+00  1.30111950e-07  3.30000000e+00  1.30111950e-07 -4.90433132e-07 
 1.30161950e-07  4.14929805e-04  1.30161950e-07  3.29996488e+00  1.30161950e-07  3.30000000e+00  1.30161950e-07  4.10549208e-07 
 1.30211950e-07  3.67092623e-04  1.30211950e-07  3.29996893e+00  1.30211950e-07  3.30000000e+00  1.30211950e-07 -4.81233655e-07 
 1.30261950e-07  3.24768425e-04  1.30261950e-07  3.29997251e+00  1.30261950e-07  3.30000000e+00  1.30261950e-07  4.18690098e-07 
 1.30311950e-07  2.87322475e-04  1.30311950e-07  3.29997567e+00  1.30311950e-07  3.30000000e+00  1.30311950e-07 -4.74029820e-07 
 1.30361950e-07  2.54192985e-04  1.30361950e-07  3.29997848e+00  1.30361950e-07  3.30000000e+00  1.30361950e-07  4.25064517e-07 
 1.30411950e-07  2.24882759e-04  1.30411950e-07  3.29998096e+00  1.30411950e-07  3.30000000e+00  1.30411950e-07 -4.68389493e-07 
 1.30461950e-07  1.98951792e-04  1.30461950e-07  3.29998315e+00  1.30461950e-07  3.30000000e+00  1.30461950e-07  4.30055157e-07 
 1.30511950e-07  1.76010708e-04  1.30511950e-07  3.29998510e+00  1.30511950e-07  3.30000000e+00  1.30511950e-07 -4.63973810e-07 
 1.30561950e-07  1.55714945e-04  1.30561950e-07  3.29998681e+00  1.30561950e-07  3.30000000e+00  1.30561950e-07  4.33962040e-07 
 1.30611950e-07  1.37759614e-04  1.30611950e-07  3.29998833e+00  1.30611950e-07  3.30000000e+00  1.30611950e-07 -4.60517165e-07 
 1.30661950e-07  1.21874933e-04  1.30661950e-07  3.29998968e+00  1.30661950e-07  3.30000000e+00  1.30661950e-07  4.37020283e-07 
 1.30711950e-07  1.07822195e-04  1.30711950e-07  3.29999087e+00  1.30711950e-07  3.30000000e+00  1.30711950e-07 -4.57811445e-07 
 1.30761950e-07  9.53901940e-05  1.30761950e-07  3.29999192e+00  1.30761950e-07  3.30000000e+00  1.30761950e-07  4.39414084e-07 
 1.30811950e-07  8.43920580e-05  1.30811950e-07  3.29999285e+00  1.30811950e-07  3.30000000e+00  1.30811950e-07 -4.55693629e-07 
 1.30861950e-07  7.46624510e-05  1.30861950e-07  3.29999368e+00  1.30861950e-07  3.30000000e+00  1.30861950e-07  4.41287716e-07 
 1.30911950e-07  6.60550925e-05  1.30911950e-07  3.29999441e+00  1.30911950e-07  3.30000000e+00  1.30911950e-07 -4.54036042e-07 
 1.30961950e-07  5.84405631e-05  1.30961950e-07  3.29999505e+00  1.30961950e-07  3.30000000e+00  1.30961950e-07  4.42754158e-07 
 1.31011950e-07  5.17043632e-05  1.31011950e-07  3.29999562e+00  1.31011950e-07  3.30000000e+00  1.31011950e-07 -4.52738712e-07 
 1.31061950e-07  4.57451934e-05  1.31061950e-07  3.29999613e+00  1.31061950e-07  3.30000000e+00  1.31061950e-07  4.43901870e-07 
 1.31111950e-07  4.04734344e-05  1.31111950e-07  3.29999657e+00  1.31111950e-07  3.30000000e+00  1.31111950e-07 -4.51723367e-07 
 1.31161950e-07  3.58098003e-05  1.31161950e-07  3.29999697e+00  1.31161950e-07  3.30000000e+00  1.31161950e-07  4.44800110e-07 
 1.31211950e-07  3.16841480e-05  1.31211950e-07  3.29999732e+00  1.31211950e-07  3.30000000e+00  1.31211950e-07 -4.50928731e-07 
 1.31261950e-07  2.80344236e-05  1.31261950e-07  3.29999763e+00  1.31261950e-07  3.30000000e+00  1.31261950e-07  4.45503090e-07 
 1.31311950e-07  2.48057292e-05  1.31311950e-07  3.29999790e+00  1.31311950e-07  3.30000000e+00  1.31311950e-07 -4.50306836e-07 
 1.31361950e-07  2.19494987e-05  1.31361950e-07  3.29999814e+00  1.31361950e-07  3.30000000e+00  1.31361950e-07  4.46053250e-07 
 1.31411950e-07  1.94227672e-05  1.31411950e-07  3.29999835e+00  1.31411950e-07  3.30000000e+00  1.31411950e-07 -4.49820138e-07 
 1.31461950e-07  1.71875254e-05  1.31461950e-07  3.29999854e+00  1.31461950e-07  3.30000000e+00  1.31461950e-07  4.46483806e-07 
 1.31511950e-07  1.52101479e-05  1.31511950e-07  3.29999871e+00  1.31511950e-07  3.30000000e+00  1.31511950e-07 -4.49439249e-07 
 1.31561950e-07  1.34608882e-05  1.31561950e-07  3.29999886e+00  1.31561950e-07  3.30000000e+00  1.31561950e-07  4.46820757e-07 
 1.31611950e-07  1.19134307e-05  1.31611950e-07  3.29999899e+00  1.31611950e-07  3.30000000e+00  1.31611950e-07 -4.49141167e-07 
 1.31661950e-07  1.05444955e-05  1.31661950e-07  3.29999911e+00  1.31661950e-07  3.30000000e+00  1.31661950e-07  4.47084452e-07 
 1.31711950e-07  9.33348789e-06  1.31711950e-07  3.29999921e+00  1.31711950e-07  3.30000000e+00  1.31711950e-07 -4.48907893e-07 
 1.31761950e-07  8.26218912e-06  1.31761950e-07  3.29999930e+00  1.31761950e-07  3.30000000e+00  1.31761950e-07  4.47290816e-07 
 1.31811950e-07  7.31448193e-06  1.31811950e-07  3.29999938e+00  1.31811950e-07  3.30000000e+00  1.31811950e-07 -4.48725335e-07 
 1.31861950e-07  6.47610833e-06  1.31861950e-07  3.29999945e+00  1.31861950e-07  3.30000000e+00  1.31861950e-07  4.47452313e-07 
 1.31911950e-07  5.73445515e-06  1.31911950e-07  3.29999951e+00  1.31911950e-07  3.30000000e+00  1.31911950e-07 -4.48582469e-07 
 1.31961950e-07  5.07836425e-06  1.31961950e-07  3.29999957e+00  1.31961950e-07  3.30000000e+00  1.31961950e-07  4.47578697e-07 
 1.32011950e-07  4.49796471e-06  1.32011950e-07  3.29999962e+00  1.32011950e-07  3.30000000e+00  1.32011950e-07 -4.48470665e-07 
 1.32061950e-07  3.98452435e-06  1.32061950e-07  3.29999966e+00  1.32061950e-07  3.30000000e+00  1.32061950e-07  4.47677603e-07 
 1.32111950e-07  3.53031836e-06  1.32111950e-07  3.29999970e+00  1.32111950e-07  3.30000000e+00  1.32111950e-07 -4.48383169e-07 
 1.32161950e-07  3.12851307e-06  1.32161950e-07  3.29999973e+00  1.32161950e-07  3.30000000e+00  1.32161950e-07  4.47755005e-07 
 1.32211950e-07  2.77306320e-06  1.32211950e-07  3.29999976e+00  1.32211950e-07  3.30000000e+00  1.32211950e-07 -4.48314698e-07 
 1.32261950e-07  2.45862085e-06  1.32261950e-07  3.29999979e+00  1.32261950e-07  3.30000000e+00  1.32261950e-07  4.47815577e-07 
 1.32311950e-07  2.18045512e-06  1.32311950e-07  3.29999982e+00  1.32311950e-07  3.30000000e+00  1.32311950e-07 -4.48261113e-07 
 1.32361950e-07  1.93438085e-06  1.32361950e-07  3.29999984e+00  1.32361950e-07  3.30000000e+00  1.32361950e-07  4.47862980e-07 
 1.32411950e-07  1.71669575e-06  1.32411950e-07  3.29999985e+00  1.32411950e-07  3.30000000e+00  1.32411950e-07 -4.48219179e-07 
 1.32461950e-07  1.52412461e-06  1.32461950e-07  3.29999987e+00  1.32461950e-07  3.30000000e+00  1.32461950e-07  4.47900076e-07 
 1.32511950e-07  1.35377010e-06  1.32511950e-07  3.29999989e+00  1.32511950e-07  3.30000000e+00  1.32511950e-07 -4.48186363e-07 
 1.32561950e-07  1.20306912e-06  1.32561950e-07  3.29999990e+00  1.32561950e-07  3.30000000e+00  1.32561950e-07  4.47929107e-07 
 1.32611950e-07  1.06975429e-06  1.32611950e-07  3.29999991e+00  1.32611950e-07  3.30000000e+00  1.32611950e-07 -4.48160681e-07 
 1.32661950e-07  9.51819794e-07  1.32661950e-07  3.29999992e+00  1.32661950e-07  3.30000000e+00  1.32661950e-07  4.47951825e-07 
 1.32711950e-07  8.47491237e-07  1.32711950e-07  3.29999993e+00  1.32711950e-07  3.30000000e+00  1.32711950e-07 -4.48140584e-07 
 1.32761950e-07  7.55198921e-07  1.32761950e-07  3.29999994e+00  1.32761950e-07  3.30000000e+00  1.32761950e-07  4.47969604e-07 
 1.32811950e-07  6.73554245e-07  1.32811950e-07  3.29999994e+00  1.32811950e-07  3.30000000e+00  1.32811950e-07 -4.48124856e-07 
 1.32861950e-07  6.01328809e-07  1.32861950e-07  3.29999995e+00  1.32861950e-07  3.30000000e+00  1.32861950e-07  4.47983517e-07 
 1.32911950e-07  5.37435928e-07  1.32911950e-07  3.29999995e+00  1.32911950e-07  3.30000000e+00  1.32911950e-07 -4.48112548e-07 
 1.32961950e-07  4.80914287e-07  1.32961950e-07  3.29999996e+00  1.32961950e-07  3.30000000e+00  1.32961950e-07  4.47994405e-07 
 1.33011950e-07  4.30913478e-07  1.33011950e-07  3.29999996e+00  1.33011950e-07  3.30000000e+00  1.33011950e-07 -4.48102916e-07 
 1.33061950e-07  3.86681200e-07  1.33061950e-07  3.29999997e+00  1.33061950e-07  3.30000000e+00  1.33061950e-07  4.48002926e-07 
 1.33111950e-07  3.47551947e-07  1.33111950e-07  3.29999997e+00  1.33111950e-07  3.30000000e+00  1.33111950e-07 -4.48095378e-07 
 1.33161950e-07  3.12936988e-07  1.33161950e-07  3.29999997e+00  1.33161950e-07  3.30000000e+00  1.33161950e-07  4.48009594e-07 
 1.33211950e-07  2.82315516e-07  1.33211950e-07  3.29999998e+00  1.33211950e-07  3.30000000e+00  1.33211950e-07 -4.48089480e-07 
 1.33261950e-07  2.55226805e-07  1.33261950e-07  3.29999998e+00  1.33261950e-07  3.30000000e+00  1.33261950e-07  4.48014812e-07 
 1.33311950e-07  2.31263288e-07  1.33311950e-07  3.29999998e+00  1.33311950e-07  3.30000000e+00  1.33311950e-07 -4.48084863e-07 
 1.33361950e-07  2.10064413e-07  1.33361950e-07  3.29999998e+00  1.33361950e-07  3.30000000e+00  1.33361950e-07  4.48018896e-07 
 1.33411950e-07  1.91311228e-07  1.33411950e-07  3.29999998e+00  1.33411950e-07  3.30000000e+00  1.33411950e-07 -4.48081251e-07 
 1.33461950e-07  1.74721576e-07  1.33461950e-07  3.29999998e+00  1.33461950e-07  3.30000000e+00  1.33461950e-07  4.48022092e-07 
 1.33511950e-07  1.60045853e-07  1.33511950e-07  3.29999999e+00  1.33511950e-07  3.30000000e+00  1.33511950e-07 -4.48078424e-07 
 1.33561950e-07  1.47063252e-07  1.33561950e-07  3.29999999e+00  1.33561950e-07  3.30000000e+00  1.33561950e-07  4.48024593e-07 
 1.33611950e-07  1.35578438e-07  1.33611950e-07  3.29999999e+00  1.33611950e-07  3.30000000e+00  1.33611950e-07 -4.48076211e-07 
 1.33661950e-07  1.25418615e-07  1.33661950e-07  3.29999999e+00  1.33661950e-07  3.30000000e+00  1.33661950e-07  4.48026550e-07 
 1.33711950e-07  1.16430920e-07  1.33711950e-07  3.29999999e+00  1.33711950e-07  3.30000000e+00  1.33711950e-07 -4.48074480e-07 
 1.33761950e-07  1.08480124e-07  1.33761950e-07  3.29999999e+00  1.33761950e-07  3.30000000e+00  1.33761950e-07  4.48028082e-07 
 1.33811950e-07  1.01446603e-07  1.33811950e-07  3.29999999e+00  1.33811950e-07  3.30000000e+00  1.33811950e-07 -4.48073125e-07 
 1.33861950e-07  9.52245303e-08  1.33861950e-07  3.29999999e+00  1.33861950e-07  3.30000000e+00  1.33861950e-07  4.48029280e-07 
 1.33911950e-07  8.97202917e-08  1.33911950e-07  3.29999999e+00  1.33911950e-07  3.30000000e+00  1.33911950e-07 -4.48072065e-07 
 1.33961950e-07  8.48510714e-08  1.33961950e-07  3.29999999e+00  1.33961950e-07  3.30000000e+00  1.33961950e-07  4.48030218e-07 
 1.34011950e-07  8.05436075e-08  1.34011950e-07  3.29999999e+00  1.34011950e-07  3.30000000e+00  1.34011950e-07 -4.48071235e-07 
 1.34061950e-07  7.67330910e-08  1.34061950e-07  3.29999999e+00  1.34061950e-07  3.30000000e+00  1.34061950e-07  4.48030952e-07 
 1.34111950e-07  7.33621891e-08  1.34111950e-07  3.29999999e+00  1.34111950e-07  3.30000000e+00  1.34111950e-07 -4.48070586e-07 
 1.34161950e-07  7.03801846e-08  1.34161950e-07  3.29999999e+00  1.34161950e-07  3.30000000e+00  1.34161950e-07  4.48031527e-07 
 1.34211950e-07  6.77422100e-08  1.34211950e-07  3.29999999e+00  1.34211950e-07  3.30000000e+00  1.34211950e-07 -4.48070077e-07 
 1.34261950e-07  6.54085758e-08  1.34261950e-07  3.29999999e+00  1.34261950e-07  3.30000000e+00  1.34261950e-07  4.48031976e-07 
 1.34311950e-07  6.33441697e-08  1.34311950e-07  3.29999999e+00  1.34311950e-07  3.30000000e+00  1.34311950e-07 -4.48069680e-07 
 1.34361950e-07  6.15179328e-08  1.34361950e-07  3.29999999e+00  1.34361950e-07  3.30000000e+00  1.34361950e-07  4.48032328e-07 
 1.34411950e-07  5.99023872e-08  1.34411950e-07  3.29999999e+00  1.34411950e-07  3.30000000e+00  1.34411950e-07 -4.48069368e-07 
 1.34461950e-07  5.84732243e-08  1.34461950e-07  3.29999999e+00  1.34461950e-07  3.30000000e+00  1.34461950e-07  4.48032603e-07 
 1.34511950e-07  5.72089427e-08  1.34511950e-07  3.29999999e+00  1.34511950e-07  3.30000000e+00  1.34511950e-07 -4.48069125e-07 
 1.34561950e-07  5.60905203e-08  1.34561950e-07  3.30000000e+00  1.34561950e-07  3.30000000e+00  1.34561950e-07  4.48032819e-07 
 1.34611950e-07  5.51011292e-08  1.34611950e-07  3.30000000e+00  1.34611950e-07  3.30000000e+00  1.34611950e-07 -4.48068934e-07 
 1.34661950e-07  5.42258828e-08  1.34661950e-07  3.30000000e+00  1.34661950e-07  3.30000000e+00  1.34661950e-07  4.48032987e-07 
 1.34711950e-07  5.34516119e-08  1.34711950e-07  3.30000000e+00  1.34711950e-07  3.30000000e+00  1.34711950e-07 -4.48068785e-07 
 1.34761950e-07  5.27666671e-08  1.34761950e-07  3.30000000e+00  1.34761950e-07  3.30000000e+00  1.34761950e-07  4.48033119e-07 
 1.34811950e-07  5.21607436e-08  1.34811950e-07  3.30000000e+00  1.34811950e-07  3.30000000e+00  1.34811950e-07 -4.48068668e-07 
 1.34861950e-07  5.16247261e-08  1.34861950e-07  3.30000000e+00  1.34861950e-07  3.30000000e+00  1.34861950e-07  4.48033223e-07 
 1.34911950e-07  5.11505486e-08  1.34911950e-07  3.30000000e+00  1.34911950e-07  3.30000000e+00  1.34911950e-07 -4.48068577e-07 
 1.34961950e-07  5.07310768e-08  1.34961950e-07  3.30000000e+00  1.34961950e-07  3.30000000e+00  1.34961950e-07  4.48033303e-07 
 1.35011950e-07  5.03599982e-08  1.35011950e-07  3.30000000e+00  1.35011950e-07  3.30000000e+00  1.35011950e-07 -4.48068506e-07 
 1.35061950e-07  5.00317303e-08  1.35061950e-07  3.30000000e+00  1.35061950e-07  3.30000000e+00  1.35061950e-07  4.48033367e-07 
 1.35111950e-07  4.97413346e-08  1.35111950e-07  3.30000000e+00  1.35111950e-07  3.30000000e+00  1.35111950e-07 -4.48068450e-07 
 1.35161950e-07  4.94844424e-08  1.35161950e-07  3.30000000e+00  1.35161950e-07  3.30000000e+00  1.35161950e-07  4.48033416e-07 
 1.35211950e-07  4.92571875e-08  1.35211950e-07  3.30000000e+00  1.35211950e-07  3.30000000e+00  1.35211950e-07 -4.48068406e-07 
 1.35261950e-07  4.90561508e-08  1.35261950e-07  3.30000000e+00  1.35261950e-07  3.30000000e+00  1.35261950e-07  4.48033455e-07 
 1.35311950e-07  4.88783065e-08  1.35311950e-07  3.30000000e+00  1.35311950e-07  3.30000000e+00  1.35311950e-07 -4.48068372e-07 
 1.35361950e-07  4.87209792e-08  1.35361950e-07  3.30000000e+00  1.35361950e-07  3.30000000e+00  1.35361950e-07  4.48033485e-07 
 1.35411950e-07  4.85818038e-08  1.35411950e-07  3.30000000e+00  1.35411950e-07  3.30000000e+00  1.35411950e-07 -4.48068345e-07 
 1.35461950e-07  4.84586852e-08  1.35461950e-07  3.30000000e+00  1.35461950e-07  3.30000000e+00  1.35461950e-07  4.48033509e-07 
 1.35511950e-07  4.83497707e-08  1.35511950e-07  3.30000000e+00  1.35511950e-07  3.30000000e+00  1.35511950e-07 -4.48068324e-07 
 1.35561950e-07  4.82534202e-08  1.35561950e-07  3.30000000e+00  1.35561950e-07  3.30000000e+00  1.35561950e-07  4.48033527e-07 
 1.35611950e-07  4.81681857e-08  1.35611950e-07  3.30000000e+00  1.35611950e-07  3.30000000e+00  1.35611950e-07 -4.48068307e-07 
 1.35661950e-07  4.80927852e-08  1.35661950e-07  3.30000000e+00  1.35661950e-07  3.30000000e+00  1.35661950e-07  4.48033542e-07 
 1.35711950e-07  4.80260839e-08  1.35711950e-07  3.30000000e+00  1.35711950e-07  3.30000000e+00  1.35711950e-07 -4.48068295e-07 
 1.35761950e-07  4.79670769e-08  1.35761950e-07  3.30000000e+00  1.35761950e-07  3.30000000e+00  1.35761950e-07  4.48033553e-07 
 1.35811950e-07  4.79148781e-08  1.35811950e-07  3.30000000e+00  1.35811950e-07  3.30000000e+00  1.35811950e-07 -4.48068285e-07 
 1.35861950e-07  4.78687014e-08  1.35861950e-07  3.30000000e+00  1.35861950e-07  3.30000000e+00  1.35861950e-07  4.48033562e-07 
 1.35911950e-07  4.78278525e-08  1.35911950e-07  3.30000000e+00  1.35911950e-07  3.30000000e+00  1.35911950e-07 -4.48068277e-07 
 1.35961950e-07  4.77917158e-08  1.35961950e-07  3.30000000e+00  1.35961950e-07  3.30000000e+00  1.35961950e-07  4.48033569e-07 
 1.36011950e-07  4.77597480e-08  1.36011950e-07  3.30000000e+00  1.36011950e-07  3.30000000e+00  1.36011950e-07 -4.48068271e-07 
 1.36061950e-07  4.77314679e-08  1.36061950e-07  3.30000000e+00  1.36061950e-07  3.30000000e+00  1.36061950e-07  4.48033575e-07 
 1.36111950e-07  4.77064514e-08  1.36111950e-07  3.30000000e+00  1.36111950e-07  3.30000000e+00  1.36111950e-07 -4.48068266e-07 
 1.36161950e-07  4.76843216e-08  1.36161950e-07  3.30000000e+00  1.36161950e-07  3.30000000e+00  1.36161950e-07  4.48033579e-07 
 1.36211950e-07  4.76647444e-08  1.36211950e-07  3.30000000e+00  1.36211950e-07  3.30000000e+00  1.36211950e-07 -4.48068262e-07 
 1.36261950e-07  4.76474246e-08  1.36261950e-07  3.30000000e+00  1.36261950e-07  3.30000000e+00  1.36261950e-07  4.48033582e-07 
 1.36311950e-07  4.76321030e-08  1.36311950e-07  3.30000000e+00  1.36311950e-07  3.30000000e+00  1.36311950e-07 -4.48068259e-07 
 1.36361950e-07  4.76185493e-08  1.36361950e-07  3.30000000e+00  1.36361950e-07  3.30000000e+00  1.36361950e-07  4.48033585e-07 
 1.36411950e-07  4.76065593e-08  1.36411950e-07  3.30000000e+00  1.36411950e-07  3.30000000e+00  1.36411950e-07 -4.48068257e-07 
 1.36461950e-07  4.75959527e-08  1.36461950e-07  3.30000000e+00  1.36461950e-07  3.30000000e+00  1.36461950e-07  4.48033587e-07 
 1.36511950e-07  4.75865703e-08  1.36511950e-07  3.30000000e+00  1.36511950e-07  3.30000000e+00  1.36511950e-07 -4.48068255e-07 
 1.36561950e-07  4.75782695e-08  1.36561950e-07  3.30000000e+00  1.36561950e-07  3.30000000e+00  1.36561950e-07  4.48033588e-07 
 1.36611950e-07  4.75709267e-08  1.36611950e-07  3.30000000e+00  1.36611950e-07  3.30000000e+00  1.36611950e-07 -4.48068253e-07 
 1.36661950e-07  4.75644314e-08  1.36661950e-07  3.30000000e+00  1.36661950e-07  3.30000000e+00  1.36661950e-07  4.48033590e-07 
 1.36711950e-07  4.75586857e-08  1.36711950e-07  3.30000000e+00  1.36711950e-07  3.30000000e+00  1.36711950e-07 -4.48068252e-07 
 1.36761950e-07  4.75536031e-08  1.36761950e-07  3.30000000e+00  1.36761950e-07  3.30000000e+00  1.36761950e-07  4.48033591e-07 
 1.36811950e-07  4.75491067e-08  1.36811950e-07  3.30000000e+00  1.36811950e-07  3.30000000e+00  1.36811950e-07 -4.48068251e-07 
 1.36861950e-07  4.75451298e-08  1.36861950e-07  3.30000000e+00  1.36861950e-07  3.30000000e+00  1.36861950e-07  4.48033591e-07 
 1.36911950e-07  4.75416106e-08  1.36911950e-07  3.30000000e+00  1.36911950e-07  3.30000000e+00  1.36911950e-07 -4.48068251e-07 
 1.36961950e-07  4.75384980e-08  1.36961950e-07  3.30000000e+00  1.36961950e-07  3.30000000e+00  1.36961950e-07  4.48033592e-07 
 1.37011950e-07  4.75357437e-08  1.37011950e-07  3.30000000e+00  1.37011950e-07  3.30000000e+00  1.37011950e-07 -4.48068250e-07 
 1.37061950e-07  4.75333072e-08  1.37061950e-07  3.30000000e+00  1.37061950e-07  3.30000000e+00  1.37061950e-07  4.48033593e-07 
 1.37111950e-07  4.75311515e-08  1.37111950e-07  3.30000000e+00  1.37111950e-07  3.30000000e+00  1.37111950e-07 -4.48068250e-07 
 1.37161950e-07  4.75292448e-08  1.37161950e-07  3.30000000e+00  1.37161950e-07  3.30000000e+00  1.37161950e-07  4.48033593e-07 
 1.37211950e-07  4.75275581e-08  1.37211950e-07  3.30000000e+00  1.37211950e-07  3.30000000e+00  1.37211950e-07 -4.48068250e-07 
 1.37261950e-07  4.75260665e-08  1.37261950e-07  3.30000000e+00  1.37261950e-07  3.30000000e+00  1.37261950e-07  4.48033593e-07 
 1.37311950e-07  4.75247474e-08  1.37311950e-07  3.30000000e+00  1.37311950e-07  3.30000000e+00  1.37311950e-07 -4.48068249e-07 
 1.37361950e-07  4.75235793e-08  1.37361950e-07  3.30000000e+00  1.37361950e-07  3.30000000e+00  1.37361950e-07  4.48033593e-07 
 1.37411950e-07  4.75225461e-08  1.37411950e-07  3.30000000e+00  1.37411950e-07  3.30000000e+00  1.37411950e-07 -4.48068249e-07 
 1.37461950e-07  4.75216323e-08  1.37461950e-07  3.30000000e+00  1.37461950e-07  3.30000000e+00  1.37461950e-07  4.48033594e-07 
 1.37511950e-07  4.75208229e-08  1.37511950e-07  3.30000000e+00  1.37511950e-07  3.30000000e+00  1.37511950e-07 -4.48068249e-07 
 1.37561950e-07  4.75201081e-08  1.37561950e-07  3.30000000e+00  1.37561950e-07  3.30000000e+00  1.37561950e-07  4.48033594e-07 
 1.37611950e-07  4.75194755e-08  1.37611950e-07  3.30000000e+00  1.37611950e-07  3.30000000e+00  1.37611950e-07 -4.48068249e-07 
 1.37661950e-07  4.75189166e-08  1.37661950e-07  3.30000000e+00  1.37661950e-07  3.30000000e+00  1.37661950e-07  4.48033594e-07 
 1.37711950e-07  4.75184218e-08  1.37711950e-07  3.30000000e+00  1.37711950e-07  3.30000000e+00  1.37711950e-07 -4.48068249e-07 
 1.37761950e-07  4.75179839e-08  1.37761950e-07  3.30000000e+00  1.37761950e-07  3.30000000e+00  1.37761950e-07  4.48033594e-07 
 1.37811950e-07  4.75175976e-08  1.37811950e-07  3.30000000e+00  1.37811950e-07  3.30000000e+00  1.37811950e-07 -4.48068249e-07 
 1.37861950e-07  4.75172549e-08  1.37861950e-07  3.30000000e+00  1.37861950e-07  3.30000000e+00  1.37861950e-07  4.48033594e-07 
 1.37911950e-07  4.75169517e-08  1.37911950e-07  3.30000000e+00  1.37911950e-07  3.30000000e+00  1.37911950e-07 -4.48068249e-07 
 1.37961950e-07  4.75166839e-08  1.37961950e-07  3.30000000e+00  1.37961950e-07  3.30000000e+00  1.37961950e-07  4.48033594e-07 
 1.38011950e-07  4.75164472e-08  1.38011950e-07  3.30000000e+00  1.38011950e-07  3.30000000e+00  1.38011950e-07 -4.48068249e-07 
 1.38061950e-07  4.75162368e-08  1.38061950e-07  3.30000000e+00  1.38061950e-07  3.30000000e+00  1.38061950e-07  4.48033594e-07 
 1.38111950e-07  4.75160511e-08  1.38111950e-07  3.30000000e+00  1.38111950e-07  3.30000000e+00  1.38111950e-07 -4.48068248e-07 
 1.38161950e-07  4.75158869e-08  1.38161950e-07  3.30000000e+00  1.38161950e-07  3.30000000e+00  1.38161950e-07  4.48033594e-07 
 1.38211950e-07  4.75157414e-08  1.38211950e-07  3.30000000e+00  1.38211950e-07  3.30000000e+00  1.38211950e-07 -4.48068248e-07 
 1.38261950e-07  4.75156132e-08  1.38261950e-07  3.30000000e+00  1.38261950e-07  3.30000000e+00  1.38261950e-07  4.48033594e-07 
 1.38311950e-07  4.75154998e-08  1.38311950e-07  3.30000000e+00  1.38311950e-07  3.30000000e+00  1.38311950e-07 -4.48068248e-07 
 1.38361950e-07  4.75153992e-08  1.38361950e-07  3.30000000e+00  1.38361950e-07  3.30000000e+00  1.38361950e-07  4.48033594e-07 
 1.38411950e-07  4.75153098e-08  1.38411950e-07  3.30000000e+00  1.38411950e-07  3.30000000e+00  1.38411950e-07 -4.48068248e-07 
 1.38461950e-07  4.75152313e-08  1.38461950e-07  3.30000000e+00  1.38461950e-07  3.30000000e+00  1.38461950e-07  4.48033594e-07 
 1.38511950e-07  4.75151625e-08  1.38511950e-07  3.30000000e+00  1.38511950e-07  3.30000000e+00  1.38511950e-07 -4.48068248e-07 
 1.38561950e-07  4.75151014e-08  1.38561950e-07  3.30000000e+00  1.38561950e-07  3.30000000e+00  1.38561950e-07  4.48033594e-07 
 1.38611950e-07  4.75150471e-08  1.38611950e-07  3.30000000e+00  1.38611950e-07  3.30000000e+00  1.38611950e-07 -4.48068248e-07 
 1.38661950e-07  4.75149983e-08  1.38661950e-07  3.30000000e+00  1.38661950e-07  3.30000000e+00  1.38661950e-07  4.48033594e-07 
 1.38711950e-07  4.75149547e-08  1.38711950e-07  3.30000000e+00  1.38711950e-07  3.30000000e+00  1.38711950e-07 -4.48068248e-07 
 1.38761950e-07  4.75149161e-08  1.38761950e-07  3.30000000e+00  1.38761950e-07  3.30000000e+00  1.38761950e-07  4.48033594e-07 
 1.38811950e-07  4.75148827e-08  1.38811950e-07  3.30000000e+00  1.38811950e-07  3.30000000e+00  1.38811950e-07 -4.48068248e-07 
 1.38861950e-07  4.75148532e-08  1.38861950e-07  3.30000000e+00  1.38861950e-07  3.30000000e+00  1.38861950e-07  4.48033594e-07 
 1.38911950e-07  4.75148267e-08  1.38911950e-07  3.30000000e+00  1.38911950e-07  3.30000000e+00  1.38911950e-07 -4.48068248e-07 
 1.38961950e-07  4.75148041e-08  1.38961950e-07  3.30000000e+00  1.38961950e-07  3.30000000e+00  1.38961950e-07  4.48033594e-07 
 1.39011950e-07  4.75147834e-08  1.39011950e-07  3.30000000e+00  1.39011950e-07  3.30000000e+00  1.39011950e-07 -4.48068248e-07 
 1.39061950e-07  4.75147648e-08  1.39061950e-07  3.30000000e+00  1.39061950e-07  3.30000000e+00  1.39061950e-07  4.48033594e-07 
 1.39111950e-07  4.75147487e-08  1.39111950e-07  3.30000000e+00  1.39111950e-07  3.30000000e+00  1.39111950e-07 -4.48068248e-07 
 1.39161950e-07  4.75147347e-08  1.39161950e-07  3.30000000e+00  1.39161950e-07  3.30000000e+00  1.39161950e-07  4.48033594e-07 
 1.39211950e-07  4.75147226e-08  1.39211950e-07  3.30000000e+00  1.39211950e-07  3.30000000e+00  1.39211950e-07 -4.48068248e-07 
 1.39261950e-07  4.75147112e-08  1.39261950e-07  3.30000000e+00  1.39261950e-07  3.30000000e+00  1.39261950e-07  4.48033594e-07 
 1.39311950e-07  4.75147013e-08  1.39311950e-07  3.30000000e+00  1.39311950e-07  3.30000000e+00  1.39311950e-07 -4.48068248e-07 
 1.39361950e-07  4.75146915e-08  1.39361950e-07  3.30000000e+00  1.39361950e-07  3.30000000e+00  1.39361950e-07  4.48033594e-07 
 1.39411950e-07  4.75146841e-08  1.39411950e-07  3.30000000e+00  1.39411950e-07  3.30000000e+00  1.39411950e-07 -4.48068248e-07 
 1.39461950e-07  4.75146775e-08  1.39461950e-07  3.30000000e+00  1.39461950e-07  3.30000000e+00  1.39461950e-07  4.48033594e-07 
 1.39511950e-07  4.75146721e-08  1.39511950e-07  3.30000000e+00  1.39511950e-07  3.30000000e+00  1.39511950e-07 -4.48068248e-07 
 1.39561950e-07  4.75146659e-08  1.39561950e-07  3.30000000e+00  1.39561950e-07  3.30000000e+00  1.39561950e-07  4.48033594e-07 
 1.39611950e-07  4.75146616e-08  1.39611950e-07  3.30000000e+00  1.39611950e-07  3.30000000e+00  1.39611950e-07 -4.48068248e-07 
 1.39661950e-07  4.75146572e-08  1.39661950e-07  3.30000000e+00  1.39661950e-07  3.30000000e+00  1.39661950e-07  4.48033594e-07 
 1.39711950e-07  4.75146533e-08  1.39711950e-07  3.30000000e+00  1.39711950e-07  3.30000000e+00  1.39711950e-07 -4.48068248e-07 
 1.39761950e-07  4.75146498e-08  1.39761950e-07  3.30000000e+00  1.39761950e-07  3.30000000e+00  1.39761950e-07  4.48033594e-07 
 1.39811950e-07  4.75146470e-08  1.39811950e-07  3.30000000e+00  1.39811950e-07  3.30000000e+00  1.39811950e-07 -4.48068248e-07 
 1.39861950e-07  4.75146446e-08  1.39861950e-07  3.30000000e+00  1.39861950e-07  3.30000000e+00  1.39861950e-07  4.48033594e-07 
 1.39911950e-07  4.75146428e-08  1.39911950e-07  3.30000000e+00  1.39911950e-07  3.30000000e+00  1.39911950e-07 -4.48068248e-07 
 1.39961950e-07  4.75146409e-08  1.39961950e-07  3.30000000e+00  1.39961950e-07  3.30000000e+00  1.39961950e-07  4.48033594e-07 
 1.40011950e-07  4.75146391e-08  1.40011950e-07  3.30000000e+00  1.40011950e-07  3.30000000e+00  1.40011950e-07 -4.48068248e-07 
 1.40061950e-07  4.75146376e-08  1.40061950e-07  3.30000000e+00  1.40061950e-07  3.30000000e+00  1.40061950e-07  4.48033594e-07 
 1.40111950e-07  4.75146358e-08  1.40111950e-07  3.30000000e+00  1.40111950e-07  3.30000000e+00  1.40111950e-07 -4.48068248e-07 
 1.40161950e-07  4.75146348e-08  1.40161950e-07  3.30000000e+00  1.40161950e-07  3.30000000e+00  1.40161950e-07  4.48033594e-07 
 1.40211950e-07  4.75146338e-08  1.40211950e-07  3.30000000e+00  1.40211950e-07  3.30000000e+00  1.40211950e-07 -4.48068248e-07 
 1.40261950e-07  4.75146330e-08  1.40261950e-07  3.30000000e+00  1.40261950e-07  3.30000000e+00  1.40261950e-07  4.48033594e-07 
 1.40311950e-07  4.75146321e-08  1.40311950e-07  3.30000000e+00  1.40311950e-07  3.30000000e+00  1.40311950e-07 -4.48068248e-07 
 1.40361950e-07  4.75146319e-08  1.40361950e-07  3.30000000e+00  1.40361950e-07  3.30000000e+00  1.40361950e-07  4.48033594e-07 
 1.40411950e-07  4.75146312e-08  1.40411950e-07  3.30000000e+00  1.40411950e-07  3.30000000e+00  1.40411950e-07 -4.48068248e-07 
 1.40461950e-07  4.75146310e-08  1.40461950e-07  3.30000000e+00  1.40461950e-07  3.30000000e+00  1.40461950e-07  4.48033594e-07 
 1.40511950e-07  4.75146300e-08  1.40511950e-07  3.30000000e+00  1.40511950e-07  3.30000000e+00  1.40511950e-07 -4.48068248e-07 
 1.40561950e-07  4.75146299e-08  1.40561950e-07  3.30000000e+00  1.40561950e-07  3.30000000e+00  1.40561950e-07  4.48033594e-07 
 1.40611950e-07  4.75146296e-08  1.40611950e-07  3.30000000e+00  1.40611950e-07  3.30000000e+00  1.40611950e-07 -4.48068248e-07 
 1.40661950e-07  4.75146295e-08  1.40661950e-07  3.30000000e+00  1.40661950e-07  3.30000000e+00  1.40661950e-07  4.48033594e-07 
 1.40711950e-07  4.75146289e-08  1.40711950e-07  3.30000000e+00  1.40711950e-07  3.30000000e+00  1.40711950e-07 -4.48068248e-07 
 1.40761950e-07  4.75146294e-08  1.40761950e-07  3.30000000e+00  1.40761950e-07  3.30000000e+00  1.40761950e-07  4.48033594e-07 
 1.40811950e-07  4.75146289e-08  1.40811950e-07  3.30000000e+00  1.40811950e-07  3.30000000e+00  1.40811950e-07 -4.48068248e-07 
 1.40861950e-07  4.75146293e-08  1.40861950e-07  3.30000000e+00  1.40861950e-07  3.30000000e+00  1.40861950e-07  4.48033594e-07 
 1.40911950e-07  4.75146294e-08  1.40911950e-07  3.30000000e+00  1.40911950e-07  3.30000000e+00  1.40911950e-07 -4.48068248e-07 
 1.40961950e-07  4.75146292e-08  1.40961950e-07  3.30000000e+00  1.40961950e-07  3.30000000e+00  1.40961950e-07  4.48033594e-07 
 1.41011950e-07  4.75146291e-08  1.41011950e-07  3.30000000e+00  1.41011950e-07  3.30000000e+00  1.41011950e-07 -4.48068248e-07 
 1.41061950e-07  4.75146290e-08  1.41061950e-07  3.30000000e+00  1.41061950e-07  3.30000000e+00  1.41061950e-07  4.48033594e-07 
 1.41111950e-07  4.75146291e-08  1.41111950e-07  3.30000000e+00  1.41111950e-07  3.30000000e+00  1.41111950e-07 -4.48068248e-07 
 1.41161950e-07  4.75146292e-08  1.41161950e-07  3.30000000e+00  1.41161950e-07  3.30000000e+00  1.41161950e-07  4.48033594e-07 
 1.41211950e-07  4.75146289e-08  1.41211950e-07  3.30000000e+00  1.41211950e-07  3.30000000e+00  1.41211950e-07 -4.48068248e-07 
 1.41261950e-07  4.75146288e-08  1.41261950e-07  3.30000000e+00  1.41261950e-07  3.30000000e+00  1.41261950e-07  4.48033594e-07 
 1.41311950e-07  4.75146287e-08  1.41311950e-07  3.30000000e+00  1.41311950e-07  3.30000000e+00  1.41311950e-07 -4.48068248e-07 
 1.41361950e-07  4.75146284e-08  1.41361950e-07  3.30000000e+00  1.41361950e-07  3.30000000e+00  1.41361950e-07  4.48033594e-07 
 1.41411950e-07  4.75146284e-08  1.41411950e-07  3.30000000e+00  1.41411950e-07  3.30000000e+00  1.41411950e-07 -4.48068248e-07 
 1.41461950e-07  4.75146286e-08  1.41461950e-07  3.30000000e+00  1.41461950e-07  3.30000000e+00  1.41461950e-07  4.48033594e-07 
 1.41511950e-07  4.75146287e-08  1.41511950e-07  3.30000000e+00  1.41511950e-07  3.30000000e+00  1.41511950e-07 -4.48068248e-07 
 1.41561950e-07  4.75146287e-08  1.41561950e-07  3.30000000e+00  1.41561950e-07  3.30000000e+00  1.41561950e-07  4.48033594e-07 
 1.41611950e-07  4.75146288e-08  1.41611950e-07  3.30000000e+00  1.41611950e-07  3.30000000e+00  1.41611950e-07 -4.48068248e-07 
 1.41661950e-07  4.75146282e-08  1.41661950e-07  3.30000000e+00  1.41661950e-07  3.30000000e+00  1.41661950e-07  4.48033594e-07 
 1.41711950e-07  4.75146279e-08  1.41711950e-07  3.30000000e+00  1.41711950e-07  3.30000000e+00  1.41711950e-07 -4.48068248e-07 
 1.41761950e-07  4.75146281e-08  1.41761950e-07  3.30000000e+00  1.41761950e-07  3.30000000e+00  1.41761950e-07  4.48033594e-07 
 1.41811950e-07  4.75146285e-08  1.41811950e-07  3.30000000e+00  1.41811950e-07  3.30000000e+00  1.41811950e-07 -4.48068248e-07 
 1.41861950e-07  4.75146290e-08  1.41861950e-07  3.30000000e+00  1.41861950e-07  3.30000000e+00  1.41861950e-07  4.48033594e-07 
 1.41911950e-07  4.75146292e-08  1.41911950e-07  3.30000000e+00  1.41911950e-07  3.30000000e+00  1.41911950e-07 -4.48068248e-07 
 1.41961950e-07  4.75146291e-08  1.41961950e-07  3.30000000e+00  1.41961950e-07  3.30000000e+00  1.41961950e-07  4.48033594e-07 
 1.42011950e-07  4.75146291e-08  1.42011950e-07  3.30000000e+00  1.42011950e-07  3.30000000e+00  1.42011950e-07 -4.48068248e-07 
 1.42061950e-07  4.75146289e-08  1.42061950e-07  3.30000000e+00  1.42061950e-07  3.30000000e+00  1.42061950e-07  4.48033594e-07 
 1.42111950e-07  4.75146286e-08  1.42111950e-07  3.30000000e+00  1.42111950e-07  3.30000000e+00  1.42111950e-07 -4.48068248e-07 
 1.42161950e-07  4.75146284e-08  1.42161950e-07  3.30000000e+00  1.42161950e-07  3.30000000e+00  1.42161950e-07  4.48033594e-07 
 1.42211950e-07  4.75146282e-08  1.42211950e-07  3.30000000e+00  1.42211950e-07  3.30000000e+00  1.42211950e-07 -4.48068248e-07 
 1.42261950e-07  4.75146283e-08  1.42261950e-07  3.30000000e+00  1.42261950e-07  3.30000000e+00  1.42261950e-07  4.48033594e-07 
 1.42311950e-07  4.75146278e-08  1.42311950e-07  3.30000000e+00  1.42311950e-07  3.30000000e+00  1.42311950e-07 -4.48068248e-07 
 1.42361950e-07  4.75146279e-08  1.42361950e-07  3.30000000e+00  1.42361950e-07  3.30000000e+00  1.42361950e-07  4.48033594e-07 
 1.42411950e-07  4.75146279e-08  1.42411950e-07  3.30000000e+00  1.42411950e-07  3.30000000e+00  1.42411950e-07 -4.48068248e-07 
 1.42461950e-07  4.75146280e-08  1.42461950e-07  3.30000000e+00  1.42461950e-07  3.30000000e+00  1.42461950e-07  4.48033594e-07 
 1.42511950e-07  4.75146283e-08  1.42511950e-07  3.30000000e+00  1.42511950e-07  3.30000000e+00  1.42511950e-07 -4.48068248e-07 
 1.42561950e-07  4.75146287e-08  1.42561950e-07  3.30000000e+00  1.42561950e-07  3.30000000e+00  1.42561950e-07  4.48033594e-07 
 1.42611950e-07  4.75146289e-08  1.42611950e-07  3.30000000e+00  1.42611950e-07  3.30000000e+00  1.42611950e-07 -4.48068248e-07 
 1.42661950e-07  4.75146292e-08  1.42661950e-07  3.30000000e+00  1.42661950e-07  3.30000000e+00  1.42661950e-07  4.48033594e-07 
 1.42711950e-07  4.75146295e-08  1.42711950e-07  3.30000000e+00  1.42711950e-07  3.30000000e+00  1.42711950e-07 -4.48068248e-07 
 1.42761950e-07  4.75146292e-08  1.42761950e-07  3.30000000e+00  1.42761950e-07  3.30000000e+00  1.42761950e-07  4.48033594e-07 
 1.42811950e-07  4.75146294e-08  1.42811950e-07  3.30000000e+00  1.42811950e-07  3.30000000e+00  1.42811950e-07 -4.48068248e-07 
 1.42861950e-07  4.75146294e-08  1.42861950e-07  3.30000000e+00  1.42861950e-07  3.30000000e+00  1.42861950e-07  4.48033594e-07 
 1.42911950e-07  4.75146292e-08  1.42911950e-07  3.30000000e+00  1.42911950e-07  3.30000000e+00  1.42911950e-07 -4.48068248e-07 
 1.42961950e-07  4.75146290e-08  1.42961950e-07  3.30000000e+00  1.42961950e-07  3.30000000e+00  1.42961950e-07  4.48033594e-07 
 1.43011950e-07  4.75146291e-08  1.43011950e-07  3.30000000e+00  1.43011950e-07  3.30000000e+00  1.43011950e-07 -4.48068248e-07 
 1.43061950e-07  4.75146293e-08  1.43061950e-07  3.30000000e+00  1.43061950e-07  3.30000000e+00  1.43061950e-07  4.48033594e-07 
 1.43111950e-07  4.75146290e-08  1.43111950e-07  3.30000000e+00  1.43111950e-07  3.30000000e+00  1.43111950e-07 -4.48068248e-07 
 1.43161950e-07  4.75146285e-08  1.43161950e-07  3.30000000e+00  1.43161950e-07  3.30000000e+00  1.43161950e-07  4.48033594e-07 
 1.43211950e-07  4.75146281e-08  1.43211950e-07  3.30000000e+00  1.43211950e-07  3.30000000e+00  1.43211950e-07 -4.48068248e-07 
 1.43261950e-07  4.75146280e-08  1.43261950e-07  3.30000000e+00  1.43261950e-07  3.30000000e+00  1.43261950e-07  4.48033594e-07 
 1.43311950e-07  4.75146281e-08  1.43311950e-07  3.30000000e+00  1.43311950e-07  3.30000000e+00  1.43311950e-07 -4.48068248e-07 
 1.43361950e-07  4.75146281e-08  1.43361950e-07  3.30000000e+00  1.43361950e-07  3.30000000e+00  1.43361950e-07  4.48033594e-07 
 1.43411950e-07  4.75146282e-08  1.43411950e-07  3.30000000e+00  1.43411950e-07  3.30000000e+00  1.43411950e-07 -4.48068248e-07 
 1.43461950e-07  4.75146284e-08  1.43461950e-07  3.30000000e+00  1.43461950e-07  3.30000000e+00  1.43461950e-07  4.48033594e-07 
 1.43511950e-07  4.75146287e-08  1.43511950e-07  3.30000000e+00  1.43511950e-07  3.30000000e+00  1.43511950e-07 -4.48068248e-07 
 1.43561950e-07  4.75146286e-08  1.43561950e-07  3.30000000e+00  1.43561950e-07  3.30000000e+00  1.43561950e-07  4.48033594e-07 
 1.43611950e-07  4.75146285e-08  1.43611950e-07  3.30000000e+00  1.43611950e-07  3.30000000e+00  1.43611950e-07 -4.48068248e-07 
 1.43661950e-07  4.75146286e-08  1.43661950e-07  3.30000000e+00  1.43661950e-07  3.30000000e+00  1.43661950e-07  4.48033594e-07 
 1.43711950e-07  4.75146289e-08  1.43711950e-07  3.30000000e+00  1.43711950e-07  3.30000000e+00  1.43711950e-07 -4.48068248e-07 
 1.43761950e-07  4.75146286e-08  1.43761950e-07  3.30000000e+00  1.43761950e-07  3.30000000e+00  1.43761950e-07  4.48033594e-07 
 1.43811950e-07  4.75146280e-08  1.43811950e-07  3.30000000e+00  1.43811950e-07  3.30000000e+00  1.43811950e-07 -4.48068248e-07 
 1.43861950e-07  4.75146278e-08  1.43861950e-07  3.30000000e+00  1.43861950e-07  3.30000000e+00  1.43861950e-07  4.48033594e-07 
 1.43911950e-07  4.75146281e-08  1.43911950e-07  3.30000000e+00  1.43911950e-07  3.30000000e+00  1.43911950e-07 -4.48068248e-07 
 1.43961950e-07  4.75146283e-08  1.43961950e-07  3.30000000e+00  1.43961950e-07  3.30000000e+00  1.43961950e-07  4.48033594e-07 
 1.44011950e-07  4.75146282e-08  1.44011950e-07  3.30000000e+00  1.44011950e-07  3.30000000e+00  1.44011950e-07 -4.48068248e-07 
 1.44061950e-07  4.75146282e-08  1.44061950e-07  3.30000000e+00  1.44061950e-07  3.30000000e+00  1.44061950e-07  4.48033594e-07 
 1.44111950e-07  4.75146280e-08  1.44111950e-07  3.30000000e+00  1.44111950e-07  3.30000000e+00  1.44111950e-07 -4.48068248e-07 
 1.44161950e-07  4.75146279e-08  1.44161950e-07  3.30000000e+00  1.44161950e-07  3.30000000e+00  1.44161950e-07  4.48033594e-07 
 1.44211950e-07  4.75146284e-08  1.44211950e-07  3.30000000e+00  1.44211950e-07  3.30000000e+00  1.44211950e-07 -4.48068248e-07 
 1.44261950e-07  4.75146285e-08  1.44261950e-07  3.30000000e+00  1.44261950e-07  3.30000000e+00  1.44261950e-07  4.48033594e-07 
 1.44311950e-07  4.75146283e-08  1.44311950e-07  3.30000000e+00  1.44311950e-07  3.30000000e+00  1.44311950e-07 -4.48068248e-07 
 1.44361950e-07  4.75146282e-08  1.44361950e-07  3.30000000e+00  1.44361950e-07  3.30000000e+00  1.44361950e-07  4.48033594e-07 
 1.44411950e-07  4.75146279e-08  1.44411950e-07  3.30000000e+00  1.44411950e-07  3.30000000e+00  1.44411950e-07 -4.48068248e-07 
 1.44461950e-07  4.75146278e-08  1.44461950e-07  3.30000000e+00  1.44461950e-07  3.30000000e+00  1.44461950e-07  4.48033594e-07 
 1.44511950e-07  4.75146276e-08  1.44511950e-07  3.30000000e+00  1.44511950e-07  3.30000000e+00  1.44511950e-07 -4.48068248e-07 
 1.44561950e-07  4.75146281e-08  1.44561950e-07  3.30000000e+00  1.44561950e-07  3.30000000e+00  1.44561950e-07  4.48033594e-07 
 1.44611950e-07  4.75146278e-08  1.44611950e-07  3.30000000e+00  1.44611950e-07  3.30000000e+00  1.44611950e-07 -4.48068248e-07 
 1.44661950e-07  4.75146279e-08  1.44661950e-07  3.30000000e+00  1.44661950e-07  3.30000000e+00  1.44661950e-07  4.48033594e-07 
 1.44711950e-07  4.75146279e-08  1.44711950e-07  3.30000000e+00  1.44711950e-07  3.30000000e+00  1.44711950e-07 -4.48068248e-07 
 1.44761950e-07  4.75146281e-08  1.44761950e-07  3.30000000e+00  1.44761950e-07  3.30000000e+00  1.44761950e-07  4.48033594e-07 
 1.44811950e-07  4.75146279e-08  1.44811950e-07  3.30000000e+00  1.44811950e-07  3.30000000e+00  1.44811950e-07 -4.48068248e-07 
 1.44861950e-07  4.75146278e-08  1.44861950e-07  3.30000000e+00  1.44861950e-07  3.30000000e+00  1.44861950e-07  4.48033594e-07 
 1.44911950e-07  4.75146278e-08  1.44911950e-07  3.30000000e+00  1.44911950e-07  3.30000000e+00  1.44911950e-07 -4.48068248e-07 
 1.44961950e-07  4.75146277e-08  1.44961950e-07  3.30000000e+00  1.44961950e-07  3.30000000e+00  1.44961950e-07  4.48033594e-07 
 1.45011950e-07  4.75146279e-08  1.45011950e-07  3.30000000e+00  1.45011950e-07  3.30000000e+00  1.45011950e-07 -4.48068248e-07 
 1.45061950e-07  4.75146279e-08  1.45061950e-07  3.30000000e+00  1.45061950e-07  3.30000000e+00  1.45061950e-07  4.48033594e-07 
 1.45111950e-07  4.75146277e-08  1.45111950e-07  3.30000000e+00  1.45111950e-07  3.30000000e+00  1.45111950e-07 -4.48068248e-07 
 1.45161950e-07  4.75146281e-08  1.45161950e-07  3.30000000e+00  1.45161950e-07  3.30000000e+00  1.45161950e-07  4.48033594e-07 
 1.45211950e-07  4.75146285e-08  1.45211950e-07  3.30000000e+00  1.45211950e-07  3.30000000e+00  1.45211950e-07 -4.48068248e-07 
 1.45261950e-07  4.75146285e-08  1.45261950e-07  3.30000000e+00  1.45261950e-07  3.30000000e+00  1.45261950e-07  4.48033594e-07 
 1.45311950e-07  4.75146287e-08  1.45311950e-07  3.30000000e+00  1.45311950e-07  3.30000000e+00  1.45311950e-07 -4.48068248e-07 
 1.45361950e-07  4.75146288e-08  1.45361950e-07  3.30000000e+00  1.45361950e-07  3.30000000e+00  1.45361950e-07  4.48033594e-07 
 1.45411950e-07  4.75146283e-08  1.45411950e-07  3.30000000e+00  1.45411950e-07  3.30000000e+00  1.45411950e-07 -4.48068248e-07 
 1.45461950e-07  4.75146279e-08  1.45461950e-07  3.30000000e+00  1.45461950e-07  3.30000000e+00  1.45461950e-07  4.48033594e-07 
 1.45511950e-07  4.75146277e-08  1.45511950e-07  3.30000000e+00  1.45511950e-07  3.30000000e+00  1.45511950e-07 -4.48068248e-07 
 1.45561950e-07  4.75146283e-08  1.45561950e-07  3.30000000e+00  1.45561950e-07  3.30000000e+00  1.45561950e-07  4.48033594e-07 
 1.45611950e-07  4.75146283e-08  1.45611950e-07  3.30000000e+00  1.45611950e-07  3.30000000e+00  1.45611950e-07 -4.48068248e-07 
 1.45661950e-07  4.75146282e-08  1.45661950e-07  3.30000000e+00  1.45661950e-07  3.30000000e+00  1.45661950e-07  4.48033594e-07 
 1.45711950e-07  4.75146281e-08  1.45711950e-07  3.30000000e+00  1.45711950e-07  3.30000000e+00  1.45711950e-07 -4.48068248e-07 
 1.45761950e-07  4.75146280e-08  1.45761950e-07  3.30000000e+00  1.45761950e-07  3.30000000e+00  1.45761950e-07  4.48033594e-07 
 1.45811950e-07  4.75146281e-08  1.45811950e-07  3.30000000e+00  1.45811950e-07  3.30000000e+00  1.45811950e-07 -4.48068248e-07 
 1.45861950e-07  4.75146282e-08  1.45861950e-07  3.30000000e+00  1.45861950e-07  3.30000000e+00  1.45861950e-07  4.48033594e-07 
 1.45911950e-07  4.75146283e-08  1.45911950e-07  3.30000000e+00  1.45911950e-07  3.30000000e+00  1.45911950e-07 -4.48068248e-07 
 1.45961950e-07  4.75146284e-08  1.45961950e-07  3.30000000e+00  1.45961950e-07  3.30000000e+00  1.45961950e-07  4.48033594e-07 
 1.46011950e-07  4.75146282e-08  1.46011950e-07  3.30000000e+00  1.46011950e-07  3.30000000e+00  1.46011950e-07 -4.48068248e-07 
 1.46061950e-07  4.75146281e-08  1.46061950e-07  3.30000000e+00  1.46061950e-07  3.30000000e+00  1.46061950e-07  4.48033594e-07 
 1.46111950e-07  4.75146282e-08  1.46111950e-07  3.30000000e+00  1.46111950e-07  3.30000000e+00  1.46111950e-07 -4.48068248e-07 
 1.46161950e-07  4.75146282e-08  1.46161950e-07  3.30000000e+00  1.46161950e-07  3.30000000e+00  1.46161950e-07  4.48033594e-07 
 1.46211950e-07  4.75146283e-08  1.46211950e-07  3.30000000e+00  1.46211950e-07  3.30000000e+00  1.46211950e-07 -4.48068248e-07 
 1.46261950e-07  4.75146283e-08  1.46261950e-07  3.30000000e+00  1.46261950e-07  3.30000000e+00  1.46261950e-07  4.48033594e-07 
 1.46311950e-07  4.75146281e-08  1.46311950e-07  3.30000000e+00  1.46311950e-07  3.30000000e+00  1.46311950e-07 -4.48068248e-07 
 1.46361950e-07  4.75146278e-08  1.46361950e-07  3.30000000e+00  1.46361950e-07  3.30000000e+00  1.46361950e-07  4.48033594e-07 
 1.46411950e-07  4.75146276e-08  1.46411950e-07  3.30000000e+00  1.46411950e-07  3.30000000e+00  1.46411950e-07 -4.48068248e-07 
 1.46461950e-07  4.75146272e-08  1.46461950e-07  3.30000000e+00  1.46461950e-07  3.30000000e+00  1.46461950e-07  4.48033594e-07 
 1.46511950e-07  4.75146272e-08  1.46511950e-07  3.30000000e+00  1.46511950e-07  3.30000000e+00  1.46511950e-07 -4.48068248e-07 
 1.46561950e-07  4.75146279e-08  1.46561950e-07  3.30000000e+00  1.46561950e-07  3.30000000e+00  1.46561950e-07  4.48033594e-07 
 1.46611950e-07  4.75146275e-08  1.46611950e-07  3.30000000e+00  1.46611950e-07  3.30000000e+00  1.46611950e-07 -4.48068248e-07 
 1.46661950e-07  4.75146282e-08  1.46661950e-07  3.30000000e+00  1.46661950e-07  3.30000000e+00  1.46661950e-07  4.48033594e-07 
 1.46711950e-07  4.75146284e-08  1.46711950e-07  3.30000000e+00  1.46711950e-07  3.30000000e+00  1.46711950e-07 -4.48068248e-07 
 1.46761950e-07  4.75146279e-08  1.46761950e-07  3.30000000e+00  1.46761950e-07  3.30000000e+00  1.46761950e-07  4.48033594e-07 
 1.46811950e-07  4.75146276e-08  1.46811950e-07  3.30000000e+00  1.46811950e-07  3.30000000e+00  1.46811950e-07 -4.48068248e-07 
 1.46861950e-07  4.75146276e-08  1.46861950e-07  3.30000000e+00  1.46861950e-07  3.30000000e+00  1.46861950e-07  4.48033594e-07 
 1.46911950e-07  4.75146279e-08  1.46911950e-07  3.30000000e+00  1.46911950e-07  3.30000000e+00  1.46911950e-07 -4.48068248e-07 
 1.46961950e-07  4.75146281e-08  1.46961950e-07  3.30000000e+00  1.46961950e-07  3.30000000e+00  1.46961950e-07  4.48033594e-07 
 1.47011950e-07  4.75146280e-08  1.47011950e-07  3.30000000e+00  1.47011950e-07  3.30000000e+00  1.47011950e-07 -4.48068248e-07 
 1.47061950e-07  4.75146280e-08  1.47061950e-07  3.30000000e+00  1.47061950e-07  3.30000000e+00  1.47061950e-07  4.48033594e-07 
 1.47111950e-07  4.75146283e-08  1.47111950e-07  3.30000000e+00  1.47111950e-07  3.30000000e+00  1.47111950e-07 -4.48068248e-07 
 1.47161950e-07  4.75146280e-08  1.47161950e-07  3.30000000e+00  1.47161950e-07  3.30000000e+00  1.47161950e-07  4.48033594e-07 
 1.47211950e-07  4.75146276e-08  1.47211950e-07  3.30000000e+00  1.47211950e-07  3.30000000e+00  1.47211950e-07 -4.48068248e-07 
 1.47261950e-07  4.75146279e-08  1.47261950e-07  3.30000000e+00  1.47261950e-07  3.30000000e+00  1.47261950e-07  4.48033594e-07 
 1.47311950e-07  4.75146277e-08  1.47311950e-07  3.30000000e+00  1.47311950e-07  3.30000000e+00  1.47311950e-07 -4.48068248e-07 
 1.47361950e-07  4.75146280e-08  1.47361950e-07  3.30000000e+00  1.47361950e-07  3.30000000e+00  1.47361950e-07  4.48033594e-07 
 1.47411950e-07  4.75146279e-08  1.47411950e-07  3.30000000e+00  1.47411950e-07  3.30000000e+00  1.47411950e-07 -4.48068248e-07 
 1.47461950e-07  4.75146280e-08  1.47461950e-07  3.30000000e+00  1.47461950e-07  3.30000000e+00  1.47461950e-07  4.48033594e-07 
 1.47511950e-07  4.75146275e-08  1.47511950e-07  3.30000000e+00  1.47511950e-07  3.30000000e+00  1.47511950e-07 -4.48068248e-07 
 1.47561950e-07  4.75146277e-08  1.47561950e-07  3.30000000e+00  1.47561950e-07  3.30000000e+00  1.47561950e-07  4.48033594e-07 
 1.47611950e-07  4.75146275e-08  1.47611950e-07  3.30000000e+00  1.47611950e-07  3.30000000e+00  1.47611950e-07 -4.48068248e-07 
 1.47661950e-07  4.75146277e-08  1.47661950e-07  3.30000000e+00  1.47661950e-07  3.30000000e+00  1.47661950e-07  4.48033594e-07 
 1.47711950e-07  4.75146278e-08  1.47711950e-07  3.30000000e+00  1.47711950e-07  3.30000000e+00  1.47711950e-07 -4.48068248e-07 
 1.47761950e-07  4.75146279e-08  1.47761950e-07  3.30000000e+00  1.47761950e-07  3.30000000e+00  1.47761950e-07  4.48033594e-07 
 1.47811950e-07  4.75146282e-08  1.47811950e-07  3.30000000e+00  1.47811950e-07  3.30000000e+00  1.47811950e-07 -4.48068248e-07 
 1.47861950e-07  4.75146280e-08  1.47861950e-07  3.30000000e+00  1.47861950e-07  3.30000000e+00  1.47861950e-07  4.48033594e-07 
 1.47911950e-07  4.75146278e-08  1.47911950e-07  3.30000000e+00  1.47911950e-07  3.30000000e+00  1.47911950e-07 -4.48068248e-07 
 1.47961950e-07  4.75146276e-08  1.47961950e-07  3.30000000e+00  1.47961950e-07  3.30000000e+00  1.47961950e-07  4.48033594e-07 
 1.48011950e-07  4.75146281e-08  1.48011950e-07  3.30000000e+00  1.48011950e-07  3.30000000e+00  1.48011950e-07 -4.48068248e-07 
 1.48061950e-07  4.75146280e-08  1.48061950e-07  3.30000000e+00  1.48061950e-07  3.30000000e+00  1.48061950e-07  4.48033594e-07 
 1.48111950e-07  4.75146281e-08  1.48111950e-07  3.30000000e+00  1.48111950e-07  3.30000000e+00  1.48111950e-07 -4.48068248e-07 
 1.48161950e-07  4.75146282e-08  1.48161950e-07  3.30000000e+00  1.48161950e-07  3.30000000e+00  1.48161950e-07  4.48033594e-07 
 1.48211950e-07  4.75146279e-08  1.48211950e-07  3.30000000e+00  1.48211950e-07  3.30000000e+00  1.48211950e-07 -4.48068248e-07 
 1.48261950e-07  4.75146279e-08  1.48261950e-07  3.30000000e+00  1.48261950e-07  3.30000000e+00  1.48261950e-07  4.48033594e-07 
 1.48311950e-07  4.75146277e-08  1.48311950e-07  3.30000000e+00  1.48311950e-07  3.30000000e+00  1.48311950e-07 -4.48068248e-07 
 1.48361950e-07  4.75146277e-08  1.48361950e-07  3.30000000e+00  1.48361950e-07  3.30000000e+00  1.48361950e-07  4.48033594e-07 
 1.48411950e-07  4.75146271e-08  1.48411950e-07  3.30000000e+00  1.48411950e-07  3.30000000e+00  1.48411950e-07 -4.48068248e-07 
 1.48461950e-07  4.75146272e-08  1.48461950e-07  3.30000000e+00  1.48461950e-07  3.30000000e+00  1.48461950e-07  4.48033594e-07 
 1.48511950e-07  4.75146272e-08  1.48511950e-07  3.30000000e+00  1.48511950e-07  3.30000000e+00  1.48511950e-07 -4.48068248e-07 
 1.48561950e-07  4.75146273e-08  1.48561950e-07  3.30000000e+00  1.48561950e-07  3.30000000e+00  1.48561950e-07  4.48033594e-07 
 1.48611950e-07  4.75146272e-08  1.48611950e-07  3.30000000e+00  1.48611950e-07  3.30000000e+00  1.48611950e-07 -4.48068248e-07 
 1.48661950e-07  4.75146272e-08  1.48661950e-07  3.30000000e+00  1.48661950e-07  3.30000000e+00  1.48661950e-07  4.48033594e-07 
 1.48711950e-07  4.75146276e-08  1.48711950e-07  3.30000000e+00  1.48711950e-07  3.30000000e+00  1.48711950e-07 -4.48068248e-07 
 1.48761950e-07  4.75146269e-08  1.48761950e-07  3.30000000e+00  1.48761950e-07  3.30000000e+00  1.48761950e-07  4.48033594e-07 
 1.48811950e-07  4.75146271e-08  1.48811950e-07  3.30000000e+00  1.48811950e-07  3.30000000e+00  1.48811950e-07 -4.48068248e-07 
 1.48861950e-07  4.75146270e-08  1.48861950e-07  3.30000000e+00  1.48861950e-07  3.30000000e+00  1.48861950e-07  4.48033594e-07 
 1.48911950e-07  4.75146268e-08  1.48911950e-07  3.30000000e+00  1.48911950e-07  3.30000000e+00  1.48911950e-07 -4.48068248e-07 
 1.48961950e-07  4.75146270e-08  1.48961950e-07  3.30000000e+00  1.48961950e-07  3.30000000e+00  1.48961950e-07  4.48033594e-07 
 1.49011950e-07  4.75146270e-08  1.49011950e-07  3.30000000e+00  1.49011950e-07  3.30000000e+00  1.49011950e-07 -4.48068248e-07 
 1.49061950e-07  4.75146269e-08  1.49061950e-07  3.30000000e+00  1.49061950e-07  3.30000000e+00  1.49061950e-07  4.48033594e-07 
 1.49111950e-07  4.75146271e-08  1.49111950e-07  3.30000000e+00  1.49111950e-07  3.30000000e+00  1.49111950e-07 -4.48068248e-07 
 1.49161950e-07  4.75146270e-08  1.49161950e-07  3.30000000e+00  1.49161950e-07  3.30000000e+00  1.49161950e-07  4.48033594e-07 
 1.49211950e-07  4.75146268e-08  1.49211950e-07  3.30000000e+00  1.49211950e-07  3.30000000e+00  1.49211950e-07 -4.48068248e-07 
 1.49261950e-07  4.75146269e-08  1.49261950e-07  3.30000000e+00  1.49261950e-07  3.30000000e+00  1.49261950e-07  4.48033594e-07 
 1.49311950e-07  4.75146269e-08  1.49311950e-07  3.30000000e+00  1.49311950e-07  3.30000000e+00  1.49311950e-07 -4.48068248e-07 
 1.49361950e-07  4.75146268e-08  1.49361950e-07  3.30000000e+00  1.49361950e-07  3.30000000e+00  1.49361950e-07  4.48033594e-07 
 1.49411950e-07  4.75146266e-08  1.49411950e-07  3.30000000e+00  1.49411950e-07  3.30000000e+00  1.49411950e-07 -4.48068248e-07 
 1.49461950e-07  4.75146262e-08  1.49461950e-07  3.30000000e+00  1.49461950e-07  3.30000000e+00  1.49461950e-07  4.48033594e-07 
 1.49511950e-07  4.75146260e-08  1.49511950e-07  3.30000000e+00  1.49511950e-07  3.30000000e+00  1.49511950e-07 -4.48068248e-07 
 1.49561950e-07  4.75146263e-08  1.49561950e-07  3.30000000e+00  1.49561950e-07  3.30000000e+00  1.49561950e-07  4.48033594e-07 
 1.49611950e-07  4.75146267e-08  1.49611950e-07  3.30000000e+00  1.49611950e-07  3.30000000e+00  1.49611950e-07 -4.48068248e-07 
 1.49661950e-07  4.75146270e-08  1.49661950e-07  3.30000000e+00  1.49661950e-07  3.30000000e+00  1.49661950e-07  4.48033594e-07 
 1.49711950e-07  4.75146265e-08  1.49711950e-07  3.30000000e+00  1.49711950e-07  3.30000000e+00  1.49711950e-07 -4.48068248e-07 
 1.49761950e-07  4.75146262e-08  1.49761950e-07  3.30000000e+00  1.49761950e-07  3.30000000e+00  1.49761950e-07  4.48033594e-07 
 1.49811950e-07  4.75146269e-08  1.49811950e-07  3.30000000e+00  1.49811950e-07  3.30000000e+00  1.49811950e-07 -4.48068248e-07 
 1.49861950e-07  4.75146273e-08  1.49861950e-07  3.30000000e+00  1.49861950e-07  3.30000000e+00  1.49861950e-07  4.48033594e-07 
 1.49911950e-07  4.75146272e-08  1.49911950e-07  3.30000000e+00  1.49911950e-07  3.30000000e+00  1.49911950e-07 -4.48068248e-07 
 1.49961950e-07  4.75146277e-08  1.49961950e-07  3.30000000e+00  1.49961950e-07  3.30000000e+00  1.49961950e-07  4.48033594e-07 
 1.50011950e-07  4.75146280e-08  1.50011950e-07  3.30000000e+00  1.50011950e-07  3.30000000e+00  1.50011950e-07 -4.48068248e-07 
 1.50061950e-07  4.75146278e-08  1.50061950e-07  3.30000000e+00  1.50061950e-07  3.30000000e+00  1.50061950e-07  4.48033594e-07 
 1.50111950e-07  4.75146280e-08  1.50111950e-07  3.30000000e+00  1.50111950e-07  3.30000000e+00  1.50111950e-07 -4.48068248e-07 
 1.50161950e-07  4.75146275e-08  1.50161950e-07  3.30000000e+00  1.50161950e-07  3.30000000e+00  1.50161950e-07  4.48033594e-07 
 1.50211950e-07  4.75146274e-08  1.50211950e-07  3.30000000e+00  1.50211950e-07  3.30000000e+00  1.50211950e-07 -4.48068248e-07 
 1.50261950e-07  4.75146279e-08  1.50261950e-07  3.30000000e+00  1.50261950e-07  3.30000000e+00  1.50261950e-07  4.48033594e-07 
 1.50311950e-07  4.75146278e-08  1.50311950e-07  3.30000000e+00  1.50311950e-07  3.30000000e+00  1.50311950e-07 -4.48068248e-07 
 1.50361950e-07  4.75146277e-08  1.50361950e-07  3.30000000e+00  1.50361950e-07  3.30000000e+00  1.50361950e-07  4.48033594e-07 
 1.50411950e-07  4.75146276e-08  1.50411950e-07  3.30000000e+00  1.50411950e-07  3.30000000e+00  1.50411950e-07 -4.48068248e-07 
 1.50461950e-07  4.75146274e-08  1.50461950e-07  3.30000000e+00  1.50461950e-07  3.30000000e+00  1.50461950e-07  4.48033594e-07 
 1.50511950e-07  4.75146270e-08  1.50511950e-07  3.30000000e+00  1.50511950e-07  3.30000000e+00  1.50511950e-07 -4.48068248e-07 
 1.50561950e-07  4.75146271e-08  1.50561950e-07  3.30000000e+00  1.50561950e-07  3.30000000e+00  1.50561950e-07  4.48033594e-07 
 1.50611950e-07  4.75146268e-08  1.50611950e-07  3.30000000e+00  1.50611950e-07  3.30000000e+00  1.50611950e-07 -4.48068248e-07 
 1.50661950e-07  4.75146268e-08  1.50661950e-07  3.30000000e+00  1.50661950e-07  3.30000000e+00  1.50661950e-07  4.48033594e-07 
 1.50711950e-07  4.75146267e-08  1.50711950e-07  3.30000000e+00  1.50711950e-07  3.30000000e+00  1.50711950e-07 -4.48068248e-07 
 1.50761950e-07  4.75146264e-08  1.50761950e-07  3.30000000e+00  1.50761950e-07  3.30000000e+00  1.50761950e-07  4.48033594e-07 
 1.50811950e-07  4.75146262e-08  1.50811950e-07  3.30000000e+00  1.50811950e-07  3.30000000e+00  1.50811950e-07 -4.48068248e-07 
 1.50861950e-07  4.75146263e-08  1.50861950e-07  3.30000000e+00  1.50861950e-07  3.30000000e+00  1.50861950e-07  4.48033594e-07 
 1.50911950e-07  4.75146270e-08  1.50911950e-07  3.30000000e+00  1.50911950e-07  3.30000000e+00  1.50911950e-07 -4.48068248e-07 
 1.50961950e-07  4.75146267e-08  1.50961950e-07  3.30000000e+00  1.50961950e-07  3.30000000e+00  1.50961950e-07  4.48033594e-07 
 1.51011950e-07  4.75146267e-08  1.51011950e-07  3.30000000e+00  1.51011950e-07  3.30000000e+00  1.51011950e-07 -4.48068248e-07 
 1.51061950e-07  4.75146268e-08  1.51061950e-07  3.30000000e+00  1.51061950e-07  3.30000000e+00  1.51061950e-07  4.48033594e-07 
 1.51111950e-07  4.75146270e-08  1.51111950e-07  3.30000000e+00  1.51111950e-07  3.30000000e+00  1.51111950e-07 -4.48068248e-07 
 1.51161950e-07  4.75146273e-08  1.51161950e-07  3.30000000e+00  1.51161950e-07  3.30000000e+00  1.51161950e-07  4.48033594e-07 
 1.51211950e-07  4.75146272e-08  1.51211950e-07  3.30000000e+00  1.51211950e-07  3.30000000e+00  1.51211950e-07 -4.48068248e-07 
 1.51261950e-07  4.75146269e-08  1.51261950e-07  3.30000000e+00  1.51261950e-07  3.30000000e+00  1.51261950e-07  4.48033594e-07 
 1.51311950e-07  4.75146268e-08  1.51311950e-07  3.30000000e+00  1.51311950e-07  3.30000000e+00  1.51311950e-07 -4.48068248e-07 
 1.51361950e-07  4.75146269e-08  1.51361950e-07  3.30000000e+00  1.51361950e-07  3.30000000e+00  1.51361950e-07  4.48033594e-07 
 1.51411950e-07  4.75146268e-08  1.51411950e-07  3.30000000e+00  1.51411950e-07  3.30000000e+00  1.51411950e-07 -4.48068248e-07 
 1.51461950e-07  4.75146268e-08  1.51461950e-07  3.30000000e+00  1.51461950e-07  3.30000000e+00  1.51461950e-07  4.48033594e-07 
 1.51511950e-07  4.75146267e-08  1.51511950e-07  3.30000000e+00  1.51511950e-07  3.30000000e+00  1.51511950e-07 -4.48068248e-07 
 1.51561950e-07  4.75146268e-08  1.51561950e-07  3.30000000e+00  1.51561950e-07  3.30000000e+00  1.51561950e-07  4.48033594e-07 
 1.51611950e-07  4.75146264e-08  1.51611950e-07  3.30000000e+00  1.51611950e-07  3.30000000e+00  1.51611950e-07 -4.48068248e-07 
 1.51661950e-07  4.75146264e-08  1.51661950e-07  3.30000000e+00  1.51661950e-07  3.30000000e+00  1.51661950e-07  4.48033594e-07 
 1.51711950e-07  4.75146268e-08  1.51711950e-07  3.30000000e+00  1.51711950e-07  3.30000000e+00  1.51711950e-07 -4.48068248e-07 
 1.51761950e-07  4.75146267e-08  1.51761950e-07  3.30000000e+00  1.51761950e-07  3.30000000e+00  1.51761950e-07  4.48033594e-07 
 1.51811950e-07  4.75146269e-08  1.51811950e-07  3.30000000e+00  1.51811950e-07  3.30000000e+00  1.51811950e-07 -4.48068248e-07 
 1.51861950e-07  4.75146267e-08  1.51861950e-07  3.30000000e+00  1.51861950e-07  3.30000000e+00  1.51861950e-07  4.48033594e-07 
 1.51911950e-07  4.75146267e-08  1.51911950e-07  3.30000000e+00  1.51911950e-07  3.30000000e+00  1.51911950e-07 -4.48068248e-07 
 1.51961950e-07  4.75146268e-08  1.51961950e-07  3.30000000e+00  1.51961950e-07  3.30000000e+00  1.51961950e-07  4.48033594e-07 
 1.52011950e-07  4.75146265e-08  1.52011950e-07  3.30000000e+00  1.52011950e-07  3.30000000e+00  1.52011950e-07 -4.48068248e-07 
 1.52061950e-07  4.75146261e-08  1.52061950e-07  3.30000000e+00  1.52061950e-07  3.30000000e+00  1.52061950e-07  4.48033594e-07 
 1.52111950e-07  4.75146259e-08  1.52111950e-07  3.30000000e+00  1.52111950e-07  3.30000000e+00  1.52111950e-07 -4.48068248e-07 
 1.52161950e-07  4.75146261e-08  1.52161950e-07  3.30000000e+00  1.52161950e-07  3.30000000e+00  1.52161950e-07  4.48033594e-07 
 1.52211950e-07  4.75146263e-08  1.52211950e-07  3.30000000e+00  1.52211950e-07  3.30000000e+00  1.52211950e-07 -4.48068248e-07 
 1.52261950e-07  4.75146271e-08  1.52261950e-07  3.30000000e+00  1.52261950e-07  3.30000000e+00  1.52261950e-07  4.48033594e-07 
 1.52311950e-07  4.75146273e-08  1.52311950e-07  3.30000000e+00  1.52311950e-07  3.30000000e+00  1.52311950e-07 -4.48068248e-07 
 1.52361950e-07  4.75146274e-08  1.52361950e-07  3.30000000e+00  1.52361950e-07  3.30000000e+00  1.52361950e-07  4.48033594e-07 
 1.52411950e-07  4.75146271e-08  1.52411950e-07  3.30000000e+00  1.52411950e-07  3.30000000e+00  1.52411950e-07 -4.48068248e-07 
 1.52461950e-07  4.75146268e-08  1.52461950e-07  3.30000000e+00  1.52461950e-07  3.30000000e+00  1.52461950e-07  4.48033594e-07 
 1.52511950e-07  4.75146269e-08  1.52511950e-07  3.30000000e+00  1.52511950e-07  3.30000000e+00  1.52511950e-07 -4.48068248e-07 
 1.52561950e-07  4.75146271e-08  1.52561950e-07  3.30000000e+00  1.52561950e-07  3.30000000e+00  1.52561950e-07  4.48033594e-07 
 1.52611950e-07  4.75146267e-08  1.52611950e-07  3.30000000e+00  1.52611950e-07  3.30000000e+00  1.52611950e-07 -4.48068248e-07 
 1.52661950e-07  4.75146266e-08  1.52661950e-07  3.30000000e+00  1.52661950e-07  3.30000000e+00  1.52661950e-07  4.48033594e-07 
 1.52711950e-07  4.75146266e-08  1.52711950e-07  3.30000000e+00  1.52711950e-07  3.30000000e+00  1.52711950e-07 -4.48068248e-07 
 1.52761950e-07  4.75146267e-08  1.52761950e-07  3.30000000e+00  1.52761950e-07  3.30000000e+00  1.52761950e-07  4.48033594e-07 
 1.52811950e-07  4.75146267e-08  1.52811950e-07  3.30000000e+00  1.52811950e-07  3.30000000e+00  1.52811950e-07 -4.48068248e-07 
 1.52861950e-07  4.75146270e-08  1.52861950e-07  3.30000000e+00  1.52861950e-07  3.30000000e+00  1.52861950e-07  4.48033594e-07 
 1.52911950e-07  4.75146268e-08  1.52911950e-07  3.30000000e+00  1.52911950e-07  3.30000000e+00  1.52911950e-07 -4.48068248e-07 
 1.52961950e-07  4.75146266e-08  1.52961950e-07  3.30000000e+00  1.52961950e-07  3.30000000e+00  1.52961950e-07  4.48033594e-07 
 1.53011950e-07  4.75146265e-08  1.53011950e-07  3.30000000e+00  1.53011950e-07  3.30000000e+00  1.53011950e-07 -4.48068248e-07 
 1.53061950e-07  4.75146264e-08  1.53061950e-07  3.30000000e+00  1.53061950e-07  3.30000000e+00  1.53061950e-07  4.48033594e-07 
 1.53111950e-07  4.75146264e-08  1.53111950e-07  3.30000000e+00  1.53111950e-07  3.30000000e+00  1.53111950e-07 -4.48068248e-07 
 1.53161950e-07  4.75146268e-08  1.53161950e-07  3.30000000e+00  1.53161950e-07  3.30000000e+00  1.53161950e-07  4.48033594e-07 
 1.53211950e-07  4.75146271e-08  1.53211950e-07  3.30000000e+00  1.53211950e-07  3.30000000e+00  1.53211950e-07 -4.48068248e-07 
 1.53261950e-07  4.75146267e-08  1.53261950e-07  3.30000000e+00  1.53261950e-07  3.30000000e+00  1.53261950e-07  4.48033594e-07 
 1.53311950e-07  4.75146267e-08  1.53311950e-07  3.30000000e+00  1.53311950e-07  3.30000000e+00  1.53311950e-07 -4.48068248e-07 
 1.53361950e-07  4.75146266e-08  1.53361950e-07  3.30000000e+00  1.53361950e-07  3.30000000e+00  1.53361950e-07  4.48033594e-07 
 1.53411950e-07  4.75146267e-08  1.53411950e-07  3.30000000e+00  1.53411950e-07  3.30000000e+00  1.53411950e-07 -4.48068248e-07 
 1.53461950e-07  4.75146264e-08  1.53461950e-07  3.30000000e+00  1.53461950e-07  3.30000000e+00  1.53461950e-07  4.48033594e-07 
 1.53511950e-07  4.75146260e-08  1.53511950e-07  3.30000000e+00  1.53511950e-07  3.30000000e+00  1.53511950e-07 -4.48068248e-07 
 1.53561950e-07  4.75146262e-08  1.53561950e-07  3.30000000e+00  1.53561950e-07  3.30000000e+00  1.53561950e-07  4.48033594e-07 
 1.53611950e-07  4.75146258e-08  1.53611950e-07  3.30000000e+00  1.53611950e-07  3.30000000e+00  1.53611950e-07 -4.48068248e-07 
 1.53661950e-07  4.75146257e-08  1.53661950e-07  3.30000000e+00  1.53661950e-07  3.30000000e+00  1.53661950e-07  4.48033594e-07 
 1.53711950e-07  4.75146261e-08  1.53711950e-07  3.30000000e+00  1.53711950e-07  3.30000000e+00  1.53711950e-07 -4.48068248e-07 
 1.53761950e-07  4.75146266e-08  1.53761950e-07  3.30000000e+00  1.53761950e-07  3.30000000e+00  1.53761950e-07  4.48033594e-07 
 1.53811950e-07  4.75146264e-08  1.53811950e-07  3.30000000e+00  1.53811950e-07  3.30000000e+00  1.53811950e-07 -4.48068248e-07 
 1.53861950e-07  4.75146263e-08  1.53861950e-07  3.30000000e+00  1.53861950e-07  3.30000000e+00  1.53861950e-07  4.48033594e-07 
 1.53911950e-07  4.75146270e-08  1.53911950e-07  3.30000000e+00  1.53911950e-07  3.30000000e+00  1.53911950e-07 -4.48068248e-07 
 1.53961950e-07  4.75146273e-08  1.53961950e-07  3.30000000e+00  1.53961950e-07  3.30000000e+00  1.53961950e-07  4.48033594e-07 
 1.54011950e-07  4.75146280e-08  1.54011950e-07  3.30000000e+00  1.54011950e-07  3.30000000e+00  1.54011950e-07 -4.48068248e-07 
 1.54061950e-07  4.75146276e-08  1.54061950e-07  3.30000000e+00  1.54061950e-07  3.30000000e+00  1.54061950e-07  4.48033594e-07 
 1.54111950e-07  4.75146283e-08  1.54111950e-07  3.30000000e+00  1.54111950e-07  3.30000000e+00  1.54111950e-07 -4.48068248e-07 
 1.54161950e-07  4.75146284e-08  1.54161950e-07  3.30000000e+00  1.54161950e-07  3.30000000e+00  1.54161950e-07  4.48033594e-07 
 1.54211950e-07  4.75146285e-08  1.54211950e-07  3.30000000e+00  1.54211950e-07  3.30000000e+00  1.54211950e-07 -4.48068248e-07 
 1.54261950e-07  4.75146282e-08  1.54261950e-07  3.30000000e+00  1.54261950e-07  3.30000000e+00  1.54261950e-07  4.48033594e-07 
 1.54311950e-07  4.75146287e-08  1.54311950e-07  3.30000000e+00  1.54311950e-07  3.30000000e+00  1.54311950e-07 -4.48068248e-07 
 1.54361950e-07  4.75146284e-08  1.54361950e-07  3.30000000e+00  1.54361950e-07  3.30000000e+00  1.54361950e-07  4.48033594e-07 
 1.54411950e-07  4.75146284e-08  1.54411950e-07  3.30000000e+00  1.54411950e-07  3.30000000e+00  1.54411950e-07 -4.48068248e-07 
 1.54461950e-07  4.75146283e-08  1.54461950e-07  3.30000000e+00  1.54461950e-07  3.30000000e+00  1.54461950e-07  4.48033594e-07 
 1.54511950e-07  4.75146285e-08  1.54511950e-07  3.30000000e+00  1.54511950e-07  3.30000000e+00  1.54511950e-07 -4.48068248e-07 
 1.54561950e-07  4.75146281e-08  1.54561950e-07  3.30000000e+00  1.54561950e-07  3.30000000e+00  1.54561950e-07  4.48033594e-07 
 1.54611950e-07  4.75146276e-08  1.54611950e-07  3.30000000e+00  1.54611950e-07  3.30000000e+00  1.54611950e-07 -4.48068248e-07 
 1.54661950e-07  4.75146276e-08  1.54661950e-07  3.30000000e+00  1.54661950e-07  3.30000000e+00  1.54661950e-07  4.48033594e-07 
 1.54711950e-07  4.75146272e-08  1.54711950e-07  3.30000000e+00  1.54711950e-07  3.30000000e+00  1.54711950e-07 -4.48068248e-07 
 1.54761950e-07  4.75146272e-08  1.54761950e-07  3.30000000e+00  1.54761950e-07  3.30000000e+00  1.54761950e-07  4.48033594e-07 
 1.54811950e-07  4.75146273e-08  1.54811950e-07  3.30000000e+00  1.54811950e-07  3.30000000e+00  1.54811950e-07 -4.48068248e-07 
 1.54861950e-07  4.75146270e-08  1.54861950e-07  3.30000000e+00  1.54861950e-07  3.30000000e+00  1.54861950e-07  4.48033594e-07 
 1.54911950e-07  4.75146270e-08  1.54911950e-07  3.30000000e+00  1.54911950e-07  3.30000000e+00  1.54911950e-07 -4.48068248e-07 
 1.54961950e-07  4.75146270e-08  1.54961950e-07  3.30000000e+00  1.54961950e-07  3.30000000e+00  1.54961950e-07  4.48033594e-07 
 1.55011950e-07  4.75146267e-08  1.55011950e-07  3.30000000e+00  1.55011950e-07  3.30000000e+00  1.55011950e-07 -4.48068248e-07 
 1.55061950e-07  4.75146267e-08  1.55061950e-07  3.30000000e+00  1.55061950e-07  3.30000000e+00  1.55061950e-07  4.48033594e-07 
 1.55111950e-07  4.75146263e-08  1.55111950e-07  3.30000000e+00  1.55111950e-07  3.30000000e+00  1.55111950e-07 -4.48068248e-07 
 1.55161950e-07  4.75146267e-08  1.55161950e-07  3.30000000e+00  1.55161950e-07  3.30000000e+00  1.55161950e-07  4.48033594e-07 
 1.55211950e-07  4.75146270e-08  1.55211950e-07  3.30000000e+00  1.55211950e-07  3.30000000e+00  1.55211950e-07 -4.48068248e-07 
 1.55261950e-07  4.75146262e-08  1.55261950e-07  3.30000000e+00  1.55261950e-07  3.30000000e+00  1.55261950e-07  4.48033594e-07 
 1.55311950e-07  4.75146260e-08  1.55311950e-07  3.30000000e+00  1.55311950e-07  3.30000000e+00  1.55311950e-07 -4.48068248e-07 
 1.55361950e-07  4.75146262e-08  1.55361950e-07  3.30000000e+00  1.55361950e-07  3.30000000e+00  1.55361950e-07  4.48033594e-07 
 1.55411950e-07  4.75146262e-08  1.55411950e-07  3.30000000e+00  1.55411950e-07  3.30000000e+00  1.55411950e-07 -4.48068248e-07 
 1.55461950e-07  4.75146263e-08  1.55461950e-07  3.30000000e+00  1.55461950e-07  3.30000000e+00  1.55461950e-07  4.48033594e-07 
 1.55511950e-07  4.75146265e-08  1.55511950e-07  3.30000000e+00  1.55511950e-07  3.30000000e+00  1.55511950e-07 -4.48068248e-07 
 1.55561950e-07  4.75146268e-08  1.55561950e-07  3.30000000e+00  1.55561950e-07  3.30000000e+00  1.55561950e-07  4.48033594e-07 
 1.55611950e-07  4.75146270e-08  1.55611950e-07  3.30000000e+00  1.55611950e-07  3.30000000e+00  1.55611950e-07 -4.48068248e-07 
 1.55661950e-07  4.75146268e-08  1.55661950e-07  3.30000000e+00  1.55661950e-07  3.30000000e+00  1.55661950e-07  4.48033594e-07 
 1.55711950e-07  4.75146269e-08  1.55711950e-07  3.30000000e+00  1.55711950e-07  3.30000000e+00  1.55711950e-07 -4.48068248e-07 
 1.55761950e-07  4.75146268e-08  1.55761950e-07  3.30000000e+00  1.55761950e-07  3.30000000e+00  1.55761950e-07  4.48033594e-07 
 1.55811950e-07  4.75146268e-08  1.55811950e-07  3.30000000e+00  1.55811950e-07  3.30000000e+00  1.55811950e-07 -4.48068248e-07 
 1.55861950e-07  4.75146267e-08  1.55861950e-07  3.30000000e+00  1.55861950e-07  3.30000000e+00  1.55861950e-07  4.48033594e-07 
 1.55911950e-07  4.75146265e-08  1.55911950e-07  3.30000000e+00  1.55911950e-07  3.30000000e+00  1.55911950e-07 -4.48068248e-07 
 1.55961950e-07  4.75146262e-08  1.55961950e-07  3.30000000e+00  1.55961950e-07  3.30000000e+00  1.55961950e-07  4.48033594e-07 
 1.56011950e-07  4.75146261e-08  1.56011950e-07  3.30000000e+00  1.56011950e-07  3.30000000e+00  1.56011950e-07 -4.48068248e-07 
 1.56061950e-07  4.75146262e-08  1.56061950e-07  3.30000000e+00  1.56061950e-07  3.30000000e+00  1.56061950e-07  4.48033594e-07 
 1.56111950e-07  4.75146267e-08  1.56111950e-07  3.30000000e+00  1.56111950e-07  3.30000000e+00  1.56111950e-07 -4.48068248e-07 
 1.56161950e-07  4.75146274e-08  1.56161950e-07  3.30000000e+00  1.56161950e-07  3.30000000e+00  1.56161950e-07  4.48033594e-07 
 1.56211950e-07  4.75146278e-08  1.56211950e-07  3.30000000e+00  1.56211950e-07  3.30000000e+00  1.56211950e-07 -4.48068248e-07 
 1.56261950e-07  4.75146275e-08  1.56261950e-07  3.30000000e+00  1.56261950e-07  3.30000000e+00  1.56261950e-07  4.48033594e-07 
 1.56311950e-07  4.75146273e-08  1.56311950e-07  3.30000000e+00  1.56311950e-07  3.30000000e+00  1.56311950e-07 -4.48068248e-07 
 1.56361950e-07  4.75146278e-08  1.56361950e-07  3.30000000e+00  1.56361950e-07  3.30000000e+00  1.56361950e-07  4.48033594e-07 
 1.56411950e-07  4.75146283e-08  1.56411950e-07  3.30000000e+00  1.56411950e-07  3.30000000e+00  1.56411950e-07 -4.48068248e-07 
 1.56461950e-07  4.75146281e-08  1.56461950e-07  3.30000000e+00  1.56461950e-07  3.30000000e+00  1.56461950e-07  4.48033594e-07 
 1.56511950e-07  4.75146285e-08  1.56511950e-07  3.30000000e+00  1.56511950e-07  3.30000000e+00  1.56511950e-07 -4.48068248e-07 
 1.56561950e-07  4.75146288e-08  1.56561950e-07  3.30000000e+00  1.56561950e-07  3.30000000e+00  1.56561950e-07  4.48033594e-07 
 1.56611950e-07  4.75146284e-08  1.56611950e-07  3.30000000e+00  1.56611950e-07  3.30000000e+00  1.56611950e-07 -4.48068248e-07 
 1.56661950e-07  4.75146285e-08  1.56661950e-07  3.30000000e+00  1.56661950e-07  3.30000000e+00  1.56661950e-07  4.48033594e-07 
 1.56711950e-07  4.75146281e-08  1.56711950e-07  3.30000000e+00  1.56711950e-07  3.30000000e+00  1.56711950e-07 -4.48068248e-07 
 1.56761950e-07  4.75146280e-08  1.56761950e-07  3.30000000e+00  1.56761950e-07  3.30000000e+00  1.56761950e-07  4.48033594e-07 
 1.56811950e-07  4.75146277e-08  1.56811950e-07  3.30000000e+00  1.56811950e-07  3.30000000e+00  1.56811950e-07 -4.48068248e-07 
 1.56861950e-07  4.75146279e-08  1.56861950e-07  3.30000000e+00  1.56861950e-07  3.30000000e+00  1.56861950e-07  4.48033594e-07 
 1.56911950e-07  4.75146282e-08  1.56911950e-07  3.30000000e+00  1.56911950e-07  3.30000000e+00  1.56911950e-07 -4.48068248e-07 
 1.56961950e-07  4.75146285e-08  1.56961950e-07  3.30000000e+00  1.56961950e-07  3.30000000e+00  1.56961950e-07  4.48033594e-07 
 1.57011950e-07  4.75146282e-08  1.57011950e-07  3.30000000e+00  1.57011950e-07  3.30000000e+00  1.57011950e-07 -4.48068248e-07 
 1.57061950e-07  4.75146284e-08  1.57061950e-07  3.30000000e+00  1.57061950e-07  3.30000000e+00  1.57061950e-07  4.48033594e-07 
 1.57111950e-07  4.75146284e-08  1.57111950e-07  3.30000000e+00  1.57111950e-07  3.30000000e+00  1.57111950e-07 -4.48068248e-07 
 1.57161950e-07  4.75146278e-08  1.57161950e-07  3.30000000e+00  1.57161950e-07  3.30000000e+00  1.57161950e-07  4.48033594e-07 
 1.57211950e-07  4.75146273e-08  1.57211950e-07  3.30000000e+00  1.57211950e-07  3.30000000e+00  1.57211950e-07 -4.48068248e-07 
 1.57261950e-07  4.75146277e-08  1.57261950e-07  3.30000000e+00  1.57261950e-07  3.30000000e+00  1.57261950e-07  4.48033594e-07 
 1.57311950e-07  4.75146282e-08  1.57311950e-07  3.30000000e+00  1.57311950e-07  3.30000000e+00  1.57311950e-07 -4.48068248e-07 
 1.57361950e-07  4.75146284e-08  1.57361950e-07  3.30000000e+00  1.57361950e-07  3.30000000e+00  1.57361950e-07  4.48033594e-07 
 1.57411950e-07  4.75146285e-08  1.57411950e-07  3.30000000e+00  1.57411950e-07  3.30000000e+00  1.57411950e-07 -4.48068248e-07 
 1.57461950e-07  4.75146281e-08  1.57461950e-07  3.30000000e+00  1.57461950e-07  3.30000000e+00  1.57461950e-07  4.48033594e-07 
 1.57511950e-07  4.75146281e-08  1.57511950e-07  3.30000000e+00  1.57511950e-07  3.30000000e+00  1.57511950e-07 -4.48068248e-07 
 1.57561950e-07  4.75146282e-08  1.57561950e-07  3.30000000e+00  1.57561950e-07  3.30000000e+00  1.57561950e-07  4.48033594e-07 
 1.57611950e-07  4.75146281e-08  1.57611950e-07  3.30000000e+00  1.57611950e-07  3.30000000e+00  1.57611950e-07 -4.48068248e-07 
 1.57661950e-07  4.75146280e-08  1.57661950e-07  3.30000000e+00  1.57661950e-07  3.30000000e+00  1.57661950e-07  4.48033594e-07 
 1.57711950e-07  4.75146278e-08  1.57711950e-07  3.30000000e+00  1.57711950e-07  3.30000000e+00  1.57711950e-07 -4.48068248e-07 
 1.57761950e-07  4.75146277e-08  1.57761950e-07  3.30000000e+00  1.57761950e-07  3.30000000e+00  1.57761950e-07  4.48033594e-07 
 1.57811950e-07  4.75146280e-08  1.57811950e-07  3.30000000e+00  1.57811950e-07  3.30000000e+00  1.57811950e-07 -4.48068248e-07 
 1.57861950e-07  4.75146276e-08  1.57861950e-07  3.30000000e+00  1.57861950e-07  3.30000000e+00  1.57861950e-07  4.48033594e-07 
 1.57911950e-07  4.75146277e-08  1.57911950e-07  3.30000000e+00  1.57911950e-07  3.30000000e+00  1.57911950e-07 -4.48068248e-07 
 1.57961950e-07  4.75146277e-08  1.57961950e-07  3.30000000e+00  1.57961950e-07  3.30000000e+00  1.57961950e-07  4.48033594e-07 
 1.58011950e-07  4.75146278e-08  1.58011950e-07  3.30000000e+00  1.58011950e-07  3.30000000e+00  1.58011950e-07 -4.48068248e-07 
 1.58061950e-07  4.75146279e-08  1.58061950e-07  3.30000000e+00  1.58061950e-07  3.30000000e+00  1.58061950e-07  4.48033594e-07 
 1.58111950e-07  4.75146286e-08  1.58111950e-07  3.30000000e+00  1.58111950e-07  3.30000000e+00  1.58111950e-07 -4.48068248e-07 
 1.58161950e-07  4.75146292e-08  1.58161950e-07  3.30000000e+00  1.58161950e-07  3.30000000e+00  1.58161950e-07  4.48033594e-07 
 1.58211950e-07  4.75146292e-08  1.58211950e-07  3.30000000e+00  1.58211950e-07  3.30000000e+00  1.58211950e-07 -4.48068248e-07 
 1.58261950e-07  4.75146287e-08  1.58261950e-07  3.30000000e+00  1.58261950e-07  3.30000000e+00  1.58261950e-07  4.48033594e-07 
 1.58311950e-07  4.75146283e-08  1.58311950e-07  3.30000000e+00  1.58311950e-07  3.30000000e+00  1.58311950e-07 -4.48068248e-07 
 1.58361950e-07  4.75146286e-08  1.58361950e-07  3.30000000e+00  1.58361950e-07  3.30000000e+00  1.58361950e-07  4.48033594e-07 
 1.58411950e-07  4.75146287e-08  1.58411950e-07  3.30000000e+00  1.58411950e-07  3.30000000e+00  1.58411950e-07 -4.48068248e-07 
 1.58461950e-07  4.75146287e-08  1.58461950e-07  3.30000000e+00  1.58461950e-07  3.30000000e+00  1.58461950e-07  4.48033594e-07 
 1.58511950e-07  4.75146291e-08  1.58511950e-07  3.30000000e+00  1.58511950e-07  3.30000000e+00  1.58511950e-07 -4.48068248e-07 
 1.58561950e-07  4.75146296e-08  1.58561950e-07  3.30000000e+00  1.58561950e-07  3.30000000e+00  1.58561950e-07  4.48033594e-07 
 1.58611950e-07  4.75146296e-08  1.58611950e-07  3.30000000e+00  1.58611950e-07  3.30000000e+00  1.58611950e-07 -4.48068248e-07 
 1.58661950e-07  4.75146294e-08  1.58661950e-07  3.30000000e+00  1.58661950e-07  3.30000000e+00  1.58661950e-07  4.48033594e-07 
 1.58711950e-07  4.75146291e-08  1.58711950e-07  3.30000000e+00  1.58711950e-07  3.30000000e+00  1.58711950e-07 -4.48068248e-07 
 1.58761950e-07  4.75146292e-08  1.58761950e-07  3.30000000e+00  1.58761950e-07  3.30000000e+00  1.58761950e-07  4.48033594e-07 
 1.58811950e-07  4.75146294e-08  1.58811950e-07  3.30000000e+00  1.58811950e-07  3.30000000e+00  1.58811950e-07 -4.48068248e-07 
 1.58861950e-07  4.75146298e-08  1.58861950e-07  3.30000000e+00  1.58861950e-07  3.30000000e+00  1.58861950e-07  4.48033594e-07 
 1.58911950e-07  4.75146290e-08  1.58911950e-07  3.30000000e+00  1.58911950e-07  3.30000000e+00  1.58911950e-07 -4.48068248e-07 
 1.58961950e-07  4.75146281e-08  1.58961950e-07  3.30000000e+00  1.58961950e-07  3.30000000e+00  1.58961950e-07  4.48033594e-07 
 1.59011950e-07  4.75146284e-08  1.59011950e-07  3.30000000e+00  1.59011950e-07  3.30000000e+00  1.59011950e-07 -4.48068248e-07 
 1.59061950e-07  4.75146275e-08  1.59061950e-07  3.30000000e+00  1.59061950e-07  3.30000000e+00  1.59061950e-07  4.48033594e-07 
 1.59111950e-07  4.75146279e-08  1.59111950e-07  3.30000000e+00  1.59111950e-07  3.30000000e+00  1.59111950e-07 -4.48068248e-07 
 1.59161950e-07  4.75146278e-08  1.59161950e-07  3.30000000e+00  1.59161950e-07  3.30000000e+00  1.59161950e-07  4.48033594e-07 
 1.59211950e-07  4.75146278e-08  1.59211950e-07  3.30000000e+00  1.59211950e-07  3.30000000e+00  1.59211950e-07 -4.48068248e-07 
 1.59261950e-07  4.75146283e-08  1.59261950e-07  3.30000000e+00  1.59261950e-07  3.30000000e+00  1.59261950e-07  4.48033594e-07 
 1.59311950e-07  4.75146285e-08  1.59311950e-07  3.30000000e+00  1.59311950e-07  3.30000000e+00  1.59311950e-07 -4.48068248e-07 
 1.59361950e-07  4.75146286e-08  1.59361950e-07  3.30000000e+00  1.59361950e-07  3.30000000e+00  1.59361950e-07  4.48033594e-07 
 1.59411950e-07  4.75146285e-08  1.59411950e-07  3.30000000e+00  1.59411950e-07  3.30000000e+00  1.59411950e-07 -4.48068248e-07 
 1.59461950e-07  4.75146284e-08  1.59461950e-07  3.30000000e+00  1.59461950e-07  3.30000000e+00  1.59461950e-07  4.48033594e-07 
 1.59511950e-07  4.75146285e-08  1.59511950e-07  3.30000000e+00  1.59511950e-07  3.30000000e+00  1.59511950e-07 -4.48068248e-07 
 1.59561950e-07  4.75146288e-08  1.59561950e-07  3.30000000e+00  1.59561950e-07  3.30000000e+00  1.59561950e-07  4.48033594e-07 
 1.59611950e-07  4.75146284e-08  1.59611950e-07  3.30000000e+00  1.59611950e-07  3.30000000e+00  1.59611950e-07 -4.48068248e-07 
 1.59661950e-07  4.75146281e-08  1.59661950e-07  3.30000000e+00  1.59661950e-07  3.30000000e+00  1.59661950e-07  4.48033594e-07 
 1.59711950e-07  4.75146281e-08  1.59711950e-07  3.30000000e+00  1.59711950e-07  3.30000000e+00  1.59711950e-07 -4.48068248e-07 
 1.59761950e-07  4.75146278e-08  1.59761950e-07  3.30000000e+00  1.59761950e-07  3.30000000e+00  1.59761950e-07  4.48033594e-07 
 1.59811950e-07  4.75146279e-08  1.59811950e-07  3.30000000e+00  1.59811950e-07  3.30000000e+00  1.59811950e-07 -4.48068248e-07 
 1.59861950e-07  4.75146283e-08  1.59861950e-07  3.30000000e+00  1.59861950e-07  3.30000000e+00  1.59861950e-07  4.48033594e-07 
 1.59911950e-07  4.75146285e-08  1.59911950e-07  3.30000000e+00  1.59911950e-07  3.30000000e+00  1.59911950e-07 -4.48068248e-07 
 1.59961950e-07  4.75146292e-08  1.59961950e-07  3.30000000e+00  1.59961950e-07  3.30000000e+00  1.59961950e-07  4.48033594e-07 
 1.60011950e-07  4.75146287e-08  1.60011950e-07  3.30000000e+00  1.60011950e-07  3.30000000e+00  1.60011950e-07 -4.48068248e-07 
 1.60061950e-07  4.75146282e-08  1.60061950e-07  3.30000000e+00  1.60061950e-07  3.30000000e+00  1.60061950e-07  4.48033594e-07 
 1.60111950e-07  4.75146279e-08  1.60111950e-07  3.30000000e+00  1.60111950e-07  3.30000000e+00  1.60111950e-07 -4.48068248e-07 
 1.60161950e-07  4.75146277e-08  1.60161950e-07  3.30000000e+00  1.60161950e-07  3.30000000e+00  1.60161950e-07  4.48033594e-07 
 1.60211950e-07  4.75146278e-08  1.60211950e-07  3.30000000e+00  1.60211950e-07  3.30000000e+00  1.60211950e-07 -4.48068248e-07 
 1.60261950e-07  4.75146280e-08  1.60261950e-07  3.30000000e+00  1.60261950e-07  3.30000000e+00  1.60261950e-07  4.48033594e-07 
 1.60311950e-07  4.75146284e-08  1.60311950e-07  3.30000000e+00  1.60311950e-07  3.30000000e+00  1.60311950e-07 -4.48068248e-07 
 1.60361950e-07  4.75146282e-08  1.60361950e-07  3.30000000e+00  1.60361950e-07  3.30000000e+00  1.60361950e-07  4.48033594e-07 
 1.60411950e-07  4.75146287e-08  1.60411950e-07  3.30000000e+00  1.60411950e-07  3.30000000e+00  1.60411950e-07 -4.48068248e-07 
 1.60461950e-07  4.75146291e-08  1.60461950e-07  3.30000000e+00  1.60461950e-07  3.30000000e+00  1.60461950e-07  4.48033594e-07 
 1.60511950e-07  4.75146287e-08  1.60511950e-07  3.30000000e+00  1.60511950e-07  3.30000000e+00  1.60511950e-07 -4.48068248e-07 
 1.60561950e-07  4.75146281e-08  1.60561950e-07  3.30000000e+00  1.60561950e-07  3.30000000e+00  1.60561950e-07  4.48033594e-07 
 1.60611950e-07  4.75146278e-08  1.60611950e-07  3.30000000e+00  1.60611950e-07  3.30000000e+00  1.60611950e-07 -4.48068248e-07 
 1.60661950e-07  4.75146280e-08  1.60661950e-07  3.30000000e+00  1.60661950e-07  3.30000000e+00  1.60661950e-07  4.48033594e-07 
 1.60711950e-07  4.75146283e-08  1.60711950e-07  3.30000000e+00  1.60711950e-07  3.30000000e+00  1.60711950e-07 -4.48068248e-07 
 1.60761950e-07  4.75146284e-08  1.60761950e-07  3.30000000e+00  1.60761950e-07  3.30000000e+00  1.60761950e-07  4.48033594e-07 
 1.60811950e-07  4.75146286e-08  1.60811950e-07  3.30000000e+00  1.60811950e-07  3.30000000e+00  1.60811950e-07 -4.48068248e-07 
 1.60861950e-07  4.75146288e-08  1.60861950e-07  3.30000000e+00  1.60861950e-07  3.30000000e+00  1.60861950e-07  4.48033594e-07 
 1.60911950e-07  4.75146287e-08  1.60911950e-07  3.30000000e+00  1.60911950e-07  3.30000000e+00  1.60911950e-07 -4.48068248e-07 
 1.60961950e-07  4.75146282e-08  1.60961950e-07  3.30000000e+00  1.60961950e-07  3.30000000e+00  1.60961950e-07  4.48033594e-07 
 1.61011950e-07  4.75146283e-08  1.61011950e-07  3.30000000e+00  1.61011950e-07  3.30000000e+00  1.61011950e-07 -4.48068248e-07 
 1.61061950e-07  4.75146279e-08  1.61061950e-07  3.30000000e+00  1.61061950e-07  3.30000000e+00  1.61061950e-07  4.48033594e-07 
 1.61111950e-07  4.75146281e-08  1.61111950e-07  3.30000000e+00  1.61111950e-07  3.30000000e+00  1.61111950e-07 -4.48068248e-07 
 1.61161950e-07  4.75146280e-08  1.61161950e-07  3.30000000e+00  1.61161950e-07  3.30000000e+00  1.61161950e-07  4.48033594e-07 
 1.61211950e-07  4.75146276e-08  1.61211950e-07  3.30000000e+00  1.61211950e-07  3.30000000e+00  1.61211950e-07 -4.48068248e-07 
 1.61261950e-07  4.75146281e-08  1.61261950e-07  3.30000000e+00  1.61261950e-07  3.30000000e+00  1.61261950e-07  4.48033594e-07 
 1.61311950e-07  4.75146283e-08  1.61311950e-07  3.30000000e+00  1.61311950e-07  3.30000000e+00  1.61311950e-07 -4.48068248e-07 
 1.61361950e-07  4.75146282e-08  1.61361950e-07  3.30000000e+00  1.61361950e-07  3.30000000e+00  1.61361950e-07  4.48033594e-07 
 1.61411950e-07  4.75146284e-08  1.61411950e-07  3.30000000e+00  1.61411950e-07  3.30000000e+00  1.61411950e-07 -4.48068248e-07 
 1.61461950e-07  4.75146278e-08  1.61461950e-07  3.30000000e+00  1.61461950e-07  3.30000000e+00  1.61461950e-07  4.48033594e-07 
 1.61511950e-07  4.75146273e-08  1.61511950e-07  3.30000000e+00  1.61511950e-07  3.30000000e+00  1.61511950e-07 -4.48068248e-07 
 1.61561950e-07  4.75146275e-08  1.61561950e-07  3.30000000e+00  1.61561950e-07  3.30000000e+00  1.61561950e-07  4.48033594e-07 
 1.61611950e-07  4.75146274e-08  1.61611950e-07  3.30000000e+00  1.61611950e-07  3.30000000e+00  1.61611950e-07 -4.48068248e-07 
 1.61661950e-07  4.75146277e-08  1.61661950e-07  3.30000000e+00  1.61661950e-07  3.30000000e+00  1.61661950e-07  4.48033594e-07 
 1.61711950e-07  4.75146277e-08  1.61711950e-07  3.30000000e+00  1.61711950e-07  3.30000000e+00  1.61711950e-07 -4.48068248e-07 
 1.61761950e-07  4.75146277e-08  1.61761950e-07  3.30000000e+00  1.61761950e-07  3.30000000e+00  1.61761950e-07  4.48033594e-07 
 1.61811950e-07  4.75146275e-08  1.61811950e-07  3.30000000e+00  1.61811950e-07  3.30000000e+00  1.61811950e-07 -4.48068248e-07 
 1.61861950e-07  4.75146278e-08  1.61861950e-07  3.30000000e+00  1.61861950e-07  3.30000000e+00  1.61861950e-07  4.48033594e-07 
 1.61911950e-07  4.75146271e-08  1.61911950e-07  3.30000000e+00  1.61911950e-07  3.30000000e+00  1.61911950e-07 -4.48068248e-07 
 1.61961950e-07  4.75146268e-08  1.61961950e-07  3.30000000e+00  1.61961950e-07  3.30000000e+00  1.61961950e-07  4.48033594e-07 
 1.62011950e-07  4.75146268e-08  1.62011950e-07  3.30000000e+00  1.62011950e-07  3.30000000e+00  1.62011950e-07 -4.48068248e-07 
 1.62061950e-07  4.75146270e-08  1.62061950e-07  3.30000000e+00  1.62061950e-07  3.30000000e+00  1.62061950e-07  4.48033594e-07 
 1.62111950e-07  4.75146267e-08  1.62111950e-07  3.30000000e+00  1.62111950e-07  3.30000000e+00  1.62111950e-07 -4.48068248e-07 
 1.62161950e-07  4.75146270e-08  1.62161950e-07  3.30000000e+00  1.62161950e-07  3.30000000e+00  1.62161950e-07  4.48033594e-07 
 1.62211950e-07  4.75146272e-08  1.62211950e-07  3.30000000e+00  1.62211950e-07  3.30000000e+00  1.62211950e-07 -4.48068248e-07 
 1.62261950e-07  4.75146268e-08  1.62261950e-07  3.30000000e+00  1.62261950e-07  3.30000000e+00  1.62261950e-07  4.48033594e-07 
 1.62311950e-07  4.75146270e-08  1.62311950e-07  3.30000000e+00  1.62311950e-07  3.30000000e+00  1.62311950e-07 -4.48068248e-07 
 1.62361950e-07  4.75146273e-08  1.62361950e-07  3.30000000e+00  1.62361950e-07  3.30000000e+00  1.62361950e-07  4.48033594e-07 
 1.62411950e-07  4.75146274e-08  1.62411950e-07  3.30000000e+00  1.62411950e-07  3.30000000e+00  1.62411950e-07 -4.48068248e-07 
 1.62461950e-07  4.75146264e-08  1.62461950e-07  3.30000000e+00  1.62461950e-07  3.30000000e+00  1.62461950e-07  4.48033594e-07 
 1.62511950e-07  4.75146263e-08  1.62511950e-07  3.30000000e+00  1.62511950e-07  3.30000000e+00  1.62511950e-07 -4.48068248e-07 
 1.62561950e-07  4.75146269e-08  1.62561950e-07  3.30000000e+00  1.62561950e-07  3.30000000e+00  1.62561950e-07  4.48033594e-07 
 1.62611950e-07  4.75146269e-08  1.62611950e-07  3.30000000e+00  1.62611950e-07  3.30000000e+00  1.62611950e-07 -4.48068248e-07 
 1.62661950e-07  4.75146271e-08  1.62661950e-07  3.30000000e+00  1.62661950e-07  3.30000000e+00  1.62661950e-07  4.48033594e-07 
 1.62711950e-07  4.75146272e-08  1.62711950e-07  3.30000000e+00  1.62711950e-07  3.30000000e+00  1.62711950e-07 -4.48068248e-07 
 1.62761950e-07  4.75146274e-08  1.62761950e-07  3.30000000e+00  1.62761950e-07  3.30000000e+00  1.62761950e-07  4.48033594e-07 
 1.62811950e-07  4.75146266e-08  1.62811950e-07  3.30000000e+00  1.62811950e-07  3.30000000e+00  1.62811950e-07 -4.48068248e-07 
 1.62861950e-07  4.75146265e-08  1.62861950e-07  3.30000000e+00  1.62861950e-07  3.30000000e+00  1.62861950e-07  4.48033594e-07 
 1.62911950e-07  4.75146266e-08  1.62911950e-07  3.30000000e+00  1.62911950e-07  3.30000000e+00  1.62911950e-07 -4.48068248e-07 
 1.62961950e-07  4.75146264e-08  1.62961950e-07  3.30000000e+00  1.62961950e-07  3.30000000e+00  1.62961950e-07  4.48033594e-07 
 1.63011950e-07  4.75146266e-08  1.63011950e-07  3.30000000e+00  1.63011950e-07  3.30000000e+00  1.63011950e-07 -4.48068248e-07 
 1.63061950e-07  4.75146270e-08  1.63061950e-07  3.30000000e+00  1.63061950e-07  3.30000000e+00  1.63061950e-07  4.48033594e-07 
 1.63111950e-07  4.75146271e-08  1.63111950e-07  3.30000000e+00  1.63111950e-07  3.30000000e+00  1.63111950e-07 -4.48068248e-07 
 1.63161950e-07  4.75146267e-08  1.63161950e-07  3.30000000e+00  1.63161950e-07  3.30000000e+00  1.63161950e-07  4.48033594e-07 
 1.63211950e-07  4.75146268e-08  1.63211950e-07  3.30000000e+00  1.63211950e-07  3.30000000e+00  1.63211950e-07 -4.48068248e-07 
 1.63261950e-07  4.75146267e-08  1.63261950e-07  3.30000000e+00  1.63261950e-07  3.30000000e+00  1.63261950e-07  4.48033594e-07 
 1.63311950e-07  4.75146261e-08  1.63311950e-07  3.30000000e+00  1.63311950e-07  3.30000000e+00  1.63311950e-07 -4.48068248e-07 
 1.63361950e-07  4.75146258e-08  1.63361950e-07  3.30000000e+00  1.63361950e-07  3.30000000e+00  1.63361950e-07  4.48033594e-07 
 1.63411950e-07  4.75146264e-08  1.63411950e-07  3.30000000e+00  1.63411950e-07  3.30000000e+00  1.63411950e-07 -4.48068248e-07 
 1.63461950e-07  4.75146269e-08  1.63461950e-07  3.30000000e+00  1.63461950e-07  3.30000000e+00  1.63461950e-07  4.48033594e-07 
 1.63511950e-07  4.75146268e-08  1.63511950e-07  3.30000000e+00  1.63511950e-07  3.30000000e+00  1.63511950e-07 -4.48068248e-07 
 1.63561950e-07  4.75146268e-08  1.63561950e-07  3.30000000e+00  1.63561950e-07  3.30000000e+00  1.63561950e-07  4.48033594e-07 
 1.63611950e-07  4.75146267e-08  1.63611950e-07  3.30000000e+00  1.63611950e-07  3.30000000e+00  1.63611950e-07 -4.48068248e-07 
 1.63661950e-07  4.75146261e-08  1.63661950e-07  3.30000000e+00  1.63661950e-07  3.30000000e+00  1.63661950e-07  4.48033594e-07 
 1.63711950e-07  4.75146260e-08  1.63711950e-07  3.30000000e+00  1.63711950e-07  3.30000000e+00  1.63711950e-07 -4.48068248e-07 
 1.63761950e-07  4.75146267e-08  1.63761950e-07  3.30000000e+00  1.63761950e-07  3.30000000e+00  1.63761950e-07  4.48033594e-07 
 1.63811950e-07  4.75146269e-08  1.63811950e-07  3.30000000e+00  1.63811950e-07  3.30000000e+00  1.63811950e-07 -4.48068248e-07 
 1.63861950e-07  4.75146273e-08  1.63861950e-07  3.30000000e+00  1.63861950e-07  3.30000000e+00  1.63861950e-07  4.48033594e-07 
 1.63911950e-07  4.75146278e-08  1.63911950e-07  3.30000000e+00  1.63911950e-07  3.30000000e+00  1.63911950e-07 -4.48068248e-07 
 1.63961950e-07  4.75146279e-08  1.63961950e-07  3.30000000e+00  1.63961950e-07  3.30000000e+00  1.63961950e-07  4.48033594e-07 
 1.64011950e-07  4.75146283e-08  1.64011950e-07  3.30000000e+00  1.64011950e-07  3.30000000e+00  1.64011950e-07 -4.48068248e-07 
 1.64061950e-07  4.75146282e-08  1.64061950e-07  3.30000000e+00  1.64061950e-07  3.30000000e+00  1.64061950e-07  4.48033594e-07 
 1.64111950e-07  4.75146283e-08  1.64111950e-07  3.30000000e+00  1.64111950e-07  3.30000000e+00  1.64111950e-07 -4.48068248e-07 
 1.64161950e-07  4.75146282e-08  1.64161950e-07  3.30000000e+00  1.64161950e-07  3.30000000e+00  1.64161950e-07  4.48033594e-07 
 1.64211950e-07  4.75146282e-08  1.64211950e-07  3.30000000e+00  1.64211950e-07  3.30000000e+00  1.64211950e-07 -4.48068248e-07 
 1.64261950e-07  4.75146282e-08  1.64261950e-07  3.30000000e+00  1.64261950e-07  3.30000000e+00  1.64261950e-07  4.48033594e-07 
 1.64311950e-07  4.75146278e-08  1.64311950e-07  3.30000000e+00  1.64311950e-07  3.30000000e+00  1.64311950e-07 -4.48068248e-07 
 1.64361950e-07  4.75146276e-08  1.64361950e-07  3.30000000e+00  1.64361950e-07  3.30000000e+00  1.64361950e-07  4.48033594e-07 
 1.64411950e-07  4.75146279e-08  1.64411950e-07  3.30000000e+00  1.64411950e-07  3.30000000e+00  1.64411950e-07 -4.48068248e-07 
 1.64461950e-07  4.75146276e-08  1.64461950e-07  3.30000000e+00  1.64461950e-07  3.30000000e+00  1.64461950e-07  4.48033594e-07 
 1.64511950e-07  4.75146278e-08  1.64511950e-07  3.30000000e+00  1.64511950e-07  3.30000000e+00  1.64511950e-07 -4.48068248e-07 
 1.64561950e-07  4.75146279e-08  1.64561950e-07  3.30000000e+00  1.64561950e-07  3.30000000e+00  1.64561950e-07  4.48033594e-07 
 1.64611950e-07  4.75146280e-08  1.64611950e-07  3.30000000e+00  1.64611950e-07  3.30000000e+00  1.64611950e-07 -4.48068248e-07 
 1.64661950e-07  4.75146282e-08  1.64661950e-07  3.30000000e+00  1.64661950e-07  3.30000000e+00  1.64661950e-07  4.48033594e-07 
 1.64711950e-07  4.75146281e-08  1.64711950e-07  3.30000000e+00  1.64711950e-07  3.30000000e+00  1.64711950e-07 -4.48068248e-07 
 1.64761950e-07  4.75146282e-08  1.64761950e-07  3.30000000e+00  1.64761950e-07  3.30000000e+00  1.64761950e-07  4.48033594e-07 
 1.64811950e-07  4.75146282e-08  1.64811950e-07  3.30000000e+00  1.64811950e-07  3.30000000e+00  1.64811950e-07 -4.48068248e-07 
 1.64861950e-07  4.75146280e-08  1.64861950e-07  3.30000000e+00  1.64861950e-07  3.30000000e+00  1.64861950e-07  4.48033594e-07 
 1.64911950e-07  4.75146277e-08  1.64911950e-07  3.30000000e+00  1.64911950e-07  3.30000000e+00  1.64911950e-07 -4.48068248e-07 
 1.64961950e-07  4.75146276e-08  1.64961950e-07  3.30000000e+00  1.64961950e-07  3.30000000e+00  1.64961950e-07  4.48033594e-07 
 1.65011950e-07  4.75146275e-08  1.65011950e-07  3.30000000e+00  1.65011950e-07  3.30000000e+00  1.65011950e-07 -4.48068248e-07 
 1.65061950e-07  4.75146278e-08  1.65061950e-07  3.30000000e+00  1.65061950e-07  3.30000000e+00  1.65061950e-07  4.48033594e-07 
 1.65111950e-07  4.75146269e-08  1.65111950e-07  3.30000000e+00  1.65111950e-07  3.30000000e+00  1.65111950e-07 -4.48068248e-07 
 1.65161950e-07  4.75146265e-08  1.65161950e-07  3.30000000e+00  1.65161950e-07  3.30000000e+00  1.65161950e-07  4.48033594e-07 
 1.65211950e-07  4.75146272e-08  1.65211950e-07  3.30000000e+00  1.65211950e-07  3.30000000e+00  1.65211950e-07 -4.48068248e-07 
 1.65261950e-07  4.75146276e-08  1.65261950e-07  3.30000000e+00  1.65261950e-07  3.30000000e+00  1.65261950e-07  4.48033594e-07 
 1.65311950e-07  4.75146280e-08  1.65311950e-07  3.30000000e+00  1.65311950e-07  3.30000000e+00  1.65311950e-07 -4.48068248e-07 
 1.65361950e-07  4.75146279e-08  1.65361950e-07  3.30000000e+00  1.65361950e-07  3.30000000e+00  1.65361950e-07  4.48033594e-07 
 1.65411950e-07  4.75146280e-08  1.65411950e-07  3.30000000e+00  1.65411950e-07  3.30000000e+00  1.65411950e-07 -4.48068248e-07 
 1.65461950e-07  4.75146283e-08  1.65461950e-07  3.30000000e+00  1.65461950e-07  3.30000000e+00  1.65461950e-07  4.48033594e-07 
 1.65511950e-07  4.75146283e-08  1.65511950e-07  3.30000000e+00  1.65511950e-07  3.30000000e+00  1.65511950e-07 -4.48068248e-07 
 1.65561950e-07  4.75146283e-08  1.65561950e-07  3.30000000e+00  1.65561950e-07  3.30000000e+00  1.65561950e-07  4.48033594e-07 
 1.65611950e-07  4.75146286e-08  1.65611950e-07  3.30000000e+00  1.65611950e-07  3.30000000e+00  1.65611950e-07 -4.48068248e-07 
 1.65661950e-07  4.75146288e-08  1.65661950e-07  3.30000000e+00  1.65661950e-07  3.30000000e+00  1.65661950e-07  4.48033594e-07 
 1.65711950e-07  4.75146293e-08  1.65711950e-07  3.30000000e+00  1.65711950e-07  3.30000000e+00  1.65711950e-07 -4.48068248e-07 
 1.65761950e-07  4.75146293e-08  1.65761950e-07  3.30000000e+00  1.65761950e-07  3.30000000e+00  1.65761950e-07  4.48033594e-07 
 1.65811950e-07  4.75146290e-08  1.65811950e-07  3.30000000e+00  1.65811950e-07  3.30000000e+00  1.65811950e-07 -4.48068248e-07 
 1.65861950e-07  4.75146289e-08  1.65861950e-07  3.30000000e+00  1.65861950e-07  3.30000000e+00  1.65861950e-07  4.48033594e-07 
 1.65911950e-07  4.75146286e-08  1.65911950e-07  3.30000000e+00  1.65911950e-07  3.30000000e+00  1.65911950e-07 -4.48068248e-07 
 1.65961950e-07  4.75146278e-08  1.65961950e-07  3.30000000e+00  1.65961950e-07  3.30000000e+00  1.65961950e-07  4.48033594e-07 
 1.66011950e-07  4.75146275e-08  1.66011950e-07  3.30000000e+00  1.66011950e-07  3.30000000e+00  1.66011950e-07 -4.48068248e-07 
 1.66061950e-07  4.75146274e-08  1.66061950e-07  3.30000000e+00  1.66061950e-07  3.30000000e+00  1.66061950e-07  4.48033594e-07 
 1.66111950e-07  4.75146270e-08  1.66111950e-07  3.30000000e+00  1.66111950e-07  3.30000000e+00  1.66111950e-07 -4.48068248e-07 
 1.66161950e-07  4.75146274e-08  1.66161950e-07  3.30000000e+00  1.66161950e-07  3.30000000e+00  1.66161950e-07  4.48033594e-07 
 1.66211950e-07  4.75146277e-08  1.66211950e-07  3.30000000e+00  1.66211950e-07  3.30000000e+00  1.66211950e-07 -4.48068248e-07 
 1.66261950e-07  4.75146278e-08  1.66261950e-07  3.30000000e+00  1.66261950e-07  3.30000000e+00  1.66261950e-07  4.48033594e-07 
 1.66311950e-07  4.75146276e-08  1.66311950e-07  3.30000000e+00  1.66311950e-07  3.30000000e+00  1.66311950e-07 -4.48068248e-07 
 1.66361950e-07  4.75146279e-08  1.66361950e-07  3.30000000e+00  1.66361950e-07  3.30000000e+00  1.66361950e-07  4.48033594e-07 
 1.66411950e-07  4.75146273e-08  1.66411950e-07  3.30000000e+00  1.66411950e-07  3.30000000e+00  1.66411950e-07 -4.48068248e-07 
 1.66461950e-07  4.75146274e-08  1.66461950e-07  3.30000000e+00  1.66461950e-07  3.30000000e+00  1.66461950e-07  4.48033594e-07 
 1.66511950e-07  4.75146280e-08  1.66511950e-07  3.30000000e+00  1.66511950e-07  3.30000000e+00  1.66511950e-07 -4.48068248e-07 
 1.66561950e-07  4.75146281e-08  1.66561950e-07  3.30000000e+00  1.66561950e-07  3.30000000e+00  1.66561950e-07  4.48033594e-07 
 1.66611950e-07  4.75146283e-08  1.66611950e-07  3.30000000e+00  1.66611950e-07  3.30000000e+00  1.66611950e-07 -4.48068248e-07 
 1.66661950e-07  4.75146284e-08  1.66661950e-07  3.30000000e+00  1.66661950e-07  3.30000000e+00  1.66661950e-07  4.48033594e-07 
 1.66711950e-07  4.75146285e-08  1.66711950e-07  3.30000000e+00  1.66711950e-07  3.30000000e+00  1.66711950e-07 -4.48068248e-07 
 1.66761950e-07  4.75146284e-08  1.66761950e-07  3.30000000e+00  1.66761950e-07  3.30000000e+00  1.66761950e-07  4.48033594e-07 
 1.66811950e-07  4.75146284e-08  1.66811950e-07  3.30000000e+00  1.66811950e-07  3.30000000e+00  1.66811950e-07 -4.48068248e-07 
 1.66861950e-07  4.75146283e-08  1.66861950e-07  3.30000000e+00  1.66861950e-07  3.30000000e+00  1.66861950e-07  4.48033594e-07 
 1.66911950e-07  4.75146287e-08  1.66911950e-07  3.30000000e+00  1.66911950e-07  3.30000000e+00  1.66911950e-07 -4.48068248e-07 
 1.66961950e-07  4.75146288e-08  1.66961950e-07  3.30000000e+00  1.66961950e-07  3.30000000e+00  1.66961950e-07  4.48033594e-07 
 1.67011950e-07  4.75146286e-08  1.67011950e-07  3.30000000e+00  1.67011950e-07  3.30000000e+00  1.67011950e-07 -4.48068248e-07 
 1.67061950e-07  4.75146286e-08  1.67061950e-07  3.30000000e+00  1.67061950e-07  3.30000000e+00  1.67061950e-07  4.48033594e-07 
 1.67111950e-07  4.75146288e-08  1.67111950e-07  3.30000000e+00  1.67111950e-07  3.30000000e+00  1.67111950e-07 -4.48068248e-07 
 1.67161950e-07  4.75146287e-08  1.67161950e-07  3.30000000e+00  1.67161950e-07  3.30000000e+00  1.67161950e-07  4.48033594e-07 
 1.67211950e-07  4.75146284e-08  1.67211950e-07  3.30000000e+00  1.67211950e-07  3.30000000e+00  1.67211950e-07 -4.48068248e-07 
 1.67261950e-07  4.75146276e-08  1.67261950e-07  3.30000000e+00  1.67261950e-07  3.30000000e+00  1.67261950e-07  4.48033594e-07 
 1.67311950e-07  4.75146281e-08  1.67311950e-07  3.30000000e+00  1.67311950e-07  3.30000000e+00  1.67311950e-07 -4.48068248e-07 
 1.67361950e-07  4.75146281e-08  1.67361950e-07  3.30000000e+00  1.67361950e-07  3.30000000e+00  1.67361950e-07  4.48033594e-07 
 1.67411950e-07  4.75146283e-08  1.67411950e-07  3.30000000e+00  1.67411950e-07  3.30000000e+00  1.67411950e-07 -4.48068248e-07 
 1.67461950e-07  4.75146279e-08  1.67461950e-07  3.30000000e+00  1.67461950e-07  3.30000000e+00  1.67461950e-07  4.48033594e-07 
 1.67511950e-07  4.75146276e-08  1.67511950e-07  3.30000000e+00  1.67511950e-07  3.30000000e+00  1.67511950e-07 -4.48068248e-07 
 1.67561950e-07  4.75146279e-08  1.67561950e-07  3.30000000e+00  1.67561950e-07  3.30000000e+00  1.67561950e-07  4.48033594e-07 
 1.67611950e-07  4.75146277e-08  1.67611950e-07  3.30000000e+00  1.67611950e-07  3.30000000e+00  1.67611950e-07 -4.48068248e-07 
 1.67661950e-07  4.75146276e-08  1.67661950e-07  3.30000000e+00  1.67661950e-07  3.30000000e+00  1.67661950e-07  4.48033594e-07 
 1.67711950e-07  4.75146275e-08  1.67711950e-07  3.30000000e+00  1.67711950e-07  3.30000000e+00  1.67711950e-07 -4.48068248e-07 
 1.67761950e-07  4.75146277e-08  1.67761950e-07  3.30000000e+00  1.67761950e-07  3.30000000e+00  1.67761950e-07  4.48033594e-07 
 1.67811950e-07  4.75146273e-08  1.67811950e-07  3.30000000e+00  1.67811950e-07  3.30000000e+00  1.67811950e-07 -4.48068248e-07 
 1.67861950e-07  4.75146275e-08  1.67861950e-07  3.30000000e+00  1.67861950e-07  3.30000000e+00  1.67861950e-07  4.48033594e-07 
 1.67911950e-07  4.75146274e-08  1.67911950e-07  3.30000000e+00  1.67911950e-07  3.30000000e+00  1.67911950e-07 -4.48068248e-07 
 1.67961950e-07  4.75146277e-08  1.67961950e-07  3.30000000e+00  1.67961950e-07  3.30000000e+00  1.67961950e-07  4.48033594e-07 
 1.68011950e-07  4.75146280e-08  1.68011950e-07  3.30000000e+00  1.68011950e-07  3.30000000e+00  1.68011950e-07 -4.48068248e-07 
 1.68061950e-07  4.75146274e-08  1.68061950e-07  3.30000000e+00  1.68061950e-07  3.30000000e+00  1.68061950e-07  4.48033594e-07 
 1.68111950e-07  4.75146275e-08  1.68111950e-07  3.30000000e+00  1.68111950e-07  3.30000000e+00  1.68111950e-07 -4.48068248e-07 
 1.68161950e-07  4.75146280e-08  1.68161950e-07  3.30000000e+00  1.68161950e-07  3.30000000e+00  1.68161950e-07  4.48033594e-07 
 1.68211950e-07  4.75146281e-08  1.68211950e-07  3.30000000e+00  1.68211950e-07  3.30000000e+00  1.68211950e-07 -4.48068248e-07 
 1.68261950e-07  4.75146282e-08  1.68261950e-07  3.30000000e+00  1.68261950e-07  3.30000000e+00  1.68261950e-07  4.48033594e-07 
 1.68311950e-07  4.75146280e-08  1.68311950e-07  3.30000000e+00  1.68311950e-07  3.30000000e+00  1.68311950e-07 -4.48068248e-07 
 1.68361950e-07  4.75146277e-08  1.68361950e-07  3.30000000e+00  1.68361950e-07  3.30000000e+00  1.68361950e-07  4.48033594e-07 
 1.68411950e-07  4.75146279e-08  1.68411950e-07  3.30000000e+00  1.68411950e-07  3.30000000e+00  1.68411950e-07 -4.48068248e-07 
 1.68461950e-07  4.75146277e-08  1.68461950e-07  3.30000000e+00  1.68461950e-07  3.30000000e+00  1.68461950e-07  4.48033594e-07 
 1.68511950e-07  4.75146280e-08  1.68511950e-07  3.30000000e+00  1.68511950e-07  3.30000000e+00  1.68511950e-07 -4.48068248e-07 
 1.68561950e-07  4.75146277e-08  1.68561950e-07  3.30000000e+00  1.68561950e-07  3.30000000e+00  1.68561950e-07  4.48033594e-07 
 1.68611950e-07  4.75146281e-08  1.68611950e-07  3.30000000e+00  1.68611950e-07  3.30000000e+00  1.68611950e-07 -4.48068248e-07 
 1.68661950e-07  4.75146280e-08  1.68661950e-07  3.30000000e+00  1.68661950e-07  3.30000000e+00  1.68661950e-07  4.48033594e-07 
 1.68711950e-07  4.75146279e-08  1.68711950e-07  3.30000000e+00  1.68711950e-07  3.30000000e+00  1.68711950e-07 -4.48068248e-07 
 1.68761950e-07  4.75146278e-08  1.68761950e-07  3.30000000e+00  1.68761950e-07  3.30000000e+00  1.68761950e-07  4.48033594e-07 
 1.68811950e-07  4.75146277e-08  1.68811950e-07  3.30000000e+00  1.68811950e-07  3.30000000e+00  1.68811950e-07 -4.48068248e-07 
 1.68861950e-07  4.75146278e-08  1.68861950e-07  3.30000000e+00  1.68861950e-07  3.30000000e+00  1.68861950e-07  4.48033594e-07 
 1.68911950e-07  4.75146281e-08  1.68911950e-07  3.30000000e+00  1.68911950e-07  3.30000000e+00  1.68911950e-07 -4.48068248e-07 
 1.68961950e-07  4.75146281e-08  1.68961950e-07  3.30000000e+00  1.68961950e-07  3.30000000e+00  1.68961950e-07  4.48033594e-07 
 1.69011950e-07  4.75146283e-08  1.69011950e-07  3.30000000e+00  1.69011950e-07  3.30000000e+00  1.69011950e-07 -4.48068248e-07 
 1.69061950e-07  4.75146280e-08  1.69061950e-07  3.30000000e+00  1.69061950e-07  3.30000000e+00  1.69061950e-07  4.48033594e-07 
 1.69111950e-07  4.75146282e-08  1.69111950e-07  3.30000000e+00  1.69111950e-07  3.30000000e+00  1.69111950e-07 -4.48068248e-07 
 1.69161950e-07  4.75146282e-08  1.69161950e-07  3.30000000e+00  1.69161950e-07  3.30000000e+00  1.69161950e-07  4.48033594e-07 
 1.69211950e-07  4.75146279e-08  1.69211950e-07  3.30000000e+00  1.69211950e-07  3.30000000e+00  1.69211950e-07 -4.48068248e-07 
 1.69261950e-07  4.75146280e-08  1.69261950e-07  3.30000000e+00  1.69261950e-07  3.30000000e+00  1.69261950e-07  4.48033594e-07 
 1.69311950e-07  4.75146279e-08  1.69311950e-07  3.30000000e+00  1.69311950e-07  3.30000000e+00  1.69311950e-07 -4.48068248e-07 
 1.69361950e-07  4.75146281e-08  1.69361950e-07  3.30000000e+00  1.69361950e-07  3.30000000e+00  1.69361950e-07  4.48033594e-07 
 1.69411950e-07  4.75146280e-08  1.69411950e-07  3.30000000e+00  1.69411950e-07  3.30000000e+00  1.69411950e-07 -4.48068248e-07 
 1.69461950e-07  4.75146282e-08  1.69461950e-07  3.30000000e+00  1.69461950e-07  3.30000000e+00  1.69461950e-07  4.48033594e-07 
 1.69511950e-07  4.75146281e-08  1.69511950e-07  3.30000000e+00  1.69511950e-07  3.30000000e+00  1.69511950e-07 -4.48068248e-07 
 1.69561950e-07  4.75146286e-08  1.69561950e-07  3.30000000e+00  1.69561950e-07  3.30000000e+00  1.69561950e-07  4.48033594e-07 
 1.69611950e-07  4.75146283e-08  1.69611950e-07  3.30000000e+00  1.69611950e-07  3.30000000e+00  1.69611950e-07 -4.48068248e-07 
 1.69661950e-07  4.75146287e-08  1.69661950e-07  3.30000000e+00  1.69661950e-07  3.30000000e+00  1.69661950e-07  4.48033594e-07 
 1.69711950e-07  4.75146283e-08  1.69711950e-07  3.30000000e+00  1.69711950e-07  3.30000000e+00  1.69711950e-07 -4.48068248e-07 
 1.69761950e-07  4.75146279e-08  1.69761950e-07  3.30000000e+00  1.69761950e-07  3.30000000e+00  1.69761950e-07  4.48033594e-07 
 1.69811950e-07  4.75146277e-08  1.69811950e-07  3.30000000e+00  1.69811950e-07  3.30000000e+00  1.69811950e-07 -4.48068248e-07 
 1.69861950e-07  4.75146278e-08  1.69861950e-07  3.30000000e+00  1.69861950e-07  3.30000000e+00  1.69861950e-07  4.48033594e-07 
 1.69911950e-07  4.75146281e-08  1.69911950e-07  3.30000000e+00  1.69911950e-07  3.30000000e+00  1.69911950e-07 -4.48068248e-07 
 1.69961950e-07  4.75146285e-08  1.69961950e-07  3.30000000e+00  1.69961950e-07  3.30000000e+00  1.69961950e-07  4.48033594e-07 
 1.70011950e-07  4.75146288e-08  1.70011950e-07  3.30000000e+00  1.70011950e-07  3.30000000e+00  1.70011950e-07 -4.48068248e-07 
 1.70061950e-07  4.75146289e-08  1.70061950e-07  3.30000000e+00  1.70061950e-07  3.30000000e+00  1.70061950e-07  4.48033594e-07 
 1.70100000e-07  4.75146276e-08  1.70100000e-07  3.30000000e+00  1.70100000e-07  3.30000000e+00  1.70100000e-07 -4.48068248e-07 
 1.70105000e-07 -7.47753726e-04  1.70105000e-07  3.29902282e+00  1.70105000e-07  3.13500000e+00  1.70105000e-07 -2.82142983e-04 
 1.70115000e-07 -2.75240524e-03  1.70115000e-07  3.29609316e+00  1.70115000e-07  2.80500000e+00  1.70115000e-07 -2.53721384e-04 
 1.70135000e-07 -2.25764835e-02  1.70135000e-07  3.27124612e+00  1.70135000e-07  2.14500000e+00  1.70135000e-07 -4.64106803e-04 
 1.70163082e-07 -2.82563506e-02  1.70163082e-07  3.24894752e+00  1.70163082e-07  1.21830768e+00  1.70163082e-07 -6.24118213e-04 
 1.70200000e-07  8.04013922e-02  1.70200000e-07  3.26793665e+00  1.70200000e-07  4.07229805e-13  1.70200000e-07 -1.18505511e-03 
 1.70203836e-07  1.05708213e-01  1.70203836e-07  3.27959341e+00  1.70203836e-07  0.00000000e+00  1.70203836e-07 -7.52334711e-04 
 1.70211508e-07  1.57503054e-01  1.70211508e-07  3.30200962e+00  1.70211508e-07  0.00000000e+00  1.70211508e-07 -7.25612239e-04 
 1.70226852e-07  2.65925322e-01  1.70226852e-07  3.34173547e+00  1.70226852e-07  0.00000000e+00  1.70226852e-07 -6.89915674e-04 
 1.70257539e-07  4.92520261e-01  1.70257539e-07  3.39793742e+00  1.70257539e-07  0.00000000e+00  1.70257539e-07 -6.13799244e-04 
 1.70307539e-07  8.70442397e-01  1.70307539e-07  3.45047446e+00  1.70307539e-07  0.00000000e+00  1.70307539e-07 -4.89377664e-04 
 1.70357539e-07  1.24656798e+00  1.70357539e-07  3.47990312e+00  1.70357539e-07  0.00000000e+00  1.70357539e-07 -3.71166343e-04 
 1.70407539e-07  1.61011637e+00  1.70407539e-07  3.50153041e+00  1.70407539e-07  0.00000000e+00  1.70407539e-07 -3.08146215e-04 
 1.70457539e-07  1.93712547e+00  1.70457539e-07  3.51527787e+00  1.70457539e-07  0.00000000e+00  1.70457539e-07 -2.55166887e-04 
 1.70507539e-07  2.19212069e+00  1.70507539e-07  3.50297442e+00  1.70507539e-07  0.00000000e+00  1.70507539e-07 -2.08968973e-04 
 1.70557539e-07  2.39204126e+00  1.70557539e-07  3.47419946e+00  1.70557539e-07  0.00000000e+00  1.70557539e-07 -1.35301850e-04 
 1.70607539e-07  2.56699201e+00  1.70607539e-07  3.45144976e+00  1.70607539e-07  0.00000000e+00  1.70607539e-07 -1.01761117e-04 
 1.70657539e-07  2.71881373e+00  1.70657539e-07  3.43542785e+00  1.70657539e-07  0.00000000e+00  1.70657539e-07 -7.36581442e-05 
 1.70707539e-07  2.84792874e+00  1.70707539e-07  3.41849226e+00  1.70707539e-07  0.00000000e+00  1.70707539e-07 -6.20618555e-05 
 1.70757539e-07  2.95511233e+00  1.70757539e-07  3.39852481e+00  1.70757539e-07  0.00000000e+00  1.70757539e-07 -4.19828491e-05 
 1.70807539e-07  3.04032039e+00  1.70807539e-07  3.37929185e+00  1.70807539e-07  0.00000000e+00  1.70807539e-07 -3.71468647e-05 
 1.70857539e-07  3.10575701e+00  1.70857539e-07  3.36301094e+00  1.70857539e-07  0.00000000e+00  1.70857539e-07 -2.26787016e-05 
 1.70907539e-07  3.15521507e+00  1.70907539e-07  3.34977896e+00  1.70907539e-07  0.00000000e+00  1.70907539e-07 -2.23656282e-05 
 1.70957539e-07  3.19230634e+00  1.70957539e-07  3.33916107e+00  1.70957539e-07  0.00000000e+00  1.70957539e-07 -1.14956452e-05 
 1.71007539e-07  3.22000586e+00  1.71007539e-07  3.33069405e+00  1.71007539e-07  0.00000000e+00  1.71007539e-07 -1.40129429e-05 
 1.71057539e-07  3.24063262e+00  1.71057539e-07  3.32397402e+00  1.71057539e-07  0.00000000e+00  1.71057539e-07 -5.29892129e-06 
 1.71107539e-07  3.25595695e+00  1.71107539e-07  3.31866341e+00  1.71107539e-07  0.00000000e+00  1.71107539e-07 -9.43044925e-06 
 1.71157539e-07  3.26732967e+00  1.71157539e-07  3.31448471e+00  1.71157539e-07  0.00000000e+00  1.71157539e-07 -1.92698655e-06 
 1.71207539e-07  3.27576454e+00  1.71207539e-07  3.31121008e+00  1.71207539e-07  0.00000000e+00  1.71207539e-07 -6.94886335e-06 
 1.71257539e-07  3.28201824e+00  1.71257539e-07  3.30865360e+00  1.71257539e-07  0.00000000e+00  1.71257539e-07 -9.62038071e-08 
 1.71307539e-07  3.28665480e+00  1.71307539e-07  3.30666478e+00  1.71307539e-07  0.00000000e+00  1.71307539e-07 -5.59354688e-06 
 1.71357539e-07  3.29009314e+00  1.71357539e-07  3.30512251e+00  1.71357539e-07  0.00000000e+00  1.71357539e-07  9.12860057e-07 
 1.71407539e-07  3.29264318e+00  1.71407539e-07  3.30392990e+00  1.71407539e-07  0.00000000e+00  1.71407539e-07 -4.83575504e-06 
 1.71457539e-07  3.29453499e+00  1.71457539e-07  3.30301004e+00  1.71457539e-07  0.00000000e+00  1.71457539e-07  1.48692051e-06 
 1.71507539e-07  3.29593897e+00  1.71507539e-07  3.30230220e+00  1.71507539e-07  0.00000000e+00  1.71507539e-07 -4.39606742e-06 
 1.71557539e-07  3.29698132e+00  1.71557539e-07  3.30175862e+00  1.71557539e-07  0.00000000e+00  1.71557539e-07  1.82795932e-06 
 1.71607539e-07  3.29775548e+00  1.71607539e-07  3.30134198e+00  1.71607539e-07  0.00000000e+00  1.71607539e-07 -4.12781123e-06 
 1.71657539e-07  3.29833070e+00  1.71657539e-07  3.30102318e+00  1.71657539e-07  0.00000000e+00  1.71657539e-07  2.04219845e-06 
 1.71707539e-07  3.29875826e+00  1.71707539e-07  3.30077958e+00  1.71707539e-07  0.00000000e+00  1.71707539e-07 -3.95400765e-06 
 1.71757539e-07  3.29907618e+00  1.71757539e-07  3.30059368e+00  1.71757539e-07  0.00000000e+00  1.71757539e-07  2.18549889e-06 
 1.71807539e-07  3.29931267e+00  1.71807539e-07  3.30045199e+00  1.71807539e-07  0.00000000e+00  1.71807539e-07 -3.83395284e-06 
 1.71857539e-07  3.29948863e+00  1.71857539e-07  3.30034409e+00  1.71857539e-07  0.00000000e+00  1.71857539e-07  2.28763831e-06 
 1.71907539e-07  3.29961960e+00  1.71907539e-07  3.30026201e+00  1.71907539e-07  0.00000000e+00  1.71907539e-07 -3.74579226e-06 
 1.71957539e-07  3.29971710e+00  1.71957539e-07  3.30019961e+00  1.71957539e-07  0.00000000e+00  1.71957539e-07  2.36474622e-06 
 1.72007539e-07  3.29978971e+00  1.72007539e-07  3.30015220e+00  1.72007539e-07  0.00000000e+00  1.72007539e-07 -3.67754561e-06 
 1.72057539e-07  3.29984379e+00  1.72057539e-07  3.30011620e+00  1.72057539e-07  0.00000000e+00  1.72057539e-07  2.42578669e-06 
 1.72107539e-07  3.29988406e+00  1.72107539e-07  3.30008887e+00  1.72107539e-07  0.00000000e+00  1.72107539e-07 -3.62244939e-06 
 1.72157539e-07  3.29991406e+00  1.72157539e-07  3.30006812e+00  1.72157539e-07  0.00000000e+00  1.72157539e-07  2.47591097e-06 
 1.72207539e-07  3.29993641e+00  1.72207539e-07  3.30005237e+00  1.72207539e-07  0.00000000e+00  1.72207539e-07 -3.57653939e-06 
 1.72257539e-07  3.29995305e+00  1.72257539e-07  3.30004041e+00  1.72257539e-07  0.00000000e+00  1.72257539e-07  2.51820420e-06 
 1.72307539e-07  3.29996544e+00  1.72307539e-07  3.30003132e+00  1.72307539e-07  0.00000000e+00  1.72307539e-07 -3.53738575e-06 
 1.72357539e-07  3.29997466e+00  1.72357539e-07  3.30002442e+00  1.72357539e-07  0.00000000e+00  1.72357539e-07  2.55460426e-06 
 1.72407539e-07  3.29998152e+00  1.72407539e-07  3.30001916e+00  1.72407539e-07  0.00000000e+00  1.72407539e-07 -3.50342304e-06 
 1.72457539e-07  3.29998662e+00  1.72457539e-07  3.30001515e+00  1.72457539e-07  0.00000000e+00  1.72457539e-07  2.58639197e-06 
 1.72507539e-07  3.29999040e+00  1.72507539e-07  3.30001209e+00  1.72507539e-07  0.00000000e+00  1.72507539e-07 -3.47359001e-06 
 1.72557539e-07  3.29999321e+00  1.72557539e-07  3.30000975e+00  1.72557539e-07  0.00000000e+00  1.72557539e-07  2.61445743e-06 
 1.72607539e-07  3.29999529e+00  1.72607539e-07  3.30000795e+00  1.72607539e-07  0.00000000e+00  1.72607539e-07 -3.44713155e-06 
 1.72657539e-07  3.29999682e+00  1.72657539e-07  3.30000657e+00  1.72657539e-07  0.00000000e+00  1.72657539e-07  2.63944807e-06 
 1.72707539e-07  3.29999795e+00  1.72707539e-07  3.30000549e+00  1.72707539e-07  0.00000000e+00  1.72707539e-07 -3.42348705e-06 
 1.72757539e-07  3.29999878e+00  1.72757539e-07  3.30000466e+00  1.72757539e-07  0.00000000e+00  1.72757539e-07  2.66185361e-06 
 1.72807539e-07  3.29999938e+00  1.72807539e-07  3.30000401e+00  1.72807539e-07  0.00000000e+00  1.72807539e-07 -3.40222535e-06 
 1.72857539e-07  3.29999982e+00  1.72857539e-07  3.30000349e+00  1.72857539e-07  0.00000000e+00  1.72857539e-07  2.68205636e-06 
 1.72907539e-07  3.30000013e+00  1.72907539e-07  3.30000308e+00  1.72907539e-07  0.00000000e+00  1.72907539e-07 -3.38300939e-06 
 1.72957539e-07  3.30000036e+00  1.72957539e-07  3.30000275e+00  1.72957539e-07  0.00000000e+00  1.72957539e-07  2.70036123e-06 
 1.73007539e-07  3.30000052e+00  1.73007539e-07  3.30000249e+00  1.73007539e-07  0.00000000e+00  1.73007539e-07 -3.36555078e-06 
 1.73057539e-07  3.30000062e+00  1.73057539e-07  3.30000227e+00  1.73057539e-07  0.00000000e+00  1.73057539e-07  2.71702223e-06 
 1.73107539e-07  3.30000069e+00  1.73107539e-07  3.30000208e+00  1.73107539e-07  0.00000000e+00  1.73107539e-07 -3.34963482e-06 
 1.73157539e-07  3.30000073e+00  1.73157539e-07  3.30000193e+00  1.73157539e-07  0.00000000e+00  1.73157539e-07  2.73224084e-06 
 1.73207539e-07  3.30000075e+00  1.73207539e-07  3.30000180e+00  1.73207539e-07  0.00000000e+00  1.73207539e-07 -3.33507001e-06 
 1.73257539e-07  3.30000076e+00  1.73257539e-07  3.30000169e+00  1.73257539e-07  0.00000000e+00  1.73257539e-07  2.74619178e-06 
 1.73307539e-07  3.30000075e+00  1.73307539e-07  3.30000159e+00  1.73307539e-07  0.00000000e+00  1.73307539e-07 -3.32169625e-06 
 1.73357539e-07  3.30000074e+00  1.73357539e-07  3.30000151e+00  1.73357539e-07  0.00000000e+00  1.73357539e-07  2.75902218e-06 
 1.73407539e-07  3.30000072e+00  1.73407539e-07  3.30000143e+00  1.73407539e-07  0.00000000e+00  1.73407539e-07 -3.30937797e-06 
 1.73457539e-07  3.30000071e+00  1.73457539e-07  3.30000136e+00  1.73457539e-07  0.00000000e+00  1.73457539e-07  2.77085723e-06 
 1.73507539e-07  3.30000069e+00  1.73507539e-07  3.30000130e+00  1.73507539e-07  0.00000000e+00  1.73507539e-07 -3.29799935e-06 
 1.73557539e-07  3.30000066e+00  1.73557539e-07  3.30000124e+00  1.73557539e-07  0.00000000e+00  1.73557539e-07  2.78180430e-06 
 1.73607539e-07  3.30000064e+00  1.73607539e-07  3.30000119e+00  1.73607539e-07  0.00000000e+00  1.73607539e-07 -3.28746070e-06 
 1.73657539e-07  3.30000062e+00  1.73657539e-07  3.30000114e+00  1.73657539e-07  0.00000000e+00  1.73657539e-07  2.79195609e-06 
 1.73707539e-07  3.30000060e+00  1.73707539e-07  3.30000109e+00  1.73707539e-07  0.00000000e+00  1.73707539e-07 -3.27767570e-06 
 1.73757539e-07  3.30000058e+00  1.73757539e-07  3.30000105e+00  1.73757539e-07  0.00000000e+00  1.73757539e-07  2.80139304e-06 
 1.73807539e-07  3.30000056e+00  1.73807539e-07  3.30000101e+00  1.73807539e-07  0.00000000e+00  1.73807539e-07 -3.26856927e-06 
 1.73857539e-07  3.30000054e+00  1.73857539e-07  3.30000097e+00  1.73857539e-07  0.00000000e+00  1.73857539e-07  2.81018533e-06 
 1.73907539e-07  3.30000052e+00  1.73907539e-07  3.30000094e+00  1.73907539e-07  0.00000000e+00  1.73907539e-07 -3.26007578e-06 
 1.73957539e-07  3.30000050e+00  1.73957539e-07  3.30000090e+00  1.73957539e-07  0.00000000e+00  1.73957539e-07  2.81839442e-06 
 1.74007539e-07  3.30000048e+00  1.74007539e-07  3.30000087e+00  1.74007539e-07  0.00000000e+00  1.74007539e-07 -3.25213759e-06 
 1.74057539e-07  3.30000047e+00  1.74057539e-07  3.30000084e+00  1.74057539e-07  0.00000000e+00  1.74057539e-07  2.82607438e-06 
 1.74107539e-07  3.30000045e+00  1.74107539e-07  3.30000081e+00  1.74107539e-07  0.00000000e+00  1.74107539e-07 -3.24470395e-06 
 1.74157539e-07  3.30000044e+00  1.74157539e-07  3.30000079e+00  1.74157539e-07  0.00000000e+00  1.74157539e-07  2.83327292e-06 
 1.74207539e-07  3.30000042e+00  1.74207539e-07  3.30000076e+00  1.74207539e-07  0.00000000e+00  1.74207539e-07 -3.23772994e-06 
 1.74257539e-07  3.30000041e+00  1.74257539e-07  3.30000074e+00  1.74257539e-07  0.00000000e+00  1.74257539e-07  2.84003233e-06 
 1.74307539e-07  3.30000040e+00  1.74307539e-07  3.30000071e+00  1.74307539e-07  0.00000000e+00  1.74307539e-07 -3.23117574e-06 
 1.74357539e-07  3.30000038e+00  1.74357539e-07  3.30000069e+00  1.74357539e-07  0.00000000e+00  1.74357539e-07  2.84639018e-06 
 1.74407539e-07  3.30000037e+00  1.74407539e-07  3.30000067e+00  1.74407539e-07  0.00000000e+00  1.74407539e-07 -3.22500588e-06 
 1.74457539e-07  3.30000036e+00  1.74457539e-07  3.30000065e+00  1.74457539e-07  0.00000000e+00  1.74457539e-07  2.85237996e-06 
 1.74507539e-07  3.30000035e+00  1.74507539e-07  3.30000063e+00  1.74507539e-07  0.00000000e+00  1.74507539e-07 -3.21918869e-06 
 1.74557539e-07  3.30000034e+00  1.74557539e-07  3.30000061e+00  1.74557539e-07  0.00000000e+00  1.74557539e-07  2.85803164e-06 
 1.74607539e-07  3.30000033e+00  1.74607539e-07  3.30000059e+00  1.74607539e-07  0.00000000e+00  1.74607539e-07 -3.21369582e-06 
 1.74657539e-07  3.30000032e+00  1.74657539e-07  3.30000058e+00  1.74657539e-07  0.00000000e+00  1.74657539e-07  2.86337206e-06 
 1.74707539e-07  3.30000031e+00  1.74707539e-07  3.30000056e+00  1.74707539e-07  0.00000000e+00  1.74707539e-07 -3.20850182e-06 
 1.74757539e-07  3.30000030e+00  1.74757539e-07  3.30000054e+00  1.74757539e-07  0.00000000e+00  1.74757539e-07  2.86842537e-06 
 1.74807539e-07  3.30000029e+00  1.74807539e-07  3.30000053e+00  1.74807539e-07  0.00000000e+00  1.74807539e-07 -3.20358376e-06 
 1.74857539e-07  3.30000028e+00  1.74857539e-07  3.30000051e+00  1.74857539e-07  0.00000000e+00  1.74857539e-07  2.87321335e-06 
 1.74907539e-07  3.30000027e+00  1.74907539e-07  3.30000050e+00  1.74907539e-07  0.00000000e+00  1.74907539e-07 -3.19892096e-06 
 1.74957539e-07  3.30000027e+00  1.74957539e-07  3.30000049e+00  1.74957539e-07  0.00000000e+00  1.74957539e-07  2.87775564e-06 
 1.75007539e-07  3.30000026e+00  1.75007539e-07  3.30000047e+00  1.75007539e-07  0.00000000e+00  1.75007539e-07 -3.19449473e-06 
 1.75057539e-07  3.30000025e+00  1.75057539e-07  3.30000046e+00  1.75057539e-07  0.00000000e+00  1.75057539e-07  2.88207006e-06 
 1.75107539e-07  3.30000024e+00  1.75107539e-07  3.30000045e+00  1.75107539e-07  0.00000000e+00  1.75107539e-07 -3.19028809e-06 
 1.75157539e-07  3.30000024e+00  1.75157539e-07  3.30000044e+00  1.75157539e-07  0.00000000e+00  1.75157539e-07  2.88617276e-06 
 1.75207539e-07  3.30000023e+00  1.75207539e-07  3.30000043e+00  1.75207539e-07  0.00000000e+00  1.75207539e-07 -3.18628564e-06 
 1.75257539e-07  3.30000023e+00  1.75257539e-07  3.30000042e+00  1.75257539e-07  0.00000000e+00  1.75257539e-07  2.89007846e-06 
 1.75307539e-07  3.30000022e+00  1.75307539e-07  3.30000040e+00  1.75307539e-07  0.00000000e+00  1.75307539e-07 -3.18247334e-06 
 1.75357539e-07  3.30000021e+00  1.75357539e-07  3.30000039e+00  1.75357539e-07  0.00000000e+00  1.75357539e-07  2.89380055e-06 
 1.75407539e-07  3.30000021e+00  1.75407539e-07  3.30000039e+00  1.75407539e-07  0.00000000e+00  1.75407539e-07 -3.17883841e-06 
 1.75457539e-07  3.30000020e+00  1.75457539e-07  3.30000038e+00  1.75457539e-07  0.00000000e+00  1.75457539e-07  2.89735125e-06 
 1.75507539e-07  3.30000020e+00  1.75507539e-07  3.30000037e+00  1.75507539e-07  0.00000000e+00  1.75507539e-07 -3.17536914e-06 
 1.75557539e-07  3.30000019e+00  1.75557539e-07  3.30000036e+00  1.75557539e-07  0.00000000e+00  1.75557539e-07  2.90074177e-06 
 1.75607539e-07  3.30000019e+00  1.75607539e-07  3.30000035e+00  1.75607539e-07  0.00000000e+00  1.75607539e-07 -3.17205482e-06 
 1.75657539e-07  3.30000018e+00  1.75657539e-07  3.30000034e+00  1.75657539e-07  0.00000000e+00  1.75657539e-07  2.90398235e-06 
 1.75707539e-07  3.30000018e+00  1.75707539e-07  3.30000033e+00  1.75707539e-07  0.00000000e+00  1.75707539e-07 -3.16888562e-06 
 1.75757539e-07  3.30000017e+00  1.75757539e-07  3.30000033e+00  1.75757539e-07  0.00000000e+00  1.75757539e-07  2.90708242e-06 
 1.75807539e-07  3.30000017e+00  1.75807539e-07  3.30000032e+00  1.75807539e-07  0.00000000e+00  1.75807539e-07 -3.16585251e-06 
 1.75857539e-07  3.30000017e+00  1.75857539e-07  3.30000031e+00  1.75857539e-07  0.00000000e+00  1.75857539e-07  2.91005064e-06 
 1.75907539e-07  3.30000016e+00  1.75907539e-07  3.30000030e+00  1.75907539e-07  0.00000000e+00  1.75907539e-07 -3.16294719e-06 
 1.75957539e-07  3.30000016e+00  1.75957539e-07  3.30000030e+00  1.75957539e-07  0.00000000e+00  1.75957539e-07  2.91289497e-06 
 1.76007539e-07  3.30000015e+00  1.76007539e-07  3.30000029e+00  1.76007539e-07  0.00000000e+00  1.76007539e-07 -3.16016200e-06 
 1.76057539e-07  3.30000015e+00  1.76057539e-07  3.30000028e+00  1.76057539e-07  0.00000000e+00  1.76057539e-07  2.91562279e-06 
 1.76107539e-07  3.30000015e+00  1.76107539e-07  3.30000028e+00  1.76107539e-07  0.00000000e+00  1.76107539e-07 -3.15748986e-06 
 1.76157539e-07  3.30000014e+00  1.76157539e-07  3.30000027e+00  1.76157539e-07  0.00000000e+00  1.76157539e-07  2.91824088e-06 
 1.76207539e-07  3.30000014e+00  1.76207539e-07  3.30000027e+00  1.76207539e-07  0.00000000e+00  1.76207539e-07 -3.15492425e-06 
 1.76257539e-07  3.30000014e+00  1.76257539e-07  3.30000026e+00  1.76257539e-07  0.00000000e+00  1.76257539e-07  2.92075554e-06 
 1.76307539e-07  3.30000013e+00  1.76307539e-07  3.30000026e+00  1.76307539e-07  0.00000000e+00  1.76307539e-07 -3.15245910e-06 
 1.76357539e-07  3.30000013e+00  1.76357539e-07  3.30000025e+00  1.76357539e-07  0.00000000e+00  1.76357539e-07  2.92317258e-06 
 1.76407539e-07  3.30000013e+00  1.76407539e-07  3.30000025e+00  1.76407539e-07  0.00000000e+00  1.76407539e-07 -3.15008880e-06 
 1.76457539e-07  3.30000013e+00  1.76457539e-07  3.30000024e+00  1.76457539e-07  0.00000000e+00  1.76457539e-07  2.92549743e-06 
 1.76507539e-07  3.30000012e+00  1.76507539e-07  3.30000024e+00  1.76507539e-07  0.00000000e+00  1.76507539e-07 -3.14780816e-06 
 1.76557539e-07  3.30000012e+00  1.76557539e-07  3.30000023e+00  1.76557539e-07  0.00000000e+00  1.76557539e-07  2.92773508e-06 
 1.76607539e-07  3.30000012e+00  1.76607539e-07  3.30000023e+00  1.76607539e-07  0.00000000e+00  1.76607539e-07 -3.14561232e-06 
 1.76657539e-07  3.30000012e+00  1.76657539e-07  3.30000022e+00  1.76657539e-07  0.00000000e+00  1.76657539e-07  2.92989023e-06 
 1.76707539e-07  3.30000011e+00  1.76707539e-07  3.30000022e+00  1.76707539e-07  0.00000000e+00  1.76707539e-07 -3.14349678e-06 
 1.76757539e-07  3.30000011e+00  1.76757539e-07  3.30000021e+00  1.76757539e-07  0.00000000e+00  1.76757539e-07  2.93196720e-06 
 1.76807539e-07  3.30000011e+00  1.76807539e-07  3.30000021e+00  1.76807539e-07  0.00000000e+00  1.76807539e-07 -3.14145736e-06 
 1.76857539e-07  3.30000011e+00  1.76857539e-07  3.30000020e+00  1.76857539e-07  0.00000000e+00  1.76857539e-07  2.93397006e-06 
 1.76907539e-07  3.30000010e+00  1.76907539e-07  3.30000020e+00  1.76907539e-07  0.00000000e+00  1.76907539e-07 -3.13949012e-06 
 1.76957539e-07  3.30000010e+00  1.76957539e-07  3.30000020e+00  1.76957539e-07  0.00000000e+00  1.76957539e-07  2.93590259e-06 
 1.77007539e-07  3.30000010e+00  1.77007539e-07  3.30000019e+00  1.77007539e-07  0.00000000e+00  1.77007539e-07 -3.13759142e-06 
 1.77057539e-07  3.30000010e+00  1.77057539e-07  3.30000019e+00  1.77057539e-07  0.00000000e+00  1.77057539e-07  2.93776832e-06 
 1.77107539e-07  3.30000010e+00  1.77107539e-07  3.30000019e+00  1.77107539e-07  0.00000000e+00  1.77107539e-07 -3.13575784e-06 
 1.77157539e-07  3.30000009e+00  1.77157539e-07  3.30000018e+00  1.77157539e-07  0.00000000e+00  1.77157539e-07  2.93957055e-06 
 1.77207539e-07  3.30000009e+00  1.77207539e-07  3.30000018e+00  1.77207539e-07  0.00000000e+00  1.77207539e-07 -3.13398617e-06 
 1.77257539e-07  3.30000009e+00  1.77257539e-07  3.30000018e+00  1.77257539e-07  0.00000000e+00  1.77257539e-07  2.94131239e-06 
 1.77307539e-07  3.30000009e+00  1.77307539e-07  3.30000017e+00  1.77307539e-07  0.00000000e+00  1.77307539e-07 -3.13227344e-06 
 1.77357539e-07  3.30000009e+00  1.77357539e-07  3.30000017e+00  1.77357539e-07  0.00000000e+00  1.77357539e-07  2.94299673e-06 
 1.77407539e-07  3.30000009e+00  1.77407539e-07  3.30000017e+00  1.77407539e-07  0.00000000e+00  1.77407539e-07 -3.13061681e-06 
 1.77457539e-07  3.30000008e+00  1.77457539e-07  3.30000016e+00  1.77457539e-07  0.00000000e+00  1.77457539e-07  2.94462629e-06 
 1.77507539e-07  3.30000008e+00  1.77507539e-07  3.30000016e+00  1.77507539e-07  0.00000000e+00  1.77507539e-07 -3.12901367e-06 
 1.77557539e-07  3.30000008e+00  1.77557539e-07  3.30000016e+00  1.77557539e-07  0.00000000e+00  1.77557539e-07  2.94620363e-06 
 1.77607539e-07  3.30000008e+00  1.77607539e-07  3.30000016e+00  1.77607539e-07  0.00000000e+00  1.77607539e-07 -3.12746154e-06 
 1.77657539e-07  3.30000008e+00  1.77657539e-07  3.30000015e+00  1.77657539e-07  0.00000000e+00  1.77657539e-07  2.94773115e-06 
 1.77707539e-07  3.30000008e+00  1.77707539e-07  3.30000015e+00  1.77707539e-07  0.00000000e+00  1.77707539e-07 -3.12595808e-06 
 1.77757539e-07  3.30000007e+00  1.77757539e-07  3.30000015e+00  1.77757539e-07  0.00000000e+00  1.77757539e-07  2.94921110e-06 
 1.77807539e-07  3.30000007e+00  1.77807539e-07  3.30000015e+00  1.77807539e-07  0.00000000e+00  1.77807539e-07 -3.12450110e-06 
 1.77857539e-07  3.30000007e+00  1.77857539e-07  3.30000014e+00  1.77857539e-07  0.00000000e+00  1.77857539e-07  2.95064562e-06 
 1.77907539e-07  3.30000007e+00  1.77907539e-07  3.30000014e+00  1.77907539e-07  0.00000000e+00  1.77907539e-07 -3.12308854e-06 
 1.77957539e-07  3.30000007e+00  1.77957539e-07  3.30000014e+00  1.77957539e-07  0.00000000e+00  1.77957539e-07  2.95203670e-06 
 1.78007539e-07  3.30000007e+00  1.78007539e-07  3.30000014e+00  1.78007539e-07  0.00000000e+00  1.78007539e-07 -3.12171846e-06 
 1.78057539e-07  3.30000007e+00  1.78057539e-07  3.30000013e+00  1.78057539e-07  0.00000000e+00  1.78057539e-07  2.95338624e-06 
 1.78107539e-07  3.30000007e+00  1.78107539e-07  3.30000013e+00  1.78107539e-07  0.00000000e+00  1.78107539e-07 -3.12038901e-06 
 1.78157539e-07  3.30000006e+00  1.78157539e-07  3.30000013e+00  1.78157539e-07  0.00000000e+00  1.78157539e-07  2.95469602e-06 
 1.78207539e-07  3.30000006e+00  1.78207539e-07  3.30000013e+00  1.78207539e-07  0.00000000e+00  1.78207539e-07 -3.11909848e-06 
 1.78257539e-07  3.30000006e+00  1.78257539e-07  3.30000012e+00  1.78257539e-07  0.00000000e+00  1.78257539e-07  2.95596773e-06 
 1.78307539e-07  3.30000006e+00  1.78307539e-07  3.30000012e+00  1.78307539e-07  0.00000000e+00  1.78307539e-07 -3.11784521e-06 
 1.78357539e-07  3.30000006e+00  1.78357539e-07  3.30000012e+00  1.78357539e-07  0.00000000e+00  1.78357539e-07  2.95720295e-06 
 1.78407539e-07  3.30000006e+00  1.78407539e-07  3.30000012e+00  1.78407539e-07  0.00000000e+00  1.78407539e-07 -3.11662766e-06 
 1.78457539e-07  3.30000006e+00  1.78457539e-07  3.30000012e+00  1.78457539e-07  0.00000000e+00  1.78457539e-07  2.95840319e-06 
 1.78507539e-07  3.30000006e+00  1.78507539e-07  3.30000012e+00  1.78507539e-07  0.00000000e+00  1.78507539e-07 -3.11544437e-06 
 1.78557539e-07  3.30000006e+00  1.78557539e-07  3.30000011e+00  1.78557539e-07  0.00000000e+00  1.78557539e-07  2.95956988e-06 
 1.78607539e-07  3.30000005e+00  1.78607539e-07  3.30000011e+00  1.78607539e-07  0.00000000e+00  1.78607539e-07 -3.11429394e-06 
 1.78657539e-07  3.30000005e+00  1.78657539e-07  3.30000011e+00  1.78657539e-07  0.00000000e+00  1.78657539e-07  2.96070437e-06 
 1.78707539e-07  3.30000005e+00  1.78707539e-07  3.30000011e+00  1.78707539e-07  0.00000000e+00  1.78707539e-07 -3.11317507e-06 
 1.78757539e-07  3.30000005e+00  1.78757539e-07  3.30000011e+00  1.78757539e-07  0.00000000e+00  1.78757539e-07  2.96180794e-06 
 1.78807539e-07  3.30000005e+00  1.78807539e-07  3.30000010e+00  1.78807539e-07  0.00000000e+00  1.78807539e-07 -3.11208650e-06 
 1.78857539e-07  3.30000005e+00  1.78857539e-07  3.30000010e+00  1.78857539e-07  0.00000000e+00  1.78857539e-07  2.96288180e-06 
 1.78907539e-07  3.30000005e+00  1.78907539e-07  3.30000010e+00  1.78907539e-07  0.00000000e+00  1.78907539e-07 -3.11102706e-06 
 1.78957539e-07  3.30000005e+00  1.78957539e-07  3.30000010e+00  1.78957539e-07  0.00000000e+00  1.78957539e-07  2.96392711e-06 
 1.79007539e-07  3.30000005e+00  1.79007539e-07  3.30000010e+00  1.79007539e-07  0.00000000e+00  1.79007539e-07 -3.10999561e-06 
 1.79057539e-07  3.30000005e+00  1.79057539e-07  3.30000010e+00  1.79057539e-07  0.00000000e+00  1.79057539e-07  2.96494495e-06 
 1.79107539e-07  3.30000005e+00  1.79107539e-07  3.30000010e+00  1.79107539e-07  0.00000000e+00  1.79107539e-07 -3.10899110e-06 
 1.79157539e-07  3.30000005e+00  1.79157539e-07  3.30000009e+00  1.79157539e-07  0.00000000e+00  1.79157539e-07  2.96593638e-06 
 1.79207539e-07  3.30000004e+00  1.79207539e-07  3.30000009e+00  1.79207539e-07  0.00000000e+00  1.79207539e-07 -3.10801251e-06 
 1.79257539e-07  3.30000004e+00  1.79257539e-07  3.30000009e+00  1.79257539e-07  0.00000000e+00  1.79257539e-07  2.96690238e-06 
 1.79307539e-07  3.30000004e+00  1.79307539e-07  3.30000009e+00  1.79307539e-07  0.00000000e+00  1.79307539e-07 -3.10705888e-06 
 1.79357539e-07  3.30000004e+00  1.79357539e-07  3.30000009e+00  1.79357539e-07  0.00000000e+00  1.79357539e-07  2.96784388e-06 
 1.79407539e-07  3.30000004e+00  1.79407539e-07  3.30000009e+00  1.79407539e-07  0.00000000e+00  1.79407539e-07 -3.10612927e-06 
 1.79457539e-07  3.30000004e+00  1.79457539e-07  3.30000009e+00  1.79457539e-07  0.00000000e+00  1.79457539e-07  2.96876180e-06 
 1.79507539e-07  3.30000004e+00  1.79507539e-07  3.30000009e+00  1.79507539e-07  0.00000000e+00  1.79507539e-07 -3.10522283e-06 
 1.79557539e-07  3.30000004e+00  1.79557539e-07  3.30000008e+00  1.79557539e-07  0.00000000e+00  1.79557539e-07  2.96965697e-06 
 1.79607539e-07  3.30000004e+00  1.79607539e-07  3.30000008e+00  1.79607539e-07  0.00000000e+00  1.79607539e-07 -3.10433872e-06 
 1.79657539e-07  3.30000004e+00  1.79657539e-07  3.30000008e+00  1.79657539e-07  0.00000000e+00  1.79657539e-07  2.97053022e-06 
 1.79707539e-07  3.30000004e+00  1.79707539e-07  3.30000008e+00  1.79707539e-07  0.00000000e+00  1.79707539e-07 -3.10347614e-06 
 1.79757539e-07  3.30000004e+00  1.79757539e-07  3.30000008e+00  1.79757539e-07  0.00000000e+00  1.79757539e-07  2.97138232e-06 
 1.79807539e-07  3.30000004e+00  1.79807539e-07  3.30000008e+00  1.79807539e-07  0.00000000e+00  1.79807539e-07 -3.10263434e-06 
 1.79857539e-07  3.30000004e+00  1.79857539e-07  3.30000008e+00  1.79857539e-07  0.00000000e+00  1.79857539e-07  2.97221401e-06 
 1.79907539e-07  3.30000004e+00  1.79907539e-07  3.30000008e+00  1.79907539e-07  0.00000000e+00  1.79907539e-07 -3.10181259e-06 
 1.79957539e-07  3.30000003e+00  1.79957539e-07  3.30000007e+00  1.79957539e-07  0.00000000e+00  1.79957539e-07  2.97302599e-06 
 1.80007539e-07  3.30000003e+00  1.80007539e-07  3.30000007e+00  1.80007539e-07  0.00000000e+00  1.80007539e-07 -3.10101020e-06 
 1.80057539e-07  3.30000003e+00  1.80057539e-07  3.30000007e+00  1.80057539e-07  0.00000000e+00  1.80057539e-07  2.97381895e-06 
 1.80107539e-07  3.30000003e+00  1.80107539e-07  3.30000007e+00  1.80107539e-07  0.00000000e+00  1.80107539e-07 -3.10022652e-06 
 1.80157539e-07  3.30000003e+00  1.80157539e-07  3.30000007e+00  1.80157539e-07  0.00000000e+00  1.80157539e-07  2.97459352e-06 
 1.80207539e-07  3.30000003e+00  1.80207539e-07  3.30000007e+00  1.80207539e-07  0.00000000e+00  1.80207539e-07 -3.09946091e-06 
 1.80257539e-07  3.30000003e+00  1.80257539e-07  3.30000007e+00  1.80257539e-07  0.00000000e+00  1.80257539e-07  2.97535032e-06 
 1.80307539e-07  3.30000003e+00  1.80307539e-07  3.30000007e+00  1.80307539e-07  0.00000000e+00  1.80307539e-07 -3.09871276e-06 
 1.80357539e-07  3.30000003e+00  1.80357539e-07  3.30000007e+00  1.80357539e-07  0.00000000e+00  1.80357539e-07  2.97608995e-06 
 1.80407539e-07  3.30000003e+00  1.80407539e-07  3.30000007e+00  1.80407539e-07  0.00000000e+00  1.80407539e-07 -3.09798151e-06 
 1.80457539e-07  3.30000003e+00  1.80457539e-07  3.30000007e+00  1.80457539e-07  0.00000000e+00  1.80457539e-07  2.97681296e-06 
 1.80507539e-07  3.30000003e+00  1.80507539e-07  3.30000006e+00  1.80507539e-07  0.00000000e+00  1.80507539e-07 -3.09726660e-06 
 1.80557539e-07  3.30000003e+00  1.80557539e-07  3.30000006e+00  1.80557539e-07  0.00000000e+00  1.80557539e-07  2.97751990e-06 
 1.80607539e-07  3.30000003e+00  1.80607539e-07  3.30000006e+00  1.80607539e-07  0.00000000e+00  1.80607539e-07 -3.09656751e-06 
 1.80657539e-07  3.30000003e+00  1.80657539e-07  3.30000006e+00  1.80657539e-07  0.00000000e+00  1.80657539e-07  2.97821128e-06 
 1.80707539e-07  3.30000003e+00  1.80707539e-07  3.30000006e+00  1.80707539e-07  0.00000000e+00  1.80707539e-07 -3.09588371e-06 
 1.80757539e-07  3.30000003e+00  1.80757539e-07  3.30000006e+00  1.80757539e-07  0.00000000e+00  1.80757539e-07  2.97888760e-06 
 1.80807539e-07  3.30000003e+00  1.80807539e-07  3.30000006e+00  1.80807539e-07  0.00000000e+00  1.80807539e-07 -3.09521474e-06 
 1.80857539e-07  3.30000003e+00  1.80857539e-07  3.30000006e+00  1.80857539e-07  0.00000000e+00  1.80857539e-07  2.97954934e-06 
 1.80907539e-07  3.30000003e+00  1.80907539e-07  3.30000006e+00  1.80907539e-07  0.00000000e+00  1.80907539e-07 -3.09456013e-06 
 1.80957539e-07  3.30000002e+00  1.80957539e-07  3.30000006e+00  1.80957539e-07  0.00000000e+00  1.80957539e-07  2.98019695e-06 
 1.81007539e-07  3.30000002e+00  1.81007539e-07  3.30000006e+00  1.81007539e-07  0.00000000e+00  1.81007539e-07 -3.09391942e-06 
 1.81057539e-07  3.30000002e+00  1.81057539e-07  3.30000006e+00  1.81057539e-07  0.00000000e+00  1.81057539e-07  2.98083086e-06 
 1.81107539e-07  3.30000002e+00  1.81107539e-07  3.30000005e+00  1.81107539e-07  0.00000000e+00  1.81107539e-07 -3.09329220e-06 
 1.81157539e-07  3.30000002e+00  1.81157539e-07  3.30000005e+00  1.81157539e-07  0.00000000e+00  1.81157539e-07  2.98145150e-06 
 1.81207539e-07  3.30000002e+00  1.81207539e-07  3.30000005e+00  1.81207539e-07  0.00000000e+00  1.81207539e-07 -3.09267804e-06 
 1.81257539e-07  3.30000002e+00  1.81257539e-07  3.30000005e+00  1.81257539e-07  0.00000000e+00  1.81257539e-07  2.98205927e-06 
 1.81307539e-07  3.30000002e+00  1.81307539e-07  3.30000005e+00  1.81307539e-07  0.00000000e+00  1.81307539e-07 -3.09207656e-06 
 1.81357539e-07  3.30000002e+00  1.81357539e-07  3.30000005e+00  1.81357539e-07  0.00000000e+00  1.81357539e-07  2.98265456e-06 
 1.81407539e-07  3.30000002e+00  1.81407539e-07  3.30000005e+00  1.81407539e-07  0.00000000e+00  1.81407539e-07 -3.09148738e-06 
 1.81457539e-07  3.30000002e+00  1.81457539e-07  3.30000005e+00  1.81457539e-07  0.00000000e+00  1.81457539e-07  2.98323773e-06 
 1.81507539e-07  3.30000002e+00  1.81507539e-07  3.30000005e+00  1.81507539e-07  0.00000000e+00  1.81507539e-07 -3.09091012e-06 
 1.81557539e-07  3.30000002e+00  1.81557539e-07  3.30000005e+00  1.81557539e-07  0.00000000e+00  1.81557539e-07  2.98380915e-06 
 1.81607539e-07  3.30000002e+00  1.81607539e-07  3.30000005e+00  1.81607539e-07  0.00000000e+00  1.81607539e-07 -3.09034445e-06 
 1.81657539e-07  3.30000002e+00  1.81657539e-07  3.30000005e+00  1.81657539e-07  0.00000000e+00  1.81657539e-07  2.98436916e-06 
 1.81707539e-07  3.30000002e+00  1.81707539e-07  3.30000005e+00  1.81707539e-07  0.00000000e+00  1.81707539e-07 -3.08979002e-06 
 1.81757539e-07  3.30000002e+00  1.81757539e-07  3.30000005e+00  1.81757539e-07  0.00000000e+00  1.81757539e-07  2.98491809e-06 
 1.81807539e-07  3.30000002e+00  1.81807539e-07  3.30000005e+00  1.81807539e-07  0.00000000e+00  1.81807539e-07 -3.08924651e-06 
 1.81857539e-07  3.30000002e+00  1.81857539e-07  3.30000005e+00  1.81857539e-07  0.00000000e+00  1.81857539e-07  2.98545626e-06 
 1.81907539e-07  3.30000002e+00  1.81907539e-07  3.30000004e+00  1.81907539e-07  0.00000000e+00  1.81907539e-07 -3.08871361e-06 
 1.81957539e-07  3.30000002e+00  1.81957539e-07  3.30000004e+00  1.81957539e-07  0.00000000e+00  1.81957539e-07  2.98598397e-06 
 1.82007539e-07  3.30000002e+00  1.82007539e-07  3.30000004e+00  1.82007539e-07  0.00000000e+00  1.82007539e-07 -3.08819101e-06 
 1.82057539e-07  3.30000002e+00  1.82057539e-07  3.30000004e+00  1.82057539e-07  0.00000000e+00  1.82057539e-07  2.98650152e-06 
 1.82107539e-07  3.30000002e+00  1.82107539e-07  3.30000004e+00  1.82107539e-07  0.00000000e+00  1.82107539e-07 -3.08767843e-06 
 1.82157539e-07  3.30000002e+00  1.82157539e-07  3.30000004e+00  1.82157539e-07  0.00000000e+00  1.82157539e-07  2.98700920e-06 
 1.82207539e-07  3.30000002e+00  1.82207539e-07  3.30000004e+00  1.82207539e-07  0.00000000e+00  1.82207539e-07 -3.08717559e-06 
 1.82257539e-07  3.30000002e+00  1.82257539e-07  3.30000004e+00  1.82257539e-07  0.00000000e+00  1.82257539e-07  2.98750727e-06 
 1.82307539e-07  3.30000002e+00  1.82307539e-07  3.30000004e+00  1.82307539e-07  0.00000000e+00  1.82307539e-07 -3.08668222e-06 
 1.82357539e-07  3.30000002e+00  1.82357539e-07  3.30000004e+00  1.82357539e-07  0.00000000e+00  1.82357539e-07  2.98799600e-06 
 1.82407539e-07  3.30000002e+00  1.82407539e-07  3.30000004e+00  1.82407539e-07  0.00000000e+00  1.82407539e-07 -3.08619806e-06 
 1.82457539e-07  3.30000001e+00  1.82457539e-07  3.30000004e+00  1.82457539e-07  0.00000000e+00  1.82457539e-07  2.98847565e-06 
 1.82507539e-07  3.30000001e+00  1.82507539e-07  3.30000004e+00  1.82507539e-07  0.00000000e+00  1.82507539e-07 -3.08572287e-06 
 1.82557539e-07  3.30000001e+00  1.82557539e-07  3.30000004e+00  1.82557539e-07  0.00000000e+00  1.82557539e-07  2.98894646e-06 
 1.82607539e-07  3.30000001e+00  1.82607539e-07  3.30000004e+00  1.82607539e-07  0.00000000e+00  1.82607539e-07 -3.08525639e-06 
 1.82657539e-07  3.30000001e+00  1.82657539e-07  3.30000004e+00  1.82657539e-07  0.00000000e+00  1.82657539e-07  2.98940866e-06 
 1.82707539e-07  3.30000001e+00  1.82707539e-07  3.30000004e+00  1.82707539e-07  0.00000000e+00  1.82707539e-07 -3.08479840e-06 
 1.82757539e-07  3.30000001e+00  1.82757539e-07  3.30000004e+00  1.82757539e-07  0.00000000e+00  1.82757539e-07  2.98986250e-06 
 1.82807539e-07  3.30000001e+00  1.82807539e-07  3.30000004e+00  1.82807539e-07  0.00000000e+00  1.82807539e-07 -3.08434867e-06 
 1.82857539e-07  3.30000001e+00  1.82857539e-07  3.30000004e+00  1.82857539e-07  0.00000000e+00  1.82857539e-07  2.99030817e-06 
 1.82907539e-07  3.30000001e+00  1.82907539e-07  3.30000003e+00  1.82907539e-07  0.00000000e+00  1.82907539e-07 -3.08390699e-06 
 1.82957539e-07  3.30000001e+00  1.82957539e-07  3.30000003e+00  1.82957539e-07  0.00000000e+00  1.82957539e-07  2.99074591e-06 
 1.83007539e-07  3.30000001e+00  1.83007539e-07  3.30000003e+00  1.83007539e-07  0.00000000e+00  1.83007539e-07 -3.08347314e-06 
 1.83057539e-07  3.30000001e+00  1.83057539e-07  3.30000003e+00  1.83057539e-07  0.00000000e+00  1.83057539e-07  2.99117591e-06 
 1.83107539e-07  3.30000001e+00  1.83107539e-07  3.30000003e+00  1.83107539e-07  0.00000000e+00  1.83107539e-07 -3.08304693e-06 
 1.83157539e-07  3.30000001e+00  1.83157539e-07  3.30000003e+00  1.83157539e-07  0.00000000e+00  1.83157539e-07  2.99159838e-06 
 1.83207539e-07  3.30000001e+00  1.83207539e-07  3.30000003e+00  1.83207539e-07  0.00000000e+00  1.83207539e-07 -3.08262816e-06 
 1.83257539e-07  3.30000001e+00  1.83257539e-07  3.30000003e+00  1.83257539e-07  0.00000000e+00  1.83257539e-07  2.99201350e-06 
 1.83307539e-07  3.30000001e+00  1.83307539e-07  3.30000003e+00  1.83307539e-07  0.00000000e+00  1.83307539e-07 -3.08221664e-06 
 1.83357539e-07  3.30000001e+00  1.83357539e-07  3.30000003e+00  1.83357539e-07  0.00000000e+00  1.83357539e-07  2.99242147e-06 
 1.83407539e-07  3.30000001e+00  1.83407539e-07  3.30000003e+00  1.83407539e-07  0.00000000e+00  1.83407539e-07 -3.08181219e-06 
 1.83457539e-07  3.30000001e+00  1.83457539e-07  3.30000003e+00  1.83457539e-07  0.00000000e+00  1.83457539e-07  2.99282245e-06 
 1.83507539e-07  3.30000001e+00  1.83507539e-07  3.30000003e+00  1.83507539e-07  0.00000000e+00  1.83507539e-07 -3.08141463e-06 
 1.83557539e-07  3.30000001e+00  1.83557539e-07  3.30000003e+00  1.83557539e-07  0.00000000e+00  1.83557539e-07  2.99321663e-06 
 1.83607539e-07  3.30000001e+00  1.83607539e-07  3.30000003e+00  1.83607539e-07  0.00000000e+00  1.83607539e-07 -3.08102379e-06 
 1.83657539e-07  3.30000001e+00  1.83657539e-07  3.30000003e+00  1.83657539e-07  0.00000000e+00  1.83657539e-07  2.99360417e-06 
 1.83707539e-07  3.30000001e+00  1.83707539e-07  3.30000003e+00  1.83707539e-07  0.00000000e+00  1.83707539e-07 -3.08063950e-06 
 1.83757539e-07  3.30000001e+00  1.83757539e-07  3.30000003e+00  1.83757539e-07  0.00000000e+00  1.83757539e-07  2.99398524e-06 
 1.83807539e-07  3.30000001e+00  1.83807539e-07  3.30000003e+00  1.83807539e-07  0.00000000e+00  1.83807539e-07 -3.08026161e-06 
 1.83857539e-07  3.30000001e+00  1.83857539e-07  3.30000003e+00  1.83857539e-07  0.00000000e+00  1.83857539e-07  2.99436000e-06 
 1.83907539e-07  3.30000001e+00  1.83907539e-07  3.30000003e+00  1.83907539e-07  0.00000000e+00  1.83907539e-07 -3.07988996e-06 
 1.83957539e-07  3.30000001e+00  1.83957539e-07  3.30000003e+00  1.83957539e-07  0.00000000e+00  1.83957539e-07  2.99472858e-06 
 1.84007539e-07  3.30000001e+00  1.84007539e-07  3.30000003e+00  1.84007539e-07  0.00000000e+00  1.84007539e-07 -3.07952440e-06 
 1.84057539e-07  3.30000001e+00  1.84057539e-07  3.30000003e+00  1.84057539e-07  0.00000000e+00  1.84057539e-07  2.99509115e-06 
 1.84107539e-07  3.30000001e+00  1.84107539e-07  3.30000003e+00  1.84107539e-07  0.00000000e+00  1.84107539e-07 -3.07916478e-06 
 1.84157539e-07  3.30000001e+00  1.84157539e-07  3.30000003e+00  1.84157539e-07  0.00000000e+00  1.84157539e-07  2.99544785e-06 
 1.84207539e-07  3.30000001e+00  1.84207539e-07  3.30000003e+00  1.84207539e-07  0.00000000e+00  1.84207539e-07 -3.07881097e-06 
 1.84257539e-07  3.30000001e+00  1.84257539e-07  3.30000003e+00  1.84257539e-07  0.00000000e+00  1.84257539e-07  2.99579881e-06 
 1.84307539e-07  3.30000001e+00  1.84307539e-07  3.30000002e+00  1.84307539e-07  0.00000000e+00  1.84307539e-07 -3.07846282e-06 
 1.84357539e-07  3.30000001e+00  1.84357539e-07  3.30000002e+00  1.84357539e-07  0.00000000e+00  1.84357539e-07  2.99614418e-06 
 1.84407539e-07  3.30000001e+00  1.84407539e-07  3.30000002e+00  1.84407539e-07  0.00000000e+00  1.84407539e-07 -3.07812021e-06 
 1.84457539e-07  3.30000001e+00  1.84457539e-07  3.30000002e+00  1.84457539e-07  0.00000000e+00  1.84457539e-07  2.99648407e-06 
 1.84507539e-07  3.30000001e+00  1.84507539e-07  3.30000002e+00  1.84507539e-07  0.00000000e+00  1.84507539e-07 -3.07778301e-06 
 1.84557539e-07  3.30000001e+00  1.84557539e-07  3.30000002e+00  1.84557539e-07  0.00000000e+00  1.84557539e-07  2.99681861e-06 
 1.84607539e-07  3.30000001e+00  1.84607539e-07  3.30000002e+00  1.84607539e-07  0.00000000e+00  1.84607539e-07 -3.07745109e-06 
 1.84657539e-07  3.30000001e+00  1.84657539e-07  3.30000002e+00  1.84657539e-07  0.00000000e+00  1.84657539e-07  2.99714794e-06 
 1.84707539e-07  3.30000001e+00  1.84707539e-07  3.30000002e+00  1.84707539e-07  0.00000000e+00  1.84707539e-07 -3.07712433e-06 
 1.84757539e-07  3.30000001e+00  1.84757539e-07  3.30000002e+00  1.84757539e-07  0.00000000e+00  1.84757539e-07  2.99747216e-06 
 1.84807539e-07  3.30000001e+00  1.84807539e-07  3.30000002e+00  1.84807539e-07  0.00000000e+00  1.84807539e-07 -3.07680262e-06 
 1.84857539e-07  3.30000001e+00  1.84857539e-07  3.30000002e+00  1.84857539e-07  0.00000000e+00  1.84857539e-07  2.99779139e-06 
 1.84907539e-07  3.30000001e+00  1.84907539e-07  3.30000002e+00  1.84907539e-07  0.00000000e+00  1.84907539e-07 -3.07648583e-06 
 1.84957539e-07  3.30000001e+00  1.84957539e-07  3.30000002e+00  1.84957539e-07  0.00000000e+00  1.84957539e-07  2.99810575e-06 
 1.85007539e-07  3.30000001e+00  1.85007539e-07  3.30000002e+00  1.85007539e-07  0.00000000e+00  1.85007539e-07 -3.07617387e-06 
 1.85057539e-07  3.30000000e+00  1.85057539e-07  3.30000002e+00  1.85057539e-07  0.00000000e+00  1.85057539e-07  2.99841534e-06 
 1.85107539e-07  3.30000000e+00  1.85107539e-07  3.30000002e+00  1.85107539e-07  0.00000000e+00  1.85107539e-07 -3.07586663e-06 
 1.85157539e-07  3.30000000e+00  1.85157539e-07  3.30000002e+00  1.85157539e-07  0.00000000e+00  1.85157539e-07  2.99872027e-06 
 1.85207539e-07  3.30000000e+00  1.85207539e-07  3.30000002e+00  1.85207539e-07  0.00000000e+00  1.85207539e-07 -3.07556399e-06 
 1.85257539e-07  3.30000000e+00  1.85257539e-07  3.30000002e+00  1.85257539e-07  0.00000000e+00  1.85257539e-07  2.99902064e-06 
 1.85307539e-07  3.30000000e+00  1.85307539e-07  3.30000002e+00  1.85307539e-07  0.00000000e+00  1.85307539e-07 -3.07526586e-06 
 1.85357539e-07  3.30000000e+00  1.85357539e-07  3.30000002e+00  1.85357539e-07  0.00000000e+00  1.85357539e-07  2.99931655e-06 
 1.85407539e-07  3.30000000e+00  1.85407539e-07  3.30000002e+00  1.85407539e-07  0.00000000e+00  1.85407539e-07 -3.07497215e-06 
 1.85457539e-07  3.30000000e+00  1.85457539e-07  3.30000002e+00  1.85457539e-07  0.00000000e+00  1.85457539e-07  2.99960810e-06 
 1.85507539e-07  3.30000000e+00  1.85507539e-07  3.30000002e+00  1.85507539e-07  0.00000000e+00  1.85507539e-07 -3.07468275e-06 
 1.85557539e-07  3.30000000e+00  1.85557539e-07  3.30000002e+00  1.85557539e-07  0.00000000e+00  1.85557539e-07  2.99989537e-06 
 1.85607539e-07  3.30000000e+00  1.85607539e-07  3.30000002e+00  1.85607539e-07  0.00000000e+00  1.85607539e-07 -3.07439757e-06 
 1.85657539e-07  3.30000000e+00  1.85657539e-07  3.30000002e+00  1.85657539e-07  0.00000000e+00  1.85657539e-07  3.00017847e-06 
 1.85707539e-07  3.30000000e+00  1.85707539e-07  3.30000002e+00  1.85707539e-07  0.00000000e+00  1.85707539e-07 -3.07411653e-06 
 1.85757539e-07  3.30000000e+00  1.85757539e-07  3.30000002e+00  1.85757539e-07  0.00000000e+00  1.85757539e-07  3.00045748e-06 
 1.85807539e-07  3.30000000e+00  1.85807539e-07  3.30000002e+00  1.85807539e-07  0.00000000e+00  1.85807539e-07 -3.07383953e-06 
 1.85857539e-07  3.30000000e+00  1.85857539e-07  3.30000002e+00  1.85857539e-07  0.00000000e+00  1.85857539e-07  3.00073249e-06 
 1.85907539e-07  3.30000000e+00  1.85907539e-07  3.30000002e+00  1.85907539e-07  0.00000000e+00  1.85907539e-07 -3.07356650e-06 
 1.85957539e-07  3.30000000e+00  1.85957539e-07  3.30000002e+00  1.85957539e-07  0.00000000e+00  1.85957539e-07  3.00100357e-06 
 1.86007539e-07  3.30000000e+00  1.86007539e-07  3.30000002e+00  1.86007539e-07  0.00000000e+00  1.86007539e-07 -3.07329734e-06 
 1.86057539e-07  3.30000000e+00  1.86057539e-07  3.30000002e+00  1.86057539e-07  0.00000000e+00  1.86057539e-07  3.00127082e-06 
 1.86107539e-07  3.30000000e+00  1.86107539e-07  3.30000002e+00  1.86107539e-07  0.00000000e+00  1.86107539e-07 -3.07303198e-06 
 1.86157539e-07  3.30000000e+00  1.86157539e-07  3.30000002e+00  1.86157539e-07  0.00000000e+00  1.86157539e-07  3.00153431e-06 
 1.86207539e-07  3.30000000e+00  1.86207539e-07  3.30000002e+00  1.86207539e-07  0.00000000e+00  1.86207539e-07 -3.07277034e-06 
 1.86257539e-07  3.30000000e+00  1.86257539e-07  3.30000002e+00  1.86257539e-07  0.00000000e+00  1.86257539e-07  3.00179412e-06 
 1.86307539e-07  3.30000000e+00  1.86307539e-07  3.30000002e+00  1.86307539e-07  0.00000000e+00  1.86307539e-07 -3.07251235e-06 
 1.86357539e-07  3.30000000e+00  1.86357539e-07  3.30000001e+00  1.86357539e-07  0.00000000e+00  1.86357539e-07  3.00205032e-06 
 1.86407539e-07  3.30000000e+00  1.86407539e-07  3.30000001e+00  1.86407539e-07  0.00000000e+00  1.86407539e-07 -3.07225792e-06 
 1.86457539e-07  3.30000000e+00  1.86457539e-07  3.30000001e+00  1.86457539e-07  0.00000000e+00  1.86457539e-07  3.00230298e-06 
 1.86507539e-07  3.30000000e+00  1.86507539e-07  3.30000001e+00  1.86507539e-07  0.00000000e+00  1.86507539e-07 -3.07200699e-06 
 1.86557539e-07  3.30000000e+00  1.86557539e-07  3.30000001e+00  1.86557539e-07  0.00000000e+00  1.86557539e-07  3.00255219e-06 
 1.86607539e-07  3.30000000e+00  1.86607539e-07  3.30000001e+00  1.86607539e-07  0.00000000e+00  1.86607539e-07 -3.07175949e-06 
 1.86657539e-07  3.30000000e+00  1.86657539e-07  3.30000001e+00  1.86657539e-07  0.00000000e+00  1.86657539e-07  3.00279800e-06 
 1.86707539e-07  3.30000000e+00  1.86707539e-07  3.30000001e+00  1.86707539e-07  0.00000000e+00  1.86707539e-07 -3.07151535e-06 
 1.86757539e-07  3.30000000e+00  1.86757539e-07  3.30000001e+00  1.86757539e-07  0.00000000e+00  1.86757539e-07  3.00304049e-06 
 1.86807539e-07  3.30000000e+00  1.86807539e-07  3.30000001e+00  1.86807539e-07  0.00000000e+00  1.86807539e-07 -3.07127450e-06 
 1.86857539e-07  3.30000000e+00  1.86857539e-07  3.30000001e+00  1.86857539e-07  0.00000000e+00  1.86857539e-07  3.00327972e-06 
 1.86907539e-07  3.30000000e+00  1.86907539e-07  3.30000001e+00  1.86907539e-07  0.00000000e+00  1.86907539e-07 -3.07103688e-06 
 1.86957539e-07  3.30000000e+00  1.86957539e-07  3.30000001e+00  1.86957539e-07  0.00000000e+00  1.86957539e-07  3.00351575e-06 
 1.87007539e-07  3.30000000e+00  1.87007539e-07  3.30000001e+00  1.87007539e-07  0.00000000e+00  1.87007539e-07 -3.07080242e-06 
 1.87057539e-07  3.30000000e+00  1.87057539e-07  3.30000001e+00  1.87057539e-07  0.00000000e+00  1.87057539e-07  3.00374865e-06 
 1.87107539e-07  3.30000000e+00  1.87107539e-07  3.30000001e+00  1.87107539e-07  0.00000000e+00  1.87107539e-07 -3.07057107e-06 
 1.87157539e-07  3.30000000e+00  1.87157539e-07  3.30000001e+00  1.87157539e-07  0.00000000e+00  1.87157539e-07  3.00397848e-06 
 1.87207539e-07  3.30000000e+00  1.87207539e-07  3.30000001e+00  1.87207539e-07  0.00000000e+00  1.87207539e-07 -3.07034276e-06 
 1.87257539e-07  3.30000000e+00  1.87257539e-07  3.30000001e+00  1.87257539e-07  0.00000000e+00  1.87257539e-07  3.00420529e-06 
 1.87307539e-07  3.30000000e+00  1.87307539e-07  3.30000001e+00  1.87307539e-07  0.00000000e+00  1.87307539e-07 -3.07011743e-06 
 1.87357539e-07  3.30000000e+00  1.87357539e-07  3.30000001e+00  1.87357539e-07  0.00000000e+00  1.87357539e-07  3.00442915e-06 
 1.87407539e-07  3.30000000e+00  1.87407539e-07  3.30000001e+00  1.87407539e-07  0.00000000e+00  1.87407539e-07 -3.06989503e-06 
 1.87457539e-07  3.30000000e+00  1.87457539e-07  3.30000001e+00  1.87457539e-07  0.00000000e+00  1.87457539e-07  3.00465010e-06 
 1.87507539e-07  3.30000000e+00  1.87507539e-07  3.30000001e+00  1.87507539e-07  0.00000000e+00  1.87507539e-07 -3.06967550e-06 
 1.87557539e-07  3.30000000e+00  1.87557539e-07  3.30000001e+00  1.87557539e-07  0.00000000e+00  1.87557539e-07  3.00486822e-06 
 1.87607539e-07  3.30000000e+00  1.87607539e-07  3.30000001e+00  1.87607539e-07  0.00000000e+00  1.87607539e-07 -3.06945878e-06 
 1.87657539e-07  3.30000000e+00  1.87657539e-07  3.30000001e+00  1.87657539e-07  0.00000000e+00  1.87657539e-07  3.00508354e-06 
 1.87707539e-07  3.30000000e+00  1.87707539e-07  3.30000001e+00  1.87707539e-07  0.00000000e+00  1.87707539e-07 -3.06924484e-06 
 1.87757539e-07  3.30000000e+00  1.87757539e-07  3.30000001e+00  1.87757539e-07  0.00000000e+00  1.87757539e-07  3.00529613e-06 
 1.87807539e-07  3.30000000e+00  1.87807539e-07  3.30000001e+00  1.87807539e-07  0.00000000e+00  1.87807539e-07 -3.06903360e-06 
 1.87857539e-07  3.30000000e+00  1.87857539e-07  3.30000001e+00  1.87857539e-07  0.00000000e+00  1.87857539e-07  3.00550602e-06 
 1.87907539e-07  3.30000000e+00  1.87907539e-07  3.30000001e+00  1.87907539e-07  0.00000000e+00  1.87907539e-07 -3.06882503e-06 
 1.87957539e-07  3.30000000e+00  1.87957539e-07  3.30000001e+00  1.87957539e-07  0.00000000e+00  1.87957539e-07  3.00571328e-06 
 1.88007539e-07  3.30000000e+00  1.88007539e-07  3.30000001e+00  1.88007539e-07  0.00000000e+00  1.88007539e-07 -3.06861907e-06 
 1.88057539e-07  3.30000000e+00  1.88057539e-07  3.30000001e+00  1.88057539e-07  0.00000000e+00  1.88057539e-07  3.00591795e-06 
 1.88107539e-07  3.30000000e+00  1.88107539e-07  3.30000001e+00  1.88107539e-07  0.00000000e+00  1.88107539e-07 -3.06841568e-06 
 1.88157539e-07  3.30000000e+00  1.88157539e-07  3.30000001e+00  1.88157539e-07  0.00000000e+00  1.88157539e-07  3.00612008e-06 
 1.88207539e-07  3.30000000e+00  1.88207539e-07  3.30000001e+00  1.88207539e-07  0.00000000e+00  1.88207539e-07 -3.06821480e-06 
 1.88257539e-07  3.30000000e+00  1.88257539e-07  3.30000001e+00  1.88257539e-07  0.00000000e+00  1.88257539e-07  3.00631971e-06 
 1.88307539e-07  3.30000000e+00  1.88307539e-07  3.30000001e+00  1.88307539e-07  0.00000000e+00  1.88307539e-07 -3.06801640e-06 
 1.88357539e-07  3.30000000e+00  1.88357539e-07  3.30000001e+00  1.88357539e-07  0.00000000e+00  1.88357539e-07  3.00651689e-06 
 1.88407539e-07  3.30000000e+00  1.88407539e-07  3.30000001e+00  1.88407539e-07  0.00000000e+00  1.88407539e-07 -3.06782043e-06 
 1.88457539e-07  3.30000000e+00  1.88457539e-07  3.30000001e+00  1.88457539e-07  0.00000000e+00  1.88457539e-07  3.00671167e-06 
 1.88507539e-07  3.30000000e+00  1.88507539e-07  3.30000001e+00  1.88507539e-07  0.00000000e+00  1.88507539e-07 -3.06762684e-06 
 1.88557539e-07  3.30000000e+00  1.88557539e-07  3.30000001e+00  1.88557539e-07  0.00000000e+00  1.88557539e-07  3.00690408e-06 
 1.88607539e-07  3.30000000e+00  1.88607539e-07  3.30000001e+00  1.88607539e-07  0.00000000e+00  1.88607539e-07 -3.06743560e-06 
 1.88657539e-07  3.30000000e+00  1.88657539e-07  3.30000001e+00  1.88657539e-07  0.00000000e+00  1.88657539e-07  3.00709417e-06 
 1.88707539e-07  3.30000000e+00  1.88707539e-07  3.30000001e+00  1.88707539e-07  0.00000000e+00  1.88707539e-07 -3.06724666e-06 
 1.88757539e-07  3.30000000e+00  1.88757539e-07  3.30000001e+00  1.88757539e-07  0.00000000e+00  1.88757539e-07  3.00728197e-06 
 1.88807539e-07  3.30000000e+00  1.88807539e-07  3.30000001e+00  1.88807539e-07  0.00000000e+00  1.88807539e-07 -3.06705998e-06 
 1.88857539e-07  3.30000000e+00  1.88857539e-07  3.30000001e+00  1.88857539e-07  0.00000000e+00  1.88857539e-07  3.00746754e-06 
 1.88907539e-07  3.30000000e+00  1.88907539e-07  3.30000001e+00  1.88907539e-07  0.00000000e+00  1.88907539e-07 -3.06687551e-06 
 1.88957539e-07  3.30000000e+00  1.88957539e-07  3.30000001e+00  1.88957539e-07  0.00000000e+00  1.88957539e-07  3.00765090e-06 
 1.89007539e-07  3.30000000e+00  1.89007539e-07  3.30000001e+00  1.89007539e-07  0.00000000e+00  1.89007539e-07 -3.06669324e-06 
 1.89057539e-07  3.30000000e+00  1.89057539e-07  3.30000001e+00  1.89057539e-07  0.00000000e+00  1.89057539e-07  3.00783211e-06 
 1.89107539e-07  3.30000000e+00  1.89107539e-07  3.30000001e+00  1.89107539e-07  0.00000000e+00  1.89107539e-07 -3.06651310e-06 
 1.89157539e-07  3.30000000e+00  1.89157539e-07  3.30000001e+00  1.89157539e-07  0.00000000e+00  1.89157539e-07  3.00801118e-06 
 1.89207539e-07  3.30000000e+00  1.89207539e-07  3.30000001e+00  1.89207539e-07  0.00000000e+00  1.89207539e-07 -3.06633508e-06 
 1.89257539e-07  3.30000000e+00  1.89257539e-07  3.30000001e+00  1.89257539e-07  0.00000000e+00  1.89257539e-07  3.00818817e-06 
 1.89307539e-07  3.30000000e+00  1.89307539e-07  3.30000001e+00  1.89307539e-07  0.00000000e+00  1.89307539e-07 -3.06615912e-06 
 1.89357539e-07  3.30000000e+00  1.89357539e-07  3.30000001e+00  1.89357539e-07  0.00000000e+00  1.89357539e-07  3.00836310e-06 
 1.89407539e-07  3.30000000e+00  1.89407539e-07  3.30000001e+00  1.89407539e-07  0.00000000e+00  1.89407539e-07 -3.06598520e-06 
 1.89457539e-07  3.30000000e+00  1.89457539e-07  3.30000001e+00  1.89457539e-07  0.00000000e+00  1.89457539e-07  3.00853601e-06 
 1.89507539e-07  3.30000000e+00  1.89507539e-07  3.30000001e+00  1.89507539e-07  0.00000000e+00  1.89507539e-07 -3.06581329e-06 
 1.89557539e-07  3.30000000e+00  1.89557539e-07  3.30000001e+00  1.89557539e-07  0.00000000e+00  1.89557539e-07  3.00870694e-06 
 1.89607539e-07  3.30000000e+00  1.89607539e-07  3.30000001e+00  1.89607539e-07  0.00000000e+00  1.89607539e-07 -3.06564334e-06 
 1.89657539e-07  3.30000000e+00  1.89657539e-07  3.30000001e+00  1.89657539e-07  0.00000000e+00  1.89657539e-07  3.00887592e-06 
 1.89707539e-07  3.30000000e+00  1.89707539e-07  3.30000001e+00  1.89707539e-07  0.00000000e+00  1.89707539e-07 -3.06547533e-06 
 1.89757539e-07  3.30000000e+00  1.89757539e-07  3.30000001e+00  1.89757539e-07  0.00000000e+00  1.89757539e-07  3.00904298e-06 
 1.89807539e-07  3.30000000e+00  1.89807539e-07  3.30000001e+00  1.89807539e-07  0.00000000e+00  1.89807539e-07 -3.06530921e-06 
 1.89857539e-07  3.30000000e+00  1.89857539e-07  3.30000001e+00  1.89857539e-07  0.00000000e+00  1.89857539e-07  3.00920815e-06 
 1.89907539e-07  3.30000000e+00  1.89907539e-07  3.30000001e+00  1.89907539e-07  0.00000000e+00  1.89907539e-07 -3.06514498e-06 
 1.89957539e-07  3.30000000e+00  1.89957539e-07  3.30000000e+00  1.89957539e-07  0.00000000e+00  1.89957539e-07  3.00937146e-06 
 1.90007539e-07  3.30000000e+00  1.90007539e-07  3.30000000e+00  1.90007539e-07  0.00000000e+00  1.90007539e-07 -3.06498258e-06 
 1.90057539e-07  3.30000000e+00  1.90057539e-07  3.30000000e+00  1.90057539e-07  0.00000000e+00  1.90057539e-07  3.00953295e-06 
 1.90107539e-07  3.30000000e+00  1.90107539e-07  3.30000000e+00  1.90107539e-07  0.00000000e+00  1.90107539e-07 -3.06482199e-06 
 1.90157539e-07  3.30000000e+00  1.90157539e-07  3.30000000e+00  1.90157539e-07  0.00000000e+00  1.90157539e-07  3.00969265e-06 
 1.90207539e-07  3.30000000e+00  1.90207539e-07  3.30000000e+00  1.90207539e-07  0.00000000e+00  1.90207539e-07 -3.06466318e-06 
 1.90257539e-07  3.30000000e+00  1.90257539e-07  3.30000000e+00  1.90257539e-07  0.00000000e+00  1.90257539e-07  3.00985058e-06 
 1.90307539e-07  3.30000000e+00  1.90307539e-07  3.30000000e+00  1.90307539e-07  0.00000000e+00  1.90307539e-07 -3.06450612e-06 
 1.90357539e-07  3.30000000e+00  1.90357539e-07  3.30000000e+00  1.90357539e-07  0.00000000e+00  1.90357539e-07  3.01000677e-06 
 1.90407539e-07  3.30000000e+00  1.90407539e-07  3.30000000e+00  1.90407539e-07  0.00000000e+00  1.90407539e-07 -3.06435079e-06 
 1.90457539e-07  3.30000000e+00  1.90457539e-07  3.30000000e+00  1.90457539e-07  0.00000000e+00  1.90457539e-07  3.01016125e-06 
 1.90507539e-07  3.30000000e+00  1.90507539e-07  3.30000000e+00  1.90507539e-07  0.00000000e+00  1.90507539e-07 -3.06419715e-06 
 1.90557539e-07  3.30000000e+00  1.90557539e-07  3.30000000e+00  1.90557539e-07  0.00000000e+00  1.90557539e-07  3.01031405e-06 
 1.90607539e-07  3.30000000e+00  1.90607539e-07  3.30000000e+00  1.90607539e-07  0.00000000e+00  1.90607539e-07 -3.06404518e-06 
 1.90657539e-07  3.30000000e+00  1.90657539e-07  3.30000000e+00  1.90657539e-07  0.00000000e+00  1.90657539e-07  3.01046519e-06 
 1.90707539e-07  3.30000000e+00  1.90707539e-07  3.30000000e+00  1.90707539e-07  0.00000000e+00  1.90707539e-07 -3.06389486e-06 
 1.90757539e-07  3.30000000e+00  1.90757539e-07  3.30000000e+00  1.90757539e-07  0.00000000e+00  1.90757539e-07  3.01061471e-06 
 1.90807539e-07  3.30000000e+00  1.90807539e-07  3.30000000e+00  1.90807539e-07  0.00000000e+00  1.90807539e-07 -3.06374614e-06 
 1.90857539e-07  3.30000000e+00  1.90857539e-07  3.30000000e+00  1.90857539e-07  0.00000000e+00  1.90857539e-07  3.01076262e-06 
 1.90907539e-07  3.30000000e+00  1.90907539e-07  3.30000000e+00  1.90907539e-07  0.00000000e+00  1.90907539e-07 -3.06359902e-06 
 1.90957539e-07  3.30000000e+00  1.90957539e-07  3.30000000e+00  1.90957539e-07  0.00000000e+00  1.90957539e-07  3.01090896e-06 
 1.91007539e-07  3.30000000e+00  1.91007539e-07  3.30000000e+00  1.91007539e-07  0.00000000e+00  1.91007539e-07 -3.06345347e-06 
 1.91057539e-07  3.30000000e+00  1.91057539e-07  3.30000000e+00  1.91057539e-07  0.00000000e+00  1.91057539e-07  3.01105374e-06 
 1.91107539e-07  3.30000000e+00  1.91107539e-07  3.30000000e+00  1.91107539e-07  0.00000000e+00  1.91107539e-07 -3.06330945e-06 
 1.91157539e-07  3.30000000e+00  1.91157539e-07  3.30000000e+00  1.91157539e-07  0.00000000e+00  1.91157539e-07  3.01119699e-06 
 1.91207539e-07  3.30000000e+00  1.91207539e-07  3.30000000e+00  1.91207539e-07  0.00000000e+00  1.91207539e-07 -3.06316696e-06 
 1.91257539e-07  3.30000000e+00  1.91257539e-07  3.30000000e+00  1.91257539e-07  0.00000000e+00  1.91257539e-07  3.01133874e-06 
 1.91307539e-07  3.30000000e+00  1.91307539e-07  3.30000000e+00  1.91307539e-07  0.00000000e+00  1.91307539e-07 -3.06302596e-06 
 1.91357539e-07  3.30000000e+00  1.91357539e-07  3.30000000e+00  1.91357539e-07  0.00000000e+00  1.91357539e-07  3.01147900e-06 
 1.91407539e-07  3.30000000e+00  1.91407539e-07  3.30000000e+00  1.91407539e-07  0.00000000e+00  1.91407539e-07 -3.06288642e-06 
 1.91457539e-07  3.30000000e+00  1.91457539e-07  3.30000000e+00  1.91457539e-07  0.00000000e+00  1.91457539e-07  3.01161781e-06 
 1.91507539e-07  3.30000000e+00  1.91507539e-07  3.30000000e+00  1.91507539e-07  0.00000000e+00  1.91507539e-07 -3.06274834e-06 
 1.91557539e-07  3.30000000e+00  1.91557539e-07  3.30000000e+00  1.91557539e-07  0.00000000e+00  1.91557539e-07  3.01175518e-06 
 1.91607539e-07  3.30000000e+00  1.91607539e-07  3.30000000e+00  1.91607539e-07  0.00000000e+00  1.91607539e-07 -3.06261168e-06 
 1.91657539e-07  3.30000000e+00  1.91657539e-07  3.30000000e+00  1.91657539e-07  0.00000000e+00  1.91657539e-07  3.01189113e-06 
 1.91707539e-07  3.30000000e+00  1.91707539e-07  3.30000000e+00  1.91707539e-07  0.00000000e+00  1.91707539e-07 -3.06247643e-06 
 1.91757539e-07  3.29999999e+00  1.91757539e-07  3.30000000e+00  1.91757539e-07  0.00000000e+00  1.91757539e-07  3.01202569e-06 
 1.91807539e-07  3.29999999e+00  1.91807539e-07  3.30000000e+00  1.91807539e-07  0.00000000e+00  1.91807539e-07 -3.06234256e-06 
 1.91857539e-07  3.29999999e+00  1.91857539e-07  3.30000000e+00  1.91857539e-07  0.00000000e+00  1.91857539e-07  3.01215887e-06 
 1.91907539e-07  3.29999999e+00  1.91907539e-07  3.30000000e+00  1.91907539e-07  0.00000000e+00  1.91907539e-07 -3.06221005e-06 
 1.91957539e-07  3.29999999e+00  1.91957539e-07  3.30000000e+00  1.91957539e-07  0.00000000e+00  1.91957539e-07  3.01229071e-06 
 1.92007539e-07  3.29999999e+00  1.92007539e-07  3.30000000e+00  1.92007539e-07  0.00000000e+00  1.92007539e-07 -3.06207889e-06 
 1.92057539e-07  3.29999999e+00  1.92057539e-07  3.30000000e+00  1.92057539e-07  0.00000000e+00  1.92057539e-07  3.01242121e-06 
 1.92107539e-07  3.29999999e+00  1.92107539e-07  3.30000000e+00  1.92107539e-07  0.00000000e+00  1.92107539e-07 -3.06194905e-06 
 1.92157539e-07  3.29999999e+00  1.92157539e-07  3.30000000e+00  1.92157539e-07  0.00000000e+00  1.92157539e-07  3.01255039e-06 
 1.92207539e-07  3.29999999e+00  1.92207539e-07  3.30000000e+00  1.92207539e-07  0.00000000e+00  1.92207539e-07 -3.06182051e-06 
 1.92257539e-07  3.29999999e+00  1.92257539e-07  3.30000000e+00  1.92257539e-07  0.00000000e+00  1.92257539e-07  3.01267829e-06 
 1.92307539e-07  3.29999999e+00  1.92307539e-07  3.30000000e+00  1.92307539e-07  0.00000000e+00  1.92307539e-07 -3.06169325e-06 
 1.92357539e-07  3.29999999e+00  1.92357539e-07  3.30000000e+00  1.92357539e-07  0.00000000e+00  1.92357539e-07  3.01280491e-06 
 1.92407539e-07  3.29999999e+00  1.92407539e-07  3.30000000e+00  1.92407539e-07  0.00000000e+00  1.92407539e-07 -3.06156726e-06 
 1.92457539e-07  3.29999999e+00  1.92457539e-07  3.30000000e+00  1.92457539e-07  0.00000000e+00  1.92457539e-07  3.01293027e-06 
 1.92507539e-07  3.29999999e+00  1.92507539e-07  3.30000000e+00  1.92507539e-07  0.00000000e+00  1.92507539e-07 -3.06144252e-06 
 1.92557539e-07  3.29999999e+00  1.92557539e-07  3.30000000e+00  1.92557539e-07  0.00000000e+00  1.92557539e-07  3.01305440e-06 
 1.92607539e-07  3.29999999e+00  1.92607539e-07  3.30000000e+00  1.92607539e-07  0.00000000e+00  1.92607539e-07 -3.06131900e-06 
 1.92657539e-07  3.29999999e+00  1.92657539e-07  3.30000000e+00  1.92657539e-07  0.00000000e+00  1.92657539e-07  3.01317731e-06 
 1.92707539e-07  3.29999999e+00  1.92707539e-07  3.30000000e+00  1.92707539e-07  0.00000000e+00  1.92707539e-07 -3.06119670e-06 
 1.92757539e-07  3.29999999e+00  1.92757539e-07  3.30000000e+00  1.92757539e-07  0.00000000e+00  1.92757539e-07  3.01329902e-06 
 1.92807539e-07  3.29999999e+00  1.92807539e-07  3.30000000e+00  1.92807539e-07  0.00000000e+00  1.92807539e-07 -3.06107559e-06 
 1.92857539e-07  3.29999999e+00  1.92857539e-07  3.30000000e+00  1.92857539e-07  0.00000000e+00  1.92857539e-07  3.01341954e-06 
 1.92907539e-07  3.29999999e+00  1.92907539e-07  3.30000000e+00  1.92907539e-07  0.00000000e+00  1.92907539e-07 -3.06095565e-06 
 1.92957539e-07  3.29999999e+00  1.92957539e-07  3.30000000e+00  1.92957539e-07  0.00000000e+00  1.92957539e-07  3.01353889e-06 
 1.93007539e-07  3.29999999e+00  1.93007539e-07  3.30000000e+00  1.93007539e-07  0.00000000e+00  1.93007539e-07 -3.06083687e-06 
 1.93057539e-07  3.29999999e+00  1.93057539e-07  3.30000000e+00  1.93057539e-07  0.00000000e+00  1.93057539e-07  3.01365709e-06 
 1.93107539e-07  3.29999999e+00  1.93107539e-07  3.30000000e+00  1.93107539e-07  0.00000000e+00  1.93107539e-07 -3.06071924e-06 
 1.93157539e-07  3.29999999e+00  1.93157539e-07  3.30000000e+00  1.93157539e-07  0.00000000e+00  1.93157539e-07  3.01377416e-06 
 1.93207539e-07  3.29999999e+00  1.93207539e-07  3.30000000e+00  1.93207539e-07  0.00000000e+00  1.93207539e-07 -3.06060273e-06 
 1.93257539e-07  3.29999999e+00  1.93257539e-07  3.30000000e+00  1.93257539e-07  0.00000000e+00  1.93257539e-07  3.01389011e-06 
 1.93307539e-07  3.29999999e+00  1.93307539e-07  3.30000000e+00  1.93307539e-07  0.00000000e+00  1.93307539e-07 -3.06048734e-06 
 1.93357539e-07  3.29999999e+00  1.93357539e-07  3.30000000e+00  1.93357539e-07  0.00000000e+00  1.93357539e-07  3.01400496e-06 
 1.93407539e-07  3.29999999e+00  1.93407539e-07  3.30000000e+00  1.93407539e-07  0.00000000e+00  1.93407539e-07 -3.06037304e-06 
 1.93457539e-07  3.29999999e+00  1.93457539e-07  3.30000000e+00  1.93457539e-07  0.00000000e+00  1.93457539e-07  3.01411872e-06 
 1.93507539e-07  3.29999999e+00  1.93507539e-07  3.30000000e+00  1.93507539e-07  0.00000000e+00  1.93507539e-07 -3.06025982e-06 
 1.93557539e-07  3.29999999e+00  1.93557539e-07  3.30000000e+00  1.93557539e-07  0.00000000e+00  1.93557539e-07  3.01423140e-06 
 1.93607539e-07  3.29999999e+00  1.93607539e-07  3.30000000e+00  1.93607539e-07  0.00000000e+00  1.93607539e-07 -3.06014766e-06 
 1.93657539e-07  3.29999999e+00  1.93657539e-07  3.30000000e+00  1.93657539e-07  0.00000000e+00  1.93657539e-07  3.01434303e-06 
 1.93707539e-07  3.29999999e+00  1.93707539e-07  3.30000000e+00  1.93707539e-07  0.00000000e+00  1.93707539e-07 -3.06003656e-06 
 1.93757539e-07  3.29999999e+00  1.93757539e-07  3.30000000e+00  1.93757539e-07  0.00000000e+00  1.93757539e-07  3.01445362e-06 
 1.93807539e-07  3.29999999e+00  1.93807539e-07  3.30000000e+00  1.93807539e-07  0.00000000e+00  1.93807539e-07 -3.05992649e-06 
 1.93857539e-07  3.29999999e+00  1.93857539e-07  3.30000000e+00  1.93857539e-07  0.00000000e+00  1.93857539e-07  3.01456317e-06 
 1.93907539e-07  3.29999999e+00  1.93907539e-07  3.30000000e+00  1.93907539e-07  0.00000000e+00  1.93907539e-07 -3.05981744e-06 
 1.93957539e-07  3.29999999e+00  1.93957539e-07  3.30000000e+00  1.93957539e-07  0.00000000e+00  1.93957539e-07  3.01467171e-06 
 1.94007539e-07  3.29999999e+00  1.94007539e-07  3.30000000e+00  1.94007539e-07  0.00000000e+00  1.94007539e-07 -3.05970940e-06 
 1.94057539e-07  3.29999999e+00  1.94057539e-07  3.30000000e+00  1.94057539e-07  0.00000000e+00  1.94057539e-07  3.01477926e-06 
 1.94107539e-07  3.29999999e+00  1.94107539e-07  3.30000000e+00  1.94107539e-07  0.00000000e+00  1.94107539e-07 -3.05960236e-06 
 1.94157539e-07  3.29999999e+00  1.94157539e-07  3.30000000e+00  1.94157539e-07  0.00000000e+00  1.94157539e-07  3.01488581e-06 
 1.94207539e-07  3.29999999e+00  1.94207539e-07  3.30000000e+00  1.94207539e-07  0.00000000e+00  1.94207539e-07 -3.05949629e-06 
 1.94257539e-07  3.29999999e+00  1.94257539e-07  3.30000000e+00  1.94257539e-07  0.00000000e+00  1.94257539e-07  3.01499139e-06 
 1.94307539e-07  3.29999999e+00  1.94307539e-07  3.30000000e+00  1.94307539e-07  0.00000000e+00  1.94307539e-07 -3.05939120e-06 
 1.94357539e-07  3.29999999e+00  1.94357539e-07  3.30000000e+00  1.94357539e-07  0.00000000e+00  1.94357539e-07  3.01509601e-06 
 1.94407539e-07  3.29999999e+00  1.94407539e-07  3.30000000e+00  1.94407539e-07  0.00000000e+00  1.94407539e-07 -3.05928705e-06 
 1.94457539e-07  3.29999999e+00  1.94457539e-07  3.30000000e+00  1.94457539e-07  0.00000000e+00  1.94457539e-07  3.01519967e-06 
 1.94507539e-07  3.29999999e+00  1.94507539e-07  3.30000000e+00  1.94507539e-07  0.00000000e+00  1.94507539e-07 -3.05918385e-06 
 1.94557539e-07  3.29999999e+00  1.94557539e-07  3.30000000e+00  1.94557539e-07  0.00000000e+00  1.94557539e-07  3.01530241e-06 
 1.94607539e-07  3.29999999e+00  1.94607539e-07  3.30000000e+00  1.94607539e-07  0.00000000e+00  1.94607539e-07 -3.05908158e-06 
 1.94657539e-07  3.29999999e+00  1.94657539e-07  3.30000000e+00  1.94657539e-07  0.00000000e+00  1.94657539e-07  3.01540422e-06 
 1.94707539e-07  3.29999999e+00  1.94707539e-07  3.30000000e+00  1.94707539e-07  0.00000000e+00  1.94707539e-07 -3.05898023e-06 
 1.94757539e-07  3.29999999e+00  1.94757539e-07  3.30000000e+00  1.94757539e-07  0.00000000e+00  1.94757539e-07  3.01550512e-06 
 1.94807539e-07  3.29999999e+00  1.94807539e-07  3.30000000e+00  1.94807539e-07  0.00000000e+00  1.94807539e-07 -3.05887978e-06 
 1.94857539e-07  3.29999999e+00  1.94857539e-07  3.30000000e+00  1.94857539e-07  0.00000000e+00  1.94857539e-07  3.01560512e-06 
 1.94907539e-07  3.29999999e+00  1.94907539e-07  3.30000000e+00  1.94907539e-07  0.00000000e+00  1.94907539e-07 -3.05878022e-06 
 1.94957539e-07  3.29999999e+00  1.94957539e-07  3.30000000e+00  1.94957539e-07  0.00000000e+00  1.94957539e-07  3.01570424e-06 
 1.95007539e-07  3.29999999e+00  1.95007539e-07  3.30000000e+00  1.95007539e-07  0.00000000e+00  1.95007539e-07 -3.05868155e-06 
 1.95057539e-07  3.29999999e+00  1.95057539e-07  3.30000000e+00  1.95057539e-07  0.00000000e+00  1.95057539e-07  3.01580247e-06 
 1.95107539e-07  3.29999999e+00  1.95107539e-07  3.30000000e+00  1.95107539e-07  0.00000000e+00  1.95107539e-07 -3.05858374e-06 
 1.95157539e-07  3.29999999e+00  1.95157539e-07  3.30000000e+00  1.95157539e-07  0.00000000e+00  1.95157539e-07  3.01589985e-06 
 1.95207539e-07  3.29999999e+00  1.95207539e-07  3.30000000e+00  1.95207539e-07  0.00000000e+00  1.95207539e-07 -3.05848680e-06 
 1.95257539e-07  3.29999999e+00  1.95257539e-07  3.30000000e+00  1.95257539e-07  0.00000000e+00  1.95257539e-07  3.01599637e-06 
 1.95307539e-07  3.29999999e+00  1.95307539e-07  3.30000000e+00  1.95307539e-07  0.00000000e+00  1.95307539e-07 -3.05839070e-06 
 1.95357539e-07  3.29999999e+00  1.95357539e-07  3.30000000e+00  1.95357539e-07  0.00000000e+00  1.95357539e-07  3.01609205e-06 
 1.95407539e-07  3.29999999e+00  1.95407539e-07  3.30000000e+00  1.95407539e-07  0.00000000e+00  1.95407539e-07 -3.05829544e-06 
 1.95457539e-07  3.29999999e+00  1.95457539e-07  3.30000000e+00  1.95457539e-07  0.00000000e+00  1.95457539e-07  3.01618689e-06 
 1.95507539e-07  3.29999999e+00  1.95507539e-07  3.30000000e+00  1.95507539e-07  0.00000000e+00  1.95507539e-07 -3.05820100e-06 
 1.95557539e-07  3.29999999e+00  1.95557539e-07  3.30000000e+00  1.95557539e-07  0.00000000e+00  1.95557539e-07  3.01628092e-06 
 1.95607539e-07  3.29999999e+00  1.95607539e-07  3.30000000e+00  1.95607539e-07  0.00000000e+00  1.95607539e-07 -3.05810738e-06 
 1.95657539e-07  3.29999999e+00  1.95657539e-07  3.30000000e+00  1.95657539e-07  0.00000000e+00  1.95657539e-07  3.01637414e-06 
 1.95707539e-07  3.29999999e+00  1.95707539e-07  3.30000000e+00  1.95707539e-07  0.00000000e+00  1.95707539e-07 -3.05801457e-06 
 1.95757539e-07  3.29999999e+00  1.95757539e-07  3.30000000e+00  1.95757539e-07  0.00000000e+00  1.95757539e-07  3.01646655e-06 
 1.95807539e-07  3.29999999e+00  1.95807539e-07  3.30000000e+00  1.95807539e-07  0.00000000e+00  1.95807539e-07 -3.05792255e-06 
 1.95857539e-07  3.29999999e+00  1.95857539e-07  3.30000000e+00  1.95857539e-07  0.00000000e+00  1.95857539e-07  3.01655818e-06 
 1.95907539e-07  3.29999999e+00  1.95907539e-07  3.30000000e+00  1.95907539e-07  0.00000000e+00  1.95907539e-07 -3.05783131e-06 
 1.95957539e-07  3.29999999e+00  1.95957539e-07  3.30000000e+00  1.95957539e-07  0.00000000e+00  1.95957539e-07  3.01664903e-06 
 1.96007539e-07  3.29999999e+00  1.96007539e-07  3.30000000e+00  1.96007539e-07  0.00000000e+00  1.96007539e-07 -3.05774085e-06 
 1.96057539e-07  3.29999999e+00  1.96057539e-07  3.30000000e+00  1.96057539e-07  0.00000000e+00  1.96057539e-07  3.01673910e-06 
 1.96107539e-07  3.29999999e+00  1.96107539e-07  3.30000000e+00  1.96107539e-07  0.00000000e+00  1.96107539e-07 -3.05765115e-06 
 1.96157539e-07  3.29999999e+00  1.96157539e-07  3.30000000e+00  1.96157539e-07  0.00000000e+00  1.96157539e-07  3.01682842e-06 
 1.96207539e-07  3.29999999e+00  1.96207539e-07  3.30000000e+00  1.96207539e-07  0.00000000e+00  1.96207539e-07 -3.05756222e-06 
 1.96257539e-07  3.29999999e+00  1.96257539e-07  3.30000000e+00  1.96257539e-07  0.00000000e+00  1.96257539e-07  3.01691698e-06 
 1.96307539e-07  3.29999999e+00  1.96307539e-07  3.30000000e+00  1.96307539e-07  0.00000000e+00  1.96307539e-07 -3.05747402e-06 
 1.96357539e-07  3.29999999e+00  1.96357539e-07  3.30000000e+00  1.96357539e-07  0.00000000e+00  1.96357539e-07  3.01700481e-06 
 1.96407539e-07  3.29999999e+00  1.96407539e-07  3.30000000e+00  1.96407539e-07  0.00000000e+00  1.96407539e-07 -3.05738657e-06 
 1.96457539e-07  3.29999999e+00  1.96457539e-07  3.30000000e+00  1.96457539e-07  0.00000000e+00  1.96457539e-07  3.01709190e-06 
 1.96507539e-07  3.29999999e+00  1.96507539e-07  3.30000000e+00  1.96507539e-07  0.00000000e+00  1.96507539e-07 -3.05729984e-06 
 1.96557539e-07  3.29999999e+00  1.96557539e-07  3.30000000e+00  1.96557539e-07  0.00000000e+00  1.96557539e-07  3.01717826e-06 
 1.96607539e-07  3.29999999e+00  1.96607539e-07  3.30000000e+00  1.96607539e-07  0.00000000e+00  1.96607539e-07 -3.05721383e-06 
 1.96657539e-07  3.29999999e+00  1.96657539e-07  3.30000000e+00  1.96657539e-07  0.00000000e+00  1.96657539e-07  3.01726391e-06 
 1.96707539e-07  3.29999999e+00  1.96707539e-07  3.30000000e+00  1.96707539e-07  0.00000000e+00  1.96707539e-07 -3.05712854e-06 
 1.96757539e-07  3.29999999e+00  1.96757539e-07  3.30000000e+00  1.96757539e-07  0.00000000e+00  1.96757539e-07  3.01734886e-06 
 1.96807539e-07  3.29999999e+00  1.96807539e-07  3.30000000e+00  1.96807539e-07  0.00000000e+00  1.96807539e-07 -3.05704394e-06 
 1.96857539e-07  3.29999999e+00  1.96857539e-07  3.30000000e+00  1.96857539e-07  0.00000000e+00  1.96857539e-07  3.01743310e-06 
 1.96907539e-07  3.29999999e+00  1.96907539e-07  3.30000000e+00  1.96907539e-07  0.00000000e+00  1.96907539e-07 -3.05696004e-06 
 1.96957539e-07  3.29999999e+00  1.96957539e-07  3.30000000e+00  1.96957539e-07  0.00000000e+00  1.96957539e-07  3.01751666e-06 
 1.97007539e-07  3.29999999e+00  1.97007539e-07  3.30000000e+00  1.97007539e-07  0.00000000e+00  1.97007539e-07 -3.05687682e-06 
 1.97057539e-07  3.29999999e+00  1.97057539e-07  3.30000000e+00  1.97057539e-07  0.00000000e+00  1.97057539e-07  3.01759954e-06 
 1.97107539e-07  3.29999999e+00  1.97107539e-07  3.30000000e+00  1.97107539e-07  0.00000000e+00  1.97107539e-07 -3.05679429e-06 
 1.97157539e-07  3.29999999e+00  1.97157539e-07  3.30000000e+00  1.97157539e-07  0.00000000e+00  1.97157539e-07  3.01768174e-06 
 1.97207539e-07  3.29999999e+00  1.97207539e-07  3.30000000e+00  1.97207539e-07  0.00000000e+00  1.97207539e-07 -3.05671241e-06 
 1.97257539e-07  3.29999999e+00  1.97257539e-07  3.30000000e+00  1.97257539e-07  0.00000000e+00  1.97257539e-07  3.01776328e-06 
 1.97307539e-07  3.29999999e+00  1.97307539e-07  3.30000000e+00  1.97307539e-07  0.00000000e+00  1.97307539e-07 -3.05663120e-06 
 1.97357539e-07  3.29999999e+00  1.97357539e-07  3.30000000e+00  1.97357539e-07  0.00000000e+00  1.97357539e-07  3.01784417e-06 
 1.97407539e-07  3.29999999e+00  1.97407539e-07  3.30000000e+00  1.97407539e-07  0.00000000e+00  1.97407539e-07 -3.05655065e-06 
 1.97457539e-07  3.29999999e+00  1.97457539e-07  3.30000000e+00  1.97457539e-07  0.00000000e+00  1.97457539e-07  3.01792440e-06 
 1.97507539e-07  3.29999999e+00  1.97507539e-07  3.30000000e+00  1.97507539e-07  0.00000000e+00  1.97507539e-07 -3.05647074e-06 
 1.97557539e-07  3.29999999e+00  1.97557539e-07  3.30000000e+00  1.97557539e-07  0.00000000e+00  1.97557539e-07  3.01800399e-06 
 1.97607539e-07  3.29999999e+00  1.97607539e-07  3.30000000e+00  1.97607539e-07  0.00000000e+00  1.97607539e-07 -3.05639146e-06 
 1.97657539e-07  3.29999999e+00  1.97657539e-07  3.30000000e+00  1.97657539e-07  0.00000000e+00  1.97657539e-07  3.01808295e-06 
 1.97707539e-07  3.29999999e+00  1.97707539e-07  3.30000000e+00  1.97707539e-07  0.00000000e+00  1.97707539e-07 -3.05631282e-06 
 1.97757539e-07  3.29999999e+00  1.97757539e-07  3.30000000e+00  1.97757539e-07  0.00000000e+00  1.97757539e-07  3.01816128e-06 
 1.97807539e-07  3.29999999e+00  1.97807539e-07  3.30000000e+00  1.97807539e-07  0.00000000e+00  1.97807539e-07 -3.05623480e-06 
 1.97857539e-07  3.29999999e+00  1.97857539e-07  3.30000000e+00  1.97857539e-07  0.00000000e+00  1.97857539e-07  3.01823899e-06 
 1.97907539e-07  3.29999999e+00  1.97907539e-07  3.30000000e+00  1.97907539e-07  0.00000000e+00  1.97907539e-07 -3.05615739e-06 
 1.97957539e-07  3.29999999e+00  1.97957539e-07  3.30000000e+00  1.97957539e-07  0.00000000e+00  1.97957539e-07  3.01831610e-06 
 1.98007539e-07  3.29999999e+00  1.98007539e-07  3.30000000e+00  1.98007539e-07  0.00000000e+00  1.98007539e-07 -3.05608059e-06 
 1.98057539e-07  3.29999999e+00  1.98057539e-07  3.30000000e+00  1.98057539e-07  0.00000000e+00  1.98057539e-07  3.01839259e-06 
 1.98107539e-07  3.29999999e+00  1.98107539e-07  3.30000000e+00  1.98107539e-07  0.00000000e+00  1.98107539e-07 -3.05600440e-06 
 1.98157539e-07  3.29999999e+00  1.98157539e-07  3.30000000e+00  1.98157539e-07  0.00000000e+00  1.98157539e-07  3.01846849e-06 
 1.98207539e-07  3.29999999e+00  1.98207539e-07  3.30000000e+00  1.98207539e-07  0.00000000e+00  1.98207539e-07 -3.05592879e-06 
 1.98257539e-07  3.29999999e+00  1.98257539e-07  3.30000000e+00  1.98257539e-07  0.00000000e+00  1.98257539e-07  3.01854380e-06 
 1.98307539e-07  3.29999999e+00  1.98307539e-07  3.30000000e+00  1.98307539e-07  0.00000000e+00  1.98307539e-07 -3.05585378e-06 
 1.98357539e-07  3.29999999e+00  1.98357539e-07  3.30000000e+00  1.98357539e-07  0.00000000e+00  1.98357539e-07  3.01861852e-06 
 1.98407539e-07  3.29999999e+00  1.98407539e-07  3.30000000e+00  1.98407539e-07  0.00000000e+00  1.98407539e-07 -3.05577935e-06 
 1.98457539e-07  3.29999999e+00  1.98457539e-07  3.30000000e+00  1.98457539e-07  0.00000000e+00  1.98457539e-07  3.01869266e-06 
 1.98507539e-07  3.29999999e+00  1.98507539e-07  3.30000000e+00  1.98507539e-07  0.00000000e+00  1.98507539e-07 -3.05570549e-06 
 1.98557539e-07  3.29999999e+00  1.98557539e-07  3.30000000e+00  1.98557539e-07  0.00000000e+00  1.98557539e-07  3.01876624e-06 
 1.98607539e-07  3.29999999e+00  1.98607539e-07  3.30000000e+00  1.98607539e-07  0.00000000e+00  1.98607539e-07 -3.05563220e-06 
 1.98657539e-07  3.29999999e+00  1.98657539e-07  3.30000000e+00  1.98657539e-07  0.00000000e+00  1.98657539e-07  3.01883925e-06 
 1.98707539e-07  3.29999999e+00  1.98707539e-07  3.30000000e+00  1.98707539e-07  0.00000000e+00  1.98707539e-07 -3.05555947e-06 
 1.98757539e-07  3.29999999e+00  1.98757539e-07  3.30000000e+00  1.98757539e-07  0.00000000e+00  1.98757539e-07  3.01891170e-06 
 1.98807539e-07  3.29999999e+00  1.98807539e-07  3.30000000e+00  1.98807539e-07  0.00000000e+00  1.98807539e-07 -3.05548729e-06 
 1.98857539e-07  3.29999999e+00  1.98857539e-07  3.30000000e+00  1.98857539e-07  0.00000000e+00  1.98857539e-07  3.01898360e-06 
 1.98907539e-07  3.29999999e+00  1.98907539e-07  3.30000000e+00  1.98907539e-07  0.00000000e+00  1.98907539e-07 -3.05541567e-06 
 1.98957539e-07  3.29999999e+00  1.98957539e-07  3.30000000e+00  1.98957539e-07  0.00000000e+00  1.98957539e-07  3.01905495e-06 
 1.99007539e-07  3.29999999e+00  1.99007539e-07  3.30000000e+00  1.99007539e-07  0.00000000e+00  1.99007539e-07 -3.05534458e-06 
 1.99057539e-07  3.29999999e+00  1.99057539e-07  3.30000000e+00  1.99057539e-07  0.00000000e+00  1.99057539e-07  3.01912577e-06 
 1.99107539e-07  3.29999999e+00  1.99107539e-07  3.30000000e+00  1.99107539e-07  0.00000000e+00  1.99107539e-07 -3.05527403e-06 
 1.99157539e-07  3.29999999e+00  1.99157539e-07  3.29999999e+00  1.99157539e-07  0.00000000e+00  1.99157539e-07  3.01919605e-06 
 1.99207539e-07  3.29999999e+00  1.99207539e-07  3.29999999e+00  1.99207539e-07  0.00000000e+00  1.99207539e-07 -3.05520402e-06 
 1.99257539e-07  3.29999999e+00  1.99257539e-07  3.29999999e+00  1.99257539e-07  0.00000000e+00  1.99257539e-07  3.01926580e-06 
 1.99307539e-07  3.29999999e+00  1.99307539e-07  3.29999999e+00  1.99307539e-07  0.00000000e+00  1.99307539e-07 -3.05513453e-06 
 1.99357539e-07  3.29999999e+00  1.99357539e-07  3.29999999e+00  1.99357539e-07  0.00000000e+00  1.99357539e-07  3.01933504e-06 
 1.99407539e-07  3.29999999e+00  1.99407539e-07  3.29999999e+00  1.99407539e-07  0.00000000e+00  1.99407539e-07 -3.05506555e-06 
 1.99457539e-07  3.29999999e+00  1.99457539e-07  3.29999999e+00  1.99457539e-07  0.00000000e+00  1.99457539e-07  3.01940375e-06 
 1.99507539e-07  3.29999999e+00  1.99507539e-07  3.29999999e+00  1.99507539e-07  0.00000000e+00  1.99507539e-07 -3.05499709e-06 
 1.99557539e-07  3.29999999e+00  1.99557539e-07  3.29999999e+00  1.99557539e-07  0.00000000e+00  1.99557539e-07  3.01947196e-06 
 1.99607539e-07  3.29999999e+00  1.99607539e-07  3.29999999e+00  1.99607539e-07  0.00000000e+00  1.99607539e-07 -3.05492914e-06 
 1.99657539e-07  3.29999999e+00  1.99657539e-07  3.29999999e+00  1.99657539e-07  0.00000000e+00  1.99657539e-07  3.01953966e-06 
 1.99707539e-07  3.29999999e+00  1.99707539e-07  3.29999999e+00  1.99707539e-07  0.00000000e+00  1.99707539e-07 -3.05486169e-06 
 1.99757539e-07  3.29999999e+00  1.99757539e-07  3.29999999e+00  1.99757539e-07  0.00000000e+00  1.99757539e-07  3.01960686e-06 
 1.99807539e-07  3.29999999e+00  1.99807539e-07  3.29999999e+00  1.99807539e-07  0.00000000e+00  1.99807539e-07 -3.05479474e-06 
 1.99857539e-07  3.29999999e+00  1.99857539e-07  3.29999999e+00  1.99857539e-07  0.00000000e+00  1.99857539e-07  3.01967356e-06 
 1.99907539e-07  3.29999999e+00  1.99907539e-07  3.29999999e+00  1.99907539e-07  0.00000000e+00  1.99907539e-07 -3.05472828e-06 
 1.99957539e-07  3.29999999e+00  1.99957539e-07  3.29999999e+00  1.99957539e-07  0.00000000e+00  1.99957539e-07  3.01973978e-06 
 2.00000000e-07  3.29999999e+00  2.00000000e-07  3.29999999e+00  2.00000000e-07  0.00000000e+00  2.00000000e-07 -3.05466726e-06 
