 0.00000000e+00  3.29999999e+00  0.00000000e+00  3.29999999e+00  0.00000000e+00  0.00000000e+00  0.00000000e+00 -2.33229875e-11 
 5.00000000e-12  3.29999999e+00  5.00000000e-12  3.29999999e+00  5.00000000e-12  0.00000000e+00  5.00000000e-12 -2.33440836e-11 
 1.00000000e-11  3.29999999e+00  1.00000000e-11  3.29999999e+00  1.00000000e-11  0.00000000e+00  1.00000000e-11 -2.33512619e-11 
 2.00000000e-11  3.29999999e+00  2.00000000e-11  3.29999999e+00  2.00000000e-11  0.00000000e+00  2.00000000e-11 -2.39682094e-11 
 4.00000000e-11  3.29999999e+00  4.00000000e-11  3.29999999e+00  4.00000000e-11  0.00000000e+00  4.00000000e-11 -2.31980537e-11 
 8.00000000e-11  3.29999999e+00  8.00000000e-11  3.29999999e+00  8.00000000e-11  0.00000000e+00  8.00000000e-11 -2.31987645e-11 
 1.60000000e-10  3.29999999e+00  1.60000000e-10  3.29999999e+00  1.60000000e-10  0.00000000e+00  1.60000000e-10 -2.32007011e-11 
 3.20000000e-10  3.29999999e+00  3.20000000e-10  3.29999999e+00  3.20000000e-10  0.00000000e+00  3.20000000e-10 -2.35624532e-11 
 6.40000000e-10  3.29999999e+00  6.40000000e-10  3.29999999e+00  6.40000000e-10  0.00000000e+00  6.40000000e-10 -2.32751767e-11 
 1.14000000e-09  3.29999999e+00  1.14000000e-09  3.29999999e+00  1.14000000e-09  0.00000000e+00  1.14000000e-09 -2.35396028e-11 
 1.64000000e-09  3.29999999e+00  1.64000000e-09  3.29999999e+00  1.64000000e-09  0.00000000e+00  1.64000000e-09 -2.32840017e-11 
 2.14000000e-09  3.29999999e+00  2.14000000e-09  3.29999999e+00  2.14000000e-09  0.00000000e+00  2.14000000e-09 -2.35307097e-11 
 2.64000000e-09  3.29999999e+00  2.64000000e-09  3.29999999e+00  2.64000000e-09  0.00000000e+00  2.64000000e-09 -2.32882359e-11 
 3.14000000e-09  3.29999999e+00  3.14000000e-09  3.29999999e+00  3.14000000e-09  0.00000000e+00  3.14000000e-09 -2.35252653e-11 
 3.64000000e-09  3.29999999e+00  3.64000000e-09  3.29999999e+00  3.64000000e-09  0.00000000e+00  3.64000000e-09 -2.32899234e-11 
 4.14000000e-09  3.29999999e+00  4.14000000e-09  3.29999999e+00  4.14000000e-09  0.00000000e+00  4.14000000e-09 -2.35216985e-11 
 4.64000000e-09  3.29999999e+00  4.64000000e-09  3.29999999e+00  4.64000000e-09  0.00000000e+00  4.64000000e-09 -2.32902332e-11 
 5.14000000e-09  3.29999999e+00  5.14000000e-09  3.29999999e+00  5.14000000e-09  0.00000000e+00  5.14000000e-09 -2.35191510e-11 
 5.64000000e-09  3.29999999e+00  5.64000000e-09  3.29999999e+00  5.64000000e-09  0.00000000e+00  5.64000000e-09 -2.32897918e-11 
 6.14000000e-09  3.29999999e+00  6.14000000e-09  3.29999999e+00  6.14000000e-09  0.00000000e+00  6.14000000e-09 -2.35171639e-11 
 6.64000000e-09  3.29999999e+00  6.64000000e-09  3.29999999e+00  6.64000000e-09  0.00000000e+00  6.64000000e-09 -2.32889463e-11 
 7.14000000e-09  3.29999999e+00  7.14000000e-09  3.29999999e+00  7.14000000e-09  0.00000000e+00  7.14000000e-09 -2.35154728e-11 
 7.64000000e-09  3.29999999e+00  7.64000000e-09  3.29999999e+00  7.64000000e-09  0.00000000e+00  7.64000000e-09 -2.32878799e-11 
 8.14000000e-09  3.29999999e+00  8.14000000e-09  3.29999999e+00  8.14000000e-09  0.00000000e+00  8.14000000e-09 -2.35139501e-11 
 8.64000000e-09  3.29999999e+00  8.64000000e-09  3.29999999e+00  8.64000000e-09  0.00000000e+00  8.64000000e-09 -2.32866946e-11 
 9.14000000e-09  3.29999999e+00  9.14000000e-09  3.29999999e+00  9.14000000e-09  0.00000000e+00  9.14000000e-09 -2.35125196e-11 
 9.64000000e-09  3.29999999e+00  9.64000000e-09  3.29999999e+00  9.64000000e-09  0.00000000e+00  9.64000000e-09 -2.32854471e-11 
 1.01400000e-08  3.29999999e+00  1.01400000e-08  3.29999999e+00  1.01400000e-08  0.00000000e+00  1.01400000e-08 -2.35111377e-11 
 1.06400000e-08  3.29999999e+00  1.06400000e-08  3.29999999e+00  1.06400000e-08  0.00000000e+00  1.06400000e-08 -2.32841643e-11 
 1.11400000e-08  3.29999999e+00  1.11400000e-08  3.29999999e+00  1.11400000e-08  0.00000000e+00  1.11400000e-08 -2.35097837e-11 
 1.16400000e-08  3.29999999e+00  1.16400000e-08  3.29999999e+00  1.16400000e-08  0.00000000e+00  1.16400000e-08 -2.32828663e-11 
 1.21400000e-08  3.29999999e+00  1.21400000e-08  3.29999999e+00  1.21400000e-08  0.00000000e+00  1.21400000e-08 -2.35084476e-11 
 1.26400000e-08  3.29999999e+00  1.26400000e-08  3.29999999e+00  1.26400000e-08  0.00000000e+00  1.26400000e-08 -2.32815592e-11 
 1.31400000e-08  3.29999999e+00  1.31400000e-08  3.29999999e+00  1.31400000e-08  0.00000000e+00  1.31400000e-08 -2.35071192e-11 
 1.36400000e-08  3.29999999e+00  1.36400000e-08  3.29999999e+00  1.36400000e-08  0.00000000e+00  1.36400000e-08 -2.32802497e-11 
 1.41400000e-08  3.29999999e+00  1.41400000e-08  3.29999999e+00  1.41400000e-08  0.00000000e+00  1.41400000e-08 -2.35057980e-11 
 1.46400000e-08  3.29999999e+00  1.46400000e-08  3.29999999e+00  1.46400000e-08  0.00000000e+00  1.46400000e-08 -2.32789369e-11 
 1.51400000e-08  3.29999999e+00  1.51400000e-08  3.29999999e+00  1.51400000e-08  0.00000000e+00  1.51400000e-08 -2.35044805e-11 
 1.56400000e-08  3.29999999e+00  1.56400000e-08  3.29999999e+00  1.56400000e-08  0.00000000e+00  1.56400000e-08 -2.32776264e-11 
 1.61400000e-08  3.29999999e+00  1.61400000e-08  3.29999999e+00  1.61400000e-08  0.00000000e+00  1.61400000e-08 -2.35031660e-11 
 1.66400000e-08  3.29999999e+00  1.66400000e-08  3.29999999e+00  1.66400000e-08  0.00000000e+00  1.66400000e-08 -2.32763143e-11 
 1.71400000e-08  3.29999999e+00  1.71400000e-08  3.29999999e+00  1.71400000e-08  0.00000000e+00  1.71400000e-08 -2.35018548e-11 
 1.76400000e-08  3.29999999e+00  1.76400000e-08  3.29999999e+00  1.76400000e-08  0.00000000e+00  1.76400000e-08 -2.32750061e-11 
 1.81400000e-08  3.29999999e+00  1.81400000e-08  3.29999999e+00  1.81400000e-08  0.00000000e+00  1.81400000e-08 -2.35005459e-11 
 1.86400000e-08  3.29999999e+00  1.86400000e-08  3.29999999e+00  1.86400000e-08  0.00000000e+00  1.86400000e-08 -2.32736981e-11 
 1.91400000e-08  3.29999999e+00  1.91400000e-08  3.29999999e+00  1.91400000e-08  0.00000000e+00  1.91400000e-08 -2.34992392e-11 
 1.96400000e-08  3.29999999e+00  1.96400000e-08  3.29999999e+00  1.96400000e-08  0.00000000e+00  1.96400000e-08 -2.32723940e-11 
 2.00000000e-08  3.29999999e+00  2.00000000e-08  3.29999999e+00  2.00000000e-08  0.00000000e+00  2.00000000e-08 -2.34981158e-11 
 2.00100000e-08  3.32226312e+00  2.00100000e-08  3.32226835e+00  2.00100000e-08  3.30000000e-01  2.00100000e-08  4.12809862e-04 
 2.00300000e-08  3.36413682e+00  2.00300000e-08  3.36416352e+00  2.00300000e-08  9.90000000e-01  2.00300000e-08  4.61684295e-04 
 2.00700000e-08  3.44533212e+00  2.00700000e-08  3.44561721e+00  2.00700000e-08  2.31000000e+00  2.00700000e-08  4.53198195e-04 
 2.01000000e-08  3.48422776e+00  2.01000000e-08  3.48392323e+00  2.01000000e-08  3.30000000e+00  2.01000000e-08  3.26746307e-04 
 2.01038850e-08  3.48354666e+00  2.01038850e-08  3.48314911e+00  2.01038850e-08  3.30000000e+00  2.01038850e-08  2.72992736e-06 
 2.01116550e-08  3.48154072e+00  2.01116550e-08  3.48087369e+00  2.01116550e-08  3.30000000e+00  2.01116550e-08 -3.51125703e-05 
 2.01271950e-08  3.47306901e+00  2.01271950e-08  3.47134743e+00  2.01271950e-08  3.30000000e+00  2.01271950e-08 -5.26639805e-05 
 2.01582749e-08  3.44707479e+00  2.01582749e-08  3.44361399e+00  2.01582749e-08  3.30000000e+00  2.01582749e-08 -6.94514112e-05 
 2.02134712e-08  3.27671988e+00  2.02134712e-08  3.28542278e+00  2.02134712e-08  3.30000000e+00  2.02134712e-08 -9.38442104e-05 
 2.02641037e-08  2.99093322e+00  2.02641037e-08  3.04850304e+00  2.02641037e-08  3.30000000e+00  2.02641037e-08 -1.28158444e-04 
 2.03395685e-08  2.54463915e+00  2.03395685e-08  2.63366561e+00  2.03395685e-08  3.30000000e+00  2.03395685e-08 -1.00658364e-04 
 2.04173641e-08  2.13174253e+00  2.04173641e-08  2.26298940e+00  2.04173641e-08  3.30000000e+00  2.04173641e-08 -1.71601544e-04 
 2.05363115e-08  1.63700275e+00  2.05363115e-08  2.00062386e+00  2.05363115e-08  3.30000000e+00  2.05363115e-08 -2.22756231e-04 
 2.06659978e-08  1.11599855e+00  2.06659978e-08  2.30834039e+00  2.06659978e-08  3.30000000e+00  2.06659978e-08 -3.27956687e-04 
 2.07750008e-08  7.68066623e-01  2.07750008e-08  2.75829251e+00  2.07750008e-08  3.30000000e+00  2.07750008e-08 -2.34734370e-04 
 2.08950545e-08  4.83672138e-01  2.08950545e-08  3.08975217e+00  2.08950545e-08  3.30000000e+00  2.08950545e-08 -1.66883850e-04 
 2.10221464e-08  2.52149111e-01  2.10221464e-08  3.22089182e+00  2.10221464e-08  3.30000000e+00  2.10221464e-08 -4.27708992e-05 
 2.12008521e-08  9.02044258e-02  2.12008521e-08  3.27649020e+00  2.12008521e-08  3.30000000e+00  2.12008521e-08 -4.52649199e-05 
 2.14520506e-08  1.29020183e-02  2.14520506e-08  3.29552320e+00  2.14520506e-08  3.30000000e+00  2.14520506e-08  1.87770637e-05 
 2.16931838e-08  3.79317537e-03  2.16931838e-08  3.29950353e+00  2.16931838e-08  3.30000000e+00  2.16931838e-08 -2.31777099e-05 
 2.20653648e-08 -1.30717572e-03  2.20653648e-08  3.29989022e+00  2.20653648e-08  3.30000000e+00  2.20653648e-08  2.24503624e-05 
 2.25031287e-08  1.10151107e-03  2.25031287e-08  3.30010558e+00  2.25031287e-08  3.30000000e+00  2.25031287e-08 -2.23437588e-05 
 2.30031287e-08 -1.01240106e-03  2.30031287e-08  3.29991206e+00  2.30031287e-08  3.30000000e+00  2.30031287e-08  2.22741215e-05 
 2.35031287e-08  9.51498009e-04  2.35031287e-08  3.30007251e+00  2.35031287e-08  3.30000000e+00  2.35031287e-08 -2.22097932e-05 
 2.40031287e-08 -8.89775872e-04  2.40031287e-08  3.29993866e+00  2.40031287e-08  3.30000000e+00  2.40031287e-08  2.21477659e-05 
 2.45031287e-08  8.40635410e-04  2.45031287e-08  3.30005214e+00  2.45031287e-08  3.30000000e+00  2.45031287e-08 -2.20891530e-05 
 2.50031287e-08 -7.88606030e-04  2.50031287e-08  3.29995459e+00  2.50031287e-08  3.30000000e+00  2.50031287e-08  2.20329621e-05 
 2.55031287e-08  7.46192655e-04  2.55031287e-08  3.30003942e+00  2.55031287e-08  3.30000000e+00  2.55031287e-08 -2.19802297e-05 
 2.60031287e-08 -7.01244170e-04  2.60031287e-08  3.29996511e+00  2.60031287e-08  3.30000000e+00  2.60031287e-08  2.19299531e-05 
 2.65031287e-08  6.64086311e-04  2.65031287e-08  3.30003056e+00  2.65031287e-08  3.30000000e+00  2.65031287e-08 -2.18829351e-05 
 2.70031287e-08 -6.24932635e-04  2.70031287e-08  3.29997277e+00  2.70031287e-08  3.30000000e+00  2.70031287e-08  2.18381991e-05 
 2.75031287e-08  5.92134760e-04  2.75031287e-08  3.30002390e+00  2.75031287e-08  3.30000000e+00  2.75031287e-08 -2.17964188e-05 
 2.80031287e-08 -5.57955966e-04  2.80031287e-08  3.29997868e+00  2.80031287e-08  3.30000000e+00  2.80031287e-08  2.17566749e-05 
 2.85031287e-08  5.28784807e-04  2.85031287e-08  3.30001865e+00  2.85031287e-08  3.30000000e+00  2.85031287e-08 -2.17195742e-05 
 2.90031287e-08 -4.98818647e-04  2.90031287e-08  3.29998341e+00  2.90031287e-08  3.30000000e+00  2.90031287e-08  2.16842825e-05 
 2.95031287e-08  4.72918873e-04  2.95031287e-08  3.30001441e+00  2.95031287e-08  3.30000000e+00  2.95031287e-08 -2.16513294e-05 
 3.00031287e-08 -4.46558350e-04  3.00031287e-08  3.29998725e+00  3.00031287e-08  3.30000000e+00  3.00031287e-08  2.16199627e-05 
 3.05031287e-08  4.23504348e-04  3.05031287e-08  3.30001095e+00  3.05031287e-08  3.30000000e+00  3.05031287e-08 -2.15906688e-05 
 3.10031287e-08 -4.00278383e-04  3.10031287e-08  3.29999039e+00  3.10031287e-08  3.30000000e+00  3.10031287e-08  2.15627637e-05 
 3.15031287e-08  3.79717769e-04  3.15031287e-08  3.30000813e+00  3.15031287e-08  3.30000000e+00  3.15031287e-08 -2.15366964e-05 
 3.20031287e-08 -3.59214502e-04  3.20031287e-08  3.29999297e+00  3.20031287e-08  3.30000000e+00  3.20031287e-08  2.15118451e-05 
 3.25031287e-08  3.40874833e-04  3.25031287e-08  3.30000581e+00  3.25031287e-08  3.30000000e+00  3.25031287e-08 -2.14886228e-05 
 3.30031287e-08 -3.22776519e-04  3.30031287e-08  3.29999507e+00  3.30031287e-08  3.30000000e+00  3.30031287e-08  2.14664580e-05 
 3.35031287e-08  3.06312310e-04  3.35031287e-08  3.30000392e+00  3.35031287e-08  3.30000000e+00  3.35031287e-08 -2.14457474e-05 
 3.40031287e-08 -2.90337666e-04  3.40031287e-08  3.29999679e+00  3.40031287e-08  3.30000000e+00  3.40031287e-08  2.14259638e-05 
 3.45031287e-08  2.75582035e-04  3.45031287e-08  3.30000239e+00  3.45031287e-08  3.30000000e+00  3.45031287e-08 -2.14074708e-05 
 3.50031287e-08 -2.61449093e-04  3.50031287e-08  3.29999818e+00  3.50031287e-08  3.30000000e+00  3.50031287e-08  2.13897874e-05 
 3.55031287e-08  2.48200146e-04  3.55031287e-08  3.30000115e+00  3.55031287e-08  3.30000000e+00  3.55031287e-08 -2.13732552e-05 
 3.60031287e-08 -2.35687909e-04  3.60031287e-08  3.29999930e+00  3.60031287e-08  3.30000000e+00  3.60031287e-08  2.13574299e-05 
 3.65031287e-08  2.23771033e-04  3.65031287e-08  3.30000015e+00  3.65031287e-08  3.30000000e+00  3.65031287e-08 -2.13426338e-05 
 3.70031287e-08 -2.12686526e-04  3.70031287e-08  3.30000019e+00  3.70031287e-08  3.30000000e+00  3.70031287e-08  2.13284538e-05 
 3.75031287e-08  2.01947195e-04  3.75031287e-08  3.29999937e+00  3.75031287e-08  3.30000000e+00  3.75031287e-08 -2.13151960e-05 
 3.80031287e-08 -1.92126810e-04  3.80031287e-08  3.30000089e+00  3.80031287e-08  3.30000000e+00  3.80031287e-08  2.13024776e-05 
 3.85031287e-08  1.82429471e-04  3.85031287e-08  3.29999876e+00  3.85031287e-08  3.30000000e+00  3.85031287e-08 -2.12905843e-05 
 3.90031287e-08 -1.73724247e-04  3.90031287e-08  3.30000144e+00  3.90031287e-08  3.30000000e+00  3.90031287e-08  2.12791620e-05 
 3.95031287e-08  1.64952811e-04  3.95031287e-08  3.29999829e+00  3.95031287e-08  3.30000000e+00  3.95031287e-08 -2.12684819e-05 
 4.00031287e-08 -1.57234581e-04  4.00031287e-08  3.30000185e+00  4.00031287e-08  3.30000000e+00  4.00031287e-08  2.12582115e-05 
 4.05031287e-08  1.49284932e-04  4.05031287e-08  3.29999793e+00  4.05031287e-08  3.30000000e+00  4.05031287e-08 -2.12486105e-05 
 4.10031287e-08 -1.42441823e-04  4.10031287e-08  3.30000216e+00  4.10031287e-08  3.30000000e+00  4.10031287e-08  2.12393655e-05 
 4.15031287e-08  1.35222392e-04  4.15031287e-08  3.29999768e+00  4.15031287e-08  3.30000000e+00  4.15031287e-08 -2.12307255e-05 
 4.20031287e-08 -1.29156293e-04  4.20031287e-08  3.30000238e+00  4.20031287e-08  3.30000000e+00  4.20031287e-08  2.12223943e-05 
 4.25031287e-08  1.22586412e-04  4.25031287e-08  3.29999750e+00  4.25031287e-08  3.30000000e+00  4.25031287e-08 -2.12146112e-05 
 4.30031287e-08 -1.17211150e-04  4.30031287e-08  3.30000252e+00  4.30031287e-08  3.30000000e+00  4.30031287e-08  2.12070952e-05 
 4.35031287e-08  1.11219692e-04  4.35031287e-08  3.29999739e+00  4.35031287e-08  3.30000000e+00  4.35031287e-08 -2.12000771e-05 
 4.40031287e-08 -1.06459481e-04  4.40031287e-08  3.30000261e+00  4.40031287e-08  3.30000000e+00  4.40031287e-08  2.11932895e-05 
 4.45031287e-08  1.00983669e-04  4.45031287e-08  3.29999733e+00  4.45031287e-08  3.30000000e+00  4.45031287e-08 -2.11869552e-05 
 4.50031287e-08 -9.67717698e-05  4.50031287e-08  3.30000265e+00  4.50031287e-08  3.30000000e+00  4.50031287e-08  2.11808189e-05 
 4.55031287e-08  9.17561492e-05  4.55031287e-08  3.29999731e+00  4.55031287e-08  3.30000000e+00  4.55031287e-08 -2.11750965e-05 
 4.60031287e-08 -8.80337059e-05  4.60031287e-08  3.30000265e+00  4.60031287e-08  3.30000000e+00  4.60031287e-08  2.11695436e-05 
 4.65031287e-08  8.34292376e-05  4.65031287e-08  3.29999733e+00  4.65031287e-08  3.30000000e+00  4.65031287e-08 -2.11643694e-05 
 4.70031287e-08 -8.01442796e-05  4.70031287e-08  3.30000262e+00  4.70031287e-08  3.30000000e+00  4.70031287e-08  2.11593394e-05 
 4.75031287e-08  7.59075565e-05  4.75031287e-08  3.29999737e+00  4.75031287e-08  3.30000000e+00  4.75031287e-08 -2.11546570e-05 
 4.80031287e-08 -7.30141288e-05  4.80031287e-08  3.30000257e+00  4.80031287e-08  3.30000000e+00  4.80031287e-08  2.11500964e-05 
 4.85031287e-08  6.91066881e-05  4.85031287e-08  3.29999743e+00  4.85031287e-08  3.30000000e+00  4.85031287e-08 -2.11458555e-05 
 4.90031287e-08 -6.65641007e-05  4.90031287e-08  3.30000250e+00  4.90031287e-08  3.30000000e+00  4.90031287e-08  2.11417167e-05 
 4.95031287e-08  6.29518249e-05  4.95031287e-08  3.29999751e+00  4.95031287e-08  3.30000000e+00  4.95031287e-08 -2.11378728e-05 
 5.00031287e-08 -6.07240004e-05  5.00031287e-08  3.30000242e+00  5.00031287e-08  3.30000000e+00  5.00031287e-08  2.11341133e-05 
 5.05031287e-08  5.73765933e-05  5.05031287e-08  3.29999760e+00  5.05031287e-08  3.30000000e+00  5.05031287e-08 -2.11306267e-05 
 5.10031287e-08 -5.54315013e-05  5.10031287e-08  3.30000233e+00  5.10031287e-08  3.30000000e+00  5.10031287e-08  2.11272089e-05 
 5.15031287e-08  5.23220311e-05  5.15031287e-08  3.29999770e+00  5.15031287e-08  3.30000000e+00  5.15031287e-08 -2.11240442e-05 
 5.20031287e-08 -5.06311960e-05  5.20031287e-08  3.30000223e+00  5.20031287e-08  3.30000000e+00  5.20031287e-08  2.11209343e-05 
 5.25031287e-08  4.77356943e-05  5.25031287e-08  3.29999780e+00  5.25031287e-08  3.30000000e+00  5.25031287e-08 -2.11180599e-05 
 5.30031287e-08 -4.62737673e-05  5.30031287e-08  3.30000212e+00  5.30031287e-08  3.30000000e+00  5.30031287e-08  2.11152280e-05 
 5.35031287e-08  4.35708800e-05  5.35031287e-08  3.29999791e+00  5.35031287e-08  3.30000000e+00  5.35031287e-08 -2.11126156e-05 
 5.40031287e-08 -4.23152658e-05  5.40031287e-08  3.30000202e+00  5.40031287e-08  3.30000000e+00  5.40031287e-08  2.11100348e-05 
 5.45031287e-08  3.97859459e-05  5.45031287e-08  3.29999801e+00  5.45031287e-08  3.30000000e+00  5.45031287e-08 -2.11076593e-05 
 5.50031287e-08 -3.87164779e-05  5.50031287e-08  3.30000191e+00  5.50031287e-08  3.30000000e+00  5.50031287e-08  2.11053053e-05 
 5.55031287e-08  3.63437175e-05  5.55031287e-08  3.29999812e+00  5.55031287e-08  3.30000000e+00  5.55031287e-08 -2.11031441e-05 
 5.60031287e-08 -3.54423734e-05  5.60031287e-08  3.30000181e+00  5.60031287e-08  3.30000000e+00  5.60031287e-08  2.11009956e-05 
 5.65031287e-08  3.32109681e-05  5.65031287e-08  3.29999823e+00  5.65031287e-08  3.30000000e+00  5.65031287e-08 -2.10990282e-05 
 5.70031287e-08 -3.24616218e-05  5.70031287e-08  3.30000170e+00  5.70031287e-08  3.30000000e+00  5.70031287e-08  2.10970658e-05 
 5.75031287e-08  3.03579643e-05  5.75031287e-08  3.29999833e+00  5.75031287e-08  3.30000000e+00  5.75031287e-08 -2.10952742e-05 
 5.80031287e-08 -2.97461681e-05  5.80031287e-08  3.30000160e+00  5.80031287e-08  3.30000000e+00  5.80031287e-08  2.10934804e-05 
 5.85031287e-08  2.77580670e-05  5.85031287e-08  3.29999843e+00  5.85031287e-08  3.30000000e+00  5.85031287e-08 -2.10918482e-05 
 5.90031287e-08 -2.72708618e-05  5.90031287e-08  3.30000150e+00  5.90031287e-08  3.30000000e+00  5.90031287e-08  2.10902075e-05 
 5.95031287e-08  2.53873820e-05  5.95031287e-08  3.29999853e+00  5.95031287e-08  3.30000000e+00  5.95031287e-08 -2.10887199e-05 
 6.00031287e-08 -2.50131299e-05  6.00031287e-08  3.30000141e+00  6.00031287e-08  3.30000000e+00  6.00031287e-08  2.10872182e-05 
 6.05031287e-08  2.32244524e-05  6.05031287e-08  3.29999862e+00  6.05031287e-08  3.30000000e+00  6.05031287e-08 -2.10858621e-05 
 6.10031287e-08 -2.29526897e-05  6.10031287e-08  3.30000132e+00  6.10031287e-08  3.30000000e+00  6.10031287e-08  2.10844866e-05 
 6.15031287e-08  2.12499886e-05  6.15031287e-08  3.29999871e+00  6.15031287e-08  3.30000000e+00  6.15031287e-08 -2.10832500e-05 
 6.20031287e-08 -2.10712970e-05  6.20031287e-08  3.30000123e+00  6.20031287e-08  3.30000000e+00  6.20031287e-08  2.10819894e-05 
 6.25031287e-08  1.94466303e-05  6.25031287e-08  3.29999879e+00  6.25031287e-08  3.30000000e+00  6.25031287e-08 -2.10808614e-05 
 6.30031287e-08 -1.93525231e-05  6.30031287e-08  3.30000115e+00  6.30031287e-08  3.30000000e+00  6.30031287e-08  2.10797054e-05 
 6.35031287e-08  1.77987370e-05  6.35031287e-08  3.29999887e+00  6.35031287e-08  3.30000000e+00  6.35031287e-08 -2.10786763e-05 
 6.40031287e-08 -1.77815587e-05  6.40031287e-08  3.30000107e+00  6.40031287e-08  3.30000000e+00  6.40031287e-08  2.10776155e-05 
 6.45031287e-08  1.62922027e-05  6.45031287e-08  3.29999895e+00  6.45031287e-08  3.30000000e+00  6.45031287e-08 -2.10766766e-05 
 6.50031287e-08 -1.63450405e-05  6.50031287e-08  3.30000100e+00  6.50031287e-08  3.30000000e+00  6.50031287e-08  2.10757025e-05 
 6.55031287e-08  1.49142927e-05  6.55031287e-08  3.29999902e+00  6.55031287e-08  3.30000000e+00  6.55031287e-08 -2.10748457e-05 
 6.60031287e-08 -1.50308984e-05  6.60031287e-08  3.30000093e+00  6.60031287e-08  3.30000000e+00  6.60031287e-08  2.10739507e-05 
 6.65031287e-08  1.36534990e-05  6.65031287e-08  3.29999909e+00  6.65031287e-08  3.30000000e+00  6.65031287e-08 -2.10731688e-05 
 6.70031287e-08 -1.38282195e-05  6.70031287e-08  3.30000087e+00  6.70031287e-08  3.30000000e+00  6.70031287e-08  2.10723460e-05 
 6.75031287e-08  1.24994122e-05  6.75031287e-08  3.29999915e+00  6.75031287e-08  3.30000000e+00  6.75031287e-08 -2.10716325e-05 
 6.80031287e-08 -1.17290685e-05  6.80031287e-08  3.30000075e+00  6.80031287e-08  3.30000000e+00  6.80031287e-08  2.10708833e-05 
 6.85031287e-08  1.32590776e-05  6.85031287e-08  3.29999903e+00  6.85031287e-08  3.30000000e+00  6.85031287e-08 -2.10703715e-05 
 6.90031287e-08 -1.01650356e-05  6.90031287e-08  3.30000056e+00  6.90031287e-08  3.30000000e+00  6.90031287e-08  2.10693832e-05 
 6.95031287e-08  1.20193741e-05  6.95031287e-08  3.29999912e+00  6.95031287e-08  3.30000000e+00  6.95031287e-08 -2.10690441e-05 
 7.00031287e-08 -9.33352422e-06  7.00031287e-08  3.30000052e+00  7.00031287e-08  3.30000000e+00  7.00031287e-08  2.10681574e-05 
 7.01000000e-08  9.27413763e-06  7.01000000e-08  3.29999927e+00  7.01000000e-08  3.30000000e+00  7.01000000e-08 -2.10657356e-05 
 7.01100000e-08 -3.04343585e-03  7.01100000e-08  3.29705900e+00  7.01100000e-08  2.97000000e+00  7.01100000e-08 -2.80801754e-04 
 7.01300000e-08 -2.17329644e-02  7.01300000e-08  3.27723786e+00  7.01300000e-08  2.31000000e+00  7.01300000e-08 -3.66796710e-04 
 7.01700000e-08 -3.01076275e-02  7.01700000e-08  3.24450432e+00  7.01700000e-08  9.90000000e-01  7.01700000e-08 -7.90331613e-04 
 7.02000000e-08  4.74325840e-02  7.02000000e-08  3.25857669e+00  7.02000000e-08  0.00000000e+00  7.02000000e-08 -1.13771797e-03 
 7.02035888e-08  6.67618528e-02  7.02035888e-08  3.26809139e+00  7.02035888e-08  0.00000000e+00  7.02035888e-08 -7.90105257e-04 
 7.02107663e-08  1.04976424e-01  7.02107663e-08  3.28575082e+00  7.02107663e-08  0.00000000e+00  7.02107663e-08 -7.76692723e-04 
 7.02251214e-08  1.78861714e-01  7.02251214e-08  3.31494543e+00  7.02251214e-08  0.00000000e+00  7.02251214e-08 -7.57098234e-04 
 7.02538316e-08  3.21486842e-01  7.02538316e-08  3.35517580e+00  7.02538316e-08  0.00000000e+00  7.02538316e-08 -7.20855957e-04 
 7.03112521e-08  6.15375033e-01  7.03112521e-08  3.39949828e+00  7.03112521e-08  0.00000000e+00  7.03112521e-08 -6.71205457e-04 
 7.04122490e-08  1.27326372e+00  7.04122490e-08  3.46959325e+00  7.04122490e-08  0.00000000e+00  7.04122490e-08 -4.81138185e-04 
 7.05063953e-08  1.91753166e+00  7.05063953e-08  3.51284995e+00  7.05063953e-08  0.00000000e+00  7.05063953e-08 -2.77328311e-04 
 7.06276205e-08  2.49652876e+00  7.06276205e-08  3.47139051e+00  7.06276205e-08  0.00000000e+00  7.06276205e-08 -1.32211573e-04 
 7.07380255e-08  2.82097869e+00  7.07380255e-08  3.42596014e+00  7.07380255e-08  0.00000000e+00  7.07380255e-08 -5.90275586e-05 
 7.08796682e-08  3.08670087e+00  7.08796682e-08  3.36991062e+00  7.08796682e-08  0.00000000e+00  7.08796682e-08 -2.64420038e-05 
 7.10448596e-08  3.22487646e+00  7.10448596e-08  3.33071839e+00  7.10448596e-08  0.00000000e+00  7.10448596e-08 -1.24683743e-05 
 7.12403958e-08  3.27977137e+00  7.12403958e-08  3.31042568e+00  7.12403958e-08  0.00000000e+00  7.12403958e-08 -6.35620766e-07 
 7.15711732e-08  3.29970064e+00  7.15711732e-08  3.30072402e+00  7.15711732e-08  0.00000000e+00  7.15711732e-08 -3.59694963e-06 
 7.20337700e-08  3.30001863e+00  7.20337700e-08  3.29987352e+00  7.20337700e-08  0.00000000e+00  7.20337700e-08  2.18019859e-06 
 7.25337700e-08  3.30000387e+00  7.25337700e-08  3.30003869e+00  7.25337700e-08  0.00000000e+00  7.25337700e-08 -3.17928443e-06 
 7.30337700e-08  3.29999902e+00  7.30337700e-08  3.29998727e+00  7.30337700e-08  0.00000000e+00  7.30337700e-08  2.51742473e-06 
 7.35337700e-08  3.30000140e+00  7.35337700e-08  3.30000815e+00  7.35337700e-08  0.00000000e+00  7.35337700e-08 -3.05940008e-06 
 7.40337700e-08  3.30000004e+00  7.40337700e-08  3.29999609e+00  7.40337700e-08  0.00000000e+00  7.40337700e-08  2.64379976e-06 
 7.45337700e-08  3.30000044e+00  7.45337700e-08  3.30000359e+00  7.45337700e-08  0.00000000e+00  7.45337700e-08 -3.00496124e-06 
 7.50337700e-08  3.30000012e+00  7.50337700e-08  3.29999823e+00  7.50337700e-08  0.00000000e+00  7.50337700e-08  2.70776711e-06 
 7.55337700e-08  3.30000020e+00  7.55337700e-08  3.30000181e+00  7.55337700e-08  0.00000000e+00  7.55337700e-08 -2.97377409e-06 
 7.60337700e-08  3.30000009e+00  7.60337700e-08  3.29999914e+00  7.60337700e-08  0.00000000e+00  7.60337700e-08  2.74420909e-06 
 7.65337700e-08  3.30000012e+00  7.65337700e-08  3.30000098e+00  7.65337700e-08  0.00000000e+00  7.65337700e-08 -2.95335507e-06 
 7.70337700e-08  3.30000006e+00  7.70337700e-08  3.29999959e+00  7.70337700e-08  0.00000000e+00  7.70337700e-08  2.76731131e-06 
 7.75337700e-08  3.30000008e+00  7.75337700e-08  3.30000055e+00  7.75337700e-08  0.00000000e+00  7.75337700e-08 -2.93879638e-06 
 7.80337700e-08  3.30000005e+00  7.80337700e-08  3.29999982e+00  7.80337700e-08  0.00000000e+00  7.80337700e-08  2.78298435e-06 
 7.85337700e-08  3.30000005e+00  7.85337700e-08  3.30000031e+00  7.85337700e-08  0.00000000e+00  7.85337700e-08 -2.92786686e-06 
 7.90337700e-08  3.30000003e+00  7.90337700e-08  3.29999993e+00  7.90337700e-08  0.00000000e+00  7.90337700e-08  2.79420729e-06 
 7.95337700e-08  3.30000003e+00  7.95337700e-08  3.30000019e+00  7.95337700e-08  0.00000000e+00  7.95337700e-08 -2.91938016e-06 
 8.00337700e-08  3.30000002e+00  8.00337700e-08  3.29999998e+00  8.00337700e-08  0.00000000e+00  8.00337700e-08  2.80260398e-06 
 8.05337700e-08  3.30000002e+00  8.05337700e-08  3.30000012e+00  8.05337700e-08  0.00000000e+00  8.05337700e-08 -2.91262736e-06 
 8.10337700e-08  3.30000002e+00  8.10337700e-08  3.30000001e+00  8.10337700e-08  0.00000000e+00  8.10337700e-08  2.80911373e-06 
 8.15337700e-08  3.30000002e+00  8.15337700e-08  3.30000007e+00  8.15337700e-08  0.00000000e+00  8.15337700e-08 -2.90714950e-06 
 8.20337700e-08  3.30000001e+00  8.20337700e-08  3.30000002e+00  8.20337700e-08  0.00000000e+00  8.20337700e-08  2.81430804e-06 
 8.25337700e-08  3.30000001e+00  8.25337700e-08  3.30000005e+00  8.25337700e-08  0.00000000e+00  8.25337700e-08 -2.90263329e-06 
 8.30337700e-08  3.30000001e+00  8.30337700e-08  3.30000002e+00  8.30337700e-08  0.00000000e+00  8.30337700e-08  2.81855055e-06 
 8.35337700e-08  3.30000001e+00  8.35337700e-08  3.30000003e+00  8.35337700e-08  0.00000000e+00  8.35337700e-08 -2.89885713e-06 
 8.40337700e-08  3.30000000e+00  8.40337700e-08  3.30000002e+00  8.40337700e-08  0.00000000e+00  8.40337700e-08  2.82208224e-06 
 8.45337700e-08  3.30000000e+00  8.45337700e-08  3.30000003e+00  8.45337700e-08  0.00000000e+00  8.45337700e-08 -2.89566025e-06 
 8.50337700e-08  3.30000000e+00  8.50337700e-08  3.30000002e+00  8.50337700e-08  0.00000000e+00  8.50337700e-08  2.82506863e-06 
 8.55337700e-08  3.30000000e+00  8.55337700e-08  3.30000002e+00  8.55337700e-08  0.00000000e+00  8.55337700e-08 -2.89292363e-06 
 8.60337700e-08  3.30000000e+00  8.60337700e-08  3.30000001e+00  8.60337700e-08  0.00000000e+00  8.60337700e-08  2.82762716e-06 
 8.65337700e-08  3.30000000e+00  8.65337700e-08  3.30000001e+00  8.65337700e-08  0.00000000e+00  8.65337700e-08 -2.89055762e-06 
 8.70337700e-08  3.30000000e+00  8.70337700e-08  3.30000001e+00  8.70337700e-08  0.00000000e+00  8.70337700e-08  2.82984343e-06 
 8.75337700e-08  3.30000000e+00  8.75337700e-08  3.30000001e+00  8.75337700e-08  0.00000000e+00  8.75337700e-08 -2.88849373e-06 
 8.80337700e-08  3.30000000e+00  8.80337700e-08  3.30000001e+00  8.80337700e-08  0.00000000e+00  8.80337700e-08  2.83178152e-06 
 8.85337700e-08  3.30000000e+00  8.85337700e-08  3.30000001e+00  8.85337700e-08  0.00000000e+00  8.85337700e-08 -2.88667892e-06 
 8.90337700e-08  3.30000000e+00  8.90337700e-08  3.30000001e+00  8.90337700e-08  0.00000000e+00  8.90337700e-08  2.83349035e-06 
 8.95337700e-08  3.30000000e+00  8.95337700e-08  3.30000000e+00  8.95337700e-08  0.00000000e+00  8.95337700e-08 -2.88507160e-06 
 9.00337700e-08  3.29999999e+00  9.00337700e-08  3.30000000e+00  9.00337700e-08  0.00000000e+00  9.00337700e-08  2.83500799e-06 
 9.05337700e-08  3.29999999e+00  9.05337700e-08  3.30000000e+00  9.05337700e-08  0.00000000e+00  9.05337700e-08 -2.88363878e-06 
 9.10337700e-08  3.29999999e+00  9.10337700e-08  3.30000000e+00  9.10337700e-08  0.00000000e+00  9.10337700e-08  2.83636448e-06 
 9.15337700e-08  3.29999999e+00  9.15337700e-08  3.30000000e+00  9.15337700e-08  0.00000000e+00  9.15337700e-08 -2.88235398e-06 
 9.20337700e-08  3.29999999e+00  9.20337700e-08  3.30000000e+00  9.20337700e-08  0.00000000e+00  9.20337700e-08  2.83758391e-06 
 9.25337700e-08  3.29999999e+00  9.25337700e-08  3.30000000e+00  9.25337700e-08  0.00000000e+00  9.25337700e-08 -2.88119575e-06 
 9.30337700e-08  3.29999999e+00  9.30337700e-08  3.30000000e+00  9.30337700e-08  0.00000000e+00  9.30337700e-08  2.83868582e-06 
 9.35337700e-08  3.29999999e+00  9.35337700e-08  3.30000000e+00  9.35337700e-08  0.00000000e+00  9.35337700e-08 -2.88014655e-06 
 9.40337700e-08  3.29999999e+00  9.40337700e-08  3.30000000e+00  9.40337700e-08  0.00000000e+00  9.40337700e-08  2.83968619e-06 
 9.45337700e-08  3.29999999e+00  9.45337700e-08  3.30000000e+00  9.45337700e-08  0.00000000e+00  9.45337700e-08 -2.87919189e-06 
 9.50337700e-08  3.29999999e+00  9.50337700e-08  3.30000000e+00  9.50337700e-08  0.00000000e+00  9.50337700e-08  2.84059828e-06 
 9.55337700e-08  3.29999999e+00  9.55337700e-08  3.30000000e+00  9.55337700e-08  0.00000000e+00  9.55337700e-08 -2.87831972e-06 
 9.60337700e-08  3.29999999e+00  9.60337700e-08  3.30000000e+00  9.60337700e-08  0.00000000e+00  9.60337700e-08  2.84143313e-06 
 9.65337700e-08  3.29999999e+00  9.65337700e-08  3.30000000e+00  9.65337700e-08  0.00000000e+00  9.65337700e-08 -2.87751993e-06 
 9.70337700e-08  3.29999999e+00  9.70337700e-08  3.30000000e+00  9.70337700e-08  0.00000000e+00  9.70337700e-08  2.84220003e-06 
 9.75337700e-08  3.29999999e+00  9.75337700e-08  3.30000000e+00  9.75337700e-08  0.00000000e+00  9.75337700e-08 -2.87678399e-06 
 9.80337700e-08  3.29999999e+00  9.80337700e-08  3.30000000e+00  9.80337700e-08  0.00000000e+00  9.80337700e-08  2.84290684e-06 
 9.85337700e-08  3.29999999e+00  9.85337700e-08  3.29999999e+00  9.85337700e-08  0.00000000e+00  9.85337700e-08 -2.87610464e-06 
 9.90337700e-08  3.29999999e+00  9.90337700e-08  3.29999999e+00  9.90337700e-08  0.00000000e+00  9.90337700e-08  2.84356027e-06 
 9.95337700e-08  3.29999999e+00  9.95337700e-08  3.29999999e+00  9.95337700e-08  0.00000000e+00  9.95337700e-08 -2.87547569e-06 
 1.00000000e-07  3.29999999e+00  1.00000000e-07  3.29999999e+00  1.00000000e-07  0.00000000e+00  1.00000000e-07  2.84414634e-06 
 1.00050000e-07  3.29999999e+00  1.00050000e-07  3.29999999e+00  1.00050000e-07  0.00000000e+00  1.00050000e-07 -1.54968810e-08 
 1.00150000e-07  3.29999999e+00  1.00150000e-07  3.29999999e+00  1.00150000e-07  0.00000000e+00  1.00150000e-07 -1.54386211e-08 
 1.00350000e-07  3.29999999e+00  1.00350000e-07  3.29999999e+00  1.00350000e-07  0.00000000e+00  1.00350000e-07 -1.53237731e-08 
 1.00750000e-07  3.29999999e+00  1.00750000e-07  3.29999999e+00  1.00750000e-07  0.00000000e+00  1.00750000e-07 -1.50987590e-08 
 1.01250000e-07  3.29999999e+00  1.01250000e-07  3.29999999e+00  1.01250000e-07  0.00000000e+00  1.01250000e-07 -1.48265028e-08 
 1.01750000e-07  3.29999999e+00  1.01750000e-07  3.29999999e+00  1.01750000e-07  0.00000000e+00  1.01750000e-07 -1.45634954e-08 
 1.02250000e-07  3.29999999e+00  1.02250000e-07  3.29999999e+00  1.02250000e-07  0.00000000e+00  1.02250000e-07 -1.43095079e-08 
 1.02750000e-07  3.29999999e+00  1.02750000e-07  3.29999999e+00  1.02750000e-07  0.00000000e+00  1.02750000e-07 -1.40638644e-08 
 1.03250000e-07  3.29999999e+00  1.03250000e-07  3.29999999e+00  1.03250000e-07  0.00000000e+00  1.03250000e-07 -1.38263899e-08 
 1.03750000e-07  3.29999999e+00  1.03750000e-07  3.29999999e+00  1.03750000e-07  0.00000000e+00  1.03750000e-07 -1.35964657e-08 
 1.04250000e-07  3.29999999e+00  1.04250000e-07  3.29999999e+00  1.04250000e-07  0.00000000e+00  1.04250000e-07 -1.33739641e-08 
 1.04750000e-07  3.29999999e+00  1.04750000e-07  3.29999999e+00  1.04750000e-07  0.00000000e+00  1.04750000e-07 -1.31583145e-08 
 1.05250000e-07  3.29999999e+00  1.05250000e-07  3.29999999e+00  1.05250000e-07  0.00000000e+00  1.05250000e-07 -1.29494303e-08 
 1.05750000e-07  3.29999999e+00  1.05750000e-07  3.29999999e+00  1.05750000e-07  0.00000000e+00  1.05750000e-07 -1.27467812e-08 
 1.06250000e-07  3.29999999e+00  1.06250000e-07  3.29999999e+00  1.06250000e-07  0.00000000e+00  1.06250000e-07 -1.25503163e-08 
 1.06750000e-07  3.29999999e+00  1.06750000e-07  3.29999999e+00  1.06750000e-07  0.00000000e+00  1.06750000e-07 -1.23595397e-08 
 1.07250000e-07  3.29999999e+00  1.07250000e-07  3.29999999e+00  1.07250000e-07  0.00000000e+00  1.07250000e-07 -1.21744318e-08 
 1.07750000e-07  3.29999999e+00  1.07750000e-07  3.29999999e+00  1.07750000e-07  0.00000000e+00  1.07750000e-07 -1.19945258e-08 
 1.08250000e-07  3.29999999e+00  1.08250000e-07  3.29999999e+00  1.08250000e-07  0.00000000e+00  1.08250000e-07 -1.18198292e-08 
 1.08750000e-07  3.29999999e+00  1.08750000e-07  3.29999999e+00  1.08750000e-07  0.00000000e+00  1.08750000e-07 -1.16499008e-08 
 1.09250000e-07  3.29999999e+00  1.09250000e-07  3.29999999e+00  1.09250000e-07  0.00000000e+00  1.09250000e-07 -1.14847714e-08 
 1.09750000e-07  3.29999999e+00  1.09750000e-07  3.29999999e+00  1.09750000e-07  0.00000000e+00  1.09750000e-07 -1.13240221e-08 
 1.10250000e-07  3.29999999e+00  1.10250000e-07  3.29999999e+00  1.10250000e-07  0.00000000e+00  1.10250000e-07 -1.11677041e-08 
 1.10750000e-07  3.29999999e+00  1.10750000e-07  3.29999999e+00  1.10750000e-07  0.00000000e+00  1.10750000e-07 -1.10154177e-08 
 1.11250000e-07  3.29999999e+00  1.11250000e-07  3.29999999e+00  1.11250000e-07  0.00000000e+00  1.11250000e-07 -1.08672323e-08 
 1.11750000e-07  3.29999999e+00  1.11750000e-07  3.29999999e+00  1.11750000e-07  0.00000000e+00  1.11750000e-07 -1.07227648e-08 
 1.12250000e-07  3.29999999e+00  1.12250000e-07  3.29999999e+00  1.12250000e-07  0.00000000e+00  1.12250000e-07 -1.05821006e-08 
 1.12750000e-07  3.29999999e+00  1.12750000e-07  3.29999999e+00  1.12750000e-07  0.00000000e+00  1.12750000e-07 -1.04448715e-08 
 1.13250000e-07  3.29999999e+00  1.13250000e-07  3.29999999e+00  1.13250000e-07  0.00000000e+00  1.13250000e-07 -1.03111766e-08 
 1.13750000e-07  3.29999999e+00  1.13750000e-07  3.29999999e+00  1.13750000e-07  0.00000000e+00  1.13750000e-07 -1.01806608e-08 
 1.14250000e-07  3.29999999e+00  1.14250000e-07  3.29999999e+00  1.14250000e-07  0.00000000e+00  1.14250000e-07 -1.00534356e-08 
 1.14750000e-07  3.29999999e+00  1.14750000e-07  3.29999999e+00  1.14750000e-07  0.00000000e+00  1.14750000e-07 -9.92915747e-09 
 1.15250000e-07  3.29999999e+00  1.15250000e-07  3.29999999e+00  1.15250000e-07  0.00000000e+00  1.15250000e-07 -9.80794869e-09 
 1.15750000e-07  3.29999999e+00  1.15750000e-07  3.29999999e+00  1.15750000e-07  0.00000000e+00  1.15750000e-07 -9.68947608e-09 
 1.16250000e-07  3.29999999e+00  1.16250000e-07  3.29999999e+00  1.16250000e-07  0.00000000e+00  1.16250000e-07 -9.57387159e-09 
 1.16750000e-07  3.29999999e+00  1.16750000e-07  3.29999999e+00  1.16750000e-07  0.00000000e+00  1.16750000e-07 -9.46081116e-09 
 1.17250000e-07  3.29999999e+00  1.17250000e-07  3.29999999e+00  1.17250000e-07  0.00000000e+00  1.17250000e-07 -9.35043538e-09 
 1.17750000e-07  3.29999999e+00  1.17750000e-07  3.29999999e+00  1.17750000e-07  0.00000000e+00  1.17750000e-07 -9.24242831e-09 
 1.18250000e-07  3.29999999e+00  1.18250000e-07  3.29999999e+00  1.18250000e-07  0.00000000e+00  1.18250000e-07 -9.13693826e-09 
 1.18750000e-07  3.29999999e+00  1.18750000e-07  3.29999999e+00  1.18750000e-07  0.00000000e+00  1.18750000e-07 -9.03365657e-09 
 1.19250000e-07  3.29999999e+00  1.19250000e-07  3.29999999e+00  1.19250000e-07  0.00000000e+00  1.19250000e-07 -8.93273845e-09 
 1.19750000e-07  3.29999999e+00  1.19750000e-07  3.29999999e+00  1.19750000e-07  0.00000000e+00  1.19750000e-07 -8.83388176e-09 
 1.20000000e-07  3.29999999e+00  1.20000000e-07  3.29999999e+00  1.20000000e-07  0.00000000e+00  1.20000000e-07 -8.78533926e-09 
 1.20010000e-07  3.32225770e+00  1.20010000e-07  3.32226092e+00  1.20010000e-07  3.30000000e-01  1.20010000e-07  4.12639103e-04 
 1.20030000e-07  3.36412322e+00  1.20030000e-07  3.36414624e+00  1.20030000e-07  9.90000000e-01  1.20030000e-07  4.61531922e-04 
 1.20070000e-07  3.44565797e+00  1.20070000e-07  3.44589428e+00  1.20070000e-07  2.31000000e+00  1.20070000e-07  4.57976518e-04 
 1.20100000e-07  3.48382697e+00  1.20100000e-07  3.48344863e+00  1.20100000e-07  3.30000000e+00  1.20100000e-07  2.91678540e-04 
 1.20104123e-07  3.48302308e+00  1.20104123e-07  3.48254630e+00  1.20104123e-07  3.30000000e+00  1.20104123e-07 -1.14139545e-05 
 1.20112369e-07  3.48061556e+00  1.20112369e-07  3.47984808e+00  1.20112369e-07  3.30000000e+00  1.20112369e-07 -3.88383877e-05 
 1.20128861e-07  3.47057285e+00  1.20128861e-07  3.46880266e+00  1.20128861e-07  3.30000000e+00  1.20128861e-07 -5.27489533e-05 
 1.20161845e-07  3.44253058e+00  1.20161845e-07  3.43918587e+00  1.20161845e-07  3.30000000e+00  1.20161845e-07 -7.13505296e-05 
 1.20212270e-07  3.27979246e+00  1.20212270e-07  3.28583855e+00  1.20212270e-07  3.30000000e+00  1.20212270e-07 -9.44256147e-05 
 1.20263887e-07  2.98796450e+00  1.20263887e-07  3.03820902e+00  1.20263887e-07  3.30000000e+00  1.20263887e-07 -1.29326438e-04 
 1.20331175e-07  2.59109092e+00  1.20331175e-07  2.66510326e+00  1.20331175e-07  3.30000000e+00  1.20331175e-07 -9.86507908e-05 
 1.20412117e-07  2.16080719e+00  1.20412117e-07  2.27026741e+00  1.20412117e-07  3.30000000e+00  1.20412117e-07 -1.69637674e-04 
 1.20534902e-07  1.66079488e+00  1.20534902e-07  1.97554396e+00  1.20534902e-07  3.30000000e+00  1.20534902e-07 -2.20478272e-04 
 1.20665419e-07  1.15248270e+00  1.20665419e-07  2.25506903e+00  1.20665419e-07  3.30000000e+00  1.20665419e-07 -3.29539727e-04 
 1.20785276e-07  7.67386224e-01  1.20785276e-07  2.74743800e+00  1.20785276e-07  3.30000000e+00  1.20785276e-07 -2.36367523e-04 
 1.20904188e-07  4.86867216e-01  1.20904188e-07  3.08453094e+00  1.20904188e-07  3.30000000e+00  1.20904188e-07 -1.70689860e-04 
 1.21030845e-07  2.56081554e-01  1.21030845e-07  3.21944845e+00  1.21030845e-07  3.30000000e+00  1.21030845e-07 -4.22248503e-05 
 1.21216123e-07  8.74928831e-02  1.21216123e-07  3.27744311e+00  1.21216123e-07  3.30000000e+00  1.21216123e-07 -4.60731958e-05 
 1.21458829e-07  1.41312074e-02  1.21458829e-07  3.29520979e+00  1.21458829e-07  3.30000000e+00  1.21458829e-07  2.01075506e-05 
 1.21711405e-07  3.44711474e-03  1.21711405e-07  3.29956158e+00  1.21711405e-07  3.30000000e+00  1.21711405e-07 -2.47797159e-05 
 1.22067009e-07 -1.07509597e-03  1.22067009e-07  3.29987412e+00  1.22067009e-07  3.30000000e+00  1.22067009e-07  2.40996380e-05 
 1.22526380e-07  9.40849064e-04  1.22526380e-07  3.30010572e+00  1.22526380e-07  3.30000000e+00  1.22526380e-07 -2.40251427e-05 
 1.23026380e-07 -8.67647930e-04  1.23026380e-07  3.29991406e+00  1.23026380e-07  3.30000000e+00  1.23026380e-07  2.39676069e-05 
 1.23526380e-07  8.14930383e-04  1.23526380e-07  3.30007026e+00  1.23526380e-07  3.30000000e+00  1.23526380e-07 -2.39130905e-05 
 1.24026380e-07 -7.62130636e-04  1.24026380e-07  3.29994075e+00  1.24026380e-07  3.30000000e+00  1.24026380e-07  2.38599490e-05 
 1.24526380e-07  7.19212922e-04  1.24526380e-07  3.30005046e+00  1.24526380e-07  3.30000000e+00  1.24526380e-07 -2.38094754e-05 
 1.25026380e-07 -6.74580787e-04  1.25026380e-07  3.29995591e+00  1.25026380e-07  3.30000000e+00  1.25026380e-07  2.37609579e-05 
 1.25526380e-07  6.37435222e-04  1.25526380e-07  3.30003851e+00  1.25526380e-07  3.30000000e+00  1.25526380e-07 -2.37153881e-05 
 1.26026380e-07 -5.98998131e-04  1.26026380e-07  3.29996570e+00  1.26026380e-07  3.30000000e+00  1.26026380e-07  2.36719155e-05 
 1.26526380e-07  5.66399124e-04  1.26526380e-07  3.30003031e+00  1.26526380e-07  3.30000000e+00  1.26526380e-07 -2.36312715e-05 
 1.27026380e-07 -5.32925037e-04  1.27026380e-07  3.29997279e+00  1.27026380e-07  3.30000000e+00  1.27026380e-07  2.35926175e-05 
 1.27526380e-07  5.04180691e-04  1.27526380e-07  3.30002413e+00  1.27526380e-07  3.30000000e+00  1.27526380e-07 -2.35565444e-05 
 1.28026380e-07 -4.74911103e-04  1.28026380e-07  3.29997829e+00  1.28026380e-07  3.30000000e+00  1.28026380e-07  2.35222618e-05 
 1.28526380e-07  4.49469096e-04  1.28526380e-07  3.30001922e+00  1.28526380e-07  3.30000000e+00  1.28526380e-07 -2.34902868e-05 
 1.29026380e-07 -4.23813607e-04  1.29026380e-07  3.29998272e+00  1.29026380e-07  3.30000000e+00  1.29026380e-07  2.34598925e-05 
 1.29526380e-07  4.01195416e-04  1.29526380e-07  3.30001523e+00  1.29526380e-07  3.30000000e+00  1.29526380e-07 -2.34315516e-05 
 1.30026380e-07 -3.78759232e-04  1.30026380e-07  3.29998636e+00  1.30026380e-07  3.30000000e+00  1.30026380e-07  2.34045884e-05 
 1.30526380e-07  3.58603114e-04  1.30526380e-07  3.30001195e+00  1.30526380e-07  3.30000000e+00  1.30526380e-07 -2.33794384e-05 
 1.31026380e-07 -3.38869113e-04  1.31026380e-07  3.29998935e+00  1.31026380e-07  3.30000000e+00  1.31026380e-07  2.33554991e-05 
 1.31526380e-07  3.20919575e-04  1.31526380e-07  3.30000924e+00  1.31526380e-07  3.30000000e+00  1.31526380e-07 -2.33331658e-05 
 1.32026380e-07 -3.03548920e-04  1.32026380e-07  3.29999183e+00  1.32026380e-07  3.30000000e+00  1.32026380e-07  2.33118876e-05 
 1.32526380e-07  2.87536433e-04  1.32526380e-07  3.30000700e+00  1.32526380e-07  3.30000000e+00  1.32526380e-07 -2.32920331e-05 
 1.33026380e-07 -2.72233639e-04  1.33026380e-07  3.29999387e+00  1.33026380e-07  3.30000000e+00  1.33026380e-07  2.32730974e-05 
 1.33526380e-07  2.57923577e-04  1.33526380e-07  3.30000515e+00  1.33526380e-07  3.30000000e+00  1.33526380e-07 -2.32554260e-05 
 1.34026380e-07 -2.44429877e-04  1.34026380e-07  3.29999556e+00  1.34026380e-07  3.30000000e+00  1.34026380e-07  2.32385547e-05 
 1.34526380e-07  2.31625098e-04  1.34526380e-07  3.30000364e+00  1.34526380e-07  3.30000000e+00  1.34526380e-07 -2.32228076e-05 
 1.35026380e-07 -2.19727838e-04  1.35026380e-07  3.29999694e+00  1.35026380e-07  3.30000000e+00  1.35026380e-07  2.32077552e-05 
 1.35526380e-07  2.08223228e-04  1.35526380e-07  3.30000240e+00  1.35526380e-07  3.30000000e+00  1.35526380e-07 -2.31937067e-05 
 1.36026380e-07 -1.97735038e-04  1.36026380e-07  3.29999806e+00  1.36026380e-07  3.30000000e+00  1.36026380e-07  2.31802632e-05 
 1.36526380e-07  1.87395582e-04  1.36526380e-07  3.30000139e+00  1.36526380e-07  3.30000000e+00  1.36526380e-07 -2.31677149e-05 
 1.37026380e-07 -1.78135418e-04  1.37026380e-07  3.29999897e+00  1.37026380e-07  3.30000000e+00  1.37026380e-07  2.31556927e-05 
 1.37526380e-07  1.68828265e-04  1.37526380e-07  3.30000057e+00  1.37526380e-07  3.30000000e+00  1.37526380e-07 -2.31444724e-05 
 1.38026380e-07 -1.60647393e-04  1.38026380e-07  3.29999970e+00  1.38026380e-07  3.30000000e+00  1.38026380e-07  2.31337055e-05 
 1.38526380e-07  1.52250953e-04  1.38526380e-07  3.29999993e+00  1.38526380e-07  3.30000000e+00  1.38526380e-07 -2.31236609e-05 
 1.39026380e-07 -1.45030286e-04  1.39026380e-07  3.30000028e+00  1.39026380e-07  3.30000000e+00  1.39026380e-07  2.31140116e-05 
 1.39526380e-07  1.37437920e-04  1.39526380e-07  3.29999942e+00  1.39526380e-07  3.30000000e+00  1.39526380e-07 -2.31050088e-05 
 1.40026380e-07 -1.31062667e-04  1.40026380e-07  3.30000074e+00  1.40026380e-07  3.30000000e+00  1.40026380e-07  2.30963485e-05 
 1.40526380e-07  1.24182062e-04  1.40526380e-07  3.29999902e+00  1.40526380e-07  3.30000000e+00  1.40526380e-07 -2.30882697e-05 
 1.41026380e-07 -1.18555669e-04  1.41026380e-07  3.30000110e+00  1.41026380e-07  3.30000000e+00  1.41026380e-07  2.30804881e-05 
 1.41526380e-07  1.12307832e-04  1.41526380e-07  3.29999872e+00  1.41526380e-07  3.30000000e+00  1.41526380e-07 -2.30732320e-05 
 1.42026380e-07 -1.07344435e-04  1.42026380e-07  3.30000136e+00  1.42026380e-07  3.30000000e+00  1.42026380e-07  2.30662316e-05 
 1.42526380e-07  1.01657978e-04  1.42526380e-07  3.29999849e+00  1.42526380e-07  3.30000000e+00  1.42526380e-07 -2.30597075e-05 
 1.43026380e-07 -9.72830670e-05  1.43026380e-07  3.30000156e+00  1.43026380e-07  3.30000000e+00  1.43026380e-07  2.30534026e-05 
 1.43526380e-07  9.20953464e-05  1.43526380e-07  3.29999833e+00  1.43526380e-07  3.30000000e+00  1.43526380e-07 -2.30475307e-05 
 1.44026380e-07 -8.82434992e-05  1.44026380e-07  3.30000169e+00  1.44026380e-07  3.30000000e+00  1.44026380e-07  2.30418460e-05 
 1.44526380e-07  8.34993548e-05  1.44526380e-07  3.29999822e+00  1.44526380e-07  3.30000000e+00  1.44526380e-07 -2.30365557e-05 
 1.45026380e-07 -8.01130334e-05  1.45026380e-07  3.30000178e+00  1.45026380e-07  3.30000000e+00  1.45026380e-07  2.30314246e-05 
 1.45526380e-07  7.57638483e-05  1.45526380e-07  3.29999816e+00  1.45526380e-07  3.30000000e+00  1.45526380e-07 -2.30266539e-05 
 1.46026380e-07 -7.27923831e-05  1.46026380e-07  3.30000183e+00  1.46026380e-07  3.30000000e+00  1.46026380e-07  2.30220175e-05 
 1.46526380e-07  6.87952656e-05  1.46526380e-07  3.29999812e+00  1.46526380e-07  3.30000000e+00  1.46526380e-07 -2.30177114e-05 
 1.47026380e-07 -6.61939782e-05  1.47026380e-07  3.30000185e+00  1.47026380e-07  3.30000000e+00  1.47026380e-07  2.30135177e-05 
 1.47526380e-07  6.25110496e-05  1.47526380e-07  3.29999812e+00  1.47526380e-07  3.30000000e+00  1.47526380e-07 -2.30096275e-05 
 1.48026380e-07 -6.02404936e-05  1.48026380e-07  3.30000185e+00  1.48026380e-07  3.30000000e+00  1.48026380e-07  2.30058303e-05 
 1.48526380e-07  5.68382677e-05  1.48526380e-07  3.29999814e+00  1.48526380e-07  3.30000000e+00  1.48526380e-07 -2.30023129e-05 
 1.49026380e-07 -5.48635706e-05  1.49026380e-07  3.30000182e+00  1.49026380e-07  3.30000000e+00  1.49026380e-07  2.29988714e-05 
 1.49526380e-07  5.17124127e-05  1.49526380e-07  3.29999817e+00  1.49526380e-07  3.30000000e+00  1.49526380e-07 -2.29956885e-05 
 1.50026380e-07 -5.00027049e-05  1.50026380e-07  3.30000178e+00  1.50026380e-07  3.30000000e+00  1.50026380e-07  2.29925663e-05 
 1.50526380e-07  4.70763606e-05  1.50526380e-07  3.29999822e+00  1.50526380e-07  3.30000000e+00  1.50526380e-07 -2.29896839e-05 
 1.51026380e-07 -4.56042805e-05  1.51026380e-07  3.30000173e+00  1.51026380e-07  3.30000000e+00  1.51026380e-07  2.29868487e-05 
 1.51526380e-07  4.28794645e-05  1.51526380e-07  3.29999828e+00  1.51526380e-07  3.30000000e+00  1.51526380e-07 -2.29842365e-05 
 1.52026380e-07 -4.16207277e-05  1.52026380e-07  3.30000167e+00  1.52026380e-07  3.30000000e+00  1.52026380e-07  2.29816597e-05 
 1.52526380e-07  3.90767647e-05  1.52526380e-07  3.29999834e+00  1.52526380e-07  3.30000000e+00  1.52526380e-07 -2.29792908e-05 
 1.53026380e-07 -3.80097901e-05  1.53026380e-07  3.30000161e+00  1.53026380e-07  3.30000000e+00  1.53026380e-07  2.29769466e-05 
 1.53526380e-07  3.56283017e-05  1.53526380e-07  3.29999841e+00  1.53526380e-07  3.30000000e+00  1.53526380e-07 -2.29747970e-05 
 1.54026380e-07 -3.47338858e-05  1.54026380e-07  3.30000153e+00  1.54026380e-07  3.30000000e+00  1.54026380e-07  2.29726626e-05 
 1.54526380e-07  3.24985165e-05  1.54526380e-07  3.29999848e+00  1.54526380e-07  3.30000000e+00  1.54526380e-07 -2.29707108e-05 
 1.55026380e-07 -3.17595493e-05  1.55026380e-07  3.30000146e+00  1.55026380e-07  3.30000000e+00  1.55026380e-07  2.29687658e-05 
 1.55526380e-07  2.96557274e-05  1.55526380e-07  3.29999856e+00  1.55526380e-07  3.30000000e+00  1.55526380e-07 -2.29669926e-05 
 1.56026380e-07 -2.90569444e-05  1.56026380e-07  3.30000139e+00  1.56026380e-07  3.30000000e+00  1.56026380e-07  2.29652188e-05 
 1.56526380e-07  2.70716725e-05  1.56526380e-07  3.29999863e+00  1.56526380e-07  3.30000000e+00  1.56526380e-07 -2.29636070e-05 
 1.57026380e-07 -2.65994391e-05  1.57026380e-07  3.30000131e+00  1.57026380e-07  3.30000000e+00  1.57026380e-07  2.29619880e-05 
 1.57526380e-07  2.47211105e-05  1.57526380e-07  3.29999871e+00  1.57526380e-07  3.30000000e+00  1.57526380e-07 -2.29605223e-05 
 1.58026380e-07 -2.43632325e-05  1.58026380e-07  3.30000124e+00  1.58026380e-07  3.30000000e+00  1.58026380e-07  2.29590433e-05 
 1.58526380e-07  2.25814709e-05  1.58526380e-07  3.29999878e+00  1.58526380e-07  3.30000000e+00  1.58526380e-07 -2.29577100e-05 
 1.59026380e-07 -2.23270288e-05  1.59026380e-07  3.30000117e+00  1.59026380e-07  3.30000000e+00  1.59026380e-07  2.29563580e-05 
 1.59526380e-07  2.06325469e-05  1.59526380e-07  3.29999885e+00  1.59526380e-07  3.30000000e+00  1.59526380e-07 -2.29551445e-05 
 1.60026380e-07 -2.04717513e-05  1.60026380e-07  3.30000110e+00  1.60026380e-07  3.30000000e+00  1.60026380e-07  2.29539076e-05 
 1.60526380e-07  1.88562275e-05  1.60526380e-07  3.29999892e+00  1.60526380e-07  3.30000000e+00  1.60526380e-07 -2.29528030e-05 
 1.61026380e-07 -1.87802915e-05  1.61026380e-07  3.30000103e+00  1.61026380e-07  3.30000000e+00  1.61026380e-07  2.29516705e-05 
 1.61526380e-07  1.72362611e-05  1.61526380e-07  3.29999899e+00  1.61526380e-07  3.30000000e+00  1.61526380e-07 -2.29506646e-05 
 1.62026380e-07 -1.72372886e-05  1.62026380e-07  3.30000097e+00  1.62026380e-07  3.30000000e+00  1.62026380e-07  2.29496270e-05 
 1.62526380e-07  1.57580481e-05  1.62526380e-07  3.29999905e+00  1.62526380e-07  3.30000000e+00  1.62526380e-07 -2.29487108e-05 
 1.63026380e-07 -1.58289355e-05  1.63026380e-07  3.30000090e+00  1.63026380e-07  3.30000000e+00  1.63026380e-07  2.29477595e-05 
 1.63526380e-07  1.44084586e-05  1.63526380e-07  3.29999911e+00  1.63526380e-07  3.30000000e+00  1.63526380e-07 -2.29469249e-05 
 1.64026380e-07 -1.45428084e-05  1.64026380e-07  3.30000084e+00  1.64026380e-07  3.30000000e+00  1.64026380e-07  2.29460520e-05 
 1.64526380e-07  1.31756717e-05  1.64526380e-07  3.29999917e+00  1.64526380e-07  3.30000000e+00  1.64526380e-07 -2.29452916e-05 
 1.65026380e-07 -1.33677160e-05  1.65026380e-07  3.30000079e+00  1.65026380e-07  3.30000000e+00  1.65026380e-07  2.29444901e-05 
 1.65526380e-07  1.30467206e-05  1.65526380e-07  3.29999918e+00  1.65526380e-07  3.30000000e+00  1.65526380e-07 -2.29437901e-05 
 1.66026380e-07 -1.05047956e-05  1.66026380e-07  3.30000056e+00  1.66026380e-07  3.30000000e+00  1.66026380e-07  2.29429124e-05 
 1.66526380e-07  1.25854708e-05  1.66526380e-07  3.29999910e+00  1.66526380e-07  3.30000000e+00  1.66526380e-07 -2.29425668e-05 
 1.67026380e-07 -9.79776133e-06  1.67026380e-07  3.30000053e+00  1.67026380e-07  3.30000000e+00  1.67026380e-07  2.29416307e-05 
 1.67526380e-07  1.15443090e-05  1.67526380e-07  3.29999917e+00  1.67526380e-07  3.30000000e+00  1.67526380e-07 -2.29412977e-05 
 1.68026380e-07 -9.02184353e-06  1.68026380e-07  3.30000048e+00  1.68026380e-07  3.30000000e+00  1.68026380e-07  2.29404359e-05 
 1.68526380e-07  1.05647446e-05  1.68526380e-07  3.29999924e+00  1.68526380e-07  3.30000000e+00  1.68526380e-07 -2.29401364e-05 
 1.69026380e-07 -8.30677941e-06  1.69026380e-07  3.30000045e+00  1.69026380e-07  3.30000000e+00  1.69026380e-07  2.29393448e-05 
 1.69526380e-07  9.66634798e-06  1.69526380e-07  3.29999929e+00  1.69526380e-07  3.30000000e+00  1.69526380e-07 -2.29390749e-05 
 1.70026380e-07 -7.65266198e-06  1.70026380e-07  3.30000041e+00  1.70026380e-07  3.30000000e+00  1.70026380e-07  2.29383466e-05 
 1.70100000e-07  7.06830818e-06  1.70100000e-07  3.29999944e+00  1.70100000e-07  3.30000000e+00  1.70100000e-07 -2.29357407e-05 
 1.70110000e-07 -3.04200600e-03  1.70110000e-07  3.29706048e+00  1.70110000e-07  2.97000000e+00  1.70110000e-07 -2.80796208e-04 
 1.70130000e-07 -2.17235981e-02  1.70130000e-07  3.27724177e+00  1.70130000e-07  2.31000000e+00  1.70130000e-07 -3.66787904e-04 
 1.70170000e-07 -3.00762754e-02  1.70170000e-07  3.24451336e+00  1.70170000e-07  9.90000000e-01  1.70170000e-07 -7.90315036e-04 
 1.70200000e-07  4.74904327e-02  1.70200000e-07  3.25859118e+00  1.70200000e-07  4.07229805e-13  1.70200000e-07 -1.13769056e-03 
 1.70203589e-07  6.68244713e-02  1.70203589e-07  3.26810711e+00  1.70203589e-07  0.00000000e+00  1.70203589e-07 -7.90074224e-04 
 1.70210766e-07  1.05049555e-01  1.70210766e-07  3.28576918e+00  1.70210766e-07  0.00000000e+00  1.70210766e-07 -7.76656193e-04 
 1.70225122e-07  1.78960786e-01  1.70225122e-07  3.31497083e+00  1.70225122e-07  0.00000000e+00  1.70225122e-07 -7.57056079e-04 
 1.70253832e-07  3.21654792e-01  1.70253832e-07  3.35521511e+00  1.70253832e-07  0.00000000e+00  1.70253832e-07 -7.20786024e-04 
 1.70311253e-07  6.15823826e-01  1.70311253e-07  3.39960571e+00  1.70311253e-07  0.00000000e+00  1.70311253e-07 -6.71127414e-04 
 1.70412456e-07  1.27592940e+00  1.70412456e-07  3.46995808e+00  1.70412456e-07  0.00000000e+00  1.70412456e-07 -4.81195693e-04 
 1.70506871e-07  1.92175299e+00  1.70506871e-07  3.51314679e+00  1.70506871e-07  0.00000000e+00  1.70506871e-07 -2.76720454e-04 
 1.70627775e-07  2.49825161e+00  1.70627775e-07  3.47117074e+00  1.70627775e-07  0.00000000e+00  1.70627775e-07 -1.31782559e-04 
 1.70738319e-07  2.82255654e+00  1.70738319e-07  3.42574181e+00  1.70738319e-07  0.00000000e+00  1.70738319e-07 -5.87961689e-05 
 1.70879713e-07  3.08718247e+00  1.70879713e-07  3.36977847e+00  1.70879713e-07  0.00000000e+00  1.70879713e-07 -2.63722659e-05 
 1.71045722e-07  3.22551210e+00  1.71045722e-07  3.33051382e+00  1.71045722e-07  0.00000000e+00  1.71045722e-07 -1.23867358e-05 
 1.71240973e-07  3.27989414e+00  1.71240973e-07  3.31036869e+00  1.71240973e-07  0.00000000e+00  1.71240973e-07 -6.13070593e-07 
 1.71573333e-07  3.29975201e+00  1.71573333e-07  3.30069431e+00  1.71573333e-07  0.00000000e+00  1.71573333e-07 -3.59674203e-06 
 1.72035624e-07  3.30001215e+00  1.72035624e-07  3.29987655e+00  1.72035624e-07  0.00000000e+00  1.72035624e-07  2.18914391e-06 
 1.72535624e-07  3.30000546e+00  1.72535624e-07  3.30003821e+00  1.72535624e-07  0.00000000e+00  1.72535624e-07 -3.18671165e-06 
 1.73035624e-07  3.29999871e+00  1.73035624e-07  3.29998716e+00  1.73035624e-07  0.00000000e+00  1.73035624e-07  2.52664606e-06 
 1.73535624e-07  3.30000156e+00  1.73535624e-07  3.30000816e+00  1.73535624e-07  0.00000000e+00  1.73535624e-07 -3.06794191e-06 
 1.74035624e-07  3.30000002e+00  1.74035624e-07  3.29999601e+00  1.74035624e-07  0.00000000e+00  1.74035624e-07  2.65316927e-06 
 1.74535624e-07  3.30000049e+00  1.74535624e-07  3.30000359e+00  1.74535624e-07  0.00000000e+00  1.74535624e-07 -3.01395034e-06 
 1.75035624e-07  3.30000012e+00  1.75035624e-07  3.29999819e+00  1.75035624e-07  0.00000000e+00  1.75035624e-07  2.71721579e-06 
 1.75535624e-07  3.30000023e+00  1.75535624e-07  3.30000181e+00  1.75535624e-07  0.00000000e+00  1.75535624e-07 -2.98299322e-06 
 1.76035624e-07  3.30000009e+00  1.76035624e-07  3.29999912e+00  1.76035624e-07  0.00000000e+00  1.76035624e-07  2.75371806e-06 
 1.76535624e-07  3.30000014e+00  1.76535624e-07  3.30000098e+00  1.76535624e-07  0.00000000e+00  1.76535624e-07 -2.96269552e-06 
 1.77035624e-07  3.30000007e+00  1.77035624e-07  3.29999958e+00  1.77035624e-07  0.00000000e+00  1.77035624e-07  2.77684860e-06 
 1.77535624e-07  3.30000009e+00  1.77535624e-07  3.30000054e+00  1.77535624e-07  0.00000000e+00  1.77535624e-07 -2.94820348e-06 
 1.78035624e-07  3.30000005e+00  1.78035624e-07  3.29999981e+00  1.78035624e-07  0.00000000e+00  1.78035624e-07  2.79253267e-06 
 1.78535624e-07  3.30000006e+00  1.78535624e-07  3.30000031e+00  1.78535624e-07  0.00000000e+00  1.78535624e-07 -2.93731206e-06 
 1.79035624e-07  3.30000004e+00  1.79035624e-07  3.29999993e+00  1.79035624e-07  0.00000000e+00  1.79035624e-07  2.80375845e-06 
 1.79535624e-07  3.30000004e+00  1.79535624e-07  3.30000018e+00  1.79535624e-07  0.00000000e+00  1.79535624e-07 -2.92884812e-06 
 1.80035624e-07  3.30000003e+00  1.80035624e-07  3.29999998e+00  1.80035624e-07  0.00000000e+00  1.80035624e-07  2.81215393e-06 
 1.80535624e-07  3.30000003e+00  1.80535624e-07  3.30000011e+00  1.80535624e-07  0.00000000e+00  1.80535624e-07 -2.92210950e-06 
 1.81035624e-07  3.30000002e+00  1.81035624e-07  3.30000000e+00  1.81035624e-07  0.00000000e+00  1.81035624e-07  2.81866088e-06 
 1.81535624e-07  3.30000002e+00  1.81535624e-07  3.30000007e+00  1.81535624e-07  0.00000000e+00  1.81535624e-07 -2.91664097e-06 
 1.82035624e-07  3.30000001e+00  1.82035624e-07  3.30000001e+00  1.82035624e-07  0.00000000e+00  1.82035624e-07  2.82385198e-06 
 1.82535624e-07  3.30000001e+00  1.82535624e-07  3.30000005e+00  1.82535624e-07  0.00000000e+00  1.82535624e-07 -2.91213122e-06 
 1.83035624e-07  3.30000001e+00  1.83035624e-07  3.30000002e+00  1.83035624e-07  0.00000000e+00  1.83035624e-07  2.82809136e-06 
 1.83535624e-07  3.30000001e+00  1.83535624e-07  3.30000003e+00  1.83535624e-07  0.00000000e+00  1.83535624e-07 -2.90835977e-06 
 1.84035624e-07  3.30000001e+00  1.84035624e-07  3.30000002e+00  1.84035624e-07  0.00000000e+00  1.84035624e-07  2.83162020e-06 
 1.84535624e-07  3.30000000e+00  1.84535624e-07  3.30000002e+00  1.84535624e-07  0.00000000e+00  1.84535624e-07 -2.90516647e-06 
 1.85035624e-07  3.30000000e+00  1.85035624e-07  3.30000001e+00  1.85035624e-07  0.00000000e+00  1.85035624e-07  2.83460406e-06 
 1.85535624e-07  3.30000000e+00  1.85535624e-07  3.30000002e+00  1.85535624e-07  0.00000000e+00  1.85535624e-07 -2.90243267e-06 
 1.86035624e-07  3.30000000e+00  1.86035624e-07  3.30000001e+00  1.86035624e-07  0.00000000e+00  1.86035624e-07  2.83716040e-06 
 1.86535624e-07  3.30000000e+00  1.86535624e-07  3.30000001e+00  1.86535624e-07  0.00000000e+00  1.86535624e-07 -2.90006895e-06 
 1.87035624e-07  3.30000000e+00  1.87035624e-07  3.30000001e+00  1.87035624e-07  0.00000000e+00  1.87035624e-07  2.83937476e-06 
 1.87535624e-07  3.30000000e+00  1.87535624e-07  3.30000001e+00  1.87535624e-07  0.00000000e+00  1.87535624e-07 -2.89800695e-06 
 1.88035624e-07  3.30000000e+00  1.88035624e-07  3.30000001e+00  1.88035624e-07  0.00000000e+00  1.88035624e-07  2.84131120e-06 
 1.88535624e-07  3.30000000e+00  1.88535624e-07  3.30000001e+00  1.88535624e-07  0.00000000e+00  1.88535624e-07 -2.89619374e-06 
 1.89035624e-07  3.30000000e+00  1.89035624e-07  3.30000000e+00  1.89035624e-07  0.00000000e+00  1.89035624e-07  2.84301861e-06 
 1.89535624e-07  3.30000000e+00  1.89535624e-07  3.30000000e+00  1.89535624e-07  0.00000000e+00  1.89535624e-07 -2.89458779e-06 
 1.90035624e-07  3.30000000e+00  1.90035624e-07  3.30000000e+00  1.90035624e-07  0.00000000e+00  1.90035624e-07  2.84453499e-06 
 1.90535624e-07  3.30000000e+00  1.90535624e-07  3.30000000e+00  1.90535624e-07  0.00000000e+00  1.90535624e-07 -2.89315616e-06 
 1.91035624e-07  3.29999999e+00  1.91035624e-07  3.30000000e+00  1.91035624e-07  0.00000000e+00  1.91035624e-07  2.84589038e-06 
 1.91535624e-07  3.29999999e+00  1.91535624e-07  3.30000000e+00  1.91535624e-07  0.00000000e+00  1.91535624e-07 -2.89187240e-06 
 1.92035624e-07  3.29999999e+00  1.92035624e-07  3.30000000e+00  1.92035624e-07  0.00000000e+00  1.92035624e-07  2.84710885e-06 
 1.92535624e-07  3.29999999e+00  1.92535624e-07  3.30000000e+00  1.92535624e-07  0.00000000e+00  1.92535624e-07 -2.89071508e-06 
 1.93035624e-07  3.29999999e+00  1.93035624e-07  3.30000000e+00  1.93035624e-07  0.00000000e+00  1.93035624e-07  2.84820990e-06 
 1.93535624e-07  3.29999999e+00  1.93535624e-07  3.30000000e+00  1.93535624e-07  0.00000000e+00  1.93535624e-07 -2.88966669e-06 
 1.94035624e-07  3.29999999e+00  1.94035624e-07  3.30000000e+00  1.94035624e-07  0.00000000e+00  1.94035624e-07  2.84920951e-06 
 1.94535624e-07  3.29999999e+00  1.94535624e-07  3.30000000e+00  1.94535624e-07  0.00000000e+00  1.94535624e-07 -2.88871276e-06 
 1.95035624e-07  3.29999999e+00  1.95035624e-07  3.30000000e+00  1.95035624e-07  0.00000000e+00  1.95035624e-07  2.85012092e-06 
 1.95535624e-07  3.29999999e+00  1.95535624e-07  3.30000000e+00  1.95535624e-07  0.00000000e+00  1.95535624e-07 -2.88784123e-06 
 1.96035624e-07  3.29999999e+00  1.96035624e-07  3.30000000e+00  1.96035624e-07  0.00000000e+00  1.96035624e-07  2.85095515e-06 
 1.96535624e-07  3.29999999e+00  1.96535624e-07  3.30000000e+00  1.96535624e-07  0.00000000e+00  1.96535624e-07 -2.88704203e-06 
 1.97035624e-07  3.29999999e+00  1.97035624e-07  3.30000000e+00  1.97035624e-07  0.00000000e+00  1.97035624e-07  2.85172149e-06 
 1.97535624e-07  3.29999999e+00  1.97535624e-07  3.29999999e+00  1.97535624e-07  0.00000000e+00  1.97535624e-07 -2.88630662e-06 
 1.98035624e-07  3.29999999e+00  1.98035624e-07  3.29999999e+00  1.98035624e-07  0.00000000e+00  1.98035624e-07  2.85242780e-06 
 1.98535624e-07  3.29999999e+00  1.98535624e-07  3.29999999e+00  1.98535624e-07  0.00000000e+00  1.98535624e-07 -2.88562775e-06 
 1.99035624e-07  3.29999999e+00  1.99035624e-07  3.29999999e+00  1.99035624e-07  0.00000000e+00  1.99035624e-07  2.85308077e-06 
 1.99535624e-07  3.29999999e+00  1.99535624e-07  3.29999999e+00  1.99535624e-07  0.00000000e+00  1.99535624e-07 -2.88499924e-06 
 2.00000000e-07  3.29999999e+00  2.00000000e-07  3.29999999e+00  2.00000000e-07  0.00000000e+00  2.00000000e-07  2.85366535e-06 
 2.00050000e-07  3.29999999e+00  2.00050000e-07  3.29999999e+00  2.00050000e-07  0.00000000e+00  2.00050000e-07 -1.54998043e-08 
 2.00150000e-07  3.29999999e+00  2.00150000e-07  3.29999999e+00  2.00150000e-07  0.00000000e+00  2.00150000e-07 -1.54415755e-08 
 2.00350000e-07  3.29999999e+00  2.00350000e-07  3.29999999e+00  2.00350000e-07  0.00000000e+00  2.00350000e-07 -1.53267909e-08 
 2.00750000e-07  3.29999999e+00  2.00750000e-07  3.29999999e+00  2.00750000e-07  0.00000000e+00  2.00750000e-07 -1.51018997e-08 
 2.01250000e-07  3.29999999e+00  2.01250000e-07  3.29999999e+00  2.01250000e-07  0.00000000e+00  2.01250000e-07 -1.48297922e-08 
 2.01750000e-07  3.29999999e+00  2.01750000e-07  3.29999999e+00  2.01750000e-07  0.00000000e+00  2.01750000e-07 -1.45669273e-08 
 2.02250000e-07  3.29999999e+00  2.02250000e-07  3.29999999e+00  2.02250000e-07  0.00000000e+00  2.02250000e-07 -1.43130772e-08 
 2.02750000e-07  3.29999999e+00  2.02750000e-07  3.29999999e+00  2.02750000e-07  0.00000000e+00  2.02750000e-07 -1.40675656e-08 
 2.03250000e-07  3.29999999e+00  2.03250000e-07  3.29999999e+00  2.03250000e-07  0.00000000e+00  2.03250000e-07 -1.38302183e-08 
 2.03750000e-07  3.29999999e+00  2.03750000e-07  3.29999999e+00  2.03750000e-07  0.00000000e+00  2.03750000e-07 -1.36004163e-08 
 2.04250000e-07  3.29999999e+00  2.04250000e-07  3.29999999e+00  2.04250000e-07  0.00000000e+00  2.04250000e-07 -1.33780330e-08 
 2.04750000e-07  3.29999999e+00  2.04750000e-07  3.29999999e+00  2.04750000e-07  0.00000000e+00  2.04750000e-07 -1.31624970e-08 
 2.05250000e-07  3.29999999e+00  2.05250000e-07  3.29999999e+00  2.05250000e-07  0.00000000e+00  2.05250000e-07 -1.29537228e-08 
 2.05750000e-07  3.29999999e+00  2.05750000e-07  3.29999999e+00  2.05750000e-07  0.00000000e+00  2.05750000e-07 -1.27511794e-08 
 2.06250000e-07  3.29999999e+00  2.06250000e-07  3.29999999e+00  2.06250000e-07  0.00000000e+00  2.06250000e-07 -1.25548172e-08 
 2.06750000e-07  3.29999999e+00  2.06750000e-07  3.29999999e+00  2.06750000e-07  0.00000000e+00  2.06750000e-07 -1.23641393e-08 
 2.07250000e-07  3.29999999e+00  2.07250000e-07  3.29999999e+00  2.07250000e-07  0.00000000e+00  2.07250000e-07 -1.21791271e-08 
 2.07750000e-07  3.29999999e+00  2.07750000e-07  3.29999999e+00  2.07750000e-07  0.00000000e+00  2.07750000e-07 -1.19993134e-08 
 2.08250000e-07  3.29999999e+00  2.08250000e-07  3.29999999e+00  2.08250000e-07  0.00000000e+00  2.08250000e-07 -1.18247066e-08 
 2.08750000e-07  3.29999999e+00  2.08750000e-07  3.29999999e+00  2.08750000e-07  0.00000000e+00  2.08750000e-07 -1.16548645e-08 
 2.09250000e-07  3.29999999e+00  2.09250000e-07  3.29999999e+00  2.09250000e-07  0.00000000e+00  2.09250000e-07 -1.14898193e-08 
 2.09750000e-07  3.29999999e+00  2.09750000e-07  3.29999999e+00  2.09750000e-07  0.00000000e+00  2.09750000e-07 -1.13291510e-08 
 2.10250000e-07  3.29999999e+00  2.10250000e-07  3.29999999e+00  2.10250000e-07  0.00000000e+00  2.10250000e-07 -1.11729121e-08 
 2.10750000e-07  3.29999999e+00  2.10750000e-07  3.29999999e+00  2.10750000e-07  0.00000000e+00  2.10750000e-07 -1.10207018e-08 
 2.11250000e-07  3.29999999e+00  2.11250000e-07  3.29999999e+00  2.11250000e-07  0.00000000e+00  2.11250000e-07 -1.08725907e-08 
 2.11750000e-07  3.29999999e+00  2.11750000e-07  3.29999999e+00  2.11750000e-07  0.00000000e+00  2.11750000e-07 -1.07281950e-08 
 2.12250000e-07  3.29999999e+00  2.12250000e-07  3.29999999e+00  2.12250000e-07  0.00000000e+00  2.12250000e-07 -1.05876008e-08 
 2.12750000e-07  3.29999999e+00  2.12750000e-07  3.29999999e+00  2.12750000e-07  0.00000000e+00  2.12750000e-07 -1.04504393e-08 
 2.13250000e-07  3.29999999e+00  2.13250000e-07  3.29999999e+00  2.13250000e-07  0.00000000e+00  2.13250000e-07 -1.03168104e-08 
 2.13750000e-07  3.29999999e+00  2.13750000e-07  3.29999999e+00  2.13750000e-07  0.00000000e+00  2.13750000e-07 -1.01863584e-08 
 2.14250000e-07  3.29999999e+00  2.14250000e-07  3.29999999e+00  2.14250000e-07  0.00000000e+00  2.14250000e-07 -1.00591956e-08 
 2.14750000e-07  3.29999999e+00  2.14750000e-07  3.29999999e+00  2.14750000e-07  0.00000000e+00  2.14750000e-07 -9.93497768e-09 
 2.15250000e-07  3.29999999e+00  2.15250000e-07  3.29999999e+00  2.15250000e-07  0.00000000e+00  2.15250000e-07 -9.81382794e-09 
 2.15750000e-07  3.29999999e+00  2.15750000e-07  3.29999999e+00  2.15750000e-07  0.00000000e+00  2.15750000e-07 -9.69541233e-09 
 2.16250000e-07  3.29999999e+00  2.16250000e-07  3.29999999e+00  2.16250000e-07  0.00000000e+00  2.16250000e-07 -9.57986376e-09 
 2.16750000e-07  3.29999999e+00  2.16750000e-07  3.29999999e+00  2.16750000e-07  0.00000000e+00  2.16750000e-07 -9.46685734e-09 
 2.17250000e-07  3.29999999e+00  2.17250000e-07  3.29999999e+00  2.17250000e-07  0.00000000e+00  2.17250000e-07 -9.35653458e-09 
 2.17750000e-07  3.29999999e+00  2.17750000e-07  3.29999999e+00  2.17750000e-07  0.00000000e+00  2.17750000e-07 -9.24857873e-09 
 2.18250000e-07  3.29999999e+00  2.18250000e-07  3.29999999e+00  2.18250000e-07  0.00000000e+00  2.18250000e-07 -9.14313902e-09 
 2.18750000e-07  3.29999999e+00  2.18750000e-07  3.29999999e+00  2.18750000e-07  0.00000000e+00  2.18750000e-07 -9.03990597e-09 
 2.19250000e-07  3.29999999e+00  2.19250000e-07  3.29999999e+00  2.19250000e-07  0.00000000e+00  2.19250000e-07 -8.93903570e-09 
 2.19750000e-07  3.29999999e+00  2.19750000e-07  3.29999999e+00  2.19750000e-07  0.00000000e+00  2.19750000e-07 -8.84022524e-09 
 2.20000000e-07  3.29999999e+00  2.20000000e-07  3.29999999e+00  2.20000000e-07  0.00000000e+00  2.20000000e-07 -8.79170576e-09 
 2.20010000e-07  3.32225746e+00  2.20010000e-07  3.32226109e+00  2.20010000e-07  3.30000000e-01  2.20010000e-07  4.12638100e-04 
 2.20030000e-07  3.36412277e+00  2.20030000e-07  3.36414654e+00  2.20030000e-07  9.90000000e-01  2.20030000e-07  4.61530572e-04 
 2.20070000e-07  3.44567097e+00  2.20070000e-07  3.44588437e+00  2.20070000e-07  2.31000000e+00  2.20070000e-07  4.58006593e-04 
 2.20100000e-07  3.48380802e+00  2.20100000e-07  3.48346863e+00  2.20100000e-07  3.30000000e+00  2.20100000e-07  2.91572229e-04 
 2.20104124e-07  3.48299527e+00  2.20104124e-07  3.48257570e+00  2.20104124e-07  3.30000000e+00  2.20104124e-07 -1.15204463e-05 
 2.20112372e-07  3.48056168e+00  2.20112372e-07  3.47990490e+00  2.20112372e-07  3.30000000e+00  2.20112372e-07 -3.88584496e-05 
 2.20128867e-07  3.47042270e+00  2.20128867e-07  3.46894767e+00  2.20128867e-07  3.30000000e+00  2.20128867e-07 -5.27600662e-05 
 2.20161858e-07  3.44222631e+00  2.20161858e-07  3.43947279e+00  2.20161858e-07  3.30000000e+00  2.20161858e-07 -7.13474864e-05 
 2.20212737e-07  3.27816680e+00  2.20212737e-07  3.28323044e+00  2.20212737e-07  3.30000000e+00  2.20212737e-07 -9.48530917e-05 
 2.20264759e-07  2.98760015e+00  2.20264759e-07  3.02879811e+00  2.20264759e-07  3.30000000e+00  2.20264759e-07 -1.29070415e-04 
 2.20332742e-07  2.58924260e+00  2.20332742e-07  2.64958059e+00  2.20332742e-07  3.30000000e+00  2.20332742e-07 -9.89398476e-05 
 2.20414477e-07  2.15969139e+00  2.20414477e-07  2.24994004e+00  2.20414477e-07  3.30000000e+00  2.20414477e-07 -1.71140484e-04 
 2.20539747e-07  1.67150249e+00  2.20539747e-07  1.94274977e+00  2.20539747e-07  3.30000000e+00  2.20539747e-07 -2.22758559e-04 
 2.20672318e-07  1.18124275e+00  2.20672318e-07  2.20522182e+00  2.20672318e-07  3.30000000e+00  2.20672318e-07 -3.30173178e-04 
 2.20800365e-07  7.68994119e-01  2.20800365e-07  2.73155718e+00  2.20800365e-07  3.30000000e+00  2.20800365e-07 -2.40741697e-04 
 2.20918268e-07  4.91546380e-01  2.20918268e-07  3.07731758e+00  2.20918268e-07  3.30000000e+00  2.20918268e-07 -1.73894961e-04 
 2.21044897e-07  2.60783887e-01  2.21044897e-07  3.21775843e+00  2.21044897e-07  3.30000000e+00  2.21044897e-07 -4.33107228e-05 
 2.21236600e-07  8.49918116e-02  2.21236600e-07  3.27831262e+00  2.21236600e-07  3.30000000e+00  2.21236600e-07 -4.55171007e-05 
 2.21470427e-07  1.55474141e-02  2.21470427e-07  3.29488516e+00  2.21470427e-07  3.30000000e+00  2.21470427e-07  2.00002923e-05 
 2.21737838e-07  2.89478420e-03  2.21737838e-07  3.29964891e+00  2.21737838e-07  3.30000000e+00  2.21737838e-07 -2.49409084e-05 
 2.22074730e-07 -7.66536075e-04  2.22074730e-07  3.29986387e+00  2.22074730e-07  3.30000000e+00  2.22074730e-07  2.43504908e-05 
 2.22563265e-07  7.07494563e-04  2.22563265e-07  3.30010213e+00  2.22563265e-07  3.30000000e+00  2.22563265e-07 -2.43115924e-05 
 2.23063265e-07 -6.57535159e-04  2.23063265e-07  3.29991972e+00  2.23063265e-07  3.30000000e+00  2.23063265e-07  2.42712578e-05 
 2.23563265e-07  6.17150303e-04  2.23563265e-07  3.30006486e+00  2.23563265e-07  3.30000000e+00  2.23563265e-07 -2.42308127e-05 
 2.24063265e-07 -5.77259721e-04  2.24063265e-07  3.29994549e+00  2.24063265e-07  3.30000000e+00  2.24063265e-07  2.41905141e-05 
 2.24563265e-07  5.43457061e-04  2.24563265e-07  3.30004655e+00  2.24563265e-07  3.30000000e+00  2.24563265e-07 -2.41518921e-05 
 2.25063265e-07 -5.09603583e-04  2.25063265e-07  3.29995913e+00  2.25063265e-07  3.30000000e+00  2.25063265e-07  2.41145902e-05 
 2.25563265e-07  4.80351936e-04  2.25563265e-07  3.30003601e+00  2.25563265e-07  3.30000000e+00  2.25563265e-07 -2.40794899e-05 
 2.26063265e-07 -4.51119818e-04  2.26063265e-07  3.29996768e+00  2.26063265e-07  3.30000000e+00  2.26063265e-07  2.40459878e-05 
 2.26563265e-07  4.25488775e-04  2.26563265e-07  3.30002888e+00  2.26563265e-07  3.30000000e+00  2.26563265e-07 -2.40146879e-05 
 2.27063265e-07 -4.00066971e-04  2.27063265e-07  3.29997382e+00  2.27063265e-07  3.30000000e+00  2.27063265e-07  2.39849402e-05 
 2.27563265e-07  3.77478326e-04  2.27563265e-07  3.30002351e+00  2.27563265e-07  3.30000000e+00  2.27563265e-07 -2.39572249e-05 
 2.28063265e-07 -3.55299678e-04  2.28063265e-07  3.29997862e+00  2.28063265e-07  3.30000000e+00  2.28063265e-07  2.39309157e-05 
 2.28563265e-07  3.35310013e-04  2.28563265e-07  3.30001921e+00  2.28563265e-07  3.30000000e+00  2.28563265e-07 -2.39064314e-05 
 2.29063265e-07 -3.15980066e-04  2.29063265e-07  3.29998253e+00  2.29063265e-07  3.30000000e+00  2.29063265e-07  2.38831836e-05 
 2.29563265e-07  2.98230723e-04  2.29563265e-07  3.30001566e+00  2.29563265e-07  3.30000000e+00  2.29563265e-07 -2.38615541e-05 
 2.30063265e-07 -2.81329170e-04  2.30063265e-07  3.29998578e+00  2.30063265e-07  3.30000000e+00  2.30063265e-07  2.38410086e-05 
 2.30563265e-07  2.65581660e-04  2.30563265e-07  3.30001271e+00  2.30563265e-07  3.30000000e+00  2.30563265e-07 -2.38218927e-05 
 2.31063265e-07 -2.50787141e-04  2.31063265e-07  3.29998849e+00  2.31063265e-07  3.30000000e+00  2.31063265e-07  2.38037181e-05 
 2.31563265e-07  2.36789108e-04  2.31563265e-07  3.30001024e+00  2.31563265e-07  3.30000000e+00  2.31563265e-07 -2.37868078e-05 
 2.32063265e-07 -2.23833210e-04  2.32063265e-07  3.29999076e+00  2.32063265e-07  3.30000000e+00  2.32063265e-07  2.37707133e-05 
 2.32563265e-07  2.11356434e-04  2.32563265e-07  3.30000817e+00  2.32563265e-07  3.30000000e+00  2.32563265e-07 -2.37557394e-05 
 2.33063265e-07 -2.00044245e-04  2.33063265e-07  3.29999265e+00  2.33063265e-07  3.30000000e+00  2.33063265e-07  2.37414682e-05 
 2.33563265e-07  1.88878126e-04  2.33563265e-07  3.30000645e+00  2.33563265e-07  3.30000000e+00  2.33563265e-07 -2.37281906e-05 
 2.34063265e-07 -1.78970125e-04  2.34063265e-07  3.29999424e+00  2.34063265e-07  3.30000000e+00  2.34063265e-07  2.37155247e-05 
 2.34563265e-07  1.68993891e-04  2.34563265e-07  3.30000501e+00  2.34563265e-07  3.30000000e+00  2.34563265e-07 -2.37037399e-05 
 2.35063265e-07 -1.60309185e-04  2.35063265e-07  3.29999555e+00  2.35063265e-07  3.30000000e+00  2.35063265e-07  2.36924830e-05 
 2.35563265e-07  1.51375900e-04  2.35563265e-07  3.30000382e+00  2.35563265e-07  3.30000000e+00  2.35563265e-07 -2.36820107e-05 
 2.36063265e-07 -1.43763807e-04  2.36063265e-07  3.29999664e+00  2.36063265e-07  3.30000000e+00  2.36063265e-07  2.36719934e-05 
 2.36563265e-07  1.35746677e-04  2.36563265e-07  3.30000284e+00  2.36563265e-07  3.30000000e+00  2.36563265e-07 -2.36626764e-05 
 2.37063265e-07 -1.29073210e-04  2.37063265e-07  3.29999754e+00  2.37063265e-07  3.30000000e+00  2.37063265e-07  2.36537515e-05 
 2.37563265e-07  1.21868681e-04  2.37563265e-07  3.30000203e+00  2.37563265e-07  3.30000000e+00  2.37563265e-07 -2.36454526e-05 
 2.38063265e-07 -1.16028405e-04  2.38063265e-07  3.29999828e+00  2.38063265e-07  3.30000000e+00  2.38063265e-07  2.36374890e-05 
 2.38563265e-07  1.09516747e-04  2.38563265e-07  3.30000136e+00  2.38563265e-07  3.30000000e+00  2.38563265e-07 -2.36300884e-05 
 2.39063265e-07 -1.04409737e-04  2.39063265e-07  3.29999888e+00  2.39063265e-07  3.30000000e+00  2.39063265e-07  2.36229763e-05 
 2.39563265e-07  9.85256662e-05  2.39563265e-07  3.30000082e+00  2.39563265e-07  3.30000000e+00  2.39563265e-07 -2.36163695e-05 
 2.40063265e-07 -9.40596942e-05  2.40063265e-07  3.29999937e+00  2.40063265e-07  3.30000000e+00  2.40063265e-07  2.36100088e-05 
 2.40563265e-07  8.87282154e-05  2.40563265e-07  3.30000038e+00  2.40563265e-07  3.30000000e+00  2.40563265e-07 -2.36041037e-05 
 2.41063265e-07 -8.48277284e-05  2.41063265e-07  3.29999977e+00  2.41063265e-07  3.30000000e+00  2.41063265e-07  2.35984080e-05 
 2.41563265e-07  7.99840569e-05  2.41563265e-07  3.30000003e+00  2.41563265e-07  3.30000000e+00  2.41563265e-07 -2.35931244e-05 
 2.42063265e-07 -7.65829589e-05  2.42063265e-07  3.30000008e+00  2.42063265e-07  3.30000000e+00  2.42063265e-07  2.35880176e-05 
 2.42563265e-07  7.21700098e-05  2.42563265e-07  3.29999976e+00  2.42563265e-07  3.30000000e+00  2.42563265e-07 -2.35832849e-05 
 2.43063265e-07 -6.92116780e-05  2.43063265e-07  3.30000033e+00  2.43063265e-07  3.30000000e+00  2.43063265e-07  2.35787012e-05 
 2.43563265e-07  6.51794112e-05  2.43563265e-07  3.29999954e+00  2.43563265e-07  3.30000000e+00  2.43563265e-07 -2.35744571e-05 
 2.44063265e-07 -6.26126362e-05  2.44063265e-07  3.30000052e+00  2.44063265e-07  3.30000000e+00  2.44063265e-07  2.35703377e-05 
 2.44563265e-07  5.89181751e-05  2.44563265e-07  3.29999938e+00  2.44563265e-07  3.30000000e+00  2.44563265e-07 -2.35665283e-05 
 2.45063265e-07 -5.66984965e-05  2.45063265e-07  3.30000067e+00  2.45063265e-07  3.30000000e+00  2.45063265e-07  2.35628215e-05 
 2.45563265e-07  5.33035097e-05  2.45563265e-07  3.29999925e+00  2.45563265e-07  3.30000000e+00  2.45563265e-07 -2.35593987e-05 
 2.46063265e-07 -5.13920881e-05  2.46063265e-07  3.30000077e+00  2.46063265e-07  3.30000000e+00  2.46063265e-07  2.35560594e-05 
 2.46563265e-07  4.82629302e-05  2.46563265e-07  3.29999916e+00  2.46563265e-07  3.30000000e+00  2.46563265e-07 -2.35529811e-05 
 2.47063265e-07 -4.66256235e-05  2.47063265e-07  3.30000085e+00  2.47063265e-07  3.30000000e+00  2.47063265e-07  2.35499692e-05 
 2.47563265e-07  4.37327009e-05  2.47563265e-07  3.29999910e+00  2.47563265e-07  3.30000000e+00  2.47563265e-07 -2.35471981e-05 
 2.48063265e-07 -4.23394558e-05  2.48063265e-07  3.30000090e+00  2.48063265e-07  3.30000000e+00  2.48063265e-07  2.35444784e-05 
 2.48563265e-07  3.96567127e-05  2.48563265e-07  3.29999906e+00  2.48563265e-07  3.30000000e+00  2.48563265e-07 -2.35419816e-05 
 2.49063265e-07 -3.84810432e-05  2.49063265e-07  3.30000093e+00  2.49063265e-07  3.30000000e+00  2.49063265e-07  2.35395231e-05 
 2.49563265e-07  3.59855151e-05  2.49563265e-07  3.29999904e+00  2.49563265e-07  3.30000000e+00  2.49563265e-07 -2.35372715e-05 
 2.50063265e-07 -3.50040509e-05  2.50063265e-07  3.30000095e+00  2.50063265e-07  3.30000000e+00  2.50063265e-07  2.35350467e-05 
 2.50563265e-07  3.26754767e-05  2.50563265e-07  3.29999903e+00  2.50563265e-07  3.30000000e+00  2.50563265e-07 -2.35330146e-05 
 2.51063265e-07 -3.18675712e-05  2.51063265e-07  3.30000095e+00  2.51063265e-07  3.30000000e+00  2.51063265e-07  2.35309989e-05 
 2.51563265e-07  2.96880556e-05  2.51563265e-07  3.29999904e+00  2.51563265e-07  3.30000000e+00  2.51563265e-07 -2.35291635e-05 
 2.52063265e-07 -2.90354458e-05  2.52063265e-07  3.30000094e+00  2.52063265e-07  3.30000000e+00  2.52063265e-07  2.35273355e-05 
 2.52563265e-07  2.69891655e-05  2.52563265e-07  3.29999906e+00  2.52563265e-07  3.30000000e+00  2.52563265e-07 -2.35256765e-05 
 2.53063265e-07 -2.64756766e-05  2.53063265e-07  3.30000092e+00  2.53063265e-07  3.30000000e+00  2.53063265e-07  2.35240169e-05 
 2.53563265e-07  2.45486248e-05  2.53563265e-07  3.29999908e+00  2.53563265e-07  3.30000000e+00  2.53563265e-07 -2.35225164e-05 
 2.54063265e-07 -2.41599136e-05  2.54063265e-07  3.30000089e+00  2.54063265e-07  3.30000000e+00  2.54063265e-07  2.35210081e-05 
 2.54563265e-07  2.23396773e-05  2.54563265e-07  3.29999911e+00  2.54563265e-07  3.30000000e+00  2.54563265e-07 -2.35196501e-05 
 2.55063265e-07 -2.20630083e-05  2.55063265e-07  3.30000086e+00  2.55063265e-07  3.30000000e+00  2.55063265e-07  2.35182780e-05 
 2.55563265e-07  2.03385743e-05  2.55563265e-07  3.29999914e+00  2.55563265e-07  3.30000000e+00  2.55563265e-07 -2.35170483e-05 
 2.56063265e-07 -2.01626258e-05  2.56063265e-07  3.30000083e+00  2.56063265e-07  3.30000000e+00  2.56063265e-07  2.35157988e-05 
 2.56563265e-07  1.85242114e-05  2.56563265e-07  3.29999917e+00  2.56563265e-07  3.30000000e+00  2.56563265e-07 -2.35146846e-05 
 2.57063265e-07 -1.84389056e-05  2.57063265e-07  3.30000079e+00  2.57063265e-07  3.30000000e+00  2.57063265e-07  2.35135457e-05 
 2.57563265e-07  1.68778109e-05  2.57563265e-07  3.29999921e+00  2.57563265e-07  3.30000000e+00  2.57563265e-07 -2.35125357e-05 
 2.58063265e-07 -1.68741663e-05  2.58063265e-07  3.30000076e+00  2.58063265e-07  3.30000000e+00  2.58063265e-07  2.35114966e-05 
 2.58563265e-07  1.53826455e-05  2.58563265e-07  3.29999925e+00  2.58563265e-07  3.30000000e+00  2.58563265e-07 -2.35105807e-05 
 2.59063265e-07 -1.54526476e-05  2.59063265e-07  3.30000072e+00  2.59063265e-07  3.30000000e+00  2.59063265e-07  2.35096317e-05 
 2.59563265e-07  1.40237959e-05  2.59563265e-07  3.29999929e+00  2.59563265e-07  3.30000000e+00  2.59563265e-07 -2.35088008e-05 
 2.60063265e-07 -1.41602842e-05  2.60063265e-07  3.30000068e+00  2.60063265e-07  3.30000000e+00  2.60063265e-07  2.35079333e-05 
 2.60563265e-07  1.37999900e-05  2.60563265e-07  3.29999927e+00  2.60563265e-07  3.30000000e+00  2.60563265e-07 -2.35071746e-05 
 2.61063265e-07 -1.11732736e-05  2.61063265e-07  3.30000046e+00  2.61063265e-07  3.30000000e+00  2.61063265e-07  2.35062320e-05 
 2.61563265e-07  1.32496991e-05  2.61563265e-07  3.29999918e+00  2.61563265e-07  3.30000000e+00  2.61563265e-07 -2.35058424e-05 
 2.62063265e-07 -1.03809323e-05  2.62063265e-07  3.30000044e+00  2.62063265e-07  3.30000000e+00  2.62063265e-07  2.35048485e-05 
 2.62563265e-07  1.21252582e-05  2.62563265e-07  3.29999924e+00  2.62563265e-07  3.30000000e+00  2.62563265e-07 -2.35044772e-05 
 2.63063265e-07 -9.53008187e-06  2.63063265e-07  3.30000041e+00  2.63063265e-07  3.30000000e+00  2.63063265e-07  2.35035650e-05 
 2.63563265e-07  1.10731159e-05  2.63563265e-07  3.29999930e+00  2.63563265e-07  3.30000000e+00  2.63563265e-07 -2.35032322e-05 
 2.64063265e-07 -8.75000783e-06  2.64063265e-07  3.30000039e+00  2.64063265e-07  3.30000000e+00  2.64063265e-07  2.35023966e-05 
 2.64563265e-07  1.01115623e-05  2.64563265e-07  3.29999934e+00  2.64563265e-07  3.30000000e+00  2.64563265e-07 -2.35020980e-05 
 2.65063265e-07 -8.03948871e-06  2.65063265e-07  3.30000036e+00  2.65063265e-07  3.30000000e+00  2.65063265e-07  2.35013313e-05 
 2.65563265e-07  9.23353334e-06  2.65563265e-07  3.29999939e+00  2.65563265e-07  3.30000000e+00  2.65563265e-07 -2.35010629e-05 
 2.66063265e-07 -7.39226354e-06  2.66063265e-07  3.30000034e+00  2.66063265e-07  3.30000000e+00  2.66063265e-07  2.35003586e-05 
 2.66563265e-07  8.43146270e-06  2.66563265e-07  3.29999943e+00  2.66563265e-07  3.30000000e+00  2.66563265e-07 -2.35001174e-05 
 2.67063265e-07 -6.80235458e-06  2.67063265e-07  3.30000032e+00  2.67063265e-07  3.30000000e+00  2.67063265e-07  2.34994698e-05 
 2.67563265e-07  7.69842004e-06  2.67563265e-07  3.29999947e+00  2.67563265e-07  3.30000000e+00  2.67563265e-07 -2.34992530e-05 
 2.68063265e-07 -6.26435133e-06  2.68063265e-07  3.30000030e+00  2.68063265e-07  3.30000000e+00  2.68063265e-07  2.34986571e-05 
 2.68563265e-07  7.02814376e-06  2.68563265e-07  3.29999950e+00  2.68563265e-07  3.30000000e+00  2.68563265e-07 -2.34984625e-05 
 2.69063265e-07 -5.77339351e-06  2.69063265e-07  3.30000028e+00  2.69063265e-07  3.30000000e+00  2.69063265e-07  2.34979136e-05 
 2.69563265e-07  6.41498589e-06  2.69563265e-07  3.29999954e+00  2.69563265e-07  3.30000000e+00  2.69563265e-07 -2.34977391e-05 
 2.70063265e-07 -5.32511761e-06  2.70063265e-07  3.30000026e+00  2.70063265e-07  3.30000000e+00  2.70063265e-07  2.34972333e-05 
 2.70100000e-07  4.10491938e-06  2.70100000e-07  3.29999975e+00  2.70100000e-07  3.30000000e+00  2.70100000e-07 -2.34934973e-05 
 2.70105905e-07 -1.40980858e-03  2.70105905e-07  3.29842594e+00  2.70105905e-07  3.10512082e+00  2.70105905e-07 -2.84005653e-04 
 2.70117716e-07 -6.55548729e-03  2.70117716e-07  3.29317205e+00  2.70117716e-07  2.71536247e+00  2.70117716e-07 -2.63949484e-04 
 2.70141338e-07 -3.44077294e-02  2.70141338e-07  3.26163340e+00  2.70141338e-07  1.93584576e+00  2.70141338e-07 -5.34519783e-04 
 2.70171147e-07 -3.14784412e-02  2.70171147e-07  3.24475616e+00  2.70171147e-07  9.52161277e-01  2.70171147e-07 -7.04478722e-04 
 2.70200000e-07  4.54249155e-02  2.70200000e-07  3.25873086e+00  2.70200000e-07  0.00000000e+00  2.70200000e-07 -1.23737507e-03 
 2.70203924e-07  6.64051494e-02  2.70203924e-07  3.26907612e+00  2.70203924e-07  0.00000000e+00  2.70203924e-07 -7.89568432e-04 
 2.70211772e-07  1.07975682e-01  2.70211772e-07  3.28814853e+00  2.70211772e-07  0.00000000e+00  2.70211772e-07 -7.74803435e-04 
 2.70227467e-07  1.88517797e-01  2.70227467e-07  3.31924687e+00  2.70227467e-07  0.00000000e+00  2.70227467e-07 -7.54084395e-04 
 2.70258858e-07  3.44308278e-01  2.70258858e-07  3.36053211e+00  2.70258858e-07  0.00000000e+00  2.70258858e-07 -7.15231422e-04 
 2.70321639e-07  6.73271319e-01  2.70321639e-07  3.40659860e+00  2.70321639e-07  0.00000000e+00  2.70321639e-07 -6.59178855e-04 
 2.70431703e-07  1.40375923e+00  2.70431703e-07  3.48060997e+00  2.70431703e-07  0.00000000e+00  2.70431703e-07 -4.38018225e-04 
 2.70539259e-07  2.08397548e+00  2.70539259e-07  3.51209598e+00  2.70539259e-07  0.00000000e+00  2.70539259e-07 -2.28367254e-04 
 2.70650470e-07  2.55342741e+00  2.70650470e-07  3.45755754e+00  2.70650470e-07  0.00000000e+00  2.70650470e-07 -1.05466516e-04 
 2.70778249e-07  2.90198174e+00  2.70778249e-07  3.40860460e+00  2.70778249e-07  0.00000000e+00  2.70778249e-07 -5.13071978e-05 
 2.70910232e-07  3.11634072e+00  2.70910232e-07  3.36027917e+00  2.70910232e-07  0.00000000e+00  2.70910232e-07 -2.02484884e-05 
 2.71106746e-07  3.25002421e+00  2.71106746e-07  3.32203058e+00  2.71106746e-07  0.00000000e+00  2.71106746e-07 -1.14755384e-05 
 2.71301286e-07  3.28644647e+00  2.71301286e-07  3.30734830e+00  2.71301286e-07  0.00000000e+00  2.71301286e-07  2.50256421e-06 
 2.71690366e-07  3.30091336e+00  2.71690366e-07  3.29988760e+00  2.71690366e-07  0.00000000e+00  2.71690366e-07 -5.68631801e-06 
 2.72167208e-07  3.29981786e+00  2.72167208e-07  3.29997307e+00  2.72167208e-07  0.00000000e+00  2.72167208e-07  4.54691956e-06 
 2.72667208e-07  3.30004435e+00  2.72667208e-07  3.30002651e+00  2.72667208e-07  0.00000000e+00  2.72667208e-07 -5.46044708e-06 
 2.73167208e-07  3.29998860e+00  2.73167208e-07  3.29998760e+00  2.73167208e-07  0.00000000e+00  2.73167208e-07  4.86522354e-06 
 2.73667208e-07  3.30000425e+00  2.73667208e-07  3.30000856e+00  2.73667208e-07  0.00000000e+00  2.73667208e-07 -5.37468917e-06 
 2.74167208e-07  3.29999874e+00  2.74167208e-07  3.29999543e+00  2.74167208e-07  0.00000000e+00  2.74167208e-07  4.98758214e-06 
 2.74667208e-07  3.30000116e+00  2.74667208e-07  3.30000381e+00  2.74667208e-07  0.00000000e+00  2.74667208e-07 -5.33242620e-06 
 2.75167208e-07  3.29999965e+00  2.75167208e-07  3.29999793e+00  2.75167208e-07  0.00000000e+00  2.75167208e-07  5.05046921e-06 
 2.75667208e-07  3.30000055e+00  2.75667208e-07  3.30000191e+00  2.75667208e-07  0.00000000e+00  2.75667208e-07 -5.30685420e-06 
 2.76167208e-07  3.29999986e+00  2.76167208e-07  3.29999899e+00  2.76167208e-07  0.00000000e+00  2.76167208e-07  5.08656528e-06 
 2.76667208e-07  3.30000030e+00  2.76667208e-07  3.30000103e+00  2.76667208e-07  0.00000000e+00  2.76667208e-07 -5.28932952e-06 
 2.77167208e-07  3.29999995e+00  2.77167208e-07  3.29999951e+00  2.77167208e-07  0.00000000e+00  2.77167208e-07  5.10942706e-06 
 2.77667208e-07  3.30000017e+00  2.77667208e-07  3.30000056e+00  2.77667208e-07  0.00000000e+00  2.77667208e-07 -5.27636545e-06 
 2.78167208e-07  3.29999999e+00  2.78167208e-07  3.29999977e+00  2.78167208e-07  0.00000000e+00  2.78167208e-07  5.12487740e-06 
 2.78667208e-07  3.30000010e+00  2.78667208e-07  3.30000032e+00  2.78667208e-07  0.00000000e+00  2.78667208e-07 -5.26636174e-06 
 2.79167208e-07  3.30000000e+00  2.79167208e-07  3.29999990e+00  2.79167208e-07  0.00000000e+00  2.79167208e-07  5.13589472e-06 
 2.79667208e-07  3.30000006e+00  2.79667208e-07  3.30000019e+00  2.79667208e-07  0.00000000e+00  2.79667208e-07 -5.25843932e-06 
 2.80167208e-07  3.30000001e+00  2.80167208e-07  3.29999997e+00  2.80167208e-07  0.00000000e+00  2.80167208e-07  5.14411002e-06 
 2.80667208e-07  3.30000004e+00  2.80667208e-07  3.30000011e+00  2.80667208e-07  0.00000000e+00  2.80667208e-07 -5.25204710e-06 
 2.81167208e-07  3.30000001e+00  2.81167208e-07  3.30000000e+00  2.81167208e-07  0.00000000e+00  2.81167208e-07  5.15046546e-06 
 2.81667208e-07  3.30000003e+00  2.81667208e-07  3.30000007e+00  2.81667208e-07  0.00000000e+00  2.81667208e-07 -5.24681052e-06 
 2.82167208e-07  3.30000001e+00  2.82167208e-07  3.30000001e+00  2.82167208e-07  0.00000000e+00  2.82167208e-07  5.15553146e-06 
 2.82667208e-07  3.30000002e+00  2.82667208e-07  3.30000005e+00  2.82667208e-07  0.00000000e+00  2.82667208e-07 -5.24246298e-06 
 2.83167208e-07  3.30000001e+00  2.83167208e-07  3.30000001e+00  2.83167208e-07  0.00000000e+00  2.83167208e-07  5.15966853e-06 
 2.83667208e-07  3.30000001e+00  2.83667208e-07  3.30000003e+00  2.83667208e-07  0.00000000e+00  2.83667208e-07 -5.23880946e-06 
 2.84167208e-07  3.30000001e+00  2.84167208e-07  3.30000001e+00  2.84167208e-07  0.00000000e+00  2.84167208e-07  5.16311390e-06 
 2.84667208e-07  3.30000001e+00  2.84667208e-07  3.30000002e+00  2.84667208e-07  0.00000000e+00  2.84667208e-07 -5.23570488e-06 
 2.85167208e-07  3.30000000e+00  2.85167208e-07  3.30000001e+00  2.85167208e-07  0.00000000e+00  2.85167208e-07  5.16602958e-06 
 2.85667208e-07  3.30000000e+00  2.85667208e-07  3.30000002e+00  2.85667208e-07  0.00000000e+00  2.85667208e-07 -5.23303975e-06 
 2.86167208e-07  3.30000000e+00  2.86167208e-07  3.30000001e+00  2.86167208e-07  0.00000000e+00  2.86167208e-07  5.16852993e-06 
 2.86667208e-07  3.30000000e+00  2.86667208e-07  3.30000001e+00  2.86667208e-07  0.00000000e+00  2.86667208e-07 -5.23073046e-06 
 2.87167208e-07  3.30000000e+00  2.87167208e-07  3.30000001e+00  2.87167208e-07  0.00000000e+00  2.87167208e-07  5.17069804e-06 
 2.87667208e-07  3.30000000e+00  2.87667208e-07  3.30000001e+00  2.87667208e-07  0.00000000e+00  2.87667208e-07 -5.22871249e-06 
 2.88167208e-07  3.30000000e+00  2.88167208e-07  3.30000001e+00  2.88167208e-07  0.00000000e+00  2.88167208e-07  5.17259599e-06 
 2.88667208e-07  3.30000000e+00  2.88667208e-07  3.30000000e+00  2.88667208e-07  0.00000000e+00  2.88667208e-07 -5.22693546e-06 
 2.89167208e-07  3.30000000e+00  2.89167208e-07  3.30000000e+00  2.89167208e-07  0.00000000e+00  2.89167208e-07  5.17427112e-06 
 2.89667208e-07  3.30000000e+00  2.89667208e-07  3.30000000e+00  2.89667208e-07  0.00000000e+00  2.89667208e-07 -5.22535966e-06 
 2.90167208e-07  3.30000000e+00  2.90167208e-07  3.30000000e+00  2.90167208e-07  0.00000000e+00  2.90167208e-07  5.17576023e-06 
 2.90667208e-07  3.30000000e+00  2.90667208e-07  3.30000000e+00  2.90667208e-07  0.00000000e+00  2.90667208e-07 -5.22395344e-06 
 2.91167208e-07  3.30000000e+00  2.91167208e-07  3.30000000e+00  2.91167208e-07  0.00000000e+00  2.91167208e-07  5.17709240e-06 
 2.91667208e-07  3.29999999e+00  2.91667208e-07  3.30000000e+00  2.91667208e-07  0.00000000e+00  2.91667208e-07 -5.22269130e-06 
 2.92167208e-07  3.29999999e+00  2.92167208e-07  3.30000000e+00  2.92167208e-07  0.00000000e+00  2.92167208e-07  5.17829095e-06 
 2.92667208e-07  3.29999999e+00  2.92667208e-07  3.30000000e+00  2.92667208e-07  0.00000000e+00  2.92667208e-07 -5.22155255e-06 
 2.93167208e-07  3.29999999e+00  2.93167208e-07  3.30000000e+00  2.93167208e-07  0.00000000e+00  2.93167208e-07  5.17937480e-06 
 2.93667208e-07  3.29999999e+00  2.93667208e-07  3.30000000e+00  2.93667208e-07  0.00000000e+00  2.93667208e-07 -5.22052022e-06 
 2.94167208e-07  3.29999999e+00  2.94167208e-07  3.30000000e+00  2.94167208e-07  0.00000000e+00  2.94167208e-07  5.18035946e-06 
 2.94667208e-07  3.29999999e+00  2.94667208e-07  3.30000000e+00  2.94667208e-07  0.00000000e+00  2.94667208e-07 -5.21958027e-06 
 2.95167208e-07  3.29999999e+00  2.95167208e-07  3.30000000e+00  2.95167208e-07  0.00000000e+00  2.95167208e-07  5.18125780e-06 
 2.95667208e-07  3.29999999e+00  2.95667208e-07  3.30000000e+00  2.95667208e-07  0.00000000e+00  2.95667208e-07 -5.21872100e-06 
 2.96167208e-07  3.29999999e+00  2.96167208e-07  3.30000000e+00  2.96167208e-07  0.00000000e+00  2.96167208e-07  5.18208054e-06 
 2.96667208e-07  3.29999999e+00  2.96667208e-07  3.30000000e+00  2.96667208e-07  0.00000000e+00  2.96667208e-07 -5.21793259e-06 
 2.97167208e-07  3.29999999e+00  2.97167208e-07  3.29999999e+00  2.97167208e-07  0.00000000e+00  2.97167208e-07  5.18283673e-06 
 2.97667208e-07  3.29999999e+00  2.97667208e-07  3.29999999e+00  2.97667208e-07  0.00000000e+00  2.97667208e-07 -5.21720674e-06 
 2.98167208e-07  3.29999999e+00  2.98167208e-07  3.29999999e+00  2.98167208e-07  0.00000000e+00  2.98167208e-07  5.18353403e-06 
 2.98667208e-07  3.29999999e+00  2.98667208e-07  3.29999999e+00  2.98667208e-07  0.00000000e+00  2.98667208e-07 -5.21653638e-06 
 2.99167208e-07  3.29999999e+00  2.99167208e-07  3.29999999e+00  2.99167208e-07  0.00000000e+00  2.99167208e-07  5.18417897e-06 
 2.99667208e-07  3.29999999e+00  2.99667208e-07  3.29999999e+00  2.99667208e-07  0.00000000e+00  2.99667208e-07 -5.21591546e-06 
 3.00000000e-07  3.29999999e+00  3.00000000e-07  3.29999999e+00  3.00000000e-07  0.00000000e+00  3.00000000e-07  5.18468016e-06 
 3.00050000e-07  3.29999999e+00  3.00050000e-07  3.29999999e+00  3.00050000e-07  0.00000000e+00  3.00050000e-07 -1.54904139e-08 
 3.00150000e-07  3.29999999e+00  3.00150000e-07  3.29999999e+00  3.00150000e-07  0.00000000e+00  3.00150000e-07 -1.54323038e-08 
 3.00350000e-07  3.29999999e+00  3.00350000e-07  3.29999999e+00  3.00350000e-07  0.00000000e+00  3.00350000e-07 -1.53177684e-08 
 3.00750000e-07  3.29999999e+00  3.00750000e-07  3.29999999e+00  3.00750000e-07  0.00000000e+00  3.00750000e-07 -1.50933579e-08 
 3.01250000e-07  3.29999999e+00  3.01250000e-07  3.29999999e+00  3.01250000e-07  0.00000000e+00  3.01250000e-07 -1.48218260e-08 
 3.01750000e-07  3.29999999e+00  3.01750000e-07  3.29999999e+00  3.01750000e-07  0.00000000e+00  3.01750000e-07 -1.45595084e-08 
 3.02250000e-07  3.29999999e+00  3.02250000e-07  3.29999999e+00  3.02250000e-07  0.00000000e+00  3.02250000e-07 -1.43061805e-08 
 3.02750000e-07  3.29999999e+00  3.02750000e-07  3.29999999e+00  3.02750000e-07  0.00000000e+00  3.02750000e-07 -1.40611664e-08 
 3.03250000e-07  3.29999999e+00  3.03250000e-07  3.29999999e+00  3.03250000e-07  0.00000000e+00  3.03250000e-07 -1.38242943e-08 
 3.03750000e-07  3.29999999e+00  3.03750000e-07  3.29999999e+00  3.03750000e-07  0.00000000e+00  3.03750000e-07 -1.35949460e-08 
 3.04250000e-07  3.29999999e+00  3.04250000e-07  3.29999999e+00  3.04250000e-07  0.00000000e+00  3.04250000e-07 -1.33729965e-08 
 3.04750000e-07  3.29999999e+00  3.04750000e-07  3.29999999e+00  3.04750000e-07  0.00000000e+00  3.04750000e-07 -1.31578752e-08 
 3.05250000e-07  3.29999999e+00  3.05250000e-07  3.29999999e+00  3.05250000e-07  0.00000000e+00  3.05250000e-07 -1.29494982e-08 
 3.05750000e-07  3.29999999e+00  3.05750000e-07  3.29999999e+00  3.05750000e-07  0.00000000e+00  3.05750000e-07 -1.27473350e-08 
 3.06250000e-07  3.29999999e+00  3.06250000e-07  3.29999999e+00  3.06250000e-07  0.00000000e+00  3.06250000e-07 -1.25513374e-08 
 3.06750000e-07  3.29999999e+00  3.06750000e-07  3.29999999e+00  3.06750000e-07  0.00000000e+00  3.06750000e-07 -1.23610090e-08 
 3.07250000e-07  3.29999999e+00  3.07250000e-07  3.29999999e+00  3.07250000e-07  0.00000000e+00  3.07250000e-07 -1.21763324e-08 
 3.07750000e-07  3.29999999e+00  3.07750000e-07  3.29999999e+00  3.07750000e-07  0.00000000e+00  3.07750000e-07 -1.19968407e-08 
 3.08250000e-07  3.29999999e+00  3.08250000e-07  3.29999999e+00  3.08250000e-07  0.00000000e+00  3.08250000e-07 -1.18225433e-08 
 3.08750000e-07  3.29999999e+00  3.08750000e-07  3.29999999e+00  3.08750000e-07  0.00000000e+00  3.08750000e-07 -1.16529987e-08 
 3.09250000e-07  3.29999999e+00  3.09250000e-07  3.29999999e+00  3.09250000e-07  0.00000000e+00  3.09250000e-07 -1.14882396e-08 
 3.09750000e-07  3.29999999e+00  3.09750000e-07  3.29999999e+00  3.09750000e-07  0.00000000e+00  3.09750000e-07 -1.13278465e-08 
 3.10250000e-07  3.29999999e+00  3.10250000e-07  3.29999999e+00  3.10250000e-07  0.00000000e+00  3.10250000e-07 -1.11718726e-08 
 3.10750000e-07  3.29999999e+00  3.10750000e-07  3.29999999e+00  3.10750000e-07  0.00000000e+00  3.10750000e-07 -1.10199176e-08 
 3.11250000e-07  3.29999999e+00  3.11250000e-07  3.29999999e+00  3.11250000e-07  0.00000000e+00  3.11250000e-07 -1.08720526e-08 
 3.11750000e-07  3.29999999e+00  3.11750000e-07  3.29999999e+00  3.11750000e-07  0.00000000e+00  3.11750000e-07 -1.07278940e-08 
 3.12250000e-07  3.29999999e+00  3.12250000e-07  3.29999999e+00  3.12250000e-07  0.00000000e+00  3.12250000e-07 -1.05875287e-08 
 3.12750000e-07  3.29999999e+00  3.12750000e-07  3.29999999e+00  3.12750000e-07  0.00000000e+00  3.12750000e-07 -1.04505879e-08 
 3.13250000e-07  3.29999999e+00  3.13250000e-07  3.29999999e+00  3.13250000e-07  0.00000000e+00  3.13250000e-07 -1.03171723e-08 
 3.13750000e-07  3.29999999e+00  3.13750000e-07  3.29999999e+00  3.13750000e-07  0.00000000e+00  3.13750000e-07 -1.01869262e-08 
 3.14250000e-07  3.29999999e+00  3.14250000e-07  3.29999999e+00  3.14250000e-07  0.00000000e+00  3.14250000e-07 -1.00599625e-08 
 3.14750000e-07  3.29999999e+00  3.14750000e-07  3.29999999e+00  3.14750000e-07  0.00000000e+00  3.14750000e-07 -9.93593691e-09 
 3.15250000e-07  3.29999999e+00  3.15250000e-07  3.29999999e+00  3.15250000e-07  0.00000000e+00  3.15250000e-07 -9.81497329e-09 
 3.15750000e-07  3.29999999e+00  3.15750000e-07  3.29999999e+00  3.15750000e-07  0.00000000e+00  3.15750000e-07 -9.69673764e-09 
 3.16250000e-07  3.29999999e+00  3.16250000e-07  3.29999999e+00  3.16250000e-07  0.00000000e+00  3.16250000e-07 -9.58136336e-09 
 3.16750000e-07  3.29999999e+00  3.16750000e-07  3.29999999e+00  3.16750000e-07  0.00000000e+00  3.16750000e-07 -9.46852556e-09 
 3.17250000e-07  3.29999999e+00  3.17250000e-07  3.29999999e+00  3.17250000e-07  0.00000000e+00  3.17250000e-07 -9.35836626e-09 
 3.17750000e-07  3.29999999e+00  3.17750000e-07  3.29999999e+00  3.17750000e-07  0.00000000e+00  3.17750000e-07 -9.25056867e-09 
 3.18250000e-07  3.29999999e+00  3.18250000e-07  3.29999999e+00  3.18250000e-07  0.00000000e+00  3.18250000e-07 -9.14528247e-09 
 3.18750000e-07  3.29999999e+00  3.18750000e-07  3.29999999e+00  3.18750000e-07  0.00000000e+00  3.18750000e-07 -9.04219815e-09 
 3.19250000e-07  3.29999999e+00  3.19250000e-07  3.29999999e+00  3.19250000e-07  0.00000000e+00  3.19250000e-07 -8.94147225e-09 
 3.19750000e-07  3.29999999e+00  3.19750000e-07  3.29999999e+00  3.19750000e-07  0.00000000e+00  3.19750000e-07 -8.84280176e-09 
 3.20000000e-07  3.29999999e+00  3.20000000e-07  3.29999999e+00  3.20000000e-07  0.00000000e+00  3.20000000e-07 -8.79435080e-09 
 3.20010000e-07  3.32225722e+00  3.20010000e-07  3.32226126e+00  3.20010000e-07  3.30000000e-01  3.20010000e-07  4.12637309e-04 
 3.20030000e-07  3.36412233e+00  3.20030000e-07  3.36414687e+00  3.20030000e-07  9.90000000e-01  3.20030000e-07  4.61529505e-04 
 3.20070000e-07  3.44568366e+00  3.20070000e-07  3.44587414e+00  3.20070000e-07  2.31000000e+00  3.20070000e-07  4.58030263e-04 
 3.20100000e-07  3.48378889e+00  3.20100000e-07  3.48348863e+00  3.20100000e-07  3.30000000e+00  3.20100000e-07  2.91488347e-04 
 3.20104125e-07  3.48296722e+00  3.20104125e-07  3.48260506e+00  3.20104125e-07  3.30000000e+00  3.20104125e-07 -1.16049061e-05 
 3.20112374e-07  3.48050741e+00  3.20112374e-07  3.47996161e+00  3.20112374e-07  3.30000000e+00  3.20112374e-07 -3.88742493e-05 
 3.20128872e-07  3.47027283e+00  3.20128872e-07  3.46909359e+00  3.20128872e-07  3.30000000e+00  3.20128872e-07 -5.27690719e-05 
 3.20161869e-07  3.44192453e+00  3.20161869e-07  3.43976084e+00  3.20161869e-07  3.30000000e+00  3.20161869e-07 -7.13448417e-05 
 3.20213213e-07  3.27653166e+00  3.20213213e-07  3.28051377e+00  3.20213213e-07  3.30000000e+00  3.20213213e-07 -9.52890062e-05 
 3.20265647e-07  2.98723148e+00  3.20265647e-07  3.01918311e+00  3.20265647e-07  3.30000000e+00  3.20265647e-07 -1.28801427e-04 
 3.20334346e-07  2.58725103e+00  3.20334346e-07  2.63380742e+00  3.20334346e-07  3.30000000e+00  3.20334346e-07 -9.92715379e-05 
 3.20416895e-07  2.15870915e+00  3.20416895e-07  2.22920584e+00  3.20416895e-07  3.30000000e+00  3.20416895e-07 -1.72697124e-04 
 3.20545373e-07  1.68298062e+00  3.20545373e-07  1.90715450e+00  3.20545373e-07  3.30000000e+00  3.20545373e-07 -2.25512658e-04 
 3.20680347e-07  1.22112607e+00  3.20680347e-07  2.14206910e+00  3.20680347e-07  3.30000000e+00  3.20680347e-07 -3.29562599e-04 
 3.20816646e-07  7.80153032e-01  3.20816646e-07  2.70110280e+00  3.20816646e-07  3.30000000e+00  3.20816646e-07 -2.48810545e-04 
 3.20931805e-07  5.06726263e-01  3.20931805e-07  3.05930849e+00  3.20931805e-07  3.30000000e+00  3.20931805e-07 -1.81569972e-04 
 3.21058576e-07  2.73124651e-01  3.21058576e-07  3.21302715e+00  3.21058576e-07  3.30000000e+00  3.21058576e-07 -4.68383685e-05 
 3.21256120e-07  8.51132106e-02  3.21256120e-07  3.27848930e+00  3.21256120e-07  3.30000000e+00  3.21256120e-07 -4.53371164e-05 
 3.21478773e-07  1.82508755e-02  3.21478773e-07  3.29428724e+00  3.21478773e-07  3.30000000e+00  3.21478773e-07  1.93929181e-05 
 3.21772380e-07  1.81036583e-03  3.21772380e-07  3.29980690e+00  3.21772380e-07  3.30000000e+00  3.21772380e-07 -2.48242277e-05 
 3.22080273e-07 -2.42007600e-04  3.22080273e-07  3.29987062e+00  3.22080273e-07  3.30000000e+00  3.22080273e-07  2.44332236e-05 
 3.22580273e-07  2.73086365e-04  3.22580273e-07  3.30008326e+00  3.22580273e-07  3.30000000e+00  3.22580273e-07 -2.44403409e-05 
 3.23080273e-07 -2.62260672e-04  3.23080273e-07  3.29993842e+00  3.23080273e-07  3.30000000e+00  3.23080273e-07  2.44301940e-05 
 3.23580273e-07  2.45610413e-04  3.23580273e-07  3.30004868e+00  3.23580273e-07  3.30000000e+00  3.23580273e-07 -2.44156092e-05 
 3.24080273e-07 -2.29352665e-04  3.24080273e-07  3.29995933e+00  3.24080273e-07  3.30000000e+00  3.24080273e-07  2.43993970e-05 
 3.24580273e-07  2.13769222e-04  3.24580273e-07  3.30003499e+00  3.24580273e-07  3.30000000e+00  3.24580273e-07 -2.43832265e-05 
 3.25080273e-07 -1.99774392e-04  3.25080273e-07  3.29996895e+00  3.25080273e-07  3.30000000e+00  3.25080273e-07  2.43672663e-05 
 3.25580273e-07  1.86181556e-04  3.25580273e-07  3.30002786e+00  3.25580273e-07  3.30000000e+00  3.25580273e-07 -2.43521575e-05 
 3.26080273e-07 -1.74154187e-04  3.26080273e-07  3.29997457e+00  3.26080273e-07  3.30000000e+00  3.26080273e-07  2.43376850e-05 
 3.26580273e-07  1.62214487e-04  3.26580273e-07  3.30002323e+00  3.26580273e-07  3.30000000e+00  3.26580273e-07 -2.43242229e-05 
 3.27080273e-07 -1.51843161e-04  3.27080273e-07  3.29997855e+00  3.27080273e-07  3.30000000e+00  3.27080273e-07  2.43114603e-05 
 3.27580273e-07  1.41327999e-04  3.27580273e-07  3.30001973e+00  3.27580273e-07  3.30000000e+00  3.27580273e-07 -2.42996728e-05 
 3.28080273e-07 -1.32397336e-04  3.28080273e-07  3.29998172e+00  3.28080273e-07  3.30000000e+00  3.28080273e-07  2.42885352e-05 
 3.28580273e-07  1.23132841e-04  3.28580273e-07  3.30001684e+00  3.28580273e-07  3.30000000e+00  3.28580273e-07 -2.42782815e-05 
 3.29080273e-07 -1.15466170e-04  3.29080273e-07  3.29998438e+00  3.29080273e-07  3.30000000e+00  3.29080273e-07  2.42685979e-05 
 3.29580273e-07  1.07301048e-04  3.29580273e-07  3.30001439e+00  3.29580273e-07  3.30000000e+00  3.29580273e-07 -2.42596985e-05 
 3.30080273e-07 -1.00741827e-04  3.30080273e-07  3.29998666e+00  3.30080273e-07  3.30000000e+00  3.30080273e-07  2.42512877e-05 
 3.30580273e-07  9.35395014e-05  3.30580273e-07  3.30001228e+00  3.30580273e-07  3.30000000e+00  3.30580273e-07 -2.42435675e-05 
 3.31080273e-07 -8.79471526e-05  3.31080273e-07  3.29998862e+00  3.31080273e-07  3.30000000e+00  3.31080273e-07  2.42362617e-05 
 3.31580273e-07  8.15846387e-05  3.31580273e-07  3.30001047e+00  3.31580273e-07  3.30000000e+00  3.31580273e-07 -2.42295634e-05 
 3.32080273e-07 -7.68337472e-05  3.32080273e-07  3.29999030e+00  3.32080273e-07  3.30000000e+00  3.32080273e-07  2.42232140e-05 
 3.32580273e-07  7.12015243e-05  3.32580273e-07  3.30000892e+00  3.32580273e-07  3.30000000e+00  3.32580273e-07 -2.42173998e-05 
 3.33080273e-07 -6.71812765e-05  3.33080273e-07  3.29999174e+00  3.33080273e-07  3.30000000e+00  3.33080273e-07  2.42118775e-05 
 3.33580273e-07  6.21828104e-05  3.33580273e-07  3.30000758e+00  3.33580273e-07  3.30000000e+00  3.33580273e-07 -2.42068279e-05 
 3.34080273e-07 -5.87960731e-05  3.34080273e-07  3.29999298e+00  3.34080273e-07  3.30000000e+00  3.34080273e-07  2.42020213e-05 
 3.34580273e-07  5.43469199e-05  3.34580273e-07  3.30000644e+00  3.34580273e-07  3.30000000e+00  3.34580273e-07 -2.41976331e-05 
 3.35080273e-07 -5.15090338e-05  3.35080273e-07  3.29999404e+00  3.35080273e-07  3.30000000e+00  3.35080273e-07  2.41934456e-05 
 3.35580273e-07  4.75357011e-05  3.35580273e-07  3.30000547e+00  3.35580273e-07  3.30000000e+00  3.35580273e-07 -2.41896300e-05 
 3.36080273e-07 -4.51731539e-05  3.36080273e-07  3.29999494e+00  3.36080273e-07  3.30000000e+00  3.36080273e-07  2.41859786e-05 
 3.36580273e-07  4.16118877e-05  3.36580273e-07  3.30000463e+00  3.36580273e-07  3.30000000e+00  3.36580273e-07 -2.41826588e-05 
 3.37080273e-07 -3.96609959e-05  3.37080273e-07  3.29999572e+00  3.37080273e-07  3.30000000e+00  3.37080273e-07  2.41794718e-05 
 3.37580273e-07  3.64565989e-05  3.37580273e-07  3.30000392e+00  3.37580273e-07  3.30000000e+00  3.37580273e-07 -2.41765815e-05 
 3.38080273e-07 -3.48622700e-05  3.38080273e-07  3.29999638e+00  3.38080273e-07  3.30000000e+00  3.38080273e-07  2.41737970e-05 
 3.38580273e-07  3.19670071e-05  3.38580273e-07  3.30000331e+00  3.38580273e-07  3.30000000e+00  3.38580273e-07 -2.41712792e-05 
 3.39080273e-07 -3.06816169e-05  3.39080273e-07  3.29999694e+00  3.39080273e-07  3.30000000e+00  3.39080273e-07  2.41688437e-05 
 3.39580273e-07  2.80542300e-05  3.39580273e-07  3.30000279e+00  3.39580273e-07  3.30000000e+00  3.39580273e-07 -2.41666489e-05 
 3.40080273e-07 -2.70366245e-05  3.40080273e-07  3.29999742e+00  3.40080273e-07  3.30000000e+00  3.40080273e-07  2.41645163e-05 
 3.40580273e-07  2.46414619e-05  3.40580273e-07  3.30000235e+00  3.40580273e-07  3.30000000e+00  3.40580273e-07 -2.41626021e-05 
 3.41080273e-07 -2.28633750e-05  3.41080273e-07  3.29999771e+00  3.41080273e-07  3.30000000e+00  3.41080273e-07  2.41606985e-05 
 3.41580273e-07  2.34619583e-05  3.41580273e-07  3.30000172e+00  3.41580273e-07  3.30000000e+00  3.41580273e-07 -2.41592627e-05 
 3.42080273e-07 -1.95730920e-05  3.42080273e-07  3.29999793e+00  3.42080273e-07  3.30000000e+00  3.42080273e-07  2.41572359e-05 
 3.42580273e-07  2.05353755e-05  3.42580273e-07  3.30000145e+00  3.42580273e-07  3.30000000e+00  3.42580273e-07 -2.41561126e-05 
 3.43080273e-07 -1.72840685e-05  3.43080273e-07  3.29999825e+00  3.43080273e-07  3.30000000e+00  3.43080273e-07  2.41543486e-05 
 3.43580273e-07  1.80873313e-05  3.43580273e-07  3.30000120e+00  3.43580273e-07  3.30000000e+00  3.43580273e-07 -2.41533755e-05 
 3.44080273e-07 -1.53063392e-05  3.44080273e-07  3.29999853e+00  3.44080273e-07  3.30000000e+00  3.44080273e-07  2.41518194e-05 
 3.44580273e-07  1.59486755e-05  3.44580273e-07  3.30000099e+00  3.44580273e-07  3.30000000e+00  3.44580273e-07 -2.41509734e-05 
 3.45080273e-07 -1.35764247e-05  3.45080273e-07  3.29999876e+00  3.45080273e-07  3.30000000e+00  3.45080273e-07  2.41495987e-05 
 3.45580273e-07  1.40745442e-05  3.45580273e-07  3.30000081e+00  3.45580273e-07  3.30000000e+00  3.45580273e-07 -2.41488634e-05 
 3.46080273e-07 -1.20609942e-05  3.46080273e-07  3.29999896e+00  3.46080273e-07  3.30000000e+00  3.46080273e-07  2.41476473e-05 
 3.46580273e-07  1.24304154e-05  3.46580273e-07  3.30000066e+00  3.46580273e-07  3.30000000e+00  3.46580273e-07 -2.41470083e-05 
 3.47080273e-07 -1.07321433e-05  3.47080273e-07  3.29999913e+00  3.47080273e-07  3.30000000e+00  3.47080273e-07  2.41459310e-05 
 3.47580273e-07  1.09866061e-05  3.47580273e-07  3.30000054e+00  3.47580273e-07  3.30000000e+00  3.47580273e-07 -2.41453757e-05 
 3.48080273e-07 -9.56574987e-06  3.48080273e-07  3.29999927e+00  3.48080273e-07  3.30000000e+00  3.48080273e-07  2.41444199e-05 
 3.48580273e-07  9.71740151e-06  3.48580273e-07  3.30000043e+00  3.48580273e-07  3.30000000e+00  3.48580273e-07 -2.41439375e-05 
 3.49080273e-07 -8.53907613e-06  3.49080273e-07  3.29999939e+00  3.49080273e-07  3.30000000e+00  3.49080273e-07  2.41430882e-05 
 3.49580273e-07  8.60305931e-06  3.49580273e-07  3.30000034e+00  3.49580273e-07  3.30000000e+00  3.49580273e-07 -2.41426691e-05 
 3.50080273e-07 -7.63069755e-06  3.50080273e-07  3.29999950e+00  3.50080273e-07  3.30000000e+00  3.50080273e-07  2.41419136e-05 
 3.50580273e-07  7.62506522e-06  3.50580273e-07  3.30000027e+00  3.50580273e-07  3.30000000e+00  3.50580273e-07 -2.41415497e-05 
 3.51080273e-07 -6.83318089e-06  3.51080273e-07  3.29999958e+00  3.51080273e-07  3.30000000e+00  3.51080273e-07  2.41408757e-05 
 3.51580273e-07  6.76209312e-06  3.51580273e-07  3.30000021e+00  3.51580273e-07  3.30000000e+00  3.51580273e-07 -2.41405598e-05 
 3.52080273e-07 -6.13057532e-06  3.52080273e-07  3.29999966e+00  3.52080273e-07  3.30000000e+00  3.52080273e-07  2.41399574e-05 
 3.52580273e-07  6.00007430e-06  3.52580273e-07  3.30000016e+00  3.52580273e-07  3.30000000e+00  3.52580273e-07 -2.41396833e-05 
 3.53080273e-07 -5.51076829e-06  3.53080273e-07  3.29999972e+00  3.53080273e-07  3.30000000e+00  3.53080273e-07  2.41391439e-05 
 3.53580273e-07  5.32813043e-06  3.53580273e-07  3.30000012e+00  3.53580273e-07  3.30000000e+00  3.53580273e-07 -2.41389062e-05 
 3.54080273e-07 -4.95957325e-06  3.54080273e-07  3.29999977e+00  3.54080273e-07  3.30000000e+00  3.54080273e-07  2.41384225e-05 
 3.54580273e-07  4.73580864e-06  3.54580273e-07  3.30000008e+00  3.54580273e-07  3.30000000e+00  3.54580273e-07 -2.41382167e-05 
 3.55080273e-07 -4.47156731e-06  3.55080273e-07  3.29999981e+00  3.55080273e-07  3.30000000e+00  3.55080273e-07  2.41377818e-05 
 3.55580273e-07  4.20837965e-06  3.55580273e-07  3.30000006e+00  3.55580273e-07  3.30000000e+00  3.55580273e-07 -2.41376042e-05 
 3.56080273e-07 -4.03997214e-06  3.56080273e-07  3.29999985e+00  3.56080273e-07  3.30000000e+00  3.56080273e-07  2.41372125e-05 
 3.56580273e-07  3.74028212e-06  3.56580273e-07  3.30000003e+00  3.56580273e-07  3.30000000e+00  3.56580273e-07 -2.41370595e-05 
 3.57080273e-07 -3.65801210e-06  3.57080273e-07  3.29999988e+00  3.57080273e-07  3.30000000e+00  3.57080273e-07  2.41367059e-05 
 3.57580273e-07  3.32271158e-06  3.57580273e-07  3.30000001e+00  3.57580273e-07  3.30000000e+00  3.57580273e-07 -2.41365746e-05 
 3.58080273e-07 -3.32072764e-06  3.58080273e-07  3.29999991e+00  3.58080273e-07  3.30000000e+00  3.58080273e-07  2.41362546e-05 
 3.58580273e-07  2.95193322e-06  3.58580273e-07  3.30000000e+00  3.58580273e-07  3.30000000e+00  3.58580273e-07 -2.41361420e-05 
 3.59080273e-07 -3.02012433e-06  3.59080273e-07  3.29999993e+00  3.59080273e-07  3.30000000e+00  3.59080273e-07  2.41358519e-05 
 3.59580273e-07  2.62102999e-06  3.59580273e-07  3.29999999e+00  3.59580273e-07  3.30000000e+00  3.59580273e-07 -2.41357559e-05 
 3.60080273e-07 -2.75314878e-06  3.60080273e-07  3.29999994e+00  3.60080273e-07  3.30000000e+00  3.60080273e-07  2.41354923e-05 
 3.60580273e-07  2.32562656e-06  3.60580273e-07  3.29999998e+00  3.60580273e-07  3.30000000e+00  3.60580273e-07 -2.41354110e-05 
 3.61080273e-07 -2.51444498e-06  3.61080273e-07  3.29999996e+00  3.61080273e-07  3.30000000e+00  3.61080273e-07  2.41351710e-05 
 3.61580273e-07  2.06333101e-06  3.61580273e-07  3.29999997e+00  3.61580273e-07  3.30000000e+00  3.61580273e-07 -2.41351025e-05 
 3.62080273e-07 -2.30349641e-06  3.62080273e-07  3.29999997e+00  3.62080273e-07  3.30000000e+00  3.62080273e-07  2.41348832e-05 
 3.62580273e-07  1.82691830e-06  3.62580273e-07  3.29999997e+00  3.62580273e-07  3.30000000e+00  3.62580273e-07 -2.41348260e-05 
 3.63080273e-07 -2.11515389e-06  3.63080273e-07  3.29999998e+00  3.63080273e-07  3.30000000e+00  3.63080273e-07  2.41346253e-05 
 3.63580273e-07  1.61519423e-06  3.63580273e-07  3.29999996e+00  3.63580273e-07  3.30000000e+00  3.63580273e-07 -2.41345781e-05 
 3.64080273e-07 -1.94717518e-06  3.64080273e-07  3.29999999e+00  3.64080273e-07  3.30000000e+00  3.64080273e-07  2.41343939e-05 
 3.64580273e-07  1.42539280e-06  3.64580273e-07  3.29999996e+00  3.64580273e-07  3.30000000e+00  3.64580273e-07 -2.41343557e-05 
 3.65080273e-07 -1.79700287e-06  3.65080273e-07  3.29999999e+00  3.65080273e-07  3.30000000e+00  3.65080273e-07  2.41341861e-05 
 3.65580273e-07  1.25481640e-06  3.65580273e-07  3.29999996e+00  3.65580273e-07  3.30000000e+00  3.65580273e-07 -2.41341558e-05 
 3.66080273e-07 -1.66285449e-06  3.66080273e-07  3.30000000e+00  3.66080273e-07  3.30000000e+00  3.66080273e-07  2.41339993e-05 
 3.66580273e-07  1.10145847e-06  3.66580273e-07  3.29999996e+00  3.66580273e-07  3.30000000e+00  3.66580273e-07 -2.41339759e-05 
 3.67080273e-07 -1.54274663e-06  3.67080273e-07  3.30000000e+00  3.67080273e-07  3.30000000e+00  3.67080273e-07  2.41338311e-05 
 3.67580273e-07  9.63419026e-07  3.67580273e-07  3.29999996e+00  3.67580273e-07  3.30000000e+00  3.67580273e-07 -2.41338139e-05 
 3.68080273e-07 -1.43507593e-06  3.68080273e-07  3.30000001e+00  3.68080273e-07  3.30000000e+00  3.68080273e-07  2.41336796e-05 
 3.68580273e-07  8.39027338e-07  3.68580273e-07  3.29999996e+00  3.68580273e-07  3.30000000e+00  3.68580273e-07 -2.41336677e-05 
 3.69080273e-07 -1.33844032e-06  3.69080273e-07  3.30000001e+00  3.69080273e-07  3.30000000e+00  3.69080273e-07  2.41335429e-05 
 3.69580273e-07  7.26808585e-07  3.69580273e-07  3.29999996e+00  3.69580273e-07  3.30000000e+00  3.69580273e-07 -2.41335358e-05 
 3.70080273e-07 -1.25161157e-06  3.70080273e-07  3.30000001e+00  3.70080273e-07  3.30000000e+00  3.70080273e-07  2.41334194e-05 
 3.70100000e-07  3.08068728e-08  3.70100000e-07  3.29999997e+00  3.70100000e-07  3.30000000e+00  3.70100000e-07 -2.41324432e-05 
 3.70103756e-07 -7.82196395e-04  3.70103756e-07  3.29909234e+00  3.70103756e-07  3.17604524e+00  3.70103756e-07 -2.85822938e-04 
 3.70111269e-07 -2.82139062e-03  3.70111269e-07  3.29672387e+00  3.70111269e-07  2.92813571e+00  3.70111269e-07 -2.61103701e-04 
 3.70126293e-07 -1.67212995e-02  3.70126293e-07  3.28224829e+00  3.70126293e-07  2.43231665e+00  3.70126293e-07 -3.60611814e-04 
 3.70156343e-07 -4.10257691e-02  3.70156343e-07  3.24860845e+00  3.70156343e-07  1.44067853e+00  3.70156343e-07 -6.21534730e-04 
 3.70200000e-07  4.96474232e-02  3.70200000e-07  3.25828541e+00  3.70200000e-07  0.00000000e+00  3.70200000e-07 -1.14676030e-03 
 3.70204160e-07  7.21505085e-02  3.70204160e-07  3.26918099e+00  3.70204160e-07  0.00000000e+00  3.70204160e-07 -7.89219959e-04 
 3.70212480e-07  1.16425488e-01  3.70212480e-07  3.28921695e+00  3.70212480e-07  0.00000000e+00  3.70212480e-07 -7.74031069e-04 
 3.70229120e-07  2.01588626e-01  3.70229120e-07  3.32168051e+00  3.70229120e-07  0.00000000e+00  3.70229120e-07 -7.52155349e-04 
 3.70262401e-07  3.66832531e-01  3.70262401e-07  3.36389514e+00  3.70262401e-07  0.00000000e+00  3.70262401e-07 -7.11529889e-04 
 3.70328962e-07  7.24407337e-01  3.70328962e-07  3.41244495e+00  3.70328962e-07  0.00000000e+00  3.70328962e-07 -6.47557768e-04 
 3.70435433e-07  1.43906363e+00  3.70435433e-07  3.48298201e+00  3.70435433e-07  0.00000000e+00  3.70435433e-07 -4.24108514e-04 
 3.70541527e-07  2.09859558e+00  3.70541527e-07  3.51051027e+00  3.70541527e-07  0.00000000e+00  3.70541527e-07 -2.25821851e-04 
 3.70652077e-07  2.55741930e+00  3.70652077e-07  3.45567984e+00  3.70652077e-07  0.00000000e+00  3.70652077e-07 -1.02063261e-04 
 3.70783542e-07  2.91287365e+00  3.70783542e-07  3.40576215e+00  3.70783542e-07  0.00000000e+00  3.70783542e-07 -5.08648387e-05 
 3.70911952e-07  3.11775679e+00  3.70911952e-07  3.35954994e+00  3.70911952e-07  0.00000000e+00  3.70911952e-07 -1.97437087e-05 
 3.71109040e-07  3.25068822e+00  3.71109040e-07  3.32171088e+00  3.71109040e-07  0.00000000e+00  3.71109040e-07 -1.17602602e-05 
 3.71304843e-07  3.28677930e+00  3.71304843e-07  3.30718831e+00  3.71304843e-07  0.00000000e+00  3.71304843e-07  2.82264827e-06 
 3.71696451e-07  3.30093455e+00  3.71696451e-07  3.29986324e+00  3.71696451e-07  0.00000000e+00  3.71696451e-07 -5.96804473e-06 
 3.72175069e-07  3.29985356e+00  3.72175069e-07  3.29999465e+00  3.72175069e-07  0.00000000e+00  3.72175069e-07  4.82200514e-06 
 3.72675069e-07  3.30007659e+00  3.72675069e-07  3.30003615e+00  3.72675069e-07  0.00000000e+00  3.72675069e-07 -5.73016747e-06 
 3.73175069e-07  3.29998010e+00  3.73175069e-07  3.29998444e+00  3.73175069e-07  0.00000000e+00  3.73175069e-07  5.13367453e-06 
 3.73675069e-07  3.30000618e+00  3.73675069e-07  3.30000904e+00  3.73675069e-07  0.00000000e+00  3.73675069e-07 -5.64604666e-06 
 3.74175069e-07  3.29999826e+00  3.74175069e-07  3.29999556e+00  3.74175069e-07  0.00000000e+00  3.74175069e-07  5.25624649e-06 
 3.74675069e-07  3.30000129e+00  3.74675069e-07  3.30000352e+00  3.74675069e-07  0.00000000e+00  3.74675069e-07 -5.60168625e-06 
 3.75175069e-07  3.29999965e+00  3.75175069e-07  3.29999816e+00  3.75175069e-07  0.00000000e+00  3.75175069e-07  5.31809706e-06 
 3.75675069e-07  3.30000056e+00  3.75675069e-07  3.30000172e+00  3.75675069e-07  0.00000000e+00  3.75675069e-07 -5.57484774e-06 
 3.76175069e-07  3.29999988e+00  3.76175069e-07  3.29999912e+00  3.76175069e-07  0.00000000e+00  3.76175069e-07  5.35359939e-06 
 3.76675069e-07  3.30000030e+00  3.76675069e-07  3.30000092e+00  3.76675069e-07  0.00000000e+00  3.76675069e-07 -5.55664899e-06 
 3.77175069e-07  3.29999996e+00  3.77175069e-07  3.29999958e+00  3.77175069e-07  0.00000000e+00  3.77175069e-07  5.37615088e-06 
 3.77675069e-07  3.30000018e+00  3.77675069e-07  3.30000051e+00  3.77675069e-07  0.00000000e+00  3.77675069e-07 -5.54332680e-06 
 3.78175069e-07  3.29999999e+00  3.78175069e-07  3.29999980e+00  3.78175069e-07  0.00000000e+00  3.78175069e-07  5.39144613e-06 
 3.78675069e-07  3.30000011e+00  3.78675069e-07  3.30000029e+00  3.78675069e-07  0.00000000e+00  3.78675069e-07 -5.53312993e-06 
 3.79175069e-07  3.30000001e+00  3.79175069e-07  3.29999992e+00  3.79175069e-07  0.00000000e+00  3.79175069e-07  5.40238898e-06 
 3.79675069e-07  3.30000007e+00  3.79675069e-07  3.30000017e+00  3.79675069e-07  0.00000000e+00  3.79675069e-07 -5.52510122e-06 
 3.80175069e-07  3.30000001e+00  3.80175069e-07  3.29999997e+00  3.80175069e-07  0.00000000e+00  3.80175069e-07  5.41057064e-06 
 3.80675069e-07  3.30000004e+00  3.80675069e-07  3.30000010e+00  3.80675069e-07  0.00000000e+00  3.80675069e-07 -5.51864904e-06 
 3.81175069e-07  3.30000001e+00  3.81175069e-07  3.30000000e+00  3.81175069e-07  0.00000000e+00  3.81175069e-07  5.41691268e-06 
 3.81675069e-07  3.30000003e+00  3.81675069e-07  3.30000006e+00  3.81675069e-07  0.00000000e+00  3.81675069e-07 -5.51337757e-06 
 3.82175069e-07  3.30000001e+00  3.82175069e-07  3.30000001e+00  3.82175069e-07  0.00000000e+00  3.82175069e-07  5.42197496e-06 
 3.82675069e-07  3.30000002e+00  3.82675069e-07  3.30000004e+00  3.82675069e-07  0.00000000e+00  3.82675069e-07 -5.50900896e-06 
 3.83175069e-07  3.30000001e+00  3.83175069e-07  3.30000001e+00  3.83175069e-07  0.00000000e+00  3.83175069e-07  5.42611267e-06 
 3.83675069e-07  3.30000001e+00  3.83675069e-07  3.30000003e+00  3.83675069e-07  0.00000000e+00  3.83675069e-07 -5.50534216e-06 
 3.84175069e-07  3.30000001e+00  3.84175069e-07  3.30000001e+00  3.84175069e-07  0.00000000e+00  3.84175069e-07  5.42956047e-06 
 3.84675069e-07  3.30000001e+00  3.84675069e-07  3.30000002e+00  3.84675069e-07  0.00000000e+00  3.84675069e-07 -5.50222880e-06 
 3.85175069e-07  3.30000000e+00  3.85175069e-07  3.30000001e+00  3.85175069e-07  0.00000000e+00  3.85175069e-07  5.43247906e-06 
 3.85675069e-07  3.30000000e+00  3.85675069e-07  3.30000001e+00  3.85675069e-07  0.00000000e+00  3.85675069e-07 -5.49955758e-06 
 3.86175069e-07  3.30000000e+00  3.86175069e-07  3.30000001e+00  3.86175069e-07  0.00000000e+00  3.86175069e-07  5.43498229e-06 
 3.86675069e-07  3.30000000e+00  3.86675069e-07  3.30000001e+00  3.86675069e-07  0.00000000e+00  3.86675069e-07 -5.49724389e-06 
 3.87175069e-07  3.30000000e+00  3.87175069e-07  3.30000001e+00  3.87175069e-07  0.00000000e+00  3.87175069e-07  5.43715303e-06 
 3.87675069e-07  3.30000000e+00  3.87675069e-07  3.30000001e+00  3.87675069e-07  0.00000000e+00  3.87675069e-07 -5.49522260e-06 
 3.88175069e-07  3.30000000e+00  3.88175069e-07  3.30000000e+00  3.88175069e-07  0.00000000e+00  3.88175069e-07  5.43905328e-06 
 3.88675069e-07  3.30000000e+00  3.88675069e-07  3.30000000e+00  3.88675069e-07  0.00000000e+00  3.88675069e-07 -5.49344299e-06 
 3.89175069e-07  3.30000000e+00  3.89175069e-07  3.30000000e+00  3.89175069e-07  0.00000000e+00  3.89175069e-07  5.44073039e-06 
 3.89675069e-07  3.30000000e+00  3.89675069e-07  3.30000000e+00  3.89675069e-07  0.00000000e+00  3.89675069e-07 -5.49186514e-06 
 3.90175069e-07  3.30000000e+00  3.90175069e-07  3.30000000e+00  3.90175069e-07  0.00000000e+00  3.90175069e-07  5.44222118e-06 
 3.90675069e-07  3.30000000e+00  3.90675069e-07  3.30000000e+00  3.90675069e-07  0.00000000e+00  3.90675069e-07 -5.49045723e-06 
 3.91175069e-07  3.30000000e+00  3.91175069e-07  3.30000000e+00  3.91175069e-07  0.00000000e+00  3.91175069e-07  5.44355479e-06 
 3.91675069e-07  3.30000000e+00  3.91675069e-07  3.30000000e+00  3.91675069e-07  0.00000000e+00  3.91675069e-07 -5.48919371e-06 
 3.92175069e-07  3.30000000e+00  3.92175069e-07  3.30000000e+00  3.92175069e-07  0.00000000e+00  3.92175069e-07  5.44475456e-06 
 3.92675069e-07  3.29999999e+00  3.92675069e-07  3.30000000e+00  3.92675069e-07  0.00000000e+00  3.92675069e-07 -5.48805380e-06 
 3.93175069e-07  3.29999999e+00  3.93175069e-07  3.30000000e+00  3.93175069e-07  0.00000000e+00  3.93175069e-07  5.44583946e-06 
 3.93675069e-07  3.29999999e+00  3.93675069e-07  3.30000000e+00  3.93675069e-07  0.00000000e+00  3.93675069e-07 -5.48702048e-06 
 3.94175069e-07  3.29999999e+00  3.94175069e-07  3.30000000e+00  3.94175069e-07  0.00000000e+00  3.94175069e-07  5.44682502e-06 
 3.94675069e-07  3.29999999e+00  3.94675069e-07  3.30000000e+00  3.94675069e-07  0.00000000e+00  3.94675069e-07 -5.48607968e-06 
 3.95175069e-07  3.29999999e+00  3.95175069e-07  3.30000000e+00  3.95175069e-07  0.00000000e+00  3.95175069e-07  5.44772413e-06 
 3.95675069e-07  3.29999999e+00  3.95675069e-07  3.30000000e+00  3.95675069e-07  0.00000000e+00  3.95675069e-07 -5.48521969e-06 
 3.96175069e-07  3.29999999e+00  3.96175069e-07  3.30000000e+00  3.96175069e-07  0.00000000e+00  3.96175069e-07  5.44854755e-06 
 3.96675069e-07  3.29999999e+00  3.96675069e-07  3.29999999e+00  3.96675069e-07  0.00000000e+00  3.96675069e-07 -5.48443065e-06 
 3.97175069e-07  3.29999999e+00  3.97175069e-07  3.29999999e+00  3.97175069e-07  0.00000000e+00  3.97175069e-07  5.44930432e-06 
 3.97675069e-07  3.29999999e+00  3.97675069e-07  3.29999999e+00  3.97675069e-07  0.00000000e+00  3.97675069e-07 -5.48370426e-06 
 3.98175069e-07  3.29999999e+00  3.98175069e-07  3.29999999e+00  3.98175069e-07  0.00000000e+00  3.98175069e-07  5.45000213e-06 
 3.98675069e-07  3.29999999e+00  3.98675069e-07  3.29999999e+00  3.98675069e-07  0.00000000e+00  3.98675069e-07 -5.48303342e-06 
 3.99175069e-07  3.29999999e+00  3.99175069e-07  3.29999999e+00  3.99175069e-07  0.00000000e+00  3.99175069e-07  5.45064752e-06 
 3.99675069e-07  3.29999999e+00  3.99675069e-07  3.29999999e+00  3.99675069e-07  0.00000000e+00  3.99675069e-07 -5.48241208e-06 
 4.00000000e-07  3.29999999e+00  4.00000000e-07  3.29999999e+00  4.00000000e-07  0.00000000e+00  4.00000000e-07  5.45114445e-06 
 4.00050000e-07  3.29999999e+00  4.00050000e-07  3.29999999e+00  4.00050000e-07  0.00000000e+00  4.00050000e-07 -1.55087747e-08 
 4.00150000e-07  3.29999999e+00  4.00150000e-07  3.29999999e+00  4.00150000e-07  0.00000000e+00  4.00150000e-07 -1.54505931e-08 
 4.00350000e-07  3.29999999e+00  4.00350000e-07  3.29999999e+00  4.00350000e-07  0.00000000e+00  4.00350000e-07 -1.53359192e-08 
 4.00750000e-07  3.29999999e+00  4.00750000e-07  3.29999999e+00  4.00750000e-07  0.00000000e+00  4.00750000e-07 -1.51112401e-08 
 4.01250000e-07  3.29999999e+00  4.01250000e-07  3.29999999e+00  4.01250000e-07  0.00000000e+00  4.01250000e-07 -1.48393898e-08 
 4.01750000e-07  3.29999999e+00  4.01750000e-07  3.29999999e+00  4.01750000e-07  0.00000000e+00  4.01750000e-07 -1.45767706e-08 
 4.02250000e-07  3.29999999e+00  4.02250000e-07  3.29999999e+00  4.02250000e-07  0.00000000e+00  4.02250000e-07 -1.43231578e-08 
 4.02750000e-07  3.29999999e+00  4.02750000e-07  3.29999999e+00  4.02750000e-07  0.00000000e+00  4.02750000e-07 -1.40778732e-08 
 4.03250000e-07  3.29999999e+00  4.03250000e-07  3.29999999e+00  4.03250000e-07  0.00000000e+00  4.03250000e-07 -1.38407453e-08 
 4.03750000e-07  3.29999999e+00  4.03750000e-07  3.29999999e+00  4.03750000e-07  0.00000000e+00  4.03750000e-07 -1.36111537e-08 
 4.04250000e-07  3.29999999e+00  4.04250000e-07  3.29999999e+00  4.04250000e-07  0.00000000e+00  4.04250000e-07 -1.33889736e-08 
 4.04750000e-07  3.29999999e+00  4.04750000e-07  3.29999999e+00  4.04750000e-07  0.00000000e+00  4.04750000e-07 -1.31736328e-08 
 4.05250000e-07  3.29999999e+00  4.05250000e-07  3.29999999e+00  4.05250000e-07  0.00000000e+00  4.05250000e-07 -1.29650475e-08 
 4.05750000e-07  3.29999999e+00  4.05750000e-07  3.29999999e+00  4.05750000e-07  0.00000000e+00  4.05750000e-07 -1.27626857e-08 
 4.06250000e-07  3.29999999e+00  4.06250000e-07  3.29999999e+00  4.06250000e-07  0.00000000e+00  4.06250000e-07 -1.25664994e-08 
 4.06750000e-07  3.29999999e+00  4.06750000e-07  3.29999999e+00  4.06750000e-07  0.00000000e+00  4.06750000e-07 -1.23759907e-08 
 4.07250000e-07  3.29999999e+00  4.07250000e-07  3.29999999e+00  4.07250000e-07  0.00000000e+00  4.07250000e-07 -1.21911427e-08 
 4.07750000e-07  3.29999999e+00  4.07750000e-07  3.29999999e+00  4.07750000e-07  0.00000000e+00  4.07750000e-07 -1.20114871e-08 
 4.08250000e-07  3.29999999e+00  4.08250000e-07  3.29999999e+00  4.08250000e-07  0.00000000e+00  4.08250000e-07 -1.18370336e-08 
 4.08750000e-07  3.29999999e+00  4.08750000e-07  3.29999999e+00  4.08750000e-07  0.00000000e+00  4.08750000e-07 -1.16673395e-08 
 4.09250000e-07  3.29999999e+00  4.09250000e-07  3.29999999e+00  4.09250000e-07  0.00000000e+00  4.09250000e-07 -1.15024379e-08 
 4.09750000e-07  3.29999999e+00  4.09750000e-07  3.29999999e+00  4.09750000e-07  0.00000000e+00  4.09750000e-07 -1.13419082e-08 
 4.10250000e-07  3.29999999e+00  4.10250000e-07  3.29999999e+00  4.10250000e-07  0.00000000e+00  4.10250000e-07 -1.11858041e-08 
 4.10750000e-07  3.29999999e+00  4.10750000e-07  3.29999999e+00  4.10750000e-07  0.00000000e+00  4.10750000e-07 -1.10337239e-08 
 4.11250000e-07  3.29999999e+00  4.11250000e-07  3.29999999e+00  4.11250000e-07  0.00000000e+00  4.11250000e-07 -1.08857395e-08 
 4.11750000e-07  3.29999999e+00  4.11750000e-07  3.29999999e+00  4.11750000e-07  0.00000000e+00  4.11750000e-07 -1.07414660e-08 
 4.12250000e-07  3.29999999e+00  4.12250000e-07  3.29999999e+00  4.12250000e-07  0.00000000e+00  4.12250000e-07 -1.06009911e-08 
 4.12750000e-07  3.29999999e+00  4.12750000e-07  3.29999999e+00  4.12750000e-07  0.00000000e+00  4.12750000e-07 -1.04639446e-08 
 4.13250000e-07  3.29999999e+00  4.13250000e-07  3.29999999e+00  4.13250000e-07  0.00000000e+00  4.13250000e-07 -1.03304282e-08 
 4.13750000e-07  3.29999999e+00  4.13750000e-07  3.29999999e+00  4.13750000e-07  0.00000000e+00  4.13750000e-07 -1.02000847e-08 
 4.14250000e-07  3.29999999e+00  4.14250000e-07  3.29999999e+00  4.14250000e-07  0.00000000e+00  4.14250000e-07 -1.00730280e-08 
 4.14750000e-07  3.29999999e+00  4.14750000e-07  3.29999999e+00  4.14750000e-07  0.00000000e+00  4.14750000e-07 -9.94891257e-09 
 4.15250000e-07  3.29999999e+00  4.15250000e-07  3.29999999e+00  4.15250000e-07  0.00000000e+00  4.15250000e-07 -9.82786310e-09 
 4.15750000e-07  3.29999999e+00  4.15750000e-07  3.29999999e+00  4.15750000e-07  0.00000000e+00  4.15750000e-07 -9.70954439e-09 
 4.16250000e-07  3.29999999e+00  4.16250000e-07  3.29999999e+00  4.16250000e-07  0.00000000e+00  4.16250000e-07 -9.59409072e-09 
 4.16750000e-07  3.29999999e+00  4.16750000e-07  3.29999999e+00  4.16750000e-07  0.00000000e+00  4.16750000e-07 -9.48117601e-09 
 4.17250000e-07  3.29999999e+00  4.17250000e-07  3.29999999e+00  4.17250000e-07  0.00000000e+00  4.17250000e-07 -9.37094318e-09 
 4.17750000e-07  3.29999999e+00  4.17750000e-07  3.29999999e+00  4.17750000e-07  0.00000000e+00  4.17750000e-07 -9.26307426e-09 
 4.18250000e-07  3.29999999e+00  4.18250000e-07  3.29999999e+00  4.18250000e-07  0.00000000e+00  4.18250000e-07 -9.15771986e-09 
 4.18750000e-07  3.29999999e+00  4.18750000e-07  3.29999999e+00  4.18750000e-07  0.00000000e+00  4.18750000e-07 -9.05456929e-09 
 4.19250000e-07  3.29999999e+00  4.19250000e-07  3.29999999e+00  4.19250000e-07  0.00000000e+00  4.19250000e-07 -8.95378002e-09 
 4.19750000e-07  3.29999999e+00  4.19750000e-07  3.29999999e+00  4.19750000e-07  0.00000000e+00  4.19750000e-07 -8.85504792e-09 
 4.20000000e-07  3.29999999e+00  4.20000000e-07  3.29999999e+00  4.20000000e-07  0.00000000e+00  4.20000000e-07 -8.80656738e-09 
 4.20010000e-07  3.32225698e+00  4.20010000e-07  3.32226144e+00  4.20010000e-07  3.30000000e-01  4.20010000e-07  4.12636614e-04 
 4.20030000e-07  3.36412189e+00  4.20030000e-07  3.36414721e+00  4.20030000e-07  9.90000000e-01  4.20030000e-07  4.61528572e-04 
 4.20070000e-07  3.44569608e+00  4.20070000e-07  3.44586364e+00  4.20070000e-07  2.31000000e+00  4.20070000e-07  4.58048403e-04 
 4.20100000e-07  3.48376951e+00  4.20100000e-07  3.48350850e+00  4.20100000e-07  3.30000000e+00  4.20100000e-07  2.91420650e-04 
 4.20104125e-07  3.48293884e+00  4.20104125e-07  3.48263422e+00  4.20104125e-07  3.30000000e+00  4.20104125e-07 -1.16694271e-05 
 4.20112376e-07  3.48045257e+00  4.20112376e-07  3.48001794e+00  4.20112376e-07  3.30000000e+00  4.20112376e-07 -3.88864587e-05 
 4.20128876e-07  3.47012277e+00  4.20128876e-07  3.46923978e+00  4.20128876e-07  3.30000000e+00  4.20128876e-07 -5.27758884e-05 
 4.20161878e-07  3.44162416e+00  4.20161878e-07  3.44004923e+00  4.20161878e-07  3.30000000e+00  4.20161878e-07 -7.13429983e-05 
 4.20218985e-07  3.24905389e+00  4.20218985e-07  3.25316868e+00  4.20218985e-07  3.30000000e+00  4.20218985e-07 -1.00361846e-04 
 4.20270806e-07  2.96119539e+00  4.20270806e-07  2.98465103e+00  4.20270806e-07  3.30000000e+00  4.20270806e-07 -1.25461478e-04 
 4.20343927e-07  2.54140721e+00  4.20343927e-07  2.57489798e+00  4.20343927e-07  3.30000000e+00  4.20343927e-07 -1.03173892e-04 
 4.20428146e-07  2.11800730e+00  4.20428146e-07  2.17100866e+00  4.20428146e-07  3.30000000e+00  4.20428146e-07 -1.78818533e-04 
 4.20551742e-07  1.70006368e+00  4.20551742e-07  1.86433808e+00  4.20551742e-07  3.30000000e+00  4.20551742e-07 -2.31022028e-04 
 4.20695716e-07  1.25840824e+00  4.20695716e-07  2.07620844e+00  4.20695716e-07  3.30000000e+00  4.20695716e-07 -3.27531292e-04 
 4.20845407e-07  7.80877013e-01  4.20845407e-07  2.68295638e+00  4.20845407e-07  3.30000000e+00  4.20845407e-07 -2.56829646e-04 
 4.20962376e-07  5.04182153e-01  4.20962376e-07  3.05679756e+00  4.20962376e-07  3.30000000e+00  4.20962376e-07 -1.79287391e-04 
 4.21092815e-07  2.68796886e-01  4.21092815e-07  3.21586214e+00  4.21092815e-07  3.30000000e+00  4.21092815e-07 -4.79149678e-05 
 4.21284207e-07  8.63804033e-02  4.21284207e-07  3.27756637e+00  4.21284207e-07  3.30000000e+00  4.21284207e-07 -4.32508523e-05 
 4.21505887e-07  1.95073444e-02  4.21505887e-07  3.29424680e+00  4.21505887e-07  3.30000000e+00  4.21505887e-07  1.66235909e-05 
 4.21816306e-07  8.55500487e-04  4.21816306e-07  3.29987059e+00  4.21816306e-07  3.30000000e+00  4.21816306e-07 -2.21249365e-05 
 4.22111542e-07  1.80478145e-04  4.22111542e-07  3.29991338e+00  4.22111542e-07  3.30000000e+00  4.22111542e-07  2.18985308e-05 
 4.22611542e-07 -1.24573620e-04  4.22611542e-07  3.30005254e+00  4.22611542e-07  3.30000000e+00  4.22611542e-07 -2.19275875e-05 
 4.23111542e-07  1.10789549e-04  4.23111542e-07  3.29996136e+00  4.23111542e-07  3.30000000e+00  4.23111542e-07  2.19400987e-05 
 4.23611542e-07 -1.05837437e-04  4.23611542e-07  3.30003122e+00  4.23611542e-07  3.30000000e+00  4.23611542e-07 -2.19477805e-05 
 4.24111542e-07  1.02147521e-04  4.24111542e-07  3.29997303e+00  4.24111542e-07  3.30000000e+00  4.24111542e-07  2.19532979e-05 
 4.24611542e-07 -9.94186760e-05  4.24611542e-07  3.30002411e+00  4.24611542e-07  3.30000000e+00  4.24611542e-07 -2.19579674e-05 
 4.25111542e-07  9.63151302e-05  4.25111542e-07  3.29997780e+00  4.25111542e-07  3.30000000e+00  4.25111542e-07  2.19619786e-05 
 4.25611542e-07 -9.39771871e-05  4.25611542e-07  3.30002067e+00  4.25611542e-07  3.30000000e+00  4.25611542e-07 -2.19658229e-05 
 4.26111542e-07  9.10898119e-05  4.26111542e-07  3.29998050e+00  4.26111542e-07  3.30000000e+00  4.26111542e-07  2.19693815e-05 
 4.26611542e-07 -8.90012726e-05  4.26611542e-07  3.30001841e+00  4.26611542e-07  3.30000000e+00  4.26611542e-07 -2.19729651e-05 
 4.27111542e-07  8.62472946e-05  4.27111542e-07  3.29998251e+00  4.27111542e-07  3.30000000e+00  4.27111542e-07  2.19763731e-05 
 4.27611542e-07 -8.43289693e-05  4.27611542e-07  3.30001656e+00  4.27611542e-07  3.30000000e+00  4.27611542e-07 -2.19798555e-05 
 4.28111542e-07  8.16506673e-05  4.28111542e-07  3.29998424e+00  4.28111542e-07  3.30000000e+00  4.28111542e-07  2.19831886e-05 
 4.28611542e-07 -7.98528601e-05  4.28611542e-07  3.30001493e+00  4.28611542e-07  3.30000000e+00  4.28611542e-07 -2.19866001e-05 
 4.29111542e-07  7.72187818e-05  4.29111542e-07  3.29998580e+00  4.29111542e-07  3.30000000e+00  4.29111542e-07  2.19898629e-05 
 4.29611542e-07 -7.55166883e-05  4.29611542e-07  3.30001344e+00  4.29611542e-07  3.30000000e+00  4.29611542e-07 -2.19931952e-05 
 4.30111542e-07  7.29150975e-05  4.30111542e-07  3.29998722e+00  4.30111542e-07  3.30000000e+00  4.30111542e-07  2.19963734e-05 
 4.30611542e-07 -7.12997189e-05  4.30611542e-07  3.30001209e+00  4.30611542e-07  3.30000000e+00  4.30611542e-07 -2.19996102e-05 
 4.31111542e-07  6.87303652e-05  4.31111542e-07  3.29998851e+00  4.31111542e-07  3.30000000e+00  4.31111542e-07  2.20026873e-05 
 4.31611542e-07 -6.72010168e-05  4.31611542e-07  3.30001087e+00  4.31611542e-07  3.30000000e+00  4.31611542e-07 -2.20058135e-05 
 4.32111542e-07  6.46691324e-05  4.32111542e-07  3.29998967e+00  4.32111542e-07  3.30000000e+00  4.32111542e-07  2.20087760e-05 
 4.32611542e-07 -6.32286652e-05  4.32611542e-07  3.30000977e+00  4.32611542e-07  3.30000000e+00  4.32611542e-07 -2.20117799e-05 
 4.33111542e-07  6.07413450e-05  4.33111542e-07  3.29999071e+00  4.33111542e-07  3.30000000e+00  4.33111542e-07  2.20146180e-05 
 4.33611542e-07 -5.93934770e-05  4.33611542e-07  3.30000879e+00  4.33611542e-07  3.30000000e+00  4.33611542e-07 -2.20174918e-05 
 4.34111542e-07  5.69577434e-05  4.34111542e-07  3.29999164e+00  4.34111542e-07  3.30000000e+00  4.34111542e-07  2.20201991e-05 
 4.34611542e-07 -5.57057290e-05  4.34611542e-07  3.30000791e+00  4.34611542e-07  3.30000000e+00  4.34611542e-07 -2.20229380e-05 
 4.35111542e-07  5.33276210e-05  4.35111542e-07  3.29999247e+00  4.35111542e-07  3.30000000e+00  4.35111542e-07  2.20255111e-05 
 4.35611542e-07 -5.21736901e-05  4.35611542e-07  3.30000712e+00  4.35611542e-07  3.30000000e+00  4.35611542e-07 -2.20281131e-05 
 4.36111542e-07  4.98579257e-05  4.36111542e-07  3.29999321e+00  4.36111542e-07  3.30000000e+00  4.36111542e-07  2.20305508e-05 
 4.36611542e-07 -4.88031312e-05  4.36611542e-07  3.30000642e+00  4.36611542e-07  3.30000000e+00  4.36611542e-07 -2.20330156e-05 
 4.37111542e-07  4.65530674e-05  4.37111542e-07  3.29999388e+00  4.37111542e-07  3.30000000e+00  4.37111542e-07  2.20353185e-05 
 4.37611542e-07 -4.55973358e-05  4.37611542e-07  3.30000579e+00  4.37611542e-07  3.30000000e+00  4.37611542e-07 -2.20376477e-05 
 4.38111542e-07  4.34150719e-05  4.38111542e-07  3.29999447e+00  4.38111542e-07  3.30000000e+00  4.38111542e-07  2.20398179e-05 
 4.38611542e-07 -4.25573411e-05  4.38611542e-07  3.30000523e+00  4.38611542e-07  3.30000000e+00  4.38611542e-07 -2.20420141e-05 
 4.39111542e-07  4.04438794e-05  4.39111542e-07  3.29999500e+00  4.39111542e-07  3.30000000e+00  4.39111542e-07  2.20440547e-05 
 4.39611542e-07 -3.96822663e-05  4.39611542e-07  3.30000473e+00  4.39611542e-07  3.30000000e+00  4.39611542e-07 -2.20461216e-05 
 4.40111542e-07  3.76376869e-05  4.40111542e-07  3.29999548e+00  4.40111542e-07  3.30000000e+00  4.40111542e-07  2.20480365e-05 
 4.40611542e-07 -3.69696529e-05  4.40611542e-07  3.30000428e+00  4.40611542e-07  3.30000000e+00  4.40611542e-07 -2.20499784e-05 
 4.41111542e-07  3.49932822e-05  4.41111542e-07  3.29999591e+00  4.41111542e-07  3.30000000e+00  4.41111542e-07  2.20517721e-05 
 4.41611542e-07 -3.44157854e-05  4.41611542e-07  3.30000387e+00  4.41611542e-07  3.30000000e+00  4.41611542e-07 -2.20535938e-05 
 4.42111542e-07  3.25063478e-05  4.42111542e-07  3.29999629e+00  4.42111542e-07  3.30000000e+00  4.42111542e-07  2.20552712e-05 
 4.42611542e-07 -3.20159752e-05  4.42611542e-07  3.30000351e+00  4.42611542e-07  3.30000000e+00  4.42611542e-07 -2.20569779e-05 
 4.43111542e-07  3.01717257e-05  4.43111542e-07  3.29999664e+00  4.43111542e-07  3.30000000e+00  4.43111542e-07  2.20585442e-05 
 4.43611542e-07 -2.97648059e-05  4.43611542e-07  3.30000318e+00  4.43611542e-07  3.30000000e+00  4.43611542e-07 -2.20601413e-05 
 4.44111542e-07  2.79836436e-05  4.44111542e-07  3.29999695e+00  4.44111542e-07  3.30000000e+00  4.44111542e-07  2.20616018e-05 
 4.44611542e-07 -2.76563402e-05  4.44611542e-07  3.30000289e+00  4.44611542e-07  3.30000000e+00  4.44611542e-07 -2.20630948e-05 
 4.45111542e-07  2.59359034e-05  4.45111542e-07  3.29999723e+00  4.45111542e-07  3.30000000e+00  4.45111542e-07  2.20644550e-05 
 4.45611542e-07 -2.56842922e-05  4.45611542e-07  3.30000263e+00  4.45611542e-07  3.30000000e+00  4.45611542e-07 -2.20658492e-05 
 4.46111542e-07  2.40220377e-05  4.46111542e-07  3.29999748e+00  4.46111542e-07  3.30000000e+00  4.46111542e-07  2.20671145e-05 
 4.46611542e-07 -2.38421684e-05  4.46611542e-07  3.30000239e+00  4.46611542e-07  3.30000000e+00  4.46611542e-07 -2.20684155e-05 
 4.47111542e-07  2.22354371e-05  4.47111542e-07  3.29999771e+00  4.47111542e-07  3.30000000e+00  4.47111542e-07  2.20695911e-05 
 4.47611542e-07 -2.21233830e-05  4.47611542e-07  3.30000217e+00  4.47611542e-07  3.30000000e+00  4.47611542e-07 -2.20708043e-05 
 4.48111542e-07  2.05694529e-05  4.48111542e-07  3.29999791e+00  4.48111542e-07  3.30000000e+00  4.48111542e-07  2.20718955e-05 
 4.48611542e-07 -2.05213503e-05  4.48611542e-07  3.30000198e+00  4.48611542e-07  3.30000000e+00  4.48611542e-07 -2.20730259e-05 
 4.49111542e-07  1.90174796e-05  4.49111542e-07  3.29999810e+00  4.49111542e-07  3.30000000e+00  4.49111542e-07  2.20740378e-05 
 4.49611542e-07 -1.90295575e-05  4.49611542e-07  3.30000180e+00  4.49611542e-07  3.30000000e+00  4.49611542e-07 -2.20750907e-05 
 4.50111542e-07  1.75730193e-05  4.50111542e-07  3.29999827e+00  4.50111542e-07  3.30000000e+00  4.50111542e-07  2.20760281e-05 
 4.50611542e-07 -1.76416226e-05  4.50611542e-07  3.30000164e+00  4.50611542e-07  3.30000000e+00  4.50611542e-07 -2.20770082e-05 
 4.51111542e-07  1.62297316e-05  4.51111542e-07  3.29999842e+00  4.51111542e-07  3.30000000e+00  4.51111542e-07  2.20778759e-05 
 4.51611542e-07 -1.63513377e-05  4.51611542e-07  3.30000150e+00  4.51611542e-07  3.30000000e+00  4.51611542e-07 -2.20787878e-05 
 4.52111542e-07  1.49814718e-05  4.52111542e-07  3.29999856e+00  4.52111542e-07  3.30000000e+00  4.52111542e-07  2.20795903e-05 
 4.52611542e-07 -1.51527022e-05  4.52611542e-07  3.30000137e+00  4.52611542e-07  3.30000000e+00  4.52611542e-07 -2.20804386e-05 
 4.53111542e-07  1.38223182e-05  4.53111542e-07  3.29999868e+00  4.53111542e-07  3.30000000e+00  4.53111542e-07  2.20811801e-05 
 4.53611542e-07 -1.40399465e-05  4.53611542e-07  3.30000125e+00  4.53611542e-07  3.30000000e+00  4.53611542e-07 -2.20819690e-05 
 4.54111542e-07  1.27465918e-05  4.54111542e-07  3.29999880e+00  4.54111542e-07  3.30000000e+00  4.54111542e-07  2.20826536e-05 
 4.54611542e-07 -1.30075476e-05  4.54611542e-07  3.30000114e+00  4.54611542e-07  3.30000000e+00  4.54611542e-07 -2.20833870e-05 
 4.55111542e-07  1.17488687e-05  4.55111542e-07  3.29999890e+00  4.55111542e-07  3.30000000e+00  4.55111542e-07  2.20840187e-05 
 4.55611542e-07 -1.20502399e-05  4.55611542e-07  3.30000104e+00  4.55611542e-07  3.30000000e+00  4.55611542e-07 -2.20847004e-05 
 4.56111542e-07  1.18242437e-05  4.56111542e-07  3.29999895e+00  4.56111542e-07  3.30000000e+00  4.56111542e-07  2.20852959e-05 
 4.56611542e-07 -9.36022247e-06  4.56611542e-07  3.30000078e+00  4.56611542e-07  3.30000000e+00  4.56611542e-07 -2.20860577e-05 
 4.57111542e-07  1.15469859e-05  4.57111542e-07  3.29999890e+00  4.57111542e-07  3.30000000e+00  4.57111542e-07  2.20863198e-05 
 4.57611542e-07 -8.81661456e-06  4.57611542e-07  3.30000072e+00  4.57611542e-07  3.30000000e+00  4.57611542e-07 -2.20871579e-05 
 4.58111542e-07  1.06526427e-05  4.58111542e-07  3.29999900e+00  4.58111542e-07  3.30000000e+00  4.58111542e-07  2.20874191e-05 
 4.58611542e-07 -8.17950562e-06  4.58611542e-07  3.30000065e+00  4.58611542e-07  3.30000000e+00  4.58611542e-07 -2.20881966e-05 
 4.59111542e-07  9.79903896e-06  4.59111542e-07  3.29999909e+00  4.59111542e-07  3.30000000e+00  4.59111542e-07  2.20884344e-05 
 4.59611542e-07 -7.58369043e-06  4.59611542e-07  3.30000059e+00  4.59611542e-07  3.30000000e+00  4.59611542e-07 -2.20891536e-05 
 4.60111542e-07  9.00882212e-06  4.60111542e-07  3.29999917e+00  4.60111542e-07  3.30000000e+00  4.60111542e-07  2.20893704e-05 
 4.60611542e-07 -7.03200579e-06  4.60611542e-07  3.30000053e+00  4.60611542e-07  3.30000000e+00  4.60611542e-07 -2.20900365e-05 
 4.61111542e-07  8.27865267e-06  4.61111542e-07  3.29999924e+00  4.61111542e-07  3.30000000e+00  4.61111542e-07  2.20902343e-05 
 4.61611542e-07 -6.52169958e-06  4.61611542e-07  3.30000049e+00  4.61611542e-07  3.30000000e+00  4.61611542e-07 -2.20908518e-05 
 4.62111542e-07  7.60419077e-06  4.62111542e-07  3.29999930e+00  4.62111542e-07  3.30000000e+00  4.62111542e-07  2.20910323e-05 
 4.62611542e-07 -6.04982633e-06  4.62611542e-07  3.30000045e+00  4.62611542e-07  3.30000000e+00  4.62611542e-07 -2.20916048e-05 
 4.63111542e-07  6.98129651e-06  4.63111542e-07  3.29999936e+00  4.63111542e-07  3.30000000e+00  4.63111542e-07  2.20917692e-05 
 4.63611542e-07 -5.61359376e-06  4.63611542e-07  3.30000041e+00  4.63611542e-07  3.30000000e+00  4.63611542e-07 -2.20923002e-05 
 4.64111542e-07  6.40611867e-06  4.64111542e-07  3.29999941e+00  4.64111542e-07  3.30000000e+00  4.64111542e-07  2.20924497e-05 
 4.64611542e-07 -5.21040000e-06  4.64611542e-07  3.30000037e+00  4.64611542e-07  3.30000000e+00  4.64611542e-07 -2.20929424e-05 
 4.65111542e-07  5.87508889e-06  4.65111542e-07  3.29999946e+00  4.65111542e-07  3.30000000e+00  4.65111542e-07  2.20930780e-05 
 4.65611542e-07 -4.83782763e-06  4.65611542e-07  3.30000034e+00  4.65611542e-07  3.30000000e+00  4.65611542e-07 -2.20935352e-05 
 4.66111542e-07  5.38490111e-06  4.66111542e-07  3.29999950e+00  4.66111542e-07  3.30000000e+00  4.66111542e-07  2.20936579e-05 
 4.66611542e-07 -4.49363015e-06  4.66611542e-07  3.30000031e+00  4.66611542e-07  3.30000000e+00  4.66611542e-07 -2.20940824e-05 
 4.67111542e-07  4.93249046e-06  4.67111542e-07  3.29999954e+00  4.67111542e-07  3.30000000e+00  4.67111542e-07  2.20941932e-05 
 4.67611542e-07 -4.17571851e-06  4.67611542e-07  3.30000029e+00  4.67611542e-07  3.30000000e+00  4.67611542e-07 -2.20945874e-05 
 4.68111542e-07  4.51501439e-06  4.68111542e-07  3.29999958e+00  4.68111542e-07  3.30000000e+00  4.68111542e-07  2.20946872e-05 
 4.68611542e-07 -3.88214953e-06  4.68611542e-07  3.30000026e+00  4.68611542e-07  3.30000000e+00  4.68611542e-07 -2.20950534e-05 
 4.69111542e-07  4.12983625e-06  4.69111542e-07  3.29999962e+00  4.69111542e-07  3.30000000e+00  4.69111542e-07  2.20951429e-05 
 4.69611542e-07 -3.61111576e-06  4.69611542e-07  3.30000024e+00  4.69611542e-07  3.30000000e+00  4.69611542e-07 -2.20954834e-05 
 4.70100000e-07  3.77856831e-06  4.70100000e-07  3.29999965e+00  4.70100000e-07  3.30000000e+00  4.70100000e-07  2.20955681e-05 
 4.70110000e-07 -3.03643097e-03  4.70110000e-07  3.29706486e+00  4.70110000e-07  2.97000000e+00  4.70110000e-07 -2.80780675e-04 
 4.70130000e-07 -2.16955321e-02  4.70130000e-07  3.27725360e+00  4.70130000e-07  2.31000000e+00  4.70130000e-07 -3.66761093e-04 
 4.70170000e-07 -2.99813682e-02  4.70170000e-07  3.24454059e+00  4.70170000e-07  9.90000000e-01  4.70170000e-07 -7.90265113e-04 
 4.70200000e-07  4.76649416e-02  4.70200000e-07  3.25863486e+00  4.70200000e-07  0.00000000e+00  4.70200000e-07 -1.13760780e-03 
 4.70203589e-07  6.70126407e-02  4.70203589e-07  3.26815416e+00  4.70203589e-07  0.00000000e+00  4.70203589e-07 -7.89980593e-04 
 4.70210766e-07  1.05267984e-01  4.70210766e-07  3.28582355e+00  4.70210766e-07  0.00000000e+00  4.70210766e-07 -7.76546478e-04 
 4.70225121e-07  1.79254658e-01  4.70225121e-07  3.31504564e+00  4.70225121e-07  0.00000000e+00  4.70225121e-07 -7.56929751e-04 
 4.70253832e-07  3.22151417e-01  4.70253832e-07  3.35533160e+00  4.70253832e-07  0.00000000e+00  4.70253832e-07 -7.20575976e-04 
 4.70311252e-07  6.17173940e-01  4.70311252e-07  3.39993337e+00  4.70311252e-07  0.00000000e+00  4.70311252e-07 -6.70858700e-04 
 4.70413158e-07  1.28446810e+00  4.70413158e-07  3.47108837e+00  4.70413158e-07  0.00000000e+00  4.70413158e-07 -4.81196339e-04 
 4.70508507e-07  1.93545135e+00  4.70508507e-07  3.51402606e+00  4.70508507e-07  0.00000000e+00  4.70508507e-07 -2.74559066e-04 
 4.70628444e-07  2.50401270e+00  4.70628444e-07  3.47040030e+00  4.70628444e-07  0.00000000e+00  4.70628444e-07 -1.30336569e-04 
 4.70739508e-07  2.82797155e+00  4.70739508e-07  3.42495150e+00  4.70739508e-07  0.00000000e+00  4.70739508e-07 -5.79710307e-05 
 4.70880222e-07  3.08907605e+00  4.70880222e-07  3.36924862e+00  4.70880222e-07  0.00000000e+00  4.70880222e-07 -2.61435934e-05 
 4.71049095e-07  3.22778353e+00  4.71049095e-07  3.32978121e+00  4.71049095e-07  0.00000000e+00  4.71049095e-07 -1.20750830e-05 
 4.71243459e-07  3.28036140e+00  4.71243459e-07  3.31015268e+00  4.71243459e-07  0.00000000e+00  4.71243459e-07 -5.42767378e-07 
 4.71581416e-07  3.29992676e+00  4.71581416e-07  3.30059212e+00  4.71581416e-07  0.00000000e+00  4.71581416e-07 -3.58535266e-06 
 4.72042972e-07  3.29999027e+00  4.72042972e-07  3.29988657e+00  4.72042972e-07  0.00000000e+00  4.72042972e-07  2.21006959e-06 
 4.72542972e-07  3.30001047e+00  4.72542972e-07  3.30003686e+00  4.72542972e-07  0.00000000e+00  4.72542972e-07 -3.20277107e-06 
 4.73042972e-07  3.29999770e+00  4.73042972e-07  3.29998660e+00  4.73042972e-07  0.00000000e+00  4.73042972e-07  2.54921835e-06 
 4.73542972e-07  3.30000204e+00  4.73542972e-07  3.30000832e+00  4.73542972e-07  0.00000000e+00  4.73542972e-07 -3.08855814e-06 
 4.74042972e-07  3.29999995e+00  4.74042972e-07  3.29999565e+00  4.74042972e-07  0.00000000e+00  4.74042972e-07  2.67673794e-06 
 4.74542972e-07  3.30000066e+00  4.74542972e-07  3.30000368e+00  4.74542972e-07  0.00000000e+00  4.74542972e-07 -3.03647735e-06 
 4.75042972e-07  3.30000011e+00  4.75042972e-07  3.29999794e+00  4.75042972e-07  0.00000000e+00  4.75042972e-07  2.74103891e-06 
 4.75542972e-07  3.30000033e+00  4.75542972e-07  3.30000188e+00  4.75542972e-07  0.00000000e+00  4.75542972e-07 -3.00672874e-06 
 4.76042972e-07  3.30000009e+00  4.76042972e-07  3.29999902e+00  4.76042972e-07  0.00000000e+00  4.76042972e-07  2.77835610e-06 
 4.76542972e-07  3.30000019e+00  4.76542972e-07  3.30000098e+00  4.76542972e-07  0.00000000e+00  4.76542972e-07 -2.98683661e-06 
 4.77042972e-07  3.30000007e+00  4.77042972e-07  3.29999953e+00  4.77042972e-07  0.00000000e+00  4.77042972e-07  2.80157900e-06 
 4.77542972e-07  3.30000012e+00  4.77542972e-07  3.30000053e+00  4.77542972e-07  0.00000000e+00  4.77542972e-07 -2.97255986e-06 
 4.78042972e-07  3.30000006e+00  4.78042972e-07  3.29999978e+00  4.78042972e-07  0.00000000e+00  4.78042972e-07  2.81729938e-06 
 4.78542972e-07  3.30000008e+00  4.78542972e-07  3.30000030e+00  4.78542972e-07  0.00000000e+00  4.78542972e-07 -2.96178988e-06 
 4.79042972e-07  3.30000004e+00  4.79042972e-07  3.29999991e+00  4.79042972e-07  0.00000000e+00  4.79042972e-07  2.82853465e-06 
 4.79542972e-07  3.30000005e+00  4.79542972e-07  3.30000017e+00  4.79542972e-07  0.00000000e+00  4.79542972e-07 -2.95339751e-06 
 4.80042972e-07  3.30000003e+00  4.80042972e-07  3.29999997e+00  4.80042972e-07  0.00000000e+00  4.80042972e-07  2.83692763e-06 
 4.80542972e-07  3.30000004e+00  4.80542972e-07  3.30000010e+00  4.80542972e-07  0.00000000e+00  4.80542972e-07 -2.94670306e-06 
 4.81042972e-07  3.30000003e+00  4.81042972e-07  3.29999999e+00  4.81042972e-07  0.00000000e+00  4.81042972e-07  2.84342698e-06 
 4.81542972e-07  3.30000003e+00  4.81542972e-07  3.30000007e+00  4.81542972e-07  0.00000000e+00  4.81542972e-07 -2.94126309e-06 
 4.82042972e-07  3.30000002e+00  4.82042972e-07  3.30000001e+00  4.82042972e-07  0.00000000e+00  4.82042972e-07  2.84860902e-06 
 4.82542972e-07  3.30000002e+00  4.82542972e-07  3.30000004e+00  4.82542972e-07  0.00000000e+00  4.82542972e-07 -2.93677282e-06 
 4.83042972e-07  3.30000001e+00  4.83042972e-07  3.30000001e+00  4.83042972e-07  0.00000000e+00  4.83042972e-07  2.85283954e-06 
 4.83542972e-07  3.30000001e+00  4.83542972e-07  3.30000003e+00  4.83542972e-07  0.00000000e+00  4.83542972e-07 -2.93301533e-06 
 4.84042972e-07  3.30000001e+00  4.84042972e-07  3.30000001e+00  4.84042972e-07  0.00000000e+00  4.84042972e-07  2.85636030e-06 
 4.84542972e-07  3.30000001e+00  4.84542972e-07  3.30000002e+00  4.84542972e-07  0.00000000e+00  4.84542972e-07 -2.92983248e-06 
 4.85042972e-07  3.30000001e+00  4.85042972e-07  3.30000001e+00  4.85042972e-07  0.00000000e+00  4.85042972e-07  2.85933705e-06 
 4.85542972e-07  3.30000001e+00  4.85542972e-07  3.30000001e+00  4.85542972e-07  0.00000000e+00  4.85542972e-07 -2.92710677e-06 
 4.86042972e-07  3.30000000e+00  4.86042972e-07  3.30000001e+00  4.86042972e-07  0.00000000e+00  4.86042972e-07  2.86188719e-06 
 4.86542972e-07  3.30000000e+00  4.86542972e-07  3.30000001e+00  4.86542972e-07  0.00000000e+00  4.86542972e-07 -2.92474953e-06 
 4.87042972e-07  3.30000000e+00  4.87042972e-07  3.30000001e+00  4.87042972e-07  0.00000000e+00  4.87042972e-07  2.86409627e-06 
 4.87542972e-07  3.30000000e+00  4.87542972e-07  3.30000001e+00  4.87542972e-07  0.00000000e+00  4.87542972e-07 -2.92269286e-06 
 4.88042972e-07  3.30000000e+00  4.88042972e-07  3.30000000e+00  4.88042972e-07  0.00000000e+00  4.88042972e-07  2.86602815e-06 
 4.88542972e-07  3.30000000e+00  4.88542972e-07  3.30000000e+00  4.88542972e-07  0.00000000e+00  4.88542972e-07 -2.92088410e-06 
 4.89042972e-07  3.30000000e+00  4.89042972e-07  3.30000000e+00  4.89042972e-07  0.00000000e+00  4.89042972e-07  2.86773161e-06 
 4.89542972e-07  3.30000000e+00  4.89542972e-07  3.30000000e+00  4.89542972e-07  0.00000000e+00  4.89542972e-07 -2.91928193e-06 
 4.90042972e-07  3.30000000e+00  4.90042972e-07  3.30000000e+00  4.90042972e-07  0.00000000e+00  4.90042972e-07  2.86924458e-06 
 4.90542972e-07  3.30000000e+00  4.90542972e-07  3.30000000e+00  4.90542972e-07  0.00000000e+00  4.90542972e-07 -2.91785354e-06 
 4.91042972e-07  3.30000000e+00  4.91042972e-07  3.30000000e+00  4.91042972e-07  0.00000000e+00  4.91042972e-07  2.87059699e-06 
 4.91542972e-07  3.30000000e+00  4.91542972e-07  3.30000000e+00  4.91542972e-07  0.00000000e+00  4.91542972e-07 -2.91657260e-06 
 4.92042972e-07  3.30000000e+00  4.92042972e-07  3.30000000e+00  4.92042972e-07  0.00000000e+00  4.92042972e-07  2.87181285e-06 
 4.92542972e-07  3.30000000e+00  4.92542972e-07  3.30000000e+00  4.92542972e-07  0.00000000e+00  4.92542972e-07 -2.91541775e-06 
 4.93042972e-07  3.29999999e+00  4.93042972e-07  3.30000000e+00  4.93042972e-07  0.00000000e+00  4.93042972e-07  2.87291159e-06 
 4.93542972e-07  3.29999999e+00  4.93542972e-07  3.30000000e+00  4.93542972e-07  0.00000000e+00  4.93542972e-07 -2.91437153e-06 
 4.94042972e-07  3.29999999e+00  4.94042972e-07  3.30000000e+00  4.94042972e-07  0.00000000e+00  4.94042972e-07  2.87390916e-06 
 4.94542972e-07  3.29999999e+00  4.94542972e-07  3.30000000e+00  4.94542972e-07  0.00000000e+00  4.94542972e-07 -2.91341952e-06 
 4.95042972e-07  3.29999999e+00  4.95042972e-07  3.30000000e+00  4.95042972e-07  0.00000000e+00  4.95042972e-07  2.87481875e-06 
 4.95542972e-07  3.29999999e+00  4.95542972e-07  3.30000000e+00  4.95542972e-07  0.00000000e+00  4.95542972e-07 -2.91254972e-06 
 4.96042972e-07  3.29999999e+00  4.96042972e-07  3.29999999e+00  4.96042972e-07  0.00000000e+00  4.96042972e-07  2.87565136e-06 
 4.96542972e-07  3.29999999e+00  4.96542972e-07  3.29999999e+00  4.96542972e-07  0.00000000e+00  4.96542972e-07 -2.91175206e-06 
 4.97042972e-07  3.29999999e+00  4.97042972e-07  3.29999999e+00  4.97042972e-07  0.00000000e+00  4.97042972e-07  2.87641623e-06 
 4.97542972e-07  3.29999999e+00  4.97542972e-07  3.29999999e+00  4.97542972e-07  0.00000000e+00  4.97542972e-07 -2.91101804e-06 
 4.98042972e-07  3.29999999e+00  4.98042972e-07  3.29999999e+00  4.98042972e-07  0.00000000e+00  4.98042972e-07  2.87712122e-06 
 4.98542972e-07  3.29999999e+00  4.98542972e-07  3.29999999e+00  4.98542972e-07  0.00000000e+00  4.98542972e-07 -2.91034043e-06 
 4.99042972e-07  3.29999999e+00  4.99042972e-07  3.29999999e+00  4.99042972e-07  0.00000000e+00  4.99042972e-07  2.87777300e-06 
 4.99542972e-07  3.29999999e+00  4.99542972e-07  3.29999999e+00  4.99542972e-07  0.00000000e+00  4.99542972e-07 -2.90971306e-06 
 5.00000000e-07  3.29999999e+00  5.00000000e-07  3.29999999e+00  5.00000000e-07  0.00000000e+00  5.00000000e-07  2.87835223e-06 
 5.00050000e-07  3.29999999e+00  5.00050000e-07  3.29999999e+00  5.00050000e-07  0.00000000e+00  5.00050000e-07 -1.55157021e-08 
 5.00150000e-07  3.29999999e+00  5.00150000e-07  3.29999999e+00  5.00150000e-07  0.00000000e+00  5.00150000e-07 -1.54575439e-08 
 5.00350000e-07  3.29999999e+00  5.00350000e-07  3.29999999e+00  5.00350000e-07  0.00000000e+00  5.00350000e-07 -1.53429026e-08 
 5.00750000e-07  3.29999999e+00  5.00750000e-07  3.29999999e+00  5.00750000e-07  0.00000000e+00  5.00750000e-07 -1.51182892e-08 
 5.01250000e-07  3.29999999e+00  5.01250000e-07  3.29999999e+00  5.01250000e-07  0.00000000e+00  5.01250000e-07 -1.48465175e-08 
 5.01750000e-07  3.29999999e+00  5.01750000e-07  3.29999999e+00  5.01750000e-07  0.00000000e+00  5.01750000e-07 -1.45839741e-08 
 5.02250000e-07  3.29999999e+00  5.02250000e-07  3.29999999e+00  5.02250000e-07  0.00000000e+00  5.02250000e-07 -1.43304340e-08 
 5.02750000e-07  3.29999999e+00  5.02750000e-07  3.29999999e+00  5.02750000e-07  0.00000000e+00  5.02750000e-07 -1.40852194e-08 
 5.03250000e-07  3.29999999e+00  5.03250000e-07  3.29999999e+00  5.03250000e-07  0.00000000e+00  5.03250000e-07 -1.38481589e-08 
 5.03750000e-07  3.29999999e+00  5.03750000e-07  3.29999999e+00  5.03750000e-07  0.00000000e+00  5.03750000e-07 -1.36186320e-08 
 5.04250000e-07  3.29999999e+00  5.04250000e-07  3.29999999e+00  5.04250000e-07  0.00000000e+00  5.04250000e-07 -1.33965146e-08 
 5.04750000e-07  3.29999999e+00  5.04750000e-07  3.29999999e+00  5.04750000e-07  0.00000000e+00  5.04750000e-07 -1.31812340e-08 
 5.05250000e-07  3.29999999e+00  5.05250000e-07  3.29999999e+00  5.05250000e-07  0.00000000e+00  5.05250000e-07 -1.29727069e-08 
 5.05750000e-07  3.29999999e+00  5.05750000e-07  3.29999999e+00  5.05750000e-07  0.00000000e+00  5.05750000e-07 -1.27704011e-08 
 5.06250000e-07  3.29999999e+00  5.06250000e-07  3.29999999e+00  5.06250000e-07  0.00000000e+00  5.06250000e-07 -1.25742691e-08 
 5.06750000e-07  3.29999999e+00  5.06750000e-07  3.29999999e+00  5.06750000e-07  0.00000000e+00  5.06750000e-07 -1.23838126e-08 
 5.07250000e-07  3.29999999e+00  5.07250000e-07  3.29999999e+00  5.07250000e-07  0.00000000e+00  5.07250000e-07 -1.21990154e-08 
 5.07750000e-07  3.29999999e+00  5.07750000e-07  3.29999999e+00  5.07750000e-07  0.00000000e+00  5.07750000e-07 -1.20194085e-08 
 5.08250000e-07  3.29999999e+00  5.08250000e-07  3.29999999e+00  5.08250000e-07  0.00000000e+00  5.08250000e-07 -1.18450025e-08 
 5.08750000e-07  3.29999999e+00  5.08750000e-07  3.29999999e+00  5.08750000e-07  0.00000000e+00  5.08750000e-07 -1.16753540e-08 
 5.09250000e-07  3.29999999e+00  5.09250000e-07  3.29999999e+00  5.09250000e-07  0.00000000e+00  5.09250000e-07 -1.15104970e-08 
 5.09750000e-07  3.29999999e+00  5.09750000e-07  3.29999999e+00  5.09750000e-07  0.00000000e+00  5.09750000e-07 -1.13500101e-08 
 5.10250000e-07  3.29999999e+00  5.10250000e-07  3.29999999e+00  5.10250000e-07  0.00000000e+00  5.10250000e-07 -1.11939477e-08 
 5.10750000e-07  3.29999999e+00  5.10750000e-07  3.29999999e+00  5.10750000e-07  0.00000000e+00  5.10750000e-07 -1.10419078e-08 
 5.11250000e-07  3.29999999e+00  5.11250000e-07  3.29999999e+00  5.11250000e-07  0.00000000e+00  5.11250000e-07 -1.08939627e-08 
 5.11750000e-07  3.29999999e+00  5.11750000e-07  3.29999999e+00  5.11750000e-07  0.00000000e+00  5.11750000e-07 -1.07497271e-08 
 5.12250000e-07  3.29999999e+00  5.12250000e-07  3.29999999e+00  5.12250000e-07  0.00000000e+00  5.12250000e-07 -1.06092891e-08 
 5.12750000e-07  3.29999999e+00  5.12750000e-07  3.29999999e+00  5.12750000e-07  0.00000000e+00  5.12750000e-07 -1.04722784e-08 
 5.13250000e-07  3.29999999e+00  5.13250000e-07  3.29999999e+00  5.13250000e-07  0.00000000e+00  5.13250000e-07 -1.03387968e-08 
 5.13750000e-07  3.29999999e+00  5.13750000e-07  3.29999999e+00  5.13750000e-07  0.00000000e+00  5.13750000e-07 -1.02084870e-08 
 5.14250000e-07  3.29999999e+00  5.14250000e-07  3.29999999e+00  5.14250000e-07  0.00000000e+00  5.14250000e-07 -1.00814632e-08 
 5.14750000e-07  3.29999999e+00  5.14750000e-07  3.29999999e+00  5.14750000e-07  0.00000000e+00  5.14750000e-07 -9.95737958e-09 
 5.15250000e-07  3.29999999e+00  5.15250000e-07  3.29999999e+00  5.15250000e-07  0.00000000e+00  5.15250000e-07 -9.83636125e-09 
 5.15750000e-07  3.29999999e+00  5.15750000e-07  3.29999999e+00  5.15750000e-07  0.00000000e+00  5.15750000e-07 -9.71807264e-09 
 5.16250000e-07  3.29999999e+00  5.16250000e-07  3.29999999e+00  5.16250000e-07  0.00000000e+00  5.16250000e-07 -9.60264845e-09 
 5.16750000e-07  3.29999999e+00  5.16750000e-07  3.29999999e+00  5.16750000e-07  0.00000000e+00  5.16750000e-07 -9.48976225e-09 
 5.17250000e-07  3.29999999e+00  5.17250000e-07  3.29999999e+00  5.17250000e-07  0.00000000e+00  5.17250000e-07 -9.37955736e-09 
 5.17750000e-07  3.29999999e+00  5.17750000e-07  3.29999999e+00  5.17750000e-07  0.00000000e+00  5.17750000e-07 -9.27171547e-09 
 5.18250000e-07  3.29999999e+00  5.18250000e-07  3.29999999e+00  5.18250000e-07  0.00000000e+00  5.18250000e-07 -9.16638759e-09 
 5.18750000e-07  3.29999999e+00  5.18750000e-07  3.29999999e+00  5.18750000e-07  0.00000000e+00  5.18750000e-07 -9.06326268e-09 
 5.19250000e-07  3.29999999e+00  5.19250000e-07  3.29999999e+00  5.19250000e-07  0.00000000e+00  5.19250000e-07 -8.96249862e-09 
 5.19750000e-07  3.29999999e+00  5.19750000e-07  3.29999999e+00  5.19750000e-07  0.00000000e+00  5.19750000e-07 -8.86379090e-09 
 5.20000000e-07  3.29999999e+00  5.20000000e-07  3.29999999e+00  5.20000000e-07  0.00000000e+00  5.20000000e-07 -8.81532247e-09 
 5.20010000e-07  3.32225675e+00  5.20010000e-07  3.32226164e+00  5.20010000e-07  3.30000000e-01  5.20010000e-07  4.12636154e-04 
 5.20030000e-07  3.36412146e+00  5.20030000e-07  3.36414757e+00  5.20030000e-07  9.90000000e-01  5.20030000e-07  4.61527953e-04 
 5.20070000e-07  3.44570816e+00  5.20070000e-07  3.44585280e+00  5.20070000e-07  2.31000000e+00  5.20070000e-07  4.58060143e-04 
 5.20100000e-07  3.48374999e+00  5.20100000e-07  3.48352834e+00  5.20100000e-07  3.30000000e+00  5.20100000e-07  2.91376980e-04 
 5.20104126e-07  3.48291026e+00  5.20104126e-07  3.48266332e+00  5.20104126e-07  3.30000000e+00  5.20104126e-07 -1.17111864e-05 
 5.20112377e-07  3.48039742e+00  5.20112377e-07  3.48007413e+00  5.20112377e-07  3.30000000e+00  5.20112377e-07 -3.88943485e-05 
 5.20128879e-07  3.46997323e+00  5.20128879e-07  3.46938684e+00  5.20128879e-07  3.30000000e+00  5.20128879e-07 -5.27805524e-05 
 5.20161883e-07  3.44132625e+00  5.20161883e-07  3.44033939e+00  5.20161883e-07  3.30000000e+00  5.20161883e-07 -7.13414786e-05 
 5.20218994e-07  3.24999482e+00  5.20218994e-07  3.25219047e+00  5.20218994e-07  3.30000000e+00  5.20218994e-07 -1.00361181e-04 
 5.20271304e-07  2.96350345e+00  5.20271304e-07  2.97684953e+00  5.20271304e-07  3.30000000e+00  5.20271304e-07 -1.25448093e-04 
 5.20344848e-07  2.54355384e+00  5.20344848e-07  2.56264767e+00  5.20344848e-07  3.30000000e+00  5.20344848e-07 -1.03332039e-04 
 5.20429886e-07  2.12184320e+00  5.20429886e-07  2.15258098e+00  5.20429886e-07  3.30000000e+00  5.20429886e-07 -1.80022409e-04 
 5.20562065e-07  1.70875802e+00  5.20562065e-07  1.81828250e+00  5.20562065e-07  3.30000000e+00  5.20562065e-07 -2.36168848e-04 
 5.20708655e-07  1.34559919e+00  5.20708655e-07  1.96028900e+00  5.20708655e-07  3.30000000e+00  5.20708655e-07 -3.24494047e-04 
 5.20895758e-07  7.76669690e-01  5.20895758e-07  2.66623605e+00  5.20895758e-07  3.30000000e+00  5.20895758e-07 -2.64047676e-04 
 5.21019899e-07  4.85665154e-01  5.21019899e-07  3.06746223e+00  5.21019899e-07  3.30000000e+00  5.21019899e-07 -1.71840541e-04 
 5.21162117e-07  2.45086443e-01  5.21162117e-07  3.22833710e+00  5.21162117e-07  3.30000000e+00  5.21162117e-07 -4.12314975e-05 
 5.21351946e-07  7.64458898e-02  5.21351946e-07  3.27906195e+00  5.21351946e-07  3.30000000e+00  5.21351946e-07 -4.01812519e-05 
 5.21569636e-07  1.93225451e-02  5.21569636e-07  3.29491403e+00  5.21569636e-07  3.30000000e+00  5.21569636e-07  1.59337248e-05 
 5.21848408e-07  8.04040931e-04  5.21848408e-07  3.29945477e+00  5.21848408e-07  3.30000000e+00  5.21848408e-07 -2.13885603e-05 
 5.22149398e-07  1.04960811e-03  5.22149398e-07  3.29999057e+00  5.22149398e-07  3.30000000e+00  5.22149398e-07  2.09752854e-05 
 5.22649398e-07 -9.00118832e-04  5.22649398e-07  3.29998828e+00  5.22649398e-07  3.30000000e+00  5.22649398e-07 -2.10579481e-05 
 5.23149398e-07  8.36007810e-04  5.23149398e-07  3.30001181e+00  5.23149398e-07  3.30000000e+00  5.23149398e-07  2.11166134e-05 
 5.23649398e-07 -7.82573253e-04  5.23649398e-07  3.29999112e+00  5.23649398e-07  3.30000000e+00  5.23649398e-07 -2.11686240e-05 
 5.24149398e-07  7.43024061e-04  5.24149398e-07  3.30000521e+00  5.24149398e-07  3.30000000e+00  5.24149398e-07  2.12165217e-05 
 5.24649398e-07 -7.00439384e-04  5.24649398e-07  3.29999749e+00  5.24649398e-07  3.30000000e+00  5.24649398e-07 -2.12621328e-05 
 5.25149398e-07  6.66886940e-04  5.25149398e-07  3.29999981e+00  5.25149398e-07  3.30000000e+00  5.25149398e-07  2.13048849e-05 
 5.25649398e-07 -6.30194738e-04  5.25649398e-07  3.30000197e+00  5.25649398e-07  3.30000000e+00  5.25649398e-07 -2.13458170e-05 
 5.26149398e-07  6.00768379e-04  5.26149398e-07  3.29999619e+00  5.26149398e-07  3.30000000e+00  5.26149398e-07  2.13842577e-05 
 5.26649398e-07 -5.68682646e-04  5.26649398e-07  3.30000494e+00  5.26649398e-07  3.30000000e+00  5.26649398e-07 -2.14211030e-05 
 5.27149398e-07  5.42543468e-04  5.27149398e-07  3.29999383e+00  5.27149398e-07  3.30000000e+00  5.27149398e-07  2.14557307e-05 
 5.27649398e-07 -5.14252285e-04  5.27649398e-07  3.30000685e+00  5.27649398e-07  3.30000000e+00  5.27649398e-07 -2.14889332e-05 
 5.28149398e-07  4.90860351e-04  5.28149398e-07  3.29999232e+00  5.28149398e-07  3.30000000e+00  5.28149398e-07  2.15201438e-05 
 5.28649398e-07 -4.65770964e-04  5.28649398e-07  3.30000807e+00  5.28649398e-07  3.30000000e+00  5.28649398e-07 -2.15500884e-05 
 5.29149398e-07  4.44725278e-04  5.29149398e-07  3.29999136e+00  5.29149398e-07  3.30000000e+00  5.29149398e-07  2.15782396e-05 
 5.29649398e-07 -4.22391173e-04  5.29649398e-07  3.30000882e+00  5.29649398e-07  3.30000000e+00  5.29649398e-07 -2.16052660e-05 
 5.30149398e-07  4.03386603e-04  5.30149398e-07  3.29999080e+00  5.30149398e-07  3.30000000e+00  5.30149398e-07  2.16306763e-05 
 5.30649398e-07 -3.83453249e-04  5.30649398e-07  3.30000925e+00  5.30649398e-07  3.30000000e+00  5.30649398e-07 -2.16550880e-05 
 5.31149398e-07  3.66245695e-04  5.31149398e-07  3.29999051e+00  5.31149398e-07  3.30000000e+00  5.31149398e-07  2.16780421e-05 
 5.31649398e-07 -3.48421983e-04  5.31649398e-07  3.30000945e+00  5.31649398e-07  3.30000000e+00  5.31649398e-07 -2.17001102e-05 
 5.32149398e-07  3.32808885e-04  5.32149398e-07  3.29999041e+00  5.32149398e-07  3.30000000e+00  5.32149398e-07  2.17208623e-05 
 5.32649398e-07 -3.16849889e-04  5.32649398e-07  3.30000948e+00  5.32649398e-07  3.30000000e+00  5.32649398e-07 -2.17408289e-05 
 5.33149398e-07  3.02658714e-04  5.33149398e-07  3.29999045e+00  5.33149398e-07  3.30000000e+00  5.33149398e-07  2.17596057e-05 
 5.33649398e-07 -2.88354818e-04  5.33649398e-07  3.30000939e+00  5.33649398e-07  3.30000000e+00  5.33649398e-07 -2.17776863e-05 
 5.34149398e-07  2.75435998e-04  5.34149398e-07  3.29999060e+00  5.34149398e-07  3.30000000e+00  5.34149398e-07  2.17946899e-05 
 5.34649398e-07 -2.62605694e-04  5.34649398e-07  3.30000920e+00  5.34649398e-07  3.30000000e+00  5.34649398e-07 -2.18110766e-05 
 5.35149398e-07  2.50828074e-04  5.35149398e-07  3.29999083e+00  5.35149398e-07  3.30000000e+00  5.35149398e-07  2.18264868e-05 
 5.35649398e-07 -2.39312927e-04  5.35649398e-07  3.30000895e+00  5.35649398e-07  3.30000000e+00  5.35649398e-07 -2.18413507e-05 
 5.36149398e-07  2.28560641e-04  5.36149398e-07  3.29999111e+00  5.36149398e-07  3.30000000e+00  5.36149398e-07  2.18553278e-05 
 5.36649398e-07 -2.18221584e-04  5.36649398e-07  3.30000865e+00  5.36649398e-07  3.30000000e+00  5.36649398e-07 -2.18688214e-05 
 5.37149398e-07  2.08391783e-04  5.37149398e-07  3.29999144e+00  5.37149398e-07  3.30000000e+00  5.37149398e-07  2.18815083e-05 
 5.37649398e-07 -1.99106255e-04  5.37649398e-07  3.30000832e+00  5.37649398e-07  3.30000000e+00  5.37649398e-07 -2.18937676e-05 
 5.38149398e-07  1.90107350e-04  5.38149398e-07  3.29999179e+00  5.38149398e-07  3.30000000e+00  5.38149398e-07  2.19052918e-05 
 5.38649398e-07 -1.81767003e-04  5.38649398e-07  3.30000796e+00  5.38649398e-07  3.30000000e+00  5.38649398e-07 -2.19164382e-05 
 5.39149398e-07  1.73517254e-04  5.39149398e-07  3.29999216e+00  5.39149398e-07  3.30000000e+00  5.39149398e-07  2.19269136e-05 
 5.39649398e-07 -1.66026070e-04  5.39649398e-07  3.30000759e+00  5.39649398e-07  3.30000000e+00  5.39649398e-07 -2.19370556e-05 
 5.40149398e-07  1.58452402e-04  5.40149398e-07  3.29999255e+00  5.40149398e-07  3.30000000e+00  5.40149398e-07  2.19465840e-05 
 5.40649398e-07 -1.51725117e-04  5.40649398e-07  3.30000721e+00  5.40649398e-07  3.30000000e+00  5.40649398e-07 -2.19558185e-05 
 5.41149398e-07  1.44762117e-04  5.41149398e-07  3.29999293e+00  5.41149398e-07  3.30000000e+00  5.41149398e-07  2.19644910e-05 
 5.41649398e-07 -1.38722874e-04  5.41649398e-07  3.30000683e+00  5.41649398e-07  3.30000000e+00  5.41649398e-07 -2.19729050e-05 
 5.42149398e-07  1.32311920e-04  5.42149398e-07  3.29999331e+00  5.42149398e-07  3.30000000e+00  5.42149398e-07  2.19808032e-05 
 5.42649398e-07 -1.26893121e-04  5.42649398e-07  3.30000645e+00  5.42649398e-07  3.30000000e+00  5.42649398e-07 -2.19884745e-05 
 5.43149398e-07  1.20981625e-04  5.43149398e-07  3.29999369e+00  5.43149398e-07  3.30000000e+00  5.43149398e-07  2.19956716e-05 
 5.43649398e-07 -1.16122939e-04  5.43649398e-07  3.30000608e+00  5.43649398e-07  3.30000000e+00  5.43649398e-07 -2.20026703e-05 
 5.44149398e-07  1.10663678e-04  5.44149398e-07  3.29999406e+00  5.44149398e-07  3.30000000e+00  5.44149398e-07  2.20092321e-05 
 5.44649398e-07 -1.06311179e-04  5.44649398e-07  3.30000572e+00  5.44649398e-07  3.30000000e+00  5.44649398e-07 -2.20156209e-05 
 5.45149398e-07  1.01261712e-04  5.45149398e-07  3.29999442e+00  5.45149398e-07  3.30000000e+00  5.45149398e-07  2.20216064e-05 
 5.45649398e-07 -9.73671318e-05  5.45649398e-07  3.30000537e+00  5.45649398e-07  3.30000000e+00  5.45649398e-07 -2.20274418e-05 
 5.46149398e-07  9.26892773e-05  5.46149398e-07  3.29999477e+00  5.46149398e-07  3.30000000e+00  5.46149398e-07  2.20329043e-05 
 5.46649398e-07 -8.92093541e-05  5.46649398e-07  3.30000503e+00  5.46649398e-07  3.30000000e+00  5.46649398e-07 -2.20382371e-05 
 5.47149398e-07  8.48687341e-05  5.47149398e-07  3.29999510e+00  5.47149398e-07  3.30000000e+00  5.47149398e-07  2.20432245e-05 
 5.47649398e-07 -8.17646423e-05  5.47649398e-07  3.30000471e+00  5.47649398e-07  3.30000000e+00  5.47649398e-07 -2.20481007e-05 
 5.48149398e-07  7.77302753e-05  5.48149398e-07  3.29999542e+00  5.48149398e-07  3.30000000e+00  5.48149398e-07  2.20526561e-05 
 5.48649398e-07 -7.49671271e-05  5.48649398e-07  3.30000440e+00  5.48649398e-07  3.30000000e+00  5.48649398e-07 -2.20571170e-05 
 5.49149398e-07  7.12110688e-05  5.49149398e-07  3.29999572e+00  5.49149398e-07  3.30000000e+00  5.49149398e-07  2.20612796e-05 
 5.49649398e-07 -6.87574763e-05  5.49649398e-07  3.30000411e+00  5.49649398e-07  3.30000000e+00  5.49649398e-07 -2.20653625e-05 
 5.50149398e-07  6.52544996e-05  5.50149398e-07  3.29999600e+00  5.50149398e-07  3.30000000e+00  5.50149398e-07  2.20691674e-05 
 5.50649398e-07 -6.30821913e-05  5.50649398e-07  3.30000383e+00  5.50649398e-07  3.30000000e+00  5.50649398e-07 -2.20729061e-05 
 5.51149398e-07  5.98095032e-05  5.51149398e-07  3.29999628e+00  5.51149398e-07  3.30000000e+00  5.51149398e-07  2.20763852e-05 
 5.51649398e-07 -5.78929853e-05  5.51649398e-07  3.30000357e+00  5.51649398e-07  3.30000000e+00  5.51649398e-07 -2.20798103e-05 
 5.52149398e-07  5.48299747e-05  5.52149398e-07  3.29999653e+00  5.52149398e-07  3.30000000e+00  5.52149398e-07  2.20829924e-05 
 5.52649398e-07 -5.31462336e-05  5.52649398e-07  3.30000332e+00  5.52649398e-07  3.30000000e+00  5.52649398e-07 -2.20861316e-05 
 5.53149398e-07  5.02742474e-05  5.53149398e-07  3.29999677e+00  5.53149398e-07  3.30000000e+00  5.53149398e-07  2.20890429e-05 
 5.53649398e-07 -4.88024865e-05  5.53649398e-07  3.30000309e+00  5.53649398e-07  3.30000000e+00  5.53649398e-07 -2.20919213e-05 
 5.54149398e-07  4.61046300e-05  5.54149398e-07  3.29999700e+00  5.54149398e-07  3.30000000e+00  5.54149398e-07  2.20945854e-05 
 5.54649398e-07 -4.48260373e-05  5.54649398e-07  3.30000287e+00  5.54649398e-07  3.30000000e+00  5.54649398e-07 -2.20972257e-05 
 5.55149398e-07  4.22869968e-05  5.55149398e-07  3.29999721e+00  5.55149398e-07  3.30000000e+00  5.55149398e-07  2.20996642e-05 
 5.55649398e-07 -4.11845393e-05  5.55649398e-07  3.30000266e+00  5.55649398e-07  3.30000000e+00  5.55649398e-07 -2.21020870e-05 
 5.56149398e-07  3.87904233e-05  5.56149398e-07  3.29999741e+00  5.56149398e-07  3.30000000e+00  5.56149398e-07  2.21043195e-05 
 5.56649398e-07 -3.78486645e-05  5.56649398e-07  3.30000247e+00  5.56649398e-07  3.30000000e+00  5.56649398e-07 -2.21065437e-05 
 5.57149398e-07  3.55868626e-05  5.57149398e-07  3.29999760e+00  5.57149398e-07  3.30000000e+00  5.57149398e-07  2.21085878e-05 
 5.57649398e-07 -3.47918005e-05  5.57649398e-07  3.30000229e+00  5.57649398e-07  3.30000000e+00  5.57649398e-07 -2.21106303e-05 
 5.58149398e-07  3.26508569e-05  5.58149398e-07  3.29999777e+00  5.58149398e-07  3.30000000e+00  5.58149398e-07  2.21125023e-05 
 5.58649398e-07 -3.19897801e-05  5.58649398e-07  3.30000213e+00  5.58649398e-07  3.30000000e+00  5.58649398e-07 -2.21143788e-05 
 5.59149398e-07  2.99592812e-05  5.59149398e-07  3.29999794e+00  5.59149398e-07  3.30000000e+00  5.59149398e-07  2.21160932e-05 
 5.59649398e-07 -2.94206405e-05  5.59649398e-07  3.30000197e+00  5.59649398e-07  3.30000000e+00  5.59649398e-07 -2.21178178e-05 
 5.60149398e-07  2.74911132e-05  5.60149398e-07  3.29999809e+00  5.60149398e-07  3.30000000e+00  5.60149398e-07  2.21193881e-05 
 5.60649398e-07 -2.70644076e-05  5.60649398e-07  3.30000182e+00  5.60649398e-07  3.30000000e+00  5.60649398e-07 -2.21209736e-05 
 5.61149398e-07  2.52272294e-05  5.61149398e-07  3.29999823e+00  5.61149398e-07  3.30000000e+00  5.61149398e-07  2.21224120e-05 
 5.61649398e-07 -2.49029037e-05  5.61649398e-07  3.30000169e+00  5.61649398e-07  3.30000000e+00  5.61649398e-07 -2.21238702e-05 
 5.62149398e-07  2.31502212e-05  5.62149398e-07  3.29999836e+00  5.62149398e-07  3.30000000e+00  5.62149398e-07  2.21251878e-05 
 5.62649398e-07 -2.29195751e-05  5.62649398e-07  3.30000156e+00  5.62649398e-07  3.30000000e+00  5.62649398e-07 -2.21265294e-05 
 5.63149398e-07  2.12442312e-05  5.63149398e-07  3.29999848e+00  5.63149398e-07  3.30000000e+00  5.63149398e-07  2.21277363e-05 
 5.63649398e-07 -2.10993375e-05  5.63649398e-07  3.30000144e+00  5.63649398e-07  3.30000000e+00  5.63649398e-07 -2.21289711e-05 
 5.64149398e-07  1.94948061e-05  5.64149398e-07  3.29999860e+00  5.64149398e-07  3.30000000e+00  5.64149398e-07  2.21300766e-05 
 5.64649398e-07 -1.94284374e-05  5.64649398e-07  3.30000134e+00  5.64649398e-07  3.30000000e+00  5.64649398e-07 -2.21312135e-05 
 5.65149398e-07  1.78887645e-05  5.65149398e-07  3.29999870e+00  5.65149398e-07  3.30000000e+00  5.65149398e-07  2.21322261e-05 
 5.65649398e-07 -1.78943277e-05  5.65649398e-07  3.30000123e+00  5.65649398e-07  3.30000000e+00  5.65649398e-07 -2.21332732e-05 
 5.66149398e-07  1.64140785e-05  5.66149398e-07  3.29999880e+00  5.66149398e-07  3.30000000e+00  5.66149398e-07  2.21342006e-05 
 5.66649398e-07 -1.64855556e-05  5.66649398e-07  3.30000114e+00  5.66649398e-07  3.30000000e+00  5.66649398e-07 -2.21351654e-05 
 5.67149398e-07  1.50597669e-05  5.67149398e-07  3.29999889e+00  5.67149398e-07  3.30000000e+00  5.67149398e-07  2.21360147e-05 
 5.67649398e-07 -1.51916620e-05  5.67649398e-07  3.30000105e+00  5.67649398e-07  3.30000000e+00  5.67649398e-07 -2.21369040e-05 
 5.68149398e-07  1.38157988e-05  5.68149398e-07  3.29999897e+00  5.68149398e-07  3.30000000e+00  5.68149398e-07  2.21376816e-05 
 5.68649398e-07 -1.40030904e-05  5.68649398e-07  3.30000097e+00  5.68649398e-07  3.30000000e+00  5.68649398e-07 -2.21385016e-05 
 5.69149398e-07  1.26730075e-05  5.69149398e-07  3.29999905e+00  5.69149398e-07  3.30000000e+00  5.69149398e-07  2.21392134e-05 
 5.69649398e-07 -1.29111052e-05  5.69649398e-07  3.30000090e+00  5.69649398e-07  3.30000000e+00  5.69649398e-07 -2.21399700e-05 
 5.70100000e-07  1.15728185e-05  5.70100000e-07  3.29999913e+00  5.70100000e-07  3.30000000e+00  5.70100000e-07  2.21406953e-05 
 5.70110000e-07 -3.03112054e-03  5.70110000e-07  3.29706629e+00  5.70110000e-07  2.97000000e+00  5.70110000e-07 -2.80778692e-04 
 5.70130000e-07 -2.16864883e-02  5.70130000e-07  3.27725771e+00  5.70130000e-07  2.31000000e+00  5.70130000e-07 -3.66751378e-04 
 5.70170000e-07 -2.99485319e-02  5.70170000e-07  3.24454970e+00  5.70170000e-07  9.90000000e-01  5.70170000e-07 -7.90248594e-04 
 5.70200000e-07  4.77236232e-02  5.70200000e-07  3.25864954e+00  5.70200000e-07  1.28119737e-12  5.70200000e-07 -1.13758010e-03 
 5.70203588e-07  6.70740366e-02  5.70203588e-07  3.26816904e+00  5.70203588e-07  0.00000000e+00  5.70203588e-07 -7.89949540e-04 
 5.70210765e-07  1.05335787e-01  5.70210765e-07  3.28583930e+00  5.70210765e-07  0.00000000e+00  5.70210765e-07 -7.76511461e-04 
 5.70225119e-07  1.79340449e-01  5.70225119e-07  3.31506605e+00  5.70225119e-07  0.00000000e+00  5.70225119e-07 -7.56890439e-04 
 5.70253826e-07  3.22290915e-01  5.70253826e-07  3.35536471e+00  5.70253826e-07  0.00000000e+00  5.70253826e-07 -7.20511330e-04 
 5.70311240e-07  6.17569415e-01  5.70311240e-07  3.40003776e+00  5.70311240e-07  0.00000000e+00  5.70311240e-07 -6.70767959e-04 
 5.70413399e-07  1.28735779e+00  5.70413399e-07  3.47146511e+00  5.70413399e-07  0.00000000e+00  5.70413399e-07 -4.81185213e-04 
 5.70509094e-07  1.94018988e+00  5.70509094e-07  3.51430583e+00  5.70509094e-07  0.00000000e+00  5.70509094e-07 -2.73770480e-04 
 5.70628712e-07  2.50603381e+00  5.70628712e-07  3.47012035e+00  5.70628712e-07  0.00000000e+00  5.70628712e-07 -1.29812367e-04 
 5.70739983e-07  2.82992462e+00  5.70739983e-07  3.42465693e+00  5.70739983e-07  0.00000000e+00  5.70739983e-07 -5.77050869e-05 
 5.70880460e-07  3.08977197e+00  5.70880460e-07  3.36905291e+00  5.70880460e-07  0.00000000e+00  5.70880460e-07 -2.60714004e-05 
 5.71050406e-07  3.22861785e+00  5.71050406e-07  3.32951105e+00  5.71050406e-07  0.00000000e+00  5.71050406e-07 -1.19675311e-05 
 5.71244459e-07  3.28053786e+00  5.71244459e-07  3.31007185e+00  5.71244459e-07  0.00000000e+00  5.71244459e-07 -5.23377048e-07 
 5.71584490e-07  3.29998865e+00  5.71584490e-07  3.30055542e+00  5.71584490e-07  0.00000000e+00  5.71584490e-07 -3.57914828e-06 
 5.72045813e-07  3.29998261e+00  5.72045813e-07  3.29989023e+00  5.72045813e-07  0.00000000e+00  5.72045813e-07  2.21290894e-06 
 5.72545813e-07  3.30001185e+00  5.72545813e-07  3.30003634e+00  5.72545813e-07  0.00000000e+00  5.72545813e-07 -3.20462715e-06 
 5.73045813e-07  3.29999729e+00  5.73045813e-07  3.29998645e+00  5.73045813e-07  0.00000000e+00  5.73045813e-07  2.55266569e-06 
 5.73545813e-07  3.30000221e+00  5.73545813e-07  3.30000836e+00  5.73545813e-07  0.00000000e+00  5.73545813e-07 -3.09159489e-06 
 5.74045813e-07  3.29999993e+00  5.74045813e-07  3.29999554e+00  5.74045813e-07  0.00000000e+00  5.74045813e-07  2.68049108e-06 
 5.74545813e-07  3.30000071e+00  5.74545813e-07  3.30000370e+00  5.74545813e-07  0.00000000e+00  5.74545813e-07 -3.04001279e-06 
 5.75045813e-07  3.30000011e+00  5.75045813e-07  3.29999789e+00  5.75045813e-07  0.00000000e+00  5.75045813e-07  2.74495684e-06 
 5.75545813e-07  3.30000035e+00  5.75545813e-07  3.30000189e+00  5.75545813e-07  0.00000000e+00  5.75545813e-07 -3.01050835e-06 
 5.76045813e-07  3.30000010e+00  5.76045813e-07  3.29999899e+00  5.76045813e-07  0.00000000e+00  5.76045813e-07  2.78235256e-06 
 5.76545813e-07  3.30000020e+00  5.76545813e-07  3.30000098e+00  5.76545813e-07  0.00000000e+00  5.76545813e-07 -2.99075329e-06 
 5.77045813e-07  3.30000008e+00  5.77045813e-07  3.29999951e+00  5.77045813e-07  0.00000000e+00  5.77045813e-07  2.80562952e-06 
 5.77545813e-07  3.30000013e+00  5.77545813e-07  3.30000053e+00  5.77545813e-07  0.00000000e+00  5.77545813e-07 -2.97655013e-06 
 5.78045813e-07  3.30000006e+00  5.78045813e-07  3.29999977e+00  5.78045813e-07  0.00000000e+00  5.78045813e-07  2.82137599e-06 
 5.78545813e-07  3.30000008e+00  5.78545813e-07  3.30000030e+00  5.78545813e-07  0.00000000e+00  5.78545813e-07 -2.96582053e-06 
 5.79045813e-07  3.30000005e+00  5.79045813e-07  3.29999990e+00  5.79045813e-07  0.00000000e+00  5.79045813e-07  2.83262292e-06 
 5.79545813e-07  3.30000006e+00  5.79545813e-07  3.30000017e+00  5.79545813e-07  0.00000000e+00  5.79545813e-07 -2.95745095e-06 
 5.80045813e-07  3.30000004e+00  5.80045813e-07  3.29999996e+00  5.80045813e-07  0.00000000e+00  5.80045813e-07  2.84102037e-06 
 5.80545813e-07  3.30000004e+00  5.80545813e-07  3.30000010e+00  5.80545813e-07  0.00000000e+00  5.80545813e-07 -2.95076980e-06 
 5.81045813e-07  3.30000003e+00  5.81045813e-07  3.29999999e+00  5.81045813e-07  0.00000000e+00  5.81045813e-07  2.84752071e-06 
 5.81545813e-07  3.30000003e+00  5.81545813e-07  3.30000006e+00  5.81545813e-07  0.00000000e+00  5.81545813e-07 -2.94533792e-06 
 5.82045813e-07  3.30000002e+00  5.82045813e-07  3.30000000e+00  5.82045813e-07  0.00000000e+00  5.82045813e-07  2.85270222e-06 
 5.82545813e-07  3.30000002e+00  5.82545813e-07  3.30000004e+00  5.82545813e-07  0.00000000e+00  5.82545813e-07 -2.94085282e-06 
 5.83045813e-07  3.30000002e+00  5.83045813e-07  3.30000001e+00  5.83045813e-07  0.00000000e+00  5.83045813e-07  2.85693160e-06 
 5.83545813e-07  3.30000002e+00  5.83545813e-07  3.30000003e+00  5.83545813e-07  0.00000000e+00  5.83545813e-07 -2.93709881e-06 
 5.84045813e-07  3.30000001e+00  5.84045813e-07  3.30000001e+00  5.84045813e-07  0.00000000e+00  5.84045813e-07  2.86045106e-06 
 5.84545813e-07  3.30000001e+00  5.84545813e-07  3.30000002e+00  5.84545813e-07  0.00000000e+00  5.84545813e-07 -2.93391842e-06 
 5.85045813e-07  3.30000001e+00  5.85045813e-07  3.30000001e+00  5.85045813e-07  0.00000000e+00  5.85045813e-07  2.86342654e-06 
 5.85545813e-07  3.30000001e+00  5.85545813e-07  3.30000001e+00  5.85545813e-07  0.00000000e+00  5.85545813e-07 -2.93119453e-06 
 5.86045813e-07  3.30000001e+00  5.86045813e-07  3.30000001e+00  5.86045813e-07  0.00000000e+00  5.86045813e-07  2.86597553e-06 
 5.86545813e-07  3.30000000e+00  5.86545813e-07  3.30000001e+00  5.86545813e-07  0.00000000e+00  5.86545813e-07 -2.92883869e-06 
 5.87045813e-07  3.30000000e+00  5.87045813e-07  3.30000000e+00  5.87045813e-07  0.00000000e+00  5.87045813e-07  2.86818359e-06 
 5.87545813e-07  3.30000000e+00  5.87545813e-07  3.30000000e+00  5.87545813e-07  0.00000000e+00  5.87545813e-07 -2.92678314e-06 
 5.88045813e-07  3.30000000e+00  5.88045813e-07  3.30000000e+00  5.88045813e-07  0.00000000e+00  5.88045813e-07  2.87011458e-06 
 5.88545813e-07  3.30000000e+00  5.88545813e-07  3.30000000e+00  5.88545813e-07  0.00000000e+00  5.88545813e-07 -2.92497530e-06 
 5.89045813e-07  3.30000000e+00  5.89045813e-07  3.30000000e+00  5.89045813e-07  0.00000000e+00  5.89045813e-07  2.87181727e-06 
 5.89545813e-07  3.30000000e+00  5.89545813e-07  3.30000000e+00  5.89545813e-07  0.00000000e+00  5.89545813e-07 -2.92337390e-06 
 5.90045813e-07  3.30000000e+00  5.90045813e-07  3.30000000e+00  5.90045813e-07  0.00000000e+00  5.90045813e-07  2.87332956e-06 
 5.90545813e-07  3.30000000e+00  5.90545813e-07  3.30000000e+00  5.90545813e-07  0.00000000e+00  5.90545813e-07 -2.92194616e-06 
 5.91045813e-07  3.30000000e+00  5.91045813e-07  3.30000000e+00  5.91045813e-07  0.00000000e+00  5.91045813e-07  2.87468139e-06 
 5.91545813e-07  3.30000000e+00  5.91545813e-07  3.30000000e+00  5.91545813e-07  0.00000000e+00  5.91545813e-07 -2.92066577e-06 
 5.92045813e-07  3.30000000e+00  5.92045813e-07  3.30000000e+00  5.92045813e-07  0.00000000e+00  5.92045813e-07  2.87589674e-06 
 5.92545813e-07  3.30000000e+00  5.92545813e-07  3.30000000e+00  5.92545813e-07  0.00000000e+00  5.92545813e-07 -2.91951140e-06 
 5.93045813e-07  3.30000000e+00  5.93045813e-07  3.30000000e+00  5.93045813e-07  0.00000000e+00  5.93045813e-07  2.87699504e-06 
 5.93545813e-07  3.30000000e+00  5.93545813e-07  3.30000000e+00  5.93545813e-07  0.00000000e+00  5.93545813e-07 -2.91846561e-06 
 5.94045813e-07  3.29999999e+00  5.94045813e-07  3.30000000e+00  5.94045813e-07  0.00000000e+00  5.94045813e-07  2.87799222e-06 
 5.94545813e-07  3.29999999e+00  5.94545813e-07  3.30000000e+00  5.94545813e-07  0.00000000e+00  5.94545813e-07 -2.91751397e-06 
 5.95045813e-07  3.29999999e+00  5.95045813e-07  3.29999999e+00  5.95045813e-07  0.00000000e+00  5.95045813e-07  2.87890145e-06 
 5.95545813e-07  3.29999999e+00  5.95545813e-07  3.29999999e+00  5.95545813e-07  0.00000000e+00  5.95545813e-07 -2.91664450e-06 
 5.96045813e-07  3.29999999e+00  5.96045813e-07  3.29999999e+00  5.96045813e-07  0.00000000e+00  5.96045813e-07  2.87973375e-06 
 5.96545813e-07  3.29999999e+00  5.96545813e-07  3.29999999e+00  5.96545813e-07  0.00000000e+00  5.96545813e-07 -2.91584713e-06 
 5.97045813e-07  3.29999999e+00  5.97045813e-07  3.29999999e+00  5.97045813e-07  0.00000000e+00  5.97045813e-07  2.88049835e-06 
 5.97545813e-07  3.29999999e+00  5.97545813e-07  3.29999999e+00  5.97545813e-07  0.00000000e+00  5.97545813e-07 -2.91511337e-06 
 5.98045813e-07  3.29999999e+00  5.98045813e-07  3.29999999e+00  5.98045813e-07  0.00000000e+00  5.98045813e-07  2.88120309e-06 
 5.98545813e-07  3.29999999e+00  5.98545813e-07  3.29999999e+00  5.98545813e-07  0.00000000e+00  5.98545813e-07 -2.91443600e-06 
 5.99045813e-07  3.29999999e+00  5.99045813e-07  3.29999999e+00  5.99045813e-07  0.00000000e+00  5.99045813e-07  2.88185464e-06 
 5.99545813e-07  3.29999999e+00  5.99545813e-07  3.29999999e+00  5.99545813e-07  0.00000000e+00  5.99545813e-07 -2.91380884e-06 
 6.00000000e-07  3.29999999e+00  6.00000000e-07  3.29999999e+00  6.00000000e-07  0.00000000e+00  6.00000000e-07  2.88243202e-06 
 6.00050000e-07  3.29999999e+00  6.00050000e-07  3.29999999e+00  6.00050000e-07  0.00000000e+00  6.00050000e-07 -1.55245786e-08 
 6.00150000e-07  3.29999999e+00  6.00150000e-07  3.29999999e+00  6.00150000e-07  0.00000000e+00  6.00150000e-07 -1.54664274e-08 
 6.00350000e-07  3.29999999e+00  6.00350000e-07  3.29999999e+00  6.00350000e-07  0.00000000e+00  6.00350000e-07 -1.53518006e-08 
 6.00750000e-07  3.29999999e+00  6.00750000e-07  3.29999999e+00  6.00750000e-07  0.00000000e+00  6.00750000e-07 -1.51272152e-08 
 6.01250000e-07  3.29999999e+00  6.01250000e-07  3.29999999e+00  6.01250000e-07  0.00000000e+00  6.01250000e-07 -1.48554777e-08 
 6.01750000e-07  3.29999999e+00  6.01750000e-07  3.29999999e+00  6.01750000e-07  0.00000000e+00  6.01750000e-07 -1.45929671e-08 
 6.02250000e-07  3.29999999e+00  6.02250000e-07  3.29999999e+00  6.02250000e-07  0.00000000e+00  6.02250000e-07 -1.43394587e-08 
 6.02750000e-07  3.29999999e+00  6.02750000e-07  3.29999999e+00  6.02750000e-07  0.00000000e+00  6.02750000e-07 -1.40942746e-08 
 6.03250000e-07  3.29999999e+00  6.03250000e-07  3.29999999e+00  6.03250000e-07  0.00000000e+00  6.03250000e-07 -1.38572436e-08 
 6.03750000e-07  3.29999999e+00  6.03750000e-07  3.29999999e+00  6.03750000e-07  0.00000000e+00  6.03750000e-07 -1.36277452e-08 
 6.04250000e-07  3.29999999e+00  6.04250000e-07  3.29999999e+00  6.04250000e-07  0.00000000e+00  6.04250000e-07 -1.34056553e-08 
 6.04750000e-07  3.29999999e+00  6.04750000e-07  3.29999999e+00  6.04750000e-07  0.00000000e+00  6.04750000e-07 -1.31904012e-08 
 6.05250000e-07  3.29999999e+00  6.05250000e-07  3.29999999e+00  6.05250000e-07  0.00000000e+00  6.05250000e-07 -1.29818999e-08 
 6.05750000e-07  3.29999999e+00  6.05750000e-07  3.29999999e+00  6.05750000e-07  0.00000000e+00  6.05750000e-07 -1.27796189e-08 
 6.06250000e-07  3.29999999e+00  6.06250000e-07  3.29999999e+00  6.06250000e-07  0.00000000e+00  6.06250000e-07 -1.25835110e-08 
 6.06750000e-07  3.29999999e+00  6.06750000e-07  3.29999999e+00  6.06750000e-07  0.00000000e+00  6.06750000e-07 -1.23930779e-08 
 6.07250000e-07  3.29999999e+00  6.07250000e-07  3.29999999e+00  6.07250000e-07  0.00000000e+00  6.07250000e-07 -1.22083032e-08 
 6.07750000e-07  3.29999999e+00  6.07750000e-07  3.29999999e+00  6.07750000e-07  0.00000000e+00  6.07750000e-07 -1.20287182e-08 
 6.08250000e-07  3.29999999e+00  6.08250000e-07  3.29999999e+00  6.08250000e-07  0.00000000e+00  6.08250000e-07 -1.18543335e-08 
 6.08750000e-07  3.29999999e+00  6.08750000e-07  3.29999999e+00  6.08750000e-07  0.00000000e+00  6.08750000e-07 -1.16847056e-08 
 6.09250000e-07  3.29999999e+00  6.09250000e-07  3.29999999e+00  6.09250000e-07  0.00000000e+00  6.09250000e-07 -1.15198686e-08 
 6.09750000e-07  3.29999999e+00  6.09750000e-07  3.29999999e+00  6.09750000e-07  0.00000000e+00  6.09750000e-07 -1.13594010e-08 
 6.10250000e-07  3.29999999e+00  6.10250000e-07  3.29999999e+00  6.10250000e-07  0.00000000e+00  6.10250000e-07 -1.12033575e-08 
 6.10750000e-07  3.29999999e+00  6.10750000e-07  3.29999999e+00  6.10750000e-07  0.00000000e+00  6.10750000e-07 -1.10513358e-08 
 6.11250000e-07  3.29999999e+00  6.11250000e-07  3.29999999e+00  6.11250000e-07  0.00000000e+00  6.11250000e-07 -1.09034084e-08 
 6.11750000e-07  3.29999999e+00  6.11750000e-07  3.29999999e+00  6.11750000e-07  0.00000000e+00  6.11750000e-07 -1.07591900e-08 
 6.12250000e-07  3.29999999e+00  6.12250000e-07  3.29999999e+00  6.12250000e-07  0.00000000e+00  6.12250000e-07 -1.06187689e-08 
 6.12750000e-07  3.29999999e+00  6.12750000e-07  3.29999999e+00  6.12750000e-07  0.00000000e+00  6.12750000e-07 -1.04817744e-08 
 6.13250000e-07  3.29999999e+00  6.13250000e-07  3.29999999e+00  6.13250000e-07  0.00000000e+00  6.13250000e-07 -1.03483087e-08 
 6.13750000e-07  3.29999999e+00  6.13750000e-07  3.29999999e+00  6.13750000e-07  0.00000000e+00  6.13750000e-07 -1.02180143e-08 
 6.14250000e-07  3.29999999e+00  6.14250000e-07  3.29999999e+00  6.14250000e-07  0.00000000e+00  6.14250000e-07 -1.00910056e-08 
 6.14750000e-07  3.29999999e+00  6.14750000e-07  3.29999999e+00  6.14750000e-07  0.00000000e+00  6.14750000e-07 -9.96693659e-09 
 6.15250000e-07  3.29999999e+00  6.15250000e-07  3.29999999e+00  6.15250000e-07  0.00000000e+00  6.15250000e-07 -9.84593257e-09 
 6.15750000e-07  3.29999999e+00  6.15750000e-07  3.29999999e+00  6.15750000e-07  0.00000000e+00  6.15750000e-07 -9.72765777e-09 
 6.16250000e-07  3.29999999e+00  6.16250000e-07  3.29999999e+00  6.16250000e-07  0.00000000e+00  6.16250000e-07 -9.61224716e-09 
 6.16750000e-07  3.29999999e+00  6.16750000e-07  3.29999999e+00  6.16750000e-07  0.00000000e+00  6.16750000e-07 -9.49937408e-09 
 6.17250000e-07  3.29999999e+00  6.17250000e-07  3.29999999e+00  6.17250000e-07  0.00000000e+00  6.17250000e-07 -9.38918211e-09 
 6.17750000e-07  3.29999999e+00  6.17750000e-07  3.29999999e+00  6.17750000e-07  0.00000000e+00  6.17750000e-07 -9.28135269e-09 
 6.18250000e-07  3.29999999e+00  6.18250000e-07  3.29999999e+00  6.18250000e-07  0.00000000e+00  6.18250000e-07 -9.17603709e-09 
 6.18750000e-07  3.29999999e+00  6.18750000e-07  3.29999999e+00  6.18750000e-07  0.00000000e+00  6.18750000e-07 -9.07292405e-09 
 6.19250000e-07  3.29999999e+00  6.19250000e-07  3.29999999e+00  6.19250000e-07  0.00000000e+00  6.19250000e-07 -8.97217169e-09 
 6.19750000e-07  3.29999999e+00  6.19750000e-07  3.29999999e+00  6.19750000e-07  0.00000000e+00  6.19750000e-07 -8.87347526e-09 
 6.20000000e-07  3.29999999e+00  6.20000000e-07  3.29999999e+00  6.20000000e-07  0.00000000e+00  6.20000000e-07 -8.82501248e-09 
 6.20010000e-07  3.32225653e+00  6.20010000e-07  3.32226185e+00  6.20010000e-07  3.30000000e-01  6.20010000e-07  4.12635893e-04 
 6.20030000e-07  3.36412104e+00  6.20030000e-07  3.36414795e+00  6.20030000e-07  9.90000000e-01  6.20030000e-07  4.61527604e-04 
 6.20070000e-07  3.44571992e+00  6.20070000e-07  3.44584165e+00  6.20070000e-07  2.31000000e+00  6.20070000e-07  4.58065766e-04 
 6.20100000e-07  3.48373033e+00  6.20100000e-07  3.48354810e+00  6.20100000e-07  3.30000000e+00  6.20100000e-07  2.91355446e-04 
 6.20104126e-07  3.48288148e+00  6.20104126e-07  3.48269228e+00  6.20104126e-07  3.30000000e+00  6.20104126e-07 -1.17307968e-05 
 6.20112377e-07  3.48034193e+00  6.20112377e-07  3.48013006e+00  6.20112377e-07  3.30000000e+00  6.20112377e-07 -3.88981341e-05 
 6.20128880e-07  3.46982411e+00  6.20128880e-07  3.46953454e+00  6.20128880e-07  3.30000000e+00  6.20128880e-07 -5.27830324e-05 
 6.20161886e-07  3.44103035e+00  6.20161886e-07  3.44063120e+00  6.20161886e-07  3.30000000e+00  6.20161886e-07 -7.13404094e-05 
 6.20218998e-07  3.25094513e+00  6.20218998e-07  3.25121924e+00  6.20218998e-07  3.30000000e+00  6.20218998e-07 -1.00361741e-04 
 6.20271810e-07  2.96580954e+00  6.20271810e-07  2.96892542e+00  6.20271810e-07  3.30000000e+00  6.20271810e-07 -1.25429690e-04 
 6.20345794e-07  2.54561938e+00  6.20345794e-07  2.55022913e+00  6.20345794e-07  3.30000000e+00  6.20345794e-07 -1.03527322e-04 
 6.20431662e-07  2.12590855e+00  6.20431662e-07  2.13383508e+00  6.20431662e-07  3.30000000e+00  6.20431662e-07 -1.81267492e-04 
 6.20572545e-07  1.72856195e+00  6.20572545e-07  1.76343958e+00  6.20572545e-07  3.30000000e+00  6.20572545e-07 -2.41268241e-04 
 6.20723130e-07  1.52231375e+00  6.20723130e-07  1.75406280e+00  6.20723130e-07  3.30000000e+00  6.20723130e-07 -3.20240840e-04 
 6.20905594e-07  9.80587201e-01  6.20905594e-07  2.36339264e+00  6.20905594e-07  3.30000000e+00  6.20905594e-07 -3.06899494e-04 
 6.21044596e-07  6.06637061e-01  6.21044596e-07  2.92526926e+00  6.21044596e-07  3.30000000e+00  6.21044596e-07 -2.21717915e-04 
 6.21189148e-07  3.30871101e-01  6.21189148e-07  3.19382724e+00  6.21189148e-07  3.30000000e+00  6.21189148e-07 -7.22919753e-05 
 6.21345610e-07  1.31805252e-01  6.21345610e-07  3.26263730e+00  6.21345610e-07  3.30000000e+00  6.21345610e-07 -4.79835203e-05 
 6.21523937e-07  4.84911478e-02  6.21523937e-07  3.28779456e+00  6.21523937e-07  3.30000000e+00  6.21523937e-07  3.10850275e-06 
 6.21782959e-07  3.61387417e-03  6.21782959e-07  3.29793392e+00  6.21782959e-07  3.30000000e+00  6.21782959e-07 -1.70086919e-05 
 6.22036111e-07  3.46283389e-03  6.22036111e-07  3.29990675e+00  6.22036111e-07  3.30000000e+00  6.22036111e-07  1.53813059e-05 
 6.22481085e-07 -2.43608537e-03  6.22481085e-07  3.29989200e+00  6.22481085e-07  3.30000000e+00  6.22481085e-07 -1.57827819e-05 
 6.22981085e-07  2.20748837e-03  6.22981085e-07  3.30011450e+00  6.22981085e-07  3.30000000e+00  6.22981085e-07  1.59600391e-05 
 6.23481085e-07 -2.03744670e-03  6.23481085e-07  3.29989790e+00  6.23481085e-07  3.30000000e+00  6.23481085e-07 -1.61069908e-05 
 6.23981085e-07  1.93366187e-03  6.23981085e-07  3.30008707e+00  6.23981085e-07  3.30000000e+00  6.23981085e-07  1.62405177e-05 
 6.24481085e-07 -1.80659993e-03  6.24481085e-07  3.29992486e+00  6.24481085e-07  3.30000000e+00  6.24481085e-07 -1.63670991e-05 
 6.24981085e-07  1.72030782e-03  6.24981085e-07  3.30006388e+00  6.24981085e-07  3.30000000e+00  6.24981085e-07  1.64854571e-05 
 6.25481085e-07 -1.61149121e-03  6.25481085e-07  3.29994460e+00  6.25481085e-07  3.30000000e+00  6.25481085e-07 -1.65982457e-05 
 6.25981085e-07  1.53581233e-03  6.25981085e-07  3.30004710e+00  6.25981085e-07  3.30000000e+00  6.25981085e-07  1.67037739e-05 
 6.26481085e-07 -1.44124079e-03  6.26481085e-07  3.29995911e+00  6.26481085e-07  3.30000000e+00  6.26481085e-07 -1.68043152e-05 
 6.26981085e-07  1.37417997e-03  6.26981085e-07  3.30003454e+00  6.26981085e-07  3.30000000e+00  6.26981085e-07  1.68983797e-05 
 6.27481085e-07 -1.29148327e-03  6.27481085e-07  3.29997016e+00  6.27481085e-07  3.30000000e+00  6.27481085e-07 -1.69880027e-05 
 6.27981085e-07  1.23173805e-03  6.27981085e-07  3.30002486e+00  6.27981085e-07  3.30000000e+00  6.27981085e-07  1.70718689e-05 
 6.28481085e-07 -1.15912933e-03  6.28481085e-07  3.29997877e+00  6.28481085e-07  3.30000000e+00  6.28481085e-07 -1.71518012e-05 
 6.28981085e-07  1.10571793e-03  6.28981085e-07  3.30001726e+00  6.28981085e-07  3.30000000e+00  6.28981085e-07  1.72266254e-05 
 6.29481085e-07 -1.04174281e-03  6.29481085e-07  3.29998558e+00  6.29481085e-07  3.30000000e+00  6.29481085e-07 -1.72979708e-05 
 6.29981085e-07  9.93863653e-04  6.29981085e-07  3.30001121e+00  6.29981085e-07  3.30000000e+00  6.29981085e-07  1.73647793e-05 
 6.30481085e-07 -9.37450808e-04  6.30481085e-07  3.29999101e+00  6.30481085e-07  3.30000000e+00  6.30481085e-07 -1.74285253e-05 
 6.30981085e-07  8.94443450e-04  6.30981085e-07  3.30000641e+00  6.30981085e-07  3.30000000e+00  6.30981085e-07  1.74882494e-05 
 6.31481085e-07 -8.44517374e-04  6.31481085e-07  3.29999533e+00  6.31481085e-07  3.30000000e+00  6.31481085e-07 -1.75452645e-05 
 6.31981085e-07  8.05876086e-04  6.31981085e-07  3.30000255e+00  6.31981085e-07  3.30000000e+00  6.31981085e-07  1.75987021e-05 
 6.32481085e-07 -7.61602919e-04  6.32481085e-07  3.29999876e+00  6.32481085e-07  3.30000000e+00  6.32481085e-07 -1.76497642e-05 
 6.32981085e-07  7.26837891e-04  6.32981085e-07  3.29999955e+00  6.32981085e-07  3.30000000e+00  6.32981085e-07  1.76976316e-05 
 6.33481085e-07 -6.87547563e-04  6.33481085e-07  3.30000148e+00  6.33481085e-07  3.30000000e+00  6.33481085e-07 -1.77433909e-05 
 6.33981085e-07  6.56230457e-04  6.33981085e-07  3.29999716e+00  6.33981085e-07  3.30000000e+00  6.33981085e-07  1.77863174e-05 
 6.34481085e-07 -6.21287675e-04  6.34481085e-07  3.30000358e+00  6.34481085e-07  3.30000000e+00  6.34481085e-07 -1.78273868e-05 
 6.34981085e-07  5.93065316e-04  6.34981085e-07  3.29999531e+00  6.34981085e-07  3.30000000e+00  6.34981085e-07  1.78659140e-05 
 6.35481085e-07 -5.61958761e-04  6.35481085e-07  3.30000526e+00  6.35481085e-07  3.30000000e+00  6.35481085e-07 -1.79028113e-05 
 6.35981085e-07  5.36462468e-04  6.35981085e-07  3.29999391e+00  6.35981085e-07  3.30000000e+00  6.35981085e-07  1.79374519e-05 
 6.36481085e-07 -5.08746682e-04  6.36481085e-07  3.30000648e+00  6.36481085e-07  3.30000000e+00  6.36481085e-07 -1.79706322e-05 
 6.36981085e-07  4.85709819e-04  6.36981085e-07  3.29999287e+00  6.36981085e-07  3.30000000e+00  6.36981085e-07  1.80017954e-05 
 6.37481085e-07 -4.60978245e-04  6.37481085e-07  3.30000738e+00  6.37481085e-07  3.30000000e+00  6.37481085e-07 -1.80316687e-05 
 6.37981085e-07  4.40138457e-04  6.37981085e-07  3.29999213e+00  6.37981085e-07  3.30000000e+00  6.37981085e-07  1.80597336e-05 
 6.38481085e-07 -4.18046979e-04  6.38481085e-07  3.30000801e+00  6.38481085e-07  3.30000000e+00  6.38481085e-07 -1.80866582e-05 
 6.38981085e-07  3.99173069e-04  6.38981085e-07  3.29999163e+00  6.38981085e-07  3.30000000e+00  6.38981085e-07  1.81119586e-05 
 6.39481085e-07 -3.79421460e-04  6.39481085e-07  3.30000842e+00  6.39481085e-07  3.30000000e+00  6.39481085e-07 -1.81362504e-05 
 6.39981085e-07  3.62307840e-04  6.39981085e-07  3.29999133e+00  6.39981085e-07  3.30000000e+00  6.39981085e-07  1.81590811e-05 
 6.40481085e-07 -3.44633374e-04  6.40481085e-07  3.30000865e+00  6.40481085e-07  3.30000000e+00  6.40481085e-07 -1.81810195e-05 
 6.40981085e-07  3.29097093e-04  6.40981085e-07  3.29999119e+00  6.40981085e-07  3.30000000e+00  6.40981085e-07  1.82016412e-05 
 6.41481085e-07 -3.13269444e-04  6.41481085e-07  3.30000873e+00  6.41481085e-07  3.30000000e+00  6.41481085e-07 -1.82214734e-05 
 6.41981085e-07  2.99147626e-04  6.41981085e-07  3.29999117e+00  6.41981085e-07  3.30000000e+00  6.41981085e-07  1.82401169e-05 
 6.42481085e-07 -2.84964528e-04  6.42481085e-07  3.30000870e+00  6.42481085e-07  3.30000000e+00  6.42481085e-07 -1.82580620e-05 
 6.42981085e-07  2.72112092e-04  6.42981085e-07  3.29999126e+00  6.42981085e-07  3.30000000e+00  6.42981085e-07  1.82749321e-05 
 6.43481085e-07 -2.59395619e-04  6.43481085e-07  3.30000858e+00  6.43481085e-07  3.30000000e+00  6.43481085e-07 -1.82911843e-05 
 6.43981085e-07  2.47683265e-04  6.43981085e-07  3.29999143e+00  6.43981085e-07  3.30000000e+00  6.43981085e-07  1.83064629e-05 
 6.44481085e-07 -2.36276645e-04  6.44481085e-07  3.30000838e+00  6.44481085e-07  3.30000000e+00  6.44481085e-07 -1.83211949e-05 
 6.44981085e-07  2.25589070e-04  6.44981085e-07  3.29999166e+00  6.44981085e-07  3.30000000e+00  6.44981085e-07  1.83350435e-05 
 6.45481085e-07 -2.15353941e-04  6.45481085e-07  3.30000814e+00  6.45481085e-07  3.30000000e+00  6.45481085e-07 -1.83484088e-05 
 6.45981085e-07  2.05588256e-04  6.45981085e-07  3.29999193e+00  6.45981085e-07  3.30000000e+00  6.45981085e-07  1.83609710e-05 
 6.46481085e-07 -1.96402310e-04  6.46481085e-07  3.30000785e+00  6.46481085e-07  3.30000000e+00  6.46481085e-07 -1.83731064e-05 
 6.46981085e-07  1.87466640e-04  6.46981085e-07  3.29999224e+00  6.46981085e-07  3.30000000e+00  6.46981085e-07  1.83845104e-05 
 6.47481085e-07 -1.79221590e-04  6.47481085e-07  3.30000754e+00  6.47481085e-07  3.30000000e+00  6.47481085e-07 -1.83955377e-05 
 6.47981085e-07  1.71033837e-04  6.47981085e-07  3.29999256e+00  6.47981085e-07  3.30000000e+00  6.47981085e-07  1.84058978e-05 
 6.48481085e-07 -1.63633659e-04  6.48481085e-07  3.30000721e+00  6.48481085e-07  3.30000000e+00  6.48481085e-07 -1.84159258e-05 
 6.48981085e-07  1.56120404e-04  6.48981085e-07  3.29999291e+00  6.48981085e-07  3.30000000e+00  6.48981085e-07  1.84253440e-05 
 6.49481085e-07 -1.49479819e-04  6.49481085e-07  3.30000686e+00  6.49481085e-07  3.30000000e+00  6.49481085e-07 -1.84344699e-05 
 6.49981085e-07  1.42575352e-04  6.49981085e-07  3.29999326e+00  6.49981085e-07  3.30000000e+00  6.49981085e-07  1.84430375e-05 
 6.50481085e-07 -1.36618511e-04  6.50481085e-07  3.30000651e+00  6.50481085e-07  3.30000000e+00  6.50481085e-07 -1.84513482e-05 
 6.50981085e-07  1.30263974e-04  6.50981085e-07  3.29999361e+00  6.50981085e-07  3.30000000e+00  6.50981085e-07  1.84591468e-05 
 6.51481085e-07 -1.24923317e-04  6.51481085e-07  3.30000617e+00  6.51481085e-07  3.30000000e+00  6.51481085e-07 -1.84667203e-05 
 6.51981085e-07  1.19065945e-04  6.51981085e-07  3.29999396e+00  6.51981085e-07  3.30000000e+00  6.51981085e-07  1.84738232e-05 
 6.52481085e-07 -1.14281206e-04  6.52481085e-07  3.30000582e+00  6.52481085e-07  3.30000000e+00  6.52481085e-07 -1.84807293e-05 
 6.52981085e-07  1.08873654e-04  6.52981085e-07  3.29999430e+00  6.52981085e-07  3.30000000e+00  6.52981085e-07  1.84872020e-05 
 6.53481085e-07 -1.04591001e-04  6.53481085e-07  3.30000548e+00  6.53481085e-07  3.30000000e+00  6.53481085e-07 -1.84935035e-05 
 6.53981085e-07  9.95907528e-05  6.53981085e-07  3.29999464e+00  6.53981085e-07  3.30000000e+00  6.53981085e-07  1.84994051e-05 
 6.54481085e-07 -9.57620342e-05  6.54481085e-07  3.30000516e+00  6.54481085e-07  3.30000000e+00  6.54481085e-07 -1.85051583e-05 
 6.54981085e-07  9.11308736e-05  6.54981085e-07  3.29999497e+00  6.54981085e-07  3.30000000e+00  6.54981085e-07  1.85105418e-05 
 6.55481085e-07 -8.77129607e-05  6.55481085e-07  3.30000484e+00  6.55481085e-07  3.30000000e+00  6.55481085e-07 -1.85157974e-05 
 6.55981085e-07  8.34165085e-05  6.55981085e-07  3.29999528e+00  6.55981085e-07  3.30000000e+00  6.55981085e-07  1.85207106e-05 
 6.56481085e-07 -8.03707222e-05  6.56481085e-07  3.30000453e+00  6.56481085e-07  3.30000000e+00  6.56481085e-07 -1.85255142e-05 
 6.56981085e-07  7.63780222e-05  6.56981085e-07  3.29999558e+00  6.56981085e-07  3.30000000e+00  6.56981085e-07  1.85300002e-05 
 6.57481085e-07 -7.36696303e-05  6.57481085e-07  3.30000424e+00  6.57481085e-07  3.30000000e+00  6.57481085e-07 -1.85343930e-05 
 6.57981085e-07  6.99527847e-05  6.57981085e-07  3.29999587e+00  6.57981085e-07  3.30000000e+00  6.57981085e-07  1.85384904e-05 
 6.58481085e-07 -6.75505608e-05  6.58481085e-07  3.30000396e+00  6.58481085e-07  3.30000000e+00  6.58481085e-07 -1.85425097e-05 
 6.58981085e-07  6.40844056e-05  6.58981085e-07  3.29999614e+00  6.58981085e-07  3.30000000e+00  6.58981085e-07  1.85462536e-05 
 6.59481085e-07 -6.19602425e-05  6.59481085e-07  3.30000370e+00  6.59481085e-07  3.30000000e+00  6.59481085e-07 -1.85499329e-05 
 6.59981085e-07  5.87220604e-05  6.59981085e-07  3.29999640e+00  6.59981085e-07  3.30000000e+00  6.59981085e-07  1.85533550e-05 
 6.60481085e-07 -5.68506294e-05  6.60481085e-07  3.30000345e+00  6.60481085e-07  3.30000000e+00  6.60481085e-07 -1.85567246e-05 
 6.60981085e-07  5.38198942e-05  6.60981085e-07  3.29999665e+00  6.60981085e-07  3.30000000e+00  6.60981085e-07  1.85598535e-05 
 6.61481085e-07 -5.21783456e-05  6.61481085e-07  3.30000321e+00  6.61481085e-07  3.30000000e+00  6.61481085e-07 -1.85629409e-05 
 6.61981085e-07  4.93364955e-05  6.61981085e-07  3.29999688e+00  6.61981085e-07  3.30000000e+00  6.61981085e-07  1.85658026e-05 
 6.62481085e-07 -4.79041938e-05  6.62481085e-07  3.30000299e+00  6.62481085e-07  3.30000000e+00  6.62481085e-07 -1.85686326e-05 
 6.62981085e-07  4.52344298e-05  6.62981085e-07  3.29999709e+00  6.62981085e-07  3.30000000e+00  6.62981085e-07  1.85712505e-05 
 6.63481085e-07 -4.39927205e-05  6.63481085e-07  3.30000278e+00  6.63481085e-07  3.30000000e+00  6.63481085e-07 -1.85738457e-05 
 6.63981085e-07  4.14798263e-05  6.63981085e-07  3.29999730e+00  6.63981085e-07  3.30000000e+00  6.63981085e-07  1.85762412e-05 
 6.64481085e-07 -4.04118290e-05  6.64481085e-07  3.30000258e+00  6.64481085e-07  3.30000000e+00  6.64481085e-07 -1.85786222e-05 
 6.64981085e-07  3.80420120e-05  6.64981085e-07  3.29999749e+00  6.64981085e-07  3.30000000e+00  6.64981085e-07  1.85808146e-05 
 6.65481085e-07 -3.71324375e-05  6.65481085e-07  3.30000240e+00  6.65481085e-07  3.30000000e+00  6.65481085e-07 -1.85829997e-05 
 6.65981085e-07  3.48931854e-05  6.65981085e-07  3.29999767e+00  6.65981085e-07  3.30000000e+00  6.65981085e-07  1.85850066e-05 
 6.66481085e-07 -3.41281730e-05  6.66481085e-07  3.30000222e+00  6.66481085e-07  3.30000000e+00  6.66481085e-07 -1.85870129e-05 
 6.66981085e-07  3.20081270e-05  6.66981085e-07  3.29999784e+00  6.66981085e-07  3.30000000e+00  6.66981085e-07  1.85888503e-05 
 6.67481085e-07 -3.13751006e-05  6.67481085e-07  3.30000206e+00  6.67481085e-07  3.30000000e+00  6.67481085e-07 -1.85906931e-05 
 6.67981085e-07  2.93639415e-05  6.67981085e-07  3.29999800e+00  6.67981085e-07  3.30000000e+00  6.67981085e-07  1.85923754e-05 
 6.68481085e-07 -2.88514809e-05  6.68481085e-07  3.30000191e+00  6.68481085e-07  3.30000000e+00  6.68481085e-07 -1.85940687e-05 
 6.68981085e-07  2.69398278e-05  6.68981085e-07  3.29999814e+00  6.68981085e-07  3.30000000e+00  6.68981085e-07  1.85956091e-05 
 6.69481085e-07 -2.65375545e-05  6.69481085e-07  3.30000177e+00  6.69481085e-07  3.30000000e+00  6.69481085e-07 -1.85971656e-05 
 6.69981085e-07  2.47168735e-05  6.69981085e-07  3.29999828e+00  6.69981085e-07  3.30000000e+00  6.69981085e-07  1.85985763e-05 
 6.70100000e-07 -2.10951868e-05  6.70100000e-07  3.30000146e+00  6.70100000e-07  3.30000000e+00  6.70100000e-07 -1.86040352e-05 
 6.70110000e-07 -3.03903779e-03  6.70110000e-07  3.29706834e+00  6.70110000e-07  2.97000000e+00  6.70110000e-07 -2.80758044e-04 
 6.70130000e-07 -2.16725040e-02  6.70130000e-07  3.27726146e+00  6.70130000e-07  2.31000000e+00  6.70130000e-07 -3.66747705e-04 
 6.70170000e-07 -2.99176281e-02  6.70170000e-07  3.24455896e+00  6.70170000e-07  9.90000000e-01  6.70170000e-07 -7.90228365e-04 
 6.70200000e-07  4.77840480e-02  6.70200000e-07  3.25866401e+00  6.70200000e-07  1.28119737e-12  6.70200000e-07 -1.13755479e-03 
 6.70203590e-07  6.71470720e-02  6.70203590e-07  3.26818858e+00  6.70203590e-07  0.00000000e+00  6.70203590e-07 -7.89916172e-04 
 6.70210770e-07  1.05435020e-01  6.70210770e-07  3.28586810e+00  6.70210770e-07  0.00000000e+00  6.70210770e-07 -7.76466554e-04 
 6.70225130e-07  1.79496343e-01  6.70225130e-07  3.31511114e+00  6.70225130e-07  0.00000000e+00  6.70225130e-07 -7.56834198e-04 
 6.70253849e-07  3.22577115e-01  6.70253849e-07  3.35542977e+00  6.70253849e-07  0.00000000e+00  6.70253849e-07 -7.20413097e-04 
 6.70311289e-07  6.18312769e-01  6.70311289e-07  3.40018442e+00  6.70311289e-07  0.00000000e+00  6.70311289e-07 -6.70607616e-04 
 6.70413787e-07  1.29124787e+00  6.70413787e-07  3.47192736e+00  6.70413787e-07  0.00000000e+00  6.70413787e-07 -4.80859669e-04 
 6.70509919e-07  1.94623997e+00  6.70509919e-07  3.51461603e+00  6.70509919e-07  0.00000000e+00  6.70509919e-07 -2.72596384e-04 
 6.70629168e-07  2.50870476e+00  6.70629168e-07  3.46972972e+00  6.70629168e-07  0.00000000e+00  6.70629168e-07 -1.29103838e-04 
 6.70740724e-07  2.83253233e+00  6.70740724e-07  3.42425295e+00  6.70740724e-07  0.00000000e+00  6.70740724e-07 -5.73389082e-05 
 6.70881022e-07  3.09088768e+00  6.70881022e-07  3.36874360e+00  6.70881022e-07  0.00000000e+00  6.70881022e-07 -2.59256647e-05 
 6.71052396e-07  3.22978346e+00  6.71052396e-07  3.32913209e+00  6.71052396e-07  0.00000000e+00  6.71052396e-07 -1.18220167e-05 
 6.71246109e-07  3.28080141e+00  6.71246109e-07  3.30995214e+00  6.71246109e-07  0.00000000e+00  6.71246109e-07 -4.80759487e-07 
 6.71588968e-07  3.30007024e+00  6.71588968e-07  3.30050595e+00  6.71588968e-07  0.00000000e+00  6.71588968e-07 -3.57991138e-06 
 6.72050211e-07  3.29996963e+00  6.72050211e-07  3.29989515e+00  6.72050211e-07  0.00000000e+00  6.72050211e-07  2.22769297e-06 
 6.72550211e-07  3.30001440e+00  6.72550211e-07  3.30003582e+00  6.72550211e-07  0.00000000e+00  6.72550211e-07 -3.21743539e-06 
 6.73050211e-07  3.29999672e+00  6.73050211e-07  3.29998622e+00  6.73050211e-07  0.00000000e+00  6.73050211e-07  2.56822157e-06 
 6.73550211e-07  3.30000241e+00  6.73550211e-07  3.30000844e+00  6.73550211e-07  0.00000000e+00  6.73550211e-07 -3.10629386e-06 
 6.74050211e-07  3.29999990e+00  6.74050211e-07  3.29999541e+00  6.74050211e-07  0.00000000e+00  6.74050211e-07  2.69634517e-06 
 6.74550211e-07  3.30000077e+00  6.74550211e-07  3.30000373e+00  6.74550211e-07  0.00000000e+00  6.74550211e-07 -3.05543925e-06 
 6.75050211e-07  3.30000011e+00  6.75050211e-07  3.29999782e+00  6.75050211e-07  0.00000000e+00  6.75050211e-07  2.76098757e-06 
 6.75550211e-07  3.30000038e+00  6.75550211e-07  3.30000191e+00  6.75550211e-07  0.00000000e+00  6.75550211e-07 -3.02628344e-06 
 6.76050211e-07  3.30000010e+00  6.76050211e-07  3.29999895e+00  6.76050211e-07  0.00000000e+00  6.76050211e-07  2.79847144e-06 
 6.76550211e-07  3.30000022e+00  6.76550211e-07  3.30000099e+00  6.76550211e-07  0.00000000e+00  6.76550211e-07 -3.00671851e-06 
 6.77050211e-07  3.30000008e+00  6.77050211e-07  3.29999949e+00  6.77050211e-07  0.00000000e+00  6.77050211e-07  2.82180716e-06 
 6.77550211e-07  3.30000014e+00  6.77550211e-07  3.30000054e+00  6.77550211e-07  0.00000000e+00  6.77550211e-07 -2.99261735e-06 
 6.78050211e-07  3.30000006e+00  6.78050211e-07  3.29999975e+00  6.78050211e-07  0.00000000e+00  6.78050211e-07  2.83758115e-06 
 6.78550211e-07  3.30000009e+00  6.78550211e-07  3.30000030e+00  6.78550211e-07  0.00000000e+00  6.78550211e-07 -2.98194399e-06 
 6.79050211e-07  3.30000005e+00  6.79050211e-07  3.29999989e+00  6.79050211e-07  0.00000000e+00  6.79050211e-07  2.84883946e-06 
 6.79550211e-07  3.30000006e+00  6.79550211e-07  3.30000017e+00  6.79550211e-07  0.00000000e+00  6.79550211e-07 -2.97360638e-06 
 6.80050211e-07  3.30000004e+00  6.80050211e-07  3.29999995e+00  6.80050211e-07  0.00000000e+00  6.80050211e-07  2.85724039e-06 
 6.80550211e-07  3.30000005e+00  6.80550211e-07  3.30000010e+00  6.80550211e-07  0.00000000e+00  6.80550211e-07 -2.96694407e-06 
 6.81050211e-07  3.30000003e+00  6.81050211e-07  3.29999999e+00  6.81050211e-07  0.00000000e+00  6.81050211e-07  2.86374057e-06 
 6.81550211e-07  3.30000003e+00  6.81550211e-07  3.30000006e+00  6.81550211e-07  0.00000000e+00  6.81550211e-07 -2.96152374e-06 
 6.82050211e-07  3.30000002e+00  6.82050211e-07  3.30000000e+00  6.82050211e-07  0.00000000e+00  6.82050211e-07  2.86892040e-06 
 6.82550211e-07  3.30000002e+00  6.82550211e-07  3.30000004e+00  6.82550211e-07  0.00000000e+00  6.82550211e-07 -2.95704607e-06 
 6.83050211e-07  3.30000002e+00  6.83050211e-07  3.30000001e+00  6.83050211e-07  0.00000000e+00  6.83050211e-07  2.87314765e-06 
 6.83550211e-07  3.30000002e+00  6.83550211e-07  3.30000002e+00  6.83550211e-07  0.00000000e+00  6.83550211e-07 -2.95329708e-06 
 6.84050211e-07  3.30000001e+00  6.84050211e-07  3.30000001e+00  6.84050211e-07  0.00000000e+00  6.84050211e-07  2.87666497e-06 
 6.84550211e-07  3.30000001e+00  6.84550211e-07  3.30000002e+00  6.84550211e-07  0.00000000e+00  6.84550211e-07 -2.95012023e-06 
 6.85050211e-07  3.30000001e+00  6.85050211e-07  3.30000001e+00  6.85050211e-07  0.00000000e+00  6.85050211e-07  2.87963850e-06 
 6.85550211e-07  3.30000001e+00  6.85550211e-07  3.30000001e+00  6.85550211e-07  0.00000000e+00  6.85550211e-07 -2.94739896e-06 
 6.86050211e-07  3.30000001e+00  6.86050211e-07  3.30000000e+00  6.86050211e-07  0.00000000e+00  6.86050211e-07  2.88218576e-06 
 6.86550211e-07  3.30000001e+00  6.86550211e-07  3.30000001e+00  6.86550211e-07  0.00000000e+00  6.86550211e-07 -2.94504512e-06 
 6.87050211e-07  3.30000000e+00  6.87050211e-07  3.30000000e+00  6.87050211e-07  0.00000000e+00  6.87050211e-07  2.88439233e-06 
 6.87550211e-07  3.30000000e+00  6.87550211e-07  3.30000000e+00  6.87550211e-07  0.00000000e+00  6.87550211e-07 -2.94299114e-06 
 6.88050211e-07  3.30000000e+00  6.88050211e-07  3.30000000e+00  6.88050211e-07  0.00000000e+00  6.88050211e-07  2.88632206e-06 
 6.88550211e-07  3.30000000e+00  6.88550211e-07  3.30000000e+00  6.88550211e-07  0.00000000e+00  6.88550211e-07 -2.94118457e-06 
 6.89050211e-07  3.30000000e+00  6.89050211e-07  3.30000000e+00  6.89050211e-07  0.00000000e+00  6.89050211e-07  2.88802368e-06 
 6.89550211e-07  3.30000000e+00  6.89550211e-07  3.30000000e+00  6.89550211e-07  0.00000000e+00  6.89550211e-07 -2.93958422e-06 
 6.90050211e-07  3.30000000e+00  6.90050211e-07  3.30000000e+00  6.90050211e-07  0.00000000e+00  6.90050211e-07  2.88953506e-06 
 6.90550211e-07  3.30000000e+00  6.90550211e-07  3.30000000e+00  6.90550211e-07  0.00000000e+00  6.90550211e-07 -2.93815735e-06 
 6.91050211e-07  3.30000000e+00  6.91050211e-07  3.30000000e+00  6.91050211e-07  0.00000000e+00  6.91050211e-07  2.89088611e-06 
 6.91550211e-07  3.30000000e+00  6.91550211e-07  3.30000000e+00  6.91550211e-07  0.00000000e+00  6.91550211e-07 -2.93687771e-06 
 6.92050211e-07  3.30000000e+00  6.92050211e-07  3.30000000e+00  6.92050211e-07  0.00000000e+00  6.92050211e-07  2.89210078e-06 
 6.92550211e-07  3.30000000e+00  6.92550211e-07  3.30000000e+00  6.92550211e-07  0.00000000e+00  6.92550211e-07 -2.93572398e-06 
 6.93050211e-07  3.30000000e+00  6.93050211e-07  3.30000000e+00  6.93050211e-07  0.00000000e+00  6.93050211e-07  2.89319849e-06 
 6.93550211e-07  3.30000000e+00  6.93550211e-07  3.30000000e+00  6.93550211e-07  0.00000000e+00  6.93550211e-07 -2.93467873e-06 
 6.94050211e-07  3.30000000e+00  6.94050211e-07  3.30000000e+00  6.94050211e-07  0.00000000e+00  6.94050211e-07  2.89419516e-06 
 6.94550211e-07  3.30000000e+00  6.94550211e-07  3.29999999e+00  6.94550211e-07  0.00000000e+00  6.94550211e-07 -2.93372757e-06 
 6.95050211e-07  3.29999999e+00  6.95050211e-07  3.29999999e+00  6.95050211e-07  0.00000000e+00  6.95050211e-07  2.89510395e-06 
 6.95550211e-07  3.29999999e+00  6.95550211e-07  3.29999999e+00  6.95550211e-07  0.00000000e+00  6.95550211e-07 -2.93285852e-06 
 6.96050211e-07  3.29999999e+00  6.96050211e-07  3.29999999e+00  6.96050211e-07  0.00000000e+00  6.96050211e-07  2.89593585e-06 
 6.96550211e-07  3.29999999e+00  6.96550211e-07  3.29999999e+00  6.96550211e-07  0.00000000e+00  6.96550211e-07 -2.93206152e-06 
 6.97050211e-07  3.29999999e+00  6.97050211e-07  3.29999999e+00  6.97050211e-07  0.00000000e+00  6.97050211e-07  2.89670011e-06 
 6.97550211e-07  3.29999999e+00  6.97550211e-07  3.29999999e+00  6.97550211e-07  0.00000000e+00  6.97550211e-07 -2.93132809e-06 
 6.98050211e-07  3.29999999e+00  6.98050211e-07  3.29999999e+00  6.98050211e-07  0.00000000e+00  6.98050211e-07  2.89740454e-06 
 6.98550211e-07  3.29999999e+00  6.98550211e-07  3.29999999e+00  6.98550211e-07  0.00000000e+00  6.98550211e-07 -2.93065101e-06 
 6.99050211e-07  3.29999999e+00  6.99050211e-07  3.29999999e+00  6.99050211e-07  0.00000000e+00  6.99050211e-07  2.89805582e-06 
 6.99550211e-07  3.29999999e+00  6.99550211e-07  3.29999999e+00  6.99550211e-07  0.00000000e+00  6.99550211e-07 -2.93002411e-06 
 7.00000000e-07  3.29999999e+00  7.00000000e-07  3.29999999e+00  7.00000000e-07  0.00000000e+00  7.00000000e-07  2.89863039e-06 
 7.00050000e-07  3.29999999e+00  7.00050000e-07  3.29999999e+00  7.00050000e-07  0.00000000e+00  7.00050000e-07 -1.55343680e-08 
 7.00150000e-07  3.29999999e+00  7.00150000e-07  3.29999999e+00  7.00150000e-07  0.00000000e+00  7.00150000e-07 -1.54762210e-08 
 7.00350000e-07  3.29999999e+00  7.00350000e-07  3.29999999e+00  7.00350000e-07  0.00000000e+00  7.00350000e-07 -1.53616033e-08 
 7.00750000e-07  3.29999999e+00  7.00750000e-07  3.29999999e+00  7.00750000e-07  0.00000000e+00  7.00750000e-07 -1.51370354e-08 
 7.01250000e-07  3.29999999e+00  7.01250000e-07  3.29999999e+00  7.01250000e-07  0.00000000e+00  7.01250000e-07 -1.48653187e-08 
 7.01750000e-07  3.29999999e+00  7.01750000e-07  3.29999999e+00  7.01750000e-07  0.00000000e+00  7.01750000e-07 -1.46028280e-08 
 7.02250000e-07  3.29999999e+00  7.02250000e-07  3.29999999e+00  7.02250000e-07  0.00000000e+00  7.02250000e-07 -1.43493385e-08 
 7.02750000e-07  3.29999999e+00  7.02750000e-07  3.29999999e+00  7.02750000e-07  0.00000000e+00  7.02750000e-07 -1.41041725e-08 
 7.03250000e-07  3.29999999e+00  7.03250000e-07  3.29999999e+00  7.03250000e-07  0.00000000e+00  7.03250000e-07 -1.38671588e-08 
 7.03750000e-07  3.29999999e+00  7.03750000e-07  3.29999999e+00  7.03750000e-07  0.00000000e+00  7.03750000e-07 -1.36376768e-08 
 7.04250000e-07  3.29999999e+00  7.04250000e-07  3.29999999e+00  7.04250000e-07  0.00000000e+00  7.04250000e-07 -1.34156027e-08 
 7.04750000e-07  3.29999999e+00  7.04750000e-07  3.29999999e+00  7.04750000e-07  0.00000000e+00  7.04750000e-07 -1.32003637e-08 
 7.05250000e-07  3.29999999e+00  7.05250000e-07  3.29999999e+00  7.05250000e-07  0.00000000e+00  7.05250000e-07 -1.29918769e-08 
 7.05750000e-07  3.29999999e+00  7.05750000e-07  3.29999999e+00  7.05750000e-07  0.00000000e+00  7.05750000e-07 -1.27896097e-08 
 7.06250000e-07  3.29999999e+00  7.06250000e-07  3.29999999e+00  7.06250000e-07  0.00000000e+00  7.06250000e-07 -1.25935150e-08 
 7.06750000e-07  3.29999999e+00  7.06750000e-07  3.29999999e+00  7.06750000e-07  0.00000000e+00  7.06750000e-07 -1.24030946e-08 
 7.07250000e-07  3.29999999e+00  7.07250000e-07  3.29999999e+00  7.07250000e-07  0.00000000e+00  7.07250000e-07 -1.22183321e-08 
 7.07750000e-07  3.29999999e+00  7.07750000e-07  3.29999999e+00  7.07750000e-07  0.00000000e+00  7.07750000e-07 -1.20387588e-08 
 7.08250000e-07  3.29999999e+00  7.08250000e-07  3.29999999e+00  7.08250000e-07  0.00000000e+00  7.08250000e-07 -1.18643853e-08 
 7.08750000e-07  3.29999999e+00  7.08750000e-07  3.29999999e+00  7.08750000e-07  0.00000000e+00  7.08750000e-07 -1.16947682e-08 
 7.09250000e-07  3.29999999e+00  7.09250000e-07  3.29999999e+00  7.09250000e-07  0.00000000e+00  7.09250000e-07 -1.15299415e-08 
 7.09750000e-07  3.29999999e+00  7.09750000e-07  3.29999999e+00  7.09750000e-07  0.00000000e+00  7.09750000e-07 -1.13694839e-08 
 7.10250000e-07  3.29999999e+00  7.10250000e-07  3.29999999e+00  7.10250000e-07  0.00000000e+00  7.10250000e-07 -1.12134501e-08 
 7.10750000e-07  3.29999999e+00  7.10750000e-07  3.29999999e+00  7.10750000e-07  0.00000000e+00  7.10750000e-07 -1.10614376e-08 
 7.11250000e-07  3.29999999e+00  7.11250000e-07  3.29999999e+00  7.11250000e-07  0.00000000e+00  7.11250000e-07 -1.09135192e-08 
 7.11750000e-07  3.29999999e+00  7.11750000e-07  3.29999999e+00  7.11750000e-07  0.00000000e+00  7.11750000e-07 -1.07693094e-08 
 7.12250000e-07  3.29999999e+00  7.12250000e-07  3.29999999e+00  7.12250000e-07  0.00000000e+00  7.12250000e-07 -1.06288965e-08 
 7.12750000e-07  3.29999999e+00  7.12750000e-07  3.29999999e+00  7.12750000e-07  0.00000000e+00  7.12750000e-07 -1.04919100e-08 
 7.13250000e-07  3.29999999e+00  7.13250000e-07  3.29999999e+00  7.13250000e-07  0.00000000e+00  7.13250000e-07 -1.03584520e-08 
 7.13750000e-07  3.29999999e+00  7.13750000e-07  3.29999999e+00  7.13750000e-07  0.00000000e+00  7.13750000e-07 -1.02281651e-08 
 7.14250000e-07  3.29999999e+00  7.14250000e-07  3.29999999e+00  7.14250000e-07  0.00000000e+00  7.14250000e-07 -1.01011635e-08 
 7.14750000e-07  3.29999999e+00  7.14750000e-07  3.29999999e+00  7.14750000e-07  0.00000000e+00  7.14750000e-07 -9.97710145e-09 
 7.15250000e-07  3.29999999e+00  7.15250000e-07  3.29999999e+00  7.15250000e-07  0.00000000e+00  7.15250000e-07 -9.85610416e-09 
 7.15750000e-07  3.29999999e+00  7.15750000e-07  3.29999999e+00  7.15750000e-07  0.00000000e+00  7.15750000e-07 -9.73783583e-09 
 7.16250000e-07  3.29999999e+00  7.16250000e-07  3.29999999e+00  7.16250000e-07  0.00000000e+00  7.16250000e-07 -9.62243151e-09 
 7.16750000e-07  3.29999999e+00  7.16750000e-07  3.29999999e+00  7.16750000e-07  0.00000000e+00  7.16750000e-07 -9.50956448e-09 
 7.17250000e-07  3.29999999e+00  7.17250000e-07  3.29999999e+00  7.17250000e-07  0.00000000e+00  7.17250000e-07 -9.39937839e-09 
 7.17750000e-07  3.29999999e+00  7.17750000e-07  3.29999999e+00  7.17750000e-07  0.00000000e+00  7.17750000e-07 -9.29155465e-09 
 7.18250000e-07  3.29999999e+00  7.18250000e-07  3.29999999e+00  7.18250000e-07  0.00000000e+00  7.18250000e-07 -9.18624457e-09 
 7.18750000e-07  3.29999999e+00  7.18750000e-07  3.29999999e+00  7.18750000e-07  0.00000000e+00  7.18750000e-07 -9.08313684e-09 
 7.19250000e-07  3.29999999e+00  7.19250000e-07  3.29999999e+00  7.19250000e-07  0.00000000e+00  7.19250000e-07 -8.98238966e-09 
 7.19750000e-07  3.29999999e+00  7.19750000e-07  3.29999999e+00  7.19750000e-07  0.00000000e+00  7.19750000e-07 -8.88369823e-09 
 7.20000000e-07  3.29999999e+00  7.20000000e-07  3.29999999e+00  7.20000000e-07  0.00000000e+00  7.20000000e-07 -8.83523791e-09 
 7.20010000e-07  3.32225631e+00  7.20010000e-07  3.32226206e+00  7.20010000e-07  3.30000000e-01  7.20010000e-07  4.12635838e-04 
 7.20030000e-07  3.36412063e+00  7.20030000e-07  3.36414835e+00  7.20030000e-07  9.90000000e-01  7.20030000e-07  4.61527534e-04 
 7.20070000e-07  3.44573136e+00  7.20070000e-07  3.44583017e+00  7.20070000e-07  2.31000000e+00  7.20070000e-07  4.58065242e-04 
 7.20100000e-07  3.48371054e+00  7.20100000e-07  3.48356775e+00  7.20100000e-07  3.30000000e+00  7.20100000e-07  2.91356486e-04 
 7.20104126e-07  3.48285252e+00  7.20104126e-07  3.48272108e+00  7.20104126e-07  3.30000000e+00  7.20104126e-07 -1.17280799e-05 
 7.20112377e-07  3.48028613e+00  7.20112377e-07  3.48018572e+00  7.20112377e-07  3.30000000e+00  7.20112377e-07 -3.88977869e-05 
 7.20128880e-07  3.46967551e+00  7.20128880e-07  3.46968283e+00  7.20128880e-07  3.30000000e+00  7.20128880e-07 -5.27833234e-05 
 7.20161886e-07  3.44073640e+00  7.20161886e-07  3.44092486e+00  7.20161886e-07  3.30000000e+00  7.20161886e-07 -7.13397681e-05 
 7.20218998e-07  3.25190437e+00  7.20218998e-07  3.25025625e+00  7.20218998e-07  3.30000000e+00  7.20218998e-07 -1.00363436e-04 
 7.20271590e-07  2.97218265e+00  7.20271590e-07  2.96500375e+00  7.20271590e-07  3.30000000e+00  7.20271590e-07 -1.25436445e-04 
 7.20345501e-07  2.55449299e+00  7.20345501e-07  2.54456296e+00  7.20345501e-07  3.30000000e+00  7.20345501e-07 -1.03454941e-04 
 7.20431017e-07  2.14011594e+00  7.20431017e-07  2.12489700e+00  7.20431017e-07  3.30000000e+00  7.20431017e-07 -1.80806377e-04 
 7.20569636e-07  1.77871058e+00  7.20569636e-07  1.72260745e+00  7.20569636e-07  3.30000000e+00  7.20569636e-07 -2.39816234e-04 
 7.20719369e-07  1.81530269e+00  7.20719369e-07  1.46712650e+00  7.20719369e-07  3.30000000e+00  7.20719369e-07 -3.20933984e-04 
 7.20745507e-07  1.87095806e+00  7.20745507e-07  1.40337256e+00  7.20745507e-07  3.30000000e+00  7.20745507e-07 -3.07284891e-04 
 7.20797782e-07  2.02715526e+00  7.20797782e-07  1.24519156e+00  7.20797782e-07  3.30000000e+00  7.20797782e-07 -3.18474703e-04 
 7.20902331e-07  2.50312026e+00  7.20902331e-07  8.88706936e-01  7.20902331e-07  3.30000000e+00  7.20902331e-07 -3.04401466e-04 
 7.21005736e-07  2.91793343e+00  7.21005736e-07  6.23147109e-01  7.21005736e-07  3.30000000e+00  7.21005736e-07 -2.13565815e-04 
 7.21113891e-07  3.14444049e+00  7.21113891e-07  3.95697086e-01  7.21113891e-07  3.30000000e+00  7.21113891e-07 -1.11715876e-04 
 7.21264928e-07  3.25090886e+00  7.21264928e-07  1.76568042e-01  7.21264928e-07  3.30000000e+00  7.21264928e-07 -4.55662054e-05 
 7.21443422e-07  3.28342914e+00  7.21443422e-07  6.09406067e-02  7.21443422e-07  3.30000000e+00  7.21443422e-07 -1.37213547e-05 
 7.21691757e-07  3.29712895e+00  7.21691757e-07  9.18405694e-03  7.21691757e-07  3.30000000e+00  7.21691757e-07 -4.58160227e-06 
 7.21955265e-07  3.29967984e+00  7.21955265e-07  2.09782915e-03  7.21955265e-07  3.30000000e+00  7.21955265e-07  1.68404570e-06 
 7.22359080e-07  3.29999125e+00  7.22359080e-07 -8.37144875e-04  7.22359080e-07  3.30000000e+00  7.22359080e-07 -2.06714271e-06 
 7.22859080e-07  3.30002761e+00  7.22859080e-07  6.99827933e-04  7.22859080e-07  3.30000000e+00  7.22859080e-07  2.13781943e-06 
 7.23359080e-07  3.29997334e+00  7.23359080e-07 -6.38327063e-04  7.23359080e-07  3.30000000e+00  7.23359080e-07 -2.18573016e-06 
 7.23859080e-07  3.30002254e+00  7.23859080e-07  6.02717299e-04  7.23859080e-07  3.30000000e+00  7.23859080e-07  2.22721049e-06 
 7.24359080e-07  3.29998090e+00  7.24359080e-07 -5.65604979e-04  7.24359080e-07  3.30000000e+00  7.24359080e-07 -2.26630031e-06 
 7.24859080e-07  3.30001587e+00  7.24859080e-07  5.38003330e-04  7.24859080e-07  3.30000000e+00  7.24859080e-07  2.30290968e-06 
 7.25359080e-07  3.29998647e+00  7.25359080e-07 -5.06108986e-04  7.25359080e-07  3.30000000e+00  7.25359080e-07 -2.33790643e-06 
 7.25859080e-07  3.30001125e+00  7.25859080e-07  4.82060871e-04  7.25859080e-07  3.30000000e+00  7.25859080e-07  2.37070656e-06 
 7.26359080e-07  3.29999040e+00  7.26359080e-07 -4.53889858e-04  7.26359080e-07  3.30000000e+00  7.26359080e-07 -2.40203227e-06 
 7.26859080e-07  3.30000788e+00  7.26859080e-07  4.32733074e-04  7.26859080e-07  3.30000000e+00  7.26859080e-07  2.43136351e-06 
 7.27359080e-07  3.29999334e+00  7.27359080e-07 -4.07722807e-04  7.27359080e-07  3.30000000e+00  7.27359080e-07 -2.45937468e-06 
 7.27859080e-07  3.30000531e+00  7.27859080e-07  3.88968164e-04  7.27859080e-07  3.30000000e+00  7.27859080e-07  2.48558686e-06 
 7.28359080e-07  3.29999563e+00  7.28359080e-07 -3.66707801e-04  7.28359080e-07  3.30000000e+00  7.28359080e-07 -2.51062658e-06 
 7.28859080e-07  3.30000329e+00  7.28859080e-07  3.50100531e-04  7.28859080e-07  3.30000000e+00  7.28859080e-07  2.53406201e-06 
 7.29359080e-07  3.29999744e+00  7.29359080e-07 -3.30204571e-04  7.29359080e-07  3.30000000e+00  7.29359080e-07 -2.55646465e-06 
 7.29859080e-07  3.30000170e+00  7.29859080e-07  3.15480985e-04  7.29859080e-07  3.30000000e+00  7.29859080e-07  2.57743370e-06 
 7.30359080e-07  3.29999887e+00  7.30359080e-07 -2.97655972e-04  7.30359080e-07  3.30000000e+00  7.30359080e-07 -2.59749548e-06 
 7.30859080e-07  3.30000042e+00  7.30859080e-07  2.84594584e-04  7.30859080e-07  3.30000000e+00  7.30859080e-07  2.61627507e-06 
 7.31359080e-07  3.30000001e+00  7.31359080e-07 -2.68587606e-04  7.31359080e-07  3.30000000e+00  7.31359080e-07 -2.63426125e-06 
 7.31859080e-07  3.29999944e+00  7.31859080e-07  2.56993484e-04  7.31859080e-07  3.30000000e+00  7.31859080e-07  2.65109827e-06 
 7.32359080e-07  3.30000089e+00  7.32359080e-07 -2.42595011e-04  7.32359080e-07  3.30000000e+00  7.32359080e-07 -2.66723645e-06 
 7.32859080e-07  3.29999865e+00  7.32859080e-07  2.32305974e-04  7.32859080e-07  3.30000000e+00  7.32859080e-07  2.68234410e-06 
 7.33359080e-07  3.30000160e+00  7.33359080e-07 -2.19324166e-04  7.33359080e-07  3.30000000e+00  7.33359080e-07 -2.69684384e-06 
 7.33859080e-07  3.29999805e+00  7.33859080e-07  2.10184227e-04  7.33859080e-07  3.30000000e+00  7.33859080e-07  2.71042103e-06 
 7.34359080e-07  3.30000213e+00  7.34359080e-07 -1.98459995e-04  7.34359080e-07  3.30000000e+00  7.34359080e-07 -2.72346117e-06 
 7.34859080e-07  3.29999760e+00  7.34859080e-07  1.90347266e-04  7.34859080e-07  3.30000000e+00  7.34859080e-07  2.73567142e-06 
 7.35359080e-07  3.30000252e+00  7.35359080e-07 -1.79735270e-04  7.35359080e-07  3.30000000e+00  7.35359080e-07 -2.74741242e-06 
 7.35859080e-07  3.29999726e+00  7.35859080e-07  1.72535863e-04  7.35859080e-07  3.30000000e+00  7.35859080e-07  2.75840478e-06 
 7.36359080e-07  3.30000281e+00  7.36359080e-07 -1.62911300e-04  7.36359080e-07  3.30000000e+00  7.36359080e-07 -2.76898740e-06 
 7.36859080e-07  3.29999703e+00  7.36859080e-07  1.56525285e-04  7.36859080e-07  3.30000000e+00  7.36859080e-07  2.77889319e-06 
 7.37359080e-07  3.30000300e+00  7.37359080e-07 -1.47778696e-04  7.37359080e-07  3.30000000e+00  7.37359080e-07 -2.78844168e-06 
 7.37859080e-07  3.29999688e+00  7.37859080e-07  1.42117863e-04  7.37859080e-07  3.30000000e+00  7.37859080e-07  2.79737692e-06 
 7.38359080e-07  3.30000312e+00  7.38359080e-07 -1.34153011e-04  7.38359080e-07  3.30000000e+00  7.38359080e-07 -2.80600113e-06 
 7.38859080e-07  3.29999680e+00  7.38859080e-07  1.29139391e-04  7.38859080e-07  3.30000000e+00  7.38859080e-07  2.81406845e-06 
 7.39359080e-07  3.30000318e+00  7.39359080e-07 -1.21871533e-04  7.39359080e-07  3.30000000e+00  7.39359080e-07 -2.82186557e-06 
 7.39859080e-07  3.29999676e+00  7.39859080e-07  1.17436147e-04  7.39859080e-07  3.30000000e+00  7.39859080e-07  2.82915583e-06 
 7.40359080e-07  3.30000319e+00  7.40359080e-07 -1.10790548e-04  7.40359080e-07  3.30000000e+00  7.40359080e-07 -2.83621202e-06 
 7.40859080e-07  3.29999678e+00  7.40859080e-07  1.06872305e-04  7.40859080e-07  3.30000000e+00  7.40859080e-07  2.84280579e-06 
 7.41359080e-07  3.30000317e+00  7.41359080e-07 -1.00782967e-04  7.41359080e-07  3.30000000e+00  7.41359080e-07 -2.84919745e-06 
 7.41859080e-07  3.29999682e+00  7.41859080e-07  9.73277135e-05  7.41859080e-07  3.30000000e+00  7.41859080e-07  2.85516625e-06 
 7.42359080e-07  3.30000311e+00  7.42359080e-07 -9.17362680e-05  7.42359080e-07  3.30000000e+00  7.42359080e-07 -2.86096124e-06 
 7.42859080e-07  3.29999689e+00  7.42859080e-07  8.86959492e-05  7.42859080e-07  3.30000000e+00  7.42859080e-07  2.86636862e-06 
 7.43359080e-07  3.30000303e+00  7.43359080e-07 -8.35507065e-05  7.43359080e-07  3.30000000e+00  7.43359080e-07 -2.87162731e-06 
 7.43859080e-07  3.29999698e+00  7.43859080e-07  8.08826385e-05  7.43859080e-07  3.30000000e+00  7.43859080e-07  2.87652981e-06 
 7.44359080e-07  3.30000294e+00  7.44359080e-07 -7.61377599e-05  7.44359080e-07  3.30000000e+00  7.44359080e-07 -2.88130592e-06 
 7.44859080e-07  3.29999709e+00  7.44859080e-07  7.38039908e-05  7.44859080e-07  3.30000000e+00  7.44859080e-07  2.88575391e-06 
 7.45359080e-07  3.30000283e+00  7.45359080e-07 -6.94187714e-05  7.45359080e-07  3.30000000e+00  7.45359080e-07 -2.89009534e-06 
 7.45859080e-07  3.29999720e+00  7.45859080e-07  6.73855218e-05  7.45859080e-07  3.30000000e+00  7.45859080e-07  2.89413373e-06 
 7.46359080e-07  3.30000271e+00  7.46359080e-07 -6.33237670e-05  7.46359080e-07  3.30000000e+00  7.46359080e-07 -2.89808323e-06 
 7.46859080e-07  3.29999733e+00  7.46859080e-07  6.15609403e-05  7.46859080e-07  3.30000000e+00  7.46859080e-07  2.90175213e-06 
 7.47359080e-07  3.30000259e+00  7.47359080e-07 -5.77904234e-05  7.47359080e-07  3.30000000e+00  7.47359080e-07 -2.90534787e-06 
 7.47859080e-07  3.29999745e+00  7.47859080e-07  5.62711761e-05  7.47859080e-07  3.30000000e+00  7.47859080e-07  2.90868314e-06 
 7.48359080e-07  3.30000246e+00  7.48359080e-07 -5.27631659e-05  7.48359080e-07  3.30000000e+00  7.48359080e-07 -2.91195929e-06 
 7.48859080e-07  3.29999758e+00  7.48859080e-07  5.14635305e-05  7.48859080e-07  3.30000000e+00  7.48859080e-07  2.91499301e-06 
 7.49359080e-07  3.30000233e+00  7.49359080e-07 -4.81923792e-05  7.49359080e-07  3.30000000e+00  7.49359080e-07 -2.91798016e-06 
 7.49859080e-07  3.29999771e+00  7.49859080e-07  4.70909335e-05  7.49859080e-07  3.30000000e+00  7.49859080e-07  2.92074109e-06 
 7.50359080e-07  3.30000220e+00  7.50359080e-07 -4.40337166e-05  7.50359080e-07  3.30000000e+00  7.50359080e-07 -2.92346665e-06 
 7.50859080e-07  3.29999784e+00  7.50859080e-07  4.31112933e-05  7.50859080e-07  3.30000000e+00  7.50859080e-07  2.92598057e-06 
 7.51359080e-07  3.30000208e+00  7.51359080e-07 -4.02474947e-05  7.51359080e-07  3.30000000e+00  7.51359080e-07 -2.92846917e-06 
 7.51859080e-07  3.29999796e+00  7.51859080e-07  3.94869256e-05  7.51859080e-07  3.30000000e+00  7.51859080e-07  2.93075925e-06 
 7.52359080e-07  3.30000196e+00  7.52359080e-07 -3.67981625e-05  7.52359080e-07  3.30000000e+00  7.52359080e-07 -2.93303300e-06 
 7.52859080e-07  3.29999808e+00  7.52859080e-07  3.61840540e-05  7.52859080e-07  3.30000000e+00  7.52859080e-07  2.93512005e-06 
 7.53359080e-07  3.30000184e+00  7.53359080e-07 -3.36538350e-05  7.53359080e-07  3.30000000e+00  7.53359080e-07 -2.93719885e-06 
 7.53859080e-07  3.29999820e+00  7.53859080e-07  3.31723701e-05  7.53859080e-07  3.30000000e+00  7.53859080e-07  2.93910161e-06 
 7.54359080e-07  3.30000172e+00  7.54359080e-07 -3.07858836e-05  7.54359080e-07  3.30000000e+00  7.54359080e-07 -2.94100337e-06 
 7.54859080e-07  3.29999831e+00  7.54859080e-07  3.04246477e-05  7.54859080e-07  3.30000000e+00  7.54859080e-07  2.94273871e-06 
 7.55359080e-07  3.30000161e+00  7.55359080e-07 -2.81685754e-05  7.55359080e-07  3.30000000e+00  7.55359080e-07 -2.94447958e-06 
 7.55859080e-07  3.29999842e+00  7.55859080e-07  2.79164024e-05  7.55859080e-07  3.30000000e+00  7.55859080e-07  2.94606273e-06 
 7.56359080e-07  3.30000151e+00  7.56359080e-07 -2.57787554e-05  7.56359080e-07  3.30000000e+00  7.56359080e-07 -2.94765729e-06 
 7.56859080e-07  3.29999852e+00  7.56859080e-07  2.56255926e-05  7.56859080e-07  3.30000000e+00  7.56859080e-07  2.94910199e-06 
 7.57359080e-07  3.30000141e+00  7.57359080e-07 -2.35955670e-05  7.57359080e-07  3.30000000e+00  7.57359080e-07 -2.95056338e-06 
 7.57859080e-07  3.29999862e+00  7.57859080e-07  2.35323545e-05  7.57859080e-07  3.30000000e+00  7.57859080e-07  2.95188204e-06 
 7.58359080e-07  3.30000132e+00  7.58359080e-07 -2.16002044e-05  7.58359080e-07  3.30000000e+00  7.58359080e-07 -2.95322216e-06 
 7.58859080e-07  3.29999872e+00  7.58859080e-07  2.16187694e-05  7.58859080e-07  3.30000000e+00  7.58859080e-07  2.95442601e-06 
 7.59359080e-07  3.30000123e+00  7.59359080e-07 -1.97756940e-05  7.59359080e-07  3.30000000e+00  7.59359080e-07 -2.95565564e-06 
 7.59859080e-07  3.29999880e+00  7.59859080e-07  1.98686573e-05  7.59859080e-07  3.30000000e+00  7.59859080e-07  2.95675484e-06 
 7.60359080e-07  3.30000114e+00  7.60359080e-07 -1.81067015e-05  7.60359080e-07  3.30000000e+00  7.60359080e-07 -2.95788372e-06 
 7.60859080e-07  3.29999889e+00  7.60859080e-07  1.82673939e-05  7.60859080e-07  3.30000000e+00  7.60859080e-07  2.95888748e-06 
 7.61359080e-07  3.30000106e+00  7.61359080e-07 -1.65793603e-05  7.61359080e-07  3.30000000e+00  7.61359080e-07 -2.95992444e-06 
 7.61859080e-07  3.29999896e+00  7.61859080e-07  1.68017491e-05  7.61859080e-07  3.30000000e+00  7.61859080e-07  2.96084111e-06 
 7.62359080e-07  3.30000099e+00  7.62359080e-07 -1.51811201e-05  7.62359080e-07  3.30000000e+00  7.62359080e-07 -2.96179417e-06 
 7.62859080e-07  3.29999904e+00  7.62859080e-07  1.54597433e-05  7.62859080e-07  3.30000000e+00  7.62859080e-07  2.96263133e-06 
 7.63359080e-07  3.30000092e+00  7.63359080e-07 -1.39006114e-05  7.63359080e-07  3.30000000e+00  7.63359080e-07 -2.96350777e-06 
 7.63859080e-07  3.29999911e+00  7.63859080e-07  1.42305202e-05  7.63859080e-07  3.30000000e+00  7.63859080e-07  2.96427229e-06 
 7.64359080e-07  3.30000085e+00  7.64359080e-07 -1.27275262e-05  7.64359080e-07  3.30000000e+00  7.64359080e-07 -2.96507872e-06 
 7.64859080e-07  3.29999917e+00  7.64859080e-07  1.31042325e-05  7.64859080e-07  3.30000000e+00  7.64859080e-07  2.96577686e-06 
 7.65359080e-07  3.30000074e+00  7.65359080e-07 -1.06622576e-05  7.65359080e-07  3.30000000e+00  7.65359080e-07 -2.96651030e-06 
 7.65859080e-07  3.29999905e+00  7.65859080e-07  1.38680272e-05  7.65859080e-07  3.30000000e+00  7.65859080e-07  2.96701185e-06 
 7.66359080e-07  3.30000054e+00  7.66359080e-07 -9.12732869e-06  7.66359080e-07  3.30000000e+00  7.66359080e-07 -2.96798160e-06 
 7.66859080e-07  3.29999914e+00  7.66859080e-07  1.26549302e-05  7.66859080e-07  3.30000000e+00  7.66859080e-07  2.96831326e-06 
 7.67359080e-07  3.30000051e+00  7.67359080e-07 -8.31681840e-06  7.67359080e-07  3.30000000e+00  7.67359080e-07 -2.96918408e-06 
 7.67859080e-07  3.29999920e+00  7.67859080e-07  1.16583311e-05  7.67859080e-07  3.30000000e+00  7.67859080e-07  2.96948205e-06 
 7.68359080e-07  3.30000047e+00  7.68359080e-07 -7.59894689e-06  7.68359080e-07  3.30000000e+00  7.68359080e-07 -2.97028489e-06 
 7.68859080e-07  3.29999926e+00  7.68859080e-07  1.07491602e-05  7.68859080e-07  3.30000000e+00  7.68859080e-07  2.97055560e-06 
 7.69359080e-07  3.30000044e+00  7.69359080e-07 -6.94237701e-06  7.69359080e-07  3.30000000e+00  7.69359080e-07 -2.97129620e-06 
 7.69859080e-07  3.29999931e+00  7.69859080e-07  9.91511471e-06  7.69859080e-07  3.30000000e+00  7.69859080e-07  2.97154168e-06 
 7.70100000e-07  3.30000038e+00  7.70100000e-07 -5.49231634e-06  7.70100000e-07  3.30000000e+00  7.70100000e-07 -2.97265415e-06 
 7.70110000e-07  3.29705908e+00  7.70110000e-07 -3.03448367e-03  7.70110000e-07  2.97000000e+00  7.70110000e-07 -2.80773389e-04 
 7.70130000e-07  3.27701944e+00  7.70130000e-07 -2.16794820e-02  7.70130000e-07  2.31000000e+00  7.70130000e-07 -3.66813659e-04 
 7.70170000e-07  3.24430599e+00  7.70170000e-07 -3.03558464e-02  7.70170000e-07  9.90000000e-01  7.70170000e-07 -7.89013924e-04 
 7.70200000e-07  3.25835262e+00  7.70200000e-07  4.68300961e-02  7.70200000e-07  1.28119737e-12  7.70200000e-07 -1.13605747e-03 
 7.70203586e-07  3.26786029e+00  7.70203586e-07  6.60985948e-02  7.70203586e-07  0.00000000e+00  7.70203586e-07 -7.88357069e-04 
 7.70210759e-07  3.28551020e+00  7.70210759e-07  1.04200944e-01  7.70210759e-07  0.00000000e+00  7.70210759e-07 -7.74936884e-04 
 7.70225105e-07  3.31469310e+00  7.70225105e-07  1.77903527e-01  7.70225105e-07  0.00000000e+00  7.70225105e-07 -7.55288825e-04 
 7.70253796e-07  3.35497267e+00  7.70253796e-07  3.20266952e-01  7.70253796e-07  0.00000000e+00  7.70253796e-07 -7.19095856e-04 
 7.70311178e-07  3.39950152e+00  7.70311178e-07  6.14013690e-01  7.70311178e-07  0.00000000e+00  7.70311178e-07 -6.69573575e-04 
 7.70412972e-07  3.47030425e+00  7.70412972e-07  1.27826285e+00  7.70412972e-07  0.00000000e+00  7.70412972e-07 -4.81735027e-04 
 7.70508234e-07  3.51331787e+00  7.70508234e-07  1.92814370e+00  7.70508234e-07  0.00000000e+00  7.70508234e-07 -2.75294421e-04 
 7.70628694e-07  3.47032664e+00  7.70628694e-07  2.49917485e+00  7.70628694e-07  0.00000000e+00  7.70628694e-07 -1.30862244e-04 
 7.70739819e-07  3.42457734e+00  7.70739819e-07  2.82322240e+00  7.70739819e-07  0.00000000e+00  7.70739819e-07 -5.80214501e-05 
 7.70880445e-07  3.36903503e+00  7.70880445e-07  3.08556888e+00  7.70880445e-07  0.00000000e+00  7.70880445e-07 -2.66481909e-05 
 7.71048113e-07  3.32986483e+00  7.71048113e-07  3.22540254e+00  7.71048113e-07  0.00000000e+00  7.71048113e-07 -1.22815142e-05 
 7.71243283e-07  3.31013503e+00  7.71243283e-07  3.27969677e+00  7.71243283e-07  0.00000000e+00  7.71243283e-07 -7.52069736e-07 
 7.71579304e-07  3.30062352e+00  7.71579304e-07  3.29982572e+00  7.71579304e-07  0.00000000e+00  7.71579304e-07 -3.48896005e-06 
 7.72040896e-07  3.29988355e+00  7.72040896e-07  3.30000426e+00  7.72040896e-07  0.00000000e+00  7.72040896e-07  2.09924726e-06 
 7.72540896e-07  3.30003707e+00  7.72540896e-07  3.30000777e+00  7.72540896e-07  0.00000000e+00  7.72540896e-07 -3.09269861e-06 
 7.73040896e-07  3.29998656e+00  7.73040896e-07  3.29999843e+00  7.73040896e-07  0.00000000e+00  7.73040896e-07  2.43761672e-06 
 7.73540896e-07  3.30000829e+00  7.73540896e-07  3.30000191e+00  7.73540896e-07  0.00000000e+00  7.73540896e-07 -2.97761415e-06 
 7.74040896e-07  3.29999563e+00  7.74040896e-07  3.30000002e+00  7.74040896e-07  0.00000000e+00  7.74040896e-07  2.56522572e-06 
 7.74540896e-07  3.30000367e+00  7.74540896e-07  3.30000066e+00  7.74540896e-07  0.00000000e+00  7.74540896e-07 -2.92534056e-06 
 7.75040896e-07  3.29999792e+00  7.75040896e-07  3.30000013e+00  7.75040896e-07  0.00000000e+00  7.75040896e-07  2.62958518e-06 
 7.75540896e-07  3.30000188e+00  7.75540896e-07  3.30000033e+00  7.75540896e-07  0.00000000e+00  7.75540896e-07 -2.89551475e-06 
 7.76040896e-07  3.29999901e+00  7.76040896e-07  3.30000011e+00  7.76040896e-07  0.00000000e+00  7.76040896e-07  2.66692472e-06 
 7.76540896e-07  3.30000097e+00  7.76540896e-07  3.30000019e+00  7.76540896e-07  0.00000000e+00  7.76540896e-07 -2.87558633e-06 
 7.77040896e-07  3.29999952e+00  7.77040896e-07  3.30000008e+00  7.77040896e-07  0.00000000e+00  7.77040896e-07  2.69016451e-06 
 7.77540896e-07  3.30000053e+00  7.77540896e-07  3.30000012e+00  7.77540896e-07  0.00000000e+00  7.77540896e-07 -2.86128841e-06 
 7.78040896e-07  3.29999978e+00  7.78040896e-07  3.30000006e+00  7.78040896e-07  0.00000000e+00  7.78040896e-07  2.70589443e-06 
 7.78540896e-07  3.30000030e+00  7.78540896e-07  3.30000008e+00  7.78540896e-07  0.00000000e+00  7.78540896e-07 -2.85050531e-06 
 7.79040896e-07  3.29999990e+00  7.79040896e-07  3.30000005e+00  7.79040896e-07  0.00000000e+00  7.79040896e-07  2.71713591e-06 
 7.79540896e-07  3.30000017e+00  7.79540896e-07  3.30000006e+00  7.79540896e-07  0.00000000e+00  7.79540896e-07 -2.84210442e-06 
 7.80040896e-07  3.29999996e+00  7.80040896e-07  3.30000004e+00  7.80040896e-07  0.00000000e+00  7.80040896e-07  2.72553286e-06 
 7.80540896e-07  3.30000010e+00  7.80540896e-07  3.30000004e+00  7.80540896e-07  0.00000000e+00  7.80540896e-07 -2.83540422e-06 
 7.81040896e-07  3.29999999e+00  7.81040896e-07  3.30000003e+00  7.81040896e-07  0.00000000e+00  7.81040896e-07  2.73203520e-06 
 7.81540896e-07  3.30000006e+00  7.81540896e-07  3.30000003e+00  7.81540896e-07  0.00000000e+00  7.81540896e-07 -2.82996032e-06 
 7.82040896e-07  3.30000000e+00  7.82040896e-07  3.30000002e+00  7.82040896e-07  0.00000000e+00  7.82040896e-07  2.73721953e-06 
 7.82540896e-07  3.30000004e+00  7.82540896e-07  3.30000002e+00  7.82540896e-07  0.00000000e+00  7.82540896e-07 -2.82546727e-06 
 7.83040896e-07  3.30000001e+00  7.83040896e-07  3.30000002e+00  7.83040896e-07  0.00000000e+00  7.83040896e-07  2.74145183e-06 
 7.83540896e-07  3.30000003e+00  7.83540896e-07  3.30000001e+00  7.83540896e-07  0.00000000e+00  7.83540896e-07 -2.82170776e-06 
 7.84040896e-07  3.30000001e+00  7.84040896e-07  3.30000001e+00  7.84040896e-07  0.00000000e+00  7.84040896e-07  2.74497399e-06 
 7.84540896e-07  3.30000002e+00  7.84540896e-07  3.30000001e+00  7.84540896e-07  0.00000000e+00  7.84540896e-07 -2.81852339e-06 
 7.85040896e-07  3.30000001e+00  7.85040896e-07  3.30000001e+00  7.85040896e-07  0.00000000e+00  7.85040896e-07  2.74795188e-06 
 7.85540896e-07  3.30000001e+00  7.85540896e-07  3.30000001e+00  7.85540896e-07  0.00000000e+00  7.85540896e-07 -2.81579653e-06 
 7.86040896e-07  3.30000001e+00  7.86040896e-07  3.30000001e+00  7.86040896e-07  0.00000000e+00  7.86040896e-07  2.75050293e-06 
 7.86540896e-07  3.30000001e+00  7.86540896e-07  3.30000000e+00  7.86540896e-07  0.00000000e+00  7.86540896e-07 -2.81343839e-06 
 7.87040896e-07  3.30000000e+00  7.87040896e-07  3.30000000e+00  7.87040896e-07  0.00000000e+00  7.87040896e-07  2.75271275e-06 
 7.87540896e-07  3.30000001e+00  7.87540896e-07  3.30000000e+00  7.87540896e-07  0.00000000e+00  7.87540896e-07 -2.81138100e-06 
 7.88040896e-07  3.30000000e+00  7.88040896e-07  3.30000000e+00  7.88040896e-07  0.00000000e+00  7.88040896e-07  2.75464524e-06 
 7.88540896e-07  3.30000000e+00  7.88540896e-07  3.30000000e+00  7.88540896e-07  0.00000000e+00  7.88540896e-07 -2.80957166e-06 
 7.89040896e-07  3.30000000e+00  7.89040896e-07  3.30000000e+00  7.89040896e-07  0.00000000e+00  7.89040896e-07  2.75634921e-06 
 7.89540896e-07  3.30000000e+00  7.89540896e-07  3.30000000e+00  7.89540896e-07  0.00000000e+00  7.89540896e-07 -2.80796901e-06 
 7.90040896e-07  3.30000000e+00  7.90040896e-07  3.30000000e+00  7.90040896e-07  0.00000000e+00  7.90040896e-07  2.75786260e-06 
 7.90540896e-07  3.30000000e+00  7.90540896e-07  3.30000000e+00  7.90540896e-07  0.00000000e+00  7.90540896e-07 -2.80654023e-06 
 7.91040896e-07  3.30000000e+00  7.91040896e-07  3.30000000e+00  7.91040896e-07  0.00000000e+00  7.91040896e-07  2.75921537e-06 
 7.91540896e-07  3.30000000e+00  7.91540896e-07  3.30000000e+00  7.91540896e-07  0.00000000e+00  7.91540896e-07 -2.80525895e-06 
 7.92040896e-07  3.30000000e+00  7.92040896e-07  3.30000000e+00  7.92040896e-07  0.00000000e+00  7.92040896e-07  2.76043153e-06 
 7.92540896e-07  3.30000000e+00  7.92540896e-07  3.30000000e+00  7.92540896e-07  0.00000000e+00  7.92540896e-07 -2.80410382e-06 
 7.93040896e-07  3.30000000e+00  7.93040896e-07  3.30000000e+00  7.93040896e-07  0.00000000e+00  7.93040896e-07  2.76153053e-06 
 7.93540896e-07  3.30000000e+00  7.93540896e-07  3.29999999e+00  7.93540896e-07  0.00000000e+00  7.93540896e-07 -2.80305737e-06 
 7.94040896e-07  3.30000000e+00  7.94040896e-07  3.29999999e+00  7.94040896e-07  0.00000000e+00  7.94040896e-07  2.76252832e-06 
 7.94540896e-07  3.30000000e+00  7.94540896e-07  3.29999999e+00  7.94540896e-07  0.00000000e+00  7.94540896e-07 -2.80210515e-06 
 7.95040896e-07  3.30000000e+00  7.95040896e-07  3.29999999e+00  7.95040896e-07  0.00000000e+00  7.95040896e-07  2.76343810e-06 
 7.95540896e-07  3.29999999e+00  7.95540896e-07  3.29999999e+00  7.95540896e-07  0.00000000e+00  7.95540896e-07 -2.80123517e-06 
 7.96040896e-07  3.29999999e+00  7.96040896e-07  3.29999999e+00  7.96040896e-07  0.00000000e+00  7.96040896e-07  2.76427087e-06 
 7.96540896e-07  3.29999999e+00  7.96540896e-07  3.29999999e+00  7.96540896e-07  0.00000000e+00  7.96540896e-07 -2.80043735e-06 
 7.97040896e-07  3.29999999e+00  7.97040896e-07  3.29999999e+00  7.97040896e-07  0.00000000e+00  7.97040896e-07  2.76503590e-06 
 7.97540896e-07  3.29999999e+00  7.97540896e-07  3.29999999e+00  7.97540896e-07  0.00000000e+00  7.97540896e-07 -2.79970320e-06 
 7.98040896e-07  3.29999999e+00  7.98040896e-07  3.29999999e+00  7.98040896e-07  0.00000000e+00  7.98040896e-07  2.76574101e-06 
 7.98540896e-07  3.29999999e+00  7.98540896e-07  3.29999999e+00  7.98540896e-07  0.00000000e+00  7.98540896e-07 -2.79902547e-06 
 7.99040896e-07  3.29999999e+00  7.99040896e-07  3.29999999e+00  7.99040896e-07  0.00000000e+00  7.99040896e-07  2.76639290e-06 
 7.99540896e-07  3.29999999e+00  7.99540896e-07  3.29999999e+00  7.99540896e-07  0.00000000e+00  7.99540896e-07 -2.79839799e-06 
 8.00000000e-07  3.29999999e+00  8.00000000e-07  3.29999999e+00  8.00000000e-07  0.00000000e+00  8.00000000e-07  2.76697345e-06 
 8.00050000e-07  3.29999999e+00  8.00050000e-07  3.29999999e+00  8.00050000e-07  0.00000000e+00  8.00050000e-07 -1.55469333e-08 
 8.00150000e-07  3.29999999e+00  8.00150000e-07  3.29999999e+00  8.00150000e-07  0.00000000e+00  8.00150000e-07 -1.54887746e-08 
 8.00350000e-07  3.29999999e+00  8.00350000e-07  3.29999999e+00  8.00350000e-07  0.00000000e+00  8.00350000e-07 -1.53741322e-08 
 8.00750000e-07  3.29999999e+00  8.00750000e-07  3.29999999e+00  8.00750000e-07  0.00000000e+00  8.00750000e-07 -1.51495167e-08 
 8.01250000e-07  3.29999999e+00  8.01250000e-07  3.29999999e+00  8.01250000e-07  0.00000000e+00  8.01250000e-07 -1.48777428e-08 
 8.01750000e-07  3.29999999e+00  8.01750000e-07  3.29999999e+00  8.01750000e-07  0.00000000e+00  8.01750000e-07 -1.46151974e-08 
 8.02250000e-07  3.29999999e+00  8.02250000e-07  3.29999999e+00  8.02250000e-07  0.00000000e+00  8.02250000e-07 -1.43616556e-08 
 8.02750000e-07  3.29999999e+00  8.02750000e-07  3.29999999e+00  8.02750000e-07  0.00000000e+00  8.02750000e-07 -1.41164395e-08 
 8.03250000e-07  3.29999999e+00  8.03250000e-07  3.29999999e+00  8.03250000e-07  0.00000000e+00  8.03250000e-07 -1.38793777e-08 
 8.03750000e-07  3.29999999e+00  8.03750000e-07  3.29999999e+00  8.03750000e-07  0.00000000e+00  8.03750000e-07 -1.36498498e-08 
 8.04250000e-07  3.29999999e+00  8.04250000e-07  3.29999999e+00  8.04250000e-07  0.00000000e+00  8.04250000e-07 -1.34277315e-08 
 8.04750000e-07  3.29999999e+00  8.04750000e-07  3.29999999e+00  8.04750000e-07  0.00000000e+00  8.04750000e-07 -1.32124500e-08 
 8.05250000e-07  3.29999999e+00  8.05250000e-07  3.29999999e+00  8.05250000e-07  0.00000000e+00  8.05250000e-07 -1.30039224e-08 
 8.05750000e-07  3.29999999e+00  8.05750000e-07  3.29999999e+00  8.05750000e-07  0.00000000e+00  8.05750000e-07 -1.28016161e-08 
 8.06250000e-07  3.29999999e+00  8.06250000e-07  3.29999999e+00  8.06250000e-07  0.00000000e+00  8.06250000e-07 -1.26054837e-08 
 8.06750000e-07  3.29999999e+00  8.06750000e-07  3.29999999e+00  8.06750000e-07  0.00000000e+00  8.06750000e-07 -1.24150270e-08 
 8.07250000e-07  3.29999999e+00  8.07250000e-07  3.29999999e+00  8.07250000e-07  0.00000000e+00  8.07250000e-07 -1.22302296e-08 
 8.07750000e-07  3.29999999e+00  8.07750000e-07  3.29999999e+00  8.07750000e-07  0.00000000e+00  8.07750000e-07 -1.20506226e-08 
 8.08250000e-07  3.29999999e+00  8.08250000e-07  3.29999999e+00  8.08250000e-07  0.00000000e+00  8.08250000e-07 -1.18762166e-08 
 8.08750000e-07  3.29999999e+00  8.08750000e-07  3.29999999e+00  8.08750000e-07  0.00000000e+00  8.08750000e-07 -1.17065682e-08 
 8.09250000e-07  3.29999999e+00  8.09250000e-07  3.29999999e+00  8.09250000e-07  0.00000000e+00  8.09250000e-07 -1.15417113e-08 
 8.09750000e-07  3.29999999e+00  8.09750000e-07  3.29999999e+00  8.09750000e-07  0.00000000e+00  8.09750000e-07 -1.13812245e-08 
 8.10250000e-07  3.29999999e+00  8.10250000e-07  3.29999999e+00  8.10250000e-07  0.00000000e+00  8.10250000e-07 -1.12251624e-08 
 8.10750000e-07  3.29999999e+00  8.10750000e-07  3.29999999e+00  8.10750000e-07  0.00000000e+00  8.10750000e-07 -1.10731227e-08 
 8.11250000e-07  3.29999999e+00  8.11250000e-07  3.29999999e+00  8.11250000e-07  0.00000000e+00  8.11250000e-07 -1.09251779e-08 
 8.11750000e-07  3.29999999e+00  8.11750000e-07  3.29999999e+00  8.11750000e-07  0.00000000e+00  8.11750000e-07 -1.07809426e-08 
 8.12250000e-07  3.29999999e+00  8.12250000e-07  3.29999999e+00  8.12250000e-07  0.00000000e+00  8.12250000e-07 -1.06405050e-08 
 8.12750000e-07  3.29999999e+00  8.12750000e-07  3.29999999e+00  8.12750000e-07  0.00000000e+00  8.12750000e-07 -1.05034946e-08 
 8.13250000e-07  3.29999999e+00  8.13250000e-07  3.29999999e+00  8.13250000e-07  0.00000000e+00  8.13250000e-07 -1.03700135e-08 
 8.13750000e-07  3.29999999e+00  8.13750000e-07  3.29999999e+00  8.13750000e-07  0.00000000e+00  8.13750000e-07 -1.02397040e-08 
 8.14250000e-07  3.29999999e+00  8.14250000e-07  3.29999999e+00  8.14250000e-07  0.00000000e+00  8.14250000e-07 -1.01126807e-08 
 8.14750000e-07  3.29999999e+00  8.14750000e-07  3.29999999e+00  8.14750000e-07  0.00000000e+00  8.14750000e-07 -9.98859755e-09 
 8.15250000e-07  3.29999999e+00  8.15250000e-07  3.29999999e+00  8.15250000e-07  0.00000000e+00  8.15250000e-07 -9.86757974e-09 
 8.15750000e-07  3.29999999e+00  8.15750000e-07  3.29999999e+00  8.15750000e-07  0.00000000e+00  8.15750000e-07 -9.74929155e-09 
 8.16250000e-07  3.29999999e+00  8.16250000e-07  3.29999999e+00  8.16250000e-07  0.00000000e+00  8.16250000e-07 -9.63386790e-09 
 8.16750000e-07  3.29999999e+00  8.16750000e-07  3.29999999e+00  8.16750000e-07  0.00000000e+00  8.16750000e-07 -9.52098214e-09 
 8.17250000e-07  3.29999999e+00  8.17250000e-07  3.29999999e+00  8.17250000e-07  0.00000000e+00  8.17250000e-07 -9.41077780e-09 
 8.17750000e-07  3.29999999e+00  8.17750000e-07  3.29999999e+00  8.17750000e-07  0.00000000e+00  8.17750000e-07 -9.30293636e-09 
 8.18250000e-07  3.29999999e+00  8.18250000e-07  3.29999999e+00  8.18250000e-07  0.00000000e+00  8.18250000e-07 -9.19760904e-09 
 8.18750000e-07  3.29999999e+00  8.18750000e-07  3.29999999e+00  8.18750000e-07  0.00000000e+00  8.18750000e-07 -9.09448458e-09 
 8.19250000e-07  3.29999999e+00  8.19250000e-07  3.29999999e+00  8.19250000e-07  0.00000000e+00  8.19250000e-07 -8.99372108e-09 
 8.19750000e-07  3.29999999e+00  8.19750000e-07  3.29999999e+00  8.19750000e-07  0.00000000e+00  8.19750000e-07 -8.89501380e-09 
 8.20000000e-07  3.29999999e+00  8.20000000e-07  3.29999999e+00  8.20000000e-07  0.00000000e+00  8.20000000e-07 -8.84654568e-09 
 8.20010000e-07  3.32225610e+00  8.20010000e-07  3.32226228e+00  8.20010000e-07  3.30000000e-01  8.20010000e-07  4.12635985e-04 
 8.20030000e-07  3.36412025e+00  8.20030000e-07  3.36414876e+00  8.20030000e-07  9.90000000e-01  8.20030000e-07  4.61527736e-04 
 8.20070000e-07  3.44574247e+00  8.20070000e-07  3.44581837e+00  8.20070000e-07  2.31000000e+00  8.20070000e-07  4.58058605e-04 
 8.20100000e-07  3.48369066e+00  8.20100000e-07  3.48358726e+00  8.20100000e-07  3.30000000e+00  8.20100000e-07  2.91379742e-04 
 8.20104126e-07  3.48282341e+00  8.20104126e-07  3.48274970e+00  8.20104126e-07  3.30000000e+00  8.20104126e-07 -1.17031639e-05 
 8.20112377e-07  3.48023006e+00  8.20112377e-07  3.48024106e+00  8.20112377e-07  3.30000000e+00  8.20112377e-07 -3.88933415e-05 
 8.20128879e-07  3.46952749e+00  8.20128879e-07  3.46983160e+00  8.20128879e-07  3.30000000e+00  8.20128879e-07 -5.27814225e-05 
 8.20161883e-07  3.44044420e+00  8.20161883e-07  3.44122047e+00  8.20161883e-07  3.30000000e+00  8.20161883e-07 -7.13395778e-05 
 8.20218994e-07  3.25287131e+00  8.20218994e-07  3.24930202e+00  8.20218994e-07  3.30000000e+00  8.20218994e-07 -1.00366340e-04 
 8.20271090e-07  2.98004229e+00  8.20271090e-07  2.96267698e+00  8.20271090e-07  3.30000000e+00  8.20271090e-07 -1.25450027e-04 
 8.20344566e-07  2.56684826e+00  8.20344566e-07  2.54245972e+00  8.20344566e-07  3.30000000e+00  8.20344566e-07 -1.03271136e-04 
 8.20429258e-07  2.15874181e+00  8.20429258e-07  2.12087963e+00  8.20429258e-07  3.30000000e+00  8.20429258e-07 -1.79564810e-04 
 8.20559282e-07  1.83092684e+00  8.20559282e-07  1.70576604e+00  8.20559282e-07  3.30000000e+00  8.20559282e-07 -2.34722700e-04 
 8.20705019e-07  1.99161156e+00  8.20705019e-07  1.32085362e+00  8.20705019e-07  3.30000000e+00  8.20705019e-07 -3.24948510e-04 
 8.20889299e-07  2.69076686e+00  8.20889299e-07  7.59652259e-01  8.20889299e-07  3.30000000e+00  8.20889299e-07 -2.57608036e-04 
 8.21016373e-07  3.08406050e+00  8.21016373e-07  4.67524396e-01  8.21016373e-07  3.30000000e+00  8.21016373e-07 -1.64316498e-04 
 8.21157323e-07  3.23133436e+00  8.21157323e-07  2.34299240e-01  8.21157323e-07  3.30000000e+00  8.21157323e-07 -3.82941498e-05 
 8.21354932e-07  3.28119505e+00  8.21354932e-07  6.91680439e-02  8.21354932e-07  3.30000000e+00  8.21354932e-07 -3.85688484e-05 
 8.21579850e-07  3.29565460e+00  8.21579850e-07  1.60032885e-02  8.21579850e-07  3.30000000e+00  8.21579850e-07  1.69424359e-05 
 8.21904089e-07  3.29990338e+00  8.21904089e-07 -3.37746469e-04  8.21904089e-07  3.30000000e+00  8.21904089e-07 -2.11943874e-05 
 8.22203415e-07  3.29998960e+00  8.22203415e-07  6.90731164e-04  8.22203415e-07  3.30000000e+00  8.22203415e-07  2.11650044e-05 
 8.22703415e-07  3.30000352e+00  8.22703415e-07 -6.28217355e-04  8.22703415e-07  3.30000000e+00  8.22703415e-07 -2.12126315e-05 
 8.23203415e-07  3.29999664e+00  8.23203415e-07  5.93294202e-04  8.23203415e-07  3.30000000e+00  8.23203415e-07  2.12518350e-05 
 8.23703415e-07  3.30000428e+00  8.23703415e-07 -5.56723474e-04  8.23703415e-07  3.30000000e+00  8.23703415e-07 -2.12877752e-05 
 8.24203415e-07  3.29999413e+00  8.24203415e-07  5.30774992e-04  8.24203415e-07  3.30000000e+00  8.24203415e-07  2.13209445e-05 
 8.24703415e-07  3.30000707e+00  8.24703415e-07 -5.00190823e-04  8.24703415e-07  3.30000000e+00  8.24703415e-07 -2.13525043e-05 
 8.25203415e-07  3.29999162e+00  8.25203415e-07  4.78238209e-04  8.25203415e-07  3.30000000e+00  8.25203415e-07  2.13820652e-05 
 8.25703415e-07  3.30000916e+00  8.25703415e-07 -4.51660920e-04  8.25703415e-07  3.30000000e+00  8.25703415e-07 -2.14104104e-05 
 8.26203415e-07  3.29998998e+00  8.26203415e-07  4.32632529e-04  8.26203415e-07  3.30000000e+00  8.26203415e-07  2.14370640e-05 
 8.26703415e-07  3.30001041e+00  8.26703415e-07 -4.09178037e-04  8.26703415e-07  3.30000000e+00  8.26703415e-07 -2.14626914e-05 
 8.27203415e-07  3.29998909e+00  8.27203415e-07  3.92449586e-04  8.27203415e-07  3.30000000e+00  8.27203415e-07  2.14868183e-05 
 8.27703415e-07  3.30001102e+00  8.27703415e-07 -3.71531616e-04  8.27703415e-07  3.30000000e+00  8.27703415e-07 -2.15100447e-05 
 8.28203415e-07  3.29998873e+00  8.28203415e-07  3.56685578e-04  8.28203415e-07  3.30000000e+00  8.28203415e-07  2.15319179e-05 
 8.28703415e-07  3.30001121e+00  8.28703415e-07 -3.37891932e-04  8.28703415e-07  3.30000000e+00  8.28703415e-07 -2.15529905e-05 
 8.29203415e-07  3.29998870e+00  8.29203415e-07  3.24636357e-04  8.29203415e-07  3.30000000e+00  8.29203415e-07  2.15728359e-05 
 8.29703415e-07  3.30001112e+00  8.29703415e-07 -3.07663710e-04  8.29703415e-07  3.30000000e+00  8.29703415e-07 -2.15919675e-05 
 8.30203415e-07  3.29998889e+00  8.30203415e-07  2.95783887e-04  8.30203415e-07  3.30000000e+00  8.30203415e-07  2.16099835e-05 
 8.30703415e-07  3.30001087e+00  8.30703415e-07 -2.80398314e-04  8.30703415e-07  3.30000000e+00  8.30703415e-07 -2.16273634e-05 
 8.31203415e-07  3.29998921e+00  8.31203415e-07  2.69727924e-04  8.31203415e-07  3.30000000e+00  8.31203415e-07  2.16437281e-05 
 8.31703415e-07  3.30001051e+00  8.31703415e-07 -2.55741324e-04  8.31703415e-07  3.30000000e+00  8.31703415e-07 -2.16595261e-05 
 8.32203415e-07  3.29998961e+00  8.32203415e-07  2.46145572e-04  8.32203415e-07  3.30000000e+00  8.32203415e-07  2.16743996e-05 
 8.32703415e-07  3.30001010e+00  8.32703415e-07 -2.33401611e-04  8.32703415e-07  3.30000000e+00  8.32703415e-07 -2.16887690e-05 
 8.33203415e-07  3.29999005e+00  8.33203415e-07  2.24767358e-04  8.33203415e-07  3.30000000e+00  8.33203415e-07  2.17022953e-05 
 8.33703415e-07  3.30000964e+00  8.33703415e-07 -2.13132931e-04  8.33703415e-07  3.30000000e+00  8.33703415e-07 -2.17153737e-05 
 8.34203415e-07  3.29999052e+00  8.34203415e-07  2.05362833e-04  8.34203415e-07  3.30000000e+00  8.34203415e-07  2.17276823e-05 
 8.34703415e-07  3.30000917e+00  8.34703415e-07 -1.94722705e-04  8.34703415e-07  3.30000000e+00  8.34703415e-07 -2.17395934e-05 
 8.35203415e-07  3.29999100e+00  8.35203415e-07  1.87731603e-04  8.35203415e-07  3.30000000e+00  8.35203415e-07  2.17508006e-05 
 8.35703415e-07  3.30000869e+00  8.35703415e-07 -1.77984872e-04  8.35703415e-07  3.30000000e+00  8.35703415e-07 -2.17616555e-05 
 8.36203415e-07  3.29999148e+00  8.36203415e-07  1.71697457e-04  8.36203415e-07  3.30000000e+00  8.36203415e-07  2.17718658e-05 
 8.36703415e-07  3.30000822e+00  8.36703415e-07 -1.62755095e-04  8.36703415e-07  3.30000000e+00  8.36703415e-07 -2.17817643e-05 
 8.37203415e-07  3.29999196e+00  8.37203415e-07  1.57104303e-04  8.37203415e-07  3.30000000e+00  8.37203415e-07  2.17910715e-05 
 8.37703415e-07  3.30000775e+00  8.37703415e-07 -1.48887346e-04  8.37703415e-07  3.30000000e+00  8.37703415e-07 -2.18001033e-05 
 8.38203415e-07  3.29999243e+00  8.38203415e-07  1.43813185e-04  8.38203415e-07  3.30000000e+00  8.38203415e-07  2.18085919e-05 
 8.38703415e-07  3.30000729e+00  8.38703415e-07 -1.36251330e-04  8.38703415e-07  3.30000000e+00  8.38703415e-07 -2.18168375e-05 
 8.39203415e-07  3.29999288e+00  8.39203415e-07  1.31699972e-04  8.39203415e-07  3.30000000e+00  8.39203415e-07  2.18245833e-05 
 8.39703415e-07  3.30000685e+00  8.39703415e-07 -1.24730454e-04  8.39703415e-07  3.30000000e+00  8.39703415e-07 -2.18321156e-05 
 8.40203415e-07  3.29999332e+00  8.40203415e-07  1.20653497e-04  8.40203415e-07  3.30000000e+00  8.40203415e-07  2.18391869e-05 
 8.40703415e-07  3.30000642e+00  8.40703415e-07 -1.14220157e-04  8.40703415e-07  3.30000000e+00  8.40703415e-07 -2.18460711e-05 
 8.41203415e-07  3.29999375e+00  8.41203415e-07  1.10574012e-04  8.41203415e-07  3.30000000e+00  8.41203415e-07  2.18525297e-05 
 8.41703415e-07  3.30000601e+00  8.41703415e-07 -1.04626508e-04  8.41703415e-07  3.30000000e+00  8.41703415e-07 -2.18588247e-05 
 8.42203415e-07  3.29999415e+00  8.42203415e-07  1.01371869e-04  8.42203415e-07  3.30000000e+00  8.42203415e-07  2.18647261e-05 
 8.42703415e-07  3.30000562e+00  8.42703415e-07 -9.58650057e-05  8.42703415e-07  3.30000000e+00  8.42703415e-07 -2.18704853e-05 
 8.43203415e-07  3.29999454e+00  8.43203415e-07  9.29663903e-05  8.43203415e-07  3.30000000e+00  8.43203415e-07  2.18758796e-05 
 8.43703415e-07  3.30000524e+00  8.43703415e-07 -8.78595318e-05  8.43703415e-07  3.30000000e+00  8.43703415e-07 -2.18811510e-05 
 8.44203415e-07  3.29999490e+00  8.44203415e-07  8.52848817e-05  8.44203415e-07  3.30000000e+00  8.44203415e-07  2.18860837e-05 
 8.44703415e-07  3.30000489e+00  8.44703415e-07 -8.05414444e-05  8.44703415e-07  3.30000000e+00  8.44703415e-07 -2.18909108e-05 
 8.45203415e-07  3.29999525e+00  8.45203415e-07  7.82617675e-05  8.45203415e-07  3.30000000e+00  8.45203415e-07  2.18954228e-05 
 8.45703415e-07  3.30000456e+00  8.45703415e-07 -7.38487761e-05  8.45703415e-07  3.30000000e+00  8.45703415e-07 -2.18998449e-05 
 8.46203415e-07  3.29999557e+00  8.46203415e-07  7.18378324e-05  8.46203415e-07  3.30000000e+00  8.46203415e-07  2.19039735e-05 
 8.46703415e-07  3.30000424e+00  8.46703415e-07 -6.77255296e-05  8.46703415e-07  3.30000000e+00  8.46703415e-07 -2.19080263e-05 
 8.47203415e-07  3.29999588e+00  8.47203415e-07  6.59595510e-05  8.47203415e-07  3.30000000e+00  8.47203415e-07  2.19118051e-05 
 8.47703415e-07  3.30000394e+00  8.47703415e-07 -6.21210541e-05  8.47703415e-07  3.30000000e+00  8.47703415e-07 -2.19155210e-05 
 8.48203415e-07  3.29999617e+00  8.48203415e-07  6.05784952e-05  8.48203415e-07  3.30000000e+00  8.48203415e-07  2.19189804e-05 
 8.48703415e-07  3.30000367e+00  8.48703415e-07 -5.69894927e-05  8.48703415e-07  3.30000000e+00  8.48703415e-07 -2.19223887e-05 
 8.49203415e-07  3.29999644e+00  8.49203415e-07  5.56508087e-05  8.49203415e-07  3.30000000e+00  8.49203415e-07  2.19255566e-05 
 8.49703415e-07  3.30000340e+00  8.49703415e-07 -5.22892927e-05  8.49703415e-07  3.30000000e+00  8.49703415e-07 -2.19286838e-05 
 8.50203415e-07  3.29999670e+00  8.50203415e-07  5.11367405e-05  8.50203415e-07  3.30000000e+00  8.50203415e-07  2.19315854e-05 
 8.50703415e-07  3.30000316e+00  8.50703415e-07 -4.79827697e-05  8.50703415e-07  3.30000000e+00  8.50703415e-07 -2.19344558e-05 
 8.51203415e-07  3.29999693e+00  8.51203415e-07  4.70002311e-05  8.51203415e-07  3.30000000e+00  8.51203415e-07  2.19371139e-05 
 8.51703415e-07  3.30000293e+00  8.51703415e-07 -4.40357200e-05  8.51703415e-07  3.30000000e+00  8.51703415e-07 -2.19397496e-05 
 8.52203415e-07  3.29999716e+00  8.52203415e-07  4.32085427e-05  8.52203415e-07  3.30000000e+00  8.52203415e-07  2.19421850e-05 
 8.52703415e-07  3.30000272e+00  8.52703415e-07 -4.04170750e-05  8.52703415e-07  3.30000000e+00  8.52703415e-07 -2.19446059e-05 
 8.53203415e-07  3.29999736e+00  8.53203415e-07  3.97319309e-05  8.53203415e-07  3.30000000e+00  8.53203415e-07  2.19468376e-05 
 8.53703415e-07  3.30000252e+00  8.53703415e-07 -3.70985929e-05  8.53703415e-07  3.30000000e+00  8.53703415e-07 -2.19490620e-05 
 8.54203415e-07  3.29999756e+00  8.54203415e-07  3.65433507e-05  8.54203415e-07  3.30000000e+00  8.54203415e-07  2.19511073e-05 
 8.54703415e-07  3.30000233e+00  8.54703415e-07 -3.40545833e-05  8.54703415e-07  3.30000000e+00  8.54703415e-07 -2.19531518e-05 
 8.55203415e-07  3.29999774e+00  8.55203415e-07  3.36181944e-05  8.55203415e-07  3.30000000e+00  8.55203415e-07  2.19550264e-05 
 8.55703415e-07  3.30000216e+00  8.55703415e-07 -3.12616608e-05  8.55703415e-07  3.30000000e+00  8.55703415e-07 -2.19569063e-05 
 8.56203415e-07  3.29999791e+00  8.56203415e-07  3.09340568e-05  8.56203415e-07  3.30000000e+00  8.56203415e-07  2.19586245e-05 
 8.56703415e-07  3.30000200e+00  8.56703415e-07 -2.86985246e-05  8.56703415e-07  3.30000000e+00  8.56703415e-07 -2.19603535e-05 
 8.57203415e-07  3.29999806e+00  8.57203415e-07  2.84705250e-05  8.57203415e-07  3.30000000e+00  8.57203415e-07  2.19619285e-05 
 8.57703415e-07  3.30000185e+00  8.57703415e-07 -2.63457602e-05  8.57703415e-07  3.30000000e+00  8.57703415e-07 -2.19635192e-05 
 8.58203415e-07  3.29999821e+00  8.58203415e-07  2.62089899e-05  8.58203415e-07  3.30000000e+00  8.58203415e-07  2.19649630e-05 
 8.58703415e-07  3.30000171e+00  8.58703415e-07 -2.41856625e-05  8.58703415e-07  3.30000000e+00  8.58703415e-07 -2.19664269e-05 
 8.59203415e-07  3.29999834e+00  8.59203415e-07  2.41324770e-05  8.59203415e-07  3.30000000e+00  8.59203415e-07  2.19677504e-05 
 8.59703415e-07  3.30000158e+00  8.59703415e-07 -2.22020756e-05  8.59703415e-07  3.30000000e+00  8.59703415e-07 -2.19690980e-05 
 8.60203415e-07  3.29999847e+00  8.60203415e-07  2.22254941e-05  8.60203415e-07  3.30000000e+00  8.60203415e-07  2.19703112e-05 
 8.60703415e-07  3.30000146e+00  8.60703415e-07 -2.03802499e-05  8.60703415e-07  3.30000000e+00  8.60703415e-07 -2.19715523e-05 
 8.61203415e-07  3.29999858e+00  8.61203415e-07  2.04738946e-05  8.61203415e-07  3.30000000e+00  8.61203415e-07  2.19726642e-05 
 8.61703415e-07  3.30000135e+00  8.61703415e-07 -1.87067128e-05  8.61703415e-07  3.30000000e+00  8.61703415e-07 -2.19738075e-05 
 8.62203415e-07  3.29999869e+00  8.62203415e-07  1.88647539e-05  8.62203415e-07  3.30000000e+00  8.62203415e-07  2.19748266e-05 
 8.62703415e-07  3.30000124e+00  8.62703415e-07 -1.71691521e-05  8.62703415e-07  3.30000000e+00  8.62703415e-07 -2.19758802e-05 
 8.63203415e-07  3.29999879e+00  8.63203415e-07  1.73862587e-05  8.63203415e-07  3.30000000e+00  8.63203415e-07  2.19768140e-05 
 8.63703415e-07  3.30000115e+00  8.63703415e-07 -1.57563107e-05  8.63703415e-07  3.30000000e+00  8.63703415e-07 -2.19777853e-05 
 8.64203415e-07  3.29999888e+00  8.64203415e-07  1.60276063e-05  8.64203415e-07  3.30000000e+00  8.64203415e-07  2.19786409e-05 
 8.64703415e-07  3.30000106e+00  8.64703415e-07 -1.44578923e-05  8.64703415e-07  3.30000000e+00  8.64703415e-07 -2.19795366e-05 
 8.65203415e-07  3.29999897e+00  8.65203415e-07  1.47789142e-05  8.65203415e-07  3.30000000e+00  8.65203415e-07  2.19803204e-05 
 8.65703415e-07  3.30000098e+00  8.65703415e-07 -1.32644752e-05  8.65703415e-07  3.30000000e+00  8.65703415e-07 -2.19811467e-05 
 8.66203415e-07  3.29999905e+00  8.66203415e-07  1.36311376e-05  8.66203415e-07  3.30000000e+00  8.66203415e-07  2.19818645e-05 
 8.66703415e-07  3.30000090e+00  8.66703415e-07 -1.21674347e-05  8.66703415e-07  3.30000000e+00  8.66703415e-07 -2.19826271e-05 
 8.67203415e-07  3.29999907e+00  8.67203415e-07  1.35888349e-05  8.67203415e-07  3.30000000e+00  8.67203415e-07  2.19832942e-05 
 8.67703415e-07  3.30000066e+00  8.67703415e-07 -9.32883625e-06  8.67703415e-07  3.30000000e+00  8.67703415e-07 -2.19841348e-05 
 8.68203415e-07  3.29999900e+00  8.68203415e-07  1.32080075e-05  8.68203415e-07  3.30000000e+00  8.68203415e-07  2.19844514e-05 
 8.68703415e-07  3.30000061e+00  8.68703415e-07 -8.68440061e-06  8.68703415e-07  3.30000000e+00  8.68703415e-07 -2.19853605e-05 
 8.69203415e-07  3.29999909e+00  8.69203415e-07  1.22149240e-05  8.69203415e-07  3.30000000e+00  8.69203415e-07  2.19856694e-05 
 8.69703415e-07  3.30000055e+00  8.69703415e-07 -7.95776258e-06  8.69703415e-07  3.30000000e+00  8.69703415e-07 -2.19865091e-05 
 8.70100000e-07  3.29999917e+00  8.70100000e-07  1.13606235e-05  8.70100000e-07  3.30000000e+00  8.70100000e-07  2.19869304e-05 
 8.70110000e-07  3.29705738e+00  8.70110000e-07 -3.03107367e-03  8.70110000e-07  2.97000000e+00  8.70110000e-07 -2.80785614e-04 
 8.70130000e-07  3.27701564e+00  8.70130000e-07 -2.16906011e-02  8.70130000e-07  2.31000000e+00  8.70130000e-07 -3.66820417e-04 
 8.70170000e-07  3.24429681e+00  8.70170000e-07 -3.03867031e-02  8.70170000e-07  9.90000000e-01  8.70170000e-07 -7.89031988e-04 
 8.70200000e-07  3.25833812e+00  8.70200000e-07  4.67712308e-02  8.70200000e-07  1.28119737e-12  8.70200000e-07 -1.13608422e-03 
 8.70203586e-07  3.26784467e+00  8.70203586e-07  6.60354587e-02  8.70203586e-07  0.00000000e+00  8.70203586e-07 -7.88387794e-04 
 8.70210759e-07  3.28549217e+00  8.70210759e-07  1.04128097e-01  8.70210759e-07  0.00000000e+00  8.70210759e-07 -7.74973345e-04 
 8.70225105e-07  3.31466830e+00  8.70225105e-07  1.77805797e-01  8.70225105e-07  0.00000000e+00  8.70225105e-07 -7.55330902e-04 
 8.70253796e-07  3.35493401e+00  8.70253796e-07  3.20101996e-01  8.70253796e-07  0.00000000e+00  8.70253796e-07 -7.19165875e-04 
 8.70311179e-07  3.39939208e+00  8.70311179e-07  6.13563071e-01  8.70311179e-07  0.00000000e+00  8.70311179e-07 -6.69671629e-04 
 8.70412731e-07  3.46992702e+00  8.70412731e-07  1.27537666e+00  8.70412731e-07  0.00000000e+00  8.70412731e-07 -4.81758416e-04 
 8.70507669e-07  3.51302328e+00  8.70507669e-07  1.92348344e+00  8.70507669e-07  0.00000000e+00  8.70507669e-07 -2.76031946e-04 
 8.70628462e-07  3.47058877e+00  8.70628462e-07  2.49722702e+00  8.70628462e-07  0.00000000e+00  8.70628462e-07 -1.31339832e-04 
 8.70739407e-07  3.42485337e+00  8.70739407e-07  2.82137910e+00  8.70739407e-07  0.00000000e+00  8.70739407e-07 -5.83265731e-05 
 8.70880250e-07  3.36922730e+00  8.70880250e-07  3.08489834e+00  8.70880250e-07  0.00000000e+00  8.70880250e-07 -2.66865089e-05 
 8.71046960e-07  3.33011126e+00  8.71046960e-07  3.22461946e+00  8.71046960e-07  0.00000000e+00  8.71046960e-07 -1.24012500e-05 
 8.71242430e-07  3.31020866e+00  8.71242430e-07  3.27953454e+00  8.71242430e-07  0.00000000e+00  8.71242430e-07 -7.65571852e-07 
 8.71576546e-07  3.30065752e+00  8.71576546e-07  3.29976436e+00  8.71576546e-07  0.00000000e+00  8.71576546e-07 -3.50045924e-06 
 8.72038378e-07  3.29988050e+00  8.72038378e-07  3.30001185e+00  8.72038378e-07  0.00000000e+00  8.72038378e-07  2.09955715e-06 
 8.72538378e-07  3.30003729e+00  8.72538378e-07  3.30000594e+00  8.72538378e-07  0.00000000e+00  8.72538378e-07 -3.09376948e-06 
 8.73038378e-07  3.29998692e+00  8.73038378e-07  3.29999880e+00  8.73038378e-07  0.00000000e+00  8.73038378e-07  2.43630188e-06 
 8.73538378e-07  3.30000812e+00  8.73538378e-07  3.30000174e+00  8.73538378e-07  0.00000000e+00  8.73538378e-07 -2.97657137e-06 
 8.74038378e-07  3.29999583e+00  8.74038378e-07  3.30000005e+00  8.74038378e-07  0.00000000e+00  8.74038378e-07  2.56307635e-06 
 8.74538378e-07  3.30000358e+00  8.74538378e-07  3.30000060e+00  8.74538378e-07  0.00000000e+00  8.74538378e-07 -2.92335486e-06 
 8.75038378e-07  3.29999808e+00  8.75038378e-07  3.30000014e+00  8.75038378e-07  0.00000000e+00  8.75038378e-07  2.62728622e-06 
 8.75538378e-07  3.30000181e+00  8.75538378e-07  3.30000029e+00  8.75538378e-07  0.00000000e+00  8.75538378e-07 -2.89281790e-06 
 8.76038378e-07  3.29999906e+00  8.76038378e-07  3.30000011e+00  8.76038378e-07  0.00000000e+00  8.76038378e-07  2.66392135e-06 
 8.76538378e-07  3.30000097e+00  8.76538378e-07  3.30000017e+00  8.76538378e-07  0.00000000e+00  8.76538378e-07 -2.87274099e-06 
 8.77038378e-07  3.29999954e+00  8.77038378e-07  3.30000008e+00  8.77038378e-07  0.00000000e+00  8.77038378e-07  2.68711458e-06 
 8.77538378e-07  3.30000053e+00  8.77538378e-07  3.30000011e+00  8.77538378e-07  0.00000000e+00  8.77538378e-07 -2.85836883e-06 
 8.78038378e-07  3.29999979e+00  8.78038378e-07  3.30000006e+00  8.78038378e-07  0.00000000e+00  8.78038378e-07  2.70282453e-06 
 8.78538378e-07  3.30000030e+00  8.78538378e-07  3.30000007e+00  8.78538378e-07  0.00000000e+00  8.78538378e-07 -2.84754490e-06 
 8.79038378e-07  3.29999991e+00  8.79038378e-07  3.30000004e+00  8.79038378e-07  0.00000000e+00  8.79038378e-07  2.71405816e-06 
 8.79538378e-07  3.30000018e+00  8.79538378e-07  3.30000005e+00  8.79538378e-07  0.00000000e+00  8.79538378e-07 -2.83912057e-06 
 8.80038378e-07  3.29999997e+00  8.80038378e-07  3.30000003e+00  8.80038378e-07  0.00000000e+00  8.80038378e-07  2.72245308e-06 
 8.80538378e-07  3.30000011e+00  8.80538378e-07  3.30000004e+00  8.80538378e-07  0.00000000e+00  8.80538378e-07 -2.83240635e-06 
 8.81038378e-07  3.30000000e+00  8.81038378e-07  3.30000003e+00  8.81038378e-07  0.00000000e+00  8.81038378e-07  2.72895602e-06 
 8.81538378e-07  3.30000007e+00  8.81538378e-07  3.30000003e+00  8.81538378e-07  0.00000000e+00  8.81538378e-07 -2.82695368e-06 
 8.82038378e-07  3.30000001e+00  8.82038378e-07  3.30000002e+00  8.82038378e-07  0.00000000e+00  8.82038378e-07  2.73414201e-06 
 8.82538378e-07  3.30000004e+00  8.82538378e-07  3.30000002e+00  8.82538378e-07  0.00000000e+00  8.82538378e-07 -2.82245486e-06 
 8.83038378e-07  3.30000001e+00  8.83038378e-07  3.30000001e+00  8.83038378e-07  0.00000000e+00  8.83038378e-07  2.73837626e-06 
 8.83538378e-07  3.30000003e+00  8.83538378e-07  3.30000001e+00  8.83538378e-07  0.00000000e+00  8.83538378e-07 -2.81869134e-06 
 8.84038378e-07  3.30000001e+00  8.84038378e-07  3.30000001e+00  8.84038378e-07  0.00000000e+00  8.84038378e-07  2.74190034e-06 
 8.84538378e-07  3.30000002e+00  8.84538378e-07  3.30000001e+00  8.84538378e-07  0.00000000e+00  8.84538378e-07 -2.81550406e-06 
 8.85038378e-07  3.30000001e+00  8.85038378e-07  3.30000001e+00  8.85038378e-07  0.00000000e+00  8.85038378e-07  2.74487998e-06 
 8.85538378e-07  3.30000001e+00  8.85538378e-07  3.30000001e+00  8.85538378e-07  0.00000000e+00  8.85538378e-07 -2.81277499e-06 
 8.86038378e-07  3.30000001e+00  8.86038378e-07  3.30000000e+00  8.86038378e-07  0.00000000e+00  8.86038378e-07  2.74743261e-06 
 8.86538378e-07  3.30000001e+00  8.86538378e-07  3.30000000e+00  8.86538378e-07  0.00000000e+00  8.86538378e-07 -2.81041512e-06 
 8.87038378e-07  3.30000001e+00  8.87038378e-07  3.30000000e+00  8.87038378e-07  0.00000000e+00  8.87038378e-07  2.74964376e-06 
 8.87538378e-07  3.30000001e+00  8.87538378e-07  3.30000000e+00  8.87538378e-07  0.00000000e+00  8.87538378e-07 -2.80835632e-06 
 8.88038378e-07  3.30000000e+00  8.88038378e-07  3.30000000e+00  8.88038378e-07  0.00000000e+00  8.88038378e-07  2.75157740e-06 
 8.88538378e-07  3.30000000e+00  8.88538378e-07  3.30000000e+00  8.88538378e-07  0.00000000e+00  8.88538378e-07 -2.80654582e-06 
 8.89038378e-07  3.30000000e+00  8.89038378e-07  3.30000000e+00  8.89038378e-07  0.00000000e+00  8.89038378e-07  2.75328238e-06 
 8.89538378e-07  3.30000000e+00  8.89538378e-07  3.30000000e+00  8.89538378e-07  0.00000000e+00  8.89538378e-07 -2.80494220e-06 
 8.90038378e-07  3.30000000e+00  8.90038378e-07  3.30000000e+00  8.90038378e-07  0.00000000e+00  8.90038378e-07  2.75479664e-06 
 8.90538378e-07  3.30000000e+00  8.90538378e-07  3.30000000e+00  8.90538378e-07  0.00000000e+00  8.90538378e-07 -2.80351258e-06 
 8.91038378e-07  3.30000000e+00  8.91038378e-07  3.30000000e+00  8.91038378e-07  0.00000000e+00  8.91038378e-07  2.75615017e-06 
 8.91538378e-07  3.30000000e+00  8.91538378e-07  3.30000000e+00  8.91538378e-07  0.00000000e+00  8.91538378e-07 -2.80223058e-06 
 8.92038378e-07  3.30000000e+00  8.92038378e-07  3.30000000e+00  8.92038378e-07  0.00000000e+00  8.92038378e-07  2.75736699e-06 
 8.92538378e-07  3.30000000e+00  8.92538378e-07  3.30000000e+00  8.92538378e-07  0.00000000e+00  8.92538378e-07 -2.80107483e-06 
 8.93038378e-07  3.30000000e+00  8.93038378e-07  3.29999999e+00  8.93038378e-07  0.00000000e+00  8.93038378e-07  2.75846657e-06 
 8.93538378e-07  3.30000000e+00  8.93538378e-07  3.29999999e+00  8.93538378e-07  0.00000000e+00  8.93538378e-07 -2.80002782e-06 
 8.94038378e-07  3.30000000e+00  8.94038378e-07  3.29999999e+00  8.94038378e-07  0.00000000e+00  8.94038378e-07  2.75946488e-06 
 8.94538378e-07  3.30000000e+00  8.94538378e-07  3.29999999e+00  8.94538378e-07  0.00000000e+00  8.94538378e-07 -2.79907512e-06 
 8.95038378e-07  3.30000000e+00  8.95038378e-07  3.29999999e+00  8.95038378e-07  0.00000000e+00  8.95038378e-07  2.76037512e-06 
 8.95538378e-07  3.30000000e+00  8.95538378e-07  3.29999999e+00  8.95538378e-07  0.00000000e+00  8.95538378e-07 -2.79820471e-06 
 8.96038378e-07  3.29999999e+00  8.96038378e-07  3.29999999e+00  8.96038378e-07  0.00000000e+00  8.96038378e-07  2.76120830e-06 
 8.96538378e-07  3.29999999e+00  8.96538378e-07  3.29999999e+00  8.96538378e-07  0.00000000e+00  8.96538378e-07 -2.79740650e-06 
 8.97038378e-07  3.29999999e+00  8.97038378e-07  3.29999999e+00  8.97038378e-07  0.00000000e+00  8.97038378e-07  2.76197368e-06 
 8.97538378e-07  3.29999999e+00  8.97538378e-07  3.29999999e+00  8.97538378e-07  0.00000000e+00  8.97538378e-07 -2.79667200e-06 
 8.98038378e-07  3.29999999e+00  8.98038378e-07  3.29999999e+00  8.98038378e-07  0.00000000e+00  8.98038378e-07  2.76267913e-06 
 8.98538378e-07  3.29999999e+00  8.98538378e-07  3.29999999e+00  8.98538378e-07  0.00000000e+00  8.98538378e-07 -2.79599396e-06 
 8.99038378e-07  3.29999999e+00  8.99038378e-07  3.29999999e+00  8.99038378e-07  0.00000000e+00  8.99038378e-07  2.76333132e-06 
 8.99538378e-07  3.29999999e+00  8.99538378e-07  3.29999999e+00  8.99538378e-07  0.00000000e+00  8.99538378e-07 -2.79536619e-06 
 9.00000000e-07  3.29999999e+00  9.00000000e-07  3.29999999e+00  9.00000000e-07  0.00000000e+00  9.00000000e-07  2.76391359e-06 
 9.00050000e-07  3.29999999e+00  9.00050000e-07  3.29999999e+00  9.00050000e-07  0.00000000e+00  9.00050000e-07 -1.55601576e-08 
 9.00150000e-07  3.29999999e+00  9.00150000e-07  3.29999999e+00  9.00150000e-07  0.00000000e+00  9.00150000e-07 -1.55019843e-08 
 9.00350000e-07  3.29999999e+00  9.00350000e-07  3.29999999e+00  9.00350000e-07  0.00000000e+00  9.00350000e-07 -1.53873122e-08 
 9.00750000e-07  3.29999999e+00  9.00750000e-07  3.29999999e+00  9.00750000e-07  0.00000000e+00  9.00750000e-07 -1.51626389e-08 
 9.01250000e-07  3.29999999e+00  9.01250000e-07  3.29999999e+00  9.01250000e-07  0.00000000e+00  9.01250000e-07 -1.48907952e-08 
 9.01750000e-07  3.29999999e+00  9.01750000e-07  3.29999999e+00  9.01750000e-07  0.00000000e+00  9.01750000e-07 -1.46281829e-08 
 9.02250000e-07  3.29999999e+00  9.02250000e-07  3.29999999e+00  9.02250000e-07  0.00000000e+00  9.02250000e-07 -1.43745765e-08 
 9.02750000e-07  3.29999999e+00  9.02750000e-07  3.29999999e+00  9.02750000e-07  0.00000000e+00  9.02750000e-07 -1.41292985e-08 
 9.03250000e-07  3.29999999e+00  9.03250000e-07  3.29999999e+00  9.03250000e-07  0.00000000e+00  9.03250000e-07 -1.38921770e-08 
 9.03750000e-07  3.29999999e+00  9.03750000e-07  3.29999999e+00  9.03750000e-07  0.00000000e+00  9.03750000e-07 -1.36625916e-08 
 9.04250000e-07  3.29999999e+00  9.04250000e-07  3.29999999e+00  9.04250000e-07  0.00000000e+00  9.04250000e-07 -1.34404178e-08 
 9.04750000e-07  3.29999999e+00  9.04750000e-07  3.29999999e+00  9.04750000e-07  0.00000000e+00  9.04750000e-07 -1.32250830e-08 
 9.05250000e-07  3.29999999e+00  9.05250000e-07  3.29999999e+00  9.05250000e-07  0.00000000e+00  9.05250000e-07 -1.30165038e-08 
 9.05750000e-07  3.29999999e+00  9.05750000e-07  3.29999999e+00  9.05750000e-07  0.00000000e+00  9.05750000e-07 -1.28141477e-08 
 9.06250000e-07  3.29999999e+00  9.06250000e-07  3.29999999e+00  9.06250000e-07  0.00000000e+00  9.06250000e-07 -1.26179672e-08 
 9.06750000e-07  3.29999999e+00  9.06750000e-07  3.29999999e+00  9.06750000e-07  0.00000000e+00  9.06750000e-07 -1.24274640e-08 
 9.07250000e-07  3.29999999e+00  9.07250000e-07  3.29999999e+00  9.07250000e-07  0.00000000e+00  9.07250000e-07 -1.22426216e-08 
 9.07750000e-07  3.29999999e+00  9.07750000e-07  3.29999999e+00  9.07750000e-07  0.00000000e+00  9.07750000e-07 -1.20629712e-08 
 9.08250000e-07  3.29999999e+00  9.08250000e-07  3.29999999e+00  9.08250000e-07  0.00000000e+00  9.08250000e-07 -1.18885231e-08 
 9.08750000e-07  3.29999999e+00  9.08750000e-07  3.29999999e+00  9.08750000e-07  0.00000000e+00  9.08750000e-07 -1.17188340e-08 
 9.09250000e-07  3.29999999e+00  9.09250000e-07  3.29999999e+00  9.09250000e-07  0.00000000e+00  9.09250000e-07 -1.15539376e-08 
 9.09750000e-07  3.29999999e+00  9.09750000e-07  3.29999999e+00  9.09750000e-07  0.00000000e+00  9.09750000e-07 -1.13934126e-08 
 9.10250000e-07  3.29999999e+00  9.10250000e-07  3.29999999e+00  9.10250000e-07  0.00000000e+00  9.10250000e-07 -1.12373133e-08 
 9.10750000e-07  3.29999999e+00  9.10750000e-07  3.29999999e+00  9.10750000e-07  0.00000000e+00  9.10750000e-07 -1.10852377e-08 
 9.11250000e-07  3.29999999e+00  9.11250000e-07  3.29999999e+00  9.11250000e-07  0.00000000e+00  9.11250000e-07 -1.09372580e-08 
 9.11750000e-07  3.29999999e+00  9.11750000e-07  3.29999999e+00  9.11750000e-07  0.00000000e+00  9.11750000e-07 -1.07929889e-08 
 9.12250000e-07  3.29999999e+00  9.12250000e-07  3.29999999e+00  9.12250000e-07  0.00000000e+00  9.12250000e-07 -1.06525184e-08 
 9.12750000e-07  3.29999999e+00  9.12750000e-07  3.29999999e+00  9.12750000e-07  0.00000000e+00  9.12750000e-07 -1.05154761e-08 
 9.13250000e-07  3.29999999e+00  9.13250000e-07  3.29999999e+00  9.13250000e-07  0.00000000e+00  9.13250000e-07 -1.03819638e-08 
 9.13750000e-07  3.29999999e+00  9.13750000e-07  3.29999999e+00  9.13750000e-07  0.00000000e+00  9.13750000e-07 -1.02516243e-08 
 9.14250000e-07  3.29999999e+00  9.14250000e-07  3.29999999e+00  9.14250000e-07  0.00000000e+00  9.14250000e-07 -1.01245716e-08 
 9.14750000e-07  3.29999999e+00  9.14750000e-07  3.29999999e+00  9.14750000e-07  0.00000000e+00  9.14750000e-07 -1.00004599e-08 
 9.15250000e-07  3.29999999e+00  9.15250000e-07  3.29999999e+00  9.15250000e-07  0.00000000e+00  9.15250000e-07 -9.87941430e-09 
 9.15750000e-07  3.29999999e+00  9.15750000e-07  3.29999999e+00  9.15750000e-07  0.00000000e+00  9.15750000e-07 -9.76109915e-09 
 9.16250000e-07  3.29999999e+00  9.16250000e-07  3.29999999e+00  9.16250000e-07  0.00000000e+00  9.16250000e-07 -9.64564912e-09 
 9.16750000e-07  3.29999999e+00  9.16750000e-07  3.29999999e+00  9.16750000e-07  0.00000000e+00  9.16750000e-07 -9.53273779e-09 
 9.17250000e-07  3.29999999e+00  9.17250000e-07  3.29999999e+00  9.17250000e-07  0.00000000e+00  9.17250000e-07 -9.42250842e-09 
 9.17750000e-07  3.29999999e+00  9.17750000e-07  3.29999999e+00  9.17750000e-07  0.00000000e+00  9.17750000e-07 -9.31464270e-09 
 9.18250000e-07  3.29999999e+00  9.18250000e-07  3.29999999e+00  9.18250000e-07  0.00000000e+00  9.18250000e-07 -9.20929159e-09 
 9.18750000e-07  3.29999999e+00  9.18750000e-07  3.29999999e+00  9.18750000e-07  0.00000000e+00  9.18750000e-07 -9.10614406e-09 
 9.19250000e-07  3.29999999e+00  9.19250000e-07  3.29999999e+00  9.19250000e-07  0.00000000e+00  9.19250000e-07 -9.00535793e-09 
 9.19750000e-07  3.29999999e+00  9.19750000e-07  3.29999999e+00  9.19750000e-07  0.00000000e+00  9.19750000e-07 -8.90662870e-09 
 9.20000000e-07  3.29999999e+00  9.20000000e-07  3.29999999e+00  9.20000000e-07  0.00000000e+00  9.20000000e-07 -8.85814971e-09 
 9.20010000e-07  3.32225590e+00  9.20010000e-07  3.32226251e+00  9.20010000e-07  3.30000000e-01  9.20010000e-07  4.12636336e-04 
 9.20030000e-07  3.36411988e+00  9.20030000e-07  3.36414918e+00  9.20030000e-07  9.90000000e-01  9.20030000e-07  4.61528213e-04 
 9.20070000e-07  3.44575326e+00  9.20070000e-07  3.44580625e+00  9.20070000e-07  2.31000000e+00  9.20070000e-07  4.58045810e-04 
 9.20100000e-07  3.48367069e+00  9.20100000e-07  3.48360664e+00  9.20100000e-07  3.30000000e+00  9.20100000e-07  2.91425292e-04 
 9.20104125e-07  3.48279417e+00  9.20104125e-07  3.48277811e+00  9.20104125e-07  3.30000000e+00  9.20104125e-07 -1.16560493e-05 
 9.20112376e-07  3.48017374e+00  9.20112376e-07  3.48029606e+00  9.20112376e-07  3.30000000e+00  9.20112376e-07 -3.88847744e-05 
 9.20128876e-07  3.46938013e+00  9.20128876e-07  3.46998080e+00  9.20128876e-07  3.30000000e+00  9.20128876e-07 -5.27773389e-05 
 9.20161878e-07  3.44015360e+00  9.20161878e-07  3.44151818e+00  9.20161878e-07  3.30000000e+00  9.20161878e-07 -7.13398295e-05 
 9.20218986e-07  3.25384521e+00  9.20218986e-07  3.24835754e+00  9.20218986e-07  3.30000000e+00  9.20218986e-07 -1.00370428e-04 
 9.20270599e-07  2.98778150e+00  9.20270599e-07  2.96034927e+00  9.20270599e-07  3.30000000e+00  9.20270599e-07 -1.25458631e-04 
 9.20343654e-07  2.57903803e+00  9.20343654e-07  2.54027554e+00  9.20343654e-07  3.30000000e+00  9.20343654e-07 -1.03123649e-04 
 9.20427535e-07  2.17705478e+00  9.20427535e-07  2.11708366e+00  9.20427535e-07  3.30000000e+00  9.20427535e-07 -1.78364728e-04 
 9.20549604e-07  1.87495108e+00  9.20549604e-07  1.69745682e+00  9.20549604e-07  3.30000000e+00  9.20549604e-07 -2.29859195e-04 
 9.20692871e-07  2.09650419e+00  9.20692871e-07  1.24364499e+00  9.20692871e-07  3.30000000e+00  9.20692871e-07 -3.27583256e-04 
 9.20838470e-07  2.68905608e+00  9.20838470e-07  7.78170967e-01  9.20838470e-07  3.30000000e+00  9.20838470e-07 -2.54408490e-04 
 9.20955371e-07  3.05840717e+00  9.20955371e-07  5.02379020e-01  9.20955371e-07  3.30000000e+00  9.20955371e-07 -1.78571095e-04 
 9.21084790e-07  3.21519625e+00  9.21084790e-07  2.68443021e-01  9.21084790e-07  3.30000000e+00  9.21084790e-07 -4.79070623e-05 
 9.21278704e-07  3.27801353e+00  9.21278704e-07  8.51599429e-02  9.21278704e-07  3.30000000e+00  9.21278704e-07 -4.29985244e-05 
 9.21500846e-07  3.29429583e+00  9.21500846e-07  1.88758752e-02  9.21500846e-07  3.30000000e+00  9.21500846e-07  1.68347253e-05 
 9.21805286e-07  3.29984682e+00  9.21805286e-07  1.20088954e-03  9.21805286e-07  3.30000000e+00  9.21805286e-07 -2.22636936e-05 
 9.22106140e-07  3.29989818e+00  9.22106140e-07  2.76908423e-05  9.22106140e-07  3.30000000e+00  9.22106140e-07  2.19774716e-05 
 9.22606140e-07  3.30006348e+00  9.22606140e-07  2.16812419e-05  9.22606140e-07  3.30000000e+00  9.22606140e-07 -2.19983411e-05 
 9.23106140e-07  3.29995307e+00  9.23106140e-07 -2.56869256e-05  9.23106140e-07  3.30000000e+00  9.23106140e-07  2.20023085e-05 
 9.23606140e-07  3.30003778e+00  9.23606140e-07  2.40810928e-05  9.23606140e-07  3.30000000e+00  9.23606140e-07 -2.20015136e-05 
 9.24106140e-07  3.29996777e+00  9.24106140e-07 -1.90581358e-05  9.24106140e-07  3.30000000e+00  9.24106140e-07  2.19988968e-05 
 9.24606140e-07  3.30002846e+00  9.24606140e-07  1.64156951e-05  9.24606140e-07  3.30000000e+00  9.24606140e-07 -2.19957281e-05 
 9.25106140e-07  3.29997420e+00  9.25106140e-07 -1.17734374e-05  9.25106140e-07  3.30000000e+00  9.25106140e-07  2.19923259e-05 
 9.25606140e-07  3.30002371e+00  9.25606140e-07  9.65073565e-06  9.25606140e-07  3.30000000e+00  9.25606140e-07 -2.19890870e-05 
 9.26106140e-07  3.29997796e+00  9.26106140e-07 -5.53116150e-06  9.26106140e-07  3.30000000e+00  9.26106140e-07  2.19859839e-05 
 9.26606140e-07  3.30002056e+00  9.26606140e-07  3.93792291e-06  9.26606140e-07  3.30000000e+00  9.26606140e-07 -2.19832195e-05 
 9.27106140e-07  3.29998072e+00  9.27106140e-07 -3.24570056e-07  9.27106140e-07  3.30000000e+00  9.27106140e-07  2.19806630e-05 
 9.27606140e-07  3.30001808e+00  9.27606140e-07 -8.55544067e-07  9.27606140e-07  3.30000000e+00  9.27606140e-07 -2.19784708e-05 
 9.28106140e-07  3.29998301e+00  9.28106140e-07  3.98651235e-06  9.28106140e-07  3.30000000e+00  9.28106140e-07  2.19764765e-05 
 9.28606140e-07  3.30001595e+00  9.28606140e-07 -4.74066288e-06  9.28606140e-07  3.30000000e+00  9.28606140e-07 -2.19748159e-05 
 9.29106140e-07  3.29998500e+00  9.29106140e-07  7.48240922e-06  9.29106140e-07  3.30000000e+00  9.29106140e-07  2.19733191e-05 
 9.29606140e-07  3.30001407e+00  9.29606140e-07 -7.87392204e-06  9.29606140e-07  3.30000000e+00  9.29606140e-07 -2.19721223e-05 
 9.30106140e-07  3.29998677e+00  9.30106140e-07  1.02096878e-05  9.30106140e-07  3.30000000e+00  9.30106140e-07  2.19710456e-05 
 9.30606140e-07  3.30001241e+00  9.30606140e-07 -1.02863510e-05  9.30606140e-07  3.30000000e+00  9.30606140e-07 -2.19702289e-05 
 9.31106140e-07  3.29998833e+00  9.31106140e-07  1.23032690e-05  9.31106140e-07  3.30000000e+00  9.31106140e-07  2.19694982e-05 
 9.31606140e-07  3.30001094e+00  9.31606140e-07 -1.21039499e-05  9.31606140e-07  3.30000000e+00  9.31606140e-07 -2.19689950e-05 
 9.32106140e-07  3.29998971e+00  9.32106140e-07  1.38473672e-05  9.32106140e-07  3.30000000e+00  9.32106140e-07  2.19685464e-05 
 9.32606140e-07  3.30000965e+00  9.32606140e-07 -1.34169762e-05  9.32606140e-07  3.30000000e+00  9.32606140e-07 -2.19682973e-05 
 9.33106140e-07  3.29999092e+00  9.33106140e-07  1.49303369e-05  9.33106140e-07  3.30000000e+00  9.33106140e-07  2.19680766e-05 
 9.33606140e-07  3.30000851e+00  9.33606140e-07 -1.43094802e-05  9.33606140e-07  3.30000000e+00  9.33606140e-07 -2.19680314e-05 
 9.34106140e-07  3.29999198e+00  9.34106140e-07  1.56315363e-05  9.34106140e-07  3.30000000e+00  9.34106140e-07  2.19679928e-05 
 9.34606140e-07  3.30000752e+00  9.34606140e-07 -1.48556965e-05  9.34606140e-07  3.30000000e+00  9.34606140e-07 -2.19681098e-05 
 9.35106140e-07  3.29999292e+00  9.35106140e-07  1.60202308e-05  9.35106140e-07  3.30000000e+00  9.35106140e-07  2.19682152e-05 
 9.35606140e-07  3.30000665e+00  9.35606140e-07 -1.51198677e-05  9.35606140e-07  3.30000000e+00  9.35606140e-07 -2.19684594e-05 
 9.36106140e-07  3.29999373e+00  9.36106140e-07  1.61559153e-05  9.36106140e-07  3.30000000e+00  9.36106140e-07  2.19686771e-05 
 9.36606140e-07  3.30000588e+00  9.36606140e-07 -1.51568641e-05  9.36606140e-07  3.30000000e+00  9.36606140e-07 -2.19690196e-05 
 9.37106140e-07  3.29999445e+00  9.37106140e-07  1.60891359e-05  9.37106140e-07  3.30000000e+00  9.37106140e-07  2.19693233e-05 
 9.37606140e-07  3.30000521e+00  9.37606140e-07 -1.50131179e-05  9.37606140e-07  3.30000000e+00  9.37606140e-07 -2.19697401e-05 
 9.38106140e-07  3.29999508e+00  9.38106140e-07  1.58624936e-05  9.38106140e-07  3.30000000e+00  9.38106140e-07  2.19701081e-05 
 9.38606140e-07  3.30000462e+00  9.38606140e-07 -1.47276433e-05  9.38606140e-07  3.30000000e+00  9.38606140e-07 -2.19705794e-05 
 9.39106140e-07  3.29999563e+00  9.39106140e-07  1.55116642e-05  9.39106140e-07  3.30000000e+00  9.39106140e-07  2.19709937e-05 
 9.39606140e-07  3.30000410e+00  9.39606140e-07 -1.43330301e-05  9.39606140e-07  3.30000000e+00  9.39606140e-07 -2.19715033e-05 
 9.40106140e-07  3.29999612e+00  9.40106140e-07  1.50663600e-05  9.40106140e-07  3.30000000e+00  9.40106140e-07  2.19719492e-05 
 9.40606140e-07  3.30000364e+00  9.40606140e-07 -1.38563567e-05  9.40606140e-07  3.30000000e+00  9.40606140e-07 -2.19724838e-05 
 9.41106140e-07  3.29999655e+00  9.41106140e-07  1.45511962e-05  9.41106140e-07  3.30000000e+00  9.41106140e-07  2.19729494e-05 
 9.41606140e-07  3.30000324e+00  9.41606140e-07 -1.33200045e-05  9.41606140e-07  3.30000000e+00  9.41606140e-07 -2.19734982e-05 
 9.42106140e-07  3.29999693e+00  9.42106140e-07  1.39864563e-05  9.42106140e-07  3.30000000e+00  9.42106140e-07  2.19739739e-05 
 9.42606140e-07  3.30000289e+00  9.42606140e-07 -1.27423702e-05  9.42606140e-07  3.30000000e+00  9.42606140e-07 -2.19745281e-05 
 9.43106140e-07  3.29999726e+00  9.43106140e-07  1.33887573e-05  9.43106140e-07  3.30000000e+00  9.43106140e-07  2.19750060e-05 
 9.43606140e-07  3.30000258e+00  9.43606140e-07 -1.21384829e-05  9.43606140e-07  3.30000000e+00  9.43606140e-07 -2.19755588e-05 
 9.44106140e-07  3.29999755e+00  9.44106140e-07  1.27716227e-05  9.44106140e-07  3.30000000e+00  9.44106140e-07  2.19760328e-05 
 9.44606140e-07  3.30000230e+00  9.44606140e-07 -1.15205339e-05  9.44606140e-07  3.30000000e+00  9.44606140e-07 -2.19765787e-05 
 9.45106140e-07  3.29999781e+00  9.45106140e-07  1.21459742e-05  9.45106140e-07  3.30000000e+00  9.45106140e-07  2.19770439e-05 
 9.45606140e-07  3.30000206e+00  9.45606140e-07 -1.08983307e-05  9.45606140e-07  3.30000000e+00  9.45606140e-07 -2.19775787e-05 
 9.46106140e-07  3.29999804e+00  9.46106140e-07  1.15205511e-05  9.46106140e-07  3.30000000e+00  9.46106140e-07  2.19780313e-05 
 9.46606140e-07  3.30000184e+00  9.46606140e-07 -1.02796836e-05  9.46606140e-07  3.30000000e+00  9.46606140e-07 -2.19785517e-05 
 9.47106140e-07  3.29999825e+00  9.47106140e-07  1.09022672e-05  9.47106140e-07  3.30000000e+00  9.47106140e-07  2.19789890e-05 
 9.47606140e-07  3.30000165e+00  9.47606140e-07 -9.67073476e-06  9.47606140e-07  3.30000000e+00  9.47606140e-07 -2.19794926e-05 
 9.48106140e-07  3.29999843e+00  9.48106140e-07  1.02965148e-05  9.48106140e-07  3.30000000e+00  9.48106140e-07  2.19799125e-05 
 9.48606140e-07  3.30000148e+00  9.48606140e-07 -9.07623716e-06  9.48606140e-07  3.30000000e+00  9.48606140e-07 -2.19803976e-05 
 9.49106140e-07  3.29999855e+00  9.49106140e-07  1.07143380e-05  9.49106140e-07  3.30000000e+00  9.49106140e-07  2.19808213e-05 
 9.49606140e-07  3.30000117e+00  9.49606140e-07 -6.66309158e-06  9.49606140e-07  3.30000000e+00  9.49606140e-07 -2.19813940e-05 
 9.50106140e-07  3.29999856e+00  9.50106140e-07  1.07459622e-05  9.50106140e-07  3.30000000e+00  9.50106140e-07  2.19815174e-05 
 9.50606140e-07  3.30000105e+00  9.50606140e-07 -6.39399426e-06  9.50606140e-07  3.30000000e+00  9.50606140e-07 -2.19821975e-05 
 9.51106140e-07  3.29999871e+00  9.51106140e-07  1.00960195e-05  9.51106140e-07  3.30000000e+00  9.51106140e-07  2.19823403e-05 
 9.51606140e-07  3.30000093e+00  9.51606140e-07 -5.98756747e-06  9.51606140e-07  3.30000000e+00  9.51606140e-07 -2.19829826e-05 
 9.52106140e-07  3.29999884e+00  9.52106140e-07  9.45059322e-06  9.52106140e-07  3.30000000e+00  9.52106140e-07  2.19831189e-05 
 9.52606140e-07  3.30000083e+00  9.52606140e-07 -5.58901643e-06  9.52606140e-07  3.30000000e+00  9.52606140e-07 -2.19837225e-05 
 9.53106140e-07  3.29999895e+00  9.53106140e-07  8.83837465e-06  9.53106140e-07  3.30000000e+00  9.53106140e-07  2.19838524e-05 
 9.53606140e-07  3.30000074e+00  9.53606140e-07 -5.20615474e-06  9.53606140e-07  3.30000000e+00  9.53606140e-07 -2.19844199e-05 
 9.54106140e-07  3.29999905e+00  9.54106140e-07  8.26037739e-06  9.54106140e-07  3.30000000e+00  9.54106140e-07  2.19845435e-05 
 9.54606140e-07  3.30000067e+00  9.54606140e-07 -4.84029649e-06  9.54606140e-07  3.30000000e+00  9.54606140e-07 -2.19850767e-05 
 9.55106140e-07  3.29999914e+00  9.55106140e-07  7.71594652e-06  9.55106140e-07  3.30000000e+00  9.55106140e-07  2.19851937e-05 
 9.55606140e-07  3.30000060e+00  9.55606140e-07 -4.49196818e-06  9.55606140e-07  3.30000000e+00  9.55606140e-07 -2.19856945e-05 
 9.56106140e-07  3.29999922e+00  9.56106140e-07  7.20410172e-06  9.56106140e-07  3.30000000e+00  9.56106140e-07  2.19858046e-05 
 9.56606140e-07  3.30000054e+00  9.56606140e-07 -4.16135683e-06  9.56606140e-07  3.30000000e+00  9.56606140e-07 -2.19862745e-05 
 9.57106140e-07  3.29999929e+00  9.57106140e-07  6.72370553e-06  9.57106140e-07  3.30000000e+00  9.57106140e-07  2.19863776e-05 
 9.57606140e-07  3.30000049e+00  9.57606140e-07 -3.84841915e-06  9.57606140e-07  3.30000000e+00  9.57606140e-07 -2.19868183e-05 
 9.58106140e-07  3.29999936e+00  9.58106140e-07  6.27352067e-06  9.58106140e-07  3.30000000e+00  9.58106140e-07  2.19869143e-05 
 9.58606140e-07  3.30000044e+00  9.58606140e-07 -3.55293497e-06  9.58606140e-07  3.30000000e+00  9.58606140e-07 -2.19873273e-05 
 9.59106140e-07  3.29999942e+00  9.59106140e-07  5.85224272e-06  9.59106140e-07  3.30000000e+00  9.59106140e-07  2.19874162e-05 
 9.59606140e-07  3.30000040e+00  9.59606140e-07 -3.27454409e-06  9.59606140e-07  3.30000000e+00  9.59606140e-07 -2.19878031e-05 
 9.60106140e-07  3.29999947e+00  9.60106140e-07  5.45852488e-06  9.60106140e-07  3.30000000e+00  9.60106140e-07  2.19878851e-05 
 9.60606140e-07  3.30000036e+00  9.60606140e-07 -3.01277639e-06  9.60606140e-07  3.30000000e+00  9.60606140e-07 -2.19882473e-05 
 9.61106140e-07  3.29999952e+00  9.61106140e-07  5.09099878e-06  9.61106140e-07  3.30000000e+00  9.61106140e-07  2.19883225e-05 
 9.61606140e-07  3.30000032e+00  9.61606140e-07 -2.76707774e-06  9.61606140e-07  3.30000000e+00  9.61606140e-07 -2.19886616e-05 
 9.62106140e-07  3.29999956e+00  9.62106140e-07  4.74829225e-06  9.62106140e-07  3.30000000e+00  9.62106140e-07  2.19887301e-05 
 9.62606140e-07  3.30000029e+00  9.62606140e-07 -2.53683221e-06  9.62606140e-07  3.30000000e+00  9.62606140e-07 -2.19890475e-05 
 9.63106140e-07  3.29999960e+00  9.63106140e-07  4.42904425e-06  9.63106140e-07  3.30000000e+00  9.63106140e-07  2.19891097e-05 
 9.63606140e-07  3.30000026e+00  9.63606140e-07 -2.32138106e-06  9.63606140e-07  3.30000000e+00  9.63606140e-07 -2.19894067e-05 
 9.64106140e-07  3.29999963e+00  9.64106140e-07  4.13191702e-06  9.64106140e-07  3.30000000e+00  9.64106140e-07  2.19894628e-05 
 9.64606140e-07  3.30000024e+00  9.64606140e-07 -2.12003851e-06  9.64606140e-07  3.30000000e+00  9.64606140e-07 -2.19897408e-05 
 9.65106140e-07  3.29999967e+00  9.65106140e-07  3.85560579e-06  9.65106140e-07  3.30000000e+00  9.65106140e-07  2.19897910e-05 
 9.65606140e-07  3.30000022e+00  9.65606140e-07 -1.93210482e-06  9.65606140e-07  3.30000000e+00  9.65606140e-07 -2.19900513e-05 
 9.66106140e-07  3.29999970e+00  9.66106140e-07  3.59884623e-06  9.66106140e-07  3.30000000e+00  9.66106140e-07  2.19900959e-05 
 9.66606140e-07  3.30000020e+00  9.66606140e-07 -1.75687685e-06  9.66606140e-07  3.30000000e+00  9.66606140e-07 -2.19903395e-05 
 9.67106140e-07  3.29999972e+00  9.67106140e-07  3.36042003e-06  9.67106140e-07  3.30000000e+00  9.67106140e-07  2.19903788e-05 
 9.67606140e-07  3.30000018e+00  9.67606140e-07 -1.59365657e-06  9.67606140e-07  3.30000000e+00  9.67606140e-07 -2.19906070e-05 
 9.68106140e-07  3.29999975e+00  9.68106140e-07  3.13915875e-06  9.68106140e-07  3.30000000e+00  9.68106140e-07  2.19906413e-05 
 9.68606140e-07  3.30000016e+00  9.68606140e-07 -1.44175776e-06  9.68606140e-07  3.30000000e+00  9.68606140e-07 -2.19908551e-05 
 9.69106140e-07  3.29999977e+00  9.69106140e-07  2.93394651e-06  9.69106140e-07  3.30000000e+00  9.69106140e-07  2.19908846e-05 
 9.69606140e-07  3.30000015e+00  9.69606140e-07 -1.30051115e-06  9.69606140e-07  3.30000000e+00  9.69606140e-07 -2.19910851e-05 
 9.70100000e-07  3.29999979e+00  9.70100000e-07  2.74496319e-06  9.70100000e-07  3.30000000e+00  9.70100000e-07  2.19911115e-05 
 9.70110000e-07  3.29705612e+00  9.70110000e-07 -3.03773236e-03  9.70110000e-07  2.97000000e+00  9.70110000e-07 -2.80787702e-04 
 9.70130000e-07  3.27701175e+00  9.70130000e-07 -2.17012062e-02  9.70130000e-07  2.31000000e+00  9.70130000e-07 -3.66829727e-04 
 9.70170000e-07  3.24428793e+00  9.70170000e-07 -3.04205498e-02  9.70170000e-07  9.90000000e-01  9.70170000e-07 -7.89048254e-04 
 9.70200000e-07  3.25832370e+00  9.70200000e-07  4.67117919e-02  9.70200000e-07  0.00000000e+00  9.70200000e-07 -1.13611147e-03 
 9.70203586e-07  3.26782913e+00  9.70203586e-07  6.59713628e-02  9.70203586e-07  0.00000000e+00  9.70203586e-07 -7.88419064e-04 
 9.70210759e-07  3.28547417e+00  9.70210759e-07  1.04053797e-01  9.70210759e-07  0.00000000e+00  9.70210759e-07 -7.75009799e-04 
 9.70225105e-07  3.31464349e+00  9.70225105e-07  1.77706359e-01  9.70225105e-07  0.00000000e+00  9.70225105e-07 -7.55372857e-04 
 9.70253797e-07  3.35489535e+00  9.70253797e-07  3.19935190e-01  9.70253797e-07  0.00000000e+00  9.70253797e-07 -7.19235640e-04 
 9.70311179e-07  3.39928374e+00  9.70311179e-07  6.13113508e-01  9.70311179e-07  0.00000000e+00  9.70311179e-07 -6.69763887e-04 
 9.70412502e-07  3.46955592e+00  9.70412502e-07  1.27258144e+00  9.70412502e-07  0.00000000e+00  9.70412502e-07 -4.81754336e-04 
 9.70507139e-07  3.51272654e+00  9.70507139e-07  1.91899486e+00  9.70507139e-07  0.00000000e+00  9.70507139e-07 -2.76712628e-04 
 9.70628265e-07  3.47083200e+00  9.70628265e-07  2.49538015e+00  9.70628265e-07  0.00000000e+00  9.70628265e-07 -1.31788939e-04 
 9.70739048e-07  3.42509515e+00  9.70739048e-07  2.81964987e+00  9.70739048e-07  0.00000000e+00  9.70739048e-07 -5.85670488e-05 
 9.70880118e-07  3.36938625e+00  9.70880118e-07  3.08430246e+00  9.70880118e-07  0.00000000e+00  9.70880118e-07 -2.67746029e-05 
 9.71045941e-07  3.33033936e+00  9.71045941e-07  3.22389952e+00  9.71045941e-07  0.00000000e+00  9.71045941e-07 -1.24903153e-05 
 9.71241698e-07  3.31027386e+00  9.71241698e-07  3.27938844e+00  9.71241698e-07  0.00000000e+00  9.71241698e-07 -7.90746091e-07 
 9.71574061e-07  3.30068997e+00  9.71574061e-07  3.29970672e+00  9.71574061e-07  0.00000000e+00  9.71574061e-07 -3.50101769e-06 
 9.72036158e-07  3.29987717e+00  9.72036158e-07  3.30001898e+00  9.72036158e-07  0.00000000e+00  9.72036158e-07  2.09062351e-06 
 9.72536158e-07  3.30003786e+00  9.72536158e-07  3.30000421e+00  9.72536158e-07  0.00000000e+00  9.72536158e-07 -3.08639167e-06 
 9.73036158e-07  3.29998700e+00  9.73036158e-07  3.29999915e+00  9.73036158e-07  0.00000000e+00  9.73036158e-07  2.42718066e-06 
 9.73536158e-07  3.30000814e+00  9.73536158e-07  3.30000158e+00  9.73536158e-07  0.00000000e+00  9.73536158e-07 -2.96816621e-06 
 9.74036158e-07  3.29999589e+00  9.74036158e-07  3.30000007e+00  9.74036158e-07  0.00000000e+00  9.74036158e-07  2.55387858e-06 
 9.74536158e-07  3.30000360e+00  9.74536158e-07  3.30000054e+00  9.74536158e-07  0.00000000e+00  9.74536158e-07 -2.91456159e-06 
 9.75036158e-07  3.29999812e+00  9.75036158e-07  3.30000014e+00  9.75036158e-07  0.00000000e+00  9.75036158e-07  2.61804746e-06 
 9.75536158e-07  3.30000181e+00  9.75536158e-07  3.30000026e+00  9.75536158e-07  0.00000000e+00  9.75536158e-07 -2.88382474e-06 
 9.76036158e-07  3.29999908e+00  9.76036158e-07  3.30000011e+00  9.76036158e-07  0.00000000e+00  9.76036158e-07  2.65463909e-06 
 9.76536158e-07  3.30000097e+00  9.76536158e-07  3.30000015e+00  9.76536158e-07  0.00000000e+00  9.76536158e-07 -2.86364298e-06 
 9.77036158e-07  3.29999956e+00  9.77036158e-07  3.30000008e+00  9.77036158e-07  0.00000000e+00  9.77036158e-07  2.67781193e-06 
 9.77536158e-07  3.30000054e+00  9.77536158e-07  3.30000010e+00  9.77536158e-07  0.00000000e+00  9.77536158e-07 -2.84921336e-06 
 9.78036158e-07  3.29999980e+00  9.78036158e-07  3.30000006e+00  9.78036158e-07  0.00000000e+00  9.78036158e-07  2.69351421e-06 
 9.78536158e-07  3.30000031e+00  9.78536158e-07  3.30000007e+00  9.78536158e-07  0.00000000e+00  9.78536158e-07 -2.83835669e-06 
 9.79036158e-07  3.29999992e+00  9.79036158e-07  3.30000004e+00  9.79036158e-07  0.00000000e+00  9.79036158e-07  2.70474648e-06 
 9.79536158e-07  3.30000018e+00  9.79536158e-07  3.30000005e+00  9.79536158e-07  0.00000000e+00  9.79536158e-07 -2.82991289e-06 
 9.80036158e-07  3.29999997e+00  9.80036158e-07  3.30000003e+00  9.80036158e-07  0.00000000e+00  9.80036158e-07  2.71314291e-06 
 9.80536158e-07  3.30000011e+00  9.80536158e-07  3.30000003e+00  9.80536158e-07  0.00000000e+00  9.80536158e-07 -2.82318656e-06 
 9.81036158e-07  3.30000000e+00  9.81036158e-07  3.30000002e+00  9.81036158e-07  0.00000000e+00  9.81036158e-07  2.71964844e-06 
 9.81536158e-07  3.30000007e+00  9.81536158e-07  3.30000002e+00  9.81536158e-07  0.00000000e+00  9.81536158e-07 -2.81772596e-06 
 9.82036158e-07  3.30000001e+00  9.82036158e-07  3.30000002e+00  9.82036158e-07  0.00000000e+00  9.82036158e-07  2.72483726e-06 
 9.82536158e-07  3.30000005e+00  9.82536158e-07  3.30000002e+00  9.82536158e-07  0.00000000e+00  9.82536158e-07 -2.81322169e-06 
 9.83036158e-07  3.30000001e+00  9.83036158e-07  3.30000001e+00  9.83036158e-07  0.00000000e+00  9.83036158e-07  2.72907419e-06 
 9.83536158e-07  3.30000003e+00  9.83536158e-07  3.30000001e+00  9.83536158e-07  0.00000000e+00  9.83536158e-07 -2.80945421e-06 
 9.84036158e-07  3.30000001e+00  9.84036158e-07  3.30000001e+00  9.84036158e-07  0.00000000e+00  9.84036158e-07  2.73260067e-06 
 9.84536158e-07  3.30000002e+00  9.84536158e-07  3.30000001e+00  9.84536158e-07  0.00000000e+00  9.84536158e-07 -2.80626395e-06 
 9.85036158e-07  3.30000001e+00  9.85036158e-07  3.30000001e+00  9.85036158e-07  0.00000000e+00  9.85036158e-07  2.73558240e-06 
 9.85536158e-07  3.30000002e+00  9.85536158e-07  3.30000000e+00  9.85536158e-07  0.00000000e+00  9.85536158e-07 -2.80353256e-06 
 9.86036158e-07  3.30000001e+00  9.86036158e-07  3.30000000e+00  9.86036158e-07  0.00000000e+00  9.86036158e-07  2.73813684e-06 
 9.86536158e-07  3.30000001e+00  9.86536158e-07  3.30000000e+00  9.86536158e-07  0.00000000e+00  9.86536158e-07 -2.80117081e-06 
 9.87036158e-07  3.30000001e+00  9.87036158e-07  3.30000000e+00  9.87036158e-07  0.00000000e+00  9.87036158e-07  2.74034954e-06 
 9.87536158e-07  3.30000001e+00  9.87536158e-07  3.30000000e+00  9.87536158e-07  0.00000000e+00  9.87536158e-07 -2.79911047e-06 
 9.88036158e-07  3.30000001e+00  9.88036158e-07  3.30000000e+00  9.88036158e-07  0.00000000e+00  9.88036158e-07  2.74228452e-06 
 9.88536158e-07  3.30000000e+00  9.88536158e-07  3.30000000e+00  9.88536158e-07  0.00000000e+00  9.88536158e-07 -2.79729867e-06 
 9.89036158e-07  3.30000000e+00  9.89036158e-07  3.30000000e+00  9.89036158e-07  0.00000000e+00  9.89036158e-07  2.74399065e-06 
 9.89536158e-07  3.30000000e+00  9.89536158e-07  3.30000000e+00  9.89536158e-07  0.00000000e+00  9.89536158e-07 -2.79569395e-06 
 9.90036158e-07  3.30000000e+00  9.90036158e-07  3.30000000e+00  9.90036158e-07  0.00000000e+00  9.90036158e-07  2.74550591e-06 
 9.90536158e-07  3.30000000e+00  9.90536158e-07  3.30000000e+00  9.90536158e-07  0.00000000e+00  9.90536158e-07 -2.79426338e-06 
 9.91036158e-07  3.30000000e+00  9.91036158e-07  3.30000000e+00  9.91036158e-07  0.00000000e+00  9.91036158e-07  2.74686031e-06 
 9.91536158e-07  3.30000000e+00  9.91536158e-07  3.30000000e+00  9.91536158e-07  0.00000000e+00  9.91536158e-07 -2.79298056e-06 
 9.92036158e-07  3.30000000e+00  9.92036158e-07  3.29999999e+00  9.92036158e-07  0.00000000e+00  9.92036158e-07  2.74807790e-06 
 9.92536158e-07  3.30000000e+00  9.92536158e-07  3.29999999e+00  9.92536158e-07  0.00000000e+00  9.92536158e-07 -2.79182408e-06 
 9.93036158e-07  3.30000000e+00  9.93036158e-07  3.29999999e+00  9.93036158e-07  0.00000000e+00  9.93036158e-07  2.74917816e-06 
 9.93536158e-07  3.30000000e+00  9.93536158e-07  3.29999999e+00  9.93536158e-07  0.00000000e+00  9.93536158e-07 -2.79077643e-06 
 9.94036158e-07  3.30000000e+00  9.94036158e-07  3.29999999e+00  9.94036158e-07  0.00000000e+00  9.94036158e-07  2.75017707e-06 
 9.94536158e-07  3.30000000e+00  9.94536158e-07  3.29999999e+00  9.94536158e-07  0.00000000e+00  9.94536158e-07 -2.78982316e-06 
 9.95036158e-07  3.30000000e+00  9.95036158e-07  3.29999999e+00  9.95036158e-07  0.00000000e+00  9.95036158e-07  2.75108784e-06 
 9.95536158e-07  3.30000000e+00  9.95536158e-07  3.29999999e+00  9.95536158e-07  0.00000000e+00  9.95536158e-07 -2.78895224e-06 
 9.96036158e-07  3.30000000e+00  9.96036158e-07  3.29999999e+00  9.96036158e-07  0.00000000e+00  9.96036158e-07  2.75192150e-06 
 9.96536158e-07  3.30000000e+00  9.96536158e-07  3.29999999e+00  9.96536158e-07  0.00000000e+00  9.96536158e-07 -2.78815358e-06 
 9.97036158e-07  3.29999999e+00  9.97036158e-07  3.29999999e+00  9.97036158e-07  0.00000000e+00  9.97036158e-07  2.75268733e-06 
 9.97536158e-07  3.29999999e+00  9.97536158e-07  3.29999999e+00  9.97536158e-07  0.00000000e+00  9.97536158e-07 -2.78741867e-06 
 9.98036158e-07  3.29999999e+00  9.98036158e-07  3.29999999e+00  9.98036158e-07  0.00000000e+00  9.98036158e-07  2.75339316e-06 
 9.98536158e-07  3.29999999e+00  9.98536158e-07  3.29999999e+00  9.98536158e-07  0.00000000e+00  9.98536158e-07 -2.78674025e-06 
 9.99036158e-07  3.29999999e+00  9.99036158e-07  3.29999999e+00  9.99036158e-07  0.00000000e+00  9.99036158e-07  2.75404571e-06 
 9.99536158e-07  3.29999999e+00  9.99536158e-07  3.29999999e+00  9.99536158e-07  0.00000000e+00  9.99536158e-07 -2.78611215e-06 
 1.00000000e-06  3.29999999e+00  1.00000000e-06  3.29999999e+00  1.00000000e-06  0.00000000e+00  1.00000000e-06  2.75462959e-06 
 1.00005000e-06  3.29999999e+00  1.00005000e-06  3.29999999e+00  1.00005000e-06  0.00000000e+00  1.00005000e-06 -1.55744047e-08 
 1.00015000e-06  3.29999999e+00  1.00015000e-06  3.29999999e+00  1.00015000e-06  0.00000000e+00  1.00015000e-06 -1.55162105e-08 
 1.00035000e-06  3.29999999e+00  1.00035000e-06  3.29999999e+00  1.00035000e-06  0.00000000e+00  1.00035000e-06 -1.54014960e-08 
 1.00075000e-06  3.29999999e+00  1.00075000e-06  3.29999999e+00  1.00075000e-06  0.00000000e+00  1.00075000e-06 -1.51767406e-08 
 1.00125000e-06  3.29999999e+00  1.00125000e-06  3.29999999e+00  1.00125000e-06  0.00000000e+00  1.00125000e-06 -1.49047975e-08 
 1.00175000e-06  3.29999999e+00  1.00175000e-06  3.29999999e+00  1.00175000e-06  0.00000000e+00  1.00175000e-06 -1.46420898e-08 
 1.00225000e-06  3.29999999e+00  1.00225000e-06  3.29999999e+00  1.00225000e-06  0.00000000e+00  1.00225000e-06 -1.43883916e-08 
 1.00275000e-06  3.29999999e+00  1.00275000e-06  3.29999999e+00  1.00275000e-06  0.00000000e+00  1.00275000e-06 -1.41430253e-08 
 1.00325000e-06  3.29999999e+00  1.00325000e-06  3.29999999e+00  1.00325000e-06  0.00000000e+00  1.00325000e-06 -1.39058186e-08 
 1.00375000e-06  3.29999999e+00  1.00375000e-06  3.29999999e+00  1.00375000e-06  0.00000000e+00  1.00375000e-06 -1.36761513e-08 
 1.00425000e-06  3.29999999e+00  1.00425000e-06  3.29999999e+00  1.00425000e-06  0.00000000e+00  1.00425000e-06 -1.34538983e-08 
 1.00475000e-06  3.29999999e+00  1.00475000e-06  3.29999999e+00  1.00475000e-06  0.00000000e+00  1.00475000e-06 -1.32384873e-08 
 1.00525000e-06  3.29999999e+00  1.00525000e-06  3.29999999e+00  1.00525000e-06  0.00000000e+00  1.00525000e-06 -1.30298343e-08 
 1.00575000e-06  3.29999999e+00  1.00575000e-06  3.29999999e+00  1.00575000e-06  0.00000000e+00  1.00575000e-06 -1.28274072e-08 
 1.00625000e-06  3.29999999e+00  1.00625000e-06  3.29999999e+00  1.00625000e-06  0.00000000e+00  1.00625000e-06 -1.26311579e-08 
 1.00675000e-06  3.29999999e+00  1.00675000e-06  3.29999999e+00  1.00675000e-06  0.00000000e+00  1.00675000e-06 -1.24405884e-08 
 1.00725000e-06  3.29999999e+00  1.00725000e-06  3.29999999e+00  1.00725000e-06  0.00000000e+00  1.00725000e-06 -1.22556816e-08 
 1.00775000e-06  3.29999999e+00  1.00775000e-06  3.29999999e+00  1.00775000e-06  0.00000000e+00  1.00775000e-06 -1.20759691e-08 
 1.00825000e-06  3.29999999e+00  1.00825000e-06  3.29999999e+00  1.00825000e-06  0.00000000e+00  1.00825000e-06 -1.19014607e-08 
 1.00875000e-06  3.29999999e+00  1.00875000e-06  3.29999999e+00  1.00875000e-06  0.00000000e+00  1.00875000e-06 -1.17317134e-08 
 1.00925000e-06  3.29999999e+00  1.00925000e-06  3.29999999e+00  1.00925000e-06  0.00000000e+00  1.00925000e-06 -1.15667604e-08 
 1.00975000e-06  3.29999999e+00  1.00975000e-06  3.29999999e+00  1.00975000e-06  0.00000000e+00  1.00975000e-06 -1.14061808e-08 
 1.01025000e-06  3.29999999e+00  1.01025000e-06  3.29999999e+00  1.01025000e-06  0.00000000e+00  1.01025000e-06 -1.12500283e-08 
 1.01075000e-06  3.29999999e+00  1.01075000e-06  3.29999999e+00  1.01075000e-06  0.00000000e+00  1.01075000e-06 -1.10979013e-08 
 1.01125000e-06  3.29999999e+00  1.01125000e-06  3.29999999e+00  1.01125000e-06  0.00000000e+00  1.01125000e-06 -1.09498715e-08 
 1.01175000e-06  3.29999999e+00  1.01175000e-06  3.29999999e+00  1.01175000e-06  0.00000000e+00  1.01175000e-06 -1.08055539e-08 
 1.01225000e-06  3.29999999e+00  1.01225000e-06  3.29999999e+00  1.01225000e-06  0.00000000e+00  1.01225000e-06 -1.06650362e-08 
 1.01275000e-06  3.29999999e+00  1.01275000e-06  3.29999999e+00  1.01275000e-06  0.00000000e+00  1.01275000e-06 -1.05279482e-08 
 1.01325000e-06  3.29999999e+00  1.01325000e-06  3.29999999e+00  1.01325000e-06  0.00000000e+00  1.01325000e-06 -1.03943913e-08 
 1.01375000e-06  3.29999999e+00  1.01375000e-06  3.29999999e+00  1.01375000e-06  0.00000000e+00  1.01375000e-06 -1.02640086e-08 
 1.01425000e-06  3.29999999e+00  1.01425000e-06  3.29999999e+00  1.01425000e-06  0.00000000e+00  1.01425000e-06 -1.01369137e-08 
 1.01475000e-06  3.29999999e+00  1.01475000e-06  3.29999999e+00  1.01475000e-06  0.00000000e+00  1.01475000e-06 -1.00127613e-08 
 1.01525000e-06  3.29999999e+00  1.01525000e-06  3.29999999e+00  1.01525000e-06  0.00000000e+00  1.01525000e-06 -9.89167565e-09 
 1.01575000e-06  3.29999999e+00  1.01575000e-06  3.29999999e+00  1.01575000e-06  0.00000000e+00  1.01575000e-06 -9.77332182e-09 
 1.01625000e-06  3.29999999e+00  1.01625000e-06  3.29999999e+00  1.01625000e-06  0.00000000e+00  1.01625000e-06 -9.65783390e-09 
 1.01675000e-06  3.29999999e+00  1.01675000e-06  3.29999999e+00  1.01675000e-06  0.00000000e+00  1.01675000e-06 -9.54488589e-09 
 1.01725000e-06  3.29999999e+00  1.01725000e-06  3.29999999e+00  1.01725000e-06  0.00000000e+00  1.01725000e-06 -9.43462054e-09 
 1.01775000e-06  3.29999999e+00  1.01775000e-06  3.29999999e+00  1.01775000e-06  0.00000000e+00  1.01775000e-06 -9.32672000e-09 
 1.01825000e-06  3.29999999e+00  1.01825000e-06  3.29999999e+00  1.01825000e-06  0.00000000e+00  1.01825000e-06 -9.22133469e-09 
 1.01875000e-06  3.29999999e+00  1.01875000e-06  3.29999999e+00  1.01875000e-06  0.00000000e+00  1.01875000e-06 -9.11815405e-09 
 1.01925000e-06  3.29999999e+00  1.01925000e-06  3.29999999e+00  1.01925000e-06  0.00000000e+00  1.01925000e-06 -9.01733539e-09 
 1.01975000e-06  3.29999999e+00  1.01975000e-06  3.29999999e+00  1.01975000e-06  0.00000000e+00  1.01975000e-06 -8.91857465e-09 
 1.02000000e-06  3.29999999e+00  1.02000000e-06  3.29999999e+00  1.02000000e-06  0.00000000e+00  1.02000000e-06 -8.87008000e-09 
 1.02001000e-06  3.32225571e+00  1.02001000e-06  3.32226274e+00  1.02001000e-06  3.30000000e-01  1.02001000e-06  4.12636881e-04 
 1.02003000e-06  3.36411953e+00  1.02003000e-06  3.36414961e+00  1.02003000e-06  9.90000000e-01  1.02003000e-06  4.61528952e-04 
 1.02007000e-06  3.44576374e+00  1.02007000e-06  3.44579382e+00  1.02007000e-06  2.31000000e+00  1.02007000e-06  4.58026865e-04 
 1.02010000e-06  3.48365066e+00  1.02010000e-06  3.48362585e+00  1.02010000e-06  3.30000000e+00  1.02010000e-06  2.91492507e-04 
 1.02010412e-06  3.48276482e+00  1.02010412e-06  3.48280630e+00  1.02010412e-06  3.30000000e+00  1.02010412e-06 -1.15870111e-05 
 1.02011237e-06  3.48011721e+00  1.02011237e-06  3.48035067e+00  1.02011237e-06  3.30000000e+00  1.02011237e-06 -3.88721174e-05 
 1.02012887e-06  3.46923345e+00  1.02012887e-06  3.47013032e+00  1.02012887e-06  3.30000000e+00  1.02012887e-06 -5.27710844e-05 
 1.02016187e-06  3.43986434e+00  1.02016187e-06  3.44181803e+00  1.02016187e-06  3.30000000e+00  1.02016187e-06 -7.13405552e-05 
 1.02021301e-06  3.28197357e+00  1.02021301e-06  3.27691838e+00  1.02021301e-06  3.30000000e+00  1.02021301e-06 -9.51105488e-05 
 1.02026528e-06  3.02314909e+00  1.02026528e-06  2.98745946e+00  1.02026528e-06  3.30000000e+00  1.02026528e-06 -1.28910033e-04 
 1.02033377e-06  2.63956045e+00  1.02033377e-06  2.58789009e+00  1.02033377e-06  3.30000000e+00  1.02033377e-06 -9.91227708e-05 
 1.02041597e-06  2.23655144e+00  1.02041597e-06  2.15964006e+00  1.02041597e-06  3.30000000e+00  1.02041597e-06 -1.72062492e-04 
 1.02054374e-06  1.91683868e+00  1.02054374e-06  1.67994911e+00  1.02054374e-06  3.30000000e+00  1.02054374e-06 -2.24538899e-04 
 1.02067797e-06  2.15700474e+00  1.02067797e-06  1.21109290e+00  1.02067797e-06  3.30000000e+00  1.02067797e-06 -3.29299311e-04 
 1.02081208e-06  2.70651985e+00  1.02081208e-06  7.77482600e-01  1.02081208e-06  3.30000000e+00  1.02081208e-06 -2.46694541e-04 
 1.02092765e-06  3.06167395e+00  1.02092765e-06  5.03790019e-01  1.02092765e-06  3.30000000e+00  1.02092765e-06 -1.80372953e-04 
 1.02105419e-06  3.21326586e+00  1.02105419e-06  2.71094276e-01  1.02105419e-06  3.30000000e+00  1.02105419e-06 -4.63263486e-05 
 1.02125438e-06  3.27907555e+00  1.02125438e-06  8.31050931e-02  1.02125438e-06  3.30000000e+00  1.02125438e-06 -4.48674201e-05 
 1.02147781e-06  3.29441450e+00  1.02147781e-06  1.74697087e-02  1.02147781e-06  3.30000000e+00  1.02147781e-06  1.96096764e-05 
 1.02176775e-06  3.29980155e+00  1.02176775e-06  1.99899336e-03  1.02176775e-06  3.30000000e+00  1.02176775e-06 -2.48863781e-05 
 1.02208074e-06  3.29986297e+00  1.02208074e-06 -3.64935268e-04  1.02208074e-06  3.30000000e+00  1.02208074e-06  2.44694632e-05 
 1.02258074e-06  3.30009050e+00  1.02258074e-06  3.80061145e-04  1.02258074e-06  3.30000000e+00  1.02258074e-06 -2.44680979e-05 
 1.02308074e-06  3.29993271e+00  1.02308074e-06 -3.59461534e-04  1.02308074e-06  3.30000000e+00  1.02308074e-06  2.44515141e-05 
 1.02358074e-06  3.30005309e+00  1.02358074e-06  3.38995432e-04  1.02358074e-06  3.30000000e+00  1.02358074e-06 -2.44309399e-05 
 1.02408074e-06  3.29995582e+00  1.02408074e-06 -3.15506379e-04  1.02408074e-06  3.30000000e+00  1.02408074e-06  2.44089232e-05 
 1.02458074e-06  3.30003780e+00  1.02458074e-06  2.97177047e-04  1.02458074e-06  3.30000000e+00  1.02458074e-06 -2.43872296e-05 
 1.02508074e-06  3.29996663e+00  1.02508074e-06 -2.76757437e-04  1.02508074e-06  3.30000000e+00  1.02508074e-06  2.43659558e-05 
 1.02558074e-06  3.30002976e+00  1.02558074e-06  2.60992598e-04  1.02558074e-06  3.30000000e+00  1.02558074e-06 -2.43458318e-05 
 1.02608074e-06  3.29997297e+00  1.02608074e-06 -2.43127163e-04  1.02608074e-06  3.30000000e+00  1.02608074e-06  2.43265643e-05 
 1.02658074e-06  3.30002454e+00  1.02658074e-06  2.29466847e-04  1.02658074e-06  3.30000000e+00  1.02658074e-06 -2.43085927e-05 
 1.02708074e-06  3.29997745e+00  1.02708074e-06 -2.13742215e-04  1.02708074e-06  3.30000000e+00  1.02708074e-06  2.42915286e-05 
 1.02758074e-06  3.30002061e+00  1.02758074e-06  2.01886936e-04  1.02758074e-06  3.30000000e+00  1.02758074e-06 -2.42757006e-05 
 1.02808074e-06  3.29998099e+00  1.02808074e-06 -1.88017238e-04  1.02808074e-06  3.30000000e+00  1.02808074e-06  2.42607112e-05 
 1.02858074e-06  3.30001740e+00  1.02858074e-06  1.77741824e-04  1.02858074e-06  3.30000000e+00  1.02858074e-06 -2.42468400e-05 
 1.02908074e-06  3.29998394e+00  1.02908074e-06 -1.65495650e-04  1.02908074e-06  3.30000000e+00  1.02908074e-06  2.42337076e-05 
 1.02958074e-06  3.30001470e+00  1.02958074e-06  1.56608016e-04  1.02958074e-06  3.30000000e+00  1.02958074e-06 -2.42215682e-05 
 1.03008074e-06  3.29998644e+00  1.03008074e-06 -1.45783852e-04  1.03008074e-06  3.30000000e+00  1.03008074e-06  2.42100676e-05 
 1.03058074e-06  3.30001239e+00  1.03058074e-06  1.38113333e-04  1.03058074e-06  3.30000000e+00  1.03058074e-06 -2.41994436e-05 
 1.03108074e-06  3.29998858e+00  1.03108074e-06 -1.28532538e-04  1.03108074e-06  3.30000000e+00  1.03108074e-06  2.41893669e-05 
 1.03158074e-06  3.30001042e+00  1.03158074e-06  1.21926917e-04  1.03158074e-06  3.30000000e+00  1.03158074e-06 -2.41800635e-05 
 1.03208074e-06  3.29999040e+00  1.03208074e-06 -1.13431360e-04  1.03208074e-06  3.30000000e+00  1.03208074e-06  2.41712269e-05 
 1.03258074e-06  3.30000874e+00  1.03258074e-06  1.07755706e-04  1.03258074e-06  3.30000000e+00  1.03258074e-06 -2.41630730e-05 
 1.03308074e-06  3.29999196e+00  1.03308074e-06 -1.00206206e-04  1.03308074e-06  3.30000000e+00  1.03308074e-06  2.41553160e-05 
 1.03358074e-06  3.30000732e+00  1.03358074e-06  9.53417404e-05  1.03358074e-06  3.30000000e+00  1.03358074e-06 -2.41481630e-05 
 1.03408074e-06  3.29999328e+00  1.03408074e-06 -8.86164477e-05  1.03408074e-06  3.30000000e+00  1.03408074e-06  2.41413462e-05 
 1.03458074e-06  3.30000610e+00  1.03458074e-06  8.44591699e-05  1.03458074e-06  3.30000000e+00  1.03458074e-06 -2.41350652e-05 
 1.03508074e-06  3.29999440e+00  1.03508074e-06 -7.84518126e-05  1.03508074e-06  3.30000000e+00  1.03508074e-06  2.41290677e-05 
 1.03558074e-06  3.30000507e+00  1.03558074e-06  7.49109954e-05  1.03558074e-06  3.30000000e+00  1.03558074e-06 -2.41235468e-05 
 1.03608074e-06  3.29999535e+00  1.03608074e-06 -6.95291210e-05  1.03608074e-06  3.30000000e+00  1.03608074e-06  2.41182640e-05 
 1.03658074e-06  3.30000420e+00  1.03658074e-06  6.65257935e-05  1.03658074e-06  3.30000000e+00  1.03658074e-06 -2.41134065e-05 
 1.03708074e-06  3.29999616e+00  1.03708074e-06 -6.16890870e-05  1.03708074e-06  3.30000000e+00  1.03708074e-06  2.41087476e-05 
 1.03758074e-06  3.30000346e+00  1.03758074e-06  5.91558130e-05  1.03758074e-06  3.30000000e+00  1.03758074e-06 -2.41044692e-05 
 1.03808074e-06  3.29999684e+00  1.03808074e-06 -5.47963673e-05  1.03808074e-06  3.30000000e+00  1.03808074e-06  2.41003549e-05 
 1.03858074e-06  3.30000284e+00  1.03858074e-06  5.26625697e-05  1.03858074e-06  3.30000000e+00  1.03858074e-06 -2.40965834e-05 
 1.03908074e-06  3.29999741e+00  1.03908074e-06 -4.87252377e-05  1.03908074e-06  3.30000000e+00  1.03908074e-06  2.40929466e-05 
 1.03958074e-06  3.30000231e+00  1.03958074e-06  4.69498548e-05  1.03958074e-06  3.30000000e+00  1.03958074e-06 -2.40896178e-05 
 1.04008074e-06  3.29999789e+00  1.04008074e-06 -4.33727418e-05  1.04008074e-06  3.30000000e+00  1.04008074e-06  2.40863982e-05 
 1.04058074e-06  3.30000187e+00  1.04058074e-06  4.19114438e-05  1.04058074e-06  3.30000000e+00  1.04058074e-06 -2.40834573e-05 
 1.04108074e-06  3.29999830e+00  1.04108074e-06 -3.86494927e-05  1.04108074e-06  3.30000000e+00  1.04108074e-06  2.40806033e-05 
 1.04158074e-06  3.30000150e+00  1.04158074e-06  3.74629091e-05  1.04158074e-06  3.30000000e+00  1.04158074e-06 -2.40780026e-05 
 1.04208074e-06  3.29999864e+00  1.04208074e-06 -3.44786149e-05  1.04208074e-06  3.30000000e+00  1.04208074e-06  2.40754691e-05 
 1.04258074e-06  3.30000119e+00  1.04258074e-06  3.35248920e-05  1.04258074e-06  3.30000000e+00  1.04258074e-06 -2.40731674e-05 
 1.04308074e-06  3.29999892e+00  1.04308074e-06 -3.07876589e-05  1.04308074e-06  3.30000000e+00  1.04308074e-06  2.40709162e-05 
 1.04358074e-06  3.30000094e+00  1.04358074e-06  3.00468388e-05  1.04358074e-06  3.30000000e+00  1.04358074e-06 -2.40688764e-05 
 1.04408074e-06  3.29999916e+00  1.04408074e-06 -2.75199196e-05  1.04408074e-06  3.30000000e+00  1.04408074e-06  2.40668723e-05 
 1.04458074e-06  3.30000072e+00  1.04458074e-06  2.69649881e-05  1.04458074e-06  3.30000000e+00  1.04458074e-06 -2.40650629e-05 
 1.04508074e-06  3.29999936e+00  1.04508074e-06 -2.46226752e-05  1.04508074e-06  3.30000000e+00  1.04508074e-06  2.40632766e-05 
 1.04558074e-06  3.30000054e+00  1.04558074e-06  2.42308783e-05  1.04558074e-06  3.30000000e+00  1.04558074e-06 -2.40616701e-05 
 1.04608074e-06  3.29999952e+00  1.04608074e-06 -2.20509086e-05  1.04608074e-06  3.30000000e+00  1.04608074e-06  2.40600755e-05 
 1.04658074e-06  3.30000040e+00  1.04658074e-06  2.18024360e-05  1.04658074e-06  3.30000000e+00  1.04658074e-06 -2.40586479e-05 
 1.04708074e-06  3.29999965e+00  1.04708074e-06 -1.97645820e-05  1.04708074e-06  3.30000000e+00  1.04708074e-06  2.40572226e-05 
 1.04758074e-06  3.30000028e+00  1.04758074e-06  1.96419907e-05  1.04758074e-06  3.30000000e+00  1.04758074e-06 -2.40559531e-05 
 1.04808074e-06  3.29999976e+00  1.04808074e-06 -1.77315018e-05  1.04808074e-06  3.30000000e+00  1.04808074e-06  2.40546771e-05 
 1.04858074e-06  3.30000011e+00  1.04858074e-06  1.87086519e-05  1.04858074e-06  3.30000000e+00  1.04858074e-06 -2.40535629e-05 
 1.04908074e-06  3.29999964e+00  1.04908074e-06 -1.41686934e-05  1.04908074e-06  3.30000000e+00  1.04908074e-06  2.40522277e-05 
 1.04958074e-06  3.29999989e+00  1.04958074e-06  1.75395503e-05  1.04958074e-06  3.30000000e+00  1.04958074e-06 -2.40515519e-05 
 1.05008074e-06  3.29999975e+00  1.05008074e-06 -1.28203509e-05  1.05008074e-06  3.30000000e+00  1.05008074e-06  2.40502260e-05 
 1.05058074e-06  3.29999985e+00  1.05058074e-06  1.59148634e-05  1.05058074e-06  3.30000000e+00  1.05058074e-06 -2.40496071e-05 
 1.05108074e-06  3.29999982e+00  1.05108074e-06 -1.14982035e-05  1.05108074e-06  3.30000000e+00  1.05108074e-06  2.40484101e-05 
 1.05158074e-06  3.29999983e+00  1.05158074e-06  1.44344168e-05  1.05158074e-06  3.30000000e+00  1.05158074e-06 -2.40478629e-05 
 1.05208074e-06  3.29999987e+00  1.05208074e-06 -1.03133084e-05  1.05208074e-06  3.30000000e+00  1.05208074e-06  2.40467839e-05 
 1.05258074e-06  3.29999980e+00  1.05258074e-06  1.31064048e-05  1.05258074e-06  3.30000000e+00  1.05258074e-06 -2.40463010e-05 
 1.05308074e-06  3.29999992e+00  1.05308074e-06 -9.25552248e-06  1.05308074e-06  3.30000000e+00  1.05308074e-06  2.40453264e-05 
 1.05358074e-06  3.29999978e+00  1.05358074e-06  1.19148097e-05  1.05358074e-06  3.30000000e+00  1.05358074e-06 -2.40449001e-05 
 1.05408074e-06  3.29999996e+00  1.05408074e-06 -8.30957238e-06  1.05408074e-06  3.30000000e+00  1.05408074e-06  2.40440173e-05 
 1.05458074e-06  3.29999977e+00  1.05458074e-06  1.08434481e-05  1.05458074e-06  3.30000000e+00  1.05458074e-06 -2.40436409e-05 
 1.05508074e-06  3.29999999e+00  1.05508074e-06 -7.46414605e-06  1.05508074e-06  3.30000000e+00  1.05508074e-06  2.40428410e-05 
 1.05558074e-06  3.29999976e+00  1.05558074e-06  9.87980357e-06  1.05558074e-06  3.30000000e+00  1.05558074e-06 -2.40425084e-05 
 1.05608074e-06  3.30000002e+00  1.05608074e-06 -6.70706943e-06  1.05608074e-06  3.30000000e+00  1.05608074e-06  2.40417825e-05 
 1.05658074e-06  3.29999976e+00  1.05658074e-06  9.01213735e-06  1.05658074e-06  3.30000000e+00  1.05658074e-06 -2.40414887e-05 
 1.05708074e-06  3.30000004e+00  1.05708074e-06 -6.02831141e-06  1.05708074e-06  3.30000000e+00  1.05708074e-06  2.40408290e-05 
 1.05758074e-06  3.29999976e+00  1.05758074e-06  8.23002066e-06  1.05758074e-06  3.30000000e+00  1.05758074e-06 -2.40405695e-05 
 1.05808074e-06  3.30000005e+00  1.05808074e-06 -5.41908105e-06  1.05808074e-06  3.30000000e+00  1.05808074e-06  2.40399690e-05 
 1.05858074e-06  3.29999976e+00  1.05858074e-06  7.52427346e-06  1.05858074e-06  3.30000000e+00  1.05858074e-06 -2.40397399e-05 
 1.05908074e-06  3.30000006e+00  1.05908074e-06 -4.87166539e-06  1.05908074e-06  3.30000000e+00  1.05908074e-06  2.40391926e-05 
 1.05958074e-06  3.29999977e+00  1.05958074e-06  6.88683449e-06  1.05958074e-06  3.30000000e+00  1.05958074e-06 -2.40389904e-05 
 1.06008074e-06  3.30000007e+00  1.06008074e-06 -4.37926971e-06  1.06008074e-06  3.30000000e+00  1.06008074e-06  2.40384909e-05 
 1.06058074e-06  3.29999977e+00  1.06058074e-06  6.31055530e-06  1.06058074e-06  3.30000000e+00  1.06058074e-06 -2.40383127e-05 
 1.06108074e-06  3.30000008e+00  1.06108074e-06 -3.93589785e-06  1.06108074e-06  3.30000000e+00  1.06108074e-06  2.40378561e-05 
 1.06158074e-06  3.29999978e+00  1.06158074e-06  5.78909368e-06  1.06158074e-06  3.30000000e+00  1.06158074e-06 -2.40376992e-05 
 1.06208074e-06  3.30000008e+00  1.06208074e-06 -3.53625654e-06  1.06208074e-06  3.30000000e+00  1.06208074e-06  2.40372814e-05 
 1.06258074e-06  3.29999979e+00  1.06258074e-06  5.31681869e-06  1.06258074e-06  3.30000000e+00  1.06258074e-06 -2.40371435e-05 
 1.06308074e-06  3.30000008e+00  1.06308074e-06 -3.17566942e-06  1.06308074e-06  3.30000000e+00  1.06308074e-06  2.40367606e-05 
 1.06358074e-06  3.29999980e+00  1.06358074e-06  4.88872606e-06  1.06358074e-06  3.30000000e+00  1.06358074e-06 -2.40366397e-05 
 1.06408074e-06  3.30000008e+00  1.06408074e-06 -2.85000104e-06  1.06408074e-06  3.30000000e+00  1.06408074e-06  2.40362883e-05 
 1.06458074e-06  3.29999981e+00  1.06458074e-06  4.50036356e-06  1.06458074e-06  3.30000000e+00  1.06458074e-06 -2.40361825e-05 
 1.06508074e-06  3.30000008e+00  1.06508074e-06 -2.55559022e-06  1.06508074e-06  3.30000000e+00  1.06508074e-06  2.40358596e-05 
 1.06558074e-06  3.29999982e+00  1.06558074e-06  4.14776555e-06  1.06558074e-06  3.30000000e+00  1.06558074e-06 -2.40357674e-05 
 1.06608074e-06  3.30000008e+00  1.06608074e-06 -2.28919195e-06  1.06608074e-06  3.30000000e+00  1.06608074e-06  2.40354702e-05 
 1.06658074e-06  3.29999983e+00  1.06658074e-06  3.82739562e-06  1.06658074e-06  3.30000000e+00  1.06658074e-06 -2.40353902e-05 
 1.06708074e-06  3.30000008e+00  1.06708074e-06 -2.04792661e-06  1.06708074e-06  3.30000000e+00  1.06708074e-06  2.40351163e-05 
 1.06758074e-06  3.29999984e+00  1.06758074e-06  3.53609647e-06  1.06758074e-06  3.30000000e+00  1.06758074e-06 -2.40350471e-05 
 1.06808074e-06  3.30000008e+00  1.06808074e-06 -1.82923582e-06  1.06808074e-06  3.30000000e+00  1.06808074e-06  2.40347943e-05 
 1.06858074e-06  3.29999985e+00  1.06858074e-06  3.27104593e-06  1.06858074e-06  3.30000000e+00  1.06858074e-06 -2.40347349e-05 
 1.06908074e-06  3.30000007e+00  1.06908074e-06 -1.63084382e-06  1.06908074e-06  3.30000000e+00  1.06908074e-06  2.40345013e-05 
 1.06958074e-06  3.29999985e+00  1.06958074e-06  3.02971847e-06  1.06958074e-06  3.30000000e+00  1.06958074e-06 -2.40344507e-05 
 1.07008074e-06  3.30000007e+00  1.07008074e-06 -1.45072385e-06  1.07008074e-06  3.30000000e+00  1.07008074e-06  2.40342344e-05 
 1.07010000e-06  3.29999994e+00  1.07010000e-06  1.48452437e-06  1.07010000e-06  3.30000000e+00  1.07010000e-06 -2.40319779e-05 
 1.07010370e-06  3.29910878e+00  1.07010370e-06 -7.65722605e-04  1.07010370e-06  3.17800201e+00  1.07010370e-06 -2.85874498e-04 
 1.07011109e-06  3.29678098e+00  1.07011109e-06 -2.74866970e-03  1.07011109e-06  2.93400603e+00  1.07011109e-06 -2.61391450e-04 
 1.07012588e-06  3.28265044e+00  1.07012588e-06 -1.61143865e-02  1.07012588e-06  2.44601408e+00  1.07012588e-06 -3.55892513e-04 
 1.07015545e-06  3.24887819e+00  1.07015545e-06 -4.13472284e-02  1.07015545e-06  1.47003016e+00  1.07015545e-06 -6.14584560e-04 
 1.07019514e-06  3.25409414e+00  1.07019514e-06  2.88389160e-02  1.07019514e-06  1.60296232e-01  1.07019514e-06 -1.07329616e-03 
 1.07020000e-06  3.25819576e+00  1.07020000e-06  4.72739976e-02  1.07020000e-06  1.28119737e-12  1.07020000e-06 -1.18937820e-03 
 1.07020138e-06  3.26202132e+00  1.07020138e-06  5.47018954e-02  1.07020138e-06  0.00000000e+00  1.07020138e-06 -7.93093932e-04 
 1.07020414e-06  3.26944456e+00  1.07020414e-06  6.95090521e-02  1.07020414e-06  0.00000000e+00  1.07020414e-06 -7.87440295e-04 
 1.07020966e-06  3.28302527e+00  1.07020966e-06  9.87314997e-02  1.07020966e-06  0.00000000e+00  1.07020966e-06 -7.77379850e-04 
 1.07022071e-06  3.30633311e+00  1.07022071e-06  1.55639408e-01  1.07022071e-06  0.00000000e+00  1.07022071e-06 -7.60715271e-04 
 1.07024279e-06  3.34176585e+00  1.07024279e-06  2.65807607e-01  1.07024279e-06  0.00000000e+00  1.07024279e-06 -7.32683567e-04 
 1.07028697e-06  3.38313444e+00  1.07028697e-06  4.84992091e-01  1.07028697e-06  0.00000000e+00  1.07028697e-06 -6.89971141e-04 
 1.07037531e-06  3.44540866e+00  1.07037531e-06  1.02072944e+00  1.07037531e-06  0.00000000e+00  1.07037531e-06 -5.63496316e-04 
 1.07046455e-06  3.49629018e+00  1.07046455e-06  1.64444601e+00  1.07046455e-06  0.00000000e+00  1.07046455e-06 -3.50286951e-04 
 1.07056861e-06  3.49825772e+00  1.07056861e-06  2.21287808e+00  1.07056861e-06  0.00000000e+00  1.07056861e-06 -1.97533462e-04 
 1.07066751e-06  3.44637898e+00  1.07066751e-06  2.57944178e+00  1.07066751e-06  0.00000000e+00  1.07066751e-06 -9.01895047e-05 
 1.07079478e-06  3.40127134e+00  1.07079478e-06  2.91772683e+00  1.07079478e-06  0.00000000e+00  1.07079478e-06 -5.21566826e-05 
 1.07091528e-06  3.35967022e+00  1.07091528e-06  3.11040164e+00  1.07091528e-06  0.00000000e+00  1.07091528e-06 -2.27589730e-05 
 1.07109301e-06  3.32446201e+00  1.07109301e-06  3.23935997e+00  1.07109301e-06  0.00000000e+00  1.07109301e-06 -1.12721387e-05 
 1.07129703e-06  3.30785185e+00  1.07129703e-06  3.28479946e+00  1.07129703e-06  0.00000000e+00  1.07129703e-06  1.13274437e-07 
 1.07169303e-06  3.29980654e+00  1.07169303e-06  3.30113247e+00  1.07169303e-06  0.00000000e+00  1.07169303e-06 -3.53574602e-06 
 1.07216349e-06  3.29998720e+00  1.07216349e-06  3.29978677e+00  1.07216349e-06  0.00000000e+00  1.07216349e-06  2.33070304e-06 
 1.07266349e-06  3.30001824e+00  1.07266349e-06  3.30004963e+00  1.07266349e-06  0.00000000e+00  1.07266349e-06 -3.25096016e-06 
 1.07316349e-06  3.29999428e+00  1.07316349e-06  3.29998836e+00  1.07316349e-06  0.00000000e+00  1.07316349e-06  2.62426538e-06 
 1.07366349e-06  3.30000386e+00  1.07366349e-06  3.30000371e+00  1.07366349e-06  0.00000000e+00  1.07366349e-06 -3.12971817e-06 
 1.07416349e-06  3.29999921e+00  1.07416349e-06  3.29999930e+00  1.07416349e-06  0.00000000e+00  1.07416349e-06  2.72704490e-06 
 1.07466349e-06  3.30000129e+00  1.07466349e-06  3.30000073e+00  1.07466349e-06  0.00000000e+00  1.07466349e-06 -3.06951873e-06 
 1.07516349e-06  3.29999985e+00  1.07516349e-06  3.29999997e+00  1.07516349e-06  0.00000000e+00  1.07516349e-06  2.77903450e-06 
 1.07566349e-06  3.30000065e+00  1.07566349e-06  3.30000032e+00  1.07566349e-06  0.00000000e+00  1.07566349e-06 -3.03508266e-06 
 1.07616349e-06  3.29999998e+00  1.07616349e-06  3.30000003e+00  1.07616349e-06  0.00000000e+00  1.07616349e-06  2.80990092e-06 
 1.07666349e-06  3.30000037e+00  1.07666349e-06  3.30000018e+00  1.07666349e-06  0.00000000e+00  1.07666349e-06 -3.01295268e-06 
 1.07716349e-06  3.30000002e+00  1.07716349e-06  3.30000003e+00  1.07716349e-06  0.00000000e+00  1.07716349e-06  2.83005978e-06 
 1.07766349e-06  3.30000022e+00  1.07766349e-06  3.30000011e+00  1.07766349e-06  0.00000000e+00  1.07766349e-06 -2.99756677e-06 
 1.07816349e-06  3.30000004e+00  1.07816349e-06  3.30000003e+00  1.07816349e-06  0.00000000e+00  1.07816349e-06  2.84412995e-06 
 1.07866349e-06  3.30000014e+00  1.07866349e-06  3.30000007e+00  1.07866349e-06  0.00000000e+00  1.07866349e-06 -2.98627587e-06 
 1.07916349e-06  3.30000004e+00  1.07916349e-06  3.30000003e+00  1.07916349e-06  0.00000000e+00  1.07916349e-06  2.85445312e-06 
 1.07966349e-06  3.30000009e+00  1.07966349e-06  3.30000004e+00  1.07966349e-06  0.00000000e+00  1.07966349e-06 -2.97766066e-06 
 1.08016349e-06  3.30000004e+00  1.08016349e-06  3.30000002e+00  1.08016349e-06  0.00000000e+00  1.08016349e-06  2.86232712e-06 
 1.08066349e-06  3.30000006e+00  1.08066349e-06  3.30000003e+00  1.08066349e-06  0.00000000e+00  1.08066349e-06 -2.97088939e-06 
 1.08116349e-06  3.30000004e+00  1.08116349e-06  3.30000002e+00  1.08116349e-06  0.00000000e+00  1.08116349e-06  2.86852107e-06 
 1.08166349e-06  3.30000005e+00  1.08166349e-06  3.30000002e+00  1.08166349e-06  0.00000000e+00  1.08166349e-06 -2.96544079e-06 
 1.08216349e-06  3.30000003e+00  1.08216349e-06  3.30000001e+00  1.08216349e-06  0.00000000e+00  1.08216349e-06  2.87351613e-06 
 1.08266349e-06  3.30000003e+00  1.08266349e-06  3.30000001e+00  1.08266349e-06  0.00000000e+00  1.08266349e-06 -2.96097105e-06 
 1.08316349e-06  3.30000002e+00  1.08316349e-06  3.30000001e+00  1.08316349e-06  0.00000000e+00  1.08316349e-06  2.87762667e-06 
 1.08366349e-06  3.30000003e+00  1.08366349e-06  3.30000001e+00  1.08366349e-06  0.00000000e+00  1.08366349e-06 -2.95724437e-06 
 1.08416349e-06  3.30000002e+00  1.08416349e-06  3.30000001e+00  1.08416349e-06  0.00000000e+00  1.08416349e-06  2.88106679e-06 
 1.08466349e-06  3.30000002e+00  1.08466349e-06  3.30000001e+00  1.08466349e-06  0.00000000e+00  1.08466349e-06 -2.95409391e-06 
 1.08516349e-06  3.30000002e+00  1.08516349e-06  3.30000000e+00  1.08516349e-06  0.00000000e+00  1.08516349e-06  2.88398676e-06 
 1.08566349e-06  3.30000001e+00  1.08566349e-06  3.30000000e+00  1.08566349e-06  0.00000000e+00  1.08566349e-06 -2.95139848e-06 
 1.08616349e-06  3.30000001e+00  1.08616349e-06  3.30000000e+00  1.08616349e-06  0.00000000e+00  1.08616349e-06  2.88649516e-06 
 1.08666349e-06  3.30000001e+00  1.08666349e-06  3.30000000e+00  1.08666349e-06  0.00000000e+00  1.08666349e-06 -2.94906808e-06 
 1.08716349e-06  3.30000001e+00  1.08716349e-06  3.30000000e+00  1.08716349e-06  0.00000000e+00  1.08716349e-06  2.88867237e-06 
 1.08766349e-06  3.30000001e+00  1.08766349e-06  3.30000000e+00  1.08766349e-06  0.00000000e+00  1.08766349e-06 -2.94703463e-06 
 1.08816349e-06  3.30000001e+00  1.08816349e-06  3.30000000e+00  1.08816349e-06  0.00000000e+00  1.08816349e-06  2.89057919e-06 
 1.08866349e-06  3.30000001e+00  1.08866349e-06  3.30000000e+00  1.08866349e-06  0.00000000e+00  1.08866349e-06 -2.94524574e-06 
 1.08916349e-06  3.30000000e+00  1.08916349e-06  3.30000000e+00  1.08916349e-06  0.00000000e+00  1.08916349e-06  2.89226245e-06 
 1.08966349e-06  3.30000000e+00  1.08966349e-06  3.30000000e+00  1.08966349e-06  0.00000000e+00  1.08966349e-06 -2.94366052e-06 
 1.09016349e-06  3.30000000e+00  1.09016349e-06  3.30000000e+00  1.09016349e-06  0.00000000e+00  1.09016349e-06  2.89375880e-06 
 1.09066349e-06  3.30000000e+00  1.09066349e-06  3.30000000e+00  1.09066349e-06  0.00000000e+00  1.09066349e-06 -2.94224659e-06 
 1.09116349e-06  3.30000000e+00  1.09116349e-06  3.29999999e+00  1.09116349e-06  0.00000000e+00  1.09116349e-06  2.89509734e-06 
 1.09166349e-06  3.30000000e+00  1.09166349e-06  3.29999999e+00  1.09166349e-06  0.00000000e+00  1.09166349e-06 -2.94097802e-06 
 1.09216349e-06  3.30000000e+00  1.09216349e-06  3.29999999e+00  1.09216349e-06  0.00000000e+00  1.09216349e-06  2.89630147e-06 
 1.09266349e-06  3.30000000e+00  1.09266349e-06  3.29999999e+00  1.09266349e-06  0.00000000e+00  1.09266349e-06 -2.93983381e-06 
 1.09316349e-06  3.30000000e+00  1.09316349e-06  3.29999999e+00  1.09316349e-06  0.00000000e+00  1.09316349e-06  2.89739020e-06 
 1.09366349e-06  3.30000000e+00  1.09366349e-06  3.29999999e+00  1.09366349e-06  0.00000000e+00  1.09366349e-06 -2.93879679e-06 
 1.09416349e-06  3.30000000e+00  1.09416349e-06  3.29999999e+00  1.09416349e-06  0.00000000e+00  1.09416349e-06  2.89837914e-06 
 1.09466349e-06  3.30000000e+00  1.09466349e-06  3.29999999e+00  1.09466349e-06  0.00000000e+00  1.09466349e-06 -2.93785276e-06 
 1.09516349e-06  3.30000000e+00  1.09516349e-06  3.29999999e+00  1.09516349e-06  0.00000000e+00  1.09516349e-06  2.89928124e-06 
 1.09566349e-06  3.30000000e+00  1.09566349e-06  3.29999999e+00  1.09566349e-06  0.00000000e+00  1.09566349e-06 -2.93698992e-06 
 1.09616349e-06  3.30000000e+00  1.09616349e-06  3.29999999e+00  1.09616349e-06  0.00000000e+00  1.09616349e-06  2.90010731e-06 
 1.09666349e-06  3.30000000e+00  1.09666349e-06  3.29999999e+00  1.09666349e-06  0.00000000e+00  1.09666349e-06 -2.93619837e-06 
 1.09716349e-06  3.30000000e+00  1.09716349e-06  3.29999999e+00  1.09716349e-06  0.00000000e+00  1.09716349e-06  2.90086644e-06 
 1.09766349e-06  3.29999999e+00  1.09766349e-06  3.29999999e+00  1.09766349e-06  0.00000000e+00  1.09766349e-06 -2.93546973e-06 
 1.09816349e-06  3.29999999e+00  1.09816349e-06  3.29999999e+00  1.09816349e-06  0.00000000e+00  1.09816349e-06  2.90156636e-06 
 1.09866349e-06  3.29999999e+00  1.09866349e-06  3.29999999e+00  1.09866349e-06  0.00000000e+00  1.09866349e-06 -2.93479689e-06 
 1.09916349e-06  3.29999999e+00  1.09916349e-06  3.29999999e+00  1.09916349e-06  0.00000000e+00  1.09916349e-06  2.90221365e-06 
 1.09966349e-06  3.29999999e+00  1.09966349e-06  3.29999999e+00  1.09966349e-06  0.00000000e+00  1.09966349e-06 -2.93417375e-06 
 1.10000000e-06  3.29999999e+00  1.10000000e-06  3.29999999e+00  1.10000000e-06  0.00000000e+00  1.10000000e-06  2.90271878e-06 
 1.10005000e-06  3.29999999e+00  1.10005000e-06  3.29999999e+00  1.10005000e-06  0.00000000e+00  1.10005000e-06 -1.55987236e-08 
 1.10015000e-06  3.29999999e+00  1.10015000e-06  3.29999999e+00  1.10015000e-06  0.00000000e+00  1.10015000e-06 -1.55404286e-08 
 1.10035000e-06  3.29999999e+00  1.10035000e-06  3.29999999e+00  1.10035000e-06  0.00000000e+00  1.10035000e-06 -1.54255289e-08 
 1.10075000e-06  3.29999999e+00  1.10075000e-06  3.29999999e+00  1.10075000e-06  0.00000000e+00  1.10075000e-06 -1.52004116e-08 
 1.10125000e-06  3.29999999e+00  1.10125000e-06  3.29999999e+00  1.10125000e-06  0.00000000e+00  1.10125000e-06 -1.49280362e-08 
 1.10175000e-06  3.29999999e+00  1.10175000e-06  3.29999999e+00  1.10175000e-06  0.00000000e+00  1.10175000e-06 -1.46649163e-08 
 1.10225000e-06  3.29999999e+00  1.10225000e-06  3.29999999e+00  1.10225000e-06  0.00000000e+00  1.10225000e-06 -1.44108251e-08 
 1.10275000e-06  3.29999999e+00  1.10275000e-06  3.29999999e+00  1.10275000e-06  0.00000000e+00  1.10275000e-06 -1.41650836e-08 
 1.10325000e-06  3.29999999e+00  1.10325000e-06  3.29999999e+00  1.10325000e-06  0.00000000e+00  1.10325000e-06 -1.39275185e-08 
 1.10375000e-06  3.29999999e+00  1.10375000e-06  3.29999999e+00  1.10375000e-06  0.00000000e+00  1.10375000e-06 -1.36975086e-08 
 1.10425000e-06  3.29999999e+00  1.10425000e-06  3.29999999e+00  1.10425000e-06  0.00000000e+00  1.10425000e-06 -1.34749278e-08 
 1.10475000e-06  3.29999999e+00  1.10475000e-06  3.29999999e+00  1.10475000e-06  0.00000000e+00  1.10475000e-06 -1.32592031e-08 
 1.10525000e-06  3.29999999e+00  1.10525000e-06  3.29999999e+00  1.10525000e-06  0.00000000e+00  1.10525000e-06 -1.30502495e-08 
 1.10575000e-06  3.29999999e+00  1.10575000e-06  3.29999999e+00  1.10575000e-06  0.00000000e+00  1.10575000e-06 -1.28475344e-08 
 1.10625000e-06  3.29999999e+00  1.10625000e-06  3.29999999e+00  1.10625000e-06  0.00000000e+00  1.10625000e-06 -1.26510086e-08 
 1.10675000e-06  3.29999999e+00  1.10675000e-06  3.29999999e+00  1.10675000e-06  0.00000000e+00  1.10675000e-06 -1.24601739e-08 
 1.10725000e-06  3.29999999e+00  1.10725000e-06  3.29999999e+00  1.10725000e-06  0.00000000e+00  1.10725000e-06 -1.22750123e-08 
 1.10775000e-06  3.29999999e+00  1.10775000e-06  3.29999999e+00  1.10775000e-06  0.00000000e+00  1.10775000e-06 -1.20950551e-08 
 1.10825000e-06  3.29999999e+00  1.10825000e-06  3.29999999e+00  1.10825000e-06  0.00000000e+00  1.10825000e-06 -1.19203113e-08 
 1.10875000e-06  3.29999999e+00  1.10875000e-06  3.29999999e+00  1.10875000e-06  0.00000000e+00  1.10875000e-06 -1.17503376e-08 
 1.10925000e-06  3.29999999e+00  1.10925000e-06  3.29999999e+00  1.10925000e-06  0.00000000e+00  1.10925000e-06 -1.15851666e-08 
 1.10975000e-06  3.29999999e+00  1.10975000e-06  3.29999999e+00  1.10975000e-06  0.00000000e+00  1.10975000e-06 -1.14243772e-08 
 1.11025000e-06  3.29999999e+00  1.11025000e-06  3.29999999e+00  1.11025000e-06  0.00000000e+00  1.11025000e-06 -1.12680224e-08 
 1.11075000e-06  3.29999999e+00  1.11075000e-06  3.29999999e+00  1.11075000e-06  0.00000000e+00  1.11075000e-06 -1.11157005e-08 
 1.11125000e-06  3.29999999e+00  1.11125000e-06  3.29999999e+00  1.11125000e-06  0.00000000e+00  1.11125000e-06 -1.09674826e-08 
 1.11175000e-06  3.29999999e+00  1.11175000e-06  3.29999999e+00  1.11175000e-06  0.00000000e+00  1.11175000e-06 -1.08229837e-08 
 1.11225000e-06  3.29999999e+00  1.11225000e-06  3.29999999e+00  1.11225000e-06  0.00000000e+00  1.11225000e-06 -1.06822907e-08 
 1.11275000e-06  3.29999999e+00  1.11275000e-06  3.29999999e+00  1.11275000e-06  0.00000000e+00  1.11275000e-06 -1.05450336e-08 
 1.11325000e-06  3.29999999e+00  1.11325000e-06  3.29999999e+00  1.11325000e-06  0.00000000e+00  1.11325000e-06 -1.04113132e-08 
 1.11375000e-06  3.29999999e+00  1.11375000e-06  3.29999999e+00  1.11375000e-06  0.00000000e+00  1.11375000e-06 -1.02807726e-08 
 1.11425000e-06  3.29999999e+00  1.11425000e-06  3.29999999e+00  1.11425000e-06  0.00000000e+00  1.11425000e-06 -1.01535249e-08 
 1.11475000e-06  3.29999999e+00  1.11475000e-06  3.29999999e+00  1.11475000e-06  0.00000000e+00  1.11475000e-06 -1.00292246e-08 
 1.11525000e-06  3.29999999e+00  1.11525000e-06  3.29999999e+00  1.11525000e-06  0.00000000e+00  1.11525000e-06 -9.90799587e-09 
 1.11575000e-06  3.29999999e+00  1.11575000e-06  3.29999999e+00  1.11575000e-06  0.00000000e+00  1.11575000e-06 -9.78950359e-09 
 1.11625000e-06  3.29999999e+00  1.11625000e-06  3.29999999e+00  1.11625000e-06  0.00000000e+00  1.11625000e-06 -9.67388142e-09 
 1.11675000e-06  3.29999999e+00  1.11675000e-06  3.29999999e+00  1.11675000e-06  0.00000000e+00  1.11675000e-06 -9.56080347e-09 
 1.11725000e-06  3.29999999e+00  1.11725000e-06  3.29999999e+00  1.11725000e-06  0.00000000e+00  1.11725000e-06 -9.45041203e-09 
 1.11775000e-06  3.29999999e+00  1.11775000e-06  3.29999999e+00  1.11775000e-06  0.00000000e+00  1.11775000e-06 -9.34238937e-09 
 1.11825000e-06  3.29999999e+00  1.11825000e-06  3.29999999e+00  1.11825000e-06  0.00000000e+00  1.11825000e-06 -9.23688547e-09 
 1.11875000e-06  3.29999999e+00  1.11875000e-06  3.29999999e+00  1.11875000e-06  0.00000000e+00  1.11875000e-06 -9.13358988e-09 
 1.11925000e-06  3.29999999e+00  1.11925000e-06  3.29999999e+00  1.11925000e-06  0.00000000e+00  1.11925000e-06 -9.03265951e-09 
 1.11975000e-06  3.29999999e+00  1.11975000e-06  3.29999999e+00  1.11975000e-06  0.00000000e+00  1.11975000e-06 -8.93379045e-09 
 1.12000000e-06  3.29999999e+00  1.12000000e-06  3.29999999e+00  1.12000000e-06  0.00000000e+00  1.12000000e-06 -8.88524271e-09 
 1.12000552e-06  3.31271947e+00  1.12000552e-06  3.31272239e+00  1.12000552e-06  1.82107196e-01  1.12000552e-06  3.98111593e-04 
 1.12001656e-06  3.33706319e+00  1.12001656e-06  3.33707454e+00  1.12001656e-06  5.46321587e-01  1.12001656e-06  4.36104562e-04 
 1.12003863e-06  3.38143819e+00  1.12003863e-06  3.38148062e+00  1.12003863e-06  1.27475037e+00  1.12003863e-06  4.69107470e-04 
 1.12006108e-06  3.42633014e+00  1.12006108e-06  3.42623448e+00  1.12006108e-06  2.01551764e+00  1.12006108e-06  4.81564165e-04 
 1.12010000e-06  3.48107405e+00  1.12010000e-06  3.48106062e+00  1.12010000e-06  3.30000000e+00  1.12010000e-06  2.97871594e-04 
 1.12010449e-06  3.48012645e+00  1.12010449e-06  3.48021279e+00  1.12010449e-06  3.30000000e+00  1.12010449e-06 -1.40059978e-05 
 1.12011347e-06  3.47713987e+00  1.12011347e-06  3.47751466e+00  1.12011347e-06  3.30000000e+00  1.12011347e-06 -3.99831963e-05 
 1.12013143e-06  3.46462121e+00  1.12013143e-06  3.46590719e+00  1.12013143e-06  3.30000000e+00  1.12013143e-06 -5.30360052e-05 
 1.12016734e-06  3.43172008e+00  1.12016734e-06  3.43519725e+00  1.12016734e-06  3.30000000e+00  1.12016734e-06 -7.19395648e-05 
 1.12021775e-06  3.26207188e+00  1.12021775e-06  3.25468920e+00  1.12021775e-06  3.30000000e+00  1.12021775e-06 -1.02068684e-04 
 1.12026900e-06  3.00490759e+00  1.12026900e-06  2.95767645e+00  1.12026900e-06  3.30000000e+00  1.12026900e-06 -1.25301459e-04 
 1.12033306e-06  2.64941640e+00  1.12033306e-06  2.58404071e+00  1.12033306e-06  3.30000000e+00  1.12033306e-06 -1.01893813e-04 
 1.12041733e-06  2.24073232e+00  1.12041733e-06  2.14168342e+00  1.12041733e-06  3.30000000e+00  1.12041733e-06 -1.70998453e-04 
 1.12052569e-06  1.95545715e+00  1.12052569e-06  1.71516550e+00  1.12052569e-06  3.30000000e+00  1.12052569e-06 -2.16579859e-04 
 1.12066515e-06  2.19047238e+00  1.12066515e-06  1.19609348e+00  1.12066515e-06  3.30000000e+00  1.12066515e-06 -3.25335125e-04 
 1.12079911e-06  2.73298251e+00  1.12079911e-06  7.64913003e-01  1.12079911e-06  3.30000000e+00  1.12079911e-06 -2.43039445e-04 
 1.12091742e-06  3.07859834e+00  1.12091742e-06  4.87058089e-01  1.12091742e-06  3.30000000e+00  1.12091742e-06 -1.70035711e-04 
 1.12104481e-06  3.21874923e+00  1.12104481e-06  2.57498189e-01  1.12104481e-06  3.30000000e+00  1.12104481e-06 -4.52275341e-05 
 1.12124176e-06  3.27947910e+00  1.12124176e-06  8.05243767e-02  1.12124176e-06  3.30000000e+00  1.12124176e-06 -4.16531700e-05 
 1.12147376e-06  3.29503515e+00  1.12147376e-06  1.50685071e-02  1.12147376e-06  3.30000000e+00  1.12147376e-06  1.74074473e-05 
 1.12174709e-06  3.29971172e+00  1.12174709e-06  2.52995686e-03  1.12174709e-06  3.30000000e+00  1.12174709e-06 -2.21520671e-05 
 1.12208071e-06  3.29986990e+00  1.12208071e-06 -6.55445357e-04  1.12208071e-06  3.30000000e+00  1.12208071e-06  2.16392795e-05 
 1.12258071e-06  3.30009550e+00  1.12258071e-06  6.14345640e-04  1.12258071e-06  3.30000000e+00  1.12258071e-06 -2.16101103e-05 
 1.12308071e-06  3.29992601e+00  1.12308071e-06 -5.71113859e-04  1.12308071e-06  3.30000000e+00  1.12308071e-06  2.15763288e-05 
 1.12358071e-06  3.30005933e+00  1.12358071e-06  5.37943506e-04  1.12358071e-06  3.30000000e+00  1.12358071e-06 -2.15415689e-05 
 1.12408071e-06  3.29995032e+00  1.12408071e-06 -5.02009721e-04  1.12408071e-06  3.30000000e+00  1.12408071e-06  2.15065370e-05 
 1.12458071e-06  3.30004242e+00  1.12458071e-06  4.74179823e-04  1.12458071e-06  3.30000000e+00  1.12458071e-06 -2.14727875e-05 
 1.12508071e-06  3.29996272e+00  1.12508071e-06 -4.43299117e-04  1.12508071e-06  3.30000000e+00  1.12508071e-06  2.14400907e-05 
 1.12558071e-06  3.30003294e+00  1.12558071e-06  4.19327211e-04  1.12558071e-06  3.30000000e+00  1.12558071e-06 -2.14092824e-05 
 1.12608071e-06  3.29997034e+00  1.12608071e-06 -3.92361329e-04  1.12608071e-06  3.30000000e+00  1.12608071e-06  2.13798503e-05 
 1.12658071e-06  3.30002661e+00  1.12658071e-06  3.71492865e-04  1.12658071e-06  3.30000000e+00  1.12658071e-06 -2.13523508e-05 
 1.12708071e-06  3.29997580e+00  1.12708071e-06 -3.47783217e-04  1.12708071e-06  3.30000000e+00  1.12708071e-06  2.13262103e-05 
 1.12758071e-06  3.30002182e+00  1.12758071e-06  3.29549520e-04  1.12758071e-06  3.30000000e+00  1.12758071e-06 -2.13018658e-05 
 1.12808071e-06  3.29998009e+00  1.12808071e-06 -3.08634142e-04  1.12808071e-06  3.30000000e+00  1.12808071e-06  2.12787573e-05 
 1.12858071e-06  3.30001796e+00  1.12858071e-06  2.92686074e-04  1.12858071e-06  3.30000000e+00  1.12858071e-06 -2.12572629e-05 
 1.12908071e-06  3.29998361e+00  1.12908071e-06 -2.74197356e-04  1.12908071e-06  3.30000000e+00  1.12908071e-06  2.12368590e-05 
 1.12958071e-06  3.30001476e+00  1.12958071e-06  2.60229387e-04  1.12958071e-06  3.30000000e+00  1.12958071e-06 -2.12178906e-05 
 1.13008071e-06  3.29998655e+00  1.13008071e-06 -2.43897749e-04  1.13008071e-06  3.30000000e+00  1.13008071e-06  2.11998695e-05 
 1.13058071e-06  3.30001208e+00  1.13058071e-06  2.31655605e-04  1.13058071e-06  3.30000000e+00  1.13058071e-06 -2.11831170e-05 
 1.13108071e-06  3.29998902e+00  1.13108071e-06 -2.17167355e-04  1.13108071e-06  3.30000000e+00  1.13108071e-06  2.11671893e-05 
 1.13158071e-06  3.30000982e+00  1.13158071e-06  2.06469452e-04  1.13158071e-06  3.30000000e+00  1.13158071e-06 -2.11523827e-05 
 1.13208071e-06  3.29999110e+00  1.13208071e-06 -1.93588222e-04  1.13208071e-06  3.30000000e+00  1.13208071e-06  2.11382892e-05 
 1.13258071e-06  3.30000792e+00  1.13258071e-06  1.84242977e-04  1.13258071e-06  3.30000000e+00  1.13258071e-06 -2.11251884e-05 
 1.13308071e-06  3.29999284e+00  1.13308071e-06 -1.72767097e-04  1.13308071e-06  3.30000000e+00  1.13308071e-06  2.11127032e-05 
 1.13358071e-06  3.30000633e+00  1.13358071e-06  1.64595803e-04  1.13358071e-06  3.30000000e+00  1.13358071e-06 -2.11011001e-05 
 1.13408071e-06  3.29999430e+00  1.13408071e-06 -1.54378604e-04  1.13408071e-06  3.30000000e+00  1.13408071e-06  2.10900254e-05 
 1.13458071e-06  3.30000500e+00  1.13458071e-06  1.47226886e-04  1.13458071e-06  3.30000000e+00  1.13458071e-06 -2.10797341e-05 
 1.13508071e-06  3.29999552e+00  1.13508071e-06 -1.38086197e-04  1.13508071e-06  3.30000000e+00  1.13508071e-06  2.10699002e-05 
 1.13558071e-06  3.30000389e+00  1.13558071e-06  1.31855831e-04  1.13558071e-06  3.30000000e+00  1.13558071e-06 -2.10607632e-05 
 1.13608071e-06  3.29999654e+00  1.13608071e-06 -1.23653172e-04  1.13608071e-06  3.30000000e+00  1.13608071e-06  2.10520190e-05 
 1.13658071e-06  3.30000297e+00  1.13658071e-06  1.18230500e-04  1.13658071e-06  3.30000000e+00  1.13658071e-06 -2.10438973e-05 
 1.13708071e-06  3.29999738e+00  1.13708071e-06 -1.10851088e-04  1.13708071e-06  3.30000000e+00  1.13708071e-06  2.10361122e-05 
 1.13758071e-06  3.30000221e+00  1.13758071e-06  1.06138092e-04  1.13758071e-06  3.30000000e+00  1.13758071e-06 -2.10288847e-05 
 1.13808071e-06  3.29999808e+00  1.13808071e-06 -9.94786954e-05  1.13808071e-06  3.30000000e+00  1.13808071e-06  2.10219453e-05 
 1.13858071e-06  3.30000158e+00  1.13858071e-06  9.53974593e-05  1.13858071e-06  3.30000000e+00  1.13858071e-06 -2.10155060e-05 
 1.13908071e-06  3.29999865e+00  1.13908071e-06 -8.93748378e-05  1.13908071e-06  3.30000000e+00  1.13908071e-06  2.10093111e-05 
 1.13958071e-06  3.30000107e+00  1.13958071e-06  8.58300382e-05  1.13958071e-06  3.30000000e+00  1.13958071e-06 -2.10035683e-05 
 1.14008071e-06  3.29999912e+00  1.14008071e-06 -8.03772676e-05  1.14008071e-06  3.30000000e+00  1.14008071e-06  2.09980330e-05 
 1.14058071e-06  3.30000065e+00  1.14058071e-06  7.73177529e-05  1.14058071e-06  3.30000000e+00  1.14058071e-06 -2.09929047e-05 
 1.14108071e-06  3.29999950e+00  1.14108071e-06 -7.23578898e-05  1.14108071e-06  3.30000000e+00  1.14108071e-06  2.09879515e-05 
 1.14158071e-06  3.30000031e+00  1.14158071e-06  6.97262982e-05  1.14158071e-06  3.30000000e+00  1.14158071e-06 -2.09833670e-05 
 1.14208071e-06  3.29999980e+00  1.14208071e-06 -6.52017616e-05  1.14208071e-06  3.30000000e+00  1.14208071e-06  2.09789293e-05 
 1.14258071e-06  3.30000004e+00  1.14258071e-06  6.29481663e-05  1.14258071e-06  3.30000000e+00  1.14258071e-06 -2.09748268e-05 
 1.14308071e-06  3.30000005e+00  1.14308071e-06 -5.88083187e-05  1.14308071e-06  3.30000000e+00  1.14308071e-06  2.09708458e-05 
 1.14358071e-06  3.29999983e+00  1.14358071e-06  5.68885272e-05  1.14358071e-06  3.30000000e+00  1.14358071e-06 -2.09671705e-05 
 1.14408071e-06  3.30000024e+00  1.14408071e-06 -5.30902612e-05  1.14408071e-06  3.30000000e+00  1.14408071e-06  2.09635955e-05 
 1.14458071e-06  3.29999966e+00  1.14458071e-06  5.14656384e-05  1.14458071e-06  3.30000000e+00  1.14458071e-06 -2.09602995e-05 
 1.14508071e-06  3.30000039e+00  1.14508071e-06 -4.79694335e-05  1.14508071e-06  3.30000000e+00  1.14508071e-06  2.09570848e-05 
 1.14558071e-06  3.29999953e+00  1.14558071e-06  4.66067819e-05  1.14558071e-06  3.30000000e+00  1.14558071e-06 -2.09541262e-05 
 1.14608071e-06  3.30000050e+00  1.14608071e-06 -4.33785654e-05  1.14608071e-06  3.30000000e+00  1.14608071e-06  2.09512319e-05 
 1.14658071e-06  3.29999943e+00  1.14658071e-06  4.22482216e-05  1.14658071e-06  3.30000000e+00  1.14658071e-06 -2.09485735e-05 
 1.14708071e-06  3.30000059e+00  1.14708071e-06 -3.92581398e-05  1.14708071e-06  3.30000000e+00  1.14708071e-06  2.09459646e-05 
 1.14758071e-06  3.29999936e+00  1.14758071e-06  3.83340467e-05  1.14758071e-06  3.30000000e+00  1.14758071e-06 -2.09435738e-05 
 1.14808071e-06  3.30000065e+00  1.14808071e-06 -3.55558342e-05  1.14808071e-06  3.30000000e+00  1.14808071e-06  2.09412192e-05 
 1.14858071e-06  3.29999931e+00  1.14858071e-06  3.48150671e-05  1.14858071e-06  3.30000000e+00  1.14858071e-06 -2.09390672e-05 
 1.14908071e-06  3.30000069e+00  1.14908071e-06 -3.22255880e-05  1.14908071e-06  3.30000000e+00  1.14908071e-06  2.09369398e-05 
 1.14958071e-06  3.29999928e+00  1.14958071e-06  3.16479587e-05  1.14958071e-06  3.30000000e+00  1.14958071e-06 -2.09350010e-05 
 1.15008071e-06  3.30000071e+00  1.15008071e-06 -2.92268109e-05  1.15008071e-06  3.30000000e+00  1.15008071e-06  2.09330766e-05 
 1.15058071e-06  3.29999926e+00  1.15058071e-06  2.87945234e-05  1.15058071e-06  3.30000000e+00  1.15058071e-06 -2.09313285e-05 
 1.15108071e-06  3.30000072e+00  1.15108071e-06 -2.65236941e-05  1.15108071e-06  3.30000000e+00  1.15108071e-06  2.09295858e-05 
 1.15158071e-06  3.29999926e+00  1.15158071e-06  2.62210447e-05  1.15158071e-06  3.30000000e+00  1.15158071e-06 -2.09280084e-05 
 1.15208071e-06  3.30000072e+00  1.15208071e-06 -2.40846116e-05  1.15208071e-06  3.30000000e+00  1.15208071e-06  2.09264285e-05 
 1.15258071e-06  3.29999926e+00  1.15258071e-06  2.38977282e-05  1.15258071e-06  3.30000000e+00  1.15258071e-06 -2.09250042e-05 
 1.15308071e-06  3.30000072e+00  1.15308071e-06 -2.18816000e-05  1.15308071e-06  3.30000000e+00  1.15308071e-06  2.09235703e-05 
 1.15358071e-06  3.29999928e+00  1.15358071e-06  2.17982144e-05  1.15358071e-06  3.30000000e+00  1.15358071e-06 -2.09222833e-05 
 1.15408071e-06  3.30000070e+00  1.15408071e-06 -1.98899047e-05  1.15408071e-06  3.30000000e+00  1.15408071e-06  2.09209804e-05 
 1.15458071e-06  3.29999929e+00  1.15458071e-06  1.98991553e-05  1.15458071e-06  3.30000000e+00  1.15458071e-06 -2.09198168e-05 
 1.15508071e-06  3.30000068e+00  1.15508071e-06 -1.80875862e-05  1.15508071e-06  3.30000000e+00  1.15508071e-06  2.09186319e-05 
 1.15558071e-06  3.29999931e+00  1.15558071e-06  1.81798458e-05  1.15558071e-06  3.30000000e+00  1.15558071e-06 -2.09175792e-05 
 1.15608071e-06  3.30000066e+00  1.15608071e-06 -1.64551767e-05  1.15608071e-06  3.30000000e+00  1.15608071e-06  2.09165003e-05 
 1.15658071e-06  3.29999934e+00  1.15658071e-06  1.66219019e-05  1.15658071e-06  3.30000000e+00  1.15658071e-06 -2.09155476e-05 
 1.15708071e-06  3.30000064e+00  1.15708071e-06 -1.49753806e-05  1.15708071e-06  3.30000000e+00  1.15708071e-06  2.09145642e-05 
 1.15758071e-06  3.29999937e+00  1.15758071e-06  1.52089815e-05  1.15758071e-06  3.30000000e+00  1.15758071e-06 -2.09137016e-05 
 1.15808071e-06  3.30000061e+00  1.15808071e-06 -1.36328140e-05  1.15808071e-06  3.30000000e+00  1.15808071e-06  2.09128044e-05 
 1.15858071e-06  3.29999934e+00  1.15858071e-06  1.49321566e-05  1.15858071e-06  3.30000000e+00  1.15858071e-06 -2.09120200e-05 
 1.15908071e-06  3.30000040e+00  1.15908071e-06 -1.06075511e-05  1.15908071e-06  3.30000000e+00  1.15908071e-06  2.09110496e-05 
 1.15958071e-06  3.29999923e+00  1.15958071e-06  1.43417310e-05  1.15958071e-06  3.30000000e+00  1.15958071e-06 -2.09106384e-05 
 1.16008071e-06  3.30000039e+00  1.16008071e-06 -9.77799955e-06  1.16008071e-06  3.30000000e+00  1.16008071e-06  2.09096204e-05 
 1.16058071e-06  3.29999929e+00  1.16058071e-06  1.31841157e-05  1.16058071e-06  3.30000000e+00  1.16058071e-06 -2.09092303e-05 
 1.16108071e-06  3.30000036e+00  1.16108071e-06 -8.89494255e-06  1.16108071e-06  3.30000000e+00  1.16108071e-06  2.09082972e-05 
 1.16158071e-06  3.29999934e+00  1.16158071e-06  1.21030791e-05  1.16158071e-06  3.30000000e+00  1.16158071e-06 -2.09079480e-05 
 1.16208071e-06  3.30000034e+00  1.16208071e-06 -8.08683969e-06  1.16208071e-06  3.30000000e+00  1.16208071e-06  2.09070944e-05 
 1.16258071e-06  3.29999938e+00  1.16258071e-06  1.11164129e-05  1.16258071e-06  3.30000000e+00  1.16258071e-06 -2.09067816e-05 
 1.16308071e-06  3.30000033e+00  1.16308071e-06 -7.35198626e-06  1.16308071e-06  3.30000000e+00  1.16308071e-06  2.09059993e-05 
 1.16358071e-06  3.29999942e+00  1.16358071e-06  1.02166034e-05  1.16358071e-06  3.30000000e+00  1.16358071e-06 -2.09057186e-05 
 1.16408071e-06  3.30000031e+00  1.16408071e-06 -6.68366522e-06  1.16408071e-06  3.30000000e+00  1.16408071e-06  2.09050008e-05 
 1.16458071e-06  3.29999949e+00  1.16458071e-06  8.78581712e-06  1.16458071e-06  3.30000000e+00  1.16458071e-06 -2.09047516e-05 
 1.16508071e-06  3.30000040e+00  1.16508071e-06 -7.17848306e-06  1.16508071e-06  3.30000000e+00  1.16508071e-06  2.09041812e-05 
 1.16558071e-06  3.29999961e+00  1.16558071e-06  7.68122235e-06  1.16558071e-06  3.30000000e+00  1.16558071e-06 -2.09037775e-05 
 1.16608071e-06  3.30000037e+00  1.16608071e-06 -6.45549284e-06  1.16608071e-06  3.30000000e+00  1.16608071e-06  2.09033324e-05 
 1.16658071e-06  3.29999962e+00  1.16658071e-06  7.05690603e-06  1.16658071e-06  3.30000000e+00  1.16658071e-06 -2.09029791e-05 
 1.16708071e-06  3.30000033e+00  1.16708071e-06 -5.37228672e-06  1.16708071e-06  3.30000000e+00  1.16708071e-06  2.09025738e-05 
 1.16758071e-06  3.29999958e+00  1.16758071e-06  6.93224615e-06  1.16758071e-06  3.30000000e+00  1.16758071e-06 -2.09023265e-05 
 1.16808071e-06  3.30000030e+00  1.16808071e-06 -4.97212300e-06  1.16808071e-06  3.30000000e+00  1.16808071e-06  2.09018741e-05 
 1.16858071e-06  3.29999960e+00  1.16858071e-06  6.84680099e-06  1.16858071e-06  3.30000000e+00  1.16858071e-06 -2.09016385e-05 
 1.16908071e-06  3.30000021e+00  1.16908071e-06 -4.15384944e-06  1.16908071e-06  3.30000000e+00  1.16908071e-06  2.09011567e-05 
 1.16958071e-06  3.29999963e+00  1.16958071e-06  6.24486275e-06  1.16958071e-06  3.30000000e+00  1.16958071e-06 -2.09010132e-05 
 1.17008071e-06  3.30000021e+00  1.17008071e-06 -3.75356001e-06  1.17008071e-06  3.30000000e+00  1.17008071e-06  2.09005794e-05 
 1.17010000e-06  3.29999984e+00  1.17010000e-06  2.71059623e-06  1.17010000e-06  3.30000000e+00  1.17010000e-06 -2.08957847e-05 
 1.17010370e-06  3.29910692e+00  1.17010370e-06 -7.66249461e-04  1.17010370e-06  3.17784687e+00  1.17010370e-06 -2.85873002e-04 
 1.17011110e-06  3.29677388e+00  1.17011110e-06 -2.75546188e-03  1.17011110e-06  2.93354060e+00  1.17011110e-06 -2.61376267e-04 
 1.17012591e-06  3.28259665e+00  1.17012591e-06 -1.61687370e-02  1.17012591e-06  2.44492806e+00  1.17012591e-06 -3.56290656e-04 
 1.17015552e-06  3.24883025e+00  1.17015552e-06 -4.13646912e-02  1.17015552e-06  1.46770299e+00  1.17015552e-06 -6.15069125e-04 
 1.17019521e-06  3.25413618e+00  1.17019521e-06  2.90405818e-02  1.17019521e-06  1.58029409e-01  1.17019521e-06 -1.07454675e-03 
 1.17020000e-06  3.25818391e+00  1.17020000e-06  4.72289949e-02  1.17020000e-06  0.00000000e+00  1.17020000e-06 -1.18912464e-03 
 1.17020137e-06  3.26198289e+00  1.17020137e-06  5.46044719e-02  1.17020137e-06  0.00000000e+00  1.17020137e-06 -7.93134870e-04 
 1.17020411e-06  3.26935599e+00  1.17020411e-06  6.93069556e-02  1.17020411e-06  0.00000000e+00  1.17020411e-06 -7.87523144e-04 
 1.17020960e-06  3.28285276e+00  1.17020960e-06  9.83232097e-02  1.17020960e-06  0.00000000e+00  1.17020960e-06 -7.77530814e-04 
 1.17022056e-06  3.30602655e+00  1.17022056e-06  1.54831057e-01  1.17022056e-06  0.00000000e+00  1.17022056e-06 -7.60919434e-04 
 1.17024249e-06  3.34134545e+00  1.17024249e-06  2.64212580e-01  1.17024249e-06  0.00000000e+00  1.17024249e-06 -7.33153060e-04 
 1.17028636e-06  3.38264464e+00  1.17028636e-06  4.81630074e-01  1.17028636e-06  0.00000000e+00  1.17028636e-06 -6.90483365e-04 
 1.17037408e-06  3.44432236e+00  1.17037408e-06  1.01144566e+00  1.17037408e-06  0.00000000e+00  1.17037408e-06 -5.65977018e-04 
 1.17046354e-06  3.49555930e+00  1.17046354e-06  1.63578412e+00  1.17046354e-06  0.00000000e+00  1.17046354e-06 -3.51626856e-04 
 1.17056696e-06  3.49887560e+00  1.17056696e-06  2.20387613e+00  1.17056696e-06  0.00000000e+00  1.17056696e-06 -1.99896338e-04 
 1.17066601e-06  3.44703342e+00  1.17066601e-06  2.57388567e+00  1.17066601e-06  0.00000000e+00  1.17066601e-06 -9.14314688e-05 
 1.17079278e-06  3.40206399e+00  1.17079278e-06  2.91296573e+00  1.17079278e-06  0.00000000e+00  1.17079278e-06 -5.27088887e-05 
 1.17091352e-06  3.36019187e+00  1.17091352e-06  3.10812974e+00  1.17091352e-06  0.00000000e+00  1.17091352e-06 -2.29747619e-05 
 1.17109148e-06  3.32467198e+00  1.17109148e-06  3.23871960e+00  1.17109148e-06  0.00000000e+00  1.17109148e-06 -1.14709902e-05 
 1.17129392e-06  3.30801044e+00  1.17129392e-06  3.28441493e+00  1.17129392e-06  0.00000000e+00  1.17129392e-06  1.89567715e-07 
 1.17168813e-06  3.29982503e+00  1.17168813e-06  3.30112602e+00  1.17168813e-06  0.00000000e+00  1.17168813e-06 -3.66623392e-06 
 1.17215572e-06  3.29998344e+00  1.17215572e-06  3.29979017e+00  1.17215572e-06  0.00000000e+00  1.17215572e-06  2.45544420e-06 
 1.17265572e-06  3.30001927e+00  1.17265572e-06  3.30004897e+00  1.17265572e-06  0.00000000e+00  1.17265572e-06 -3.38231880e-06 
 1.17315572e-06  3.29999401e+00  1.17315572e-06  3.29998838e+00  1.17315572e-06  0.00000000e+00  1.17315572e-06  2.75301835e-06 
 1.17365572e-06  3.30000410e+00  1.17365572e-06  3.30000368e+00  1.17365572e-06  0.00000000e+00  1.17365572e-06 -3.26105780e-06 
 1.17415572e-06  3.29999911e+00  1.17415572e-06  3.29999925e+00  1.17415572e-06  0.00000000e+00  1.17415572e-06  2.85722838e-06 
 1.17465572e-06  3.30000141e+00  1.17465572e-06  3.30000073e+00  1.17465572e-06  0.00000000e+00  1.17465572e-06 -3.20105157e-06 
 1.17515572e-06  3.29999980e+00  1.17515572e-06  3.29999994e+00  1.17515572e-06  0.00000000e+00  1.17515572e-06  2.90988854e-06 
 1.17565572e-06  3.30000071e+00  1.17565572e-06  3.30000032e+00  1.17565572e-06  0.00000000e+00  1.17565572e-06 -3.16674511e-06 
 1.17615572e-06  3.29999995e+00  1.17615572e-06  3.30000001e+00  1.17615572e-06  0.00000000e+00  1.17615572e-06  2.94109642e-06 
 1.17665572e-06  3.30000040e+00  1.17665572e-06  3.30000018e+00  1.17665572e-06  0.00000000e+00  1.17665572e-06 -3.14468114e-06 
 1.17715572e-06  3.30000001e+00  1.17715572e-06  3.30000002e+00  1.17715572e-06  0.00000000e+00  1.17715572e-06  2.96143826e-06 
 1.17765572e-06  3.30000024e+00  1.17765572e-06  3.30000011e+00  1.17765572e-06  0.00000000e+00  1.17765572e-06 -3.12932312e-06 
 1.17815572e-06  3.30000004e+00  1.17815572e-06  3.30000002e+00  1.17815572e-06  0.00000000e+00  1.17815572e-06  2.97561054e-06 
 1.17865572e-06  3.30000015e+00  1.17865572e-06  3.30000007e+00  1.17865572e-06  0.00000000e+00  1.17865572e-06 -3.11804025e-06 
 1.17915572e-06  3.30000004e+00  1.17915572e-06  3.30000002e+00  1.17915572e-06  0.00000000e+00  1.17915572e-06  2.98599298e-06 
 1.17965572e-06  3.30000010e+00  1.17965572e-06  3.30000004e+00  1.17965572e-06  0.00000000e+00  1.17965572e-06 -3.10942364e-06 
 1.18015572e-06  3.30000004e+00  1.18015572e-06  3.30000002e+00  1.18015572e-06  0.00000000e+00  1.18015572e-06  2.99390287e-06 
 1.18065572e-06  3.30000007e+00  1.18065572e-06  3.30000003e+00  1.18065572e-06  0.00000000e+00  1.18065572e-06 -3.10264708e-06 
 1.18115572e-06  3.30000004e+00  1.18115572e-06  3.30000001e+00  1.18115572e-06  0.00000000e+00  1.18115572e-06  3.00011960e-06 
 1.18165572e-06  3.30000005e+00  1.18165572e-06  3.30000002e+00  1.18165572e-06  0.00000000e+00  1.18165572e-06 -3.09719202e-06 
 1.18215572e-06  3.30000003e+00  1.18215572e-06  3.30000001e+00  1.18215572e-06  0.00000000e+00  1.18215572e-06  3.00512981e-06 
 1.18265572e-06  3.30000004e+00  1.18265572e-06  3.30000001e+00  1.18265572e-06  0.00000000e+00  1.18265572e-06 -3.09271593e-06 
 1.18315572e-06  3.30000003e+00  1.18315572e-06  3.30000001e+00  1.18315572e-06  0.00000000e+00  1.18315572e-06  3.00925101e-06 
 1.18365572e-06  3.30000003e+00  1.18365572e-06  3.30000001e+00  1.18365572e-06  0.00000000e+00  1.18365572e-06 -3.08898347e-06 
 1.18415572e-06  3.30000002e+00  1.18415572e-06  3.30000000e+00  1.18415572e-06  0.00000000e+00  1.18415572e-06  3.01269891e-06 
 1.18465572e-06  3.30000002e+00  1.18465572e-06  3.30000000e+00  1.18465572e-06  0.00000000e+00  1.18465572e-06 -3.08582796e-06 
 1.18515572e-06  3.30000002e+00  1.18515572e-06  3.30000000e+00  1.18515572e-06  0.00000000e+00  1.18515572e-06  3.01562480e-06 
 1.18565572e-06  3.30000002e+00  1.18565572e-06  3.30000000e+00  1.18565572e-06  0.00000000e+00  1.18565572e-06 -3.08312817e-06 
 1.18615572e-06  3.30000001e+00  1.18615572e-06  3.30000000e+00  1.18615572e-06  0.00000000e+00  1.18615572e-06  3.01813785e-06 
 1.18665572e-06  3.30000001e+00  1.18665572e-06  3.30000000e+00  1.18665572e-06  0.00000000e+00  1.18665572e-06 -3.08079406e-06 
 1.18715572e-06  3.30000001e+00  1.18715572e-06  3.30000000e+00  1.18715572e-06  0.00000000e+00  1.18715572e-06  3.02031882e-06 
 1.18765572e-06  3.30000001e+00  1.18765572e-06  3.30000000e+00  1.18765572e-06  0.00000000e+00  1.18765572e-06 -3.07875745e-06 
 1.18815572e-06  3.30000001e+00  1.18815572e-06  3.30000000e+00  1.18815572e-06  0.00000000e+00  1.18815572e-06  3.02222874e-06 
 1.18865572e-06  3.30000001e+00  1.18865572e-06  3.30000000e+00  1.18865572e-06  0.00000000e+00  1.18865572e-06 -3.07696585e-06 
 1.18915572e-06  3.30000000e+00  1.18915572e-06  3.30000000e+00  1.18915572e-06  0.00000000e+00  1.18915572e-06  3.02391460e-06 
 1.18965572e-06  3.30000000e+00  1.18965572e-06  3.30000000e+00  1.18965572e-06  0.00000000e+00  1.18965572e-06 -3.07537830e-06 
 1.19015572e-06  3.30000000e+00  1.19015572e-06  3.30000000e+00  1.19015572e-06  0.00000000e+00  1.19015572e-06  3.02541316e-06 
 1.19065572e-06  3.30000000e+00  1.19065572e-06  3.29999999e+00  1.19065572e-06  0.00000000e+00  1.19065572e-06 -3.07396236e-06 
 1.19115572e-06  3.30000000e+00  1.19115572e-06  3.29999999e+00  1.19115572e-06  0.00000000e+00  1.19115572e-06  3.02675360e-06 
 1.19165572e-06  3.30000000e+00  1.19165572e-06  3.29999999e+00  1.19165572e-06  0.00000000e+00  1.19165572e-06 -3.07269204e-06 
 1.19215572e-06  3.30000000e+00  1.19215572e-06  3.29999999e+00  1.19215572e-06  0.00000000e+00  1.19215572e-06  3.02795938e-06 
 1.19265572e-06  3.30000000e+00  1.19265572e-06  3.29999999e+00  1.19265572e-06  0.00000000e+00  1.19265572e-06 -3.07154631e-06 
 1.19315572e-06  3.30000000e+00  1.19315572e-06  3.29999999e+00  1.19315572e-06  0.00000000e+00  1.19315572e-06  3.02904955e-06 
 1.19365572e-06  3.30000000e+00  1.19365572e-06  3.29999999e+00  1.19365572e-06  0.00000000e+00  1.19365572e-06 -3.07050793e-06 
 1.19415572e-06  3.30000000e+00  1.19415572e-06  3.29999999e+00  1.19415572e-06  0.00000000e+00  1.19415572e-06  3.03003976e-06 
 1.19465572e-06  3.30000000e+00  1.19465572e-06  3.29999999e+00  1.19465572e-06  0.00000000e+00  1.19465572e-06 -3.06956271e-06 
 1.19515572e-06  3.30000000e+00  1.19515572e-06  3.29999999e+00  1.19515572e-06  0.00000000e+00  1.19515572e-06  3.03094298e-06 
 1.19565572e-06  3.30000000e+00  1.19565572e-06  3.29999999e+00  1.19565572e-06  0.00000000e+00  1.19565572e-06 -3.06869882e-06 
 1.19615572e-06  3.30000000e+00  1.19615572e-06  3.29999999e+00  1.19615572e-06  0.00000000e+00  1.19615572e-06  3.03177005e-06 
 1.19665572e-06  3.30000000e+00  1.19665572e-06  3.29999999e+00  1.19665572e-06  0.00000000e+00  1.19665572e-06 -3.06790632e-06 
 1.19715572e-06  3.30000000e+00  1.19715572e-06  3.29999999e+00  1.19715572e-06  0.00000000e+00  1.19715572e-06  3.03253008e-06 
 1.19765572e-06  3.30000000e+00  1.19765572e-06  3.29999999e+00  1.19765572e-06  0.00000000e+00  1.19765572e-06 -3.06717683e-06 
 1.19815572e-06  3.29999999e+00  1.19815572e-06  3.29999999e+00  1.19815572e-06  0.00000000e+00  1.19815572e-06  3.03323081e-06 
 1.19865572e-06  3.29999999e+00  1.19865572e-06  3.29999999e+00  1.19865572e-06  0.00000000e+00  1.19865572e-06 -3.06650323e-06 
 1.19915572e-06  3.29999999e+00  1.19915572e-06  3.29999999e+00  1.19915572e-06  0.00000000e+00  1.19915572e-06  3.03387882e-06 
 1.19965572e-06  3.29999999e+00  1.19965572e-06  3.29999999e+00  1.19965572e-06  0.00000000e+00  1.19965572e-06 -3.06587939e-06 
 1.20000000e-06  3.29999999e+00  1.20000000e-06  3.29999999e+00  1.20000000e-06  0.00000000e+00  1.20000000e-06  3.03438906e-06 
 1.20005000e-06  3.29999999e+00  1.20005000e-06  3.29999999e+00  1.20005000e-06  0.00000000e+00  1.20005000e-06 -1.56149616e-08 
 1.20015000e-06  3.29999999e+00  1.20015000e-06  3.29999999e+00  1.20015000e-06  0.00000000e+00  1.20015000e-06 -1.55570435e-08 
 1.20035000e-06  3.29999999e+00  1.20035000e-06  3.29999999e+00  1.20035000e-06  0.00000000e+00  1.20035000e-06 -1.54411471e-08 
 1.20075000e-06  3.29999999e+00  1.20075000e-06  3.29999999e+00  1.20075000e-06  0.00000000e+00  1.20075000e-06 -1.52143942e-08 
 1.20125000e-06  3.29999999e+00  1.20125000e-06  3.29999999e+00  1.20125000e-06  0.00000000e+00  1.20125000e-06 -1.49399736e-08 
 1.20175000e-06  3.29999999e+00  1.20175000e-06  3.29999999e+00  1.20175000e-06  0.00000000e+00  1.20175000e-06 -1.46749669e-08 
 1.20225000e-06  3.29999999e+00  1.20225000e-06  3.29999999e+00  1.20225000e-06  0.00000000e+00  1.20225000e-06 -1.44190366e-08 
 1.20275000e-06  3.29999999e+00  1.20275000e-06  3.29999999e+00  1.20275000e-06  0.00000000e+00  1.20275000e-06 -1.41715735e-08 
 1.20325000e-06  3.29999999e+00  1.20325000e-06  3.29999999e+00  1.20325000e-06  0.00000000e+00  1.20325000e-06 -1.39323445e-08 
 1.20375000e-06  3.29999999e+00  1.20375000e-06  3.29999999e+00  1.20375000e-06  0.00000000e+00  1.20375000e-06 -1.37007623e-08 
 1.20425000e-06  3.29999999e+00  1.20425000e-06  3.29999999e+00  1.20425000e-06  0.00000000e+00  1.20425000e-06 -1.34766686e-08 
 1.20475000e-06  3.29999999e+00  1.20475000e-06  3.29999999e+00  1.20475000e-06  0.00000000e+00  1.20475000e-06 -1.32595057e-08 
 1.20525000e-06  3.29999999e+00  1.20525000e-06  3.29999999e+00  1.20525000e-06  0.00000000e+00  1.20525000e-06 -1.30491707e-08 
 1.20575000e-06  3.29999999e+00  1.20575000e-06  3.29999999e+00  1.20575000e-06  0.00000000e+00  1.20575000e-06 -1.28451373e-08 
 1.20625000e-06  3.29999999e+00  1.20625000e-06  3.29999999e+00  1.20625000e-06  0.00000000e+00  1.20625000e-06 -1.26473459e-08 
 1.20675000e-06  3.29999999e+00  1.20675000e-06  3.29999999e+00  1.20675000e-06  0.00000000e+00  1.20675000e-06 -1.24553001e-08 
 1.20725000e-06  3.29999999e+00  1.20725000e-06  3.29999999e+00  1.20725000e-06  0.00000000e+00  1.20725000e-06 -1.22689755e-08 
 1.20775000e-06  3.29999999e+00  1.20775000e-06  3.29999999e+00  1.20775000e-06  0.00000000e+00  1.20775000e-06 -1.20879030e-08 
 1.20825000e-06  3.29999999e+00  1.20825000e-06  3.29999999e+00  1.20825000e-06  0.00000000e+00  1.20825000e-06 -1.19120875e-08 
 1.20875000e-06  3.29999999e+00  1.20875000e-06  3.29999999e+00  1.20875000e-06  0.00000000e+00  1.20875000e-06 -1.17410843e-08 
 1.20925000e-06  3.29999999e+00  1.20925000e-06  3.29999999e+00  1.20925000e-06  0.00000000e+00  1.20925000e-06 -1.15749234e-08 
 1.20975000e-06  3.29999999e+00  1.20975000e-06  3.29999999e+00  1.20975000e-06  0.00000000e+00  1.20975000e-06 -1.14131815e-08 
 1.21025000e-06  3.29999999e+00  1.21025000e-06  3.29999999e+00  1.21025000e-06  0.00000000e+00  1.21025000e-06 -1.12559101e-08 
 1.21075000e-06  3.29999999e+00  1.21075000e-06  3.29999999e+00  1.21075000e-06  0.00000000e+00  1.21075000e-06 -1.11027052e-08 
 1.21125000e-06  3.29999999e+00  1.21125000e-06  3.29999999e+00  1.21125000e-06  0.00000000e+00  1.21125000e-06 -1.09536365e-08 
 1.21175000e-06  3.29999999e+00  1.21175000e-06  3.29999999e+00  1.21175000e-06  0.00000000e+00  1.21175000e-06 -1.08083172e-08 
 1.21225000e-06  3.29999999e+00  1.21225000e-06  3.29999999e+00  1.21225000e-06  0.00000000e+00  1.21225000e-06 -1.06668331e-08 
 1.21275000e-06  3.29999999e+00  1.21275000e-06  3.29999999e+00  1.21275000e-06  0.00000000e+00  1.21275000e-06 -1.05288122e-08 
 1.21325000e-06  3.29999999e+00  1.21325000e-06  3.29999999e+00  1.21325000e-06  0.00000000e+00  1.21325000e-06 -1.03943546e-08 
 1.21375000e-06  3.29999999e+00  1.21375000e-06  3.29999999e+00  1.21375000e-06  0.00000000e+00  1.21375000e-06 -1.02631015e-08 
 1.21425000e-06  3.29999999e+00  1.21425000e-06  3.29999999e+00  1.21425000e-06  0.00000000e+00  1.21425000e-06 -1.01351654e-08 
 1.21475000e-06  3.29999999e+00  1.21475000e-06  3.29999999e+00  1.21475000e-06  0.00000000e+00  1.21475000e-06 -1.00101993e-08 
 1.21525000e-06  3.29999999e+00  1.21525000e-06  3.29999999e+00  1.21525000e-06  0.00000000e+00  1.21525000e-06 -9.88832682e-09 
 1.21575000e-06  3.29999999e+00  1.21575000e-06  3.29999999e+00  1.21575000e-06  0.00000000e+00  1.21575000e-06 -9.76921114e-09 
 1.21625000e-06  3.29999999e+00  1.21625000e-06  3.29999999e+00  1.21625000e-06  0.00000000e+00  1.21625000e-06 -9.65298577e-09 
 1.21675000e-06  3.29999999e+00  1.21675000e-06  3.29999999e+00  1.21675000e-06  0.00000000e+00  1.21675000e-06 -9.53932320e-09 
 1.21725000e-06  3.29999999e+00  1.21725000e-06  3.29999999e+00  1.21725000e-06  0.00000000e+00  1.21725000e-06 -9.42836562e-09 
 1.21775000e-06  3.29999999e+00  1.21775000e-06  3.29999999e+00  1.21775000e-06  0.00000000e+00  1.21775000e-06 -9.31979377e-09 
 1.21825000e-06  3.29999999e+00  1.21825000e-06  3.29999999e+00  1.21825000e-06  0.00000000e+00  1.21825000e-06 -9.21375765e-09 
 1.21875000e-06  3.29999999e+00  1.21875000e-06  3.29999999e+00  1.21875000e-06  0.00000000e+00  1.21875000e-06 -9.10994536e-09 
 1.21925000e-06  3.29999999e+00  1.21925000e-06  3.29999999e+00  1.21925000e-06  0.00000000e+00  1.21925000e-06 -9.00851388e-09 
 1.21975000e-06  3.29999999e+00  1.21975000e-06  3.29999999e+00  1.21975000e-06  0.00000000e+00  1.21975000e-06 -8.90915793e-09 
 1.22000000e-06  3.29999999e+00  1.22000000e-06  3.29999999e+00  1.22000000e-06  0.00000000e+00  1.22000000e-06 -8.86037232e-09 
 1.22001000e-06  3.32225542e+00  1.22001000e-06  3.32226318e+00  1.22001000e-06  3.30000000e-01  1.22001000e-06  4.12638629e-04 
 1.22003000e-06  3.36411898e+00  1.22003000e-06  3.36415043e+00  1.22003000e-06  9.90000000e-01  1.22003000e-06  4.61531303e-04 
 1.22007000e-06  3.44578169e+00  1.22007000e-06  3.44577058e+00  1.22007000e-06  2.31000000e+00  1.22007000e-06  4.57975066e-04 
 1.22010000e-06  3.48361481e+00  1.22010000e-06  3.48366017e+00  1.22010000e-06  3.30000000e+00  1.22010000e-06  2.91683333e-04 
 1.22010412e-06  3.48271217e+00  1.22010412e-06  3.48285666e+00  1.22010412e-06  3.30000000e+00  1.22010412e-06 -1.14024935e-05 
 1.22011237e-06  3.48001566e+00  1.22011237e-06  3.48044840e+00  1.22011237e-06  3.30000000e+00  1.22011237e-06 -3.88373821e-05 
 1.22012886e-06  3.46897297e+00  1.22012886e-06  3.47040121e+00  1.22012886e-06  3.30000000e+00  1.22012886e-06 -5.27545688e-05 
 1.22016185e-06  3.43934924e+00  1.22016185e-06  3.44236552e+00  1.22016185e-06  3.30000000e+00  1.22016185e-06 -7.13420663e-05 
 1.22021217e-06  3.28669807e+00  1.22021217e-06  3.27983700e+00  1.22021217e-06  3.30000000e+00  1.22021217e-06 -9.43418879e-05 
 1.22026371e-06  3.04013705e+00  1.22026371e-06  2.98808725e+00  1.22026371e-06  3.30000000e+00  1.22026371e-06 -1.29370909e-04 
 1.22033094e-06  2.66756022e+00  1.22033094e-06  2.59124623e+00  1.22033094e-06  3.30000000e+00  1.22033094e-06 -9.85833124e-05 
 1.22041170e-06  2.27327548e+00  1.22041170e-06  2.16153353e+00  1.22041170e-06  3.30000000e+00  1.22041170e-06 -1.69322825e-04 
 1.22053458e-06  1.97752268e+00  1.22053458e-06  1.66009814e+00  1.22053458e-06  3.30000000e+00  1.22053458e-06 -2.20127668e-04 
 1.22066491e-06  2.25538121e+00  1.22066491e-06  1.15193981e+00  1.22066491e-06  3.30000000e+00  1.22066491e-06 -3.28959013e-04 
 1.22078463e-06  2.74592880e+00  1.22078463e-06  7.67317669e-01  1.22078463e-06  3.30000000e+00  1.22078463e-06 -2.36161348e-04 
 1.22090338e-06  3.08293435e+00  1.22090338e-06  4.87248054e-01  1.22090338e-06  3.30000000e+00  1.22090338e-06 -1.71147614e-04 
 1.22102999e-06  3.21878965e+00  1.22102999e-06  2.56605889e-01  1.22102999e-06  3.30000000e+00  1.22102999e-06 -4.24557647e-05 
 1.22121546e-06  3.27733073e+00  1.22121546e-06  8.76687128e-02  1.22121546e-06  3.30000000e+00  1.22121546e-06 -4.61489559e-05 
 1.22145833e-06  3.29518058e+00  1.22145833e-06  1.41560791e-02  1.22145833e-06  3.30000000e+00  1.22145833e-06  2.01271007e-05 
 1.22171138e-06  3.29956262e+00  1.22171138e-06  3.44389395e-03  1.22171138e-06  3.30000000e+00  1.22171138e-06 -2.48096439e-05 
 1.22206687e-06  3.29987317e+00  1.22206687e-06 -1.07546424e-03  1.22206687e-06  3.30000000e+00  1.22206687e-06  2.41308191e-05 
 1.22252641e-06  3.30010610e+00  1.22252641e-06  9.42986990e-04  1.22252641e-06  3.30000000e+00  1.22252641e-06 -2.40566477e-05 
 1.22302641e-06  3.29991389e+00  1.22302641e-06 -8.69078179e-04  1.22302641e-06  3.30000000e+00  1.22302641e-06  2.39991159e-05 
 1.22352641e-06  3.30007032e+00  1.22352641e-06  8.17263022e-04  1.22352641e-06  3.30000000e+00  1.22352641e-06 -2.39445283e-05 
 1.22402641e-06  3.29994073e+00  1.22402641e-06 -7.63643244e-04  1.22402641e-06  3.30000000e+00  1.22402641e-06  2.38912828e-05 
 1.22452641e-06  3.30005046e+00  1.22452641e-06  7.21603072e-04  1.22452641e-06  3.30000000e+00  1.22452641e-06 -2.38406885e-05 
 1.22502641e-06  3.29995592e+00  1.22502641e-06 -6.76139576e-04  1.22502641e-06  3.30000000e+00  1.22502641e-06  2.37920412e-05 
 1.22552641e-06  3.30003850e+00  1.22552641e-06  6.39852298e-04  1.22552641e-06  3.30000000e+00  1.22552641e-06 -2.37463375e-05 
 1.22602641e-06  3.29996571e+00  1.22602641e-06 -6.00578330e-04  1.22602641e-06  3.30000000e+00  1.22602641e-06  2.37027281e-05 
 1.22652641e-06  3.30003031e+00  1.22652641e-06  5.68833741e-04  1.22652641e-06  3.30000000e+00  1.22652641e-06 -2.36619450e-05 
 1.22702641e-06  3.29997278e+00  1.22702641e-06 -5.34503169e-04  1.22702641e-06  3.30000000e+00  1.22702641e-06  2.36231513e-05 
 1.22752641e-06  3.30002414e+00  1.22752641e-06  5.06599426e-04  1.22752641e-06  3.30000000e+00  1.22752641e-06 -2.35869393e-05 
 1.22802641e-06  3.29997827e+00  1.22802641e-06 -4.76463200e-04  1.22802641e-06  3.30000000e+00  1.22802641e-06  2.35525184e-05 
 1.22852641e-06  3.30001925e+00  1.22852641e-06  4.51851728e-04  1.22852641e-06  3.30000000e+00  1.22852641e-06 -2.35204069e-05 
 1.22902641e-06  3.29998270e+00  1.22902641e-06 -4.25322831e-04  1.22902641e-06  3.30000000e+00  1.22902641e-06  2.34898774e-05 
 1.22952641e-06  3.30001526e+00  1.22952641e-06  4.03519938e-04  1.22952641e-06  3.30000000e+00  1.22952641e-06 -2.34614042e-05 
 1.23002641e-06  3.29998633e+00  1.23002641e-06 -3.80208652e-04  1.23002641e-06  3.30000000e+00  1.23002641e-06  2.34343109e-05 
 1.23052641e-06  3.30001198e+00  1.23052641e-06  3.60871259e-04  1.23052641e-06  3.30000000e+00  1.23052641e-06 -2.34090324e-05 
 1.23102641e-06  3.29998932e+00  1.23102641e-06 -3.40253380e-04  1.23102641e-06  3.30000000e+00  1.23102641e-06  2.33849666e-05 
 1.23152641e-06  3.30000927e+00  1.23152641e-06  3.23117035e-04  1.23152641e-06  3.30000000e+00  1.23152641e-06 -2.33625098e-05 
 1.23202641e-06  3.29999179e+00  1.23202641e-06 -3.04859788e-04  1.23202641e-06  3.30000000e+00  1.23202641e-06  2.33411104e-05 
 1.23252641e-06  3.30000703e+00  1.23252641e-06  2.89657315e-04  1.23252641e-06  3.30000000e+00  1.23252641e-06 -2.33211379e-05 
 1.23302641e-06  3.29999384e+00  1.23302641e-06 -2.73466544e-04  1.23302641e-06  3.30000000e+00  1.23302641e-06  2.33020866e-05 
 1.23352641e-06  3.30000519e+00  1.23352641e-06  2.59964472e-04  1.23352641e-06  3.30000000e+00  1.23352641e-06 -2.32843029e-05 
 1.23402641e-06  3.29999552e+00  1.23402641e-06 -2.45582603e-04  1.23402641e-06  3.30000000e+00  1.23402641e-06  2.32673218e-05 
 1.23452641e-06  3.30000367e+00  1.23452641e-06  2.33584018e-04  1.23452641e-06  3.30000000e+00  1.23452641e-06 -2.32514682e-05 
 1.23502641e-06  3.29999690e+00  1.23502641e-06 -2.20795613e-04  1.23502641e-06  3.30000000e+00  1.23502641e-06  2.32363124e-05 
 1.23552641e-06  3.30000243e+00  1.23552641e-06  2.10099869e-04  1.23552641e-06  3.30000000e+00  1.23552641e-06 -2.32221638e-05 
 1.23602641e-06  3.29999803e+00  1.23602641e-06 -1.98724713e-04  1.23602641e-06  3.30000000e+00  1.23602641e-06  2.32086223e-05 
 1.23652641e-06  3.30000142e+00  1.23652641e-06  1.89192086e-04  1.23652641e-06  3.30000000e+00  1.23652641e-06 -2.31959791e-05 
 1.23702641e-06  3.29999894e+00  1.23702641e-06 -1.79045493e-04  1.23702641e-06  3.30000000e+00  1.23702641e-06  2.31838645e-05 
 1.23752641e-06  3.30000060e+00  1.23752641e-06  1.70545537e-04  1.23752641e-06  3.30000000e+00  1.23752641e-06 -2.31725552e-05 
 1.23802641e-06  3.29999967e+00  1.23802641e-06 -1.61479332e-04  1.23802641e-06  3.30000000e+00  1.23802641e-06  2.31617014e-05 
 1.23852641e-06  3.29999996e+00  1.23852641e-06  1.53890938e-04  1.23852641e-06  3.30000000e+00  1.23852641e-06 -2.31515733e-05 
 1.23902641e-06  3.30000026e+00  1.23902641e-06 -1.45786668e-04  1.23902641e-06  3.30000000e+00  1.23902641e-06  2.31418427e-05 
 1.23952641e-06  3.29999945e+00  1.23952641e-06  1.39003034e-04  1.23952641e-06  3.30000000e+00  1.23952641e-06 -2.31327615e-05 
 1.24002641e-06  3.30000072e+00  1.24002641e-06 -1.31745997e-04  1.24002641e-06  3.30000000e+00  1.24002641e-06  2.31240251e-05 
 1.24052641e-06  3.29999905e+00  1.24052641e-06  1.25675552e-04  1.24052641e-06  3.30000000e+00  1.24052641e-06 -2.31158732e-05 
 1.24102641e-06  3.30000107e+00  1.24102641e-06 -1.19169105e-04  1.24102641e-06  3.30000000e+00  1.24102641e-06  2.31080205e-05 
 1.24152641e-06  3.29999874e+00  1.24152641e-06  1.13732774e-04  1.24152641e-06  3.30000000e+00  1.24152641e-06 -2.31006961e-05 
 1.24202641e-06  3.30000134e+00  1.24202641e-06 -1.07891184e-04  1.24202641e-06  3.30000000e+00  1.24202641e-06  2.30936294e-05 
 1.24252641e-06  3.29999851e+00  1.24252641e-06  1.03017675e-04  1.24252641e-06  3.30000000e+00  1.24252641e-06 -2.30870416e-05 
 1.24302641e-06  3.30000154e+00  1.24302641e-06 -9.77664452e-05  1.24302641e-06  3.30000000e+00  1.24302641e-06  2.30806749e-05 
 1.24352641e-06  3.29999835e+00  1.24352641e-06  9.33931557e-05  1.24352641e-06  3.30000000e+00  1.24352641e-06 -2.30747436e-05 
 1.24402641e-06  3.30000168e+00  1.24402641e-06 -8.86668487e-05  1.24402641e-06  3.30000000e+00  1.24402641e-06  2.30690013e-05 
 1.24452641e-06  3.29999824e+00  1.24452641e-06  8.47386326e-05  1.24452641e-06  3.30000000e+00  1.24452641e-06 -2.30636558e-05 
 1.24502641e-06  3.30000177e+00  1.24502641e-06 -8.04796727e-05  1.24502641e-06  3.30000000e+00  1.24502641e-06  2.30584711e-05 
 1.24552641e-06  3.29999817e+00  1.24552641e-06  7.69479046e-05  1.24552641e-06  3.30000000e+00  1.24552641e-06 -2.30536490e-05 
 1.24602641e-06  3.30000182e+00  1.24602641e-06 -7.31055704e-05  1.24602641e-06  3.30000000e+00  1.24602641e-06  2.30489628e-05 
 1.24652641e-06  3.29999813e+00  1.24652641e-06  6.99273334e-05  1.24652641e-06  3.30000000e+00  1.24652641e-06 -2.30446089e-05 
 1.24702641e-06  3.30000184e+00  1.24702641e-06 -6.64568844e-05  1.24702641e-06  3.30000000e+00  1.24702641e-06  2.30403689e-05 
 1.24752641e-06  3.29999813e+00  1.24752641e-06  6.35942625e-05  1.24752641e-06  3.30000000e+00  1.24752641e-06 -2.30364343e-05 
 1.24802641e-06  3.30000184e+00  1.24802641e-06 -6.04561827e-05  1.24802641e-06  3.30000000e+00  1.24802641e-06  2.30325941e-05 
 1.24852641e-06  3.29999814e+00  1.24852641e-06  5.78756434e-05  1.24852641e-06  3.30000000e+00  1.24852641e-06 -2.30290355e-05 
 1.24902641e-06  3.30000182e+00  1.24902641e-06 -5.50349859e-05  1.24902641e-06  3.30000000e+00  1.24902641e-06  2.30255540e-05 
 1.24952641e-06  3.29999818e+00  1.24952641e-06  5.27068420e-05  1.24952641e-06  3.30000000e+00  1.24952641e-06 -2.30223328e-05 
 1.25002641e-06  3.30000178e+00  1.25002641e-06 -5.01326607e-05  1.25002641e-06  3.30000000e+00  1.25002641e-06  2.30191736e-05 
 1.25052641e-06  3.29999822e+00  1.25052641e-06  4.80306007e-05  1.25052641e-06  3.30000000e+00  1.25052641e-06 -2.30162557e-05 
 1.25102641e-06  3.30000173e+00  1.25102641e-06 -4.56954560e-05  1.25102641e-06  3.30000000e+00  1.25102641e-06  2.30133862e-05 
 1.25152641e-06  3.29999828e+00  1.25152641e-06  4.37961353e-05  1.25152641e-06  3.30000000e+00  1.25152641e-06 -2.30107411e-05 
 1.25202641e-06  3.30000167e+00  1.25202641e-06 -4.16756653e-05  1.25202641e-06  3.30000000e+00  1.25202641e-06  2.30081324e-05 
 1.25252641e-06  3.29999835e+00  1.25252641e-06  3.99583479e-05  1.25252641e-06  3.30000000e+00  1.25252641e-06 -2.30057330e-05 
 1.25302641e-06  3.30000160e+00  1.25302641e-06 -3.80308950e-05  1.25302641e-06  3.30000000e+00  1.25302641e-06  2.30033593e-05 
 1.25352641e-06  3.29999841e+00  1.25352641e-06  3.64771419e-05  1.25352641e-06  3.30000000e+00  1.25352641e-06 -2.30011813e-05 
 1.25402641e-06  3.30000153e+00  1.25402641e-06 -3.47234278e-05  1.25402641e-06  3.30000000e+00  1.25402641e-06  2.29990196e-05 
 1.25452641e-06  3.29999849e+00  1.25452641e-06  3.33168233e-05  1.25452641e-06  3.30000000e+00  1.25452641e-06 -2.29970416e-05 
 1.25502641e-06  3.30000146e+00  1.25502641e-06 -3.17196655e-05  1.25502641e-06  3.30000000e+00  1.25502641e-06  2.29950713e-05 
 1.25552641e-06  3.29999856e+00  1.25552641e-06  3.04455791e-05  1.25552641e-06  3.30000000e+00  1.25552641e-06 -2.29932738e-05 
 1.25602641e-06  3.30000139e+00  1.25602641e-06 -2.89896436e-05  1.25602641e-06  3.30000000e+00  1.25602641e-06  2.29914765e-05 
 1.25652641e-06  3.29999863e+00  1.25652641e-06  2.78350207e-05  1.25652641e-06  3.30000000e+00  1.25652641e-06 -2.29898422e-05 
 1.25702641e-06  3.30000131e+00  1.25702641e-06 -2.65066061e-05  1.25702641e-06  3.30000000e+00  1.25702641e-06  2.29882014e-05 
 1.25752641e-06  3.29999871e+00  1.25752641e-06  2.54597848e-05  1.25752641e-06  3.30000000e+00  1.25752641e-06 -2.29867150e-05 
 1.25802641e-06  3.30000124e+00  1.25802641e-06 -2.42466333e-05  1.25802641e-06  3.30000000e+00  1.25802641e-06  2.29852159e-05 
 1.25852641e-06  3.29999878e+00  1.25852641e-06  2.32971843e-05  1.25852641e-06  3.30000000e+00  1.25852641e-06 -2.29838632e-05 
 1.25902641e-06  3.30000117e+00  1.25902641e-06 -2.21883162e-05  1.25902641e-06  3.30000000e+00  1.25902641e-06  2.29824926e-05 
 1.25952641e-06  3.29999885e+00  1.25952641e-06  2.13269016e-05  1.25952641e-06  3.30000000e+00  1.25952641e-06 -2.29812613e-05 
 1.26002641e-06  3.30000110e+00  1.26002641e-06 -2.03124702e-05  1.26002641e-06  3.30000000e+00  1.26002641e-06  2.29800071e-05 
 1.26052641e-06  3.29999892e+00  1.26052641e-06  1.95307205e-05  1.26052641e-06  3.30000000e+00  1.26052641e-06 -2.29788859e-05 
 1.26102641e-06  3.30000103e+00  1.26102641e-06 -1.86018848e-05  1.26102641e-06  3.30000000e+00  1.26102641e-06  2.29777375e-05 
 1.26152641e-06  3.29999899e+00  1.26152641e-06  1.78922897e-05  1.26152641e-06  3.30000000e+00  1.26152641e-06 -2.29767163e-05 
 1.26202641e-06  3.30000097e+00  1.26202641e-06 -1.70411028e-05  1.26202641e-06  3.30000000e+00  1.26202641e-06  2.29756640e-05 
 1.26252641e-06  3.29999905e+00  1.26252641e-06  1.63969156e-05  1.26252641e-06  3.30000000e+00  1.26252641e-06 -2.29747337e-05 
 1.26302641e-06  3.30000090e+00  1.26302641e-06 -1.56162261e-05  1.26302641e-06  3.30000000e+00  1.26302641e-06  2.29737687e-05 
 1.26352641e-06  3.29999911e+00  1.26352641e-06  1.50313799e-05  1.26352641e-06  3.30000000e+00  1.26352641e-06 -2.29729210e-05 
 1.26402641e-06  3.30000084e+00  1.26402641e-06 -1.43147454e-05  1.26402641e-06  3.30000000e+00  1.26402641e-06  2.29720354e-05 
 1.26452641e-06  3.29999917e+00  1.26452641e-06  1.37837786e-05  1.26452641e-06  3.30000000e+00  1.26452641e-06 -2.29712630e-05 
 1.26502641e-06  3.30000079e+00  1.26502641e-06 -1.31253891e-05  1.26502641e-06  3.30000000e+00  1.26502641e-06  2.29704498e-05 
 1.26552641e-06  3.29999918e+00  1.26552641e-06  1.36505378e-05  1.26552641e-06  3.30000000e+00  1.26552641e-06 -2.29697388e-05 
 1.26602641e-06  3.30000055e+00  1.26602641e-06 -1.02281577e-05  1.26602641e-06  3.30000000e+00  1.26602641e-06  2.29688488e-05 
 1.26652641e-06  3.29999909e+00  1.26652641e-06  1.31846644e-05  1.26652641e-06  3.30000000e+00  1.26652641e-06 -2.29684963e-05 
 1.26702641e-06  3.30000052e+00  1.26702641e-06 -9.51247808e-06  1.26702641e-06  3.30000000e+00  1.26702641e-06  2.29675471e-05 
 1.26752641e-06  3.29999917e+00  1.26752641e-06  1.21310530e-05  1.26752641e-06  3.30000000e+00  1.26752641e-06 -2.29672075e-05 
 1.26802641e-06  3.30000048e+00  1.26802641e-06 -8.72666783e-06  1.26802641e-06  3.30000000e+00  1.26802641e-06  2.29663335e-05 
 1.26852641e-06  3.29999924e+00  1.26852641e-06  1.11394185e-05  1.26852641e-06  3.30000000e+00  1.26852641e-06 -2.29660278e-05 
 1.26902641e-06  3.30000044e+00  1.26902641e-06 -8.00222327e-06  1.26902641e-06  3.30000000e+00  1.26902641e-06  2.29652249e-05 
 1.26952641e-06  3.29999929e+00  1.26952641e-06  1.02297015e-05  1.26952641e-06  3.30000000e+00  1.26952641e-06 -2.29649494e-05 
 1.27002641e-06  3.30000041e+00  1.27002641e-06 -7.33933267e-06  1.27002641e-06  3.30000000e+00  1.27002641e-06  2.29642107e-05 
 1.27010000e-06  3.29999944e+00  1.27010000e-06  7.59657695e-06  1.27010000e-06  3.30000000e+00  1.27010000e-06 -2.29615597e-05 
 1.27011000e-06  3.29705272e+00  1.27011000e-06 -3.04107185e-03  1.27011000e-06  2.97000000e+00  1.27011000e-06 -2.80800457e-04 
 1.27013000e-06  3.27700270e+00  1.27013000e-06 -2.17227461e-02  1.27013000e-06  2.31000000e+00  1.27013000e-06 -3.66850063e-04 
 1.27017000e-06  3.24426708e+00  1.27017000e-06 -3.04928406e-02  1.27017000e-06  9.90000000e-01  1.27017000e-06 -7.89086472e-04 
 1.27020000e-06  3.25829038e+00  1.27020000e-06  4.65786321e-02  1.27020000e-06  1.28119737e-12  1.27020000e-06 -1.13617442e-03 
 1.27020359e-06  3.26779327e+00  1.27020359e-06  6.58278653e-02  1.27020359e-06  0.00000000e+00  1.27020359e-06 -7.88490153e-04 
 1.27021076e-06  3.28543277e+00  1.27021076e-06  1.03887372e-01  1.27021076e-06  0.00000000e+00  1.27021076e-06 -7.75093094e-04 
 1.27022511e-06  3.31458663e+00  1.27022511e-06  1.77482725e-01  1.27022511e-06  0.00000000e+00  1.27022511e-06 -7.55468607e-04 
 1.27025380e-06  3.35480710e+00  1.27025380e-06  3.19558219e-01  1.27025380e-06  0.00000000e+00  1.27025380e-06 -7.19394198e-04 
 1.27031118e-06  3.39904038e+00  1.27031118e-06  6.12104220e-01  1.27031118e-06  0.00000000e+00  1.27031118e-06 -6.69950497e-04 
 1.27041203e-06  3.46872938e+00  1.27041203e-06  1.26653713e+00  1.27041203e-06  0.00000000e+00  1.27041203e-06 -4.81626575e-04 
 1.27050606e-06  3.51204374e+00  1.27050606e-06  1.90937526e+00  1.27050606e-06  0.00000000e+00  1.27050606e-06 -2.78056303e-04 
 1.27062795e-06  3.47131810e+00  1.27062795e-06  2.49154645e+00  1.27062795e-06  0.00000000e+00  1.27062795e-06 -1.32705751e-04 
 1.27073842e-06  3.42557710e+00  1.27073842e-06  2.81612272e+00  1.27073842e-06  0.00000000e+00  1.27073842e-06 -5.90951188e-05 
 1.27088003e-06  3.36968175e+00  1.27088003e-06  3.08320602e+00  1.27088003e-06  0.00000000e+00  1.27088003e-06 -2.69419587e-05 
 1.27104408e-06  3.33078855e+00  1.27104408e-06  3.22247745e+00  1.27104408e-06  0.00000000e+00  1.27104408e-06 -1.26781651e-05 
 1.27124047e-06  3.31039781e+00  1.27124047e-06  3.27911456e+00  1.27124047e-06  0.00000000e+00  1.27124047e-06 -8.41936671e-07 
 1.27156934e-06  3.30075547e+00  1.27156934e-06  3.29958875e+00  1.27156934e-06  0.00000000e+00  1.27156934e-06 -3.50433476e-06 
 1.27203212e-06  3.29987056e+00  1.27203212e-06  3.30003367e+00  1.27203212e-06  0.00000000e+00  1.27203212e-06  2.07194443e-06 
 1.27253212e-06  3.30003893e+00  1.27253212e-06  3.30000062e+00  1.27253212e-06  0.00000000e+00  1.27253212e-06 -3.07151957e-06 
 1.27303212e-06  3.29998726e+00  1.27303212e-06  3.29999982e+00  1.27303212e-06  0.00000000e+00  1.27303212e-06  2.40809691e-06 
 1.27353212e-06  3.30000814e+00  1.27353212e-06  3.30000123e+00  1.27353212e-06  0.00000000e+00  1.27353212e-06 -2.95073688e-06 
 1.27403212e-06  3.29999607e+00  1.27403212e-06  3.30000011e+00  1.27403212e-06  0.00000000e+00  1.27403212e-06  2.53453864e-06 
 1.27453212e-06  3.30000360e+00  1.27453212e-06  3.30000042e+00  1.27453212e-06  0.00000000e+00  1.27453212e-06 -2.89611762e-06 
 1.27503212e-06  3.29999821e+00  1.27503212e-06  3.30000014e+00  1.27503212e-06  0.00000000e+00  1.27503212e-06  2.59856238e-06 
 1.27553212e-06  3.30000182e+00  1.27553212e-06  3.30000020e+00  1.27553212e-06  0.00000000e+00  1.27553212e-06 -2.86486099e-06 
 1.27603212e-06  3.29999913e+00  1.27603212e-06  3.30000010e+00  1.27603212e-06  0.00000000e+00  1.27603212e-06  2.63503249e-06 
 1.27653212e-06  3.30000098e+00  1.27653212e-06  3.30000012e+00  1.27653212e-06  0.00000000e+00  1.27653212e-06 -2.84440561e-06 
 1.27703212e-06  3.29999959e+00  1.27703212e-06  3.30000007e+00  1.27703212e-06  0.00000000e+00  1.27703212e-06  2.65814912e-06 
 1.27753212e-06  3.30000055e+00  1.27753212e-06  3.30000008e+00  1.27753212e-06  0.00000000e+00  1.27753212e-06 -2.82982557e-06 
 1.27803212e-06  3.29999982e+00  1.27803212e-06  3.30000005e+00  1.27803212e-06  0.00000000e+00  1.27803212e-06  2.67383006e-06 
 1.27853212e-06  3.30000031e+00  1.27853212e-06  3.30000005e+00  1.27853212e-06  0.00000000e+00  1.27853212e-06 -2.81888271e-06 
 1.27903212e-06  3.29999993e+00  1.27903212e-06  3.30000003e+00  1.27903212e-06  0.00000000e+00  1.27903212e-06  2.68505827e-06 
 1.27953212e-06  3.30000019e+00  1.27953212e-06  3.30000003e+00  1.27953212e-06  0.00000000e+00  1.27953212e-06 -2.81038743e-06 
 1.28003212e-06  3.29999998e+00  1.28003212e-06  3.30000002e+00  1.28003212e-06  0.00000000e+00  1.28003212e-06  2.69345873e-06 
 1.28053212e-06  3.30000011e+00  1.28053212e-06  3.30000002e+00  1.28053212e-06  0.00000000e+00  1.28053212e-06 -2.80362890e-06 
 1.28103212e-06  3.30000001e+00  1.28103212e-06  3.30000002e+00  1.28103212e-06  0.00000000e+00  1.28103212e-06  2.69997132e-06 
 1.28153212e-06  3.30000007e+00  1.28153212e-06  3.30000002e+00  1.28153212e-06  0.00000000e+00  1.28153212e-06 -2.79814708e-06 
 1.28203212e-06  3.30000002e+00  1.28203212e-06  3.30000001e+00  1.28203212e-06  0.00000000e+00  1.28203212e-06  2.70516784e-06 
 1.28253212e-06  3.30000005e+00  1.28253212e-06  3.30000001e+00  1.28253212e-06  0.00000000e+00  1.28253212e-06 -2.79362805e-06 
 1.28303212e-06  3.30000002e+00  1.28303212e-06  3.30000001e+00  1.28303212e-06  0.00000000e+00  1.28303212e-06  2.70941213e-06 
 1.28353212e-06  3.30000003e+00  1.28353212e-06  3.30000001e+00  1.28353212e-06  0.00000000e+00  1.28353212e-06 -2.78984982e-06 
 1.28403212e-06  3.30000002e+00  1.28403212e-06  3.30000000e+00  1.28403212e-06  0.00000000e+00  1.28403212e-06  2.71294525e-06 
 1.28453212e-06  3.30000002e+00  1.28453212e-06  3.30000000e+00  1.28453212e-06  0.00000000e+00  1.28453212e-06 -2.78665138e-06 
 1.28503212e-06  3.30000001e+00  1.28503212e-06  3.30000000e+00  1.28503212e-06  0.00000000e+00  1.28503212e-06  2.71593281e-06 
 1.28553212e-06  3.30000002e+00  1.28553212e-06  3.30000000e+00  1.28553212e-06  0.00000000e+00  1.28553212e-06 -2.78391354e-06 
 1.28603212e-06  3.30000001e+00  1.28603212e-06  3.30000000e+00  1.28603212e-06  0.00000000e+00  1.28603212e-06  2.71849232e-06 
 1.28653212e-06  3.30000001e+00  1.28653212e-06  3.30000000e+00  1.28653212e-06  0.00000000e+00  1.28653212e-06 -2.78154656e-06 
 1.28703212e-06  3.30000001e+00  1.28703212e-06  3.30000000e+00  1.28703212e-06  0.00000000e+00  1.28703212e-06  2.72070940e-06 
 1.28753212e-06  3.30000001e+00  1.28753212e-06  3.30000000e+00  1.28753212e-06  0.00000000e+00  1.28753212e-06 -2.77948187e-06 
 1.28803212e-06  3.30000001e+00  1.28803212e-06  3.30000000e+00  1.28803212e-06  0.00000000e+00  1.28803212e-06  2.72264817e-06 
 1.28853212e-06  3.30000001e+00  1.28853212e-06  3.30000000e+00  1.28853212e-06  0.00000000e+00  1.28853212e-06 -2.77766641e-06 
 1.28903212e-06  3.30000001e+00  1.28903212e-06  3.30000000e+00  1.28903212e-06  0.00000000e+00  1.28903212e-06  2.72435758e-06 
 1.28953212e-06  3.30000000e+00  1.28953212e-06  3.30000000e+00  1.28953212e-06  0.00000000e+00  1.28953212e-06 -2.77605854e-06 
 1.29003212e-06  3.30000000e+00  1.29003212e-06  3.29999999e+00  1.29003212e-06  0.00000000e+00  1.29003212e-06  2.72587572e-06 
 1.29053212e-06  3.30000000e+00  1.29053212e-06  3.29999999e+00  1.29053212e-06  0.00000000e+00  1.29053212e-06 -2.77462524e-06 
 1.29103212e-06  3.30000000e+00  1.29103212e-06  3.29999999e+00  1.29103212e-06  0.00000000e+00  1.29103212e-06  2.72723264e-06 
 1.29153212e-06  3.30000000e+00  1.29153212e-06  3.29999999e+00  1.29153212e-06  0.00000000e+00  1.29153212e-06 -2.77334003e-06 
 1.29203212e-06  3.30000000e+00  1.29203212e-06  3.29999999e+00  1.29203212e-06  0.00000000e+00  1.29203212e-06  2.72845246e-06 
 1.29253212e-06  3.30000000e+00  1.29253212e-06  3.29999999e+00  1.29253212e-06  0.00000000e+00  1.29253212e-06 -2.77218145e-06 
 1.29303212e-06  3.30000000e+00  1.29303212e-06  3.29999999e+00  1.29303212e-06  0.00000000e+00  1.29303212e-06  2.72955470e-06 
 1.29353212e-06  3.30000000e+00  1.29353212e-06  3.29999999e+00  1.29353212e-06  0.00000000e+00  1.29353212e-06 -2.77113193e-06 
 1.29403212e-06  3.30000000e+00  1.29403212e-06  3.29999999e+00  1.29403212e-06  0.00000000e+00  1.29403212e-06  2.73055537e-06 
 1.29453212e-06  3.30000000e+00  1.29453212e-06  3.29999999e+00  1.29453212e-06  0.00000000e+00  1.29453212e-06 -2.77017698e-06 
 1.29503212e-06  3.30000000e+00  1.29503212e-06  3.29999999e+00  1.29503212e-06  0.00000000e+00  1.29503212e-06  2.73146773e-06 
 1.29553212e-06  3.30000000e+00  1.29553212e-06  3.29999999e+00  1.29553212e-06  0.00000000e+00  1.29553212e-06 -2.76930455e-06 
 1.29603212e-06  3.30000000e+00  1.29603212e-06  3.29999999e+00  1.29603212e-06  0.00000000e+00  1.29603212e-06  2.73230282e-06 
 1.29653212e-06  3.30000000e+00  1.29653212e-06  3.29999999e+00  1.29653212e-06  0.00000000e+00  1.29653212e-06 -2.76850453e-06 
 1.29703212e-06  3.30000000e+00  1.29703212e-06  3.29999999e+00  1.29703212e-06  0.00000000e+00  1.29703212e-06  2.73306994e-06 
 1.29753212e-06  3.30000000e+00  1.29753212e-06  3.29999999e+00  1.29753212e-06  0.00000000e+00  1.29753212e-06 -2.76776838e-06 
 1.29803212e-06  3.30000000e+00  1.29803212e-06  3.29999999e+00  1.29803212e-06  0.00000000e+00  1.29803212e-06  2.73377695e-06 
 1.29853212e-06  3.29999999e+00  1.29853212e-06  3.29999999e+00  1.29853212e-06  0.00000000e+00  1.29853212e-06 -2.76708884e-06 
 1.29903212e-06  3.29999999e+00  1.29903212e-06  3.29999999e+00  1.29903212e-06  0.00000000e+00  1.29903212e-06  2.73443058e-06 
 1.29953212e-06  3.29999999e+00  1.29953212e-06  3.29999999e+00  1.29953212e-06  0.00000000e+00  1.29953212e-06 -2.76645970e-06 
 1.30000000e-06  3.29999999e+00  1.30000000e-06  3.29999999e+00  1.30000000e-06  0.00000000e+00  1.30000000e-06  2.73501778e-06 
