 1.00000000e+00  4.94817265e+01  1.00000000e+00  3.14153148e+00 
 1.00575862e+00  4.94817265e+01  1.00575862e+00  3.14153112e+00 
 1.01155041e+00  4.94817265e+01  1.01155041e+00  3.14153077e+00 
 1.01737555e+00  4.94817265e+01  1.01737555e+00  3.14153041e+00 
 1.02323424e+00  4.94817265e+01  1.02323424e+00  3.14153006e+00 
 1.02912666e+00  4.94817265e+01  1.02912666e+00  3.14152970e+00 
 1.03505301e+00  4.94817265e+01  1.03505301e+00  3.14152933e+00 
 1.04101349e+00  4.94817265e+01  1.04101349e+00  3.14152897e+00 
 1.04700830e+00  4.94817265e+01  1.04700830e+00  3.14152860e+00 
 1.05303763e+00  4.94817265e+01  1.05303763e+00  3.14152823e+00 
 1.05910168e+00  4.94817265e+01  1.05910168e+00  3.14152786e+00 
 1.06520065e+00  4.94817265e+01  1.06520065e+00  3.14152749e+00 
 1.07133474e+00  4.94817265e+01  1.07133474e+00  3.14152711e+00 
 1.07750415e+00  4.94817265e+01  1.07750415e+00  3.14152674e+00 
 1.08370910e+00  4.94817265e+01  1.08370910e+00  3.14152636e+00 
 1.08994977e+00  4.94817265e+01  1.08994977e+00  3.14152597e+00 
 1.09622638e+00  4.94817265e+01  1.09622638e+00  3.14152559e+00 
 1.10253914e+00  4.94817265e+01  1.10253914e+00  3.14152520e+00 
 1.10888825e+00  4.94817265e+01  1.10888825e+00  3.14152482e+00 
 1.11527392e+00  4.94817265e+01  1.11527392e+00  3.14152442e+00 
 1.12169636e+00  4.94817265e+01  1.12169636e+00  3.14152403e+00 
 1.12815579e+00  4.94817265e+01  1.12815579e+00  3.14152364e+00 
 1.13465242e+00  4.94817265e+01  1.13465242e+00  3.14152324e+00 
 1.14118646e+00  4.94817265e+01  1.14118646e+00  3.14152284e+00 
 1.14775812e+00  4.94817265e+01  1.14775812e+00  3.14152244e+00 
 1.15436763e+00  4.94817265e+01  1.15436763e+00  3.14152203e+00 
 1.16101520e+00  4.94817265e+01  1.16101520e+00  3.14152163e+00 
 1.16770105e+00  4.94817265e+01  1.16770105e+00  3.14152122e+00 
 1.17442540e+00  4.94817265e+01  1.17442540e+00  3.14152081e+00 
 1.18118848e+00  4.94817265e+01  1.18118848e+00  3.14152039e+00 
 1.18799050e+00  4.94817265e+01  1.18799050e+00  3.14151998e+00 
 1.19483169e+00  4.94817265e+01  1.19483169e+00  3.14151956e+00 
 1.20171228e+00  4.94817265e+01  1.20171228e+00  3.14151914e+00 
 1.20863249e+00  4.94817265e+01  1.20863249e+00  3.14151871e+00 
 1.21559255e+00  4.94817265e+01  1.21559255e+00  3.14151829e+00 
 1.22259269e+00  4.94817265e+01  1.22259269e+00  3.14151786e+00 
 1.22963314e+00  4.94817265e+01  1.22963314e+00  3.14151743e+00 
 1.23671414e+00  4.94817265e+01  1.23671414e+00  3.14151700e+00 
 1.24383591e+00  4.94817265e+01  1.24383591e+00  3.14151656e+00 
 1.25099870e+00  4.94817265e+01  1.25099870e+00  3.14151612e+00 
 1.25820273e+00  4.94817265e+01  1.25820273e+00  3.14151568e+00 
 1.26544825e+00  4.94817265e+01  1.26544825e+00  3.14151524e+00 
 1.27273549e+00  4.94817265e+01  1.27273549e+00  3.14151479e+00 
 1.28006470e+00  4.94817265e+01  1.28006470e+00  3.14151434e+00 
 1.28743611e+00  4.94817265e+01  1.28743611e+00  3.14151389e+00 
 1.29484997e+00  4.94817265e+01  1.29484997e+00  3.14151344e+00 
 1.30230653e+00  4.94817265e+01  1.30230653e+00  3.14151298e+00 
 1.30980602e+00  4.94817265e+01  1.30980602e+00  3.14151252e+00 
 1.31734870e+00  4.94817265e+01  1.31734870e+00  3.14151206e+00 
 1.32493482e+00  4.94817265e+01  1.32493482e+00  3.14151160e+00 
 1.33256462e+00  4.94817265e+01  1.33256462e+00  3.14151113e+00 
 1.34023836e+00  4.94817265e+01  1.34023836e+00  3.14151066e+00 
 1.34795629e+00  4.94817265e+01  1.34795629e+00  3.14151019e+00 
 1.35571867e+00  4.94817265e+01  1.35571867e+00  3.14150972e+00 
 1.36352574e+00  4.94817265e+01  1.36352574e+00  3.14150924e+00 
 1.37137778e+00  4.94817265e+01  1.37137778e+00  3.14150876e+00 
 1.37927503e+00  4.94817265e+01  1.37927503e+00  3.14150827e+00 
 1.38721775e+00  4.94817265e+01  1.38721775e+00  3.14150779e+00 
 1.39520622e+00  4.94817265e+01  1.39520622e+00  3.14150730e+00 
 1.40324069e+00  4.94817265e+01  1.40324069e+00  3.14150681e+00 
 1.41132143e+00  4.94817265e+01  1.41132143e+00  3.14150631e+00 
 1.41944870e+00  4.94817265e+01  1.41944870e+00  3.14150582e+00 
 1.42762277e+00  4.94817265e+01  1.42762277e+00  3.14150532e+00 
 1.43584391e+00  4.94817265e+01  1.43584391e+00  3.14150481e+00 
 1.44411240e+00  4.94817265e+01  1.44411240e+00  3.14150431e+00 
 1.45242850e+00  4.94817265e+01  1.45242850e+00  3.14150380e+00 
 1.46079249e+00  4.94817265e+01  1.46079249e+00  3.14150329e+00 
 1.46920465e+00  4.94817265e+01  1.46920465e+00  3.14150277e+00 
 1.47766525e+00  4.94817265e+01  1.47766525e+00  3.14150225e+00 
 1.48617457e+00  4.94817265e+01  1.48617457e+00  3.14150173e+00 
 1.49473289e+00  4.94817265e+01  1.49473289e+00  3.14150121e+00 
 1.50334050e+00  4.94817265e+01  1.50334050e+00  3.14150068e+00 
 1.51199767e+00  4.94817265e+01  1.51199767e+00  3.14150015e+00 
 1.52070470e+00  4.94817265e+01  1.52070470e+00  3.14149962e+00 
 1.52946187e+00  4.94817265e+01  1.52946187e+00  3.14149909e+00 
 1.53826946e+00  4.94817265e+01  1.53826946e+00  3.14149855e+00 
 1.54712778e+00  4.94817265e+01  1.54712778e+00  3.14149801e+00 
 1.55603711e+00  4.94817265e+01  1.55603711e+00  3.14149746e+00 
 1.56499774e+00  4.94817265e+01  1.56499774e+00  3.14149691e+00 
 1.57400998e+00  4.94817265e+01  1.57400998e+00  3.14149636e+00 
 1.58307411e+00  4.94817265e+01  1.58307411e+00  3.14149581e+00 
 1.59219044e+00  4.94817265e+01  1.59219044e+00  3.14149525e+00 
 1.60135927e+00  4.94817265e+01  1.60135927e+00  3.14149469e+00 
 1.61058090e+00  4.94817265e+01  1.61058090e+00  3.14149412e+00 
 1.61985563e+00  4.94817265e+01  1.61985563e+00  3.14149356e+00 
 1.62918377e+00  4.94817265e+01  1.62918377e+00  3.14149299e+00 
 1.63856563e+00  4.94817265e+01  1.63856563e+00  3.14149241e+00 
 1.64800151e+00  4.94817265e+01  1.64800151e+00  3.14149183e+00 
 1.65749174e+00  4.94817264e+01  1.65749174e+00  3.14149125e+00 
 1.66703661e+00  4.94817264e+01  1.66703661e+00  3.14149067e+00 
 1.67663645e+00  4.94817264e+01  1.67663645e+00  3.14149008e+00 
 1.68629157e+00  4.94817264e+01  1.68629157e+00  3.14148949e+00 
 1.69600229e+00  4.94817264e+01  1.69600229e+00  3.14148890e+00 
 1.70576893e+00  4.94817264e+01  1.70576893e+00  3.14148830e+00 
 1.71559181e+00  4.94817264e+01  1.71559181e+00  3.14148770e+00 
 1.72547126e+00  4.94817264e+01  1.72547126e+00  3.14148709e+00 
 1.73540760e+00  4.94817264e+01  1.73540760e+00  3.14148649e+00 
 1.74540117e+00  4.94817264e+01  1.74540117e+00  3.14148588e+00 
 1.75545228e+00  4.94817264e+01  1.75545228e+00  3.14148526e+00 
 1.76556127e+00  4.94817264e+01  1.76556127e+00  3.14148464e+00 
 1.77572847e+00  4.94817264e+01  1.77572847e+00  3.14148402e+00 
 1.78595423e+00  4.94817264e+01  1.78595423e+00  3.14148339e+00 
 1.79623887e+00  4.94817264e+01  1.79623887e+00  3.14148277e+00 
 1.80658273e+00  4.94817264e+01  1.80658273e+00  3.14148213e+00 
 1.81698617e+00  4.94817264e+01  1.81698617e+00  3.14148150e+00 
 1.82744951e+00  4.94817264e+01  1.82744951e+00  3.14148086e+00 
 1.83797311e+00  4.94817264e+01  1.83797311e+00  3.14148021e+00 
 1.84855730e+00  4.94817264e+01  1.84855730e+00  3.14147956e+00 
 1.85920245e+00  4.94817264e+01  1.85920245e+00  3.14147891e+00 
 1.86990890e+00  4.94817264e+01  1.86990890e+00  3.14147826e+00 
 1.88067700e+00  4.94817264e+01  1.88067700e+00  3.14147760e+00 
 1.89150712e+00  4.94817264e+01  1.89150712e+00  3.14147694e+00 
 1.90239960e+00  4.94817264e+01  1.90239960e+00  3.14147627e+00 
 1.91335480e+00  4.94817264e+01  1.91335480e+00  3.14147560e+00 
 1.92437310e+00  4.94817264e+01  1.92437310e+00  3.14147493e+00 
 1.93545484e+00  4.94817264e+01  1.93545484e+00  3.14147425e+00 
 1.94660040e+00  4.94817264e+01  1.94660040e+00  3.14147357e+00 
 1.95781014e+00  4.94817264e+01  1.95781014e+00  3.14147288e+00 
 1.96908443e+00  4.94817264e+01  1.96908443e+00  3.14147219e+00 
 1.98042365e+00  4.94817264e+01  1.98042365e+00  3.14147150e+00 
 1.99182817e+00  4.94817264e+01  1.99182817e+00  3.14147080e+00 
 2.00329836e+00  4.94817264e+01  2.00329836e+00  3.14147010e+00 
 2.01483461e+00  4.94817264e+01  2.01483461e+00  3.14146939e+00 
 2.02643728e+00  4.94817264e+01  2.02643728e+00  3.14146868e+00 
 2.03810678e+00  4.94817264e+01  2.03810678e+00  3.14146797e+00 
 2.04984347e+00  4.94817264e+01  2.04984347e+00  3.14146725e+00 
 2.06164775e+00  4.94817264e+01  2.06164775e+00  3.14146653e+00 
 2.07352000e+00  4.94817264e+01  2.07352000e+00  3.14146580e+00 
 2.08546063e+00  4.94817264e+01  2.08546063e+00  3.14146507e+00 
 2.09747001e+00  4.94817264e+01  2.09747001e+00  3.14146434e+00 
 2.10954856e+00  4.94817264e+01  2.10954856e+00  3.14146360e+00 
 2.12169666e+00  4.94817264e+01  2.12169666e+00  3.14146286e+00 
 2.13391471e+00  4.94817264e+01  2.13391471e+00  3.14146211e+00 
 2.14620313e+00  4.94817264e+01  2.14620313e+00  3.14146136e+00 
 2.15856230e+00  4.94817264e+01  2.15856230e+00  3.14146060e+00 
 2.17099265e+00  4.94817264e+01  2.17099265e+00  3.14145984e+00 
 2.18349459e+00  4.94817264e+01  2.18349459e+00  3.14145907e+00 
 2.19606851e+00  4.94817264e+01  2.19606851e+00  3.14145831e+00 
 2.20871485e+00  4.94817264e+01  2.20871485e+00  3.14145753e+00 
 2.22143401e+00  4.94817264e+01  2.22143401e+00  3.14145675e+00 
 2.23422641e+00  4.94817264e+01  2.23422641e+00  3.14145597e+00 
 2.24709249e+00  4.94817264e+01  2.24709249e+00  3.14145518e+00 
 2.26003265e+00  4.94817264e+01  2.26003265e+00  3.14145439e+00 
 2.27304733e+00  4.94817264e+01  2.27304733e+00  3.14145360e+00 
 2.28613696e+00  4.94817264e+01  2.28613696e+00  3.14145280e+00 
 2.29930196e+00  4.94817264e+01  2.29930196e+00  3.14145199e+00 
 2.31254278e+00  4.94817264e+01  2.31254278e+00  3.14145118e+00 
 2.32585985e+00  4.94817264e+01  2.32585985e+00  3.14145037e+00 
 2.33925360e+00  4.94817264e+01  2.33925360e+00  3.14144955e+00 
 2.35272449e+00  4.94817264e+01  2.35272449e+00  3.14144872e+00 
 2.36627294e+00  4.94817264e+01  2.36627294e+00  3.14144789e+00 
 2.37989942e+00  4.94817264e+01  2.37989942e+00  3.14144706e+00 
 2.39360437e+00  4.94817264e+01  2.39360437e+00  3.14144622e+00 
 2.40738824e+00  4.94817264e+01  2.40738824e+00  3.14144538e+00 
 2.42125149e+00  4.94817264e+01  2.42125149e+00  3.14144453e+00 
 2.43519457e+00  4.94817264e+01  2.43519457e+00  3.14144368e+00 
 2.44921794e+00  4.94817264e+01  2.44921794e+00  3.14144282e+00 
 2.46332206e+00  4.94817264e+01  2.46332206e+00  3.14144196e+00 
 2.47750741e+00  4.94817264e+01  2.47750741e+00  3.14144109e+00 
 2.49177445e+00  4.94817264e+01  2.49177445e+00  3.14144022e+00 
 2.50612364e+00  4.94817264e+01  2.50612364e+00  3.14143934e+00 
 2.52055547e+00  4.94817264e+01  2.52055547e+00  3.14143845e+00 
 2.53507040e+00  4.94817264e+01  2.53507040e+00  3.14143757e+00 
 2.54966892e+00  4.94817264e+01  2.54966892e+00  3.14143667e+00 
 2.56435151e+00  4.94817264e+01  2.56435151e+00  3.14143578e+00 
 2.57911865e+00  4.94817264e+01  2.57911865e+00  3.14143487e+00 
 2.59397083e+00  4.94817264e+01  2.59397083e+00  3.14143396e+00 
 2.60890853e+00  4.94817264e+01  2.60890853e+00  3.14143305e+00 
 2.62393226e+00  4.94817264e+01  2.62393226e+00  3.14143213e+00 
 2.63904250e+00  4.94817264e+01  2.63904250e+00  3.14143121e+00 
 2.65423975e+00  4.94817264e+01  2.65423975e+00  3.14143028e+00 
 2.66952453e+00  4.94817264e+01  2.66952453e+00  3.14142934e+00 
 2.68489732e+00  4.94817264e+01  2.68489732e+00  3.14142840e+00 
 2.70035863e+00  4.94817264e+01  2.70035863e+00  3.14142745e+00 
 2.71590899e+00  4.94817264e+01  2.71590899e+00  3.14142650e+00 
 2.73154889e+00  4.94817264e+01  2.73154889e+00  3.14142555e+00 
 2.74727885e+00  4.94817264e+01  2.74727885e+00  3.14142458e+00 
 2.76309940e+00  4.94817264e+01  2.76309940e+00  3.14142362e+00 
 2.77901105e+00  4.94817264e+01  2.77901105e+00  3.14142264e+00 
 2.79501434e+00  4.94817264e+01  2.79501434e+00  3.14142166e+00 
 2.81110978e+00  4.94817264e+01  2.81110978e+00  3.14142068e+00 
 2.82729790e+00  4.94817264e+01  2.82729790e+00  3.14141969e+00 
 2.84357925e+00  4.94817264e+01  2.84357925e+00  3.14141869e+00 
 2.85995436e+00  4.94817264e+01  2.85995436e+00  3.14141769e+00 
 2.87642376e+00  4.94817264e+01  2.87642376e+00  3.14141668e+00 
 2.89298801e+00  4.94817264e+01  2.89298801e+00  3.14141567e+00 
 2.90964764e+00  4.94817264e+01  2.90964764e+00  3.14141465e+00 
 2.92640321e+00  4.94817264e+01  2.92640321e+00  3.14141363e+00 
 2.94325527e+00  4.94817264e+01  2.94325527e+00  3.14141259e+00 
 2.96020437e+00  4.94817264e+01  2.96020437e+00  3.14141156e+00 
 2.97725108e+00  4.94817264e+01  2.97725108e+00  3.14141052e+00 
 2.99439595e+00  4.94817263e+01  2.99439595e+00  3.14140947e+00 
 3.01163955e+00  4.94817263e+01  3.01163955e+00  3.14140841e+00 
 3.02898246e+00  4.94817263e+01  3.02898246e+00  3.14140735e+00 
 3.04642523e+00  4.94817263e+01  3.04642523e+00  3.14140628e+00 
 3.06396845e+00  4.94817263e+01  3.06396845e+00  3.14140521e+00 
 3.08161270e+00  4.94817263e+01  3.08161270e+00  3.14140413e+00 
 3.09935855e+00  4.94817263e+01  3.09935855e+00  3.14140305e+00 
 3.11720659e+00  4.94817263e+01  3.11720659e+00  3.14140195e+00 
 3.13515742e+00  4.94817263e+01  3.13515742e+00  3.14140085e+00 
 3.15321161e+00  4.94817263e+01  3.15321161e+00  3.14139975e+00 
 3.17136977e+00  4.94817263e+01  3.17136977e+00  3.14139864e+00 
 3.18963250e+00  4.94817263e+01  3.18963250e+00  3.14139752e+00 
 3.20800040e+00  4.94817263e+01  3.20800040e+00  3.14139640e+00 
 3.22647407e+00  4.94817263e+01  3.22647407e+00  3.14139527e+00 
 3.24505413e+00  4.94817263e+01  3.24505413e+00  3.14139413e+00 
 3.26374118e+00  4.94817263e+01  3.26374118e+00  3.14139299e+00 
 3.28253584e+00  4.94817263e+01  3.28253584e+00  3.14139184e+00 
 3.30143873e+00  4.94817263e+01  3.30143873e+00  3.14139068e+00 
 3.32045048e+00  4.94817263e+01  3.32045048e+00  3.14138952e+00 
 3.33957171e+00  4.94817263e+01  3.33957171e+00  3.14138835e+00 
 3.35880305e+00  4.94817263e+01  3.35880305e+00  3.14138717e+00 
 3.37814514e+00  4.94817263e+01  3.37814514e+00  3.14138599e+00 
 3.39759861e+00  4.94817263e+01  3.39759861e+00  3.14138480e+00 
 3.41716410e+00  4.94817263e+01  3.41716410e+00  3.14138360e+00 
 3.43684227e+00  4.94817263e+01  3.43684227e+00  3.14138240e+00 
 3.45663375e+00  4.94817263e+01  3.45663375e+00  3.14138119e+00 
 3.47653921e+00  4.94817263e+01  3.47653921e+00  3.14137997e+00 
 3.49655930e+00  4.94817263e+01  3.49655930e+00  3.14137875e+00 
 3.51669467e+00  4.94817263e+01  3.51669467e+00  3.14137751e+00 
 3.53694600e+00  4.94817263e+01  3.53694600e+00  3.14137627e+00 
 3.55731394e+00  4.94817263e+01  3.55731394e+00  3.14137503e+00 
 3.57779918e+00  4.94817263e+01  3.57779918e+00  3.14137378e+00 
 3.59840238e+00  4.94817263e+01  3.59840238e+00  3.14137252e+00 
 3.61912423e+00  4.94817263e+01  3.61912423e+00  3.14137125e+00 
 3.63996541e+00  4.94817263e+01  3.63996541e+00  3.14136997e+00 
 3.66092661e+00  4.94817263e+01  3.66092661e+00  3.14136869e+00 
 3.68200851e+00  4.94817263e+01  3.68200851e+00  3.14136740e+00 
 3.70321182e+00  4.94817263e+01  3.70321182e+00  3.14136610e+00 
 3.72453723e+00  4.94817263e+01  3.72453723e+00  3.14136480e+00 
 3.74598544e+00  4.94817263e+01  3.74598544e+00  3.14136349e+00 
 3.76755716e+00  4.94817263e+01  3.76755716e+00  3.14136217e+00 
 3.78925311e+00  4.94817263e+01  3.78925311e+00  3.14136084e+00 
 3.81107400e+00  4.94817263e+01  3.81107400e+00  3.14135950e+00 
 3.83302055e+00  4.94817263e+01  3.83302055e+00  3.14135816e+00 
 3.85509347e+00  4.94817263e+01  3.85509347e+00  3.14135681e+00 
 3.87729351e+00  4.94817263e+01  3.87729351e+00  3.14135545e+00 
 3.89962139e+00  4.94817262e+01  3.89962139e+00  3.14135409e+00 
 3.92207785e+00  4.94817262e+01  3.92207785e+00  3.14135271e+00 
 3.94466362e+00  4.94817262e+01  3.94466362e+00  3.14135133e+00 
 3.96737946e+00  4.94817262e+01  3.96737946e+00  3.14134994e+00 
 3.99022611e+00  4.94817262e+01  3.99022611e+00  3.14134854e+00 
 4.01320433e+00  4.94817262e+01  4.01320433e+00  3.14134714e+00 
 4.03631487e+00  4.94817262e+01  4.03631487e+00  3.14134573e+00 
 4.05955849e+00  4.94817262e+01  4.05955849e+00  3.14134430e+00 
 4.08293596e+00  4.94817262e+01  4.08293596e+00  3.14134287e+00 
 4.10644806e+00  4.94817262e+01  4.10644806e+00  3.14134143e+00 
 4.13009556e+00  4.94817262e+01  4.13009556e+00  3.14133999e+00 
 4.15387923e+00  4.94817262e+01  4.15387923e+00  3.14133853e+00 
 4.17779986e+00  4.94817262e+01  4.17779986e+00  3.14133707e+00 
 4.20185824e+00  4.94817262e+01  4.20185824e+00  3.14133560e+00 
 4.22605517e+00  4.94817262e+01  4.22605517e+00  3.14133412e+00 
 4.25039143e+00  4.94817262e+01  4.25039143e+00  3.14133263e+00 
 4.27486784e+00  4.94817262e+01  4.27486784e+00  3.14133113e+00 
 4.29948521e+00  4.94817262e+01  4.29948521e+00  3.14132963e+00 
 4.32424433e+00  4.94817262e+01  4.32424433e+00  3.14132811e+00 
 4.34914603e+00  4.94817262e+01  4.34914603e+00  3.14132659e+00 
 4.37419113e+00  4.94817262e+01  4.37419113e+00  3.14132505e+00 
 4.39938046e+00  4.94817262e+01  4.39938046e+00  3.14132351e+00 
 4.42471484e+00  4.94817262e+01  4.42471484e+00  3.14132196e+00 
 4.45019511e+00  4.94817262e+01  4.45019511e+00  3.14132041e+00 
 4.47582212e+00  4.94817262e+01  4.47582212e+00  3.14131884e+00 
 4.50159670e+00  4.94817262e+01  4.50159670e+00  3.14131726e+00 
 4.52751970e+00  4.94817262e+01  4.52751970e+00  3.14131567e+00 
 4.55359199e+00  4.94817262e+01  4.55359199e+00  3.14131408e+00 
 4.57981442e+00  4.94817262e+01  4.57981442e+00  3.14131248e+00 
 4.60618785e+00  4.94817261e+01  4.60618785e+00  3.14131086e+00 
 4.63271316e+00  4.94817261e+01  4.63271316e+00  3.14130924e+00 
 4.65939122e+00  4.94817261e+01  4.65939122e+00  3.14130761e+00 
 4.68622291e+00  4.94817261e+01  4.68622291e+00  3.14130597e+00 
 4.71320911e+00  4.94817261e+01  4.71320911e+00  3.14130431e+00 
 4.74035071e+00  4.94817261e+01  4.74035071e+00  3.14130265e+00 
 4.76764861e+00  4.94817261e+01  4.76764861e+00  3.14130098e+00 
 4.79510371e+00  4.94817261e+01  4.79510371e+00  3.14129930e+00 
 4.82271692e+00  4.94817261e+01  4.82271692e+00  3.14129762e+00 
 4.85048914e+00  4.94817261e+01  4.85048914e+00  3.14129592e+00 
 4.87842128e+00  4.94817261e+01  4.87842128e+00  3.14129421e+00 
 4.90651428e+00  4.94817261e+01  4.90651428e+00  3.14129249e+00 
 4.93476906e+00  4.94817261e+01  4.93476906e+00  3.14129076e+00 
 4.96318654e+00  4.94817261e+01  4.96318654e+00  3.14128902e+00 
 4.99176767e+00  4.94817261e+01  4.99176767e+00  3.14128727e+00 
 5.02051339e+00  4.94817261e+01  5.02051339e+00  3.14128552e+00 
 5.04942464e+00  4.94817261e+01  5.04942464e+00  3.14128375e+00 
 5.07850239e+00  4.94817261e+01  5.07850239e+00  3.14128197e+00 
 5.10774758e+00  4.94817261e+01  5.10774758e+00  3.14128018e+00 
 5.13716118e+00  4.94817261e+01  5.13716118e+00  3.14127838e+00 
 5.16674416e+00  4.94817261e+01  5.16674416e+00  3.14127657e+00 
 5.19649751e+00  4.94817261e+01  5.19649751e+00  3.14127475e+00 
 5.22642219e+00  4.94817261e+01  5.22642219e+00  3.14127292e+00 
 5.25651919e+00  4.94817260e+01  5.25651919e+00  3.14127108e+00 
 5.28678951e+00  4.94817260e+01  5.28678951e+00  3.14126923e+00 
 5.31723415e+00  4.94817260e+01  5.31723415e+00  3.14126736e+00 
 5.34785411e+00  4.94817260e+01  5.34785411e+00  3.14126549e+00 
 5.37865040e+00  4.94817260e+01  5.37865040e+00  3.14126361e+00 
 5.40962403e+00  4.94817260e+01  5.40962403e+00  3.14126171e+00 
 5.44077602e+00  4.94817260e+01  5.44077602e+00  3.14125980e+00 
 5.47210741e+00  4.94817260e+01  5.47210741e+00  3.14125789e+00 
 5.50361923e+00  4.94817260e+01  5.50361923e+00  3.14125596e+00 
 5.53531250e+00  4.94817260e+01  5.53531250e+00  3.14125402e+00 
 5.56718829e+00  4.94817260e+01  5.56718829e+00  3.14125207e+00 
 5.59924764e+00  4.94817260e+01  5.59924764e+00  3.14125011e+00 
 5.63149161e+00  4.94817260e+01  5.63149161e+00  3.14124814e+00 
 5.66392126e+00  4.94817260e+01  5.66392126e+00  3.14124615e+00 
 5.69653766e+00  4.94817260e+01  5.69653766e+00  3.14124416e+00 
 5.72934188e+00  4.94817260e+01  5.72934188e+00  3.14124215e+00 
 5.76233501e+00  4.94817260e+01  5.76233501e+00  3.14124013e+00 
 5.79551814e+00  4.94817259e+01  5.79551814e+00  3.14123810e+00 
 5.82889235e+00  4.94817259e+01  5.82889235e+00  3.14123606e+00 
 5.86245876e+00  4.94817259e+01  5.86245876e+00  3.14123401e+00 
 5.89621846e+00  4.94817259e+01  5.89621846e+00  3.14123194e+00 
 5.93017257e+00  4.94817259e+01  5.93017257e+00  3.14122987e+00 
 5.96432221e+00  4.94817259e+01  5.96432221e+00  3.14122778e+00 
 5.99866850e+00  4.94817259e+01  5.99866850e+00  3.14122567e+00 
 6.03321259e+00  4.94817259e+01  6.03321259e+00  3.14122356e+00 
 6.06795560e+00  4.94817259e+01  6.06795560e+00  3.14122144e+00 
 6.10289868e+00  4.94817259e+01  6.10289868e+00  3.14121930e+00 
 6.13804298e+00  4.94817259e+01  6.13804298e+00  3.14121715e+00 
 6.17338967e+00  4.94817259e+01  6.17338967e+00  3.14121499e+00 
 6.20893990e+00  4.94817259e+01  6.20893990e+00  3.14121281e+00 
 6.24469486e+00  4.94817259e+01  6.24469486e+00  3.14121062e+00 
 6.28065572e+00  4.94817259e+01  6.28065572e+00  3.14120842e+00 
 6.31682366e+00  4.94817258e+01  6.31682366e+00  3.14120621e+00 
 6.35319988e+00  4.94817258e+01  6.35319988e+00  3.14120399e+00 
 6.38978557e+00  4.94817258e+01  6.38978557e+00  3.14120175e+00 
 6.42658195e+00  4.94817258e+01  6.42658195e+00  3.14119950e+00 
 6.46359022e+00  4.94817258e+01  6.46359022e+00  3.14119723e+00 
 6.50081162e+00  4.94817258e+01  6.50081162e+00  3.14119496e+00 
 6.53824735e+00  4.94817258e+01  6.53824735e+00  3.14119267e+00 
 6.57589867e+00  4.94817258e+01  6.57589867e+00  3.14119036e+00 
 6.61376680e+00  4.94817258e+01  6.61376680e+00  3.14118805e+00 
 6.65185300e+00  4.94817258e+01  6.65185300e+00  3.14118572e+00 
 6.69015853e+00  4.94817258e+01  6.69015853e+00  3.14118337e+00 
 6.72868464e+00  4.94817258e+01  6.72868464e+00  3.14118101e+00 
 6.76743262e+00  4.94817258e+01  6.76743262e+00  3.14117864e+00 
 6.80640372e+00  4.94817257e+01  6.80640372e+00  3.14117626e+00 
 6.84559925e+00  4.94817257e+01  6.84559925e+00  3.14117386e+00 
 6.88502049e+00  4.94817257e+01  6.88502049e+00  3.14117145e+00 
 6.92466874e+00  4.94817257e+01  6.92466874e+00  3.14116903e+00 
 6.96454531e+00  4.94817257e+01  6.96454531e+00  3.14116659e+00 
 7.00465151e+00  4.94817257e+01  7.00465151e+00  3.14116413e+00 
 7.04498867e+00  4.94817257e+01  7.04498867e+00  3.14116166e+00 
 7.08555812e+00  4.94817257e+01  7.08555812e+00  3.14115918e+00 
 7.12636119e+00  4.94817257e+01  7.12636119e+00  3.14115669e+00 
 7.16739924e+00  4.94817257e+01  7.16739924e+00  3.14115418e+00 
 7.20867360e+00  4.94817257e+01  7.20867360e+00  3.14115165e+00 
 7.25018565e+00  4.94817256e+01  7.25018565e+00  3.14114911e+00 
 7.29193675e+00  4.94817256e+01  7.29193675e+00  3.14114656e+00 
 7.33392828e+00  4.94817256e+01  7.33392828e+00  3.14114399e+00 
 7.37616162e+00  4.94817256e+01  7.37616162e+00  3.14114140e+00 
 7.41863817e+00  4.94817256e+01  7.41863817e+00  3.14113881e+00 
 7.46135932e+00  4.94817256e+01  7.46135932e+00  3.14113619e+00 
 7.50432649e+00  4.94817256e+01  7.50432649e+00  3.14113356e+00 
 7.54754109e+00  4.94817256e+01  7.54754109e+00  3.14113092e+00 
 7.59100455e+00  4.94817256e+01  7.59100455e+00  3.14112826e+00 
 7.63471830e+00  4.94817255e+01  7.63471830e+00  3.14112559e+00 
 7.67868378e+00  4.94817255e+01  7.67868378e+00  3.14112290e+00 
 7.72290244e+00  4.94817255e+01  7.72290244e+00  3.14112019e+00 
 7.76737574e+00  4.94817255e+01  7.76737574e+00  3.14111747e+00 
 7.81210514e+00  4.94817255e+01  7.81210514e+00  3.14111473e+00 
 7.85709213e+00  4.94817255e+01  7.85709213e+00  3.14111198e+00 
 7.90233817e+00  4.94817255e+01  7.90233817e+00  3.14110921e+00 
 7.94784478e+00  4.94817255e+01  7.94784478e+00  3.14110643e+00 
 7.99361343e+00  4.94817255e+01  7.99361343e+00  3.14110363e+00 
 8.03964565e+00  4.94817254e+01  8.03964565e+00  3.14110081e+00 
 8.08594296e+00  4.94817254e+01  8.08594296e+00  3.14109798e+00 
 8.13250687e+00  4.94817254e+01  8.13250687e+00  3.14109513e+00 
 8.17933893e+00  4.94817254e+01  8.17933893e+00  3.14109227e+00 
 8.22644067e+00  4.94817254e+01  8.22644067e+00  3.14108939e+00 
 8.27381366e+00  4.94817254e+01  8.27381366e+00  3.14108649e+00 
 8.32145945e+00  4.94817254e+01  8.32145945e+00  3.14108357e+00 
 8.36937961e+00  4.94817254e+01  8.36937961e+00  3.14108064e+00 
 8.41757573e+00  4.94817253e+01  8.41757573e+00  3.14107769e+00 
 8.46604939e+00  4.94817253e+01  8.46604939e+00  3.14107473e+00 
 8.51480220e+00  4.94817253e+01  8.51480220e+00  3.14107175e+00 
 8.56383575e+00  4.94817253e+01  8.56383575e+00  3.14106875e+00 
 8.61315167e+00  4.94817253e+01  8.61315167e+00  3.14106573e+00 
 8.66275158e+00  4.94817253e+01  8.66275158e+00  3.14106270e+00 
 8.71263712e+00  4.94817253e+01  8.71263712e+00  3.14105964e+00 
 8.76280993e+00  4.94817252e+01  8.76280993e+00  3.14105657e+00 
 8.81327166e+00  4.94817252e+01  8.81327166e+00  3.14105349e+00 
 8.86402399e+00  4.94817252e+01  8.86402399e+00  3.14105038e+00 
 8.91506858e+00  4.94817252e+01  8.91506858e+00  3.14104726e+00 
 8.96640711e+00  4.94817252e+01  8.96640711e+00  3.14104412e+00 
 9.01804129e+00  4.94817252e+01  9.01804129e+00  3.14104096e+00 
 9.06997281e+00  4.94817252e+01  9.06997281e+00  3.14103778e+00 
 9.12220338e+00  4.94817251e+01  9.12220338e+00  3.14103459e+00 
 9.17473473e+00  4.94817251e+01  9.17473473e+00  3.14103137e+00 
 9.22756858e+00  4.94817251e+01  9.22756858e+00  3.14102814e+00 
 9.28070669e+00  4.94817251e+01  9.28070669e+00  3.14102489e+00 
 9.33415080e+00  4.94817251e+01  9.33415080e+00  3.14102162e+00 
 9.38790267e+00  4.94817251e+01  9.38790267e+00  3.14101833e+00 
 9.44196408e+00  4.94817250e+01  9.44196408e+00  3.14101503e+00 
 9.49633681e+00  4.94817250e+01  9.49633681e+00  3.14101170e+00 
 9.55102266e+00  4.94817250e+01  9.55102266e+00  3.14100835e+00 
 9.60602341e+00  4.94817250e+01  9.60602341e+00  3.14100499e+00 
 9.66134090e+00  4.94817250e+01  9.66134090e+00  3.14100160e+00 
 9.71697694e+00  4.94817250e+01  9.71697694e+00  3.14099820e+00 
 9.77293337e+00  4.94817249e+01  9.77293337e+00  3.14099478e+00 
 9.82921202e+00  4.94817249e+01  9.82921202e+00  3.14099133e+00 
 9.88581477e+00  4.94817249e+01  9.88581477e+00  3.14098787e+00 
 9.94274347e+00  4.94817249e+01  9.94274347e+00  3.14098439e+00 
 1.00000000e+01  4.94817249e+01  1.00000000e+01  3.14098089e+00 
 1.00575862e+01  4.94817249e+01  1.00575862e+01  3.14097736e+00 
 1.01155041e+01  4.94817248e+01  1.01155041e+01  3.14097382e+00 
 1.01737555e+01  4.94817248e+01  1.01737555e+01  3.14097026e+00 
 1.02323424e+01  4.94817248e+01  1.02323424e+01  3.14096667e+00 
 1.02912666e+01  4.94817248e+01  1.02912666e+01  3.14096307e+00 
 1.03505301e+01  4.94817248e+01  1.03505301e+01  3.14095944e+00 
 1.04101349e+01  4.94817247e+01  1.04101349e+01  3.14095580e+00 
 1.04700830e+01  4.94817247e+01  1.04700830e+01  3.14095213e+00 
 1.05303763e+01  4.94817247e+01  1.05303763e+01  3.14094844e+00 
 1.05910168e+01  4.94817247e+01  1.05910168e+01  3.14094473e+00 
 1.06520065e+01  4.94817247e+01  1.06520065e+01  3.14094100e+00 
 1.07133474e+01  4.94817246e+01  1.07133474e+01  3.14093725e+00 
 1.07750415e+01  4.94817246e+01  1.07750415e+01  3.14093347e+00 
 1.08370910e+01  4.94817246e+01  1.08370910e+01  3.14092968e+00 
 1.08994977e+01  4.94817246e+01  1.08994977e+01  3.14092586e+00 
 1.09622638e+01  4.94817245e+01  1.09622638e+01  3.14092202e+00 
 1.10253914e+01  4.94817245e+01  1.10253914e+01  3.14091816e+00 
 1.10888825e+01  4.94817245e+01  1.10888825e+01  3.14091427e+00 
 1.11527392e+01  4.94817245e+01  1.11527392e+01  3.14091037e+00 
 1.12169636e+01  4.94817245e+01  1.12169636e+01  3.14090644e+00 
 1.12815579e+01  4.94817244e+01  1.12815579e+01  3.14090249e+00 
 1.13465242e+01  4.94817244e+01  1.13465242e+01  3.14089851e+00 
 1.14118646e+01  4.94817244e+01  1.14118646e+01  3.14089451e+00 
 1.14775812e+01  4.94817244e+01  1.14775812e+01  3.14089049e+00 
 1.15436763e+01  4.94817243e+01  1.15436763e+01  3.14088645e+00 
 1.16101520e+01  4.94817243e+01  1.16101520e+01  3.14088238e+00 
 1.16770105e+01  4.94817243e+01  1.16770105e+01  3.14087829e+00 
 1.17442540e+01  4.94817243e+01  1.17442540e+01  3.14087418e+00 
 1.18118848e+01  4.94817242e+01  1.18118848e+01  3.14087004e+00 
 1.18799050e+01  4.94817242e+01  1.18799050e+01  3.14086588e+00 
 1.19483169e+01  4.94817242e+01  1.19483169e+01  3.14086170e+00 
 1.20171228e+01  4.94817241e+01  1.20171228e+01  3.14085749e+00 
 1.20863249e+01  4.94817241e+01  1.20863249e+01  3.14085325e+00 
 1.21559255e+01  4.94817241e+01  1.21559255e+01  3.14084899e+00 
 1.22259269e+01  4.94817241e+01  1.22259269e+01  3.14084471e+00 
 1.22963314e+01  4.94817240e+01  1.22963314e+01  3.14084040e+00 
 1.23671414e+01  4.94817240e+01  1.23671414e+01  3.14083607e+00 
 1.24383591e+01  4.94817240e+01  1.24383591e+01  3.14083172e+00 
 1.25099870e+01  4.94817240e+01  1.25099870e+01  3.14082733e+00 
 1.25820273e+01  4.94817239e+01  1.25820273e+01  3.14082293e+00 
 1.26544825e+01  4.94817239e+01  1.26544825e+01  3.14081849e+00 
 1.27273549e+01  4.94817239e+01  1.27273549e+01  3.14081404e+00 
 1.28006470e+01  4.94817238e+01  1.28006470e+01  3.14080955e+00 
 1.28743611e+01  4.94817238e+01  1.28743611e+01  3.14080504e+00 
 1.29484997e+01  4.94817238e+01  1.29484997e+01  3.14080051e+00 
 1.30230653e+01  4.94817237e+01  1.30230653e+01  3.14079595e+00 
 1.30980602e+01  4.94817237e+01  1.30980602e+01  3.14079136e+00 
 1.31734870e+01  4.94817237e+01  1.31734870e+01  3.14078674e+00 
 1.32493482e+01  4.94817236e+01  1.32493482e+01  3.14078210e+00 
 1.33256462e+01  4.94817236e+01  1.33256462e+01  3.14077743e+00 
 1.34023836e+01  4.94817236e+01  1.34023836e+01  3.14077274e+00 
 1.34795629e+01  4.94817235e+01  1.34795629e+01  3.14076802e+00 
 1.35571867e+01  4.94817235e+01  1.35571867e+01  3.14076327e+00 
 1.36352574e+01  4.94817235e+01  1.36352574e+01  3.14075849e+00 
 1.37137778e+01  4.94817234e+01  1.37137778e+01  3.14075369e+00 
 1.37927503e+01  4.94817234e+01  1.37927503e+01  3.14074886e+00 
 1.38721775e+01  4.94817234e+01  1.38721775e+01  3.14074400e+00 
 1.39520622e+01  4.94817233e+01  1.39520622e+01  3.14073911e+00 
 1.40324069e+01  4.94817233e+01  1.40324069e+01  3.14073420e+00 
 1.41132143e+01  4.94817233e+01  1.41132143e+01  3.14072925e+00 
 1.41944870e+01  4.94817232e+01  1.41944870e+01  3.14072428e+00 
 1.42762277e+01  4.94817232e+01  1.42762277e+01  3.14071928e+00 
 1.43584391e+01  4.94817231e+01  1.43584391e+01  3.14071425e+00 
 1.44411240e+01  4.94817231e+01  1.44411240e+01  3.14070919e+00 
 1.45242850e+01  4.94817231e+01  1.45242850e+01  3.14070411e+00 
 1.46079249e+01  4.94817230e+01  1.46079249e+01  3.14069899e+00 
 1.46920465e+01  4.94817230e+01  1.46920465e+01  3.14069384e+00 
 1.47766525e+01  4.94817229e+01  1.47766525e+01  3.14068867e+00 
 1.48617457e+01  4.94817229e+01  1.48617457e+01  3.14068346e+00 
 1.49473289e+01  4.94817229e+01  1.49473289e+01  3.14067823e+00 
 1.50334050e+01  4.94817228e+01  1.50334050e+01  3.14067296e+00 
 1.51199767e+01  4.94817228e+01  1.51199767e+01  3.14066766e+00 
 1.52070470e+01  4.94817227e+01  1.52070470e+01  3.14066234e+00 
 1.52946187e+01  4.94817227e+01  1.52946187e+01  3.14065698e+00 
 1.53826946e+01  4.94817227e+01  1.53826946e+01  3.14065159e+00 
 1.54712778e+01  4.94817226e+01  1.54712778e+01  3.14064617e+00 
 1.55603711e+01  4.94817226e+01  1.55603711e+01  3.14064072e+00 
 1.56499774e+01  4.94817225e+01  1.56499774e+01  3.14063524e+00 
 1.57400998e+01  4.94817225e+01  1.57400998e+01  3.14062973e+00 
 1.58307411e+01  4.94817224e+01  1.58307411e+01  3.14062418e+00 
 1.59219044e+01  4.94817224e+01  1.59219044e+01  3.14061860e+00 
 1.60135927e+01  4.94817223e+01  1.60135927e+01  3.14061300e+00 
 1.61058090e+01  4.94817223e+01  1.61058090e+01  3.14060735e+00 
 1.61985563e+01  4.94817222e+01  1.61985563e+01  3.14060168e+00 
 1.62918377e+01  4.94817222e+01  1.62918377e+01  3.14059597e+00 
 1.63856563e+01  4.94817221e+01  1.63856563e+01  3.14059023e+00 
 1.64800151e+01  4.94817221e+01  1.64800151e+01  3.14058446e+00 
 1.65749174e+01  4.94817220e+01  1.65749174e+01  3.14057866e+00 
 1.66703661e+01  4.94817220e+01  1.66703661e+01  3.14057282e+00 
 1.67663645e+01  4.94817219e+01  1.67663645e+01  3.14056694e+00 
 1.68629157e+01  4.94817219e+01  1.68629157e+01  3.14056104e+00 
 1.69600229e+01  4.94817218e+01  1.69600229e+01  3.14055510e+00 
 1.70576893e+01  4.94817218e+01  1.70576893e+01  3.14054912e+00 
 1.71559181e+01  4.94817217e+01  1.71559181e+01  3.14054311e+00 
 1.72547126e+01  4.94817217e+01  1.72547126e+01  3.14053707e+00 
 1.73540760e+01  4.94817216e+01  1.73540760e+01  3.14053099e+00 
 1.74540117e+01  4.94817215e+01  1.74540117e+01  3.14052488e+00 
 1.75545228e+01  4.94817215e+01  1.75545228e+01  3.14051873e+00 
 1.76556127e+01  4.94817214e+01  1.76556127e+01  3.14051254e+00 
 1.77572847e+01  4.94817214e+01  1.77572847e+01  3.14050632e+00 
 1.78595423e+01  4.94817213e+01  1.78595423e+01  3.14050007e+00 
 1.79623887e+01  4.94817213e+01  1.79623887e+01  3.14049377e+00 
 1.80658273e+01  4.94817212e+01  1.80658273e+01  3.14048745e+00 
 1.81698617e+01  4.94817211e+01  1.81698617e+01  3.14048108e+00 
 1.82744951e+01  4.94817211e+01  1.82744951e+01  3.14047468e+00 
 1.83797311e+01  4.94817210e+01  1.83797311e+01  3.14046824e+00 
 1.84855730e+01  4.94817209e+01  1.84855730e+01  3.14046177e+00 
 1.85920245e+01  4.94817209e+01  1.85920245e+01  3.14045526e+00 
 1.86990890e+01  4.94817208e+01  1.86990890e+01  3.14044871e+00 
 1.88067700e+01  4.94817208e+01  1.88067700e+01  3.14044212e+00 
 1.89150712e+01  4.94817207e+01  1.89150712e+01  3.14043549e+00 
 1.90239960e+01  4.94817206e+01  1.90239960e+01  3.14042883e+00 
 1.91335480e+01  4.94817205e+01  1.91335480e+01  3.14042213e+00 
 1.92437310e+01  4.94817205e+01  1.92437310e+01  3.14041539e+00 
 1.93545484e+01  4.94817204e+01  1.93545484e+01  3.14040861e+00 
 1.94660040e+01  4.94817203e+01  1.94660040e+01  3.14040179e+00 
 1.95781014e+01  4.94817203e+01  1.95781014e+01  3.14039493e+00 
 1.96908443e+01  4.94817202e+01  1.96908443e+01  3.14038803e+00 
 1.98042365e+01  4.94817201e+01  1.98042365e+01  3.14038110e+00 
 1.99182817e+01  4.94817201e+01  1.99182817e+01  3.14037412e+00 
 2.00329836e+01  4.94817200e+01  2.00329836e+01  3.14036710e+00 
 2.01483461e+01  4.94817199e+01  2.01483461e+01  3.14036004e+00 
 2.02643728e+01  4.94817198e+01  2.02643728e+01  3.14035295e+00 
 2.03810678e+01  4.94817197e+01  2.03810678e+01  3.14034581e+00 
 2.04984347e+01  4.94817197e+01  2.04984347e+01  3.14033863e+00 
 2.06164775e+01  4.94817196e+01  2.06164775e+01  3.14033141e+00 
 2.07352000e+01  4.94817195e+01  2.07352000e+01  3.14032414e+00 
 2.08546063e+01  4.94817194e+01  2.08546063e+01  3.14031684e+00 
 2.09747001e+01  4.94817193e+01  2.09747001e+01  3.14030949e+00 
 2.10954856e+01  4.94817193e+01  2.10954856e+01  3.14030210e+00 
 2.12169666e+01  4.94817192e+01  2.12169666e+01  3.14029467e+00 
 2.13391471e+01  4.94817191e+01  2.13391471e+01  3.14028720e+00 
 2.14620313e+01  4.94817190e+01  2.14620313e+01  3.14027968e+00 
 2.15856230e+01  4.94817189e+01  2.15856230e+01  3.14027212e+00 
 2.17099265e+01  4.94817188e+01  2.17099265e+01  3.14026451e+00 
 2.18349459e+01  4.94817188e+01  2.18349459e+01  3.14025686e+00 
 2.19606851e+01  4.94817187e+01  2.19606851e+01  3.14024917e+00 
 2.20871485e+01  4.94817186e+01  2.20871485e+01  3.14024144e+00 
 2.22143401e+01  4.94817185e+01  2.22143401e+01  3.14023365e+00 
 2.23422641e+01  4.94817184e+01  2.23422641e+01  3.14022583e+00 
 2.24709249e+01  4.94817183e+01  2.24709249e+01  3.14021796e+00 
 2.26003265e+01  4.94817182e+01  2.26003265e+01  3.14021004e+00 
 2.27304733e+01  4.94817181e+01  2.27304733e+01  3.14020208e+00 
 2.28613696e+01  4.94817180e+01  2.28613696e+01  3.14019407e+00 
 2.29930196e+01  4.94817179e+01  2.29930196e+01  3.14018602e+00 
 2.31254278e+01  4.94817178e+01  2.31254278e+01  3.14017792e+00 
 2.32585985e+01  4.94817177e+01  2.32585985e+01  3.14016977e+00 
 2.33925360e+01  4.94817176e+01  2.33925360e+01  3.14016158e+00 
 2.35272449e+01  4.94817175e+01  2.35272449e+01  3.14015334e+00 
 2.36627294e+01  4.94817174e+01  2.36627294e+01  3.14014505e+00 
 2.37989942e+01  4.94817173e+01  2.37989942e+01  3.14013671e+00 
 2.39360437e+01  4.94817172e+01  2.39360437e+01  3.14012833e+00 
 2.40738824e+01  4.94817171e+01  2.40738824e+01  3.14011989e+00 
 2.42125149e+01  4.94817170e+01  2.42125149e+01  3.14011141e+00 
 2.43519457e+01  4.94817169e+01  2.43519457e+01  3.14010288e+00 
 2.44921794e+01  4.94817168e+01  2.44921794e+01  3.14009430e+00 
 2.46332206e+01  4.94817166e+01  2.46332206e+01  3.14008568e+00 
 2.47750741e+01  4.94817165e+01  2.47750741e+01  3.14007700e+00 
 2.49177445e+01  4.94817164e+01  2.49177445e+01  3.14006827e+00 
 2.50612364e+01  4.94817163e+01  2.50612364e+01  3.14005949e+00 
 2.52055547e+01  4.94817162e+01  2.52055547e+01  3.14005066e+00 
 2.53507040e+01  4.94817161e+01  2.53507040e+01  3.14004178e+00 
 2.54966892e+01  4.94817159e+01  2.54966892e+01  3.14003285e+00 
 2.56435151e+01  4.94817158e+01  2.56435151e+01  3.14002387e+00 
 2.57911865e+01  4.94817157e+01  2.57911865e+01  3.14001484e+00 
 2.59397083e+01  4.94817156e+01  2.59397083e+01  3.14000575e+00 
 2.60890853e+01  4.94817154e+01  2.60890853e+01  3.13999661e+00 
 2.62393226e+01  4.94817153e+01  2.62393226e+01  3.13998742e+00 
 2.63904250e+01  4.94817152e+01  2.63904250e+01  3.13997818e+00 
 2.65423975e+01  4.94817151e+01  2.65423975e+01  3.13996888e+00 
 2.66952453e+01  4.94817149e+01  2.66952453e+01  3.13995953e+00 
 2.68489732e+01  4.94817148e+01  2.68489732e+01  3.13995012e+00 
 2.70035863e+01  4.94817147e+01  2.70035863e+01  3.13994066e+00 
 2.71590899e+01  4.94817145e+01  2.71590899e+01  3.13993115e+00 
 2.73154889e+01  4.94817144e+01  2.73154889e+01  3.13992158e+00 
 2.74727885e+01  4.94817142e+01  2.74727885e+01  3.13991196e+00 
 2.76309940e+01  4.94817141e+01  2.76309940e+01  3.13990228e+00 
 2.77901105e+01  4.94817140e+01  2.77901105e+01  3.13989255e+00 
 2.79501434e+01  4.94817138e+01  2.79501434e+01  3.13988276e+00 
 2.81110978e+01  4.94817137e+01  2.81110978e+01  3.13987291e+00 
 2.82729790e+01  4.94817135e+01  2.82729790e+01  3.13986301e+00 
 2.84357925e+01  4.94817134e+01  2.84357925e+01  3.13985305e+00 
 2.85995436e+01  4.94817132e+01  2.85995436e+01  3.13984303e+00 
 2.87642376e+01  4.94817131e+01  2.87642376e+01  3.13983295e+00 
 2.89298801e+01  4.94817129e+01  2.89298801e+01  3.13982282e+00 
 2.90964764e+01  4.94817127e+01  2.90964764e+01  3.13981263e+00 
 2.92640321e+01  4.94817126e+01  2.92640321e+01  3.13980238e+00 
 2.94325527e+01  4.94817124e+01  2.94325527e+01  3.13979207e+00 
 2.96020437e+01  4.94817123e+01  2.96020437e+01  3.13978170e+00 
 2.97725108e+01  4.94817121e+01  2.97725108e+01  3.13977127e+00 
 2.99439595e+01  4.94817119e+01  2.99439595e+01  3.13976078e+00 
 3.01163955e+01  4.94817118e+01  3.01163955e+01  3.13975023e+00 
 3.02898246e+01  4.94817116e+01  3.02898246e+01  3.13973962e+00 
 3.04642523e+01  4.94817114e+01  3.04642523e+01  3.13972895e+00 
 3.06396845e+01  4.94817112e+01  3.06396845e+01  3.13971822e+00 
 3.08161270e+01  4.94817111e+01  3.08161270e+01  3.13970743e+00 
 3.09935855e+01  4.94817109e+01  3.09935855e+01  3.13969657e+00 
 3.11720659e+01  4.94817107e+01  3.11720659e+01  3.13968565e+00 
 3.13515742e+01  4.94817105e+01  3.13515742e+01  3.13967467e+00 
 3.15321161e+01  4.94817103e+01  3.15321161e+01  3.13966362e+00 
 3.17136977e+01  4.94817102e+01  3.17136977e+01  3.13965252e+00 
 3.18963250e+01  4.94817100e+01  3.18963250e+01  3.13964134e+00 
 3.20800040e+01  4.94817098e+01  3.20800040e+01  3.13963011e+00 
 3.22647407e+01  4.94817096e+01  3.22647407e+01  3.13961881e+00 
 3.24505413e+01  4.94817094e+01  3.24505413e+01  3.13960744e+00 
 3.26374118e+01  4.94817092e+01  3.26374118e+01  3.13959601e+00 
 3.28253584e+01  4.94817090e+01  3.28253584e+01  3.13958451e+00 
 3.30143873e+01  4.94817088e+01  3.30143873e+01  3.13957294e+00 
 3.32045048e+01  4.94817086e+01  3.32045048e+01  3.13956131e+00 
 3.33957171e+01  4.94817084e+01  3.33957171e+01  3.13954962e+00 
 3.35880305e+01  4.94817082e+01  3.35880305e+01  3.13953785e+00 
 3.37814514e+01  4.94817080e+01  3.37814514e+01  3.13952602e+00 
 3.39759861e+01  4.94817077e+01  3.39759861e+01  3.13951412e+00 
 3.41716410e+01  4.94817075e+01  3.41716410e+01  3.13950215e+00 
 3.43684227e+01  4.94817073e+01  3.43684227e+01  3.13949011e+00 
 3.45663375e+01  4.94817071e+01  3.45663375e+01  3.13947800e+00 
 3.47653921e+01  4.94817069e+01  3.47653921e+01  3.13946582e+00 
 3.49655930e+01  4.94817066e+01  3.49655930e+01  3.13945358e+00 
 3.51669467e+01  4.94817064e+01  3.51669467e+01  3.13944126e+00 
 3.53694600e+01  4.94817062e+01  3.53694600e+01  3.13942887e+00 
 3.55731394e+01  4.94817059e+01  3.55731394e+01  3.13941641e+00 
 3.57779918e+01  4.94817057e+01  3.57779918e+01  3.13940388e+00 
 3.59840238e+01  4.94817055e+01  3.59840238e+01  3.13939127e+00 
 3.61912423e+01  4.94817052e+01  3.61912423e+01  3.13937860e+00 
 3.63996541e+01  4.94817050e+01  3.63996541e+01  3.13936585e+00 
 3.66092661e+01  4.94817047e+01  3.66092661e+01  3.13935302e+00 
 3.68200851e+01  4.94817045e+01  3.68200851e+01  3.13934013e+00 
 3.70321182e+01  4.94817042e+01  3.70321182e+01  3.13932715e+00 
 3.72453723e+01  4.94817040e+01  3.72453723e+01  3.13931411e+00 
 3.74598544e+01  4.94817037e+01  3.74598544e+01  3.13930099e+00 
 3.76755716e+01  4.94817034e+01  3.76755716e+01  3.13928779e+00 
 3.78925311e+01  4.94817032e+01  3.78925311e+01  3.13927452e+00 
 3.81107400e+01  4.94817029e+01  3.81107400e+01  3.13926117e+00 
 3.83302055e+01  4.94817026e+01  3.83302055e+01  3.13924774e+00 
 3.85509347e+01  4.94817024e+01  3.85509347e+01  3.13923424e+00 
 3.87729351e+01  4.94817021e+01  3.87729351e+01  3.13922066e+00 
 3.89962139e+01  4.94817018e+01  3.89962139e+01  3.13920700e+00 
 3.92207785e+01  4.94817015e+01  3.92207785e+01  3.13919326e+00 
 3.94466362e+01  4.94817012e+01  3.94466362e+01  3.13917944e+00 
 3.96737946e+01  4.94817009e+01  3.96737946e+01  3.13916555e+00 
 3.99022611e+01  4.94817006e+01  3.99022611e+01  3.13915157e+00 
 4.01320433e+01  4.94817003e+01  4.01320433e+01  3.13913751e+00 
 4.03631487e+01  4.94817000e+01  4.03631487e+01  3.13912337e+00 
 4.05955849e+01  4.94816997e+01  4.05955849e+01  3.13910915e+00 
 4.08293596e+01  4.94816994e+01  4.08293596e+01  3.13909485e+00 
 4.10644806e+01  4.94816991e+01  4.10644806e+01  3.13908047e+00 
 4.13009556e+01  4.94816988e+01  4.13009556e+01  3.13906600e+00 
 4.15387923e+01  4.94816985e+01  4.15387923e+01  3.13905145e+00 
 4.17779986e+01  4.94816981e+01  4.17779986e+01  3.13903682e+00 
 4.20185824e+01  4.94816978e+01  4.20185824e+01  3.13902210e+00 
 4.22605517e+01  4.94816975e+01  4.22605517e+01  3.13900730e+00 
 4.25039143e+01  4.94816972e+01  4.25039143e+01  3.13899241e+00 
 4.27486784e+01  4.94816968e+01  4.27486784e+01  3.13897744e+00 
 4.29948521e+01  4.94816965e+01  4.29948521e+01  3.13896238e+00 
 4.32424433e+01  4.94816961e+01  4.32424433e+01  3.13894723e+00 
 4.34914603e+01  4.94816958e+01  4.34914603e+01  3.13893200e+00 
 4.37419113e+01  4.94816954e+01  4.37419113e+01  3.13891667e+00 
 4.39938046e+01  4.94816951e+01  4.39938046e+01  3.13890126e+00 
 4.42471484e+01  4.94816947e+01  4.42471484e+01  3.13888577e+00 
 4.45019511e+01  4.94816943e+01  4.45019511e+01  3.13887018e+00 
 4.47582212e+01  4.94816940e+01  4.47582212e+01  3.13885450e+00 
 4.50159670e+01  4.94816936e+01  4.50159670e+01  3.13883873e+00 
 4.52751970e+01  4.94816932e+01  4.52751970e+01  3.13882287e+00 
 4.55359199e+01  4.94816928e+01  4.55359199e+01  3.13880692e+00 
 4.57981442e+01  4.94816924e+01  4.57981442e+01  3.13879088e+00 
 4.60618785e+01  4.94816920e+01  4.60618785e+01  3.13877475e+00 
 4.63271316e+01  4.94816916e+01  4.63271316e+01  3.13875852e+00 
 4.65939122e+01  4.94816912e+01  4.65939122e+01  3.13874220e+00 
 4.68622291e+01  4.94816908e+01  4.68622291e+01  3.13872578e+00 
 4.71320911e+01  4.94816904e+01  4.71320911e+01  3.13870928e+00 
 4.74035071e+01  4.94816900e+01  4.74035071e+01  3.13869267e+00 
 4.76764861e+01  4.94816896e+01  4.76764861e+01  3.13867597e+00 
 4.79510371e+01  4.94816892e+01  4.79510371e+01  3.13865918e+00 
 4.82271692e+01  4.94816887e+01  4.82271692e+01  3.13864228e+00 
 4.85048914e+01  4.94816883e+01  4.85048914e+01  3.13862529e+00 
 4.87842128e+01  4.94816878e+01  4.87842128e+01  3.13860820e+00 
 4.90651428e+01  4.94816874e+01  4.90651428e+01  3.13859102e+00 
 4.93476906e+01  4.94816869e+01  4.93476906e+01  3.13857373e+00 
 4.96318654e+01  4.94816865e+01  4.96318654e+01  3.13855635e+00 
 4.99176767e+01  4.94816860e+01  4.99176767e+01  3.13853886e+00 
 5.02051339e+01  4.94816856e+01  5.02051339e+01  3.13852128e+00 
 5.04942464e+01  4.94816851e+01  5.04942464e+01  3.13850359e+00 
 5.07850239e+01  4.94816846e+01  5.07850239e+01  3.13848580e+00 
 5.10774758e+01  4.94816841e+01  5.10774758e+01  3.13846791e+00 
 5.13716118e+01  4.94816836e+01  5.13716118e+01  3.13844992e+00 
 5.16674416e+01  4.94816831e+01  5.16674416e+01  3.13843182e+00 
 5.19649751e+01  4.94816826e+01  5.19649751e+01  3.13841362e+00 
 5.22642219e+01  4.94816821e+01  5.22642219e+01  3.13839531e+00 
 5.25651919e+01  4.94816816e+01  5.25651919e+01  3.13837690e+00 
 5.28678951e+01  4.94816811e+01  5.28678951e+01  3.13835838e+00 
 5.31723415e+01  4.94816806e+01  5.31723415e+01  3.13833976e+00 
 5.34785411e+01  4.94816800e+01  5.34785411e+01  3.13832102e+00 
 5.37865040e+01  4.94816795e+01  5.37865040e+01  3.13830218e+00 
 5.40962403e+01  4.94816790e+01  5.40962403e+01  3.13828324e+00 
 5.44077602e+01  4.94816784e+01  5.44077602e+01  3.13826418e+00 
 5.47210741e+01  4.94816779e+01  5.47210741e+01  3.13824501e+00 
 5.50361923e+01  4.94816773e+01  5.50361923e+01  3.13822573e+00 
 5.53531250e+01  4.94816767e+01  5.53531250e+01  3.13820634e+00 
 5.56718829e+01  4.94816762e+01  5.56718829e+01  3.13818684e+00 
 5.59924764e+01  4.94816756e+01  5.59924764e+01  3.13816723e+00 
 5.63149161e+01  4.94816750e+01  5.63149161e+01  3.13814751e+00 
 5.66392126e+01  4.94816744e+01  5.66392126e+01  3.13812767e+00 
 5.69653766e+01  4.94816738e+01  5.69653766e+01  3.13810771e+00 
 5.72934188e+01  4.94816732e+01  5.72934188e+01  3.13808765e+00 
 5.76233501e+01  4.94816726e+01  5.76233501e+01  3.13806746e+00 
 5.79551814e+01  4.94816719e+01  5.79551814e+01  3.13804716e+00 
 5.82889235e+01  4.94816713e+01  5.82889235e+01  3.13802674e+00 
 5.86245876e+01  4.94816707e+01  5.86245876e+01  3.13800621e+00 
 5.89621846e+01  4.94816700e+01  5.89621846e+01  3.13798556e+00 
 5.93017257e+01  4.94816694e+01  5.93017257e+01  3.13796479e+00 
 5.96432221e+01  4.94816687e+01  5.96432221e+01  3.13794389e+00 
 5.99866850e+01  4.94816681e+01  5.99866850e+01  3.13792288e+00 
 6.03321259e+01  4.94816674e+01  6.03321259e+01  3.13790175e+00 
 6.06795560e+01  4.94816667e+01  6.06795560e+01  3.13788050e+00 
 6.10289868e+01  4.94816660e+01  6.10289868e+01  3.13785912e+00 
 6.13804298e+01  4.94816653e+01  6.13804298e+01  3.13783762e+00 
 6.17338967e+01  4.94816646e+01  6.17338967e+01  3.13781600e+00 
 6.20893990e+01  4.94816639e+01  6.20893990e+01  3.13779425e+00 
 6.24469486e+01  4.94816632e+01  6.24469486e+01  3.13777237e+00 
 6.28065572e+01  4.94816624e+01  6.28065572e+01  3.13775037e+00 
 6.31682366e+01  4.94816617e+01  6.31682366e+01  3.13772825e+00 
 6.35319988e+01  4.94816609e+01  6.35319988e+01  3.13770599e+00 
 6.38978557e+01  4.94816602e+01  6.38978557e+01  3.13768361e+00 
 6.42658195e+01  4.94816594e+01  6.42658195e+01  3.13766110e+00 
 6.46359022e+01  4.94816586e+01  6.46359022e+01  3.13763846e+00 
 6.50081162e+01  4.94816579e+01  6.50081162e+01  3.13761569e+00 
 6.53824735e+01  4.94816571e+01  6.53824735e+01  3.13759279e+00 
 6.57589867e+01  4.94816563e+01  6.57589867e+01  3.13756976e+00 
 6.61376680e+01  4.94816555e+01  6.61376680e+01  3.13754659e+00 
 6.65185300e+01  4.94816546e+01  6.65185300e+01  3.13752329e+00 
 6.69015853e+01  4.94816538e+01  6.69015853e+01  3.13749986e+00 
 6.72868464e+01  4.94816530e+01  6.72868464e+01  3.13747629e+00 
 6.76743262e+01  4.94816521e+01  6.76743262e+01  3.13745258e+00 
 6.80640372e+01  4.94816513e+01  6.80640372e+01  3.13742874e+00 
 6.84559925e+01  4.94816504e+01  6.84559925e+01  3.13740477e+00 
 6.88502049e+01  4.94816495e+01  6.88502049e+01  3.13738065e+00 
 6.92466874e+01  4.94816486e+01  6.92466874e+01  3.13735639e+00 
 6.96454531e+01  4.94816477e+01  6.96454531e+01  3.13733200e+00 
 7.00465151e+01  4.94816468e+01  7.00465151e+01  3.13730746e+00 
 7.04498867e+01  4.94816459e+01  7.04498867e+01  3.13728279e+00 
 7.08555812e+01  4.94816450e+01  7.08555812e+01  3.13725797e+00 
 7.12636119e+01  4.94816440e+01  7.12636119e+01  3.13723301e+00 
 7.16739924e+01  4.94816431e+01  7.16739924e+01  3.13720790e+00 
 7.20867360e+01  4.94816421e+01  7.20867360e+01  3.13718265e+00 
 7.25018565e+01  4.94816411e+01  7.25018565e+01  3.13715726e+00 
 7.29193675e+01  4.94816401e+01  7.29193675e+01  3.13713172e+00 
 7.33392828e+01  4.94816391e+01  7.33392828e+01  3.13710603e+00 
 7.37616162e+01  4.94816381e+01  7.37616162e+01  3.13708019e+00 
 7.41863817e+01  4.94816371e+01  7.41863817e+01  3.13705421e+00 
 7.46135932e+01  4.94816361e+01  7.46135932e+01  3.13702807e+00 
 7.50432649e+01  4.94816350e+01  7.50432649e+01  3.13700179e+00 
 7.54754109e+01  4.94816340e+01  7.54754109e+01  3.13697535e+00 
 7.59100455e+01  4.94816329e+01  7.59100455e+01  3.13694876e+00 
 7.63471830e+01  4.94816318e+01  7.63471830e+01  3.13692202e+00 
 7.67868378e+01  4.94816307e+01  7.67868378e+01  3.13689512e+00 
 7.72290244e+01  4.94816296e+01  7.72290244e+01  3.13686807e+00 
 7.76737574e+01  4.94816285e+01  7.76737574e+01  3.13684086e+00 
 7.81210514e+01  4.94816274e+01  7.81210514e+01  3.13681350e+00 
 7.85709213e+01  4.94816262e+01  7.85709213e+01  3.13678598e+00 
 7.90233817e+01  4.94816251e+01  7.90233817e+01  3.13675830e+00 
 7.94784478e+01  4.94816239e+01  7.94784478e+01  3.13673046e+00 
 7.99361343e+01  4.94816227e+01  7.99361343e+01  3.13670246e+00 
 8.03964565e+01  4.94816215e+01  8.03964565e+01  3.13667430e+00 
 8.08594296e+01  4.94816203e+01  8.08594296e+01  3.13664598e+00 
 8.13250687e+01  4.94816191e+01  8.13250687e+01  3.13661749e+00 
 8.17933893e+01  4.94816178e+01  8.17933893e+01  3.13658885e+00 
 8.22644067e+01  4.94816166e+01  8.22644067e+01  3.13656003e+00 
 8.27381366e+01  4.94816153e+01  8.27381366e+01  3.13653105e+00 
 8.32145945e+01  4.94816140e+01  8.32145945e+01  3.13650190e+00 
 8.36937961e+01  4.94816127e+01  8.36937961e+01  3.13647259e+00 
 8.41757573e+01  4.94816114e+01  8.41757573e+01  3.13644310e+00 
 8.46604939e+01  4.94816101e+01  8.46604939e+01  3.13641345e+00 
 8.51480220e+01  4.94816087e+01  8.51480220e+01  3.13638363e+00 
 8.56383575e+01  4.94816074e+01  8.56383575e+01  3.13635363e+00 
 8.61315167e+01  4.94816060e+01  8.61315167e+01  3.13632346e+00 
 8.66275158e+01  4.94816046e+01  8.66275158e+01  3.13629312e+00 
 8.71263712e+01  4.94816032e+01  8.71263712e+01  3.13626260e+00 
 8.76280993e+01  4.94816018e+01  8.76280993e+01  3.13623191e+00 
 8.81327166e+01  4.94816004e+01  8.81327166e+01  3.13620104e+00 
 8.86402399e+01  4.94815989e+01  8.86402399e+01  3.13616999e+00 
 8.91506858e+01  4.94815974e+01  8.91506858e+01  3.13613876e+00 
 8.96640711e+01  4.94815959e+01  8.96640711e+01  3.13610736e+00 
 9.01804129e+01  4.94815944e+01  9.01804129e+01  3.13607577e+00 
 9.06997281e+01  4.94815929e+01  9.06997281e+01  3.13604400e+00 
 9.12220338e+01  4.94815914e+01  9.12220338e+01  3.13601205e+00 
 9.17473473e+01  4.94815898e+01  9.17473473e+01  3.13597991e+00 
 9.22756858e+01  4.94815882e+01  9.22756858e+01  3.13594759e+00 
 9.28070669e+01  4.94815866e+01  9.28070669e+01  3.13591508e+00 
 9.33415080e+01  4.94815850e+01  9.33415080e+01  3.13588239e+00 
 9.38790267e+01  4.94815834e+01  9.38790267e+01  3.13584951e+00 
 9.44196408e+01  4.94815817e+01  9.44196408e+01  3.13581644e+00 
 9.49633681e+01  4.94815800e+01  9.49633681e+01  3.13578317e+00 
 9.55102266e+01  4.94815783e+01  9.55102266e+01  3.13574972e+00 
 9.60602341e+01  4.94815766e+01  9.60602341e+01  3.13571607e+00 
 9.66134090e+01  4.94815749e+01  9.66134090e+01  3.13568223e+00 
 9.71697694e+01  4.94815732e+01  9.71697694e+01  3.13564820e+00 
 9.77293337e+01  4.94815714e+01  9.77293337e+01  3.13561397e+00 
 9.82921202e+01  4.94815696e+01  9.82921202e+01  3.13557954e+00 
 9.88581477e+01  4.94815678e+01  9.88581477e+01  3.13554491e+00 
 9.94274347e+01  4.94815659e+01  9.94274347e+01  3.13551009e+00 
 1.00000000e+02  4.94815641e+01  1.00000000e+02  3.13547506e+00 
 1.00575862e+02  4.94815622e+01  1.00575862e+02  3.13543983e+00 
 1.01155041e+02  4.94815603e+01  1.01155041e+02  3.13540440e+00 
 1.01737555e+02  4.94815584e+01  1.01737555e+02  3.13536877e+00 
 1.02323424e+02  4.94815565e+01  1.02323424e+02  3.13533293e+00 
 1.02912666e+02  4.94815545e+01  1.02912666e+02  3.13529688e+00 
 1.03505301e+02  4.94815525e+01  1.03505301e+02  3.13526062e+00 
 1.04101349e+02  4.94815505e+01  1.04101349e+02  3.13522416e+00 
 1.04700830e+02  4.94815485e+01  1.04700830e+02  3.13518749e+00 
 1.05303763e+02  4.94815464e+01  1.05303763e+02  3.13515061e+00 
 1.05910168e+02  4.94815443e+01  1.05910168e+02  3.13511351e+00 
 1.06520065e+02  4.94815422e+01  1.06520065e+02  3.13507620e+00 
 1.07133474e+02  4.94815401e+01  1.07133474e+02  3.13503867e+00 
 1.07750415e+02  4.94815379e+01  1.07750415e+02  3.13500093e+00 
 1.08370910e+02  4.94815358e+01  1.08370910e+02  3.13496298e+00 
 1.08994977e+02  4.94815336e+01  1.08994977e+02  3.13492480e+00 
 1.09622638e+02  4.94815313e+01  1.09622638e+02  3.13488640e+00 
 1.10253914e+02  4.94815291e+01  1.10253914e+02  3.13484778e+00 
 1.10888825e+02  4.94815268e+01  1.10888825e+02  3.13480894e+00 
 1.11527392e+02  4.94815245e+01  1.11527392e+02  3.13476988e+00 
 1.12169636e+02  4.94815222e+01  1.12169636e+02  3.13473059e+00 
 1.12815579e+02  4.94815198e+01  1.12815579e+02  3.13469108e+00 
 1.13465242e+02  4.94815174e+01  1.13465242e+02  3.13465134e+00 
 1.14118646e+02  4.94815150e+01  1.14118646e+02  3.13461136e+00 
 1.14775812e+02  4.94815126e+01  1.14775812e+02  3.13457116e+00 
 1.15436763e+02  4.94815101e+01  1.15436763e+02  3.13453073e+00 
 1.16101520e+02  4.94815076e+01  1.16101520e+02  3.13449006e+00 
 1.16770105e+02  4.94815051e+01  1.16770105e+02  3.13444916e+00 
 1.17442540e+02  4.94815025e+01  1.17442540e+02  3.13440803e+00 
 1.18118848e+02  4.94814999e+01  1.18118848e+02  3.13436666e+00 
 1.18799050e+02  4.94814973e+01  1.18799050e+02  3.13432505e+00 
 1.19483169e+02  4.94814946e+01  1.19483169e+02  3.13428320e+00 
 1.20171228e+02  4.94814920e+01  1.20171228e+02  3.13424111e+00 
 1.20863249e+02  4.94814893e+01  1.20863249e+02  3.13419877e+00 
 1.21559255e+02  4.94814865e+01  1.21559255e+02  3.13415620e+00 
 1.22259269e+02  4.94814838e+01  1.22259269e+02  3.13411337e+00 
 1.22963314e+02  4.94814809e+01  1.22963314e+02  3.13407030e+00 
 1.23671414e+02  4.94814781e+01  1.23671414e+02  3.13402699e+00 
 1.24383591e+02  4.94814752e+01  1.24383591e+02  3.13398342e+00 
 1.25099870e+02  4.94814723e+01  1.25099870e+02  3.13393960e+00 
 1.25820273e+02  4.94814694e+01  1.25820273e+02  3.13389554e+00 
 1.26544825e+02  4.94814664e+01  1.26544825e+02  3.13385121e+00 
 1.27273549e+02  4.94814634e+01  1.27273549e+02  3.13380663e+00 
 1.28006470e+02  4.94814604e+01  1.28006470e+02  3.13376180e+00 
 1.28743611e+02  4.94814573e+01  1.28743611e+02  3.13371671e+00 
 1.29484997e+02  4.94814542e+01  1.29484997e+02  3.13367135e+00 
 1.30230653e+02  4.94814511e+01  1.30230653e+02  3.13362574e+00 
 1.30980602e+02  4.94814479e+01  1.30980602e+02  3.13357986e+00 
 1.31734870e+02  4.94814447e+01  1.31734870e+02  3.13353372e+00 
 1.32493482e+02  4.94814414e+01  1.32493482e+02  3.13348732e+00 
 1.33256462e+02  4.94814381e+01  1.33256462e+02  3.13344064e+00 
 1.34023836e+02  4.94814348e+01  1.34023836e+02  3.13339370e+00 
 1.34795629e+02  4.94814314e+01  1.34795629e+02  3.13334649e+00 
 1.35571867e+02  4.94814280e+01  1.35571867e+02  3.13329900e+00 
 1.36352574e+02  4.94814246e+01  1.36352574e+02  3.13325125e+00 
 1.37137778e+02  4.94814211e+01  1.37137778e+02  3.13320321e+00 
 1.37927503e+02  4.94814175e+01  1.37927503e+02  3.13315490e+00 
 1.38721775e+02  4.94814140e+01  1.38721775e+02  3.13310632e+00 
 1.39520622e+02  4.94814104e+01  1.39520622e+02  3.13305745e+00 
 1.40324069e+02  4.94814067e+01  1.40324069e+02  3.13300830e+00 
 1.41132143e+02  4.94814030e+01  1.41132143e+02  3.13295887e+00 
 1.41944870e+02  4.94813993e+01  1.41944870e+02  3.13290915e+00 
 1.42762277e+02  4.94813955e+01  1.42762277e+02  3.13285915e+00 
 1.43584391e+02  4.94813917e+01  1.43584391e+02  3.13280886e+00 
 1.44411240e+02  4.94813878e+01  1.44411240e+02  3.13275828e+00 
 1.45242850e+02  4.94813839e+01  1.45242850e+02  3.13270741e+00 
 1.46079249e+02  4.94813800e+01  1.46079249e+02  3.13265624e+00 
 1.46920465e+02  4.94813759e+01  1.46920465e+02  3.13260479e+00 
 1.47766525e+02  4.94813719e+01  1.47766525e+02  3.13255303e+00 
 1.48617457e+02  4.94813678e+01  1.48617457e+02  3.13250098e+00 
 1.49473289e+02  4.94813637e+01  1.49473289e+02  3.13244862e+00 
 1.50334050e+02  4.94813595e+01  1.50334050e+02  3.13239597e+00 
 1.51199767e+02  4.94813552e+01  1.51199767e+02  3.13234301e+00 
 1.52070470e+02  4.94813509e+01  1.52070470e+02  3.13228975e+00 
 1.52946187e+02  4.94813466e+01  1.52946187e+02  3.13223618e+00 
 1.53826946e+02  4.94813422e+01  1.53826946e+02  3.13218231e+00 
 1.54712778e+02  4.94813378e+01  1.54712778e+02  3.13212812e+00 
 1.55603711e+02  4.94813333e+01  1.55603711e+02  3.13207362e+00 
 1.56499774e+02  4.94813287e+01  1.56499774e+02  3.13201880e+00 
 1.57400998e+02  4.94813242e+01  1.57400998e+02  3.13196368e+00 
 1.58307411e+02  4.94813195e+01  1.58307411e+02  3.13190823e+00 
 1.59219044e+02  4.94813148e+01  1.59219044e+02  3.13185246e+00 
 1.60135927e+02  4.94813101e+01  1.60135927e+02  3.13179638e+00 
 1.61058090e+02  4.94813052e+01  1.61058090e+02  3.13173997e+00 
 1.61985563e+02  4.94813004e+01  1.61985563e+02  3.13168323e+00 
 1.62918377e+02  4.94812955e+01  1.62918377e+02  3.13162617e+00 
 1.63856563e+02  4.94812905e+01  1.63856563e+02  3.13156878e+00 
 1.64800151e+02  4.94812854e+01  1.64800151e+02  3.13151106e+00 
 1.65749174e+02  4.94812803e+01  1.65749174e+02  3.13145301e+00 
 1.66703661e+02  4.94812752e+01  1.66703661e+02  3.13139463e+00 
 1.67663645e+02  4.94812700e+01  1.67663645e+02  3.13133590e+00 
 1.68629157e+02  4.94812647e+01  1.68629157e+02  3.13127684e+00 
 1.69600229e+02  4.94812594e+01  1.69600229e+02  3.13121744e+00 
 1.70576893e+02  4.94812540e+01  1.70576893e+02  3.13115770e+00 
 1.71559181e+02  4.94812485e+01  1.71559181e+02  3.13109761e+00 
 1.72547126e+02  4.94812430e+01  1.72547126e+02  3.13103718e+00 
 1.73540760e+02  4.94812374e+01  1.73540760e+02  3.13097640e+00 
 1.74540117e+02  4.94812318e+01  1.74540117e+02  3.13091527e+00 
 1.75545228e+02  4.94812261e+01  1.75545228e+02  3.13085379e+00 
 1.76556127e+02  4.94812203e+01  1.76556127e+02  3.13079195e+00 
 1.77572847e+02  4.94812144e+01  1.77572847e+02  3.13072976e+00 
 1.78595423e+02  4.94812085e+01  1.78595423e+02  3.13066721e+00 
 1.79623887e+02  4.94812025e+01  1.79623887e+02  3.13060430e+00 
 1.80658273e+02  4.94811965e+01  1.80658273e+02  3.13054102e+00 
 1.81698617e+02  4.94811904e+01  1.81698617e+02  3.13047739e+00 
 1.82744951e+02  4.94811842e+01  1.82744951e+02  3.13041338e+00 
 1.83797311e+02  4.94811779e+01  1.83797311e+02  3.13034901e+00 
 1.84855730e+02  4.94811716e+01  1.84855730e+02  3.13028427e+00 
 1.85920245e+02  4.94811652e+01  1.85920245e+02  3.13021916e+00 
 1.86990890e+02  4.94811587e+01  1.86990890e+02  3.13015367e+00 
 1.88067700e+02  4.94811521e+01  1.88067700e+02  3.13008780e+00 
 1.89150712e+02  4.94811455e+01  1.89150712e+02  3.13002155e+00 
 1.90239960e+02  4.94811388e+01  1.90239960e+02  3.12995492e+00 
 1.91335480e+02  4.94811320e+01  1.91335480e+02  3.12988791e+00 
 1.92437310e+02  4.94811251e+01  1.92437310e+02  3.12982052e+00 
 1.93545484e+02  4.94811182e+01  1.93545484e+02  3.12975273e+00 
 1.94660040e+02  4.94811111e+01  1.94660040e+02  3.12968456e+00 
 1.95781014e+02  4.94811040e+01  1.95781014e+02  3.12961599e+00 
 1.96908443e+02  4.94810969e+01  1.96908443e+02  3.12954703e+00 
 1.98042365e+02  4.94810896e+01  1.98042365e+02  3.12947767e+00 
 1.99182817e+02  4.94810822e+01  1.99182817e+02  3.12940791e+00 
 2.00329836e+02  4.94810748e+01  2.00329836e+02  3.12933775e+00 
 2.01483461e+02  4.94810673e+01  2.01483461e+02  3.12926718e+00 
 2.02643728e+02  4.94810596e+01  2.02643728e+02  3.12919621e+00 
 2.03810678e+02  4.94810519e+01  2.03810678e+02  3.12912483e+00 
 2.04984347e+02  4.94810441e+01  2.04984347e+02  3.12905304e+00 
 2.06164775e+02  4.94810363e+01  2.06164775e+02  3.12898084e+00 
 2.07352000e+02  4.94810283e+01  2.07352000e+02  3.12890822e+00 
 2.08546063e+02  4.94810202e+01  2.08546063e+02  3.12883518e+00 
 2.09747001e+02  4.94810121e+01  2.09747001e+02  3.12876173e+00 
 2.10954856e+02  4.94810038e+01  2.10954856e+02  3.12868785e+00 
 2.12169666e+02  4.94809955e+01  2.12169666e+02  3.12861354e+00 
 2.13391471e+02  4.94809870e+01  2.13391471e+02  3.12853881e+00 
 2.14620313e+02  4.94809785e+01  2.14620313e+02  3.12846364e+00 
 2.15856230e+02  4.94809699e+01  2.15856230e+02  3.12838805e+00 
 2.17099265e+02  4.94809611e+01  2.17099265e+02  3.12831202e+00 
 2.18349459e+02  4.94809523e+01  2.18349459e+02  3.12823555e+00 
 2.19606851e+02  4.94809433e+01  2.19606851e+02  3.12815864e+00 
 2.20871485e+02  4.94809343e+01  2.20871485e+02  3.12808128e+00 
 2.22143401e+02  4.94809251e+01  2.22143401e+02  3.12800349e+00 
 2.23422641e+02  4.94809159e+01  2.23422641e+02  3.12792524e+00 
 2.24709249e+02  4.94809065e+01  2.24709249e+02  3.12784655e+00 
 2.26003265e+02  4.94808971e+01  2.26003265e+02  3.12776740e+00 
 2.27304733e+02  4.94808875e+01  2.27304733e+02  3.12768779e+00 
 2.28613696e+02  4.94808778e+01  2.28613696e+02  3.12760773e+00 
 2.29930196e+02  4.94808680e+01  2.29930196e+02  3.12752721e+00 
 2.31254278e+02  4.94808581e+01  2.31254278e+02  3.12744622e+00 
 2.32585985e+02  4.94808480e+01  2.32585985e+02  3.12736477e+00 
 2.33925360e+02  4.94808379e+01  2.33925360e+02  3.12728285e+00 
 2.35272449e+02  4.94808276e+01  2.35272449e+02  3.12720045e+00 
 2.36627294e+02  4.94808173e+01  2.36627294e+02  3.12711758e+00 
 2.37989942e+02  4.94808067e+01  2.37989942e+02  3.12703424e+00 
 2.39360437e+02  4.94807961e+01  2.39360437e+02  3.12695042e+00 
 2.40738824e+02  4.94807854e+01  2.40738824e+02  3.12686611e+00 
 2.42125149e+02  4.94807745e+01  2.42125149e+02  3.12678132e+00 
 2.43519457e+02  4.94807635e+01  2.43519457e+02  3.12669604e+00 
 2.44921794e+02  4.94807524e+01  2.44921794e+02  3.12661026e+00 
 2.46332206e+02  4.94807411e+01  2.46332206e+02  3.12652400e+00 
 2.47750741e+02  4.94807298e+01  2.47750741e+02  3.12643724e+00 
 2.49177445e+02  4.94807183e+01  2.49177445e+02  3.12634998e+00 
 2.50612364e+02  4.94807066e+01  2.50612364e+02  3.12626221e+00 
 2.52055547e+02  4.94806948e+01  2.52055547e+02  3.12617395e+00 
 2.53507040e+02  4.94806829e+01  2.53507040e+02  3.12608517e+00 
 2.54966892e+02  4.94806709e+01  2.54966892e+02  3.12599588e+00 
 2.56435151e+02  4.94806587e+01  2.56435151e+02  3.12590608e+00 
 2.57911865e+02  4.94806463e+01  2.57911865e+02  3.12581576e+00 
 2.59397083e+02  4.94806339e+01  2.59397083e+02  3.12572492e+00 
 2.60890853e+02  4.94806212e+01  2.60890853e+02  3.12563356e+00 
 2.62393226e+02  4.94806085e+01  2.62393226e+02  3.12554168e+00 
 2.63904250e+02  4.94805956e+01  2.63904250e+02  3.12544926e+00 
 2.65423975e+02  4.94805825e+01  2.65423975e+02  3.12535631e+00 
 2.66952453e+02  4.94805693e+01  2.66952453e+02  3.12526283e+00 
 2.68489732e+02  4.94805559e+01  2.68489732e+02  3.12516881e+00 
 2.70035863e+02  4.94805424e+01  2.70035863e+02  3.12507425e+00 
 2.71590899e+02  4.94805287e+01  2.71590899e+02  3.12497914e+00 
 2.73154889e+02  4.94805149e+01  2.73154889e+02  3.12488349e+00 
 2.74727885e+02  4.94805009e+01  2.74727885e+02  3.12478729e+00 
 2.76309940e+02  4.94804868e+01  2.76309940e+02  3.12469053e+00 
 2.77901105e+02  4.94804724e+01  2.77901105e+02  3.12459321e+00 
 2.79501434e+02  4.94804580e+01  2.79501434e+02  3.12449534e+00 
 2.81110978e+02  4.94804433e+01  2.81110978e+02  3.12439690e+00 
 2.82729790e+02  4.94804285e+01  2.82729790e+02  3.12429790e+00 
 2.84357925e+02  4.94804135e+01  2.84357925e+02  3.12419832e+00 
 2.85995436e+02  4.94803983e+01  2.85995436e+02  3.12409818e+00 
 2.87642376e+02  4.94803830e+01  2.87642376e+02  3.12399745e+00 
 2.89298801e+02  4.94803675e+01  2.89298801e+02  3.12389615e+00 
 2.90964764e+02  4.94803518e+01  2.90964764e+02  3.12379426e+00 
 2.92640321e+02  4.94803359e+01  2.92640321e+02  3.12369179e+00 
 2.94325527e+02  4.94803199e+01  2.94325527e+02  3.12358873e+00 
 2.96020437e+02  4.94803036e+01  2.96020437e+02  3.12348507e+00 
 2.97725108e+02  4.94802872e+01  2.97725108e+02  3.12338082e+00 
 2.99439595e+02  4.94802706e+01  2.99439595e+02  3.12327597e+00 
 3.01163955e+02  4.94802537e+01  3.01163955e+02  3.12317052e+00 
 3.02898246e+02  4.94802367e+01  3.02898246e+02  3.12306445e+00 
 3.04642523e+02  4.94802195e+01  3.04642523e+02  3.12295778e+00 
 3.06396845e+02  4.94802021e+01  3.06396845e+02  3.12285050e+00 
 3.08161270e+02  4.94801845e+01  3.08161270e+02  3.12274259e+00 
 3.09935855e+02  4.94801667e+01  3.09935855e+02  3.12263407e+00 
 3.11720659e+02  4.94801487e+01  3.11720659e+02  3.12252492e+00 
 3.13515742e+02  4.94801305e+01  3.13515742e+02  3.12241514e+00 
 3.15321161e+02  4.94801121e+01  3.15321161e+02  3.12230473e+00 
 3.17136977e+02  4.94800934e+01  3.17136977e+02  3.12219369e+00 
 3.18963250e+02  4.94800746e+01  3.18963250e+02  3.12208201e+00 
 3.20800040e+02  4.94800555e+01  3.20800040e+02  3.12196968e+00 
 3.22647407e+02  4.94800362e+01  3.22647407e+02  3.12185671e+00 
 3.24505413e+02  4.94800167e+01  3.24505413e+02  3.12174309e+00 
 3.26374118e+02  4.94799969e+01  3.26374118e+02  3.12162881e+00 
 3.28253584e+02  4.94799769e+01  3.28253584e+02  3.12151388e+00 
 3.30143873e+02  4.94799567e+01  3.30143873e+02  3.12139828e+00 
 3.32045048e+02  4.94799363e+01  3.32045048e+02  3.12128202e+00 
 3.33957171e+02  4.94799156e+01  3.33957171e+02  3.12116509e+00 
 3.35880305e+02  4.94798947e+01  3.35880305e+02  3.12104749e+00 
 3.37814514e+02  4.94798736e+01  3.37814514e+02  3.12092921e+00 
 3.39759861e+02  4.94798522e+01  3.39759861e+02  3.12081025e+00 
 3.41716410e+02  4.94798305e+01  3.41716410e+02  3.12069061e+00 
 3.43684227e+02  4.94798086e+01  3.43684227e+02  3.12057028e+00 
 3.45663375e+02  4.94797865e+01  3.45663375e+02  3.12044925e+00 
 3.47653921e+02  4.94797641e+01  3.47653921e+02  3.12032753e+00 
 3.49655930e+02  4.94797414e+01  3.49655930e+02  3.12020511e+00 
 3.51669467e+02  4.94797185e+01  3.51669467e+02  3.12008199e+00 
 3.53694600e+02  4.94796953e+01  3.53694600e+02  3.11995815e+00 
 3.55731394e+02  4.94796718e+01  3.55731394e+02  3.11983361e+00 
 3.57779918e+02  4.94796481e+01  3.57779918e+02  3.11970835e+00 
 3.59840238e+02  4.94796241e+01  3.59840238e+02  3.11958236e+00 
 3.61912423e+02  4.94795998e+01  3.61912423e+02  3.11945566e+00 
 3.63996541e+02  4.94795753e+01  3.63996541e+02  3.11932822e+00 
 3.66092661e+02  4.94795504e+01  3.66092661e+02  3.11920005e+00 
 3.68200851e+02  4.94795253e+01  3.68200851e+02  3.11907114e+00 
 3.70321182e+02  4.94794999e+01  3.70321182e+02  3.11894149e+00 
 3.72453723e+02  4.94794742e+01  3.72453723e+02  3.11881110e+00 
 3.74598544e+02  4.94794482e+01  3.74598544e+02  3.11867995e+00 
 3.76755716e+02  4.94794219e+01  3.76755716e+02  3.11854805e+00 
 3.78925311e+02  4.94793953e+01  3.78925311e+02  3.11841540e+00 
 3.81107400e+02  4.94793683e+01  3.81107400e+02  3.11828198e+00 
 3.83302055e+02  4.94793411e+01  3.83302055e+02  3.11814779e+00 
 3.85509347e+02  4.94793136e+01  3.85509347e+02  3.11801283e+00 
 3.87729351e+02  4.94792857e+01  3.87729351e+02  3.11787709e+00 
 3.89962139e+02  4.94792575e+01  3.89962139e+02  3.11774057e+00 
 3.92207785e+02  4.94792290e+01  3.92207785e+02  3.11760327e+00 
 3.94466362e+02  4.94792002e+01  3.94466362e+02  3.11746518e+00 
 3.96737946e+02  4.94791710e+01  3.96737946e+02  3.11732629e+00 
 3.99022611e+02  4.94791415e+01  3.99022611e+02  3.11718661e+00 
 4.01320433e+02  4.94791116e+01  4.01320433e+02  3.11704612e+00 
 4.03631487e+02  4.94790814e+01  4.03631487e+02  3.11690482e+00 
 4.05955849e+02  4.94790509e+01  4.05955849e+02  3.11676271e+00 
 4.08293596e+02  4.94790200e+01  4.08293596e+02  3.11661978e+00 
 4.10644806e+02  4.94789888e+01  4.10644806e+02  3.11647603e+00 
 4.13009556e+02  4.94789571e+01  4.13009556e+02  3.11633146e+00 
 4.15387923e+02  4.94789252e+01  4.15387923e+02  3.11618605e+00 
 4.17779986e+02  4.94788928e+01  4.17779986e+02  3.11603981e+00 
 4.20185824e+02  4.94788601e+01  4.20185824e+02  3.11589272e+00 
 4.22605517e+02  4.94788270e+01  4.22605517e+02  3.11574479e+00 
 4.25039143e+02  4.94787935e+01  4.25039143e+02  3.11559601e+00 
 4.27486784e+02  4.94787597e+01  4.27486784e+02  3.11544637e+00 
 4.29948521e+02  4.94787254e+01  4.29948521e+02  3.11529587e+00 
 4.32424433e+02  4.94786908e+01  4.32424433e+02  3.11514451e+00 
 4.34914603e+02  4.94786557e+01  4.34914603e+02  3.11499228e+00 
 4.37419113e+02  4.94786202e+01  4.37419113e+02  3.11483917e+00 
 4.39938046e+02  4.94785844e+01  4.39938046e+02  3.11468518e+00 
 4.42471484e+02  4.94785481e+01  4.42471484e+02  3.11453031e+00 
 4.45019511e+02  4.94785114e+01  4.45019511e+02  3.11437454e+00 
 4.47582212e+02  4.94784743e+01  4.47582212e+02  3.11421788e+00 
 4.50159670e+02  4.94784367e+01  4.50159670e+02  3.11406032e+00 
 4.52751970e+02  4.94783987e+01  4.52751970e+02  3.11390185e+00 
 4.55359199e+02  4.94783603e+01  4.55359199e+02  3.11374247e+00 
 4.57981442e+02  4.94783215e+01  4.57981442e+02  3.11358218e+00 
 4.60618785e+02  4.94782821e+01  4.60618785e+02  3.11342096e+00 
 4.63271316e+02  4.94782424e+01  4.63271316e+02  3.11325882e+00 
 4.65939122e+02  4.94782021e+01  4.65939122e+02  3.11309574e+00 
 4.68622291e+02  4.94781615e+01  4.68622291e+02  3.11293173e+00 
 4.71320911e+02  4.94781203e+01  4.71320911e+02  3.11276677e+00 
 4.74035071e+02  4.94780787e+01  4.74035071e+02  3.11260086e+00 
 4.76764861e+02  4.94780365e+01  4.76764861e+02  3.11243401e+00 
 4.79510371e+02  4.94779939e+01  4.79510371e+02  3.11226619e+00 
 4.82271692e+02  4.94779509e+01  4.82271692e+02  3.11209741e+00 
 4.85048914e+02  4.94779073e+01  4.85048914e+02  3.11192765e+00 
 4.87842128e+02  4.94778632e+01  4.87842128e+02  3.11175692e+00 
 4.90651428e+02  4.94778186e+01  4.90651428e+02  3.11158521e+00 
 4.93476906e+02  4.94777734e+01  4.93476906e+02  3.11141252e+00 
 4.96318654e+02  4.94777278e+01  4.96318654e+02  3.11123883e+00 
 4.99176767e+02  4.94776816e+01  4.99176767e+02  3.11106414e+00 
 5.02051339e+02  4.94776349e+01  5.02051339e+02  3.11088845e+00 
 5.04942464e+02  4.94775877e+01  5.04942464e+02  3.11071174e+00 
 5.07850239e+02  4.94775399e+01  5.07850239e+02  3.11053403e+00 
 5.10774758e+02  4.94774916e+01  5.10774758e+02  3.11035529e+00 
 5.13716118e+02  4.94774427e+01  5.13716118e+02  3.11017552e+00 
 5.16674416e+02  4.94773932e+01  5.16674416e+02  3.10999472e+00 
 5.19649751e+02  4.94773432e+01  5.19649751e+02  3.10981288e+00 
 5.22642219e+02  4.94772926e+01  5.22642219e+02  3.10963000e+00 
 5.25651919e+02  4.94772414e+01  5.25651919e+02  3.10944606e+00 
 5.28678951e+02  4.94771897e+01  5.28678951e+02  3.10926107e+00 
 5.31723415e+02  4.94771373e+01  5.31723415e+02  3.10907502e+00 
 5.34785411e+02  4.94770843e+01  5.34785411e+02  3.10888789e+00 
 5.37865040e+02  4.94770307e+01  5.37865040e+02  3.10869969e+00 
 5.40962403e+02  4.94769765e+01  5.40962403e+02  3.10851041e+00 
 5.44077602e+02  4.94769217e+01  5.44077602e+02  3.10832005e+00 
 5.47210741e+02  4.94768662e+01  5.47210741e+02  3.10812858e+00 
 5.50361923e+02  4.94768101e+01  5.50361923e+02  3.10793602e+00 
 5.53531250e+02  4.94767533e+01  5.53531250e+02  3.10774235e+00 
 5.56718829e+02  4.94766959e+01  5.56718829e+02  3.10754757e+00 
 5.59924764e+02  4.94766379e+01  5.59924764e+02  3.10735167e+00 
 5.63149161e+02  4.94765791e+01  5.63149161e+02  3.10715465e+00 
 5.66392126e+02  4.94765197e+01  5.66392126e+02  3.10695649e+00 
 5.69653766e+02  4.94764596e+01  5.69653766e+02  3.10675719e+00 
 5.72934188e+02  4.94763988e+01  5.72934188e+02  3.10655675e+00 
 5.76233501e+02  4.94763373e+01  5.76233501e+02  3.10635516e+00 
 5.79551814e+02  4.94762751e+01  5.79551814e+02  3.10615241e+00 
 5.82889235e+02  4.94762122e+01  5.82889235e+02  3.10594849e+00 
 5.86245876e+02  4.94761485e+01  5.86245876e+02  3.10574341e+00 
 5.89621846e+02  4.94760841e+01  5.89621846e+02  3.10553714e+00 
 5.93017257e+02  4.94760190e+01  5.93017257e+02  3.10532969e+00 
 5.96432221e+02  4.94759531e+01  5.96432221e+02  3.10512105e+00 
 5.99866850e+02  4.94758865e+01  5.99866850e+02  3.10491122e+00 
 6.03321259e+02  4.94758191e+01  6.03321259e+02  3.10470017e+00 
 6.06795560e+02  4.94757509e+01  6.06795560e+02  3.10448792e+00 
 6.10289868e+02  4.94756819e+01  6.10289868e+02  3.10427444e+00 
 6.13804298e+02  4.94756121e+01  6.13804298e+02  3.10405974e+00 
 6.17338967e+02  4.94755416e+01  6.17338967e+02  3.10384381e+00 
 6.20893990e+02  4.94754702e+01  6.20893990e+02  3.10362663e+00 
 6.24469486e+02  4.94753980e+01  6.24469486e+02  3.10340821e+00 
 6.28065572e+02  4.94753249e+01  6.28065572e+02  3.10318854e+00 
 6.31682366e+02  4.94752510e+01  6.31682366e+02  3.10296760e+00 
 6.35319988e+02  4.94751763e+01  6.35319988e+02  3.10274540e+00 
 6.38978557e+02  4.94751007e+01  6.38978557e+02  3.10252192e+00 
 6.42658195e+02  4.94750242e+01  6.42658195e+02  3.10229715e+00 
 6.46359022e+02  4.94749469e+01  6.46359022e+02  3.10207110e+00 
 6.50081162e+02  4.94748686e+01  6.50081162e+02  3.10184375e+00 
 6.53824735e+02  4.94747895e+01  6.53824735e+02  3.10161509e+00 
 6.57589867e+02  4.94747094e+01  6.57589867e+02  3.10138513e+00 
 6.61376680e+02  4.94746284e+01  6.61376680e+02  3.10115384e+00 
 6.65185300e+02  4.94745465e+01  6.65185300e+02  3.10092122e+00 
 6.69015853e+02  4.94744637e+01  6.69015853e+02  3.10068727e+00 
 6.72868464e+02  4.94743798e+01  6.72868464e+02  3.10045197e+00 
 6.76743262e+02  4.94742951e+01  6.76743262e+02  3.10021533e+00 
 6.80640372e+02  4.94742093e+01  6.80640372e+02  3.09997733e+00 
 6.84559925e+02  4.94741225e+01  6.84559925e+02  3.09973796e+00 
 6.88502049e+02  4.94740348e+01  6.88502049e+02  3.09949722e+00 
 6.92466874e+02  4.94739460e+01  6.92466874e+02  3.09925509e+00 
 6.96454531e+02  4.94738562e+01  6.96454531e+02  3.09901158e+00 
 7.00465151e+02  4.94737654e+01  7.00465151e+02  3.09876667e+00 
 7.04498867e+02  4.94736736e+01  7.04498867e+02  3.09852036e+00 
 7.08555812e+02  4.94735806e+01  7.08555812e+02  3.09827263e+00 
 7.12636119e+02  4.94734866e+01  7.12636119e+02  3.09802348e+00 
 7.16739924e+02  4.94733916e+01  7.16739924e+02  3.09777290e+00 
 7.20867360e+02  4.94732954e+01  7.20867360e+02  3.09752088e+00 
 7.25018565e+02  4.94731981e+01  7.25018565e+02  3.09726742e+00 
 7.29193675e+02  4.94730997e+01  7.29193675e+02  3.09701251e+00 
 7.33392828e+02  4.94730001e+01  7.33392828e+02  3.09675613e+00 
 7.37616162e+02  4.94728994e+01  7.37616162e+02  3.09649828e+00 
 7.41863817e+02  4.94727976e+01  7.41863817e+02  3.09623895e+00 
 7.46135932e+02  4.94726946e+01  7.46135932e+02  3.09597814e+00 
 7.50432649e+02  4.94725904e+01  7.50432649e+02  3.09571583e+00 
 7.54754109e+02  4.94724849e+01  7.54754109e+02  3.09545201e+00 
 7.59100455e+02  4.94723783e+01  7.59100455e+02  3.09518669e+00 
 7.63471830e+02  4.94722705e+01  7.63471830e+02  3.09491984e+00 
 7.67868378e+02  4.94721613e+01  7.67868378e+02  3.09465146e+00 
 7.72290244e+02  4.94720510e+01  7.72290244e+02  3.09438154e+00 
 7.76737574e+02  4.94719394e+01  7.76737574e+02  3.09411008e+00 
 7.81210514e+02  4.94718264e+01  7.81210514e+02  3.09383706e+00 
 7.85709213e+02  4.94717122e+01  7.85709213e+02  3.09356247e+00 
 7.90233817e+02  4.94715967e+01  7.90233817e+02  3.09328631e+00 
 7.94784478e+02  4.94714798e+01  7.94784478e+02  3.09300857e+00 
 7.99361343e+02  4.94713616e+01  7.99361343e+02  3.09272924e+00 
 8.03964565e+02  4.94712420e+01  8.03964565e+02  3.09244830e+00 
 8.08594296e+02  4.94711211e+01  8.08594296e+02  3.09216576e+00 
 8.13250687e+02  4.94709987e+01  8.13250687e+02  3.09188159e+00 
 8.17933893e+02  4.94708750e+01  8.17933893e+02  3.09159580e+00 
 8.22644067e+02  4.94707498e+01  8.22644067e+02  3.09130837e+00 
 8.27381366e+02  4.94706232e+01  8.27381366e+02  3.09101929e+00 
 8.32145945e+02  4.94704951e+01  8.32145945e+02  3.09072856e+00 
 8.36937961e+02  4.94703655e+01  8.36937961e+02  3.09043616e+00 
 8.41757573e+02  4.94702345e+01  8.41757573e+02  3.09014209e+00 
 8.46604939e+02  4.94701019e+01  8.46604939e+02  3.08984633e+00 
 8.51480220e+02  4.94699678e+01  8.51480220e+02  3.08954888e+00 
 8.56383575e+02  4.94698322e+01  8.56383575e+02  3.08924972e+00 
 8.61315167e+02  4.94696950e+01  8.61315167e+02  3.08894885e+00 
 8.66275158e+02  4.94695562e+01  8.66275158e+02  3.08864626e+00 
 8.71263712e+02  4.94694159e+01  8.71263712e+02  3.08834194e+00 
 8.76280993e+02  4.94692739e+01  8.76280993e+02  3.08803587e+00 
 8.81327166e+02  4.94691303e+01  8.81327166e+02  3.08772805e+00 
 8.86402399e+02  4.94689850e+01  8.86402399e+02  3.08741847e+00 
 8.91506858e+02  4.94688380e+01  8.91506858e+02  3.08710711e+00 
 8.96640711e+02  4.94686894e+01  8.96640711e+02  3.08679398e+00 
 9.01804129e+02  4.94685390e+01  9.01804129e+02  3.08647905e+00 
 9.06997281e+02  4.94683869e+01  9.06997281e+02  3.08616232e+00 
 9.12220338e+02  4.94682331e+01  9.12220338e+02  3.08584377e+00 
 9.17473473e+02  4.94680775e+01  9.17473473e+02  3.08552340e+00 
 9.22756858e+02  4.94679201e+01  9.22756858e+02  3.08520120e+00 
 9.28070669e+02  4.94677609e+01  9.28070669e+02  3.08487716e+00 
 9.33415080e+02  4.94675998e+01  9.33415080e+02  3.08455126e+00 
 9.38790267e+02  4.94674369e+01  9.38790267e+02  3.08422350e+00 
 9.44196408e+02  4.94672722e+01  9.44196408e+02  3.08389386e+00 
 9.49633681e+02  4.94671055e+01  9.49633681e+02  3.08356234e+00 
 9.55102266e+02  4.94669369e+01  9.55102266e+02  3.08322892e+00 
 9.60602341e+02  4.94667664e+01  9.60602341e+02  3.08289359e+00 
 9.66134090e+02  4.94665939e+01  9.66134090e+02  3.08255635e+00 
 9.71697694e+02  4.94664194e+01  9.71697694e+02  3.08221718e+00 
 9.77293337e+02  4.94662429e+01  9.77293337e+02  3.08187606e+00 
 9.82921202e+02  4.94660644e+01  9.82921202e+02  3.08153300e+00 
 9.88581477e+02  4.94658838e+01  9.88581477e+02  3.08118798e+00 
 9.94274347e+02  4.94657012e+01  9.94274347e+02  3.08084098e+00 
 1.00000000e+03  4.94655164e+01  1.00000000e+03  3.08049200e+00 
 1.00575862e+03  4.94653295e+01  1.00575862e+03  3.08014103e+00 
 1.01155041e+03  4.94651405e+01  1.01155041e+03  3.07978805e+00 
 1.01737555e+03  4.94649493e+01  1.01737555e+03  3.07943305e+00 
 1.02323424e+03  4.94647559e+01  1.02323424e+03  3.07907602e+00 
 1.02912666e+03  4.94645602e+01  1.02912666e+03  3.07871696e+00 
 1.03505301e+03  4.94643624e+01  1.03505301e+03  3.07835584e+00 
 1.04101349e+03  4.94641622e+01  1.04101349e+03  3.07799266e+00 
 1.04700830e+03  4.94639597e+01  1.04700830e+03  3.07762741e+00 
 1.05303763e+03  4.94637550e+01  1.05303763e+03  3.07726007e+00 
 1.05910168e+03  4.94635478e+01  1.05910168e+03  3.07689063e+00 
 1.06520065e+03  4.94633383e+01  1.06520065e+03  3.07651908e+00 
 1.07133474e+03  4.94631263e+01  1.07133474e+03  3.07614541e+00 
 1.07750415e+03  4.94629120e+01  1.07750415e+03  3.07576961e+00 
 1.08370910e+03  4.94626951e+01  1.08370910e+03  3.07539166e+00 
 1.08994977e+03  4.94624758e+01  1.08994977e+03  3.07501155e+00 
 1.09622638e+03  4.94622539e+01  1.09622638e+03  3.07462928e+00 
 1.10253914e+03  4.94620295e+01  1.10253914e+03  3.07424482e+00 
 1.10888825e+03  4.94618026e+01  1.10888825e+03  3.07385817e+00 
 1.11527392e+03  4.94615730e+01  1.11527392e+03  3.07346931e+00 
 1.12169636e+03  4.94613407e+01  1.12169636e+03  3.07307824e+00 
 1.12815579e+03  4.94611058e+01  1.12815579e+03  3.07268493e+00 
 1.13465242e+03  4.94608682e+01  1.13465242e+03  3.07228938e+00 
 1.14118646e+03  4.94606279e+01  1.14118646e+03  3.07189158e+00 
 1.14775812e+03  4.94603848e+01  1.14775812e+03  3.07149150e+00 
 1.15436763e+03  4.94601389e+01  1.15436763e+03  3.07108915e+00 
 1.16101520e+03  4.94598902e+01  1.16101520e+03  3.07068450e+00 
 1.16770105e+03  4.94596386e+01  1.16770105e+03  3.07027754e+00 
 1.17442540e+03  4.94593841e+01  1.17442540e+03  3.06986827e+00 
 1.18118848e+03  4.94591267e+01  1.18118848e+03  3.06945666e+00 
 1.18799050e+03  4.94588664e+01  1.18799050e+03  3.06904271e+00 
 1.19483169e+03  4.94586030e+01  1.19483169e+03  3.06862639e+00 
 1.20171228e+03  4.94583367e+01  1.20171228e+03  3.06820771e+00 
 1.20863249e+03  4.94580672e+01  1.20863249e+03  3.06778664e+00 
 1.21559255e+03  4.94577947e+01  1.21559255e+03  3.06736317e+00 
 1.22259269e+03  4.94575190e+01  1.22259269e+03  3.06693729e+00 
 1.22963314e+03  4.94572402e+01  1.22963314e+03  3.06650899e+00 
 1.23671414e+03  4.94569582e+01  1.23671414e+03  3.06607824e+00 
 1.24383591e+03  4.94566729e+01  1.24383591e+03  3.06564505e+00 
 1.25099870e+03  4.94563844e+01  1.25099870e+03  3.06520938e+00 
 1.25820273e+03  4.94560926e+01  1.25820273e+03  3.06477124e+00 
 1.26544825e+03  4.94557974e+01  1.26544825e+03  3.06433061e+00 
 1.27273549e+03  4.94554988e+01  1.27273549e+03  3.06388747e+00 
 1.28006470e+03  4.94551968e+01  1.28006470e+03  3.06344181e+00 
 1.28743611e+03  4.94548913e+01  1.28743611e+03  3.06299361e+00 
 1.29484997e+03  4.94545823e+01  1.29484997e+03  3.06254286e+00 
 1.30230653e+03  4.94542697e+01  1.30230653e+03  3.06208955e+00 
 1.30980602e+03  4.94539536e+01  1.30980602e+03  3.06163366e+00 
 1.31734870e+03  4.94536339e+01  1.31734870e+03  3.06117518e+00 
 1.32493482e+03  4.94533104e+01  1.32493482e+03  3.06071410e+00 
 1.33256462e+03  4.94529833e+01  1.33256462e+03  3.06025039e+00 
 1.34023836e+03  4.94526524e+01  1.34023836e+03  3.05978405e+00 
 1.34795629e+03  4.94523177e+01  1.34795629e+03  3.05931506e+00 
 1.35571867e+03  4.94519792e+01  1.35571867e+03  3.05884341e+00 
 1.36352574e+03  4.94516368e+01  1.36352574e+03  3.05836907e+00 
 1.37137778e+03  4.94512905e+01  1.37137778e+03  3.05789204e+00 
 1.37927503e+03  4.94509402e+01  1.37927503e+03  3.05741231e+00 
 1.38721775e+03  4.94505858e+01  1.38721775e+03  3.05692985e+00 
 1.39520622e+03  4.94502275e+01  1.39520622e+03  3.05644465e+00 
 1.40324069e+03  4.94498650e+01  1.40324069e+03  3.05595670e+00 
 1.41132143e+03  4.94494983e+01  1.41132143e+03  3.05546598e+00 
 1.41944870e+03  4.94491275e+01  1.41944870e+03  3.05497248e+00 
 1.42762277e+03  4.94487524e+01  1.42762277e+03  3.05447617e+00 
 1.43584391e+03  4.94483729e+01  1.43584391e+03  3.05397705e+00 
 1.44411240e+03  4.94479892e+01  1.44411240e+03  3.05347511e+00 
 1.45242850e+03  4.94476010e+01  1.45242850e+03  3.05297031e+00 
 1.46079249e+03  4.94472084e+01  1.46079249e+03  3.05246266e+00 
 1.46920465e+03  4.94468113e+01  1.46920465e+03  3.05195212e+00 
 1.47766525e+03  4.94464097e+01  1.47766525e+03  3.05143870e+00 
 1.48617457e+03  4.94460034e+01  1.48617457e+03  3.05092237e+00 
 1.49473289e+03  4.94455925e+01  1.49473289e+03  3.05040311e+00 
 1.50334050e+03  4.94451769e+01  1.50334050e+03  3.04988091e+00 
 1.51199767e+03  4.94447566e+01  1.51199767e+03  3.04935575e+00 
 1.52070470e+03  4.94443314e+01  1.52070470e+03  3.04882763e+00 
 1.52946187e+03  4.94439013e+01  1.52946187e+03  3.04829651e+00 
 1.53826946e+03  4.94434663e+01  1.53826946e+03  3.04776239e+00 
 1.54712778e+03  4.94430264e+01  1.54712778e+03  3.04722524e+00 
 1.55603711e+03  4.94425814e+01  1.55603711e+03  3.04668506e+00 
 1.56499774e+03  4.94421313e+01  1.56499774e+03  3.04614182e+00 
 1.57400998e+03  4.94416761e+01  1.57400998e+03  3.04559551e+00 
 1.58307411e+03  4.94412156e+01  1.58307411e+03  3.04504612e+00 
 1.59219044e+03  4.94407499e+01  1.59219044e+03  3.04449361e+00 
 1.60135927e+03  4.94402789e+01  1.60135927e+03  3.04393799e+00 
 1.61058090e+03  4.94398024e+01  1.61058090e+03  3.04337923e+00 
 1.61985563e+03  4.94393205e+01  1.61985563e+03  3.04281731e+00 
 1.62918377e+03  4.94388331e+01  1.62918377e+03  3.04225222e+00 
 1.63856563e+03  4.94383402e+01  1.63856563e+03  3.04168394e+00 
 1.64800151e+03  4.94378416e+01  1.64800151e+03  3.04111245e+00 
 1.65749174e+03  4.94373373e+01  1.65749174e+03  3.04053774e+00 
 1.66703661e+03  4.94368272e+01  1.66703661e+03  3.03995979e+00 
 1.67663645e+03  4.94363113e+01  1.67663645e+03  3.03937857e+00 
 1.68629157e+03  4.94357895e+01  1.68629157e+03  3.03879408e+00 
 1.69600229e+03  4.94352617e+01  1.69600229e+03  3.03820629e+00 
 1.70576893e+03  4.94347279e+01  1.70576893e+03  3.03761520e+00 
 1.71559181e+03  4.94341880e+01  1.71559181e+03  3.03702077e+00 
 1.72547126e+03  4.94336420e+01  1.72547126e+03  3.03642299e+00 
 1.73540760e+03  4.94330897e+01  1.73540760e+03  3.03582184e+00 
 1.74540117e+03  4.94325311e+01  1.74540117e+03  3.03521732e+00 
 1.75545228e+03  4.94319661e+01  1.75545228e+03  3.03460938e+00 
 1.76556127e+03  4.94313946e+01  1.76556127e+03  3.03399803e+00 
 1.77572847e+03  4.94308167e+01  1.77572847e+03  3.03338324e+00 
 1.78595423e+03  4.94302321e+01  1.78595423e+03  3.03276499e+00 
 1.79623887e+03  4.94296409e+01  1.79623887e+03  3.03214327e+00 
 1.80658273e+03  4.94290429e+01  1.80658273e+03  3.03151805e+00 
 1.81698617e+03  4.94284381e+01  1.81698617e+03  3.03088931e+00 
 1.82744951e+03  4.94278264e+01  1.82744951e+03  3.03025705e+00 
 1.83797311e+03  4.94272078e+01  1.83797311e+03  3.02962123e+00 
 1.84855730e+03  4.94265820e+01  1.84855730e+03  3.02898185e+00 
 1.85920245e+03  4.94259492e+01  1.85920245e+03  3.02833887e+00 
 1.86990890e+03  4.94253091e+01  1.86990890e+03  3.02769229e+00 
 1.88067700e+03  4.94246617e+01  1.88067700e+03  3.02704208e+00 
 1.89150712e+03  4.94240069e+01  1.89150712e+03  3.02638822e+00 
 1.90239960e+03  4.94233447e+01  1.90239960e+03  3.02573070e+00 
 1.91335480e+03  4.94226749e+01  1.91335480e+03  3.02506949e+00 
 1.92437310e+03  4.94219975e+01  1.92437310e+03  3.02440458e+00 
 1.93545484e+03  4.94213124e+01  1.93545484e+03  3.02373595e+00 
 1.94660040e+03  4.94206195e+01  1.94660040e+03  3.02306357e+00 
 1.95781014e+03  4.94199187e+01  1.95781014e+03  3.02238742e+00 
 1.96908443e+03  4.94192099e+01  1.96908443e+03  3.02170750e+00 
 1.98042365e+03  4.94184930e+01  1.98042365e+03  3.02102377e+00 
 1.99182817e+03  4.94177680e+01  1.99182817e+03  3.02033621e+00 
 2.00329836e+03  4.94170347e+01  2.00329836e+03  3.01964482e+00 
 2.01483461e+03  4.94162931e+01  2.01483461e+03  3.01894956e+00 
 2.02643728e+03  4.94155431e+01  2.02643728e+03  3.01825042e+00 
 2.03810678e+03  4.94147845e+01  2.03810678e+03  3.01754737e+00 
 2.04984347e+03  4.94140173e+01  2.04984347e+03  3.01684040e+00 
 2.06164775e+03  4.94132413e+01  2.06164775e+03  3.01612948e+00 
 2.07352000e+03  4.94124566e+01  2.07352000e+03  3.01541460e+00 
 2.08546063e+03  4.94116629e+01  2.08546063e+03  3.01469573e+00 
 2.09747001e+03  4.94108602e+01  2.09747001e+03  3.01397285e+00 
 2.10954856e+03  4.94100484e+01  2.10954856e+03  3.01324595e+00 
 2.12169666e+03  4.94092273e+01  2.12169666e+03  3.01251500e+00 
 2.13391471e+03  4.94083970e+01  2.13391471e+03  3.01177998e+00 
 2.14620313e+03  4.94075572e+01  2.14620313e+03  3.01104087e+00 
 2.15856230e+03  4.94067079e+01  2.15856230e+03  3.01029764e+00 
 2.17099265e+03  4.94058489e+01  2.17099265e+03  3.00955029e+00 
 2.18349459e+03  4.94049802e+01  2.18349459e+03  3.00879877e+00 
 2.19606851e+03  4.94041016e+01  2.19606851e+03  3.00804309e+00 
 2.20871485e+03  4.94032131e+01  2.20871485e+03  3.00728320e+00 
 2.22143401e+03  4.94023144e+01  2.22143401e+03  3.00651910e+00 
 2.23422641e+03  4.94014056e+01  2.23422641e+03  3.00575076e+00 
 2.24709249e+03  4.94004865e+01  2.24709249e+03  3.00497815e+00 
 2.26003265e+03  4.93995570e+01  2.26003265e+03  3.00420127e+00 
 2.27304733e+03  4.93986169e+01  2.27304733e+03  3.00342007e+00 
 2.28613696e+03  4.93976662e+01  2.28613696e+03  3.00263455e+00 
 2.29930196e+03  4.93967047e+01  2.29930196e+03  3.00184468e+00 
 2.31254278e+03  4.93957323e+01  2.31254278e+03  3.00105043e+00 
 2.32585985e+03  4.93947489e+01  2.32585985e+03  3.00025180e+00 
 2.33925360e+03  4.93937544e+01  2.33925360e+03  2.99944874e+00 
 2.35272449e+03  4.93927486e+01  2.35272449e+03  2.99864125e+00 
 2.36627294e+03  4.93917315e+01  2.36627294e+03  2.99782930e+00 
 2.37989942e+03  4.93907028e+01  2.37989942e+03  2.99701286e+00 
 2.39360437e+03  4.93896625e+01  2.39360437e+03  2.99619192e+00 
 2.40738824e+03  4.93886105e+01  2.40738824e+03  2.99536644e+00 
 2.42125149e+03  4.93875465e+01  2.42125149e+03  2.99453642e+00 
 2.43519457e+03  4.93864705e+01  2.43519457e+03  2.99370182e+00 
 2.44921794e+03  4.93853824e+01  2.44921794e+03  2.99286263e+00 
 2.46332206e+03  4.93842820e+01  2.46332206e+03  2.99201881e+00 
 2.47750741e+03  4.93831691e+01  2.47750741e+03  2.99117036e+00 
 2.49177445e+03  4.93820437e+01  2.49177445e+03  2.99031723e+00 
 2.50612364e+03  4.93809056e+01  2.50612364e+03  2.98945942e+00 
 2.52055547e+03  4.93797547e+01  2.52055547e+03  2.98859689e+00 
 2.53507040e+03  4.93785907e+01  2.53507040e+03  2.98772963e+00 
 2.54966892e+03  4.93774136e+01  2.54966892e+03  2.98685761e+00 
 2.56435151e+03  4.93762233e+01  2.56435151e+03  2.98598081e+00 
 2.57911865e+03  4.93750195e+01  2.57911865e+03  2.98509920e+00 
 2.59397083e+03  4.93738022e+01  2.59397083e+03  2.98421276e+00 
 2.60890853e+03  4.93725712e+01  2.60890853e+03  2.98332147e+00 
 2.62393226e+03  4.93713263e+01  2.62393226e+03  2.98242529e+00 
 2.63904250e+03  4.93700674e+01  2.63904250e+03  2.98152422e+00 
 2.65423975e+03  4.93687943e+01  2.65423975e+03  2.98061823e+00 
 2.66952453e+03  4.93675069e+01  2.66952453e+03  2.97970728e+00 
 2.68489732e+03  4.93662050e+01  2.68489732e+03  2.97879136e+00 
 2.70035863e+03  4.93648885e+01  2.70035863e+03  2.97787045e+00 
 2.71590899e+03  4.93635571e+01  2.71590899e+03  2.97694451e+00 
 2.73154889e+03  4.93622108e+01  2.73154889e+03  2.97601353e+00 
 2.74727885e+03  4.93608494e+01  2.74727885e+03  2.97507748e+00 
 2.76309940e+03  4.93594727e+01  2.76309940e+03  2.97413634e+00 
 2.77901105e+03  4.93580805e+01  2.77901105e+03  2.97319007e+00 
 2.79501434e+03  4.93566727e+01  2.79501434e+03  2.97223867e+00 
 2.81110978e+03  4.93552492e+01  2.81110978e+03  2.97128210e+00 
 2.82729790e+03  4.93538096e+01  2.82729790e+03  2.97032033e+00 
 2.84357925e+03  4.93523539e+01  2.84357925e+03  2.96935335e+00 
 2.85995436e+03  4.93508819e+01  2.85995436e+03  2.96838113e+00 
 2.87642376e+03  4.93493934e+01  2.87642376e+03  2.96740365e+00 
 2.89298801e+03  4.93478882e+01  2.89298801e+03  2.96642087e+00 
 2.90964764e+03  4.93463661e+01  2.90964764e+03  2.96543278e+00 
 2.92640321e+03  4.93448270e+01  2.92640321e+03  2.96443934e+00 
 2.94325527e+03  4.93432707e+01  2.94325527e+03  2.96344055e+00 
 2.96020437e+03  4.93416970e+01  2.96020437e+03  2.96243636e+00 
 2.97725108e+03  4.93401057e+01  2.97725108e+03  2.96142676e+00 
 2.99439595e+03  4.93384966e+01  2.99439595e+03  2.96041172e+00 
 3.01163955e+03  4.93368695e+01  3.01163955e+03  2.95939121e+00 
 3.02898246e+03  4.93352243e+01  3.02898246e+03  2.95836521e+00 
 3.04642523e+03  4.93335607e+01  3.04642523e+03  2.95733370e+00 
 3.06396845e+03  4.93318785e+01  3.06396845e+03  2.95629665e+00 
 3.08161270e+03  4.93301775e+01  3.08161270e+03  2.95525403e+00 
 3.09935855e+03  4.93284576e+01  3.09935855e+03  2.95420582e+00 
 3.11720659e+03  4.93267185e+01  3.11720659e+03  2.95315199e+00 
 3.13515742e+03  4.93249600e+01  3.13515742e+03  2.95209252e+00 
 3.15321161e+03  4.93231820e+01  3.15321161e+03  2.95102738e+00 
 3.17136977e+03  4.93213841e+01  3.17136977e+03  2.94995655e+00 
 3.18963250e+03  4.93195663e+01  3.18963250e+03  2.94888001e+00 
 3.20800040e+03  4.93177282e+01  3.20800040e+03  2.94779771e+00 
 3.22647407e+03  4.93158696e+01  3.22647407e+03  2.94670965e+00 
 3.24505413e+03  4.93139904e+01  3.24505413e+03  2.94561579e+00 
 3.26374118e+03  4.93120904e+01  3.26374118e+03  2.94451612e+00 
 3.28253584e+03  4.93101692e+01  3.28253584e+03  2.94341059e+00 
 3.30143873e+03  4.93082267e+01  3.30143873e+03  2.94229920e+00 
 3.32045048e+03  4.93062627e+01  3.32045048e+03  2.94118190e+00 
 3.33957171e+03  4.93042768e+01  3.33957171e+03  2.94005868e+00 
 3.35880305e+03  4.93022690e+01  3.35880305e+03  2.93892952e+00 
 3.37814514e+03  4.93002389e+01  3.37814514e+03  2.93779438e+00 
 3.39759861e+03  4.92981863e+01  3.39759861e+03  2.93665324e+00 
 3.41716410e+03  4.92961110e+01  3.41716410e+03  2.93550607e+00 
 3.43684227e+03  4.92940128e+01  3.43684227e+03  2.93435285e+00 
 3.45663375e+03  4.92918913e+01  3.45663375e+03  2.93319355e+00 
 3.47653921e+03  4.92897464e+01  3.47653921e+03  2.93202815e+00 
 3.49655930e+03  4.92875778e+01  3.49655930e+03  2.93085662e+00 
 3.51669467e+03  4.92853852e+01  3.51669467e+03  2.92967893e+00 
 3.53694600e+03  4.92831685e+01  3.53694600e+03  2.92849506e+00 
 3.55731394e+03  4.92809273e+01  3.55731394e+03  2.92730499e+00 
 3.57779918e+03  4.92786613e+01  3.57779918e+03  2.92610868e+00 
 3.59840238e+03  4.92763704e+01  3.59840238e+03  2.92490612e+00 
 3.61912423e+03  4.92740543e+01  3.61912423e+03  2.92369727e+00 
 3.63996541e+03  4.92717127e+01  3.63996541e+03  2.92248211e+00 
 3.66092661e+03  4.92693453e+01  3.66092661e+03  2.92126061e+00 
 3.68200851e+03  4.92669519e+01  3.68200851e+03  2.92003276e+00 
 3.70321182e+03  4.92645322e+01  3.70321182e+03  2.91879851e+00 
 3.72453723e+03  4.92620859e+01  3.72453723e+03  2.91755786e+00 
 3.74598544e+03  4.92596127e+01  3.74598544e+03  2.91631077e+00 
 3.76755716e+03  4.92571124e+01  3.76755716e+03  2.91505721e+00 
 3.78925311e+03  4.92545847e+01  3.78925311e+03  2.91379716e+00 
 3.81107400e+03  4.92520293e+01  3.81107400e+03  2.91253060e+00 
 3.83302055e+03  4.92494460e+01  3.83302055e+03  2.91125750e+00 
 3.85509347e+03  4.92468343e+01  3.85509347e+03  2.90997783e+00 
 3.87729351e+03  4.92441941e+01  3.87729351e+03  2.90869157e+00 
 3.89962139e+03  4.92415250e+01  3.89962139e+03  2.90739869e+00 
 3.92207785e+03  4.92388267e+01  3.92207785e+03  2.90609917e+00 
 3.94466362e+03  4.92360990e+01  3.94466362e+03  2.90479299e+00 
 3.96737946e+03  4.92333415e+01  3.96737946e+03  2.90348011e+00 
 3.99022611e+03  4.92305539e+01  3.99022611e+03  2.90216051e+00 
 4.01320433e+03  4.92277360e+01  4.01320433e+03  2.90083417e+00 
 4.03631487e+03  4.92248874e+01  4.03631487e+03  2.89950106e+00 
 4.05955849e+03  4.92220078e+01  4.05955849e+03  2.89816116e+00 
 4.08293596e+03  4.92190968e+01  4.08293596e+03  2.89681444e+00 
 4.10644806e+03  4.92161542e+01  4.10644806e+03  2.89546087e+00 
 4.13009556e+03  4.92131797e+01  4.13009556e+03  2.89410044e+00 
 4.15387923e+03  4.92101729e+01  4.15387923e+03  2.89273311e+00 
 4.17779986e+03  4.92071334e+01  4.17779986e+03  2.89135887e+00 
 4.20185824e+03  4.92040610e+01  4.20185824e+03  2.88997769e+00 
 4.22605517e+03  4.92009554e+01  4.22605517e+03  2.88858954e+00 
 4.25039143e+03  4.91978161e+01  4.25039143e+03  2.88719440e+00 
 4.27486784e+03  4.91946428e+01  4.27486784e+03  2.88579224e+00 
 4.29948521e+03  4.91914353e+01  4.29948521e+03  2.88438304e+00 
 4.32424433e+03  4.91881931e+01  4.32424433e+03  2.88296678e+00 
 4.34914603e+03  4.91849160e+01  4.34914603e+03  2.88154344e+00 
 4.37419113e+03  4.91816035e+01  4.37419113e+03  2.88011298e+00 
 4.39938046e+03  4.91782553e+01  4.39938046e+03  2.87867539e+00 
 4.42471484e+03  4.91748711e+01  4.42471484e+03  2.87723063e+00 
 4.45019511e+03  4.91714504e+01  4.45019511e+03  2.87577870e+00 
 4.47582212e+03  4.91679930e+01  4.47582212e+03  2.87431956e+00 
 4.50159670e+03  4.91644985e+01  4.50159670e+03  2.87285319e+00 
 4.52751970e+03  4.91609664e+01  4.52751970e+03  2.87137957e+00 
 4.55359199e+03  4.91573965e+01  4.55359199e+03  2.86989867e+00 
 4.57981442e+03  4.91537883e+01  4.57981442e+03  2.86841048e+00 
 4.60618785e+03  4.91501415e+01  4.60618785e+03  2.86691496e+00 
 4.63271316e+03  4.91464557e+01  4.63271316e+03  2.86541210e+00 
 4.65939122e+03  4.91427305e+01  4.65939122e+03  2.86390188e+00 
 4.68622291e+03  4.91389655e+01  4.68622291e+03  2.86238426e+00 
 4.71320911e+03  4.91351603e+01  4.71320911e+03  2.86085924e+00 
 4.74035071e+03  4.91313146e+01  4.74035071e+03  2.85932678e+00 
 4.76764861e+03  4.91274279e+01  4.76764861e+03  2.85778687e+00 
 4.79510371e+03  4.91234998e+01  4.79510371e+03  2.85623949e+00 
 4.82271692e+03  4.91195300e+01  4.82271692e+03  2.85468461e+00 
 4.85048914e+03  4.91155181e+01  4.85048914e+03  2.85312221e+00 
 4.87842128e+03  4.91114635e+01  4.87842128e+03  2.85155227e+00 
 4.90651428e+03  4.91073660e+01  4.90651428e+03  2.84997477e+00 
 4.93476906e+03  4.91032251e+01  4.93476906e+03  2.84838969e+00 
 4.96318654e+03  4.90990404e+01  4.96318654e+03  2.84679700e+00 
 4.99176767e+03  4.90948114e+01  4.99176767e+03  2.84519670e+00 
 5.02051339e+03  4.90905378e+01  5.02051339e+03  2.84358876e+00 
 5.04942464e+03  4.90862190e+01  5.04942464e+03  2.84197315e+00 
 5.07850239e+03  4.90818548e+01  5.07850239e+03  2.84034986e+00 
 5.10774758e+03  4.90774446e+01  5.10774758e+03  2.83871888e+00 
 5.13716118e+03  4.90729880e+01  5.13716118e+03  2.83708017e+00 
 5.16674416e+03  4.90684846e+01  5.16674416e+03  2.83543372e+00 
 5.19649751e+03  4.90639339e+01  5.19649751e+03  2.83377952e+00 
 5.22642219e+03  4.90593355e+01  5.22642219e+03  2.83211755e+00 
 5.25651919e+03  4.90546890e+01  5.25651919e+03  2.83044778e+00 
 5.28678951e+03  4.90499938e+01  5.28678951e+03  2.82877019e+00 
 5.31723415e+03  4.90452496e+01  5.31723415e+03  2.82708478e+00 
 5.34785411e+03  4.90404558e+01  5.34785411e+03  2.82539153e+00 
 5.37865040e+03  4.90356120e+01  5.37865040e+03  2.82369041e+00 
 5.40962403e+03  4.90307178e+01  5.40962403e+03  2.82198141e+00 
 5.44077602e+03  4.90257726e+01  5.44077602e+03  2.82026451e+00 
 5.47210741e+03  4.90207761e+01  5.47210741e+03  2.81853971e+00 
 5.50361923e+03  4.90157277e+01  5.50361923e+03  2.81680697e+00 
 5.53531250e+03  4.90106269e+01  5.53531250e+03  2.81506629e+00 
 5.56718829e+03  4.90054733e+01  5.56718829e+03  2.81331765e+00 
 5.59924764e+03  4.90002664e+01  5.59924764e+03  2.81156103e+00 
 5.63149161e+03  4.89950057e+01  5.63149161e+03  2.80979643e+00 
 5.66392126e+03  4.89896907e+01  5.66392126e+03  2.80802382e+00 
 5.69653766e+03  4.89843209e+01  5.69653766e+03  2.80624320e+00 
 5.72934188e+03  4.89788959e+01  5.72934188e+03  2.80445455e+00 
 5.76233501e+03  4.89734150e+01  5.76233501e+03  2.80265785e+00 
 5.79551814e+03  4.89678779e+01  5.79551814e+03  2.80085310e+00 
 5.82889235e+03  4.89622840e+01  5.82889235e+03  2.79904027e+00 
 5.86245876e+03  4.89566329e+01  5.86245876e+03  2.79721937e+00 
 5.89621846e+03  4.89509239e+01  5.89621846e+03  2.79539037e+00 
 5.93017257e+03  4.89451566e+01  5.93017257e+03  2.79355326e+00 
 5.96432221e+03  4.89393305e+01  5.96432221e+03  2.79170804e+00 
 5.99866850e+03  4.89334450e+01  5.99866850e+03  2.78985470e+00 
 6.03321259e+03  4.89274996e+01  6.03321259e+03  2.78799322e+00 
 6.06795560e+03  4.89214939e+01  6.06795560e+03  2.78612359e+00 
 6.10289868e+03  4.89154272e+01  6.10289868e+03  2.78424580e+00 
 6.13804298e+03  4.89092990e+01  6.13804298e+03  2.78235985e+00 
 6.17338967e+03  4.89031088e+01  6.17338967e+03  2.78046573e+00 
 6.20893990e+03  4.88968562e+01  6.20893990e+03  2.77856342e+00 
 6.24469486e+03  4.88905404e+01  6.24469486e+03  2.77665293e+00 
 6.28065572e+03  4.88841610e+01  6.28065572e+03  2.77473423e+00 
 6.31682366e+03  4.88777175e+01  6.31682366e+03  2.77280734e+00 
 6.35319988e+03  4.88712092e+01  6.35319988e+03  2.77087223e+00 
 6.38978557e+03  4.88646357e+01  6.38978557e+03  2.76892891e+00 
 6.42658195e+03  4.88579963e+01  6.42658195e+03  2.76697737e+00 
 6.46359022e+03  4.88512906e+01  6.46359022e+03  2.76501760e+00 
 6.50081162e+03  4.88445180e+01  6.50081162e+03  2.76304960e+00 
 6.53824735e+03  4.88376778e+01  6.53824735e+03  2.76107337e+00 
 6.57589867e+03  4.88307696e+01  6.57589867e+03  2.75908889e+00 
 6.61376680e+03  4.88237927e+01  6.61376680e+03  2.75709618e+00 
 6.65185300e+03  4.88167467e+01  6.65185300e+03  2.75509522e+00 
 6.69015853e+03  4.88096308e+01  6.69015853e+03  2.75308602e+00 
 6.72868464e+03  4.88024447e+01  6.72868464e+03  2.75106856e+00 
 6.76743262e+03  4.87951876e+01  6.76743262e+03  2.74904286e+00 
 6.80640372e+03  4.87878590e+01  6.80640372e+03  2.74700892e+00 
 6.84559925e+03  4.87804583e+01  6.84559925e+03  2.74496672e+00 
 6.88502049e+03  4.87729849e+01  6.88502049e+03  2.74291628e+00 
 6.92466874e+03  4.87654383e+01  6.92466874e+03  2.74085758e+00 
 6.96454531e+03  4.87578178e+01  6.96454531e+03  2.73879065e+00 
 7.00465151e+03  4.87501229e+01  7.00465151e+03  2.73671547e+00 
 7.04498867e+03  4.87423529e+01  7.04498867e+03  2.73463206e+00 
 7.08555812e+03  4.87345074e+01  7.08555812e+03  2.73254040e+00 
 7.12636119e+03  4.87265856e+01  7.12636119e+03  2.73044052e+00 
 7.16739924e+03  4.87185869e+01  7.16739924e+03  2.72833241e+00 
 7.20867360e+03  4.87105109e+01  7.20867360e+03  2.72621608e+00 
 7.25018565e+03  4.87023568e+01  7.25018565e+03  2.72409153e+00 
 7.29193675e+03  4.86941241e+01  7.29193675e+03  2.72195877e+00 
 7.33392828e+03  4.86858121e+01  7.33392828e+03  2.71981781e+00 
 7.37616162e+03  4.86774203e+01  7.37616162e+03  2.71766866e+00 
 7.41863817e+03  4.86689480e+01  7.41863817e+03  2.71551132e+00 
 7.46135932e+03  4.86603947e+01  7.46135932e+03  2.71334580e+00 
 7.50432649e+03  4.86517596e+01  7.50432649e+03  2.71117212e+00 
 7.54754109e+03  4.86430423e+01  7.54754109e+03  2.70899028e+00 
 7.59100455e+03  4.86342420e+01  7.59100455e+03  2.70680030e+00 
 7.63471830e+03  4.86253582e+01  7.63471830e+03  2.70460218e+00 
 7.67868378e+03  4.86163902e+01  7.67868378e+03  2.70239594e+00 
 7.72290244e+03  4.86073374e+01  7.72290244e+03  2.70018160e+00 
 7.76737574e+03  4.85981993e+01  7.76737574e+03  2.69795915e+00 
 7.81210514e+03  4.85889751e+01  7.81210514e+03  2.69572863e+00 
 7.85709213e+03  4.85796642e+01  7.85709213e+03  2.69349004e+00 
 7.90233817e+03  4.85702661e+01  7.90233817e+03  2.69124341e+00 
 7.94784478e+03  4.85607801e+01  7.94784478e+03  2.68898874e+00 
 7.99361343e+03  4.85512055e+01  7.99361343e+03  2.68672605e+00 
 8.03964565e+03  4.85415418e+01  8.03964565e+03  2.68445537e+00 
 8.08594296e+03  4.85317882e+01  8.08594296e+03  2.68217671e+00 
 8.13250687e+03  4.85219443e+01  8.13250687e+03  2.67989009e+00 
 8.17933893e+03  4.85120093e+01  8.17933893e+03  2.67759553e+00 
 8.22644067e+03  4.85019826e+01  8.22644067e+03  2.67529305e+00 
 8.27381366e+03  4.84918636e+01  8.27381366e+03  2.67298267e+00 
 8.32145945e+03  4.84816517e+01  8.32145945e+03  2.67066442e+00 
 8.36937961e+03  4.84713462e+01  8.36937961e+03  2.66833832e+00 
 8.41757573e+03  4.84609464e+01  8.41757573e+03  2.66600438e+00 
 8.46604939e+03  4.84504518e+01  8.46604939e+03  2.66366265e+00 
 8.51480220e+03  4.84398618e+01  8.51480220e+03  2.66131314e+00 
 8.56383575e+03  4.84291756e+01  8.56383575e+03  2.65895587e+00 
 8.61315167e+03  4.84183927e+01  8.61315167e+03  2.65659088e+00 
 8.66275158e+03  4.84075124e+01  8.66275158e+03  2.65421820e+00 
 8.71263712e+03  4.83965341e+01  8.71263712e+03  2.65183784e+00 
 8.76280993e+03  4.83854572e+01  8.76280993e+03  2.64944985e+00 
 8.81327166e+03  4.83742809e+01  8.81327166e+03  2.64705425e+00 
 8.86402399e+03  4.83630048e+01  8.86402399e+03  2.64465106e+00 
 8.91506858e+03  4.83516282e+01  8.91506858e+03  2.64224033e+00 
 8.96640711e+03  4.83401504e+01  8.96640711e+03  2.63982209e+00 
 9.01804129e+03  4.83285707e+01  9.01804129e+03  2.63739636e+00 
 9.06997281e+03  4.83168887e+01  9.06997281e+03  2.63496319e+00 
 9.12220338e+03  4.83051036e+01  9.12220338e+03  2.63252260e+00 
 9.17473473e+03  4.82932149e+01  9.17473473e+03  2.63007464e+00 
 9.22756858e+03  4.82812218e+01  9.22756858e+03  2.62761934e+00 
 9.28070669e+03  4.82691238e+01  9.28070669e+03  2.62515673e+00 
 9.33415080e+03  4.82569203e+01  9.33415080e+03  2.62268686e+00 
 9.38790267e+03  4.82446106e+01  9.38790267e+03  2.62020976e+00 
 9.44196408e+03  4.82321941e+01  9.44196408e+03  2.61772548e+00 
 9.49633681e+03  4.82196702e+01  9.49633681e+03  2.61523405e+00 
 9.55102266e+03  4.82070383e+01  9.55102266e+03  2.61273551e+00 
 9.60602341e+03  4.81942978e+01  9.60602341e+03  2.61022992e+00 
 9.66134090e+03  4.81814480e+01  9.66134090e+03  2.60771730e+00 
 9.71697694e+03  4.81684884e+01  9.71697694e+03  2.60519771e+00 
 9.77293337e+03  4.81554183e+01  9.77293337e+03  2.60267119e+00 
 9.82921202e+03  4.81422371e+01  9.82921202e+03  2.60013778e+00 
 9.88581477e+03  4.81289443e+01  9.88581477e+03  2.59759753e+00 
 9.94274347e+03  4.81155392e+01  9.94274347e+03  2.59505049e+00 
 1.00000000e+04  4.81020212e+01  1.00000000e+04  2.59249671e+00 
 1.00575862e+04  4.80883898e+01  1.00575862e+04  2.58993623e+00 
 1.01155041e+04  4.80746443e+01  1.01155041e+04  2.58736911e+00 
 1.01737555e+04  4.80607842e+01  1.01737555e+04  2.58479539e+00 
 1.02323424e+04  4.80468088e+01  1.02323424e+04  2.58221512e+00 
 1.02912666e+04  4.80327176e+01  1.02912666e+04  2.57962837e+00 
 1.03505301e+04  4.80185100e+01  1.03505301e+04  2.57703518e+00 
 1.04101349e+04  4.80041855e+01  1.04101349e+04  2.57443560e+00 
 1.04700830e+04  4.79897434e+01  1.04700830e+04  2.57182969e+00 
 1.05303763e+04  4.79751832e+01  1.05303763e+04  2.56921751e+00 
 1.05910168e+04  4.79605043e+01  1.05910168e+04  2.56659911e+00 
 1.06520065e+04  4.79457061e+01  1.06520065e+04  2.56397455e+00 
 1.07133474e+04  4.79307882e+01  1.07133474e+04  2.56134388e+00 
 1.07750415e+04  4.79157499e+01  1.07750415e+04  2.55870717e+00 
 1.08370910e+04  4.79005907e+01  1.08370910e+04  2.55606447e+00 
 1.08994977e+04  4.78853101e+01  1.08994977e+04  2.55341585e+00 
 1.09622638e+04  4.78699075e+01  1.09622638e+04  2.55076136e+00 
 1.10253914e+04  4.78543823e+01  1.10253914e+04  2.54810107e+00 
 1.10888825e+04  4.78387341e+01  1.10888825e+04  2.54543504e+00 
 1.11527392e+04  4.78229623e+01  1.11527392e+04  2.54276333e+00 
 1.12169636e+04  4.78070664e+01  1.12169636e+04  2.54008602e+00 
 1.12815579e+04  4.77910458e+01  1.12815579e+04  2.53740315e+00 
 1.13465242e+04  4.77749001e+01  1.13465242e+04  2.53471480e+00 
 1.14118646e+04  4.77586288e+01  1.14118646e+04  2.53202104e+00 
 1.14775812e+04  4.77422313e+01  1.14775812e+04  2.52932193e+00 
 1.15436763e+04  4.77257072e+01  1.15436763e+04  2.52661754e+00 
 1.16101520e+04  4.77090559e+01  1.16101520e+04  2.52390794e+00 
 1.16770105e+04  4.76922770e+01  1.16770105e+04  2.52119319e+00 
 1.17442540e+04  4.76753700e+01  1.17442540e+04  2.51847338e+00 
 1.18118848e+04  4.76583344e+01  1.18118848e+04  2.51574856e+00 
 1.18799050e+04  4.76411698e+01  1.18799050e+04  2.51301882e+00 
 1.19483169e+04  4.76238756e+01  1.19483169e+04  2.51028422e+00 
 1.20171228e+04  4.76064515e+01  1.20171228e+04  2.50754484e+00 
 1.20863249e+04  4.75888970e+01  1.20863249e+04  2.50480075e+00 
 1.21559255e+04  4.75712116e+01  1.21559255e+04  2.50205202e+00 
 1.22259269e+04  4.75533949e+01  1.22259269e+04  2.49929873e+00 
 1.22963314e+04  4.75354464e+01  1.22963314e+04  2.49654096e+00 
 1.23671414e+04  4.75173658e+01  1.23671414e+04  2.49377879e+00 
 1.24383591e+04  4.74991526e+01  1.24383591e+04  2.49101228e+00 
 1.25099870e+04  4.74808065e+01  1.25099870e+04  2.48824152e+00 
 1.25820273e+04  4.74623269e+01  1.25820273e+04  2.48546659e+00 
 1.26544825e+04  4.74437136e+01  1.26544825e+04  2.48268756e+00 
 1.27273549e+04  4.74249661e+01  1.27273549e+04  2.47990452e+00 
 1.28006470e+04  4.74060840e+01  1.28006470e+04  2.47711754e+00 
 1.28743611e+04  4.73870670e+01  1.28743611e+04  2.47432671e+00 
 1.29484997e+04  4.73679147e+01  1.29484997e+04  2.47153211e+00 
 1.30230653e+04  4.73486267e+01  1.30230653e+04  2.46873382e+00 
 1.30980602e+04  4.73292027e+01  1.30980602e+04  2.46593192e+00 
 1.31734870e+04  4.73096423e+01  1.31734870e+04  2.46312650e+00 
 1.32493482e+04  4.72899452e+01  1.32493482e+04  2.46031763e+00 
 1.33256462e+04  4.72701111e+01  1.33256462e+04  2.45750541e+00 
 1.34023836e+04  4.72501396e+01  1.34023836e+04  2.45468992e+00 
 1.34795629e+04  4.72300305e+01  1.34795629e+04  2.45187125e+00 
 1.35571867e+04  4.72097834e+01  1.35571867e+04  2.44904947e+00 
 1.36352574e+04  4.71893980e+01  1.36352574e+04  2.44622468e+00 
 1.37137778e+04  4.71688740e+01  1.37137778e+04  2.44339697e+00 
 1.37927503e+04  4.71482112e+01  1.37927503e+04  2.44056641e+00 
 1.38721775e+04  4.71274092e+01  1.38721775e+04  2.43773310e+00 
 1.39520622e+04  4.71064679e+01  1.39520622e+04  2.43489713e+00 
 1.40324069e+04  4.70853870e+01  1.40324069e+04  2.43205859e+00 
 1.41132143e+04  4.70641661e+01  1.41132143e+04  2.42921755e+00 
 1.41944870e+04  4.70428051e+01  1.41944870e+04  2.42637412e+00 
 1.42762277e+04  4.70213038e+01  1.42762277e+04  2.42352839e+00 
 1.43584391e+04  4.69996618e+01  1.43584391e+04  2.42068044e+00 
 1.44411240e+04  4.69778791e+01  1.44411240e+04  2.41783036e+00 
 1.45242850e+04  4.69559553e+01  1.45242850e+04  2.41497824e+00 
 1.46079249e+04  4.69338904e+01  1.46079249e+04  2.41212418e+00 
 1.46920465e+04  4.69116841e+01  1.46920465e+04  2.40926827e+00 
 1.47766525e+04  4.68893362e+01  1.47766525e+04  2.40641060e+00 
 1.48617457e+04  4.68668466e+01  1.48617457e+04  2.40355126e+00 
 1.49473289e+04  4.68442150e+01  1.49473289e+04  2.40069034e+00 
 1.50334050e+04  4.68214415e+01  1.50334050e+04  2.39782794e+00 
 1.51199767e+04  4.67985257e+01  1.51199767e+04  2.39496414e+00 
 1.52070470e+04  4.67754677e+01  1.52070470e+04  2.39209905e+00 
 1.52946187e+04  4.67522672e+01  1.52946187e+04  2.38923275e+00 
 1.53826946e+04  4.67289241e+01  1.53826946e+04  2.38636534e+00 
 1.54712778e+04  4.67054384e+01  1.54712778e+04  2.38349691e+00 
 1.55603711e+04  4.66818099e+01  1.55603711e+04  2.38062756e+00 
 1.56499774e+04  4.66580386e+01  1.56499774e+04  2.37775738e+00 
 1.57400998e+04  4.66341244e+01  1.57400998e+04  2.37488646e+00 
 1.58307411e+04  4.66100671e+01  1.58307411e+04  2.37201490e+00 
 1.59219044e+04  4.65858669e+01  1.59219044e+04  2.36914280e+00 
 1.60135927e+04  4.65615235e+01  1.60135927e+04  2.36627023e+00 
 1.61058090e+04  4.65370370e+01  1.61058090e+04  2.36339731e+00 
 1.61985563e+04  4.65124074e+01  1.61985563e+04  2.36052413e+00 
 1.62918377e+04  4.64876346e+01  1.62918377e+04  2.35765078e+00 
 1.63856563e+04  4.64627185e+01  1.63856563e+04  2.35477735e+00 
 1.64800151e+04  4.64376593e+01  1.64800151e+04  2.35190394e+00 
 1.65749174e+04  4.64124569e+01  1.65749174e+04  2.34903064e+00 
 1.66703661e+04  4.63871114e+01  1.66703661e+04  2.34615755e+00 
 1.67663645e+04  4.63616227e+01  1.67663645e+04  2.34328477e+00 
 1.68629157e+04  4.63359908e+01  1.68629157e+04  2.34041238e+00 
 1.69600229e+04  4.63102160e+01  1.69600229e+04  2.33754048e+00 
 1.70576893e+04  4.62842981e+01  1.70576893e+04  2.33466918e+00 
 1.71559181e+04  4.62582373e+01  1.71559181e+04  2.33179855e+00 
 1.72547126e+04  4.62320336e+01  1.72547126e+04  2.32892869e+00 
 1.73540760e+04  4.62056871e+01  1.73540760e+04  2.32605971e+00 
 1.74540117e+04  4.61791980e+01  1.74540117e+04  2.32319168e+00 
 1.75545228e+04  4.61525662e+01  1.75545228e+04  2.32032471e+00 
 1.76556127e+04  4.61257920e+01  1.76556127e+04  2.31745889e+00 
 1.77572847e+04  4.60988754e+01  1.77572847e+04  2.31459432e+00 
 1.78595423e+04  4.60718166e+01  1.78595423e+04  2.31173108e+00 
 1.79623887e+04  4.60446157e+01  1.79623887e+04  2.30886927e+00 
 1.80658273e+04  4.60172729e+01  1.80658273e+04  2.30600898e+00 
 1.81698617e+04  4.59897883e+01  1.81698617e+04  2.30315030e+00 
 1.82744951e+04  4.59621621e+01  1.82744951e+04  2.30029333e+00 
 1.83797311e+04  4.59343944e+01  1.83797311e+04  2.29743816e+00 
 1.84855730e+04  4.59064855e+01  1.84855730e+04  2.29458487e+00 
 1.85920245e+04  4.58784355e+01  1.85920245e+04  2.29173357e+00 
 1.86990890e+04  4.58502446e+01  1.86990890e+04  2.28888433e+00 
 1.88067700e+04  4.58219131e+01  1.88067700e+04  2.28603726e+00 
 1.89150712e+04  4.57934412e+01  1.89150712e+04  2.28319245e+00 
 1.90239960e+04  4.57648291e+01  1.90239960e+04  2.28034997e+00 
 1.91335480e+04  4.57360770e+01  1.91335480e+04  2.27750992e+00 
 1.92437310e+04  4.57071851e+01  1.92437310e+04  2.27467240e+00 
 1.93545484e+04  4.56781539e+01  1.93545484e+04  2.27183748e+00 
 1.94660040e+04  4.56489834e+01  1.94660040e+04  2.26900527e+00 
 1.95781014e+04  4.56196739e+01  1.95781014e+04  2.26617583e+00 
 1.96908443e+04  4.55902259e+01  1.96908443e+04  2.26334927e+00 
 1.98042365e+04  4.55606394e+01  1.98042365e+04  2.26052567e+00 
 1.99182817e+04  4.55309149e+01  1.99182817e+04  2.25770512e+00 
 2.00329836e+04  4.55010526e+01  2.00329836e+04  2.25488769e+00 
 2.01483461e+04  4.54710529e+01  2.01483461e+04  2.25207349e+00 
 2.02643728e+04  4.54409160e+01  2.02643728e+04  2.24926259e+00 
 2.03810678e+04  4.54106424e+01  2.03810678e+04  2.24645507e+00 
 2.04984347e+04  4.53802322e+01  2.04984347e+04  2.24365102e+00 
 2.06164775e+04  4.53496860e+01  2.06164775e+04  2.24085053e+00 
 2.07352000e+04  4.53190039e+01  2.07352000e+04  2.23805368e+00 
 2.08546063e+04  4.52881865e+01  2.08546063e+04  2.23526054e+00 
 2.09747001e+04  4.52572340e+01  2.09747001e+04  2.23247121e+00 
 2.10954856e+04  4.52261468e+01  2.10954856e+04  2.22968575e+00 
 2.12169666e+04  4.51949253e+01  2.12169666e+04  2.22690426e+00 
 2.13391471e+04  4.51635699e+01  2.13391471e+04  2.22412681e+00 
 2.14620313e+04  4.51320810e+01  2.14620313e+04  2.22135349e+00 
 2.15856230e+04  4.51004590e+01  2.15856230e+04  2.21858436e+00 
 2.17099265e+04  4.50687043e+01  2.17099265e+04  2.21581951e+00 
 2.18349459e+04  4.50368173e+01  2.18349459e+04  2.21305902e+00 
 2.19606851e+04  4.50047985e+01  2.19606851e+04  2.21030295e+00 
 2.20871485e+04  4.49726482e+01  2.20871485e+04  2.20755140e+00 
 2.22143401e+04  4.49403669e+01  2.22143401e+04  2.20480443e+00 
 2.23422641e+04  4.49079551e+01  2.23422641e+04  2.20206212e+00 
 2.24709249e+04  4.48754131e+01  2.24709249e+04  2.19932454e+00 
 2.26003265e+04  4.48427415e+01  2.26003265e+04  2.19659177e+00 
 2.27304733e+04  4.48099407e+01  2.27304733e+04  2.19386387e+00 
 2.28613696e+04  4.47770112e+01  2.28613696e+04  2.19114092e+00 
 2.29930196e+04  4.47439534e+01  2.29930196e+04  2.18842300e+00 
 2.31254278e+04  4.47107679e+01  2.31254278e+04  2.18571016e+00 
 2.32585985e+04  4.46774551e+01  2.32585985e+04  2.18300249e+00 
 2.33925360e+04  4.46440155e+01  2.33925360e+04  2.18030005e+00 
 2.35272449e+04  4.46104495e+01  2.35272449e+04  2.17760290e+00 
 2.36627294e+04  4.45767578e+01  2.36627294e+04  2.17491112e+00 
 2.37989942e+04  4.45429408e+01  2.37989942e+04  2.17222478e+00 
 2.39360437e+04  4.45089990e+01  2.39360437e+04  2.16954393e+00 
 2.40738824e+04  4.44749329e+01  2.40738824e+04  2.16686864e+00 
 2.42125149e+04  4.44407431e+01  2.42125149e+04  2.16419898e+00 
 2.43519457e+04  4.44064300e+01  2.43519457e+04  2.16153502e+00 
 2.44921794e+04  4.43719943e+01  2.44921794e+04  2.15887681e+00 
 2.46332206e+04  4.43374364e+01  2.46332206e+04  2.15622441e+00 
 2.47750741e+04  4.43027569e+01  2.47750741e+04  2.15357789e+00 
 2.49177445e+04  4.42679563e+01  2.49177445e+04  2.15093731e+00 
 2.50612364e+04  4.42330353e+01  2.50612364e+04  2.14830273e+00 
 2.52055547e+04  4.41979942e+01  2.52055547e+04  2.14567420e+00 
 2.53507040e+04  4.41628337e+01  2.53507040e+04  2.14305179e+00 
 2.54966892e+04  4.41275544e+01  2.54966892e+04  2.14043555e+00 
 2.56435151e+04  4.40921568e+01  2.56435151e+04  2.13782553e+00 
 2.57911865e+04  4.40566415e+01  2.57911865e+04  2.13522180e+00 
 2.59397083e+04  4.40210090e+01  2.59397083e+04  2.13262441e+00 
 2.60890853e+04  4.39852600e+01  2.60890853e+04  2.13003341e+00 
 2.62393226e+04  4.39493949e+01  2.62393226e+04  2.12744886e+00 
 2.63904250e+04  4.39134145e+01  2.63904250e+04  2.12487080e+00 
 2.65423975e+04  4.38773192e+01  2.65423975e+04  2.12229929e+00 
 2.66952453e+04  4.38411097e+01  2.66952453e+04  2.11973438e+00 
 2.68489732e+04  4.38047866e+01  2.68489732e+04  2.11717612e+00 
 2.70035863e+04  4.37683504e+01  2.70035863e+04  2.11462456e+00 
 2.71590899e+04  4.37318017e+01  2.71590899e+04  2.11207975e+00 
 2.73154889e+04  4.36951412e+01  2.73154889e+04  2.10954173e+00 
 2.74727885e+04  4.36583695e+01  2.74727885e+04  2.10701055e+00 
 2.76309940e+04  4.36214871e+01  2.76309940e+04  2.10448626e+00 
 2.77901105e+04  4.35844946e+01  2.77901105e+04  2.10196890e+00 
 2.79501434e+04  4.35473928e+01  2.79501434e+04  2.09945851e+00 
 2.81110978e+04  4.35101821e+01  2.81110978e+04  2.09695514e+00 
 2.82729790e+04  4.34728632e+01  2.82729790e+04  2.09445883e+00 
 2.84357925e+04  4.34354367e+01  2.84357925e+04  2.09196962e+00 
 2.85995436e+04  4.33979033e+01  2.85995436e+04  2.08948756e+00 
 2.87642376e+04  4.33602635e+01  2.87642376e+04  2.08701268e+00 
 2.89298801e+04  4.33225179e+01  2.89298801e+04  2.08454501e+00 
 2.90964764e+04  4.32846673e+01  2.90964764e+04  2.08208461e+00 
 2.92640321e+04  4.32467121e+01  2.92640321e+04  2.07963151e+00 
 2.94325527e+04  4.32086531e+01  2.94325527e+04  2.07718574e+00 
 2.96020437e+04  4.31704909e+01  2.96020437e+04  2.07474734e+00 
 2.97725108e+04  4.31322260e+01  2.97725108e+04  2.07231635e+00 
 2.99439595e+04  4.30938592e+01  2.99439595e+04  2.06989279e+00 
 3.01163955e+04  4.30553910e+01  3.01163955e+04  2.06747671e+00 
 3.02898246e+04  4.30168221e+01  3.02898246e+04  2.06506813e+00 
 3.04642523e+04  4.29781530e+01  3.04642523e+04  2.06266708e+00 
 3.06396845e+04  4.29393845e+01  3.06396845e+04  2.06027361e+00 
 3.08161270e+04  4.29005172e+01  3.08161270e+04  2.05788773e+00 
 3.09935855e+04  4.28615517e+01  3.09935855e+04  2.05550948e+00 
 3.11720659e+04  4.28224886e+01  3.11720659e+04  2.05313888e+00 
 3.13515742e+04  4.27833286e+01  3.13515742e+04  2.05077597e+00 
 3.15321161e+04  4.27440723e+01  3.15321161e+04  2.04842077e+00 
 3.17136977e+04  4.27047203e+01  3.17136977e+04  2.04607330e+00 
 3.18963250e+04  4.26652732e+01  3.18963250e+04  2.04373360e+00 
 3.20800040e+04  4.26257318e+01  3.20800040e+04  2.04140168e+00 
 3.22647407e+04  4.25860966e+01  3.22647407e+04  2.03907758e+00 
 3.24505413e+04  4.25463682e+01  3.24505413e+04  2.03676131e+00 
 3.26374118e+04  4.25065474e+01  3.26374118e+04  2.03445289e+00 
 3.28253584e+04  4.24666346e+01  3.28253584e+04  2.03215236e+00 
 3.30143873e+04  4.24266306e+01  3.30143873e+04  2.02985972e+00 
 3.32045048e+04  4.23865360e+01  3.32045048e+04  2.02757500e+00 
 3.33957171e+04  4.23463515e+01  3.33957171e+04  2.02529822e+00 
 3.35880305e+04  4.23060775e+01  3.35880305e+04  2.02302940e+00 
 3.37814514e+04  4.22657149e+01  3.37814514e+04  2.02076855e+00 
 3.39759861e+04  4.22252641e+01  3.39759861e+04  2.01851569e+00 
 3.41716410e+04  4.21847259e+01  3.41716410e+04  2.01627085e+00 
 3.43684227e+04  4.21441008e+01  3.43684227e+04  2.01403403e+00 
 3.45663375e+04  4.21033895e+01  3.45663375e+04  2.01180525e+00 
 3.47653921e+04  4.20625927e+01  3.47653921e+04  2.00958453e+00 
 3.49655930e+04  4.20217108e+01  3.49655930e+04  2.00737187e+00 
 3.51669467e+04  4.19807446e+01  3.51669467e+04  2.00516730e+00 
 3.53694600e+04  4.19396947e+01  3.53694600e+04  2.00297082e+00 
 3.55731394e+04  4.18985616e+01  3.55731394e+04  2.00078244e+00 
 3.57779918e+04  4.18573461e+01  3.57779918e+04  1.99860219e+00 
 3.59840238e+04  4.18160487e+01  3.59840238e+04  1.99643006e+00 
 3.61912423e+04  4.17746700e+01  3.61912423e+04  1.99426607e+00 
 3.63996541e+04  4.17332107e+01  3.63996541e+04  1.99211022e+00 
 3.66092661e+04  4.16916713e+01  3.66092661e+04  1.98996253e+00 
 3.68200851e+04  4.16500525e+01  3.68200851e+04  1.98782301e+00 
 3.70321182e+04  4.16083549e+01  3.70321182e+04  1.98569165e+00 
 3.72453723e+04  4.15665791e+01  3.72453723e+04  1.98356847e+00 
 3.74598544e+04  4.15247257e+01  3.74598544e+04  1.98145347e+00 
 3.76755716e+04  4.14827952e+01  3.76755716e+04  1.97934666e+00 
 3.78925311e+04  4.14407884e+01  3.78925311e+04  1.97724804e+00 
 3.81107400e+04  4.13987057e+01  3.81107400e+04  1.97515762e+00 
 3.83302055e+04  4.13565478e+01  3.83302055e+04  1.97307541e+00 
 3.85509347e+04  4.13143153e+01  3.85509347e+04  1.97100139e+00 
 3.87729351e+04  4.12720088e+01  3.87729351e+04  1.96893558e+00 
 3.89962139e+04  4.12296288e+01  3.89962139e+04  1.96687798e+00 
 3.92207785e+04  4.11871760e+01  3.92207785e+04  1.96482858e+00 
 3.94466362e+04  4.11446509e+01  3.94466362e+04  1.96278740e+00 
 3.96737946e+04  4.11020541e+01  3.96737946e+04  1.96075443e+00 
 3.99022611e+04  4.10593863e+01  3.99022611e+04  1.95872966e+00 
 4.01320433e+04  4.10166479e+01  4.01320433e+04  1.95671311e+00 
 4.03631487e+04  4.09738395e+01  4.03631487e+04  1.95470476e+00 
 4.05955849e+04  4.09309618e+01  4.05955849e+04  1.95270461e+00 
 4.08293596e+04  4.08880153e+01  4.08293596e+04  1.95071267e+00 
 4.10644806e+04  4.08450005e+01  4.10644806e+04  1.94872893e+00 
 4.13009556e+04  4.08019181e+01  4.13009556e+04  1.94675339e+00 
 4.15387923e+04  4.07587686e+01  4.15387923e+04  1.94478603e+00 
 4.17779986e+04  4.07155525e+01  4.17779986e+04  1.94282687e+00 
 4.20185824e+04  4.06722704e+01  4.20185824e+04  1.94087589e+00 
 4.22605517e+04  4.06289229e+01  4.22605517e+04  1.93893308e+00 
 4.25039143e+04  4.05855105e+01  4.25039143e+04  1.93699845e+00 
 4.27486784e+04  4.05420338e+01  4.27486784e+04  1.93507198e+00 
 4.29948521e+04  4.04984933e+01  4.29948521e+04  1.93315367e+00 
 4.32424433e+04  4.04548896e+01  4.32424433e+04  1.93124351e+00 
 4.34914603e+04  4.04112231e+01  4.34914603e+04  1.92934149e+00 
 4.37419113e+04  4.03674945e+01  4.37419113e+04  1.92744760e+00 
 4.39938046e+04  4.03237043e+01  4.39938046e+04  1.92556185e+00 
 4.42471484e+04  4.02798529e+01  4.42471484e+04  1.92368420e+00 
 4.45019511e+04  4.02359411e+01  4.45019511e+04  1.92181467e+00 
 4.47582212e+04  4.01919691e+01  4.47582212e+04  1.91995324e+00 
 4.50159670e+04  4.01479377e+01  4.50159670e+04  1.91809989e+00 
 4.52751970e+04  4.01038473e+01  4.52751970e+04  1.91625461e+00 
 4.55359199e+04  4.00596984e+01  4.55359199e+04  1.91441741e+00 
 4.57981442e+04  4.00154915e+01  4.57981442e+04  1.91258825e+00 
 4.60618785e+04  3.99712272e+01  4.60618785e+04  1.91076714e+00 
 4.63271316e+04  3.99269059e+01  4.63271316e+04  1.90895406e+00 
 4.65939122e+04  3.98825282e+01  4.65939122e+04  1.90714900e+00 
 4.68622291e+04  3.98380946e+01  4.68622291e+04  1.90535194e+00 
 4.71320911e+04  3.97936056e+01  4.71320911e+04  1.90356287e+00 
 4.74035071e+04  3.97490616e+01  4.74035071e+04  1.90178178e+00 
 4.76764861e+04  3.97044632e+01  4.76764861e+04  1.90000865e+00 
 4.79510371e+04  3.96598109e+01  4.79510371e+04  1.89824346e+00 
 4.82271692e+04  3.96151050e+01  4.82271692e+04  1.89648622e+00 
 4.85048914e+04  3.95703463e+01  4.85048914e+04  1.89473689e+00 
 4.87842128e+04  3.95255350e+01  4.87842128e+04  1.89299546e+00 
 4.90651428e+04  3.94806717e+01  4.90651428e+04  1.89126193e+00 
 4.93476906e+04  3.94357568e+01  4.93476906e+04  1.88953626e+00 
 4.96318654e+04  3.93907909e+01  4.96318654e+04  1.88781845e+00 
 4.99176767e+04  3.93457744e+01  4.99176767e+04  1.88610848e+00 
 5.02051339e+04  3.93007077e+01  5.02051339e+04  1.88440633e+00 
 5.04942464e+04  3.92555914e+01  5.04942464e+04  1.88271199e+00 
 5.07850239e+04  3.92104259e+01  5.07850239e+04  1.88102543e+00 
 5.10774758e+04  3.91652116e+01  5.10774758e+04  1.87934665e+00 
 5.13716118e+04  3.91199490e+01  5.13716118e+04  1.87767561e+00 
 5.16674416e+04  3.90746385e+01  5.16674416e+04  1.87601231e+00 
 5.19649751e+04  3.90292807e+01  5.19649751e+04  1.87435672e+00 
 5.22642219e+04  3.89838758e+01  5.22642219e+04  1.87270883e+00 
 5.25651919e+04  3.89384245e+01  5.25651919e+04  1.87106862e+00 
 5.28678951e+04  3.88929271e+01  5.28678951e+04  1.86943606e+00 
 5.31723415e+04  3.88473840e+01  5.31723415e+04  1.86781114e+00 
 5.34785411e+04  3.88017957e+01  5.34785411e+04  1.86619384e+00 
 5.37865040e+04  3.87561626e+01  5.37865040e+04  1.86458414e+00 
 5.40962403e+04  3.87104851e+01  5.40962403e+04  1.86298202e+00 
 5.44077602e+04  3.86647637e+01  5.44077602e+04  1.86138746e+00 
 5.47210741e+04  3.86189988e+01  5.47210741e+04  1.85980043e+00 
 5.50361923e+04  3.85731907e+01  5.50361923e+04  1.85822092e+00 
 5.53531250e+04  3.85273400e+01  5.53531250e+04  1.85664890e+00 
 5.56718829e+04  3.84814470e+01  5.56718829e+04  1.85508436e+00 
 5.59924764e+04  3.84355120e+01  5.59924764e+04  1.85352727e+00 
 5.63149161e+04  3.83895356e+01  5.63149161e+04  1.85197762e+00 
 5.66392126e+04  3.83435182e+01  5.66392126e+04  1.85043537e+00 
 5.69653766e+04  3.82974600e+01  5.69653766e+04  1.84890051e+00 
 5.72934188e+04  3.82513615e+01  5.72934188e+04  1.84737302e+00 
 5.76233501e+04  3.82052232e+01  5.76233501e+04  1.84585286e+00 
 5.79551814e+04  3.81590453e+01  5.79551814e+04  1.84434003e+00 
 5.82889235e+04  3.81128283e+01  5.82889235e+04  1.84283450e+00 
 5.86245876e+04  3.80665726e+01  5.86245876e+04  1.84133624e+00 
 5.89621846e+04  3.80202785e+01  5.89621846e+04  1.83984524e+00 
 5.93017257e+04  3.79739464e+01  5.93017257e+04  1.83836146e+00 
 5.96432221e+04  3.79275766e+01  5.96432221e+04  1.83688489e+00 
 5.99866850e+04  3.78811697e+01  5.99866850e+04  1.83541550e+00 
 6.03321259e+04  3.78347258e+01  6.03321259e+04  1.83395327e+00 
 6.06795560e+04  3.77882454e+01  6.06795560e+04  1.83249818e+00 
 6.10289868e+04  3.77417289e+01  6.10289868e+04  1.83105019e+00 
 6.13804298e+04  3.76951765e+01  6.13804298e+04  1.82960930e+00 
 6.17338967e+04  3.76485887e+01  6.17338967e+04  1.82817547e+00 
 6.20893990e+04  3.76019659e+01  6.20893990e+04  1.82674867e+00 
 6.24469486e+04  3.75553082e+01  6.24469486e+04  1.82532890e+00 
 6.28065572e+04  3.75086162e+01  6.28065572e+04  1.82391611e+00 
 6.31682366e+04  3.74618901e+01  6.31682366e+04  1.82251029e+00 
 6.35319988e+04  3.74151303e+01  6.35319988e+04  1.82111141e+00 
 6.38978557e+04  3.73683371e+01  6.38978557e+04  1.81971945e+00 
 6.42658195e+04  3.73215108e+01  6.42658195e+04  1.81833438e+00 
 6.46359022e+04  3.72746518e+01  6.46359022e+04  1.81695618e+00 
 6.50081162e+04  3.72277605e+01  6.50081162e+04  1.81558482e+00 
 6.53824735e+04  3.71808371e+01  6.53824735e+04  1.81422028e+00 
 6.57589867e+04  3.71338819e+01  6.57589867e+04  1.81286253e+00 
 6.61376680e+04  3.70868953e+01  6.61376680e+04  1.81151155e+00 
 6.65185300e+04  3.70398777e+01  6.65185300e+04  1.81016731e+00 
 6.69015853e+04  3.69928292e+01  6.69015853e+04  1.80882979e+00 
 6.72868464e+04  3.69457503e+01  6.72868464e+04  1.80749896e+00 
 6.76743262e+04  3.68986411e+01  6.76743262e+04  1.80617480e+00 
 6.80640372e+04  3.68515022e+01  6.80640372e+04  1.80485728e+00 
 6.84559925e+04  3.68043337e+01  6.84559925e+04  1.80354637e+00 
 6.88502049e+04  3.67571359e+01  6.88502049e+04  1.80224205e+00 
 6.92466874e+04  3.67099091e+01  6.92466874e+04  1.80094429e+00 
 6.96454531e+04  3.66626537e+01  6.96454531e+04  1.79965308e+00 
 7.00465151e+04  3.66153700e+01  7.00465151e+04  1.79836837e+00 
 7.04498867e+04  3.65680581e+01  7.04498867e+04  1.79709015e+00 
 7.08555812e+04  3.65207185e+01  7.08555812e+04  1.79581839e+00 
 7.12636119e+04  3.64733513e+01  7.12636119e+04  1.79455307e+00 
 7.16739924e+04  3.64259570e+01  7.16739924e+04  1.79329416e+00 
 7.20867360e+04  3.63785356e+01  7.20867360e+04  1.79204162e+00 
 7.25018565e+04  3.63310877e+01  7.25018565e+04  1.79079545e+00 
 7.29193675e+04  3.62836133e+01  7.29193675e+04  1.78955561e+00 
 7.33392828e+04  3.62361128e+01  7.33392828e+04  1.78832207e+00 
 7.37616162e+04  3.61885865e+01  7.37616162e+04  1.78709481e+00 
 7.41863817e+04  3.61410346e+01  7.41863817e+04  1.78587380e+00 
 7.46135932e+04  3.60934573e+01  7.46135932e+04  1.78465902e+00 
 7.50432649e+04  3.60458550e+01  7.50432649e+04  1.78345044e+00 
 7.54754109e+04  3.59982280e+01  7.54754109e+04  1.78224804e+00 
 7.59100455e+04  3.59505763e+01  7.59100455e+04  1.78105178e+00 
 7.63471830e+04  3.59029004e+01  7.63471830e+04  1.77986165e+00 
 7.67868378e+04  3.58552005e+01  7.67868378e+04  1.77867761e+00 
 7.72290244e+04  3.58074768e+01  7.72290244e+04  1.77749964e+00 
 7.76737574e+04  3.57597296e+01  7.76737574e+04  1.77632772e+00 
 7.81210514e+04  3.57119591e+01  7.81210514e+04  1.77516181e+00 
 7.85709213e+04  3.56641655e+01  7.85709213e+04  1.77400190e+00 
 7.90233817e+04  3.56163491e+01  7.90233817e+04  1.77284795e+00 
 7.94784478e+04  3.55685102e+01  7.94784478e+04  1.77169994e+00 
 7.99361343e+04  3.55206490e+01  7.99361343e+04  1.77055784e+00 
 8.03964565e+04  3.54727657e+01  8.03964565e+04  1.76942163e+00 
 8.08594296e+04  3.54248605e+01  8.08594296e+04  1.76829129e+00 
 8.13250687e+04  3.53769336e+01  8.13250687e+04  1.76716677e+00 
 8.17933893e+04  3.53289854e+01  8.17933893e+04  1.76604807e+00 
 8.22644067e+04  3.52810160e+01  8.22644067e+04  1.76493515e+00 
 8.27381366e+04  3.52330257e+01  8.27381366e+04  1.76382798e+00 
 8.32145945e+04  3.51850146e+01  8.32145945e+04  1.76272655e+00 
 8.36937961e+04  3.51369830e+01  8.36937961e+04  1.76163082e+00 
 8.41757573e+04  3.50889311e+01  8.41757573e+04  1.76054078e+00 
 8.46604939e+04  3.50408592e+01  8.46604939e+04  1.75945638e+00 
 8.51480220e+04  3.49927674e+01  8.51480220e+04  1.75837761e+00 
 8.56383575e+04  3.49446559e+01  8.56383575e+04  1.75730444e+00 
 8.61315167e+04  3.48965249e+01  8.61315167e+04  1.75623685e+00 
 8.66275158e+04  3.48483748e+01  8.66275158e+04  1.75517481e+00 
 8.71263712e+04  3.48002056e+01  8.71263712e+04  1.75411829e+00 
 8.76280993e+04  3.47520175e+01  8.76280993e+04  1.75306727e+00 
 8.81327166e+04  3.47038108e+01  8.81327166e+04  1.75202172e+00 
 8.86402399e+04  3.46555857e+01  8.86402399e+04  1.75098162e+00 
 8.91506858e+04  3.46073424e+01  8.91506858e+04  1.74994695e+00 
 8.96640711e+04  3.45590810e+01  8.96640711e+04  1.74891766e+00 
 9.01804129e+04  3.45108017e+01  9.01804129e+04  1.74789375e+00 
 9.06997281e+04  3.44625048e+01  9.06997281e+04  1.74687518e+00 
 9.12220338e+04  3.44141904e+01  9.12220338e+04  1.74586193e+00 
 9.17473473e+04  3.43658587e+01  9.17473473e+04  1.74485397e+00 
 9.22756858e+04  3.43175100e+01  9.22756858e+04  1.74385128e+00 
 9.28070669e+04  3.42691443e+01  9.28070669e+04  1.74285384e+00 
 9.33415080e+04  3.42207619e+01  9.33415080e+04  1.74186161e+00 
 9.38790267e+04  3.41723629e+01  9.38790267e+04  1.74087458e+00 
 9.44196408e+04  3.41239475e+01  9.44196408e+04  1.73989271e+00 
 9.49633681e+04  3.40755159e+01  9.49633681e+04  1.73891599e+00 
 9.55102266e+04  3.40270684e+01  9.55102266e+04  1.73794438e+00 
 9.60602341e+04  3.39786049e+01  9.60602341e+04  1.73697786e+00 
 9.66134090e+04  3.39301258e+01  9.66134090e+04  1.73601642e+00 
 9.71697694e+04  3.38816311e+01  9.71697694e+04  1.73506001e+00 
 9.77293337e+04  3.38331211e+01  9.77293337e+04  1.73410862e+00 
 9.82921202e+04  3.37845959e+01  9.82921202e+04  1.73316223e+00 
 9.88581477e+04  3.37360557e+01  9.88581477e+04  1.73222080e+00 
 9.94274347e+04  3.36875007e+01  9.94274347e+04  1.73128432e+00 
 1.00000000e+05  3.36389309e+01  1.00000000e+05  1.73035275e+00 
 1.00575862e+05  3.35903466e+01  1.00575862e+05  1.72942608e+00 
 1.01155041e+05  3.35417479e+01  1.01155041e+05  1.72850428e+00 
 1.01737555e+05  3.34931350e+01  1.01737555e+05  1.72758732e+00 
 1.02323424e+05  3.34445081e+01  1.02323424e+05  1.72667519e+00 
 1.02912666e+05  3.33958672e+01  1.02912666e+05  1.72576785e+00 
 1.03505301e+05  3.33472125e+01  1.03505301e+05  1.72486528e+00 
 1.04101349e+05  3.32985442e+01  1.04101349e+05  1.72396747e+00 
 1.04700830e+05  3.32498625e+01  1.04700830e+05  1.72307437e+00 
 1.05303763e+05  3.32011674e+01  1.05303763e+05  1.72218598e+00 
 1.05910168e+05  3.31524591e+01  1.05910168e+05  1.72130226e+00 
 1.06520065e+05  3.31037378e+01  1.06520065e+05  1.72042320e+00 
 1.07133474e+05  3.30550037e+01  1.07133474e+05  1.71954876e+00 
 1.07750415e+05  3.30062567e+01  1.07750415e+05  1.71867893e+00 
 1.08370910e+05  3.29574972e+01  1.08370910e+05  1.71781368e+00 
 1.08994977e+05  3.29087251e+01  1.08994977e+05  1.71695298e+00 
 1.09622638e+05  3.28599408e+01  1.09622638e+05  1.71609682e+00 
 1.10253914e+05  3.28111442e+01  1.10253914e+05  1.71524517e+00 
 1.10888825e+05  3.27623355e+01  1.10888825e+05  1.71439801e+00 
 1.11527392e+05  3.27135149e+01  1.11527392e+05  1.71355531e+00 
 1.12169636e+05  3.26646825e+01  1.12169636e+05  1.71271705e+00 
 1.12815579e+05  3.26158384e+01  1.12815579e+05  1.71188321e+00 
 1.13465242e+05  3.25669827e+01  1.13465242e+05  1.71105376e+00 
 1.14118646e+05  3.25181157e+01  1.14118646e+05  1.71022868e+00 
 1.14775812e+05  3.24692373e+01  1.14775812e+05  1.70940795e+00 
 1.15436763e+05  3.24203477e+01  1.15436763e+05  1.70859155e+00 
 1.16101520e+05  3.23714471e+01  1.16101520e+05  1.70777945e+00 
 1.16770105e+05  3.23225355e+01  1.16770105e+05  1.70697163e+00 
 1.17442540e+05  3.22736131e+01  1.17442540e+05  1.70616806e+00 
 1.18118848e+05  3.22246800e+01  1.18118848e+05  1.70536873e+00 
 1.18799050e+05  3.21757364e+01  1.18799050e+05  1.70457361e+00 
 1.19483169e+05  3.21267823e+01  1.19483169e+05  1.70378268e+00 
 1.20171228e+05  3.20778178e+01  1.20171228e+05  1.70299591e+00 
 1.20863249e+05  3.20288431e+01  1.20863249e+05  1.70221329e+00 
 1.21559255e+05  3.19798582e+01  1.21559255e+05  1.70143480e+00 
 1.22259269e+05  3.19308634e+01  1.22259269e+05  1.70066040e+00 
 1.22963314e+05  3.18818586e+01  1.22963314e+05  1.69989008e+00 
 1.23671414e+05  3.18328441e+01  1.23671414e+05  1.69912382e+00 
 1.24383591e+05  3.17838198e+01  1.24383591e+05  1.69836159e+00 
 1.25099870e+05  3.17347860e+01  1.25099870e+05  1.69760337e+00 
 1.25820273e+05  3.16857427e+01  1.25820273e+05  1.69684915e+00 
 1.26544825e+05  3.16366901e+01  1.26544825e+05  1.69609889e+00 
 1.27273549e+05  3.15876281e+01  1.27273549e+05  1.69535258e+00 
 1.28006470e+05  3.15385570e+01  1.28006470e+05  1.69461020e+00 
 1.28743611e+05  3.14894769e+01  1.28743611e+05  1.69387172e+00 
 1.29484997e+05  3.14403878e+01  1.29484997e+05  1.69313712e+00 
 1.30230653e+05  3.13912898e+01  1.30230653e+05  1.69240638e+00 
 1.30980602e+05  3.13421830e+01  1.30980602e+05  1.69167949e+00 
 1.31734870e+05  3.12930676e+01  1.31734870e+05  1.69095642e+00 
 1.32493482e+05  3.12439436e+01  1.32493482e+05  1.69023714e+00 
 1.33256462e+05  3.11948111e+01  1.33256462e+05  1.68952164e+00 
 1.34023836e+05  3.11456702e+01  1.34023836e+05  1.68880990e+00 
 1.34795629e+05  3.10965211e+01  1.34795629e+05  1.68810189e+00 
 1.35571867e+05  3.10473637e+01  1.35571867e+05  1.68739760e+00 
 1.36352574e+05  3.09981982e+01  1.36352574e+05  1.68669700e+00 
 1.37137778e+05  3.09490247e+01  1.37137778e+05  1.68600007e+00 
 1.37927503e+05  3.08998433e+01  1.37927503e+05  1.68530680e+00 
 1.38721775e+05  3.08506540e+01  1.38721775e+05  1.68461716e+00 
 1.39520622e+05  3.08014570e+01  1.39520622e+05  1.68393114e+00 
 1.40324069e+05  3.07522522e+01  1.40324069e+05  1.68324870e+00 
 1.41132143e+05  3.07030399e+01  1.41132143e+05  1.68256984e+00 
 1.41944870e+05  3.06538201e+01  1.41944870e+05  1.68189453e+00 
 1.42762277e+05  3.06045929e+01  1.42762277e+05  1.68122275e+00 
 1.43584391e+05  3.05553583e+01  1.43584391e+05  1.68055448e+00 
 1.44411240e+05  3.05061165e+01  1.44411240e+05  1.67988971e+00 
 1.45242850e+05  3.04568675e+01  1.45242850e+05  1.67922841e+00 
 1.46079249e+05  3.04076114e+01  1.46079249e+05  1.67857056e+00 
 1.46920465e+05  3.03583482e+01  1.46920465e+05  1.67791614e+00 
 1.47766525e+05  3.03090782e+01  1.47766525e+05  1.67726514e+00 
 1.48617457e+05  3.02598012e+01  1.48617457e+05  1.67661753e+00 
 1.49473289e+05  3.02105175e+01  1.49473289e+05  1.67597329e+00 
 1.50334050e+05  3.01612271e+01  1.50334050e+05  1.67533241e+00 
 1.51199767e+05  3.01119300e+01  1.51199767e+05  1.67469487e+00 
 1.52070470e+05  3.00626264e+01  1.52070470e+05  1.67406064e+00 
 1.52946187e+05  3.00133162e+01  1.52946187e+05  1.67342971e+00 
 1.53826946e+05  2.99639997e+01  1.53826946e+05  1.67280206e+00 
 1.54712778e+05  2.99146768e+01  1.54712778e+05  1.67217767e+00 
 1.55603711e+05  2.98653476e+01  1.55603711e+05  1.67155652e+00 
 1.56499774e+05  2.98160122e+01  1.56499774e+05  1.67093859e+00 
 1.57400998e+05  2.97666707e+01  1.57400998e+05  1.67032387e+00 
 1.58307411e+05  2.97173230e+01  1.58307411e+05  1.66971233e+00 
 1.59219044e+05  2.96679694e+01  1.59219044e+05  1.66910396e+00 
 1.60135927e+05  2.96186099e+01  1.60135927e+05  1.66849873e+00 
 1.61058090e+05  2.95692445e+01  1.61058090e+05  1.66789664e+00 
 1.61985563e+05  2.95198732e+01  1.61985563e+05  1.66729765e+00 
 1.62918377e+05  2.94704963e+01  1.62918377e+05  1.66670176e+00 
 1.63856563e+05  2.94211136e+01  1.63856563e+05  1.66610895e+00 
 1.64800151e+05  2.93717253e+01  1.64800151e+05  1.66551919e+00 
 1.65749174e+05  2.93223315e+01  1.65749174e+05  1.66493247e+00 
 1.66703661e+05  2.92729322e+01  1.66703661e+05  1.66434877e+00 
 1.67663645e+05  2.92235274e+01  1.67663645e+05  1.66376807e+00 
 1.68629157e+05  2.91741173e+01  1.68629157e+05  1.66319036e+00 
 1.69600229e+05  2.91247019e+01  1.69600229e+05  1.66261562e+00 
 1.70576893e+05  2.90752812e+01  1.70576893e+05  1.66204382e+00 
 1.71559181e+05  2.90258553e+01  1.71559181e+05  1.66147496e+00 
 1.72547126e+05  2.89764243e+01  1.72547126e+05  1.66090902e+00 
 1.73540760e+05  2.89269882e+01  1.73540760e+05  1.66034597e+00 
 1.74540117e+05  2.88775471e+01  1.74540117e+05  1.65978580e+00 
 1.75545228e+05  2.88281010e+01  1.75545228e+05  1.65922849e+00 
 1.76556127e+05  2.87786500e+01  1.76556127e+05  1.65867403e+00 
 1.77572847e+05  2.87291942e+01  1.77572847e+05  1.65812240e+00 
 1.78595423e+05  2.86797335e+01  1.78595423e+05  1.65757358e+00 
 1.79623887e+05  2.86302681e+01  1.79623887e+05  1.65702756e+00 
 1.80658273e+05  2.85807980e+01  1.80658273e+05  1.65648431e+00 
 1.81698617e+05  2.85313233e+01  1.81698617e+05  1.65594383e+00 
 1.82744951e+05  2.84818439e+01  1.82744951e+05  1.65540608e+00 
 1.83797311e+05  2.84323601e+01  1.83797311e+05  1.65487107e+00 
 1.84855730e+05  2.83828717e+01  1.84855730e+05  1.65433877e+00 
 1.85920245e+05  2.83333789e+01  1.85920245e+05  1.65380916e+00 
 1.86990890e+05  2.82838817e+01  1.86990890e+05  1.65328223e+00 
 1.88067700e+05  2.82343801e+01  1.88067700e+05  1.65275796e+00 
 1.89150712e+05  2.81848742e+01  1.89150712e+05  1.65223634e+00 
 1.90239960e+05  2.81353641e+01  1.90239960e+05  1.65171735e+00 
 1.91335480e+05  2.80858498e+01  1.91335480e+05  1.65120097e+00 
 1.92437310e+05  2.80363314e+01  1.92437310e+05  1.65068718e+00 
 1.93545484e+05  2.79868088e+01  1.93545484e+05  1.65017598e+00 
 1.94660040e+05  2.79372822e+01  1.94660040e+05  1.64966734e+00 
 1.95781014e+05  2.78877515e+01  1.95781014e+05  1.64916126e+00 
 1.96908443e+05  2.78382169e+01  1.96908443e+05  1.64865770e+00 
 1.98042365e+05  2.77886783e+01  1.98042365e+05  1.64815666e+00 
 1.99182817e+05  2.77391359e+01  1.99182817e+05  1.64765813e+00 
 2.00329836e+05  2.76895896e+01  2.00329836e+05  1.64716208e+00 
 2.01483461e+05  2.76400395e+01  2.01483461e+05  1.64666850e+00 
 2.02643728e+05  2.75904857e+01  2.02643728e+05  1.64617738e+00 
 2.03810678e+05  2.75409281e+01  2.03810678e+05  1.64568869e+00 
 2.04984347e+05  2.74913669e+01  2.04984347e+05  1.64520243e+00 
 2.06164775e+05  2.74418020e+01  2.06164775e+05  1.64471858e+00 
 2.07352000e+05  2.73922335e+01  2.07352000e+05  1.64423713e+00 
 2.08546063e+05  2.73426615e+01  2.08546063e+05  1.64375805e+00 
 2.09747001e+05  2.72930860e+01  2.09747001e+05  1.64328134e+00 
 2.10954856e+05  2.72435070e+01  2.10954856e+05  1.64280697e+00 
 2.12169666e+05  2.71939245e+01  2.12169666e+05  1.64233494e+00 
 2.13391471e+05  2.71443386e+01  2.13391471e+05  1.64186523e+00 
 2.14620313e+05  2.70947494e+01  2.14620313e+05  1.64139782e+00 
 2.15856230e+05  2.70451569e+01  2.15856230e+05  1.64093271e+00 
 2.17099265e+05  2.69955610e+01  2.17099265e+05  1.64046986e+00 
 2.18349459e+05  2.69459619e+01  2.18349459e+05  1.64000928e+00 
 2.19606851e+05  2.68963596e+01  2.19606851e+05  1.63955094e+00 
 2.20871485e+05  2.68467541e+01  2.20871485e+05  1.63909484e+00 
 2.22143401e+05  2.67971455e+01  2.22143401e+05  1.63864095e+00 
 2.23422641e+05  2.67475337e+01  2.23422641e+05  1.63818926e+00 
 2.24709249e+05  2.66979189e+01  2.24709249e+05  1.63773976e+00 
 2.26003265e+05  2.66483010e+01  2.26003265e+05  1.63729244e+00 
 2.27304733e+05  2.65986801e+01  2.27304733e+05  1.63684727e+00 
 2.28613696e+05  2.65490562e+01  2.28613696e+05  1.63640425e+00 
 2.29930196e+05  2.64994294e+01  2.29930196e+05  1.63596336e+00 
 2.31254278e+05  2.64497997e+01  2.31254278e+05  1.63552459e+00 
 2.32585985e+05  2.64001670e+01  2.32585985e+05  1.63508792e+00 
 2.33925360e+05  2.63505316e+01  2.33925360e+05  1.63465334e+00 
 2.35272449e+05  2.63008933e+01  2.35272449e+05  1.63422084e+00 
 2.36627294e+05  2.62512522e+01  2.36627294e+05  1.63379040e+00 
 2.37989942e+05  2.62016084e+01  2.37989942e+05  1.63336201e+00 
 2.39360437e+05  2.61519618e+01  2.39360437e+05  1.63293565e+00 
 2.40738824e+05  2.61023126e+01  2.40738824e+05  1.63251131e+00 
 2.42125149e+05  2.60526606e+01  2.42125149e+05  1.63208898e+00 
 2.43519457e+05  2.60030061e+01  2.43519457e+05  1.63166865e+00 
 2.44921794e+05  2.59533489e+01  2.44921794e+05  1.63125029e+00 
 2.46332206e+05  2.59036891e+01  2.46332206e+05  1.63083391e+00 
 2.47750741e+05  2.58540268e+01  2.47750741e+05  1.63041947e+00 
 2.49177445e+05  2.58043620e+01  2.49177445e+05  1.63000698e+00 
 2.50612364e+05  2.57546946e+01  2.50612364e+05  1.62959642e+00 
 2.52055547e+05  2.57050248e+01  2.52055547e+05  1.62918777e+00 
 2.53507040e+05  2.56553526e+01  2.53507040e+05  1.62878102e+00 
 2.54966892e+05  2.56056779e+01  2.54966892e+05  1.62837616e+00 
 2.56435151e+05  2.55560008e+01  2.56435151e+05  1.62797318e+00 
 2.57911865e+05  2.55063214e+01  2.57911865e+05  1.62757206e+00 
 2.59397083e+05  2.54566396e+01  2.59397083e+05  1.62717279e+00 
 2.60890853e+05  2.54069555e+01  2.60890853e+05  1.62677535e+00 
 2.62393226e+05  2.53572691e+01  2.62393226e+05  1.62637974e+00 
 2.63904250e+05  2.53075805e+01  2.63904250e+05  1.62598594e+00 
 2.65423975e+05  2.52578896e+01  2.65423975e+05  1.62559395e+00 
 2.66952453e+05  2.52081964e+01  2.66952453e+05  1.62520373e+00 
 2.68489732e+05  2.51585011e+01  2.68489732e+05  1.62481529e+00 
 2.70035863e+05  2.51088037e+01  2.70035863e+05  1.62442862e+00 
 2.71590899e+05  2.50591040e+01  2.71590899e+05  1.62404369e+00 
 2.73154889e+05  2.50094023e+01  2.73154889e+05  1.62366050e+00 
 2.74727885e+05  2.49596984e+01  2.74727885e+05  1.62327903e+00 
 2.76309940e+05  2.49099925e+01  2.76309940e+05  1.62289928e+00 
 2.77901105e+05  2.48602845e+01  2.77901105e+05  1.62252122e+00 
 2.79501434e+05  2.48105744e+01  2.79501434e+05  1.62214486e+00 
 2.81110978e+05  2.47608624e+01  2.81110978e+05  1.62177016e+00 
 2.82729790e+05  2.47111483e+01  2.82729790e+05  1.62139714e+00 
 2.84357925e+05  2.46614323e+01  2.84357925e+05  1.62102576e+00 
 2.85995436e+05  2.46117144e+01  2.85995436e+05  1.62065602e+00 
 2.87642376e+05  2.45619945e+01  2.87642376e+05  1.62028792e+00 
 2.89298801e+05  2.45122726e+01  2.89298801e+05  1.61992142e+00 
 2.90964764e+05  2.44625489e+01  2.90964764e+05  1.61955654e+00 
 2.92640321e+05  2.44128234e+01  2.92640321e+05  1.61919324e+00 
 2.94325527e+05  2.43630960e+01  2.94325527e+05  1.61883152e+00 
 2.96020437e+05  2.43133667e+01  2.96020437e+05  1.61847138e+00 
 2.97725108e+05  2.42636356e+01  2.97725108e+05  1.61811279e+00 
 2.99439595e+05  2.42139028e+01  2.99439595e+05  1.61775574e+00 
 3.01163955e+05  2.41641681e+01  3.01163955e+05  1.61740024e+00 
 3.02898246e+05  2.41144317e+01  3.02898246e+05  1.61704625e+00 
 3.04642523e+05  2.40646936e+01  3.04642523e+05  1.61669377e+00 
 3.06396845e+05  2.40149537e+01  3.06396845e+05  1.61634280e+00 
 3.08161270e+05  2.39652122e+01  3.08161270e+05  1.61599331e+00 
 3.09935855e+05  2.39154689e+01  3.09935855e+05  1.61564530e+00 
 3.11720659e+05  2.38657240e+01  3.11720659e+05  1.61529876e+00 
 3.13515742e+05  2.38159775e+01  3.13515742e+05  1.61495367e+00 
 3.15321161e+05  2.37662293e+01  3.15321161e+05  1.61461003e+00 
 3.17136977e+05  2.37164794e+01  3.17136977e+05  1.61426782e+00 
 3.18963250e+05  2.36667280e+01  3.18963250e+05  1.61392703e+00 
 3.20800040e+05  2.36169750e+01  3.20800040e+05  1.61358765e+00 
 3.22647407e+05  2.35672204e+01  3.22647407e+05  1.61324967e+00 
 3.24505413e+05  2.35174643e+01  3.24505413e+05  1.61291308e+00 
 3.26374118e+05  2.34677066e+01  3.26374118e+05  1.61257786e+00 
 3.28253584e+05  2.34179474e+01  3.28253584e+05  1.61224402e+00 
 3.30143873e+05  2.33681868e+01  3.30143873e+05  1.61191152e+00 
 3.32045048e+05  2.33184246e+01  3.32045048e+05  1.61158038e+00 
 3.33957171e+05  2.32686609e+01  3.33957171e+05  1.61125057e+00 
 3.35880305e+05  2.32188958e+01  3.35880305e+05  1.61092208e+00 
 3.37814514e+05  2.31691292e+01  3.37814514e+05  1.61059491e+00 
 3.39759861e+05  2.31193612e+01  3.39759861e+05  1.61026903e+00 
 3.41716410e+05  2.30695917e+01  3.41716410e+05  1.60994445e+00 
 3.43684227e+05  2.30198209e+01  3.43684227e+05  1.60962116e+00 
 3.45663375e+05  2.29700487e+01  3.45663375e+05  1.60929913e+00 
 3.47653921e+05  2.29202750e+01  3.47653921e+05  1.60897836e+00 
 3.49655930e+05  2.28705001e+01  3.49655930e+05  1.60865884e+00 
 3.51669467e+05  2.28207237e+01  3.51669467e+05  1.60834057e+00 
 3.53694600e+05  2.27709460e+01  3.53694600e+05  1.60802352e+00 
 3.55731394e+05  2.27211670e+01  3.55731394e+05  1.60770769e+00 
 3.57779918e+05  2.26713867e+01  3.57779918e+05  1.60739307e+00 
 3.59840238e+05  2.26216051e+01  3.59840238e+05  1.60707965e+00 
 3.61912423e+05  2.25718222e+01  3.61912423e+05  1.60676742e+00 
 3.63996541e+05  2.25220380e+01  3.63996541e+05  1.60645636e+00 
 3.66092661e+05  2.24722526e+01  3.66092661e+05  1.60614648e+00 
 3.68200851e+05  2.24224659e+01  3.68200851e+05  1.60583775e+00 
 3.70321182e+05  2.23726779e+01  3.70321182e+05  1.60553017e+00 
 3.72453723e+05  2.23228887e+01  3.72453723e+05  1.60522372e+00 
 3.74598544e+05  2.22730983e+01  3.74598544e+05  1.60491841e+00 
 3.76755716e+05  2.22233067e+01  3.76755716e+05  1.60461421e+00 
 3.78925311e+05  2.21735139e+01  3.78925311e+05  1.60431113e+00 
 3.81107400e+05  2.21237199e+01  3.81107400e+05  1.60400914e+00 
 3.83302055e+05  2.20739248e+01  3.83302055e+05  1.60370823e+00 
 3.85509347e+05  2.20241284e+01  3.85509347e+05  1.60340841e+00 
 3.87729351e+05  2.19743309e+01  3.87729351e+05  1.60310966e+00 
 3.89962139e+05  2.19245323e+01  3.89962139e+05  1.60281196e+00 
 3.92207785e+05  2.18747325e+01  3.92207785e+05  1.60251532e+00 
 3.94466362e+05  2.18249316e+01  3.94466362e+05  1.60221971e+00 
 3.96737946e+05  2.17751296e+01  3.96737946e+05  1.60192514e+00 
 3.99022611e+05  2.17253265e+01  3.99022611e+05  1.60163159e+00 
 4.01320433e+05  2.16755223e+01  4.01320433e+05  1.60133904e+00 
 4.03631487e+05  2.16257170e+01  4.03631487e+05  1.60104750e+00 
 4.05955849e+05  2.15759106e+01  4.05955849e+05  1.60075695e+00 
 4.08293596e+05  2.15261032e+01  4.08293596e+05  1.60046739e+00 
 4.10644806e+05  2.14762947e+01  4.10644806e+05  1.60017879e+00 
 4.13009556e+05  2.14264851e+01  4.13009556e+05  1.59989116e+00 
 4.15387923e+05  2.13766745e+01  4.15387923e+05  1.59960449e+00 
 4.17779986e+05  2.13268629e+01  4.17779986e+05  1.59931875e+00 
 4.20185824e+05  2.12770502e+01  4.20185824e+05  1.59903396e+00 
 4.22605517e+05  2.12272365e+01  4.22605517e+05  1.59875009e+00 
 4.25039143e+05  2.11774218e+01  4.25039143e+05  1.59846714e+00 
 4.27486784e+05  2.11276062e+01  4.27486784e+05  1.59818509e+00 
 4.29948521e+05  2.10777895e+01  4.29948521e+05  1.59790395e+00 
 4.32424433e+05  2.10279718e+01  4.32424433e+05  1.59762369e+00 
 4.34914603e+05  2.09781532e+01  4.34914603e+05  1.59734432e+00 
 4.37419113e+05  2.09283335e+01  4.37419113e+05  1.59706581e+00 
 4.39938046e+05  2.08785130e+01  4.39938046e+05  1.59678817e+00 
 4.42471484e+05  2.08286914e+01  4.42471484e+05  1.59651138e+00 
 4.45019511e+05  2.07788689e+01  4.45019511e+05  1.59623544e+00 
 4.47582212e+05  2.07290455e+01  4.47582212e+05  1.59596033e+00 
 4.50159670e+05  2.06792211e+01  4.50159670e+05  1.59568604e+00 
 4.52751970e+05  2.06293958e+01  4.52751970e+05  1.59541258e+00 
 4.55359199e+05  2.05795696e+01  4.55359199e+05  1.59513992e+00 
 4.57981442e+05  2.05297425e+01  4.57981442e+05  1.59486806e+00 
 4.60618785e+05  2.04799145e+01  4.60618785e+05  1.59459699e+00 
 4.63271316e+05  2.04300855e+01  4.63271316e+05  1.59432670e+00 
 4.65939122e+05  2.03802557e+01  4.65939122e+05  1.59405718e+00 
 4.68622291e+05  2.03304249e+01  4.68622291e+05  1.59378843e+00 
 4.71320911e+05  2.02805933e+01  4.71320911e+05  1.59352043e+00 
 4.74035071e+05  2.02307608e+01  4.74035071e+05  1.59325318e+00 
 4.76764861e+05  2.01809275e+01  4.76764861e+05  1.59298667e+00 
 4.79510371e+05  2.01310932e+01  4.79510371e+05  1.59272089e+00 
 4.82271692e+05  2.00812581e+01  4.82271692e+05  1.59245582e+00 
 4.85048914e+05  2.00314221e+01  4.85048914e+05  1.59219147e+00 
 4.87842128e+05  1.99815853e+01  4.87842128e+05  1.59192782e+00 
 4.90651428e+05  1.99317477e+01  4.90651428e+05  1.59166486e+00 
 4.93476906e+05  1.98819092e+01  4.93476906e+05  1.59140259e+00 
 4.96318654e+05  1.98320698e+01  4.96318654e+05  1.59114100e+00 
 4.99176767e+05  1.97822296e+01  4.99176767e+05  1.59088008e+00 
 5.02051339e+05  1.97323886e+01  5.02051339e+05  1.59061981e+00 
 5.04942464e+05  1.96825468e+01  5.04942464e+05  1.59036020e+00 
 5.07850239e+05  1.96327042e+01  5.07850239e+05  1.59010123e+00 
 5.10774758e+05  1.95828607e+01  5.10774758e+05  1.58984289e+00 
 5.13716118e+05  1.95330164e+01  5.13716118e+05  1.58958518e+00 
 5.16674416e+05  1.94831713e+01  5.16674416e+05  1.58932809e+00 
 5.19649751e+05  1.94333254e+01  5.19649751e+05  1.58907160e+00 
 5.22642219e+05  1.93834788e+01  5.22642219e+05  1.58881572e+00 
 5.25651919e+05  1.93336313e+01  5.25651919e+05  1.58856043e+00 
 5.28678951e+05  1.92837830e+01  5.28678951e+05  1.58830572e+00 
 5.31723415e+05  1.92339339e+01  5.31723415e+05  1.58805159e+00 
 5.34785411e+05  1.91840841e+01  5.34785411e+05  1.58779803e+00 
 5.37865040e+05  1.91342335e+01  5.37865040e+05  1.58754502e+00 
 5.40962403e+05  1.90843821e+01  5.40962403e+05  1.58729257e+00 
 5.44077602e+05  1.90345299e+01  5.44077602e+05  1.58704066e+00 
 5.47210741e+05  1.89846769e+01  5.47210741e+05  1.58678928e+00 
 5.50361923e+05  1.89348232e+01  5.50361923e+05  1.58653843e+00 
 5.53531250e+05  1.88849687e+01  5.53531250e+05  1.58628810e+00 
 5.56718829e+05  1.88351135e+01  5.56718829e+05  1.58603827e+00 
 5.59924764e+05  1.87852575e+01  5.59924764e+05  1.58578895e+00 
 5.63149161e+05  1.87354007e+01  5.63149161e+05  1.58554012e+00 
 5.66392126e+05  1.86855432e+01  5.66392126e+05  1.58529178e+00 
 5.69653766e+05  1.86356849e+01  5.69653766e+05  1.58504391e+00 
 5.72934188e+05  1.85858258e+01  5.72934188e+05  1.58479651e+00 
 5.76233501e+05  1.85359661e+01  5.76233501e+05  1.58454957e+00 
 5.79551814e+05  1.84861055e+01  5.79551814e+05  1.58430309e+00 
 5.82889235e+05  1.84362442e+01  5.82889235e+05  1.58405705e+00 
 5.86245876e+05  1.83863822e+01  5.86245876e+05  1.58381145e+00 
 5.89621846e+05  1.83365195e+01  5.89621846e+05  1.58356627e+00 
 5.93017257e+05  1.82866560e+01  5.93017257e+05  1.58332152e+00 
 5.96432221e+05  1.82367917e+01  5.96432221e+05  1.58307717e+00 
 5.99866850e+05  1.81869268e+01  5.99866850e+05  1.58283324e+00 
 6.03321259e+05  1.81370610e+01  6.03321259e+05  1.58258969e+00 
 6.06795560e+05  1.80871946e+01  6.06795560e+05  1.58234654e+00 
 6.10289868e+05  1.80373274e+01  6.10289868e+05  1.58210377e+00 
 6.13804298e+05  1.79874595e+01  6.13804298e+05  1.58186137e+00 
 6.17338967e+05  1.79375909e+01  6.17338967e+05  1.58161933e+00 
 6.20893990e+05  1.78877215e+01  6.20893990e+05  1.58137766e+00 
 6.24469486e+05  1.78378514e+01  6.24469486e+05  1.58113633e+00 
 6.28065572e+05  1.77879806e+01  6.28065572e+05  1.58089534e+00 
 6.31682366e+05  1.77381090e+01  6.31682366e+05  1.58065468e+00 
 6.35319988e+05  1.76882367e+01  6.35319988e+05  1.58041435e+00 
 6.38978557e+05  1.76383637e+01  6.38978557e+05  1.58017434e+00 
 6.42658195e+05  1.75884900e+01  6.42658195e+05  1.57993463e+00 
 6.46359022e+05  1.75386155e+01  6.46359022e+05  1.57969523e+00 
 6.50081162e+05  1.74887403e+01  6.50081162e+05  1.57945612e+00 
 6.53824735e+05  1.74388644e+01  6.53824735e+05  1.57921730e+00 
 6.57589867e+05  1.73889877e+01  6.57589867e+05  1.57897875e+00 
 6.61376680e+05  1.73391104e+01  6.61376680e+05  1.57874048e+00 
 6.65185300e+05  1.72892322e+01  6.65185300e+05  1.57850246e+00 
 6.69015853e+05  1.72393534e+01  6.69015853e+05  1.57826471e+00 
 6.72868464e+05  1.71894739e+01  6.72868464e+05  1.57802720e+00 
 6.76743262e+05  1.71395936e+01  6.76743262e+05  1.57778992e+00 
 6.80640372e+05  1.70897126e+01  6.80640372e+05  1.57755288e+00 
 6.84559925e+05  1.70398308e+01  6.84559925e+05  1.57731607e+00 
 6.88502049e+05  1.69899483e+01  6.88502049e+05  1.57707946e+00 
 6.92466874e+05  1.69400651e+01  6.92466874e+05  1.57684307e+00 
 6.96454531e+05  1.68901812e+01  6.96454531e+05  1.57660688e+00 
 7.00465151e+05  1.68402965e+01  7.00465151e+05  1.57637088e+00 
 7.04498867e+05  1.67904111e+01  7.04498867e+05  1.57613506e+00 
 7.08555812e+05  1.67405249e+01  7.08555812e+05  1.57589942e+00 
 7.12636119e+05  1.66906381e+01  7.12636119e+05  1.57566395e+00 
 7.16739924e+05  1.66407504e+01  7.16739924e+05  1.57542865e+00 
 7.20867360e+05  1.65908621e+01  7.20867360e+05  1.57519349e+00 
 7.25018565e+05  1.65409730e+01  7.25018565e+05  1.57495849e+00 
 7.29193675e+05  1.64910831e+01  7.29193675e+05  1.57472362e+00 
 7.33392828e+05  1.64411925e+01  7.33392828e+05  1.57448888e+00 
 7.37616162e+05  1.63913012e+01  7.37616162e+05  1.57425427e+00 
 7.41863817e+05  1.63414091e+01  7.41863817e+05  1.57401977e+00 
 7.46135932e+05  1.62915162e+01  7.46135932e+05  1.57378538e+00 
 7.50432649e+05  1.62416226e+01  7.50432649e+05  1.57355109e+00 
 7.54754109e+05  1.61917282e+01  7.54754109e+05  1.57331689e+00 
 7.59100455e+05  1.61418331e+01  7.59100455e+05  1.57308277e+00 
 7.63471830e+05  1.60919372e+01  7.63471830e+05  1.57284874e+00 
 7.67868378e+05  1.60420406e+01  7.67868378e+05  1.57261477e+00 
 7.72290244e+05  1.59921432e+01  7.72290244e+05  1.57238087e+00 
 7.76737574e+05  1.59422450e+01  7.76737574e+05  1.57214702e+00 
 7.81210514e+05  1.58923460e+01  7.81210514e+05  1.57191321e+00 
 7.85709213e+05  1.58424463e+01  7.85709213e+05  1.57167945e+00 
 7.90233817e+05  1.57925457e+01  7.90233817e+05  1.57144572e+00 
 7.94784478e+05  1.57426444e+01  7.94784478e+05  1.57121201e+00 
 7.99361343e+05  1.56927423e+01  7.99361343e+05  1.57097831e+00 
 8.03964565e+05  1.56428395e+01  8.03964565e+05  1.57074463e+00 
 8.08594296e+05  1.55929358e+01  8.08594296e+05  1.57051094e+00 
 8.13250687e+05  1.55430313e+01  8.13250687e+05  1.57027725e+00 
 8.17933893e+05  1.54931260e+01  8.17933893e+05  1.57004355e+00 
 8.22644067e+05  1.54432199e+01  8.22644067e+05  1.56980982e+00 
 8.27381366e+05  1.53933131e+01  8.27381366e+05  1.56957606e+00 
 8.32145945e+05  1.53434054e+01  8.32145945e+05  1.56934227e+00 
 8.36937961e+05  1.52934968e+01  8.36937961e+05  1.56910843e+00 
 8.41757573e+05  1.52435875e+01  8.41757573e+05  1.56887454e+00 
 8.46604939e+05  1.51936773e+01  8.46604939e+05  1.56864058e+00 
 8.51480220e+05  1.51437663e+01  8.51480220e+05  1.56840656e+00 
 8.56383575e+05  1.50938545e+01  8.56383575e+05  1.56817247e+00 
 8.61315167e+05  1.50439418e+01  8.61315167e+05  1.56793829e+00 
 8.66275158e+05  1.49940283e+01  8.66275158e+05  1.56770402e+00 
 8.71263712e+05  1.49441139e+01  8.71263712e+05  1.56746965e+00 
 8.76280993e+05  1.48941986e+01  8.76280993e+05  1.56723517e+00 
 8.81327166e+05  1.48442826e+01  8.81327166e+05  1.56700058e+00 
 8.86402399e+05  1.47943656e+01  8.86402399e+05  1.56676587e+00 
 8.91506858e+05  1.47444478e+01  8.91506858e+05  1.56653104e+00 
 8.96640711e+05  1.46945290e+01  8.96640711e+05  1.56629606e+00 
 9.01804129e+05  1.46446095e+01  9.01804129e+05  1.56606094e+00 
 9.06997281e+05  1.45946890e+01  9.06997281e+05  1.56582567e+00 
 9.12220338e+05  1.45447676e+01  9.12220338e+05  1.56559024e+00 
 9.17473473e+05  1.44948453e+01  9.17473473e+05  1.56535464e+00 
 9.22756858e+05  1.44449221e+01  9.22756858e+05  1.56511886e+00 
 9.28070669e+05  1.43949980e+01  9.28070669e+05  1.56488290e+00 
 9.33415080e+05  1.43450730e+01  9.33415080e+05  1.56464676e+00 
 9.38790267e+05  1.42951471e+01  9.38790267e+05  1.56441041e+00 
 9.44196408e+05  1.42452202e+01  9.44196408e+05  1.56417386e+00 
 9.49633681e+05  1.41952924e+01  9.49633681e+05  1.56393709e+00 
 9.55102266e+05  1.41453636e+01  9.55102266e+05  1.56370011e+00 
 9.60602341e+05  1.40954339e+01  9.60602341e+05  1.56346289e+00 
 9.66134090e+05  1.40455032e+01  9.66134090e+05  1.56322544e+00 
 9.71697694e+05  1.39955716e+01  9.71697694e+05  1.56298774e+00 
 9.77293337e+05  1.39456389e+01  9.77293337e+05  1.56274979e+00 
 9.82921202e+05  1.38957053e+01  9.82921202e+05  1.56251158e+00 
 9.88581477e+05  1.38457707e+01  9.88581477e+05  1.56227311e+00 
 9.94274347e+05  1.37958352e+01  9.94274347e+05  1.56203435e+00 
 1.00000000e+06  1.37458986e+01  1.00000000e+06  1.56179532e+00 
 1.00575862e+06  1.36959609e+01  1.00575862e+06  1.56155599e+00 
 1.01155041e+06  1.36460223e+01  1.01155041e+06  1.56131637e+00 
 1.01737555e+06  1.35960826e+01  1.01737555e+06  1.56107644e+00 
 1.02323424e+06  1.35461419e+01  1.02323424e+06  1.56083619e+00 
 1.02912666e+06  1.34962002e+01  1.02912666e+06  1.56059563e+00 
 1.03505301e+06  1.34462574e+01  1.03505301e+06  1.56035473e+00 
 1.04101349e+06  1.33963135e+01  1.04101349e+06  1.56011349e+00 
 1.04700830e+06  1.33463686e+01  1.04700830e+06  1.55987191e+00 
 1.05303763e+06  1.32964225e+01  1.05303763e+06  1.55962998e+00 
 1.05910168e+06  1.32464754e+01  1.05910168e+06  1.55938768e+00 
 1.06520065e+06  1.31965272e+01  1.06520065e+06  1.55914502e+00 
 1.07133474e+06  1.31465778e+01  1.07133474e+06  1.55890198e+00 
 1.07750415e+06  1.30966274e+01  1.07750415e+06  1.55865855e+00 
 1.08370910e+06  1.30466758e+01  1.08370910e+06  1.55841473e+00 
 1.08994977e+06  1.29967231e+01  1.08994977e+06  1.55817051e+00 
 1.09622638e+06  1.29467692e+01  1.09622638e+06  1.55792589e+00 
 1.10253914e+06  1.28968141e+01  1.10253914e+06  1.55768084e+00 
 1.10888825e+06  1.28468579e+01  1.10888825e+06  1.55743537e+00 
 1.11527392e+06  1.27969005e+01  1.11527392e+06  1.55718947e+00 
 1.12169636e+06  1.27469420e+01  1.12169636e+06  1.55694313e+00 
 1.12815579e+06  1.26969822e+01  1.12815579e+06  1.55669634e+00 
 1.13465242e+06  1.26470212e+01  1.13465242e+06  1.55644909e+00 
 1.14118646e+06  1.25970589e+01  1.14118646e+06  1.55620138e+00 
 1.14775812e+06  1.25470955e+01  1.14775812e+06  1.55595320e+00 
 1.15436763e+06  1.24971307e+01  1.15436763e+06  1.55570454e+00 
 1.16101520e+06  1.24471648e+01  1.16101520e+06  1.55545539e+00 
 1.16770105e+06  1.23971975e+01  1.16770105e+06  1.55520574e+00 
 1.17442540e+06  1.23472290e+01  1.17442540e+06  1.55495559e+00 
 1.18118848e+06  1.22972591e+01  1.18118848e+06  1.55470493e+00 
 1.18799050e+06  1.22472880e+01  1.18799050e+06  1.55445374e+00 
 1.19483169e+06  1.21973155e+01  1.19483169e+06  1.55420203e+00 
 1.20171228e+06  1.21473417e+01  1.20171228e+06  1.55394978e+00 
 1.20863249e+06  1.20973666e+01  1.20863249e+06  1.55369699e+00 
 1.21559255e+06  1.20473901e+01  1.21559255e+06  1.55344364e+00 
 1.22259269e+06  1.19974122e+01  1.22259269e+06  1.55318973e+00 
 1.22963314e+06  1.19474329e+01  1.22963314e+06  1.55293525e+00 
 1.23671414e+06  1.18974523e+01  1.23671414e+06  1.55268020e+00 
 1.24383591e+06  1.18474702e+01  1.24383591e+06  1.55242455e+00 
 1.25099870e+06  1.17974867e+01  1.25099870e+06  1.55216832e+00 
 1.25820273e+06  1.17475017e+01  1.25820273e+06  1.55191148e+00 
 1.26544825e+06  1.16975153e+01  1.26544825e+06  1.55165403e+00 
 1.27273549e+06  1.16475274e+01  1.27273549e+06  1.55139597e+00 
 1.28006470e+06  1.15975381e+01  1.28006470e+06  1.55113727e+00 
 1.28743611e+06  1.15475472e+01  1.28743611e+06  1.55087794e+00 
 1.29484997e+06  1.14975548e+01  1.29484997e+06  1.55061797e+00 
 1.30230653e+06  1.14475609e+01  1.30230653e+06  1.55035735e+00 
 1.30980602e+06  1.13975655e+01  1.30980602e+06  1.55009606e+00 
 1.31734870e+06  1.13475685e+01  1.31734870e+06  1.54983411e+00 
 1.32493482e+06  1.12975699e+01  1.32493482e+06  1.54957148e+00 
 1.33256462e+06  1.12475697e+01  1.33256462e+06  1.54930816e+00 
 1.34023836e+06  1.11975679e+01  1.34023836e+06  1.54904415e+00 
 1.34795629e+06  1.11475644e+01  1.34795629e+06  1.54877944e+00 
 1.35571867e+06  1.10975594e+01  1.35571867e+06  1.54851401e+00 
 1.36352574e+06  1.10475526e+01  1.36352574e+06  1.54824787e+00 
 1.37137778e+06  1.09975442e+01  1.37137778e+06  1.54798100e+00 
 1.37927503e+06  1.09475341e+01  1.37927503e+06  1.54771339e+00 
 1.38721775e+06  1.08975223e+01  1.38721775e+06  1.54744504e+00 
 1.39520622e+06  1.08475088e+01  1.39520622e+06  1.54717594e+00 
 1.40324069e+06  1.07974935e+01  1.40324069e+06  1.54690607e+00 
 1.41132143e+06  1.07474764e+01  1.41132143e+06  1.54663543e+00 
 1.41944870e+06  1.06974576e+01  1.41944870e+06  1.54636401e+00 
 1.42762277e+06  1.06474369e+01  1.42762277e+06  1.54609181e+00 
 1.43584391e+06  1.05974144e+01  1.43584391e+06  1.54581881e+00 
 1.44411240e+06  1.05473901e+01  1.44411240e+06  1.54554500e+00 
 1.45242850e+06  1.04973640e+01  1.45242850e+06  1.54527038e+00 
 1.46079249e+06  1.04473359e+01  1.46079249e+06  1.54499493e+00 
 1.46920465e+06  1.03973060e+01  1.46920465e+06  1.54471866e+00 
 1.47766525e+06  1.03472741e+01  1.47766525e+06  1.54444154e+00 
 1.48617457e+06  1.02972403e+01  1.48617457e+06  1.54416358e+00 
 1.49473289e+06  1.02472045e+01  1.49473289e+06  1.54388475e+00 
 1.50334050e+06  1.01971667e+01  1.50334050e+06  1.54360507e+00 
 1.51199767e+06  1.01471270e+01  1.51199767e+06  1.54332450e+00 
 1.52070470e+06  1.00970852e+01  1.52070470e+06  1.54304305e+00 
 1.52946187e+06  1.00470413e+01  1.52946187e+06  1.54276071e+00 
 1.53826946e+06  9.99699543e+00  1.53826946e+06  1.54247746e+00 
 1.54712778e+06  9.94694744e+00  1.54712778e+06  1.54219331e+00 
 1.55603711e+06  9.89689733e+00  1.55603711e+06  1.54190823e+00 
 1.56499774e+06  9.84684509e+00  1.56499774e+06  1.54162223e+00 
 1.57400998e+06  9.79679068e+00  1.57400998e+06  1.54133528e+00 
 1.58307411e+06  9.74673410e+00  1.58307411e+06  1.54104739e+00 
 1.59219044e+06  9.69667531e+00  1.59219044e+06  1.54075855e+00 
 1.60135927e+06  9.64661429e+00  1.60135927e+06  1.54046873e+00 
 1.61058090e+06  9.59655102e+00  1.61058090e+06  1.54017795e+00 
 1.61985563e+06  9.54648547e+00  1.61985563e+06  1.53988617e+00 
 1.62918377e+06  9.49641762e+00  1.62918377e+06  1.53959341e+00 
 1.63856563e+06  9.44634744e+00  1.63856563e+06  1.53929964e+00 
 1.64800151e+06  9.39627490e+00  1.64800151e+06  1.53900487e+00 
 1.65749174e+06  9.34619999e+00  1.65749174e+06  1.53870907e+00 
 1.66703661e+06  9.29612268e+00  1.66703661e+06  1.53841224e+00 
 1.67663645e+06  9.24604293e+00  1.67663645e+06  1.53811438e+00 
 1.68629157e+06  9.19596073e+00  1.68629157e+06  1.53781546e+00 
 1.69600229e+06  9.14587605e+00  1.69600229e+06  1.53751549e+00 
 1.70576893e+06  9.09578885e+00  1.70576893e+06  1.53721445e+00 
 1.71559181e+06  9.04569911e+00  1.71559181e+06  1.53691233e+00 
 1.72547126e+06  8.99560681e+00  1.72547126e+06  1.53660913e+00 
 1.73540760e+06  8.94551192e+00  1.73540760e+06  1.53630483e+00 
 1.74540117e+06  8.89541440e+00  1.74540117e+06  1.53599943e+00 
 1.75545228e+06  8.84531423e+00  1.75545228e+06  1.53569291e+00 
 1.76556127e+06  8.79521138e+00  1.76556127e+06  1.53538527e+00 
 1.77572847e+06  8.74510583e+00  1.77572847e+06  1.53507649e+00 
 1.78595423e+06  8.69499753e+00  1.78595423e+06  1.53476658e+00 
 1.79623887e+06  8.64488646e+00  1.79623887e+06  1.53445551e+00 
 1.80658273e+06  8.59477259e+00  1.80658273e+06  1.53414327e+00 
 1.81698617e+06  8.54465590e+00  1.81698617e+06  1.53382987e+00 
 1.82744951e+06  8.49453634e+00  1.82744951e+06  1.53351528e+00 
 1.83797311e+06  8.44441388e+00  1.83797311e+06  1.53319950e+00 
 1.84855730e+06  8.39428850e+00  1.84855730e+06  1.53288252e+00 
 1.85920245e+06  8.34416017e+00  1.85920245e+06  1.53256433e+00 
 1.86990890e+06  8.29402884e+00  1.86990890e+06  1.53224492e+00 
 1.88067700e+06  8.24389449e+00  1.88067700e+06  1.53192428e+00 
 1.89150712e+06  8.19375708e+00  1.89150712e+06  1.53160239e+00 
 1.90239960e+06  8.14361658e+00  1.90239960e+06  1.53127926e+00 
 1.91335480e+06  8.09347296e+00  1.91335480e+06  1.53095487e+00 
 1.92437310e+06  8.04332617e+00  1.92437310e+06  1.53062920e+00 
 1.93545484e+06  7.99317620e+00  1.93545484e+06  1.53030226e+00 
 1.94660040e+06  7.94302299e+00  1.94660040e+06  1.52997402e+00 
 1.95781014e+06  7.89286652e+00  1.95781014e+06  1.52964449e+00 
 1.96908443e+06  7.84270674e+00  1.96908443e+06  1.52931364e+00 
 1.98042365e+06  7.79254363e+00  1.98042365e+06  1.52898147e+00 
 1.99182817e+06  7.74237714e+00  1.99182817e+06  1.52864798e+00 
 2.00329836e+06  7.69220724e+00  2.00329836e+06  1.52831314e+00 
 2.01483461e+06  7.64203388e+00  2.01483461e+06  1.52797695e+00 
 2.02643728e+06  7.59185704e+00  2.02643728e+06  1.52763940e+00 
 2.03810678e+06  7.54167667e+00  2.03810678e+06  1.52730048e+00 
 2.04984347e+06  7.49149273e+00  2.04984347e+06  1.52696017e+00 
 2.06164775e+06  7.44130519e+00  2.06164775e+06  1.52661848e+00 
 2.07352000e+06  7.39111400e+00  2.07352000e+06  1.52627538e+00 
 2.08546063e+06  7.34091912e+00  2.08546063e+06  1.52593086e+00 
 2.09747001e+06  7.29072052e+00  2.09747001e+06  1.52558493e+00 
 2.10954856e+06  7.24051814e+00  2.10954856e+06  1.52523756e+00 
 2.12169666e+06  7.19031195e+00  2.12169666e+06  1.52488875e+00 
 2.13391471e+06  7.14010191e+00  2.13391471e+06  1.52453848e+00 
 2.14620313e+06  7.08988797e+00  2.14620313e+06  1.52418674e+00 
 2.15856230e+06  7.03967009e+00  2.15856230e+06  1.52383353e+00 
 2.17099265e+06  6.98944822e+00  2.17099265e+06  1.52347884e+00 
 2.18349459e+06  6.93922233e+00  2.18349459e+06  1.52312265e+00 
 2.19606851e+06  6.88899236e+00  2.19606851e+06  1.52276494e+00 
 2.20871485e+06  6.83875827e+00  2.20871485e+06  1.52240572e+00 
 2.22143401e+06  6.78852002e+00  2.22143401e+06  1.52204498e+00 
 2.23422641e+06  6.73827756e+00  2.23422641e+06  1.52168269e+00 
 2.24709249e+06  6.68803083e+00  2.24709249e+06  1.52131885e+00 
 2.26003265e+06  6.63777980e+00  2.26003265e+06  1.52095345e+00 
 2.27304733e+06  6.58752442e+00  2.27304733e+06  1.52058647e+00 
 2.28613696e+06  6.53726464e+00  2.28613696e+06  1.52021792e+00 
 2.29930196e+06  6.48700040e+00  2.29930196e+06  1.51984777e+00 
 2.31254278e+06  6.43673166e+00  2.31254278e+06  1.51947601e+00 
 2.32585985e+06  6.38645837e+00  2.32585985e+06  1.51910264e+00 
 2.33925360e+06  6.33618048e+00  2.33925360e+06  1.51872764e+00 
 2.35272449e+06  6.28589794e+00  2.35272449e+06  1.51835100e+00 
 2.36627294e+06  6.23561069e+00  2.36627294e+06  1.51797272e+00 
 2.37989942e+06  6.18531868e+00  2.37989942e+06  1.51759277e+00 
 2.39360437e+06  6.13502186e+00  2.39360437e+06  1.51721115e+00 
 2.40738824e+06  6.08472018e+00  2.40738824e+06  1.51682785e+00 
 2.42125149e+06  6.03441358e+00  2.42125149e+06  1.51644286e+00 
 2.43519457e+06  5.98410200e+00  2.43519457e+06  1.51605616e+00 
 2.44921794e+06  5.93378540e+00  2.44921794e+06  1.51566774e+00 
 2.46332206e+06  5.88346371e+00  2.46332206e+06  1.51527760e+00 
 2.47750741e+06  5.83313688e+00  2.47750741e+06  1.51488572e+00 
 2.49177445e+06  5.78280485e+00  2.49177445e+06  1.51449208e+00 
 2.50612364e+06  5.73246756e+00  2.50612364e+06  1.51409669e+00 
 2.52055547e+06  5.68212495e+00  2.52055547e+06  1.51369952e+00 
 2.53507040e+06  5.63177698e+00  2.53507040e+06  1.51330057e+00 
 2.54966892e+06  5.58142356e+00  2.54966892e+06  1.51289982e+00 
 2.56435151e+06  5.53106465e+00  2.56435151e+06  1.51249727e+00 
 2.57911865e+06  5.48070019e+00  2.57911865e+06  1.51209290e+00 
 2.59397083e+06  5.43033010e+00  2.59397083e+06  1.51168669e+00 
 2.60890853e+06  5.37995434e+00  2.60890853e+06  1.51127864e+00 
 2.62393226e+06  5.32957283e+00  2.62393226e+06  1.51086874e+00 
 2.63904250e+06  5.27918551e+00  2.63904250e+06  1.51045698e+00 
 2.65423975e+06  5.22879232e+00  2.65423975e+06  1.51004334e+00 
 2.66952453e+06  5.17839319e+00  2.66952453e+06  1.50962780e+00 
 2.68489732e+06  5.12798806e+00  2.68489732e+06  1.50921037e+00 
 2.70035863e+06  5.07757685e+00  2.70035863e+06  1.50879103e+00 
 2.71590899e+06  5.02715951e+00  2.71590899e+06  1.50836976e+00 
 2.73154889e+06  4.97673596e+00  2.73154889e+06  1.50794655e+00 
 2.74727885e+06  4.92630613e+00  2.74727885e+06  1.50752140e+00 
 2.76309940e+06  4.87586995e+00  2.76309940e+06  1.50709429e+00 
 2.77901105e+06  4.82542736e+00  2.77901105e+06  1.50666521e+00 
 2.79501434e+06  4.77497829e+00  2.79501434e+06  1.50623414e+00 
 2.81110978e+06  4.72452265e+00  2.81110978e+06  1.50580108e+00 
 2.82729790e+06  4.67406038e+00  2.82729790e+06  1.50536601e+00 
 2.84357925e+06  4.62359140e+00  2.84357925e+06  1.50492892e+00 
 2.85995436e+06  4.57311564e+00  2.85995436e+06  1.50448979e+00 
 2.87642376e+06  4.52263303e+00  2.87642376e+06  1.50404863e+00 
 2.89298801e+06  4.47214348e+00  2.89298801e+06  1.50360541e+00 
 2.90964764e+06  4.42164692e+00  2.90964764e+06  1.50316012e+00 
 2.92640321e+06  4.37114328e+00  2.92640321e+06  1.50271275e+00 
 2.94325527e+06  4.32063247e+00  2.94325527e+06  1.50226329e+00 
 2.96020437e+06  4.27011442e+00  2.96020437e+06  1.50181172e+00 
 2.97725108e+06  4.21958904e+00  2.97725108e+06  1.50135804e+00 
 2.99439595e+06  4.16905625e+00  2.99439595e+06  1.50090223e+00 
 3.01163955e+06  4.11851598e+00  3.01163955e+06  1.50044427e+00 
 3.02898246e+06  4.06796813e+00  3.02898246e+06  1.49998416e+00 
 3.04642523e+06  4.01741263e+00  3.04642523e+06  1.49952189e+00 
 3.06396845e+06  3.96684939e+00  3.06396845e+06  1.49905744e+00 
 3.08161270e+06  3.91627833e+00  3.08161270e+06  1.49859080e+00 
 3.09935855e+06  3.86569935e+00  3.09935855e+06  1.49812195e+00 
 3.11720659e+06  3.81511237e+00  3.11720659e+06  1.49765089e+00 
 3.13515742e+06  3.76451730e+00  3.13515742e+06  1.49717760e+00 
 3.15321161e+06  3.71391406e+00  3.15321161e+06  1.49670207e+00 
 3.17136977e+06  3.66330255e+00  3.17136977e+06  1.49622428e+00 
 3.18963250e+06  3.61268269e+00  3.18963250e+06  1.49574423e+00 
 3.20800040e+06  3.56205437e+00  3.20800040e+06  1.49526191e+00 
 3.22647407e+06  3.51141750e+00  3.22647407e+06  1.49477729e+00 
 3.24505413e+06  3.46077200e+00  3.24505413e+06  1.49429037e+00 
 3.26374118e+06  3.41011777e+00  3.26374118e+06  1.49380113e+00 
 3.28253584e+06  3.35945470e+00  3.28253584e+06  1.49330956e+00 
 3.30143873e+06  3.30878271e+00  3.30143873e+06  1.49281565e+00 
 3.32045048e+06  3.25810170e+00  3.32045048e+06  1.49231939e+00 
 3.33957171e+06  3.20741156e+00  3.33957171e+06  1.49182076e+00 
 3.35880305e+06  3.15671220e+00  3.35880305e+06  1.49131976e+00 
 3.37814514e+06  3.10600351e+00  3.37814514e+06  1.49081636e+00 
 3.39759861e+06  3.05528539e+00  3.39759861e+06  1.49031055e+00 
 3.41716410e+06  3.00455774e+00  3.41716410e+06  1.48980233e+00 
 3.43684227e+06  2.95382046e+00  3.43684227e+06  1.48929168e+00 
 3.45663375e+06  2.90307343e+00  3.45663375e+06  1.48877858e+00 
 3.47653921e+06  2.85231656e+00  3.47653921e+06  1.48826303e+00 
 3.49655930e+06  2.80154973e+00  3.49655930e+06  1.48774501e+00 
 3.51669467e+06  2.75077283e+00  3.51669467e+06  1.48722451e+00 
 3.53694600e+06  2.69998576e+00  3.53694600e+06  1.48670152e+00 
 3.55731394e+06  2.64918840e+00  3.55731394e+06  1.48617602e+00 
 3.57779918e+06  2.59838064e+00  3.57779918e+06  1.48564800e+00 
 3.59840238e+06  2.54756237e+00  3.59840238e+06  1.48511744e+00 
 3.61912423e+06  2.49673347e+00  3.61912423e+06  1.48458434e+00 
 3.63996541e+06  2.44589383e+00  3.63996541e+06  1.48404868e+00 
 3.66092661e+06  2.39504333e+00  3.66092661e+06  1.48351045e+00 
 3.68200851e+06  2.34418185e+00  3.68200851e+06  1.48296964e+00 
 3.70321182e+06  2.29330927e+00  3.70321182e+06  1.48242623e+00 
 3.72453723e+06  2.24242547e+00  3.72453723e+06  1.48188021e+00 
 3.74598544e+06  2.19153033e+00  3.74598544e+06  1.48133156e+00 
 3.76755716e+06  2.14062372e+00  3.76755716e+06  1.48078028e+00 
 3.78925311e+06  2.08970553e+00  3.78925311e+06  1.48022635e+00 
 3.81107400e+06  2.03877562e+00  3.81107400e+06  1.47966977e+00 
 3.83302055e+06  1.98783387e+00  3.83302055e+06  1.47911050e+00 
 3.85509347e+06  1.93688015e+00  3.85509347e+06  1.47854855e+00 
 3.87729351e+06  1.88591433e+00  3.87729351e+06  1.47798390e+00 
 3.89962139e+06  1.83493627e+00  3.89962139e+06  1.47741653e+00 
 3.92207785e+06  1.78394586e+00  3.92207785e+06  1.47684644e+00 
 3.94466362e+06  1.73294294e+00  3.94466362e+06  1.47627361e+00 
 3.96737946e+06  1.68192740e+00  3.96737946e+06  1.47569803e+00 
 3.99022611e+06  1.63089908e+00  3.99022611e+06  1.47511969e+00 
 4.01320433e+06  1.57985786e+00  4.01320433e+06  1.47453856e+00 
 4.03631487e+06  1.52880359e+00  4.03631487e+06  1.47395465e+00 
 4.05955849e+06  1.47773614e+00  4.05955849e+06  1.47336794e+00 
 4.08293596e+06  1.42665536e+00  4.08293596e+06  1.47277840e+00 
 4.10644806e+06  1.37556111e+00  4.10644806e+06  1.47218604e+00 
 4.13009556e+06  1.32445324e+00  4.13009556e+06  1.47159084e+00 
 4.15387923e+06  1.27333161e+00  4.15387923e+06  1.47099279e+00 
 4.17779986e+06  1.22219607e+00  4.17779986e+06  1.47039186e+00 
 4.20185824e+06  1.17104647e+00  4.20185824e+06  1.46978806e+00 
 4.22605517e+06  1.11988266e+00  4.22605517e+06  1.46918137e+00 
 4.25039143e+06  1.06870449e+00  4.25039143e+06  1.46857177e+00 
 4.27486784e+06  1.01751181e+00  4.27486784e+06  1.46795925e+00 
 4.29948521e+06  9.66304452e-01  4.29948521e+06  1.46734380e+00 
 4.32424433e+06  9.15082269e-01  4.32424433e+06  1.46672541e+00 
 4.34914603e+06  8.63845101e-01  4.34914603e+06  1.46610406e+00 
 4.37419113e+06  8.12592788e-01  4.37419113e+06  1.46547975e+00 
 4.39938046e+06  7.61325169e-01  4.39938046e+06  1.46485245e+00 
 4.42471484e+06  7.10042081e-01  4.42471484e+06  1.46422216e+00 
 4.45019511e+06  6.58743359e-01  4.45019511e+06  1.46358887e+00 
 4.47582212e+06  6.07428839e-01  4.47582212e+06  1.46295256e+00 
 4.50159670e+06  5.56098351e-01  4.50159670e+06  1.46231321e+00 
 4.52751970e+06  5.04751728e-01  4.52751970e+06  1.46167083e+00 
 4.55359199e+06  4.53388798e-01  4.55359199e+06  1.46102539e+00 
 4.57981442e+06  4.02009388e-01  4.57981442e+06  1.46037688e+00 
 4.60618785e+06  3.50613325e-01  4.60618785e+06  1.45972529e+00 
 4.63271316e+06  2.99200433e-01  4.63271316e+06  1.45907061e+00 
 4.65939122e+06  2.47770535e-01  4.65939122e+06  1.45841283e+00 
 4.68622291e+06  1.96323450e-01  4.68622291e+06  1.45775193e+00 
 4.71320911e+06  1.44858999e-01  4.71320911e+06  1.45708790e+00 
 4.74035071e+06  9.33769995e-02  4.74035071e+06  1.45642074e+00 
 4.76764861e+06  4.18772664e-02  4.76764861e+06  1.45575042e+00 
 4.79510371e+06 -9.64038601e-03  4.79510371e+06  1.45507693e+00 
 4.82271692e+06 -6.11761453e-02  4.82271692e+06  1.45440027e+00 
 4.85048914e+06 -1.12730201e-01  4.85048914e+06  1.45372043e+00 
 4.87842128e+06 -1.64302744e-01  4.87842128e+06  1.45303738e+00 
 4.90651428e+06 -2.15893968e-01  4.90651428e+06  1.45235113e+00 
 4.93476906e+06 -2.67504068e-01  4.93476906e+06  1.45166165e+00 
 4.96318654e+06 -3.19133239e-01  4.96318654e+06  1.45096894e+00 
 4.99176767e+06 -3.70781681e-01  4.99176767e+06  1.45027298e+00 
 5.02051339e+06 -4.22449594e-01  5.02051339e+06  1.44957376e+00 
 5.04942464e+06 -4.74137179e-01  5.04942464e+06  1.44887128e+00 
 5.07850239e+06 -5.25844640e-01  5.07850239e+06  1.44816552e+00 
 5.10774758e+06 -5.77572184e-01  5.10774758e+06  1.44745647e+00 
 5.13716118e+06 -6.29320018e-01  5.13716118e+06  1.44674412e+00 
 5.16674416e+06 -6.81088351e-01  5.16674416e+06  1.44602846e+00 
 5.19649751e+06 -7.32877395e-01  5.19649751e+06  1.44530947e+00 
 5.22642219e+06 -7.84687364e-01  5.22642219e+06  1.44458715e+00 
 5.25651919e+06 -8.36518471e-01  5.25651919e+06  1.44386148e+00 
 5.28678951e+06 -8.88370934e-01  5.28678951e+06  1.44313246e+00 
 5.31723415e+06 -9.40244973e-01  5.31723415e+06  1.44240008e+00 
 5.34785411e+06 -9.92140809e-01  5.34785411e+06  1.44166432e+00 
 5.37865040e+06 -1.04405866e+00  5.37865040e+06  1.44092517e+00 
 5.40962403e+06 -1.09599876e+00  5.40962403e+06  1.44018263e+00 
 5.44077602e+06 -1.14796133e+00  5.44077602e+06  1.43943668e+00 
 5.47210741e+06 -1.19994660e+00  5.47210741e+06  1.43868731e+00 
 5.50361923e+06 -1.25195480e+00  5.50361923e+06  1.43793452e+00 
 5.53531250e+06 -1.30398616e+00  5.53531250e+06  1.43717829e+00 
 5.56718829e+06 -1.35604092e+00  5.56718829e+06  1.43641862e+00 
 5.59924764e+06 -1.40811932e+00  5.59924764e+06  1.43565549e+00 
 5.63149161e+06 -1.46022159e+00  5.63149161e+06  1.43488890e+00 
 5.66392126e+06 -1.51234797e+00  5.66392126e+06  1.43411883e+00 
 5.69653766e+06 -1.56449872e+00  5.69653766e+06  1.43334528e+00 
 5.72934188e+06 -1.61667406e+00  5.72934188e+06  1.43256824e+00 
 5.76233501e+06 -1.66887425e+00  5.76233501e+06  1.43178770e+00 
 5.79551814e+06 -1.72109955e+00  5.79551814e+06  1.43100366e+00 
 5.82889235e+06 -1.77335019e+00  5.82889235e+06  1.43021609e+00 
 5.86245876e+06 -1.82562644e+00  5.86245876e+06  1.42942500e+00 
 5.89621846e+06 -1.87792854e+00  5.89621846e+06  1.42863037e+00 
 5.93017257e+06 -1.93025676e+00  5.93017257e+06  1.42783221e+00 
 5.96432221e+06 -1.98261136e+00  5.96432221e+06  1.42703049e+00 
 5.99866850e+06 -2.03499259e+00  5.99866850e+06  1.42622521e+00 
 6.03321259e+06 -2.08740073e+00  6.03321259e+06  1.42541637e+00 
 6.06795560e+06 -2.13983603e+00  6.06795560e+06  1.42460396e+00 
 6.10289868e+06 -2.19229876e+00  6.10289868e+06  1.42378797e+00 
 6.13804298e+06 -2.24478921e+00  6.13804298e+06  1.42296839e+00 
 6.17338967e+06 -2.29730762e+00  6.17338967e+06  1.42214521e+00 
 6.20893990e+06 -2.34985430e+00  6.20893990e+06  1.42131844e+00 
 6.24469486e+06 -2.40242949e+00  6.24469486e+06  1.42048806e+00 
 6.28065572e+06 -2.45503350e+00  6.28065572e+06  1.41965406e+00 
 6.31682366e+06 -2.50766660e+00  6.31682366e+06  1.41881645e+00 
 6.35319988e+06 -2.56032906e+00  6.35319988e+06  1.41797521e+00 
 6.38978557e+06 -2.61302119e+00  6.38978557e+06  1.41713034e+00 
 6.42658195e+06 -2.66574325e+00  6.42658195e+06  1.41628183e+00 
 6.46359022e+06 -2.71849555e+00  6.46359022e+06  1.41542968e+00 
 6.50081162e+06 -2.77127838e+00  6.50081162e+06  1.41457389e+00 
 6.53824735e+06 -2.82409203e+00  6.53824735e+06  1.41371444e+00 
 6.57589867e+06 -2.87693679e+00  6.57589867e+06  1.41285134e+00 
 6.61376680e+06 -2.92981297e+00  6.61376680e+06  1.41198457e+00 
 6.65185300e+06 -2.98272086e+00  6.65185300e+06  1.41111414e+00 
 6.69015853e+06 -3.03566077e+00  6.69015853e+06  1.41024005e+00 
 6.72868464e+06 -3.08863300e+00  6.72868464e+06  1.40936228e+00 
 6.76743262e+06 -3.14163786e+00  6.76743262e+06  1.40848083e+00 
 6.80640372e+06 -3.19467566e+00  6.80640372e+06  1.40759570e+00 
 6.84559925e+06 -3.24774671e+00  6.84559925e+06  1.40670690e+00 
 6.88502049e+06 -3.30085132e+00  6.88502049e+06  1.40581440e+00 
 6.92466874e+06 -3.35398982e+00  6.92466874e+06  1.40491822e+00 
 6.96454531e+06 -3.40716251e+00  6.96454531e+06  1.40401836e+00 
 7.00465151e+06 -3.46036972e+00  7.00465151e+06  1.40311480e+00 
 7.04498867e+06 -3.51361177e+00  7.04498867e+06  1.40220754e+00 
 7.08555812e+06 -3.56688899e+00  7.08555812e+06  1.40129660e+00 
 7.12636119e+06 -3.62020170e+00  7.12636119e+06  1.40038196e+00 
 7.16739924e+06 -3.67355023e+00  7.16739924e+06  1.39946362e+00 
 7.20867360e+06 -3.72693491e+00  7.20867360e+06  1.39854159e+00 
 7.25018565e+06 -3.78035608e+00  7.25018565e+06  1.39761586e+00 
 7.29193675e+06 -3.83381407e+00  7.29193675e+06  1.39668643e+00 
 7.33392828e+06 -3.88730921e+00  7.33392828e+06  1.39575331e+00 
 7.37616162e+06 -3.94084186e+00  7.37616162e+06  1.39481649e+00 
 7.41863817e+06 -3.99441234e+00  7.41863817e+06  1.39387598e+00 
 7.46135932e+06 -4.04802101e+00  7.46135932e+06  1.39293178e+00 
 7.50432649e+06 -4.10166821e+00  7.50432649e+06  1.39198389e+00 
 7.54754109e+06 -4.15535428e+00  7.54754109e+06  1.39103231e+00 
 7.59100455e+06 -4.20907959e+00  7.59100455e+06  1.39007705e+00 
 7.63471830e+06 -4.26284447e+00  7.63471830e+06  1.38911810e+00 
 7.67868378e+06 -4.31664929e+00  7.67868378e+06  1.38815547e+00 
 7.72290244e+06 -4.37049440e+00  7.72290244e+06  1.38718917e+00 
 7.76737574e+06 -4.42438016e+00  7.76737574e+06  1.38621919e+00 
 7.81210514e+06 -4.47830693e+00  7.81210514e+06  1.38524555e+00 
 7.85709213e+06 -4.53227507e+00  7.85709213e+06  1.38426824e+00 
 7.90233817e+06 -4.58628495e+00  7.90233817e+06  1.38328728e+00 
 7.94784478e+06 -4.64033693e+00  7.94784478e+06  1.38230266e+00 
 7.99361343e+06 -4.69443138e+00  7.99361343e+06  1.38131440e+00 
 8.03964565e+06 -4.74856868e+00  8.03964565e+06  1.38032249e+00 
 8.08594296e+06 -4.80274919e+00  8.08594296e+06  1.37932695e+00 
 8.13250687e+06 -4.85697329e+00  8.13250687e+06  1.37832779e+00 
 8.17933893e+06 -4.91124136e+00  8.17933893e+06  1.37732501e+00 
 8.22644067e+06 -4.96555377e+00  8.22644067e+06  1.37631861e+00 
 8.27381366e+06 -5.01991090e+00  8.27381366e+06  1.37530861e+00 
 8.32145945e+06 -5.07431314e+00  8.32145945e+06  1.37429502e+00 
 8.36937961e+06 -5.12876086e+00  8.36937961e+06  1.37327784e+00 
 8.41757573e+06 -5.18325446e+00  8.41757573e+06  1.37225709e+00 
 8.46604939e+06 -5.23779431e+00  8.46604939e+06  1.37123278e+00 
 8.51480220e+06 -5.29238082e+00  8.51480220e+06  1.37020490e+00 
 8.56383575e+06 -5.34701437e+00  8.56383575e+06  1.36917349e+00 
 8.61315167e+06 -5.40169534e+00  8.61315167e+06  1.36813854e+00 
 8.66275158e+06 -5.45642415e+00  8.66275158e+06  1.36710008e+00 
 8.71263712e+06 -5.51120117e+00  8.71263712e+06  1.36605810e+00 
 8.76280993e+06 -5.56602681e+00  8.76280993e+06  1.36501263e+00 
 8.81327166e+06 -5.62090147e+00  8.81327166e+06  1.36396368e+00 
 8.86402399e+06 -5.67582554e+00  8.86402399e+06  1.36291127e+00 
 8.91506858e+06 -5.73079943e+00  8.91506858e+06  1.36185540e+00 
 8.96640711e+06 -5.78582354e+00  8.96640711e+06  1.36079609e+00 
 9.01804129e+06 -5.84089828e+00  9.01804129e+06  1.35973336e+00 
 9.06997281e+06 -5.89602405e+00  9.06997281e+06  1.35866722e+00 
 9.12220338e+06 -5.95120125e+00  9.12220338e+06  1.35759770e+00 
 9.17473473e+06 -6.00643030e+00  9.17473473e+06  1.35652480e+00 
 9.22756858e+06 -6.06171161e+00  9.22756858e+06  1.35544855e+00 
 9.28070669e+06 -6.11704558e+00  9.28070669e+06  1.35436896e+00 
 9.33415080e+06 -6.17243264e+00  9.33415080e+06  1.35328605e+00 
 9.38790267e+06 -6.22787318e+00  9.38790267e+06  1.35219985e+00 
 9.44196408e+06 -6.28336763e+00  9.44196408e+06  1.35111036e+00 
 9.49633681e+06 -6.33891641e+00  9.49633681e+06  1.35001762e+00 
 9.55102266e+06 -6.39451992e+00  9.55102266e+06  1.34892164e+00 
 9.60602341e+06 -6.45017859e+00  9.60602341e+06  1.34782245e+00 
 9.66134090e+06 -6.50589283e+00  9.66134090e+06  1.34672006e+00 
 9.71697694e+06 -6.56166307e+00  9.71697694e+06  1.34561450e+00 
 9.77293337e+06 -6.61748971e+00  9.77293337e+06  1.34450580e+00 
 9.82921202e+06 -6.67337320e+00  9.82921202e+06  1.34339397e+00 
 9.88581477e+06 -6.72931394e+00  9.88581477e+06  1.34227904e+00 
 9.94274347e+06 -6.78531235e+00  9.94274347e+06  1.34116104e+00 
 1.00000000e+07 -6.84136887e+00  1.00000000e+07  1.34003999e+00 
 1.00575862e+07 -6.89748391e+00  1.00575862e+07  1.33891593e+00 
 1.01155041e+07 -6.95365789e+00  1.01155041e+07  1.33778887e+00 
 1.01737555e+07 -7.00989125e+00  1.01737555e+07  1.33665884e+00 
 1.02323424e+07 -7.06618440e+00  1.02323424e+07  1.33552588e+00 
 1.02912666e+07 -7.12253777e+00  1.02912666e+07  1.33439000e+00 
 1.03505301e+07 -7.17895179e+00  1.03505301e+07  1.33325125e+00 
 1.04101349e+07 -7.23542688e+00  1.04101349e+07  1.33210966e+00 
 1.04700830e+07 -7.29196347e+00  1.04700830e+07  1.33096524e+00 
 1.05303763e+07 -7.34856197e+00  1.05303763e+07  1.32981804e+00 
 1.05910168e+07 -7.40522282e+00  1.05910168e+07  1.32866809e+00 
 1.06520065e+07 -7.46194645e+00  1.06520065e+07  1.32751542e+00 
 1.07133474e+07 -7.51873327e+00  1.07133474e+07  1.32636007e+00 
 1.07750415e+07 -7.57558371e+00  1.07750415e+07  1.32520206e+00 
 1.08370910e+07 -7.63249820e+00  1.08370910e+07  1.32404144e+00 
 1.08994977e+07 -7.68947716e+00  1.08994977e+07  1.32287824e+00 
 1.09622638e+07 -7.74652101e+00  1.09622638e+07  1.32171250e+00 
 1.10253914e+07 -7.80363018e+00  1.10253914e+07  1.32054425e+00 
 1.10888825e+07 -7.86080509e+00  1.10888825e+07  1.31937354e+00 
 1.11527392e+07 -7.91804616e+00  1.11527392e+07  1.31820040e+00 
 1.12169636e+07 -7.97535381e+00  1.12169636e+07  1.31702487e+00 
 1.12815579e+07 -8.03272847e+00  1.12815579e+07  1.31584699e+00 
 1.13465242e+07 -8.09017055e+00  1.13465242e+07  1.31466681e+00 
 1.14118646e+07 -8.14768046e+00  1.14118646e+07  1.31348436e+00 
 1.14775812e+07 -8.20525864e+00  1.14775812e+07  1.31229969e+00 
 1.15436763e+07 -8.26290548e+00  1.15436763e+07  1.31111284e+00 
 1.16101520e+07 -8.32062142e+00  1.16101520e+07  1.30992385e+00 
 1.16770105e+07 -8.37840685e+00  1.16770105e+07  1.30873278e+00 
 1.17442540e+07 -8.43626220e+00  1.17442540e+07  1.30753966e+00 
 1.18118848e+07 -8.49418787e+00  1.18118848e+07  1.30634455e+00 
 1.18799050e+07 -8.55218427e+00  1.18799050e+07  1.30514748e+00 
 1.19483169e+07 -8.61025180e+00  1.19483169e+07  1.30394852e+00 
 1.20171228e+07 -8.66839088e+00  1.20171228e+07  1.30274770e+00 
 1.20863249e+07 -8.72660191e+00  1.20863249e+07  1.30154507e+00 
 1.21559255e+07 -8.78488528e+00  1.21559255e+07  1.30034070e+00 
 1.22259269e+07 -8.84324140e+00  1.22259269e+07  1.29913462e+00 
 1.22963314e+07 -8.90167066e+00  1.22963314e+07  1.29792689e+00 
 1.23671414e+07 -8.96017346e+00  1.23671414e+07  1.29671756e+00 
 1.24383591e+07 -9.01875018e+00  1.24383591e+07  1.29550670e+00 
 1.25099870e+07 -9.07740122e+00  1.25099870e+07  1.29429434e+00 
 1.25820273e+07 -9.13612696e+00  1.25820273e+07  1.29308055e+00 
 1.26544825e+07 -9.19492780e+00  1.26544825e+07  1.29186538e+00 
 1.27273549e+07 -9.25380409e+00  1.27273549e+07  1.29064889e+00 
 1.28006470e+07 -9.31275624e+00  1.28006470e+07  1.28943113e+00 
 1.28743611e+07 -9.37178461e+00  1.28743611e+07  1.28821217e+00 
 1.29484997e+07 -9.43088956e+00  1.29484997e+07  1.28699207e+00 
 1.30230653e+07 -9.49007148e+00  1.30230653e+07  1.28577088e+00 
 1.30980602e+07 -9.54933072e+00  1.30980602e+07  1.28454866e+00 
 1.31734870e+07 -9.60866765e+00  1.31734870e+07  1.28332548e+00 
 1.32493482e+07 -9.66808263e+00  1.32493482e+07  1.28210141e+00 
 1.33256462e+07 -9.72757600e+00  1.33256462e+07  1.28087649e+00 
 1.34023836e+07 -9.78714812e+00  1.34023836e+07  1.27965080e+00 
 1.34795629e+07 -9.84679933e+00  1.34795629e+07  1.27842441e+00 
 1.35571867e+07 -9.90652998e+00  1.35571867e+07  1.27719737e+00 
 1.36352574e+07 -9.96634041e+00  1.36352574e+07  1.27596975e+00 
 1.37137778e+07 -1.00262309e+01  1.37137778e+07  1.27474163e+00 
 1.37927503e+07 -1.00862019e+01  1.37927503e+07  1.27351307e+00 
 1.38721775e+07 -1.01462536e+01  1.38721775e+07  1.27228414e+00 
 1.39520622e+07 -1.02063864e+01  1.39520622e+07  1.27105490e+00 
 1.40324069e+07 -1.02666006e+01  1.40324069e+07  1.26982544e+00 
 1.41132143e+07 -1.03268965e+01  1.41132143e+07  1.26859582e+00 
 1.41944870e+07 -1.03872744e+01  1.41944870e+07  1.26736611e+00 
 1.42762277e+07 -1.04477346e+01  1.42762277e+07  1.26613639e+00 
 1.43584391e+07 -1.05082774e+01  1.43584391e+07  1.26490673e+00 
 1.44411240e+07 -1.05689031e+01  1.44411240e+07  1.26367720e+00 
 1.45242850e+07 -1.06296120e+01  1.45242850e+07  1.26244789e+00 
 1.46079249e+07 -1.06904043e+01  1.46079249e+07  1.26121886e+00 
 1.46920465e+07 -1.07512803e+01  1.46920465e+07  1.25999020e+00 
 1.47766525e+07 -1.08122403e+01  1.47766525e+07  1.25876198e+00 
 1.48617457e+07 -1.08732846e+01  1.48617457e+07  1.25753428e+00 
 1.49473289e+07 -1.09344133e+01  1.49473289e+07  1.25630718e+00 
 1.50334050e+07 -1.09956268e+01  1.50334050e+07  1.25508076e+00 
 1.51199767e+07 -1.10569252e+01  1.51199767e+07  1.25385510e+00 
 1.52070470e+07 -1.11183089e+01  1.52070470e+07  1.25263028e+00 
 1.52946187e+07 -1.11797780e+01  1.52946187e+07  1.25140639e+00 
 1.53826946e+07 -1.12413328e+01  1.53826946e+07  1.25018351e+00 
 1.54712778e+07 -1.13029734e+01  1.54712778e+07  1.24896172e+00 
 1.55603711e+07 -1.13647001e+01  1.55603711e+07  1.24774111e+00 
 1.56499774e+07 -1.14265131e+01  1.56499774e+07  1.24652176e+00 
 1.57400998e+07 -1.14884126e+01  1.57400998e+07  1.24530376e+00 
 1.58307411e+07 -1.15503987e+01  1.58307411e+07  1.24408720e+00 
 1.59219044e+07 -1.16124716e+01  1.59219044e+07  1.24287216e+00 
 1.60135927e+07 -1.16746315e+01  1.60135927e+07  1.24165873e+00 
 1.61058090e+07 -1.17368785e+01  1.61058090e+07  1.24044700e+00 
 1.61985563e+07 -1.17992129e+01  1.61985563e+07  1.23923706e+00 
 1.62918377e+07 -1.18616347e+01  1.62918377e+07  1.23802900e+00 
 1.63856563e+07 -1.19241440e+01  1.63856563e+07  1.23682291e+00 
 1.64800151e+07 -1.19867411e+01  1.64800151e+07  1.23561888e+00 
 1.65749174e+07 -1.20494260e+01  1.65749174e+07  1.23441701e+00 
 1.66703661e+07 -1.21121988e+01  1.66703661e+07  1.23321739e+00 
 1.67663645e+07 -1.21750596e+01  1.67663645e+07  1.23202011e+00 
 1.68629157e+07 -1.22380086e+01  1.68629157e+07  1.23082526e+00 
 1.69600229e+07 -1.23010458e+01  1.69600229e+07  1.22963295e+00 
 1.70576893e+07 -1.23641712e+01  1.70576893e+07  1.22844326e+00 
 1.71559181e+07 -1.24273850e+01  1.71559181e+07  1.22725629e+00 
 1.72547126e+07 -1.24906871e+01  1.72547126e+07  1.22607214e+00 
 1.73540760e+07 -1.25540777e+01  1.73540760e+07  1.22489091e+00 
 1.74540117e+07 -1.26175568e+01  1.74540117e+07  1.22371268e+00 
 1.75545228e+07 -1.26811243e+01  1.75545228e+07  1.22253757e+00 
 1.76556127e+07 -1.27447804e+01  1.76556127e+07  1.22136567e+00 
 1.77572847e+07 -1.28085250e+01  1.77572847e+07  1.22019707e+00 
 1.78595423e+07 -1.28723581e+01  1.78595423e+07  1.21903188e+00 
 1.79623887e+07 -1.29362797e+01  1.79623887e+07  1.21787020e+00 
 1.80658273e+07 -1.30002897e+01  1.80658273e+07  1.21671213e+00 
 1.81698617e+07 -1.30643882e+01  1.81698617e+07  1.21555777e+00 
 1.82744951e+07 -1.31285751e+01  1.82744951e+07  1.21440722e+00 
 1.83797311e+07 -1.31928503e+01  1.83797311e+07  1.21326058e+00 
 1.84855730e+07 -1.32572137e+01  1.84855730e+07  1.21211795e+00 
 1.85920245e+07 -1.33216653e+01  1.85920245e+07  1.21097945e+00 
 1.86990890e+07 -1.33862050e+01  1.86990890e+07  1.20984516e+00 
 1.88067700e+07 -1.34508327e+01  1.88067700e+07  1.20871519e+00 
 1.89150712e+07 -1.35155483e+01  1.89150712e+07  1.20758966e+00 
 1.90239960e+07 -1.35803516e+01  1.90239960e+07  1.20646865e+00 
 1.91335480e+07 -1.36452425e+01  1.91335480e+07  1.20535228e+00 
 1.92437310e+07 -1.37102209e+01  1.92437310e+07  1.20424064e+00 
 1.93545484e+07 -1.37752866e+01  1.93545484e+07  1.20313386e+00 
 1.94660040e+07 -1.38404394e+01  1.94660040e+07  1.20203202e+00 
 1.95781014e+07 -1.39056792e+01  1.95781014e+07  1.20093523e+00 
 1.96908443e+07 -1.39710057e+01  1.96908443e+07  1.19984361e+00 
 1.98042365e+07 -1.40364188e+01  1.98042365e+07  1.19875725e+00 
 1.99182817e+07 -1.41019182e+01  1.99182817e+07  1.19767627e+00 
 2.00329836e+07 -1.41675038e+01  2.00329836e+07  1.19660076e+00 
 2.01483461e+07 -1.42331751e+01  2.01483461e+07  1.19553083e+00 
 2.02643728e+07 -1.42989321e+01  2.02643728e+07  1.19446659e+00 
 2.03810678e+07 -1.43647745e+01  2.03810678e+07  1.19340815e+00 
 2.04984347e+07 -1.44307019e+01  2.04984347e+07  1.19235562e+00 
 2.06164775e+07 -1.44967140e+01  2.06164775e+07  1.19130909e+00 
 2.07352000e+07 -1.45628107e+01  2.07352000e+07  1.19026868e+00 
 2.08546063e+07 -1.46289914e+01  2.08546063e+07  1.18923448e+00 
 2.09747001e+07 -1.46952560e+01  2.09747001e+07  1.18820662e+00 
 2.10954856e+07 -1.47616041e+01  2.10954856e+07  1.18718519e+00 
 2.12169666e+07 -1.48280353e+01  2.12169666e+07  1.18617030e+00 
 2.13391471e+07 -1.48945493e+01  2.13391471e+07  1.18516206e+00 
 2.14620313e+07 -1.49611456e+01  2.14620313e+07  1.18416057e+00 
 2.15856230e+07 -1.50278239e+01  2.15856230e+07  1.18316594e+00 
 2.17099265e+07 -1.50945838e+01  2.17099265e+07  1.18217828e+00 
 2.18349459e+07 -1.51614249e+01  2.18349459e+07  1.18119769e+00 
 2.19606851e+07 -1.52283467e+01  2.19606851e+07  1.18022427e+00 
 2.20871485e+07 -1.52953488e+01  2.20871485e+07  1.17925814e+00 
 2.22143401e+07 -1.53624307e+01  2.22143401e+07  1.17829939e+00 
 2.23422641e+07 -1.54295919e+01  2.23422641e+07  1.17734813e+00 
 2.24709249e+07 -1.54968320e+01  2.24709249e+07  1.17640447e+00 
 2.26003265e+07 -1.55641506e+01  2.26003265e+07  1.17546851e+00 
 2.27304733e+07 -1.56315469e+01  2.27304733e+07  1.17454036e+00 
 2.28613696e+07 -1.56990207e+01  2.28613696e+07  1.17362011e+00 
 2.29930196e+07 -1.57665712e+01  2.29930196e+07  1.17270787e+00 
 2.31254278e+07 -1.58341980e+01  2.31254278e+07  1.17180375e+00 
 2.32585985e+07 -1.59019005e+01  2.32585985e+07  1.17090784e+00 
 2.33925360e+07 -1.59696781e+01  2.33925360e+07  1.17002025e+00 
 2.35272449e+07 -1.60375303e+01  2.35272449e+07  1.16914108e+00 
 2.36627294e+07 -1.61054564e+01  2.36627294e+07  1.16827043e+00 
 2.37989942e+07 -1.61734558e+01  2.37989942e+07  1.16740840e+00 
 2.39360437e+07 -1.62415280e+01  2.39360437e+07  1.16655510e+00 
 2.40738824e+07 -1.63096722e+01  2.40738824e+07  1.16571061e+00 
 2.42125149e+07 -1.63778878e+01  2.42125149e+07  1.16487504e+00 
 2.43519457e+07 -1.64461741e+01  2.43519457e+07  1.16404848e+00 
 2.44921794e+07 -1.65145305e+01  2.44921794e+07  1.16323104e+00 
 2.46332206e+07 -1.65829564e+01  2.46332206e+07  1.16242282e+00 
 2.47750741e+07 -1.66514508e+01  2.47750741e+07  1.16162389e+00 
 2.49177445e+07 -1.67200133e+01  2.49177445e+07  1.16083437e+00 
 2.50612364e+07 -1.67886430e+01  2.50612364e+07  1.16005435e+00 
 2.52055547e+07 -1.68573391e+01  2.52055547e+07  1.15928392e+00 
 2.53507040e+07 -1.69261011e+01  2.53507040e+07  1.15852317e+00 
 2.54966892e+07 -1.69949280e+01  2.54966892e+07  1.15777220e+00 
 2.56435151e+07 -1.70638190e+01  2.56435151e+07  1.15703109e+00 
 2.57911865e+07 -1.71327735e+01  2.57911865e+07  1.15629994e+00 
 2.59397083e+07 -1.72017907e+01  2.59397083e+07  1.15557884e+00 
 2.60890853e+07 -1.72708696e+01  2.60890853e+07  1.15486788e+00 
 2.62393226e+07 -1.73400094e+01  2.62393226e+07  1.15416714e+00 
 2.63904250e+07 -1.74092094e+01  2.63904250e+07  1.15347671e+00 
 2.65423975e+07 -1.74784687e+01  2.65423975e+07  1.15279668e+00 
 2.66952453e+07 -1.75477864e+01  2.66952453e+07  1.15212713e+00 
 2.68489732e+07 -1.76171617e+01  2.68489732e+07  1.15146815e+00 
 2.70035863e+07 -1.76865936e+01  2.70035863e+07  1.15081981e+00 
 2.71590899e+07 -1.77560813e+01  2.71590899e+07  1.15018220e+00 
 2.73154889e+07 -1.78256238e+01  2.73154889e+07  1.14955541e+00 
 2.74727885e+07 -1.78952203e+01  2.74727885e+07  1.14893950e+00 
 2.76309940e+07 -1.79648698e+01  2.76309940e+07  1.14833457e+00 
 2.77901105e+07 -1.80345714e+01  2.77901105e+07  1.14774068e+00 
 2.79501434e+07 -1.81043241e+01  2.79501434e+07  1.14715791e+00 
 2.81110978e+07 -1.81741270e+01  2.81110978e+07  1.14658633e+00 
 2.82729790e+07 -1.82439790e+01  2.82729790e+07  1.14602603e+00 
 2.84357925e+07 -1.83138793e+01  2.84357925e+07  1.14547707e+00 
 2.85995436e+07 -1.83838268e+01  2.85995436e+07  1.14493953e+00 
 2.87642376e+07 -1.84538205e+01  2.87642376e+07  1.14441346e+00 
 2.89298801e+07 -1.85238594e+01  2.89298801e+07  1.14389895e+00 
 2.90964764e+07 -1.85939425e+01  2.90964764e+07  1.14339606e+00 
 2.92640321e+07 -1.86640687e+01  2.92640321e+07  1.14290485e+00 
 2.94325527e+07 -1.87342371e+01  2.94325527e+07  1.14242540e+00 
 2.96020437e+07 -1.88044465e+01  2.96020437e+07  1.14195775e+00 
 2.97725108e+07 -1.88746959e+01  2.97725108e+07  1.14150198e+00 
 2.99439595e+07 -1.89449842e+01  2.99439595e+07  1.14105814e+00 
 3.01163955e+07 -1.90153104e+01  3.01163955e+07  1.14062629e+00 
 3.02898246e+07 -1.90856733e+01  3.02898246e+07  1.14020650e+00 
 3.04642523e+07 -1.91560720e+01  3.04642523e+07  1.13979881e+00 
 3.06396845e+07 -1.92265052e+01  3.06396845e+07  1.13940328e+00 
 3.08161270e+07 -1.92969719e+01  3.08161270e+07  1.13901996e+00 
 3.09935855e+07 -1.93674709e+01  3.09935855e+07  1.13864891e+00 
 3.11720659e+07 -1.94380011e+01  3.11720659e+07  1.13829017e+00 
 3.13515742e+07 -1.95085614e+01  3.13515742e+07  1.13794379e+00 
 3.15321161e+07 -1.95791507e+01  3.15321161e+07  1.13760982e+00 
 3.17136977e+07 -1.96497678e+01  3.17136977e+07  1.13728830e+00 
 3.18963250e+07 -1.97204115e+01  3.18963250e+07  1.13697928e+00 
 3.20800040e+07 -1.97910807e+01  3.20800040e+07  1.13668279e+00 
 3.22647407e+07 -1.98617743e+01  3.22647407e+07  1.13639889e+00 
 3.24505413e+07 -1.99324910e+01  3.24505413e+07  1.13612760e+00 
 3.26374118e+07 -2.00032296e+01  3.26374118e+07  1.13586896e+00 
 3.28253584e+07 -2.00739890e+01  3.28253584e+07  1.13562301e+00 
 3.30143873e+07 -2.01447681e+01  3.30143873e+07  1.13538978e+00 
 3.32045048e+07 -2.02155655e+01  3.32045048e+07  1.13516930e+00 
 3.33957171e+07 -2.02863801e+01  3.33957171e+07  1.13496161e+00 
 3.35880305e+07 -2.03572108e+01  3.35880305e+07  1.13476672e+00 
 3.37814514e+07 -2.04280562e+01  3.37814514e+07  1.13458467e+00 
 3.39759861e+07 -2.04989152e+01  3.39759861e+07  1.13441548e+00 
 3.41716410e+07 -2.05697865e+01  3.41716410e+07  1.13425918e+00 
 3.43684227e+07 -2.06406690e+01  3.43684227e+07  1.13411578e+00 
 3.45663375e+07 -2.07115613e+01  3.45663375e+07  1.13398531e+00 
 3.47653921e+07 -2.07824624e+01  3.47653921e+07  1.13386777e+00 
 3.49655930e+07 -2.08533709e+01  3.49655930e+07  1.13376320e+00 
 3.51669467e+07 -2.09242856e+01  3.51669467e+07  1.13367159e+00 
 3.53694600e+07 -2.09952052e+01  3.53694600e+07  1.13359297e+00 
 3.55731394e+07 -2.10661286e+01  3.55731394e+07  1.13352734e+00 
 3.57779918e+07 -2.11370545e+01  3.57779918e+07  1.13347471e+00 
 3.59840238e+07 -2.12079816e+01  3.59840238e+07  1.13343509e+00 
 3.61912423e+07 -2.12789088e+01  3.61912423e+07  1.13340848e+00 
 3.63996541e+07 -2.13498347e+01  3.63996541e+07  1.13339489e+00 
 3.66092661e+07 -2.14207580e+01  3.66092661e+07  1.13339431e+00 
 3.68200851e+07 -2.14916777e+01  3.68200851e+07  1.13340675e+00 
 3.70321182e+07 -2.15625923e+01  3.70321182e+07  1.13343221e+00 
 3.72453723e+07 -2.16335007e+01  3.72453723e+07  1.13347067e+00 
 3.74598544e+07 -2.17044016e+01  3.74598544e+07  1.13352213e+00 
 3.76755716e+07 -2.17752938e+01  3.76755716e+07  1.13358659e+00 
 3.78925311e+07 -2.18461759e+01  3.78925311e+07  1.13366403e+00 
 3.81107400e+07 -2.19170469e+01  3.81107400e+07  1.13375444e+00 
 3.83302055e+07 -2.19879053e+01  3.83302055e+07  1.13385781e+00 
 3.85509347e+07 -2.20587500e+01  3.85509347e+07  1.13397412e+00 
 3.87729351e+07 -2.21295796e+01  3.87729351e+07  1.13410335e+00 
 3.89962139e+07 -2.22003931e+01  3.89962139e+07  1.13424549e+00 
 3.92207785e+07 -2.22711891e+01  3.92207785e+07  1.13440051e+00 
 3.94466362e+07 -2.23419664e+01  3.94466362e+07  1.13456839e+00 
 3.96737946e+07 -2.24127237e+01  3.96737946e+07  1.13474911e+00 
 3.99022611e+07 -2.24834598e+01  3.99022611e+07  1.13494264e+00 
 4.01320433e+07 -2.25541736e+01  4.01320433e+07  1.13514894e+00 
 4.03631487e+07 -2.26248636e+01  4.03631487e+07  1.13536800e+00 
 4.05955849e+07 -2.26955288e+01  4.05955849e+07  1.13559977e+00 
 4.08293596e+07 -2.27661680e+01  4.08293596e+07  1.13584423e+00 
 4.10644806e+07 -2.28367798e+01  4.10644806e+07  1.13610133e+00 
 4.13009556e+07 -2.29073631e+01  4.13009556e+07  1.13637104e+00 
 4.15387923e+07 -2.29779166e+01  4.15387923e+07  1.13665332e+00 
 4.17779986e+07 -2.30484392e+01  4.17779986e+07  1.13694813e+00 
 4.20185824e+07 -2.31189297e+01  4.20185824e+07  1.13725542e+00 
 4.22605517e+07 -2.31893869e+01  4.22605517e+07  1.13757516e+00 
 4.25039143e+07 -2.32598096e+01  4.25039143e+07  1.13790729e+00 
 4.27486784e+07 -2.33301965e+01  4.27486784e+07  1.13825176e+00 
 4.29948521e+07 -2.34005466e+01  4.29948521e+07  1.13860853e+00 
 4.32424433e+07 -2.34708587e+01  4.32424433e+07  1.13897754e+00 
 4.34914603e+07 -2.35411315e+01  4.34914603e+07  1.13935874e+00 
 4.37419113e+07 -2.36113640e+01  4.37419113e+07  1.13975208e+00 
 4.39938046e+07 -2.36815549e+01  4.39938046e+07  1.14015749e+00 
 4.42471484e+07 -2.37517033e+01  4.42471484e+07  1.14057492e+00 
 4.45019511e+07 -2.38218078e+01  4.45019511e+07  1.14100431e+00 
 4.47582212e+07 -2.38918674e+01  4.47582212e+07  1.14144560e+00 
 4.50159670e+07 -2.39618809e+01  4.50159670e+07  1.14189872e+00 
 4.52751970e+07 -2.40318474e+01  4.52751970e+07  1.14236361e+00 
 4.55359199e+07 -2.41017655e+01  4.55359199e+07  1.14284021e+00 
 4.57981442e+07 -2.41716343e+01  4.57981442e+07  1.14332843e+00 
 4.60618785e+07 -2.42414527e+01  4.60618785e+07  1.14382822e+00 
 4.63271316e+07 -2.43112196e+01  4.63271316e+07  1.14433950e+00 
 4.65939122e+07 -2.43809339e+01  4.65939122e+07  1.14486221e+00 
 4.68622291e+07 -2.44505945e+01  4.68622291e+07  1.14539625e+00 
 4.71320911e+07 -2.45202005e+01  4.71320911e+07  1.14594157e+00 
 4.74035071e+07 -2.45897507e+01  4.74035071e+07  1.14649808e+00 
 4.76764861e+07 -2.46592442e+01  4.76764861e+07  1.14706570e+00 
 4.79510371e+07 -2.47286799e+01  4.79510371e+07  1.14764435e+00 
 4.82271692e+07 -2.47980568e+01  4.82271692e+07  1.14823396e+00 
 4.85048914e+07 -2.48673739e+01  4.85048914e+07  1.14883444e+00 
 4.87842128e+07 -2.49366303e+01  4.87842128e+07  1.14944570e+00 
 4.90651428e+07 -2.50058249e+01  4.90651428e+07  1.15006766e+00 
 4.93476906e+07 -2.50749568e+01  4.93476906e+07  1.15070023e+00 
 4.96318654e+07 -2.51440250e+01  4.96318654e+07  1.15134332e+00 
 4.99176767e+07 -2.52130286e+01  4.99176767e+07  1.15199685e+00 
 5.02051339e+07 -2.52819666e+01  5.02051339e+07  1.15266073e+00 
 5.04942464e+07 -2.53508382e+01  5.04942464e+07  1.15333485e+00 
 5.07850239e+07 -2.54196424e+01  5.07850239e+07  1.15401913e+00 
 5.10774758e+07 -2.54883783e+01  5.10774758e+07  1.15471348e+00 
 5.13716118e+07 -2.55570451e+01  5.13716118e+07  1.15541780e+00 
 5.16674416e+07 -2.56256418e+01  5.16674416e+07  1.15613199e+00 
 5.19649751e+07 -2.56941676e+01  5.19649751e+07  1.15685596e+00 
 5.22642219e+07 -2.57626217e+01  5.22642219e+07  1.15758960e+00 
 5.25651919e+07 -2.58310033e+01  5.25651919e+07  1.15833282e+00 
 5.28678951e+07 -2.58993114e+01  5.28678951e+07  1.15908551e+00 
 5.31723415e+07 -2.59675453e+01  5.31723415e+07  1.15984758e+00 
 5.34785411e+07 -2.60357042e+01  5.34785411e+07  1.16061893e+00 
 5.37865040e+07 -2.61037873e+01  5.37865040e+07  1.16139944e+00 
 5.40962403e+07 -2.61717939e+01  5.40962403e+07  1.16218901e+00 
 5.44077602e+07 -2.62397231e+01  5.44077602e+07  1.16298754e+00 
 5.47210741e+07 -2.63075743e+01  5.47210741e+07  1.16379493e+00 
 5.50361923e+07 -2.63753467e+01  5.50361923e+07  1.16461106e+00 
 5.53531250e+07 -2.64430396e+01  5.53531250e+07  1.16543583e+00 
 5.56718829e+07 -2.65106523e+01  5.56718829e+07  1.16626912e+00 
 5.59924764e+07 -2.65781841e+01  5.59924764e+07  1.16711084e+00 
 5.63149161e+07 -2.66456343e+01  5.63149161e+07  1.16796087e+00 
 5.66392126e+07 -2.67130022e+01  5.66392126e+07  1.16881909e+00 
 5.69653766e+07 -2.67802873e+01  5.69653766e+07  1.16968541e+00 
 5.72934188e+07 -2.68474888e+01  5.72934188e+07  1.17055970e+00 
 5.76233501e+07 -2.69146062e+01  5.76233501e+07  1.17144185e+00 
 5.79551814e+07 -2.69816388e+01  5.79551814e+07  1.17233175e+00 
 5.82889235e+07 -2.70485861e+01  5.82889235e+07  1.17322929e+00 
 5.86245876e+07 -2.71154475e+01  5.86245876e+07  1.17413435e+00 
 5.89621846e+07 -2.71822224e+01  5.89621846e+07  1.17504682e+00 
 5.93017257e+07 -2.72489102e+01  5.93017257e+07  1.17596659e+00 
 5.96432221e+07 -2.73155105e+01  5.96432221e+07  1.17689353e+00 
 5.99866850e+07 -2.73820226e+01  5.99866850e+07  1.17782753e+00 
 6.03321259e+07 -2.74484461e+01  6.03321259e+07  1.17876847e+00 
 6.06795560e+07 -2.75147806e+01  6.06795560e+07  1.17971625e+00 
 6.10289868e+07 -2.75810254e+01  6.10289868e+07  1.18067074e+00 
 6.13804298e+07 -2.76471802e+01  6.13804298e+07  1.18163182e+00 
 6.17338967e+07 -2.77132445e+01  6.17338967e+07  1.18259937e+00 
 6.20893990e+07 -2.77792178e+01  6.20893990e+07  1.18357329e+00 
 6.24469486e+07 -2.78450998e+01  6.24469486e+07  1.18455345e+00 
 6.28065572e+07 -2.79108900e+01  6.28065572e+07  1.18553973e+00 
 6.31682366e+07 -2.79765880e+01  6.31682366e+07  1.18653201e+00 
 6.35319988e+07 -2.80421934e+01  6.35319988e+07  1.18753019e+00 
 6.38978557e+07 -2.81077059e+01  6.38978557e+07  1.18853413e+00 
 6.42658195e+07 -2.81731251e+01  6.42658195e+07  1.18954372e+00 
 6.46359022e+07 -2.82384507e+01  6.46359022e+07  1.19055884e+00 
 6.50081162e+07 -2.83036823e+01  6.50081162e+07  1.19157937e+00 
 6.53824735e+07 -2.83688197e+01  6.53824735e+07  1.19260520e+00 
 6.57589867e+07 -2.84338624e+01  6.57589867e+07  1.19363620e+00 
 6.61376680e+07 -2.84988103e+01  6.61376680e+07  1.19467226e+00 
 6.65185300e+07 -2.85636631e+01  6.65185300e+07  1.19571326e+00 
 6.69015853e+07 -2.86284205e+01  6.69015853e+07  1.19675908e+00 
 6.72868464e+07 -2.86930822e+01  6.72868464e+07  1.19780960e+00 
 6.76743262e+07 -2.87576480e+01  6.76743262e+07  1.19886471e+00 
 6.80640372e+07 -2.88221177e+01  6.80640372e+07  1.19992428e+00 
 6.84559925e+07 -2.88864912e+01  6.84559925e+07  1.20098820e+00 
 6.88502049e+07 -2.89507681e+01  6.88502049e+07  1.20205635e+00 
 6.92466874e+07 -2.90149483e+01  6.92466874e+07  1.20312862e+00 
 6.96454531e+07 -2.90790316e+01  6.96454531e+07  1.20420489e+00 
 7.00465151e+07 -2.91430179e+01  7.00465151e+07  1.20528503e+00 
 7.04498867e+07 -2.92069071e+01  7.04498867e+07  1.20636895e+00 
 7.08555812e+07 -2.92706989e+01  7.08555812e+07  1.20745651e+00 
 7.12636119e+07 -2.93343933e+01  7.12636119e+07  1.20854760e+00 
 7.16739924e+07 -2.93979902e+01  7.16739924e+07  1.20964211e+00 
 7.20867360e+07 -2.94614894e+01  7.20867360e+07  1.21073993e+00 
 7.25018565e+07 -2.95248910e+01  7.25018565e+07  1.21184094e+00 
 7.29193675e+07 -2.95881947e+01  7.29193675e+07  1.21294502e+00 
 7.33392828e+07 -2.96514006e+01  7.33392828e+07  1.21405207e+00 
 7.37616162e+07 -2.97145085e+01  7.37616162e+07  1.21516196e+00 
 7.41863817e+07 -2.97775186e+01  7.41863817e+07  1.21627459e+00 
 7.46135932e+07 -2.98404306e+01  7.46135932e+07  1.21738985e+00 
 7.50432649e+07 -2.99032447e+01  7.50432649e+07  1.21850762e+00 
 7.54754109e+07 -2.99659607e+01  7.54754109e+07  1.21962780e+00 
 7.59100455e+07 -3.00285788e+01  7.59100455e+07  1.22075026e+00 
 7.63471830e+07 -3.00910988e+01  7.63471830e+07  1.22187491e+00 
 7.67868378e+07 -3.01535210e+01  7.67868378e+07  1.22300164e+00 
 7.72290244e+07 -3.02158451e+01  7.72290244e+07  1.22413033e+00 
 7.76737574e+07 -3.02780714e+01  7.76737574e+07  1.22526088e+00 
 7.81210514e+07 -3.03401999e+01  7.81210514e+07  1.22639318e+00 
 7.85709213e+07 -3.04022306e+01  7.85709213e+07  1.22752713e+00 
 7.90233817e+07 -3.04641637e+01  7.90233817e+07  1.22866261e+00 
 7.94784478e+07 -3.05259991e+01  7.94784478e+07  1.22979953e+00 
 7.99361343e+07 -3.05877370e+01  7.99361343e+07  1.23093778e+00 
 8.03964565e+07 -3.06493775e+01  8.03964565e+07  1.23207726e+00 
 8.08594296e+07 -3.07109207e+01  8.08594296e+07  1.23321785e+00 
 8.13250687e+07 -3.07723667e+01  8.13250687e+07  1.23435947e+00 
 8.17933893e+07 -3.08337157e+01  8.17933893e+07  1.23550201e+00 
 8.22644067e+07 -3.08949678e+01  8.22644067e+07  1.23664536e+00 
 8.27381366e+07 -3.09561230e+01  8.27381366e+07  1.23778944e+00 
 8.32145945e+07 -3.10171817e+01  8.32145945e+07  1.23893413e+00 
 8.36937961e+07 -3.10781439e+01  8.36937961e+07  1.24007934e+00 
 8.41757573e+07 -3.11390098e+01  8.41757573e+07  1.24122498e+00 
 8.46604939e+07 -3.11997796e+01  8.46604939e+07  1.24237095e+00 
 8.51480220e+07 -3.12604535e+01  8.51480220e+07  1.24351714e+00 
 8.56383575e+07 -3.13210316e+01  8.56383575e+07  1.24466347e+00 
 8.61315167e+07 -3.13815142e+01  8.61315167e+07  1.24580985e+00 
 8.66275158e+07 -3.14419015e+01  8.66275158e+07  1.24695617e+00 
 8.71263712e+07 -3.15021936e+01  8.71263712e+07  1.24810234e+00 
 8.76280993e+07 -3.15623908e+01  8.76280993e+07  1.24924828e+00 
 8.81327166e+07 -3.16224933e+01  8.81327166e+07  1.25039389e+00 
 8.86402399e+07 -3.16825014e+01  8.86402399e+07  1.25153908e+00 
 8.91506858e+07 -3.17424152e+01  8.91506858e+07  1.25268377e+00 
 8.96640711e+07 -3.18022351e+01  8.96640711e+07  1.25382786e+00 
 9.01804129e+07 -3.18619612e+01  9.01804129e+07  1.25497127e+00 
 9.06997281e+07 -3.19215939e+01  9.06997281e+07  1.25611391e+00 
 9.12220338e+07 -3.19811333e+01  9.12220338e+07  1.25725570e+00 
 9.17473473e+07 -3.20405798e+01  9.17473473e+07  1.25839654e+00 
 9.22756858e+07 -3.20999336e+01  9.22756858e+07  1.25953637e+00 
 9.28070669e+07 -3.21591950e+01  9.28070669e+07  1.26067508e+00 
 9.33415080e+07 -3.22183643e+01  9.33415080e+07  1.26181261e+00 
 9.38790267e+07 -3.22774417e+01  9.38790267e+07  1.26294887e+00 
 9.44196408e+07 -3.23364276e+01  9.44196408e+07  1.26408377e+00 
 9.49633681e+07 -3.23953221e+01  9.49633681e+07  1.26521725e+00 
 9.55102266e+07 -3.24541258e+01  9.55102266e+07  1.26634922e+00 
 9.60602341e+07 -3.25128387e+01  9.60602341e+07  1.26747960e+00 
 9.66134090e+07 -3.25714612e+01  9.66134090e+07  1.26860832e+00 
 9.71697694e+07 -3.26299937e+01  9.71697694e+07  1.26973530e+00 
 9.77293337e+07 -3.26884364e+01  9.77293337e+07  1.27086046e+00 
 9.82921202e+07 -3.27467897e+01  9.82921202e+07  1.27198374e+00 
 9.88581477e+07 -3.28050539e+01  9.88581477e+07  1.27310505e+00 
 9.94274347e+07 -3.28632292e+01  9.94274347e+07  1.27422433e+00 
 1.00000000e+08 -3.29213160e+01  1.00000000e+08  1.27534151e+00 
 1.00575862e+08 -3.29793147e+01  1.00575862e+08  1.27645651e+00 
 1.01155041e+08 -3.30372256e+01  1.01155041e+08  1.27756926e+00 
 1.01737555e+08 -3.30950489e+01  1.01737555e+08  1.27867970e+00 
 1.02323424e+08 -3.31527851e+01  1.02323424e+08  1.27978776e+00 
 1.02912666e+08 -3.32104344e+01  1.02912666e+08  1.28089336e+00 
 1.03505301e+08 -3.32679972e+01  1.03505301e+08  1.28199645e+00 
 1.04101349e+08 -3.33254739e+01  1.04101349e+08  1.28309696e+00 
 1.04700830e+08 -3.33828647e+01  1.04700830e+08  1.28419482e+00 
 1.05303763e+08 -3.34401700e+01  1.05303763e+08  1.28528998e+00 
 1.05910168e+08 -3.34973901e+01  1.05910168e+08  1.28638236e+00 
 1.06520065e+08 -3.35545255e+01  1.06520065e+08  1.28747190e+00 
 1.07133474e+08 -3.36115764e+01  1.07133474e+08  1.28855855e+00 
 1.07750415e+08 -3.36685431e+01  1.07750415e+08  1.28964224e+00 
 1.08370910e+08 -3.37254261e+01  1.08370910e+08  1.29072292e+00 
 1.08994977e+08 -3.37822257e+01  1.08994977e+08  1.29180052e+00 
 1.09622638e+08 -3.38389421e+01  1.09622638e+08  1.29287499e+00 
 1.10253914e+08 -3.38955758e+01  1.10253914e+08  1.29394627e+00 
 1.10888825e+08 -3.39521272e+01  1.10888825e+08  1.29501430e+00 
 1.11527392e+08 -3.40085965e+01  1.11527392e+08  1.29607903e+00 
 1.12169636e+08 -3.40649841e+01  1.12169636e+08  1.29714041e+00 
 1.12815579e+08 -3.41212903e+01  1.12815579e+08  1.29819837e+00 
 1.13465242e+08 -3.41775155e+01  1.13465242e+08  1.29925287e+00 
 1.14118646e+08 -3.42336601e+01  1.14118646e+08  1.30030386e+00 
 1.14775812e+08 -3.42897244e+01  1.14775812e+08  1.30135128e+00 
 1.15436763e+08 -3.43457086e+01  1.15436763e+08  1.30239508e+00 
 1.16101520e+08 -3.44016133e+01  1.16101520e+08  1.30343521e+00 
 1.16770105e+08 -3.44574387e+01  1.16770105e+08  1.30447162e+00 
 1.17442540e+08 -3.45131852e+01  1.17442540e+08  1.30550426e+00 
 1.18118848e+08 -3.45688530e+01  1.18118848e+08  1.30653309e+00 
 1.18799050e+08 -3.46244426e+01  1.18799050e+08  1.30755806e+00 
 1.19483169e+08 -3.46799543e+01  1.19483169e+08  1.30857912e+00 
 1.20171228e+08 -3.47353885e+01  1.20171228e+08  1.30959622e+00 
 1.20863249e+08 -3.47907454e+01  1.20863249e+08  1.31060933e+00 
 1.21559255e+08 -3.48460254e+01  1.21559255e+08  1.31161839e+00 
 1.22259269e+08 -3.49012288e+01  1.22259269e+08  1.31262336e+00 
 1.22963314e+08 -3.49563560e+01  1.22963314e+08  1.31362420e+00 
 1.23671414e+08 -3.50114073e+01  1.23671414e+08  1.31462086e+00 
 1.24383591e+08 -3.50663830e+01  1.24383591e+08  1.31561331e+00 
 1.25099870e+08 -3.51212834e+01  1.25099870e+08  1.31660150e+00 
 1.25820273e+08 -3.51761090e+01  1.25820273e+08  1.31758540e+00 
 1.26544825e+08 -3.52308599e+01  1.26544825e+08  1.31856495e+00 
 1.27273549e+08 -3.52855366e+01  1.27273549e+08  1.31954013e+00 
 1.28006470e+08 -3.53401393e+01  1.28006470e+08  1.32051089e+00 
 1.28743611e+08 -3.53946684e+01  1.28743611e+08  1.32147719e+00 
 1.29484997e+08 -3.54491242e+01  1.29484997e+08  1.32243900e+00 
 1.30230653e+08 -3.55035069e+01  1.30230653e+08  1.32339628e+00 
 1.30980602e+08 -3.55578169e+01  1.30980602e+08  1.32434900e+00 
 1.31734870e+08 -3.56120546e+01  1.31734870e+08  1.32529711e+00 
 1.32493482e+08 -3.56662201e+01  1.32493482e+08  1.32624058e+00 
 1.33256462e+08 -3.57203138e+01  1.33256462e+08  1.32717938e+00 
 1.34023836e+08 -3.57743361e+01  1.34023836e+08  1.32811347e+00 
 1.34795629e+08 -3.58282871e+01  1.34795629e+08  1.32904282e+00 
 1.35571867e+08 -3.58821673e+01  1.35571867e+08  1.32996739e+00 
 1.36352574e+08 -3.59359768e+01  1.36352574e+08  1.33088716e+00 
 1.37137778e+08 -3.59897160e+01  1.37137778e+08  1.33180208e+00 
 1.37927503e+08 -3.60433851e+01  1.37927503e+08  1.33271213e+00 
 1.38721775e+08 -3.60969845e+01  1.38721775e+08  1.33361728e+00 
 1.39520622e+08 -3.61505144e+01  1.39520622e+08  1.33451749e+00 
 1.40324069e+08 -3.62039750e+01  1.40324069e+08  1.33541273e+00 
 1.41132143e+08 -3.62573668e+01  1.41132143e+08  1.33630298e+00 
 1.41944870e+08 -3.63106898e+01  1.41944870e+08  1.33718820e+00 
 1.42762277e+08 -3.63639445e+01  1.42762277e+08  1.33806836e+00 
 1.43584391e+08 -3.64171309e+01  1.43584391e+08  1.33894343e+00 
 1.44411240e+08 -3.64702495e+01  1.44411240e+08  1.33981340e+00 
 1.45242850e+08 -3.65233005e+01  1.45242850e+08  1.34067821e+00 
 1.46079249e+08 -3.65762841e+01  1.46079249e+08  1.34153786e+00 
 1.46920465e+08 -3.66292005e+01  1.46920465e+08  1.34239231e+00 
 1.47766525e+08 -3.66820500e+01  1.47766525e+08  1.34324154e+00 
 1.48617457e+08 -3.67348329e+01  1.48617457e+08  1.34408551e+00 
 1.49473289e+08 -3.67875493e+01  1.49473289e+08  1.34492420e+00 
 1.50334050e+08 -3.68401995e+01  1.50334050e+08  1.34575758e+00 
 1.51199767e+08 -3.68927838e+01  1.51199767e+08  1.34658564e+00 
 1.52070470e+08 -3.69453024e+01  1.52070470e+08  1.34740833e+00 
 1.52946187e+08 -3.69977554e+01  1.52946187e+08  1.34822565e+00 
 1.53826946e+08 -3.70501431e+01  1.53826946e+08  1.34903755e+00 
 1.54712778e+08 -3.71024657e+01  1.54712778e+08  1.34984403e+00 
 1.55603711e+08 -3.71547234e+01  1.55603711e+08  1.35064504e+00 
 1.56499774e+08 -3.72069165e+01  1.56499774e+08  1.35144058e+00 
 1.57400998e+08 -3.72590451e+01  1.57400998e+08  1.35223061e+00 
 1.58307411e+08 -3.73111094e+01  1.58307411e+08  1.35301510e+00 
 1.59219044e+08 -3.73631096e+01  1.59219044e+08  1.35379405e+00 
 1.60135927e+08 -3.74150459e+01  1.60135927e+08  1.35456742e+00 
 1.61058090e+08 -3.74669185e+01  1.61058090e+08  1.35533519e+00 
 1.61985563e+08 -3.75187276e+01  1.61985563e+08  1.35609733e+00 
 1.62918377e+08 -3.75704734e+01  1.62918377e+08  1.35685383e+00 
 1.63856563e+08 -3.76221559e+01  1.63856563e+08  1.35760466e+00 
 1.64800151e+08 -3.76737754e+01  1.64800151e+08  1.35834980e+00 
 1.65749174e+08 -3.77253321e+01  1.65749174e+08  1.35908922e+00 
 1.66703661e+08 -3.77768261e+01  1.66703661e+08  1.35982291e+00 
 1.67663645e+08 -3.78282575e+01  1.67663645e+08  1.36055084e+00 
 1.68629157e+08 -3.78796266e+01  1.68629157e+08  1.36127299e+00 
 1.69600229e+08 -3.79309335e+01  1.69600229e+08  1.36198934e+00 
 1.70576893e+08 -3.79821782e+01  1.70576893e+08  1.36269986e+00 
 1.71559181e+08 -3.80333610e+01  1.71559181e+08  1.36340454e+00 
 1.72547126e+08 -3.80844820e+01  1.72547126e+08  1.36410336e+00 
 1.73540760e+08 -3.81355413e+01  1.73540760e+08  1.36479628e+00 
 1.74540117e+08 -3.81865390e+01  1.74540117e+08  1.36548329e+00 
 1.75545228e+08 -3.82374753e+01  1.75545228e+08  1.36616438e+00 
 1.76556127e+08 -3.82883503e+01  1.76556127e+08  1.36683951e+00 
 1.77572847e+08 -3.83391641e+01  1.77572847e+08  1.36750867e+00 
 1.78595423e+08 -3.83899168e+01  1.78595423e+08  1.36817183e+00 
 1.79623887e+08 -3.84406085e+01  1.79623887e+08  1.36882897e+00 
 1.80658273e+08 -3.84912393e+01  1.80658273e+08  1.36948008e+00 
 1.81698617e+08 -3.85418093e+01  1.81698617e+08  1.37012513e+00 
 1.82744951e+08 -3.85923187e+01  1.82744951e+08  1.37076411e+00 
 1.83797311e+08 -3.86427674e+01  1.83797311e+08  1.37139698e+00 
 1.84855730e+08 -3.86931556e+01  1.84855730e+08  1.37202373e+00 
 1.85920245e+08 -3.87434833e+01  1.85920245e+08  1.37264433e+00 
 1.86990890e+08 -3.87937507e+01  1.86990890e+08  1.37325877e+00 
 1.88067700e+08 -3.88439578e+01  1.88067700e+08  1.37386703e+00 
 1.89150712e+08 -3.88941047e+01  1.89150712e+08  1.37446908e+00 
 1.90239960e+08 -3.89441913e+01  1.90239960e+08  1.37506490e+00 
 1.91335480e+08 -3.89942179e+01  1.91335480e+08  1.37565448e+00 
 1.92437310e+08 -3.90441845e+01  1.92437310e+08  1.37623778e+00 
 1.93545484e+08 -3.90940910e+01  1.93545484e+08  1.37681479e+00 
 1.94660040e+08 -3.91439376e+01  1.94660040e+08  1.37738549e+00 
 1.95781014e+08 -3.91937243e+01  1.95781014e+08  1.37794985e+00 
 1.96908443e+08 -3.92434511e+01  1.96908443e+08  1.37850786e+00 
 1.98042365e+08 -3.92931180e+01  1.98042365e+08  1.37905948e+00 
 1.99182817e+08 -3.93427252e+01  1.99182817e+08  1.37960471e+00 
 2.00329836e+08 -3.93922726e+01  2.00329836e+08  1.38014351e+00 
 2.01483461e+08 -3.94417602e+01  2.01483461e+08  1.38067586e+00 
 2.02643728e+08 -3.94911880e+01  2.02643728e+08  1.38120175e+00 
 2.03810678e+08 -3.95405562e+01  2.03810678e+08  1.38172115e+00 
 2.04984347e+08 -3.95898646e+01  2.04984347e+08  1.38223403e+00 
 2.06164775e+08 -3.96391133e+01  2.06164775e+08  1.38274038e+00 
 2.07352000e+08 -3.96883023e+01  2.07352000e+08  1.38324017e+00 
 2.08546063e+08 -3.97374316e+01  2.08546063e+08  1.38373338e+00 
 2.09747001e+08 -3.97865012e+01  2.09747001e+08  1.38421998e+00 
 2.10954856e+08 -3.98355111e+01  2.10954856e+08  1.38469996e+00 
 2.12169666e+08 -3.98844612e+01  2.12169666e+08  1.38517328e+00 
 2.13391471e+08 -3.99333516e+01  2.13391471e+08  1.38563992e+00 
 2.14620313e+08 -3.99821821e+01  2.14620313e+08  1.38609986e+00 
 2.15856230e+08 -4.00309529e+01  2.15856230e+08  1.38655308e+00 
 2.17099265e+08 -4.00796638e+01  2.17099265e+08  1.38699955e+00 
 2.18349459e+08 -4.01283149e+01  2.18349459e+08  1.38743925e+00 
 2.19606851e+08 -4.01769061e+01  2.19606851e+08  1.38787214e+00 
 2.20871485e+08 -4.02254373e+01  2.20871485e+08  1.38829821e+00 
 2.22143401e+08 -4.02739086e+01  2.22143401e+08  1.38871743e+00 
 2.23422641e+08 -4.03223198e+01  2.23422641e+08  1.38912978e+00 
 2.24709249e+08 -4.03706709e+01  2.24709249e+08  1.38953522e+00 
 2.26003265e+08 -4.04189619e+01  2.26003265e+08  1.38993374e+00 
 2.27304733e+08 -4.04671926e+01  2.27304733e+08  1.39032530e+00 
 2.28613696e+08 -4.05153632e+01  2.28613696e+08  1.39070988e+00 
 2.29930196e+08 -4.05634734e+01  2.29930196e+08  1.39108745e+00 
 2.31254278e+08 -4.06115232e+01  2.31254278e+08  1.39145799e+00 
 2.32585985e+08 -4.06595125e+01  2.32585985e+08  1.39182146e+00 
 2.33925360e+08 -4.07074413e+01  2.33925360e+08  1.39217784e+00 
 2.35272449e+08 -4.07553094e+01  2.35272449e+08  1.39252710e+00 
 2.36627294e+08 -4.08031169e+01  2.36627294e+08  1.39286922e+00 
 2.37989942e+08 -4.08508636e+01  2.37989942e+08  1.39320416e+00 
 2.39360437e+08 -4.08985494e+01  2.39360437e+08  1.39353189e+00 
 2.40738824e+08 -4.09461742e+01  2.40738824e+08  1.39385239e+00 
 2.42125149e+08 -4.09937379e+01  2.42125149e+08  1.39416562e+00 
 2.43519457e+08 -4.10412405e+01  2.43519457e+08  1.39447156e+00 
 2.44921794e+08 -4.10886819e+01  2.44921794e+08  1.39477017e+00 
 2.46332206e+08 -4.11360618e+01  2.46332206e+08  1.39506143e+00 
 2.47750741e+08 -4.11833803e+01  2.47750741e+08  1.39534530e+00 
 2.49177445e+08 -4.12306372e+01  2.49177445e+08  1.39562175e+00 
 2.50612364e+08 -4.12778323e+01  2.50612364e+08  1.39589075e+00 
 2.52055547e+08 -4.13249657e+01  2.52055547e+08  1.39615227e+00 
 2.53507040e+08 -4.13720371e+01  2.53507040e+08  1.39640628e+00 
 2.54966892e+08 -4.14190464e+01  2.54966892e+08  1.39665273e+00 
 2.56435151e+08 -4.14659936e+01  2.56435151e+08  1.39689161e+00 
 2.57911865e+08 -4.15128784e+01  2.57911865e+08  1.39712287e+00 
 2.59397083e+08 -4.15597008e+01  2.59397083e+08  1.39734649e+00 
 2.60890853e+08 -4.16064607e+01  2.60890853e+08  1.39756242e+00 
 2.62393226e+08 -4.16531578e+01  2.62393226e+08  1.39777063e+00 
 2.63904250e+08 -4.16997920e+01  2.63904250e+08  1.39797109e+00 
 2.65423975e+08 -4.17463633e+01  2.65423975e+08  1.39816376e+00 
 2.66952453e+08 -4.17928714e+01  2.66952453e+08  1.39834862e+00 
 2.68489732e+08 -4.18393162e+01  2.68489732e+08  1.39852561e+00 
 2.70035863e+08 -4.18856976e+01  2.70035863e+08  1.39869470e+00 
 2.71590899e+08 -4.19320155e+01  2.71590899e+08  1.39885586e+00 
 2.73154889e+08 -4.19782695e+01  2.73154889e+08  1.39900905e+00 
 2.74727885e+08 -4.20244597e+01  2.74727885e+08  1.39915423e+00 
 2.76309940e+08 -4.20705859e+01  2.76309940e+08  1.39929137e+00 
 2.77901105e+08 -4.21166479e+01  2.77901105e+08  1.39942042e+00 
 2.79501434e+08 -4.21626454e+01  2.79501434e+08  1.39954135e+00 
 2.81110978e+08 -4.22085785e+01  2.81110978e+08  1.39965411e+00 
 2.82729790e+08 -4.22544469e+01  2.82729790e+08  1.39975867e+00 
 2.84357925e+08 -4.23002504e+01  2.84357925e+08  1.39985499e+00 
 2.85995436e+08 -4.23459889e+01  2.85995436e+08  1.39994303e+00 
 2.87642376e+08 -4.23916621e+01  2.87642376e+08  1.40002274e+00 
 2.89298801e+08 -4.24372701e+01  2.89298801e+08  1.40009408e+00 
 2.90964764e+08 -4.24828124e+01  2.90964764e+08  1.40015701e+00 
 2.92640321e+08 -4.25282891e+01  2.92640321e+08  1.40021150e+00 
 2.94325527e+08 -4.25736998e+01  2.94325527e+08  1.40025749e+00 
 2.96020437e+08 -4.26190445e+01  2.96020437e+08  1.40029495e+00 
 2.97725108e+08 -4.26643229e+01  2.97725108e+08  1.40032383e+00 
 2.99439595e+08 -4.27095349e+01  2.99439595e+08  1.40034409e+00 
 3.01163955e+08 -4.27546803e+01  3.01163955e+08  1.40035568e+00 
 3.02898246e+08 -4.27997588e+01  3.02898246e+08  1.40035856e+00 
 3.04642523e+08 -4.28447704e+01  3.04642523e+08  1.40035268e+00 
 3.06396845e+08 -4.28897148e+01  3.06396845e+08  1.40033800e+00 
 3.08161270e+08 -4.29345919e+01  3.08161270e+08  1.40031447e+00 
 3.09935855e+08 -4.29794014e+01  3.09935855e+08  1.40028205e+00 
 3.11720659e+08 -4.30241431e+01  3.11720659e+08  1.40024069e+00 
 3.13515742e+08 -4.30688170e+01  3.13515742e+08  1.40019035e+00 
 3.15321161e+08 -4.31134227e+01  3.15321161e+08  1.40013096e+00 
 3.17136977e+08 -4.31579601e+01  3.17136977e+08  1.40006250e+00 
 3.18963250e+08 -4.32024290e+01  3.18963250e+08  1.39998490e+00 
 3.20800040e+08 -4.32468292e+01  3.20800040e+08  1.39989813e+00 
 3.22647407e+08 -4.32911606e+01  3.22647407e+08  1.39980212e+00 
 3.24505413e+08 -4.33354228e+01  3.24505413e+08  1.39969684e+00 
 3.26374118e+08 -4.33796158e+01  3.26374118e+08  1.39958224e+00 
 3.28253584e+08 -4.34237393e+01  3.28253584e+08  1.39945825e+00 
 3.30143873e+08 -4.34677931e+01  3.30143873e+08  1.39932484e+00 
 3.32045048e+08 -4.35117771e+01  3.32045048e+08  1.39918195e+00 
 3.33957171e+08 -4.35556910e+01  3.33957171e+08  1.39902953e+00 
 3.35880305e+08 -4.35995347e+01  3.35880305e+08  1.39886753e+00 
 3.37814514e+08 -4.36433079e+01  3.37814514e+08  1.39869590e+00 
 3.39759861e+08 -4.36870105e+01  3.39759861e+08  1.39851458e+00 
 3.41716410e+08 -4.37306422e+01  3.41716410e+08  1.39832353e+00 
 3.43684227e+08 -4.37742029e+01  3.43684227e+08  1.39812268e+00 
 3.45663375e+08 -4.38176924e+01  3.45663375e+08  1.39791199e+00 
 3.47653921e+08 -4.38611104e+01  3.47653921e+08  1.39769141e+00 
 3.49655930e+08 -4.39044568e+01  3.49655930e+08  1.39746087e+00 
 3.51669467e+08 -4.39477314e+01  3.51669467e+08  1.39722033e+00 
 3.53694600e+08 -4.39909340e+01  3.53694600e+08  1.39696973e+00 
 3.55731394e+08 -4.40340644e+01  3.55731394e+08  1.39670901e+00 
 3.57779918e+08 -4.40771224e+01  3.57779918e+08  1.39643813e+00 
 3.59840238e+08 -4.41201078e+01  3.59840238e+08  1.39615702e+00 
 3.61912423e+08 -4.41630204e+01  3.61912423e+08  1.39586563e+00 
 3.63996541e+08 -4.42058600e+01  3.63996541e+08  1.39556391e+00 
 3.66092661e+08 -4.42486265e+01  3.66092661e+08  1.39525179e+00 
 3.68200851e+08 -4.42913196e+01  3.68200851e+08  1.39492922e+00 
 3.70321182e+08 -4.43339392e+01  3.70321182e+08  1.39459615e+00 
 3.72453723e+08 -4.43764850e+01  3.72453723e+08  1.39425252e+00 
 3.74598544e+08 -4.44189569e+01  3.74598544e+08  1.39389827e+00 
 3.76755716e+08 -4.44613547e+01  3.76755716e+08  1.39353334e+00 
 3.78925311e+08 -4.45036782e+01  3.78925311e+08  1.39315767e+00 
 3.81107400e+08 -4.45459273e+01  3.81107400e+08  1.39277122e+00 
 3.83302055e+08 -4.45881017e+01  3.83302055e+08  1.39237391e+00 
 3.85509347e+08 -4.46302012e+01  3.85509347e+08  1.39196570e+00 
 3.87729351e+08 -4.46722257e+01  3.87729351e+08  1.39154652e+00 
 3.89962139e+08 -4.47141750e+01  3.89962139e+08  1.39111632e+00 
 3.92207785e+08 -4.47560490e+01  3.92207785e+08  1.39067503e+00 
 3.94466362e+08 -4.47978474e+01  3.94466362e+08  1.39022261e+00 
 3.96737946e+08 -4.48395700e+01  3.96737946e+08  1.38975898e+00 
 3.99022611e+08 -4.48812168e+01  3.99022611e+08  1.38928409e+00 
 4.01320433e+08 -4.49227875e+01  4.01320433e+08  1.38879788e+00 
 4.03631487e+08 -4.49642820e+01  4.03631487e+08  1.38830029e+00 
 4.05955849e+08 -4.50057000e+01  4.05955849e+08  1.38779127e+00 
 4.08293596e+08 -4.50470415e+01  4.08293596e+08  1.38727075e+00 
 4.10644806e+08 -4.50883062e+01  4.10644806e+08  1.38673868e+00 
 4.13009556e+08 -4.51294941e+01  4.13009556e+08  1.38619498e+00 
 4.15387923e+08 -4.51706048e+01  4.15387923e+08  1.38563962e+00 
 4.17779986e+08 -4.52116384e+01  4.17779986e+08  1.38507252e+00 
 4.20185824e+08 -4.52525946e+01  4.20185824e+08  1.38449362e+00 
 4.22605517e+08 -4.52934732e+01  4.22605517e+08  1.38390288e+00 
 4.25039143e+08 -4.53342742e+01  4.25039143e+08  1.38330022e+00 
 4.27486784e+08 -4.53749973e+01  4.27486784e+08  1.38268559e+00 
 4.29948521e+08 -4.54156424e+01  4.29948521e+08  1.38205892e+00 
 4.32424433e+08 -4.54562094e+01  4.32424433e+08  1.38142017e+00 
 4.34914603e+08 -4.54966981e+01  4.34914603e+08  1.38076926e+00 
 4.37419113e+08 -4.55371084e+01  4.37419113e+08  1.38010615e+00 
 4.39938046e+08 -4.55774402e+01  4.39938046e+08  1.37943077e+00 
 4.42471484e+08 -4.56176932e+01  4.42471484e+08  1.37874306e+00 
 4.45019511e+08 -4.56578674e+01  4.45019511e+08  1.37804297e+00 
 4.47582212e+08 -4.56979627e+01  4.47582212e+08  1.37733043e+00 
 4.50159670e+08 -4.57379788e+01  4.50159670e+08  1.37660539e+00 
 4.52751970e+08 -4.57779157e+01  4.52751970e+08  1.37586779e+00 
 4.55359199e+08 -4.58177733e+01  4.55359199e+08  1.37511757e+00 
 4.57981442e+08 -4.58575514e+01  4.57981442e+08  1.37435467e+00 
 4.60618785e+08 -4.58972498e+01  4.60618785e+08  1.37357904e+00 
 4.63271316e+08 -4.59368686e+01  4.63271316e+08  1.37279062e+00 
 4.65939122e+08 -4.59764075e+01  4.65939122e+08  1.37198935e+00 
 4.68622291e+08 -4.60158664e+01  4.68622291e+08  1.37117517e+00 
 4.71320911e+08 -4.60552453e+01  4.71320911e+08  1.37034803e+00 
 4.74035071e+08 -4.60945440e+01  4.74035071e+08  1.36950788e+00 
 4.76764861e+08 -4.61337625e+01  4.76764861e+08  1.36865465e+00 
 4.79510371e+08 -4.61729005e+01  4.79510371e+08  1.36778829e+00 
 4.82271692e+08 -4.62119580e+01  4.82271692e+08  1.36690875e+00 
 4.85048914e+08 -4.62509350e+01  4.85048914e+08  1.36601597e+00 
 4.87842128e+08 -4.62898312e+01  4.87842128e+08  1.36510990e+00 
 4.90651428e+08 -4.63286467e+01  4.90651428e+08  1.36419048e+00 
 4.93476906e+08 -4.63673812e+01  4.93476906e+08  1.36325766e+00 
 4.96318654e+08 -4.64060348e+01  4.96318654e+08  1.36231139e+00 
 4.99176767e+08 -4.64446073e+01  4.99176767e+08  1.36135161e+00 
 5.02051339e+08 -4.64830987e+01  5.02051339e+08  1.36037828e+00 
 5.04942464e+08 -4.65215088e+01  5.04942464e+08  1.35939133e+00 
 5.07850239e+08 -4.65598376e+01  5.07850239e+08  1.35839073e+00 
 5.10774758e+08 -4.65980850e+01  5.10774758e+08  1.35737642e+00 
 5.13716118e+08 -4.66362510e+01  5.13716118e+08  1.35634835e+00 
 5.16674416e+08 -4.66743353e+01  5.16674416e+08  1.35530647e+00 
 5.19649751e+08 -4.67123381e+01  5.19649751e+08  1.35425073e+00 
 5.22642219e+08 -4.67502591e+01  5.22642219e+08  1.35318109e+00 
 5.25651919e+08 -4.67880984e+01  5.25651919e+08  1.35209750e+00 
 5.28678951e+08 -4.68258558e+01  5.28678951e+08  1.35099991e+00 
 5.31723415e+08 -4.68635314e+01  5.31723415e+08  1.34988827e+00 
 5.34785411e+08 -4.69011249e+01  5.34785411e+08  1.34876254e+00 
 5.37865040e+08 -4.69386365e+01  5.37865040e+08  1.34762268e+00 
 5.40962403e+08 -4.69760659e+01  5.40962403e+08  1.34646865e+00 
 5.44077602e+08 -4.70134132e+01  5.44077602e+08  1.34530039e+00 
 5.47210741e+08 -4.70506783e+01  5.47210741e+08  1.34411786e+00 
 5.50361923e+08 -4.70878612e+01  5.50361923e+08  1.34292104e+00 
 5.53531250e+08 -4.71249617e+01  5.53531250e+08  1.34170987e+00 
 5.56718829e+08 -4.71619799e+01  5.56718829e+08  1.34048431e+00 
 5.59924764e+08 -4.71989157e+01  5.59924764e+08  1.33924433e+00 
 5.63149161e+08 -4.72357690e+01  5.63149161e+08  1.33798989e+00 
 5.66392126e+08 -4.72725398e+01  5.66392126e+08  1.33672095e+00 
 5.69653766e+08 -4.73092281e+01  5.69653766e+08  1.33543747e+00 
 5.72934188e+08 -4.73458338e+01  5.72934188e+08  1.33413943e+00 
 5.76233501e+08 -4.73823569e+01  5.76233501e+08  1.33282678e+00 
 5.79551814e+08 -4.74187972e+01  5.79551814e+08  1.33149949e+00 
 5.82889235e+08 -4.74551549e+01  5.82889235e+08  1.33015753e+00 
 5.86245876e+08 -4.74914299e+01  5.86245876e+08  1.32880087e+00 
 5.89621846e+08 -4.75276220e+01  5.89621846e+08  1.32742948e+00 
 5.93017257e+08 -4.75637314e+01  5.93017257e+08  1.32604332e+00 
 5.96432221e+08 -4.75997579e+01  5.96432221e+08  1.32464238e+00 
 5.99866850e+08 -4.76357015e+01  5.99866850e+08  1.32322661e+00 
 6.03321259e+08 -4.76715621e+01  6.03321259e+08  1.32179601e+00 
 6.06795560e+08 -4.77073399e+01  6.06795560e+08  1.32035053e+00 
 6.10289868e+08 -4.77430346e+01  6.10289868e+08  1.31889016e+00 
 6.13804298e+08 -4.77786463e+01  6.13804298e+08  1.31741488e+00 
 6.17338967e+08 -4.78141750e+01  6.17338967e+08  1.31592466e+00 
 6.20893990e+08 -4.78496206e+01  6.20893990e+08  1.31441948e+00 
 6.24469486e+08 -4.78849831e+01  6.24469486e+08  1.31289932e+00 
 6.28065572e+08 -4.79202625e+01  6.28065572e+08  1.31136417e+00 
 6.31682366e+08 -4.79554587e+01  6.31682366e+08  1.30981400e+00 
 6.35319988e+08 -4.79905717e+01  6.35319988e+08  1.30824881e+00 
 6.38978557e+08 -4.80256015e+01  6.38978557e+08  1.30666857e+00 
 6.42658195e+08 -4.80605481e+01  6.42658195e+08  1.30507328e+00 
 6.46359022e+08 -4.80954113e+01  6.46359022e+08  1.30346291e+00 
 6.50081162e+08 -4.81301913e+01  6.50081162e+08  1.30183747e+00 
 6.53824735e+08 -4.81648879e+01  6.53824735e+08  1.30019694e+00 
 6.57589867e+08 -4.81995011e+01  6.57589867e+08  1.29854131e+00 
 6.61376680e+08 -4.82340310e+01  6.61376680e+08  1.29687058e+00 
 6.65185300e+08 -4.82684774e+01  6.65185300e+08  1.29518473e+00 
 6.69015853e+08 -4.83028404e+01  6.69015853e+08  1.29348378e+00 
 6.72868464e+08 -4.83371198e+01  6.72868464e+08  1.29176770e+00 
 6.76743262e+08 -4.83713158e+01  6.76743262e+08  1.29003651e+00 
 6.80640372e+08 -4.84054282e+01  6.80640372e+08  1.28829020e+00 
 6.84559925e+08 -4.84394570e+01  6.84559925e+08  1.28652877e+00 
 6.88502049e+08 -4.84734021e+01  6.88502049e+08  1.28475222e+00 
 6.92466874e+08 -4.85072636e+01  6.92466874e+08  1.28296056e+00 
 6.96454531e+08 -4.85410414e+01  6.96454531e+08  1.28115380e+00 
 7.00465151e+08 -4.85747355e+01  7.00465151e+08  1.27933194e+00 
 7.04498867e+08 -4.86083458e+01  7.04498867e+08  1.27749499e+00 
 7.08555812e+08 -4.86418722e+01  7.08555812e+08  1.27564296e+00 
 7.12636119e+08 -4.86753148e+01  7.12636119e+08  1.27377585e+00 
 7.16739924e+08 -4.87086735e+01  7.16739924e+08  1.27189369e+00 
 7.20867360e+08 -4.87419482e+01  7.20867360e+08  1.26999649e+00 
 7.25018565e+08 -4.87751389e+01  7.25018565e+08  1.26808426e+00 
 7.29193675e+08 -4.88082455e+01  7.29193675e+08  1.26615701e+00 
 7.33392828e+08 -4.88412681e+01  7.33392828e+08  1.26421478e+00 
 7.37616162e+08 -4.88742064e+01  7.37616162e+08  1.26225757e+00 
 7.41863817e+08 -4.89070606e+01  7.41863817e+08  1.26028541e+00 
 7.46135932e+08 -4.89398305e+01  7.46135932e+08  1.25829832e+00 
 7.50432649e+08 -4.89725160e+01  7.50432649e+08  1.25629633e+00 
 7.54754109e+08 -4.90051172e+01  7.54754109e+08  1.25427946e+00 
 7.59100455e+08 -4.90376338e+01  7.59100455e+08  1.25224774e+00 
 7.63471830e+08 -4.90700660e+01  7.63471830e+08  1.25020119e+00 
 7.67868378e+08 -4.91024135e+01  7.67868378e+08  1.24813986e+00 
 7.72290244e+08 -4.91346764e+01  7.72290244e+08  1.24606377e+00 
 7.76737574e+08 -4.91668545e+01  7.76737574e+08  1.24397295e+00 
 7.81210514e+08 -4.91989478e+01  7.81210514e+08  1.24186744e+00 
 7.85709213e+08 -4.92309562e+01  7.85709213e+08  1.23974727e+00 
 7.90233817e+08 -4.92628796e+01  7.90233817e+08  1.23761249e+00 
 7.94784478e+08 -4.92947180e+01  7.94784478e+08  1.23546314e+00 
 7.99361343e+08 -4.93264712e+01  7.99361343e+08  1.23329925e+00 
 8.03964565e+08 -4.93581391e+01  8.03964565e+08  1.23112086e+00 
 8.08594296e+08 -4.93897217e+01  8.08594296e+08  1.22892803e+00 
 8.13250687e+08 -4.94212188e+01  8.13250687e+08  1.22672079e+00 
 8.17933893e+08 -4.94526304e+01  8.17933893e+08  1.22449920e+00 
 8.22644067e+08 -4.94839564e+01  8.22644067e+08  1.22226331e+00 
 8.27381366e+08 -4.95151966e+01  8.27381366e+08  1.22001315e+00 
 8.32145945e+08 -4.95463509e+01  8.32145945e+08  1.21774879e+00 
 8.36937961e+08 -4.95774193e+01  8.36937961e+08  1.21547028e+00 
 8.41757573e+08 -4.96084016e+01  8.41757573e+08  1.21317768e+00 
 8.46604939e+08 -4.96392977e+01  8.46604939e+08  1.21087103e+00 
 8.51480220e+08 -4.96701074e+01  8.51480220e+08  1.20855041e+00 
 8.56383575e+08 -4.97008307e+01  8.56383575e+08  1.20621586e+00 
 8.61315167e+08 -4.97314674e+01  8.61315167e+08  1.20386744e+00 
 8.66275158e+08 -4.97620174e+01  8.66275158e+08  1.20150523e+00 
 8.71263712e+08 -4.97924806e+01  8.71263712e+08  1.19912929e+00 
 8.76280993e+08 -4.98228568e+01  8.76280993e+08  1.19673967e+00 
 8.81327166e+08 -4.98531458e+01  8.81327166e+08  1.19433645e+00 
 8.86402399e+08 -4.98833476e+01  8.86402399e+08  1.19191970e+00 
 8.91506858e+08 -4.99134619e+01  8.91506858e+08  1.18948948e+00 
 8.96640711e+08 -4.99434887e+01  8.96640711e+08  1.18704586e+00 
 9.01804129e+08 -4.99734278e+01  9.01804129e+08  1.18458893e+00 
 9.06997281e+08 -5.00032789e+01  9.06997281e+08  1.18211875e+00 
 9.12220338e+08 -5.00330421e+01  9.12220338e+08  1.17963540e+00 
 9.17473473e+08 -5.00627170e+01  9.17473473e+08  1.17713895e+00 
 9.22756858e+08 -5.00923035e+01  9.22756858e+08  1.17462949e+00 
 9.28070669e+08 -5.01218015e+01  9.28070669e+08  1.17210709e+00 
 9.33415080e+08 -5.01512107e+01  9.33415080e+08  1.16957183e+00 
 9.38790267e+08 -5.01805311e+01  9.38790267e+08  1.16702381e+00 
 9.44196408e+08 -5.02097624e+01  9.44196408e+08  1.16446309e+00 
 9.49633681e+08 -5.02389044e+01  9.49633681e+08  1.16188978e+00 
 9.55102266e+08 -5.02679570e+01  9.55102266e+08  1.15930394e+00 
 9.60602341e+08 -5.02969199e+01  9.60602341e+08  1.15670568e+00 
 9.66134090e+08 -5.03257930e+01  9.66134090e+08  1.15409508e+00 
 9.71697694e+08 -5.03545760e+01  9.71697694e+08  1.15147223e+00 
 9.77293337e+08 -5.03832689e+01  9.77293337e+08  1.14883722e+00 
 9.82921202e+08 -5.04118713e+01  9.82921202e+08  1.14619015e+00 
 9.88581477e+08 -5.04403830e+01  9.88581477e+08  1.14353111e+00 
 9.94274347e+08 -5.04688039e+01  9.94274347e+08  1.14086020e+00 
 1.00000000e+09 -5.04971338e+01  1.00000000e+09  1.13817752e+00 
